{"type":"FeatureCollection","name":"Amenaza_Socavacion","crs":{"type":"name","properties":{"name":"urn:ogc:def:crs:OGC:1.3:CRS84"}},"features":[{"type":"Feature","id":0,"geometry":{"type":"Polygon","coordinates":[[[-74.66828,5.48672],[-74.6683,5.48671],[-74.66815,5.48548],[-74.66837,5.48487],[-74.6687,5.48435],[-74.66869,5.48429],[-74.67058,5.48313],[-74.67093,5.4837],[-74.67093,5.48422],[-74.67099,5.48449],[-74.67102,5.4846],[-74.67118,5.48495],[-74.67073,5.48498],[-74.67072,5.48505],[-74.67089,5.48556],[-74.67125,5.48553],[-74.67151,5.48581],[-74.67156,5.48601],[-74.67157,5.48605],[-74.67166,5.48635],[-74.67174,5.48634],[-74.67174,5.48651],[-74.67175,5.48675],[-74.67175,5.48699],[-74.67175,5.48724],[-74.67175,5.48748],[-74.67175,5.48772],[-74.67176,5.48796],[-74.67176,5.48805],[-74.67176,5.4883],[-74.67267,5.4883],[-74.67315,5.48796],[-74.67446,5.48739],[-74.67477,5.48743],[-74.6755,5.48706],[-74.67469,5.48645],[-74.67424,5.48606],[-74.67391,5.48553],[-74.67465,5.48531],[-74.67596,5.48486],[-74.67565,5.48459],[-74.67552,5.48453],[-74.67545,5.48448],[-74.67523,5.48429],[-74.67517,5.48417],[-74.67508,5.48404],[-74.675,5.48391],[-74.6751,5.48352],[-74.67522,5.48325],[-74.67532,5.48313],[-74.67541,5.48308],[-74.67557,5.48301],[-74.67588,5.48289],[-74.67619,5.48275],[-74.67623,5.48272],[-74.67651,5.48264],[-74.67668,5.48256],[-74.67674,5.48252],[-74.6769,5.48242],[-74.67705,5.48229],[-74.67716,5.48212],[-74.67725,5.48203],[-74.6774,5.48181],[-74.67745,5.48167],[-74.67758,5.48152],[-74.67761,5.48142],[-74.67767,5.48135],[-74.67777,5.48115],[-74.67791,5.48092],[-74.67806,5.48086],[-74.67813,5.48081],[-74.67822,5.4808],[-74.67846,5.48075],[-74.67854,5.48073],[-74.67865,5.4807],[-74.67877,5.48068],[-74.67891,5.48065],[-74.6791,5.48062],[-74.67927,5.48056],[-74.68037,5.48102],[-74.68032,5.48203],[-74.68098,5.48203],[-74.68099,5.48089],[-74.68002,5.48043],[-74.68005,5.4804],[-74.68015,5.48031],[-74.68029,5.48019],[-74.68039,5.48001],[-74.6804,5.47989],[-74.6804,5.4798],[-74.68039,5.47968],[-74.68036,5.47955],[-74.68031,5.47948],[-74.68027,5.47943],[-74.68023,5.47936],[-74.68021,5.4793],[-74.68015,5.47924],[-74.68012,5.4792],[-74.68006,5.47913],[-74.67997,5.47904],[-74.67988,5.47896],[-74.67977,5.47888],[-74.67969,5.4788],[-74.67964,5.47875],[-74.6796,5.47863],[-74.67953,5.47852],[-74.67952,5.47841],[-74.67953,5.47836],[-74.67954,5.47832],[-74.67956,5.47826],[-74.67961,5.47822],[-74.67969,5.47816],[-74.67976,5.47816],[-74.67979,5.47817],[-74.67988,5.47818],[-74.67996,5.47819],[-74.68003,5.4782],[-74.68004,5.4782],[-74.68004,5.4782],[-74.68004,5.4782],[-74.68025,5.47825],[-74.68047,5.47829],[-74.6805,5.4783],[-74.68066,5.47837],[-74.68073,5.4784],[-74.6809,5.47852],[-74.68103,5.47855],[-74.68118,5.47848],[-74.68132,5.47868],[-74.68149,5.47872],[-74.68154,5.47874],[-74.68163,5.47879],[-74.68175,5.47886],[-74.68184,5.47889],[-74.68188,5.47882],[-74.68215,5.47826],[-74.68215,5.47445],[-74.68157,5.47363],[-74.68102,5.47404],[-74.68046,5.47316],[-74.67955,5.47375],[-74.6789,5.47271],[-74.67792,5.47333],[-74.67766,5.47284],[-74.67784,5.47219],[-74.67737,5.47163],[-74.67239,5.47526],[-74.67169,5.47452],[-74.67272,5.47391],[-74.6728,5.47376],[-74.67275,5.47354],[-74.67241,5.47318],[-74.67265,5.47293],[-74.6723,5.47228],[-74.67199,5.47271],[-74.67156,5.47052],[-74.67011,5.46843],[-74.66812,5.46855],[-74.6676,5.46343],[-74.66778,5.46295],[-74.66934,5.46084],[-74.66999,5.4596],[-74.67024,5.45936],[-74.67034,5.45927],[-74.67068,5.45908],[-74.67099,5.45934],[-74.67145,5.45964],[-74.67196,5.46001],[-74.67237,5.45923],[-74.67147,5.45874],[-74.67196,5.45835],[-74.67274,5.45777],[-74.67325,5.45739],[-74.67358,5.45714],[-74.674,5.45671],[-74.67413,5.4564],[-74.67421,5.45602],[-74.67426,5.45555],[-74.67437,5.45487],[-74.67442,5.4546],[-74.67441,5.45416],[-74.67434,5.45377],[-74.67385,5.45228],[-74.67392,5.45227],[-74.67562,5.45234],[-74.67562,5.45234],[-74.67563,5.45227],[-74.67563,5.45219],[-74.67565,5.4521],[-74.67566,5.45203],[-74.67567,5.45197],[-74.67567,5.4519],[-74.67567,5.45182],[-74.67567,5.45182],[-74.67561,5.45174],[-74.67559,5.45158],[-74.67551,5.45143],[-74.67544,5.45131],[-74.67537,5.45121],[-74.67528,5.45108],[-74.67517,5.45099],[-74.67506,5.45092],[-74.67495,5.45088],[-74.67482,5.45087],[-74.67467,5.45085],[-74.67453,5.45084],[-74.67422,5.4508],[-74.67396,5.45077],[-74.67372,5.45075],[-74.67357,5.45073],[-74.67348,5.45075],[-74.67339,5.45079],[-74.67247,5.44806],[-74.67402,5.44795],[-74.67397,5.44723],[-74.67415,5.44722],[-74.67419,5.44709],[-74.67447,5.44641],[-74.67461,5.44634],[-74.6746,5.44593],[-74.6747,5.44586],[-74.67479,5.44582],[-74.675,5.44573],[-74.67517,5.44566],[-74.6754,5.44557],[-74.6757,5.44544],[-74.67584,5.44536],[-74.67609,5.4452],[-74.67638,5.44501],[-74.67652,5.44488],[-74.67665,5.44475],[-74.67686,5.44453],[-74.677,5.4444],[-74.67717,5.44424],[-74.6773,5.44412],[-74.67741,5.44399],[-74.67748,5.44387],[-74.67755,5.44373],[-74.67763,5.44358],[-74.6778,5.44328],[-74.67791,5.44306],[-74.67802,5.44275],[-74.67817,5.44232],[-74.67828,5.44205],[-74.67835,5.44185],[-74.67839,5.44176],[-74.67834,5.44173],[-74.6781,5.44156],[-74.67796,5.4413],[-74.67787,5.44099],[-74.67793,5.44054],[-74.67794,5.44045],[-74.67794,5.44043],[-74.67791,5.44033],[-74.67791,5.44031],[-74.6779,5.44028],[-74.6779,5.44026],[-74.67789,5.44025],[-74.6779,5.44022],[-74.6779,5.4402],[-74.67791,5.44017],[-74.67791,5.44015],[-74.67791,5.44013],[-74.67792,5.4401],[-74.67793,5.44008],[-74.67794,5.44006],[-74.67795,5.44005],[-74.67796,5.44003],[-74.67797,5.44001],[-74.67797,5.43999],[-74.67797,5.43998],[-74.6778,5.43986],[-74.67731,5.43996],[-74.67701,5.43994],[-74.67699,5.43999],[-74.67698,5.44002],[-74.67696,5.44005],[-74.67695,5.44008],[-74.67694,5.44011],[-74.67693,5.44014],[-74.67692,5.44016],[-74.67691,5.44019],[-74.6769,5.44021],[-74.6769,5.44023],[-74.67689,5.44025],[-74.67689,5.44026],[-74.67688,5.44028],[-74.67688,5.4403],[-74.67688,5.44032],[-74.67687,5.44033],[-74.67687,5.44035],[-74.67687,5.44037],[-74.67686,5.44038],[-74.67686,5.4404],[-74.67686,5.44042],[-74.67686,5.44044],[-74.67685,5.44045],[-74.67685,5.44047],[-74.67685,5.44049],[-74.67684,5.4405],[-74.67684,5.44052],[-74.67683,5.44053],[-74.67683,5.44055],[-74.67682,5.44056],[-74.67682,5.44057],[-74.67681,5.44058],[-74.67681,5.44059],[-74.67681,5.4406],[-74.6768,5.4406],[-74.6768,5.44061],[-74.6768,5.44062],[-74.67679,5.44062],[-74.67679,5.44063],[-74.67678,5.44064],[-74.67678,5.44065],[-74.67677,5.44066],[-74.67677,5.44066],[-74.67676,5.44067],[-74.67676,5.44068],[-74.67675,5.44068],[-74.67675,5.44069],[-74.67674,5.44069],[-74.67674,5.4407],[-74.67673,5.4407],[-74.67673,5.44071],[-74.67672,5.44072],[-74.67671,5.44073],[-74.67671,5.44073],[-74.6767,5.44074],[-74.6767,5.44074],[-74.6767,5.44074],[-74.67669,5.44075],[-74.67669,5.44075],[-74.67668,5.44075],[-74.67668,5.44076],[-74.67667,5.44077],[-74.67666,5.44078],[-74.67665,5.44079],[-74.67664,5.4408],[-74.67663,5.44081],[-74.67662,5.44082],[-74.67661,5.44083],[-74.6766,5.44084],[-74.67659,5.44085],[-74.67658,5.44086],[-74.67657,5.44087],[-74.67656,5.44087],[-74.67656,5.44088],[-74.67655,5.44089],[-74.67654,5.44089],[-74.67654,5.4409],[-74.67653,5.44091],[-74.67652,5.44091],[-74.67652,5.44092],[-74.67651,5.44093],[-74.67651,5.44093],[-74.6765,5.44094],[-74.67649,5.44095],[-74.67648,5.44096],[-74.67647,5.44097],[-74.67647,5.44097],[-74.67646,5.44098],[-74.67645,5.44099],[-74.67644,5.441],[-74.67643,5.44101],[-74.67643,5.44102],[-74.67642,5.44102],[-74.67641,5.44103],[-74.67641,5.44104],[-74.6764,5.44104],[-74.67639,5.44105],[-74.67639,5.44106],[-74.67638,5.44107],[-74.67637,5.44108],[-74.67636,5.44109],[-74.67634,5.4411],[-74.67633,5.44111],[-74.67632,5.44113],[-74.6763,5.44114],[-74.67629,5.44115],[-74.67627,5.44117],[-74.67626,5.44118],[-74.67624,5.4412],[-74.67622,5.44122],[-74.67621,5.44123],[-74.67619,5.44125],[-74.67617,5.44126],[-74.67615,5.44128],[-74.67614,5.4413],[-74.67612,5.44131],[-74.6761,5.44133],[-74.67608,5.44135],[-74.67606,5.44137],[-74.67603,5.44139],[-74.67601,5.44141],[-74.67598,5.44143],[-74.67595,5.44145],[-74.67592,5.44148],[-74.67588,5.4415],[-74.67585,5.44153],[-74.67581,5.44156],[-74.67577,5.44159],[-74.67573,5.44162],[-74.67569,5.44164],[-74.67565,5.44167],[-74.67561,5.44169],[-74.67558,5.44171],[-74.67555,5.44173],[-74.67552,5.44175],[-74.67549,5.44177],[-74.67547,5.44178],[-74.67544,5.44179],[-74.67542,5.4418],[-74.6754,5.44181],[-74.67538,5.44182],[-74.67536,5.44183],[-74.67534,5.44184],[-74.67533,5.44185],[-74.67531,5.44186],[-74.67529,5.44186],[-74.67527,5.44187],[-74.67525,5.44188],[-74.67523,5.44188],[-74.67521,5.44189],[-74.6752,5.4419],[-74.67518,5.4419],[-74.67516,5.44191],[-74.67514,5.44192],[-74.67513,5.44192],[-74.67511,5.44193],[-74.6751,5.44193],[-74.67508,5.44194],[-74.67507,5.44194],[-74.67506,5.44194],[-74.67505,5.44195],[-74.67503,5.44195],[-74.67502,5.44196],[-74.675,5.44196],[-74.67499,5.44197],[-74.67497,5.44197],[-74.67495,5.44198],[-74.67493,5.44199],[-74.67491,5.44199],[-74.67489,5.442],[-74.67487,5.442],[-74.67485,5.44201],[-74.67484,5.44201],[-74.67482,5.44202],[-74.67481,5.44202],[-74.6748,5.44202],[-74.6748,5.44202],[-74.67479,5.44203],[-74.67478,5.44203],[-74.67477,5.44203],[-74.67476,5.44204],[-74.67475,5.44204],[-74.67473,5.44205],[-74.67471,5.44206],[-74.67469,5.44206],[-74.67467,5.44207],[-74.67465,5.44208],[-74.67462,5.44209],[-74.67459,5.44211],[-74.67457,5.44212],[-74.67454,5.44213],[-74.67451,5.44214],[-74.67448,5.44216],[-74.67445,5.44217],[-74.67442,5.44218],[-74.67439,5.4422],[-74.67436,5.44221],[-74.67434,5.44222],[-74.67432,5.44223],[-74.67429,5.44224],[-74.67427,5.44225],[-74.67426,5.44226],[-74.67424,5.44227],[-74.67423,5.44228],[-74.67421,5.44228],[-74.6742,5.44229],[-74.67419,5.4423],[-74.67418,5.4423],[-74.67417,5.44231],[-74.67416,5.44232],[-74.67414,5.44232],[-74.67413,5.44233],[-74.67411,5.44234],[-74.67409,5.44235],[-74.67408,5.44236],[-74.67406,5.44237],[-74.67404,5.44238],[-74.67402,5.44239],[-74.67401,5.44239],[-74.67399,5.4424],[-74.67398,5.44241],[-74.67397,5.44242],[-74.67396,5.44242],[-74.67395,5.44243],[-74.67393,5.44243],[-74.67392,5.44244],[-74.67391,5.44245],[-74.67389,5.44246],[-74.67388,5.44246],[-74.67386,5.44247],[-74.67385,5.44248],[-74.67383,5.44249],[-74.67381,5.4425],[-74.67379,5.44251],[-74.67377,5.44252],[-74.67375,5.44253],[-74.67373,5.44254],[-74.67371,5.44255],[-74.67368,5.44256],[-74.67366,5.44257],[-74.67363,5.44259],[-74.67361,5.4426],[-74.67358,5.44261],[-74.67355,5.44263],[-74.67352,5.44264],[-74.67349,5.44266],[-74.67345,5.44268],[-74.67342,5.4427],[-74.67339,5.44272],[-74.67336,5.44273],[-74.67333,5.44275],[-74.67331,5.44276],[-74.67329,5.44277],[-74.67327,5.44278],[-74.67325,5.44279],[-74.67324,5.4428],[-74.67322,5.44281],[-74.67321,5.44282],[-74.67319,5.44282],[-74.67317,5.44283],[-74.67315,5.44284],[-74.67313,5.44285],[-74.67311,5.44286],[-74.67309,5.44287],[-74.67306,5.44288],[-74.67303,5.4429],[-74.67301,5.44291],[-74.67298,5.44292],[-74.67295,5.44293],[-74.67293,5.44295],[-74.6729,5.44296],[-74.67287,5.44297],[-74.67285,5.44298],[-74.67283,5.44299],[-74.67281,5.443],[-74.67279,5.44301],[-74.67277,5.44302],[-74.67276,5.44303],[-74.67275,5.44304],[-74.67274,5.44304],[-74.67273,5.44305],[-74.67272,5.44305],[-74.67271,5.44306],[-74.67269,5.44307],[-74.67268,5.44308],[-74.67267,5.44309],[-74.67265,5.4431],[-74.67263,5.44311],[-74.67261,5.44312],[-74.67259,5.44313],[-74.67257,5.44315],[-74.67254,5.44316],[-74.67252,5.44317],[-74.67249,5.44318],[-74.67247,5.4432],[-74.67244,5.44321],[-74.67242,5.44322],[-74.6724,5.44323],[-74.67238,5.44324],[-74.67236,5.44325],[-74.67235,5.44325],[-74.67234,5.44326],[-74.67233,5.44326],[-74.67233,5.44326],[-74.67232,5.44327],[-74.67232,5.44327],[-74.67231,5.44327],[-74.67231,5.44327],[-74.6723,5.44327],[-74.67229,5.44328],[-74.67229,5.44328],[-74.67228,5.44328],[-74.67227,5.44329],[-74.67226,5.44329],[-74.67226,5.44329],[-74.67225,5.44329],[-74.67224,5.4433],[-74.67223,5.4433],[-74.67222,5.4433],[-74.67222,5.4433],[-74.67221,5.4433],[-74.67221,5.4433],[-74.6722,5.4433],[-74.6722,5.4433],[-74.6722,5.4433],[-74.67219,5.44331],[-74.67219,5.44331],[-74.67219,5.44331],[-74.67218,5.44331],[-74.67218,5.44331],[-74.67217,5.44331],[-74.67216,5.44331],[-74.67214,5.44332],[-74.67209,5.44335],[-74.67207,5.44336],[-74.67205,5.44336],[-74.67204,5.44337],[-74.67202,5.44337],[-74.672,5.44337],[-74.67199,5.44338],[-74.67197,5.44338],[-74.67196,5.44338],[-74.67194,5.44338],[-74.67193,5.44337],[-74.6719,5.44337],[-74.67187,5.44337],[-74.67187,5.44337],[-74.67186,5.44338],[-74.67186,5.44338],[-74.67186,5.44338],[-74.67185,5.44338],[-74.67185,5.44338],[-74.67182,5.44338],[-74.6718,5.44339],[-74.67179,5.44339],[-74.67179,5.4434],[-74.67178,5.4434],[-74.67178,5.4434],[-74.67177,5.4434],[-74.67177,5.44341],[-74.67176,5.44341],[-74.67176,5.44341],[-74.67176,5.44341],[-74.67175,5.44341],[-74.67175,5.44342],[-74.67174,5.44342],[-74.67173,5.44342],[-74.67173,5.44342],[-74.67172,5.44342],[-74.67172,5.44343],[-74.67171,5.44343],[-74.67171,5.44343],[-74.6717,5.44343],[-74.67169,5.44343],[-74.67169,5.44344],[-74.67168,5.44344],[-74.67167,5.44344],[-74.67167,5.44344],[-74.67166,5.44344],[-74.67165,5.44345],[-74.67164,5.44345],[-74.67163,5.44345],[-74.67162,5.44345],[-74.67161,5.44345],[-74.67161,5.44345],[-74.6716,5.44345],[-74.67159,5.44345],[-74.67158,5.44346],[-74.67158,5.44346],[-74.67157,5.44346],[-74.67157,5.44346],[-74.67156,5.44346],[-74.67156,5.44346],[-74.67155,5.44346],[-74.67155,5.44346],[-74.67154,5.44346],[-74.67154,5.44346],[-74.67153,5.44346],[-74.67153,5.44346],[-74.67152,5.44346],[-74.67152,5.44346],[-74.67151,5.44346],[-74.67151,5.44346],[-74.6715,5.44346],[-74.6715,5.44347],[-74.67149,5.44347],[-74.67149,5.44347],[-74.67149,5.44347],[-74.67146,5.44347],[-74.67144,5.44349],[-74.67144,5.44349],[-74.67143,5.44349],[-74.67143,5.44349],[-74.67143,5.44349],[-74.67142,5.44349],[-74.67142,5.4435],[-74.67141,5.4435],[-74.67141,5.4435],[-74.6714,5.4435],[-74.6714,5.44351],[-74.67139,5.44351],[-74.67139,5.44351],[-74.67138,5.44352],[-74.67138,5.44352],[-74.67138,5.44352],[-74.67137,5.44352],[-74.67137,5.44352],[-74.67137,5.44353],[-74.67136,5.44353],[-74.67136,5.44353],[-74.67136,5.44353],[-74.67136,5.44353],[-74.67135,5.44353],[-74.67135,5.44353],[-74.67135,5.44354],[-74.67134,5.44354],[-74.67134,5.44354],[-74.67134,5.44354],[-74.67133,5.44354],[-74.67133,5.44355],[-74.67133,5.44355],[-74.67132,5.44355],[-74.67132,5.44355],[-74.67132,5.44355],[-74.67131,5.44355],[-74.67131,5.44356],[-74.6713,5.44356],[-74.6713,5.44356],[-74.6713,5.44356],[-74.67129,5.44356],[-74.67129,5.44356],[-74.67128,5.44357],[-74.67128,5.44357],[-74.67128,5.44357],[-74.67127,5.44357],[-74.67127,5.44357],[-74.67126,5.44357],[-74.67126,5.44358],[-74.67125,5.44358],[-74.67125,5.44358],[-74.67124,5.44358],[-74.67124,5.44358],[-74.67123,5.44358],[-74.67123,5.44359],[-74.67123,5.44359],[-74.67122,5.44359],[-74.67121,5.44359],[-74.67121,5.44359],[-74.6712,5.44359],[-74.6712,5.4436],[-74.6712,5.4436],[-74.67119,5.4436],[-74.67119,5.4436],[-74.67119,5.4436],[-74.67118,5.4436],[-74.67118,5.4436],[-74.67118,5.4436],[-74.67117,5.4436],[-74.67117,5.44361],[-74.67116,5.44361],[-74.67116,5.44361],[-74.67115,5.44361],[-74.67115,5.44362],[-74.67114,5.44362],[-74.67113,5.44362],[-74.67112,5.44362],[-74.67112,5.44363],[-74.67111,5.44363],[-74.6711,5.44363],[-74.6711,5.44363],[-74.67109,5.44363],[-74.67109,5.44363],[-74.67108,5.44363],[-74.67108,5.44364],[-74.67108,5.44364],[-74.67107,5.44364],[-74.67107,5.44364],[-74.67106,5.44364],[-74.67106,5.44364],[-74.67106,5.44364],[-74.67105,5.44364],[-74.67105,5.44364],[-74.67104,5.44365],[-74.67103,5.44365],[-74.67102,5.44365],[-74.67102,5.44365],[-74.67101,5.44366],[-74.67101,5.44366],[-74.671,5.44366],[-74.671,5.44366],[-74.67099,5.44366],[-74.67096,5.44368],[-74.67094,5.4437],[-74.67093,5.4437],[-74.67093,5.44371],[-74.67092,5.44371],[-74.67092,5.44371],[-74.67091,5.44372],[-74.67091,5.44372],[-74.6709,5.44373],[-74.67089,5.44373],[-74.67088,5.44374],[-74.67088,5.44374],[-74.67087,5.44375],[-74.67086,5.44375],[-74.67086,5.44375],[-74.67085,5.44376],[-74.67084,5.44376],[-74.67084,5.44376],[-74.67083,5.44376],[-74.67083,5.44376],[-74.67082,5.44377],[-74.67082,5.44377],[-74.67081,5.44377],[-74.67081,5.44377],[-74.6708,5.44377],[-74.6708,5.44378],[-74.67079,5.44378],[-74.67079,5.44378],[-74.67079,5.44378],[-74.67078,5.44378],[-74.67078,5.44378],[-74.67078,5.44378],[-74.67077,5.44378],[-74.67077,5.44378],[-74.67077,5.44378],[-74.67077,5.44379],[-74.67077,5.44379],[-74.67076,5.44379],[-74.67076,5.44379],[-74.67076,5.44379],[-74.67075,5.44379],[-74.67075,5.44379],[-74.67075,5.44379],[-74.67074,5.44379],[-74.67074,5.4438],[-74.67074,5.4438],[-74.67073,5.4438],[-74.67073,5.4438],[-74.67073,5.4438],[-74.67073,5.4438],[-74.67072,5.4438],[-74.67072,5.4438],[-74.67072,5.4438],[-74.67071,5.4438],[-74.67071,5.44381],[-74.6707,5.44381],[-74.67069,5.44381],[-74.67069,5.44381],[-74.67068,5.44382],[-74.67067,5.44382],[-74.67067,5.44382],[-74.67066,5.44382],[-74.67065,5.44382],[-74.67065,5.44383],[-74.67064,5.44383],[-74.67064,5.44383],[-74.67063,5.44383],[-74.67063,5.44383],[-74.67062,5.44383],[-74.67062,5.44383],[-74.67062,5.44384],[-74.67061,5.44384],[-74.67061,5.44384],[-74.6706,5.44384],[-74.6706,5.44384],[-74.6706,5.44384],[-74.67059,5.44385],[-74.67059,5.44385],[-74.67058,5.44385],[-74.67058,5.44385],[-74.67057,5.44385],[-74.67056,5.44386],[-74.67056,5.44386],[-74.67055,5.44386],[-74.67055,5.44386],[-74.67054,5.44386],[-74.67054,5.44387],[-74.67053,5.44387],[-74.67053,5.44387],[-74.67052,5.44387],[-74.67052,5.44387],[-74.67051,5.44387],[-74.67051,5.44387],[-74.6705,5.44388],[-74.67049,5.44388],[-74.67048,5.44389],[-74.67048,5.44389],[-74.67047,5.44389],[-74.67047,5.44389],[-74.67047,5.44389],[-74.67046,5.44389],[-74.67046,5.4439],[-74.67046,5.4439],[-74.67046,5.4439],[-74.67045,5.4439],[-74.67045,5.4439],[-74.67045,5.4439],[-74.67045,5.4439],[-74.67044,5.44391],[-74.67044,5.44391],[-74.67044,5.44391],[-74.67043,5.44391],[-74.67043,5.44391],[-74.67042,5.44392],[-74.67042,5.44392],[-74.67042,5.44392],[-74.67041,5.44392],[-74.67041,5.44392],[-74.6704,5.44393],[-74.6704,5.44393],[-74.6704,5.44393],[-74.67039,5.44393],[-74.67039,5.44393],[-74.67038,5.44394],[-74.67038,5.44394],[-74.67038,5.44394],[-74.67037,5.44394],[-74.67037,5.44394],[-74.67037,5.44394],[-74.67036,5.44395],[-74.67036,5.44395],[-74.67035,5.44395],[-74.67035,5.44395],[-74.67035,5.44395],[-74.67034,5.44395],[-74.67034,5.44396],[-74.67034,5.44396],[-74.67033,5.44396],[-74.67033,5.44396],[-74.67032,5.44396],[-74.67031,5.44397],[-74.67031,5.44397],[-74.67031,5.44397],[-74.6703,5.44397],[-74.67029,5.44398],[-74.67029,5.44398],[-74.67029,5.44398],[-74.67028,5.44398],[-74.67028,5.44399],[-74.67027,5.44399],[-74.67027,5.44399],[-74.67026,5.44399],[-74.67026,5.444],[-74.67026,5.444],[-74.67025,5.444],[-74.67025,5.444],[-74.67024,5.444],[-74.67024,5.44401],[-74.67024,5.44401],[-74.67023,5.44401],[-74.67023,5.44401],[-74.67023,5.44401],[-74.67022,5.44401],[-74.67022,5.44401],[-74.67022,5.44401],[-74.67022,5.44402],[-74.67022,5.44402],[-74.67021,5.44402],[-74.67021,5.44402],[-74.67021,5.44402],[-74.6702,5.44402],[-74.6702,5.44402],[-74.67019,5.44403],[-74.67019,5.44403],[-74.67018,5.44403],[-74.67017,5.44404],[-74.67016,5.44404],[-74.67015,5.44404],[-74.67014,5.44404],[-74.67014,5.44404],[-74.67013,5.44405],[-74.67012,5.44405],[-74.67012,5.44405],[-74.67011,5.44405],[-74.6701,5.44405],[-74.67009,5.44405],[-74.67009,5.44405],[-74.67008,5.44405],[-74.67008,5.44406],[-74.67007,5.44406],[-74.67007,5.44406],[-74.67007,5.44406],[-74.67007,5.44406],[-74.67006,5.44406],[-74.67006,5.44406],[-74.67005,5.44406],[-74.67005,5.44406],[-74.67005,5.44406],[-74.67004,5.44406],[-74.67004,5.44406],[-74.67003,5.44406],[-74.67003,5.44406],[-74.67002,5.44406],[-74.67002,5.44406],[-74.67001,5.44406],[-74.67001,5.44407],[-74.67001,5.44407],[-74.67,5.44407],[-74.67,5.44407],[-74.67,5.44407],[-74.66999,5.44407],[-74.66999,5.44407],[-74.66998,5.44407],[-74.66996,5.44407],[-74.66994,5.44408],[-74.66994,5.44408],[-74.66994,5.44408],[-74.66994,5.44408],[-74.66993,5.44408],[-74.66993,5.44408],[-74.66993,5.44409],[-74.66992,5.44409],[-74.66991,5.44409],[-74.6699,5.4441],[-74.66989,5.4441],[-74.66989,5.4441],[-74.66988,5.44411],[-74.66987,5.44411],[-74.66987,5.44411],[-74.66986,5.44411],[-74.66986,5.44412],[-74.66985,5.44412],[-74.66984,5.44412],[-74.66984,5.44412],[-74.66983,5.44412],[-74.66983,5.44412],[-74.66982,5.44412],[-74.66982,5.44412],[-74.66982,5.44412],[-74.66981,5.44413],[-74.66981,5.44413],[-74.6698,5.44413],[-74.6698,5.44413],[-74.66979,5.44413],[-74.66979,5.44413],[-74.66978,5.44413],[-74.66978,5.44413],[-74.66977,5.44413],[-74.66977,5.44413],[-74.66976,5.44413],[-74.66975,5.44413],[-74.66975,5.44414],[-74.66974,5.44414],[-74.66974,5.44414],[-74.66973,5.44414],[-74.66969,5.44414],[-74.66965,5.44416],[-74.66965,5.44417],[-74.66964,5.44417],[-74.66963,5.44417],[-74.66962,5.44418],[-74.66961,5.44418],[-74.6696,5.44418],[-74.66959,5.44419],[-74.66959,5.44419],[-74.66958,5.44419],[-74.66957,5.44419],[-74.66956,5.4442],[-74.66956,5.4442],[-74.66955,5.4442],[-74.66955,5.4442],[-74.66954,5.4442],[-74.66953,5.4442],[-74.66953,5.4442],[-74.66953,5.4442],[-74.66952,5.4442],[-74.66952,5.44421],[-74.66952,5.44421],[-74.66952,5.44421],[-74.66952,5.44421],[-74.66952,5.44421],[-74.66951,5.44421],[-74.66951,5.44421],[-74.66951,5.44421],[-74.6695,5.44421],[-74.6695,5.44421],[-74.6695,5.44421],[-74.66949,5.44421],[-74.66949,5.44421],[-74.66949,5.44421],[-74.66949,5.44421],[-74.66949,5.44421],[-74.66948,5.44421],[-74.66948,5.44421],[-74.66948,5.44421],[-74.66948,5.44421],[-74.66948,5.44421],[-74.66948,5.44421],[-74.66948,5.44421],[-74.66948,5.44422],[-74.66947,5.44422],[-74.66947,5.44422],[-74.66946,5.44422],[-74.66944,5.44422],[-74.66944,5.44423],[-74.66943,5.44423],[-74.66943,5.44423],[-74.66943,5.44423],[-74.66942,5.44423],[-74.66942,5.44423],[-74.66942,5.44424],[-74.66941,5.44424],[-74.66941,5.44424],[-74.66941,5.44424],[-74.66941,5.44424],[-74.6694,5.44424],[-74.6694,5.44424],[-74.6694,5.44424],[-74.6694,5.44424],[-74.66939,5.44425],[-74.66939,5.44425],[-74.66939,5.44425],[-74.66938,5.44425],[-74.66938,5.44426],[-74.66937,5.44426],[-74.66936,5.44426],[-74.66936,5.44427],[-74.66935,5.44427],[-74.66934,5.44427],[-74.66933,5.44427],[-74.66933,5.44428],[-74.66933,5.44428],[-74.66932,5.44428],[-74.66932,5.44428],[-74.66932,5.44428],[-74.66931,5.44428],[-74.66931,5.44429],[-74.6693,5.44429],[-74.6693,5.44429],[-74.66929,5.44429],[-74.66929,5.4443],[-74.66928,5.4443],[-74.66927,5.4443],[-74.66925,5.44431],[-74.66924,5.44431],[-74.66924,5.44432],[-74.66923,5.44432],[-74.66922,5.44433],[-74.66921,5.44433],[-74.6692,5.44433],[-74.66919,5.44434],[-74.66919,5.44434],[-74.66918,5.44434],[-74.66917,5.44434],[-74.66917,5.44434],[-74.66916,5.44434],[-74.66916,5.44435],[-74.66916,5.44435],[-74.66915,5.44435],[-74.66915,5.44435],[-74.66915,5.44435],[-74.66914,5.44435],[-74.66914,5.44435],[-74.66914,5.44435],[-74.66913,5.44435],[-74.66913,5.44435],[-74.66912,5.44436],[-74.66911,5.44436],[-74.6691,5.44436],[-74.66909,5.44436],[-74.66908,5.44436],[-74.66907,5.44436],[-74.66906,5.44436],[-74.66905,5.44436],[-74.66905,5.44436],[-74.66904,5.44436],[-74.66903,5.44436],[-74.66902,5.44436],[-74.66902,5.44436],[-74.66901,5.44436],[-74.66896,5.44436],[-74.66891,5.44438],[-74.6689,5.44438],[-74.6689,5.44439],[-74.66889,5.44439],[-74.66888,5.44439],[-74.66887,5.4444],[-74.66886,5.4444],[-74.66885,5.4444],[-74.66885,5.4444],[-74.66884,5.44441],[-74.66883,5.44441],[-74.66882,5.44441],[-74.66881,5.44441],[-74.6688,5.44441],[-74.66879,5.44441],[-74.66877,5.44442],[-74.66876,5.44442],[-74.66875,5.44442],[-74.66874,5.44442],[-74.66869,5.44441],[-74.66862,5.44446],[-74.66861,5.44446],[-74.6686,5.44447],[-74.66857,5.44448],[-74.66851,5.4445],[-74.66849,5.44451],[-74.66844,5.44452],[-74.66841,5.44452],[-74.6684,5.44452],[-74.66836,5.44453],[-74.66834,5.44454],[-74.66831,5.44454],[-74.66829,5.44454],[-74.66828,5.44454],[-74.66825,5.44454],[-74.66821,5.44454],[-74.66819,5.44454],[-74.66815,5.44453],[-74.66813,5.44452],[-74.66808,5.44452],[-74.66805,5.4445],[-74.66801,5.4445],[-74.668,5.44449],[-74.66791,5.44447],[-74.6679,5.44447],[-74.66784,5.4445],[-74.66782,5.44451],[-74.66779,5.44452],[-74.66775,5.44453],[-74.66772,5.44453],[-74.66769,5.44454],[-74.66764,5.44455],[-74.66764,5.44455],[-74.66763,5.44456],[-74.66761,5.44456],[-74.66759,5.44457],[-74.66758,5.44457],[-74.66756,5.44458],[-74.66751,5.44458],[-74.66748,5.44458],[-74.66746,5.44458],[-74.66744,5.44458],[-74.66741,5.44458],[-74.66739,5.44457],[-74.66732,5.44458],[-74.66729,5.44458],[-74.66726,5.44458],[-74.66722,5.44457],[-74.66721,5.44457],[-74.66716,5.44457],[-74.66714,5.44457],[-74.6671,5.44456],[-74.66705,5.44456],[-74.66704,5.44456],[-74.66701,5.44456],[-74.66698,5.44456],[-74.66696,5.44456],[-74.66694,5.44456],[-74.66689,5.44456],[-74.66684,5.44455],[-74.66683,5.44455],[-74.66672,5.44453],[-74.66671,5.44452],[-74.66664,5.44457],[-74.66661,5.44458],[-74.66658,5.44459],[-74.66655,5.4446],[-74.66653,5.4446],[-74.66651,5.4446],[-74.66651,5.4446],[-74.6665,5.4446],[-74.66649,5.4446],[-74.66644,5.4446],[-74.66643,5.4446],[-74.66641,5.4446],[-74.66638,5.4446],[-74.66637,5.4446],[-74.66634,5.4446],[-74.66632,5.4446],[-74.66628,5.44461],[-74.66625,5.44461],[-74.66622,5.44461],[-74.6662,5.44461],[-74.66617,5.44462],[-74.66613,5.44462],[-74.66611,5.44462],[-74.6661,5.44462],[-74.66608,5.44462],[-74.66607,5.44462],[-74.66605,5.44462],[-74.66601,5.44462],[-74.66597,5.44462],[-74.66594,5.44461],[-74.66592,5.44461],[-74.66588,5.4446],[-74.66582,5.44459],[-74.6658,5.44459],[-74.66578,5.44458],[-74.66572,5.44458],[-74.66567,5.44457],[-74.66565,5.44456],[-74.66562,5.44456],[-74.66561,5.44456],[-74.66559,5.44456],[-74.66555,5.44456],[-74.66553,5.44456],[-74.66551,5.44455],[-74.6655,5.44455],[-74.66549,5.44455],[-74.66547,5.44455],[-74.66543,5.44454],[-74.66541,5.44454],[-74.6654,5.44454],[-74.66537,5.44454],[-74.66535,5.44454],[-74.66533,5.44454],[-74.66532,5.44453],[-74.6653,5.44453],[-74.66528,5.44453],[-74.66526,5.44452],[-74.66522,5.44452],[-74.6652,5.44451],[-74.66519,5.4445],[-74.66517,5.4445],[-74.66512,5.44448],[-74.66511,5.44448],[-74.6651,5.44448],[-74.66505,5.44445],[-74.66502,5.44443],[-74.66502,5.44443],[-74.66499,5.4444],[-74.66497,5.44438],[-74.66496,5.44438],[-74.66495,5.44436],[-74.66485,5.44426],[-74.66476,5.44426],[-74.66473,5.44425],[-74.6647,5.44425],[-74.66466,5.44424],[-74.66464,5.44423],[-74.66461,5.44421],[-74.66459,5.4442],[-74.66456,5.44418],[-74.66453,5.44417],[-74.66449,5.44415],[-74.66447,5.44414],[-74.66445,5.44412],[-74.66444,5.44411],[-74.66442,5.4441],[-74.66441,5.44409],[-74.66439,5.44407],[-74.66437,5.44405],[-74.66432,5.44403],[-74.66431,5.44403],[-74.66428,5.44401],[-74.66426,5.44399],[-74.66422,5.44397],[-74.66419,5.44396],[-74.66418,5.44395],[-74.66415,5.44393],[-74.66413,5.44393],[-74.6641,5.44391],[-74.66408,5.4439],[-74.66406,5.44388],[-74.66403,5.44386],[-74.664,5.44385],[-74.66399,5.44385],[-74.66394,5.44382],[-74.66393,5.44381],[-74.66387,5.44377],[-74.66381,5.4437],[-74.66368,5.44367],[-74.66368,5.44367],[-74.66366,5.44366],[-74.66362,5.44365],[-74.6636,5.44364],[-74.66357,5.44362],[-74.66352,5.4436],[-74.66349,5.44358],[-74.66347,5.44357],[-74.66345,5.44357],[-74.66342,5.44355],[-74.66341,5.44354],[-74.66338,5.44352],[-74.66334,5.44351],[-74.66332,5.4435],[-74.6633,5.44349],[-74.66328,5.44348],[-74.66327,5.44348],[-74.66326,5.44347],[-74.66321,5.44345],[-74.66318,5.44343],[-74.66315,5.44341],[-74.66314,5.44341],[-74.66311,5.4434],[-74.66311,5.44339],[-74.66308,5.44338],[-74.66306,5.44337],[-74.66304,5.44336],[-74.66302,5.44335],[-74.663,5.44334],[-74.66296,5.44332],[-74.66295,5.44332],[-74.66294,5.44331],[-74.66293,5.44331],[-74.66293,5.4433],[-74.66291,5.44329],[-74.66283,5.44323],[-74.66276,5.44324],[-74.6627,5.4432],[-74.66263,5.44318],[-74.66263,5.44318],[-74.66257,5.44316],[-74.66252,5.44315],[-74.6625,5.44314],[-74.66248,5.44313],[-74.66246,5.44312],[-74.66245,5.44311],[-74.66244,5.44311],[-74.66244,5.44311],[-74.66241,5.44309],[-74.66237,5.44308],[-74.66234,5.44307],[-74.66233,5.44306],[-74.66232,5.44305],[-74.6623,5.44305],[-74.66229,5.44304],[-74.66228,5.44303],[-74.66227,5.44303],[-74.66225,5.44302],[-74.66224,5.44302],[-74.66223,5.44301],[-74.66222,5.443],[-74.6622,5.443],[-74.66219,5.44299],[-74.66218,5.44299],[-74.66215,5.44297],[-74.66214,5.44297],[-74.66213,5.44296],[-74.66211,5.44296],[-74.66208,5.44293],[-74.66202,5.44293],[-74.66199,5.44292],[-74.66198,5.44292],[-74.66195,5.44291],[-74.66191,5.4429],[-74.66189,5.4429],[-74.66188,5.44289],[-74.66185,5.44289],[-74.66184,5.44288],[-74.66181,5.44288],[-74.66177,5.44286],[-74.66176,5.44286],[-74.66157,5.4428],[-74.6615,5.44284],[-74.66146,5.44284],[-74.66145,5.44284],[-74.6614,5.44284],[-74.66137,5.44282],[-74.66135,5.44282],[-74.6613,5.44279],[-74.66124,5.44278],[-74.66123,5.44278],[-74.6612,5.44278],[-74.66115,5.44276],[-74.66114,5.44275],[-74.66111,5.44275],[-74.66109,5.44274],[-74.66107,5.44274],[-74.66105,5.44273],[-74.66102,5.44272],[-74.66095,5.44268],[-74.6609,5.44267],[-74.66084,5.44266],[-74.6608,5.44263],[-74.66077,5.4426],[-74.66067,5.44258],[-74.66065,5.44257],[-74.66061,5.44255],[-74.66058,5.44254],[-74.66056,5.44253],[-74.66053,5.44253],[-74.66051,5.44252],[-74.6605,5.44252],[-74.66045,5.44251],[-74.66045,5.44251],[-74.66043,5.4425],[-74.66041,5.44249],[-74.66039,5.44249],[-74.66038,5.44248],[-74.66036,5.44247],[-74.66032,5.44245],[-74.66029,5.44245],[-74.66027,5.44243],[-74.66023,5.44242],[-74.66021,5.44242],[-74.66019,5.44241],[-74.66018,5.44241],[-74.66017,5.4424],[-74.66014,5.4424],[-74.66011,5.44239],[-74.66007,5.44237],[-74.66004,5.44237],[-74.66002,5.44237],[-74.65997,5.44235],[-74.65994,5.44234],[-74.65991,5.44234],[-74.65989,5.44233],[-74.65981,5.44231],[-74.65973,5.44232],[-74.6597,5.44233],[-74.65969,5.44233],[-74.65965,5.44233],[-74.65959,5.44231],[-74.65958,5.44231],[-74.65955,5.4423],[-74.65952,5.44228],[-74.6595,5.44228],[-74.65948,5.44227],[-74.65947,5.44226],[-74.65943,5.44225],[-74.65942,5.44225],[-74.65941,5.44225],[-74.6594,5.44224],[-74.65938,5.44224],[-74.65937,5.44223],[-74.65935,5.44223],[-74.65933,5.44222],[-74.6593,5.44222],[-74.65927,5.4422],[-74.65925,5.4422],[-74.65923,5.44219],[-74.6592,5.44218],[-74.65913,5.44214],[-74.65907,5.44214],[-74.65903,5.44213],[-74.65903,5.44213],[-74.659,5.44212],[-74.65899,5.44212],[-74.65896,5.44211],[-74.65892,5.4421],[-74.65889,5.44209],[-74.65887,5.44209],[-74.65885,5.44208],[-74.65881,5.44208],[-74.6588,5.44207],[-74.65875,5.44206],[-74.65871,5.44204],[-74.65865,5.44203],[-74.65863,5.44203],[-74.65861,5.44202],[-74.65859,5.44201],[-74.65858,5.44201],[-74.65856,5.44201],[-74.65856,5.442],[-74.65854,5.442],[-74.6585,5.44198],[-74.6585,5.44198],[-74.65849,5.44197],[-74.65844,5.44196],[-74.6584,5.44196],[-74.65837,5.44195],[-74.65829,5.44193],[-74.65825,5.44193],[-74.6582,5.44193],[-74.65816,5.44192],[-74.65815,5.44191],[-74.65813,5.4419],[-74.65808,5.44188],[-74.65804,5.44187],[-74.65802,5.44187],[-74.65801,5.44187],[-74.65799,5.44186],[-74.65798,5.44186],[-74.65795,5.44185],[-74.65794,5.44185],[-74.65792,5.44185],[-74.65789,5.44184],[-74.65786,5.44184],[-74.65784,5.44183],[-74.65782,5.44183],[-74.65779,5.44183],[-74.65777,5.44182],[-74.65775,5.44182],[-74.65772,5.44181],[-74.6577,5.44181],[-74.65769,5.4418],[-74.65768,5.4418],[-74.65767,5.4418],[-74.65763,5.44178],[-74.65759,5.44179],[-74.65756,5.44179],[-74.65754,5.44179],[-74.65752,5.4418],[-74.6575,5.4418],[-74.65747,5.4418],[-74.65746,5.4418],[-74.65745,5.4418],[-74.65742,5.44179],[-74.6574,5.44179],[-74.65738,5.44179],[-74.65737,5.44179],[-74.65734,5.44179],[-74.65733,5.44179],[-74.65732,5.44179],[-74.6573,5.44178],[-74.65728,5.44178],[-74.65726,5.44178],[-74.65724,5.44178],[-74.65722,5.44177],[-74.65719,5.44177],[-74.65718,5.44177],[-74.65717,5.44177],[-74.65716,5.44177],[-74.65715,5.44177],[-74.65714,5.44177],[-74.65712,5.44177],[-74.65707,5.44177],[-74.65704,5.44177],[-74.65702,5.44177],[-74.65699,5.44177],[-74.65696,5.44177],[-74.65694,5.44176],[-74.65693,5.44176],[-74.65691,5.44176],[-74.6569,5.44176],[-74.65688,5.44176],[-74.65685,5.44176],[-74.65682,5.44175],[-74.65681,5.44175],[-74.65679,5.44174],[-74.65676,5.44174],[-74.65672,5.44173],[-74.65668,5.44171],[-74.65662,5.44171],[-74.6566,5.44171],[-74.65658,5.44171],[-74.65656,5.44171],[-74.65652,5.44171],[-74.65649,5.4417],[-74.65646,5.44169],[-74.65643,5.44169],[-74.65641,5.44169],[-74.65639,5.44169],[-74.65636,5.44169],[-74.65634,5.44169],[-74.6563,5.44169],[-74.65627,5.44169],[-74.65623,5.44169],[-74.65619,5.44168],[-74.65617,5.44168],[-74.65613,5.44168],[-74.65609,5.44167],[-74.65603,5.44167],[-74.65601,5.44167],[-74.65599,5.44167],[-74.65596,5.44167],[-74.65592,5.44167],[-74.65588,5.44166],[-74.65586,5.44166],[-74.65582,5.44165],[-74.65577,5.44166],[-74.65574,5.44165],[-74.65567,5.44166],[-74.65564,5.44166],[-74.65562,5.44166],[-74.6556,5.44166],[-74.65556,5.44167],[-74.65551,5.44168],[-74.6555,5.44169],[-74.65546,5.4417],[-74.65542,5.44171],[-74.6554,5.44171],[-74.65539,5.44171],[-74.65538,5.44171],[-74.65537,5.44171],[-74.65535,5.44171],[-74.65533,5.44171],[-74.65529,5.44172],[-74.65528,5.44172],[-74.65526,5.44172],[-74.65524,5.44172],[-74.65515,5.44172],[-74.65507,5.44179],[-74.65503,5.4418],[-74.65503,5.44181],[-74.65504,5.44182],[-74.65504,5.44183],[-74.65503,5.44183],[-74.65502,5.44182],[-74.65501,5.44182],[-74.655,5.44183],[-74.65499,5.44183],[-74.65498,5.44184],[-74.65497,5.44183],[-74.65496,5.44183],[-74.65494,5.44183],[-74.65493,5.44185],[-74.6549,5.44185],[-74.65489,5.44184],[-74.65489,5.44185],[-74.65488,5.44184],[-74.65486,5.44184],[-74.65485,5.44185],[-74.65484,5.44185],[-74.65483,5.44185],[-74.65481,5.44185],[-74.6548,5.44186],[-74.6548,5.44186],[-74.65479,5.44186],[-74.65479,5.44186],[-74.65478,5.44187],[-74.65477,5.44187],[-74.65476,5.44188],[-74.65475,5.44188],[-74.65474,5.44189],[-74.65473,5.44189],[-74.65472,5.4419],[-74.65471,5.4419],[-74.6547,5.4419],[-74.6547,5.44189],[-74.6547,5.44189],[-74.65468,5.44189],[-74.65468,5.44189],[-74.65468,5.4419],[-74.65468,5.44191],[-74.65466,5.44192],[-74.65466,5.44193],[-74.65466,5.44194],[-74.65465,5.44194],[-74.65464,5.44194],[-74.65463,5.44194],[-74.65462,5.44193],[-74.65461,5.44193],[-74.6546,5.44193],[-74.6546,5.44194],[-74.6546,5.44194],[-74.65459,5.44194],[-74.65458,5.44195],[-74.65458,5.44197],[-74.65458,5.44197],[-74.65457,5.44197],[-74.65456,5.44198],[-74.65456,5.44199],[-74.65456,5.442],[-74.65456,5.442],[-74.65456,5.44201],[-74.65456,5.44202],[-74.65455,5.44202],[-74.65454,5.44201],[-74.65453,5.44202],[-74.65453,5.44201],[-74.65451,5.44201],[-74.65449,5.44203],[-74.65448,5.44203],[-74.65447,5.44204],[-74.65445,5.44204],[-74.65445,5.44204],[-74.65446,5.44205],[-74.65445,5.44206],[-74.65445,5.44206],[-74.65446,5.44206],[-74.65447,5.44207],[-74.65447,5.44208],[-74.65446,5.44208],[-74.65445,5.44208],[-74.65444,5.44207],[-74.65443,5.44207],[-74.65443,5.44208],[-74.65443,5.44209],[-74.65443,5.44209],[-74.65441,5.44209],[-74.6544,5.4421],[-74.65441,5.4421],[-74.6544,5.44211],[-74.65441,5.44212],[-74.65441,5.44213],[-74.65442,5.44214],[-74.65442,5.44214],[-74.65438,5.44214],[-74.65438,5.44215],[-74.65438,5.44216],[-74.65437,5.44216],[-74.65436,5.44216],[-74.65436,5.44217],[-74.65436,5.44218],[-74.65435,5.44218],[-74.65432,5.44218],[-74.65431,5.44217],[-74.6543,5.44217],[-74.65429,5.44218],[-74.65429,5.44219],[-74.6543,5.44219],[-74.6543,5.4422],[-74.65429,5.44219],[-74.65428,5.44219],[-74.65425,5.44222],[-74.65422,5.44222],[-74.65419,5.44225],[-74.65419,5.44226],[-74.65419,5.44226],[-74.65421,5.44226],[-74.65422,5.44225],[-74.65423,5.44225],[-74.65424,5.44225],[-74.65425,5.44225],[-74.65425,5.44224],[-74.65425,5.44223],[-74.65425,5.44223],[-74.65426,5.44223],[-74.65427,5.44223],[-74.65427,5.44224],[-74.65427,5.44225],[-74.65428,5.44225],[-74.65429,5.44226],[-74.65429,5.44226],[-74.65426,5.44226],[-74.65425,5.44225],[-74.65425,5.44226],[-74.65423,5.44226],[-74.6542,5.44229],[-74.6542,5.44229],[-74.6542,5.4423],[-74.65418,5.4423],[-74.65416,5.44232],[-74.65416,5.44234],[-74.65417,5.44235],[-74.65416,5.44235],[-74.65416,5.44235],[-74.65415,5.44234],[-74.65412,5.44234],[-74.6541,5.44237],[-74.6541,5.44239],[-74.65409,5.4424],[-74.65407,5.4424],[-74.65407,5.44241],[-74.65405,5.44241],[-74.65404,5.44241],[-74.65404,5.44243],[-74.65403,5.44244],[-74.65402,5.44244],[-74.65401,5.44245],[-74.65403,5.44247],[-74.65403,5.44248],[-74.65403,5.44248],[-74.65402,5.44248],[-74.65401,5.44249],[-74.65401,5.4425],[-74.65399,5.44252],[-74.65398,5.44252],[-74.65398,5.44252],[-74.65398,5.44254],[-74.65397,5.44255],[-74.65397,5.44256],[-74.65395,5.44257],[-74.65395,5.44259],[-74.65392,5.44263],[-74.65392,5.44264],[-74.65388,5.44267],[-74.65389,5.44268],[-74.65389,5.44269],[-74.65387,5.44269],[-74.65385,5.4427],[-74.65386,5.44271],[-74.65386,5.44271],[-74.65385,5.44271],[-74.65384,5.44272],[-74.65384,5.44274],[-74.65382,5.44276],[-74.65381,5.44276],[-74.65379,5.44278],[-74.65379,5.44279],[-74.65379,5.4428],[-74.65378,5.4428],[-74.65377,5.4428],[-74.65376,5.4428],[-74.65372,5.44284],[-74.65371,5.44284],[-74.65368,5.44288],[-74.65367,5.44288],[-74.65365,5.44289],[-74.65365,5.4429],[-74.65365,5.44291],[-74.65365,5.44292],[-74.65365,5.44293],[-74.65365,5.44293],[-74.65364,5.44293],[-74.65362,5.44295],[-74.65361,5.44295],[-74.65358,5.44298],[-74.65357,5.44298],[-74.65355,5.44299],[-74.65354,5.44299],[-74.65353,5.44301],[-74.65353,5.44302],[-74.65352,5.44302],[-74.65352,5.44302],[-74.65347,5.44306],[-74.65347,5.44307],[-74.65347,5.44308],[-74.65345,5.44308],[-74.65345,5.44308],[-74.65345,5.4431],[-74.65344,5.4431],[-74.65343,5.4431],[-74.65343,5.44309],[-74.65339,5.44313],[-74.65339,5.44314],[-74.65338,5.44315],[-74.65339,5.44315],[-74.65339,5.44316],[-74.65339,5.44317],[-74.65338,5.44317],[-74.65337,5.44317],[-74.65337,5.44318],[-74.65337,5.44318],[-74.65336,5.44318],[-74.65336,5.44319],[-74.65337,5.4432],[-74.65334,5.44323],[-74.65334,5.44324],[-74.65334,5.44325],[-74.65333,5.44325],[-74.65332,5.44325],[-74.65332,5.44327],[-74.65331,5.44328],[-74.65331,5.44329],[-74.6533,5.4433],[-74.65331,5.44331],[-74.65331,5.44331],[-74.6533,5.44331],[-74.65329,5.44332],[-74.65329,5.44334],[-74.65329,5.44334],[-74.65325,5.44334],[-74.65325,5.44334],[-74.65325,5.44335],[-74.65326,5.44335],[-74.65328,5.44336],[-74.65327,5.44337],[-74.65327,5.44338],[-74.65326,5.44339],[-74.65326,5.44341],[-74.65325,5.44342],[-74.65325,5.44343],[-74.65324,5.44344],[-74.65324,5.44345],[-74.65323,5.44346],[-74.65323,5.44347],[-74.65321,5.44349],[-74.65321,5.44351],[-74.65319,5.44353],[-74.65319,5.44353],[-74.65319,5.44354],[-74.65319,5.44356],[-74.65317,5.44358],[-74.65317,5.44365],[-74.65316,5.44366],[-74.65316,5.4437],[-74.65315,5.44371],[-74.65315,5.44372],[-74.65315,5.44373],[-74.65314,5.44373],[-74.65313,5.44373],[-74.65314,5.44374],[-74.65313,5.44375],[-74.65313,5.44376],[-74.65312,5.44377],[-74.65312,5.44379],[-74.65311,5.4438],[-74.65311,5.44381],[-74.6531,5.44382],[-74.6531,5.44384],[-74.6531,5.44385],[-74.6531,5.44387],[-74.65309,5.44388],[-74.65309,5.44391],[-74.65308,5.44391],[-74.65308,5.44395],[-74.65307,5.44396],[-74.65307,5.44397],[-74.65306,5.44398],[-74.65306,5.44399],[-74.65305,5.444],[-74.65305,5.44402],[-74.65304,5.44403],[-74.65304,5.44404],[-74.65303,5.44405],[-74.65303,5.44408],[-74.65302,5.44409],[-74.65302,5.44411],[-74.65301,5.44412],[-74.65301,5.44415],[-74.65301,5.44416],[-74.65301,5.44417],[-74.653,5.44418],[-74.653,5.4442],[-74.65299,5.44421],[-74.65299,5.44428],[-74.65298,5.44428],[-74.65298,5.44429],[-74.65299,5.4443],[-74.65299,5.44434],[-74.65298,5.44435],[-74.65298,5.44436],[-74.65297,5.44437],[-74.65297,5.44438],[-74.65296,5.44439],[-74.65296,5.44444],[-74.65295,5.44445],[-74.65296,5.44446],[-74.65296,5.44452],[-74.65298,5.44454],[-74.65296,5.44456],[-74.65296,5.44457],[-74.65299,5.44456],[-74.65301,5.44456],[-74.65305,5.44455],[-74.65308,5.44454],[-74.65314,5.44453],[-74.65317,5.44453],[-74.65319,5.44453],[-74.65321,5.44453],[-74.65323,5.44452],[-74.65327,5.44452],[-74.65332,5.44451],[-74.65333,5.44451],[-74.65338,5.4445],[-74.65342,5.4445],[-74.65345,5.44449],[-74.6535,5.44448],[-74.65369,5.44448],[-74.65374,5.44448],[-74.65378,5.44448],[-74.65383,5.44448],[-74.65386,5.44449],[-74.65391,5.4445],[-74.65398,5.4445],[-74.65404,5.4445],[-74.65405,5.4445],[-74.65407,5.4445],[-74.65409,5.4445],[-74.65411,5.4445],[-74.65412,5.4445],[-74.65415,5.4445],[-74.65417,5.44451],[-74.65419,5.44451],[-74.65421,5.44451],[-74.65422,5.44451],[-74.65423,5.44451],[-74.65425,5.44451],[-74.65426,5.44451],[-74.6543,5.44451],[-74.65433,5.44451],[-74.65435,5.44452],[-74.65437,5.44452],[-74.65439,5.44452],[-74.65441,5.44452],[-74.65443,5.44453],[-74.65444,5.44453],[-74.6545,5.44453],[-74.65455,5.44453],[-74.65457,5.44454],[-74.6546,5.44454],[-74.65463,5.44455],[-74.65467,5.44456],[-74.65472,5.44457],[-74.65475,5.44457],[-74.65477,5.44457],[-74.65478,5.44457],[-74.65481,5.44458],[-74.65486,5.44459],[-74.65491,5.44461],[-74.65499,5.44462],[-74.65501,5.44462],[-74.65503,5.44463],[-74.65504,5.44463],[-74.65507,5.44463],[-74.6551,5.44464],[-74.65512,5.44464],[-74.65516,5.44465],[-74.65518,5.44466],[-74.65522,5.44467],[-74.65524,5.44468],[-74.65526,5.44468],[-74.65528,5.44469],[-74.65531,5.4447],[-74.65533,5.44471],[-74.65535,5.44472],[-74.6554,5.44474],[-74.65543,5.44475],[-74.65547,5.44476],[-74.65549,5.44476],[-74.65552,5.44477],[-74.65558,5.44478],[-74.6556,5.44479],[-74.65561,5.4448],[-74.65565,5.44481],[-74.65565,5.44481],[-74.65571,5.44483],[-74.65572,5.44483],[-74.65573,5.44484],[-74.65576,5.44485],[-74.65578,5.44486],[-74.6558,5.44487],[-74.65583,5.44489],[-74.65586,5.4449],[-74.6559,5.44494],[-74.65594,5.44496],[-74.65597,5.44499],[-74.65601,5.44502],[-74.65603,5.44505],[-74.65605,5.44508],[-74.65607,5.4451],[-74.6561,5.44515],[-74.65611,5.44518],[-74.65624,5.44531],[-74.65626,5.44533],[-74.65635,5.44541],[-74.65642,5.44542],[-74.65644,5.44542],[-74.65646,5.44542],[-74.65648,5.44542],[-74.6565,5.44542],[-74.65652,5.44542],[-74.65654,5.44542],[-74.65657,5.44542],[-74.65659,5.44543],[-74.65662,5.44543],[-74.65664,5.44543],[-74.65666,5.44543],[-74.65669,5.44543],[-74.65675,5.44544],[-74.65679,5.44545],[-74.6568,5.44545],[-74.65682,5.44546],[-74.65684,5.44546],[-74.65686,5.44546],[-74.65687,5.44546],[-74.65692,5.44547],[-74.65701,5.4455],[-74.65717,5.44545],[-74.65723,5.44545],[-74.6573,5.44546],[-74.65733,5.44547],[-74.65737,5.44548],[-74.65738,5.44548],[-74.6574,5.44549],[-74.65742,5.44549],[-74.65744,5.4455],[-74.65746,5.44551],[-74.65751,5.44551],[-74.65754,5.44551],[-74.65756,5.44552],[-74.65763,5.44552],[-74.65768,5.44555],[-74.6577,5.44556],[-74.65772,5.44557],[-74.65773,5.44557],[-74.65776,5.4456],[-74.65779,5.44561],[-74.65781,5.44562],[-74.65783,5.44563],[-74.65783,5.44563],[-74.65785,5.44564],[-74.65787,5.44566],[-74.65791,5.44568],[-74.65797,5.44573],[-74.65799,5.44573],[-74.65803,5.44577],[-74.6581,5.44579],[-74.65812,5.44581],[-74.65818,5.44586],[-74.65818,5.44587],[-74.65825,5.44592],[-74.65826,5.44593],[-74.65829,5.44597],[-74.65832,5.44603],[-74.65836,5.44606],[-74.65839,5.44608],[-74.6584,5.4461],[-74.65841,5.4461],[-74.65842,5.44611],[-74.65844,5.44615],[-74.65846,5.44617],[-74.65849,5.44621],[-74.65851,5.44624],[-74.65851,5.44625],[-74.65857,5.44634],[-74.65864,5.4464],[-74.65865,5.44641],[-74.65867,5.44643],[-74.65871,5.44646],[-74.65872,5.44647],[-74.65876,5.44651],[-74.6588,5.4466],[-74.65888,5.44665],[-74.65891,5.44669],[-74.65892,5.44671],[-74.65894,5.44675],[-74.65895,5.44676],[-74.65897,5.44679],[-74.65899,5.44684],[-74.65901,5.44687],[-74.65902,5.44688],[-74.65902,5.44689],[-74.65903,5.4469],[-74.65905,5.44692],[-74.65906,5.44694],[-74.6591,5.44702],[-74.6592,5.44704],[-74.65925,5.44706],[-74.65927,5.44708],[-74.65929,5.4471],[-74.65932,5.44712],[-74.65934,5.44713],[-74.65936,5.44714],[-74.65937,5.44715],[-74.65938,5.44716],[-74.6594,5.44718],[-74.65942,5.44719],[-74.65945,5.44722],[-74.65947,5.44723],[-74.65949,5.44725],[-74.65952,5.44728],[-74.65955,5.44733],[-74.65955,5.44733],[-74.65956,5.44736],[-74.65958,5.4474],[-74.65958,5.44742],[-74.6596,5.44751],[-74.65968,5.44758],[-74.65969,5.44759],[-74.65972,5.44762],[-74.65973,5.44763],[-74.65975,5.44765],[-74.65978,5.44768],[-74.65979,5.44769],[-74.65981,5.44771],[-74.65986,5.44777],[-74.65987,5.44783],[-74.65987,5.44788],[-74.65994,5.44796],[-74.65996,5.44799],[-74.65998,5.44802],[-74.66,5.44804],[-74.66002,5.44806],[-74.66003,5.44808],[-74.66003,5.44809],[-74.66005,5.44812],[-74.66007,5.44815],[-74.66009,5.44816],[-74.66011,5.44819],[-74.66012,5.4482],[-74.66013,5.44821],[-74.66016,5.44826],[-74.66017,5.44828],[-74.66017,5.44829],[-74.66018,5.44829],[-74.66019,5.44831],[-74.6602,5.44833],[-74.6602,5.44833],[-74.66023,5.44837],[-74.66024,5.44839],[-74.66024,5.4484],[-74.66025,5.44841],[-74.66026,5.44844],[-74.66027,5.44845],[-74.66028,5.4485],[-74.66029,5.44852],[-74.66029,5.44853],[-74.6603,5.44854],[-74.6603,5.44855],[-74.66031,5.44857],[-74.66031,5.44859],[-74.66032,5.44862],[-74.66032,5.44863],[-74.66032,5.44864],[-74.66032,5.44865],[-74.66033,5.44867],[-74.66033,5.44868],[-74.66033,5.4487],[-74.66033,5.44874],[-74.66033,5.44877],[-74.66031,5.4489],[-74.66044,5.44897],[-74.66045,5.44898],[-74.66047,5.44899],[-74.66048,5.449],[-74.66049,5.44901],[-74.6605,5.44901],[-74.6605,5.44902],[-74.66052,5.44903],[-74.66054,5.44905],[-74.66056,5.44907],[-74.66056,5.44908],[-74.66057,5.44909],[-74.66059,5.44911],[-74.6606,5.44914],[-74.66061,5.44916],[-74.66061,5.44917],[-74.66062,5.44918],[-74.66063,5.44921],[-74.66063,5.44924],[-74.66064,5.44925],[-74.66064,5.44928],[-74.66065,5.4493],[-74.66065,5.44933],[-74.66065,5.44935],[-74.66065,5.44937],[-74.66065,5.44938],[-74.66065,5.44944],[-74.66071,5.44955],[-74.66078,5.4496],[-74.66081,5.44964],[-74.66084,5.44968],[-74.66086,5.44971],[-74.66087,5.44974],[-74.66089,5.44976],[-74.6609,5.44978],[-74.6609,5.4498],[-74.66091,5.44983],[-74.66092,5.44986],[-74.66092,5.44987],[-74.66092,5.44989],[-74.66093,5.4499],[-74.66093,5.44992],[-74.66094,5.44993],[-74.66094,5.44995],[-74.66095,5.44997],[-74.66096,5.45],[-74.66097,5.45003],[-74.66097,5.45007],[-74.66097,5.45009],[-74.66097,5.45011],[-74.66098,5.45015],[-74.661,5.45021],[-74.66101,5.45022],[-74.66102,5.45024],[-74.66103,5.45026],[-74.66105,5.45031],[-74.66106,5.45032],[-74.66108,5.45035],[-74.66109,5.45037],[-74.6611,5.45039],[-74.66112,5.45045],[-74.66112,5.45047],[-74.66113,5.45048],[-74.66113,5.45049],[-74.66113,5.45051],[-74.66114,5.45052],[-74.66115,5.45057],[-74.66116,5.45061],[-74.66116,5.45063],[-74.66116,5.45065],[-74.66116,5.45069],[-74.66116,5.4507],[-74.66117,5.45073],[-74.66117,5.45074],[-74.66117,5.45075],[-74.66117,5.45077],[-74.66118,5.4508],[-74.66118,5.45081],[-74.66118,5.45083],[-74.66118,5.45087],[-74.66121,5.4509],[-74.66121,5.45092],[-74.66122,5.45093],[-74.66123,5.45094],[-74.66124,5.45096],[-74.66125,5.45097],[-74.66125,5.45098],[-74.66126,5.45099],[-74.66128,5.45101],[-74.66128,5.45102],[-74.66129,5.45104],[-74.66131,5.45107],[-74.66132,5.4511],[-74.66133,5.45113],[-74.66134,5.45116],[-74.66135,5.45122],[-74.66135,5.45124],[-74.66138,5.45131],[-74.66139,5.45134],[-74.6614,5.45137],[-74.6614,5.4514],[-74.6614,5.45143],[-74.66139,5.45144],[-74.66139,5.45145],[-74.66139,5.45147],[-74.66137,5.45151],[-74.66137,5.45152],[-74.66136,5.45155],[-74.66135,5.45158],[-74.66133,5.45163],[-74.66134,5.45169],[-74.66134,5.45173],[-74.66133,5.4518],[-74.66133,5.45183],[-74.66133,5.45185],[-74.66133,5.45187],[-74.66133,5.4519],[-74.66133,5.45194],[-74.66132,5.45196],[-74.66132,5.45198],[-74.66128,5.45205],[-74.66137,5.45221],[-74.66138,5.45223],[-74.66139,5.45224],[-74.66139,5.45224],[-74.6614,5.45227],[-74.66141,5.45229],[-74.66142,5.45233],[-74.66142,5.45233],[-74.66143,5.45235],[-74.66143,5.45236],[-74.66143,5.45237],[-74.66144,5.4524],[-74.66144,5.45242],[-74.66144,5.45245],[-74.66144,5.4525],[-74.66144,5.45252],[-74.66144,5.45255],[-74.66144,5.45257],[-74.66144,5.45258],[-74.66144,5.4526],[-74.66144,5.45262],[-74.66144,5.45266],[-74.66144,5.45268],[-74.66143,5.45271],[-74.66144,5.45276],[-74.66144,5.45277],[-74.66144,5.45279],[-74.66144,5.4528],[-74.66144,5.45282],[-74.66144,5.45284],[-74.66144,5.45287],[-74.66145,5.45288],[-74.66145,5.4529],[-74.66145,5.45293],[-74.66146,5.45296],[-74.66146,5.45301],[-74.66147,5.45305],[-74.66147,5.45308],[-74.66147,5.45311],[-74.66146,5.45312],[-74.66146,5.45316],[-74.66145,5.45319],[-74.66144,5.45321],[-74.66141,5.45328],[-74.66145,5.45344],[-74.66145,5.4535],[-74.66145,5.45356],[-74.66147,5.4536],[-74.66149,5.45365],[-74.6615,5.45369],[-74.6615,5.45372],[-74.66153,5.45377],[-74.66153,5.45378],[-74.66154,5.45379],[-74.66155,5.45381],[-74.66156,5.45385],[-74.66157,5.45389],[-74.66158,5.45391],[-74.66159,5.45398],[-74.6616,5.45399],[-74.6616,5.45401],[-74.66161,5.45403],[-74.66161,5.45405],[-74.66162,5.45407],[-74.66162,5.45408],[-74.66162,5.4541],[-74.66162,5.45412],[-74.66164,5.45416],[-74.66165,5.45419],[-74.66165,5.45421],[-74.66165,5.45422],[-74.66166,5.45425],[-74.66167,5.45428],[-74.66168,5.45431],[-74.66169,5.45432],[-74.66169,5.45434],[-74.6617,5.45437],[-74.66171,5.45438],[-74.66171,5.45439],[-74.66173,5.45443],[-74.66173,5.45446],[-74.66175,5.4545],[-74.66175,5.45451],[-74.66176,5.45453],[-74.66177,5.45455],[-74.66178,5.45458],[-74.66179,5.45461],[-74.6618,5.45467],[-74.66182,5.45471],[-74.66182,5.45472],[-74.66185,5.45479],[-74.66186,5.45481],[-74.66187,5.45485],[-74.66188,5.45486],[-74.66189,5.4549],[-74.66189,5.45491],[-74.6619,5.45493],[-74.66191,5.45495],[-74.66191,5.45496],[-74.66191,5.45498],[-74.66193,5.45506],[-74.66195,5.4551],[-74.66196,5.45511],[-74.66198,5.45514],[-74.66199,5.45518],[-74.66202,5.45521],[-74.66204,5.45523],[-74.66204,5.45524],[-74.66207,5.45527],[-74.66207,5.45528],[-74.66209,5.45529],[-74.6621,5.45531],[-74.66214,5.45535],[-74.66218,5.4554],[-74.6622,5.45546],[-74.66222,5.45549],[-74.66224,5.45551],[-74.66226,5.45554],[-74.66227,5.45555],[-74.66228,5.45558],[-74.6623,5.45561],[-74.66231,5.45563],[-74.66233,5.45566],[-74.66234,5.45568],[-74.66235,5.45572],[-74.66236,5.45574],[-74.66236,5.45576],[-74.66237,5.45578],[-74.66238,5.45582],[-74.66239,5.45584],[-74.6624,5.45587],[-74.66241,5.45591],[-74.66243,5.45593],[-74.66244,5.45597],[-74.66245,5.456],[-74.66247,5.45603],[-74.66248,5.45608],[-74.66249,5.4561],[-74.66249,5.45612],[-74.6625,5.45614],[-74.6625,5.45615],[-74.6625,5.45619],[-74.66251,5.45621],[-74.66251,5.45624],[-74.66251,5.45626],[-74.66251,5.45627],[-74.66253,5.45635],[-74.66254,5.45638],[-74.66254,5.45639],[-74.66255,5.45641],[-74.66255,5.45643],[-74.66255,5.45644],[-74.66256,5.45645],[-74.66256,5.45647],[-74.66256,5.45648],[-74.66257,5.4565],[-74.66258,5.45652],[-74.66259,5.45656],[-74.66261,5.45661],[-74.66263,5.45667],[-74.66264,5.45674],[-74.66265,5.45678],[-74.66265,5.45679],[-74.66268,5.45686],[-74.66269,5.45687],[-74.6627,5.4569],[-74.66271,5.45691],[-74.66271,5.45692],[-74.66274,5.45699],[-74.66276,5.45701],[-74.66278,5.45704],[-74.6628,5.4571],[-74.66281,5.45712],[-74.66282,5.45713],[-74.66282,5.45715],[-74.66283,5.45718],[-74.66284,5.4572],[-74.66285,5.45724],[-74.66288,5.45728],[-74.66289,5.45731],[-74.6629,5.45733],[-74.66296,5.45741],[-74.663,5.45746],[-74.66302,5.45751],[-74.66303,5.45755],[-74.66304,5.45756],[-74.66305,5.45759],[-74.66305,5.45762],[-74.66306,5.45765],[-74.66308,5.45768],[-74.66309,5.4577],[-74.66312,5.45776],[-74.66315,5.45781],[-74.66316,5.45782],[-74.6632,5.45788],[-74.66324,5.458],[-74.66325,5.45802],[-74.66327,5.4581],[-74.66328,5.45813],[-74.66328,5.45815],[-74.6633,5.45818],[-74.66332,5.45824],[-74.66333,5.45825],[-74.66337,5.45836],[-74.66338,5.45839],[-74.66339,5.4584],[-74.66341,5.45849],[-74.66342,5.45854],[-74.66345,5.45865],[-74.66345,5.45866],[-74.66346,5.45868],[-74.66347,5.45871],[-74.66348,5.45875],[-74.66351,5.45879],[-74.66352,5.45883],[-74.66353,5.45885],[-74.66355,5.45891],[-74.66356,5.45895],[-74.66357,5.45898],[-74.66358,5.45901],[-74.66358,5.45902],[-74.66358,5.45904],[-74.6636,5.45907],[-74.66361,5.45911],[-74.66362,5.45915],[-74.66361,5.4592],[-74.66362,5.45922],[-74.66362,5.45926],[-74.66363,5.45929],[-74.66365,5.45933],[-74.66365,5.45937],[-74.66365,5.45939],[-74.66366,5.45942],[-74.66367,5.45944],[-74.66368,5.45947],[-74.66369,5.45949],[-74.6637,5.45951],[-74.6637,5.45952],[-74.66371,5.45954],[-74.66372,5.45957],[-74.66372,5.45959],[-74.66373,5.45963],[-74.66374,5.45968],[-74.66375,5.4597],[-74.66375,5.45972],[-74.66376,5.45974],[-74.66377,5.45977],[-74.66378,5.45981],[-74.6638,5.45985],[-74.66381,5.45991],[-74.66382,5.45995],[-74.66383,5.46],[-74.66384,5.46004],[-74.66385,5.46008],[-74.66386,5.46012],[-74.66387,5.46016],[-74.66387,5.46017],[-74.66387,5.46018],[-74.66388,5.4602],[-74.66388,5.46022],[-74.66388,5.46025],[-74.66389,5.46027],[-74.66389,5.46028],[-74.6639,5.46031],[-74.6639,5.46032],[-74.66391,5.46035],[-74.66392,5.4604],[-74.66393,5.46044],[-74.66393,5.46047],[-74.66394,5.4605],[-74.66394,5.46051],[-74.66395,5.46057],[-74.66395,5.46059],[-74.66395,5.46061],[-74.66396,5.46062],[-74.66396,5.46064],[-74.66396,5.46065],[-74.66397,5.46068],[-74.66397,5.46069],[-74.664,5.46081],[-74.66402,5.46084],[-74.66403,5.46089],[-74.66403,5.4609],[-74.66403,5.46091],[-74.66404,5.46094],[-74.66405,5.46097],[-74.66405,5.461],[-74.66406,5.46102],[-74.66406,5.46103],[-74.66407,5.46105],[-74.66407,5.46108],[-74.66408,5.4611],[-74.66408,5.46111],[-74.66408,5.46113],[-74.66409,5.46116],[-74.6641,5.46122],[-74.66411,5.46124],[-74.66412,5.46127],[-74.66412,5.4613],[-74.66412,5.46131],[-74.66412,5.46133],[-74.66413,5.46135],[-74.66414,5.46138],[-74.66414,5.46139],[-74.66414,5.46141],[-74.66415,5.46144],[-74.66416,5.46147],[-74.66417,5.46151],[-74.66417,5.46156],[-74.66418,5.4616],[-74.66419,5.46162],[-74.66419,5.46163],[-74.66419,5.46166],[-74.6642,5.46168],[-74.6642,5.4617],[-74.66421,5.46171],[-74.66421,5.46172],[-74.66422,5.46175],[-74.66422,5.46175],[-74.66422,5.46178],[-74.66423,5.46182],[-74.66424,5.46187],[-74.66427,5.46203],[-74.66429,5.46223],[-74.66436,5.46236],[-74.66439,5.46253],[-74.6644,5.46253],[-74.66442,5.46253],[-74.66443,5.46252],[-74.66443,5.46252],[-74.66447,5.46249],[-74.66447,5.46248],[-74.66446,5.46247],[-74.66446,5.46246],[-74.66447,5.46245],[-74.66448,5.46245],[-74.66448,5.46245],[-74.66448,5.4625],[-74.66447,5.46251],[-74.66447,5.46251],[-74.66447,5.46252],[-74.66448,5.46253],[-74.66448,5.46253],[-74.66446,5.46253],[-74.66446,5.46254],[-74.66446,5.46257],[-74.66445,5.46257],[-74.66444,5.46257],[-74.66443,5.46258],[-74.66443,5.46258],[-74.66442,5.46258],[-74.66442,5.46259],[-74.66443,5.4626],[-74.66443,5.46261],[-74.66443,5.46263],[-74.6645,5.46282],[-74.66454,5.46302],[-74.66456,5.46305],[-74.66446,5.46356],[-74.66439,5.46393],[-74.66441,5.4641],[-74.66441,5.46412],[-74.66442,5.46416],[-74.66442,5.46419],[-74.66442,5.46422],[-74.66442,5.46424],[-74.66442,5.46425],[-74.66442,5.46428],[-74.66441,5.46435],[-74.66442,5.46442],[-74.66443,5.46443],[-74.66443,5.46445],[-74.66444,5.46449],[-74.66445,5.46453],[-74.66445,5.46461],[-74.66445,5.46466],[-74.66446,5.46467],[-74.66446,5.46473],[-74.66446,5.46476],[-74.66447,5.46478],[-74.66447,5.46479],[-74.66447,5.4648],[-74.66447,5.46482],[-74.66447,5.46483],[-74.66447,5.46486],[-74.66448,5.46492],[-74.66449,5.46503],[-74.66449,5.46504],[-74.66449,5.46507],[-74.66449,5.4651],[-74.66449,5.46512],[-74.66449,5.46513],[-74.66449,5.46516],[-74.66449,5.46519],[-74.6645,5.46523],[-74.66451,5.46533],[-74.66451,5.46535],[-74.66451,5.46537],[-74.6645,5.4654],[-74.66451,5.46545],[-74.66451,5.46547],[-74.66451,5.46557],[-74.66451,5.46559],[-74.6645,5.46562],[-74.66453,5.46573],[-74.66453,5.46578],[-74.66453,5.46579],[-74.66453,5.46581],[-74.66453,5.46583],[-74.66453,5.46585],[-74.66453,5.46593],[-74.66453,5.46597],[-74.66452,5.46605],[-74.66452,5.46606],[-74.66452,5.46608],[-74.66451,5.4661],[-74.66451,5.46613],[-74.66451,5.46615],[-74.66451,5.46617],[-74.6645,5.4662],[-74.6645,5.46625],[-74.66447,5.46633],[-74.66451,5.46643],[-74.66451,5.46644],[-74.66452,5.46645],[-74.66453,5.46647],[-74.66454,5.4665],[-74.66455,5.46653],[-74.66456,5.46657],[-74.66456,5.46659],[-74.66457,5.46662],[-74.66458,5.46665],[-74.6646,5.46682],[-74.6646,5.46683],[-74.66461,5.46685],[-74.66461,5.46692],[-74.66461,5.46693],[-74.66461,5.46696],[-74.66461,5.46698],[-74.66461,5.467],[-74.66462,5.46702],[-74.66462,5.46712],[-74.66463,5.46717],[-74.66463,5.46721],[-74.66463,5.46724],[-74.66463,5.46726],[-74.66463,5.46729],[-74.66464,5.46732],[-74.66465,5.46737],[-74.66465,5.4674],[-74.66465,5.46743],[-74.66466,5.46749],[-74.66467,5.46752],[-74.66467,5.46755],[-74.66467,5.46756],[-74.66467,5.46759],[-74.66467,5.4676],[-74.66467,5.46762],[-74.66467,5.46765],[-74.66466,5.46769],[-74.66467,5.46772],[-74.66469,5.46782],[-74.66469,5.46786],[-74.6647,5.46789],[-74.6647,5.46791],[-74.6647,5.46794],[-74.66471,5.46801],[-74.66471,5.46805],[-74.66472,5.46808],[-74.66473,5.46813],[-74.66473,5.46817],[-74.66473,5.4682],[-74.66474,5.46824],[-74.66474,5.46828],[-74.66474,5.46832],[-74.66476,5.46838],[-74.66478,5.46846],[-74.66478,5.46851],[-74.66478,5.46857],[-74.66478,5.46859],[-74.66478,5.46862],[-74.66478,5.46864],[-74.66478,5.46868],[-74.66477,5.46874],[-74.66479,5.46878],[-74.66479,5.46882],[-74.66479,5.46885],[-74.6648,5.46887],[-74.66481,5.46891],[-74.66482,5.46896],[-74.66483,5.46898],[-74.66484,5.46901],[-74.66485,5.46904],[-74.66485,5.46907],[-74.66486,5.46911],[-74.66486,5.46917],[-74.66488,5.46922],[-74.66489,5.46926],[-74.6649,5.46928],[-74.66491,5.46938],[-74.66491,5.46942],[-74.66489,5.46964],[-74.66495,5.46975],[-74.66498,5.46982],[-74.66505,5.46989],[-74.66506,5.4699],[-74.66507,5.46994],[-74.66508,5.46995],[-74.6651,5.47],[-74.66512,5.47003],[-74.66513,5.47004],[-74.66514,5.47006],[-74.66516,5.47008],[-74.66518,5.47011],[-74.6652,5.47014],[-74.66526,5.47024],[-74.6653,5.47036],[-74.66531,5.47041],[-74.66531,5.4705],[-74.66535,5.47056],[-74.66537,5.47061],[-74.66538,5.47063],[-74.66539,5.47066],[-74.66539,5.47067],[-74.66541,5.4707],[-74.66541,5.47071],[-74.66544,5.47076],[-74.66546,5.47081],[-74.66546,5.47084],[-74.66549,5.47089],[-74.66551,5.47094],[-74.66552,5.47098],[-74.66554,5.47102],[-74.66555,5.47106],[-74.66556,5.4711],[-74.66556,5.47112],[-74.66557,5.47115],[-74.66558,5.47117],[-74.66558,5.47119],[-74.66559,5.47121],[-74.66562,5.47128],[-74.66564,5.47132],[-74.66565,5.47135],[-74.66566,5.47137],[-74.66568,5.47142],[-74.66571,5.47145],[-74.66576,5.47152],[-74.66585,5.47164],[-74.66588,5.47169],[-74.66589,5.47173],[-74.66592,5.47177],[-74.66595,5.47181],[-74.66597,5.47186],[-74.66599,5.47189],[-74.666,5.47192],[-74.66601,5.47196],[-74.66603,5.47199],[-74.66604,5.47206],[-74.66605,5.4721],[-74.66606,5.47212],[-74.66609,5.47218],[-74.6661,5.47221],[-74.66611,5.47225],[-74.66613,5.47229],[-74.66614,5.47232],[-74.66614,5.47233],[-74.66614,5.47235],[-74.66616,5.47239],[-74.66617,5.47242],[-74.66617,5.47245],[-74.66618,5.47246],[-74.66619,5.47252],[-74.66619,5.47256],[-74.66619,5.4726],[-74.66619,5.47262],[-74.6662,5.47263],[-74.6662,5.4727],[-74.66624,5.47276],[-74.66627,5.47292],[-74.66632,5.47296],[-74.66634,5.473],[-74.66636,5.47303],[-74.66638,5.47308],[-74.6664,5.47313],[-74.66641,5.47318],[-74.66641,5.47321],[-74.66642,5.47327],[-74.66643,5.47329],[-74.66643,5.47333],[-74.66644,5.47344],[-74.66652,5.47351],[-74.66654,5.47355],[-74.66656,5.47359],[-74.66657,5.47363],[-74.66658,5.47367],[-74.66661,5.47374],[-74.66662,5.47377],[-74.66663,5.47382],[-74.66665,5.47391],[-74.66666,5.47394],[-74.66668,5.47397],[-74.66669,5.474],[-74.66669,5.47401],[-74.66671,5.47405],[-74.66672,5.47407],[-74.66672,5.47409],[-74.66674,5.47414],[-74.66675,5.47416],[-74.66675,5.47418],[-74.66677,5.47428],[-74.66678,5.47433],[-74.6668,5.47437],[-74.66682,5.47445],[-74.66682,5.47447],[-74.66684,5.47451],[-74.66684,5.47453],[-74.66684,5.47455],[-74.66685,5.47458],[-74.66686,5.47463],[-74.66686,5.47466],[-74.66687,5.47469],[-74.66688,5.47472],[-74.66688,5.47475],[-74.66688,5.47476],[-74.66688,5.47478],[-74.66689,5.47481],[-74.66689,5.47482],[-74.6669,5.47484],[-74.6669,5.47486],[-74.6669,5.47488],[-74.66691,5.47489],[-74.66691,5.47495],[-74.66692,5.475],[-74.66691,5.47502],[-74.6669,5.47508],[-74.6669,5.4751],[-74.6669,5.47511],[-74.66689,5.47518],[-74.66689,5.47524],[-74.66689,5.47528],[-74.66688,5.47535],[-74.66694,5.47542],[-74.66697,5.47548],[-74.66699,5.47552],[-74.66699,5.47559],[-74.66699,5.47564],[-74.66699,5.47566],[-74.66699,5.47569],[-74.66699,5.47572],[-74.66698,5.47573],[-74.66697,5.47577],[-74.66699,5.47583],[-74.66699,5.47588],[-74.66698,5.47594],[-74.667,5.47601],[-74.66701,5.47603],[-74.66702,5.47606],[-74.66702,5.47611],[-74.667,5.47619],[-74.66704,5.47625],[-74.66705,5.47628],[-74.66707,5.47632],[-74.66707,5.47634],[-74.66708,5.47635],[-74.66708,5.47637],[-74.66709,5.47639],[-74.6671,5.47643],[-74.6671,5.47645],[-74.6671,5.47649],[-74.66712,5.47653],[-74.66712,5.47654],[-74.66714,5.47658],[-74.66714,5.4766],[-74.66715,5.4766],[-74.66715,5.47662],[-74.66715,5.47664],[-74.66716,5.47668],[-74.66716,5.47671],[-74.66716,5.47672],[-74.66716,5.47677],[-74.66716,5.47679],[-74.66717,5.47681],[-74.66717,5.47686],[-74.66717,5.4769],[-74.66714,5.47702],[-74.66721,5.47709],[-74.6672,5.47722],[-74.66719,5.47725],[-74.66721,5.47732],[-74.66721,5.47734],[-74.66722,5.47738],[-74.66722,5.47741],[-74.66722,5.47744],[-74.66723,5.47749],[-74.66724,5.47753],[-74.66724,5.47756],[-74.66725,5.4776],[-74.66726,5.47763],[-74.66726,5.47765],[-74.66727,5.47768],[-74.66728,5.47773],[-74.66728,5.47777],[-74.66729,5.47781],[-74.66729,5.47785],[-74.6673,5.47788],[-74.6673,5.47793],[-74.6673,5.47794],[-74.66731,5.47798],[-74.66731,5.47801],[-74.66732,5.47805],[-74.66732,5.47808],[-74.66732,5.47818],[-74.66732,5.4782],[-74.66732,5.47822],[-74.66732,5.47825],[-74.66732,5.47835],[-74.66731,5.47836],[-74.66731,5.47839],[-74.66731,5.47845],[-74.6673,5.4785],[-74.6673,5.47853],[-74.66728,5.47859],[-74.66732,5.47866],[-74.66732,5.47871],[-74.66732,5.47875],[-74.66732,5.47876],[-74.66733,5.4788],[-74.66733,5.47883],[-74.66733,5.47886],[-74.66733,5.4789],[-74.66731,5.47899],[-74.66727,5.47908],[-74.66728,5.47915],[-74.66726,5.47927],[-74.66728,5.47937],[-74.66727,5.47945],[-74.66723,5.47953],[-74.66709,5.47962],[-74.66708,5.47973],[-74.66707,5.47981],[-74.66706,5.47986],[-74.66705,5.47989],[-74.66705,5.47992],[-74.66703,5.47998],[-74.66702,5.48003],[-74.66702,5.48005],[-74.66701,5.4801],[-74.667,5.48013],[-74.667,5.48018],[-74.66699,5.48023],[-74.66698,5.48027],[-74.66697,5.48034],[-74.66696,5.4804],[-74.66696,5.48041],[-74.66696,5.48041],[-74.66697,5.48041],[-74.66697,5.4804],[-74.66698,5.48038],[-74.66699,5.48038],[-74.667,5.4804],[-74.66699,5.48041],[-74.66697,5.48041],[-74.66696,5.48041],[-74.66696,5.48042],[-74.66696,5.48043],[-74.66695,5.48043],[-74.66695,5.48044],[-74.66695,5.48047],[-74.66693,5.48054],[-74.66693,5.48058],[-74.66692,5.48061],[-74.6669,5.48065],[-74.6669,5.48072],[-74.66689,5.48077],[-74.66689,5.48082],[-74.66687,5.48092],[-74.66687,5.48096],[-74.66686,5.481],[-74.66686,5.48102],[-74.66685,5.48107],[-74.66684,5.48112],[-74.66684,5.48114],[-74.66684,5.48116],[-74.66683,5.4812],[-74.66683,5.48123],[-74.66683,5.48125],[-74.66683,5.48126],[-74.66683,5.48126],[-74.66682,5.48127],[-74.66682,5.48129],[-74.66682,5.48131],[-74.66683,5.48132],[-74.66683,5.48133],[-74.66683,5.48133],[-74.66684,5.48133],[-74.66686,5.48135],[-74.66687,5.48134],[-74.66687,5.48135],[-74.66687,5.48135],[-74.66687,5.48136],[-74.66689,5.48136],[-74.6669,5.48135],[-74.66691,5.48135],[-74.66692,5.48136],[-74.66692,5.48137],[-74.66693,5.48138],[-74.66693,5.48139],[-74.66692,5.48138],[-74.6669,5.48138],[-74.66689,5.48139],[-74.66688,5.48139],[-74.66687,5.48138],[-74.66686,5.48138],[-74.66685,5.48139],[-74.66683,5.48139],[-74.66683,5.48139],[-74.66683,5.4814],[-74.66684,5.48141],[-74.66684,5.48142],[-74.66683,5.48143],[-74.66684,5.48144],[-74.66684,5.48145],[-74.66685,5.48146],[-74.66684,5.48147],[-74.66684,5.4815],[-74.66685,5.48151],[-74.66685,5.48152],[-74.66684,5.48153],[-74.66685,5.48154],[-74.66684,5.48154],[-74.66685,5.48155],[-74.66685,5.48164],[-74.66686,5.48165],[-74.66686,5.48166],[-74.66685,5.48167],[-74.66686,5.48168],[-74.66686,5.4817],[-74.66685,5.48171],[-74.66686,5.48172],[-74.66686,5.48174],[-74.66687,5.48175],[-74.66686,5.48176],[-74.66687,5.48177],[-74.66687,5.48181],[-74.66687,5.48182],[-74.66687,5.48184],[-74.66688,5.48185],[-74.66688,5.48196],[-74.66689,5.48197],[-74.66689,5.48205],[-74.6669,5.48206],[-74.6669,5.48209],[-74.66691,5.4821],[-74.66691,5.48215],[-74.66692,5.48216],[-74.66692,5.4822],[-74.66693,5.48221],[-74.66693,5.48223],[-74.66694,5.48224],[-74.66694,5.48226],[-74.66695,5.48227],[-74.66694,5.48228],[-74.66695,5.48229],[-74.66694,5.48229],[-74.66695,5.4823],[-74.66695,5.48231],[-74.66694,5.48232],[-74.66695,5.48233],[-74.66695,5.48236],[-74.66696,5.48237],[-74.66696,5.48239],[-74.66697,5.48239],[-74.66697,5.48242],[-74.66697,5.48243],[-74.66697,5.48249],[-74.66699,5.48251],[-74.66699,5.48252],[-74.667,5.48253],[-74.66701,5.48253],[-74.66702,5.48254],[-74.66703,5.48254],[-74.66703,5.48254],[-74.66703,5.48254],[-74.66701,5.48254],[-74.667,5.48253],[-74.66698,5.48255],[-74.66699,5.48256],[-74.66699,5.48259],[-74.667,5.4826],[-74.667,5.48264],[-74.66701,5.48264],[-74.66702,5.48264],[-74.66702,5.48265],[-74.66702,5.48265],[-74.66701,5.48265],[-74.667,5.48266],[-74.667,5.48267],[-74.66701,5.48267],[-74.66701,5.4827],[-74.66702,5.48271],[-74.66702,5.48275],[-74.66703,5.48276],[-74.66703,5.48282],[-74.66704,5.48283],[-74.66704,5.48285],[-74.66705,5.48286],[-74.66705,5.48287],[-74.66706,5.48288],[-74.66706,5.4829],[-74.66707,5.48292],[-74.66707,5.48293],[-74.66707,5.48294],[-74.66708,5.48295],[-74.66709,5.48295],[-74.66709,5.48295],[-74.66709,5.48296],[-74.66708,5.48296],[-74.66707,5.48296],[-74.66707,5.48299],[-74.66708,5.483],[-74.66708,5.48302],[-74.66709,5.48303],[-74.66709,5.48304],[-74.66711,5.48305],[-74.6671,5.48306],[-74.6671,5.48307],[-74.66711,5.48308],[-74.6671,5.48309],[-74.66711,5.4831],[-74.66711,5.48312],[-74.66712,5.48313],[-74.66712,5.48314],[-74.66711,5.48314],[-74.66712,5.48315],[-74.66712,5.48316],[-74.66713,5.48317],[-74.66713,5.4832],[-74.66714,5.48321],[-74.66714,5.48323],[-74.66715,5.48326],[-74.66715,5.48327],[-74.66716,5.48328],[-74.66716,5.48329],[-74.66716,5.4833],[-74.66716,5.48331],[-74.66717,5.48331],[-74.66718,5.4833],[-74.66718,5.48331],[-74.66718,5.48332],[-74.66719,5.48332],[-74.6672,5.48332],[-74.66722,5.48334],[-74.66723,5.48334],[-74.66724,5.48334],[-74.66724,5.48335],[-74.66725,5.48336],[-74.66725,5.48338],[-74.66725,5.48339],[-74.66728,5.48339],[-74.66729,5.48339],[-74.6673,5.48339],[-74.66731,5.48339],[-74.66731,5.48339],[-74.66733,5.4834],[-74.66732,5.48341],[-74.66732,5.48342],[-74.66732,5.48342],[-74.66731,5.48342],[-74.66729,5.48344],[-74.66727,5.48344],[-74.66726,5.48345],[-74.66725,5.48344],[-74.66724,5.48344],[-74.66723,5.48342],[-74.66723,5.4834],[-74.66722,5.48339],[-74.66722,5.48338],[-74.66722,5.48337],[-74.66721,5.48337],[-74.6672,5.48337],[-74.66719,5.48337],[-74.66718,5.48337],[-74.66721,5.4834],[-74.66721,5.48341],[-74.6672,5.48342],[-74.6672,5.48343],[-74.66721,5.48344],[-74.66721,5.48345],[-74.66722,5.48346],[-74.66722,5.48348],[-74.66723,5.48349],[-74.66723,5.48351],[-74.66724,5.48352],[-74.66724,5.48357],[-74.66725,5.48358],[-74.66725,5.48361],[-74.66726,5.48361],[-74.66726,5.48364],[-74.66726,5.48365],[-74.66726,5.48368],[-74.66727,5.48369],[-74.66727,5.4837],[-74.66728,5.48371],[-74.66728,5.48375],[-74.66729,5.48376],[-74.66729,5.48377],[-74.66731,5.48378],[-74.66732,5.48377],[-74.66732,5.48378],[-74.66731,5.48379],[-74.66731,5.4838],[-74.66733,5.48381],[-74.66733,5.48382],[-74.66732,5.48383],[-74.66734,5.48385],[-74.66734,5.48386],[-74.66735,5.48387],[-74.66735,5.48392],[-74.66735,5.48393],[-74.66736,5.48396],[-74.66736,5.48397],[-74.66736,5.48398],[-74.66736,5.48399],[-74.66736,5.48403],[-74.66738,5.48405],[-74.66738,5.48409],[-74.6674,5.48411],[-74.66741,5.48411],[-74.66742,5.48412],[-74.66741,5.48412],[-74.66741,5.48412],[-74.66739,5.48414],[-74.66741,5.48415],[-74.66741,5.48414],[-74.66742,5.48415],[-74.66742,5.48416],[-74.66742,5.48416],[-74.66746,5.48416],[-74.66746,5.48417],[-74.66746,5.48417],[-74.66744,5.48417],[-74.66744,5.48418],[-74.66745,5.48419],[-74.66746,5.48419],[-74.66746,5.48419],[-74.66746,5.4842],[-74.66747,5.48421],[-74.66748,5.48421],[-74.66749,5.48422],[-74.6675,5.48422],[-74.6675,5.48421],[-74.66749,5.4842],[-74.66749,5.48418],[-74.6675,5.48418],[-74.66752,5.4842],[-74.66752,5.48421],[-74.66751,5.48421],[-74.66751,5.48421],[-74.6675,5.48422],[-74.66751,5.48424],[-74.66752,5.48424],[-74.66753,5.48423],[-74.66754,5.48423],[-74.66756,5.48424],[-74.66758,5.48424],[-74.66758,5.48424],[-74.66757,5.48423],[-74.66758,5.48423],[-74.6676,5.48423],[-74.66761,5.48421],[-74.66762,5.48422],[-74.66763,5.48422],[-74.66763,5.48422],[-74.66762,5.48424],[-74.66763,5.48425],[-74.66762,5.48425],[-74.6676,5.48423],[-74.6676,5.48424],[-74.6676,5.48426],[-74.6676,5.48426],[-74.66759,5.48426],[-74.66758,5.48425],[-74.66755,5.48427],[-74.66755,5.48428],[-74.66755,5.48429],[-74.66754,5.48428],[-74.66752,5.48428],[-74.66752,5.48427],[-74.66752,5.48427],[-74.66752,5.48426],[-74.66753,5.48427],[-74.66754,5.48426],[-74.66755,5.48426],[-74.66756,5.48426],[-74.66756,5.48425],[-74.66755,5.48424],[-74.6675,5.48424],[-74.66746,5.48421],[-74.66745,5.48421],[-74.66743,5.48418],[-74.66743,5.48418],[-74.66742,5.48417],[-74.66742,5.48418],[-74.66742,5.48421],[-74.66743,5.48422],[-74.66743,5.48423],[-74.66742,5.48424],[-74.66743,5.48425],[-74.66743,5.48426],[-74.66745,5.48427],[-74.66745,5.48428],[-74.66744,5.48429],[-74.66744,5.48431],[-74.66745,5.48432],[-74.66745,5.48434],[-74.66745,5.48435],[-74.66745,5.48437],[-74.66746,5.48438],[-74.66746,5.4844],[-74.66747,5.48441],[-74.66746,5.48442],[-74.66747,5.48443],[-74.66747,5.48445],[-74.66748,5.48446],[-74.66748,5.48448],[-74.66752,5.4846],[-74.66753,5.48462],[-74.66752,5.48463],[-74.66753,5.48464],[-74.66753,5.48465],[-74.66753,5.48465],[-74.66754,5.48465],[-74.66755,5.48465],[-74.66755,5.48466],[-74.66754,5.48467],[-74.66753,5.48467],[-74.66753,5.48467],[-74.66753,5.48469],[-74.66752,5.48469],[-74.66751,5.48469],[-74.66751,5.4847],[-74.66751,5.48471],[-74.6675,5.48472],[-74.6675,5.48473],[-74.66751,5.48474],[-74.66751,5.48476],[-74.66752,5.48477],[-74.66752,5.48478],[-74.66756,5.48483],[-74.66755,5.48484],[-74.66755,5.48486],[-74.66756,5.48487],[-74.66757,5.48487],[-74.66757,5.48487],[-74.66755,5.48489],[-74.66755,5.4849],[-74.66755,5.4849],[-74.66754,5.4849],[-74.66754,5.48491],[-74.66754,5.48492],[-74.66754,5.48492],[-74.66755,5.48492],[-74.66755,5.48493],[-74.66755,5.48493],[-74.66755,5.48494],[-74.66755,5.48495],[-74.66755,5.48496],[-74.66754,5.48495],[-74.66753,5.48496],[-74.66754,5.48498],[-74.66756,5.48498],[-74.66756,5.48498],[-74.66756,5.48499],[-74.66757,5.485],[-74.66756,5.48501],[-74.66756,5.48503],[-74.66755,5.48504],[-74.66757,5.48506],[-74.66758,5.48506],[-74.66758,5.48506],[-74.66758,5.48507],[-74.66759,5.48508],[-74.6676,5.48508],[-74.66763,5.48511],[-74.66763,5.48512],[-74.66764,5.48512],[-74.66763,5.48513],[-74.66764,5.48514],[-74.66764,5.48516],[-74.66764,5.48517],[-74.66764,5.48519],[-74.66764,5.4852],[-74.66764,5.48521],[-74.66764,5.48522],[-74.66764,5.48523],[-74.66764,5.48524],[-74.66763,5.48525],[-74.66763,5.48527],[-74.66763,5.48527],[-74.66764,5.48527],[-74.66765,5.48528],[-74.66765,5.48529],[-74.66764,5.48529],[-74.66763,5.48529],[-74.66763,5.4853],[-74.66763,5.48531],[-74.66765,5.48532],[-74.66765,5.48534],[-74.66768,5.48537],[-74.66769,5.48537],[-74.66769,5.48538],[-74.66769,5.48539],[-74.66771,5.4854],[-74.66771,5.48541],[-74.66774,5.48544],[-74.66774,5.48545],[-74.66774,5.48546],[-74.66775,5.48546],[-74.66775,5.48546],[-74.66775,5.48551],[-74.66776,5.48552],[-74.66776,5.48554],[-74.66777,5.48555],[-74.66778,5.48556],[-74.66778,5.48559],[-74.6678,5.4856],[-74.6678,5.48561],[-74.66781,5.48562],[-74.66781,5.48565],[-74.66781,5.48565],[-74.66782,5.48565],[-74.66783,5.48566],[-74.66783,5.48568],[-74.66782,5.48568],[-74.66783,5.48569],[-74.66783,5.48571],[-74.66783,5.48572],[-74.66784,5.48576],[-74.66784,5.48577],[-74.66784,5.48578],[-74.66784,5.48579],[-74.66788,5.48584],[-74.66788,5.48585],[-74.66789,5.48586],[-74.66789,5.48587],[-74.66789,5.48587],[-74.66788,5.48587],[-74.66787,5.48587],[-74.66788,5.48588],[-74.66789,5.48588],[-74.6679,5.48588],[-74.6679,5.48589],[-74.66791,5.4859],[-74.6679,5.48591],[-74.6679,5.48592],[-74.6679,5.48593],[-74.66792,5.48593],[-74.66793,5.48593],[-74.66794,5.48593],[-74.66794,5.48594],[-74.66794,5.48594],[-74.66793,5.48594],[-74.66792,5.48593],[-74.66791,5.48593],[-74.66791,5.48594],[-74.66793,5.48596],[-74.66793,5.48597],[-74.66793,5.48597],[-74.66793,5.48598],[-74.66793,5.48599],[-74.66793,5.486],[-74.66793,5.48601],[-74.66793,5.48602],[-74.66793,5.48603],[-74.66794,5.48603],[-74.66796,5.48603],[-74.66796,5.48604],[-74.66796,5.48604],[-74.66794,5.48604],[-74.66793,5.48605],[-74.66794,5.48605],[-74.66795,5.48605],[-74.66795,5.48606],[-74.66795,5.48606],[-74.66796,5.48607],[-74.66795,5.48608],[-74.66795,5.48611],[-74.66797,5.48612],[-74.66798,5.48612],[-74.66799,5.48613],[-74.66799,5.48613],[-74.668,5.48614],[-74.66799,5.48614],[-74.66797,5.48614],[-74.66796,5.48615],[-74.66796,5.48616],[-74.66797,5.48616],[-74.66797,5.48617],[-74.66798,5.48618],[-74.66799,5.48618],[-74.668,5.48619],[-74.66799,5.48619],[-74.66799,5.48619],[-74.66798,5.48619],[-74.66799,5.4862],[-74.66799,5.48621],[-74.66799,5.48621],[-74.668,5.48622],[-74.668,5.48622],[-74.66801,5.48625],[-74.66804,5.48629],[-74.66807,5.48634],[-74.66809,5.48636],[-74.66812,5.48639],[-74.66816,5.48643],[-74.66819,5.48649],[-74.66823,5.48657],[-74.66824,5.4866],[-74.66824,5.48663],[-74.66828,5.48672]]]},"properties":{"FID":0,"OBJECTID":1,"ID_AMENA":1,"CODSUELO":"1738001","CODAMENA":"1","TIPO":"Socavación Lateral","GRADO":"Baja","AREA":5558114.3123,"PERIMETER":21232.7512914,"Shape_Leng":21232.7511697,"Shape_Area":5558114.30918}},{"type":"Feature","id":1,"geometry":{"type":"Polygon","coordinates":[[[-74.65494,5.44183],[-74.65496,5.44183],[-74.65497,5.44183],[-74.65496,5.44182],[-74.65494,5.44183]]]},"properties":{"FID":1,"OBJECTID":2,"ID_AMENA":2,"CODSUELO":"1738001","CODAMENA":"2","TIPO":"Socavación Lateral","GRADO":"Alta","AREA":1.84007865071,"PERIMETER":6.3331434358,"Shape_Leng":6.33312873572,"Shape_Area":1.84007936022}},{"type":"Feature","id":2,"geometry":{"type":"Polygon","coordinates":[[[-74.6548,5.44185],[-74.6548,5.44186],[-74.65481,5.44185],[-74.6548,5.44185]]]},"properties":{"FID":2,"OBJECTID":3,"ID_AMENA":3,"CODSUELO":"1738001","CODAMENA":"3","TIPO":"Socavación Lateral","GRADO":"Alta","AREA":0.0187470996914,"PERIMETER":0.907953725414,"Shape_Leng":0.907999400376,"Shape_Area":0.0187487999996}},{"type":"Feature","id":3,"geometry":{"type":"Polygon","coordinates":[[[-74.65479,5.44186],[-74.65479,5.44186],[-74.65479,5.44186],[-74.65479,5.44186]]]},"properties":{"FID":3,"OBJECTID":4,"ID_AMENA":4,"CODSUELO":"1738001","CODAMENA":"4","TIPO":"Socavación Lateral","GRADO":"Alta","AREA":0.000141051385083,"PERIMETER":0.0768569033124,"Shape_Leng":0.076761031749,"Shape_Area":0.000140700006544}},{"type":"Feature","id":4,"geometry":{"type":"Polygon","coordinates":[[[-74.65467,5.44189],[-74.65468,5.44189],[-74.65468,5.44189],[-74.6547,5.44189],[-74.65469,5.44187],[-74.65467,5.44189]]]},"properties":{"FID":4,"OBJECTID":5,"ID_AMENA":5,"CODSUELO":"1738001","CODAMENA":"5","TIPO":"Socavación Lateral","GRADO":"Alta","AREA":2.81895053949,"PERIMETER":7.70122530872,"Shape_Leng":7.70115492963,"Shape_Area":2.81889991623}},{"type":"Feature","id":5,"geometry":{"type":"Polygon","coordinates":[[[-74.66683,5.44437],[-74.66684,5.44436],[-74.66683,5.44436],[-74.66683,5.44436],[-74.66683,5.44437]]]},"properties":{"FID":5,"OBJECTID":6,"ID_AMENA":6,"CODSUELO":"1738001","CODAMENA":"6","TIPO":"Socavación Lateral","GRADO":"Alta","AREA":0.540562327264,"PERIMETER":3.55426963745,"Shape_Leng":3.55425779472,"Shape_Area":0.540558400713}},{"type":"Feature","id":6,"geometry":{"type":"Polygon","coordinates":[[[-74.66601,5.44462],[-74.66605,5.44462],[-74.66607,5.44462],[-74.66608,5.44462],[-74.6661,5.44462],[-74.66611,5.44462],[-74.66613,5.44462],[-74.66617,5.44462],[-74.6662,5.44461],[-74.66622,5.44461],[-74.66625,5.44461],[-74.66628,5.44461],[-74.66632,5.4446],[-74.66634,5.4446],[-74.66637,5.4446],[-74.66638,5.4446],[-74.66641,5.4446],[-74.66643,5.4446],[-74.66644,5.4446],[-74.66649,5.4446],[-74.6665,5.4446],[-74.66651,5.4446],[-74.66651,5.4446],[-74.66653,5.4446],[-74.66655,5.4446],[-74.66658,5.44459],[-74.66661,5.44458],[-74.66664,5.44457],[-74.66671,5.44452],[-74.66672,5.44453],[-74.66683,5.44455],[-74.66684,5.44455],[-74.66689,5.44456],[-74.66694,5.44456],[-74.66696,5.44456],[-74.66698,5.44456],[-74.66701,5.44456],[-74.66704,5.44456],[-74.66705,5.44456],[-74.6671,5.44456],[-74.66714,5.44457],[-74.66716,5.44457],[-74.66721,5.44457],[-74.66722,5.44457],[-74.66726,5.44458],[-74.66729,5.44458],[-74.66732,5.44458],[-74.66739,5.44457],[-74.66741,5.44458],[-74.66744,5.44458],[-74.66746,5.44458],[-74.66748,5.44458],[-74.66751,5.44458],[-74.66756,5.44458],[-74.66758,5.44457],[-74.66759,5.44457],[-74.66761,5.44456],[-74.66763,5.44456],[-74.66764,5.44455],[-74.66764,5.44455],[-74.66769,5.44454],[-74.66772,5.44453],[-74.66775,5.44453],[-74.66779,5.44452],[-74.66782,5.44451],[-74.66784,5.4445],[-74.6679,5.44447],[-74.66791,5.44447],[-74.668,5.44449],[-74.66801,5.4445],[-74.66805,5.4445],[-74.66808,5.44452],[-74.66813,5.44452],[-74.66815,5.44453],[-74.66819,5.44454],[-74.66821,5.44454],[-74.66825,5.44454],[-74.66828,5.44454],[-74.66829,5.44454],[-74.66831,5.44454],[-74.66834,5.44454],[-74.66836,5.44453],[-74.6684,5.44452],[-74.66841,5.44452],[-74.66844,5.44452],[-74.66849,5.44451],[-74.66851,5.4445],[-74.66857,5.44448],[-74.6686,5.44447],[-74.66861,5.44446],[-74.66862,5.44446],[-74.66869,5.44441],[-74.66874,5.44442],[-74.66875,5.44442],[-74.66876,5.44442],[-74.66877,5.44442],[-74.66879,5.44441],[-74.6688,5.44441],[-74.66881,5.44441],[-74.66882,5.44441],[-74.66883,5.44441],[-74.66884,5.44441],[-74.66885,5.4444],[-74.66885,5.4444],[-74.66886,5.4444],[-74.66887,5.4444],[-74.66888,5.44439],[-74.66889,5.44439],[-74.6689,5.44439],[-74.6689,5.44438],[-74.66891,5.44438],[-74.66896,5.44436],[-74.66901,5.44436],[-74.66902,5.44436],[-74.66902,5.44436],[-74.66903,5.44436],[-74.66904,5.44436],[-74.66905,5.44436],[-74.66905,5.44436],[-74.66906,5.44436],[-74.66907,5.44436],[-74.66908,5.44436],[-74.66909,5.44436],[-74.6691,5.44436],[-74.66911,5.44436],[-74.66912,5.44436],[-74.66913,5.44435],[-74.66913,5.44435],[-74.66914,5.44435],[-74.66914,5.44435],[-74.66914,5.44435],[-74.66915,5.44435],[-74.66915,5.44435],[-74.66915,5.44435],[-74.66916,5.44435],[-74.66916,5.44435],[-74.66916,5.44434],[-74.66917,5.44434],[-74.66917,5.44434],[-74.66918,5.44434],[-74.66919,5.44434],[-74.66919,5.44434],[-74.6692,5.44433],[-74.66921,5.44433],[-74.66922,5.44433],[-74.66923,5.44432],[-74.66924,5.44432],[-74.66924,5.44431],[-74.66925,5.44431],[-74.66927,5.4443],[-74.66928,5.4443],[-74.66929,5.4443],[-74.66929,5.44429],[-74.6693,5.44429],[-74.6693,5.44429],[-74.66931,5.44429],[-74.66931,5.44428],[-74.66932,5.44428],[-74.66932,5.44428],[-74.66932,5.44428],[-74.66933,5.44428],[-74.66933,5.44428],[-74.66933,5.44427],[-74.66934,5.44427],[-74.66935,5.44427],[-74.66936,5.44427],[-74.66936,5.44426],[-74.66937,5.44426],[-74.66938,5.44426],[-74.66938,5.44425],[-74.66939,5.44425],[-74.66939,5.44425],[-74.66939,5.44425],[-74.6694,5.44424],[-74.6694,5.44424],[-74.6694,5.44424],[-74.6694,5.44424],[-74.66941,5.44424],[-74.66941,5.44424],[-74.66941,5.44424],[-74.66941,5.44424],[-74.66942,5.44424],[-74.66942,5.44423],[-74.66942,5.44423],[-74.66943,5.44423],[-74.66943,5.44423],[-74.66943,5.44423],[-74.66944,5.44423],[-74.66944,5.44422],[-74.66946,5.44422],[-74.66947,5.44422],[-74.66947,5.44422],[-74.66948,5.44422],[-74.66948,5.44421],[-74.66948,5.44421],[-74.66948,5.44421],[-74.66948,5.44421],[-74.66948,5.44421],[-74.66948,5.44421],[-74.66948,5.44421],[-74.66949,5.44421],[-74.66949,5.44421],[-74.66949,5.44421],[-74.66949,5.44421],[-74.66949,5.44421],[-74.6695,5.44421],[-74.6695,5.44421],[-74.6695,5.44421],[-74.66951,5.44421],[-74.66951,5.44421],[-74.66951,5.44421],[-74.66952,5.44421],[-74.66952,5.44421],[-74.66952,5.44421],[-74.66952,5.44421],[-74.66952,5.44421],[-74.66952,5.4442],[-74.66953,5.4442],[-74.66953,5.4442],[-74.66953,5.4442],[-74.66954,5.4442],[-74.66955,5.4442],[-74.66955,5.4442],[-74.66956,5.4442],[-74.66956,5.4442],[-74.66957,5.44419],[-74.66958,5.44419],[-74.66959,5.44419],[-74.66959,5.44419],[-74.6696,5.44418],[-74.66961,5.44418],[-74.66962,5.44418],[-74.66963,5.44417],[-74.66964,5.44417],[-74.66965,5.44417],[-74.66965,5.44416],[-74.66969,5.44414],[-74.66973,5.44414],[-74.66974,5.44414],[-74.66974,5.44414],[-74.66975,5.44414],[-74.66975,5.44413],[-74.66976,5.44413],[-74.66977,5.44413],[-74.66977,5.44413],[-74.66978,5.44413],[-74.66978,5.44413],[-74.66979,5.44413],[-74.66979,5.44413],[-74.6698,5.44413],[-74.6698,5.44413],[-74.66981,5.44413],[-74.66981,5.44413],[-74.66982,5.44412],[-74.66982,5.44412],[-74.66982,5.44412],[-74.66983,5.44412],[-74.66983,5.44412],[-74.66984,5.44412],[-74.66984,5.44412],[-74.66985,5.44412],[-74.66986,5.44412],[-74.66986,5.44411],[-74.66987,5.44411],[-74.66987,5.44411],[-74.66988,5.44411],[-74.66989,5.4441],[-74.66989,5.4441],[-74.6699,5.4441],[-74.66991,5.44409],[-74.66992,5.44409],[-74.66993,5.44409],[-74.66993,5.44408],[-74.66993,5.44408],[-74.66994,5.44408],[-74.66994,5.44408],[-74.66994,5.44408],[-74.66994,5.44408],[-74.66996,5.44407],[-74.66998,5.44407],[-74.66999,5.44407],[-74.66999,5.44407],[-74.67,5.44407],[-74.67,5.44407],[-74.67,5.44407],[-74.67001,5.44407],[-74.67001,5.44407],[-74.67001,5.44406],[-74.67002,5.44406],[-74.67002,5.44406],[-74.67003,5.44406],[-74.67003,5.44406],[-74.67004,5.44406],[-74.67004,5.44406],[-74.67005,5.44406],[-74.67005,5.44406],[-74.67005,5.44406],[-74.67006,5.44406],[-74.67006,5.44406],[-74.67007,5.44406],[-74.67007,5.44406],[-74.67007,5.44406],[-74.67007,5.44406],[-74.67008,5.44406],[-74.67008,5.44405],[-74.67009,5.44405],[-74.67009,5.44405],[-74.6701,5.44405],[-74.67011,5.44405],[-74.67012,5.44405],[-74.67012,5.44405],[-74.67013,5.44405],[-74.67014,5.44404],[-74.67014,5.44404],[-74.67015,5.44404],[-74.67016,5.44404],[-74.67017,5.44404],[-74.67018,5.44403],[-74.67019,5.44403],[-74.67019,5.44403],[-74.6702,5.44402],[-74.6702,5.44402],[-74.67021,5.44402],[-74.67021,5.44402],[-74.67021,5.44402],[-74.67022,5.44402],[-74.67022,5.44402],[-74.67022,5.44401],[-74.67022,5.44401],[-74.67022,5.44401],[-74.67023,5.44401],[-74.67023,5.44401],[-74.67023,5.44401],[-74.67024,5.44401],[-74.67024,5.44401],[-74.67024,5.444],[-74.67025,5.444],[-74.67025,5.444],[-74.67026,5.444],[-74.67026,5.444],[-74.67026,5.44399],[-74.67027,5.44399],[-74.67027,5.44399],[-74.67028,5.44399],[-74.67028,5.44398],[-74.67029,5.44398],[-74.67029,5.44398],[-74.67029,5.44398],[-74.6703,5.44397],[-74.67031,5.44397],[-74.67031,5.44397],[-74.67031,5.44397],[-74.67032,5.44396],[-74.67033,5.44396],[-74.67033,5.44396],[-74.67034,5.44396],[-74.67034,5.44396],[-74.67034,5.44395],[-74.67035,5.44395],[-74.67035,5.44395],[-74.67035,5.44395],[-74.67036,5.44395],[-74.67036,5.44395],[-74.67037,5.44394],[-74.67037,5.44394],[-74.67037,5.44394],[-74.67038,5.44394],[-74.67038,5.44394],[-74.67038,5.44394],[-74.67039,5.44393],[-74.67039,5.44393],[-74.6704,5.44393],[-74.6704,5.44393],[-74.6704,5.44393],[-74.67041,5.44392],[-74.67041,5.44392],[-74.67042,5.44392],[-74.67042,5.44392],[-74.67042,5.44392],[-74.67043,5.44391],[-74.67043,5.44391],[-74.67044,5.44391],[-74.67044,5.44391],[-74.67044,5.44391],[-74.67045,5.4439],[-74.67045,5.4439],[-74.67045,5.4439],[-74.67045,5.4439],[-74.67046,5.4439],[-74.67046,5.4439],[-74.67046,5.4439],[-74.67046,5.44389],[-74.67047,5.44389],[-74.67047,5.44389],[-74.67047,5.44389],[-74.67048,5.44389],[-74.67048,5.44389],[-74.67049,5.44388],[-74.6705,5.44388],[-74.67051,5.44387],[-74.67051,5.44387],[-74.67052,5.44387],[-74.67052,5.44387],[-74.67053,5.44387],[-74.67053,5.44387],[-74.67054,5.44387],[-74.67054,5.44386],[-74.67055,5.44386],[-74.67055,5.44386],[-74.67056,5.44386],[-74.67056,5.44386],[-74.67057,5.44385],[-74.67058,5.44385],[-74.67058,5.44385],[-74.67059,5.44385],[-74.67059,5.44385],[-74.6706,5.44384],[-74.6706,5.44384],[-74.6706,5.44384],[-74.67061,5.44384],[-74.67061,5.44384],[-74.67062,5.44384],[-74.67062,5.44383],[-74.67062,5.44383],[-74.67063,5.44383],[-74.67063,5.44383],[-74.67064,5.44383],[-74.67064,5.44383],[-74.67065,5.44383],[-74.67065,5.44382],[-74.67066,5.44382],[-74.67067,5.44382],[-74.67067,5.44382],[-74.67068,5.44382],[-74.67069,5.44381],[-74.67069,5.44381],[-74.6707,5.44381],[-74.67071,5.44381],[-74.67071,5.4438],[-74.67072,5.4438],[-74.67072,5.4438],[-74.67072,5.4438],[-74.67073,5.4438],[-74.67073,5.4438],[-74.67073,5.4438],[-74.67073,5.4438],[-74.67074,5.4438],[-74.67074,5.4438],[-74.67074,5.44379],[-74.67075,5.44379],[-74.67075,5.44379],[-74.67075,5.44379],[-74.67076,5.44379],[-74.67076,5.44379],[-74.67076,5.44379],[-74.67077,5.44379],[-74.67077,5.44379],[-74.67077,5.44378],[-74.67077,5.44378],[-74.67077,5.44378],[-74.67078,5.44378],[-74.67078,5.44378],[-74.67078,5.44378],[-74.67079,5.44378],[-74.67079,5.44378],[-74.67079,5.44378],[-74.6708,5.44378],[-74.6708,5.44377],[-74.67081,5.44377],[-74.67081,5.44377],[-74.67082,5.44377],[-74.67082,5.44377],[-74.67083,5.44376],[-74.67083,5.44376],[-74.67084,5.44376],[-74.67084,5.44376],[-74.67085,5.44376],[-74.67086,5.44375],[-74.67086,5.44375],[-74.67087,5.44375],[-74.67088,5.44374],[-74.67088,5.44374],[-74.67089,5.44373],[-74.6709,5.44373],[-74.67091,5.44372],[-74.67091,5.44372],[-74.67092,5.44371],[-74.67092,5.44371],[-74.67093,5.44371],[-74.67093,5.4437],[-74.67094,5.4437],[-74.67096,5.44368],[-74.67099,5.44366],[-74.671,5.44366],[-74.671,5.44366],[-74.67101,5.44366],[-74.67101,5.44366],[-74.67102,5.44365],[-74.67102,5.44365],[-74.67103,5.44365],[-74.67104,5.44365],[-74.67105,5.44364],[-74.67105,5.44364],[-74.67106,5.44364],[-74.67106,5.44364],[-74.67106,5.44364],[-74.67107,5.44364],[-74.67107,5.44364],[-74.67108,5.44364],[-74.67108,5.44364],[-74.67108,5.44363],[-74.67109,5.44363],[-74.67109,5.44363],[-74.6711,5.44363],[-74.6711,5.44363],[-74.67111,5.44363],[-74.67112,5.44363],[-74.67112,5.44362],[-74.67113,5.44362],[-74.67114,5.44362],[-74.67115,5.44362],[-74.67115,5.44361],[-74.67116,5.44361],[-74.67116,5.44361],[-74.67117,5.44361],[-74.67117,5.4436],[-74.67118,5.4436],[-74.67118,5.4436],[-74.67118,5.4436],[-74.67119,5.4436],[-74.67119,5.4436],[-74.67119,5.4436],[-74.6712,5.4436],[-74.6712,5.4436],[-74.6712,5.44359],[-74.67121,5.44359],[-74.67121,5.44359],[-74.67122,5.44359],[-74.67123,5.44359],[-74.67123,5.44359],[-74.67123,5.44358],[-74.67124,5.44358],[-74.67124,5.44358],[-74.67125,5.44358],[-74.67125,5.44358],[-74.67126,5.44358],[-74.67126,5.44357],[-74.67127,5.44357],[-74.67127,5.44357],[-74.67128,5.44357],[-74.67128,5.44357],[-74.67128,5.44357],[-74.67129,5.44356],[-74.67129,5.44356],[-74.6713,5.44356],[-74.6713,5.44356],[-74.6713,5.44356],[-74.67131,5.44356],[-74.67131,5.44355],[-74.67132,5.44355],[-74.67132,5.44355],[-74.67132,5.44355],[-74.67133,5.44355],[-74.67133,5.44355],[-74.67133,5.44354],[-74.67134,5.44354],[-74.67134,5.44354],[-74.67134,5.44354],[-74.67135,5.44354],[-74.67135,5.44353],[-74.67135,5.44353],[-74.67136,5.44353],[-74.67136,5.44353],[-74.67136,5.44353],[-74.67136,5.44353],[-74.67137,5.44353],[-74.67137,5.44352],[-74.67137,5.44352],[-74.67138,5.44352],[-74.67138,5.44352],[-74.67138,5.44352],[-74.67139,5.44351],[-74.67139,5.44351],[-74.6714,5.44351],[-74.6714,5.4435],[-74.67141,5.4435],[-74.67141,5.4435],[-74.67142,5.4435],[-74.67142,5.44349],[-74.67143,5.44349],[-74.67143,5.44349],[-74.67143,5.44349],[-74.67144,5.44349],[-74.67144,5.44349],[-74.67146,5.44347],[-74.67149,5.44347],[-74.67149,5.44347],[-74.67149,5.44347],[-74.6715,5.44347],[-74.6715,5.44346],[-74.67151,5.44346],[-74.67151,5.44346],[-74.67152,5.44346],[-74.67152,5.44346],[-74.67153,5.44346],[-74.67153,5.44346],[-74.67154,5.44346],[-74.67154,5.44346],[-74.67155,5.44346],[-74.67155,5.44346],[-74.67156,5.44346],[-74.67156,5.44346],[-74.67157,5.44346],[-74.67157,5.44346],[-74.67158,5.44346],[-74.67158,5.44346],[-74.67159,5.44345],[-74.6716,5.44345],[-74.67161,5.44345],[-74.67161,5.44345],[-74.67162,5.44345],[-74.67163,5.44345],[-74.67164,5.44345],[-74.67165,5.44345],[-74.67166,5.44344],[-74.67167,5.44344],[-74.67167,5.44344],[-74.67168,5.44344],[-74.67169,5.44344],[-74.67169,5.44343],[-74.6717,5.44343],[-74.67171,5.44343],[-74.67171,5.44343],[-74.67172,5.44343],[-74.67172,5.44342],[-74.67173,5.44342],[-74.67173,5.44342],[-74.67174,5.44342],[-74.67175,5.44342],[-74.67175,5.44341],[-74.67176,5.44341],[-74.67176,5.44341],[-74.67176,5.44341],[-74.67177,5.44341],[-74.67177,5.4434],[-74.67178,5.4434],[-74.67178,5.4434],[-74.67179,5.4434],[-74.67179,5.44339],[-74.6718,5.44339],[-74.67182,5.44338],[-74.67185,5.44338],[-74.67185,5.44338],[-74.67186,5.44338],[-74.67186,5.44338],[-74.67186,5.44338],[-74.67187,5.44337],[-74.67187,5.44337],[-74.6719,5.44337],[-74.67193,5.44337],[-74.67194,5.44338],[-74.67196,5.44338],[-74.67197,5.44338],[-74.67199,5.44338],[-74.672,5.44337],[-74.67202,5.44337],[-74.67204,5.44337],[-74.67205,5.44336],[-74.67207,5.44336],[-74.67209,5.44335],[-74.67214,5.44332],[-74.67216,5.44331],[-74.67217,5.44331],[-74.67218,5.44331],[-74.67218,5.44331],[-74.67219,5.44331],[-74.67219,5.44331],[-74.67219,5.44331],[-74.6722,5.4433],[-74.6722,5.4433],[-74.6722,5.4433],[-74.67221,5.4433],[-74.67221,5.4433],[-74.67222,5.4433],[-74.67222,5.4433],[-74.67223,5.4433],[-74.67224,5.4433],[-74.67225,5.44329],[-74.67226,5.44329],[-74.67226,5.44329],[-74.67227,5.44329],[-74.67228,5.44328],[-74.67229,5.44328],[-74.67229,5.44328],[-74.6723,5.44327],[-74.67231,5.44327],[-74.67231,5.44327],[-74.67232,5.44327],[-74.67232,5.44327],[-74.67233,5.44326],[-74.67233,5.44326],[-74.67234,5.44326],[-74.67235,5.44325],[-74.67236,5.44325],[-74.67238,5.44324],[-74.6724,5.44323],[-74.67242,5.44322],[-74.67244,5.44321],[-74.67247,5.4432],[-74.67249,5.44318],[-74.67252,5.44317],[-74.67254,5.44316],[-74.67257,5.44315],[-74.67259,5.44313],[-74.67261,5.44312],[-74.67263,5.44311],[-74.67265,5.4431],[-74.67267,5.44309],[-74.67268,5.44308],[-74.67269,5.44307],[-74.67271,5.44306],[-74.67272,5.44305],[-74.67273,5.44305],[-74.67274,5.44304],[-74.67275,5.44304],[-74.67276,5.44303],[-74.67277,5.44302],[-74.67279,5.44301],[-74.67281,5.443],[-74.67283,5.44299],[-74.67285,5.44298],[-74.67287,5.44297],[-74.6729,5.44296],[-74.67293,5.44295],[-74.67295,5.44293],[-74.67298,5.44292],[-74.67301,5.44291],[-74.67303,5.4429],[-74.67306,5.44288],[-74.67309,5.44287],[-74.67311,5.44286],[-74.67313,5.44285],[-74.67315,5.44284],[-74.67317,5.44283],[-74.67319,5.44282],[-74.67321,5.44282],[-74.67322,5.44281],[-74.67324,5.4428],[-74.67325,5.44279],[-74.67327,5.44278],[-74.67329,5.44277],[-74.67331,5.44276],[-74.67333,5.44275],[-74.67336,5.44273],[-74.67339,5.44272],[-74.67342,5.4427],[-74.67345,5.44268],[-74.67349,5.44266],[-74.67352,5.44264],[-74.67355,5.44263],[-74.67358,5.44261],[-74.67361,5.4426],[-74.67363,5.44259],[-74.67366,5.44257],[-74.67368,5.44256],[-74.67371,5.44255],[-74.67373,5.44254],[-74.67375,5.44253],[-74.67377,5.44252],[-74.67379,5.44251],[-74.67381,5.4425],[-74.67383,5.44249],[-74.67385,5.44248],[-74.67386,5.44247],[-74.67388,5.44246],[-74.67389,5.44246],[-74.67391,5.44245],[-74.67392,5.44244],[-74.67393,5.44243],[-74.67395,5.44243],[-74.67396,5.44242],[-74.67397,5.44242],[-74.67398,5.44241],[-74.67399,5.4424],[-74.67401,5.44239],[-74.67402,5.44239],[-74.67404,5.44238],[-74.67406,5.44237],[-74.67408,5.44236],[-74.67409,5.44235],[-74.67411,5.44234],[-74.67413,5.44233],[-74.67414,5.44232],[-74.67416,5.44232],[-74.67417,5.44231],[-74.67418,5.4423],[-74.67419,5.4423],[-74.6742,5.44229],[-74.67421,5.44228],[-74.67423,5.44228],[-74.67424,5.44227],[-74.67426,5.44226],[-74.67427,5.44225],[-74.67429,5.44224],[-74.67432,5.44223],[-74.67434,5.44222],[-74.67436,5.44221],[-74.67439,5.4422],[-74.67442,5.44218],[-74.67445,5.44217],[-74.67448,5.44216],[-74.67451,5.44214],[-74.67454,5.44213],[-74.67457,5.44212],[-74.67459,5.44211],[-74.67462,5.44209],[-74.67465,5.44208],[-74.67467,5.44207],[-74.67469,5.44206],[-74.67471,5.44206],[-74.67473,5.44205],[-74.67475,5.44204],[-74.67476,5.44204],[-74.67477,5.44203],[-74.67478,5.44203],[-74.67479,5.44203],[-74.6748,5.44202],[-74.6748,5.44202],[-74.67481,5.44202],[-74.67482,5.44202],[-74.67484,5.44201],[-74.67485,5.44201],[-74.67487,5.442],[-74.67489,5.442],[-74.67491,5.44199],[-74.67493,5.44199],[-74.67495,5.44198],[-74.67497,5.44197],[-74.67499,5.44197],[-74.675,5.44196],[-74.67502,5.44196],[-74.67503,5.44195],[-74.67505,5.44195],[-74.67506,5.44194],[-74.67507,5.44194],[-74.67508,5.44194],[-74.6751,5.44193],[-74.67511,5.44193],[-74.67513,5.44192],[-74.67514,5.44192],[-74.67516,5.44191],[-74.67518,5.4419],[-74.6752,5.4419],[-74.67521,5.44189],[-74.67523,5.44188],[-74.67525,5.44188],[-74.67527,5.44187],[-74.67529,5.44186],[-74.67531,5.44186],[-74.67533,5.44185],[-74.67534,5.44184],[-74.67536,5.44183],[-74.67538,5.44182],[-74.6754,5.44181],[-74.67542,5.4418],[-74.67544,5.44179],[-74.67547,5.44178],[-74.67549,5.44177],[-74.67552,5.44175],[-74.67555,5.44173],[-74.67558,5.44171],[-74.67561,5.44169],[-74.67565,5.44167],[-74.67569,5.44164],[-74.67573,5.44162],[-74.67577,5.44159],[-74.67581,5.44156],[-74.67585,5.44153],[-74.67588,5.4415],[-74.67592,5.44148],[-74.67595,5.44145],[-74.67598,5.44143],[-74.67601,5.44141],[-74.67603,5.44139],[-74.67606,5.44137],[-74.67608,5.44135],[-74.6761,5.44133],[-74.67612,5.44131],[-74.67614,5.4413],[-74.67615,5.44128],[-74.67617,5.44126],[-74.67619,5.44125],[-74.67621,5.44123],[-74.67622,5.44122],[-74.67624,5.4412],[-74.67626,5.44118],[-74.67627,5.44117],[-74.67629,5.44115],[-74.6763,5.44114],[-74.67632,5.44113],[-74.67633,5.44111],[-74.67634,5.4411],[-74.67636,5.44109],[-74.67637,5.44108],[-74.67638,5.44107],[-74.67639,5.44106],[-74.67639,5.44105],[-74.6764,5.44104],[-74.67641,5.44104],[-74.67641,5.44103],[-74.67642,5.44102],[-74.67643,5.44102],[-74.67643,5.44101],[-74.67644,5.441],[-74.67645,5.44099],[-74.67646,5.44098],[-74.67647,5.44097],[-74.67647,5.44097],[-74.67648,5.44096],[-74.67649,5.44095],[-74.6765,5.44094],[-74.67651,5.44093],[-74.67651,5.44093],[-74.67652,5.44092],[-74.67652,5.44091],[-74.67653,5.44091],[-74.67654,5.4409],[-74.67654,5.44089],[-74.67655,5.44089],[-74.67656,5.44088],[-74.67656,5.44087],[-74.67657,5.44087],[-74.67658,5.44086],[-74.67659,5.44085],[-74.6766,5.44084],[-74.67661,5.44083],[-74.67662,5.44082],[-74.67663,5.44081],[-74.67664,5.4408],[-74.67665,5.44079],[-74.67666,5.44078],[-74.67667,5.44077],[-74.67668,5.44076],[-74.67668,5.44075],[-74.67669,5.44075],[-74.67669,5.44075],[-74.6767,5.44074],[-74.6767,5.44074],[-74.6767,5.44074],[-74.67671,5.44073],[-74.67671,5.44073],[-74.67672,5.44072],[-74.67673,5.44071],[-74.67673,5.4407],[-74.67674,5.4407],[-74.67674,5.44069],[-74.67675,5.44069],[-74.67675,5.44068],[-74.67676,5.44068],[-74.67676,5.44067],[-74.67677,5.44066],[-74.67677,5.44066],[-74.67678,5.44065],[-74.67678,5.44064],[-74.67679,5.44063],[-74.67679,5.44062],[-74.6768,5.44062],[-74.6768,5.44061],[-74.6768,5.4406],[-74.67681,5.4406],[-74.67681,5.44059],[-74.67681,5.44058],[-74.67682,5.44057],[-74.67682,5.44056],[-74.67683,5.44055],[-74.67683,5.44053],[-74.67684,5.44052],[-74.67684,5.4405],[-74.67685,5.44049],[-74.67685,5.44047],[-74.67685,5.44045],[-74.67686,5.44044],[-74.67686,5.44042],[-74.67686,5.4404],[-74.67686,5.44038],[-74.67687,5.44037],[-74.67687,5.44035],[-74.67687,5.44033],[-74.67688,5.44032],[-74.67688,5.4403],[-74.67688,5.44028],[-74.67689,5.44026],[-74.67689,5.44025],[-74.6769,5.44023],[-74.6769,5.44021],[-74.67691,5.44019],[-74.67692,5.44016],[-74.67693,5.44014],[-74.67694,5.44011],[-74.67695,5.44008],[-74.67696,5.44005],[-74.67698,5.44002],[-74.67699,5.43999],[-74.67701,5.43994],[-74.67684,5.43989],[-74.6768,5.43997],[-74.67673,5.44014],[-74.67669,5.4403],[-74.67667,5.44045],[-74.67665,5.4405],[-74.67662,5.44056],[-74.67662,5.44056],[-74.67659,5.4406],[-74.67657,5.44061],[-74.67648,5.44071],[-74.67642,5.44077],[-74.67636,5.44082],[-74.67629,5.4409],[-74.67625,5.44094],[-74.67613,5.44105],[-74.676,5.44118],[-74.67584,5.44131],[-74.67548,5.44157],[-74.67531,5.44166],[-74.6752,5.44171],[-74.67504,5.44176],[-74.67497,5.44178],[-74.67478,5.44184],[-74.67473,5.44185],[-74.67457,5.44192],[-74.6743,5.44204],[-74.67412,5.44213],[-74.67406,5.44216],[-74.67389,5.44225],[-74.67382,5.44229],[-74.67368,5.44236],[-74.67348,5.44246],[-74.67318,5.44263],[-74.67312,5.44266],[-74.67291,5.44276],[-74.67268,5.44286],[-74.67261,5.44291],[-74.67247,5.44299],[-74.67225,5.4431],[-74.67224,5.44311],[-74.6722,5.44312],[-74.67216,5.44313],[-74.67212,5.44314],[-74.67207,5.44315],[-74.67206,5.44315],[-74.67205,5.44316],[-74.67204,5.44316],[-74.67203,5.44317],[-74.67203,5.44317],[-74.67202,5.44317],[-74.67201,5.44319],[-74.67196,5.4432],[-74.67191,5.44319],[-74.67186,5.44319],[-74.67186,5.44319],[-74.67181,5.4432],[-74.67179,5.4432],[-74.67179,5.4432],[-74.67177,5.44321],[-74.67175,5.44322],[-74.67175,5.44322],[-74.67174,5.44323],[-74.67174,5.44324],[-74.67173,5.44324],[-74.67172,5.44324],[-74.67172,5.44323],[-74.67171,5.44323],[-74.67171,5.44324],[-74.6717,5.44324],[-74.67168,5.44326],[-74.67167,5.44326],[-74.67165,5.44328],[-74.67163,5.44328],[-74.67163,5.44327],[-74.67161,5.44327],[-74.6716,5.44328],[-74.67156,5.44328],[-74.67155,5.44329],[-74.67153,5.44329],[-74.67153,5.4433],[-74.67152,5.4433],[-74.67152,5.44329],[-74.67152,5.44328],[-74.67151,5.44329],[-74.67149,5.44329],[-74.67148,5.4433],[-74.67143,5.4433],[-74.67142,5.44331],[-74.67139,5.44331],[-74.67138,5.44332],[-74.67136,5.44332],[-74.67135,5.44333],[-74.67134,5.44333],[-74.67131,5.44335],[-74.67128,5.44337],[-74.67126,5.44338],[-74.67123,5.44339],[-74.67122,5.4434],[-74.67119,5.44341],[-74.67115,5.44342],[-74.67112,5.44343],[-74.67108,5.44345],[-74.67107,5.44345],[-74.67107,5.44345],[-74.67107,5.44346],[-74.67106,5.44346],[-74.67105,5.44347],[-74.67101,5.44347],[-74.67101,5.44347],[-74.671,5.44347],[-74.67099,5.44348],[-74.67098,5.44348],[-74.67097,5.44348],[-74.67097,5.44348],[-74.67096,5.44348],[-74.67095,5.44349],[-74.67093,5.44349],[-74.67092,5.4435],[-74.67092,5.4435],[-74.6709,5.44351],[-74.67089,5.44351],[-74.67089,5.44352],[-74.67089,5.44353],[-74.6709,5.44354],[-74.67089,5.44354],[-74.67088,5.44352],[-74.67087,5.44353],[-74.67086,5.44353],[-74.67085,5.44353],[-74.67083,5.44355],[-74.67082,5.44356],[-74.6708,5.44358],[-74.67077,5.44359],[-74.67074,5.44361],[-74.67074,5.44361],[-74.67074,5.44361],[-74.67073,5.44361],[-74.67072,5.44361],[-74.67071,5.44363],[-74.6707,5.44363],[-74.6707,5.44362],[-74.67069,5.44362],[-74.67067,5.44363],[-74.67064,5.44364],[-74.67059,5.44366],[-74.67054,5.44367],[-74.67051,5.44369],[-74.67048,5.44369],[-74.67042,5.44371],[-74.6704,5.44373],[-74.67037,5.44374],[-74.67035,5.44375],[-74.67035,5.44375],[-74.67036,5.44376],[-74.67034,5.44377],[-74.67034,5.44377],[-74.67033,5.44378],[-74.67032,5.44378],[-74.67031,5.44379],[-74.6703,5.44379],[-74.67029,5.44378],[-74.67028,5.44379],[-74.67027,5.44379],[-74.67026,5.4438],[-74.67025,5.4438],[-74.67024,5.44381],[-74.67022,5.44381],[-74.67021,5.44382],[-74.67019,5.44383],[-74.67018,5.44383],[-74.67016,5.44384],[-74.67014,5.44385],[-74.67012,5.44386],[-74.6701,5.44387],[-74.6701,5.44387],[-74.6701,5.44388],[-74.6701,5.44388],[-74.67009,5.44387],[-74.67008,5.44387],[-74.67007,5.44388],[-74.67006,5.44388],[-74.67005,5.44388],[-74.67004,5.44388],[-74.67001,5.44388],[-74.66999,5.44389],[-74.66998,5.44389],[-74.66997,5.44389],[-74.66997,5.44389],[-74.66995,5.44389],[-74.66993,5.44391],[-74.66991,5.44391],[-74.6699,5.44392],[-74.66989,5.44392],[-74.66988,5.44391],[-74.66988,5.44391],[-74.66987,5.44391],[-74.66986,5.44392],[-74.66986,5.44392],[-74.66986,5.44392],[-74.66984,5.44393],[-74.66983,5.44393],[-74.66982,5.44394],[-74.6698,5.44394],[-74.66977,5.44395],[-74.66974,5.44395],[-74.6697,5.44396],[-74.66968,5.44396],[-74.66966,5.44396],[-74.66964,5.44397],[-74.66962,5.44397],[-74.6696,5.44398],[-74.66958,5.44399],[-74.66956,5.44401],[-74.66952,5.44402],[-74.66948,5.44403],[-74.66947,5.44403],[-74.66945,5.44404],[-74.66945,5.44404],[-74.66943,5.44404],[-74.66941,5.44406],[-74.66939,5.44406],[-74.66938,5.44407],[-74.66937,5.44407],[-74.66936,5.44408],[-74.66933,5.44408],[-74.66932,5.44409],[-74.66932,5.4441],[-74.66932,5.4441],[-74.6693,5.4441],[-74.66929,5.44411],[-74.66928,5.44411],[-74.66927,5.44412],[-74.66926,5.44412],[-74.66925,5.44413],[-74.66924,5.44413],[-74.66923,5.44414],[-74.66923,5.44413],[-74.66922,5.44413],[-74.66921,5.44413],[-74.6692,5.44414],[-74.6692,5.44414],[-74.66921,5.44414],[-74.66921,5.44414],[-74.66921,5.44415],[-74.66917,5.44415],[-74.66915,5.44416],[-74.66915,5.44416],[-74.66914,5.44416],[-74.66914,5.44416],[-74.66912,5.44417],[-74.66912,5.44417],[-74.6691,5.44417],[-74.6691,5.44417],[-74.66908,5.44418],[-74.66908,5.44418],[-74.66907,5.44418],[-74.66906,5.44418],[-74.66906,5.44418],[-74.66902,5.44418],[-74.66896,5.44418],[-74.66894,5.44418],[-74.66893,5.44418],[-74.6689,5.44419],[-74.66887,5.44419],[-74.66885,5.4442],[-74.66883,5.44422],[-74.66881,5.44423],[-74.66877,5.44424],[-74.66871,5.44423],[-74.66868,5.44424],[-74.66861,5.44425],[-74.6685,5.44423],[-74.66854,5.44426],[-74.66854,5.44428],[-74.66854,5.44429],[-74.66853,5.4443],[-74.66853,5.4443],[-74.66852,5.4443],[-74.6685,5.44431],[-74.6685,5.44432],[-74.66849,5.44432],[-74.66848,5.44433],[-74.66846,5.44433],[-74.66845,5.44433],[-74.66843,5.44433],[-74.6684,5.44434],[-74.66839,5.44434],[-74.66838,5.44434],[-74.66837,5.44434],[-74.66835,5.44434],[-74.66834,5.44435],[-74.66833,5.44435],[-74.66833,5.44435],[-74.66832,5.44436],[-74.66831,5.44436],[-74.66831,5.44436],[-74.6683,5.44436],[-74.6683,5.44436],[-74.66828,5.44436],[-74.66827,5.44436],[-74.66826,5.44436],[-74.66823,5.44436],[-74.66822,5.44436],[-74.66821,5.44435],[-74.6682,5.44435],[-74.66819,5.44435],[-74.66817,5.44435],[-74.66817,5.44435],[-74.66814,5.44435],[-74.66814,5.44434],[-74.66814,5.44434],[-74.66813,5.44434],[-74.66812,5.44434],[-74.66812,5.44434],[-74.66812,5.44434],[-74.66811,5.44434],[-74.66811,5.44435],[-74.66811,5.44436],[-74.66809,5.44434],[-74.66809,5.44433],[-74.66809,5.44433],[-74.66808,5.44432],[-74.66804,5.44432],[-74.66803,5.44432],[-74.66802,5.44431],[-74.66802,5.44431],[-74.66801,5.44431],[-74.668,5.44431],[-74.668,5.44431],[-74.668,5.44431],[-74.668,5.44431],[-74.66799,5.44431],[-74.66799,5.44431],[-74.66798,5.44431],[-74.66798,5.4443],[-74.66797,5.4443],[-74.66797,5.4443],[-74.66797,5.4443],[-74.66796,5.4443],[-74.66796,5.44429],[-74.66796,5.4443],[-74.66797,5.44431],[-74.66795,5.44432],[-74.66794,5.44431],[-74.66793,5.44431],[-74.66791,5.44429],[-74.6679,5.44429],[-74.66789,5.44428],[-74.66788,5.44428],[-74.66787,5.44427],[-74.66786,5.44428],[-74.66785,5.44428],[-74.66784,5.4443],[-74.66783,5.4443],[-74.66782,5.44431],[-74.66781,5.44431],[-74.6678,5.44431],[-74.66779,5.44432],[-74.66778,5.44433],[-74.66777,5.44433],[-74.66776,5.44433],[-74.66773,5.44434],[-74.6677,5.44435],[-74.66769,5.44436],[-74.66767,5.44436],[-74.66766,5.44436],[-74.66765,5.44436],[-74.66764,5.44436],[-74.66765,5.44437],[-74.66767,5.44437],[-74.66768,5.44437],[-74.66766,5.44439],[-74.66765,5.44439],[-74.66764,5.44438],[-74.66763,5.44438],[-74.66763,5.44438],[-74.66763,5.44437],[-74.66762,5.44437],[-74.66762,5.44437],[-74.66761,5.44437],[-74.66761,5.44438],[-74.66761,5.44438],[-74.6676,5.44438],[-74.66759,5.44439],[-74.66756,5.44439],[-74.66756,5.44439],[-74.66754,5.44439],[-74.66753,5.4444],[-74.66752,5.4444],[-74.6675,5.4444],[-74.66749,5.4444],[-74.66747,5.4444],[-74.66745,5.4444],[-74.66743,5.4444],[-74.66742,5.4444],[-74.66741,5.44439],[-74.66739,5.44439],[-74.66738,5.44439],[-74.66736,5.44439],[-74.66736,5.44439],[-74.66736,5.4444],[-74.66737,5.44441],[-74.66737,5.44442],[-74.66737,5.44443],[-74.66735,5.44441],[-74.66734,5.44441],[-74.66733,5.4444],[-74.66733,5.4444],[-74.66732,5.4444],[-74.66731,5.4444],[-74.66729,5.4444],[-74.66727,5.4444],[-74.66724,5.44439],[-74.66722,5.44439],[-74.66718,5.44439],[-74.66716,5.44439],[-74.66714,5.44439],[-74.66713,5.44438],[-74.66712,5.44438],[-74.66711,5.44438],[-74.66711,5.44438],[-74.66707,5.44438],[-74.66706,5.44438],[-74.66705,5.44438],[-74.66705,5.44439],[-74.66706,5.4444],[-74.66706,5.4444],[-74.66704,5.4444],[-74.66703,5.44439],[-74.66702,5.4444],[-74.66702,5.44439],[-74.66701,5.4444],[-74.667,5.4444],[-74.66699,5.44439],[-74.66698,5.44439],[-74.66696,5.44441],[-74.66693,5.44441],[-74.66693,5.4444],[-74.66687,5.4444],[-74.66686,5.44439],[-74.66682,5.44439],[-74.6668,5.44437],[-74.66679,5.44437],[-74.66678,5.44437],[-74.66675,5.44437],[-74.66674,5.44436],[-74.66673,5.44436],[-74.66671,5.44434],[-74.66672,5.44434],[-74.66673,5.44434],[-74.66674,5.44435],[-74.66677,5.44435],[-74.66677,5.44435],[-74.66677,5.44435],[-74.66677,5.44434],[-74.66676,5.44434],[-74.66675,5.44433],[-74.66674,5.44431],[-74.66674,5.4443],[-74.66674,5.44429],[-74.66673,5.44428],[-74.66673,5.44427],[-74.66673,5.44426],[-74.66673,5.44426],[-74.66672,5.44425],[-74.66672,5.44425],[-74.66672,5.44424],[-74.6667,5.44422],[-74.6667,5.44422],[-74.6667,5.44423],[-74.66671,5.44424],[-74.66671,5.44424],[-74.6667,5.44426],[-74.66669,5.44426],[-74.66669,5.44426],[-74.66669,5.44427],[-74.66669,5.44428],[-74.66669,5.44429],[-74.66669,5.44429],[-74.66669,5.4443],[-74.6667,5.4443],[-74.66671,5.44431],[-74.6667,5.44432],[-74.66669,5.44431],[-74.66668,5.44431],[-74.66668,5.44431],[-74.66668,5.44432],[-74.66667,5.44432],[-74.66666,5.44433],[-74.66663,5.44435],[-74.66662,5.44435],[-74.66661,5.44437],[-74.6666,5.44437],[-74.6666,5.44438],[-74.6666,5.44438],[-74.66659,5.44438],[-74.66659,5.44439],[-74.66658,5.44439],[-74.66658,5.4444],[-74.66657,5.4444],[-74.66656,5.44441],[-74.66656,5.44441],[-74.66655,5.44441],[-74.66654,5.44441],[-74.66653,5.44441],[-74.66651,5.44441],[-74.6665,5.44441],[-74.66649,5.44442],[-74.66647,5.44442],[-74.66646,5.44442],[-74.66645,5.44442],[-74.66644,5.44442],[-74.66642,5.44442],[-74.66641,5.44442],[-74.6664,5.44442],[-74.66639,5.44442],[-74.66638,5.44442],[-74.66637,5.44442],[-74.66635,5.44442],[-74.66634,5.44442],[-74.66633,5.44442],[-74.66632,5.44442],[-74.66631,5.44442],[-74.6663,5.44442],[-74.66629,5.44442],[-74.66629,5.44443],[-74.66628,5.44443],[-74.66626,5.44443],[-74.66624,5.44443],[-74.66621,5.44443],[-74.6662,5.44443],[-74.66618,5.44443],[-74.66616,5.44443],[-74.66614,5.44444],[-74.66612,5.44443],[-74.66611,5.44443],[-74.66609,5.44443],[-74.66607,5.44444],[-74.66606,5.44444],[-74.66605,5.44444],[-74.66603,5.44444],[-74.66601,5.44444],[-74.666,5.44444],[-74.66597,5.44443],[-74.66596,5.44443],[-74.66595,5.44443],[-74.66593,5.44442],[-74.6659,5.44442],[-74.66589,5.44442],[-74.66588,5.44441],[-74.66586,5.44441],[-74.66585,5.44441],[-74.66583,5.44441],[-74.66582,5.44441],[-74.66581,5.44441],[-74.6658,5.4444],[-74.6658,5.4444],[-74.66574,5.4444],[-74.66571,5.44439],[-74.66569,5.44439],[-74.66567,5.44438],[-74.66566,5.44438],[-74.66564,5.44438],[-74.66562,5.44438],[-74.6656,5.44438],[-74.6656,5.44438],[-74.66556,5.44438],[-74.66555,5.44438],[-74.66554,5.44437],[-74.66553,5.44437],[-74.66552,5.44437],[-74.6655,5.44437],[-74.66549,5.44437],[-74.66547,5.44436],[-74.66545,5.44436],[-74.66543,5.44436],[-74.66542,5.44436],[-74.66541,5.44436],[-74.6654,5.44436],[-74.66538,5.44436],[-74.66537,5.44436],[-74.66536,5.44436],[-74.66535,5.44436],[-74.66534,5.44435],[-74.66533,5.44435],[-74.66532,5.44435],[-74.66531,5.44435],[-74.6653,5.44435],[-74.66528,5.44435],[-74.66527,5.44434],[-74.66526,5.44434],[-74.66525,5.44434],[-74.66525,5.44433],[-74.66524,5.44433],[-74.66524,5.44433],[-74.66523,5.44433],[-74.66523,5.44433],[-74.66522,5.44432],[-74.66521,5.44432],[-74.66521,5.44432],[-74.66519,5.44432],[-74.66519,5.44431],[-74.66518,5.44431],[-74.66518,5.44431],[-74.66517,5.44431],[-74.66516,5.4443],[-74.66514,5.44429],[-74.66514,5.44429],[-74.66513,5.44428],[-74.66512,5.44427],[-74.66512,5.44427],[-74.66511,5.44426],[-74.6651,5.44426],[-74.66509,5.44425],[-74.66508,5.44424],[-74.66507,5.44423],[-74.66507,5.44422],[-74.66506,5.44422],[-74.66505,5.44421],[-74.66505,5.4442],[-74.66504,5.44419],[-74.66503,5.44418],[-74.66502,5.44418],[-74.66501,5.44417],[-74.66501,5.44416],[-74.665,5.44416],[-74.66499,5.44414],[-74.66499,5.44413],[-74.66498,5.44413],[-74.66498,5.44412],[-74.66497,5.44412],[-74.66495,5.44411],[-74.66494,5.4441],[-74.66494,5.4441],[-74.66493,5.44409],[-74.66492,5.44409],[-74.66492,5.44409],[-74.66491,5.44408],[-74.6649,5.44407],[-74.66489,5.44407],[-74.66488,5.44407],[-74.66487,5.44407],[-74.66485,5.44407],[-74.66484,5.44407],[-74.66483,5.44407],[-74.66482,5.44407],[-74.66481,5.44407],[-74.66479,5.44407],[-74.66479,5.44407],[-74.66478,5.44408],[-74.66476,5.44408],[-74.66475,5.44408],[-74.66474,5.44407],[-74.66473,5.44407],[-74.66472,5.44407],[-74.66472,5.44406],[-74.6647,5.44406],[-74.66469,5.44404],[-74.66467,5.44404],[-74.66466,5.44403],[-74.66465,5.44403],[-74.66463,5.44402],[-74.66461,5.44401],[-74.66458,5.44399],[-74.66457,5.44398],[-74.66456,5.44398],[-74.66455,5.44397],[-74.66453,5.44396],[-74.66452,5.44394],[-74.6645,5.44393],[-74.66448,5.44391],[-74.66447,5.44391],[-74.66446,5.4439],[-74.66445,5.44389],[-74.66444,5.44389],[-74.66444,5.44389],[-74.66444,5.44388],[-74.66443,5.44388],[-74.66442,5.44388],[-74.66441,5.44387],[-74.6644,5.44387],[-74.6644,5.44387],[-74.66439,5.44386],[-74.66438,5.44386],[-74.66438,5.44386],[-74.66437,5.44385],[-74.66436,5.44385],[-74.66436,5.44384],[-74.66435,5.44384],[-74.66434,5.44383],[-74.66433,5.44383],[-74.66433,5.44383],[-74.66432,5.44382],[-74.66431,5.44382],[-74.66431,5.44382],[-74.6643,5.44381],[-74.6643,5.44381],[-74.66429,5.44381],[-74.66428,5.4438],[-74.66428,5.4438],[-74.66426,5.44379],[-74.66426,5.44379],[-74.66425,5.44378],[-74.66423,5.44377],[-74.66422,5.44377],[-74.66422,5.44377],[-74.6642,5.44376],[-74.66419,5.44375],[-74.66418,5.44375],[-74.66417,5.44374],[-74.66415,5.44373],[-74.66414,5.44371],[-74.66412,5.44371],[-74.66411,5.4437],[-74.6641,5.4437],[-74.66409,5.44369],[-74.66408,5.44369],[-74.66407,5.44368],[-74.66406,5.44368],[-74.66405,5.44367],[-74.66405,5.44367],[-74.66404,5.44366],[-74.66403,5.44366],[-74.66402,5.44365],[-74.66401,5.44365],[-74.66399,5.44364],[-74.66398,5.44362],[-74.66397,5.44362],[-74.66396,5.44361],[-74.66395,5.44361],[-74.66394,5.4436],[-74.66393,5.44359],[-74.66392,5.44359],[-74.66391,5.44358],[-74.6639,5.44358],[-74.6639,5.44357],[-74.66389,5.44357],[-74.66389,5.44357],[-74.66388,5.44356],[-74.66386,5.44356],[-74.66385,5.44355],[-74.66384,5.44355],[-74.66383,5.44354],[-74.66383,5.44353],[-74.66382,5.44353],[-74.66381,5.44352],[-74.66381,5.44352],[-74.6638,5.44351],[-74.6638,5.44351],[-74.66379,5.4435],[-74.66377,5.4435],[-74.66376,5.4435],[-74.66374,5.4435],[-74.66373,5.44349],[-74.66371,5.44349],[-74.6637,5.44349],[-74.66369,5.44348],[-74.66367,5.44347],[-74.66366,5.44346],[-74.66365,5.44346],[-74.66363,5.44345],[-74.66362,5.44345],[-74.66361,5.44344],[-74.6636,5.44344],[-74.66358,5.44343],[-74.66357,5.44343],[-74.66356,5.44342],[-74.66354,5.44341],[-74.66354,5.44341],[-74.66353,5.4434],[-74.66352,5.4434],[-74.66351,5.44339],[-74.66351,5.44339],[-74.66345,5.44337],[-74.66339,5.44333],[-74.66339,5.44333],[-74.66338,5.44333],[-74.66337,5.44332],[-74.66336,5.44332],[-74.66335,5.44331],[-74.66334,5.44331],[-74.66333,5.4433],[-74.66331,5.44329],[-74.6633,5.44329],[-74.6633,5.44329],[-74.6633,5.44329],[-74.66329,5.44328],[-74.66327,5.44328],[-74.66326,5.44327],[-74.66325,5.44326],[-74.66324,5.44326],[-74.66324,5.44325],[-74.66322,5.44325],[-74.66322,5.44324],[-74.6632,5.44324],[-74.6632,5.44323],[-74.66318,5.44323],[-74.66318,5.44322],[-74.66316,5.44322],[-74.66314,5.4432],[-74.66313,5.4432],[-74.66311,5.44319],[-74.66308,5.44318],[-74.66307,5.44318],[-74.66305,5.44316],[-74.66304,5.44316],[-74.66303,5.44315],[-74.66302,5.44315],[-74.66302,5.44315],[-74.66301,5.44314],[-74.663,5.44314],[-74.66299,5.44313],[-74.66296,5.44309],[-74.66295,5.44309],[-74.66295,5.44308],[-74.66295,5.44308],[-74.66292,5.44307],[-74.66291,5.44306],[-74.66289,5.44305],[-74.66289,5.44305],[-74.66287,5.44304],[-74.66286,5.44305],[-74.66282,5.44305],[-74.6628,5.44305],[-74.66278,5.44304],[-74.66276,5.44303],[-74.66275,5.44303],[-74.66273,5.44302],[-74.66273,5.44302],[-74.66271,5.44302],[-74.6627,5.44301],[-74.66269,5.44301],[-74.66267,5.443],[-74.66266,5.443],[-74.66264,5.44299],[-74.66263,5.44299],[-74.66262,5.44299],[-74.66261,5.44298],[-74.6626,5.44298],[-74.66258,5.44298],[-74.66256,5.44297],[-74.66255,5.44296],[-74.66254,5.44296],[-74.66253,5.44295],[-74.66252,5.44295],[-74.66251,5.44294],[-74.66249,5.44293],[-74.66249,5.44293],[-74.66247,5.44292],[-74.66244,5.44291],[-74.66243,5.44291],[-74.66241,5.4429],[-74.6624,5.44289],[-74.66238,5.44288],[-74.66237,5.44288],[-74.66236,5.44287],[-74.66234,5.44286],[-74.66233,5.44286],[-74.66232,5.44285],[-74.66231,5.44285],[-74.6623,5.44284],[-74.66228,5.44283],[-74.66227,5.44283],[-74.66225,5.44282],[-74.66224,5.44282],[-74.66223,5.44281],[-74.66222,5.44281],[-74.66222,5.44281],[-74.66221,5.4428],[-74.6622,5.44279],[-74.66219,5.44279],[-74.66218,5.44278],[-74.66216,5.44278],[-74.66215,5.44277],[-74.66213,5.44276],[-74.66212,5.44276],[-74.6621,5.44275],[-74.66208,5.44275],[-74.66205,5.44275],[-74.66203,5.44274],[-74.66201,5.44274],[-74.66199,5.44273],[-74.66197,5.44273],[-74.66195,5.44272],[-74.66194,5.44272],[-74.66193,5.44272],[-74.66191,5.44272],[-74.6619,5.44271],[-74.66189,5.44271],[-74.66188,5.44271],[-74.66187,5.4427],[-74.66186,5.4427],[-74.66185,5.4427],[-74.66185,5.4427],[-74.66184,5.44269],[-74.66183,5.44269],[-74.66182,5.44268],[-74.66181,5.44268],[-74.6618,5.44267],[-74.6618,5.44267],[-74.66179,5.44267],[-74.66179,5.44267],[-74.66178,5.44267],[-74.66177,5.44266],[-74.66175,5.44266],[-74.66174,5.44266],[-74.66173,5.44266],[-74.66173,5.44266],[-74.66172,5.44266],[-74.66171,5.44265],[-74.6617,5.44265],[-74.66169,5.44264],[-74.66169,5.44264],[-74.66168,5.44263],[-74.66168,5.44262],[-74.66167,5.44261],[-74.66166,5.44261],[-74.66163,5.4426],[-74.6616,5.4426],[-74.66152,5.4426],[-74.66149,5.44259],[-74.66149,5.4426],[-74.66149,5.44261],[-74.66149,5.44261],[-74.66148,5.44262],[-74.66148,5.44263],[-74.66148,5.44264],[-74.66147,5.44265],[-74.66147,5.44265],[-74.66147,5.44265],[-74.66146,5.44265],[-74.66146,5.44266],[-74.66145,5.44266],[-74.66144,5.44266],[-74.66144,5.44266],[-74.66143,5.44265],[-74.66142,5.44265],[-74.6614,5.44264],[-74.6614,5.44264],[-74.66139,5.44263],[-74.66138,5.44262],[-74.66138,5.44262],[-74.66137,5.44262],[-74.66137,5.44262],[-74.66136,5.44261],[-74.66133,5.44261],[-74.66131,5.44261],[-74.6613,5.44261],[-74.66128,5.44261],[-74.66126,5.4426],[-74.66124,5.4426],[-74.66123,5.44259],[-74.66121,5.44259],[-74.66119,5.44258],[-74.66118,5.44257],[-74.66116,5.44257],[-74.66115,5.44257],[-74.66113,5.44256],[-74.66112,5.44256],[-74.66111,5.44256],[-74.6611,5.44256],[-74.66109,5.44255],[-74.66107,5.44254],[-74.66106,5.44253],[-74.66105,5.44252],[-74.66102,5.44252],[-74.66101,5.44251],[-74.661,5.44251],[-74.66099,5.44251],[-74.66098,5.4425],[-74.66097,5.4425],[-74.66096,5.4425],[-74.66095,5.4425],[-74.66094,5.4425],[-74.66094,5.44249],[-74.66093,5.44249],[-74.66092,5.44249],[-74.66091,5.44249],[-74.66091,5.44248],[-74.6609,5.44247],[-74.6609,5.44247],[-74.66089,5.44246],[-74.66089,5.44245],[-74.66089,5.44245],[-74.66089,5.44244],[-74.66089,5.44243],[-74.66089,5.44242],[-74.66089,5.44242],[-74.66089,5.44241],[-74.66088,5.44241],[-74.66087,5.4424],[-74.66087,5.4424],[-74.66086,5.4424],[-74.66085,5.4424],[-74.66085,5.44241],[-74.66083,5.44242],[-74.66082,5.44242],[-74.66081,5.44242],[-74.6608,5.44242],[-74.66078,5.44242],[-74.66077,5.44241],[-74.66076,5.44241],[-74.66075,5.44241],[-74.66074,5.44241],[-74.66073,5.44241],[-74.66072,5.4424],[-74.66071,5.4424],[-74.6607,5.44239],[-74.66069,5.44239],[-74.66067,5.44238],[-74.66065,5.44237],[-74.66064,5.44237],[-74.66063,5.44237],[-74.66062,5.44236],[-74.66061,5.44236],[-74.6606,5.44236],[-74.66059,5.44235],[-74.66057,5.44235],[-74.66056,5.44235],[-74.66055,5.44235],[-74.66054,5.44235],[-74.66053,5.44234],[-74.66052,5.44234],[-74.66051,5.44234],[-74.66051,5.44234],[-74.6605,5.44233],[-74.66049,5.44233],[-74.66047,5.44232],[-74.66046,5.44232],[-74.66045,5.44232],[-74.66045,5.44231],[-74.66044,5.44231],[-74.66043,5.4423],[-74.66043,5.4423],[-74.66042,5.4423],[-74.66041,5.44229],[-74.6604,5.44229],[-74.6604,5.44229],[-74.66037,5.44228],[-74.66035,5.44227],[-74.66033,5.44227],[-74.66031,5.44226],[-74.66029,5.44225],[-74.66026,5.44224],[-74.66024,5.44224],[-74.66023,5.44223],[-74.66021,5.44223],[-74.6602,5.44223],[-74.66019,5.44222],[-74.66017,5.44222],[-74.66016,5.44221],[-74.66015,5.44221],[-74.66014,5.44221],[-74.66012,5.4422],[-74.66011,5.4422],[-74.6601,5.44219],[-74.66007,5.44219],[-74.66005,5.44219],[-74.66005,5.44219],[-74.66005,5.44219],[-74.66006,5.4422],[-74.66006,5.4422],[-74.66005,5.44219],[-74.66003,5.44219],[-74.66002,5.44218],[-74.66001,5.44218],[-74.66,5.44217],[-74.66,5.44217],[-74.65998,5.44217],[-74.65997,5.44216],[-74.65996,5.44216],[-74.65994,5.44216],[-74.65993,5.44216],[-74.65992,5.44215],[-74.65991,5.44215],[-74.6599,5.44214],[-74.65989,5.44213],[-74.65987,5.44213],[-74.65986,5.44212],[-74.65985,5.44212],[-74.65984,5.44211],[-74.65983,5.44211],[-74.65982,5.44211],[-74.65981,5.44211],[-74.6598,5.44211],[-74.65979,5.44211],[-74.65977,5.44212],[-74.65976,5.44212],[-74.65976,5.44212],[-74.65974,5.44213],[-74.65974,5.44213],[-74.65973,5.44214],[-74.65973,5.44214],[-74.65974,5.44214],[-74.65974,5.44214],[-74.65974,5.44215],[-74.65974,5.44216],[-74.65973,5.44216],[-74.65972,5.44215],[-74.6597,5.44215],[-74.6597,5.44214],[-74.65969,5.44215],[-74.65968,5.44215],[-74.65967,5.44215],[-74.65966,5.44214],[-74.65965,5.44214],[-74.65964,5.44214],[-74.65963,5.44213],[-74.65962,5.44213],[-74.65961,5.44213],[-74.65959,5.44212],[-74.65958,5.44211],[-74.65957,5.44211],[-74.65956,5.44211],[-74.65956,5.4421],[-74.65954,5.4421],[-74.65952,5.44209],[-74.65951,5.44209],[-74.65949,5.44208],[-74.65947,5.44207],[-74.65947,5.44207],[-74.65947,5.44208],[-74.65947,5.44207],[-74.65947,5.44207],[-74.65946,5.44207],[-74.65945,5.44207],[-74.65943,5.44207],[-74.65943,5.44206],[-74.65942,5.44206],[-74.65941,5.44206],[-74.65939,5.44205],[-74.65937,5.44205],[-74.65936,5.44204],[-74.65934,5.44204],[-74.65933,5.44203],[-74.65932,5.44203],[-74.6593,5.44202],[-74.65929,5.44202],[-74.65927,5.44201],[-74.65927,5.44201],[-74.65927,5.44201],[-74.65927,5.44202],[-74.65927,5.44202],[-74.65928,5.44202],[-74.65928,5.44203],[-74.65928,5.44203],[-74.65926,5.44203],[-74.65924,5.442],[-74.65921,5.442],[-74.65919,5.44199],[-74.65917,5.44199],[-74.65917,5.44198],[-74.65917,5.44197],[-74.65917,5.44196],[-74.65917,5.44196],[-74.65916,5.44196],[-74.65915,5.44196],[-74.65914,5.44196],[-74.65913,5.44196],[-74.65913,5.44196],[-74.65912,5.44197],[-74.65911,5.44196],[-74.65911,5.44196],[-74.65911,5.44196],[-74.6591,5.44196],[-74.65908,5.44195],[-74.65908,5.44195],[-74.65908,5.44196],[-74.65909,5.44196],[-74.65908,5.44197],[-74.65905,5.44197],[-74.65905,5.44196],[-74.65904,5.44196],[-74.65903,5.44196],[-74.65903,5.44195],[-74.65903,5.44194],[-74.65903,5.44194],[-74.65902,5.44194],[-74.65902,5.44194],[-74.65902,5.44194],[-74.65902,5.44194],[-74.659,5.44193],[-74.65899,5.44193],[-74.65899,5.44193],[-74.65898,5.44193],[-74.65897,5.44193],[-74.65896,5.44194],[-74.65896,5.44194],[-74.65895,5.44194],[-74.65895,5.44193],[-74.65895,5.44192],[-74.65894,5.44192],[-74.65893,5.44192],[-74.65892,5.44192],[-74.6589,5.44191],[-74.65888,5.44191],[-74.65887,5.4419],[-74.65885,5.4419],[-74.65884,5.44189],[-74.65882,5.44189],[-74.65881,5.44189],[-74.65878,5.44188],[-74.65876,5.44187],[-74.65875,5.44187],[-74.65873,5.44186],[-74.65871,5.44186],[-74.6587,5.44186],[-74.65868,5.44186],[-74.65867,5.44185],[-74.65866,5.44185],[-74.65866,5.44185],[-74.65865,5.44185],[-74.65863,5.44184],[-74.65862,5.44183],[-74.65862,5.44183],[-74.6586,5.44183],[-74.6586,5.44183],[-74.65859,5.44182],[-74.65859,5.44182],[-74.65858,5.44182],[-74.65852,5.44179],[-74.65848,5.44181],[-74.65839,5.44179],[-74.65839,5.4418],[-74.65838,5.44179],[-74.65837,5.44179],[-74.65836,5.44179],[-74.65836,5.4418],[-74.65836,5.44181],[-74.65834,5.44179],[-74.65833,5.44179],[-74.65832,5.4418],[-74.65831,5.44178],[-74.65829,5.44178],[-74.65828,5.44177],[-74.65827,5.44177],[-74.65826,5.44176],[-74.65824,5.44176],[-74.65823,5.44175],[-74.65822,5.44175],[-74.65822,5.44174],[-74.6582,5.44174],[-74.65818,5.44173],[-74.65817,5.44173],[-74.65816,5.44172],[-74.65814,5.44171],[-74.65812,5.44171],[-74.65811,5.4417],[-74.6581,5.4417],[-74.65808,5.4417],[-74.65806,5.44169],[-74.65805,5.44169],[-74.65803,5.44169],[-74.65802,5.44168],[-74.65801,5.44168],[-74.65799,5.44168],[-74.65798,5.44168],[-74.65797,5.44167],[-74.65796,5.44167],[-74.65794,5.44166],[-74.65792,5.44166],[-74.65791,5.44166],[-74.6579,5.44166],[-74.65788,5.44166],[-74.65786,5.44165],[-74.65784,5.44165],[-74.65783,5.44165],[-74.65782,5.44165],[-74.65781,5.44165],[-74.65779,5.44164],[-74.65778,5.44164],[-74.65776,5.44163],[-74.65775,5.44163],[-74.65774,5.44163],[-74.65773,5.44163],[-74.65772,5.44162],[-74.65771,5.44162],[-74.6577,5.44162],[-74.6577,5.44162],[-74.65768,5.44161],[-74.65757,5.44161],[-74.65757,5.44161],[-74.65756,5.44161],[-74.65755,5.44161],[-74.65754,5.44161],[-74.65752,5.44161],[-74.6575,5.44162],[-74.65749,5.44162],[-74.65748,5.44162],[-74.65748,5.44162],[-74.65747,5.44162],[-74.65745,5.44161],[-74.65744,5.44161],[-74.65743,5.44161],[-74.65738,5.44162],[-74.65734,5.44161],[-74.65734,5.44161],[-74.65733,5.44161],[-74.65732,5.4416],[-74.6573,5.4416],[-74.65729,5.4416],[-74.65728,5.4416],[-74.65726,5.4416],[-74.65725,5.44161],[-74.65723,5.44161],[-74.65723,5.4416],[-74.65724,5.44159],[-74.65723,5.44159],[-74.65721,5.44159],[-74.6572,5.44159],[-74.65718,5.44159],[-74.65717,5.44159],[-74.65716,5.44159],[-74.65714,5.44159],[-74.65713,5.44159],[-74.65712,5.44159],[-74.65708,5.44159],[-74.65706,5.44159],[-74.65705,5.44159],[-74.65703,5.44159],[-74.657,5.44159],[-74.65698,5.44159],[-74.65696,5.44158],[-74.65694,5.44158],[-74.65693,5.44158],[-74.65691,5.44158],[-74.6569,5.44158],[-74.65688,5.44158],[-74.65686,5.44157],[-74.65685,5.44157],[-74.65684,5.44157],[-74.65683,5.44157],[-74.65681,5.44156],[-74.6568,5.44156],[-74.65679,5.44156],[-74.65678,5.44155],[-74.65677,5.44155],[-74.65675,5.44154],[-74.65674,5.44154],[-74.65673,5.44154],[-74.65671,5.44153],[-74.6567,5.44153],[-74.65669,5.44153],[-74.65668,5.44153],[-74.65668,5.44153],[-74.65662,5.44156],[-74.6566,5.44157],[-74.65657,5.44157],[-74.65656,5.44156],[-74.65655,5.44156],[-74.65655,5.44157],[-74.65652,5.44157],[-74.65652,5.44157],[-74.6565,5.44155],[-74.65648,5.44155],[-74.65647,5.44155],[-74.65645,5.44155],[-74.65644,5.44154],[-74.65642,5.44154],[-74.65641,5.44153],[-74.65639,5.44153],[-74.65638,5.44151],[-74.65638,5.44151],[-74.65636,5.44151],[-74.65634,5.44151],[-74.65632,5.44151],[-74.65631,5.4415],[-74.6563,5.4415],[-74.6563,5.44151],[-74.6563,5.44151],[-74.65629,5.44152],[-74.65628,5.44152],[-74.65628,5.44151],[-74.65626,5.44151],[-74.65625,5.44151],[-74.65624,5.44151],[-74.65624,5.44151],[-74.65613,5.44151],[-74.65612,5.44152],[-74.65609,5.44152],[-74.65608,5.44153],[-74.65607,5.44153],[-74.65606,5.44154],[-74.65605,5.44154],[-74.65604,5.44153],[-74.65603,5.44154],[-74.65602,5.44154],[-74.65601,5.44155],[-74.656,5.44155],[-74.65599,5.44155],[-74.65597,5.44154],[-74.65596,5.44154],[-74.65596,5.44155],[-74.65597,5.44156],[-74.65597,5.44156],[-74.65596,5.44155],[-74.65593,5.44155],[-74.65593,5.44156],[-74.65593,5.44157],[-74.65592,5.44157],[-74.65591,5.44157],[-74.65591,5.44158],[-74.65591,5.44159],[-74.65591,5.44159],[-74.65588,5.44159],[-74.65584,5.44155],[-74.65583,5.44155],[-74.65582,5.44154],[-74.65581,5.44155],[-74.6558,5.44155],[-74.65579,5.44155],[-74.65578,5.44155],[-74.65577,5.44155],[-74.65576,5.44155],[-74.65575,5.44155],[-74.65574,5.44155],[-74.65574,5.44155],[-74.65575,5.44156],[-74.65574,5.44156],[-74.65572,5.44156],[-74.6557,5.44159],[-74.6557,5.4416],[-74.6557,5.4416],[-74.65567,5.4416],[-74.65565,5.4416],[-74.65564,5.44159],[-74.65562,5.44159],[-74.65561,5.44159],[-74.6556,5.44158],[-74.65556,5.44158],[-74.65556,5.44159],[-74.65556,5.44159],[-74.65557,5.44159],[-74.65558,5.44161],[-74.65558,5.44161],[-74.65557,5.44161],[-74.65556,5.44162],[-74.65555,5.44161],[-74.65554,5.44161],[-74.65553,5.44162],[-74.65549,5.44162],[-74.65548,5.44163],[-74.65547,5.44163],[-74.65545,5.44165],[-74.65544,5.44165],[-74.65543,5.44165],[-74.6554,5.44165],[-74.65539,5.44165],[-74.65537,5.44165],[-74.65536,5.44165],[-74.65536,5.44165],[-74.65533,5.44165],[-74.65532,5.44166],[-74.65527,5.44166],[-74.65526,5.44167],[-74.65526,5.44166],[-74.65525,5.44167],[-74.65524,5.44167],[-74.65523,5.44168],[-74.6552,5.44168],[-74.65519,5.44169],[-74.65518,5.44168],[-74.65517,5.44168],[-74.65516,5.44167],[-74.65515,5.44167],[-74.65514,5.44166],[-74.65513,5.44166],[-74.65512,5.44167],[-74.6551,5.44167],[-74.65508,5.4417],[-74.65508,5.44171],[-74.65507,5.44172],[-74.65507,5.44173],[-74.65506,5.44174],[-74.65506,5.44175],[-74.65505,5.44176],[-74.65505,5.44177],[-74.65503,5.44179],[-74.65503,5.4418],[-74.65507,5.44179],[-74.65515,5.44172],[-74.65524,5.44172],[-74.65526,5.44172],[-74.65528,5.44172],[-74.65529,5.44172],[-74.65533,5.44171],[-74.65535,5.44171],[-74.65537,5.44171],[-74.65538,5.44171],[-74.65539,5.44171],[-74.6554,5.44171],[-74.65542,5.44171],[-74.65546,5.4417],[-74.6555,5.44169],[-74.65551,5.44168],[-74.65556,5.44167],[-74.6556,5.44166],[-74.65562,5.44166],[-74.65564,5.44166],[-74.65567,5.44166],[-74.65574,5.44165],[-74.65577,5.44166],[-74.65582,5.44165],[-74.65586,5.44166],[-74.65588,5.44166],[-74.65592,5.44167],[-74.65596,5.44167],[-74.65599,5.44167],[-74.65601,5.44167],[-74.65603,5.44167],[-74.65609,5.44167],[-74.65613,5.44168],[-74.65617,5.44168],[-74.65619,5.44168],[-74.65623,5.44169],[-74.65627,5.44169],[-74.6563,5.44169],[-74.65634,5.44169],[-74.65636,5.44169],[-74.65639,5.44169],[-74.65641,5.44169],[-74.65643,5.44169],[-74.65646,5.44169],[-74.65649,5.4417],[-74.65652,5.44171],[-74.65656,5.44171],[-74.65658,5.44171],[-74.6566,5.44171],[-74.65662,5.44171],[-74.65668,5.44171],[-74.65672,5.44173],[-74.65676,5.44174],[-74.65679,5.44174],[-74.65681,5.44175],[-74.65682,5.44175],[-74.65685,5.44176],[-74.65688,5.44176],[-74.6569,5.44176],[-74.65691,5.44176],[-74.65693,5.44176],[-74.65694,5.44176],[-74.65696,5.44177],[-74.65699,5.44177],[-74.65702,5.44177],[-74.65704,5.44177],[-74.65707,5.44177],[-74.65712,5.44177],[-74.65714,5.44177],[-74.65715,5.44177],[-74.65716,5.44177],[-74.65717,5.44177],[-74.65718,5.44177],[-74.65719,5.44177],[-74.65722,5.44177],[-74.65724,5.44178],[-74.65726,5.44178],[-74.65728,5.44178],[-74.6573,5.44178],[-74.65732,5.44179],[-74.65733,5.44179],[-74.65734,5.44179],[-74.65737,5.44179],[-74.65738,5.44179],[-74.6574,5.44179],[-74.65742,5.44179],[-74.65745,5.4418],[-74.65746,5.4418],[-74.65747,5.4418],[-74.6575,5.4418],[-74.65752,5.4418],[-74.65754,5.44179],[-74.65756,5.44179],[-74.65759,5.44179],[-74.65763,5.44178],[-74.65767,5.4418],[-74.65768,5.4418],[-74.65769,5.4418],[-74.6577,5.44181],[-74.65772,5.44181],[-74.65775,5.44182],[-74.65777,5.44182],[-74.65779,5.44183],[-74.65782,5.44183],[-74.65784,5.44183],[-74.65786,5.44184],[-74.65789,5.44184],[-74.65792,5.44185],[-74.65794,5.44185],[-74.65795,5.44185],[-74.65798,5.44186],[-74.65799,5.44186],[-74.65801,5.44187],[-74.65802,5.44187],[-74.65804,5.44187],[-74.65808,5.44188],[-74.65813,5.4419],[-74.65815,5.44191],[-74.65816,5.44192],[-74.6582,5.44193],[-74.65825,5.44193],[-74.65829,5.44193],[-74.65837,5.44195],[-74.6584,5.44196],[-74.65844,5.44196],[-74.65849,5.44197],[-74.6585,5.44198],[-74.6585,5.44198],[-74.65854,5.442],[-74.65856,5.442],[-74.65856,5.44201],[-74.65858,5.44201],[-74.65859,5.44201],[-74.65861,5.44202],[-74.65863,5.44203],[-74.65865,5.44203],[-74.65871,5.44204],[-74.65875,5.44206],[-74.6588,5.44207],[-74.65881,5.44208],[-74.65885,5.44208],[-74.65887,5.44209],[-74.65889,5.44209],[-74.65892,5.4421],[-74.65896,5.44211],[-74.65899,5.44212],[-74.659,5.44212],[-74.65903,5.44213],[-74.65903,5.44213],[-74.65907,5.44214],[-74.65913,5.44214],[-74.6592,5.44218],[-74.65923,5.44219],[-74.65925,5.4422],[-74.65927,5.4422],[-74.6593,5.44222],[-74.65933,5.44222],[-74.65935,5.44223],[-74.65937,5.44223],[-74.65938,5.44224],[-74.6594,5.44224],[-74.65941,5.44225],[-74.65942,5.44225],[-74.65943,5.44225],[-74.65947,5.44226],[-74.65948,5.44227],[-74.6595,5.44228],[-74.65952,5.44228],[-74.65955,5.4423],[-74.65958,5.44231],[-74.65959,5.44231],[-74.65965,5.44233],[-74.65969,5.44233],[-74.6597,5.44233],[-74.65973,5.44232],[-74.65981,5.44231],[-74.65989,5.44233],[-74.65991,5.44234],[-74.65994,5.44234],[-74.65997,5.44235],[-74.66002,5.44237],[-74.66004,5.44237],[-74.66007,5.44237],[-74.66011,5.44239],[-74.66014,5.4424],[-74.66017,5.4424],[-74.66018,5.44241],[-74.66019,5.44241],[-74.66021,5.44242],[-74.66023,5.44242],[-74.66027,5.44243],[-74.66029,5.44245],[-74.66032,5.44245],[-74.66036,5.44247],[-74.66038,5.44248],[-74.66039,5.44249],[-74.66041,5.44249],[-74.66043,5.4425],[-74.66045,5.44251],[-74.66045,5.44251],[-74.6605,5.44252],[-74.66051,5.44252],[-74.66053,5.44253],[-74.66056,5.44253],[-74.66058,5.44254],[-74.66061,5.44255],[-74.66065,5.44257],[-74.66067,5.44258],[-74.66077,5.4426],[-74.6608,5.44263],[-74.66084,5.44266],[-74.6609,5.44267],[-74.66095,5.44268],[-74.66102,5.44272],[-74.66105,5.44273],[-74.66107,5.44274],[-74.66109,5.44274],[-74.66111,5.44275],[-74.66114,5.44275],[-74.66115,5.44276],[-74.6612,5.44278],[-74.66123,5.44278],[-74.66124,5.44278],[-74.6613,5.44279],[-74.66135,5.44282],[-74.66137,5.44282],[-74.6614,5.44284],[-74.66145,5.44284],[-74.66146,5.44284],[-74.6615,5.44284],[-74.66157,5.4428],[-74.66176,5.44286],[-74.66177,5.44286],[-74.66181,5.44288],[-74.66184,5.44288],[-74.66185,5.44289],[-74.66188,5.44289],[-74.66189,5.4429],[-74.66191,5.4429],[-74.66195,5.44291],[-74.66198,5.44292],[-74.66199,5.44292],[-74.66202,5.44293],[-74.66208,5.44293],[-74.66211,5.44296],[-74.66213,5.44296],[-74.66214,5.44297],[-74.66215,5.44297],[-74.66218,5.44299],[-74.66219,5.44299],[-74.6622,5.443],[-74.66222,5.443],[-74.66223,5.44301],[-74.66224,5.44302],[-74.66225,5.44302],[-74.66227,5.44303],[-74.66228,5.44303],[-74.66229,5.44304],[-74.6623,5.44305],[-74.66232,5.44305],[-74.66233,5.44306],[-74.66234,5.44307],[-74.66237,5.44308],[-74.66241,5.44309],[-74.66244,5.44311],[-74.66244,5.44311],[-74.66245,5.44311],[-74.66246,5.44312],[-74.66248,5.44313],[-74.6625,5.44314],[-74.66252,5.44315],[-74.66257,5.44316],[-74.66263,5.44318],[-74.66263,5.44318],[-74.6627,5.4432],[-74.66276,5.44324],[-74.66283,5.44323],[-74.66291,5.44329],[-74.66293,5.4433],[-74.66293,5.44331],[-74.66294,5.44331],[-74.66295,5.44332],[-74.66296,5.44332],[-74.663,5.44334],[-74.66302,5.44335],[-74.66304,5.44336],[-74.66306,5.44337],[-74.66308,5.44338],[-74.66311,5.44339],[-74.66311,5.4434],[-74.66314,5.44341],[-74.66315,5.44341],[-74.66318,5.44343],[-74.66321,5.44345],[-74.66326,5.44347],[-74.66327,5.44348],[-74.66328,5.44348],[-74.6633,5.44349],[-74.66332,5.4435],[-74.66334,5.44351],[-74.66338,5.44352],[-74.66341,5.44354],[-74.66342,5.44355],[-74.66345,5.44357],[-74.66347,5.44357],[-74.66349,5.44358],[-74.66352,5.4436],[-74.66357,5.44362],[-74.6636,5.44364],[-74.66362,5.44365],[-74.66366,5.44366],[-74.66368,5.44367],[-74.66368,5.44367],[-74.66381,5.4437],[-74.66387,5.44377],[-74.66393,5.44381],[-74.66394,5.44382],[-74.66399,5.44385],[-74.664,5.44385],[-74.66403,5.44386],[-74.66406,5.44388],[-74.66408,5.4439],[-74.6641,5.44391],[-74.66413,5.44393],[-74.66415,5.44393],[-74.66418,5.44395],[-74.66419,5.44396],[-74.66422,5.44397],[-74.66426,5.44399],[-74.66428,5.44401],[-74.66431,5.44403],[-74.66432,5.44403],[-74.66437,5.44405],[-74.66439,5.44407],[-74.66441,5.44409],[-74.66442,5.4441],[-74.66444,5.44411],[-74.66445,5.44412],[-74.66447,5.44414],[-74.66449,5.44415],[-74.66453,5.44417],[-74.66456,5.44418],[-74.66459,5.4442],[-74.66461,5.44421],[-74.66464,5.44423],[-74.66466,5.44424],[-74.6647,5.44425],[-74.66473,5.44425],[-74.66476,5.44426],[-74.66485,5.44426],[-74.66495,5.44436],[-74.66496,5.44438],[-74.66497,5.44438],[-74.66499,5.4444],[-74.66502,5.44443],[-74.66502,5.44443],[-74.66505,5.44445],[-74.6651,5.44448],[-74.66511,5.44448],[-74.66512,5.44448],[-74.66517,5.4445],[-74.66519,5.4445],[-74.6652,5.44451],[-74.66522,5.44452],[-74.66526,5.44452],[-74.66528,5.44453],[-74.6653,5.44453],[-74.66532,5.44453],[-74.66533,5.44454],[-74.66535,5.44454],[-74.66537,5.44454],[-74.6654,5.44454],[-74.66541,5.44454],[-74.66543,5.44454],[-74.66547,5.44455],[-74.66549,5.44455],[-74.6655,5.44455],[-74.66551,5.44455],[-74.66553,5.44456],[-74.66555,5.44456],[-74.66559,5.44456],[-74.66561,5.44456],[-74.66562,5.44456],[-74.66565,5.44456],[-74.66567,5.44457],[-74.66572,5.44458],[-74.66578,5.44458],[-74.6658,5.44459],[-74.66582,5.44459],[-74.66588,5.4446],[-74.66592,5.44461],[-74.66594,5.44461],[-74.66597,5.44462],[-74.66601,5.44462]]]},"properties":{"FID":6,"OBJECTID":7,"ID_AMENA":7,"CODSUELO":"1738001","CODAMENA":"7","TIPO":"Socavación Lateral","GRADO":"Alta","AREA":51801.557968,"PERIMETER":5602.0275633,"Shape_Leng":5602.02735987,"Shape_Area":51801.5580489}},{"type":"Feature","id":7,"geometry":{"type":"Polygon","coordinates":[[[-74.65338,5.4445],[-74.65333,5.44451],[-74.65332,5.44451],[-74.65327,5.44452],[-74.65323,5.44452],[-74.65321,5.44453],[-74.65319,5.44453],[-74.65317,5.44453],[-74.65314,5.44453],[-74.65308,5.44454],[-74.65305,5.44455],[-74.65301,5.44456],[-74.65299,5.44456],[-74.65296,5.44457],[-74.65296,5.44458],[-74.65296,5.44459],[-74.65297,5.4446],[-74.65296,5.44461],[-74.65296,5.44463],[-74.65297,5.44464],[-74.65296,5.44465],[-74.65296,5.44465],[-74.65296,5.44466],[-74.65297,5.44467],[-74.65296,5.44468],[-74.65298,5.4447],[-74.65298,5.44472],[-74.65299,5.44473],[-74.65298,5.44474],[-74.65298,5.44475],[-74.65298,5.44475],[-74.65299,5.44474],[-74.65303,5.44474],[-74.65304,5.44473],[-74.65309,5.44472],[-74.65311,5.44472],[-74.65316,5.44471],[-74.65319,5.44471],[-74.65322,5.44471],[-74.65324,5.44471],[-74.65326,5.4447],[-74.65329,5.4447],[-74.65334,5.44469],[-74.65335,5.44469],[-74.6534,5.44468],[-74.65342,5.4445],[-74.65338,5.4445]]]},"properties":{"FID":7,"OBJECTID":8,"ID_AMENA":8,"CODSUELO":"1738001","CODAMENA":"8","TIPO":"Socavación Lateral","GRADO":"Alta","AREA":997.342350105,"PERIMETER":143.925553643,"Shape_Leng":143.925676818,"Shape_Area":997.342400692}},{"type":"Feature","id":8,"geometry":{"type":"Polygon","coordinates":[[[-74.66428,5.46264],[-74.6643,5.46264],[-74.66431,5.46263],[-74.66431,5.46262],[-74.66432,5.46261],[-74.66432,5.4626],[-74.66433,5.4626],[-74.66434,5.4626],[-74.66435,5.46259],[-74.66435,5.46258],[-74.66437,5.46256],[-74.66437,5.46255],[-74.66436,5.46254],[-74.66436,5.46254],[-74.66439,5.46254],[-74.66439,5.46253],[-74.66436,5.46236],[-74.66429,5.46223],[-74.66427,5.46203],[-74.66424,5.46187],[-74.66423,5.46182],[-74.66422,5.46178],[-74.66422,5.46175],[-74.66422,5.46175],[-74.66421,5.46172],[-74.66421,5.46171],[-74.6642,5.4617],[-74.6642,5.46168],[-74.66419,5.46166],[-74.66419,5.46163],[-74.66419,5.46162],[-74.66418,5.4616],[-74.66417,5.46156],[-74.66417,5.46151],[-74.66416,5.46147],[-74.66415,5.46144],[-74.66414,5.46141],[-74.66414,5.46139],[-74.66414,5.46138],[-74.66413,5.46135],[-74.66412,5.46133],[-74.66412,5.46131],[-74.66412,5.4613],[-74.66412,5.46127],[-74.66411,5.46124],[-74.6641,5.46122],[-74.66409,5.46116],[-74.66408,5.46113],[-74.66408,5.46111],[-74.66408,5.4611],[-74.66407,5.46108],[-74.66407,5.46105],[-74.66406,5.46103],[-74.66406,5.46102],[-74.66405,5.461],[-74.66405,5.46097],[-74.66404,5.46094],[-74.66403,5.46091],[-74.66403,5.4609],[-74.66403,5.46089],[-74.66402,5.46084],[-74.664,5.46081],[-74.66397,5.46069],[-74.66397,5.46068],[-74.66396,5.46065],[-74.66396,5.46064],[-74.66396,5.46062],[-74.66395,5.46061],[-74.66395,5.46059],[-74.66395,5.46057],[-74.66394,5.46051],[-74.66394,5.4605],[-74.66393,5.46047],[-74.66393,5.46044],[-74.66392,5.4604],[-74.66391,5.46035],[-74.6639,5.46032],[-74.6639,5.46031],[-74.66389,5.46028],[-74.66389,5.46027],[-74.66388,5.46025],[-74.66388,5.46022],[-74.66388,5.4602],[-74.66387,5.46018],[-74.66387,5.46017],[-74.66387,5.46016],[-74.66386,5.46012],[-74.66385,5.46008],[-74.66384,5.46004],[-74.66383,5.46],[-74.66382,5.45995],[-74.66381,5.45991],[-74.6638,5.45985],[-74.66378,5.45981],[-74.66377,5.45977],[-74.66376,5.45974],[-74.66375,5.45972],[-74.66375,5.4597],[-74.66374,5.45968],[-74.66373,5.45963],[-74.66372,5.45959],[-74.66372,5.45957],[-74.66371,5.45954],[-74.6637,5.45952],[-74.6637,5.45951],[-74.66369,5.45949],[-74.66368,5.45947],[-74.66367,5.45944],[-74.66366,5.45942],[-74.66365,5.45939],[-74.66365,5.45937],[-74.66365,5.45933],[-74.66363,5.45929],[-74.66362,5.45926],[-74.66362,5.45922],[-74.66361,5.4592],[-74.66362,5.45915],[-74.66361,5.45911],[-74.6636,5.45907],[-74.66358,5.45904],[-74.66358,5.45902],[-74.66358,5.45901],[-74.66357,5.45898],[-74.66356,5.45895],[-74.66355,5.45891],[-74.66353,5.45885],[-74.66352,5.45883],[-74.66351,5.45879],[-74.66348,5.45875],[-74.66347,5.45871],[-74.66346,5.45868],[-74.66345,5.45866],[-74.66345,5.45865],[-74.66342,5.45854],[-74.66341,5.45849],[-74.66339,5.4584],[-74.66338,5.45839],[-74.66337,5.45836],[-74.66333,5.45825],[-74.66332,5.45824],[-74.6633,5.45818],[-74.66328,5.45815],[-74.66328,5.45813],[-74.66327,5.4581],[-74.66325,5.45802],[-74.66324,5.458],[-74.6632,5.45788],[-74.66316,5.45782],[-74.66315,5.45781],[-74.66312,5.45776],[-74.66309,5.4577],[-74.66308,5.45768],[-74.66306,5.45765],[-74.66305,5.45762],[-74.66305,5.45759],[-74.66304,5.45756],[-74.66303,5.45755],[-74.66302,5.45751],[-74.663,5.45746],[-74.66296,5.45741],[-74.6629,5.45733],[-74.66289,5.45731],[-74.66288,5.45728],[-74.66285,5.45724],[-74.66284,5.4572],[-74.66283,5.45718],[-74.66282,5.45715],[-74.66282,5.45713],[-74.66281,5.45712],[-74.6628,5.4571],[-74.66278,5.45704],[-74.66276,5.45701],[-74.66274,5.45699],[-74.66271,5.45692],[-74.66271,5.45691],[-74.6627,5.4569],[-74.66269,5.45687],[-74.66268,5.45686],[-74.66265,5.45679],[-74.66265,5.45678],[-74.66264,5.45674],[-74.66263,5.45667],[-74.66261,5.45661],[-74.66259,5.45656],[-74.66258,5.45652],[-74.66257,5.4565],[-74.66256,5.45648],[-74.66256,5.45647],[-74.66256,5.45645],[-74.66255,5.45644],[-74.66255,5.45643],[-74.66255,5.45641],[-74.66254,5.45639],[-74.66254,5.45638],[-74.66253,5.45635],[-74.66251,5.45627],[-74.66251,5.45626],[-74.66251,5.45624],[-74.66251,5.45621],[-74.6625,5.45619],[-74.6625,5.45615],[-74.6625,5.45614],[-74.66249,5.45612],[-74.66249,5.4561],[-74.66248,5.45608],[-74.66247,5.45603],[-74.66245,5.456],[-74.66244,5.45597],[-74.66243,5.45593],[-74.66241,5.45591],[-74.6624,5.45587],[-74.66239,5.45584],[-74.66238,5.45582],[-74.66237,5.45578],[-74.66236,5.45576],[-74.66236,5.45574],[-74.66235,5.45572],[-74.66234,5.45568],[-74.66233,5.45566],[-74.66231,5.45563],[-74.6623,5.45561],[-74.66228,5.45558],[-74.66227,5.45555],[-74.66226,5.45554],[-74.66224,5.45551],[-74.66222,5.45549],[-74.6622,5.45546],[-74.66218,5.4554],[-74.66214,5.45535],[-74.6621,5.45531],[-74.66209,5.45529],[-74.66207,5.45528],[-74.66207,5.45527],[-74.66204,5.45524],[-74.66204,5.45523],[-74.66202,5.45521],[-74.66199,5.45518],[-74.66198,5.45514],[-74.66196,5.45511],[-74.66195,5.4551],[-74.66193,5.45506],[-74.66191,5.45498],[-74.66191,5.45496],[-74.66191,5.45495],[-74.6619,5.45493],[-74.66189,5.45491],[-74.66189,5.4549],[-74.66188,5.45486],[-74.66187,5.45485],[-74.66186,5.45481],[-74.66185,5.45479],[-74.66182,5.45472],[-74.66182,5.45471],[-74.6618,5.45467],[-74.66179,5.45461],[-74.66178,5.45458],[-74.66177,5.45455],[-74.66176,5.45453],[-74.66175,5.45451],[-74.66175,5.4545],[-74.66173,5.45446],[-74.66173,5.45443],[-74.66171,5.45439],[-74.66171,5.45438],[-74.6617,5.45437],[-74.66169,5.45434],[-74.66169,5.45432],[-74.66168,5.45431],[-74.66167,5.45428],[-74.66166,5.45425],[-74.66165,5.45422],[-74.66165,5.45421],[-74.66165,5.45419],[-74.66164,5.45416],[-74.66162,5.45412],[-74.66162,5.4541],[-74.66162,5.45408],[-74.66162,5.45407],[-74.66161,5.45405],[-74.66161,5.45403],[-74.6616,5.45401],[-74.6616,5.45399],[-74.66159,5.45398],[-74.66158,5.45391],[-74.66157,5.45389],[-74.66156,5.45385],[-74.66155,5.45381],[-74.66154,5.45379],[-74.66153,5.45378],[-74.66153,5.45377],[-74.6615,5.45372],[-74.6615,5.45369],[-74.66149,5.45365],[-74.66147,5.4536],[-74.66145,5.45356],[-74.66145,5.4535],[-74.66145,5.45344],[-74.66141,5.45328],[-74.66144,5.45321],[-74.66145,5.45319],[-74.66146,5.45316],[-74.66146,5.45312],[-74.66147,5.45311],[-74.66147,5.45308],[-74.66147,5.45305],[-74.66146,5.45301],[-74.66146,5.45296],[-74.66145,5.45293],[-74.66145,5.4529],[-74.66145,5.45288],[-74.66144,5.45287],[-74.66144,5.45284],[-74.66144,5.45282],[-74.66144,5.4528],[-74.66144,5.45279],[-74.66144,5.45277],[-74.66144,5.45276],[-74.66143,5.45271],[-74.66144,5.45268],[-74.66144,5.45266],[-74.66144,5.45262],[-74.66144,5.4526],[-74.66144,5.45258],[-74.66144,5.45257],[-74.66144,5.45255],[-74.66144,5.45252],[-74.66144,5.4525],[-74.66144,5.45245],[-74.66144,5.45242],[-74.66144,5.4524],[-74.66143,5.45237],[-74.66143,5.45236],[-74.66143,5.45235],[-74.66142,5.45233],[-74.66142,5.45233],[-74.66141,5.45229],[-74.6614,5.45227],[-74.66139,5.45224],[-74.66139,5.45224],[-74.66138,5.45223],[-74.66137,5.45221],[-74.66128,5.45205],[-74.66132,5.45198],[-74.66132,5.45196],[-74.66133,5.45194],[-74.66133,5.4519],[-74.66133,5.45187],[-74.66133,5.45185],[-74.66133,5.45183],[-74.66133,5.4518],[-74.66134,5.45173],[-74.66134,5.45169],[-74.66133,5.45163],[-74.66135,5.45158],[-74.66136,5.45155],[-74.66137,5.45152],[-74.66137,5.45151],[-74.66139,5.45147],[-74.66139,5.45145],[-74.66139,5.45144],[-74.6614,5.45143],[-74.6614,5.4514],[-74.6614,5.45137],[-74.66139,5.45134],[-74.66138,5.45131],[-74.66135,5.45124],[-74.66135,5.45122],[-74.66134,5.45116],[-74.66133,5.45113],[-74.66132,5.4511],[-74.66131,5.45107],[-74.66129,5.45104],[-74.66128,5.45102],[-74.66128,5.45101],[-74.66126,5.45099],[-74.66125,5.45098],[-74.66125,5.45097],[-74.66124,5.45096],[-74.66123,5.45094],[-74.66122,5.45093],[-74.66121,5.45092],[-74.66121,5.4509],[-74.66118,5.45087],[-74.66118,5.45083],[-74.66118,5.45081],[-74.66118,5.4508],[-74.66117,5.45077],[-74.66117,5.45075],[-74.66117,5.45074],[-74.66117,5.45073],[-74.66116,5.4507],[-74.66116,5.45069],[-74.66116,5.45065],[-74.66116,5.45063],[-74.66116,5.45061],[-74.66115,5.45057],[-74.66114,5.45052],[-74.66113,5.45051],[-74.66113,5.45049],[-74.66113,5.45048],[-74.66112,5.45047],[-74.66112,5.45045],[-74.6611,5.45039],[-74.66109,5.45037],[-74.66108,5.45035],[-74.66106,5.45032],[-74.66105,5.45031],[-74.66103,5.45026],[-74.66102,5.45024],[-74.66101,5.45022],[-74.661,5.45021],[-74.66098,5.45015],[-74.66097,5.45011],[-74.66097,5.45009],[-74.66097,5.45007],[-74.66097,5.45003],[-74.66096,5.45],[-74.66095,5.44997],[-74.66094,5.44995],[-74.66094,5.44993],[-74.66093,5.44992],[-74.66093,5.4499],[-74.66092,5.44989],[-74.66092,5.44987],[-74.66092,5.44986],[-74.66091,5.44983],[-74.6609,5.4498],[-74.6609,5.44978],[-74.66089,5.44976],[-74.66087,5.44974],[-74.66086,5.44971],[-74.66084,5.44968],[-74.66081,5.44964],[-74.66078,5.4496],[-74.66071,5.44955],[-74.66065,5.44944],[-74.66065,5.44938],[-74.66065,5.44937],[-74.66065,5.44935],[-74.66065,5.44933],[-74.66065,5.4493],[-74.66064,5.44928],[-74.66064,5.44925],[-74.66063,5.44924],[-74.66063,5.44921],[-74.66062,5.44918],[-74.66061,5.44917],[-74.66061,5.44916],[-74.6606,5.44914],[-74.66059,5.44911],[-74.66057,5.44909],[-74.66056,5.44908],[-74.66056,5.44907],[-74.66054,5.44905],[-74.66052,5.44903],[-74.6605,5.44902],[-74.6605,5.44901],[-74.66049,5.44901],[-74.66048,5.449],[-74.66047,5.44899],[-74.66045,5.44898],[-74.66044,5.44897],[-74.66031,5.4489],[-74.66033,5.44877],[-74.66033,5.44874],[-74.66033,5.4487],[-74.66033,5.44868],[-74.66033,5.44867],[-74.66032,5.44865],[-74.66032,5.44864],[-74.66032,5.44863],[-74.66032,5.44862],[-74.66031,5.44859],[-74.66031,5.44857],[-74.6603,5.44855],[-74.6603,5.44854],[-74.66029,5.44853],[-74.66029,5.44852],[-74.66028,5.4485],[-74.66027,5.44845],[-74.66026,5.44844],[-74.66025,5.44841],[-74.66024,5.4484],[-74.66024,5.44839],[-74.66023,5.44837],[-74.6602,5.44833],[-74.6602,5.44833],[-74.66019,5.44831],[-74.66018,5.44829],[-74.66017,5.44829],[-74.66017,5.44828],[-74.66016,5.44826],[-74.66013,5.44821],[-74.66012,5.4482],[-74.66011,5.44819],[-74.66009,5.44816],[-74.66007,5.44815],[-74.66005,5.44812],[-74.66003,5.44809],[-74.66003,5.44808],[-74.66002,5.44806],[-74.66,5.44804],[-74.65998,5.44802],[-74.65996,5.44799],[-74.65994,5.44796],[-74.65987,5.44788],[-74.65987,5.44783],[-74.65986,5.44777],[-74.65981,5.44771],[-74.65979,5.44769],[-74.65978,5.44768],[-74.65975,5.44765],[-74.65973,5.44763],[-74.65972,5.44762],[-74.65969,5.44759],[-74.65968,5.44758],[-74.6596,5.44751],[-74.65958,5.44742],[-74.65958,5.4474],[-74.65956,5.44736],[-74.65955,5.44733],[-74.65955,5.44733],[-74.65952,5.44728],[-74.65949,5.44725],[-74.65947,5.44723],[-74.65945,5.44722],[-74.65942,5.44719],[-74.6594,5.44718],[-74.65938,5.44716],[-74.65937,5.44715],[-74.65936,5.44714],[-74.65934,5.44713],[-74.65932,5.44712],[-74.65929,5.4471],[-74.65927,5.44708],[-74.65925,5.44706],[-74.6592,5.44704],[-74.6591,5.44702],[-74.65906,5.44694],[-74.65905,5.44692],[-74.65903,5.4469],[-74.65902,5.44689],[-74.65902,5.44688],[-74.65901,5.44687],[-74.65899,5.44684],[-74.65897,5.44679],[-74.65895,5.44676],[-74.65894,5.44675],[-74.65892,5.44671],[-74.65891,5.44669],[-74.65888,5.44665],[-74.6588,5.4466],[-74.65876,5.44651],[-74.65872,5.44647],[-74.65871,5.44646],[-74.65867,5.44643],[-74.65865,5.44641],[-74.65864,5.4464],[-74.65857,5.44634],[-74.65851,5.44625],[-74.65851,5.44624],[-74.65849,5.44621],[-74.65846,5.44617],[-74.65844,5.44615],[-74.65842,5.44611],[-74.65841,5.4461],[-74.6584,5.4461],[-74.65839,5.44608],[-74.65836,5.44606],[-74.65832,5.44603],[-74.65829,5.44597],[-74.65826,5.44593],[-74.65825,5.44592],[-74.65818,5.44587],[-74.65818,5.44586],[-74.65812,5.44581],[-74.6581,5.44579],[-74.65803,5.44577],[-74.65799,5.44573],[-74.65797,5.44573],[-74.65791,5.44568],[-74.65787,5.44566],[-74.65785,5.44564],[-74.65783,5.44563],[-74.65783,5.44563],[-74.65781,5.44562],[-74.65779,5.44561],[-74.65776,5.4456],[-74.65773,5.44557],[-74.65772,5.44557],[-74.6577,5.44556],[-74.65768,5.44555],[-74.65763,5.44552],[-74.65756,5.44552],[-74.65754,5.44551],[-74.65751,5.44551],[-74.65746,5.44551],[-74.65744,5.4455],[-74.65742,5.44549],[-74.6574,5.44549],[-74.65738,5.44548],[-74.65737,5.44548],[-74.65733,5.44547],[-74.6573,5.44546],[-74.65723,5.44545],[-74.65717,5.44545],[-74.65701,5.4455],[-74.65692,5.44547],[-74.65687,5.44546],[-74.65686,5.44546],[-74.65684,5.44546],[-74.65682,5.44546],[-74.6568,5.44545],[-74.65679,5.44545],[-74.65675,5.44544],[-74.65669,5.44543],[-74.65666,5.44543],[-74.65664,5.44543],[-74.65662,5.44543],[-74.65659,5.44543],[-74.65657,5.44542],[-74.65654,5.44542],[-74.65652,5.44542],[-74.6565,5.44542],[-74.65648,5.44542],[-74.65646,5.44542],[-74.65644,5.44542],[-74.65642,5.44542],[-74.65635,5.44541],[-74.65626,5.44533],[-74.65624,5.44531],[-74.65611,5.44518],[-74.6561,5.44515],[-74.65607,5.4451],[-74.65605,5.44508],[-74.65603,5.44505],[-74.65601,5.44502],[-74.65597,5.44499],[-74.65594,5.44496],[-74.6559,5.44494],[-74.65586,5.4449],[-74.65583,5.44489],[-74.6558,5.44487],[-74.65578,5.44486],[-74.65576,5.44485],[-74.65573,5.44484],[-74.65572,5.44483],[-74.65571,5.44483],[-74.65565,5.44481],[-74.65565,5.44481],[-74.65561,5.4448],[-74.6556,5.44479],[-74.65558,5.44478],[-74.65552,5.44477],[-74.65549,5.44476],[-74.65547,5.44476],[-74.65543,5.44475],[-74.6554,5.44474],[-74.65535,5.44472],[-74.65533,5.44471],[-74.65531,5.4447],[-74.65528,5.44469],[-74.65526,5.44468],[-74.65524,5.44468],[-74.65522,5.44467],[-74.65518,5.44466],[-74.65516,5.44465],[-74.65512,5.44464],[-74.6551,5.44464],[-74.65507,5.44463],[-74.65504,5.44463],[-74.65503,5.44463],[-74.65501,5.44462],[-74.65499,5.44462],[-74.65491,5.44461],[-74.65486,5.44459],[-74.65481,5.44458],[-74.65478,5.44457],[-74.65477,5.44457],[-74.65475,5.44457],[-74.65472,5.44457],[-74.65467,5.44456],[-74.65463,5.44455],[-74.6546,5.44454],[-74.65457,5.44454],[-74.65455,5.44453],[-74.6545,5.44453],[-74.65444,5.44453],[-74.65443,5.44453],[-74.65441,5.44452],[-74.65439,5.44452],[-74.65437,5.44452],[-74.65435,5.44452],[-74.65433,5.44451],[-74.6543,5.44451],[-74.65426,5.44451],[-74.65425,5.44451],[-74.65423,5.44451],[-74.65422,5.44451],[-74.65421,5.44451],[-74.65419,5.44451],[-74.65417,5.44451],[-74.65415,5.4445],[-74.65412,5.4445],[-74.65411,5.4445],[-74.65409,5.4445],[-74.65407,5.4445],[-74.65405,5.4445],[-74.65404,5.4445],[-74.65398,5.4445],[-74.65391,5.4445],[-74.65386,5.44449],[-74.65383,5.44448],[-74.65378,5.44448],[-74.65374,5.44448],[-74.65369,5.44448],[-74.6535,5.44448],[-74.65345,5.44449],[-74.65342,5.4445],[-74.6534,5.44468],[-74.65342,5.44468],[-74.6535,5.44467],[-74.65357,5.44466],[-74.65363,5.44466],[-74.65369,5.44466],[-74.65376,5.44466],[-74.65382,5.44466],[-74.65387,5.44467],[-74.65393,5.44468],[-74.65399,5.44468],[-74.65404,5.44468],[-74.65406,5.44468],[-74.65407,5.44468],[-74.65408,5.44468],[-74.6541,5.44468],[-74.65412,5.44468],[-74.65414,5.44468],[-74.65417,5.44469],[-74.65418,5.44469],[-74.6542,5.44469],[-74.65422,5.44469],[-74.65423,5.44469],[-74.65424,5.44469],[-74.65426,5.44469],[-74.65428,5.44469],[-74.6543,5.44469],[-74.65433,5.4447],[-74.65435,5.4447],[-74.65437,5.4447],[-74.65439,5.4447],[-74.65441,5.44471],[-74.65442,5.44471],[-74.65444,5.44471],[-74.65446,5.44471],[-74.65446,5.44471],[-74.65449,5.44471],[-74.65451,5.44471],[-74.65452,5.44472],[-74.65454,5.44472],[-74.65455,5.44472],[-74.65456,5.44472],[-74.65458,5.44472],[-74.6546,5.44473],[-74.65463,5.44473],[-74.65465,5.44474],[-74.65466,5.44474],[-74.65467,5.44474],[-74.65468,5.44475],[-74.65469,5.44475],[-74.65471,5.44475],[-74.65472,5.44475],[-74.65473,5.44475],[-74.65475,5.44475],[-74.65476,5.44475],[-74.65478,5.44476],[-74.6548,5.44476],[-74.65482,5.44477],[-74.65483,5.44478],[-74.65485,5.44478],[-74.65486,5.44479],[-74.65488,5.44479],[-74.65488,5.44479],[-74.6549,5.44479],[-74.65491,5.44479],[-74.65492,5.4448],[-74.65493,5.4448],[-74.65495,5.4448],[-74.65496,5.4448],[-74.65496,5.4448],[-74.65497,5.4448],[-74.65498,5.4448],[-74.655,5.44481],[-74.65501,5.44481],[-74.65502,5.44481],[-74.65504,5.44481],[-74.65506,5.44482],[-74.65509,5.44482],[-74.65511,5.44483],[-74.65513,5.44483],[-74.65514,5.44484],[-74.65517,5.44484],[-74.65518,5.44485],[-74.65521,5.44486],[-74.65522,5.44486],[-74.65524,5.44487],[-74.65526,5.44488],[-74.65528,5.44488],[-74.6553,5.44489],[-74.65531,5.4449],[-74.65532,5.4449],[-74.65533,5.44491],[-74.65534,5.44491],[-74.65536,5.44492],[-74.65538,5.44493],[-74.65539,5.44493],[-74.65541,5.44493],[-74.65542,5.44493],[-74.65544,5.44494],[-74.65545,5.44494],[-74.65548,5.44494],[-74.65552,5.44496],[-74.65554,5.44497],[-74.65557,5.44497],[-74.65559,5.44498],[-74.6556,5.44498],[-74.65561,5.44499],[-74.65563,5.44499],[-74.65564,5.445],[-74.65565,5.445],[-74.65567,5.44501],[-74.65569,5.44502],[-74.6557,5.44502],[-74.65571,5.44503],[-74.65572,5.44503],[-74.65573,5.44504],[-74.65575,5.44505],[-74.65577,5.44506],[-74.65578,5.44507],[-74.65579,5.44508],[-74.65581,5.44509],[-74.65582,5.4451],[-74.65584,5.44511],[-74.65586,5.44513],[-74.65588,5.44515],[-74.65589,5.44516],[-74.6559,5.44518],[-74.65591,5.4452],[-74.65593,5.44522],[-74.65594,5.44526],[-74.65594,5.44527],[-74.65595,5.44528],[-74.65595,5.44529],[-74.65595,5.4453],[-74.65595,5.44531],[-74.65595,5.44532],[-74.65595,5.44533],[-74.65595,5.44533],[-74.65594,5.44534],[-74.65594,5.44535],[-74.65595,5.44536],[-74.65595,5.44537],[-74.65595,5.44538],[-74.65596,5.44538],[-74.65596,5.44538],[-74.65596,5.44539],[-74.65596,5.44541],[-74.65596,5.44542],[-74.65596,5.44543],[-74.65596,5.44545],[-74.65597,5.44546],[-74.65598,5.44547],[-74.65598,5.44547],[-74.65598,5.44547],[-74.65599,5.44547],[-74.65599,5.44546],[-74.65599,5.44545],[-74.65598,5.44545],[-74.65598,5.44544],[-74.65598,5.44543],[-74.65599,5.44543],[-74.65599,5.44543],[-74.656,5.44542],[-74.656,5.44542],[-74.65601,5.44541],[-74.65601,5.4454],[-74.65601,5.4454],[-74.65602,5.4454],[-74.65603,5.44539],[-74.65604,5.44539],[-74.65604,5.44539],[-74.65606,5.44539],[-74.65607,5.4454],[-74.65608,5.44541],[-74.65609,5.44543],[-74.65611,5.44545],[-74.65612,5.44545],[-74.65614,5.44547],[-74.65615,5.44547],[-74.65616,5.44548],[-74.65616,5.44549],[-74.65617,5.4455],[-74.65617,5.44551],[-74.65617,5.44552],[-74.65617,5.44553],[-74.65617,5.44553],[-74.65618,5.44553],[-74.65618,5.44554],[-74.65619,5.44554],[-74.65621,5.44554],[-74.65621,5.44555],[-74.65622,5.44555],[-74.65624,5.44556],[-74.65625,5.44556],[-74.65626,5.44557],[-74.65628,5.44557],[-74.6563,5.44558],[-74.65632,5.44558],[-74.65634,5.44559],[-74.65636,5.44559],[-74.65639,5.4456],[-74.65641,5.4456],[-74.65642,5.4456],[-74.65643,5.4456],[-74.65645,5.4456],[-74.65646,5.4456],[-74.65648,5.4456],[-74.6565,5.4456],[-74.65652,5.4456],[-74.65652,5.4456],[-74.65655,5.4456],[-74.65657,5.4456],[-74.65657,5.44561],[-74.6566,5.44561],[-74.65662,5.44561],[-74.65665,5.44561],[-74.65666,5.44561],[-74.65668,5.44561],[-74.65671,5.44562],[-74.65673,5.44562],[-74.65675,5.44562],[-74.65676,5.44563],[-74.65677,5.44563],[-74.65679,5.44564],[-74.65682,5.44564],[-74.65684,5.44564],[-74.65685,5.44564],[-74.65688,5.44565],[-74.6569,5.44565],[-74.65692,5.44566],[-74.65693,5.44566],[-74.65694,5.44567],[-74.65695,5.44567],[-74.65696,5.44567],[-74.65697,5.44567],[-74.65699,5.44568],[-74.657,5.44568],[-74.65702,5.44568],[-74.65703,5.44568],[-74.65704,5.44569],[-74.65705,5.44569],[-74.65705,5.4457],[-74.65707,5.4457],[-74.65707,5.4457],[-74.65709,5.4457],[-74.6571,5.4457],[-74.65711,5.4457],[-74.65712,5.4457],[-74.65713,5.44569],[-74.65714,5.44569],[-74.65715,5.44569],[-74.65715,5.44568],[-74.65716,5.44568],[-74.65716,5.44567],[-74.65716,5.44566],[-74.65717,5.44565],[-74.65718,5.44565],[-74.65718,5.44564],[-74.65719,5.44564],[-74.6572,5.44563],[-74.65721,5.44563],[-74.65722,5.44563],[-74.65725,5.44563],[-74.65726,5.44564],[-74.65727,5.44564],[-74.65728,5.44564],[-74.6573,5.44565],[-74.65731,5.44565],[-74.65732,5.44566],[-74.65733,5.44566],[-74.65735,5.44566],[-74.65737,5.44567],[-74.65739,5.44567],[-74.65742,5.44568],[-74.65742,5.44568],[-74.65743,5.44569],[-74.65744,5.44569],[-74.65745,5.44569],[-74.65746,5.44569],[-74.65748,5.44569],[-74.6575,5.44569],[-74.6575,5.44569],[-74.65751,5.4457],[-74.65752,5.4457],[-74.65753,5.4457],[-74.65753,5.4457],[-74.65754,5.4457],[-74.65755,5.4457],[-74.65756,5.4457],[-74.65757,5.4457],[-74.65757,5.4457],[-74.65758,5.4457],[-74.65758,5.4457],[-74.65759,5.4457],[-74.65759,5.44571],[-74.6576,5.44571],[-74.65761,5.44571],[-74.65761,5.44572],[-74.65762,5.44572],[-74.65763,5.44573],[-74.65764,5.44573],[-74.65765,5.44574],[-74.65766,5.44575],[-74.65767,5.44575],[-74.65767,5.44576],[-74.65768,5.44576],[-74.6577,5.44576],[-74.6577,5.44577],[-74.65772,5.44577],[-74.65772,5.44578],[-74.65773,5.44578],[-74.65774,5.44579],[-74.65775,5.44579],[-74.65775,5.4458],[-74.65776,5.4458],[-74.65777,5.44581],[-74.65778,5.44582],[-74.65779,5.44582],[-74.6578,5.44583],[-74.65781,5.44583],[-74.65782,5.44584],[-74.65783,5.44585],[-74.65783,5.44585],[-74.65784,5.44586],[-74.65785,5.44586],[-74.65786,5.44587],[-74.65787,5.44587],[-74.65787,5.44588],[-74.65787,5.44588],[-74.65788,5.44588],[-74.65789,5.44589],[-74.65789,5.44589],[-74.6579,5.4459],[-74.65791,5.4459],[-74.65791,5.4459],[-74.65792,5.44591],[-74.65792,5.44591],[-74.65792,5.44591],[-74.65793,5.44592],[-74.65793,5.44593],[-74.65794,5.44593],[-74.65795,5.44594],[-74.65795,5.44594],[-74.65796,5.44594],[-74.65796,5.44595],[-74.65797,5.44595],[-74.65799,5.44595],[-74.658,5.44595],[-74.65801,5.44595],[-74.65801,5.44595],[-74.65802,5.44596],[-74.65802,5.44596],[-74.65803,5.44597],[-74.65803,5.44597],[-74.65803,5.44598],[-74.65803,5.44599],[-74.65804,5.446],[-74.65804,5.446],[-74.65804,5.44601],[-74.65805,5.44602],[-74.65806,5.44603],[-74.65807,5.44604],[-74.65808,5.44604],[-74.65809,5.44605],[-74.65809,5.44605],[-74.6581,5.44605],[-74.6581,5.44605],[-74.65811,5.44605],[-74.65812,5.44605],[-74.65812,5.44606],[-74.65813,5.44606],[-74.65813,5.44606],[-74.65813,5.44607],[-74.65814,5.44608],[-74.65814,5.44608],[-74.65815,5.44609],[-74.65815,5.4461],[-74.65816,5.4461],[-74.65816,5.44611],[-74.65817,5.44612],[-74.65817,5.44613],[-74.65818,5.44614],[-74.65819,5.44615],[-74.6582,5.44616],[-74.6582,5.44616],[-74.65821,5.44617],[-74.65822,5.44618],[-74.65822,5.44618],[-74.65823,5.44619],[-74.65824,5.44619],[-74.65825,5.4462],[-74.65825,5.4462],[-74.65826,5.44621],[-74.65826,5.44621],[-74.65827,5.44622],[-74.65827,5.44622],[-74.65827,5.44623],[-74.65828,5.44624],[-74.65828,5.44624],[-74.65829,5.44625],[-74.6583,5.44626],[-74.6583,5.44627],[-74.65832,5.44628],[-74.65833,5.4463],[-74.65834,5.44631],[-74.65834,5.44632],[-74.65835,5.44633],[-74.65835,5.44634],[-74.65835,5.44634],[-74.65835,5.44634],[-74.65835,5.44635],[-74.65836,5.44635],[-74.65836,5.44636],[-74.65836,5.44637],[-74.65837,5.44637],[-74.65838,5.44638],[-74.65838,5.44638],[-74.65839,5.4464],[-74.65839,5.4464],[-74.65839,5.44641],[-74.6584,5.44642],[-74.6584,5.44643],[-74.6584,5.44644],[-74.6584,5.44645],[-74.6584,5.44646],[-74.65841,5.44647],[-74.65842,5.44648],[-74.65843,5.44649],[-74.65844,5.44651],[-74.65848,5.44651],[-74.65849,5.44652],[-74.65849,5.44652],[-74.6585,5.44652],[-74.65851,5.44653],[-74.65852,5.44653],[-74.65852,5.44653],[-74.65853,5.44654],[-74.65853,5.44655],[-74.65854,5.44655],[-74.65854,5.44656],[-74.65855,5.44657],[-74.65855,5.44657],[-74.65855,5.44658],[-74.65856,5.44658],[-74.65856,5.44658],[-74.65857,5.44659],[-74.65858,5.44659],[-74.65859,5.44659],[-74.65859,5.4466],[-74.6586,5.4466],[-74.65861,5.44661],[-74.65861,5.44661],[-74.65861,5.44661],[-74.65861,5.44662],[-74.65861,5.44662],[-74.65862,5.44663],[-74.65862,5.44664],[-74.65862,5.44664],[-74.65862,5.44665],[-74.65862,5.44666],[-74.65862,5.44666],[-74.65863,5.44667],[-74.65863,5.44667],[-74.65863,5.44669],[-74.65863,5.4467],[-74.65863,5.44671],[-74.65863,5.44671],[-74.65864,5.44672],[-74.65864,5.44673],[-74.65864,5.44674],[-74.65864,5.44675],[-74.65864,5.44675],[-74.65864,5.44676],[-74.65864,5.44677],[-74.65864,5.44678],[-74.65864,5.44679],[-74.65864,5.44681],[-74.65864,5.44682],[-74.65865,5.44682],[-74.65866,5.44682],[-74.65867,5.44682],[-74.65867,5.44682],[-74.65868,5.44682],[-74.65868,5.44682],[-74.65869,5.44681],[-74.6587,5.4468],[-74.65871,5.44679],[-74.65872,5.44678],[-74.65873,5.44678],[-74.65873,5.44678],[-74.65874,5.44678],[-74.65874,5.44678],[-74.65875,5.44679],[-74.65876,5.44679],[-74.65876,5.44679],[-74.65877,5.4468],[-74.65877,5.44681],[-74.65878,5.44682],[-74.65878,5.44683],[-74.65878,5.44684],[-74.65879,5.44684],[-74.6588,5.44685],[-74.6588,5.44687],[-74.65881,5.44688],[-74.65881,5.44689],[-74.65881,5.44689],[-74.65881,5.44691],[-74.65881,5.44692],[-74.65882,5.44692],[-74.65882,5.44693],[-74.65883,5.44693],[-74.65883,5.44694],[-74.65884,5.44695],[-74.65885,5.44697],[-74.65886,5.44698],[-74.65887,5.44699],[-74.65888,5.447],[-74.65889,5.44701],[-74.6589,5.44703],[-74.65891,5.44704],[-74.65892,5.44706],[-74.65893,5.44707],[-74.65894,5.44708],[-74.65895,5.44709],[-74.65895,5.4471],[-74.65896,5.44711],[-74.65897,5.44711],[-74.65897,5.44712],[-74.65899,5.44712],[-74.659,5.44714],[-74.65902,5.44715],[-74.65903,5.44715],[-74.65905,5.44717],[-74.65906,5.44718],[-74.65908,5.44719],[-74.65909,5.44719],[-74.65911,5.4472],[-74.65912,5.44721],[-74.65913,5.44721],[-74.65914,5.44721],[-74.65915,5.44722],[-74.65916,5.44723],[-74.65917,5.44723],[-74.65918,5.44724],[-74.65918,5.44725],[-74.65919,5.44725],[-74.65921,5.44726],[-74.65922,5.44727],[-74.65923,5.44728],[-74.65924,5.44728],[-74.65926,5.4473],[-74.65927,5.4473],[-74.65927,5.44731],[-74.65929,5.44732],[-74.6593,5.44733],[-74.65931,5.44734],[-74.65932,5.44734],[-74.65933,5.44735],[-74.65934,5.44736],[-74.65935,5.44736],[-74.65935,5.44737],[-74.65936,5.44737],[-74.65936,5.44738],[-74.65937,5.44738],[-74.65937,5.4474],[-74.65938,5.4474],[-74.65938,5.4474],[-74.65938,5.44741],[-74.65939,5.44742],[-74.65939,5.44742],[-74.6594,5.44743],[-74.6594,5.44744],[-74.6594,5.44745],[-74.65941,5.44746],[-74.65941,5.44747],[-74.65941,5.44749],[-74.65941,5.44751],[-74.65941,5.44752],[-74.65941,5.44753],[-74.65941,5.44754],[-74.65941,5.44756],[-74.65941,5.44757],[-74.65941,5.44758],[-74.65941,5.44759],[-74.6594,5.4476],[-74.6594,5.44761],[-74.6594,5.44763],[-74.65939,5.44765],[-74.65939,5.44766],[-74.65938,5.44768],[-74.65938,5.4477],[-74.65938,5.44771],[-74.65938,5.44772],[-74.65938,5.44773],[-74.65938,5.44774],[-74.65938,5.44775],[-74.65938,5.44776],[-74.65939,5.44776],[-74.6594,5.44776],[-74.6594,5.44776],[-74.6594,5.44776],[-74.6594,5.44776],[-74.65941,5.44775],[-74.65943,5.44772],[-74.65943,5.44772],[-74.65944,5.44771],[-74.65945,5.4477],[-74.65945,5.44769],[-74.65946,5.44769],[-74.65947,5.44768],[-74.65948,5.44768],[-74.65948,5.44768],[-74.65949,5.44769],[-74.6595,5.44769],[-74.65952,5.4477],[-74.65953,5.44771],[-74.65954,5.44771],[-74.65955,5.44771],[-74.65956,5.44772],[-74.65957,5.44773],[-74.65958,5.44773],[-74.65959,5.44774],[-74.65959,5.44775],[-74.6596,5.44776],[-74.65961,5.44777],[-74.65962,5.44778],[-74.65963,5.44778],[-74.65963,5.44779],[-74.65964,5.44779],[-74.65964,5.4478],[-74.65965,5.44781],[-74.65966,5.44781],[-74.65967,5.44782],[-74.65968,5.44783],[-74.65969,5.44785],[-74.65969,5.44786],[-74.65969,5.44787],[-74.65969,5.44788],[-74.65969,5.4479],[-74.65969,5.44791],[-74.65969,5.44793],[-74.6597,5.44795],[-74.6597,5.44798],[-74.65971,5.44799],[-74.65972,5.448],[-74.65972,5.448],[-74.65973,5.44801],[-74.65973,5.44801],[-74.65974,5.44802],[-74.65975,5.44803],[-74.65975,5.44803],[-74.65976,5.44804],[-74.65977,5.44805],[-74.65978,5.44805],[-74.65978,5.44806],[-74.65979,5.44807],[-74.6598,5.44808],[-74.65981,5.44809],[-74.65982,5.4481],[-74.65982,5.44811],[-74.65983,5.44812],[-74.65984,5.44813],[-74.65984,5.44814],[-74.65985,5.44815],[-74.65986,5.44816],[-74.65987,5.44817],[-74.65987,5.44818],[-74.65988,5.44819],[-74.65989,5.4482],[-74.65991,5.44822],[-74.65991,5.44823],[-74.65992,5.44824],[-74.65993,5.44825],[-74.65993,5.44826],[-74.65994,5.44827],[-74.65995,5.44828],[-74.65995,5.44828],[-74.65996,5.44829],[-74.65997,5.4483],[-74.65997,5.44831],[-74.65998,5.44832],[-74.65999,5.44833],[-74.66,5.44834],[-74.66,5.44835],[-74.66001,5.44836],[-74.66001,5.44837],[-74.66002,5.44838],[-74.66002,5.44839],[-74.66003,5.4484],[-74.66003,5.44841],[-74.66004,5.44842],[-74.66005,5.44843],[-74.66005,5.44844],[-74.66006,5.44845],[-74.66007,5.44846],[-74.66007,5.44847],[-74.66008,5.44848],[-74.66009,5.44849],[-74.66009,5.4485],[-74.6601,5.44852],[-74.6601,5.44853],[-74.66011,5.44854],[-74.66011,5.44855],[-74.66011,5.44856],[-74.66012,5.44857],[-74.66012,5.44858],[-74.66012,5.44859],[-74.66013,5.44861],[-74.66013,5.44862],[-74.66014,5.44864],[-74.66014,5.44865],[-74.66014,5.44866],[-74.66014,5.44867],[-74.66015,5.44869],[-74.66015,5.4487],[-74.66015,5.44871],[-74.66015,5.44871],[-74.66015,5.44872],[-74.66015,5.44873],[-74.66015,5.44875],[-74.66015,5.44876],[-74.66015,5.44877],[-74.66015,5.44877],[-74.66015,5.44878],[-74.66015,5.44879],[-74.66014,5.4488],[-74.66013,5.44881],[-74.66013,5.44881],[-74.66013,5.44883],[-74.66012,5.44883],[-74.66012,5.44884],[-74.66012,5.44885],[-74.66012,5.44886],[-74.66013,5.44887],[-74.66013,5.44887],[-74.66013,5.44888],[-74.66013,5.44888],[-74.66014,5.44889],[-74.66014,5.44889],[-74.66015,5.44889],[-74.66015,5.44889],[-74.66016,5.4489],[-74.66016,5.4489],[-74.66017,5.4489],[-74.66017,5.44891],[-74.66017,5.44891],[-74.66018,5.44892],[-74.66018,5.44893],[-74.66018,5.44894],[-74.66018,5.44894],[-74.66019,5.44897],[-74.66019,5.44897],[-74.66019,5.44898],[-74.66019,5.44899],[-74.66019,5.44899],[-74.66019,5.449],[-74.66019,5.44901],[-74.66018,5.44902],[-74.66018,5.44903],[-74.66018,5.44903],[-74.66018,5.44904],[-74.66018,5.44904],[-74.66018,5.44905],[-74.66018,5.44906],[-74.66018,5.44907],[-74.66017,5.44908],[-74.66017,5.44909],[-74.66017,5.4491],[-74.66017,5.44911],[-74.66017,5.44911],[-74.66017,5.44911],[-74.66018,5.44912],[-74.66018,5.44913],[-74.66019,5.44914],[-74.6602,5.44914],[-74.6602,5.44914],[-74.66021,5.44914],[-74.66021,5.44913],[-74.66022,5.44913],[-74.66023,5.44913],[-74.66023,5.44912],[-74.66024,5.44912],[-74.66025,5.44912],[-74.66026,5.44912],[-74.66026,5.44912],[-74.66027,5.44911],[-74.66028,5.44911],[-74.66029,5.44911],[-74.66029,5.44911],[-74.6603,5.44911],[-74.66031,5.44911],[-74.66032,5.44912],[-74.66032,5.44912],[-74.66033,5.44912],[-74.66034,5.44912],[-74.66034,5.44913],[-74.66035,5.44913],[-74.66036,5.44913],[-74.66036,5.44914],[-74.66037,5.44914],[-74.66038,5.44915],[-74.66039,5.44916],[-74.66039,5.44916],[-74.6604,5.44917],[-74.66041,5.44918],[-74.66041,5.44918],[-74.66042,5.44919],[-74.66043,5.4492],[-74.66043,5.44921],[-74.66044,5.44922],[-74.66044,5.44923],[-74.66045,5.44924],[-74.66045,5.44925],[-74.66045,5.44926],[-74.66046,5.44927],[-74.66046,5.44928],[-74.66046,5.44929],[-74.66046,5.4493],[-74.66046,5.44931],[-74.66046,5.44932],[-74.66046,5.44932],[-74.66047,5.44933],[-74.66047,5.44934],[-74.66047,5.44935],[-74.66047,5.44935],[-74.66047,5.44936],[-74.66047,5.44938],[-74.66047,5.44941],[-74.66046,5.44943],[-74.66046,5.44944],[-74.66046,5.44945],[-74.66046,5.44946],[-74.66046,5.44947],[-74.66046,5.44948],[-74.66046,5.44949],[-74.66047,5.4495],[-74.66047,5.44951],[-74.66048,5.44953],[-74.66049,5.44955],[-74.66049,5.44955],[-74.6605,5.44956],[-74.66051,5.44957],[-74.66051,5.44958],[-74.66052,5.44959],[-74.66052,5.44959],[-74.66052,5.4496],[-74.66053,5.44961],[-74.66055,5.44963],[-74.66055,5.44964],[-74.66055,5.44964],[-74.66055,5.44965],[-74.66056,5.44966],[-74.66057,5.44967],[-74.66057,5.44967],[-74.66058,5.44968],[-74.66058,5.44969],[-74.66058,5.44969],[-74.66059,5.4497],[-74.66059,5.4497],[-74.66061,5.44968],[-74.66061,5.44969],[-74.66063,5.44969],[-74.66064,5.4497],[-74.66067,5.4497],[-74.66067,5.4497],[-74.66067,5.44971],[-74.66067,5.44972],[-74.66065,5.44972],[-74.66064,5.44972],[-74.66065,5.44973],[-74.66066,5.44973],[-74.66066,5.44973],[-74.66066,5.44974],[-74.66066,5.44974],[-74.66066,5.44974],[-74.66066,5.44975],[-74.66068,5.44977],[-74.66068,5.44977],[-74.66069,5.44979],[-74.6607,5.4498],[-74.66071,5.44982],[-74.66072,5.44984],[-74.66073,5.44985],[-74.66073,5.44986],[-74.66074,5.44987],[-74.66074,5.44989],[-74.66074,5.44991],[-74.66075,5.44993],[-74.66075,5.44995],[-74.66076,5.44997],[-74.66077,5.44999],[-74.66077,5.45],[-74.66078,5.45002],[-74.66078,5.45004],[-74.66079,5.45006],[-74.66079,5.45009],[-74.66079,5.4501],[-74.66079,5.45012],[-74.66079,5.45015],[-74.66079,5.45016],[-74.6608,5.45016],[-74.66081,5.45016],[-74.66082,5.45015],[-74.66083,5.45015],[-74.66083,5.45016],[-74.66082,5.45017],[-74.6608,5.45017],[-74.6608,5.45017],[-74.6608,5.45018],[-74.6608,5.45018],[-74.6608,5.45021],[-74.6608,5.45021],[-74.66081,5.45021],[-74.66082,5.45021],[-74.66083,5.45022],[-74.66082,5.45022],[-74.66081,5.45022],[-74.66081,5.45022],[-74.66081,5.45023],[-74.66082,5.45025],[-74.66082,5.45026],[-74.66083,5.45027],[-74.66084,5.45028],[-74.66084,5.45029],[-74.66084,5.4503],[-74.66084,5.4503],[-74.66085,5.4503],[-74.66086,5.45031],[-74.66087,5.45031],[-74.66088,5.45031],[-74.6609,5.45033],[-74.66089,5.45033],[-74.66086,5.45033],[-74.66087,5.45034],[-74.66088,5.45037],[-74.66089,5.45037],[-74.66089,5.45038],[-74.6609,5.45038],[-74.66091,5.45037],[-74.66092,5.45038],[-74.66093,5.45038],[-74.66095,5.45038],[-74.66096,5.45039],[-74.66095,5.4504],[-74.66095,5.45041],[-74.66096,5.45042],[-74.66096,5.45043],[-74.66096,5.45043],[-74.66095,5.45042],[-74.66093,5.45042],[-74.66092,5.45043],[-74.66093,5.45045],[-74.66094,5.45047],[-74.66094,5.45047],[-74.66094,5.45047],[-74.66095,5.45048],[-74.66096,5.45048],[-74.66097,5.45049],[-74.66098,5.45048],[-74.66098,5.45048],[-74.66099,5.45047],[-74.66099,5.45046],[-74.66099,5.45048],[-74.66098,5.4505],[-74.66096,5.4505],[-74.66095,5.45049],[-74.66094,5.45049],[-74.66095,5.45051],[-74.66095,5.45052],[-74.66095,5.45054],[-74.66096,5.45055],[-74.66096,5.45057],[-74.66097,5.45059],[-74.66098,5.45059],[-74.66099,5.4506],[-74.66098,5.45061],[-74.66098,5.45062],[-74.66099,5.45063],[-74.66098,5.45063],[-74.66098,5.45062],[-74.66098,5.45063],[-74.66098,5.45065],[-74.66098,5.45067],[-74.66098,5.45069],[-74.66098,5.45071],[-74.66099,5.45074],[-74.66099,5.45075],[-74.66099,5.45076],[-74.66099,5.45078],[-74.661,5.45079],[-74.661,5.45082],[-74.661,5.45083],[-74.661,5.45085],[-74.661,5.45086],[-74.661,5.45088],[-74.66101,5.4509],[-74.66101,5.45092],[-74.66102,5.45093],[-74.66103,5.45095],[-74.66103,5.45096],[-74.66104,5.45097],[-74.66105,5.45099],[-74.66106,5.45101],[-74.66107,5.45102],[-74.66107,5.45103],[-74.66109,5.45105],[-74.6611,5.45107],[-74.66111,5.45108],[-74.66111,5.45109],[-74.66112,5.4511],[-74.66113,5.45111],[-74.66114,5.45113],[-74.66114,5.45115],[-74.66115,5.45116],[-74.66116,5.45118],[-74.66116,5.4512],[-74.66117,5.45124],[-74.66117,5.45125],[-74.66117,5.45127],[-74.66117,5.45129],[-74.66117,5.4513],[-74.66116,5.45132],[-74.66116,5.45133],[-74.66117,5.45134],[-74.66117,5.45135],[-74.66118,5.45135],[-74.66119,5.45136],[-74.66119,5.45136],[-74.6612,5.45136],[-74.66121,5.45137],[-74.66121,5.45138],[-74.66122,5.45138],[-74.66122,5.45139],[-74.66122,5.4514],[-74.66122,5.4514],[-74.66122,5.45141],[-74.66121,5.45142],[-74.66121,5.45142],[-74.66121,5.45143],[-74.66121,5.45143],[-74.6612,5.45145],[-74.6612,5.45146],[-74.6612,5.45147],[-74.66119,5.4515],[-74.66118,5.45151],[-74.66116,5.45158],[-74.66115,5.4516],[-74.66115,5.45161],[-74.66115,5.45165],[-74.66115,5.45168],[-74.66115,5.45169],[-74.66116,5.4517],[-74.66116,5.45171],[-74.66116,5.45171],[-74.66118,5.45173],[-74.66119,5.45173],[-74.6612,5.45174],[-74.6612,5.45175],[-74.66119,5.45175],[-74.66118,5.45175],[-74.66117,5.45173],[-74.66116,5.45173],[-74.66115,5.45175],[-74.66115,5.45177],[-74.66115,5.45183],[-74.66115,5.45185],[-74.66115,5.45187],[-74.66115,5.45189],[-74.66115,5.4519],[-74.66115,5.45191],[-74.66114,5.45192],[-74.66114,5.45193],[-74.66113,5.45195],[-74.66112,5.45196],[-74.66112,5.45198],[-74.66111,5.45201],[-74.66109,5.45206],[-74.66109,5.45207],[-74.66109,5.45209],[-74.66109,5.4521],[-74.66109,5.4521],[-74.6611,5.45211],[-74.6611,5.45213],[-74.66111,5.45214],[-74.66111,5.45215],[-74.66112,5.45215],[-74.66112,5.45216],[-74.66114,5.45218],[-74.66114,5.45219],[-74.66115,5.45219],[-74.66118,5.45221],[-74.66118,5.45221],[-74.66119,5.4522],[-74.6612,5.4522],[-74.66121,5.45221],[-74.66122,5.45221],[-74.66123,5.45222],[-74.66124,5.45222],[-74.66125,5.45223],[-74.66125,5.45224],[-74.66124,5.45223],[-74.66122,5.45223],[-74.66122,5.45223],[-74.66122,5.45224],[-74.66122,5.45225],[-74.66121,5.45227],[-74.66121,5.45228],[-74.66124,5.45228],[-74.66125,5.45227],[-74.66125,5.45227],[-74.66125,5.45228],[-74.66124,5.45229],[-74.66121,5.45229],[-74.66121,5.45229],[-74.66121,5.4523],[-74.66122,5.45232],[-74.66123,5.45232],[-74.66123,5.45233],[-74.66123,5.45233],[-74.66123,5.45234],[-74.66124,5.45235],[-74.66124,5.45236],[-74.66124,5.45237],[-74.66125,5.45238],[-74.66125,5.45238],[-74.66125,5.4524],[-74.66125,5.45241],[-74.66126,5.45242],[-74.66126,5.45243],[-74.66126,5.45244],[-74.66126,5.45245],[-74.66126,5.45249],[-74.66127,5.45249],[-74.66128,5.45248],[-74.66128,5.45248],[-74.66129,5.45249],[-74.66131,5.45249],[-74.66132,5.45248],[-74.66133,5.45248],[-74.66134,5.45248],[-74.66137,5.45248],[-74.66137,5.45248],[-74.66137,5.45248],[-74.66139,5.45247],[-74.66139,5.45247],[-74.66138,5.45246],[-74.66138,5.45245],[-74.66137,5.45244],[-74.66137,5.45242],[-74.66135,5.4524],[-74.66136,5.45239],[-74.66137,5.45239],[-74.66137,5.45239],[-74.66137,5.45238],[-74.66135,5.45236],[-74.66135,5.45234],[-74.66134,5.45233],[-74.66134,5.45233],[-74.66134,5.45232],[-74.66134,5.45231],[-74.66134,5.45228],[-74.66134,5.45228],[-74.66134,5.45228],[-74.66134,5.45229],[-74.66135,5.4523],[-74.66135,5.45231],[-74.66136,5.45231],[-74.66137,5.45231],[-74.66137,5.45232],[-74.66137,5.45232],[-74.66138,5.45232],[-74.66138,5.45232],[-74.66139,5.45232],[-74.66139,5.45233],[-74.66138,5.45234],[-74.66137,5.45233],[-74.66137,5.45233],[-74.66136,5.45233],[-74.66137,5.45234],[-74.66137,5.45235],[-74.66137,5.45236],[-74.66138,5.45236],[-74.66139,5.45237],[-74.6614,5.45237],[-74.66141,5.45237],[-74.6614,5.45237],[-74.66138,5.45237],[-74.66138,5.45238],[-74.6614,5.4524],[-74.6614,5.45241],[-74.6614,5.45241],[-74.66141,5.45241],[-74.66141,5.45242],[-74.66141,5.45242],[-74.6614,5.45242],[-74.66139,5.45242],[-74.66139,5.45242],[-74.66139,5.45245],[-74.6614,5.45246],[-74.6614,5.45247],[-74.6614,5.45248],[-74.6614,5.45248],[-74.6614,5.45248],[-74.6614,5.45248],[-74.66141,5.45248],[-74.66142,5.4525],[-74.66142,5.4525],[-74.6614,5.4525],[-74.6614,5.4525],[-74.6614,5.4525],[-74.6614,5.45249],[-74.66139,5.45249],[-74.66137,5.45249],[-74.66136,5.4525],[-74.66134,5.4525],[-74.66133,5.45251],[-74.66126,5.45251],[-74.66126,5.45252],[-74.66126,5.45255],[-74.66126,5.45256],[-74.66126,5.45259],[-74.66126,5.4526],[-74.66126,5.45262],[-74.66126,5.45265],[-74.66126,5.45266],[-74.66125,5.45271],[-74.66126,5.45277],[-74.66126,5.45278],[-74.66126,5.45279],[-74.66126,5.4528],[-74.66126,5.45282],[-74.66126,5.45284],[-74.66126,5.45286],[-74.66126,5.45288],[-74.66126,5.45289],[-74.66127,5.4529],[-74.66127,5.45292],[-74.66127,5.45293],[-74.66127,5.45295],[-74.66128,5.45298],[-74.66128,5.453],[-74.66128,5.45303],[-74.66129,5.45307],[-74.66129,5.45308],[-74.66129,5.4531],[-74.66128,5.45311],[-74.66128,5.45312],[-74.66128,5.45313],[-74.66128,5.45315],[-74.66124,5.45322],[-74.66123,5.45327],[-74.66123,5.45327],[-74.66123,5.45327],[-74.66123,5.45329],[-74.66122,5.45331],[-74.66122,5.45334],[-74.66123,5.45336],[-74.66123,5.45338],[-74.66123,5.45338],[-74.66124,5.45339],[-74.66123,5.4534],[-74.66124,5.45341],[-74.66124,5.45342],[-74.66124,5.45342],[-74.66125,5.45343],[-74.66125,5.45343],[-74.66126,5.45346],[-74.66127,5.45347],[-74.66128,5.45347],[-74.66128,5.45347],[-74.66127,5.45348],[-74.66127,5.45351],[-74.66128,5.45351],[-74.66128,5.45351],[-74.66127,5.45352],[-74.66127,5.45353],[-74.66127,5.45355],[-74.66128,5.45357],[-74.66128,5.45359],[-74.66129,5.45361],[-74.66129,5.45364],[-74.6613,5.45365],[-74.66131,5.45368],[-74.66131,5.45369],[-74.66131,5.45369],[-74.66132,5.4537],[-74.66133,5.45369],[-74.66135,5.45369],[-74.66135,5.45369],[-74.66135,5.45369],[-74.66135,5.4537],[-74.66135,5.4537],[-74.66132,5.4537],[-74.66132,5.45371],[-74.66132,5.45372],[-74.66132,5.45373],[-74.66132,5.45375],[-74.66133,5.45376],[-74.66133,5.45378],[-74.66133,5.45379],[-74.66134,5.4538],[-74.66134,5.45381],[-74.66135,5.45381],[-74.66135,5.45382],[-74.66135,5.45383],[-74.66135,5.45383],[-74.66136,5.45384],[-74.66136,5.45385],[-74.66137,5.45386],[-74.66137,5.45387],[-74.66138,5.45389],[-74.66139,5.4539],[-74.66139,5.45391],[-74.6614,5.45393],[-74.6614,5.45396],[-74.66142,5.45402],[-74.66142,5.45404],[-74.66143,5.45405],[-74.66143,5.45407],[-74.66144,5.45409],[-74.66144,5.4541],[-74.66144,5.45412],[-74.66144,5.45413],[-74.66145,5.45415],[-74.66145,5.45417],[-74.66145,5.45418],[-74.66146,5.45421],[-74.66147,5.45423],[-74.66147,5.45425],[-74.66148,5.45427],[-74.66148,5.45428],[-74.66149,5.4543],[-74.66149,5.45432],[-74.6615,5.45434],[-74.66151,5.45435],[-74.66151,5.45436],[-74.66151,5.45438],[-74.66152,5.45439],[-74.66152,5.45439],[-74.66153,5.45439],[-74.66154,5.45439],[-74.66154,5.45438],[-74.66154,5.45437],[-74.66155,5.45437],[-74.66155,5.45438],[-74.66155,5.45439],[-74.66155,5.45439],[-74.66154,5.45439],[-74.66153,5.4544],[-74.66154,5.4544],[-74.66154,5.45441],[-74.66153,5.45441],[-74.66153,5.45443],[-74.66154,5.45445],[-74.66155,5.45446],[-74.66155,5.45447],[-74.66155,5.45449],[-74.66156,5.45451],[-74.66156,5.45453],[-74.66157,5.45454],[-74.66157,5.45455],[-74.66158,5.45456],[-74.66158,5.45458],[-74.66159,5.45459],[-74.66159,5.45461],[-74.6616,5.45462],[-74.66161,5.45464],[-74.66161,5.45466],[-74.66162,5.45468],[-74.66161,5.45469],[-74.66162,5.45472],[-74.66162,5.45472],[-74.66162,5.45472],[-74.66162,5.45472],[-74.66162,5.45472],[-74.66164,5.45472],[-74.66164,5.45473],[-74.66164,5.45473],[-74.66164,5.45474],[-74.66164,5.45474],[-74.66164,5.45475],[-74.66164,5.45475],[-74.66164,5.45476],[-74.66164,5.45477],[-74.66165,5.45477],[-74.66165,5.45479],[-74.66165,5.45479],[-74.66165,5.4548],[-74.66167,5.4548],[-74.66167,5.45481],[-74.66168,5.45481],[-74.66169,5.4548],[-74.6617,5.4548],[-74.66171,5.45481],[-74.66171,5.45482],[-74.66171,5.45482],[-74.6617,5.45482],[-74.66169,5.45483],[-74.66168,5.45483],[-74.66167,5.45482],[-74.66167,5.45482],[-74.66167,5.45483],[-74.66167,5.45484],[-74.66168,5.45484],[-74.66168,5.45485],[-74.66169,5.45486],[-74.66169,5.45487],[-74.66169,5.45488],[-74.6617,5.45489],[-74.6617,5.4549],[-74.66171,5.45492],[-74.66172,5.45495],[-74.66172,5.45497],[-74.66173,5.45498],[-74.66173,5.455],[-74.66173,5.45501],[-74.66174,5.45502],[-74.66174,5.45504],[-74.66174,5.45505],[-74.66174,5.45507],[-74.66174,5.45507],[-74.66174,5.45509],[-74.66175,5.4551],[-74.66175,5.45511],[-74.66175,5.4551],[-74.66175,5.45508],[-74.66176,5.45508],[-74.66177,5.45509],[-74.66177,5.45508],[-74.66178,5.45508],[-74.66177,5.45509],[-74.66177,5.4551],[-74.66177,5.45511],[-74.66178,5.45511],[-74.6618,5.45509],[-74.66181,5.45509],[-74.66186,5.45525],[-74.66186,5.45526],[-74.66188,5.45528],[-74.66187,5.45529],[-74.66187,5.4553],[-74.66188,5.45531],[-74.66188,5.45532],[-74.66187,5.45532],[-74.66188,5.45532],[-74.66189,5.45534],[-74.6619,5.45535],[-74.66191,5.45536],[-74.66192,5.45538],[-74.66193,5.45539],[-74.66194,5.4554],[-74.66194,5.45541],[-74.66195,5.4554],[-74.66195,5.45541],[-74.66195,5.45541],[-74.66195,5.45541],[-74.66196,5.45542],[-74.66196,5.45542],[-74.66198,5.45543],[-74.66198,5.45544],[-74.66198,5.45544],[-74.66198,5.45545],[-74.66199,5.45546],[-74.66201,5.45547],[-74.66202,5.45549],[-74.66202,5.4555],[-74.66204,5.4555],[-74.66206,5.45553],[-74.66206,5.45555],[-74.66207,5.45557],[-74.66209,5.45557],[-74.66208,5.45558],[-74.66207,5.45557],[-74.66206,5.45557],[-74.66206,5.45558],[-74.66207,5.45559],[-74.66208,5.4556],[-74.66209,5.45561],[-74.66209,5.45561],[-74.6621,5.45563],[-74.66211,5.45564],[-74.66212,5.45566],[-74.66212,5.45566],[-74.66212,5.45566],[-74.66212,5.45567],[-74.66212,5.45567],[-74.66215,5.45571],[-74.66215,5.45571],[-74.66217,5.45574],[-74.66217,5.45575],[-74.66218,5.45577],[-74.66218,5.45577],[-74.6622,5.4558],[-74.66219,5.4558],[-74.66218,5.45579],[-74.66218,5.4558],[-74.66219,5.45582],[-74.66219,5.45583],[-74.66219,5.45584],[-74.6622,5.45585],[-74.6622,5.45586],[-74.66221,5.45588],[-74.66221,5.4559],[-74.66223,5.45593],[-74.66224,5.45594],[-74.66224,5.45596],[-74.66225,5.45598],[-74.66225,5.45599],[-74.66226,5.456],[-74.66227,5.45603],[-74.66227,5.45603],[-74.66227,5.45604],[-74.66228,5.45606],[-74.66228,5.45606],[-74.66229,5.45608],[-74.66229,5.45609],[-74.6623,5.4561],[-74.6623,5.45611],[-74.66231,5.45613],[-74.66231,5.45614],[-74.66231,5.45615],[-74.66232,5.45617],[-74.66232,5.45618],[-74.66232,5.45621],[-74.66233,5.45623],[-74.66233,5.45624],[-74.66233,5.45626],[-74.66233,5.45627],[-74.66234,5.4563],[-74.66234,5.45631],[-74.66234,5.45633],[-74.66234,5.45635],[-74.66235,5.45636],[-74.66235,5.45639],[-74.66237,5.45643],[-74.66237,5.45643],[-74.66238,5.45644],[-74.66237,5.45645],[-74.66238,5.45645],[-74.66239,5.45645],[-74.66239,5.45646],[-74.66239,5.45647],[-74.6624,5.45647],[-74.66241,5.45647],[-74.66242,5.45648],[-74.66241,5.45649],[-74.66241,5.4565],[-74.66243,5.45652],[-74.66243,5.45653],[-74.6624,5.45651],[-74.6624,5.4565],[-74.66238,5.45647],[-74.66238,5.45648],[-74.66238,5.4565],[-74.66238,5.45651],[-74.66239,5.45652],[-74.66239,5.45654],[-74.6624,5.45656],[-74.6624,5.45656],[-74.66242,5.45656],[-74.66243,5.45655],[-74.66243,5.45655],[-74.66244,5.45656],[-74.66242,5.45658],[-74.66241,5.45658],[-74.66241,5.45658],[-74.66242,5.45662],[-74.66243,5.45662],[-74.66243,5.45662],[-74.66243,5.45662],[-74.66242,5.45662],[-74.66242,5.45662],[-74.66245,5.45667],[-74.66245,5.4567],[-74.66245,5.45671],[-74.66247,5.45671],[-74.66248,5.4567],[-74.66251,5.45673],[-74.66251,5.45674],[-74.66251,5.45674],[-74.6625,5.45674],[-74.6625,5.45673],[-74.66249,5.45671],[-74.66245,5.45671],[-74.66246,5.45678],[-74.66247,5.4568],[-74.66248,5.45683],[-74.66248,5.45684],[-74.66248,5.45685],[-74.66249,5.45686],[-74.66249,5.45686],[-74.6625,5.45687],[-74.6625,5.45688],[-74.66249,5.45688],[-74.66249,5.45688],[-74.6625,5.45689],[-74.66251,5.45691],[-74.66252,5.45694],[-74.66253,5.45696],[-74.66254,5.45697],[-74.66254,5.45698],[-74.66255,5.45699],[-74.66255,5.457],[-74.66256,5.45701],[-74.66258,5.45706],[-74.66258,5.45706],[-74.66258,5.45706],[-74.66258,5.45706],[-74.66258,5.45704],[-74.66259,5.45704],[-74.6626,5.45705],[-74.66261,5.45705],[-74.66266,5.45705],[-74.66266,5.45705],[-74.66266,5.45706],[-74.66265,5.45706],[-74.66265,5.45706],[-74.66265,5.45707],[-74.66266,5.45707],[-74.66267,5.45708],[-74.66267,5.45709],[-74.66267,5.45709],[-74.66266,5.45708],[-74.66265,5.45708],[-74.66263,5.45707],[-74.66262,5.45707],[-74.66261,5.45707],[-74.66259,5.45707],[-74.66259,5.45707],[-74.66259,5.45708],[-74.6626,5.45709],[-74.6626,5.45709],[-74.66261,5.45709],[-74.66261,5.4571],[-74.66261,5.4571],[-74.6626,5.4571],[-74.66261,5.45711],[-74.66263,5.45713],[-74.66263,5.45716],[-74.66265,5.45719],[-74.66265,5.4572],[-74.66265,5.45721],[-74.66267,5.45724],[-74.66267,5.45726],[-74.66268,5.45728],[-74.66269,5.45731],[-74.66269,5.45731],[-74.66271,5.45731],[-74.66271,5.45732],[-74.66272,5.45732],[-74.66273,5.45732],[-74.66272,5.45733],[-74.66271,5.45733],[-74.66271,5.45734],[-74.6627,5.45733],[-74.6627,5.45732],[-74.6627,5.45732],[-74.66269,5.45732],[-74.66271,5.45736],[-74.66272,5.45737],[-74.66272,5.45738],[-74.66272,5.45738],[-74.66274,5.45738],[-74.66275,5.45739],[-74.66275,5.4574],[-74.66275,5.4574],[-74.66276,5.45739],[-74.66277,5.45739],[-74.66278,5.4574],[-74.66279,5.4574],[-74.6628,5.45739],[-74.66281,5.45742],[-74.66289,5.45744],[-74.6629,5.45745],[-74.6629,5.45746],[-74.66291,5.45747],[-74.6629,5.45747],[-74.6629,5.45746],[-74.66289,5.45746],[-74.66287,5.45748],[-74.66288,5.45748],[-74.66289,5.45748],[-74.66289,5.45749],[-74.66288,5.4575],[-74.66288,5.4575],[-74.66289,5.45751],[-74.6629,5.45751],[-74.6629,5.45751],[-74.6629,5.45753],[-74.6629,5.45754],[-74.66289,5.45753],[-74.66288,5.45753],[-74.66288,5.45757],[-74.6629,5.45758],[-74.66291,5.45756],[-74.66292,5.45756],[-74.66294,5.45758],[-74.66292,5.45759],[-74.66291,5.45759],[-74.6629,5.45758],[-74.6629,5.45759],[-74.6629,5.45759],[-74.6629,5.4576],[-74.66289,5.45759],[-74.66288,5.4576],[-74.66287,5.4576],[-74.66287,5.45759],[-74.66287,5.45759],[-74.66287,5.45758],[-74.66287,5.45757],[-74.66286,5.45756],[-74.66287,5.45755],[-74.66285,5.45753],[-74.66285,5.45752],[-74.66284,5.45752],[-74.66283,5.45752],[-74.66282,5.45753],[-74.66285,5.45756],[-74.66286,5.45758],[-74.66286,5.45761],[-74.66287,5.45762],[-74.66287,5.45764],[-74.66288,5.45766],[-74.66288,5.45768],[-74.66289,5.45768],[-74.6629,5.45769],[-74.6629,5.45769],[-74.66291,5.45769],[-74.6629,5.4577],[-74.66289,5.4577],[-74.66289,5.4577],[-74.66289,5.45771],[-74.6629,5.45773],[-74.66291,5.45775],[-74.66291,5.45775],[-74.66293,5.45776],[-74.66293,5.45777],[-74.66292,5.45777],[-74.66292,5.45777],[-74.66292,5.45778],[-74.66296,5.45784],[-74.66296,5.45784],[-74.66297,5.45784],[-74.66297,5.45785],[-74.66297,5.45786],[-74.66298,5.45787],[-74.66298,5.45788],[-74.66299,5.45788],[-74.663,5.45788],[-74.663,5.45788],[-74.663,5.45786],[-74.66298,5.45784],[-74.66299,5.45783],[-74.66298,5.45782],[-74.66297,5.45782],[-74.66296,5.45781],[-74.66297,5.45781],[-74.66298,5.45781],[-74.66298,5.4578],[-74.66297,5.45779],[-74.66298,5.45779],[-74.66299,5.45779],[-74.663,5.4578],[-74.66301,5.45783],[-74.66304,5.45789],[-74.66306,5.45795],[-74.66306,5.45798],[-74.66307,5.45802],[-74.66306,5.45803],[-74.66307,5.45806],[-74.66308,5.45808],[-74.6631,5.45814],[-74.6631,5.45817],[-74.66311,5.4582],[-74.66312,5.45821],[-74.66313,5.45825],[-74.66316,5.45831],[-74.66319,5.45838],[-74.66319,5.45839],[-74.6632,5.45842],[-74.66321,5.45846],[-74.66322,5.45847],[-74.66323,5.45852],[-74.66324,5.45854],[-74.66324,5.45856],[-74.66324,5.45859],[-74.66325,5.4586],[-74.66325,5.45863],[-74.66327,5.45867],[-74.66327,5.45867],[-74.66328,5.4587],[-74.66328,5.4587],[-74.66328,5.45871],[-74.66328,5.45872],[-74.66329,5.45872],[-74.66329,5.45873],[-74.66329,5.45874],[-74.66329,5.45874],[-74.6633,5.45875],[-74.6633,5.45876],[-74.6633,5.45877],[-74.66331,5.45879],[-74.66331,5.4588],[-74.66331,5.45881],[-74.66331,5.45882],[-74.66332,5.45882],[-74.66332,5.45883],[-74.66333,5.45884],[-74.66333,5.45885],[-74.66334,5.45886],[-74.66334,5.45886],[-74.66334,5.45888],[-74.66335,5.45889],[-74.66335,5.45891],[-74.66337,5.45893],[-74.66338,5.45897],[-74.66339,5.45899],[-74.66339,5.45902],[-74.6634,5.45904],[-74.6634,5.45906],[-74.66341,5.45909],[-74.66341,5.4591],[-74.66342,5.45911],[-74.66342,5.45912],[-74.66343,5.45913],[-74.66343,5.45915],[-74.66343,5.45916],[-74.66343,5.45921],[-74.66343,5.45922],[-74.66343,5.45922],[-74.66344,5.45923],[-74.66344,5.45925],[-74.66344,5.45926],[-74.66344,5.45928],[-74.66345,5.4593],[-74.66345,5.45931],[-74.66346,5.45933],[-74.66346,5.45935],[-74.66347,5.45936],[-74.66347,5.45937],[-74.66347,5.45939],[-74.66348,5.45942],[-74.66348,5.45945],[-74.66349,5.45946],[-74.66349,5.45948],[-74.6635,5.45951],[-74.66351,5.45953],[-74.66352,5.45955],[-74.66352,5.45956],[-74.66353,5.45958],[-74.66354,5.4596],[-74.66354,5.45961],[-74.66355,5.45961],[-74.66355,5.4596],[-74.66355,5.45957],[-74.66354,5.45957],[-74.66354,5.45956],[-74.66355,5.45955],[-74.66359,5.45959],[-74.66359,5.4596],[-74.66357,5.45962],[-74.66354,5.45962],[-74.66355,5.45964],[-74.66355,5.45966],[-74.66357,5.45966],[-74.66358,5.45964],[-74.66359,5.45965],[-74.66359,5.45966],[-74.66357,5.45967],[-74.66356,5.45967],[-74.66356,5.45967],[-74.66356,5.45968],[-74.66357,5.45972],[-74.66357,5.45974],[-74.66358,5.45975],[-74.66358,5.45975],[-74.66359,5.45976],[-74.66358,5.45976],[-74.66358,5.45976],[-74.66358,5.45977],[-74.66359,5.45979],[-74.6636,5.45983],[-74.66361,5.45986],[-74.66362,5.4599],[-74.66364,5.45995],[-74.66364,5.46],[-74.66366,5.46004],[-74.66367,5.46008],[-74.66367,5.46012],[-74.66368,5.46015],[-74.66369,5.46019],[-74.66369,5.46021],[-74.66369,5.46022],[-74.6637,5.46023],[-74.6637,5.46024],[-74.6637,5.46025],[-74.6637,5.46026],[-74.6637,5.46027],[-74.66371,5.46029],[-74.66371,5.46029],[-74.66371,5.4603],[-74.66372,5.46032],[-74.66372,5.46033],[-74.66372,5.46035],[-74.66373,5.46036],[-74.66373,5.46039],[-74.66374,5.46044],[-74.66375,5.46047],[-74.66376,5.4605],[-74.66376,5.46052],[-74.66376,5.46053],[-74.66376,5.46057],[-74.66377,5.46058],[-74.66377,5.46063],[-74.66378,5.46065],[-74.66378,5.46066],[-74.66378,5.46068],[-74.66379,5.46069],[-74.66379,5.46071],[-74.6638,5.46073],[-74.6638,5.46074],[-74.6638,5.46075],[-74.6638,5.46076],[-74.6638,5.46077],[-74.66382,5.46084],[-74.66382,5.46085],[-74.66383,5.46087],[-74.66383,5.46088],[-74.66385,5.46091],[-74.66385,5.46094],[-74.66386,5.46095],[-74.66386,5.46096],[-74.66386,5.46097],[-74.66387,5.46098],[-74.66387,5.46099],[-74.66387,5.461],[-74.66387,5.46102],[-74.66387,5.46103],[-74.66388,5.46104],[-74.66388,5.46106],[-74.66389,5.46108],[-74.66389,5.46109],[-74.6639,5.46112],[-74.6639,5.46113],[-74.6639,5.46115],[-74.66391,5.46117],[-74.66391,5.4612],[-74.66393,5.46126],[-74.66393,5.46127],[-74.66393,5.46129],[-74.66394,5.46129],[-74.66394,5.46131],[-74.66394,5.46132],[-74.66394,5.46133],[-74.66394,5.46135],[-74.66395,5.46136],[-74.66395,5.46137],[-74.66395,5.46139],[-74.66396,5.46141],[-74.66396,5.46142],[-74.66396,5.46144],[-74.66397,5.46146],[-74.66397,5.46148],[-74.66398,5.46152],[-74.66399,5.46156],[-74.664,5.46159],[-74.66401,5.46163],[-74.66401,5.46166],[-74.66402,5.46168],[-74.66402,5.4617],[-74.66402,5.4617],[-74.66402,5.46171],[-74.66402,5.46172],[-74.66403,5.46174],[-74.66403,5.46175],[-74.66403,5.46176],[-74.66403,5.46177],[-74.66404,5.46178],[-74.66404,5.46179],[-74.66404,5.4618],[-74.66405,5.46182],[-74.66405,5.46183],[-74.66405,5.46184],[-74.66406,5.46185],[-74.66406,5.46189],[-74.66406,5.46191],[-74.66407,5.46193],[-74.66407,5.46194],[-74.66407,5.46196],[-74.66408,5.46198],[-74.66408,5.462],[-74.6641,5.46205],[-74.66412,5.46212],[-74.66415,5.46222],[-74.66416,5.46227],[-74.66416,5.46228],[-74.66417,5.46229],[-74.66417,5.4623],[-74.66417,5.46232],[-74.66417,5.46234],[-74.66417,5.46236],[-74.66417,5.46237],[-74.66417,5.46239],[-74.66417,5.4624],[-74.66417,5.46243],[-74.66418,5.46244],[-74.66419,5.46243],[-74.66424,5.46243],[-74.66424,5.46243],[-74.66424,5.46244],[-74.66425,5.46246],[-74.66427,5.46246],[-74.66428,5.46245],[-74.66428,5.46245],[-74.66428,5.46246],[-74.66427,5.46247],[-74.66424,5.46247],[-74.66423,5.46245],[-74.66422,5.46245],[-74.66421,5.46246],[-74.6642,5.46245],[-74.66419,5.46246],[-74.66419,5.46247],[-74.66421,5.46248],[-74.66422,5.46247],[-74.66422,5.46248],[-74.6642,5.46249],[-74.6642,5.4625],[-74.66421,5.46251],[-74.66421,5.46253],[-74.66422,5.46254],[-74.66423,5.46254],[-74.66424,5.46255],[-74.66424,5.46255],[-74.66423,5.46255],[-74.66422,5.46256],[-74.66424,5.46258],[-74.66424,5.4626],[-74.66424,5.46261],[-74.66425,5.46261],[-74.66426,5.46261],[-74.66426,5.46262],[-74.66425,5.46263],[-74.66425,5.46264],[-74.66427,5.46264],[-74.66428,5.46264]]]},"properties":{"FID":8,"OBJECTID":9,"ID_AMENA":9,"CODSUELO":"1738001","CODAMENA":"9","TIPO":"Socavación Lateral","GRADO":"Moderada","AREA":51990.4627983,"PERIMETER":5875.90403321,"Shape_Leng":5875.90468537,"Shape_Area":51990.4627892}},{"type":"Feature","id":9,"geometry":{"type":"Polygon","coordinates":[[[-74.6671,5.47938],[-74.6671,5.47938],[-74.6671,5.47937],[-74.6671,5.47937],[-74.6671,5.47938]]]},"properties":{"FID":9,"OBJECTID":10,"ID_AMENA":10,"CODSUELO":"1738001","CODAMENA":"10","TIPO":"Socavación Lateral","GRADO":"Moderada","AREA":0.134318419153,"PERIMETER":1.94958901166,"Shape_Leng":1.94974222218,"Shape_Area":0.134326340101}},{"type":"Feature","id":10,"geometry":{"type":"Polygon","coordinates":[[[-74.66699,5.47942],[-74.667,5.47941],[-74.667,5.47942],[-74.66702,5.4794],[-74.66703,5.4794],[-74.66704,5.47939],[-74.66705,5.47939],[-74.66705,5.47939],[-74.66705,5.47938],[-74.66705,5.47937],[-74.66704,5.47937],[-74.66703,5.47936],[-74.66702,5.47936],[-74.66701,5.47935],[-74.667,5.47935],[-74.66698,5.47935],[-74.66697,5.47935],[-74.66697,5.47934],[-74.66697,5.47933],[-74.66697,5.47931],[-74.66698,5.4793],[-74.66698,5.47929],[-74.66699,5.47927],[-74.667,5.47927],[-74.66701,5.47925],[-74.66701,5.47924],[-74.66701,5.47924],[-74.66701,5.47923],[-74.667,5.47921],[-74.66701,5.4792],[-74.66701,5.47918],[-74.66701,5.47917],[-74.667,5.47917],[-74.66699,5.47916],[-74.66698,5.47917],[-74.66697,5.47918],[-74.66696,5.4792],[-74.66695,5.47921],[-74.66695,5.47922],[-74.66695,5.47925],[-74.66694,5.47926],[-74.66693,5.47929],[-74.66693,5.47934],[-74.66692,5.47935],[-74.66694,5.47936],[-74.66693,5.47937],[-74.66693,5.47937],[-74.66694,5.47939],[-74.66695,5.47939],[-74.66696,5.47938],[-74.66698,5.47938],[-74.66699,5.47939],[-74.667,5.47937],[-74.66701,5.47937],[-74.66701,5.47938],[-74.667,5.47939],[-74.667,5.47939],[-74.66699,5.4794],[-74.66698,5.4794],[-74.66697,5.4794],[-74.66699,5.47942]]]},"properties":{"FID":10,"OBJECTID":11,"ID_AMENA":11,"CODSUELO":"1738001","CODAMENA":"11","TIPO":"Socavación Lateral","GRADO":"Moderada","AREA":168.783867802,"PERIMETER":90.0586999708,"Shape_Leng":90.0587255558,"Shape_Area":168.783882928}},{"type":"Feature","id":11,"geometry":{"type":"Polygon","coordinates":[[[-74.66688,5.48041],[-74.66689,5.48041],[-74.66692,5.48041],[-74.66693,5.4804],[-74.66694,5.4804],[-74.66695,5.48041],[-74.66696,5.48041],[-74.66696,5.4804],[-74.66697,5.48034],[-74.66698,5.48027],[-74.66699,5.48023],[-74.667,5.48018],[-74.667,5.48013],[-74.66701,5.4801],[-74.66702,5.48005],[-74.66702,5.48003],[-74.66703,5.47998],[-74.66705,5.47992],[-74.66705,5.47989],[-74.66706,5.47986],[-74.66707,5.47981],[-74.66708,5.47973],[-74.66709,5.47962],[-74.66723,5.47953],[-74.66727,5.47945],[-74.66728,5.47937],[-74.66726,5.47927],[-74.66728,5.47915],[-74.66727,5.47908],[-74.66731,5.47899],[-74.66733,5.4789],[-74.66733,5.47886],[-74.66733,5.47883],[-74.66733,5.4788],[-74.66732,5.47876],[-74.66732,5.47875],[-74.66732,5.47871],[-74.66732,5.47866],[-74.66728,5.47859],[-74.6673,5.47853],[-74.6673,5.4785],[-74.66731,5.47845],[-74.66731,5.47839],[-74.66731,5.47836],[-74.66732,5.47835],[-74.66732,5.47825],[-74.66732,5.47822],[-74.66732,5.4782],[-74.66732,5.47818],[-74.66732,5.47808],[-74.66732,5.47805],[-74.66731,5.47801],[-74.66731,5.47798],[-74.6673,5.47794],[-74.6673,5.47793],[-74.6673,5.47788],[-74.66729,5.47785],[-74.66729,5.47781],[-74.66728,5.47777],[-74.66728,5.47773],[-74.66727,5.47768],[-74.66726,5.47765],[-74.66726,5.47763],[-74.66725,5.4776],[-74.66724,5.47756],[-74.66724,5.47753],[-74.66723,5.47749],[-74.66722,5.47744],[-74.66722,5.47741],[-74.66722,5.47738],[-74.66721,5.47734],[-74.66721,5.47732],[-74.66719,5.47725],[-74.6672,5.47722],[-74.66721,5.47709],[-74.66714,5.47702],[-74.66717,5.4769],[-74.66717,5.47686],[-74.66717,5.47681],[-74.66716,5.47679],[-74.66716,5.47677],[-74.66716,5.47672],[-74.66716,5.47671],[-74.66716,5.47668],[-74.66715,5.47664],[-74.66715,5.47662],[-74.66715,5.4766],[-74.66714,5.4766],[-74.66714,5.47658],[-74.66712,5.47654],[-74.66712,5.47653],[-74.6671,5.47649],[-74.6671,5.47645],[-74.6671,5.47643],[-74.66709,5.47639],[-74.66708,5.47637],[-74.66708,5.47635],[-74.66707,5.47634],[-74.66707,5.47632],[-74.66705,5.47628],[-74.66704,5.47625],[-74.667,5.47619],[-74.66702,5.47611],[-74.66702,5.47606],[-74.66701,5.47603],[-74.667,5.47601],[-74.66698,5.47594],[-74.66699,5.47588],[-74.66699,5.47583],[-74.66697,5.47577],[-74.66698,5.47573],[-74.66699,5.47572],[-74.66699,5.47569],[-74.66699,5.47566],[-74.66699,5.47564],[-74.66699,5.47559],[-74.66699,5.47552],[-74.66697,5.47548],[-74.66694,5.47542],[-74.66688,5.47535],[-74.66689,5.47528],[-74.66689,5.47524],[-74.66689,5.47518],[-74.6669,5.47511],[-74.6669,5.4751],[-74.6669,5.47508],[-74.66691,5.47502],[-74.66692,5.475],[-74.66691,5.47495],[-74.66691,5.47489],[-74.6669,5.47488],[-74.6669,5.47486],[-74.6669,5.47484],[-74.66689,5.47482],[-74.66689,5.47481],[-74.66688,5.47478],[-74.66688,5.47476],[-74.66688,5.47475],[-74.66688,5.47472],[-74.66687,5.47469],[-74.66686,5.47466],[-74.66686,5.47463],[-74.66685,5.47458],[-74.66684,5.47455],[-74.66684,5.47453],[-74.66684,5.47451],[-74.66682,5.47447],[-74.66682,5.47445],[-74.6668,5.47437],[-74.66678,5.47433],[-74.66677,5.47428],[-74.66675,5.47418],[-74.66675,5.47416],[-74.66674,5.47414],[-74.66672,5.47409],[-74.66672,5.47407],[-74.66671,5.47405],[-74.66669,5.47401],[-74.66669,5.474],[-74.66668,5.47397],[-74.66666,5.47394],[-74.66665,5.47391],[-74.66663,5.47382],[-74.66662,5.47377],[-74.66661,5.47374],[-74.66658,5.47367],[-74.66657,5.47363],[-74.66656,5.47359],[-74.66654,5.47355],[-74.66652,5.47351],[-74.66644,5.47344],[-74.66643,5.47333],[-74.66643,5.47329],[-74.66642,5.47327],[-74.66641,5.47321],[-74.66641,5.47318],[-74.6664,5.47313],[-74.66638,5.47308],[-74.66636,5.47303],[-74.66634,5.473],[-74.66632,5.47296],[-74.66627,5.47292],[-74.66624,5.47276],[-74.6662,5.4727],[-74.6662,5.47263],[-74.66619,5.47262],[-74.66619,5.4726],[-74.66619,5.47256],[-74.66619,5.47252],[-74.66618,5.47246],[-74.66617,5.47245],[-74.66617,5.47242],[-74.66616,5.47239],[-74.66614,5.47235],[-74.66614,5.47233],[-74.66614,5.47232],[-74.66613,5.47229],[-74.66611,5.47225],[-74.6661,5.47221],[-74.66609,5.47218],[-74.66606,5.47212],[-74.66605,5.4721],[-74.66604,5.47206],[-74.66603,5.47199],[-74.66601,5.47196],[-74.666,5.47192],[-74.66599,5.47189],[-74.66597,5.47186],[-74.66595,5.47181],[-74.66592,5.47177],[-74.66589,5.47173],[-74.66588,5.47169],[-74.66585,5.47164],[-74.66576,5.47152],[-74.66571,5.47145],[-74.66568,5.47142],[-74.66566,5.47137],[-74.66565,5.47135],[-74.66564,5.47132],[-74.66562,5.47128],[-74.66559,5.47121],[-74.66558,5.47119],[-74.66558,5.47117],[-74.66557,5.47115],[-74.66556,5.47112],[-74.66556,5.4711],[-74.66555,5.47106],[-74.66554,5.47102],[-74.66552,5.47098],[-74.66551,5.47094],[-74.66549,5.47089],[-74.66546,5.47084],[-74.66546,5.47081],[-74.66544,5.47076],[-74.66541,5.47071],[-74.66541,5.4707],[-74.66539,5.47067],[-74.66539,5.47066],[-74.66538,5.47063],[-74.66537,5.47061],[-74.66535,5.47056],[-74.66531,5.4705],[-74.66531,5.47041],[-74.6653,5.47036],[-74.66526,5.47024],[-74.6652,5.47014],[-74.66518,5.47011],[-74.66516,5.47008],[-74.66514,5.47006],[-74.66513,5.47004],[-74.66512,5.47003],[-74.6651,5.47],[-74.66508,5.46995],[-74.66507,5.46994],[-74.66506,5.4699],[-74.66505,5.46989],[-74.66498,5.46982],[-74.66495,5.46975],[-74.66489,5.46964],[-74.66491,5.46942],[-74.66491,5.46938],[-74.6649,5.46928],[-74.66489,5.46926],[-74.66488,5.46922],[-74.66486,5.46917],[-74.66486,5.46911],[-74.66485,5.46907],[-74.66485,5.46904],[-74.66484,5.46901],[-74.66483,5.46898],[-74.66482,5.46896],[-74.66481,5.46891],[-74.6648,5.46887],[-74.66479,5.46885],[-74.66479,5.46882],[-74.66479,5.46878],[-74.66477,5.46874],[-74.66478,5.46868],[-74.66478,5.46864],[-74.66478,5.46862],[-74.66478,5.46859],[-74.66478,5.46857],[-74.66478,5.46851],[-74.66478,5.46846],[-74.66476,5.46838],[-74.66474,5.46832],[-74.66474,5.46828],[-74.66474,5.46824],[-74.66473,5.4682],[-74.66473,5.46817],[-74.66473,5.46813],[-74.66472,5.46808],[-74.66471,5.46805],[-74.66471,5.46801],[-74.6647,5.46794],[-74.6647,5.46791],[-74.6647,5.46789],[-74.66469,5.46786],[-74.66469,5.46782],[-74.66467,5.46772],[-74.66466,5.46769],[-74.66467,5.46765],[-74.66467,5.46762],[-74.66467,5.4676],[-74.66467,5.46759],[-74.66467,5.46756],[-74.66467,5.46755],[-74.66467,5.46752],[-74.66466,5.46749],[-74.66465,5.46743],[-74.66465,5.4674],[-74.66465,5.46737],[-74.66464,5.46732],[-74.66463,5.46729],[-74.66463,5.46726],[-74.66463,5.46724],[-74.66463,5.46721],[-74.66463,5.46717],[-74.66462,5.46712],[-74.66462,5.46702],[-74.66461,5.467],[-74.66461,5.46698],[-74.66461,5.46696],[-74.66461,5.46693],[-74.66461,5.46692],[-74.66461,5.46685],[-74.6646,5.46683],[-74.6646,5.46682],[-74.66458,5.46665],[-74.66457,5.46662],[-74.66456,5.46659],[-74.66456,5.46657],[-74.66455,5.46653],[-74.66454,5.4665],[-74.66453,5.46647],[-74.66452,5.46645],[-74.66451,5.46644],[-74.66451,5.46643],[-74.66447,5.46633],[-74.6645,5.46625],[-74.6645,5.4662],[-74.66451,5.46617],[-74.66451,5.46615],[-74.66451,5.46613],[-74.66451,5.4661],[-74.66452,5.46608],[-74.66452,5.46606],[-74.66452,5.46605],[-74.66453,5.46597],[-74.66453,5.46593],[-74.66453,5.46585],[-74.66453,5.46583],[-74.66453,5.46581],[-74.66453,5.46579],[-74.66453,5.46578],[-74.66453,5.46573],[-74.6645,5.46562],[-74.66451,5.46559],[-74.66451,5.46557],[-74.66451,5.46547],[-74.66451,5.46545],[-74.6645,5.4654],[-74.66451,5.46537],[-74.66451,5.46535],[-74.66451,5.46533],[-74.6645,5.46523],[-74.66449,5.46519],[-74.66449,5.46516],[-74.66449,5.46513],[-74.66449,5.46512],[-74.66449,5.4651],[-74.66449,5.46507],[-74.66449,5.46504],[-74.66449,5.46503],[-74.66448,5.46492],[-74.66447,5.46486],[-74.66447,5.46483],[-74.66447,5.46482],[-74.66447,5.4648],[-74.66447,5.46479],[-74.66447,5.46478],[-74.66446,5.46476],[-74.66446,5.46473],[-74.66446,5.46467],[-74.66445,5.46466],[-74.66445,5.46461],[-74.66445,5.46453],[-74.66444,5.46449],[-74.66443,5.46445],[-74.66443,5.46443],[-74.66442,5.46442],[-74.66441,5.46435],[-74.66442,5.46428],[-74.66442,5.46425],[-74.66442,5.46424],[-74.66442,5.46422],[-74.66442,5.46419],[-74.66442,5.46416],[-74.66441,5.46412],[-74.66441,5.4641],[-74.66439,5.46393],[-74.66446,5.46356],[-74.66456,5.46305],[-74.66454,5.46302],[-74.6645,5.46282],[-74.66443,5.46263],[-74.66443,5.46265],[-74.6644,5.46265],[-74.66439,5.46266],[-74.66439,5.46268],[-74.66442,5.4627],[-74.66443,5.4627],[-74.66443,5.4627],[-74.66443,5.46271],[-74.66444,5.46272],[-74.66443,5.46272],[-74.66443,5.46271],[-74.66442,5.46271],[-74.66441,5.46271],[-74.66434,5.46271],[-74.66433,5.46272],[-74.66433,5.46274],[-74.66431,5.46276],[-74.66432,5.46277],[-74.66432,5.46278],[-74.66432,5.46279],[-74.66431,5.46279],[-74.6643,5.46279],[-74.66432,5.46281],[-74.66432,5.46282],[-74.66432,5.46282],[-74.6643,5.46282],[-74.66429,5.46283],[-74.66428,5.46283],[-74.66428,5.46284],[-74.66428,5.46284],[-74.66429,5.46284],[-74.66429,5.46285],[-74.66428,5.46286],[-74.6643,5.46287],[-74.6643,5.46288],[-74.66429,5.4629],[-74.66428,5.4629],[-74.66428,5.4629],[-74.66429,5.46292],[-74.6643,5.46292],[-74.6643,5.46292],[-74.6643,5.46292],[-74.66429,5.46292],[-74.66428,5.46293],[-74.66428,5.46294],[-74.66428,5.46295],[-74.66428,5.46296],[-74.6643,5.46298],[-74.66431,5.46298],[-74.66431,5.46298],[-74.66431,5.46299],[-74.6643,5.46299],[-74.66429,5.46299],[-74.66429,5.463],[-74.66428,5.46301],[-74.66429,5.46302],[-74.66429,5.46303],[-74.66428,5.46304],[-74.66428,5.46305],[-74.6643,5.46306],[-74.66432,5.46304],[-74.66433,5.46304],[-74.66433,5.46305],[-74.66433,5.46306],[-74.66434,5.46308],[-74.66437,5.46308],[-74.66438,5.46307],[-74.66439,5.46307],[-74.66439,5.46307],[-74.66439,5.46308],[-74.66438,5.46308],[-74.66435,5.4631],[-74.66434,5.4631],[-74.66432,5.46312],[-74.66433,5.46313],[-74.66433,5.46313],[-74.66432,5.46313],[-74.66431,5.46314],[-74.66431,5.46315],[-74.66432,5.46316],[-74.66434,5.46316],[-74.66434,5.46316],[-74.66434,5.46318],[-74.66435,5.46319],[-74.66435,5.46321],[-74.66434,5.46321],[-74.66434,5.46321],[-74.66432,5.4632],[-74.66432,5.46319],[-74.66433,5.46318],[-74.66432,5.46317],[-74.66429,5.46319],[-74.66431,5.46321],[-74.66431,5.46323],[-74.66432,5.46323],[-74.66433,5.46322],[-74.66434,5.46322],[-74.66434,5.46323],[-74.66434,5.46323],[-74.66433,5.46323],[-74.66432,5.46324],[-74.66433,5.46325],[-74.66431,5.46326],[-74.66431,5.46328],[-74.66432,5.46329],[-74.66434,5.46329],[-74.66435,5.46329],[-74.66435,5.4633],[-74.66434,5.46331],[-74.66434,5.46331],[-74.66436,5.46331],[-74.66437,5.46332],[-74.66437,5.46333],[-74.66436,5.46333],[-74.66434,5.46333],[-74.66433,5.46334],[-74.66433,5.46335],[-74.66435,5.46337],[-74.66434,5.46338],[-74.66434,5.46339],[-74.66435,5.4634],[-74.66436,5.4634],[-74.66437,5.46341],[-74.66436,5.46341],[-74.66435,5.46341],[-74.66435,5.46342],[-74.66436,5.46343],[-74.66436,5.46343],[-74.66436,5.46344],[-74.66438,5.46343],[-74.66438,5.46342],[-74.66438,5.46341],[-74.66438,5.46342],[-74.66438,5.46343],[-74.66437,5.46345],[-74.66436,5.46345],[-74.66435,5.46346],[-74.66434,5.46346],[-74.66434,5.46345],[-74.66433,5.46345],[-74.66433,5.46347],[-74.66432,5.46348],[-74.66432,5.46349],[-74.66432,5.46349],[-74.66431,5.46349],[-74.6643,5.4635],[-74.66431,5.4635],[-74.66432,5.4635],[-74.66433,5.46352],[-74.66433,5.46352],[-74.66431,5.46352],[-74.66429,5.4635],[-74.66427,5.4635],[-74.66427,5.46351],[-74.66427,5.46354],[-74.66427,5.46355],[-74.66428,5.46355],[-74.66429,5.46356],[-74.6643,5.46356],[-74.66431,5.46355],[-74.66431,5.46354],[-74.6643,5.46353],[-74.6643,5.46353],[-74.66431,5.46353],[-74.66432,5.46354],[-74.66432,5.46356],[-74.66433,5.46357],[-74.66435,5.46357],[-74.66435,5.46358],[-74.66436,5.46358],[-74.66437,5.46357],[-74.66438,5.46357],[-74.66438,5.46357],[-74.66438,5.46358],[-74.66439,5.46359],[-74.66439,5.46359],[-74.66438,5.46359],[-74.66437,5.46358],[-74.66436,5.46358],[-74.66435,5.46359],[-74.66434,5.46359],[-74.66433,5.46358],[-74.66432,5.46359],[-74.66431,5.46359],[-74.66429,5.46361],[-74.66429,5.46362],[-74.6643,5.46362],[-74.6643,5.46363],[-74.66431,5.46364],[-74.66431,5.46365],[-74.66425,5.46365],[-74.66424,5.46366],[-74.66423,5.46366],[-74.66422,5.46365],[-74.66422,5.46364],[-74.66422,5.46364],[-74.6642,5.46364],[-74.66419,5.46365],[-74.66419,5.46366],[-74.66423,5.46371],[-74.66422,5.46372],[-74.66423,5.46372],[-74.66424,5.46372],[-74.66424,5.46372],[-74.66423,5.46373],[-74.66423,5.46374],[-74.66423,5.46375],[-74.66422,5.46375],[-74.66421,5.46375],[-74.66421,5.46377],[-74.66421,5.46377],[-74.6642,5.46376],[-74.66419,5.46376],[-74.66418,5.46375],[-74.66417,5.46375],[-74.66417,5.46376],[-74.66417,5.46377],[-74.66417,5.46378],[-74.66418,5.46378],[-74.66419,5.46378],[-74.66419,5.46379],[-74.66418,5.46379],[-74.66417,5.46379],[-74.66417,5.4638],[-74.66417,5.46381],[-74.66416,5.46382],[-74.66415,5.46382],[-74.66414,5.46382],[-74.66414,5.46383],[-74.66415,5.46384],[-74.66416,5.46384],[-74.66417,5.46385],[-74.66418,5.46385],[-74.66419,5.46385],[-74.66419,5.46386],[-74.66418,5.46386],[-74.66416,5.46386],[-74.66415,5.46387],[-74.66413,5.46387],[-74.66412,5.46388],[-74.66412,5.46391],[-74.66413,5.46391],[-74.66417,5.46391],[-74.66418,5.46392],[-74.66419,5.46392],[-74.6642,5.46393],[-74.66422,5.46393],[-74.66423,5.46394],[-74.66424,5.46394],[-74.66424,5.46393],[-74.66424,5.46392],[-74.66425,5.46392],[-74.66425,5.46392],[-74.66425,5.46393],[-74.66426,5.46394],[-74.66426,5.46394],[-74.66427,5.46394],[-74.66427,5.46395],[-74.66428,5.46396],[-74.66428,5.46397],[-74.66427,5.46397],[-74.66426,5.46397],[-74.66424,5.46396],[-74.66424,5.46395],[-74.66424,5.46394],[-74.66421,5.46394],[-74.6642,5.46395],[-74.66419,5.46394],[-74.66416,5.46394],[-74.66414,5.46396],[-74.66414,5.46397],[-74.66415,5.46397],[-74.66416,5.46397],[-74.66418,5.46398],[-74.66419,5.46399],[-74.6642,5.464],[-74.66421,5.46401],[-74.66421,5.46401],[-74.66421,5.46402],[-74.66422,5.46405],[-74.66423,5.46406],[-74.66425,5.46406],[-74.66427,5.46408],[-74.66426,5.46409],[-74.66425,5.46408],[-74.66423,5.46408],[-74.66422,5.46408],[-74.66423,5.46413],[-74.66423,5.46414],[-74.66424,5.46418],[-74.66424,5.46419],[-74.66424,5.46421],[-74.66424,5.46423],[-74.66424,5.46425],[-74.66424,5.46427],[-74.66423,5.4643],[-74.66424,5.46431],[-74.66424,5.46432],[-74.66425,5.46433],[-74.66426,5.46433],[-74.66427,5.46432],[-74.66426,5.46431],[-74.66426,5.46431],[-74.66427,5.46432],[-74.66433,5.46432],[-74.66434,5.46433],[-74.66435,5.46433],[-74.66435,5.46433],[-74.66435,5.46433],[-74.66426,5.46433],[-74.66426,5.46434],[-74.66425,5.46434],[-74.66424,5.46433],[-74.66423,5.46433],[-74.66423,5.46434],[-74.66423,5.46435],[-74.66423,5.46437],[-74.66423,5.46438],[-74.66423,5.46439],[-74.66423,5.4644],[-74.66423,5.46441],[-74.66423,5.46442],[-74.66424,5.46442],[-74.66424,5.46444],[-74.66424,5.46444],[-74.66425,5.46445],[-74.66425,5.46447],[-74.66425,5.46447],[-74.66425,5.46448],[-74.66426,5.46452],[-74.66427,5.46455],[-74.66427,5.46463],[-74.66427,5.46467],[-74.66428,5.4647],[-74.66428,5.4647],[-74.66428,5.46473],[-74.66428,5.46477],[-74.66429,5.46479],[-74.66429,5.4648],[-74.66429,5.46482],[-74.66429,5.46484],[-74.66429,5.46486],[-74.6643,5.46489],[-74.6643,5.46493],[-74.6643,5.46497],[-74.6643,5.46499],[-74.66431,5.465],[-74.66431,5.46502],[-74.66431,5.46503],[-74.66431,5.46506],[-74.66431,5.46507],[-74.66431,5.4651],[-74.66431,5.46515],[-74.66431,5.46516],[-74.66431,5.46517],[-74.66431,5.4652],[-74.66432,5.46524],[-74.66433,5.46534],[-74.66433,5.46535],[-74.66433,5.46537],[-74.66432,5.46539],[-74.66432,5.4654],[-74.66433,5.46546],[-74.66433,5.46548],[-74.66433,5.46549],[-74.66433,5.46551],[-74.66433,5.46553],[-74.66433,5.46556],[-74.66433,5.46557],[-74.66433,5.46558],[-74.66433,5.46558],[-74.66433,5.46559],[-74.66433,5.4656],[-74.66433,5.46561],[-74.66434,5.46561],[-74.66436,5.46561],[-74.66437,5.46559],[-74.66438,5.46559],[-74.66439,5.4656],[-74.66435,5.46563],[-74.66435,5.46564],[-74.66435,5.46564],[-74.66432,5.46564],[-74.66431,5.46565],[-74.66431,5.46566],[-74.66431,5.46566],[-74.66432,5.46567],[-74.66432,5.46568],[-74.66432,5.46568],[-74.66433,5.46568],[-74.66433,5.4657],[-74.66434,5.46571],[-74.66434,5.46572],[-74.66434,5.46573],[-74.66434,5.46574],[-74.66435,5.46575],[-74.66435,5.46577],[-74.66435,5.46577],[-74.66436,5.46576],[-74.66437,5.46576],[-74.66438,5.46575],[-74.66439,5.46575],[-74.6644,5.46575],[-74.6644,5.46576],[-74.66441,5.46577],[-74.66442,5.46576],[-74.66444,5.46578],[-74.66445,5.46578],[-74.66446,5.46579],[-74.66446,5.4658],[-74.66445,5.4658],[-74.66444,5.46579],[-74.66439,5.46579],[-74.66437,5.46577],[-74.66436,5.46577],[-74.66435,5.46578],[-74.66435,5.46579],[-74.66435,5.46581],[-74.66435,5.46584],[-74.66435,5.46585],[-74.66435,5.46585],[-74.66435,5.46586],[-74.66435,5.46586],[-74.66435,5.46586],[-74.66435,5.4659],[-74.66435,5.46592],[-74.66435,5.46592],[-74.66435,5.46595],[-74.66434,5.46603],[-74.66434,5.46604],[-74.66434,5.46606],[-74.66434,5.46608],[-74.66433,5.46611],[-74.66433,5.46612],[-74.66433,5.46614],[-74.66432,5.46617],[-74.66432,5.46621],[-74.66431,5.46624],[-74.66428,5.46634],[-74.66427,5.46637],[-74.66427,5.46638],[-74.66427,5.46639],[-74.66428,5.46639],[-74.66428,5.4664],[-74.66428,5.4664],[-74.66429,5.46641],[-74.66429,5.46642],[-74.6643,5.46642],[-74.6643,5.46643],[-74.66431,5.46643],[-74.66432,5.46645],[-74.66434,5.4665],[-74.66435,5.46651],[-74.66435,5.46652],[-74.66436,5.46652],[-74.66437,5.46652],[-74.66437,5.46652],[-74.66438,5.46653],[-74.66437,5.46653],[-74.66436,5.46653],[-74.66436,5.46654],[-74.66437,5.46656],[-74.66438,5.46658],[-74.66438,5.46661],[-74.66439,5.46662],[-74.66439,5.46664],[-74.6644,5.46667],[-74.66441,5.46669],[-74.66442,5.4668],[-74.66442,5.46681],[-74.66442,5.46686],[-74.66443,5.46687],[-74.66443,5.46692],[-74.66443,5.46694],[-74.66443,5.46696],[-74.66443,5.46698],[-74.66443,5.46702],[-74.66443,5.46704],[-74.66444,5.46705],[-74.66444,5.46713],[-74.66445,5.4672],[-74.66445,5.46722],[-74.66445,5.46723],[-74.66445,5.46725],[-74.66445,5.46726],[-74.66445,5.46728],[-74.66445,5.4673],[-74.66445,5.46731],[-74.66446,5.46734],[-74.66447,5.46735],[-74.66447,5.46738],[-74.66447,5.4674],[-74.66447,5.46742],[-74.66447,5.46744],[-74.66447,5.46747],[-74.66448,5.46749],[-74.66448,5.46751],[-74.66449,5.46752],[-74.66449,5.46754],[-74.66449,5.46756],[-74.66449,5.46757],[-74.66449,5.46758],[-74.66449,5.4676],[-74.66449,5.46761],[-74.66449,5.46763],[-74.66449,5.46764],[-74.66448,5.46765],[-74.66449,5.46765],[-74.6645,5.46766],[-74.6645,5.46767],[-74.6645,5.46767],[-74.66451,5.46767],[-74.66452,5.46768],[-74.66455,5.46768],[-74.66455,5.46768],[-74.66455,5.46769],[-74.66455,5.4677],[-74.66453,5.4677],[-74.66452,5.46769],[-74.66451,5.46769],[-74.66451,5.46769],[-74.66451,5.4677],[-74.66452,5.46772],[-74.66452,5.46773],[-74.66453,5.46774],[-74.66457,5.46774],[-74.66457,5.46774],[-74.66456,5.46775],[-74.66455,5.46775],[-74.66454,5.46776],[-74.66452,5.46776],[-74.66451,5.46775],[-74.66451,5.46774],[-74.6645,5.46773],[-74.6645,5.46772],[-74.66449,5.46771],[-74.66449,5.4677],[-74.66448,5.46769],[-74.66448,5.46771],[-74.66448,5.46774],[-74.66448,5.46775],[-74.66448,5.46776],[-74.66449,5.46777],[-74.66449,5.46779],[-74.6645,5.4678],[-74.6645,5.4678],[-74.66451,5.46784],[-74.66451,5.46784],[-74.66451,5.46785],[-74.66451,5.46786],[-74.66453,5.46787],[-74.66454,5.46787],[-74.66454,5.46787],[-74.66454,5.46788],[-74.66455,5.46789],[-74.66454,5.4679],[-74.66456,5.46792],[-74.66456,5.46791],[-74.66456,5.4679],[-74.66457,5.46789],[-74.66459,5.4679],[-74.66459,5.46791],[-74.6646,5.46792],[-74.66459,5.46792],[-74.66457,5.46792],[-74.66457,5.46793],[-74.66456,5.46793],[-74.66454,5.46795],[-74.66454,5.46795],[-74.66455,5.46793],[-74.66455,5.46792],[-74.66454,5.46792],[-74.66454,5.46792],[-74.66454,5.46791],[-74.66453,5.46791],[-74.66452,5.46791],[-74.66452,5.46792],[-74.66452,5.46796],[-74.66452,5.46798],[-74.66453,5.468],[-74.66453,5.46803],[-74.66453,5.46806],[-74.66453,5.46809],[-74.66454,5.4681],[-74.66454,5.46812],[-74.66455,5.46814],[-74.66455,5.46819],[-74.66455,5.4682],[-74.66455,5.46823],[-74.66456,5.46826],[-74.66456,5.46829],[-74.66456,5.46832],[-74.66456,5.46835],[-74.66457,5.46837],[-74.66458,5.46843],[-74.6646,5.46849],[-74.6646,5.46851],[-74.6646,5.46852],[-74.66461,5.46852],[-74.66462,5.46851],[-74.66464,5.46853],[-74.66464,5.46854],[-74.6646,5.46854],[-74.6646,5.46854],[-74.6646,5.46855],[-74.6646,5.46857],[-74.6646,5.46859],[-74.6646,5.46861],[-74.6646,5.46861],[-74.6646,5.46863],[-74.66461,5.46864],[-74.66461,5.46865],[-74.6646,5.46866],[-74.66461,5.46867],[-74.66461,5.4687],[-74.6646,5.4687],[-74.6646,5.4687],[-74.66459,5.46873],[-74.66459,5.46875],[-74.6646,5.46877],[-74.66461,5.4688],[-74.66461,5.46883],[-74.66461,5.46884],[-74.66461,5.46888],[-74.66462,5.46888],[-74.66461,5.46888],[-74.66462,5.46889],[-74.66463,5.46892],[-74.66464,5.46895],[-74.66464,5.46897],[-74.66464,5.469],[-74.66465,5.46902],[-74.66465,5.46904],[-74.66466,5.46904],[-74.66466,5.46906],[-74.66467,5.46908],[-74.66467,5.4691],[-74.66468,5.46913],[-74.66468,5.46915],[-74.66468,5.46917],[-74.66468,5.46919],[-74.66468,5.46922],[-74.6647,5.46925],[-74.6647,5.46926],[-74.66471,5.46927],[-74.66471,5.46928],[-74.66471,5.46929],[-74.66472,5.46929],[-74.66472,5.4693],[-74.66472,5.46931],[-74.66472,5.4693],[-74.66472,5.46931],[-74.66472,5.46933],[-74.66473,5.46933],[-74.66474,5.46934],[-74.66477,5.46934],[-74.66478,5.46934],[-74.66477,5.46934],[-74.66473,5.46934],[-74.66472,5.46935],[-74.66473,5.46939],[-74.66473,5.46942],[-74.66473,5.46943],[-74.66473,5.46945],[-74.66474,5.46958],[-74.66473,5.46959],[-74.66473,5.46959],[-74.66473,5.46959],[-74.66473,5.4696],[-74.66473,5.46961],[-74.66472,5.46961],[-74.66479,5.46983],[-74.66479,5.46983],[-74.66479,5.46983],[-74.66481,5.46991],[-74.66481,5.46991],[-74.66482,5.46992],[-74.66484,5.46992],[-74.66485,5.46993],[-74.66485,5.46993],[-74.66487,5.46996],[-74.66488,5.46997],[-74.66489,5.46998],[-74.6649,5.46999],[-74.6649,5.47],[-74.66491,5.47001],[-74.66493,5.47006],[-74.66494,5.47009],[-74.66495,5.4701],[-74.66496,5.47011],[-74.66498,5.47014],[-74.665,5.47017],[-74.66502,5.47019],[-74.66504,5.47021],[-74.66505,5.47023],[-74.66505,5.47024],[-74.66505,5.47026],[-74.66505,5.47027],[-74.66506,5.47029],[-74.66506,5.4703],[-74.66508,5.47032],[-74.66509,5.47035],[-74.6651,5.47036],[-74.66511,5.47037],[-74.66513,5.47041],[-74.66513,5.47043],[-74.66513,5.47045],[-74.66513,5.47049],[-74.66513,5.4705],[-74.66513,5.47051],[-74.66513,5.47053],[-74.66513,5.47053],[-74.66514,5.47055],[-74.66514,5.47057],[-74.66515,5.47059],[-74.66516,5.4706],[-74.66518,5.47062],[-74.66519,5.47063],[-74.66519,5.47065],[-74.6652,5.47067],[-74.6652,5.47069],[-74.66521,5.4707],[-74.66522,5.47072],[-74.66523,5.47074],[-74.66524,5.47077],[-74.66525,5.4708],[-74.66526,5.47081],[-74.66528,5.47084],[-74.66528,5.47086],[-74.66529,5.47087],[-74.66529,5.47089],[-74.66529,5.47091],[-74.66531,5.47094],[-74.66531,5.47094],[-74.66532,5.47095],[-74.66532,5.47095],[-74.66533,5.47097],[-74.66534,5.47099],[-74.66534,5.47101],[-74.66534,5.47102],[-74.66535,5.47105],[-74.66537,5.47108],[-74.66537,5.47109],[-74.66538,5.47111],[-74.66538,5.47113],[-74.66539,5.47115],[-74.66539,5.47117],[-74.6654,5.47119],[-74.6654,5.47122],[-74.66541,5.47123],[-74.66541,5.47125],[-74.66542,5.47126],[-74.66542,5.47127],[-74.66543,5.4713],[-74.66546,5.47136],[-74.66548,5.47139],[-74.66548,5.4714],[-74.66549,5.47143],[-74.6655,5.47146],[-74.66551,5.47148],[-74.66552,5.4715],[-74.66553,5.47152],[-74.66553,5.47153],[-74.66556,5.47155],[-74.66557,5.47157],[-74.66558,5.47158],[-74.66559,5.47163],[-74.6656,5.47165],[-74.66563,5.47167],[-74.66565,5.47168],[-74.66567,5.4717],[-74.6657,5.47175],[-74.66572,5.47176],[-74.66572,5.47177],[-74.66573,5.47181],[-74.66575,5.47183],[-74.66578,5.47187],[-74.6658,5.4719],[-74.66581,5.47193],[-74.66582,5.47196],[-74.66583,5.47198],[-74.66584,5.47201],[-74.66585,5.47203],[-74.66585,5.47205],[-74.66587,5.47211],[-74.66589,5.47216],[-74.6659,5.47219],[-74.66592,5.47224],[-74.66593,5.47227],[-74.66594,5.47231],[-74.66595,5.47234],[-74.66596,5.47237],[-74.66597,5.47239],[-74.66597,5.47241],[-74.66599,5.47245],[-74.66599,5.47247],[-74.666,5.4725],[-74.666,5.4725],[-74.66601,5.47254],[-74.66601,5.47257],[-74.66601,5.4726],[-74.66601,5.47264],[-74.66602,5.47265],[-74.66602,5.47268],[-74.66602,5.4727],[-74.66602,5.47272],[-74.66603,5.47275],[-74.66603,5.47277],[-74.66604,5.47278],[-74.66605,5.47279],[-74.66606,5.47281],[-74.66607,5.47283],[-74.66608,5.47289],[-74.66608,5.47291],[-74.66609,5.47293],[-74.66609,5.47296],[-74.6661,5.47298],[-74.66612,5.47302],[-74.66613,5.47303],[-74.66614,5.47304],[-74.66616,5.47306],[-74.66618,5.47308],[-74.66619,5.4731],[-74.6662,5.47312],[-74.66621,5.47314],[-74.66622,5.47318],[-74.66623,5.4732],[-74.66623,5.47324],[-74.66624,5.47329],[-74.66624,5.4733],[-74.66625,5.47332],[-74.66625,5.47335],[-74.66626,5.4734],[-74.66626,5.47342],[-74.66627,5.47344],[-74.66628,5.47348],[-74.66628,5.4735],[-74.66628,5.47351],[-74.66629,5.47353],[-74.66631,5.47355],[-74.66631,5.47356],[-74.66635,5.4736],[-74.66638,5.47362],[-74.66638,5.47364],[-74.66639,5.47365],[-74.6664,5.47368],[-74.66641,5.47372],[-74.66643,5.47379],[-74.66644,5.47382],[-74.66645,5.47386],[-74.66648,5.47395],[-74.66648,5.47398],[-74.66649,5.47399],[-74.6665,5.47402],[-74.66651,5.47404],[-74.66652,5.47405],[-74.66652,5.47407],[-74.66654,5.47412],[-74.66655,5.47414],[-74.66655,5.47415],[-74.66657,5.47419],[-74.66657,5.47421],[-74.66657,5.47422],[-74.66658,5.47426],[-74.66659,5.47429],[-74.66659,5.47429],[-74.6666,5.47431],[-74.6666,5.47436],[-74.66661,5.47438],[-74.66661,5.47439],[-74.66662,5.4744],[-74.66663,5.47443],[-74.66663,5.47444],[-74.66664,5.47447],[-74.66664,5.47448],[-74.66664,5.47449],[-74.66665,5.47452],[-74.66666,5.47455],[-74.66666,5.47457],[-74.66667,5.47458],[-74.66667,5.47462],[-74.66668,5.47466],[-74.66669,5.47469],[-74.66669,5.47472],[-74.6667,5.47475],[-74.6667,5.47477],[-74.6667,5.47479],[-74.66671,5.47482],[-74.66671,5.47485],[-74.66672,5.47486],[-74.66672,5.47488],[-74.66672,5.47489],[-74.66673,5.47491],[-74.66673,5.47492],[-74.66673,5.47497],[-74.66673,5.475],[-74.66673,5.475],[-74.66673,5.47505],[-74.66672,5.47507],[-74.66672,5.4751],[-74.66672,5.47516],[-74.66671,5.47521],[-74.66671,5.47522],[-74.66671,5.47523],[-74.66671,5.47524],[-74.66671,5.47526],[-74.66671,5.47528],[-74.6667,5.47533],[-74.6667,5.47535],[-74.6667,5.47537],[-74.66671,5.47538],[-74.66672,5.47541],[-74.66672,5.47542],[-74.66673,5.47543],[-74.66673,5.47545],[-74.66674,5.47546],[-74.66675,5.47546],[-74.66675,5.47547],[-74.66676,5.47548],[-74.66677,5.4755],[-74.66679,5.47552],[-74.66681,5.47555],[-74.66681,5.47556],[-74.66681,5.4756],[-74.66681,5.47562],[-74.66681,5.47565],[-74.66681,5.47568],[-74.66681,5.47569],[-74.66681,5.4757],[-74.6668,5.47572],[-74.6668,5.47573],[-74.6668,5.47575],[-74.6668,5.47576],[-74.66679,5.47578],[-74.6668,5.47579],[-74.6668,5.47582],[-74.6668,5.47583],[-74.66681,5.47585],[-74.66681,5.47586],[-74.66681,5.47587],[-74.6668,5.47589],[-74.6668,5.47591],[-74.6668,5.47591],[-74.66679,5.47592],[-74.66679,5.47594],[-74.66679,5.47595],[-74.66679,5.47598],[-74.66679,5.47599],[-74.66679,5.47601],[-74.6668,5.47602],[-74.66681,5.47603],[-74.66682,5.47604],[-74.66682,5.47604],[-74.66683,5.47605],[-74.66683,5.47606],[-74.66683,5.47607],[-74.66684,5.47608],[-74.66684,5.4761],[-74.66683,5.47611],[-74.66682,5.47615],[-74.66682,5.47618],[-74.66682,5.47618],[-74.66682,5.4762],[-74.66682,5.47621],[-74.66682,5.47622],[-74.66683,5.47624],[-74.66684,5.47626],[-74.66684,5.47627],[-74.66685,5.47628],[-74.66686,5.4763],[-74.66687,5.47631],[-74.66688,5.47634],[-74.66689,5.47635],[-74.6669,5.47638],[-74.6669,5.47639],[-74.66691,5.4764],[-74.66691,5.47642],[-74.66691,5.47643],[-74.66691,5.47644],[-74.66692,5.47645],[-74.66692,5.47647],[-74.66692,5.47649],[-74.66692,5.47651],[-74.66692,5.47653],[-74.66693,5.47655],[-74.66693,5.47655],[-74.66694,5.47656],[-74.66694,5.47657],[-74.66695,5.47659],[-74.66696,5.47661],[-74.66696,5.47661],[-74.66696,5.47662],[-74.66697,5.47663],[-74.66697,5.47664],[-74.66697,5.47664],[-74.66697,5.47666],[-74.66697,5.47667],[-74.66697,5.47668],[-74.66698,5.47669],[-74.66698,5.4767],[-74.66697,5.47672],[-74.66698,5.47675],[-74.66698,5.47678],[-74.66698,5.47678],[-74.66698,5.47679],[-74.66698,5.4768],[-74.66698,5.4768],[-74.66699,5.47683],[-74.66699,5.47684],[-74.66699,5.47685],[-74.66699,5.47687],[-74.66698,5.47689],[-74.66698,5.47691],[-74.66697,5.47694],[-74.66697,5.47695],[-74.66697,5.47696],[-74.66698,5.47698],[-74.66698,5.47698],[-74.66699,5.47699],[-74.667,5.47699],[-74.667,5.477],[-74.667,5.47704],[-74.66701,5.47706],[-74.66701,5.47708],[-74.66701,5.4771],[-74.66701,5.47714],[-74.66702,5.47715],[-74.66702,5.47715],[-74.66702,5.47716],[-74.66702,5.4772],[-74.66701,5.47723],[-74.66702,5.47725],[-74.66702,5.47726],[-74.66702,5.47728],[-74.66702,5.47731],[-74.66703,5.47736],[-74.66703,5.47738],[-74.66704,5.4774],[-74.66704,5.47742],[-74.66704,5.47746],[-74.66705,5.47751],[-74.66706,5.47751],[-74.66707,5.47752],[-74.66707,5.47751],[-74.66708,5.47751],[-74.66708,5.47752],[-74.66707,5.47752],[-74.66707,5.47752],[-74.66706,5.47753],[-74.66706,5.47755],[-74.66706,5.47759],[-74.66707,5.47763],[-74.66708,5.47766],[-74.66708,5.4777],[-74.66709,5.47772],[-74.6671,5.47776],[-74.66711,5.4778],[-74.66711,5.47783],[-74.66711,5.47788],[-74.66712,5.47791],[-74.66712,5.47794],[-74.66712,5.47796],[-74.66713,5.478],[-74.66713,5.47803],[-74.66714,5.47807],[-74.66714,5.4781],[-74.66714,5.47818],[-74.66714,5.47819],[-74.66714,5.47821],[-74.66714,5.47825],[-74.66714,5.47833],[-74.66714,5.47834],[-74.66713,5.47835],[-74.66713,5.47839],[-74.66713,5.47843],[-74.66713,5.47846],[-74.66712,5.47849],[-74.66711,5.47853],[-74.66711,5.47856],[-74.66711,5.47858],[-74.66712,5.47864],[-74.66713,5.47867],[-74.66713,5.47868],[-74.66714,5.4787],[-74.66714,5.47873],[-74.66714,5.47876],[-74.66714,5.47877],[-74.66714,5.47879],[-74.66715,5.4788],[-74.66715,5.47882],[-74.66715,5.47884],[-74.66715,5.47886],[-74.66715,5.47888],[-74.66714,5.47893],[-74.66713,5.47895],[-74.66712,5.47898],[-74.66711,5.479],[-74.6671,5.47902],[-74.6671,5.47906],[-74.66709,5.47908],[-74.66709,5.47909],[-74.6671,5.47911],[-74.6671,5.47913],[-74.6671,5.47915],[-74.6671,5.47916],[-74.66709,5.47918],[-74.66708,5.4792],[-74.66708,5.47922],[-74.66708,5.47923],[-74.66707,5.47924],[-74.66706,5.47926],[-74.66706,5.47928],[-74.66707,5.4793],[-74.66707,5.4793],[-74.66708,5.47932],[-74.66709,5.47934],[-74.66709,5.47935],[-74.6671,5.47934],[-74.66711,5.47934],[-74.66712,5.47936],[-74.66712,5.47938],[-74.66712,5.47939],[-74.66711,5.47939],[-74.66711,5.47939],[-74.66711,5.4794],[-74.6671,5.4794],[-74.66709,5.4794],[-74.66709,5.47941],[-74.66707,5.47942],[-74.66706,5.47942],[-74.66705,5.47941],[-74.66705,5.47941],[-74.66705,5.47941],[-74.66703,5.47941],[-74.66703,5.47942],[-74.66703,5.47943],[-74.66702,5.47943],[-74.66701,5.47943],[-74.667,5.47945],[-74.66699,5.47945],[-74.66698,5.47944],[-74.66696,5.47944],[-74.66694,5.47946],[-74.66693,5.47946],[-74.66693,5.47946],[-74.66693,5.47947],[-74.66692,5.47948],[-74.66692,5.47949],[-74.66692,5.47952],[-74.66692,5.47954],[-74.66692,5.47956],[-74.66692,5.47958],[-74.66692,5.47958],[-74.66692,5.47959],[-74.66691,5.47959],[-74.66691,5.47961],[-74.66691,5.47962],[-74.66691,5.47968],[-74.66692,5.4797],[-74.66693,5.4797],[-74.66694,5.4797],[-74.66694,5.47971],[-74.66693,5.47972],[-74.66693,5.47974],[-74.66692,5.47975],[-74.66692,5.4798],[-74.66693,5.47981],[-74.66693,5.47983],[-74.66694,5.47984],[-74.66694,5.47984],[-74.66692,5.47986],[-74.6669,5.47986],[-74.66689,5.47986],[-74.66689,5.47987],[-74.66688,5.47988],[-74.6669,5.4799],[-74.6669,5.4799],[-74.66689,5.4799],[-74.66687,5.47992],[-74.66688,5.47992],[-74.66689,5.47992],[-74.6669,5.47993],[-74.66691,5.47993],[-74.66691,5.47993],[-74.66691,5.47994],[-74.66691,5.47995],[-74.6669,5.47994],[-74.66689,5.47994],[-74.66689,5.47995],[-74.66691,5.47997],[-74.66691,5.47998],[-74.66691,5.47999],[-74.66693,5.47999],[-74.66694,5.47999],[-74.66692,5.48],[-74.66691,5.48],[-74.66691,5.47999],[-74.6669,5.47999],[-74.66689,5.48],[-74.66689,5.48003],[-74.66689,5.48004],[-74.66688,5.48004],[-74.66687,5.48004],[-74.66687,5.48005],[-74.66688,5.48006],[-74.66689,5.48006],[-74.66689,5.48006],[-74.66687,5.48008],[-74.66687,5.48009],[-74.66686,5.4801],[-74.66686,5.48011],[-74.66685,5.48012],[-74.66685,5.48012],[-74.66686,5.48013],[-74.66687,5.48012],[-74.66687,5.48012],[-74.66685,5.48014],[-74.66686,5.48017],[-74.66685,5.48018],[-74.66685,5.48019],[-74.66686,5.4802],[-74.66685,5.48021],[-74.66685,5.48025],[-74.66684,5.48026],[-74.66684,5.48029],[-74.66686,5.48031],[-74.66685,5.48031],[-74.66685,5.48032],[-74.66684,5.48033],[-74.66683,5.48033],[-74.66683,5.48033],[-74.66684,5.48034],[-74.66684,5.48035],[-74.66683,5.48035],[-74.66682,5.48035],[-74.66682,5.48036],[-74.66682,5.48037],[-74.66683,5.48037],[-74.66684,5.48037],[-74.66684,5.48038],[-74.66684,5.48038],[-74.66687,5.48038],[-74.66688,5.4804],[-74.66688,5.48041]]]},"properties":{"FID":11,"OBJECTID":12,"ID_AMENA":12,"CODSUELO":"1738001","CODAMENA":"12","TIPO":"Socavación Lateral","GRADO":"Moderada","AREA":40640.1770728,"PERIMETER":4613.72828051,"Shape_Leng":4613.72828496,"Shape_Area":40640.1782439}},{"type":"Feature","id":12,"geometry":{"type":"Polygon","coordinates":[[[-74.66683,5.48069],[-74.66681,5.4807],[-74.66682,5.48071],[-74.66682,5.48074],[-74.66683,5.48075],[-74.66683,5.48076],[-74.66682,5.48077],[-74.66682,5.48078],[-74.66681,5.48078],[-74.66682,5.48079],[-74.66682,5.48086],[-74.66681,5.48087],[-74.66682,5.48088],[-74.66682,5.48088],[-74.66681,5.48089],[-74.66681,5.48091],[-74.66682,5.48092],[-74.66681,5.48093],[-74.66681,5.48094],[-74.66682,5.48095],[-74.66682,5.48111],[-74.66681,5.48112],[-74.66682,5.48113],[-74.66682,5.48115],[-74.66681,5.48116],[-74.66681,5.48117],[-74.66682,5.48118],[-74.66682,5.48119],[-74.66681,5.4812],[-74.66682,5.48121],[-74.66682,5.48126],[-74.66683,5.48126],[-74.66683,5.48125],[-74.66683,5.48123],[-74.66683,5.4812],[-74.66684,5.48116],[-74.66684,5.48114],[-74.66684,5.48112],[-74.66685,5.48107],[-74.66686,5.48102],[-74.66686,5.481],[-74.66687,5.48096],[-74.66687,5.48092],[-74.66689,5.48082],[-74.66689,5.48077],[-74.6669,5.48072],[-74.6669,5.48065],[-74.66692,5.48061],[-74.66693,5.48058],[-74.66693,5.48054],[-74.66695,5.48047],[-74.66695,5.48044],[-74.66695,5.48043],[-74.66689,5.48043],[-74.66688,5.48042],[-74.66687,5.48042],[-74.66685,5.4804],[-74.66683,5.48042],[-74.66683,5.48048],[-74.66684,5.48049],[-74.66684,5.4805],[-74.66683,5.4805],[-74.66683,5.48056],[-74.66682,5.48057],[-74.66683,5.48058],[-74.66682,5.48059],[-74.66682,5.48067],[-74.66681,5.48068],[-74.66682,5.48068],[-74.66683,5.48068],[-74.66683,5.48069]]]},"properties":{"FID":12,"OBJECTID":13,"ID_AMENA":13,"CODSUELO":"1738001","CODAMENA":"13","TIPO":"Socavación Lateral","GRADO":"Moderada","AREA":655.832418209,"PERIMETER":214.556586185,"Shape_Leng":214.556611175,"Shape_Area":655.832427755}},{"type":"Feature","id":13,"geometry":{"type":"Polygon","coordinates":[[[-74.66682,5.48127],[-74.66682,5.48131],[-74.66682,5.48131],[-74.66682,5.48129],[-74.66682,5.48127],[-74.66682,5.48127]]]},"properties":{"FID":13,"OBJECTID":14,"ID_AMENA":14,"CODSUELO":"1738001","CODAMENA":"14","TIPO":"Socavación Lateral","GRADO":"Moderada","AREA":1.06871614734,"PERIMETER":9.38641584103,"Shape_Leng":9.38626923563,"Shape_Area":1.06864674029}},{"type":"Feature","id":14,"geometry":{"type":"Polygon","coordinates":[[[-74.66796,5.48618],[-74.66796,5.48619],[-74.66797,5.4862],[-74.66796,5.48621],[-74.66797,5.48621],[-74.66799,5.48621],[-74.66799,5.4862],[-74.66798,5.48619],[-74.66797,5.48618],[-74.66796,5.48618]]]},"properties":{"FID":14,"OBJECTID":15,"ID_AMENA":15,"CODSUELO":"1738001","CODAMENA":"15","TIPO":"Socavación Lateral","GRADO":"Moderada","AREA":8.20568575009,"PERIMETER":13.6341806063,"Shape_Leng":13.6342180321,"Shape_Area":8.20571039941}},{"type":"Feature","id":15,"geometry":{"type":"Polygon","coordinates":[[[-74.66807,5.48665],[-74.66807,5.48667],[-74.66807,5.48667],[-74.66807,5.48669],[-74.6681,5.48676],[-74.66811,5.48677],[-74.66811,5.48678],[-74.66811,5.48678],[-74.66811,5.48678],[-74.66812,5.48678],[-74.66828,5.48672],[-74.66824,5.48663],[-74.66824,5.4866],[-74.66823,5.48657],[-74.66819,5.48649],[-74.66816,5.48643],[-74.66812,5.48639],[-74.66809,5.48636],[-74.66807,5.48634],[-74.66804,5.48629],[-74.66801,5.48625],[-74.668,5.48622],[-74.66799,5.48622],[-74.66797,5.48622],[-74.66796,5.48623],[-74.66796,5.48625],[-74.66795,5.48626],[-74.66796,5.48627],[-74.66797,5.48627],[-74.66797,5.48627],[-74.66797,5.48628],[-74.66796,5.48628],[-74.66795,5.48628],[-74.66795,5.48629],[-74.66797,5.48631],[-74.66797,5.48633],[-74.668,5.48636],[-74.66802,5.48636],[-74.66803,5.48636],[-74.66803,5.48637],[-74.66803,5.48638],[-74.66805,5.48638],[-74.66806,5.48639],[-74.66807,5.48639],[-74.66807,5.48639],[-74.66807,5.48639],[-74.66805,5.48639],[-74.66804,5.48638],[-74.66803,5.48638],[-74.66802,5.48639],[-74.66802,5.48639],[-74.66802,5.48638],[-74.66801,5.48638],[-74.66799,5.48638],[-74.66799,5.48637],[-74.66798,5.48637],[-74.66797,5.48636],[-74.66797,5.48635],[-74.66798,5.48634],[-74.66798,5.48634],[-74.66797,5.48634],[-74.66796,5.48634],[-74.66796,5.48639],[-74.66797,5.4864],[-74.66797,5.48642],[-74.66798,5.48642],[-74.66799,5.48642],[-74.668,5.48643],[-74.66799,5.48643],[-74.66799,5.48643],[-74.66798,5.48644],[-74.66798,5.48646],[-74.66799,5.48647],[-74.66799,5.48649],[-74.66799,5.4865],[-74.668,5.4865],[-74.66801,5.4865],[-74.66801,5.48651],[-74.66801,5.48651],[-74.66802,5.48651],[-74.66803,5.48653],[-74.66803,5.48653],[-74.66802,5.48653],[-74.66802,5.48653],[-74.66803,5.48654],[-74.66802,5.48655],[-74.66803,5.48657],[-74.66806,5.48663],[-74.66806,5.48665],[-74.66806,5.48665],[-74.66807,5.48665],[-74.66807,5.48665]]]},"properties":{"FID":15,"OBJECTID":16,"ID_AMENA":16,"CODSUELO":"1738001","CODAMENA":"16","TIPO":"Socavación Lateral","GRADO":"Moderada","AREA":1008.54011978,"PERIMETER":198.974698316,"Shape_Leng":198.974679785,"Shape_Area":1008.5396836}}]}