{"type":"FeatureCollection","name":"RESERVA_FORESTAL_CENTRAL","crs":{"type":"name","properties":{"name":"urn:ogc:def:crs:OGC:1.3:CRS84"}},"features":[{"type":"Feature","id":0,"geometry":{"type":"MultiPolygon","coordinates":[[[[-75.38089,5.26077],[-75.3808,5.26091],[-75.38133,5.26103],[-75.38181,5.26087],[-75.38204,5.26027],[-75.3817,5.25972],[-75.38089,5.26077]]],[[[-75.39016,5.26138],[-75.39031,5.26133],[-75.39023,5.26124],[-75.39016,5.26138]]],[[[-75.38277,5.25962],[-75.38277,5.25991],[-75.38292,5.26014],[-75.38297,5.26043],[-75.38297,5.26072],[-75.38297,5.26101],[-75.38283,5.26124],[-75.38278,5.26153],[-75.38275,5.26174],[-75.38302,5.26161],[-75.38302,5.26106],[-75.38302,5.25944],[-75.38374,5.2598],[-75.3839,5.26012],[-75.38399,5.2603],[-75.38415,5.26007],[-75.3843,5.25996],[-75.38434,5.26009],[-75.38429,5.26052],[-75.38464,5.26052],[-75.38579,5.26041],[-75.38588,5.2604],[-75.38621,5.26037],[-75.38663,5.26033],[-75.38735,5.25889],[-75.38758,5.25889],[-75.386,5.2577],[-75.38599,5.25769],[-75.38565,5.25749],[-75.38554,5.25726],[-75.38546,5.25708],[-75.38521,5.25721],[-75.38504,5.25729],[-75.38391,5.25694],[-75.38296,5.25664],[-75.38246,5.25814],[-75.38248,5.25818],[-75.38263,5.25847],[-75.38268,5.25876],[-75.38273,5.25904],[-75.38273,5.25933],[-75.38277,5.25962]],[[-75.38554,5.2598],[-75.38554,5.25975],[-75.38571,5.25979],[-75.38576,5.26021],[-75.38569,5.26009],[-75.38554,5.2598]]],[[[-75.37442,5.26202],[-75.37418,5.2622],[-75.37389,5.26227],[-75.37386,5.26228],[-75.37372,5.26237],[-75.37417,5.26241],[-75.37453,5.26196],[-75.37442,5.26202]]],[[[-75.38735,5.26214],[-75.38631,5.2624],[-75.38636,5.26255],[-75.38751,5.26213],[-75.38751,5.26213],[-75.38735,5.26214]]],[[[-75.35852,5.26421],[-75.35855,5.26437],[-75.35868,5.26437],[-75.35874,5.26386],[-75.35881,5.26394],[-75.35885,5.26394],[-75.35891,5.26375],[-75.35904,5.26248],[-75.35936,5.26109],[-75.35937,5.26102],[-75.36009,5.26089],[-75.36003,5.26073],[-75.35993,5.26046],[-75.3596,5.26038],[-75.35952,5.26038],[-75.35944,5.26038],[-75.3595,5.25982],[-75.3596,5.25935],[-75.35971,5.259],[-75.35974,5.25891],[-75.36001,5.25836],[-75.3604,5.25781],[-75.36119,5.25715],[-75.36157,5.25693],[-75.36182,5.25685],[-75.36197,5.25687],[-75.3621,5.25698],[-75.36218,5.25715],[-75.3622,5.25731],[-75.36219,5.25756],[-75.36207,5.25824],[-75.36205,5.25834],[-75.36203,5.25865],[-75.36202,5.2589],[-75.36209,5.25947],[-75.36219,5.25977],[-75.36228,5.25995],[-75.36237,5.26006],[-75.36246,5.26018],[-75.36272,5.26034],[-75.3629,5.2604],[-75.36344,5.2605],[-75.36366,5.26058],[-75.36385,5.26072],[-75.36405,5.26092],[-75.36427,5.26121],[-75.3646,5.26186],[-75.36471,5.26201],[-75.36481,5.2621],[-75.36495,5.26209],[-75.36509,5.26191],[-75.3652,5.2617],[-75.36539,5.26119],[-75.36566,5.26069],[-75.36593,5.2603],[-75.36623,5.25999],[-75.36648,5.25983],[-75.36674,5.25973],[-75.36706,5.25971],[-75.36755,5.25975],[-75.36772,5.25973],[-75.36786,5.25965],[-75.36801,5.25943],[-75.36814,5.259],[-75.36829,5.25832],[-75.36842,5.25747],[-75.36853,5.25703],[-75.36864,5.25676],[-75.36876,5.25659],[-75.36895,5.25645],[-75.36922,5.25638],[-75.36937,5.25638],[-75.36944,5.25638],[-75.36965,5.25639],[-75.3701,5.25642],[-75.3706,5.25636],[-75.3708,5.2563],[-75.37099,5.25617],[-75.37109,5.25601],[-75.37115,5.25581],[-75.37115,5.25549],[-75.37123,5.25516],[-75.37134,5.25489],[-75.37152,5.25466],[-75.37164,5.25461],[-75.37179,5.25459],[-75.37243,5.25471],[-75.37266,5.25471],[-75.37277,5.25467],[-75.37296,5.25454],[-75.37319,5.25429],[-75.37325,5.25417],[-75.37327,5.25404],[-75.37329,5.2539],[-75.37349,5.25367],[-75.37355,5.25352],[-75.37373,5.25186],[-75.37374,5.25174],[-75.3738,5.25133],[-75.37382,5.25121],[-75.37395,5.25064],[-75.37434,5.24943],[-75.37444,5.24918],[-75.37462,5.24873],[-75.37504,5.24797],[-75.37514,5.24774],[-75.37532,5.24737],[-75.37554,5.24703],[-75.37562,5.24696],[-75.37576,5.24685],[-75.37587,5.24682],[-75.37595,5.24688],[-75.37604,5.24727],[-75.37604,5.24728],[-75.37608,5.2476],[-75.37607,5.2478],[-75.37605,5.24817],[-75.37588,5.24934],[-75.37584,5.24983],[-75.37584,5.25069],[-75.37594,5.25151],[-75.37612,5.25229],[-75.3764,5.25319],[-75.37644,5.25329],[-75.37658,5.25446],[-75.3768,5.25533],[-75.37697,5.2563],[-75.37714,5.25696],[-75.37724,5.25723],[-75.37733,5.25737],[-75.37748,5.2575],[-75.37767,5.25758],[-75.37791,5.25762],[-75.37834,5.25763],[-75.37862,5.25768],[-75.37889,5.25777],[-75.37923,5.25796],[-75.37946,5.25803],[-75.37967,5.25802],[-75.37983,5.25791],[-75.3799,5.25776],[-75.37995,5.25751],[-75.37995,5.25731],[-75.37989,5.2571],[-75.37982,5.25691],[-75.37971,5.25673],[-75.37932,5.25637],[-75.37892,5.25585],[-75.37889,5.25575],[-75.37889,5.25561],[-75.37898,5.25525],[-75.37919,5.25489],[-75.37938,5.25471],[-75.37957,5.25468],[-75.38004,5.25477],[-75.38024,5.25477],[-75.38049,5.25464],[-75.38061,5.25448],[-75.38073,5.25445],[-75.38083,5.25439],[-75.38119,5.25392],[-75.38132,5.25367],[-75.38139,5.2534],[-75.38162,5.25315],[-75.38182,5.25271],[-75.38195,5.25249],[-75.38203,5.25241],[-75.38213,5.25238],[-75.38226,5.25239],[-75.38254,5.25248],[-75.38292,5.25275],[-75.3833,5.25316],[-75.38361,5.25332],[-75.38391,5.25335],[-75.38404,5.25332],[-75.38429,5.25319],[-75.38454,5.2532],[-75.3845,5.25314],[-75.38449,5.25313],[-75.38446,5.25298],[-75.38448,5.25215],[-75.38461,5.25182],[-75.38511,5.25084],[-75.38558,5.24992],[-75.38597,5.24911],[-75.38632,5.24815],[-75.38654,5.24764],[-75.38679,5.24713],[-75.38688,5.24696],[-75.38724,5.24635],[-75.3875,5.24575],[-75.3877,5.24537],[-75.38789,5.24493],[-75.38801,5.24432],[-75.38796,5.24378],[-75.3876,5.24316],[-75.38714,5.24275],[-75.3869,5.24252],[-75.38526,5.24092],[-75.38484,5.24034],[-75.38434,5.23977],[-75.38404,5.23918],[-75.38282,5.23737],[-75.3822,5.23677],[-75.38182,5.23622],[-75.38149,5.23584],[-75.38113,5.23532],[-75.3811,5.23524],[-75.38078,5.23472],[-75.38054,5.23424],[-75.38051,5.23417],[-75.38003,5.23364],[-75.37952,5.23335],[-75.37847,5.23258],[-75.37792,5.23204],[-75.37792,5.23202],[-75.3778,5.23187],[-75.37746,5.23143],[-75.37698,5.23079],[-75.37678,5.23014],[-75.37678,5.22987],[-75.37678,5.22956],[-75.37706,5.22849],[-75.37727,5.22812],[-75.37757,5.22753],[-75.37789,5.22662],[-75.37805,5.22597],[-75.37783,5.22561],[-75.37746,5.22514],[-75.37708,5.22464],[-75.37705,5.22458],[-75.37695,5.22419],[-75.37678,5.2238],[-75.37661,5.22366],[-75.37661,5.22366],[-75.37661,5.22366],[-75.37628,5.2237],[-75.37609,5.2237],[-75.37567,5.22354],[-75.37537,5.22347],[-75.37491,5.22342],[-75.37436,5.22331],[-75.37385,5.2231],[-75.37279,5.22257],[-75.37249,5.2223],[-75.37175,5.22161],[-75.37171,5.22193],[-75.37175,5.22229],[-75.37175,5.22232],[-75.37172,5.22249],[-75.37151,5.22289],[-75.37144,5.22321],[-75.37142,5.2234],[-75.37138,5.22394],[-75.37133,5.22424],[-75.37117,5.2248],[-75.37106,5.22513],[-75.37093,5.22541],[-75.37073,5.22566],[-75.37048,5.22584],[-75.37017,5.22602],[-75.37015,5.22604],[-75.36986,5.22618],[-75.36962,5.22644],[-75.36942,5.22677],[-75.36935,5.227],[-75.36921,5.22758],[-75.36902,5.22789],[-75.36904,5.22792],[-75.36842,5.22924],[-75.36808,5.22982],[-75.36764,5.23035],[-75.36702,5.2307],[-75.3657,5.23126],[-75.36568,5.23127],[-75.36461,5.23204],[-75.36428,5.23223],[-75.36412,5.23244],[-75.36412,5.23271],[-75.36412,5.23278],[-75.36429,5.23331],[-75.36458,5.23403],[-75.36485,5.23458],[-75.36512,5.23587],[-75.36537,5.23643],[-75.36596,5.23742],[-75.36619,5.23793],[-75.36627,5.2383],[-75.36635,5.23857],[-75.36633,5.23927],[-75.36624,5.23952],[-75.36606,5.23969],[-75.36487,5.23958],[-75.36341,5.23976],[-75.36267,5.2399],[-75.36209,5.24013],[-75.36167,5.24053],[-75.36138,5.24087],[-75.36138,5.24089],[-75.3606,5.24193],[-75.36028,5.24244],[-75.36,5.24276],[-75.35979,5.24316],[-75.35964,5.24345],[-75.35941,5.24392],[-75.35913,5.24443],[-75.35895,5.24496],[-75.35871,5.2457],[-75.35857,5.2466],[-75.35843,5.24818],[-75.35838,5.24932],[-75.35849,5.25101],[-75.35846,5.25202],[-75.35841,5.25299],[-75.35845,5.254],[-75.35844,5.254],[-75.35849,5.25472],[-75.35845,5.25539],[-75.35846,5.2559],[-75.35837,5.2563],[-75.35835,5.25643],[-75.35813,5.257],[-75.35794,5.25784],[-75.35785,5.25861],[-75.35785,5.25921],[-75.35789,5.25977],[-75.35799,5.26024],[-75.35824,5.26102],[-75.35834,5.26131],[-75.35841,5.26194],[-75.35841,5.26258],[-75.35846,5.26324],[-75.35846,5.26342],[-75.35852,5.26421]]],[[[-75.39053,5.26182],[-75.39033,5.26222],[-75.39034,5.26224],[-75.39055,5.26276],[-75.3911,5.26419],[-75.39148,5.26472],[-75.39169,5.2643],[-75.39198,5.2643],[-75.39235,5.2643],[-75.39244,5.2643],[-75.39245,5.26424],[-75.39237,5.26377],[-75.39233,5.26368],[-75.3922,5.26349],[-75.39195,5.26313],[-75.39143,5.2626],[-75.39065,5.26171],[-75.39053,5.26182]]],[[[-75.37487,5.26501],[-75.37503,5.26578],[-75.37526,5.26703],[-75.3759,5.26871],[-75.37605,5.26896],[-75.37605,5.2689],[-75.37605,5.2686],[-75.37605,5.2683],[-75.37605,5.268],[-75.37605,5.2677],[-75.37611,5.2674],[-75.37611,5.2671],[-75.37605,5.2668],[-75.37592,5.26651],[-75.37569,5.26633],[-75.3755,5.26609],[-75.37533,5.26585],[-75.37521,5.26555],[-75.37521,5.26525],[-75.37521,5.26495],[-75.37521,5.26486],[-75.37487,5.26501]]],[[[-75.35949,5.26908],[-75.3595,5.26966],[-75.35951,5.26968],[-75.35992,5.26951],[-75.35991,5.26933],[-75.35957,5.26909],[-75.35949,5.26906],[-75.35949,5.26908]]],[[[-75.37348,5.26976],[-75.37375,5.2697],[-75.3739,5.26972],[-75.3739,5.26956],[-75.3739,5.26926],[-75.3739,5.26896],[-75.37384,5.26866],[-75.37384,5.26836],[-75.37378,5.26807],[-75.3736,5.26777],[-75.37348,5.26747],[-75.37342,5.26717],[-75.3733,5.26687],[-75.37318,5.26657],[-75.37312,5.26627],[-75.37312,5.26597],[-75.37306,5.26568],[-75.37305,5.26564],[-75.37297,5.26554],[-75.37225,5.26567],[-75.37234,5.26592],[-75.37252,5.26621],[-75.37258,5.26651],[-75.37276,5.26675],[-75.37294,5.26699],[-75.373,5.26729],[-75.37306,5.26759],[-75.37312,5.26789],[-75.3733,5.26813],[-75.37342,5.26843],[-75.37342,5.26872],[-75.37342,5.26902],[-75.37348,5.26932],[-75.37348,5.26962],[-75.37348,5.26976]]],[[[-75.39171,5.26978],[-75.39142,5.26978],[-75.39139,5.26978],[-75.3925,5.27063],[-75.39257,5.27119],[-75.39259,5.27116],[-75.39273,5.27087],[-75.39272,5.27057],[-75.39265,5.27028],[-75.39251,5.26999],[-75.39229,5.26978],[-75.392,5.26978],[-75.39171,5.26978]]],[[[-75.38774,5.27175],[-75.38802,5.27175],[-75.38806,5.27175],[-75.38831,5.27175],[-75.38853,5.27153],[-75.38882,5.27153],[-75.38905,5.27153],[-75.38892,5.27126],[-75.38857,5.27092],[-75.38793,5.27027],[-75.38672,5.26962],[-75.38663,5.26956],[-75.38651,5.26965],[-75.3866,5.26982],[-75.38683,5.27028],[-75.38683,5.27082],[-75.38711,5.27109],[-75.38774,5.27175]]],[[[-75.38387,5.27283],[-75.38387,5.27313],[-75.38387,5.2733],[-75.38396,5.27321],[-75.38412,5.27313],[-75.38425,5.27306],[-75.38436,5.27286],[-75.38438,5.27281],[-75.3844,5.27277],[-75.38442,5.27276],[-75.38469,5.27263],[-75.38498,5.27263],[-75.38527,5.27262],[-75.38563,5.27262],[-75.38591,5.27248],[-75.38548,5.27146],[-75.38533,5.27111],[-75.38521,5.27103],[-75.385,5.27103],[-75.3847,5.27103],[-75.38441,5.27109],[-75.38411,5.27121],[-75.38397,5.2713],[-75.3838,5.27139],[-75.38351,5.27145],[-75.38321,5.27157],[-75.38321,5.27187],[-75.38351,5.27199],[-75.38381,5.27217],[-75.38387,5.27247],[-75.38387,5.27283]]],[[[-75.37307,5.27358],[-75.37369,5.27395],[-75.37445,5.27322],[-75.37472,5.27271],[-75.37474,5.27251],[-75.37465,5.27248],[-75.37379,5.27308],[-75.37379,5.27315],[-75.37355,5.27339],[-75.37335,5.27339],[-75.37307,5.27358]]],[[[-75.37705,5.27698],[-75.3776,5.27657],[-75.3775,5.27656],[-75.37705,5.27698]]],[[[-75.39938,5.27816],[-75.39914,5.27831],[-75.39895,5.2786],[-75.39881,5.27883],[-75.39929,5.27893],[-75.40031,5.27868],[-75.40028,5.27854],[-75.40009,5.27831],[-75.3999,5.27807],[-75.39962,5.27802],[-75.39938,5.27816]]],[[[-75.37809,5.27896],[-75.3781,5.27902],[-75.3781,5.2793],[-75.37846,5.27948],[-75.37875,5.2796],[-75.37877,5.2796],[-75.37888,5.27956],[-75.37888,5.27954],[-75.37888,5.27924],[-75.37888,5.27888],[-75.37882,5.27863],[-75.37809,5.27896]]],[[[-75.3783,5.28424],[-75.37838,5.2846],[-75.37842,5.28423],[-75.3783,5.28424]]],[[[-75.36749,5.28523],[-75.36749,5.28525],[-75.36751,5.28522],[-75.36749,5.28523]]],[[[-75.396,5.28535],[-75.39605,5.28563],[-75.39606,5.28592],[-75.39616,5.2861],[-75.39636,5.28524],[-75.39803,5.28538],[-75.39812,5.28525],[-75.39872,5.28506],[-75.3995,5.2852],[-75.39998,5.28543],[-75.40002,5.28539],[-75.40015,5.28515],[-75.4003,5.28491],[-75.40044,5.28467],[-75.40058,5.28438],[-75.40083,5.28424],[-75.40102,5.284],[-75.40115,5.28376],[-75.40125,5.28347],[-75.40125,5.28318],[-75.40101,5.28299],[-75.40077,5.28285],[-75.40077,5.28262],[-75.40048,5.28265],[-75.40023,5.28249],[-75.4002,5.28266],[-75.4002,5.28295],[-75.39991,5.28309],[-75.39967,5.28323],[-75.39934,5.28328],[-75.39891,5.28328],[-75.39858,5.28328],[-75.39829,5.28329],[-75.39819,5.283],[-75.39819,5.28271],[-75.39834,5.28247],[-75.39857,5.28228],[-75.39877,5.28204],[-75.39886,5.28175],[-75.39891,5.28167],[-75.39847,5.28139],[-75.39822,5.2811],[-75.39822,5.28056],[-75.39767,5.28056],[-75.39767,5.27936],[-75.39766,5.27936],[-75.39766,5.27908],[-75.39766,5.27897],[-75.39747,5.27893],[-75.39719,5.27903],[-75.39719,5.27932],[-75.39719,5.2796],[-75.39719,5.27989],[-75.39695,5.28003],[-75.39666,5.28004],[-75.39638,5.27994],[-75.39609,5.27994],[-75.39609,5.28023],[-75.39614,5.28051],[-75.39628,5.2808],[-75.39629,5.28109],[-75.39623,5.28138],[-75.396,5.28152],[-75.396,5.28181],[-75.39581,5.28205],[-75.39561,5.28229],[-75.39538,5.28243],[-75.39514,5.28267],[-75.39514,5.28296],[-75.39514,5.28324],[-75.39514,5.28353],[-75.39529,5.28382],[-75.39533,5.2841],[-75.39548,5.28434],[-75.39555,5.28456],[-75.39558,5.28463],[-75.39572,5.28487],[-75.396,5.28506],[-75.396,5.28535]]],[[[-75.40363,5.28299],[-75.40344,5.28323],[-75.40325,5.28347],[-75.40311,5.28371],[-75.40311,5.28399],[-75.40302,5.28428],[-75.40282,5.28452],[-75.40269,5.28476],[-75.4024,5.28486],[-75.40211,5.285],[-75.40188,5.28519],[-75.40159,5.28529],[-75.40144,5.28553],[-75.40133,5.28566],[-75.4033,5.28631],[-75.40438,5.28638],[-75.40436,5.28624],[-75.40417,5.286],[-75.40402,5.28576],[-75.40383,5.28552],[-75.40373,5.28519],[-75.40359,5.28495],[-75.40379,5.28471],[-75.40392,5.28447],[-75.40407,5.28418],[-75.40421,5.28394],[-75.40421,5.28365],[-75.40421,5.28337],[-75.40421,5.28308],[-75.40421,5.28279],[-75.40388,5.28275],[-75.40363,5.28299]]],[[[-75.40488,5.29259],[-75.40475,5.29399],[-75.40495,5.29399],[-75.40504,5.2937],[-75.40504,5.29341],[-75.40509,5.29312],[-75.40509,5.29284],[-75.40509,5.29255],[-75.40488,5.29259]]],[[[-75.39531,5.29358],[-75.3954,5.29386],[-75.3955,5.29415],[-75.39574,5.29429],[-75.39603,5.29434],[-75.39608,5.29435],[-75.39609,5.29351],[-75.39583,5.29343],[-75.39555,5.29338],[-75.39531,5.29358]]],[[[-75.36555,5.29505],[-75.36557,5.29505],[-75.36557,5.29505],[-75.36548,5.29504],[-75.36555,5.29505]]],[[[-75.37779,5.29558],[-75.37799,5.2956],[-75.37887,5.29086],[-75.37874,5.29069],[-75.37859,5.29045],[-75.37855,5.29017],[-75.37853,5.29008],[-75.37713,5.28983],[-75.37705,5.28992],[-75.37711,5.28998],[-75.37738,5.29024],[-75.37764,5.2905],[-75.37756,5.29086],[-75.37774,5.29108],[-75.37758,5.29134],[-75.37774,5.29156],[-75.37765,5.29194],[-75.3775,5.29227],[-75.37727,5.29242],[-75.37698,5.29247],[-75.37669,5.29247],[-75.3764,5.29247],[-75.37624,5.2925],[-75.37642,5.29299],[-75.37637,5.2936],[-75.3766,5.29366],[-75.37697,5.29384],[-75.37706,5.29415],[-75.37714,5.29444],[-75.37722,5.2947],[-75.37732,5.29503],[-75.37741,5.29534],[-75.37769,5.29526],[-75.37779,5.29558]]],[[[-75.36526,5.29635],[-75.36512,5.29652],[-75.36482,5.29838],[-75.36503,5.29855],[-75.36536,5.29883],[-75.3656,5.29898],[-75.36589,5.29907],[-75.36608,5.2991],[-75.36604,5.29778],[-75.36603,5.29778],[-75.36584,5.29754],[-75.36569,5.2973],[-75.36569,5.29697],[-75.36584,5.29673],[-75.36593,5.29644],[-75.36578,5.2962],[-75.3655,5.29611],[-75.36526,5.29635]]],[[[-75.36814,5.29911],[-75.36809,5.30046],[-75.36809,5.30051],[-75.36811,5.30067],[-75.36812,5.30067],[-75.36841,5.30062],[-75.3684,5.30033],[-75.3684,5.30004],[-75.3684,5.29998],[-75.3684,5.29976],[-75.3684,5.29947],[-75.3684,5.29918],[-75.36849,5.29918],[-75.36849,5.29907],[-75.36878,5.29906],[-75.36888,5.29894],[-75.36888,5.29876],[-75.36882,5.29863],[-75.36859,5.29856],[-75.3683,5.29851],[-75.36823,5.29838],[-75.36814,5.29911]]],[[[-75.3933,5.30033],[-75.39333,5.30062],[-75.39363,5.30103],[-75.39411,5.30103],[-75.39455,5.29998],[-75.3946,5.29955],[-75.39449,5.29955],[-75.39446,5.29956],[-75.39417,5.29961],[-75.39394,5.2998],[-75.39394,5.30009],[-75.39375,5.30033],[-75.39346,5.30033],[-75.3933,5.30033]]],[[[-75.39246,5.302],[-75.39236,5.30234],[-75.39261,5.30253],[-75.39285,5.30272],[-75.39305,5.30279],[-75.39259,5.302],[-75.39246,5.30179],[-75.39246,5.302]]],[[[-75.412,5.29981],[-75.41171,5.30003],[-75.41149,5.30025],[-75.41141,5.30054],[-75.41127,5.30084],[-75.41105,5.30106],[-75.41098,5.30135],[-75.41069,5.3015],[-75.41047,5.30172],[-75.41032,5.30201],[-75.41022,5.30206],[-75.41022,5.30286],[-75.40976,5.30397],[-75.40958,5.30436],[-75.4102,5.30476],[-75.41026,5.30464],[-75.41048,5.30442],[-75.41048,5.30413],[-75.41048,5.30384],[-75.41048,5.30354],[-75.41047,5.30325],[-75.41047,5.30296],[-75.41061,5.30267],[-75.41084,5.30245],[-75.41106,5.30223],[-75.4112,5.30193],[-75.41142,5.30171],[-75.41171,5.30157],[-75.41193,5.30135],[-75.41222,5.3012],[-75.41251,5.30098],[-75.41258,5.30069],[-75.41273,5.30039],[-75.41287,5.3001],[-75.41295,5.3001],[-75.41295,5.30008],[-75.41309,5.29996],[-75.41309,5.29981],[-75.41333,5.29975],[-75.41334,5.29974],[-75.41335,5.29974],[-75.41338,5.29973],[-75.4136,5.29951],[-75.4136,5.29922],[-75.41338,5.299],[-75.41309,5.299],[-75.41287,5.29922],[-75.41258,5.29944],[-75.41229,5.29959],[-75.412,5.29981]]],[[[-75.40588,5.30519],[-75.40613,5.305],[-75.40619,5.30494],[-75.40617,5.30494],[-75.40588,5.30494],[-75.40588,5.30519]]],[[[-75.39342,5.30655],[-75.39342,5.30683],[-75.39342,5.30688],[-75.39351,5.3067],[-75.39354,5.30651],[-75.39342,5.30655]]],[[[-75.38689,5.30967],[-75.38718,5.30976],[-75.3873,5.30976],[-75.38698,5.30963],[-75.38681,5.30962],[-75.38689,5.30967]]],[[[-75.39315,5.31066],[-75.39317,5.31068],[-75.39315,5.31065],[-75.39315,5.31066]]],[[[-75.38842,5.31034],[-75.38847,5.31062],[-75.38866,5.31086],[-75.38895,5.31096],[-75.38909,5.31098],[-75.38879,5.31038],[-75.38875,5.31035],[-75.38833,5.31018],[-75.38842,5.31034]]],[[[-75.40081,5.31146],[-75.40098,5.31141],[-75.40082,5.31132],[-75.40081,5.31146]]],[[[-75.39,5.31131],[-75.39005,5.31138],[-75.39019,5.31162],[-75.39043,5.31181],[-75.39065,5.31189],[-75.39007,5.31127],[-75.39,5.31131]]],[[[-75.39082,5.3122],[-75.39105,5.31239],[-75.39114,5.31267],[-75.39139,5.31282],[-75.39143,5.31284],[-75.39081,5.31206],[-75.39074,5.31198],[-75.39082,5.3122]]],[[[-75.39692,5.3129],[-75.39716,5.31304],[-75.39723,5.31305],[-75.39773,5.31205],[-75.39768,5.31209],[-75.39749,5.31233],[-75.39721,5.31233],[-75.39692,5.31233],[-75.39664,5.31228],[-75.39635,5.31228],[-75.39618,5.31228],[-75.39618,5.31232],[-75.39614,5.31294],[-75.39607,5.31304],[-75.3963,5.31281],[-75.39659,5.31276],[-75.39692,5.3129]]],[[[-75.3783,5.31165],[-75.37845,5.31184],[-75.37869,5.31208],[-75.37869,5.31241],[-75.37869,5.3127],[-75.37874,5.31299],[-75.37888,5.31322],[-75.37912,5.31342],[-75.37941,5.31351],[-75.37969,5.31365],[-75.37973,5.31371],[-75.37974,5.31367],[-75.37983,5.31318],[-75.3796,5.31318],[-75.37936,5.31303],[-75.37917,5.31279],[-75.37917,5.31251],[-75.37926,5.31222],[-75.37926,5.31193],[-75.37917,5.31165],[-75.37917,5.31154],[-75.3783,5.31165]]],[[[-75.39579,5.31345],[-75.39545,5.31407],[-75.39526,5.31448],[-75.39523,5.31474],[-75.39528,5.31499],[-75.39531,5.31502],[-75.39545,5.31506],[-75.39545,5.31506],[-75.39568,5.31482],[-75.39587,5.31458],[-75.39592,5.31429],[-75.39592,5.31395],[-75.39592,5.31362],[-75.39597,5.31333],[-75.39606,5.31305],[-75.39579,5.31345]]],[[[-75.38356,5.31991],[-75.38355,5.31992],[-75.38351,5.32],[-75.38364,5.32023],[-75.38367,5.32024],[-75.38369,5.32024],[-75.38369,5.32019],[-75.38369,5.31965],[-75.38356,5.31991]]],[[[-75.374,5.32329],[-75.37458,5.32381],[-75.37449,5.32346],[-75.37367,5.32305],[-75.374,5.32329]]],[[[-75.47655,5.32299],[-75.47633,5.32305],[-75.47642,5.32457],[-75.4773,5.32563],[-75.47836,5.32636],[-75.47885,5.32654],[-75.47818,5.32432],[-75.47806,5.32371],[-75.47776,5.32344],[-75.47745,5.32321],[-75.47684,5.32295],[-75.47655,5.32299]]],[[[-75.37266,5.32724],[-75.37276,5.3275],[-75.37282,5.32751],[-75.3732,5.32733],[-75.37355,5.32733],[-75.37407,5.3272],[-75.37453,5.32709],[-75.37504,5.32711],[-75.37504,5.32563],[-75.37482,5.32477],[-75.37477,5.32482],[-75.37408,5.32444],[-75.37344,5.32419],[-75.3733,5.32401],[-75.37294,5.32494],[-75.3728,5.32532],[-75.37317,5.32555],[-75.37341,5.32618],[-75.37317,5.32691],[-75.37266,5.32705],[-75.37266,5.32724]]],[[[-75.37773,5.33015],[-75.3782,5.33023],[-75.37763,5.32984],[-75.37773,5.33015]]],[[[-75.47903,5.32914],[-75.47925,5.32944],[-75.48004,5.33083],[-75.48004,5.33128],[-75.48015,5.33131],[-75.48025,5.33126],[-75.47955,5.32892],[-75.47903,5.32914]]],[[[-75.37902,5.33088],[-75.37902,5.33158],[-75.37914,5.33168],[-75.37931,5.331],[-75.37886,5.33068],[-75.37902,5.33088]]],[[[-75.47549,5.3363],[-75.47672,5.33494],[-75.47651,5.33447],[-75.47647,5.33418],[-75.47596,5.33412],[-75.47554,5.33359],[-75.47512,5.33307],[-75.47439,5.33216],[-75.47409,5.33192],[-75.47354,5.33227],[-75.4732,5.33325],[-75.47332,5.33364],[-75.47338,5.33384],[-75.47338,5.3343],[-75.47332,5.33446],[-75.47316,5.33482],[-75.4727,5.33587],[-75.47293,5.33627],[-75.47488,5.33626],[-75.47549,5.3363]]],[[[-75.46196,5.33936],[-75.46203,5.33934],[-75.46191,5.33932],[-75.46196,5.33936]]],[[[-75.30473,5.34585],[-75.30473,5.34639],[-75.30571,5.34639],[-75.3054,5.3456],[-75.30452,5.34544],[-75.30473,5.34585]]],[[[-75.30578,5.35026],[-75.30592,5.35049],[-75.306,5.35075],[-75.30608,5.35101],[-75.3062,5.35125],[-75.30634,5.35148],[-75.30655,5.35166],[-75.30656,5.35166],[-75.30682,5.35164],[-75.30692,5.35153],[-75.307,5.35144],[-75.30708,5.35118],[-75.30716,5.35092],[-75.30726,5.35067],[-75.30741,5.35044],[-75.30763,5.35028],[-75.30789,5.35023],[-75.30816,5.35028],[-75.30839,5.35041],[-75.30861,5.35056],[-75.30885,5.35069],[-75.30905,5.35072],[-75.30912,5.35073],[-75.30938,5.35067],[-75.30943,5.35065],[-75.30997,5.35054],[-75.30998,5.3503],[-75.31006,5.35023],[-75.31026,5.35004],[-75.31039,5.3498],[-75.31045,5.34954],[-75.31045,5.34927],[-75.31041,5.349],[-75.31038,5.34873],[-75.31045,5.34847],[-75.31057,5.34822],[-75.31064,5.34796],[-75.31058,5.3477],[-75.31034,5.34757],[-75.31007,5.34758],[-75.30982,5.34768],[-75.3096,5.34784],[-75.30954,5.34788],[-75.30945,5.34769],[-75.30859,5.34774],[-75.3075,5.34727],[-75.30744,5.34725],[-75.30744,5.3483],[-75.30727,5.34825],[-75.30701,5.34815],[-75.30676,5.34806],[-75.30649,5.34801],[-75.30622,5.34801],[-75.30596,5.34807],[-75.3057,5.34816],[-75.30544,5.34822],[-75.30517,5.34823],[-75.3049,5.34819],[-75.30465,5.3481],[-75.30441,5.34797],[-75.30418,5.34783],[-75.30396,5.34767],[-75.30373,5.34752],[-75.30353,5.34734],[-75.30336,5.34713],[-75.3032,5.34691],[-75.30304,5.34669],[-75.30289,5.34647],[-75.30274,5.34624],[-75.30272,5.34619],[-75.30261,5.346],[-75.3025,5.34575],[-75.3024,5.3455],[-75.30236,5.34523],[-75.30237,5.34496],[-75.30242,5.34469],[-75.30244,5.34442],[-75.30241,5.34422],[-75.3024,5.34416],[-75.30232,5.3439],[-75.30227,5.34363],[-75.30226,5.34336],[-75.30226,5.34309],[-75.30223,5.34282],[-75.30221,5.34255],[-75.30224,5.34228],[-75.30233,5.34202],[-75.30245,5.34178],[-75.30256,5.34153],[-75.30267,5.34128],[-75.30282,5.34106],[-75.30305,5.34092],[-75.30332,5.34093],[-75.30354,5.34109],[-75.30372,5.3413],[-75.30388,5.34152],[-75.304,5.34176],[-75.30412,5.342],[-75.30427,5.34222],[-75.30444,5.34244],[-75.30461,5.34265],[-75.30478,5.34286],[-75.30499,5.34303],[-75.30525,5.3431],[-75.30552,5.34305],[-75.30575,5.34291],[-75.30592,5.3427],[-75.30608,5.34248],[-75.30627,5.34229],[-75.30648,5.34211],[-75.30667,5.34192],[-75.30683,5.3417],[-75.30695,5.34146],[-75.30703,5.3412],[-75.30709,5.34094],[-75.30712,5.34067],[-75.30717,5.3404],[-75.30727,5.34015],[-75.30742,5.33992],[-75.30757,5.3397],[-75.30764,5.33957],[-75.3077,5.33946],[-75.30782,5.33922],[-75.30793,5.33909],[-75.30793,5.33909],[-75.30725,5.33868],[-75.307,5.33847],[-75.30667,5.33823],[-75.30637,5.33808],[-75.30615,5.33791],[-75.30598,5.33766],[-75.30575,5.33738],[-75.30558,5.33708],[-75.30508,5.33639],[-75.30506,5.33634],[-75.30489,5.33611],[-75.30478,5.33605],[-75.30465,5.33597],[-75.3043,5.33585],[-75.30374,5.33576],[-75.3034,5.33575],[-75.30305,5.33578],[-75.30275,5.33584],[-75.30267,5.33589],[-75.30187,5.33616],[-75.30127,5.33651],[-75.30095,5.33674],[-75.30037,5.3371],[-75.30022,5.33719],[-75.29998,5.33741],[-75.29994,5.33746],[-75.29967,5.33773],[-75.29941,5.33796],[-75.29902,5.33821],[-75.29865,5.33841],[-75.29832,5.33852],[-75.29803,5.33858],[-75.29774,5.33857],[-75.29728,5.33832],[-75.29692,5.3379],[-75.29666,5.33741],[-75.29662,5.33735],[-75.29641,5.33703],[-75.29626,5.33676],[-75.29626,5.33673],[-75.29605,5.33634],[-75.29602,5.33618],[-75.29586,5.33595],[-75.29562,5.3358],[-75.29534,5.33572],[-75.29503,5.33563],[-75.29476,5.33551],[-75.29375,5.33517],[-75.29292,5.33495],[-75.29217,5.33469],[-75.29157,5.33458],[-75.29018,5.33447],[-75.28889,5.33427],[-75.28831,5.33422],[-75.28805,5.33418],[-75.28746,5.33428],[-75.28704,5.33448],[-75.28693,5.33456],[-75.28634,5.33527],[-75.28613,5.33557],[-75.28546,5.33653],[-75.28523,5.33689],[-75.28469,5.33753],[-75.28436,5.3378],[-75.28399,5.33796],[-75.2835,5.33808],[-75.28346,5.33809],[-75.28334,5.33811],[-75.28295,5.33824],[-75.28264,5.33858],[-75.28262,5.33868],[-75.2826,5.33869],[-75.28278,5.33901],[-75.28289,5.33925],[-75.28291,5.33931],[-75.28307,5.33974],[-75.28319,5.34017],[-75.28335,5.34047],[-75.28349,5.34059],[-75.28358,5.34071],[-75.28367,5.34089],[-75.28381,5.34114],[-75.28402,5.34144],[-75.2843,5.34174],[-75.28481,5.34221],[-75.28502,5.34264],[-75.28525,5.34297],[-75.28549,5.34321],[-75.28565,5.34335],[-75.28591,5.34364],[-75.28593,5.34385],[-75.28585,5.344],[-75.286,5.34389],[-75.28623,5.34375],[-75.28647,5.34363],[-75.28673,5.34354],[-75.28699,5.34347],[-75.28726,5.34348],[-75.28748,5.34363],[-75.28763,5.34386],[-75.2877,5.34412],[-75.28772,5.34439],[-75.28773,5.34466],[-75.28773,5.34493],[-75.28773,5.3452],[-75.28773,5.34547],[-75.28773,5.34574],[-75.28775,5.34601],[-75.28779,5.34628],[-75.28782,5.34655],[-75.28787,5.34682],[-75.28793,5.34709],[-75.28802,5.34734],[-75.28816,5.34757],[-75.28837,5.34774],[-75.28862,5.34785],[-75.28889,5.34791],[-75.28915,5.34796],[-75.28942,5.34801],[-75.28969,5.34801],[-75.28996,5.34802],[-75.29023,5.34802],[-75.2905,5.34797],[-75.29077,5.34797],[-75.29104,5.348],[-75.29131,5.34801],[-75.29158,5.34801],[-75.29185,5.34802],[-75.29211,5.3481],[-75.29234,5.34823],[-75.29244,5.34841],[-75.29248,5.34847],[-75.29251,5.34874],[-75.29255,5.349],[-75.29266,5.34925],[-75.29282,5.34947],[-75.29303,5.34964],[-75.29327,5.34977],[-75.29349,5.34992],[-75.29369,5.35011],[-75.29388,5.35029],[-75.29409,5.35047],[-75.29431,5.35063],[-75.29455,5.35075],[-75.29478,5.35089],[-75.29501,5.35104],[-75.29524,5.35118],[-75.29541,5.35122],[-75.2955,5.35125],[-75.29577,5.35122],[-75.29603,5.35114],[-75.29628,5.35102],[-75.2964,5.3509],[-75.29647,5.35084],[-75.29663,5.35062],[-75.29681,5.35042],[-75.29702,5.35024],[-75.29723,5.35007],[-75.29743,5.34989],[-75.29765,5.34973],[-75.29792,5.34969],[-75.29817,5.34978],[-75.29838,5.34995],[-75.29853,5.35017],[-75.29871,5.35038],[-75.29896,5.35048],[-75.29918,5.35033],[-75.29929,5.35008],[-75.29946,5.34987],[-75.29969,5.34973],[-75.29994,5.34962],[-75.30019,5.34953],[-75.30045,5.34944],[-75.30069,5.34931],[-75.30092,5.34917],[-75.30117,5.34907],[-75.30144,5.34904],[-75.30144,5.34904],[-75.30149,5.34913],[-75.30168,5.34977],[-75.30189,5.3498],[-75.30208,5.34933],[-75.30217,5.34938],[-75.30241,5.34951],[-75.30266,5.34961],[-75.30292,5.34969],[-75.30318,5.34974],[-75.30345,5.3498],[-75.30371,5.34987],[-75.30397,5.34993],[-75.30424,5.34996],[-75.30451,5.34996],[-75.30478,5.34995],[-75.30505,5.34995],[-75.30532,5.34999],[-75.30557,5.35009],[-75.30578,5.35026]]],[[[-75.29545,5.35475],[-75.29561,5.35465],[-75.29586,5.35467],[-75.29676,5.35468],[-75.29684,5.35469],[-75.29662,5.35346],[-75.29468,5.35324],[-75.29338,5.35292],[-75.29231,5.35263],[-75.29239,5.3527],[-75.29242,5.35271],[-75.29256,5.35287],[-75.29268,5.35314],[-75.29287,5.35345],[-75.29307,5.35361],[-75.29349,5.35375],[-75.29388,5.35391],[-75.29421,5.35408],[-75.2945,5.35421],[-75.29475,5.35429],[-75.29502,5.35441],[-75.29537,5.35465],[-75.29545,5.35475]]],[[[-75.30078,5.35482],[-75.30106,5.3548],[-75.30134,5.35475],[-75.29875,5.35286],[-75.29739,5.35314],[-75.29717,5.35346],[-75.29933,5.35345],[-75.29933,5.35399],[-75.29987,5.35399],[-75.29987,5.3548],[-75.29996,5.3548],[-75.30041,5.35479],[-75.30078,5.35482]]],[[[-75.30611,5.35769],[-75.30636,5.358],[-75.30694,5.35854],[-75.30712,5.35876],[-75.30735,5.35895],[-75.30771,5.35922],[-75.30801,5.35948],[-75.3081,5.35954],[-75.30842,5.35984],[-75.30872,5.36023],[-75.30895,5.36058],[-75.30915,5.36095],[-75.30938,5.36132],[-75.30938,5.36134],[-75.30953,5.36159],[-75.30987,5.36205],[-75.3099,5.36208],[-75.30916,5.35921],[-75.30784,5.3573],[-75.30611,5.35769]]],[[[-75.31046,5.35265],[-75.30943,5.35287],[-75.3087,5.35419],[-75.3104,5.35447],[-75.31094,5.35699],[-75.31205,5.35784],[-75.31261,5.35986],[-75.31387,5.36082],[-75.31474,5.36295],[-75.31515,5.36332],[-75.31203,5.35147],[-75.31046,5.35265]]],[[[-75.30755,5.38545],[-75.30751,5.38556],[-75.30749,5.38564],[-75.30738,5.38611],[-75.30737,5.38677],[-75.30729,5.38715],[-75.30728,5.38754],[-75.30794,5.38622],[-75.30914,5.38598],[-75.30914,5.38544],[-75.31076,5.38543],[-75.31097,5.38586],[-75.3182,5.37804],[-75.31778,5.37782],[-75.31863,5.37571],[-75.31875,5.37561],[-75.31777,5.3724],[-75.31723,5.3724],[-75.31723,5.37186],[-75.31722,5.37061],[-75.31681,5.36925],[-75.31639,5.36786],[-75.31604,5.36671],[-75.31537,5.36417],[-75.31487,5.36517],[-75.31451,5.36535],[-75.31324,5.36503],[-75.31212,5.36341],[-75.31207,5.36338],[-75.31008,5.36225],[-75.31036,5.36251],[-75.31122,5.36346],[-75.31162,5.36386],[-75.31208,5.36443],[-75.31234,5.36471],[-75.31265,5.36507],[-75.31285,5.36533],[-75.31309,5.36571],[-75.31345,5.36641],[-75.31362,5.36679],[-75.31372,5.36721],[-75.31382,5.36787],[-75.31397,5.36863],[-75.31407,5.3689],[-75.31428,5.36932],[-75.31446,5.36964],[-75.31447,5.36968],[-75.31457,5.36993],[-75.31462,5.37027],[-75.31461,5.37064],[-75.31458,5.37089],[-75.31446,5.37116],[-75.31405,5.37157],[-75.31384,5.372],[-75.31372,5.37232],[-75.31364,5.37262],[-75.31364,5.37303],[-75.31366,5.37313],[-75.31377,5.37329],[-75.3138,5.3733],[-75.31393,5.37331],[-75.31415,5.3732],[-75.31434,5.37318],[-75.31459,5.37323],[-75.31479,5.37332],[-75.31494,5.37342],[-75.31511,5.37358],[-75.31528,5.37382],[-75.3154,5.37408],[-75.31551,5.37437],[-75.31559,5.37478],[-75.3156,5.3753],[-75.31555,5.37574],[-75.31553,5.37607],[-75.31558,5.37635],[-75.31571,5.37661],[-75.31578,5.37672],[-75.31601,5.3774],[-75.31626,5.37787],[-75.3163,5.37802],[-75.31632,5.37827],[-75.31634,5.3787],[-75.31626,5.37915],[-75.31619,5.37935],[-75.31603,5.3796],[-75.31569,5.38001],[-75.31529,5.38034],[-75.31508,5.38056],[-75.3149,5.38078],[-75.31475,5.38089],[-75.31455,5.38098],[-75.31424,5.38104],[-75.31393,5.38108],[-75.31368,5.3811],[-75.31291,5.38114],[-75.31261,5.38127],[-75.3125,5.38143],[-75.31245,5.38179],[-75.31245,5.38192],[-75.31247,5.38199],[-75.31249,5.38203],[-75.31257,5.38216],[-75.31261,5.38234],[-75.31263,5.38255],[-75.3126,5.3829],[-75.31251,5.3832],[-75.31242,5.38337],[-75.31225,5.38357],[-75.31202,5.38371],[-75.31186,5.38373],[-75.31155,5.38371],[-75.31136,5.38372],[-75.31119,5.38372],[-75.31088,5.38377],[-75.31052,5.38388],[-75.31028,5.38405],[-75.31007,5.38434],[-75.31004,5.38441],[-75.31,5.38448],[-75.30974,5.3848],[-75.30946,5.38504],[-75.30922,5.38516],[-75.30892,5.38521],[-75.30871,5.38519],[-75.30856,5.38516],[-75.30841,5.38513],[-75.30806,5.38513],[-75.30778,5.38519],[-75.30763,5.38533],[-75.30755,5.38545]]],[[[-75.31524,5.3958],[-75.31525,5.39576],[-75.31523,5.39574],[-75.31524,5.3958]]],[[[-75.31565,5.39401],[-75.31565,5.3946],[-75.31566,5.39461],[-75.31636,5.39487],[-75.31716,5.39491],[-75.31673,5.39561],[-75.31619,5.39635],[-75.31673,5.39652],[-75.31678,5.39658],[-75.31683,5.39654],[-75.31737,5.39611],[-75.31783,5.39527],[-75.31818,5.39487],[-75.31727,5.39464],[-75.31727,5.39393],[-75.31689,5.39394],[-75.3163,5.3939],[-75.31576,5.3939],[-75.31565,5.3939],[-75.31565,5.39401]]],[[[-75.30808,5.39625],[-75.30808,5.39683],[-75.30805,5.39727],[-75.30823,5.39734],[-75.30856,5.39748],[-75.30868,5.39763],[-75.30862,5.3971],[-75.30849,5.39592],[-75.30808,5.39625]]],[[[-75.3115,5.39916],[-75.31152,5.39917],[-75.31234,5.39954],[-75.31295,5.39949],[-75.31295,5.39899],[-75.31295,5.39845],[-75.31241,5.39845],[-75.31241,5.39791],[-75.31112,5.39825],[-75.3115,5.39916]]],[[[-75.32626,5.39973],[-75.32635,5.39986],[-75.32652,5.39938],[-75.32655,5.39875],[-75.32615,5.39811],[-75.32602,5.39721],[-75.32542,5.39671],[-75.32491,5.39641],[-75.32455,5.39574],[-75.32365,5.39551],[-75.32334,5.39511],[-75.32381,5.39497],[-75.32334,5.39464],[-75.32268,5.39464],[-75.32249,5.39458],[-75.3216,5.39517],[-75.3212,5.39518],[-75.32124,5.39524],[-75.32204,5.39521],[-75.32311,5.39581],[-75.32418,5.39598],[-75.32515,5.39725],[-75.32571,5.39751],[-75.32595,5.39881],[-75.32555,5.39951],[-75.32594,5.39951],[-75.32626,5.39973]]],[[[-75.3179,5.40209],[-75.31806,5.40219],[-75.31879,5.40165],[-75.31786,5.40159],[-75.31706,5.40135],[-75.3179,5.40209]]],[[[-75.32288,5.40282],[-75.32254,5.40352],[-75.32191,5.40419],[-75.32204,5.40479],[-75.32241,5.40459],[-75.32294,5.40409],[-75.32311,5.40322],[-75.32314,5.40262],[-75.32344,5.40219],[-75.32388,5.40226],[-75.32398,5.40221],[-75.32391,5.40121],[-75.32378,5.40122],[-75.32301,5.40129],[-75.32258,5.40092],[-75.32214,5.40032],[-75.32161,5.40039],[-75.32117,5.40062],[-75.32067,5.40018],[-75.3199,5.39982],[-75.3195,5.39925],[-75.31919,5.39874],[-75.31932,5.39859],[-75.31924,5.39781],[-75.31866,5.39732],[-75.31796,5.39785],[-75.31791,5.39787],[-75.31801,5.39798],[-75.31733,5.39943],[-75.31792,5.39933],[-75.31834,5.39928],[-75.31834,5.39948],[-75.3188,5.39975],[-75.31937,5.39992],[-75.32034,5.40032],[-75.32064,5.40085],[-75.32007,5.40099],[-75.31974,5.40134],[-75.32027,5.40169],[-75.32037,5.40165],[-75.32104,5.40129],[-75.32171,5.40132],[-75.32217,5.40165],[-75.32268,5.40175],[-75.32288,5.40282]]],[[[-75.31784,5.40813],[-75.31784,5.4089],[-75.31842,5.40858],[-75.3185,5.40804],[-75.31854,5.40743],[-75.31891,5.40714],[-75.31892,5.40714],[-75.31892,5.40711],[-75.31898,5.40711],[-75.31961,5.40689],[-75.32035,5.40706],[-75.32105,5.40734],[-75.32204,5.40734],[-75.32249,5.40784],[-75.32302,5.40743],[-75.32343,5.40731],[-75.32349,5.40699],[-75.32415,5.40666],[-75.32421,5.40648],[-75.32536,5.40648],[-75.32606,5.40644],[-75.3265,5.40644],[-75.3265,5.40601],[-75.3256,5.40583],[-75.32539,5.40573],[-75.32516,5.40607],[-75.32433,5.40623],[-75.32343,5.40652],[-75.3224,5.40644],[-75.32191,5.40603],[-75.3215,5.40628],[-75.32072,5.40632],[-75.32006,5.40632],[-75.31928,5.40619],[-75.31829,5.40574],[-75.31763,5.40508],[-75.31727,5.40541],[-75.3178,5.40591],[-75.31813,5.40615],[-75.31809,5.40685],[-75.31751,5.40697],[-75.31689,5.40718],[-75.31751,5.40755],[-75.31784,5.40751],[-75.31784,5.40813]]],[[[-75.3211,5.41091],[-75.32124,5.41091],[-75.3211,5.41076],[-75.3211,5.41091]]],[[[-75.29097,5.41169],[-75.29076,5.4121],[-75.29089,5.41227],[-75.29173,5.41198],[-75.29177,5.41162],[-75.29097,5.41169]]],[[[-75.31731,5.41203],[-75.31694,5.41248],[-75.31747,5.41248],[-75.31799,5.41252],[-75.31808,5.41172],[-75.31784,5.4117],[-75.3176,5.41162],[-75.31731,5.41203]]],[[[-75.298,5.41132],[-75.29855,5.4124],[-75.29891,5.41258],[-75.29999,5.41095],[-75.29979,5.41082],[-75.2994,5.41109],[-75.29916,5.41127],[-75.29746,5.41097],[-75.29704,5.40997],[-75.29651,5.41032],[-75.29658,5.41084],[-75.29659,5.41096],[-75.29728,5.41096],[-75.298,5.41132]]],[[[-75.29142,5.41365],[-75.29157,5.41344],[-75.29155,5.4134],[-75.29142,5.41365]]],[[[-75.32651,5.41356],[-75.32709,5.41384],[-75.32861,5.41363],[-75.32906,5.41359],[-75.32947,5.41301],[-75.32967,5.41248],[-75.33025,5.41244],[-75.33107,5.41264],[-75.33177,5.41248],[-75.33192,5.41288],[-75.3322,5.41278],[-75.33236,5.41234],[-75.33283,5.41214],[-75.33279,5.41167],[-75.333,5.41136],[-75.333,5.41088],[-75.33331,5.41088],[-75.33343,5.41067],[-75.33363,5.40984],[-75.33313,5.40967],[-75.3325,5.4089],[-75.33244,5.40855],[-75.33236,5.40813],[-75.33276,5.40767],[-75.33373,5.40716],[-75.33392,5.40709],[-75.3347,5.40676],[-75.33507,5.40646],[-75.33552,5.40637],[-75.33567,5.40599],[-75.3354,5.40562],[-75.33517,5.40553],[-75.33521,5.40536],[-75.33468,5.40463],[-75.33453,5.40463],[-75.3342,5.40406],[-75.33417,5.40479],[-75.33456,5.40546],[-75.3342,5.40563],[-75.33386,5.40533],[-75.33386,5.4056],[-75.33386,5.40563],[-75.3338,5.4062],[-75.33323,5.40646],[-75.33257,5.40616],[-75.33283,5.40686],[-75.33247,5.40747],[-75.33173,5.4077],[-75.33109,5.40777],[-75.33022,5.40767],[-75.32942,5.40727],[-75.32896,5.40673],[-75.32859,5.4063],[-75.32862,5.4058],[-75.32786,5.40595],[-75.32795,5.40599],[-75.32824,5.40693],[-75.3289,5.40722],[-75.3291,5.40792],[-75.32951,5.40784],[-75.33025,5.40829],[-75.33091,5.40841],[-75.33128,5.40833],[-75.33128,5.40878],[-75.33169,5.40858],[-75.33194,5.40812],[-75.33231,5.40862],[-75.3326,5.40948],[-75.33296,5.41026],[-75.33263,5.41092],[-75.33227,5.41149],[-75.33173,5.41199],[-75.33115,5.41203],[-75.33038,5.41162],[-75.32967,5.41158],[-75.32935,5.41149],[-75.32902,5.41195],[-75.3291,5.4126],[-75.3289,5.41301],[-75.32857,5.41244],[-75.32819,5.41219],[-75.32824,5.41269],[-75.328,5.41285],[-75.3275,5.41252],[-75.32705,5.41252],[-75.32651,5.41252],[-75.32651,5.41356]]],[[[-75.28111,5.41181],[-75.28105,5.41204],[-75.28106,5.41215],[-75.28107,5.41232],[-75.28118,5.41269],[-75.28118,5.4127],[-75.28125,5.41271],[-75.28226,5.41279],[-75.28286,5.41293],[-75.28327,5.41302],[-75.28344,5.41306],[-75.28426,5.41324],[-75.28428,5.41325],[-75.28513,5.41362],[-75.28598,5.41398],[-75.28683,5.41435],[-75.28672,5.41273],[-75.28686,5.41219],[-75.28678,5.41214],[-75.28658,5.41204],[-75.28601,5.41204],[-75.28576,5.41204],[-75.28554,5.41202],[-75.28505,5.41198],[-75.28581,5.41139],[-75.28594,5.41125],[-75.2867,5.41044],[-75.28715,5.41047],[-75.28719,5.41047],[-75.28764,5.4105],[-75.28802,5.41081],[-75.28816,5.41092],[-75.28827,5.41061],[-75.2882,5.41043],[-75.28804,5.41006],[-75.28845,5.40923],[-75.28875,5.40898],[-75.28856,5.4098],[-75.29018,5.4091],[-75.28983,5.40849],[-75.29084,5.40825],[-75.29212,5.40825],[-75.29213,5.40825],[-75.29249,5.40572],[-75.29243,5.40571],[-75.29249,5.40535],[-75.29249,5.40535],[-75.29255,5.40529],[-75.29262,5.40482],[-75.29269,5.40435],[-75.29286,5.40316],[-75.29402,5.40282],[-75.29467,5.40326],[-75.29613,5.40186],[-75.29564,5.40174],[-75.29683,5.39946],[-75.29964,5.39813],[-75.3007,5.39698],[-75.30861,5.38842],[-75.30752,5.38869],[-75.30703,5.38845],[-75.30692,5.38852],[-75.30669,5.38857],[-75.3065,5.38873],[-75.3063,5.38902],[-75.30622,5.38929],[-75.30623,5.3895],[-75.3063,5.38974],[-75.3063,5.38999],[-75.30623,5.39028],[-75.30607,5.39042],[-75.30586,5.39048],[-75.3056,5.39051],[-75.30536,5.39062],[-75.30524,5.39084],[-75.30516,5.39113],[-75.30503,5.39178],[-75.30486,5.39214],[-75.30472,5.39227],[-75.30452,5.39232],[-75.30445,5.3923],[-75.30423,5.39215],[-75.30401,5.39201],[-75.30367,5.39192],[-75.30335,5.39194],[-75.30317,5.39202],[-75.30294,5.39223],[-75.30261,5.39272],[-75.30214,5.39327],[-75.30181,5.3935],[-75.30108,5.3939],[-75.30047,5.39407],[-75.30003,5.39416],[-75.29969,5.3943],[-75.29936,5.39449],[-75.29932,5.39453],[-75.29905,5.39476],[-75.29859,5.39525],[-75.29808,5.39586],[-75.29807,5.3959],[-75.29777,5.39623],[-75.29748,5.39649],[-75.29678,5.39705],[-75.29661,5.3972],[-75.29632,5.39754],[-75.29596,5.39808],[-75.29575,5.39849],[-75.2955,5.39879],[-75.2953,5.39903],[-75.29515,5.39915],[-75.29499,5.3992],[-75.29475,5.39918],[-75.29459,5.39908],[-75.29449,5.39888],[-75.29447,5.39871],[-75.29444,5.39865],[-75.29435,5.39846],[-75.29425,5.39845],[-75.29398,5.39847],[-75.29382,5.39857],[-75.29372,5.39872],[-75.29364,5.39904],[-75.29361,5.39919],[-75.29353,5.39941],[-75.29339,5.39961],[-75.29323,5.39971],[-75.29314,5.3998],[-75.29308,5.40007],[-75.29306,5.40029],[-75.293,5.40041],[-75.29285,5.40047],[-75.29269,5.40045],[-75.29256,5.40037],[-75.29243,5.40024],[-75.29229,5.40006],[-75.2921,5.39989],[-75.29205,5.39984],[-75.29177,5.39979],[-75.2916,5.39985],[-75.29144,5.39998],[-75.2914,5.40031],[-75.29139,5.40036],[-75.29136,5.40048],[-75.29127,5.40054],[-75.2912,5.40042],[-75.29116,5.40036],[-75.2911,5.40019],[-75.291,5.40015],[-75.29088,5.40017],[-75.29053,5.40042],[-75.29033,5.40067],[-75.29018,5.40088],[-75.29004,5.40109],[-75.28988,5.40143],[-75.28991,5.4016],[-75.29001,5.40175],[-75.29018,5.40185],[-75.29027,5.40197],[-75.29029,5.40218],[-75.29022,5.40233],[-75.29011,5.40245],[-75.28992,5.40251],[-75.28972,5.40247],[-75.28913,5.40224],[-75.28888,5.40226],[-75.28867,5.40236],[-75.28857,5.40251],[-75.28853,5.40272],[-75.28857,5.40345],[-75.28855,5.40364],[-75.28847,5.40374],[-75.28835,5.40376],[-75.28832,5.40375],[-75.288,5.40376],[-75.28782,5.40382],[-75.28773,5.404],[-75.28774,5.40452],[-75.2877,5.40467],[-75.28758,5.40475],[-75.28758,5.40476],[-75.28741,5.40483],[-75.28736,5.40498],[-75.2874,5.40519],[-75.28755,5.40555],[-75.28755,5.40559],[-75.28762,5.4058],[-75.28765,5.40615],[-75.28756,5.40658],[-75.28757,5.40681],[-75.28762,5.40703],[-75.2877,5.40728],[-75.28773,5.40747],[-75.2876,5.40768],[-75.28757,5.40784],[-75.2876,5.40838],[-75.28755,5.40865],[-75.28745,5.40881],[-75.28732,5.40887],[-75.28715,5.40882],[-75.28698,5.40871],[-75.2866,5.40825],[-75.28646,5.40805],[-75.28628,5.40797],[-75.28616,5.40798],[-75.28602,5.40799],[-75.28587,5.40811],[-75.28577,5.40821],[-75.28554,5.40827],[-75.28526,5.40819],[-75.28508,5.40809],[-75.28488,5.40807],[-75.28475,5.40815],[-75.28471,5.40829],[-75.28475,5.40876],[-75.28463,5.40889],[-75.28425,5.40916],[-75.28401,5.40928],[-75.28359,5.40926],[-75.28334,5.40929],[-75.28301,5.4096],[-75.28298,5.40968],[-75.28296,5.40993],[-75.28306,5.41024],[-75.28308,5.41064],[-75.28297,5.41091],[-75.28271,5.41122],[-75.2824,5.41114],[-75.28234,5.41111],[-75.28211,5.41089],[-75.28173,5.4107],[-75.28145,5.41067],[-75.28132,5.41078],[-75.28116,5.41111],[-75.28111,5.41181]],[[-75.2897,5.40476],[-75.28939,5.40613],[-75.28867,5.40517],[-75.28916,5.40435],[-75.2897,5.40476]]],[[[-75.34476,5.4157],[-75.34438,5.41573],[-75.34432,5.41574],[-75.34384,5.41578],[-75.34384,5.41628],[-75.3441,5.41666],[-75.34427,5.41633],[-75.34443,5.41629],[-75.3453,5.41608],[-75.34481,5.41569],[-75.34476,5.4157]]],[[[-75.28917,5.41368],[-75.28809,5.41423],[-75.28831,5.41505],[-75.28848,5.41512],[-75.28931,5.41563],[-75.28972,5.41627],[-75.29012,5.41695],[-75.2908,5.41748],[-75.2908,5.41639],[-75.29,5.41563],[-75.29115,5.41403],[-75.28972,5.41351],[-75.2896,5.41346],[-75.28917,5.41368]]],[[[-75.30245,5.41962],[-75.30334,5.41973],[-75.30381,5.41889],[-75.30378,5.41887],[-75.30245,5.41962]]],[[[-75.29716,5.42116],[-75.29708,5.42126],[-75.2973,5.42126],[-75.2973,5.421],[-75.29716,5.42116]]],[[[-75.29484,5.42211],[-75.29514,5.42235],[-75.29568,5.42235],[-75.29568,5.42173],[-75.29554,5.42167],[-75.29527,5.42155],[-75.29627,5.4206],[-75.29646,5.42002],[-75.29659,5.41964],[-75.29567,5.41964],[-75.29525,5.41829],[-75.29297,5.4191],[-75.29264,5.41937],[-75.29484,5.42211]]],[[[-75.34975,5.42249],[-75.34981,5.42251],[-75.34981,5.42227],[-75.34975,5.42249]]],[[[-75.33462,5.42282],[-75.33516,5.42335],[-75.33523,5.4237],[-75.33542,5.42357],[-75.33788,5.42318],[-75.33775,5.42281],[-75.33883,5.42268],[-75.33888,5.42296],[-75.33952,5.4228],[-75.33952,5.42226],[-75.3406,5.42226],[-75.34083,5.42181],[-75.34083,5.42145],[-75.34098,5.42153],[-75.34168,5.42117],[-75.34168,5.42063],[-75.34222,5.42063],[-75.34222,5.42008],[-75.34276,5.42008],[-75.34276,5.41954],[-75.34247,5.41896],[-75.34222,5.41928],[-75.34197,5.41933],[-75.3415,5.41941],[-75.34046,5.41969],[-75.34073,5.42037],[-75.341,5.421],[-75.34005,5.42123],[-75.33946,5.42163],[-75.33833,5.42168],[-75.33784,5.42227],[-75.33702,5.42272],[-75.33627,5.42265],[-75.33566,5.42259],[-75.33515,5.42229],[-75.33461,5.42256],[-75.33452,5.42261],[-75.33448,5.42268],[-75.33462,5.42282]]],[[[-75.33461,5.4241],[-75.33468,5.42406],[-75.33472,5.42403],[-75.33468,5.42403],[-75.33453,5.42403],[-75.33461,5.4241]]],[[[-75.30041,5.4206],[-75.29962,5.42349],[-75.30007,5.42455],[-75.30044,5.42457],[-75.3009,5.42459],[-75.30196,5.42459],[-75.3024,5.42169],[-75.30183,5.42066],[-75.30116,5.42028],[-75.30114,5.42027],[-75.30041,5.4206]]],[[[-75.35084,5.42412],[-75.35098,5.42486],[-75.35105,5.42485],[-75.35185,5.42482],[-75.35223,5.4247],[-75.35253,5.4245],[-75.35277,5.42425],[-75.35306,5.42401],[-75.35339,5.42385],[-75.35354,5.42383],[-75.35377,5.42385],[-75.35396,5.42388],[-75.35437,5.42366],[-75.35454,5.42343],[-75.35468,5.42334],[-75.35476,5.4233],[-75.35509,5.42307],[-75.35517,5.42295],[-75.35507,5.4229],[-75.35348,5.42214],[-75.3519,5.42249],[-75.35172,5.42253],[-75.35143,5.42278],[-75.35125,5.42313],[-75.35107,5.4235],[-75.35076,5.42366],[-75.35084,5.42412]]],[[[-75.35061,5.42493],[-75.35069,5.4249],[-75.35087,5.42488],[-75.35078,5.42463],[-75.35061,5.42493]]],[[[-75.3497,5.42603],[-75.34941,5.42616],[-75.34958,5.42613],[-75.34974,5.42603],[-75.34977,5.42595],[-75.3497,5.42603]]],[[[-75.34473,5.42678],[-75.34473,5.42694],[-75.34502,5.42701],[-75.34548,5.42714],[-75.34573,5.42726],[-75.34586,5.42731],[-75.34639,5.4275],[-75.34669,5.42753],[-75.34693,5.42752],[-75.34719,5.4273],[-75.34742,5.4269],[-75.34744,5.42687],[-75.34753,5.42656],[-75.34785,5.42627],[-75.3481,5.42639],[-75.34826,5.42654],[-75.34836,5.42663],[-75.34867,5.42674],[-75.34868,5.42672],[-75.3489,5.42672],[-75.34899,5.42659],[-75.34913,5.42629],[-75.34911,5.4263],[-75.34897,5.4262],[-75.34877,5.42606],[-75.34852,5.42589],[-75.34725,5.42621],[-75.34617,5.42648],[-75.34544,5.42607],[-75.34476,5.42553],[-75.34476,5.42612],[-75.34473,5.42678]]],[[[-75.30549,5.42179],[-75.30493,5.4219],[-75.3054,5.42504],[-75.30506,5.42737],[-75.30561,5.42853],[-75.30656,5.4251],[-75.30573,5.4251],[-75.30555,5.42433],[-75.30573,5.42291],[-75.30599,5.42238],[-75.30621,5.42196],[-75.30697,5.42143],[-75.3078,5.42137],[-75.30845,5.42173],[-75.30898,5.42167],[-75.3088,5.4209],[-75.30815,5.42019],[-75.30768,5.41966],[-75.30685,5.41919],[-75.30659,5.41937],[-75.30626,5.41992],[-75.30608,5.42017],[-75.30608,5.42084],[-75.30579,5.42131],[-75.30549,5.42179]]],[[[-75.32066,5.42852],[-75.32067,5.42851],[-75.32065,5.42847],[-75.32066,5.42852]]],[[[-75.33851,5.42949],[-75.33853,5.42953],[-75.33852,5.4295],[-75.33844,5.42903],[-75.33849,5.42861],[-75.33863,5.42855],[-75.33878,5.42856],[-75.33908,5.4287],[-75.33963,5.42915],[-75.33994,5.42935],[-75.34016,5.42947],[-75.34025,5.42951],[-75.34053,5.42952],[-75.34094,5.42936],[-75.34094,5.42936],[-75.34095,5.42935],[-75.34152,5.42909],[-75.34197,5.42893],[-75.3423,5.42885],[-75.34267,5.42868],[-75.3429,5.42856],[-75.34277,5.42851],[-75.34254,5.42843],[-75.34225,5.42856],[-75.34177,5.42879],[-75.3406,5.42902],[-75.34032,5.42852],[-75.34035,5.42823],[-75.33979,5.42823],[-75.33978,5.42825],[-75.33915,5.42825],[-75.33912,5.42823],[-75.33845,5.42823],[-75.33737,5.42769],[-75.33716,5.42802],[-75.33699,5.42813],[-75.33723,5.42821],[-75.3381,5.42847],[-75.33851,5.42949]]],[[[-75.33741,5.43084],[-75.33747,5.43105],[-75.33785,5.43123],[-75.33801,5.43108],[-75.33826,5.43077],[-75.33828,5.43074],[-75.33733,5.43056],[-75.33741,5.43084]]],[[[-75.33611,5.43395],[-75.33697,5.43377],[-75.33699,5.43377],[-75.33691,5.43307],[-75.33697,5.43258],[-75.33709,5.43224],[-75.33724,5.43192],[-75.33634,5.43181],[-75.33575,5.43173],[-75.33543,5.43255],[-75.33579,5.43265],[-75.33607,5.43273],[-75.33675,5.43309],[-75.3364,5.43356],[-75.33611,5.43395]]],[[[-75.33648,5.43601],[-75.33665,5.43601],[-75.33678,5.43588],[-75.33685,5.43566],[-75.33652,5.43558],[-75.33648,5.43601]]],[[[-75.33186,5.4369],[-75.33186,5.4369],[-75.33208,5.43678],[-75.33242,5.43656],[-75.33276,5.43654],[-75.33221,5.43635],[-75.33186,5.4369]]],[[[-75.33441,5.4368],[-75.33476,5.43686],[-75.33506,5.4369],[-75.3356,5.43679],[-75.33591,5.4365],[-75.33596,5.43636],[-75.33579,5.43644],[-75.33524,5.43669],[-75.33508,5.43676],[-75.33497,5.43671],[-75.33449,5.43644],[-75.33457,5.43567],[-75.33417,5.43567],[-75.33371,5.4354],[-75.3334,5.43576],[-75.33286,5.43586],[-75.33289,5.43654],[-75.33377,5.43668],[-75.33441,5.4368]]],[[[-75.41035,5.43999],[-75.41053,5.43965],[-75.41044,5.43957],[-75.40938,5.43936],[-75.40895,5.4394],[-75.4083,5.43899],[-75.40827,5.43898],[-75.40811,5.4393],[-75.40858,5.43936],[-75.40886,5.43976],[-75.40901,5.4398],[-75.40939,5.43981],[-75.40966,5.43977],[-75.41035,5.43999]]],[[[-75.30907,5.44257],[-75.30979,5.44293],[-75.3098,5.44348],[-75.31034,5.44348],[-75.31088,5.44347],[-75.31196,5.44347],[-75.31196,5.44293],[-75.3125,5.44293],[-75.31358,5.44293],[-75.31412,5.44293],[-75.31412,5.44238],[-75.3152,5.44184],[-75.31502,5.44094],[-75.31466,5.44021],[-75.31358,5.44021],[-75.31249,5.44022],[-75.31059,5.4388],[-75.30939,5.44036],[-75.30817,5.44131],[-75.30817,5.44185],[-75.30871,5.44185],[-75.30907,5.44257]]],[[[-75.41743,5.44419],[-75.41757,5.44424],[-75.41802,5.44432],[-75.41833,5.44435],[-75.41805,5.44379],[-75.41805,5.44368],[-75.41797,5.44365],[-75.41748,5.44324],[-75.41743,5.44419]]],[[[-75.3095,5.44688],[-75.30895,5.44716],[-75.30904,5.44838],[-75.30955,5.4499],[-75.30955,5.4499],[-75.31003,5.4475],[-75.31011,5.44744],[-75.31034,5.44727],[-75.31002,5.44663],[-75.3095,5.44688]]],[[[-75.31175,5.44922],[-75.31143,5.44944],[-75.31144,5.45161],[-75.31199,5.45108],[-75.31319,5.44982],[-75.3138,5.44917],[-75.31555,5.44997],[-75.31665,5.45047],[-75.31675,5.45018],[-75.31668,5.44955],[-75.31679,5.44923],[-75.31708,5.44899],[-75.31719,5.44881],[-75.31723,5.44846],[-75.31689,5.44847],[-75.31668,5.44846],[-75.3164,5.44838],[-75.31638,5.44826],[-75.31635,5.44805],[-75.31649,5.44777],[-75.31699,5.44737],[-75.31739,5.44727],[-75.31798,5.44725],[-75.31826,5.44732],[-75.31861,5.44746],[-75.31863,5.44746],[-75.31912,5.44762],[-75.31923,5.44761],[-75.31928,5.44758],[-75.31964,5.44753],[-75.32009,5.44735],[-75.32048,5.44702],[-75.32052,5.44675],[-75.32045,5.44638],[-75.32032,5.44593],[-75.32016,5.44546],[-75.31994,5.44458],[-75.31992,5.44457],[-75.31979,5.44431],[-75.31977,5.44423],[-75.31988,5.444],[-75.31994,5.44392],[-75.32017,5.44367],[-75.32043,5.44349],[-75.32053,5.4434],[-75.32132,5.44284],[-75.32212,5.44211],[-75.32229,5.44192],[-75.32249,5.44169],[-75.32302,5.44126],[-75.32326,5.44105],[-75.32336,5.44096],[-75.3237,5.44069],[-75.32378,5.4406],[-75.32393,5.44028],[-75.32408,5.43992],[-75.32428,5.43962],[-75.32451,5.43946],[-75.32527,5.43912],[-75.32554,5.43906],[-75.32592,5.43881],[-75.32626,5.4385],[-75.32629,5.43845],[-75.32649,5.438],[-75.32662,5.43752],[-75.32663,5.4375],[-75.32683,5.43714],[-75.3271,5.43713],[-75.32734,5.43735],[-75.32763,5.43763],[-75.3277,5.43766],[-75.32803,5.43756],[-75.32827,5.43733],[-75.32828,5.43732],[-75.32848,5.43709],[-75.32885,5.4368],[-75.32888,5.43678],[-75.32751,5.43648],[-75.32748,5.43626],[-75.32629,5.4365],[-75.3256,5.4373],[-75.32512,5.43798],[-75.32491,5.43714],[-75.32505,5.43697],[-75.32517,5.43682],[-75.32401,5.43661],[-75.32327,5.43608],[-75.32306,5.43428],[-75.32391,5.43333],[-75.32422,5.43359],[-75.32454,5.43386],[-75.32488,5.43405],[-75.32539,5.43433],[-75.32634,5.4346],[-75.3272,5.43378],[-75.32684,5.43067],[-75.32611,5.42903],[-75.32586,5.42935],[-75.32528,5.42994],[-75.32602,5.43078],[-75.3265,5.43216],[-75.32565,5.43253],[-75.32485,5.43174],[-75.3244,5.4319],[-75.32395,5.43205],[-75.32327,5.43163],[-75.32326,5.43163],[-75.32276,5.43151],[-75.32271,5.43153],[-75.32036,5.43248],[-75.32031,5.43301],[-75.32006,5.43295],[-75.32006,5.43586],[-75.3179,5.43587],[-75.3179,5.43532],[-75.31736,5.43532],[-75.31519,5.43533],[-75.31519,5.43277],[-75.31448,5.43258],[-75.31422,5.43152],[-75.3141,5.43105],[-75.3149,5.43015],[-75.31528,5.42968],[-75.31464,5.42936],[-75.31464,5.42892],[-75.31426,5.42909],[-75.31294,5.42893],[-75.31268,5.42956],[-75.31342,5.43028],[-75.31363,5.43047],[-75.31328,5.43089],[-75.31315,5.43105],[-75.31183,5.43057],[-75.31088,5.4302],[-75.31076,5.43045],[-75.31071,5.43057],[-75.31004,5.43012],[-75.31081,5.42894],[-75.31097,5.42829],[-75.31031,5.42829],[-75.3103,5.42774],[-75.30958,5.4263],[-75.30922,5.42612],[-75.30814,5.42829],[-75.30871,5.43275],[-75.30923,5.43317],[-75.31032,5.43317],[-75.31032,5.43371],[-75.31086,5.43371],[-75.31122,5.43443],[-75.3114,5.43534],[-75.31303,5.4375],[-75.31357,5.4375],[-75.31357,5.43804],[-75.31411,5.43804],[-75.31412,5.43859],[-75.31502,5.43877],[-75.31574,5.43912],[-75.31646,5.43949],[-75.31701,5.44057],[-75.31808,5.44093],[-75.31845,5.4402],[-75.31845,5.43966],[-75.31791,5.43966],[-75.31791,5.43912],[-75.31899,5.43912],[-75.31971,5.43948],[-75.32007,5.4402],[-75.32043,5.44038],[-75.3208,5.44146],[-75.31864,5.44256],[-75.31846,5.44346],[-75.31846,5.444],[-75.31792,5.444],[-75.31773,5.44436],[-75.31629,5.44509],[-75.31521,5.44509],[-75.31467,5.44509],[-75.31467,5.44455],[-75.31413,5.44455],[-75.31359,5.44455],[-75.31359,5.44564],[-75.31305,5.44564],[-75.31282,5.44766],[-75.31192,5.44897],[-75.31175,5.44922]]],[[[-75.31482,5.45262],[-75.31416,5.45296],[-75.31445,5.45318],[-75.31483,5.45346],[-75.31454,5.45449],[-75.31403,5.45512],[-75.3138,5.4554],[-75.3142,5.45591],[-75.3142,5.45592],[-75.31489,5.45597],[-75.315,5.45534],[-75.31506,5.45483],[-75.31527,5.45477],[-75.31533,5.45385],[-75.31495,5.45256],[-75.31482,5.45262]]],[[[-75.31506,5.45911],[-75.31485,5.45921],[-75.31471,5.45928],[-75.31414,5.45946],[-75.314,5.45985],[-75.31404,5.45988],[-75.3143,5.46025],[-75.31443,5.46025],[-75.3145,5.46039],[-75.31466,5.46069],[-75.31474,5.46077],[-75.31495,5.46097],[-75.31516,5.46084],[-75.31532,5.46048],[-75.31533,5.46045],[-75.31545,5.45988],[-75.31566,5.45936],[-75.31595,5.45897],[-75.31614,5.45893],[-75.31631,5.45899],[-75.31624,5.45857],[-75.31605,5.45788],[-75.31594,5.4574],[-75.31591,5.45751],[-75.3158,5.45826],[-75.31506,5.45911]]],[[[-75.31198,5.45541],[-75.31127,5.45577],[-75.31028,5.45773],[-75.31037,5.45808],[-75.3106,5.45902],[-75.31028,5.45985],[-75.30987,5.46017],[-75.30982,5.46023],[-75.30998,5.46023],[-75.31005,5.46025],[-75.31049,5.46044],[-75.311,5.46087],[-75.311,5.46088],[-75.31153,5.46109],[-75.31217,5.46106],[-75.31267,5.46091],[-75.31273,5.46086],[-75.31301,5.46056],[-75.31301,5.46049],[-75.31314,5.46001],[-75.31318,5.45997],[-75.31323,5.45923],[-75.31386,5.45871],[-75.31449,5.45848],[-75.31461,5.45824],[-75.31477,5.45791],[-75.31453,5.45769],[-75.31392,5.45711],[-75.3134,5.45597],[-75.31346,5.455],[-75.3134,5.45426],[-75.31317,5.45411],[-75.31306,5.45432],[-75.31144,5.45432],[-75.31144,5.45486],[-75.31198,5.45486],[-75.31198,5.45541]]]]},"properties":{"FID":0,"OBJECTID":1,"NOMBRE":"Reserva Forestal Central ley 2da Tipo A","COMPOSICIO":" ","AREA_PBOT":1841.45522755,"SECTOR":"RURAL","FUENTE":"EPP NORTE - CORPOCALDAS","TIPO":"LEY 2 DE 1959","SHAPE_Leng":143039.962595,"SHAPE_Area":18414552.2755}},{"type":"Feature","id":1,"geometry":{"type":"MultiPolygon","coordinates":[[[[-75.38554,5.2598],[-75.38569,5.26009],[-75.38576,5.26021],[-75.38571,5.25979],[-75.38554,5.25975],[-75.38554,5.2598]]],[[[-75.47684,5.32295],[-75.47745,5.32321],[-75.47737,5.32315],[-75.47712,5.32301],[-75.47687,5.32295],[-75.47684,5.32295]]],[[[-75.28867,5.40517],[-75.28939,5.40613],[-75.2897,5.40476],[-75.28916,5.40435],[-75.28867,5.40517]]],[[[-75.31928,5.44758],[-75.31923,5.44761],[-75.31953,5.44758],[-75.31964,5.44753],[-75.31928,5.44758]]],[[[-75.30889,5.46037],[-75.30909,5.46038],[-75.30952,5.46022],[-75.30982,5.46023],[-75.30987,5.46017],[-75.31028,5.45985],[-75.3106,5.45902],[-75.31037,5.45808],[-75.31028,5.45773],[-75.31127,5.45577],[-75.31198,5.45541],[-75.31198,5.45486],[-75.31144,5.45486],[-75.31144,5.45432],[-75.31306,5.45432],[-75.31317,5.45411],[-75.3134,5.45426],[-75.31346,5.455],[-75.3134,5.45597],[-75.31392,5.45711],[-75.31453,5.45769],[-75.31477,5.45791],[-75.31461,5.45824],[-75.31449,5.45848],[-75.31386,5.45871],[-75.31323,5.45923],[-75.31318,5.45997],[-75.31344,5.45969],[-75.31382,5.4597],[-75.314,5.45985],[-75.31414,5.45946],[-75.31471,5.45928],[-75.31485,5.45921],[-75.31506,5.45911],[-75.3158,5.45826],[-75.31591,5.45751],[-75.31594,5.4574],[-75.31591,5.45728],[-75.31574,5.4568],[-75.31558,5.45657],[-75.31539,5.45633],[-75.31508,5.45613],[-75.31517,5.45545],[-75.31526,5.45504],[-75.31527,5.45477],[-75.31506,5.45483],[-75.315,5.45534],[-75.31489,5.45597],[-75.3142,5.45592],[-75.3142,5.45591],[-75.3138,5.4554],[-75.31403,5.45512],[-75.31454,5.45449],[-75.31483,5.45346],[-75.31445,5.45318],[-75.31416,5.45296],[-75.31482,5.45262],[-75.31495,5.45256],[-75.31533,5.45385],[-75.31537,5.45322],[-75.31545,5.45278],[-75.31566,5.45222],[-75.31588,5.45176],[-75.31631,5.45112],[-75.31662,5.45056],[-75.31665,5.45047],[-75.31555,5.44997],[-75.3138,5.44917],[-75.31319,5.44982],[-75.31199,5.45108],[-75.31144,5.45161],[-75.31143,5.44944],[-75.31175,5.44922],[-75.31192,5.44897],[-75.31282,5.44766],[-75.31305,5.44564],[-75.31359,5.44564],[-75.31359,5.44455],[-75.31413,5.44455],[-75.31467,5.44455],[-75.31467,5.44509],[-75.31521,5.44509],[-75.31629,5.44509],[-75.31773,5.44436],[-75.31792,5.444],[-75.31846,5.444],[-75.31846,5.44346],[-75.31864,5.44256],[-75.3208,5.44146],[-75.32043,5.44038],[-75.32007,5.4402],[-75.31971,5.43948],[-75.31899,5.43912],[-75.31791,5.43912],[-75.31791,5.43966],[-75.31845,5.43966],[-75.31845,5.4402],[-75.31808,5.44093],[-75.31701,5.44057],[-75.31646,5.43949],[-75.31574,5.43912],[-75.31502,5.43877],[-75.31412,5.43859],[-75.31411,5.43804],[-75.31357,5.43804],[-75.31357,5.4375],[-75.31303,5.4375],[-75.3114,5.43534],[-75.31122,5.43443],[-75.31086,5.43371],[-75.31032,5.43371],[-75.31032,5.43317],[-75.30923,5.43317],[-75.30871,5.43275],[-75.30814,5.42829],[-75.30922,5.42612],[-75.30958,5.4263],[-75.3103,5.42774],[-75.31031,5.42829],[-75.31097,5.42829],[-75.31081,5.42894],[-75.31004,5.43012],[-75.31071,5.43057],[-75.31076,5.43045],[-75.31088,5.4302],[-75.31183,5.43057],[-75.31315,5.43105],[-75.31328,5.43089],[-75.31363,5.43047],[-75.31342,5.43028],[-75.31268,5.42956],[-75.31294,5.42893],[-75.31426,5.42909],[-75.31464,5.42892],[-75.31464,5.42936],[-75.31528,5.42968],[-75.3149,5.43015],[-75.3141,5.43105],[-75.31422,5.43152],[-75.31448,5.43258],[-75.31519,5.43277],[-75.31519,5.43533],[-75.31736,5.43532],[-75.3179,5.43532],[-75.3179,5.43587],[-75.32006,5.43586],[-75.32006,5.43295],[-75.32031,5.43301],[-75.32036,5.43248],[-75.32271,5.43153],[-75.32276,5.43151],[-75.32326,5.43163],[-75.32327,5.43163],[-75.32395,5.43205],[-75.3244,5.4319],[-75.32485,5.43174],[-75.32565,5.43253],[-75.3265,5.43216],[-75.32602,5.43078],[-75.32528,5.42994],[-75.32586,5.42935],[-75.32611,5.42903],[-75.32684,5.43067],[-75.3272,5.43378],[-75.32634,5.4346],[-75.32539,5.43433],[-75.32488,5.43405],[-75.32454,5.43386],[-75.32422,5.43359],[-75.32391,5.43333],[-75.32306,5.43428],[-75.32327,5.43608],[-75.32401,5.43661],[-75.32517,5.43682],[-75.32505,5.43697],[-75.32491,5.43714],[-75.32512,5.43798],[-75.3256,5.4373],[-75.32629,5.4365],[-75.32748,5.43626],[-75.32751,5.43648],[-75.32888,5.43678],[-75.32954,5.43647],[-75.32986,5.43645],[-75.33037,5.43656],[-75.33088,5.43674],[-75.33094,5.43678],[-75.33137,5.43695],[-75.33184,5.43692],[-75.33186,5.4369],[-75.33186,5.4369],[-75.33221,5.43635],[-75.33276,5.43654],[-75.33285,5.43653],[-75.33289,5.43654],[-75.33286,5.43586],[-75.3334,5.43576],[-75.33371,5.4354],[-75.33417,5.43567],[-75.33457,5.43567],[-75.33449,5.43644],[-75.33497,5.43671],[-75.33508,5.43676],[-75.33524,5.43669],[-75.33579,5.43644],[-75.33596,5.43636],[-75.336,5.43623],[-75.336,5.43618],[-75.33613,5.4359],[-75.33641,5.43601],[-75.33648,5.43601],[-75.33652,5.43558],[-75.33685,5.43566],[-75.33685,5.43565],[-75.33687,5.43489],[-75.33694,5.43447],[-75.33702,5.43417],[-75.337,5.43388],[-75.33699,5.43377],[-75.33697,5.43377],[-75.33611,5.43395],[-75.3364,5.43356],[-75.33675,5.43309],[-75.33607,5.43273],[-75.33579,5.43265],[-75.33543,5.43255],[-75.33575,5.43173],[-75.33634,5.43181],[-75.33724,5.43192],[-75.33727,5.43186],[-75.33757,5.43142],[-75.33778,5.43129],[-75.33785,5.43123],[-75.33747,5.43105],[-75.33741,5.43084],[-75.33733,5.43056],[-75.33828,5.43074],[-75.33843,5.43046],[-75.33849,5.43025],[-75.33854,5.4296],[-75.33853,5.42953],[-75.33851,5.42949],[-75.3381,5.42847],[-75.33723,5.42821],[-75.33699,5.42813],[-75.33716,5.42802],[-75.33737,5.42769],[-75.33845,5.42823],[-75.33912,5.42823],[-75.33915,5.42825],[-75.33978,5.42825],[-75.33979,5.42823],[-75.34035,5.42823],[-75.34032,5.42852],[-75.3406,5.42902],[-75.34177,5.42879],[-75.34225,5.42856],[-75.34254,5.42843],[-75.34277,5.42851],[-75.3429,5.42856],[-75.34298,5.42852],[-75.34319,5.42841],[-75.34356,5.42813],[-75.34359,5.42808],[-75.34383,5.42776],[-75.3442,5.42716],[-75.34456,5.4269],[-75.34473,5.42694],[-75.34473,5.42678],[-75.34476,5.42612],[-75.34476,5.42553],[-75.34544,5.42607],[-75.34617,5.42648],[-75.34725,5.42621],[-75.34852,5.42589],[-75.34877,5.42606],[-75.34897,5.4262],[-75.34911,5.4263],[-75.34913,5.42629],[-75.34916,5.42624],[-75.34931,5.42618],[-75.34941,5.42616],[-75.3497,5.42603],[-75.34977,5.42595],[-75.34992,5.42554],[-75.35022,5.42519],[-75.35044,5.42499],[-75.35061,5.42493],[-75.35078,5.42463],[-75.35087,5.42488],[-75.35098,5.42486],[-75.35084,5.42412],[-75.35076,5.42366],[-75.35107,5.4235],[-75.35125,5.42313],[-75.35143,5.42278],[-75.35172,5.42253],[-75.3519,5.42249],[-75.35348,5.42214],[-75.35507,5.4229],[-75.35517,5.42295],[-75.35557,5.42237],[-75.35585,5.42214],[-75.3561,5.42216],[-75.35614,5.42231],[-75.35611,5.42288],[-75.35629,5.42295],[-75.3566,5.42293],[-75.35673,5.42303],[-75.35688,5.4233],[-75.35689,5.42332],[-75.35689,5.42335],[-75.35704,5.42351],[-75.35704,5.42354],[-75.35725,5.42351],[-75.35742,5.42326],[-75.35742,5.42325],[-75.3574,5.42275],[-75.35753,5.42267],[-75.35818,5.42259],[-75.35873,5.42259],[-75.35918,5.42282],[-75.35932,5.42295],[-75.35954,5.42315],[-75.35972,5.42327],[-75.35995,5.42284],[-75.3601,5.42272],[-75.36021,5.42262],[-75.36044,5.42257],[-75.36051,5.42257],[-75.36106,5.42258],[-75.36123,5.42243],[-75.36133,5.42219],[-75.36134,5.42216],[-75.36163,5.4218],[-75.36191,5.42159],[-75.36232,5.42135],[-75.36281,5.42114],[-75.36338,5.42094],[-75.36393,5.42083],[-75.36467,5.42071],[-75.36518,5.4207],[-75.36586,5.42078],[-75.36679,5.42076],[-75.36715,5.42073],[-75.36746,5.42076],[-75.36772,5.42084],[-75.36838,5.42093],[-75.36913,5.42092],[-75.36959,5.42098],[-75.37129,5.42132],[-75.3716,5.42145],[-75.37172,5.42159],[-75.37191,5.42201],[-75.37214,5.42235],[-75.37251,5.42246],[-75.37272,5.42255],[-75.37298,5.42291],[-75.37318,5.42319],[-75.37352,5.42344],[-75.37376,5.42355],[-75.37417,5.42397],[-75.37446,5.42421],[-75.37482,5.42444],[-75.37522,5.4246],[-75.3756,5.42459],[-75.37585,5.42464],[-75.37598,5.4249],[-75.37598,5.4251],[-75.37617,5.4253],[-75.37641,5.42537],[-75.37663,5.42551],[-75.37681,5.42578],[-75.37714,5.42653],[-75.37743,5.42695],[-75.37769,5.42723],[-75.37799,5.4276],[-75.37805,5.42781],[-75.37817,5.42844],[-75.37838,5.42888],[-75.37873,5.42914],[-75.3789,5.42924],[-75.37912,5.42962],[-75.37913,5.42968],[-75.37924,5.42991],[-75.37925,5.42994],[-75.37976,5.43052],[-75.37977,5.43055],[-75.38001,5.43042],[-75.38022,5.43029],[-75.38049,5.42981],[-75.38067,5.42925],[-75.38078,5.42874],[-75.38084,5.42822],[-75.38079,5.42743],[-75.38082,5.42675],[-75.38086,5.42634],[-75.38079,5.42562],[-75.38071,5.42508],[-75.38071,5.42432],[-75.38091,5.42397],[-75.38124,5.4236],[-75.38135,5.42317],[-75.38138,5.42276],[-75.38138,5.42238],[-75.38134,5.42153],[-75.38136,5.42101],[-75.38146,5.42061],[-75.38148,5.42051],[-75.38159,5.42028],[-75.38167,5.42005],[-75.38178,5.41976],[-75.38204,5.41972],[-75.38244,5.41991],[-75.38278,5.42008],[-75.38325,5.42042],[-75.38354,5.42079],[-75.38373,5.42107],[-75.38389,5.42143],[-75.38402,5.42178],[-75.38425,5.42217],[-75.38449,5.42249],[-75.3848,5.42281],[-75.3851,5.42307],[-75.3857,5.42354],[-75.38609,5.42375],[-75.38665,5.4239],[-75.38778,5.42402],[-75.38822,5.42413],[-75.38846,5.42427],[-75.38887,5.42456],[-75.38915,5.42481],[-75.38975,5.42513],[-75.38993,5.42528],[-75.39009,5.4254],[-75.39081,5.42614],[-75.39093,5.42623],[-75.39124,5.42648],[-75.39162,5.42675],[-75.39209,5.42702],[-75.39244,5.42717],[-75.39276,5.42737],[-75.39307,5.42768],[-75.39318,5.42781],[-75.39334,5.42808],[-75.3936,5.42845],[-75.39367,5.42852],[-75.39391,5.42863],[-75.39412,5.42862],[-75.3942,5.42863],[-75.39448,5.42876],[-75.39475,5.429],[-75.39487,5.42914],[-75.39512,5.42943],[-75.39536,5.42968],[-75.39584,5.4298],[-75.39594,5.4298],[-75.39612,5.42977],[-75.39623,5.42975],[-75.39639,5.42978],[-75.39672,5.42999],[-75.39698,5.4303],[-75.39704,5.4304],[-75.39715,5.4309],[-75.39714,5.43137],[-75.39717,5.43214],[-75.39728,5.43248],[-75.39745,5.43284],[-75.39769,5.43327],[-75.39783,5.43345],[-75.39837,5.43406],[-75.39854,5.43435],[-75.39857,5.43439],[-75.39874,5.4348],[-75.39887,5.4354],[-75.39891,5.43571],[-75.39895,5.43595],[-75.39921,5.43681],[-75.39921,5.4369],[-75.39923,5.43719],[-75.39919,5.43745],[-75.39941,5.43765],[-75.39949,5.43765],[-75.39969,5.43761],[-75.39991,5.43741],[-75.40013,5.43715],[-75.40018,5.43706],[-75.40035,5.43686],[-75.40048,5.43672],[-75.40059,5.43665],[-75.40104,5.43658],[-75.4014,5.43656],[-75.40171,5.43657],[-75.40197,5.43663],[-75.40241,5.43683],[-75.40263,5.43698],[-75.40284,5.43706],[-75.40324,5.43711],[-75.40365,5.43741],[-75.40381,5.43758],[-75.40411,5.43775],[-75.40487,5.4379],[-75.40528,5.43802],[-75.4058,5.43824],[-75.40619,5.43852],[-75.40622,5.43856],[-75.40656,5.43881],[-75.40679,5.43891],[-75.40716,5.43897],[-75.40746,5.43911],[-75.40771,5.43928],[-75.4078,5.4393],[-75.40802,5.4393],[-75.40835,5.4395],[-75.40836,5.43951],[-75.40862,5.43968],[-75.40886,5.43976],[-75.40858,5.43936],[-75.40811,5.4393],[-75.40827,5.43898],[-75.4083,5.43899],[-75.40895,5.4394],[-75.40938,5.43936],[-75.41044,5.43957],[-75.41053,5.43965],[-75.41035,5.43999],[-75.41055,5.44005],[-75.41074,5.44002],[-75.41083,5.43999],[-75.41104,5.43985],[-75.41114,5.43967],[-75.41123,5.4396],[-75.41135,5.43965],[-75.41139,5.43969],[-75.41152,5.43986],[-75.41164,5.44017],[-75.41163,5.44046],[-75.41154,5.44068],[-75.41154,5.44105],[-75.41155,5.44111],[-75.41158,5.44119],[-75.41161,5.44122],[-75.41189,5.44127],[-75.41192,5.44127],[-75.41242,5.44117],[-75.41288,5.44113],[-75.41323,5.44117],[-75.4134,5.44128],[-75.41343,5.44132],[-75.41352,5.44152],[-75.41351,5.44178],[-75.41354,5.44203],[-75.41358,5.44215],[-75.41377,5.44266],[-75.41395,5.44302],[-75.414,5.44309],[-75.41424,5.44344],[-75.41447,5.44367],[-75.41479,5.44396],[-75.4151,5.44427],[-75.41518,5.44436],[-75.41539,5.44443],[-75.41562,5.44439],[-75.41586,5.44428],[-75.41595,5.44421],[-75.41617,5.44403],[-75.4163,5.44386],[-75.41638,5.44382],[-75.41653,5.44376],[-75.41672,5.44379],[-75.41687,5.44386],[-75.41728,5.44414],[-75.41743,5.44419],[-75.41748,5.44324],[-75.41797,5.44365],[-75.41805,5.44368],[-75.41805,5.44379],[-75.41833,5.44435],[-75.41857,5.44436],[-75.41976,5.44439],[-75.41978,5.44431],[-75.41957,5.44391],[-75.41904,5.4429],[-75.41757,5.44148],[-75.4175,5.44141],[-75.41535,5.44085],[-75.41479,5.4408],[-75.41426,5.44038],[-75.41367,5.43991],[-75.41334,5.43814],[-75.41345,5.43753],[-75.41371,5.43603],[-75.41418,5.4344],[-75.41423,5.43404],[-75.41446,5.43248],[-75.4146,5.4315],[-75.41483,5.42986],[-75.41516,5.42841],[-75.41497,5.4272],[-75.41474,5.42617],[-75.41422,5.42505],[-75.41385,5.42397],[-75.41362,5.42266],[-75.41292,5.42143],[-75.41273,5.42108],[-75.41245,5.41991],[-75.41245,5.41991],[-75.41189,5.41832],[-75.41167,5.41814],[-75.41064,5.4173],[-75.41039,5.4171],[-75.40929,5.41623],[-75.40727,5.41463],[-75.40651,5.41365],[-75.40643,5.41355],[-75.40601,5.41164],[-75.40594,5.41139],[-75.40563,5.4103],[-75.40548,5.40977],[-75.40473,5.40844],[-75.40397,5.40684],[-75.40299,5.40545],[-75.40191,5.40482],[-75.40087,5.40478],[-75.39801,5.40624],[-75.39631,5.4058],[-75.39562,5.40563],[-75.39472,5.40463],[-75.39436,5.40422],[-75.39415,5.40079],[-75.39401,5.39798],[-75.39359,5.39497],[-75.39443,5.39251],[-75.39555,5.39062],[-75.39625,5.38887],[-75.39674,5.38767],[-75.39869,5.38487],[-75.40093,5.38192],[-75.40289,5.37996],[-75.4038,5.37638],[-75.40499,5.37428],[-75.40638,5.37238],[-75.41023,5.37028],[-75.41142,5.36986],[-75.41191,5.36902],[-75.41212,5.36698],[-75.41238,5.36424],[-75.4124,5.36404],[-75.41243,5.36371],[-75.41261,5.36172],[-75.41261,5.36094],[-75.41261,5.35955],[-75.41281,5.35745],[-75.41288,5.35667],[-75.41332,5.35634],[-75.41484,5.3552],[-75.41515,5.35477],[-75.41549,5.35429],[-75.41569,5.35401],[-75.41587,5.35375],[-75.41589,5.35373],[-75.41589,5.3525],[-75.41589,5.35246],[-75.41505,5.34952],[-75.41482,5.34644],[-75.41477,5.34573],[-75.4149,5.34481],[-75.41493,5.34456],[-75.41512,5.34321],[-75.41533,5.34227],[-75.41547,5.34167],[-75.41603,5.34023],[-75.41623,5.3397],[-75.41788,5.33857],[-75.4186,5.33807],[-75.41868,5.33802],[-75.41943,5.33746],[-75.42008,5.33697],[-75.42055,5.3365],[-75.42155,5.33549],[-75.42344,5.335],[-75.42485,5.33488],[-75.42512,5.33486],[-75.42607,5.33547],[-75.42687,5.33598],[-75.42879,5.33678],[-75.43023,5.33738],[-75.43156,5.33818],[-75.43163,5.33822],[-75.43212,5.33822],[-75.43257,5.33821],[-75.43315,5.3382],[-75.43698,5.33668],[-75.44026,5.33565],[-75.4425,5.33445],[-75.44284,5.33409],[-75.44373,5.33317],[-75.4443,5.33228],[-75.44459,5.33184],[-75.44478,5.33155],[-75.44575,5.33043],[-75.44792,5.32938],[-75.4496,5.33036],[-75.45016,5.33281],[-75.45093,5.33548],[-75.45248,5.3398],[-75.4552,5.34044],[-75.45728,5.34078],[-75.45816,5.34092],[-75.45871,5.341],[-75.46071,5.34036],[-75.46199,5.33965],[-75.46415,5.33885],[-75.46575,5.33829],[-75.46676,5.3384],[-75.46676,5.3384],[-75.46676,5.3384],[-75.46759,5.3385],[-75.46789,5.33854],[-75.46959,5.33843],[-75.47,5.33841],[-75.47207,5.33828],[-75.4747,5.33717],[-75.47549,5.3363],[-75.47488,5.33626],[-75.47293,5.33627],[-75.4727,5.33587],[-75.47316,5.33482],[-75.47332,5.33446],[-75.47338,5.3343],[-75.47338,5.33384],[-75.47332,5.33364],[-75.4732,5.33325],[-75.47354,5.33227],[-75.47409,5.33192],[-75.47439,5.33216],[-75.47512,5.33307],[-75.47554,5.33359],[-75.47596,5.33412],[-75.47647,5.33418],[-75.47651,5.33447],[-75.47672,5.33494],[-75.47701,5.33462],[-75.47901,5.33262],[-75.48005,5.33182],[-75.48038,5.33149],[-75.48101,5.33083],[-75.48139,5.33013],[-75.4815,5.32992],[-75.48133,5.3287],[-75.48109,5.32631],[-75.48123,5.32605],[-75.48096,5.32598],[-75.48073,5.32585],[-75.48051,5.32572],[-75.47992,5.32543],[-75.47942,5.32515],[-75.47906,5.32483],[-75.47879,5.32446],[-75.47862,5.32426],[-75.47816,5.3238],[-75.47806,5.32371],[-75.47818,5.32432],[-75.47885,5.32654],[-75.47836,5.32636],[-75.4773,5.32563],[-75.47642,5.32457],[-75.47633,5.32305],[-75.47594,5.32315],[-75.47542,5.32323],[-75.47499,5.3232],[-75.47462,5.32304],[-75.4741,5.32269],[-75.47388,5.32268],[-75.47364,5.32273],[-75.47282,5.32272],[-75.47236,5.32253],[-75.47206,5.32225],[-75.47189,5.32201],[-75.47154,5.32167],[-75.47137,5.32153],[-75.47108,5.32144],[-75.47085,5.32141],[-75.47026,5.32126],[-75.47002,5.32124],[-75.46967,5.32125],[-75.46928,5.32128],[-75.46856,5.32143],[-75.46826,5.32155],[-75.46798,5.32164],[-75.46773,5.32167],[-75.4675,5.32163],[-75.46742,5.32138],[-75.46739,5.32116],[-75.46741,5.32083],[-75.46735,5.32042],[-75.46734,5.31991],[-75.4674,5.31964],[-75.46767,5.31896],[-75.46782,5.31864],[-75.46807,5.31818],[-75.4681,5.31789],[-75.46817,5.31772],[-75.46826,5.31758],[-75.46842,5.3173],[-75.46856,5.31693],[-75.46876,5.31666],[-75.46889,5.31631],[-75.46888,5.31602],[-75.46884,5.31566],[-75.46868,5.31556],[-75.46835,5.3154],[-75.46812,5.31527],[-75.46785,5.31483],[-75.46763,5.31442],[-75.46721,5.31408],[-75.46656,5.3136],[-75.46634,5.3135],[-75.46571,5.31341],[-75.46543,5.31327],[-75.46518,5.31303],[-75.46497,5.3127],[-75.46474,5.3122],[-75.46445,5.31178],[-75.4637,5.31129],[-75.46369,5.31129],[-75.46346,5.3111],[-75.46311,5.31053],[-75.46301,5.31014],[-75.46301,5.31013],[-75.46286,5.30981],[-75.46265,5.3095],[-75.46232,5.30907],[-75.46204,5.30871],[-75.46178,5.30832],[-75.46167,5.30779],[-75.46165,5.3074],[-75.46167,5.30715],[-75.46168,5.30704],[-75.46182,5.30633],[-75.46183,5.30625],[-75.46188,5.30594],[-75.4619,5.30572],[-75.46183,5.30539],[-75.46169,5.30522],[-75.4614,5.30513],[-75.46064,5.30465],[-75.46057,5.30461],[-75.46056,5.30458],[-75.46051,5.30452],[-75.46019,5.30421],[-75.46016,5.30417],[-75.45967,5.30381],[-75.45937,5.30364],[-75.45904,5.30353],[-75.45864,5.30316],[-75.45843,5.30306],[-75.45813,5.30302],[-75.45793,5.303],[-75.45759,5.30275],[-75.45754,5.30266],[-75.4571,5.30213],[-75.45706,5.30199],[-75.45703,5.3019],[-75.45696,5.3016],[-75.4567,5.30134],[-75.45661,5.30118],[-75.45649,5.30098],[-75.45639,5.30087],[-75.45615,5.30024],[-75.45607,5.29996],[-75.45603,5.29985],[-75.45568,5.29905],[-75.45567,5.29904],[-75.45531,5.29847],[-75.45503,5.29806],[-75.45481,5.29779],[-75.45447,5.29728],[-75.45421,5.29676],[-75.45414,5.29643],[-75.45425,5.29611],[-75.45429,5.29602],[-75.45447,5.29562],[-75.45457,5.2949],[-75.45457,5.2944],[-75.45451,5.29394],[-75.45436,5.29358],[-75.45414,5.29343],[-75.45379,5.2933],[-75.45374,5.29328],[-75.45348,5.29312],[-75.45327,5.29281],[-75.45287,5.29205],[-75.45286,5.29188],[-75.45286,5.29169],[-75.45274,5.2912],[-75.45256,5.29082],[-75.45229,5.29061],[-75.45178,5.29042],[-75.45123,5.29045],[-75.4506,5.2906],[-75.45054,5.29064],[-75.45015,5.29079],[-75.4494,5.29062],[-75.44896,5.29065],[-75.44869,5.29075],[-75.44844,5.29077],[-75.44819,5.29078],[-75.44785,5.2907],[-75.44767,5.29063],[-75.44743,5.29052],[-75.44675,5.2902],[-75.44608,5.28995],[-75.44534,5.28971],[-75.44484,5.28959],[-75.4443,5.28954],[-75.44404,5.28951],[-75.44382,5.28951],[-75.4434,5.28947],[-75.44308,5.28935],[-75.44275,5.28908],[-75.44252,5.28873],[-75.4423,5.28851],[-75.44207,5.28829],[-75.44179,5.28794],[-75.44179,5.28791],[-75.44166,5.28772],[-75.44133,5.28734],[-75.44092,5.28709],[-75.44049,5.28694],[-75.43997,5.28678],[-75.43956,5.28673],[-75.43916,5.28672],[-75.43913,5.28672],[-75.43802,5.28657],[-75.4376,5.28626],[-75.43727,5.28592],[-75.43717,5.28582],[-75.43637,5.28517],[-75.43629,5.28512],[-75.43576,5.28498],[-75.43546,5.28506],[-75.43474,5.28532],[-75.4345,5.28546],[-75.43401,5.28575],[-75.4338,5.28584],[-75.43357,5.28595],[-75.43319,5.28616],[-75.4328,5.28631],[-75.43232,5.28637],[-75.43203,5.28637],[-75.43166,5.28623],[-75.43128,5.2861],[-75.43101,5.2861],[-75.43054,5.28634],[-75.43033,5.28619],[-75.43,5.28613],[-75.42927,5.28555],[-75.42895,5.28538],[-75.42832,5.28531],[-75.42816,5.28526],[-75.42776,5.28498],[-75.42718,5.28476],[-75.42669,5.28476],[-75.42622,5.28491],[-75.42545,5.28489],[-75.42496,5.28473],[-75.42466,5.28472],[-75.42419,5.2849],[-75.424,5.285],[-75.42348,5.28518],[-75.42316,5.28526],[-75.42279,5.28535],[-75.42261,5.28538],[-75.42202,5.28528],[-75.42172,5.28505],[-75.42167,5.28499],[-75.42143,5.28451],[-75.42111,5.28394],[-75.42076,5.28372],[-75.42009,5.28346],[-75.41945,5.28333],[-75.41872,5.28342],[-75.41816,5.28367],[-75.41776,5.28384],[-75.4176,5.28385],[-75.41705,5.28364],[-75.41638,5.28356],[-75.41633,5.28356],[-75.41624,5.28364],[-75.41592,5.28389],[-75.41546,5.28455],[-75.4153,5.28498],[-75.41492,5.28634],[-75.41459,5.28716],[-75.41454,5.28727],[-75.41424,5.28784],[-75.41371,5.28835],[-75.41323,5.28868],[-75.4131,5.28875],[-75.41262,5.28891],[-75.41249,5.28892],[-75.41191,5.28905],[-75.41144,5.28921],[-75.41136,5.28924],[-75.41119,5.28945],[-75.41112,5.28961],[-75.41103,5.28984],[-75.41098,5.29016],[-75.4108,5.29036],[-75.41055,5.29107],[-75.41024,5.29149],[-75.40995,5.29162],[-75.40952,5.29162],[-75.40888,5.29166],[-75.40836,5.29185],[-75.40806,5.2921],[-75.40786,5.29241],[-75.40758,5.2932],[-75.40738,5.29348],[-75.40712,5.29348],[-75.40705,5.29343],[-75.40694,5.29306],[-75.40692,5.29255],[-75.40695,5.29208],[-75.40698,5.29103],[-75.40686,5.29056],[-75.40662,5.29],[-75.40641,5.28934],[-75.40629,5.28873],[-75.40623,5.28816],[-75.40614,5.28748],[-75.40603,5.28691],[-75.40597,5.28643],[-75.40586,5.28584],[-75.40553,5.28504],[-75.40522,5.28438],[-75.40496,5.28388],[-75.40472,5.2831],[-75.40453,5.28239],[-75.40451,5.28232],[-75.40436,5.2818],[-75.40419,5.28123],[-75.40412,5.2807],[-75.40412,5.28017],[-75.40415,5.28002],[-75.40419,5.27979],[-75.40418,5.27952],[-75.40401,5.27892],[-75.40388,5.27884],[-75.40381,5.27882],[-75.40333,5.27872],[-75.4027,5.2787],[-75.4022,5.27862],[-75.40175,5.27846],[-75.40091,5.27809],[-75.40009,5.27751],[-75.3995,5.27695],[-75.3987,5.27634],[-75.39807,5.27586],[-75.39779,5.27568],[-75.39699,5.2752],[-75.39682,5.27511],[-75.39621,5.27474],[-75.39605,5.2746],[-75.39573,5.27443],[-75.39568,5.27441],[-75.39546,5.27435],[-75.39546,5.27435],[-75.39484,5.27427],[-75.39413,5.27433],[-75.39402,5.2743],[-75.3936,5.27399],[-75.39353,5.27356],[-75.39346,5.27318],[-75.39341,5.27144],[-75.39341,5.27143],[-75.39332,5.27112],[-75.39313,5.27055],[-75.39283,5.27],[-75.39245,5.26964],[-75.39193,5.26945],[-75.39191,5.26938],[-75.39193,5.26882],[-75.39204,5.26849],[-75.39216,5.2681],[-75.39218,5.26806],[-75.39241,5.26742],[-75.39246,5.26713],[-75.39247,5.26669],[-75.39233,5.26607],[-75.39224,5.26556],[-75.39229,5.26507],[-75.39238,5.26474],[-75.3924,5.26468],[-75.39244,5.2643],[-75.39235,5.2643],[-75.39198,5.2643],[-75.39169,5.2643],[-75.39148,5.26472],[-75.3911,5.26419],[-75.39055,5.26276],[-75.39034,5.26224],[-75.39033,5.26222],[-75.39053,5.26182],[-75.39065,5.26171],[-75.39031,5.26133],[-75.39016,5.26138],[-75.39023,5.26124],[-75.39014,5.26113],[-75.38956,5.26044],[-75.38842,5.25947],[-75.38831,5.25936],[-75.38763,5.25892],[-75.38758,5.25889],[-75.38735,5.25889],[-75.38663,5.26033],[-75.38621,5.26037],[-75.38588,5.2604],[-75.38579,5.26041],[-75.38464,5.26052],[-75.38429,5.26052],[-75.38434,5.26009],[-75.3843,5.25996],[-75.38415,5.26007],[-75.38399,5.2603],[-75.3839,5.26012],[-75.38374,5.2598],[-75.38302,5.25944],[-75.38302,5.26106],[-75.38302,5.26161],[-75.38275,5.26174],[-75.38278,5.26153],[-75.38283,5.26124],[-75.38297,5.26101],[-75.38297,5.26072],[-75.38297,5.26043],[-75.38292,5.26014],[-75.38277,5.25991],[-75.38277,5.25962],[-75.38273,5.25933],[-75.38273,5.25904],[-75.38268,5.25876],[-75.38263,5.25847],[-75.38248,5.25818],[-75.38246,5.25814],[-75.38296,5.25664],[-75.38391,5.25694],[-75.38504,5.25729],[-75.38521,5.25721],[-75.38546,5.25708],[-75.38554,5.25726],[-75.38565,5.25749],[-75.38599,5.25769],[-75.38563,5.25721],[-75.38556,5.25705],[-75.38551,5.25662],[-75.38556,5.25598],[-75.38563,5.25552],[-75.38564,5.25507],[-75.38551,5.25448],[-75.38534,5.25417],[-75.38491,5.25367],[-75.38485,5.25363],[-75.38454,5.2532],[-75.38429,5.25319],[-75.38404,5.25332],[-75.38391,5.25335],[-75.38361,5.25332],[-75.3833,5.25316],[-75.38292,5.25275],[-75.38254,5.25248],[-75.38226,5.25239],[-75.38213,5.25238],[-75.38203,5.25241],[-75.38195,5.25249],[-75.38182,5.25271],[-75.38162,5.25315],[-75.38139,5.2534],[-75.38132,5.25367],[-75.38119,5.25392],[-75.38083,5.25439],[-75.38073,5.25445],[-75.38061,5.25448],[-75.38049,5.25464],[-75.38024,5.25477],[-75.38004,5.25477],[-75.37957,5.25468],[-75.37938,5.25471],[-75.37919,5.25489],[-75.37898,5.25525],[-75.37889,5.25561],[-75.37889,5.25575],[-75.37892,5.25585],[-75.37932,5.25637],[-75.37971,5.25673],[-75.37982,5.25691],[-75.37989,5.2571],[-75.37995,5.25731],[-75.37995,5.25751],[-75.3799,5.25776],[-75.37983,5.25791],[-75.37967,5.25802],[-75.37946,5.25803],[-75.37923,5.25796],[-75.37889,5.25777],[-75.37862,5.25768],[-75.37834,5.25763],[-75.37791,5.25762],[-75.37767,5.25758],[-75.37748,5.2575],[-75.37733,5.25737],[-75.37724,5.25723],[-75.37714,5.25696],[-75.37697,5.2563],[-75.3768,5.25533],[-75.37658,5.25446],[-75.37644,5.25329],[-75.3764,5.25319],[-75.37612,5.25229],[-75.37594,5.25151],[-75.37584,5.25069],[-75.37584,5.24983],[-75.37588,5.24934],[-75.37605,5.24817],[-75.37607,5.2478],[-75.37608,5.2476],[-75.37604,5.24728],[-75.37604,5.24727],[-75.37595,5.24688],[-75.37587,5.24682],[-75.37576,5.24685],[-75.37562,5.24696],[-75.37554,5.24703],[-75.37532,5.24737],[-75.37514,5.24774],[-75.37504,5.24797],[-75.37462,5.24873],[-75.37444,5.24918],[-75.37434,5.24943],[-75.37395,5.25064],[-75.37382,5.25121],[-75.3738,5.25133],[-75.37374,5.25174],[-75.37373,5.25186],[-75.37355,5.25352],[-75.37349,5.25367],[-75.37329,5.2539],[-75.37327,5.25404],[-75.37325,5.25417],[-75.37319,5.25429],[-75.37296,5.25454],[-75.37277,5.25467],[-75.37266,5.25471],[-75.37243,5.25471],[-75.37179,5.25459],[-75.37164,5.25461],[-75.37152,5.25466],[-75.37134,5.25489],[-75.37123,5.25516],[-75.37115,5.25549],[-75.37115,5.25581],[-75.37109,5.25601],[-75.37099,5.25617],[-75.3708,5.2563],[-75.3706,5.25636],[-75.3701,5.25642],[-75.36965,5.25639],[-75.36944,5.25638],[-75.36937,5.25638],[-75.36922,5.25638],[-75.36895,5.25645],[-75.36876,5.25659],[-75.36864,5.25676],[-75.36853,5.25703],[-75.36842,5.25747],[-75.36829,5.25832],[-75.36814,5.259],[-75.36801,5.25943],[-75.36786,5.25965],[-75.36772,5.25973],[-75.36755,5.25975],[-75.36706,5.25971],[-75.36674,5.25973],[-75.36648,5.25983],[-75.36623,5.25999],[-75.36593,5.2603],[-75.36566,5.26069],[-75.36539,5.26119],[-75.3652,5.2617],[-75.36509,5.26191],[-75.36495,5.26209],[-75.36481,5.2621],[-75.36471,5.26201],[-75.3646,5.26186],[-75.36427,5.26121],[-75.36405,5.26092],[-75.36385,5.26072],[-75.36366,5.26058],[-75.36344,5.2605],[-75.3629,5.2604],[-75.36272,5.26034],[-75.36246,5.26018],[-75.36237,5.26006],[-75.36228,5.25995],[-75.36219,5.25977],[-75.36209,5.25947],[-75.36202,5.2589],[-75.36203,5.25865],[-75.36205,5.25834],[-75.36207,5.25824],[-75.36219,5.25756],[-75.3622,5.25731],[-75.36218,5.25715],[-75.3621,5.25698],[-75.36197,5.25687],[-75.36182,5.25685],[-75.36157,5.25693],[-75.36119,5.25715],[-75.3604,5.25781],[-75.36001,5.25836],[-75.35974,5.25891],[-75.35971,5.259],[-75.3596,5.25935],[-75.3595,5.25982],[-75.35944,5.26038],[-75.35952,5.26038],[-75.3596,5.26038],[-75.35993,5.26046],[-75.36003,5.26073],[-75.36009,5.26089],[-75.35937,5.26102],[-75.35936,5.26109],[-75.35904,5.26248],[-75.35891,5.26375],[-75.35885,5.26394],[-75.35881,5.26394],[-75.35874,5.26386],[-75.35868,5.26437],[-75.35855,5.26437],[-75.35875,5.26535],[-75.3589,5.26623],[-75.35932,5.26786],[-75.35944,5.26857],[-75.35949,5.26906],[-75.35957,5.26909],[-75.35991,5.26933],[-75.35992,5.26951],[-75.35951,5.26968],[-75.3596,5.2704],[-75.35963,5.2711],[-75.35964,5.27223],[-75.35975,5.27284],[-75.35983,5.27344],[-75.35996,5.27389],[-75.36003,5.27415],[-75.36025,5.27471],[-75.36028,5.27477],[-75.36044,5.27513],[-75.3607,5.27551],[-75.3609,5.27626],[-75.36069,5.27719],[-75.36051,5.27776],[-75.36026,5.27828],[-75.36019,5.27876],[-75.36029,5.27913],[-75.36031,5.27963],[-75.36025,5.28006],[-75.36022,5.28016],[-75.3599,5.28073],[-75.35985,5.28085],[-75.35967,5.28112],[-75.35959,5.28124],[-75.35929,5.28179],[-75.35914,5.28215],[-75.3591,5.28249],[-75.359,5.28276],[-75.35898,5.2828],[-75.35893,5.28286],[-75.35823,5.28366],[-75.35818,5.28369],[-75.35814,5.28374],[-75.35753,5.28426],[-75.35722,5.28458],[-75.35681,5.28492],[-75.35676,5.285],[-75.35647,5.28525],[-75.35617,5.28565],[-75.35601,5.2861],[-75.35599,5.28641],[-75.35602,5.28647],[-75.35625,5.2871],[-75.35634,5.28758],[-75.35629,5.28805],[-75.35579,5.28901],[-75.35549,5.28952],[-75.35498,5.2902],[-75.35471,5.29066],[-75.35426,5.29167],[-75.35421,5.29191],[-75.35424,5.29243],[-75.35453,5.29378],[-75.35454,5.29426],[-75.35443,5.29468],[-75.35433,5.29521],[-75.35438,5.29577],[-75.35439,5.29599],[-75.35446,5.29623],[-75.35455,5.29656],[-75.35457,5.29662],[-75.35459,5.29668],[-75.35461,5.29669],[-75.35481,5.29696],[-75.3552,5.29732],[-75.35555,5.29759],[-75.35584,5.29789],[-75.35606,5.29819],[-75.35608,5.29823],[-75.35611,5.29845],[-75.35599,5.29874],[-75.35586,5.29913],[-75.3557,5.2995],[-75.35552,5.30025],[-75.35547,5.30079],[-75.35546,5.30136],[-75.35565,5.3019],[-75.35623,5.30275],[-75.35625,5.30302],[-75.35603,5.30329],[-75.35568,5.30332],[-75.35547,5.30323],[-75.35547,5.30321],[-75.35515,5.30319],[-75.35495,5.30326],[-75.35472,5.30347],[-75.35458,5.30392],[-75.3546,5.30444],[-75.3547,5.30495],[-75.35474,5.3055],[-75.35481,5.30587],[-75.35494,5.30622],[-75.35496,5.30634],[-75.35508,5.30664],[-75.35535,5.3072],[-75.35547,5.30761],[-75.35545,5.30796],[-75.3551,5.30874],[-75.3549,5.30931],[-75.35474,5.30971],[-75.35453,5.30991],[-75.35424,5.31009],[-75.35392,5.31035],[-75.35338,5.3111],[-75.35322,5.31135],[-75.35312,5.3118],[-75.35311,5.31223],[-75.35333,5.31297],[-75.35331,5.31355],[-75.35318,5.31376],[-75.35281,5.31418],[-75.35251,5.31456],[-75.35222,5.31497],[-75.352,5.31532],[-75.35184,5.31581],[-75.35179,5.31629],[-75.35186,5.31668],[-75.35177,5.31713],[-75.35158,5.31763],[-75.3513,5.31821],[-75.35124,5.3184],[-75.35081,5.31845],[-75.35032,5.31852],[-75.34974,5.31862],[-75.34955,5.31865],[-75.34934,5.31889],[-75.34921,5.31914],[-75.34913,5.3194],[-75.34899,5.3199],[-75.34855,5.32204],[-75.34836,5.32272],[-75.34827,5.32295],[-75.34794,5.3235],[-75.34778,5.32397],[-75.34766,5.32445],[-75.34759,5.3257],[-75.34759,5.32647],[-75.34749,5.32736],[-75.3474,5.32783],[-75.34712,5.32892],[-75.347,5.32927],[-75.34676,5.32962],[-75.34637,5.33008],[-75.34623,5.33022],[-75.34604,5.33041],[-75.3454,5.33097],[-75.3442,5.33228],[-75.34394,5.33254],[-75.34361,5.33288],[-75.34356,5.33295],[-75.34329,5.33324],[-75.34296,5.33359],[-75.34287,5.33371],[-75.3426,5.33396],[-75.34226,5.33438],[-75.34215,5.33452],[-75.342,5.33465],[-75.3418,5.33483],[-75.34114,5.33538],[-75.34076,5.33577],[-75.3401,5.33633],[-75.34005,5.33639],[-75.33981,5.33651],[-75.33938,5.33661],[-75.33875,5.33666],[-75.33777,5.33681],[-75.33691,5.33692],[-75.33223,5.33711],[-75.33175,5.33715],[-75.33114,5.33723],[-75.33025,5.33743],[-75.32974,5.33767],[-75.32949,5.33781],[-75.32879,5.33809],[-75.32834,5.33824],[-75.32745,5.33868],[-75.32665,5.33896],[-75.32643,5.33907],[-75.32628,5.3392],[-75.32595,5.33955],[-75.32571,5.3397],[-75.32566,5.33975],[-75.32518,5.34004],[-75.32504,5.34013],[-75.32468,5.34027],[-75.3243,5.34034],[-75.32378,5.34032],[-75.32337,5.34028],[-75.32329,5.34027],[-75.32326,5.34025],[-75.3226,5.34015],[-75.32183,5.33994],[-75.32144,5.3398],[-75.32028,5.33948],[-75.31973,5.33939],[-75.31917,5.33933],[-75.31893,5.33933],[-75.31813,5.33932],[-75.31765,5.33929],[-75.31723,5.33924],[-75.3172,5.33925],[-75.31613,5.33918],[-75.31576,5.3392],[-75.31553,5.33927],[-75.31489,5.3395],[-75.31456,5.33956],[-75.31382,5.33959],[-75.3134,5.33957],[-75.31333,5.33956],[-75.31293,5.33955],[-75.3123,5.33957],[-75.31089,5.33956],[-75.31008,5.33958],[-75.30946,5.33964],[-75.30893,5.33951],[-75.30839,5.33932],[-75.30793,5.33909],[-75.30782,5.33922],[-75.3077,5.33946],[-75.30764,5.33957],[-75.30757,5.3397],[-75.30742,5.33992],[-75.30727,5.34015],[-75.30717,5.3404],[-75.30712,5.34067],[-75.30709,5.34094],[-75.30703,5.3412],[-75.30695,5.34146],[-75.30683,5.3417],[-75.30667,5.34192],[-75.30648,5.34211],[-75.30627,5.34229],[-75.30608,5.34248],[-75.30592,5.3427],[-75.30575,5.34291],[-75.30552,5.34305],[-75.30525,5.3431],[-75.30499,5.34303],[-75.30478,5.34286],[-75.30461,5.34265],[-75.30444,5.34244],[-75.30427,5.34222],[-75.30412,5.342],[-75.304,5.34176],[-75.30388,5.34152],[-75.30372,5.3413],[-75.30354,5.34109],[-75.30332,5.34093],[-75.30305,5.34092],[-75.30282,5.34106],[-75.30267,5.34128],[-75.30256,5.34153],[-75.30245,5.34178],[-75.30233,5.34202],[-75.30224,5.34228],[-75.30221,5.34255],[-75.30223,5.34282],[-75.30226,5.34309],[-75.30226,5.34336],[-75.30227,5.34363],[-75.30232,5.3439],[-75.3024,5.34416],[-75.30241,5.34422],[-75.30244,5.34442],[-75.30242,5.34469],[-75.30237,5.34496],[-75.30236,5.34523],[-75.3024,5.3455],[-75.3025,5.34575],[-75.30261,5.346],[-75.30272,5.34619],[-75.30274,5.34624],[-75.30289,5.34647],[-75.30304,5.34669],[-75.3032,5.34691],[-75.30336,5.34713],[-75.30353,5.34734],[-75.30373,5.34752],[-75.30396,5.34767],[-75.30418,5.34783],[-75.30441,5.34797],[-75.30465,5.3481],[-75.3049,5.34819],[-75.30517,5.34823],[-75.30544,5.34822],[-75.3057,5.34816],[-75.30596,5.34807],[-75.30622,5.34801],[-75.30649,5.34801],[-75.30676,5.34806],[-75.30701,5.34815],[-75.30727,5.34825],[-75.30744,5.3483],[-75.30744,5.34725],[-75.3075,5.34727],[-75.30859,5.34774],[-75.30945,5.34769],[-75.30954,5.34788],[-75.3096,5.34784],[-75.30982,5.34768],[-75.31007,5.34758],[-75.31034,5.34757],[-75.31058,5.3477],[-75.31064,5.34796],[-75.31057,5.34822],[-75.31045,5.34847],[-75.31038,5.34873],[-75.31041,5.349],[-75.31045,5.34927],[-75.31045,5.34954],[-75.31039,5.3498],[-75.31026,5.35004],[-75.31006,5.35023],[-75.30998,5.3503],[-75.30997,5.35054],[-75.30943,5.35065],[-75.30938,5.35067],[-75.30912,5.35073],[-75.30905,5.35072],[-75.30885,5.35069],[-75.30861,5.35056],[-75.30839,5.35041],[-75.30816,5.35028],[-75.30789,5.35023],[-75.30763,5.35028],[-75.30741,5.35044],[-75.30726,5.35067],[-75.30716,5.35092],[-75.30708,5.35118],[-75.307,5.35144],[-75.30692,5.35153],[-75.30682,5.35164],[-75.30656,5.35166],[-75.30655,5.35166],[-75.30634,5.35148],[-75.3062,5.35125],[-75.30608,5.35101],[-75.306,5.35075],[-75.30592,5.35049],[-75.30578,5.35026],[-75.30557,5.35009],[-75.30532,5.34999],[-75.30505,5.34995],[-75.30478,5.34995],[-75.30451,5.34996],[-75.30424,5.34996],[-75.30397,5.34993],[-75.30371,5.34987],[-75.30345,5.3498],[-75.30318,5.34974],[-75.30292,5.34969],[-75.30266,5.34961],[-75.30241,5.34951],[-75.30217,5.34938],[-75.30208,5.34933],[-75.30189,5.3498],[-75.30168,5.34977],[-75.30149,5.34913],[-75.30144,5.34904],[-75.30144,5.34904],[-75.30117,5.34907],[-75.30092,5.34917],[-75.30069,5.34931],[-75.30045,5.34944],[-75.30019,5.34953],[-75.29994,5.34962],[-75.29969,5.34973],[-75.29946,5.34987],[-75.29929,5.35008],[-75.29918,5.35033],[-75.29896,5.35048],[-75.29871,5.35038],[-75.29853,5.35017],[-75.29838,5.34995],[-75.29817,5.34978],[-75.29792,5.34969],[-75.29765,5.34973],[-75.29743,5.34989],[-75.29723,5.35007],[-75.29702,5.35024],[-75.29681,5.35042],[-75.29663,5.35062],[-75.29647,5.35084],[-75.2964,5.3509],[-75.29628,5.35102],[-75.29603,5.35114],[-75.29577,5.35122],[-75.2955,5.35125],[-75.29541,5.35122],[-75.29524,5.35118],[-75.29501,5.35104],[-75.29478,5.35089],[-75.29455,5.35075],[-75.29431,5.35063],[-75.29409,5.35047],[-75.29388,5.35029],[-75.29369,5.35011],[-75.29349,5.34992],[-75.29327,5.34977],[-75.29303,5.34964],[-75.29282,5.34947],[-75.29266,5.34925],[-75.29255,5.349],[-75.29251,5.34874],[-75.29248,5.34847],[-75.29244,5.34841],[-75.29234,5.34823],[-75.29211,5.3481],[-75.29185,5.34802],[-75.29158,5.34801],[-75.29131,5.34801],[-75.29104,5.348],[-75.29077,5.34797],[-75.2905,5.34797],[-75.29023,5.34802],[-75.28996,5.34802],[-75.28969,5.34801],[-75.28942,5.34801],[-75.28915,5.34796],[-75.28889,5.34791],[-75.28862,5.34785],[-75.28837,5.34774],[-75.28816,5.34757],[-75.28802,5.34734],[-75.28793,5.34709],[-75.28787,5.34682],[-75.28782,5.34655],[-75.28779,5.34628],[-75.28775,5.34601],[-75.28773,5.34574],[-75.28773,5.34547],[-75.28773,5.3452],[-75.28773,5.34493],[-75.28773,5.34466],[-75.28772,5.34439],[-75.2877,5.34412],[-75.28763,5.34386],[-75.28748,5.34363],[-75.28726,5.34348],[-75.28699,5.34347],[-75.28673,5.34354],[-75.28647,5.34363],[-75.28623,5.34375],[-75.286,5.34389],[-75.28585,5.344],[-75.28584,5.34402],[-75.28589,5.34415],[-75.28604,5.34435],[-75.2862,5.34462],[-75.28631,5.3449],[-75.28645,5.3453],[-75.28669,5.3459],[-75.28684,5.34639],[-75.28686,5.34647],[-75.28696,5.34675],[-75.28704,5.34686],[-75.28713,5.34698],[-75.28735,5.34702],[-75.28754,5.34714],[-75.28775,5.34754],[-75.28804,5.34794],[-75.28824,5.34817],[-75.28848,5.34833],[-75.2887,5.34844],[-75.2889,5.34861],[-75.2891,5.34908],[-75.28938,5.34944],[-75.28963,5.34965],[-75.28979,5.34965],[-75.29015,5.34974],[-75.29042,5.34986],[-75.29056,5.35001],[-75.29073,5.35037],[-75.29078,5.35061],[-75.29085,5.35072],[-75.29103,5.3509],[-75.29116,5.35095],[-75.29156,5.35105],[-75.29159,5.35103],[-75.29186,5.35118],[-75.29203,5.35139],[-75.29213,5.35164],[-75.29218,5.35195],[-75.29213,5.35226],[-75.29221,5.35253],[-75.29231,5.35263],[-75.29338,5.35292],[-75.29468,5.35324],[-75.29662,5.35346],[-75.29684,5.35469],[-75.29795,5.35484],[-75.29827,5.3549],[-75.29896,5.35481],[-75.2995,5.35479],[-75.29987,5.3548],[-75.29987,5.35399],[-75.29933,5.35399],[-75.29933,5.35345],[-75.29717,5.35346],[-75.29739,5.35314],[-75.29875,5.35286],[-75.30134,5.35475],[-75.30162,5.35471],[-75.30232,5.35466],[-75.30271,5.35466],[-75.30299,5.35479],[-75.30324,5.35497],[-75.30344,5.35518],[-75.3035,5.35521],[-75.30371,5.3554],[-75.30434,5.35575],[-75.30461,5.35593],[-75.30482,5.35618],[-75.30523,5.35694],[-75.30541,5.35718],[-75.3058,5.35735],[-75.30604,5.3576],[-75.30611,5.35769],[-75.30784,5.3573],[-75.30916,5.35921],[-75.3099,5.36208],[-75.31008,5.36225],[-75.31207,5.36338],[-75.31212,5.36341],[-75.31324,5.36503],[-75.31451,5.36535],[-75.31487,5.36517],[-75.31537,5.36417],[-75.31604,5.36671],[-75.31639,5.36786],[-75.31681,5.36925],[-75.31722,5.37061],[-75.31723,5.37186],[-75.31723,5.3724],[-75.31777,5.3724],[-75.31875,5.37561],[-75.31863,5.37571],[-75.31778,5.37782],[-75.3182,5.37804],[-75.31097,5.38586],[-75.31076,5.38543],[-75.30914,5.38544],[-75.30914,5.38598],[-75.30794,5.38622],[-75.30728,5.38754],[-75.30727,5.38778],[-75.30723,5.38802],[-75.3071,5.3884],[-75.30703,5.38845],[-75.30752,5.38869],[-75.30861,5.38842],[-75.3007,5.39698],[-75.29964,5.39813],[-75.29683,5.39946],[-75.29564,5.40174],[-75.29613,5.40186],[-75.29467,5.40326],[-75.29402,5.40282],[-75.29286,5.40316],[-75.29269,5.40435],[-75.29262,5.40482],[-75.29255,5.40529],[-75.29249,5.40535],[-75.29249,5.40535],[-75.29243,5.40571],[-75.29249,5.40572],[-75.29213,5.40825],[-75.29212,5.40825],[-75.29084,5.40825],[-75.28983,5.40849],[-75.29018,5.4091],[-75.28856,5.4098],[-75.28875,5.40898],[-75.28845,5.40923],[-75.28804,5.41006],[-75.2882,5.41043],[-75.28827,5.41061],[-75.28816,5.41092],[-75.28802,5.41081],[-75.28764,5.4105],[-75.28719,5.41047],[-75.28715,5.41047],[-75.2867,5.41044],[-75.28594,5.41125],[-75.28581,5.41139],[-75.28505,5.41198],[-75.28554,5.41202],[-75.28576,5.41204],[-75.28601,5.41204],[-75.28658,5.41204],[-75.28678,5.41214],[-75.28686,5.41219],[-75.28672,5.41273],[-75.28683,5.41435],[-75.28598,5.41398],[-75.28513,5.41362],[-75.28428,5.41325],[-75.28426,5.41324],[-75.28344,5.41306],[-75.28327,5.41302],[-75.28286,5.41293],[-75.28226,5.41279],[-75.28125,5.41271],[-75.28118,5.4127],[-75.28136,5.41321],[-75.28143,5.41355],[-75.28132,5.41378],[-75.28126,5.41384],[-75.28121,5.41414],[-75.28125,5.41455],[-75.28122,5.41467],[-75.28105,5.41488],[-75.28089,5.41526],[-75.28079,5.41577],[-75.28077,5.41625],[-75.28084,5.41677],[-75.28085,5.41711],[-75.28071,5.41756],[-75.28072,5.41801],[-75.28136,5.41904],[-75.28155,5.4195],[-75.28162,5.41997],[-75.28132,5.42083],[-75.28146,5.4214],[-75.28171,5.42169],[-75.28202,5.42196],[-75.28268,5.42231],[-75.28296,5.42252],[-75.28314,5.42268],[-75.28323,5.42289],[-75.28329,5.42351],[-75.2834,5.42371],[-75.28381,5.42414],[-75.2843,5.42453],[-75.28451,5.42473],[-75.28479,5.42508],[-75.28479,5.42509],[-75.28493,5.42529],[-75.28517,5.42552],[-75.28546,5.42577],[-75.28578,5.42599],[-75.28612,5.42618],[-75.28636,5.42637],[-75.28641,5.42644],[-75.28663,5.4269],[-75.28661,5.42702],[-75.28651,5.42729],[-75.28646,5.42767],[-75.28647,5.42774],[-75.28664,5.428],[-75.28695,5.42825],[-75.28712,5.42836],[-75.28719,5.42838],[-75.28743,5.4286],[-75.2875,5.42881],[-75.28731,5.42906],[-75.28708,5.42926],[-75.28702,5.42928],[-75.28675,5.42957],[-75.28663,5.42975],[-75.28647,5.43008],[-75.28645,5.4304],[-75.28649,5.43072],[-75.28645,5.431],[-75.28618,5.4314],[-75.28574,5.43185],[-75.28552,5.43199],[-75.28529,5.43191],[-75.28505,5.43165],[-75.2849,5.43157],[-75.28489,5.43157],[-75.28466,5.43158],[-75.28423,5.4318],[-75.28393,5.43205],[-75.28373,5.43242],[-75.28373,5.43243],[-75.28365,5.43289],[-75.28354,5.43325],[-75.2835,5.43329],[-75.28321,5.43348],[-75.28284,5.4338],[-75.28275,5.43391],[-75.28263,5.43418],[-75.28263,5.43427],[-75.28266,5.43455],[-75.28287,5.43497],[-75.28302,5.43521],[-75.28301,5.43542],[-75.28299,5.43549],[-75.28288,5.43562],[-75.28263,5.4358],[-75.28255,5.43605],[-75.2823,5.43624],[-75.28215,5.43633],[-75.28184,5.43651],[-75.28159,5.43679],[-75.28157,5.43684],[-75.28146,5.43757],[-75.28151,5.43859],[-75.28164,5.43904],[-75.28185,5.43946],[-75.28202,5.43959],[-75.28226,5.43973],[-75.2826,5.43998],[-75.28286,5.44022],[-75.28329,5.44077],[-75.28357,5.44106],[-75.28379,5.44124],[-75.28401,5.44127],[-75.28407,5.44123],[-75.28411,5.44122],[-75.28429,5.44109],[-75.28442,5.44081],[-75.28466,5.44064],[-75.28483,5.44064],[-75.28496,5.44073],[-75.28507,5.44089],[-75.28523,5.44118],[-75.28534,5.44132],[-75.28549,5.44146],[-75.28566,5.44155],[-75.28583,5.44154],[-75.2861,5.44137],[-75.28624,5.44116],[-75.28626,5.44104],[-75.28629,5.44098],[-75.28661,5.4408],[-75.2867,5.44075],[-75.28698,5.44069],[-75.28721,5.44076],[-75.28745,5.44094],[-75.28759,5.44111],[-75.28776,5.44138],[-75.28788,5.44166],[-75.28792,5.44226],[-75.28789,5.44257],[-75.28791,5.44277],[-75.28808,5.44327],[-75.28826,5.44368],[-75.28825,5.44402],[-75.28827,5.44406],[-75.28841,5.44419],[-75.28853,5.44423],[-75.28872,5.44439],[-75.28881,5.44469],[-75.28879,5.44485],[-75.28886,5.44509],[-75.28908,5.44525],[-75.28913,5.44544],[-75.28908,5.4456],[-75.28913,5.44587],[-75.28918,5.44596],[-75.28924,5.44609],[-75.28944,5.44622],[-75.28957,5.44619],[-75.28964,5.44617],[-75.28978,5.44611],[-75.28993,5.44613],[-75.29012,5.4462],[-75.29027,5.44634],[-75.2905,5.44664],[-75.29056,5.44692],[-75.29052,5.44705],[-75.29051,5.44708],[-75.29045,5.44743],[-75.29046,5.44771],[-75.29058,5.44791],[-75.29078,5.44803],[-75.29095,5.44804],[-75.29119,5.44803],[-75.29145,5.44798],[-75.29179,5.44792],[-75.29197,5.44777],[-75.29201,5.44731],[-75.29208,5.44712],[-75.2923,5.44709],[-75.29247,5.44726],[-75.29261,5.44761],[-75.29275,5.44788],[-75.29286,5.44798],[-75.29302,5.44797],[-75.29315,5.44805],[-75.29323,5.44813],[-75.2934,5.44822],[-75.29361,5.44815],[-75.29373,5.44801],[-75.29394,5.44792],[-75.29409,5.44811],[-75.29418,5.44839],[-75.2942,5.44866],[-75.29424,5.44885],[-75.29435,5.44897],[-75.29444,5.44905],[-75.29473,5.44904],[-75.29499,5.44891],[-75.29511,5.44879],[-75.29524,5.44874],[-75.29533,5.44879],[-75.29547,5.44889],[-75.29556,5.44905],[-75.2956,5.44922],[-75.29556,5.44937],[-75.29535,5.44974],[-75.29531,5.44997],[-75.29534,5.45017],[-75.29554,5.4506],[-75.29563,5.45073],[-75.29592,5.45083],[-75.29614,5.45084],[-75.29645,5.45091],[-75.29705,5.45089],[-75.29752,5.45116],[-75.29784,5.45146],[-75.29811,5.45179],[-75.29881,5.45236],[-75.29882,5.4524],[-75.29902,5.45277],[-75.29949,5.45308],[-75.29978,5.453],[-75.30028,5.45276],[-75.30043,5.45272],[-75.30085,5.45281],[-75.30094,5.4531],[-75.30092,5.45312],[-75.30119,5.45389],[-75.30138,5.45425],[-75.30137,5.45428],[-75.30156,5.45451],[-75.30235,5.45482],[-75.30258,5.45509],[-75.30256,5.45528],[-75.30242,5.45562],[-75.30239,5.45593],[-75.30256,5.45622],[-75.3026,5.45626],[-75.30294,5.45652],[-75.30339,5.45672],[-75.30344,5.45672],[-75.30365,5.45649],[-75.30399,5.45625],[-75.30427,5.45651],[-75.30426,5.45652],[-75.30452,5.45681],[-75.30449,5.45684],[-75.30475,5.45751],[-75.30495,5.45776],[-75.30544,5.45795],[-75.30592,5.45802],[-75.3063,5.45799],[-75.30684,5.45792],[-75.30714,5.45793],[-75.30749,5.4581],[-75.3075,5.45828],[-75.30738,5.4585],[-75.30693,5.4589],[-75.30678,5.45919],[-75.30677,5.45922],[-75.30675,5.45923],[-75.30676,5.45941],[-75.30678,5.45947],[-75.3069,5.4596],[-75.30724,5.45984],[-75.30764,5.46001],[-75.30805,5.45997],[-75.30855,5.46018],[-75.30889,5.46037]],[[-75.31034,5.44727],[-75.31011,5.44744],[-75.31003,5.4475],[-75.30955,5.4499],[-75.30955,5.4499],[-75.30904,5.44838],[-75.30895,5.44716],[-75.3095,5.44688],[-75.31002,5.44663],[-75.31034,5.44727]],[[-75.31502,5.44094],[-75.3152,5.44184],[-75.31412,5.44238],[-75.31412,5.44293],[-75.31358,5.44293],[-75.3125,5.44293],[-75.31196,5.44293],[-75.31196,5.44347],[-75.31088,5.44347],[-75.31034,5.44348],[-75.3098,5.44348],[-75.30979,5.44293],[-75.30907,5.44257],[-75.30871,5.44185],[-75.30817,5.44185],[-75.30817,5.44131],[-75.30939,5.44036],[-75.31059,5.4388],[-75.31249,5.44022],[-75.31358,5.44021],[-75.31466,5.44021],[-75.31502,5.44094]],[[-75.30561,5.42853],[-75.30506,5.42737],[-75.3054,5.42504],[-75.30493,5.4219],[-75.30549,5.42179],[-75.30579,5.42131],[-75.30608,5.42084],[-75.30608,5.42017],[-75.30626,5.41992],[-75.30659,5.41937],[-75.30685,5.41919],[-75.30768,5.41966],[-75.30815,5.42019],[-75.3088,5.4209],[-75.30898,5.42167],[-75.30845,5.42173],[-75.3078,5.42137],[-75.30697,5.42143],[-75.30621,5.42196],[-75.30599,5.42238],[-75.30573,5.42291],[-75.30555,5.42433],[-75.30573,5.4251],[-75.30656,5.4251],[-75.30561,5.42853]],[[-75.30116,5.42028],[-75.30183,5.42066],[-75.3024,5.42169],[-75.30196,5.42459],[-75.3009,5.42459],[-75.30044,5.42457],[-75.30007,5.42455],[-75.29962,5.42349],[-75.30041,5.4206],[-75.30114,5.42027],[-75.30116,5.42028]],[[-75.29527,5.42155],[-75.29554,5.42167],[-75.29568,5.42173],[-75.29568,5.42235],[-75.29514,5.42235],[-75.29484,5.42211],[-75.29264,5.41937],[-75.29297,5.4191],[-75.29525,5.41829],[-75.29567,5.41964],[-75.29659,5.41964],[-75.29646,5.42002],[-75.29627,5.4206],[-75.29527,5.42155]],[[-75.30245,5.41962],[-75.30378,5.41887],[-75.30381,5.41889],[-75.30334,5.41973],[-75.30245,5.41962]],[[-75.34247,5.41896],[-75.34276,5.41954],[-75.34276,5.42008],[-75.34222,5.42008],[-75.34222,5.42063],[-75.34168,5.42063],[-75.34168,5.42117],[-75.34098,5.42153],[-75.34083,5.42145],[-75.34083,5.42181],[-75.3406,5.42226],[-75.33952,5.42226],[-75.33952,5.4228],[-75.33888,5.42296],[-75.33883,5.42268],[-75.33775,5.42281],[-75.33788,5.42318],[-75.33542,5.42357],[-75.33523,5.4237],[-75.33516,5.42335],[-75.33462,5.42282],[-75.33448,5.42268],[-75.33452,5.42261],[-75.33461,5.42256],[-75.33515,5.42229],[-75.33566,5.42259],[-75.33627,5.42265],[-75.33702,5.42272],[-75.33784,5.42227],[-75.33833,5.42168],[-75.33946,5.42163],[-75.34005,5.42123],[-75.341,5.421],[-75.34073,5.42037],[-75.34046,5.41969],[-75.3415,5.41941],[-75.34197,5.41933],[-75.34222,5.41928],[-75.34247,5.41896]],[[-75.34975,5.42249],[-75.34981,5.42227],[-75.34981,5.42251],[-75.34975,5.42249]],[[-75.29716,5.42116],[-75.2973,5.421],[-75.2973,5.42126],[-75.29708,5.42126],[-75.29716,5.42116]],[[-75.33453,5.42403],[-75.33468,5.42403],[-75.33472,5.42403],[-75.33468,5.42406],[-75.33461,5.4241],[-75.33453,5.42403]],[[-75.32065,5.42847],[-75.32067,5.42851],[-75.32066,5.42852],[-75.32065,5.42847]],[[-75.2908,5.41748],[-75.29012,5.41695],[-75.28972,5.41627],[-75.28931,5.41563],[-75.28848,5.41512],[-75.28831,5.41505],[-75.28809,5.41423],[-75.28917,5.41368],[-75.2896,5.41346],[-75.28972,5.41351],[-75.29115,5.41403],[-75.29,5.41563],[-75.2908,5.41639],[-75.2908,5.41748]],[[-75.29155,5.4134],[-75.29157,5.41344],[-75.29142,5.41365],[-75.29155,5.4134]],[[-75.32651,5.41356],[-75.32651,5.41252],[-75.32705,5.41252],[-75.3275,5.41252],[-75.328,5.41285],[-75.32824,5.41269],[-75.32819,5.41219],[-75.32857,5.41244],[-75.3289,5.41301],[-75.3291,5.4126],[-75.32902,5.41195],[-75.32935,5.41149],[-75.32967,5.41158],[-75.33038,5.41162],[-75.33115,5.41203],[-75.33173,5.41199],[-75.33227,5.41149],[-75.33263,5.41092],[-75.33296,5.41026],[-75.3326,5.40948],[-75.33231,5.40862],[-75.33194,5.40812],[-75.33169,5.40858],[-75.33128,5.40878],[-75.33128,5.40833],[-75.33091,5.40841],[-75.33025,5.40829],[-75.32951,5.40784],[-75.3291,5.40792],[-75.3289,5.40722],[-75.32824,5.40693],[-75.32795,5.40599],[-75.32786,5.40595],[-75.32862,5.4058],[-75.32859,5.4063],[-75.32896,5.40673],[-75.32942,5.40727],[-75.33022,5.40767],[-75.33109,5.40777],[-75.33173,5.4077],[-75.33247,5.40747],[-75.33283,5.40686],[-75.33257,5.40616],[-75.33323,5.40646],[-75.3338,5.4062],[-75.33386,5.40563],[-75.33386,5.4056],[-75.33386,5.40533],[-75.3342,5.40563],[-75.33456,5.40546],[-75.33417,5.40479],[-75.3342,5.40406],[-75.33453,5.40463],[-75.33468,5.40463],[-75.33521,5.40536],[-75.33517,5.40553],[-75.3354,5.40562],[-75.33567,5.40599],[-75.33552,5.40637],[-75.33507,5.40646],[-75.3347,5.40676],[-75.33392,5.40709],[-75.33373,5.40716],[-75.33276,5.40767],[-75.33236,5.40813],[-75.33244,5.40855],[-75.3325,5.4089],[-75.33313,5.40967],[-75.33363,5.40984],[-75.33343,5.41067],[-75.33331,5.41088],[-75.333,5.41088],[-75.333,5.41136],[-75.33279,5.41167],[-75.33283,5.41214],[-75.33236,5.41234],[-75.3322,5.41278],[-75.33192,5.41288],[-75.33177,5.41248],[-75.33107,5.41264],[-75.33025,5.41244],[-75.32967,5.41248],[-75.32947,5.41301],[-75.32906,5.41359],[-75.32861,5.41363],[-75.32709,5.41384],[-75.32651,5.41356]],[[-75.29891,5.41258],[-75.29855,5.4124],[-75.298,5.41132],[-75.29728,5.41096],[-75.29659,5.41096],[-75.29658,5.41084],[-75.29651,5.41032],[-75.29704,5.40997],[-75.29746,5.41097],[-75.29916,5.41127],[-75.2994,5.41109],[-75.29979,5.41082],[-75.29999,5.41095],[-75.29891,5.41258]],[[-75.29173,5.41198],[-75.29089,5.41227],[-75.29076,5.4121],[-75.29097,5.41169],[-75.29177,5.41162],[-75.29173,5.41198]],[[-75.3211,5.41076],[-75.32124,5.41091],[-75.3211,5.41091],[-75.3211,5.41076]],[[-75.31747,5.41248],[-75.31694,5.41248],[-75.31731,5.41203],[-75.3176,5.41162],[-75.31784,5.4117],[-75.31808,5.41172],[-75.31799,5.41252],[-75.31747,5.41248]],[[-75.31784,5.4089],[-75.31784,5.40813],[-75.31784,5.40751],[-75.31751,5.40755],[-75.31689,5.40718],[-75.31751,5.40697],[-75.31809,5.40685],[-75.31813,5.40615],[-75.3178,5.40591],[-75.31727,5.40541],[-75.31763,5.40508],[-75.31829,5.40574],[-75.31928,5.40619],[-75.32006,5.40632],[-75.32072,5.40632],[-75.3215,5.40628],[-75.32191,5.40603],[-75.3224,5.40644],[-75.32343,5.40652],[-75.32433,5.40623],[-75.32516,5.40607],[-75.32539,5.40573],[-75.3256,5.40583],[-75.3265,5.40601],[-75.3265,5.40644],[-75.32606,5.40644],[-75.32536,5.40648],[-75.32421,5.40648],[-75.32415,5.40666],[-75.32349,5.40699],[-75.32343,5.40731],[-75.32302,5.40743],[-75.32249,5.40784],[-75.32204,5.40734],[-75.32105,5.40734],[-75.32035,5.40706],[-75.31961,5.40689],[-75.31898,5.40711],[-75.31892,5.40711],[-75.31892,5.40714],[-75.31891,5.40714],[-75.31854,5.40743],[-75.3185,5.40804],[-75.31842,5.40858],[-75.31784,5.4089]],[[-75.32294,5.40409],[-75.32241,5.40459],[-75.32204,5.40479],[-75.32191,5.40419],[-75.32254,5.40352],[-75.32288,5.40282],[-75.32268,5.40175],[-75.32217,5.40165],[-75.32171,5.40132],[-75.32104,5.40129],[-75.32037,5.40165],[-75.32027,5.40169],[-75.31974,5.40134],[-75.32007,5.40099],[-75.32064,5.40085],[-75.32034,5.40032],[-75.31937,5.39992],[-75.3188,5.39975],[-75.31834,5.39948],[-75.31834,5.39928],[-75.31792,5.39933],[-75.31733,5.39943],[-75.31801,5.39798],[-75.31791,5.39787],[-75.31796,5.39785],[-75.31866,5.39732],[-75.31924,5.39781],[-75.31932,5.39859],[-75.31919,5.39874],[-75.3195,5.39925],[-75.3199,5.39982],[-75.32067,5.40018],[-75.32117,5.40062],[-75.32161,5.40039],[-75.32214,5.40032],[-75.32258,5.40092],[-75.32301,5.40129],[-75.32378,5.40122],[-75.32391,5.40121],[-75.32398,5.40221],[-75.32388,5.40226],[-75.32344,5.40219],[-75.32314,5.40262],[-75.32311,5.40322],[-75.32294,5.40409]],[[-75.31806,5.40219],[-75.3179,5.40209],[-75.31706,5.40135],[-75.31786,5.40159],[-75.31879,5.40165],[-75.31806,5.40219]],[[-75.31295,5.39949],[-75.31234,5.39954],[-75.31152,5.39917],[-75.3115,5.39916],[-75.31112,5.39825],[-75.31241,5.39791],[-75.31241,5.39845],[-75.31295,5.39845],[-75.31295,5.39899],[-75.31295,5.39949]],[[-75.30868,5.39763],[-75.30856,5.39748],[-75.30823,5.39734],[-75.30805,5.39727],[-75.30808,5.39683],[-75.30808,5.39625],[-75.30849,5.39592],[-75.30862,5.3971],[-75.30868,5.39763]],[[-75.31673,5.39652],[-75.31619,5.39635],[-75.31673,5.39561],[-75.31716,5.39491],[-75.31636,5.39487],[-75.31566,5.39461],[-75.31565,5.3946],[-75.31565,5.39401],[-75.31565,5.3939],[-75.31576,5.3939],[-75.3163,5.3939],[-75.31689,5.39394],[-75.31727,5.39393],[-75.31727,5.39464],[-75.31818,5.39487],[-75.31783,5.39527],[-75.31737,5.39611],[-75.31683,5.39654],[-75.31678,5.39658],[-75.31673,5.39652]],[[-75.31525,5.39576],[-75.31524,5.3958],[-75.31523,5.39574],[-75.31525,5.39576]],[[-75.3212,5.39518],[-75.3216,5.39517],[-75.32249,5.39458],[-75.32268,5.39464],[-75.32334,5.39464],[-75.32381,5.39497],[-75.32334,5.39511],[-75.32365,5.39551],[-75.32455,5.39574],[-75.32491,5.39641],[-75.32542,5.39671],[-75.32602,5.39721],[-75.32615,5.39811],[-75.32655,5.39875],[-75.32652,5.39938],[-75.32635,5.39986],[-75.32626,5.39973],[-75.32594,5.39951],[-75.32555,5.39951],[-75.32595,5.39881],[-75.32571,5.39751],[-75.32515,5.39725],[-75.32418,5.39598],[-75.32311,5.39581],[-75.32204,5.39521],[-75.32124,5.39524],[-75.3212,5.39518]],[[-75.34384,5.41628],[-75.34384,5.41578],[-75.34432,5.41574],[-75.34438,5.41573],[-75.34476,5.4157],[-75.34481,5.41569],[-75.3453,5.41608],[-75.34443,5.41629],[-75.34427,5.41633],[-75.3441,5.41666],[-75.34384,5.41628]],[[-75.37154,5.37291],[-75.37156,5.37284],[-75.37157,5.37279],[-75.37158,5.37276],[-75.3717,5.37278],[-75.37173,5.37279],[-75.37179,5.3728],[-75.37189,5.37279],[-75.37196,5.37279],[-75.37196,5.37272],[-75.37195,5.37266],[-75.37195,5.37259],[-75.37194,5.37244],[-75.37189,5.37231],[-75.37212,5.37224],[-75.37234,5.37218],[-75.37248,5.37215],[-75.37252,5.37216],[-75.37266,5.37219],[-75.3727,5.37221],[-75.37271,5.37223],[-75.37274,5.37222],[-75.37278,5.37223],[-75.37283,5.37226],[-75.37284,5.37226],[-75.37289,5.3723],[-75.37293,5.37235],[-75.37297,5.37242],[-75.37298,5.37244],[-75.37304,5.37224],[-75.37313,5.37205],[-75.37325,5.37189],[-75.37335,5.37178],[-75.37345,5.37169],[-75.37349,5.37162],[-75.3735,5.37154],[-75.3735,5.37147],[-75.37343,5.3713],[-75.37332,5.37112],[-75.37323,5.371],[-75.3732,5.37096],[-75.373,5.3708],[-75.37282,5.37068],[-75.37273,5.37058],[-75.37266,5.37048],[-75.37261,5.37038],[-75.37258,5.37026],[-75.37258,5.3702],[-75.37259,5.37013],[-75.37263,5.37005],[-75.3727,5.36999],[-75.37276,5.36996],[-75.37289,5.36993],[-75.37312,5.36991],[-75.37336,5.36988],[-75.37364,5.36983],[-75.37382,5.3698],[-75.37399,5.36978],[-75.37414,5.36977],[-75.37424,5.36975],[-75.37431,5.36971],[-75.37435,5.36969],[-75.37436,5.36973],[-75.37437,5.36977],[-75.37438,5.36982],[-75.37438,5.36988],[-75.37447,5.37005],[-75.37451,5.37012],[-75.37455,5.3702],[-75.37459,5.37027],[-75.37474,5.37056],[-75.37459,5.37066],[-75.37461,5.37069],[-75.37465,5.37069],[-75.37469,5.37071],[-75.37473,5.3708],[-75.37481,5.37089],[-75.37484,5.37091],[-75.37485,5.37097],[-75.37488,5.37099],[-75.37493,5.37103],[-75.37496,5.37106],[-75.37499,5.37107],[-75.375,5.37107],[-75.37501,5.37106],[-75.37504,5.37103],[-75.37509,5.37101],[-75.37512,5.371],[-75.37514,5.37097],[-75.37515,5.37093],[-75.37516,5.3709],[-75.37517,5.37088],[-75.3752,5.37088],[-75.37521,5.37086],[-75.37522,5.37084],[-75.37524,5.37084],[-75.37528,5.37085],[-75.37541,5.37086],[-75.37551,5.37091],[-75.37556,5.37093],[-75.37558,5.37095],[-75.37563,5.37098],[-75.37565,5.371],[-75.37569,5.37107],[-75.37595,5.37149],[-75.37608,5.37171],[-75.37587,5.37186],[-75.37564,5.37194],[-75.37569,5.37204],[-75.37543,5.37208],[-75.37543,5.37208],[-75.37536,5.37206],[-75.37534,5.37205],[-75.37525,5.37205],[-75.37515,5.37208],[-75.37508,5.37226],[-75.3754,5.37235],[-75.37528,5.37256],[-75.37516,5.37254],[-75.37508,5.3725],[-75.37501,5.37242],[-75.37493,5.37234],[-75.37485,5.37226],[-75.37478,5.37221],[-75.37468,5.37218],[-75.37456,5.37217],[-75.37442,5.37219],[-75.37441,5.37219],[-75.37439,5.3722],[-75.3744,5.37222],[-75.37441,5.37226],[-75.37441,5.37226],[-75.37441,5.37227],[-75.37439,5.37231],[-75.37439,5.37235],[-75.37438,5.37237],[-75.37439,5.37237],[-75.3744,5.3724],[-75.3744,5.3724],[-75.37446,5.37243],[-75.37453,5.37246],[-75.37457,5.37251],[-75.37461,5.37259],[-75.3746,5.37262],[-75.3746,5.37262],[-75.3746,5.37264],[-75.37461,5.37265],[-75.37461,5.37271],[-75.37462,5.37275],[-75.37478,5.37275],[-75.37493,5.37273],[-75.37509,5.37276],[-75.37515,5.37288],[-75.37516,5.37298],[-75.37516,5.37304],[-75.37516,5.37314],[-75.37517,5.37337],[-75.37511,5.37349],[-75.37492,5.37347],[-75.37487,5.37348],[-75.37483,5.37348],[-75.37483,5.37348],[-75.37481,5.3735],[-75.37481,5.37354],[-75.37481,5.37357],[-75.37481,5.37359],[-75.37493,5.37359],[-75.37493,5.37361],[-75.37494,5.37367],[-75.37502,5.37368],[-75.37503,5.37373],[-75.37504,5.37383],[-75.37506,5.37409],[-75.37505,5.37428],[-75.37504,5.3745],[-75.37503,5.37458],[-75.3751,5.37461],[-75.37519,5.37462],[-75.37518,5.37474],[-75.37518,5.37475],[-75.37518,5.37483],[-75.37518,5.37488],[-75.37518,5.37492],[-75.37516,5.37492],[-75.37527,5.375],[-75.37535,5.37506],[-75.37543,5.37511],[-75.37543,5.37518],[-75.37543,5.37519],[-75.37547,5.37521],[-75.37565,5.37536],[-75.37572,5.37545],[-75.37558,5.37568],[-75.37557,5.37569],[-75.37552,5.37585],[-75.37536,5.37617],[-75.37527,5.37638],[-75.37512,5.37656],[-75.37497,5.37663],[-75.37481,5.37675],[-75.37462,5.3769],[-75.37431,5.37698],[-75.37428,5.37718],[-75.37428,5.37718],[-75.37428,5.37734],[-75.37428,5.37744],[-75.37428,5.37745],[-75.37428,5.3775],[-75.37428,5.37757],[-75.37428,5.37759],[-75.37418,5.37758],[-75.37412,5.37757],[-75.37409,5.37757],[-75.37407,5.37757],[-75.37395,5.37762],[-75.3739,5.37764],[-75.37383,5.37768],[-75.37377,5.37771],[-75.37374,5.37776],[-75.37373,5.37777],[-75.37373,5.37778],[-75.37377,5.37778],[-75.37379,5.37779],[-75.37386,5.37785],[-75.37389,5.37787],[-75.37394,5.3779],[-75.37403,5.37797],[-75.37416,5.37808],[-75.37416,5.37809],[-75.37431,5.3782],[-75.37442,5.37807],[-75.37462,5.3782],[-75.37449,5.37836],[-75.37444,5.37843],[-75.37443,5.37844],[-75.37449,5.37847],[-75.37514,5.37896],[-75.37512,5.37898],[-75.37511,5.37899],[-75.3751,5.379],[-75.37502,5.37909],[-75.37479,5.37934],[-75.37473,5.3794],[-75.37468,5.37937],[-75.3746,5.37935],[-75.37454,5.37934],[-75.37445,5.37931],[-75.37439,5.37926],[-75.37432,5.37919],[-75.37424,5.37913],[-75.37416,5.37906],[-75.37412,5.37903],[-75.374,5.37879],[-75.37398,5.37835],[-75.37388,5.37848],[-75.37386,5.37852],[-75.37379,5.37863],[-75.37378,5.37865],[-75.37377,5.37866],[-75.37375,5.3787],[-75.37373,5.37875],[-75.37373,5.37875],[-75.37373,5.37875],[-75.37368,5.3788],[-75.37364,5.37884],[-75.37359,5.37889],[-75.37359,5.3789],[-75.37356,5.37893],[-75.37354,5.37894],[-75.37354,5.37893],[-75.37347,5.37884],[-75.37346,5.37883],[-75.37342,5.37876],[-75.37341,5.37874],[-75.37338,5.37875],[-75.37334,5.37872],[-75.37331,5.3787],[-75.37322,5.37863],[-75.37321,5.37863],[-75.37321,5.37862],[-75.37319,5.37861],[-75.37315,5.37859],[-75.3731,5.37855],[-75.37307,5.37853],[-75.37305,5.37852],[-75.373,5.37847],[-75.37299,5.37846],[-75.37288,5.37836],[-75.37286,5.37834],[-75.37283,5.37831],[-75.37278,5.3783],[-75.37277,5.37833],[-75.37275,5.37835],[-75.37269,5.37843],[-75.37268,5.37845],[-75.37264,5.3785],[-75.37261,5.37855],[-75.37258,5.37858],[-75.37258,5.37858],[-75.37252,5.37852],[-75.37244,5.37843],[-75.37238,5.3784],[-75.37229,5.37836],[-75.37228,5.37834],[-75.37218,5.37823],[-75.37216,5.3782],[-75.37214,5.37819],[-75.37208,5.37813],[-75.37207,5.37811],[-75.37206,5.37813],[-75.37204,5.37814],[-75.37198,5.3782],[-75.37197,5.3782],[-75.37177,5.37811],[-75.37174,5.3781],[-75.37172,5.3781],[-75.37169,5.37811],[-75.37167,5.37813],[-75.37167,5.37813],[-75.37165,5.37814],[-75.37158,5.37813],[-75.37152,5.37809],[-75.37147,5.37809],[-75.37144,5.37812],[-75.37144,5.37812],[-75.3714,5.37815],[-75.37138,5.37818],[-75.37122,5.37807],[-75.37114,5.3781],[-75.37111,5.37816],[-75.37109,5.37821],[-75.37107,5.37826],[-75.37105,5.3783],[-75.37104,5.37833],[-75.3709,5.37855],[-75.37081,5.37866],[-75.37072,5.37871],[-75.37071,5.37872],[-75.37054,5.3788],[-75.37046,5.37883],[-75.37051,5.37889],[-75.37059,5.37894],[-75.3706,5.37895],[-75.37062,5.37896],[-75.37061,5.37898],[-75.37052,5.37911],[-75.37039,5.3793],[-75.37022,5.37946],[-75.36997,5.3797],[-75.36989,5.37978],[-75.36987,5.37979],[-75.36986,5.37979],[-75.36958,5.37993],[-75.36949,5.37997],[-75.36942,5.38],[-75.3692,5.3801],[-75.36913,5.38014],[-75.36911,5.38015],[-75.36903,5.38019],[-75.36879,5.3803],[-75.36874,5.38032],[-75.36841,5.38048],[-75.36835,5.38052],[-75.36835,5.38052],[-75.36833,5.38052],[-75.36832,5.38052],[-75.36828,5.38051],[-75.36828,5.38051],[-75.36826,5.38051],[-75.36824,5.38051],[-75.36816,5.3805],[-75.36815,5.3805],[-75.36811,5.38048],[-75.36806,5.38047],[-75.36803,5.38046],[-75.36798,5.38046],[-75.36793,5.38047],[-75.3679,5.38047],[-75.36787,5.38046],[-75.3678,5.38043],[-75.36781,5.38043],[-75.36788,5.38034],[-75.36796,5.38022],[-75.36801,5.38017],[-75.36802,5.38016],[-75.36814,5.38004],[-75.36812,5.38002],[-75.36812,5.38001],[-75.36815,5.38],[-75.3682,5.37999],[-75.36823,5.37997],[-75.36825,5.37992],[-75.36829,5.37983],[-75.36833,5.37982],[-75.36837,5.37982],[-75.36839,5.3798],[-75.36841,5.37974],[-75.36842,5.37973],[-75.36845,5.37969],[-75.36848,5.37966],[-75.36848,5.37966],[-75.36853,5.37961],[-75.36855,5.37959],[-75.36858,5.37956],[-75.36861,5.37948],[-75.36861,5.37944],[-75.36862,5.37944],[-75.36867,5.37941],[-75.3687,5.37936],[-75.36871,5.37934],[-75.36871,5.37933],[-75.36872,5.37932],[-75.36885,5.37927],[-75.36897,5.37923],[-75.369,5.37922],[-75.36886,5.37915],[-75.36879,5.37911],[-75.36862,5.37903],[-75.36853,5.37899],[-75.36833,5.37886],[-75.36831,5.37884],[-75.36825,5.37873],[-75.36822,5.3786],[-75.36822,5.37852],[-75.36824,5.37838],[-75.36825,5.37836],[-75.36831,5.3783],[-75.36838,5.37823],[-75.36843,5.37817],[-75.3685,5.37813],[-75.36856,5.37809],[-75.3686,5.37805],[-75.3686,5.37805],[-75.3687,5.37793],[-75.36873,5.3779],[-75.36873,5.3779],[-75.3688,5.37782],[-75.36874,5.37778],[-75.36872,5.37776],[-75.36867,5.3777],[-75.36858,5.37757],[-75.36845,5.37744],[-75.36837,5.37736],[-75.36841,5.37726],[-75.36842,5.37724],[-75.36866,5.37731],[-75.36879,5.37733],[-75.36883,5.37734],[-75.36889,5.37733],[-75.36892,5.37729],[-75.36895,5.37726],[-75.36896,5.37726],[-75.36908,5.37715],[-75.36928,5.37698],[-75.36958,5.37648],[-75.3697,5.37633],[-75.37042,5.37541],[-75.3704,5.37539],[-75.37038,5.37538],[-75.37033,5.37535],[-75.37028,5.37533],[-75.37024,5.37528],[-75.37021,5.37526],[-75.37019,5.37522],[-75.3702,5.37519],[-75.37021,5.37518],[-75.37021,5.37515],[-75.37021,5.37508],[-75.37019,5.37501],[-75.37019,5.37499],[-75.37019,5.37498],[-75.37016,5.37491],[-75.37014,5.37487],[-75.37009,5.3748],[-75.37007,5.37477],[-75.37006,5.37476],[-75.37004,5.37471],[-75.37004,5.3747],[-75.37007,5.37467],[-75.37009,5.37465],[-75.37009,5.37465],[-75.37011,5.37463],[-75.37014,5.37462],[-75.37028,5.3746],[-75.37039,5.37458],[-75.37051,5.37456],[-75.37054,5.37455],[-75.37055,5.37452],[-75.37056,5.37447],[-75.37059,5.37439],[-75.37067,5.37425],[-75.37064,5.37422],[-75.37068,5.37417],[-75.37078,5.37424],[-75.37103,5.37404],[-75.37103,5.37404],[-75.37106,5.37401],[-75.37106,5.374],[-75.37103,5.37397],[-75.37087,5.37383],[-75.37083,5.37379],[-75.37078,5.37375],[-75.37076,5.37373],[-75.37076,5.3737],[-75.37076,5.37366],[-75.37074,5.37353],[-75.37074,5.37347],[-75.37072,5.37317],[-75.37073,5.37296],[-75.37074,5.37285],[-75.37075,5.37273],[-75.37075,5.37271],[-75.37076,5.37262],[-75.37095,5.37281],[-75.37121,5.37292],[-75.37129,5.37296],[-75.37142,5.37302],[-75.37144,5.37302],[-75.37151,5.37307],[-75.37151,5.37304],[-75.37154,5.37291]],[[-75.31515,5.36332],[-75.31474,5.36295],[-75.31387,5.36082],[-75.31261,5.35986],[-75.31205,5.35784],[-75.31094,5.35699],[-75.3104,5.35447],[-75.3087,5.35419],[-75.30943,5.35287],[-75.31046,5.35265],[-75.31203,5.35147],[-75.31515,5.36332]],[[-75.3054,5.3456],[-75.30571,5.34639],[-75.30473,5.34639],[-75.30473,5.34585],[-75.30452,5.34544],[-75.3054,5.3456]],[[-75.37931,5.331],[-75.37914,5.33168],[-75.37902,5.33158],[-75.37902,5.33088],[-75.37886,5.33068],[-75.37931,5.331]],[[-75.3782,5.33023],[-75.37773,5.33015],[-75.37763,5.32984],[-75.3782,5.33023]],[[-75.48004,5.33128],[-75.48004,5.33083],[-75.47925,5.32944],[-75.47903,5.32914],[-75.47955,5.32892],[-75.48025,5.33126],[-75.48015,5.33131],[-75.48004,5.33128]],[[-75.46191,5.33932],[-75.46203,5.33934],[-75.46196,5.33936],[-75.46191,5.33932]],[[-75.37407,5.3272],[-75.37355,5.32733],[-75.3732,5.32733],[-75.37282,5.32751],[-75.37276,5.3275],[-75.37266,5.32724],[-75.37266,5.32705],[-75.37317,5.32691],[-75.37341,5.32618],[-75.37317,5.32555],[-75.3728,5.32532],[-75.37294,5.32494],[-75.3733,5.32401],[-75.37344,5.32419],[-75.37408,5.32444],[-75.37477,5.32482],[-75.37482,5.32477],[-75.37504,5.32563],[-75.37504,5.32711],[-75.37453,5.32709],[-75.37407,5.3272]],[[-75.37449,5.32346],[-75.37458,5.32381],[-75.374,5.32329],[-75.37367,5.32305],[-75.37449,5.32346]],[[-75.38369,5.32019],[-75.38369,5.32024],[-75.38367,5.32024],[-75.38364,5.32023],[-75.38351,5.32],[-75.38355,5.31992],[-75.38356,5.31991],[-75.38369,5.31965],[-75.38369,5.32019]],[[-75.39597,5.31333],[-75.39592,5.31362],[-75.39592,5.31395],[-75.39592,5.31429],[-75.39587,5.31458],[-75.39568,5.31482],[-75.39545,5.31506],[-75.39545,5.31506],[-75.39531,5.31502],[-75.39528,5.31499],[-75.39523,5.31474],[-75.39526,5.31448],[-75.39545,5.31407],[-75.39579,5.31345],[-75.39606,5.31305],[-75.39597,5.31333]],[[-75.3796,5.31318],[-75.37983,5.31318],[-75.37974,5.31367],[-75.37973,5.31371],[-75.37969,5.31365],[-75.37941,5.31351],[-75.37912,5.31342],[-75.37888,5.31322],[-75.37874,5.31299],[-75.37869,5.3127],[-75.37869,5.31241],[-75.37869,5.31208],[-75.37845,5.31184],[-75.3783,5.31165],[-75.37917,5.31154],[-75.37917,5.31165],[-75.37926,5.31193],[-75.37926,5.31222],[-75.37917,5.31251],[-75.37917,5.31279],[-75.37936,5.31303],[-75.3796,5.31318]],[[-75.39043,5.31181],[-75.39019,5.31162],[-75.39005,5.31138],[-75.39,5.31131],[-75.39007,5.31127],[-75.39065,5.31189],[-75.39043,5.31181]],[[-75.40082,5.31132],[-75.40098,5.31141],[-75.40081,5.31146],[-75.40082,5.31132]],[[-75.39139,5.31282],[-75.39114,5.31267],[-75.39105,5.31239],[-75.39082,5.3122],[-75.39074,5.31198],[-75.39081,5.31206],[-75.39143,5.31284],[-75.39139,5.31282]],[[-75.39768,5.31209],[-75.39773,5.31205],[-75.39723,5.31305],[-75.39716,5.31304],[-75.39692,5.3129],[-75.39659,5.31276],[-75.3963,5.31281],[-75.39607,5.31304],[-75.39614,5.31294],[-75.39618,5.31232],[-75.39618,5.31228],[-75.39635,5.31228],[-75.39664,5.31228],[-75.39692,5.31233],[-75.39721,5.31233],[-75.39749,5.31233],[-75.39768,5.31209]],[[-75.38909,5.31098],[-75.38895,5.31096],[-75.38866,5.31086],[-75.38847,5.31062],[-75.38842,5.31034],[-75.38833,5.31018],[-75.38875,5.31035],[-75.38879,5.31038],[-75.38909,5.31098]],[[-75.39315,5.31066],[-75.39315,5.31065],[-75.39317,5.31068],[-75.39315,5.31066]],[[-75.38698,5.30963],[-75.3873,5.30976],[-75.38718,5.30976],[-75.38689,5.30967],[-75.38681,5.30962],[-75.38698,5.30963]],[[-75.39351,5.3067],[-75.39342,5.30688],[-75.39342,5.30683],[-75.39342,5.30655],[-75.39354,5.30651],[-75.39351,5.3067]],[[-75.40613,5.305],[-75.40588,5.30519],[-75.40588,5.30494],[-75.40617,5.30494],[-75.40619,5.30494],[-75.40613,5.305]],[[-75.41333,5.29975],[-75.41309,5.29981],[-75.41309,5.29996],[-75.41295,5.30008],[-75.41295,5.3001],[-75.41287,5.3001],[-75.41273,5.30039],[-75.41258,5.30069],[-75.41251,5.30098],[-75.41222,5.3012],[-75.41193,5.30135],[-75.41171,5.30157],[-75.41142,5.30171],[-75.4112,5.30193],[-75.41106,5.30223],[-75.41084,5.30245],[-75.41061,5.30267],[-75.41047,5.30296],[-75.41047,5.30325],[-75.41048,5.30354],[-75.41048,5.30384],[-75.41048,5.30413],[-75.41048,5.30442],[-75.41026,5.30464],[-75.4102,5.30476],[-75.40958,5.30436],[-75.40976,5.30397],[-75.41022,5.30286],[-75.41022,5.30206],[-75.41032,5.30201],[-75.41047,5.30172],[-75.41069,5.3015],[-75.41098,5.30135],[-75.41105,5.30106],[-75.41127,5.30084],[-75.41141,5.30054],[-75.41149,5.30025],[-75.41171,5.30003],[-75.412,5.29981],[-75.41229,5.29959],[-75.41258,5.29944],[-75.41287,5.29922],[-75.41309,5.299],[-75.41338,5.299],[-75.4136,5.29922],[-75.4136,5.29951],[-75.41338,5.29973],[-75.41335,5.29974],[-75.41334,5.29974],[-75.41333,5.29975]],[[-75.39259,5.302],[-75.39305,5.30279],[-75.39285,5.30272],[-75.39261,5.30253],[-75.39236,5.30234],[-75.39246,5.302],[-75.39246,5.30179],[-75.39259,5.302]],[[-75.39455,5.29998],[-75.39411,5.30103],[-75.39363,5.30103],[-75.39333,5.30062],[-75.3933,5.30033],[-75.39346,5.30033],[-75.39375,5.30033],[-75.39394,5.30009],[-75.39394,5.2998],[-75.39417,5.29961],[-75.39446,5.29956],[-75.39449,5.29955],[-75.3946,5.29955],[-75.39455,5.29998]],[[-75.36841,5.30062],[-75.36812,5.30067],[-75.36811,5.30067],[-75.36809,5.30051],[-75.36809,5.30046],[-75.36814,5.29911],[-75.36823,5.29838],[-75.3683,5.29851],[-75.36859,5.29856],[-75.36882,5.29863],[-75.36888,5.29876],[-75.36888,5.29894],[-75.36878,5.29906],[-75.36849,5.29907],[-75.36849,5.29918],[-75.3684,5.29918],[-75.3684,5.29947],[-75.3684,5.29976],[-75.3684,5.29998],[-75.3684,5.30004],[-75.3684,5.30033],[-75.36841,5.30062]],[[-75.36608,5.2991],[-75.36589,5.29907],[-75.3656,5.29898],[-75.36536,5.29883],[-75.36503,5.29855],[-75.36482,5.29838],[-75.36512,5.29652],[-75.36526,5.29635],[-75.3655,5.29611],[-75.36578,5.2962],[-75.36593,5.29644],[-75.36584,5.29673],[-75.36569,5.29697],[-75.36569,5.2973],[-75.36584,5.29754],[-75.36603,5.29778],[-75.36604,5.29778],[-75.36608,5.2991]],[[-75.37799,5.2956],[-75.37779,5.29558],[-75.37769,5.29526],[-75.37741,5.29534],[-75.37732,5.29503],[-75.37722,5.2947],[-75.37714,5.29444],[-75.37706,5.29415],[-75.37697,5.29384],[-75.3766,5.29366],[-75.37637,5.2936],[-75.37642,5.29299],[-75.37624,5.2925],[-75.3764,5.29247],[-75.37669,5.29247],[-75.37698,5.29247],[-75.37727,5.29242],[-75.3775,5.29227],[-75.37765,5.29194],[-75.37774,5.29156],[-75.37758,5.29134],[-75.37774,5.29108],[-75.37756,5.29086],[-75.37764,5.2905],[-75.37738,5.29024],[-75.37711,5.28998],[-75.37705,5.28992],[-75.37713,5.28983],[-75.37853,5.29008],[-75.37855,5.29017],[-75.37859,5.29045],[-75.37874,5.29069],[-75.37887,5.29086],[-75.37799,5.2956]],[[-75.36557,5.29505],[-75.36557,5.29505],[-75.36555,5.29505],[-75.36548,5.29504],[-75.36557,5.29505]],[[-75.40488,5.29259],[-75.40509,5.29255],[-75.40509,5.29284],[-75.40509,5.29312],[-75.40504,5.29341],[-75.40504,5.2937],[-75.40495,5.29399],[-75.40475,5.29399],[-75.40488,5.29259]],[[-75.39583,5.29343],[-75.39609,5.29351],[-75.39608,5.29435],[-75.39603,5.29434],[-75.39574,5.29429],[-75.3955,5.29415],[-75.3954,5.29386],[-75.39531,5.29358],[-75.39555,5.29338],[-75.39583,5.29343]],[[-75.40421,5.28279],[-75.40421,5.28308],[-75.40421,5.28337],[-75.40421,5.28365],[-75.40421,5.28394],[-75.40407,5.28418],[-75.40392,5.28447],[-75.40379,5.28471],[-75.40359,5.28495],[-75.40373,5.28519],[-75.40383,5.28552],[-75.40402,5.28576],[-75.40417,5.286],[-75.40436,5.28624],[-75.40438,5.28638],[-75.4033,5.28631],[-75.40133,5.28566],[-75.40144,5.28553],[-75.40159,5.28529],[-75.40188,5.28519],[-75.40211,5.285],[-75.4024,5.28486],[-75.40269,5.28476],[-75.40282,5.28452],[-75.40302,5.28428],[-75.40311,5.28399],[-75.40311,5.28371],[-75.40325,5.28347],[-75.40344,5.28323],[-75.40363,5.28299],[-75.40388,5.28275],[-75.40421,5.28279]],[[-75.39616,5.2861],[-75.39606,5.28592],[-75.39605,5.28563],[-75.396,5.28535],[-75.396,5.28506],[-75.39572,5.28487],[-75.39558,5.28463],[-75.39555,5.28456],[-75.39548,5.28434],[-75.39533,5.2841],[-75.39529,5.28382],[-75.39514,5.28353],[-75.39514,5.28324],[-75.39514,5.28296],[-75.39514,5.28267],[-75.39538,5.28243],[-75.39561,5.28229],[-75.39581,5.28205],[-75.396,5.28181],[-75.396,5.28152],[-75.39623,5.28138],[-75.39629,5.28109],[-75.39628,5.2808],[-75.39614,5.28051],[-75.39609,5.28023],[-75.39609,5.27994],[-75.39638,5.27994],[-75.39666,5.28004],[-75.39695,5.28003],[-75.39719,5.27989],[-75.39719,5.2796],[-75.39719,5.27932],[-75.39719,5.27903],[-75.39747,5.27893],[-75.39766,5.27897],[-75.39766,5.27908],[-75.39766,5.27936],[-75.39767,5.27936],[-75.39767,5.28056],[-75.39822,5.28056],[-75.39822,5.2811],[-75.39847,5.28139],[-75.39891,5.28167],[-75.39886,5.28175],[-75.39877,5.28204],[-75.39857,5.28228],[-75.39834,5.28247],[-75.39819,5.28271],[-75.39819,5.283],[-75.39829,5.28329],[-75.39858,5.28328],[-75.39891,5.28328],[-75.39934,5.28328],[-75.39967,5.28323],[-75.39991,5.28309],[-75.4002,5.28295],[-75.4002,5.28266],[-75.40023,5.28249],[-75.40048,5.28265],[-75.40077,5.28262],[-75.40077,5.28285],[-75.40101,5.28299],[-75.40125,5.28318],[-75.40125,5.28347],[-75.40115,5.28376],[-75.40102,5.284],[-75.40083,5.28424],[-75.40058,5.28438],[-75.40044,5.28467],[-75.4003,5.28491],[-75.40015,5.28515],[-75.40002,5.28539],[-75.39998,5.28543],[-75.3995,5.2852],[-75.39872,5.28506],[-75.39812,5.28525],[-75.39803,5.28538],[-75.39636,5.28524],[-75.39616,5.2861]],[[-75.36749,5.28525],[-75.36749,5.28523],[-75.36751,5.28522],[-75.36749,5.28525]],[[-75.37838,5.2846],[-75.3783,5.28424],[-75.37842,5.28423],[-75.37838,5.2846]],[[-75.37888,5.27924],[-75.37888,5.27954],[-75.37888,5.27956],[-75.37877,5.2796],[-75.37875,5.2796],[-75.37846,5.27948],[-75.3781,5.2793],[-75.3781,5.27902],[-75.37809,5.27896],[-75.37882,5.27863],[-75.37888,5.27888],[-75.37888,5.27924]],[[-75.39881,5.27883],[-75.39895,5.2786],[-75.39914,5.27831],[-75.39938,5.27816],[-75.39962,5.27802],[-75.3999,5.27807],[-75.40009,5.27831],[-75.40028,5.27854],[-75.40031,5.27868],[-75.39929,5.27893],[-75.39881,5.27883]],[[-75.3776,5.27657],[-75.37705,5.27698],[-75.3775,5.27656],[-75.3776,5.27657]],[[-75.37369,5.27395],[-75.37307,5.27358],[-75.37335,5.27339],[-75.37355,5.27339],[-75.37379,5.27315],[-75.37379,5.27308],[-75.37465,5.27248],[-75.37474,5.27251],[-75.37472,5.27271],[-75.37445,5.27322],[-75.37369,5.27395]],[[-75.38387,5.27313],[-75.38387,5.27283],[-75.38387,5.27247],[-75.38381,5.27217],[-75.38351,5.27199],[-75.38321,5.27187],[-75.38321,5.27157],[-75.38351,5.27145],[-75.3838,5.27139],[-75.38397,5.2713],[-75.38411,5.27121],[-75.38441,5.27109],[-75.3847,5.27103],[-75.385,5.27103],[-75.38521,5.27103],[-75.38533,5.27111],[-75.38548,5.27146],[-75.38591,5.27248],[-75.38563,5.27262],[-75.38527,5.27262],[-75.38498,5.27263],[-75.38469,5.27263],[-75.38442,5.27276],[-75.3844,5.27277],[-75.38438,5.27281],[-75.38436,5.27286],[-75.38425,5.27306],[-75.38412,5.27313],[-75.38396,5.27321],[-75.38387,5.2733],[-75.38387,5.27313]],[[-75.38774,5.27175],[-75.38711,5.27109],[-75.38683,5.27082],[-75.38683,5.27028],[-75.3866,5.26982],[-75.38651,5.26965],[-75.38663,5.26956],[-75.38672,5.26962],[-75.38793,5.27027],[-75.38857,5.27092],[-75.38892,5.27126],[-75.38905,5.27153],[-75.38882,5.27153],[-75.38853,5.27153],[-75.38831,5.27175],[-75.38806,5.27175],[-75.38802,5.27175],[-75.38774,5.27175]],[[-75.37348,5.26976],[-75.37348,5.26962],[-75.37348,5.26932],[-75.37342,5.26902],[-75.37342,5.26872],[-75.37342,5.26843],[-75.3733,5.26813],[-75.37312,5.26789],[-75.37306,5.26759],[-75.373,5.26729],[-75.37294,5.26699],[-75.37276,5.26675],[-75.37258,5.26651],[-75.37252,5.26621],[-75.37234,5.26592],[-75.37225,5.26567],[-75.37297,5.26554],[-75.37305,5.26564],[-75.37306,5.26568],[-75.37312,5.26597],[-75.37312,5.26627],[-75.37318,5.26657],[-75.3733,5.26687],[-75.37342,5.26717],[-75.37348,5.26747],[-75.3736,5.26777],[-75.37378,5.26807],[-75.37384,5.26836],[-75.37384,5.26866],[-75.3739,5.26896],[-75.3739,5.26926],[-75.3739,5.26956],[-75.3739,5.26972],[-75.37375,5.2697],[-75.37348,5.26976]],[[-75.3759,5.26871],[-75.37526,5.26703],[-75.37503,5.26578],[-75.37487,5.26501],[-75.37521,5.26486],[-75.37521,5.26495],[-75.37521,5.26525],[-75.37521,5.26555],[-75.37533,5.26585],[-75.3755,5.26609],[-75.37569,5.26633],[-75.37592,5.26651],[-75.37605,5.2668],[-75.37611,5.2671],[-75.37611,5.2674],[-75.37605,5.2677],[-75.37605,5.268],[-75.37605,5.2683],[-75.37605,5.2686],[-75.37605,5.2689],[-75.37605,5.26896],[-75.3759,5.26871]],[[-75.3925,5.27063],[-75.39139,5.26978],[-75.39142,5.26978],[-75.39171,5.26978],[-75.392,5.26978],[-75.39229,5.26978],[-75.39251,5.26999],[-75.39265,5.27028],[-75.39272,5.27057],[-75.39273,5.27087],[-75.39259,5.27116],[-75.39257,5.27119],[-75.3925,5.27063]],[[-75.38751,5.26213],[-75.38636,5.26255],[-75.38631,5.2624],[-75.38735,5.26214],[-75.38751,5.26213],[-75.38751,5.26213]],[[-75.37417,5.26241],[-75.37372,5.26237],[-75.37386,5.26228],[-75.37389,5.26227],[-75.37418,5.2622],[-75.37442,5.26202],[-75.37453,5.26196],[-75.37417,5.26241]],[[-75.38204,5.26027],[-75.38181,5.26087],[-75.38133,5.26103],[-75.3808,5.26091],[-75.38089,5.26077],[-75.3817,5.25972],[-75.38204,5.26027]]],[[[-75.31431,5.46027],[-75.31446,5.46044],[-75.31466,5.46069],[-75.31466,5.46069],[-75.3145,5.46039],[-75.31443,5.46025],[-75.3143,5.46025],[-75.31431,5.46027]]]]},"properties":{"FID":1,"OBJECTID":2,"NOMBRE":"Reserva Forestal Central ley 2da Tipo B","COMPOSICIO":" ","AREA_PBOT":20785.5083294,"SECTOR":"RURAL","FUENTE":"EPP NORTE - CORPOCALDAS","TIPO":"LEY 2 DE 1959","SHAPE_Leng":193460.563182,"SHAPE_Area":207855083.294}}]}