{"type":"FeatureCollection","name":"Vulnerabilidad_Contaminacion_RioGrandemagdalena","crs":{"type":"name","properties":{"name":"urn:ogc:def:crs:OGC:1.3:CRS84"}},"features":[{"type":"Feature","id":1,"geometry":{"type":"MultiPolygon","coordinates":[[[[-74.83169,5.53234],[-74.82941,5.53413],[-74.82916,5.53594],[-74.83507,5.53732],[-74.83866,5.54166],[-74.84049,5.54191],[-74.84468,5.54008],[-74.8449,5.5363],[-74.84446,5.53474],[-74.84263,5.53269],[-74.8423,5.53153],[-74.83937,5.53172],[-74.83397,5.53167],[-74.83169,5.53234]]],[[[-74.66996,5.77049],[-74.66997,5.77051],[-74.67007,5.77119],[-74.67127,5.77199],[-74.67195,5.77233],[-74.67216,5.7724],[-74.67221,5.77241],[-74.67225,5.77242],[-74.67294,5.77281],[-74.67372,5.77329],[-74.67417,5.77368],[-74.67426,5.77375],[-74.67536,5.77469],[-74.67635,5.77569],[-74.67636,5.7757],[-74.6768,5.7762],[-74.67726,5.77688],[-74.67746,5.7772],[-74.67786,5.77767],[-74.67803,5.77782],[-74.67858,5.77813],[-74.68001,5.77888],[-74.6801,5.77891],[-74.68293,5.77818],[-74.68538,5.77755],[-74.68682,5.77627],[-74.69336,5.77047],[-74.69337,5.77047],[-74.69345,5.77046],[-74.69384,5.77039],[-74.69407,5.77039],[-74.69418,5.77037],[-74.69422,5.7704],[-74.6944,5.77045],[-74.69448,5.77048],[-74.6945,5.77048],[-74.69456,5.77054],[-74.69466,5.77065],[-74.69472,5.77068],[-74.69473,5.77075],[-74.69475,5.77079],[-74.695,5.77134],[-74.69501,5.77138],[-74.69501,5.77139],[-74.69501,5.77157],[-74.69507,5.77172],[-74.6951,5.77178],[-74.69514,5.77265],[-74.69523,5.77358],[-74.69537,5.77434],[-74.69539,5.77443],[-74.6954,5.77446],[-74.69584,5.7753],[-74.6959,5.77538],[-74.69592,5.7754],[-74.69792,5.77668],[-74.69793,5.77669],[-74.69979,5.77704],[-74.70091,5.77653],[-74.70091,5.77653],[-74.70094,5.7765],[-74.70143,5.77585],[-74.70146,5.77557],[-74.70148,5.77528],[-74.70148,5.77454],[-74.70164,5.77248],[-74.70167,5.77216],[-74.70185,5.77168],[-74.70188,5.7716],[-74.70198,5.77142],[-74.7021,5.7712],[-74.70246,5.77078],[-74.70268,5.77054],[-74.70279,5.77047],[-74.7028,5.77046],[-74.70323,5.77013],[-74.70397,5.76939],[-74.70424,5.76926],[-74.70434,5.76921],[-74.7044,5.76918],[-74.70449,5.76916],[-74.70451,5.76915],[-74.70501,5.76901],[-74.70532,5.76908],[-74.70538,5.76909],[-74.70541,5.7691],[-74.706,5.76942],[-74.70605,5.76944],[-74.70611,5.7695],[-74.70646,5.76984],[-74.70652,5.7699],[-74.70682,5.77019],[-74.70768,5.77119],[-74.7077,5.7712],[-74.7093,5.77217],[-74.71055,5.77235],[-74.71199,5.77193],[-74.71214,5.77185],[-74.71283,5.771],[-74.71301,5.77076],[-74.71301,5.77074],[-74.71275,5.76674],[-74.71206,5.76456],[-74.71195,5.76436],[-74.71162,5.76327],[-74.71152,5.76294],[-74.71126,5.7621],[-74.71111,5.76137],[-74.71101,5.76093],[-74.71076,5.75976],[-74.71073,5.75951],[-74.71055,5.75773],[-74.71059,5.75701],[-74.7106,5.7569],[-74.71064,5.75673],[-74.71069,5.75653],[-74.71075,5.75632],[-74.71076,5.75624],[-74.71078,5.7562],[-74.71083,5.75601],[-74.71089,5.75584],[-74.71095,5.7556],[-74.71139,5.7547],[-74.7116,5.75433],[-74.71184,5.75392],[-74.71195,5.75374],[-74.71201,5.75369],[-74.71202,5.75367],[-74.71213,5.75357],[-74.71235,5.75347],[-74.71252,5.7534],[-74.71278,5.75337],[-74.71283,5.75336],[-74.71294,5.75335],[-74.71329,5.7534],[-74.71333,5.75342],[-74.7135,5.75347],[-74.71368,5.75354],[-74.7142,5.75419],[-74.71436,5.75448],[-74.71547,5.7559],[-74.71549,5.75593],[-74.71551,5.75594],[-74.71725,5.75712],[-74.71831,5.75703],[-74.71834,5.75702],[-74.71841,5.75698],[-74.71922,5.75611],[-74.71925,5.75607],[-74.71926,5.75605],[-74.7198,5.75198],[-74.71993,5.75001],[-74.72006,5.74969],[-74.72012,5.74953],[-74.72013,5.74951],[-74.72013,5.74947],[-74.72018,5.74939],[-74.72032,5.74909],[-74.72036,5.74901],[-74.72068,5.74852],[-74.72081,5.74832],[-74.72099,5.74801],[-74.72126,5.74779],[-74.72215,5.74697],[-74.72232,5.74681],[-74.72318,5.74617],[-74.72469,5.74397],[-74.72519,5.74319],[-74.72523,5.74311],[-74.72523,5.7431],[-74.72527,5.74299],[-74.72574,5.74081],[-74.72576,5.74063],[-74.72575,5.74025],[-74.72558,5.73836],[-74.72555,5.73823],[-74.72477,5.7355],[-74.72433,5.73393],[-74.7241,5.73313],[-74.72406,5.73289],[-74.72372,5.73118],[-74.72345,5.72923],[-74.72328,5.72802],[-74.72321,5.72758],[-74.72319,5.7273],[-74.72317,5.7271],[-74.72314,5.72676],[-74.72317,5.72619],[-74.72319,5.72585],[-74.72322,5.72528],[-74.72323,5.72526],[-74.72323,5.72524],[-74.72341,5.72458],[-74.7237,5.72347],[-74.72386,5.72313],[-74.72424,5.72226],[-74.72476,5.72131],[-74.72507,5.721],[-74.7251,5.72096],[-74.72572,5.72022],[-74.72644,5.71967],[-74.72692,5.7193],[-74.72742,5.71883],[-74.72747,5.71878],[-74.72787,5.71825],[-74.72812,5.71779],[-74.72824,5.71756],[-74.72845,5.71716],[-74.72909,5.71636],[-74.72945,5.7159],[-74.72951,5.71585],[-74.7297,5.71567],[-74.72986,5.71552],[-74.7301,5.71529],[-74.7313,5.71371],[-74.73131,5.71367],[-74.73131,5.71366],[-74.7313,5.71362],[-74.73105,5.71314],[-74.73102,5.7131],[-74.73091,5.71301],[-74.72964,5.71217],[-74.72886,5.71179],[-74.72847,5.7114],[-74.72796,5.71088],[-74.72792,5.7108],[-74.72777,5.71054],[-74.7277,5.71045],[-74.72768,5.71031],[-74.72748,5.70961],[-74.72738,5.7082],[-74.72734,5.70793],[-74.72738,5.70781],[-74.72767,5.7065],[-74.72787,5.70596],[-74.72798,5.70568],[-74.72807,5.70547],[-74.72822,5.70527],[-74.72837,5.70507],[-74.72858,5.70488],[-74.72898,5.70452],[-74.72928,5.70439],[-74.72945,5.70439],[-74.7298,5.70452],[-74.72982,5.70453],[-74.73019,5.70478],[-74.73033,5.70498],[-74.73035,5.70502],[-74.73041,5.70509],[-74.73187,5.70642],[-74.73354,5.70707],[-74.73364,5.70709],[-74.73383,5.7071],[-74.7353,5.70708],[-74.73663,5.70664],[-74.73846,5.70465],[-74.73849,5.7046],[-74.73857,5.70441],[-74.7391,5.7028],[-74.7391,5.70279],[-74.73911,5.70274],[-74.73908,5.70265],[-74.73872,5.70188],[-74.73864,5.70182],[-74.7385,5.70174],[-74.73799,5.70143],[-74.7376,5.70104],[-74.7376,5.70103],[-74.73772,5.7001],[-74.73791,5.69866],[-74.73791,5.69865],[-74.73793,5.69865],[-74.73794,5.6986],[-74.73794,5.69859],[-74.73796,5.69849],[-74.738,5.6985],[-74.73825,5.69859],[-74.7404,5.69797],[-74.74042,5.69797],[-74.74052,5.69795],[-74.74094,5.69781],[-74.7423,5.69781],[-74.74428,5.69764],[-74.7447,5.69755],[-74.74482,5.69756],[-74.74544,5.69752],[-74.74552,5.69753],[-74.74635,5.69746],[-74.74686,5.69739],[-74.74717,5.6975],[-74.74786,5.6977],[-74.75191,5.69603],[-74.75293,5.6956],[-74.75325,5.6956],[-74.75515,5.69558],[-74.75522,5.69556],[-74.75538,5.69548],[-74.75642,5.69487],[-74.75645,5.69487],[-74.75821,5.69445],[-74.75929,5.69445],[-74.76011,5.69432],[-74.76091,5.69433],[-74.76105,5.69431],[-74.7611,5.69434],[-74.76141,5.69437],[-74.76265,5.69507],[-74.76388,5.69504],[-74.7639,5.69503],[-74.76394,5.69501],[-74.76401,5.69493],[-74.76422,5.69465],[-74.7646,5.69428],[-74.76474,5.69413],[-74.76604,5.69327],[-74.7673,5.69223],[-74.7678,5.69168],[-74.76945,5.68983],[-74.76956,5.68964],[-74.76973,5.68951],[-74.76999,5.68943],[-74.7702,5.6894],[-74.77028,5.68938],[-74.7703,5.68939],[-74.77107,5.68956],[-74.77132,5.68966],[-74.77125,5.68899],[-74.77124,5.68881],[-74.77071,5.68878],[-74.77072,5.68854],[-74.77014,5.68852],[-74.77015,5.68752],[-74.76989,5.68744],[-74.76315,5.68745],[-74.76254,5.68773],[-74.76235,5.68877],[-74.75563,5.68885],[-74.75498,5.68916],[-74.75473,5.68981],[-74.74873,5.68986],[-74.74606,5.69049],[-74.74606,5.69124],[-74.74271,5.69124],[-74.74254,5.68751],[-74.74456,5.68364],[-74.74816,5.6793],[-74.76239,5.67965],[-74.76242,5.67884],[-74.76326,5.67869],[-74.76357,5.67815],[-74.7636,5.67609],[-74.76425,5.67616],[-74.76452,5.6723],[-74.766,5.66814],[-74.76615,5.6668],[-74.76734,5.6663],[-74.76783,5.66588],[-74.77215,5.66633],[-74.77292,5.66733],[-74.77746,5.66732],[-74.77754,5.6687],[-74.7764,5.66924],[-74.77598,5.67012],[-74.77407,5.67016],[-74.77399,5.67234],[-74.77747,5.67238],[-74.77858,5.67157],[-74.78072,5.67119],[-74.78243,5.66946],[-74.78232,5.66617],[-74.78125,5.66617],[-74.78117,5.66368],[-74.78059,5.66108],[-74.77952,5.6597],[-74.77807,5.65867],[-74.77543,5.65665],[-74.77443,5.65416],[-74.77454,5.65311],[-74.77733,5.65061],[-74.77729,5.64977],[-74.77886,5.64973],[-74.78119,5.64812],[-74.78233,5.64713],[-74.78351,5.64567],[-74.78347,5.63876],[-74.78347,5.6379],[-74.78484,5.63661],[-74.78487,5.63518],[-74.78488,5.63505],[-74.78598,5.63455],[-74.7861,5.63137],[-74.78495,5.63076],[-74.78494,5.6259],[-74.78597,5.6259],[-74.78872,5.62239],[-74.78864,5.62101],[-74.78975,5.62101],[-74.79112,5.61867],[-74.79116,5.61733],[-74.79253,5.61634],[-74.7923,5.61484],[-74.79352,5.61408],[-74.79339,5.61074],[-74.79337,5.61074],[-74.79124,5.61115],[-74.79133,5.61201],[-74.78675,5.61197],[-74.78603,5.61025],[-74.78617,5.60475],[-74.78698,5.60436],[-74.78707,5.60096],[-74.7843,5.59905],[-74.78348,5.59575],[-74.78467,5.59331],[-74.78443,5.58944],[-74.78872,5.58584],[-74.78867,5.58185],[-74.78977,5.58185],[-74.78981,5.58065],[-74.79048,5.58031],[-74.79444,5.57658],[-74.79406,5.57567],[-74.79272,5.57548],[-74.79238,5.57151],[-74.7963,5.57155],[-74.79868,5.57026],[-74.80193,5.56757],[-74.80241,5.56745],[-74.80226,5.56429],[-74.79763,5.5643],[-74.79547,5.56196],[-74.79485,5.56158],[-74.795,5.56052],[-74.79595,5.56023],[-74.79614,5.55794],[-74.80029,5.55788],[-74.80168,5.55673],[-74.80148,5.55549],[-74.79236,5.5555],[-74.79241,5.55182],[-74.79632,5.55162],[-74.79809,5.55042],[-74.79918,5.54923],[-74.80042,5.54788],[-74.80085,5.54633],[-74.8019,5.54566],[-74.80343,5.54513],[-74.80376,5.54422],[-74.80477,5.54427],[-74.80481,5.54302],[-74.80978,5.54292],[-74.80982,5.53971],[-74.8069,5.53608],[-74.79926,5.52901],[-74.79849,5.52908],[-74.79849,5.52698],[-74.79973,5.52621],[-74.79992,5.52229],[-74.7992,5.52157],[-74.79863,5.52119],[-74.79838,5.51918],[-74.79733,5.51865],[-74.79695,5.51463],[-74.79862,5.51281],[-74.80119,5.51315],[-74.80344,5.51506],[-74.80483,5.51529],[-74.80483,5.51788],[-74.8076,5.52295],[-74.80866,5.5229],[-74.80866,5.52543],[-74.81076,5.52907],[-74.81163,5.53179],[-74.81225,5.53179],[-74.8123,5.53553],[-74.8133,5.53691],[-74.81364,5.53691],[-74.81369,5.53911],[-74.81531,5.53897],[-74.81722,5.53681],[-74.8173,5.52222],[-74.81667,5.52011],[-74.81581,5.51906],[-74.81323,5.51514],[-74.81227,5.51524],[-74.81232,5.51017],[-74.81857,5.50834],[-74.81857,5.50774],[-74.8212,5.50769],[-74.82143,5.50654],[-74.82258,5.50664],[-74.82482,5.50386],[-74.82487,5.50266],[-74.82257,5.503],[-74.82258,5.504],[-74.81388,5.50382],[-74.81264,5.50258],[-74.81173,5.50153],[-74.81168,5.50043],[-74.8123,5.49938],[-74.81326,5.49875],[-74.81369,5.49775],[-74.81918,5.49779],[-74.81894,5.49678],[-74.81994,5.49669],[-74.82018,5.4952],[-74.81951,5.49415],[-74.81951,5.49315],[-74.82032,5.49295],[-74.82075,5.49219],[-74.82227,5.49171],[-74.82256,5.49094],[-74.82361,5.49132],[-74.82409,5.49223],[-74.82447,5.49123],[-74.82499,5.48977],[-74.82494,5.48647],[-74.82637,5.48637],[-74.82599,5.48374],[-74.8225,5.48403],[-74.82241,5.48522],[-74.8174,5.48514],[-74.81739,5.48164],[-74.8183,5.48126],[-74.82249,5.47709],[-74.82225,5.47637],[-74.8235,5.47599],[-74.82502,5.47508],[-74.82493,5.47383],[-74.82755,5.47359],[-74.83146,5.47215],[-74.83132,5.47143],[-74.83371,5.47124],[-74.8338,5.47002],[-74.83552,5.47002],[-74.83752,5.46791],[-74.83652,5.46762],[-74.83604,5.46671],[-74.83442,5.46638],[-74.83103,5.46634],[-74.83098,5.46509],[-74.82988,5.46505],[-74.82978,5.46146],[-74.83078,5.46146],[-74.83192,5.45796],[-74.83225,5.45399],[-74.82757,5.45381],[-74.82719,5.45491],[-74.82633,5.45491],[-74.82624,5.45658],[-74.82677,5.45874],[-74.82739,5.45907],[-74.82726,5.46759],[-74.82645,5.46754],[-74.82606,5.46615],[-74.82535,5.46596],[-74.82424,5.46252],[-74.82219,5.45898],[-74.82123,5.4586],[-74.82099,5.45611],[-74.81946,5.4541],[-74.81502,5.45382],[-74.81478,5.45717],[-74.81598,5.45765],[-74.81607,5.4588],[-74.81717,5.4588],[-74.81747,5.46746],[-74.81843,5.46899],[-74.81857,5.46999],[-74.81785,5.46999],[-74.81743,5.47214],[-74.81724,5.47348],[-74.81628,5.47459],[-74.81624,5.47612],[-74.81524,5.47645],[-74.81361,5.47789],[-74.81233,5.47842],[-74.81113,5.47871],[-74.81079,5.4734],[-74.81136,5.47177],[-74.81227,5.47028],[-74.80993,5.47019],[-74.8096,5.47139],[-74.80869,5.47125],[-74.80836,5.47388],[-74.80798,5.47402],[-74.8074,5.47618],[-74.8064,5.47637],[-74.80626,5.47742],[-74.80363,5.47762],[-74.80364,5.48097],[-74.80708,5.48371],[-74.80827,5.48371],[-74.80861,5.48486],[-74.81085,5.48624],[-74.81257,5.48634],[-74.81258,5.48744],[-74.81095,5.48902],[-74.8112,5.4939],[-74.81029,5.4939],[-74.80967,5.49514],[-74.80757,5.49548],[-74.80714,5.49615],[-74.8038,5.49649],[-74.80323,5.49769],[-74.80122,5.49764],[-74.80122,5.49085],[-74.79916,5.49013],[-74.79849,5.4899],[-74.79863,5.4865],[-74.79505,5.4865],[-74.79452,5.48157],[-74.79361,5.48124],[-74.79308,5.48019],[-74.79218,5.47995],[-74.79217,5.47387],[-74.79102,5.47354],[-74.79088,5.47256],[-74.78983,5.47251],[-74.78982,5.46644],[-74.79087,5.46648],[-74.79331,5.46504],[-74.79369,5.46385],[-74.79445,5.46385],[-74.79459,5.46265],[-74.79607,5.46241],[-74.79531,5.45992],[-74.7944,5.45983],[-74.79473,5.45629],[-74.79826,5.45623],[-74.79816,5.45504],[-74.79702,5.45466],[-74.79716,5.45126],[-74.79892,5.45078],[-74.79926,5.44925],[-74.79921,5.44863],[-74.79796,5.44781],[-74.79677,5.4453],[-74.79672,5.44372],[-74.79705,5.44214],[-74.79824,5.44023],[-74.7991,5.43951],[-74.80115,5.43994],[-74.80455,5.44209],[-74.80622,5.44271],[-74.80846,5.44256],[-74.81152,5.44351],[-74.81295,5.44136],[-74.8139,5.4404],[-74.81438,5.43978],[-74.81557,5.43868],[-74.81705,5.43887],[-74.81829,5.43987],[-74.81973,5.43987],[-74.82025,5.44164],[-74.82154,5.44226],[-74.82164,5.44068],[-74.82297,5.43991],[-74.8235,5.43857],[-74.82612,5.43737],[-74.83257,5.43732],[-74.83973,5.43731],[-74.8425,5.43477],[-74.84345,5.43328],[-74.84411,5.43118],[-74.84344,5.42869],[-74.84254,5.42852],[-74.84253,5.42474],[-74.84377,5.42474],[-74.84596,5.42216],[-74.84596,5.42106],[-74.84496,5.42087],[-74.84482,5.42005],[-74.84219,5.41895],[-74.84004,5.41891],[-74.83722,5.41997],[-74.83498,5.42107],[-74.83403,5.42251],[-74.83361,5.43069],[-74.83199,5.43079],[-74.83122,5.43203],[-74.82888,5.43232],[-74.82831,5.43337],[-74.82531,5.43352],[-74.82488,5.43457],[-74.8223,5.43491],[-74.82149,5.43348],[-74.82091,5.43018],[-74.82296,5.42951],[-74.82854,5.42447],[-74.82868,5.42117],[-74.82992,5.42103],[-74.82948,5.41476],[-74.83072,5.41409],[-74.83072,5.41098],[-74.83,5.41093],[-74.82995,5.40713],[-74.82871,5.40722],[-74.82828,5.40861],[-74.82742,5.40861],[-74.82719,5.41211],[-74.82619,5.4124],[-74.82595,5.41527],[-74.82514,5.41599],[-74.82467,5.41953],[-74.82371,5.41977],[-74.82247,5.42235],[-74.82166,5.4236],[-74.8198,5.42365],[-74.8197,5.41776],[-74.81865,5.41575],[-74.8165,5.4147],[-74.81616,5.40968],[-74.81243,5.40959],[-74.81277,5.41327],[-74.81373,5.41696],[-74.81445,5.41753],[-74.81479,5.42021],[-74.81579,5.42083],[-74.81608,5.42837],[-74.81513,5.42837],[-74.81466,5.43095],[-74.81255,5.43095],[-74.80753,5.42211],[-74.8071,5.41991],[-74.80767,5.41713],[-74.80867,5.41526],[-74.80847,5.41053],[-74.80851,5.40481],[-74.80956,5.40481],[-74.8098,5.40093],[-74.81066,5.40084],[-74.81108,5.39839],[-74.81256,5.39801],[-74.81552,5.39863],[-74.81729,5.4004],[-74.81849,5.40006],[-74.8222,5.39594],[-74.82439,5.39115],[-74.82706,5.38735],[-74.82988,5.38452],[-74.83322,5.38188],[-74.83403,5.38083],[-74.8408,5.38044],[-74.8408,5.37934],[-74.83865,5.3792],[-74.83794,5.37848],[-74.83598,5.3782],[-74.83579,5.3771],[-74.83464,5.37691],[-74.83192,5.3737],[-74.83101,5.37366],[-74.82872,5.37486],[-74.82705,5.37672],[-74.82629,5.3783],[-74.82352,5.37835],[-74.82156,5.37649],[-74.82017,5.37597],[-74.81879,5.37597],[-74.81803,5.37645],[-74.81498,5.37942],[-74.81364,5.37913],[-74.81211,5.37756],[-74.81191,5.3754],[-74.81086,5.37464],[-74.81005,5.37469],[-74.80876,5.37608],[-74.80637,5.37316],[-74.80341,5.37328],[-74.80045,5.37341],[-74.79902,5.37212],[-74.79721,5.37212],[-74.79702,5.37312],[-74.79601,5.37317],[-74.79559,5.37442],[-74.79492,5.37447],[-74.79459,5.37657],[-74.79339,5.37719],[-74.79354,5.37949],[-74.79101,5.37949],[-74.79072,5.38112],[-74.78843,5.38084],[-74.78844,5.38337],[-74.78715,5.38342],[-74.78696,5.38467],[-74.7851,5.38467],[-74.78443,5.38582],[-74.78094,5.38616],[-74.7809,5.38707],[-74.77861,5.38736],[-74.77832,5.38827],[-74.77717,5.38829],[-74.77594,5.38886],[-74.77584,5.38951],[-74.77484,5.38975],[-74.77474,5.39095],[-74.77384,5.39191],[-74.7715,5.39186],[-74.77119,5.39107],[-74.77054,5.39167],[-74.76644,5.39568],[-74.76453,5.39831],[-74.76107,5.39939],[-74.75713,5.39796],[-74.7551,5.39509],[-74.75092,5.39234],[-74.74674,5.38996],[-74.7422,5.38697],[-74.74041,5.3847],[-74.73161,5.38854],[-74.73209,5.39083],[-74.73219,5.39351],[-74.72313,5.40242],[-74.71931,5.40463],[-74.71559,5.40712],[-74.71597,5.40903],[-74.72142,5.41434],[-74.72276,5.41453],[-74.72734,5.41366],[-74.73297,5.41337],[-74.7344,5.41117],[-74.73727,5.41183],[-74.73632,5.41432],[-74.73174,5.41835],[-74.7263,5.42237],[-74.72076,5.42391],[-74.71685,5.42487],[-74.71121,5.42468],[-74.70443,5.42373],[-74.69679,5.41905],[-74.69096,5.41514],[-74.68614,5.41504],[-74.68193,5.41084],[-74.67878,5.40883],[-74.67353,5.40884],[-74.67171,5.41085],[-74.67573,5.41362],[-74.67792,5.41362],[-74.67802,5.41879],[-74.67421,5.42089],[-74.67201,5.4208],[-74.66982,5.42003],[-74.66989,5.42022],[-74.66989,5.42031],[-74.66998,5.42057],[-74.66997,5.42062],[-74.66993,5.42074],[-74.66993,5.42091],[-74.66993,5.42093],[-74.66993,5.42095],[-74.6699,5.42097],[-74.66989,5.421],[-74.66989,5.42115],[-74.66991,5.42129],[-74.67089,5.42333],[-74.67364,5.42683],[-74.67436,5.42752],[-74.67446,5.4277],[-74.67453,5.42782],[-74.67466,5.42795],[-74.67469,5.42798],[-74.67496,5.42826],[-74.67499,5.42834],[-74.675,5.42839],[-74.67501,5.42839],[-74.67512,5.42846],[-74.67513,5.42847],[-74.67543,5.42882],[-74.67574,5.42921],[-74.67591,5.42952],[-74.67616,5.42991],[-74.67617,5.42991],[-74.67638,5.43008],[-74.67646,5.43016],[-74.67649,5.43017],[-74.67653,5.43021],[-74.67661,5.43035],[-74.67664,5.43039],[-74.67671,5.43047],[-74.67674,5.4305],[-74.6769,5.43069],[-74.67713,5.43109],[-74.6772,5.43121],[-74.67726,5.43131],[-74.67736,5.43148],[-74.67738,5.43151],[-74.67755,5.4318],[-74.67761,5.43187],[-74.67771,5.4322],[-74.67775,5.4323],[-74.67784,5.43256],[-74.67793,5.43273],[-74.67793,5.43286],[-74.67798,5.43295],[-74.67801,5.43299],[-74.67805,5.43316],[-74.67805,5.43339],[-74.67805,5.43342],[-74.67807,5.4335],[-74.67807,5.43408],[-74.67802,5.43442],[-74.67801,5.43448],[-74.67801,5.43451],[-74.67801,5.43459],[-74.67791,5.43493],[-74.67787,5.43507],[-74.67787,5.43508],[-74.67782,5.43518],[-74.67779,5.43523],[-74.67774,5.43533],[-74.67774,5.43542],[-74.6777,5.43548],[-74.67765,5.43556],[-74.67763,5.43569],[-74.67761,5.43572],[-74.6776,5.43573],[-74.67752,5.43586],[-74.67751,5.43592],[-74.67748,5.43602],[-74.67735,5.43632],[-74.67732,5.43634],[-74.67728,5.43637],[-74.67724,5.43646],[-74.6772,5.43653],[-74.67718,5.43658],[-74.67715,5.4366],[-74.67708,5.43664],[-74.67707,5.43668],[-74.67706,5.43669],[-74.67705,5.43671],[-74.67701,5.43674],[-74.67699,5.43676],[-74.67693,5.43679],[-74.6769,5.43683],[-74.67615,5.43769],[-74.6758,5.43795],[-74.67559,5.43811],[-74.67527,5.43835],[-74.67477,5.43861],[-74.67415,5.43914],[-74.67411,5.43918],[-74.67405,5.43926],[-74.67371,5.43956],[-74.67347,5.43972],[-74.67342,5.43975],[-74.67332,5.43986],[-74.67303,5.43999],[-74.67284,5.44007],[-74.67176,5.44068],[-74.67161,5.44072],[-74.67157,5.44074],[-74.67152,5.44076],[-74.67132,5.44084],[-74.67107,5.44095],[-74.67076,5.44107],[-74.67067,5.44111],[-74.67034,5.44127],[-74.67024,5.44132],[-74.67017,5.44135],[-74.67002,5.44141],[-74.66948,5.44164],[-74.66881,5.44192],[-74.66878,5.44196],[-74.66868,5.44205],[-74.66854,5.44208],[-74.66847,5.44209],[-74.66838,5.44209],[-74.66834,5.44211],[-74.66821,5.44218],[-74.66815,5.44218],[-74.6681,5.44218],[-74.66796,5.4422],[-74.66751,5.4422],[-74.66744,5.44221],[-74.66737,5.44221],[-74.66734,5.44222],[-74.66708,5.44222],[-74.66703,5.44221],[-74.66691,5.44221],[-74.66677,5.44219],[-74.6666,5.44219],[-74.66635,5.44217],[-74.66631,5.44217],[-74.66626,5.44217],[-74.66522,5.44217],[-74.66466,5.44203],[-74.66449,5.44195],[-74.66436,5.4419],[-74.66332,5.44146],[-74.66311,5.44142],[-74.66246,5.4412],[-74.6622,5.44111],[-74.66218,5.4411],[-74.66203,5.44098],[-74.66186,5.44092],[-74.66158,5.44082],[-74.6607,5.44048],[-74.66054,5.44043],[-74.6605,5.44042],[-74.66047,5.44041],[-74.66044,5.4404],[-74.66017,5.44028],[-74.65992,5.44018],[-74.65974,5.4401],[-74.65944,5.43999],[-74.65918,5.43988],[-74.65902,5.43982],[-74.65896,5.4398],[-74.65849,5.43967],[-74.65848,5.43966],[-74.65832,5.43954],[-74.65694,5.43893],[-74.65677,5.4389],[-74.65668,5.43888],[-74.65647,5.43876],[-74.65646,5.43875],[-74.65643,5.43874],[-74.65641,5.43874],[-74.65631,5.43872],[-74.65601,5.43859],[-74.65594,5.43858],[-74.65588,5.43858],[-74.65581,5.43858],[-74.65521,5.43823],[-74.65509,5.43818],[-74.65507,5.43817],[-74.6542,5.43781],[-74.65418,5.4378],[-74.65232,5.43774],[-74.65211,5.43774],[-74.6521,5.43774],[-74.65208,5.43774],[-74.65075,5.43834],[-74.64843,5.44091],[-74.64771,5.44311],[-74.64771,5.44314],[-74.64768,5.44321],[-74.64767,5.44323],[-74.64797,5.44418],[-74.64799,5.4442],[-74.64868,5.44487],[-74.65013,5.44509],[-74.65021,5.44509],[-74.65042,5.44504],[-74.65081,5.44505],[-74.65103,5.44509],[-74.65137,5.44509],[-74.6514,5.4451],[-74.65149,5.4451],[-74.65155,5.4451],[-74.65194,5.4451],[-74.65201,5.44514],[-74.65203,5.44515],[-74.65211,5.44515],[-74.65212,5.44515],[-74.65223,5.44517],[-74.65245,5.44523],[-74.65276,5.44531],[-74.6532,5.44556],[-74.65323,5.44556],[-74.65325,5.44558],[-74.65328,5.44558],[-74.65331,5.44558],[-74.65336,5.44558],[-74.65338,5.44559],[-74.65358,5.44572],[-74.65369,5.44575],[-74.65371,5.44576],[-74.65382,5.44583],[-74.65383,5.44584],[-74.65386,5.44585],[-74.6539,5.44586],[-74.65401,5.44589],[-74.65423,5.44602],[-74.65438,5.4461],[-74.6544,5.44611],[-74.65442,5.44615],[-74.65444,5.44619],[-74.6546,5.44626],[-74.65465,5.44629],[-74.65483,5.44637],[-74.65487,5.44643],[-74.65491,5.44649],[-74.65517,5.44662],[-74.65529,5.44671],[-74.65533,5.44675],[-74.65541,5.44679],[-74.65561,5.44689],[-74.65569,5.44698],[-74.65581,5.44706],[-74.65582,5.44706],[-74.65604,5.44724],[-74.65604,5.44724],[-74.65606,5.44726],[-74.65608,5.44728],[-74.65616,5.44736],[-74.65621,5.44741],[-74.65623,5.44743],[-74.65627,5.4475],[-74.65718,5.4485],[-74.65787,5.44934],[-74.65841,5.44998],[-74.65858,5.45033],[-74.65864,5.45043],[-74.6628,5.44722],[-74.66813,5.44867],[-74.66825,5.45061],[-74.67188,5.45085],[-74.67268,5.45402],[-74.67701,5.45389],[-74.67706,5.45642],[-74.67801,5.45642],[-74.67826,5.46274],[-74.67458,5.46279],[-74.67439,5.45977],[-74.67329,5.45977],[-74.67285,5.45529],[-74.66826,5.45813],[-74.6696,5.46273],[-74.66567,5.46667],[-74.66592,5.47255],[-74.66755,5.47628],[-74.66822,5.48173],[-74.66803,5.48412],[-74.66928,5.49073],[-74.67158,5.49532],[-74.67387,5.4957],[-74.67502,5.49895],[-74.67636,5.50039],[-74.67578,5.50429],[-74.67631,5.50445],[-74.68135,5.50552],[-74.68961,5.50643],[-74.69113,5.50183],[-74.6925,5.49923],[-74.69709,5.49983],[-74.70228,5.50167],[-74.70504,5.50672],[-74.71253,5.50518],[-74.72016,5.50471],[-74.71559,5.51038],[-74.7246,5.51068],[-74.72827,5.50945],[-74.74003,5.50867],[-74.74019,5.51051],[-74.76601,5.51078],[-74.757,5.51569],[-74.75272,5.51539],[-74.73592,5.5223],[-74.72477,5.52354],[-74.72569,5.52507],[-74.73058,5.5269],[-74.72768,5.52905],[-74.72202,5.5289],[-74.72111,5.52798],[-74.71072,5.5283],[-74.70629,5.53229],[-74.70308,5.53673],[-74.7008,5.54439],[-74.70013,5.54528],[-74.69924,5.54648],[-74.6976,5.54868],[-74.68294,5.5588],[-74.67194,5.56555],[-74.66996,5.56968],[-74.66568,5.57244],[-74.65881,5.57582],[-74.65789,5.57567],[-74.6567,5.58104],[-74.65402,5.58276],[-74.65288,5.59004],[-74.65163,5.59356],[-74.64997,5.5982],[-74.6466,5.60765],[-74.64794,5.61301],[-74.64795,5.61971],[-74.64432,5.62679],[-74.63687,5.62776],[-74.63573,5.63139],[-74.63611,5.63388],[-74.63555,5.63905],[-74.63669,5.64115],[-74.6346,5.64364],[-74.63499,5.65226],[-74.63804,5.65455],[-74.64149,5.65665],[-74.6434,5.66029],[-74.64321,5.66488],[-74.64455,5.66756],[-74.64456,5.67043],[-74.64246,5.6756],[-74.64055,5.67962],[-74.63483,5.68441],[-74.63177,5.69092],[-74.63096,5.69833],[-74.63604,5.70048],[-74.6361,5.70049],[-74.64048,5.70127],[-74.64111,5.70138],[-74.64132,5.70144],[-74.6417,5.70154],[-74.64221,5.70168],[-74.64264,5.70175],[-74.64314,5.70182],[-74.64382,5.70208],[-74.64438,5.7023],[-74.64447,5.70234],[-74.64464,5.70243],[-74.64607,5.70321],[-74.64732,5.704],[-74.64733,5.704],[-74.6475,5.7042],[-74.64763,5.70435],[-74.64768,5.70438],[-74.64769,5.70439],[-74.64776,5.70444],[-74.6478,5.70449],[-74.64852,5.70526],[-74.64862,5.70535],[-74.64866,5.7054],[-74.6489,5.70566],[-74.64937,5.70618],[-74.64942,5.70629],[-74.64944,5.70631],[-74.64956,5.70639],[-74.64957,5.7064],[-74.65008,5.70763],[-74.65025,5.70804],[-74.65046,5.70914],[-74.65063,5.71004],[-74.65071,5.71138],[-74.65053,5.71344],[-74.6505,5.7137],[-74.65044,5.71437],[-74.65027,5.71502],[-74.65027,5.71521],[-74.65026,5.71605],[-74.65026,5.7174],[-74.65138,5.71855],[-74.65284,5.72005],[-74.6572,5.72298],[-74.66198,5.72798],[-74.6621,5.72811],[-74.66223,5.72824],[-74.66227,5.72829],[-74.66232,5.72837],[-74.66234,5.72849],[-74.66236,5.72859],[-74.6624,5.7288],[-74.66244,5.72896],[-74.66249,5.72915],[-74.66253,5.72941],[-74.66257,5.72967],[-74.66262,5.72989],[-74.66262,5.72998],[-74.66262,5.73006],[-74.66266,5.73032],[-74.66268,5.73048],[-74.6627,5.73058],[-74.66274,5.73093],[-74.66274,5.7311],[-74.66274,5.73127],[-74.66274,5.73153],[-74.66274,5.73175],[-74.66277,5.73187],[-74.66278,5.73192],[-74.66282,5.7321],[-74.66282,5.73228],[-74.66282,5.7324],[-74.66291,5.7327],[-74.66295,5.73288],[-74.66295,5.73301],[-74.66295,5.73331],[-74.66299,5.73348],[-74.66299,5.73374],[-74.66299,5.73426],[-74.66299,5.73452],[-74.66299,5.73478],[-74.66298,5.73504],[-74.66298,5.73526],[-74.66298,5.73548],[-74.66298,5.7355],[-74.66294,5.73569],[-74.6629,5.7358],[-74.66285,5.73595],[-74.66285,5.73613],[-74.66285,5.73626],[-74.66288,5.73643],[-74.66289,5.73647],[-74.66285,5.73673],[-74.66285,5.7369],[-74.66285,5.73703],[-74.66285,5.73716],[-74.66283,5.73722],[-74.6628,5.73729],[-74.6628,5.73739],[-74.6628,5.73751],[-74.66276,5.73758],[-74.66271,5.73764],[-74.66263,5.73803],[-74.66254,5.73816],[-74.66245,5.73842],[-74.66236,5.73881],[-74.66236,5.73889],[-74.66236,5.73898],[-74.66233,5.73903],[-74.66228,5.73911],[-74.66223,5.73933],[-74.66219,5.73946],[-74.66217,5.73957],[-74.66214,5.73972],[-74.66206,5.73993],[-74.66201,5.74015],[-74.66201,5.74019],[-74.66179,5.74041],[-74.66158,5.74058],[-74.66151,5.74061],[-74.66132,5.74071],[-74.66114,5.74088],[-74.66093,5.74101],[-74.66084,5.74108],[-74.66067,5.74123],[-74.66045,5.74136],[-74.66006,5.74166],[-74.65995,5.74176],[-74.65993,5.74179],[-74.65988,5.74188],[-74.65975,5.74209],[-74.65958,5.74244],[-74.65945,5.74269],[-74.6594,5.743],[-74.6594,5.74347],[-74.65949,5.74369],[-74.65962,5.74404],[-74.6597,5.74452],[-74.65983,5.7453],[-74.65991,5.74595],[-74.65991,5.74619],[-74.65991,5.74651],[-74.65992,5.74673],[-74.65995,5.74716],[-74.65995,5.74755],[-74.65998,5.74795],[-74.65999,5.74811],[-74.66007,5.74899],[-74.66007,5.74902],[-74.66009,5.74909],[-74.66016,5.74941],[-74.66024,5.74968],[-74.66033,5.74993],[-74.66037,5.75006],[-74.66041,5.75019],[-74.66045,5.75045],[-74.6605,5.75067],[-74.66067,5.75132],[-74.6607,5.75139],[-74.66075,5.75149],[-74.6608,5.75159],[-74.66084,5.75167],[-74.66105,5.75197],[-74.66118,5.75218],[-74.66119,5.75219],[-74.6614,5.75245],[-74.66147,5.7526],[-74.66153,5.75271],[-74.66178,5.75297],[-74.66199,5.75318],[-74.66204,5.75323],[-74.66252,5.75388],[-74.66277,5.75415],[-74.66297,5.75442],[-74.66299,5.75445],[-74.663,5.75449],[-74.66307,5.75475],[-74.6632,5.75545],[-74.66329,5.75575],[-74.66335,5.75594],[-74.66341,5.75614],[-74.66354,5.75649],[-74.66363,5.7567],[-74.66376,5.75697],[-74.66389,5.75723],[-74.66391,5.75727],[-74.66397,5.7574],[-74.66406,5.75762],[-74.66411,5.75776],[-74.66423,5.75809],[-74.66444,5.75861],[-74.66466,5.75909],[-74.66474,5.75927],[-74.66484,5.75945],[-74.66496,5.75966],[-74.66505,5.75986],[-74.66513,5.76005],[-74.66534,5.76044],[-74.66542,5.76056],[-74.66547,5.76065],[-74.66564,5.76092],[-74.66577,5.76109],[-74.66594,5.76131],[-74.66596,5.76132],[-74.6662,5.76157],[-74.6665,5.76192],[-74.66666,5.76222],[-74.66676,5.76244],[-74.66702,5.763],[-74.66716,5.76333],[-74.66719,5.76339],[-74.66727,5.76396],[-74.66732,5.76439],[-74.66736,5.76491],[-74.6674,5.76547],[-74.6674,5.76556],[-74.6674,5.76577],[-74.66743,5.76609],[-74.66744,5.76612],[-74.66744,5.76613],[-74.66744,5.76638],[-74.66752,5.76655],[-74.66765,5.76669],[-74.66775,5.76683],[-74.66787,5.76699],[-74.66799,5.76712],[-74.66821,5.76734],[-74.6684,5.7676],[-74.66843,5.76764],[-74.66847,5.76773],[-74.66847,5.76775],[-74.66847,5.76777],[-74.66875,5.76814],[-74.66877,5.76816],[-74.66904,5.76872],[-74.66924,5.76912],[-74.66962,5.76985],[-74.66996,5.77049]],[[-74.7209,5.61369],[-74.72085,5.6159],[-74.71975,5.61599],[-74.71973,5.6171],[-74.71829,5.6171],[-74.71824,5.61351],[-74.7209,5.61369]],[[-74.69448,5.59217],[-74.69476,5.60099],[-74.68697,5.60105],[-74.68715,5.59838],[-74.68582,5.59848],[-74.68582,5.59448],[-74.6858,5.59448],[-74.68713,5.59205],[-74.68733,5.59204],[-74.69448,5.59217]],[[-74.70955,5.54812],[-74.71097,5.54936],[-74.71111,5.55317],[-74.7101,5.55322],[-74.70951,5.55437],[-74.70712,5.55433],[-74.70327,5.55167],[-74.7033,5.54961],[-74.70469,5.54808],[-74.70955,5.54812]],[[-74.72038,5.44221],[-74.71961,5.44432],[-74.7179,5.44633],[-74.71484,5.44633],[-74.71228,5.44356],[-74.71121,5.44063],[-74.7113,5.43992],[-74.71388,5.43791],[-74.71932,5.43752],[-74.72047,5.43877],[-74.72038,5.44221]],[[-74.70042,5.44313],[-74.69996,5.44336],[-74.69702,5.44217],[-74.69496,5.43891],[-74.69386,5.43712],[-74.69184,5.43625],[-74.69178,5.43624],[-74.69181,5.43434],[-74.69229,5.43363],[-74.6922,5.43285],[-74.69073,5.43179],[-74.69092,5.43083],[-74.69188,5.42872],[-74.69252,5.42816],[-74.69307,5.42734],[-74.69206,5.42697],[-74.69123,5.42784],[-74.68968,5.42835],[-74.68991,5.42982],[-74.68716,5.43097],[-74.6856,5.4295],[-74.685,5.42771],[-74.68559,5.42679],[-74.68688,5.42766],[-74.68775,5.42849],[-74.68807,5.42711],[-74.68724,5.42702],[-74.68729,5.42633],[-74.68912,5.42638],[-74.6888,5.4255],[-74.68875,5.4244],[-74.69008,5.42509],[-74.69105,5.42628],[-74.69274,5.42642],[-74.69398,5.4272],[-74.69385,5.42848],[-74.69298,5.42899],[-74.69252,5.43009],[-74.69403,5.4305],[-74.69389,5.42963],[-74.69481,5.42821],[-74.69476,5.42655],[-74.69572,5.42669],[-74.6971,5.42788],[-74.6971,5.42876],[-74.69586,5.43014],[-74.69591,5.43096],[-74.69435,5.43193],[-74.69436,5.43294],[-74.69578,5.43303],[-74.69775,5.43395],[-74.7016,5.43426],[-74.70311,5.43509],[-74.70316,5.43592],[-74.70128,5.43592],[-74.70128,5.43803],[-74.70215,5.43817],[-74.70357,5.43739],[-74.70582,5.43849],[-74.70577,5.43927],[-74.7038,5.43996],[-74.70344,5.44042],[-74.70472,5.44221],[-74.70376,5.44248],[-74.70151,5.44046],[-74.70032,5.44056],[-74.70042,5.44313]]]]},"properties":{"OBJECTID_12":1,"OBJECTID_1":3,"OBJECTID":3,"CODDEP":"17","CODACUI":3,"NOMBRE":"Acuifero La Dorada - Oriente de Caldas","AREA_HA":100140.670733,"AREA":1001.40670744,"PERIMETER":255960.334907,"Shape_Leng":255960.334991,"Shape_Le_1":255960.334991,"V":"Alto","Shape_Length":270733.81122653047,"Shape_Area":535165690.94953334}},{"type":"Feature","id":2,"geometry":{"type":"Polygon","coordinates":[[[-74.77132,5.68966],[-74.77157,5.68975],[-74.77205,5.68994],[-74.77275,5.69016],[-74.77574,5.69097],[-74.77656,5.69137],[-74.77664,5.6914],[-74.77676,5.69149],[-74.77712,5.69176],[-74.77716,5.69179],[-74.77763,5.69227],[-74.77854,5.6934],[-74.77884,5.69387],[-74.77884,5.69389],[-74.77886,5.69392],[-74.77983,5.69553],[-74.77986,5.69555],[-74.78076,5.69592],[-74.78317,5.69589],[-74.7845,5.69577],[-74.7847,5.69578],[-74.7858,5.69582],[-74.78662,5.69582],[-74.78762,5.69552],[-74.78835,5.69553],[-74.78899,5.69568],[-74.78908,5.6957],[-74.78911,5.69571],[-74.78939,5.69583],[-74.78994,5.6962],[-74.78999,5.69622],[-74.79064,5.69679],[-74.79154,5.69783],[-74.79158,5.69787],[-74.79266,5.69892],[-74.79271,5.69897],[-74.79273,5.699],[-74.79329,5.6996],[-74.79331,5.69962],[-74.79345,5.69983],[-74.79545,5.70214],[-74.79672,5.69895],[-74.79674,5.69353],[-74.7995,5.68381],[-74.79931,5.68088],[-74.79747,5.68063],[-74.79253,5.67629],[-74.79073,5.67403],[-74.79026,5.67243],[-74.79095,5.67155],[-74.79687,5.66956],[-74.79911,5.66933],[-74.79891,5.66821],[-74.80049,5.66573],[-74.80278,5.66189],[-74.80033,5.65443],[-74.80078,5.65306],[-74.80305,5.65263],[-74.80486,5.6522],[-74.80963,5.64772],[-74.80784,5.64655],[-74.80557,5.64362],[-74.80378,5.64021],[-74.80178,5.63114],[-74.80116,5.62528],[-74.80163,5.61735],[-74.8012,5.61374],[-74.80009,5.61169],[-74.79826,5.61008],[-74.79339,5.61074],[-74.79352,5.61408],[-74.7923,5.61484],[-74.79253,5.61634],[-74.79116,5.61733],[-74.79112,5.61867],[-74.78975,5.62101],[-74.78864,5.62101],[-74.78872,5.62239],[-74.78597,5.6259],[-74.78494,5.6259],[-74.78495,5.63076],[-74.7861,5.63137],[-74.78598,5.63455],[-74.78488,5.63505],[-74.78484,5.63661],[-74.78347,5.6379],[-74.78351,5.64567],[-74.78233,5.64713],[-74.78119,5.64812],[-74.77886,5.64973],[-74.77729,5.64977],[-74.77733,5.65061],[-74.77454,5.65311],[-74.77443,5.65416],[-74.77543,5.65665],[-74.77807,5.65867],[-74.77952,5.6597],[-74.78059,5.66108],[-74.78117,5.66368],[-74.78125,5.66617],[-74.78232,5.66617],[-74.78243,5.66946],[-74.78072,5.67119],[-74.77858,5.67157],[-74.77747,5.67238],[-74.77399,5.67234],[-74.77407,5.67016],[-74.77598,5.67012],[-74.7764,5.66924],[-74.77754,5.6687],[-74.77746,5.66732],[-74.77292,5.66733],[-74.77215,5.66633],[-74.76783,5.66588],[-74.76734,5.6663],[-74.76615,5.6668],[-74.766,5.66814],[-74.76452,5.6723],[-74.76425,5.67616],[-74.7636,5.67609],[-74.76357,5.67815],[-74.76326,5.67869],[-74.76242,5.67884],[-74.76239,5.67965],[-74.74816,5.6793],[-74.74456,5.68364],[-74.74254,5.68751],[-74.74271,5.69124],[-74.74606,5.69124],[-74.74606,5.69049],[-74.74873,5.68986],[-74.75473,5.68981],[-74.75498,5.68916],[-74.75563,5.68885],[-74.76235,5.68877],[-74.76254,5.68773],[-74.76315,5.68745],[-74.76989,5.68744],[-74.77015,5.68752],[-74.77014,5.68852],[-74.77072,5.68854],[-74.77071,5.68878],[-74.77124,5.68881],[-74.77125,5.68899],[-74.77132,5.68966]]]},"properties":{"OBJECTID_12":2,"OBJECTID_1":3,"OBJECTID":3,"CODDEP":"17","CODACUI":3,"NOMBRE":"Acuifero La Dorada - Oriente de Caldas","AREA_HA":100140.670733,"AREA":1001.40670744,"PERIMETER":255960.334907,"Shape_Leng":255960.334991,"Shape_Le_1":255960.334991,"V":"Sin informacion","Shape_Length":36250.9410173374,"Shape_Area":25385547.17533965}},{"type":"Feature","id":3,"geometry":{"type":"Polygon","coordinates":[[[-74.78675,5.61197],[-74.79133,5.61201],[-74.79124,5.61115],[-74.79337,5.61074],[-74.79336,5.61074],[-74.7967,5.60807],[-74.8044,5.60405],[-74.81348,5.60231],[-74.81528,5.60232],[-74.81824,5.60189],[-74.82005,5.60053],[-74.82277,5.59806],[-74.82642,5.5963],[-74.82939,5.59359],[-74.83076,5.59043],[-74.83122,5.58433],[-74.83307,5.58165],[-74.83371,5.58298],[-74.83462,5.58527],[-74.83666,5.58391],[-74.83895,5.58079],[-74.84396,5.57675],[-74.84806,5.57248],[-74.85259,5.56912],[-74.85456,5.56811],[-74.85723,5.56305],[-74.85748,5.5608],[-74.85386,5.55534],[-74.85231,5.55172],[-74.85209,5.54811],[-74.8505,5.54606],[-74.84555,5.54264],[-74.84524,5.54417],[-74.84432,5.54621],[-74.8416,5.54596],[-74.84044,5.54756],[-74.84043,5.54912],[-74.84134,5.55117],[-74.84405,5.55435],[-74.84539,5.55776],[-74.84539,5.55888],[-74.84426,5.5598],[-74.8429,5.56],[-74.83818,5.55136],[-74.83571,5.54843],[-74.83481,5.5441],[-74.82802,5.54046],[-74.82668,5.53726],[-74.82353,5.535],[-74.82309,5.53408],[-74.8283,5.5296],[-74.8403,5.52856],[-74.84231,5.5287],[-74.84561,5.52728],[-74.84562,5.52592],[-74.84451,5.52275],[-74.84452,5.51934],[-74.84544,5.51734],[-74.84454,5.51437],[-74.84249,5.51573],[-74.84204,5.51957],[-74.84112,5.52022],[-74.83977,5.5182],[-74.83845,5.50757],[-74.83777,5.50553],[-74.83711,5.50124],[-74.83804,5.49715],[-74.84214,5.49223],[-74.84146,5.49063],[-74.83763,5.48881],[-74.83401,5.48628],[-74.83405,5.48447],[-74.83473,5.48379],[-74.83901,5.48272],[-74.8413,5.48068],[-74.8436,5.47504],[-74.84517,5.4728],[-74.84837,5.47012],[-74.84949,5.46989],[-74.85129,5.47081],[-74.84831,5.47666],[-74.84741,5.48118],[-74.84605,5.48254],[-74.84309,5.48386],[-74.84353,5.48498],[-74.84468,5.48546],[-74.84944,5.4848],[-74.85328,5.4855],[-74.8578,5.4851],[-74.85909,5.48416],[-74.85977,5.48368],[-74.86022,5.48324],[-74.86029,5.48253],[-74.85782,5.47966],[-74.85714,5.47829],[-74.85852,5.47469],[-74.86192,5.47405],[-74.86376,5.47181],[-74.86329,5.47133],[-74.86081,5.47109],[-74.859,5.47176],[-74.85672,5.47175],[-74.85425,5.47106],[-74.85357,5.46994],[-74.85494,5.4679],[-74.8581,5.46747],[-74.85878,5.46635],[-74.86403,5.46412],[-74.86991,5.46189],[-74.87104,5.46122],[-74.87331,5.46058],[-74.87536,5.4581],[-74.87717,5.45719],[-74.87915,5.45331],[-74.88548,5.4502],[-74.88799,5.45089],[-74.89074,5.4525],[-74.89158,5.45475],[-74.89368,5.45769],[-74.89371,5.45776],[-74.89412,5.45837],[-74.89503,5.45906],[-74.89615,5.45954],[-74.89751,5.45975],[-74.89843,5.45975],[-74.90115,5.45932],[-74.90319,5.45827],[-74.90459,5.45647],[-74.90504,5.45354],[-74.90416,5.44496],[-74.90043,5.42438],[-74.90021,5.41961],[-74.90067,5.41396],[-74.90209,5.40698],[-74.9098,5.39686],[-74.91253,5.39438],[-74.91572,5.396],[-74.91223,5.39203],[-74.91249,5.38638],[-74.9107,5.38341],[-74.91047,5.38028],[-74.91096,5.37732],[-74.91232,5.37576],[-74.91481,5.3744],[-74.91661,5.3742],[-74.92068,5.37718],[-74.92802,5.37663],[-74.92759,5.37142],[-74.93258,5.36377],[-74.93419,5.35881],[-74.93422,5.35135],[-74.9356,5.34481],[-74.93751,5.34227],[-74.93466,5.34311],[-74.93282,5.34423],[-74.92329,5.34937],[-74.92284,5.35185],[-74.92147,5.35525],[-74.91781,5.3595],[-74.91554,5.36041],[-74.91363,5.35999],[-74.91305,5.36084],[-74.91056,5.36353],[-74.90486,5.37209],[-74.90033,5.3752],[-74.89849,5.37748],[-74.89645,5.37723],[-74.89557,5.37563],[-74.89491,5.37157],[-74.89536,5.36929],[-74.8931,5.36431],[-74.89334,5.36207],[-74.89199,5.36138],[-74.89131,5.36145],[-74.88451,5.362],[-74.88295,5.36131],[-74.88384,5.35972],[-74.89021,5.35504],[-74.89067,5.35051],[-74.89204,5.34711],[-74.8973,5.33947],[-74.89934,5.33791],[-74.90207,5.33407],[-74.90616,5.3314],[-74.91228,5.33009],[-74.91884,5.32991],[-74.93133,5.32321],[-74.93609,5.32166],[-74.9311,5.32137],[-74.92479,5.31794],[-74.92275,5.31749],[-74.91936,5.3152],[-74.91368,5.31719],[-74.91188,5.31674],[-74.90918,5.31401],[-74.90946,5.30931],[-74.9094,5.30927],[-74.90913,5.30917],[-74.90814,5.30856],[-74.90741,5.30756],[-74.9065,5.30608],[-74.90616,5.30591],[-74.90608,5.30589],[-74.90568,5.30581],[-74.90543,5.30574],[-74.90538,5.30573],[-74.90538,5.30572],[-74.90529,5.30556],[-74.9043,5.30508],[-74.90387,5.30482],[-74.90387,5.30481],[-74.90385,5.30476],[-74.90311,5.30348],[-74.90309,5.30346],[-74.90307,5.30345],[-74.90201,5.30295],[-74.902,5.30294],[-74.90163,5.30269],[-74.90101,5.30189],[-74.90068,5.30154],[-74.90038,5.30129],[-74.90013,5.30096],[-74.89933,5.30011],[-74.89922,5.30003],[-74.89907,5.29995],[-74.89816,5.29965],[-74.8981,5.29964],[-74.89632,5.29977],[-74.89511,5.29959],[-74.89455,5.2995],[-74.89416,5.29937],[-74.89413,5.29933],[-74.89311,5.29864],[-74.89308,5.29863],[-74.89239,5.29881],[-74.89231,5.29884],[-74.89228,5.29886],[-74.89154,5.29966],[-74.89152,5.2997],[-74.8914,5.30042],[-74.89139,5.30048],[-74.89122,5.30074],[-74.89088,5.301],[-74.89087,5.301],[-74.89035,5.30117],[-74.88997,5.30117],[-74.88949,5.301],[-74.88891,5.30071],[-74.88887,5.30069],[-74.88857,5.29974],[-74.88716,5.29952],[-74.88682,5.29938],[-74.88663,5.29923],[-74.88565,5.29851],[-74.88548,5.29842],[-74.88541,5.29839],[-74.88364,5.29832],[-74.88319,5.29838],[-74.883,5.29834],[-74.88245,5.29828],[-74.8817,5.29838],[-74.8815,5.29841],[-74.87969,5.29823],[-74.87947,5.29823],[-74.87856,5.29826],[-74.878,5.29819],[-74.87787,5.29818],[-74.87675,5.29805],[-74.87675,5.29804],[-74.87649,5.29748],[-74.87632,5.29668],[-74.87632,5.29666],[-74.87581,5.29608],[-74.87541,5.296],[-74.8752,5.29596],[-74.8746,5.29596],[-74.87395,5.29574],[-74.87376,5.29565],[-74.87367,5.29563],[-74.87269,5.29579],[-74.87149,5.29668],[-74.87054,5.29916],[-74.87052,5.29928],[-74.87049,5.29946],[-74.87043,5.30098],[-74.87043,5.30102],[-74.87042,5.30103],[-74.87039,5.30115],[-74.87004,5.30132],[-74.86943,5.30153],[-74.86924,5.30163],[-74.86865,5.30195],[-74.8684,5.30202],[-74.8681,5.30217],[-74.86809,5.30218],[-74.86807,5.30224],[-74.86799,5.30284],[-74.868,5.30296],[-74.86894,5.30438],[-74.86895,5.30439],[-74.86903,5.30474],[-74.86902,5.30477],[-74.86895,5.30504],[-74.86864,5.30521],[-74.86743,5.30547],[-74.86738,5.3055],[-74.86738,5.30552],[-74.86718,5.30624],[-74.86717,5.30638],[-74.86718,5.30642],[-74.86788,5.30736],[-74.86789,5.30737],[-74.8679,5.30738],[-74.86786,5.30742],[-74.86769,5.30744],[-74.86703,5.30754],[-74.86638,5.30771],[-74.86587,5.30778],[-74.86574,5.3078],[-74.86505,5.30763],[-74.86453,5.30719],[-74.86452,5.30718],[-74.86435,5.30675],[-74.86436,5.30674],[-74.86436,5.30672],[-74.86436,5.30671],[-74.8644,5.30664],[-74.86487,5.30554],[-74.86383,5.30511],[-74.8638,5.30511],[-74.86356,5.30515],[-74.86227,5.30544],[-74.86215,5.30548],[-74.86212,5.30552],[-74.86085,5.30769],[-74.8608,5.30782],[-74.86024,5.30812],[-74.85999,5.30821],[-74.85861,5.30892],[-74.85812,5.30944],[-74.8579,5.30985],[-74.8576,5.31019],[-74.85714,5.31047],[-74.85593,5.31176],[-74.85591,5.3118],[-74.85582,5.31305],[-74.85567,5.3133],[-74.85542,5.31374],[-74.85495,5.31434],[-74.85447,5.31482],[-74.85386,5.31494],[-74.85282,5.31469],[-74.85271,5.31466],[-74.85261,5.31466],[-74.85149,5.31532],[-74.85146,5.31536],[-74.85136,5.31551],[-74.85063,5.31583],[-74.8505,5.31591],[-74.84982,5.31679],[-74.8498,5.31679],[-74.8498,5.3168],[-74.84928,5.31684],[-74.84854,5.31675],[-74.84807,5.31636],[-74.84717,5.31519],[-74.84715,5.31517],[-74.84627,5.31471],[-74.84626,5.31471],[-74.84553,5.31488],[-74.84496,5.31518],[-74.84427,5.31522],[-74.8437,5.31522],[-74.84247,5.31547],[-74.84245,5.31547],[-74.84185,5.31638],[-74.84137,5.31673],[-74.84109,5.3168],[-74.84011,5.3171],[-74.83966,5.31714],[-74.83958,5.31715],[-74.83952,5.31716],[-74.8394,5.31713],[-74.8389,5.3171],[-74.83853,5.31695],[-74.83831,5.31689],[-74.83636,5.31742],[-74.83621,5.3174],[-74.83588,5.3174],[-74.83561,5.31732],[-74.8356,5.31731],[-74.833,5.31693],[-74.83287,5.31699],[-74.8325,5.31721],[-74.83209,5.31749],[-74.83194,5.3176],[-74.83121,5.31799],[-74.83047,5.31807],[-74.83039,5.31806],[-74.83075,5.32068],[-74.83347,5.32159],[-74.84092,5.32158],[-74.84097,5.32301],[-74.85711,5.32304],[-74.85749,5.3218],[-74.85983,5.32175],[-74.85992,5.32069],[-74.86087,5.32069],[-74.86111,5.32155],[-74.8625,5.32179],[-74.86226,5.32404],[-74.86107,5.32404],[-74.86098,5.32543],[-74.85997,5.32639],[-74.8573,5.32725],[-74.85181,5.32668],[-74.84842,5.32707],[-74.84618,5.32784],[-74.84265,5.32851],[-74.84112,5.3278],[-74.84026,5.3288],[-74.83788,5.32876],[-74.83754,5.32799],[-74.83401,5.32786],[-74.82866,5.3259],[-74.82851,5.32418],[-74.82675,5.32423],[-74.82154,5.32222],[-74.82077,5.31959],[-74.81996,5.31811],[-74.81757,5.31744],[-74.81566,5.31802],[-74.81595,5.31984],[-74.8183,5.32271],[-74.82494,5.32796],[-74.83019,5.33257],[-74.83125,5.33391],[-74.82943,5.33516],[-74.82571,5.33516],[-74.82323,5.33737],[-74.82328,5.33837],[-74.82361,5.33928],[-74.82619,5.33937],[-74.82944,5.342],[-74.83408,5.3452],[-74.83599,5.34615],[-74.83785,5.34682],[-74.83966,5.34658],[-74.84086,5.34519],[-74.84128,5.34304],[-74.84338,5.34284],[-74.84372,5.34203],[-74.84448,5.34227],[-74.84539,5.34399],[-74.84701,5.34423],[-74.84873,5.34255],[-74.85073,5.34154],[-74.85264,5.34149],[-74.8536,5.34068],[-74.8556,5.34063],[-74.85594,5.34259],[-74.85389,5.34489],[-74.85203,5.34585],[-74.85055,5.34647],[-74.84945,5.34839],[-74.8507,5.34961],[-74.85409,5.35143],[-74.85691,5.35367],[-74.85672,5.35554],[-74.85376,5.35545],[-74.85223,5.35425],[-74.85161,5.35349],[-74.84874,5.3533],[-74.84506,5.34928],[-74.84363,5.34857],[-74.84139,5.35001],[-74.84144,5.35132],[-74.83562,5.35808],[-74.83371,5.35707],[-74.83276,5.36033],[-74.83367,5.36191],[-74.83372,5.36449],[-74.82761,5.36876],[-74.82002,5.36896],[-74.81964,5.36968],[-74.81792,5.36982],[-74.81716,5.37092],[-74.8152,5.37155],[-74.81415,5.37112],[-74.8131,5.36983],[-74.81229,5.36949],[-74.80914,5.37002],[-74.80718,5.37091],[-74.80341,5.36977],[-74.80319,5.36974],[-74.79835,5.36905],[-74.79654,5.36963],[-74.78914,5.3739],[-74.78762,5.37653],[-74.78399,5.3773],[-74.78285,5.37926],[-74.7806,5.38109],[-74.77731,5.38444],[-74.77216,5.38751],[-74.77087,5.39028],[-74.7715,5.39186],[-74.77384,5.39191],[-74.77474,5.39095],[-74.77484,5.38975],[-74.77584,5.38951],[-74.77603,5.38832],[-74.77832,5.38827],[-74.77861,5.38736],[-74.7809,5.38707],[-74.78094,5.38616],[-74.78443,5.38582],[-74.7851,5.38467],[-74.78696,5.38467],[-74.78715,5.38342],[-74.78844,5.38337],[-74.78843,5.38084],[-74.79072,5.38112],[-74.79101,5.37949],[-74.79354,5.37949],[-74.79339,5.37719],[-74.79459,5.37657],[-74.79492,5.37447],[-74.79559,5.37442],[-74.79601,5.37317],[-74.79702,5.37312],[-74.79721,5.37212],[-74.79902,5.37212],[-74.80045,5.37341],[-74.80341,5.37328],[-74.80637,5.37316],[-74.80876,5.37608],[-74.81005,5.37469],[-74.81086,5.37464],[-74.81191,5.3754],[-74.81211,5.37756],[-74.81364,5.37913],[-74.81498,5.37942],[-74.81803,5.37645],[-74.81879,5.37597],[-74.82017,5.37597],[-74.82156,5.37649],[-74.82352,5.37835],[-74.82629,5.3783],[-74.82705,5.37672],[-74.82872,5.37486],[-74.83101,5.37366],[-74.83192,5.3737],[-74.83464,5.37691],[-74.83579,5.3771],[-74.83598,5.3782],[-74.83794,5.37848],[-74.83865,5.3792],[-74.8408,5.37934],[-74.8408,5.38044],[-74.83403,5.38083],[-74.83322,5.38188],[-74.82988,5.38452],[-74.82706,5.38735],[-74.82439,5.39115],[-74.8222,5.39594],[-74.81849,5.40006],[-74.81729,5.4004],[-74.81552,5.39863],[-74.81256,5.39801],[-74.81108,5.39839],[-74.81066,5.40084],[-74.8098,5.40093],[-74.80956,5.40481],[-74.80851,5.40481],[-74.80847,5.41053],[-74.80867,5.41526],[-74.80767,5.41713],[-74.8071,5.41991],[-74.80753,5.42211],[-74.81255,5.43095],[-74.81466,5.43095],[-74.81513,5.42837],[-74.81608,5.42837],[-74.81579,5.42083],[-74.81479,5.42021],[-74.81445,5.41753],[-74.81373,5.41696],[-74.81277,5.41327],[-74.81243,5.40959],[-74.81616,5.40968],[-74.8165,5.4147],[-74.81865,5.41575],[-74.8197,5.41776],[-74.8198,5.42365],[-74.82166,5.4236],[-74.82247,5.42235],[-74.82371,5.41977],[-74.82467,5.41953],[-74.82514,5.41599],[-74.82595,5.41527],[-74.82619,5.4124],[-74.82719,5.41211],[-74.82742,5.40861],[-74.82828,5.40861],[-74.82871,5.40722],[-74.82995,5.40713],[-74.83,5.41093],[-74.83072,5.41098],[-74.83072,5.41409],[-74.82948,5.41476],[-74.82992,5.42103],[-74.82868,5.42117],[-74.82854,5.42447],[-74.82296,5.42951],[-74.82091,5.43018],[-74.82149,5.43348],[-74.8223,5.43491],[-74.82488,5.43457],[-74.82531,5.43352],[-74.82831,5.43337],[-74.82888,5.43232],[-74.83122,5.43203],[-74.83199,5.43079],[-74.83361,5.43069],[-74.83403,5.42251],[-74.83498,5.42107],[-74.83722,5.41997],[-74.84004,5.41891],[-74.84219,5.41895],[-74.84482,5.42005],[-74.84496,5.42087],[-74.84596,5.42106],[-74.84596,5.42216],[-74.84377,5.42474],[-74.84253,5.42474],[-74.84254,5.42852],[-74.84344,5.42869],[-74.84411,5.43118],[-74.84345,5.43328],[-74.8425,5.43477],[-74.83973,5.43731],[-74.83257,5.43732],[-74.82612,5.43737],[-74.8235,5.43857],[-74.82297,5.43991],[-74.82164,5.44068],[-74.82154,5.44226],[-74.82025,5.44164],[-74.81973,5.43987],[-74.81829,5.43987],[-74.81705,5.43887],[-74.81557,5.43868],[-74.81438,5.43978],[-74.8139,5.4404],[-74.81295,5.44136],[-74.81152,5.44351],[-74.80846,5.44256],[-74.80622,5.44271],[-74.80455,5.44209],[-74.80115,5.43994],[-74.7991,5.43951],[-74.79824,5.44023],[-74.79705,5.44214],[-74.79672,5.44372],[-74.79677,5.4453],[-74.79796,5.44781],[-74.79921,5.44863],[-74.79926,5.44925],[-74.79892,5.45078],[-74.79716,5.45126],[-74.79702,5.45466],[-74.79816,5.45504],[-74.79826,5.45623],[-74.79473,5.45629],[-74.7944,5.45983],[-74.79531,5.45992],[-74.79607,5.46241],[-74.79459,5.46265],[-74.79445,5.46385],[-74.79369,5.46385],[-74.79331,5.46504],[-74.79087,5.46648],[-74.78982,5.46644],[-74.78983,5.47251],[-74.79088,5.47256],[-74.79102,5.47354],[-74.79217,5.47387],[-74.79218,5.47995],[-74.79308,5.48019],[-74.79361,5.48124],[-74.79452,5.48157],[-74.79505,5.4865],[-74.79863,5.4865],[-74.79849,5.4899],[-74.79916,5.49013],[-74.80122,5.49085],[-74.80122,5.49764],[-74.80323,5.49769],[-74.8038,5.49649],[-74.80714,5.49615],[-74.80757,5.49548],[-74.80967,5.49514],[-74.81029,5.4939],[-74.8112,5.4939],[-74.81095,5.48902],[-74.81258,5.48744],[-74.81257,5.48634],[-74.81085,5.48624],[-74.80861,5.48486],[-74.80827,5.48371],[-74.80708,5.48371],[-74.80364,5.48097],[-74.80363,5.47762],[-74.80626,5.47742],[-74.8064,5.47637],[-74.8074,5.47618],[-74.80798,5.47402],[-74.80836,5.47388],[-74.80869,5.47125],[-74.8096,5.47139],[-74.80993,5.47019],[-74.81227,5.47028],[-74.81136,5.47177],[-74.81079,5.4734],[-74.81113,5.47871],[-74.81233,5.47842],[-74.81361,5.47789],[-74.81524,5.47645],[-74.81624,5.47612],[-74.81628,5.47459],[-74.81724,5.47348],[-74.81743,5.47214],[-74.81785,5.46999],[-74.81857,5.46999],[-74.81843,5.46899],[-74.81747,5.46746],[-74.81717,5.4588],[-74.81607,5.4588],[-74.81598,5.45765],[-74.81478,5.45717],[-74.81502,5.45382],[-74.81946,5.4541],[-74.82099,5.45611],[-74.82123,5.4586],[-74.82219,5.45898],[-74.82424,5.46252],[-74.82535,5.46596],[-74.82606,5.46615],[-74.82645,5.46754],[-74.82726,5.46759],[-74.82739,5.45907],[-74.82677,5.45874],[-74.82624,5.45658],[-74.82633,5.45491],[-74.82719,5.45491],[-74.82757,5.45381],[-74.83225,5.45399],[-74.83192,5.45796],[-74.83078,5.46146],[-74.82978,5.46146],[-74.82988,5.46505],[-74.83098,5.46509],[-74.83103,5.46634],[-74.83442,5.46638],[-74.83604,5.46671],[-74.83652,5.46762],[-74.83752,5.46791],[-74.83552,5.47002],[-74.8338,5.47002],[-74.83371,5.47124],[-74.83132,5.47143],[-74.83146,5.47215],[-74.82755,5.47359],[-74.82493,5.47383],[-74.82502,5.47508],[-74.8235,5.47599],[-74.82225,5.47637],[-74.82249,5.47709],[-74.8183,5.48126],[-74.81739,5.48164],[-74.8174,5.48514],[-74.82241,5.48522],[-74.8225,5.48403],[-74.82599,5.48374],[-74.82637,5.48637],[-74.82494,5.48647],[-74.82499,5.48977],[-74.82447,5.49123],[-74.82409,5.49223],[-74.82361,5.49132],[-74.82256,5.49094],[-74.82227,5.49171],[-74.82075,5.49219],[-74.82032,5.49295],[-74.81951,5.49315],[-74.81951,5.49415],[-74.82018,5.4952],[-74.81994,5.49669],[-74.81894,5.49678],[-74.81918,5.49779],[-74.81369,5.49775],[-74.81326,5.49875],[-74.8123,5.49938],[-74.81168,5.50043],[-74.81173,5.50153],[-74.81264,5.50258],[-74.81388,5.50382],[-74.82258,5.504],[-74.82257,5.503],[-74.82487,5.50266],[-74.82482,5.50386],[-74.82258,5.50664],[-74.82143,5.50654],[-74.8212,5.50769],[-74.81857,5.50774],[-74.81857,5.50834],[-74.81232,5.51017],[-74.81227,5.51524],[-74.81323,5.51514],[-74.81581,5.51906],[-74.81667,5.52011],[-74.8173,5.52222],[-74.81722,5.53681],[-74.81531,5.53897],[-74.81369,5.53911],[-74.81364,5.53691],[-74.8133,5.53691],[-74.8123,5.53553],[-74.81225,5.53179],[-74.81163,5.53179],[-74.81076,5.52907],[-74.80866,5.52543],[-74.80866,5.5229],[-74.8076,5.52295],[-74.80483,5.51788],[-74.80483,5.51529],[-74.80344,5.51506],[-74.80119,5.51315],[-74.79862,5.51281],[-74.79695,5.51463],[-74.79733,5.51865],[-74.79838,5.51918],[-74.79863,5.52119],[-74.7992,5.52157],[-74.79992,5.52229],[-74.79973,5.52621],[-74.79849,5.52698],[-74.79849,5.52908],[-74.79926,5.52901],[-74.8069,5.53608],[-74.80982,5.53971],[-74.80978,5.54292],[-74.80481,5.54302],[-74.80477,5.54427],[-74.80376,5.54422],[-74.80343,5.54513],[-74.8019,5.54566],[-74.80085,5.54633],[-74.80042,5.54788],[-74.79918,5.54923],[-74.79809,5.55042],[-74.79632,5.55162],[-74.79241,5.55182],[-74.79236,5.5555],[-74.80148,5.55549],[-74.80168,5.55673],[-74.80029,5.55788],[-74.79614,5.55794],[-74.79595,5.56023],[-74.795,5.56052],[-74.79485,5.56158],[-74.79547,5.56196],[-74.79763,5.5643],[-74.80226,5.56429],[-74.80241,5.56745],[-74.80193,5.56757],[-74.79868,5.57026],[-74.7963,5.57155],[-74.79238,5.57151],[-74.79272,5.57548],[-74.79406,5.57567],[-74.79444,5.57658],[-74.79048,5.58031],[-74.78981,5.58065],[-74.78977,5.58185],[-74.78867,5.58185],[-74.78872,5.58584],[-74.78443,5.58944],[-74.78467,5.59331],[-74.78348,5.59575],[-74.7843,5.59905],[-74.78707,5.60096],[-74.78698,5.60436],[-74.78617,5.60475],[-74.78603,5.61025],[-74.78675,5.61197]],[[-74.88518,5.4219],[-74.87496,5.42772],[-74.86835,5.43311],[-74.86485,5.43507],[-74.86154,5.4369],[-74.85589,5.43889],[-74.84818,5.43869],[-74.84546,5.43861],[-74.84366,5.43813],[-74.84524,5.43521],[-74.84891,5.4342],[-74.84932,5.4341],[-74.85384,5.43306],[-74.85612,5.43256],[-74.85932,5.43056],[-74.86161,5.42835],[-74.86566,5.42449],[-74.86794,5.42385],[-74.87023,5.42205],[-74.87295,5.42114],[-74.8829,5.42101],[-74.88518,5.4219]],[[-74.85867,5.42218],[-74.85572,5.42285],[-74.8494,5.42075],[-74.85758,5.41581],[-74.85894,5.41496],[-74.86687,5.40154],[-74.86759,5.40032],[-74.87079,5.3974],[-74.87217,5.39151],[-74.87442,5.39132],[-74.87577,5.39224],[-74.88461,5.39139],[-74.88621,5.38959],[-74.88919,5.38442],[-74.89327,5.38195],[-74.89599,5.38196],[-74.89779,5.38197],[-74.89966,5.38102],[-74.90201,5.37984],[-74.90392,5.37886],[-74.9062,5.37819],[-74.90687,5.37935],[-74.9057,5.38295],[-74.90448,5.38438],[-74.90321,5.38587],[-74.9008,5.38671],[-74.896,5.38837],[-74.89549,5.38853],[-74.89205,5.3908],[-74.8914,5.39121],[-74.88643,5.39548],[-74.8805,5.39904],[-74.87846,5.40175],[-74.87073,5.40462],[-74.86961,5.40625],[-74.86574,5.41182],[-74.86389,5.4161],[-74.8614,5.42018],[-74.85867,5.42218]],[[-74.88713,5.3333],[-74.88825,5.33399],[-74.88576,5.33555],[-74.881,5.3371],[-74.87716,5.33708],[-74.87965,5.33437],[-74.88465,5.33306],[-74.88713,5.3333]]]},"properties":{"OBJECTID_12":3,"OBJECTID_1":3,"OBJECTID":3,"CODDEP":"17","CODACUI":3,"NOMBRE":"Acuifero La Dorada - Oriente de Caldas","AREA_HA":100140.670733,"AREA":1001.40670744,"PERIMETER":255960.334907,"Shape_Leng":255960.334991,"Shape_Le_1":255960.334991,"V":"Sin informacion","Shape_Length":264721.268835687,"Shape_Area":217732040.36783156}},{"type":"Feature","id":4,"geometry":{"type":"Polygon","coordinates":[[[-74.80302,5.36703],[-74.80319,5.36974],[-74.80341,5.36977],[-74.80718,5.37091],[-74.80914,5.37002],[-74.81229,5.36949],[-74.8131,5.36983],[-74.81415,5.37112],[-74.8152,5.37155],[-74.81716,5.37092],[-74.81792,5.36982],[-74.81964,5.36968],[-74.82002,5.36896],[-74.82761,5.36876],[-74.83372,5.36449],[-74.83367,5.36191],[-74.83276,5.36033],[-74.83285,5.36],[-74.83143,5.3626],[-74.8299,5.36436],[-74.82158,5.36468],[-74.82043,5.36552],[-74.81829,5.36552],[-74.81745,5.36698],[-74.81661,5.36705],[-74.81577,5.36445],[-74.81157,5.36453],[-74.81027,5.36561],[-74.80768,5.36707],[-74.80302,5.36703]]]},"properties":{"OBJECTID_12":4,"OBJECTID_1":3,"OBJECTID":3,"CODDEP":"17","CODACUI":3,"NOMBRE":"Acuifero La Dorada - Oriente de Caldas","AREA_HA":100140.670733,"AREA":1001.40670744,"PERIMETER":255960.334907,"Shape_Leng":255960.334991,"Shape_Le_1":255960.334991,"V":"Medio","Shape_Length":8588.524062799881,"Shape_Area":1569316.485943392}},{"type":"Feature","id":5,"geometry":{"type":"Polygon","coordinates":[[[-74.80302,5.36703],[-74.80768,5.36707],[-74.81027,5.36561],[-74.81157,5.36453],[-74.81577,5.36445],[-74.81661,5.36705],[-74.81745,5.36698],[-74.81829,5.36552],[-74.82043,5.36552],[-74.82158,5.36468],[-74.8299,5.36436],[-74.83143,5.3626],[-74.83285,5.36],[-74.83371,5.35707],[-74.83371,5.35325],[-74.83256,5.35318],[-74.83187,5.35042],[-74.83049,5.34928],[-74.82247,5.34952],[-74.82095,5.35082],[-74.82088,5.35465],[-74.82042,5.35465],[-74.81966,5.35702],[-74.81828,5.35733],[-74.81615,5.35986],[-74.81103,5.36078],[-74.80775,5.36186],[-74.80454,5.36339],[-74.80347,5.36485],[-74.80302,5.36692],[-74.80302,5.36703]]]},"properties":{"OBJECTID_12":5,"OBJECTID_1":3,"OBJECTID":3,"CODDEP":"17","CODACUI":3,"NOMBRE":"Acuifero La Dorada - Oriente de Caldas","AREA_HA":100140.670733,"AREA":1001.40670744,"PERIMETER":255960.334907,"Shape_Leng":255960.334991,"Shape_Le_1":255960.334991,"V":"Alto","Shape_Length":9563.468258082343,"Shape_Area":3318361.207618188}},{"type":"Feature","id":6,"geometry":{"type":"MultiPolygon","coordinates":[[[[-74.77603,5.38832],[-74.77594,5.38886],[-74.77717,5.38829],[-74.77603,5.38832]]],[[[-74.7866,5.37306],[-74.77927,5.37709],[-74.77576,5.37794],[-74.77202,5.38008],[-74.77179,5.38361],[-74.77019,5.38621],[-74.76806,5.3869],[-74.76493,5.3889],[-74.76455,5.39119],[-74.76989,5.39226],[-74.77119,5.39107],[-74.77087,5.39028],[-74.77216,5.38751],[-74.77731,5.38444],[-74.7806,5.38109],[-74.78285,5.37926],[-74.78399,5.3773],[-74.78762,5.37653],[-74.78914,5.3739],[-74.79654,5.36963],[-74.79835,5.36905],[-74.80319,5.36974],[-74.80302,5.36692],[-74.80347,5.36485],[-74.80454,5.36339],[-74.80775,5.36186],[-74.81103,5.36078],[-74.81615,5.35986],[-74.81828,5.35733],[-74.81966,5.35702],[-74.82042,5.35465],[-74.82088,5.35465],[-74.82095,5.35082],[-74.82247,5.34952],[-74.83049,5.34928],[-74.83187,5.35042],[-74.83256,5.35318],[-74.83371,5.35325],[-74.83371,5.35707],[-74.83562,5.35808],[-74.84144,5.35132],[-74.84139,5.35001],[-74.84363,5.34857],[-74.84506,5.34928],[-74.84874,5.3533],[-74.85161,5.35349],[-74.85223,5.35425],[-74.85376,5.35545],[-74.85672,5.35554],[-74.85691,5.35367],[-74.85409,5.35143],[-74.8507,5.34961],[-74.84945,5.34839],[-74.85055,5.34647],[-74.85203,5.34585],[-74.85389,5.34489],[-74.85594,5.34259],[-74.8556,5.34063],[-74.8536,5.34068],[-74.85264,5.34149],[-74.85073,5.34154],[-74.84873,5.34255],[-74.84701,5.34423],[-74.84539,5.34399],[-74.84448,5.34227],[-74.84372,5.34203],[-74.84338,5.34284],[-74.84128,5.34304],[-74.84086,5.34519],[-74.83966,5.34658],[-74.83785,5.34682],[-74.83599,5.34615],[-74.83408,5.3452],[-74.82944,5.342],[-74.82619,5.33937],[-74.82361,5.33928],[-74.82345,5.33883],[-74.82116,5.3401],[-74.81949,5.34286],[-74.81666,5.34615],[-74.813,5.34892],[-74.81094,5.35068],[-74.80964,5.35206],[-74.80866,5.35527],[-74.80637,5.35635],[-74.80438,5.35834],[-74.80262,5.3585],[-74.80192,5.34556],[-74.80307,5.34364],[-74.80314,5.34181],[-74.80154,5.34311],[-74.80024,5.34327],[-74.79795,5.34909],[-74.79712,5.35544],[-74.79559,5.35567],[-74.79545,5.3618],[-74.79262,5.36234],[-74.79171,5.36425],[-74.78935,5.36793],[-74.7866,5.37306]]]]},"properties":{"OBJECTID_12":6,"OBJECTID_1":3,"OBJECTID":3,"CODDEP":"17","CODACUI":3,"NOMBRE":"Acuifero La Dorada - Oriente de Caldas","AREA_HA":100140.670733,"AREA":1001.40670744,"PERIMETER":255960.334907,"Shape_Leng":255960.334991,"Shape_Le_1":255960.334991,"V":"Medio","Shape_Length":34540.52137165638,"Shape_Area":9943400.911456184}},{"type":"Feature","id":7,"geometry":{"type":"Polygon","coordinates":[[[-74.78085,5.29871],[-74.77943,5.301],[-74.77819,5.30301],[-74.77438,5.30292],[-74.77199,5.30502],[-74.77113,5.30522],[-74.77113,5.30005],[-74.76712,5.30063],[-74.76531,5.30446],[-74.76292,5.30628],[-74.75929,5.30619],[-74.75538,5.30609],[-74.75137,5.30495],[-74.7508,5.30687],[-74.75185,5.3084],[-74.75214,5.31146],[-74.75081,5.31366],[-74.75081,5.31672],[-74.75282,5.31873],[-74.7553,5.31959],[-74.75874,5.31958],[-74.76284,5.31872],[-74.76551,5.31757],[-74.76828,5.31584],[-74.77,5.31421],[-74.77114,5.31211],[-74.77314,5.31105],[-74.77524,5.31095],[-74.77687,5.31229],[-74.77658,5.31545],[-74.77296,5.31746],[-74.76704,5.32091],[-74.7576,5.3259],[-74.74816,5.33539],[-74.7411,5.34161],[-74.7411,5.34396],[-74.74368,5.34788],[-74.74579,5.35237],[-74.74818,5.35534],[-74.74961,5.3561],[-74.75257,5.35591],[-74.75391,5.35686],[-74.75534,5.3583],[-74.76097,5.3582],[-74.76078,5.35686],[-74.76346,5.35676],[-74.76918,5.35139],[-74.76936,5.34584],[-74.77299,5.34584],[-74.77414,5.34718],[-74.7749,5.34947],[-74.77319,5.35005],[-74.7729,5.35416],[-74.77434,5.35445],[-74.77434,5.35713],[-74.76909,5.35742],[-74.7648,5.36173],[-74.76012,5.36174],[-74.75945,5.36327],[-74.75802,5.36365],[-74.75812,5.36605],[-74.76012,5.36585],[-74.75955,5.36815],[-74.76099,5.36853],[-74.76099,5.37006],[-74.75717,5.3694],[-74.7478,5.35965],[-74.74599,5.35955],[-74.74599,5.36434],[-74.74332,5.36625],[-74.74304,5.3697],[-74.74237,5.36989],[-74.74219,5.37879],[-74.74496,5.38257],[-74.75098,5.38543],[-74.75251,5.38763],[-74.7549,5.39079],[-74.75643,5.3926],[-74.76035,5.39346],[-74.76455,5.39119],[-74.76493,5.3889],[-74.76806,5.3869],[-74.77019,5.38621],[-74.77179,5.38361],[-74.77202,5.38008],[-74.77576,5.37794],[-74.77927,5.37709],[-74.7866,5.37306],[-74.78935,5.36793],[-74.79171,5.36425],[-74.79262,5.36234],[-74.79545,5.3618],[-74.79559,5.35567],[-74.79712,5.35544],[-74.79795,5.34909],[-74.80024,5.34327],[-74.80154,5.34311],[-74.80314,5.34181],[-74.80307,5.34364],[-74.80192,5.34556],[-74.80262,5.3585],[-74.80438,5.35834],[-74.80637,5.35635],[-74.80866,5.35527],[-74.80964,5.35206],[-74.81094,5.35068],[-74.813,5.34892],[-74.81666,5.34615],[-74.81949,5.34286],[-74.82116,5.3401],[-74.82345,5.33883],[-74.82328,5.33837],[-74.82323,5.33737],[-74.82571,5.33516],[-74.82757,5.33516],[-74.82943,5.33516],[-74.83125,5.33391],[-74.83019,5.33257],[-74.82494,5.32796],[-74.8183,5.32271],[-74.81595,5.31984],[-74.81566,5.31802],[-74.81757,5.31744],[-74.81996,5.31811],[-74.82077,5.31959],[-74.82154,5.32222],[-74.82675,5.32423],[-74.82851,5.32418],[-74.82866,5.3259],[-74.83401,5.32786],[-74.83754,5.32799],[-74.83788,5.32876],[-74.84026,5.3288],[-74.84112,5.3278],[-74.84265,5.32851],[-74.84618,5.32784],[-74.84842,5.32707],[-74.85181,5.32668],[-74.8573,5.32725],[-74.85997,5.32639],[-74.86098,5.32543],[-74.86107,5.32404],[-74.86226,5.32404],[-74.8625,5.32179],[-74.86111,5.32155],[-74.86087,5.32069],[-74.85992,5.32069],[-74.85983,5.32175],[-74.85749,5.3218],[-74.85711,5.32304],[-74.84097,5.32301],[-74.84092,5.32158],[-74.83347,5.32159],[-74.83075,5.32068],[-74.83039,5.31806],[-74.83031,5.31805],[-74.82408,5.31813],[-74.82403,5.31814],[-74.82334,5.31796],[-74.82326,5.3179],[-74.8226,5.31747],[-74.82249,5.31735],[-74.82149,5.31654],[-74.82136,5.31648],[-74.82111,5.31623],[-74.82104,5.31618],[-74.82101,5.31612],[-74.82041,5.31535],[-74.82041,5.31534],[-74.82007,5.31444],[-74.81796,5.31194],[-74.81795,5.31193],[-74.81757,5.31173],[-74.81561,5.30999],[-74.81542,5.30983],[-74.81541,5.30982],[-74.81515,5.30939],[-74.81491,5.30865],[-74.81489,5.30859],[-74.8126,5.30645],[-74.81257,5.30644],[-74.8109,5.30618],[-74.81076,5.30617],[-74.81029,5.306],[-74.80977,5.30565],[-74.80974,5.30562],[-74.80938,5.30529],[-74.80908,5.30469],[-74.80864,5.30408],[-74.80826,5.30374],[-74.80801,5.30343],[-74.808,5.30343],[-74.80782,5.30294],[-74.80778,5.30288],[-74.80714,5.30261],[-74.80624,5.30286],[-74.80576,5.30282],[-74.80533,5.30273],[-74.80496,5.30266],[-74.80482,5.30267],[-74.80253,5.30399],[-74.80191,5.30458],[-74.80148,5.30462],[-74.80117,5.30456],[-74.8,5.30444],[-74.79957,5.30448],[-74.79888,5.30448],[-74.79884,5.30446],[-74.79849,5.3043],[-74.79846,5.30428],[-74.79833,5.30418],[-74.79826,5.30412],[-74.79817,5.30405],[-74.79808,5.30399],[-74.79802,5.30396],[-74.79772,5.30352],[-74.79752,5.30292],[-74.79664,5.30114],[-74.79621,5.30089],[-74.79575,5.30074],[-74.79552,5.30065],[-74.7954,5.30061],[-74.79521,5.30051],[-74.79449,5.30009],[-74.79371,5.29948],[-74.79329,5.29933],[-74.79272,5.29914],[-74.79183,5.29884],[-74.79176,5.29885],[-74.79087,5.29897],[-74.79021,5.29917],[-74.78936,5.29937],[-74.7893,5.29938],[-74.78924,5.29937],[-74.7887,5.29929],[-74.78847,5.29918],[-74.78637,5.29835],[-74.78628,5.29833],[-74.78617,5.29833],[-74.78449,5.29872],[-74.78439,5.29875],[-74.78425,5.29884],[-74.78408,5.29895],[-74.78386,5.2991],[-74.7833,5.29953],[-74.7831,5.2996],[-74.78304,5.29963],[-74.78297,5.29965],[-74.78295,5.29966],[-74.78287,5.29967],[-74.78244,5.29974],[-74.78241,5.29976],[-74.78239,5.29975],[-74.78218,5.2997],[-74.78199,5.29967],[-74.78191,5.29965],[-74.78148,5.29944],[-74.78118,5.29907],[-74.78085,5.29871]]]},"properties":{"OBJECTID_12":7,"OBJECTID_1":3,"OBJECTID":3,"CODDEP":"17","CODACUI":3,"NOMBRE":"Acuifero La Dorada - Oriente de Caldas","AREA_HA":100140.670733,"AREA":1001.40670744,"PERIMETER":255960.334907,"Shape_Leng":255960.334991,"Shape_Le_1":255960.334991,"V":"Alto","Shape_Length":66657.60728830186,"Shape_Area":59177530.144684836}},{"type":"Feature","id":8,"geometry":{"type":"Polygon","coordinates":[[[-74.66297,5.46588],[-74.66561,5.46674],[-74.6696,5.46273],[-74.66826,5.45813],[-74.67298,5.45521],[-74.67188,5.45085],[-74.66825,5.45061],[-74.66813,5.44867],[-74.6628,5.44722],[-74.65864,5.45043],[-74.65969,5.45211],[-74.66003,5.45345],[-74.66012,5.45381],[-74.66016,5.45397],[-74.66019,5.45403],[-74.66027,5.45418],[-74.66052,5.45468],[-74.66077,5.45519],[-74.66145,5.45653],[-74.66205,5.45808],[-74.66208,5.45816],[-74.66212,5.45825],[-74.66218,5.4584],[-74.66218,5.45849],[-74.66232,5.45878],[-74.66237,5.45904],[-74.66247,5.4594],[-74.6626,5.4597],[-74.66282,5.46068],[-74.66307,5.46182],[-74.66315,5.46252],[-74.66319,5.46295],[-74.66315,5.46385],[-74.6631,5.46464],[-74.66303,5.46526],[-74.66298,5.46576],[-74.66297,5.46586],[-74.66297,5.46588]]]},"properties":{"OBJECTID_12":8,"OBJECTID_1":3,"OBJECTID":3,"CODDEP":"17","CODACUI":3,"NOMBRE":"Acuifero La Dorada - Oriente de Caldas","AREA_HA":100140.670733,"AREA":1001.40670744,"PERIMETER":255960.334907,"Shape_Leng":255960.334991,"Shape_Le_1":255960.334991,"V":"Centro poblado","Shape_Length":6199.084235038752,"Shape_Area":1853733.9338483338}},{"type":"Feature","id":9,"geometry":{"type":"Polygon","coordinates":[[[-74.69178,5.43624],[-74.69184,5.43625],[-74.69386,5.43712],[-74.69496,5.43891],[-74.69702,5.44217],[-74.69996,5.44336],[-74.70042,5.44313],[-74.70032,5.44056],[-74.70151,5.44046],[-74.70376,5.44248],[-74.70472,5.44221],[-74.70344,5.44042],[-74.7038,5.43996],[-74.70577,5.43927],[-74.70582,5.43849],[-74.70357,5.43739],[-74.70215,5.43817],[-74.70128,5.43803],[-74.70128,5.43592],[-74.70316,5.43592],[-74.70311,5.43509],[-74.7016,5.43426],[-74.69775,5.43395],[-74.69578,5.43303],[-74.69436,5.43294],[-74.69435,5.43193],[-74.69591,5.43096],[-74.69586,5.43014],[-74.6971,5.42876],[-74.6971,5.42788],[-74.69572,5.42669],[-74.69476,5.42655],[-74.69481,5.42821],[-74.69389,5.42963],[-74.69403,5.4305],[-74.69252,5.43009],[-74.69298,5.42899],[-74.69385,5.42848],[-74.69398,5.4272],[-74.69274,5.42642],[-74.69105,5.42628],[-74.69008,5.42509],[-74.68875,5.4244],[-74.6888,5.4255],[-74.68912,5.42638],[-74.68729,5.42633],[-74.68724,5.42702],[-74.68807,5.42711],[-74.68775,5.42849],[-74.68688,5.42766],[-74.68559,5.42679],[-74.685,5.42771],[-74.6856,5.4295],[-74.68716,5.43097],[-74.68991,5.42982],[-74.68968,5.42835],[-74.69123,5.42784],[-74.69206,5.42697],[-74.69307,5.42734],[-74.69252,5.42816],[-74.69188,5.42872],[-74.69092,5.43083],[-74.69073,5.43179],[-74.6922,5.43285],[-74.69229,5.43363],[-74.69181,5.43434],[-74.69178,5.43624]]]},"properties":{"OBJECTID_12":9,"OBJECTID_1":3,"OBJECTID":3,"CODDEP":"17","CODACUI":3,"NOMBRE":"Acuifero La Dorada - Oriente de Caldas","AREA_HA":100140.670733,"AREA":1001.40670744,"PERIMETER":255960.334907,"Shape_Leng":255960.334991,"Shape_Le_1":255960.334991,"V":"Lago","Shape_Length":11354.748246005347,"Shape_Area":1497610.8458440911}},{"type":"Feature","id":10,"geometry":{"type":"Polygon","coordinates":[[[-74.69747,5.37246],[-74.69632,5.37238],[-74.69472,5.37131],[-74.69052,5.37093],[-74.69075,5.37208],[-74.6867,5.37308],[-74.68678,5.37591],[-74.68303,5.37599],[-74.68266,5.37952],[-74.68832,5.38717],[-74.69046,5.38724],[-74.69061,5.39229],[-74.69298,5.39221],[-74.69314,5.39581],[-74.69971,5.40109],[-74.72095,5.40091],[-74.72133,5.39969],[-74.72309,5.39946],[-74.72347,5.39708],[-74.72622,5.39693],[-74.72934,5.39348],[-74.72949,5.38735],[-74.72666,5.38644],[-74.72307,5.38491],[-74.7207,5.38353],[-74.71963,5.38223],[-74.71841,5.37948],[-74.71558,5.37719],[-74.70969,5.37689],[-74.70954,5.37597],[-74.70786,5.37612],[-74.70656,5.3785],[-74.70465,5.37819],[-74.70343,5.37582],[-74.7016,5.37552],[-74.70106,5.37314],[-74.70093,5.37283],[-74.69747,5.37246]]]},"properties":{"OBJECTID_12":10,"OBJECTID_1":3,"OBJECTID":3,"CODDEP":"17","CODACUI":3,"NOMBRE":"Acuifero La Dorada - Oriente de Caldas","AREA_HA":100140.670733,"AREA":1001.40670744,"PERIMETER":255960.334907,"Shape_Leng":255960.334991,"Shape_Le_1":255960.334991,"V":"Bajo","Shape_Length":15052.657735000368,"Shape_Area":11083104.991029626}},{"type":"Feature","id":11,"geometry":{"type":"Polygon","coordinates":[[[-74.64686,5.56536],[-74.6481,5.56543],[-74.64868,5.56543],[-74.64983,5.56576],[-74.65015,5.56585],[-74.65036,5.56591],[-74.65044,5.56595],[-74.65093,5.56623],[-74.65153,5.56657],[-74.65244,5.56692],[-74.65248,5.56697],[-74.65255,5.56707],[-74.65257,5.56707],[-74.65261,5.56712],[-74.65292,5.56732],[-74.65301,5.56739],[-74.65309,5.56744],[-74.65347,5.56796],[-74.65388,5.56886],[-74.65396,5.56904],[-74.65399,5.56909],[-74.65399,5.5691],[-74.65398,5.57082],[-74.65383,5.5714],[-74.65378,5.57158],[-74.65377,5.57168],[-74.65371,5.5718],[-74.65343,5.57256],[-74.65331,5.5729],[-74.65306,5.57359],[-74.65276,5.57407],[-74.65273,5.57413],[-74.65267,5.5743],[-74.65697,5.57551],[-74.65881,5.57582],[-74.66568,5.57244],[-74.66996,5.56968],[-74.67194,5.56555],[-74.68294,5.5588],[-74.6976,5.54868],[-74.7008,5.54439],[-74.70308,5.53673],[-74.70629,5.53229],[-74.71072,5.5283],[-74.72111,5.52798],[-74.72202,5.5289],[-74.72768,5.52905],[-74.73058,5.5269],[-74.72569,5.52507],[-74.72477,5.52354],[-74.73592,5.5223],[-74.75272,5.51539],[-74.757,5.51569],[-74.76601,5.51078],[-74.74019,5.51051],[-74.74003,5.50867],[-74.72827,5.50945],[-74.7246,5.51068],[-74.71559,5.51038],[-74.72016,5.50471],[-74.71253,5.50518],[-74.70504,5.50672],[-74.70228,5.50167],[-74.69709,5.49983],[-74.6925,5.49923],[-74.69113,5.50183],[-74.68961,5.50643],[-74.68135,5.50552],[-74.67631,5.50445],[-74.67578,5.50429],[-74.6749,5.50862],[-74.67158,5.51173],[-74.67055,5.51598],[-74.67056,5.51919],[-74.66609,5.52195],[-74.66036,5.52437],[-74.66002,5.52609],[-74.65819,5.53264],[-74.65716,5.53758],[-74.65556,5.54137],[-74.65373,5.54493],[-74.64938,5.54942],[-74.64938,5.55263],[-74.65168,5.55607],[-74.64733,5.55975],[-74.64686,5.56536]]]},"properties":{"OBJECTID_12":11,"OBJECTID_1":3,"OBJECTID":3,"CODDEP":"17","CODACUI":3,"NOMBRE":"Acuifero La Dorada - Oriente de Caldas","AREA_HA":100140.670733,"AREA":1001.40670744,"PERIMETER":255960.334907,"Shape_Leng":255960.334991,"Shape_Le_1":255960.334991,"V":"Medio","Shape_Length":39010.514133908015,"Shape_Area":41327495.84575331}},{"type":"Feature","id":12,"geometry":{"type":"Polygon","coordinates":[[[-74.7033,5.54961],[-74.70327,5.55167],[-74.70712,5.55433],[-74.70951,5.55437],[-74.7101,5.55322],[-74.71111,5.55317],[-74.71097,5.54936],[-74.70955,5.54812],[-74.70469,5.54808],[-74.7033,5.54961]]]},"properties":{"OBJECTID_12":12,"OBJECTID_1":3,"OBJECTID":3,"CODDEP":"17","CODACUI":3,"NOMBRE":"Acuifero La Dorada - Oriente de Caldas","AREA_HA":100140.670733,"AREA":1001.40670744,"PERIMETER":255960.334907,"Shape_Leng":255960.334991,"Shape_Le_1":255960.334991,"V":"Medio","Shape_Length":2661.191540379286,"Shape_Area":487213.8168641592}},{"type":"Feature","id":13,"geometry":{"type":"Polygon","coordinates":[[[-74.65789,5.57567],[-74.65697,5.57551],[-74.65267,5.5743],[-74.65254,5.57467],[-74.6508,5.57761],[-74.65075,5.5777],[-74.6478,5.58581],[-74.6464,5.5896],[-74.64639,5.58963],[-74.64539,5.59182],[-74.64507,5.59251],[-74.64472,5.59327],[-74.64407,5.59452],[-74.64322,5.59698],[-74.64184,5.60097],[-74.64137,5.60189],[-74.64123,5.60218],[-74.64113,5.60256],[-74.64109,5.60273],[-74.64021,5.60452],[-74.63955,5.60589],[-74.63953,5.60594],[-74.63945,5.60605],[-74.63887,5.60698],[-74.63854,5.60767],[-74.63852,5.60771],[-74.63696,5.60996],[-74.63552,5.61201],[-74.63375,5.6147],[-74.63317,5.61562],[-74.63294,5.61619],[-74.63144,5.62019],[-74.63138,5.62042],[-74.63125,5.6211],[-74.63056,5.62584],[-74.63053,5.62622],[-74.63052,5.62681],[-74.63064,5.63326],[-74.63067,5.63371],[-74.63131,5.63688],[-74.63131,5.63716],[-74.63131,5.63724],[-74.63135,5.63746],[-74.63148,5.63779],[-74.6315,5.63808],[-74.63152,5.63831],[-74.63156,5.63849],[-74.6316,5.63865],[-74.63193,5.64437],[-74.63191,5.64456],[-74.63188,5.64481],[-74.6319,5.64567],[-74.63192,5.64629],[-74.63124,5.65346],[-74.63124,5.65354],[-74.63129,5.65467],[-74.63136,5.6562],[-74.63143,5.65919],[-74.63132,5.66186],[-74.63134,5.66314],[-74.63134,5.66319],[-74.63127,5.6639],[-74.63121,5.66438],[-74.63119,5.6646],[-74.63078,5.66668],[-74.6307,5.66706],[-74.63045,5.66804],[-74.63031,5.6686],[-74.62987,5.67036],[-74.62912,5.67369],[-74.62903,5.67393],[-74.62485,5.68682],[-74.62485,5.68684],[-74.62484,5.68686],[-74.62434,5.69077],[-74.62434,5.69087],[-74.62441,5.69105],[-74.62597,5.69405],[-74.62601,5.69412],[-74.62734,5.6956],[-74.62736,5.69562],[-74.62752,5.69589],[-74.62756,5.69594],[-74.63058,5.69816],[-74.63096,5.69833],[-74.63177,5.69092],[-74.63483,5.68441],[-74.64055,5.67962],[-74.64246,5.6756],[-74.64456,5.67043],[-74.64455,5.66756],[-74.64321,5.66488],[-74.6434,5.66029],[-74.64149,5.65665],[-74.63804,5.65455],[-74.63499,5.65226],[-74.6346,5.64364],[-74.63669,5.64115],[-74.63555,5.63905],[-74.63611,5.63388],[-74.63573,5.63139],[-74.63687,5.62776],[-74.64432,5.62679],[-74.64795,5.61971],[-74.64794,5.61301],[-74.6466,5.60765],[-74.65288,5.59004],[-74.65402,5.58276],[-74.6567,5.58104],[-74.65789,5.57567]]]},"properties":{"OBJECTID_12":13,"OBJECTID_1":3,"OBJECTID":3,"CODDEP":"17","CODACUI":3,"NOMBRE":"Acuifero La Dorada - Oriente de Caldas","AREA_HA":100140.670733,"AREA":1001.40670744,"PERIMETER":255960.334907,"Shape_Leng":255960.334991,"Shape_Le_1":255960.334991,"V":"Río","Shape_Length":31084.51904605222,"Shape_Area":13098227.659818666}},{"type":"Feature","id":14,"geometry":{"type":"Polygon","coordinates":[[[-74.6858,5.59448],[-74.68582,5.59448],[-74.68582,5.59848],[-74.68715,5.59838],[-74.68697,5.60105],[-74.69476,5.60099],[-74.69448,5.59217],[-74.68733,5.59204],[-74.68713,5.59205],[-74.6858,5.59448]]]},"properties":{"OBJECTID_12":14,"OBJECTID_1":3,"OBJECTID":3,"CODDEP":"17","CODACUI":3,"NOMBRE":"Acuifero La Dorada - Oriente de Caldas","AREA_HA":100140.670733,"AREA":1001.40670744,"PERIMETER":255960.334907,"Shape_Leng":255960.334991,"Shape_Le_1":255960.334991,"V":"Medio","Shape_Length":3845.4027197447854,"Shape_Area":902896.270742891}},{"type":"Feature","id":15,"geometry":{"type":"Polygon","coordinates":[[[-74.71975,5.61599],[-74.72085,5.6159],[-74.7209,5.61369],[-74.71824,5.61351],[-74.71829,5.6171],[-74.71973,5.6171],[-74.71975,5.61599]]]},"properties":{"OBJECTID_12":15,"OBJECTID_1":3,"OBJECTID":3,"CODDEP":"17","CODACUI":3,"NOMBRE":"Acuifero La Dorada - Oriente de Caldas","AREA_HA":100140.670733,"AREA":1001.40670744,"PERIMETER":255960.334907,"Shape_Leng":255960.334991,"Shape_Le_1":255960.334991,"V":"Medio","Shape_Length":1339.493008592393,"Shape_Area":95754.41883195382}},{"type":"Feature","id":16,"geometry":{"type":"Polygon","coordinates":[[[-74.67578,5.50429],[-74.67072,5.50277],[-74.67064,5.50336],[-74.67038,5.5045],[-74.67036,5.50467],[-74.67022,5.50504],[-74.66976,5.50639],[-74.66937,5.50734],[-74.66855,5.50803],[-74.66672,5.50962],[-74.66661,5.50969],[-74.66649,5.50975],[-74.66643,5.50979],[-74.66639,5.50985],[-74.66638,5.50988],[-74.66637,5.50989],[-74.66627,5.50996],[-74.66555,5.51048],[-74.66525,5.51061],[-74.66508,5.51078],[-74.6647,5.51099],[-74.66462,5.51105],[-74.66445,5.51115],[-74.6643,5.51126],[-74.6641,5.51135],[-74.66018,5.51361],[-74.65927,5.51418],[-74.65825,5.51503],[-74.65501,5.51787],[-74.65489,5.51802],[-74.65485,5.51808],[-74.6548,5.51816],[-74.65473,5.51827],[-74.65456,5.51846],[-74.65444,5.51858],[-74.65432,5.51871],[-74.65425,5.51882],[-74.65415,5.519],[-74.65413,5.51901],[-74.65403,5.5191],[-74.65399,5.51914],[-74.65396,5.51922],[-74.6538,5.51979],[-74.65376,5.51997],[-74.65366,5.52019],[-74.65364,5.52026],[-74.65361,5.52032],[-74.65317,5.52143],[-74.65285,5.52191],[-74.65282,5.52195],[-74.65278,5.52202],[-74.65271,5.52213],[-74.65219,5.52334],[-74.65218,5.52355],[-74.6521,5.52375],[-74.65172,5.52583],[-74.65148,5.52736],[-74.65147,5.52983],[-74.65146,5.52986],[-74.65129,5.53069],[-74.65105,5.53183],[-74.65082,5.53298],[-74.65004,5.5369],[-74.65,5.53698],[-74.64982,5.53758],[-74.64976,5.53777],[-74.64971,5.53797],[-74.64809,5.54095],[-74.64795,5.54113],[-74.6477,5.54142],[-74.64765,5.54149],[-74.64509,5.54352],[-74.64263,5.54481],[-74.64254,5.54487],[-74.6422,5.54511],[-74.64215,5.54513],[-74.64172,5.54543],[-74.64068,5.54599],[-74.64016,5.54622],[-74.63912,5.54668],[-74.63898,5.54675],[-74.63419,5.55058],[-74.63418,5.55059],[-74.63309,5.55232],[-74.63304,5.55241],[-74.63299,5.55268],[-74.63282,5.55381],[-74.63282,5.55389],[-74.63283,5.55396],[-74.63402,5.55796],[-74.63404,5.55801],[-74.63574,5.56081],[-74.63907,5.56345],[-74.63922,5.56356],[-74.63923,5.56357],[-74.6393,5.5636],[-74.63932,5.56361],[-74.64359,5.56519],[-74.64372,5.56518],[-74.64436,5.56511],[-74.64562,5.5653],[-74.64686,5.56536],[-74.64733,5.55975],[-74.65168,5.55607],[-74.64938,5.55263],[-74.64938,5.54942],[-74.65373,5.54493],[-74.65556,5.54137],[-74.65716,5.53758],[-74.65819,5.53264],[-74.66002,5.52609],[-74.66036,5.52437],[-74.66609,5.52195],[-74.67056,5.51919],[-74.67055,5.51598],[-74.67158,5.51173],[-74.6749,5.50862],[-74.67578,5.50429]]]},"properties":{"OBJECTID_12":16,"OBJECTID_1":3,"OBJECTID":3,"CODDEP":"17","CODACUI":3,"NOMBRE":"Acuifero La Dorada - Oriente de Caldas","AREA_HA":100140.670733,"AREA":1001.40670744,"PERIMETER":255960.334907,"Shape_Leng":255960.334991,"Shape_Le_1":255960.334991,"V":"Río","Shape_Length":18562.686029241617,"Shape_Area":7949490.194699132}},{"type":"Feature","id":17,"geometry":{"type":"Polygon","coordinates":[[[-74.66567,5.46667],[-74.66561,5.46674],[-74.66297,5.46588],[-74.6632,5.46879],[-74.66326,5.46942],[-74.6636,5.47049],[-74.66366,5.47075],[-74.66409,5.47216],[-74.66454,5.47344],[-74.66483,5.47459],[-74.66484,5.47462],[-74.66484,5.47468],[-74.66495,5.47673],[-74.66496,5.47676],[-74.66498,5.47689],[-74.66501,5.47705],[-74.66503,5.47769],[-74.66503,5.47783],[-74.66504,5.47795],[-74.66488,5.48015],[-74.66488,5.48051],[-74.6653,5.4838],[-74.66532,5.48388],[-74.66538,5.48403],[-74.66544,5.48419],[-74.66544,5.48432],[-74.66544,5.48435],[-74.66655,5.48821],[-74.66656,5.48823],[-74.66659,5.48826],[-74.66668,5.48835],[-74.66668,5.48844],[-74.66668,5.48848],[-74.66683,5.48878],[-74.66686,5.48882],[-74.66689,5.48887],[-74.66707,5.48928],[-74.66837,5.49191],[-74.6685,5.49214],[-74.66852,5.49216],[-74.66903,5.49285],[-74.66904,5.49287],[-74.66924,5.49329],[-74.66934,5.49352],[-74.6696,5.49391],[-74.66963,5.49398],[-74.66979,5.49436],[-74.67018,5.49524],[-74.67052,5.49627],[-74.67053,5.4963],[-74.67053,5.49636],[-74.67094,5.49825],[-74.67096,5.49905],[-74.67099,5.49964],[-74.671,5.49985],[-74.67086,5.50107],[-74.67082,5.50141],[-74.67082,5.50206],[-74.67072,5.50277],[-74.67578,5.50429],[-74.67636,5.50039],[-74.67502,5.49895],[-74.67387,5.4957],[-74.67158,5.49532],[-74.66928,5.49073],[-74.66803,5.48412],[-74.66822,5.48173],[-74.66755,5.47628],[-74.66592,5.47255],[-74.66567,5.46667]]]},"properties":{"OBJECTID_12":17,"OBJECTID_1":3,"OBJECTID":3,"CODDEP":"17","CODACUI":3,"NOMBRE":"Acuifero La Dorada - Oriente de Caldas","AREA_HA":100140.670733,"AREA":1001.40670744,"PERIMETER":255960.334907,"Shape_Leng":255960.334991,"Shape_Le_1":255960.334991,"V":"Río","Shape_Length":9724.22472383039,"Shape_Area":1260167.840638365}},{"type":"Feature","id":18,"geometry":{"type":"Polygon","coordinates":[[[-74.67285,5.45529],[-74.67329,5.45977],[-74.67439,5.45977],[-74.67458,5.46279],[-74.67826,5.46274],[-74.67801,5.45642],[-74.67706,5.45642],[-74.67701,5.45389],[-74.67268,5.45402],[-74.67298,5.45521],[-74.67285,5.45529]]]},"properties":{"OBJECTID_12":18,"OBJECTID_1":3,"OBJECTID":3,"CODDEP":"17","CODACUI":3,"NOMBRE":"Acuifero La Dorada - Oriente de Caldas","AREA_HA":100140.670733,"AREA":1001.40670744,"PERIMETER":255960.334907,"Shape_Leng":255960.334991,"Shape_Le_1":255960.334991,"V":"Medio","Shape_Length":3078.3155356227267,"Shape_Area":465473.13242403895}},{"type":"Feature","id":19,"geometry":{"type":"Polygon","coordinates":[[[-74.71121,5.44063],[-74.71228,5.44356],[-74.71484,5.44633],[-74.7179,5.44633],[-74.71961,5.44432],[-74.72038,5.44221],[-74.72047,5.43877],[-74.71932,5.43752],[-74.71388,5.43791],[-74.7113,5.43992],[-74.71121,5.44063]]]},"properties":{"OBJECTID_12":19,"OBJECTID_1":3,"OBJECTID":3,"CODDEP":"17","CODACUI":3,"NOMBRE":"Acuifero La Dorada - Oriente de Caldas","AREA_HA":100140.670733,"AREA":1001.40670744,"PERIMETER":255960.334907,"Shape_Leng":255960.334991,"Shape_Le_1":255960.334991,"V":"Medio","Shape_Length":3254.4585190997313,"Shape_Area":774407.5150960813}},{"type":"Feature","id":20,"geometry":{"type":"Polygon","coordinates":[[[-74.72324,5.34643],[-74.72331,5.34646],[-74.72331,5.34852],[-74.72698,5.34864],[-74.72686,5.34473],[-74.72457,5.34496],[-74.72443,5.34491],[-74.72324,5.34643]]]},"properties":{"OBJECTID_12":20,"OBJECTID_1":3,"OBJECTID":3,"CODDEP":"17","CODACUI":3,"NOMBRE":"Acuifero La Dorada - Oriente de Caldas","AREA_HA":100140.670733,"AREA":1001.40670744,"PERIMETER":255960.334907,"Shape_Leng":255960.334991,"Shape_Le_1":255960.334991,"V":"Bajo","Shape_Length":1560.456415889365,"Shape_Area":154240.71624864382}},{"type":"Feature","id":21,"geometry":{"type":"Polygon","coordinates":[[[-74.71968,5.36416],[-74.72046,5.3646],[-74.7231,5.3646],[-74.72735,5.37241],[-74.72952,5.3724],[-74.72964,5.37091],[-74.73204,5.37091],[-74.7318,5.35759],[-74.72859,5.35748],[-74.72688,5.35989],[-74.71956,5.35967],[-74.71968,5.36416]]]},"properties":{"OBJECTID_12":21,"OBJECTID_1":3,"OBJECTID":3,"CODDEP":"17","CODACUI":3,"NOMBRE":"Acuifero La Dorada - Oriente de Caldas","AREA_HA":100140.670733,"AREA":1001.40670744,"PERIMETER":255960.334907,"Shape_Leng":255960.334991,"Shape_Le_1":255960.334991,"V":"Bajo","Shape_Length":5511.831338355384,"Shape_Area":1436166.3073282843}},{"type":"Feature","id":22,"geometry":{"type":"Polygon","coordinates":[[[-74.75602,5.32749],[-74.75573,5.32077],[-74.75449,5.32073],[-74.75431,5.32183],[-74.75316,5.32211],[-74.75216,5.32298],[-74.75092,5.32459],[-74.74835,5.32588],[-74.74446,5.32726],[-74.74442,5.33089],[-74.74566,5.33066],[-74.74575,5.33181],[-74.75152,5.33201],[-74.75602,5.32749]]]},"properties":{"OBJECTID_12":22,"OBJECTID_1":3,"OBJECTID":3,"CODDEP":"17","CODACUI":3,"NOMBRE":"Acuifero La Dorada - Oriente de Caldas","AREA_HA":100140.670733,"AREA":1001.40670744,"PERIMETER":255960.334907,"Shape_Leng":255960.334991,"Shape_Le_1":255960.334991,"V":"Bajo","Shape_Length":4295.942040541489,"Shape_Area":927359.8711622907}},{"type":"Feature","id":23,"geometry":{"type":"Polygon","coordinates":[[[-74.74949,5.32059],[-74.74949,5.31697],[-74.74844,5.31697],[-74.74839,5.31559],[-74.74697,5.31545],[-74.74711,5.31449],[-74.74587,5.31449],[-74.74578,5.3155],[-74.74449,5.31555],[-74.74445,5.31816],[-74.74326,5.31812],[-74.74299,5.32317],[-74.74308,5.32317],[-74.74313,5.32444],[-74.74432,5.32423],[-74.74432,5.32584],[-74.74574,5.32579],[-74.74556,5.32326],[-74.74693,5.32312],[-74.74688,5.32184],[-74.74821,5.32184],[-74.7484,5.32073],[-74.74949,5.32059]]]},"properties":{"OBJECTID_12":23,"OBJECTID_1":3,"OBJECTID":3,"CODDEP":"17","CODACUI":3,"NOMBRE":"Acuifero La Dorada - Oriente de Caldas","AREA_HA":100140.670733,"AREA":1001.40670744,"PERIMETER":255960.334907,"Shape_Leng":255960.334991,"Shape_Le_1":255960.334991,"V":"Alto","Shape_Length":3896.949790438558,"Shape_Area":550992.0541860057}},{"type":"Feature","id":24,"geometry":{"type":"Polygon","coordinates":[[[-74.74188,5.32696],[-74.74176,5.3268],[-74.74189,5.32579],[-74.74318,5.3257],[-74.74308,5.32317],[-74.73964,5.32318],[-74.73956,5.32561],[-74.74056,5.32579],[-74.74061,5.32699],[-74.74066,5.32706],[-74.74188,5.32696]]]},"properties":{"OBJECTID_12":24,"OBJECTID_1":3,"OBJECTID":3,"CODDEP":"17","CODACUI":3,"NOMBRE":"Acuifero La Dorada - Oriente de Caldas","AREA_HA":100140.670733,"AREA":1001.40670744,"PERIMETER":255960.334907,"Shape_Leng":255960.334991,"Shape_Le_1":255960.334991,"V":"Bajo","Shape_Length":1597.5564204607629,"Shape_Area":129931.42257031144}},{"type":"Feature","id":25,"geometry":{"type":"Polygon","coordinates":[[[-74.73394,5.29306],[-74.73391,5.29326],[-74.73388,5.2935],[-74.73387,5.29441],[-74.73387,5.29444],[-74.73383,5.29461],[-74.7338,5.29478],[-74.73365,5.29553],[-74.73358,5.29564],[-74.73358,5.29566],[-74.73354,5.29575],[-74.73353,5.2958],[-74.73352,5.29587],[-74.73341,5.29612],[-74.7334,5.29614],[-74.7333,5.2964],[-74.73326,5.29646],[-74.73287,5.29742],[-74.73287,5.29743],[-74.73284,5.29749],[-74.73226,5.29893],[-74.73221,5.29908],[-74.73198,5.2996],[-74.73179,5.30003],[-74.73173,5.30017],[-74.73167,5.30029],[-74.73152,5.30063],[-74.73152,5.30066],[-74.73152,5.30072],[-74.73146,5.30082],[-74.7314,5.30092],[-74.73138,5.30095],[-74.73131,5.30107],[-74.73115,5.30135],[-74.73099,5.30163],[-74.73082,5.30197],[-74.7308,5.30199],[-74.73078,5.302],[-74.73075,5.30203],[-74.7307,5.30207],[-74.73028,5.30273],[-74.73017,5.3029],[-74.73,5.30317],[-74.72998,5.3032],[-74.72978,5.30342],[-74.72969,5.30357],[-74.72941,5.30381],[-74.72922,5.30402],[-74.72911,5.30415],[-74.72865,5.3047],[-74.72851,5.30484],[-74.72823,5.30514],[-74.72814,5.30521],[-74.72811,5.30523],[-74.72808,5.30526],[-74.72804,5.30531],[-74.72791,5.30547],[-74.72772,5.30563],[-74.7277,5.30565],[-74.72767,5.30567],[-74.72732,5.30606],[-74.72657,5.3069],[-74.72636,5.30709],[-74.726,5.30742],[-74.72581,5.30749],[-74.72578,5.3075],[-74.7257,5.30757],[-74.72565,5.30762],[-74.72554,5.30772],[-74.72524,5.30788],[-74.72485,5.30816],[-74.72474,5.30824],[-74.72473,5.30824],[-74.72463,5.30827],[-74.72454,5.30835],[-74.72448,5.30839],[-74.72436,5.30849],[-74.72218,5.3098],[-74.72214,5.30983],[-74.72211,5.30984],[-74.72141,5.31027],[-74.72137,5.3103],[-74.72116,5.31042],[-74.72109,5.31046],[-74.72106,5.31047],[-74.72106,5.31048],[-74.72106,5.3105],[-74.72104,5.31055],[-74.72036,5.31101],[-74.7201,5.31117],[-74.72008,5.31118],[-74.71998,5.31125],[-74.71963,5.31155],[-74.71903,5.31189],[-74.719,5.31189],[-74.71898,5.31189],[-74.7189,5.31191],[-74.71886,5.31195],[-74.71876,5.31201],[-74.71854,5.31212],[-74.71822,5.31226],[-74.71814,5.31234],[-74.71813,5.31235],[-74.71812,5.31236],[-74.71812,5.31237],[-74.71786,5.31251],[-74.71764,5.31262],[-74.71752,5.31266],[-74.71747,5.31267],[-74.71729,5.31279],[-74.71716,5.31288],[-74.7169,5.313],[-74.71677,5.31306],[-74.71625,5.3134],[-74.71623,5.31341],[-74.71586,5.31361],[-74.71582,5.31364],[-74.71581,5.31365],[-74.71576,5.3137],[-74.71387,5.31574],[-74.71361,5.31704],[-74.71358,5.31723],[-74.71356,5.31738],[-74.71348,5.31767],[-74.7129,5.32055],[-74.7129,5.32058],[-74.71289,5.32059],[-74.71288,5.32064],[-74.71277,5.32118],[-74.71274,5.32145],[-74.71273,5.3215],[-74.71272,5.32156],[-74.71272,5.32158],[-74.71272,5.32161],[-74.71263,5.32205],[-74.71258,5.32239],[-74.71517,5.32386],[-74.71827,5.32673],[-74.72148,5.32684],[-74.7248,5.32408],[-74.72892,5.32281],[-74.73212,5.31948],[-74.7351,5.31924],[-74.73682,5.31809],[-74.73659,5.31706],[-74.73453,5.31706],[-74.73441,5.31454],[-74.73327,5.31454],[-74.7328,5.30443],[-74.73531,5.29892],[-74.73863,5.29696],[-74.74298,5.29684],[-74.74367,5.29546],[-74.7455,5.29546],[-74.74557,5.29305],[-74.73394,5.29306]]]},"properties":{"OBJECTID_12":25,"OBJECTID_1":3,"OBJECTID":3,"CODDEP":"17","CODACUI":3,"NOMBRE":"Acuifero La Dorada - Oriente de Caldas","AREA_HA":100140.670733,"AREA":1001.40670744,"PERIMETER":255960.334907,"Shape_Leng":255960.334991,"Shape_Le_1":255960.334991,"V":"Bajo","Shape_Length":12821.200688521403,"Shape_Area":4582182.107665003}},{"type":"Feature","id":26,"geometry":{"type":"Polygon","coordinates":[[[-74.68614,5.41504],[-74.69096,5.41514],[-74.69679,5.41905],[-74.70443,5.42373],[-74.71121,5.42468],[-74.71685,5.42487],[-74.72076,5.42391],[-74.7263,5.42237],[-74.73174,5.41835],[-74.73632,5.41432],[-74.73727,5.41183],[-74.7344,5.41117],[-74.73297,5.41337],[-74.72734,5.41366],[-74.72276,5.41453],[-74.72142,5.41434],[-74.71597,5.40903],[-74.71559,5.40712],[-74.71931,5.40463],[-74.72313,5.40242],[-74.73219,5.39351],[-74.73209,5.39083],[-74.73161,5.38854],[-74.74041,5.3847],[-74.7422,5.38697],[-74.74674,5.38996],[-74.75092,5.39234],[-74.7551,5.39509],[-74.75713,5.39796],[-74.76107,5.39939],[-74.76453,5.39831],[-74.76644,5.39568],[-74.77054,5.39167],[-74.76989,5.39226],[-74.76455,5.39119],[-74.76035,5.39346],[-74.75643,5.3926],[-74.7549,5.39079],[-74.75251,5.38763],[-74.75098,5.38543],[-74.74496,5.38257],[-74.74219,5.37879],[-74.74237,5.36989],[-74.74304,5.3697],[-74.74332,5.36625],[-74.74599,5.36434],[-74.74599,5.35955],[-74.7478,5.35965],[-74.75717,5.3694],[-74.76099,5.37006],[-74.76099,5.36853],[-74.75955,5.36815],[-74.76012,5.36585],[-74.75812,5.36605],[-74.75802,5.36365],[-74.75945,5.36327],[-74.76012,5.36174],[-74.7648,5.36173],[-74.76909,5.35742],[-74.77434,5.35713],[-74.77434,5.35445],[-74.7729,5.35416],[-74.77319,5.35005],[-74.7749,5.34947],[-74.77414,5.34718],[-74.77299,5.34584],[-74.76936,5.34584],[-74.76918,5.35139],[-74.76346,5.35676],[-74.76078,5.35686],[-74.76097,5.3582],[-74.75534,5.3583],[-74.75391,5.35686],[-74.75257,5.35591],[-74.74961,5.3561],[-74.74818,5.35534],[-74.74579,5.35237],[-74.74368,5.34788],[-74.7411,5.34396],[-74.7411,5.34161],[-74.74705,5.33636],[-74.74816,5.33539],[-74.74842,5.33512],[-74.75152,5.33201],[-74.74577,5.33181],[-74.74575,5.33181],[-74.74575,5.33178],[-74.74566,5.33066],[-74.74495,5.33079],[-74.74442,5.33089],[-74.74443,5.33013],[-74.74446,5.32726],[-74.74835,5.32588],[-74.74931,5.3254],[-74.7505,5.3248],[-74.75092,5.32459],[-74.75216,5.32298],[-74.75316,5.32211],[-74.75431,5.32183],[-74.75449,5.32073],[-74.75573,5.32077],[-74.75602,5.32749],[-74.7576,5.3259],[-74.76704,5.32091],[-74.77296,5.31746],[-74.77658,5.31545],[-74.77687,5.31229],[-74.77524,5.31095],[-74.77314,5.31105],[-74.77114,5.31211],[-74.77,5.31421],[-74.76828,5.31584],[-74.76551,5.31757],[-74.76284,5.31872],[-74.75874,5.31958],[-74.7553,5.31959],[-74.75282,5.31873],[-74.75081,5.31672],[-74.75081,5.31366],[-74.75214,5.31146],[-74.75186,5.30852],[-74.75185,5.3084],[-74.7508,5.30687],[-74.75137,5.30495],[-74.75055,5.30293],[-74.74866,5.30276],[-74.74814,5.30156],[-74.74562,5.30139],[-74.74471,5.30058],[-74.74402,5.30277],[-74.74293,5.30374],[-74.74277,5.30644],[-74.74173,5.30679],[-74.74161,5.30841],[-74.73298,5.30832],[-74.73327,5.31454],[-74.73441,5.31454],[-74.73453,5.31706],[-74.73659,5.31706],[-74.73682,5.31809],[-74.7351,5.31924],[-74.73212,5.31948],[-74.72892,5.32281],[-74.7248,5.32408],[-74.72148,5.32684],[-74.71827,5.32673],[-74.71517,5.32386],[-74.71258,5.32239],[-74.71256,5.3225],[-74.71255,5.32261],[-74.71239,5.32321],[-74.71234,5.32345],[-74.71224,5.32383],[-74.71154,5.32732],[-74.71144,5.32798],[-74.71122,5.32898],[-74.71117,5.3293],[-74.71059,5.33571],[-74.71062,5.3359],[-74.71063,5.33595],[-74.71063,5.33598],[-74.71064,5.33599],[-74.71064,5.33608],[-74.71064,5.33611],[-74.71064,5.33614],[-74.71069,5.33703],[-74.71067,5.33723],[-74.71067,5.33733],[-74.71067,5.33738],[-74.71054,5.3379],[-74.71037,5.33837],[-74.71034,5.33851],[-74.71028,5.33876],[-74.71015,5.33915],[-74.7101,5.33928],[-74.70997,5.33971],[-74.70989,5.33993],[-74.70975,5.34036],[-74.70968,5.34053],[-74.70962,5.34067],[-74.70953,5.34083],[-74.70932,5.34117],[-74.70899,5.34176],[-74.70894,5.34191],[-74.70892,5.34195],[-74.7089,5.34201],[-74.70888,5.34205],[-74.70884,5.34211],[-74.7088,5.3422],[-74.70864,5.3425],[-74.70796,5.34363],[-74.70795,5.34364],[-74.70793,5.34366],[-74.70777,5.34387],[-74.70766,5.34403],[-74.70749,5.34425],[-74.70693,5.34503],[-74.70667,5.34529],[-74.70663,5.34532],[-74.70655,5.34538],[-74.70647,5.34548],[-74.70644,5.34551],[-74.70324,5.34944],[-74.70304,5.35003],[-74.70235,5.35198],[-74.70227,5.35229],[-74.70227,5.35247],[-74.70223,5.35256],[-74.70216,5.35423],[-74.70206,5.35624],[-74.70206,5.35625],[-74.70449,5.36109],[-74.70451,5.36112],[-74.70462,5.36123],[-74.70463,5.36125],[-74.70492,5.3617],[-74.70522,5.36213],[-74.70554,5.36256],[-74.70554,5.36257],[-74.70586,5.363],[-74.70586,5.36301],[-74.70601,5.36325],[-74.70615,5.36345],[-74.70617,5.3635],[-74.70623,5.36359],[-74.7064,5.36382],[-74.70671,5.36447],[-74.70674,5.36454],[-74.70679,5.36463],[-74.70694,5.36492],[-74.70749,5.36635],[-74.70762,5.36683],[-74.70763,5.3669],[-74.70766,5.36711],[-74.70777,5.36768],[-74.7078,5.3682],[-74.70777,5.36843],[-74.70776,5.36876],[-74.70774,5.36894],[-74.70774,5.36899],[-74.70774,5.36904],[-74.70757,5.36973],[-74.70735,5.37033],[-74.70669,5.37114],[-74.70668,5.37115],[-74.70662,5.37124],[-74.70659,5.37126],[-74.70646,5.37134],[-74.70634,5.37143],[-74.70625,5.37149],[-74.70622,5.3715],[-74.70555,5.3716],[-74.7052,5.37165],[-74.70509,5.37168],[-74.70496,5.37165],[-74.70493,5.37165],[-74.70462,5.37162],[-74.70436,5.37158],[-74.70401,5.37153],[-74.70398,5.3715],[-74.70395,5.37147],[-74.70394,5.37146],[-74.70383,5.37143],[-74.7037,5.3714],[-74.70366,5.37137],[-74.70361,5.37135],[-74.70345,5.37126],[-74.70287,5.37094],[-74.70282,5.37091],[-74.70276,5.37088],[-74.70262,5.3708],[-74.70255,5.37076],[-74.70239,5.37068],[-74.70233,5.37062],[-74.70233,5.37061],[-74.70225,5.37058],[-74.70199,5.37044],[-74.70195,5.37042],[-74.70186,5.37035],[-74.70164,5.37022],[-74.70134,5.36975],[-74.70133,5.36973],[-74.69945,5.36727],[-74.69936,5.36718],[-74.6992,5.36711],[-74.69843,5.36687],[-74.69576,5.36604],[-74.69323,5.36525],[-74.69318,5.36524],[-74.69306,5.36521],[-74.69298,5.36519],[-74.69075,5.36495],[-74.68815,5.3656],[-74.68807,5.36564],[-74.68795,5.36571],[-74.68295,5.36942],[-74.68201,5.36994],[-74.68195,5.36997],[-74.68111,5.37045],[-74.68109,5.37047],[-74.67985,5.37183],[-74.67968,5.372],[-74.67955,5.37217],[-74.67933,5.37235],[-74.67929,5.3724],[-74.67791,5.37471],[-74.6779,5.37679],[-74.67793,5.37686],[-74.67795,5.37689],[-74.67796,5.37693],[-74.67931,5.38002],[-74.67932,5.38004],[-74.67934,5.38006],[-74.67969,5.38062],[-74.68033,5.38161],[-74.68049,5.38184],[-74.68058,5.38196],[-74.68059,5.38197],[-74.68102,5.38262],[-74.68111,5.38275],[-74.68118,5.38285],[-74.68183,5.38374],[-74.68184,5.38375],[-74.6824,5.38458],[-74.68255,5.38482],[-74.68287,5.38536],[-74.68377,5.38683],[-74.68398,5.38709],[-74.68401,5.38714],[-74.68416,5.3874],[-74.6845,5.38797],[-74.68471,5.38831],[-74.6852,5.38912],[-74.68545,5.38953],[-74.68549,5.38961],[-74.68562,5.38983],[-74.68591,5.39021],[-74.68592,5.39022],[-74.68643,5.39109],[-74.68658,5.39132],[-74.68693,5.39183],[-74.6871,5.39214],[-74.68718,5.39227],[-74.68733,5.39252],[-74.68764,5.39326],[-74.68766,5.3933],[-74.68773,5.39343],[-74.68799,5.39393],[-74.68822,5.39443],[-74.68852,5.3951],[-74.68858,5.39521],[-74.68883,5.39591],[-74.68905,5.39677],[-74.68911,5.39733],[-74.68913,5.39747],[-74.68913,5.39833],[-74.68911,5.39845],[-74.68904,5.39894],[-74.68882,5.3995],[-74.68868,5.39978],[-74.68858,5.39999],[-74.68851,5.40013],[-74.68837,5.40039],[-74.68831,5.40049],[-74.68817,5.40074],[-74.68817,5.40076],[-74.68795,5.40106],[-74.68778,5.40128],[-74.68769,5.4014],[-74.68747,5.40165],[-74.68736,5.40178],[-74.68716,5.402],[-74.68704,5.40214],[-74.68703,5.40215],[-74.68702,5.40216],[-74.6867,5.40238],[-74.68662,5.40243],[-74.68647,5.40253],[-74.68617,5.4027],[-74.686,5.40275],[-74.68583,5.4028],[-74.68539,5.40293],[-74.68505,5.40298],[-74.68491,5.40301],[-74.68479,5.40304],[-74.68471,5.40304],[-74.68462,5.40304],[-74.68437,5.40306],[-74.68419,5.40301],[-74.68404,5.40297],[-74.68399,5.40296],[-74.68398,5.40296],[-74.68391,5.40294],[-74.6839,5.40294],[-74.6838,5.40294],[-74.68359,5.40292],[-74.68279,5.40279],[-74.68261,5.40273],[-74.68253,5.40269],[-74.6825,5.40268],[-74.68232,5.40268],[-74.68189,5.40255],[-74.68163,5.40251],[-74.68153,5.40249],[-74.68142,5.40246],[-74.68102,5.40235],[-74.68079,5.40229],[-74.68012,5.40213],[-74.68011,5.40212],[-74.67271,5.39954],[-74.67023,5.3995],[-74.66877,5.40041],[-74.66694,5.40494],[-74.6667,5.40558],[-74.66658,5.4059],[-74.66658,5.40591],[-74.66656,5.40593],[-74.66653,5.40596],[-74.66651,5.40603],[-74.66649,5.40609],[-74.66644,5.40622],[-74.66587,5.40873],[-74.66587,5.40876],[-74.66579,5.40911],[-74.66579,5.40916],[-74.66578,5.4092],[-74.66583,5.41138],[-74.66586,5.41145],[-74.66586,5.41155],[-74.66678,5.41433],[-74.66679,5.41435],[-74.66687,5.41443],[-74.66689,5.41445],[-74.66693,5.41458],[-74.66702,5.41478],[-74.66789,5.41641],[-74.66822,5.41702],[-74.66852,5.41749],[-74.66858,5.41757],[-74.66861,5.41762],[-74.66862,5.41765],[-74.66867,5.41778],[-74.66882,5.41796],[-74.66882,5.41797],[-74.66884,5.418],[-74.66895,5.41818],[-74.66912,5.41844],[-74.66916,5.41857],[-74.6692,5.41861],[-74.66921,5.41862],[-74.66968,5.41961],[-74.66968,5.4197],[-74.66976,5.41987],[-74.66978,5.41993],[-74.66982,5.42003],[-74.67201,5.4208],[-74.67421,5.42089],[-74.67802,5.41879],[-74.67792,5.41362],[-74.67573,5.41362],[-74.67171,5.41085],[-74.67353,5.40884],[-74.67878,5.40883],[-74.68193,5.41084],[-74.68614,5.41504]],[[-74.72307,5.38491],[-74.72666,5.38644],[-74.72949,5.38735],[-74.72934,5.39348],[-74.72622,5.39693],[-74.72347,5.39708],[-74.72309,5.39946],[-74.72133,5.39969],[-74.72095,5.40091],[-74.69971,5.40109],[-74.69314,5.39581],[-74.69298,5.39221],[-74.69061,5.39229],[-74.69046,5.38724],[-74.68832,5.38717],[-74.68266,5.37952],[-74.68303,5.37599],[-74.68678,5.37591],[-74.6867,5.37308],[-74.69075,5.37208],[-74.69052,5.37093],[-74.69472,5.37131],[-74.69632,5.37238],[-74.69747,5.37246],[-74.70093,5.37283],[-74.70106,5.37314],[-74.7016,5.37552],[-74.70343,5.37582],[-74.70465,5.37819],[-74.70656,5.3785],[-74.70786,5.37612],[-74.70954,5.37597],[-74.70969,5.37689],[-74.71558,5.37719],[-74.71841,5.37948],[-74.71963,5.38223],[-74.7207,5.38353],[-74.72307,5.38491]],[[-74.7231,5.3646],[-74.72046,5.3646],[-74.71968,5.36416],[-74.71956,5.35967],[-74.72688,5.35989],[-74.72859,5.35748],[-74.7318,5.35759],[-74.73204,5.37091],[-74.72964,5.37091],[-74.72952,5.3724],[-74.72735,5.37241],[-74.7231,5.3646]],[[-74.72698,5.34864],[-74.72331,5.34852],[-74.72331,5.34646],[-74.72324,5.34643],[-74.72443,5.34491],[-74.72457,5.34496],[-74.72686,5.34473],[-74.72698,5.34864]],[[-74.74176,5.3268],[-74.74188,5.32696],[-74.74066,5.32706],[-74.74061,5.32699],[-74.74056,5.32579],[-74.73956,5.32561],[-74.73964,5.32318],[-74.74299,5.32317],[-74.74326,5.31812],[-74.74445,5.31816],[-74.74449,5.31555],[-74.74578,5.3155],[-74.74587,5.31449],[-74.74711,5.31449],[-74.74697,5.31545],[-74.74839,5.31559],[-74.74844,5.31697],[-74.74949,5.31697],[-74.74949,5.32059],[-74.7484,5.32073],[-74.74821,5.32184],[-74.74688,5.32184],[-74.74693,5.32312],[-74.74556,5.32326],[-74.74574,5.32579],[-74.74432,5.32584],[-74.74432,5.32423],[-74.74313,5.32444],[-74.74318,5.3257],[-74.74189,5.32579],[-74.74176,5.3268]]]},"properties":{"OBJECTID_12":26,"OBJECTID_1":3,"OBJECTID":3,"CODDEP":"17","CODACUI":3,"NOMBRE":"Acuifero La Dorada - Oriente de Caldas","AREA_HA":100140.670733,"AREA":1001.40670744,"PERIMETER":255960.334907,"Shape_Leng":255960.334991,"Shape_Le_1":255960.334991,"V":"Medio","Shape_Length":106298.01870714549,"Shape_Area":51790570.71426735}},{"type":"Feature","id":27,"geometry":{"type":"Polygon","coordinates":[[[-74.7328,5.30443],[-74.73298,5.30832],[-74.74161,5.30841],[-74.74173,5.30679],[-74.74277,5.30644],[-74.74293,5.30374],[-74.74402,5.30277],[-74.74471,5.30058],[-74.74562,5.30139],[-74.74814,5.30156],[-74.74866,5.30276],[-74.75055,5.30293],[-74.75137,5.30495],[-74.75538,5.30609],[-74.75929,5.30619],[-74.76292,5.30628],[-74.76531,5.30446],[-74.76712,5.30063],[-74.77113,5.30005],[-74.77113,5.30522],[-74.77199,5.30502],[-74.77438,5.30292],[-74.77819,5.30301],[-74.77943,5.301],[-74.78085,5.29871],[-74.78035,5.29815],[-74.7803,5.29814],[-74.77943,5.2979],[-74.77933,5.29788],[-74.77929,5.29789],[-74.77814,5.29843],[-74.77807,5.29851],[-74.7779,5.29862],[-74.77758,5.29885],[-74.77747,5.29892],[-74.77736,5.29896],[-74.7773,5.29897],[-74.77725,5.29899],[-74.77712,5.29912],[-74.77669,5.29933],[-74.77597,5.29946],[-74.77596,5.29946],[-74.77595,5.29946],[-74.77589,5.29945],[-74.77539,5.29941],[-74.77531,5.29939],[-74.77512,5.29932],[-74.77486,5.29926],[-74.77419,5.29894],[-74.77408,5.29886],[-74.77379,5.29866],[-74.77375,5.29863],[-74.7731,5.2978],[-74.77283,5.2973],[-74.76888,5.29178],[-74.76867,5.29154],[-74.76833,5.29116],[-74.76833,5.29115],[-74.76805,5.29062],[-74.76629,5.28816],[-74.76627,5.28816],[-74.76547,5.28839],[-74.76471,5.28911],[-74.76419,5.28962],[-74.76418,5.28963],[-74.76416,5.28965],[-74.76362,5.2901],[-74.76314,5.2904],[-74.763,5.29044],[-74.76237,5.29061],[-74.76181,5.29048],[-74.76174,5.29044],[-74.76156,5.29034],[-74.76127,5.29018],[-74.76097,5.28998],[-74.7609,5.28994],[-74.76086,5.28991],[-74.76077,5.28979],[-74.7606,5.28957],[-74.7606,5.28956],[-74.7605,5.28925],[-74.76047,5.28917],[-74.76043,5.28905],[-74.76039,5.28866],[-74.76044,5.28791],[-74.76072,5.2867],[-74.76078,5.28661],[-74.76078,5.28658],[-74.7606,5.28605],[-74.76058,5.28602],[-74.75813,5.28594],[-74.75777,5.28598],[-74.75737,5.28592],[-74.75729,5.28592],[-74.75694,5.28578],[-74.75617,5.28517],[-74.75586,5.28483],[-74.75586,5.28482],[-74.7557,5.28455],[-74.75567,5.2845],[-74.755,5.28335],[-74.75475,5.283],[-74.75474,5.28299],[-74.75472,5.28295],[-74.75445,5.28253],[-74.75248,5.28326],[-74.75228,5.28334],[-74.75107,5.28438],[-74.75075,5.28457],[-74.75064,5.28463],[-74.7506,5.28464],[-74.75053,5.28466],[-74.74908,5.28519],[-74.74907,5.28521],[-74.7488,5.28662],[-74.7487,5.28676],[-74.7486,5.28697],[-74.74843,5.28713],[-74.74835,5.28724],[-74.74631,5.28856],[-74.7462,5.28869],[-74.74614,5.28878],[-74.74593,5.28908],[-74.74568,5.28936],[-74.74566,5.28938],[-74.74556,5.28951],[-74.74491,5.28981],[-74.74435,5.28994],[-74.74426,5.28994],[-74.7441,5.28994],[-74.74389,5.28995],[-74.74377,5.28994],[-74.7437,5.28994],[-74.74361,5.28994],[-74.74348,5.28985],[-74.74347,5.28983],[-74.74338,5.28969],[-74.74319,5.28945],[-74.74308,5.28933],[-74.74305,5.28914],[-74.74284,5.28824],[-74.74284,5.2882],[-74.74284,5.28807],[-74.74284,5.28789],[-74.74245,5.28551],[-74.74166,5.28534],[-74.74163,5.28534],[-74.73847,5.28638],[-74.73789,5.28716],[-74.73776,5.28733],[-74.73767,5.28735],[-74.73755,5.28744],[-74.73749,5.28746],[-74.73723,5.28746],[-74.73721,5.28747],[-74.7372,5.28745],[-74.73711,5.28742],[-74.737,5.28737],[-74.73697,5.28735],[-74.73679,5.28715],[-74.73535,5.2861],[-74.7343,5.28609],[-74.73416,5.28795],[-74.73416,5.28834],[-74.73408,5.28894],[-74.73407,5.28917],[-74.73406,5.29038],[-74.73406,5.2904],[-74.73406,5.29041],[-74.73404,5.29045],[-74.73402,5.29055],[-74.73401,5.29176],[-74.73401,5.29206],[-74.73401,5.29259],[-74.73394,5.29306],[-74.74557,5.29305],[-74.7455,5.29546],[-74.74367,5.29546],[-74.74298,5.29684],[-74.73863,5.29696],[-74.73531,5.29892],[-74.7328,5.30443]]]},"properties":{"OBJECTID_12":27,"OBJECTID_1":3,"OBJECTID":3,"CODDEP":"17","CODACUI":3,"NOMBRE":"Acuifero La Dorada - Oriente de Caldas","AREA_HA":100140.670733,"AREA":1001.40670744,"PERIMETER":255960.334907,"Shape_Leng":255960.334991,"Shape_Le_1":255960.334991,"V":"Sin informacion","Shape_Length":19680.57132237026,"Shape_Area":7941893.291830175}}]}