{"type":"FeatureCollection","name":"Retiro Hidrológico Victoria","crs":{"type":"name","properties":{"name":"urn:ogc:def:crs:OGC:1.3:CRS84"}},"features":[{"type":"Feature","id":1,"geometry":{"type":"Polygon","coordinates":[[[-74.91338,5.31989],[-74.91338,5.31989],[-74.91338,5.31989],[-74.91338,5.31989],[-74.91338,5.31989],[-74.91338,5.31989],[-74.91338,5.31989],[-74.91338,5.31989],[-74.91338,5.31989],[-74.91338,5.31989],[-74.91338,5.31989],[-74.91338,5.31989],[-74.91338,5.31989],[-74.91338,5.31989],[-74.91338,5.31989],[-74.91338,5.31989],[-74.91338,5.31989],[-74.91338,5.3199],[-74.91339,5.3199],[-74.91339,5.3199],[-74.91339,5.3199],[-74.91339,5.3199],[-74.91339,5.3199],[-74.91339,5.3199],[-74.91339,5.3199],[-74.91339,5.3199],[-74.91339,5.3199],[-74.91339,5.3199],[-74.91339,5.3199],[-74.91339,5.3199],[-74.91339,5.3199],[-74.91339,5.3199],[-74.91339,5.31991],[-74.91339,5.31991],[-74.91339,5.31991],[-74.91339,5.31991],[-74.91339,5.31991],[-74.91339,5.31991],[-74.91339,5.31991],[-74.91339,5.31991],[-74.91339,5.31991],[-74.91339,5.31991],[-74.91339,5.31991],[-74.91339,5.31991],[-74.91339,5.31991],[-74.91339,5.31991],[-74.91339,5.31991],[-74.91339,5.31991],[-74.91339,5.31991],[-74.91339,5.31991],[-74.91339,5.31991],[-74.91339,5.31991],[-74.91339,5.31991],[-74.9134,5.31991],[-74.9134,5.31991],[-74.9134,5.31991],[-74.9134,5.31991],[-74.9134,5.31991],[-74.9134,5.31991],[-74.9134,5.31991],[-74.9134,5.31991],[-74.9134,5.31991],[-74.9134,5.3199],[-74.9134,5.3199],[-74.9134,5.3199],[-74.9134,5.3199],[-74.9134,5.3199],[-74.9134,5.3199],[-74.9134,5.3199],[-74.9134,5.3199],[-74.9134,5.3199],[-74.9134,5.3199],[-74.9134,5.3199],[-74.9134,5.3199],[-74.9134,5.3199],[-74.9134,5.3199],[-74.9134,5.3199],[-74.9134,5.3199],[-74.9134,5.3199],[-74.9134,5.3199],[-74.9134,5.31989],[-74.9134,5.31989],[-74.9134,5.31989],[-74.9134,5.31989],[-74.91341,5.31989],[-74.91341,5.31989],[-74.91341,5.31989],[-74.91341,5.31989],[-74.91341,5.31989],[-74.91341,5.31989],[-74.91341,5.31989],[-74.91341,5.31989],[-74.91341,5.31989],[-74.91341,5.31989],[-74.91341,5.31989],[-74.91341,5.31989],[-74.91341,5.31989],[-74.91341,5.31989],[-74.91341,5.31989],[-74.91341,5.31989],[-74.91341,5.31989],[-74.91341,5.31989],[-74.91341,5.31989],[-74.91341,5.31989],[-74.91341,5.31989],[-74.91341,5.31989],[-74.91341,5.31989],[-74.91341,5.31989],[-74.91341,5.31989],[-74.91341,5.31989],[-74.91342,5.31989],[-74.91342,5.31989],[-74.91342,5.31989],[-74.91342,5.31989],[-74.91342,5.31989],[-74.91342,5.31989],[-74.91342,5.31989],[-74.91342,5.31989],[-74.91342,5.31989],[-74.91342,5.31989],[-74.91342,5.31989],[-74.91342,5.31989],[-74.91343,5.31989],[-74.91343,5.31989],[-74.91343,5.31989],[-74.91344,5.31989],[-74.91344,5.31989],[-74.91344,5.31989],[-74.91344,5.31989],[-74.91344,5.31989],[-74.91344,5.31989],[-74.91344,5.31989],[-74.91344,5.31989],[-74.91344,5.31989],[-74.91344,5.31989],[-74.91344,5.31989],[-74.91344,5.31989],[-74.91344,5.31989],[-74.91345,5.31989],[-74.91345,5.31989],[-74.91345,5.31989],[-74.91345,5.31989],[-74.91345,5.31989],[-74.91345,5.31989],[-74.91345,5.31989],[-74.91345,5.31989],[-74.91345,5.31989],[-74.91346,5.31989],[-74.91346,5.31989],[-74.91346,5.31989],[-74.91346,5.31989],[-74.91347,5.31988],[-74.91347,5.31988],[-74.91347,5.31988],[-74.91347,5.31988],[-74.91347,5.31988],[-74.91347,5.31988],[-74.91347,5.31988],[-74.91347,5.31988],[-74.91347,5.31988],[-74.91347,5.31988],[-74.91347,5.31988],[-74.91347,5.31988],[-74.91347,5.31988],[-74.91347,5.31988],[-74.91347,5.31988],[-74.91347,5.31988],[-74.91347,5.31988],[-74.91348,5.31988],[-74.91348,5.31988],[-74.91348,5.31988],[-74.91348,5.31988],[-74.91348,5.31988],[-74.91348,5.31988],[-74.91348,5.31988],[-74.91348,5.31988],[-74.91348,5.31988],[-74.91348,5.31988],[-74.91348,5.31988],[-74.91348,5.31988],[-74.91348,5.31988],[-74.91348,5.31988],[-74.91348,5.31988],[-74.91349,5.31988],[-74.91349,5.31988],[-74.91349,5.31988],[-74.91349,5.31988],[-74.91349,5.31988],[-74.91349,5.31988],[-74.91349,5.31987],[-74.91349,5.31987],[-74.91349,5.31987],[-74.91349,5.31987],[-74.91349,5.31987],[-74.91349,5.31987],[-74.91349,5.31987],[-74.91349,5.31987],[-74.91349,5.31987],[-74.91349,5.31987],[-74.91349,5.31987],[-74.91349,5.31987],[-74.91349,5.31987],[-74.9135,5.31987],[-74.9135,5.31987],[-74.9135,5.31987],[-74.9135,5.31987],[-74.9135,5.31987],[-74.9135,5.31987],[-74.9135,5.31987],[-74.9135,5.31987],[-74.9135,5.31987],[-74.9135,5.31987],[-74.9135,5.31987],[-74.9135,5.31987],[-74.9135,5.31987],[-74.9135,5.31988],[-74.9135,5.31988],[-74.9135,5.31988],[-74.9135,5.31988],[-74.9135,5.31988],[-74.9135,5.31988],[-74.9135,5.31988],[-74.9135,5.31988],[-74.91351,5.31988],[-74.91351,5.31988],[-74.91351,5.31988],[-74.91351,5.31988],[-74.91351,5.31988],[-74.91351,5.31988],[-74.91351,5.31988],[-74.91351,5.31988],[-74.91351,5.31988],[-74.91351,5.31988],[-74.91351,5.31988],[-74.91351,5.31988],[-74.91351,5.31988],[-74.91351,5.31988],[-74.91351,5.31988],[-74.91351,5.31988],[-74.91351,5.31988],[-74.91351,5.31988],[-74.91351,5.31988],[-74.91351,5.31988],[-74.91352,5.31988],[-74.91352,5.31988],[-74.91352,5.31988],[-74.91352,5.31988],[-74.91352,5.31988],[-74.91352,5.31988],[-74.91352,5.31988],[-74.91352,5.31988],[-74.91352,5.31988],[-74.91352,5.31988],[-74.91352,5.31988],[-74.91352,5.31988],[-74.91352,5.31988],[-74.91352,5.31988],[-74.91352,5.31988],[-74.91352,5.31988],[-74.91352,5.31988],[-74.91352,5.31988],[-74.91352,5.31988],[-74.91352,5.31988],[-74.91352,5.31988],[-74.91352,5.31988],[-74.91352,5.31988],[-74.91352,5.31988],[-74.91352,5.31988],[-74.91352,5.31988],[-74.91352,5.31988],[-74.91352,5.31987],[-74.91352,5.31987],[-74.91352,5.31987],[-74.91352,5.31987],[-74.91352,5.31987],[-74.91352,5.31987],[-74.91352,5.31987],[-74.91352,5.31987],[-74.91353,5.31987],[-74.91353,5.31987],[-74.91353,5.31987],[-74.91353,5.31987],[-74.91353,5.31987],[-74.91353,5.31987],[-74.91353,5.31987],[-74.91353,5.31986],[-74.91353,5.31986],[-74.91353,5.31986],[-74.91353,5.31986],[-74.91353,5.31986],[-74.91353,5.31986],[-74.91353,5.31986],[-74.91353,5.31986],[-74.91353,5.31986],[-74.91353,5.31986],[-74.91353,5.31986],[-74.91353,5.31986],[-74.91353,5.31986],[-74.91353,5.31986],[-74.91353,5.31986],[-74.91354,5.31986],[-74.91354,5.31986],[-74.91354,5.31986],[-74.91354,5.31986],[-74.91354,5.31986],[-74.91354,5.31986],[-74.91354,5.31985],[-74.91354,5.31985],[-74.91354,5.31985],[-74.91354,5.31985],[-74.91354,5.31985],[-74.91354,5.31985],[-74.91354,5.31985],[-74.91354,5.31985],[-74.91354,5.31985],[-74.91354,5.31985],[-74.91354,5.31985],[-74.91354,5.31985],[-74.91354,5.31985],[-74.91354,5.31985],[-74.91354,5.31986],[-74.91354,5.31986],[-74.91354,5.31985],[-74.91354,5.31985],[-74.91354,5.31985],[-74.91354,5.31985],[-74.91354,5.31985],[-74.91354,5.31985],[-74.91354,5.31985],[-74.91354,5.31985],[-74.91355,5.31985],[-74.91355,5.31985],[-74.91355,5.31985],[-74.91355,5.31985],[-74.91355,5.31985],[-74.91355,5.31985],[-74.91355,5.31985],[-74.91355,5.31985],[-74.91355,5.31985],[-74.91355,5.31985],[-74.91355,5.31985],[-74.91355,5.31985],[-74.91355,5.31985],[-74.91355,5.31985],[-74.91355,5.31985],[-74.91355,5.31985],[-74.91355,5.31985],[-74.91355,5.31985],[-74.91355,5.31985],[-74.91355,5.31985],[-74.91356,5.31985],[-74.91356,5.31985],[-74.91356,5.31985],[-74.91356,5.31985],[-74.91356,5.31985],[-74.91356,5.31985],[-74.91356,5.31985],[-74.91356,5.31985],[-74.91356,5.31985],[-74.91356,5.31985],[-74.91356,5.31985],[-74.91356,5.31985],[-74.91356,5.31985],[-74.91356,5.31985],[-74.91356,5.31985],[-74.91356,5.31985],[-74.91356,5.31985],[-74.91356,5.31985],[-74.91356,5.31985],[-74.91357,5.31985],[-74.91357,5.31985],[-74.91357,5.31985],[-74.91357,5.31985],[-74.91357,5.31985],[-74.91357,5.31985],[-74.91357,5.31985],[-74.91357,5.31985],[-74.91357,5.31985],[-74.91357,5.31985],[-74.91357,5.31985],[-74.91357,5.31985],[-74.91357,5.31985],[-74.91357,5.31985],[-74.91357,5.31985],[-74.91357,5.31984],[-74.91357,5.31984],[-74.91357,5.31984],[-74.91357,5.31984],[-74.91357,5.31984],[-74.91357,5.31984],[-74.91357,5.31984],[-74.91357,5.31984],[-74.91357,5.31984],[-74.91357,5.31984],[-74.91357,5.31984],[-74.91358,5.31984],[-74.91358,5.31984],[-74.91358,5.31984],[-74.91358,5.31984],[-74.91358,5.31984],[-74.91358,5.31984],[-74.91358,5.31984],[-74.91358,5.31984],[-74.91358,5.31984],[-74.91358,5.31984],[-74.91358,5.31985],[-74.91358,5.31985],[-74.91358,5.31985],[-74.91359,5.31985],[-74.91359,5.31985],[-74.91359,5.31985],[-74.91359,5.31985],[-74.91359,5.31985],[-74.91359,5.31985],[-74.91359,5.31985],[-74.91359,5.31985],[-74.91359,5.31985],[-74.91359,5.31985],[-74.91359,5.31985],[-74.91359,5.31985],[-74.91359,5.31985],[-74.91359,5.31985],[-74.9136,5.31985],[-74.9136,5.31985],[-74.9136,5.31985],[-74.9136,5.31985],[-74.9136,5.31985],[-74.9136,5.31985],[-74.9136,5.31985],[-74.9136,5.31985],[-74.9136,5.31985],[-74.9136,5.31985],[-74.9136,5.31985],[-74.91361,5.31985],[-74.91361,5.31985],[-74.91361,5.31985],[-74.91361,5.31985],[-74.91361,5.31985],[-74.91362,5.31985],[-74.91362,5.31985],[-74.91362,5.31985],[-74.91362,5.31985],[-74.91362,5.31985],[-74.91363,5.31985],[-74.91363,5.31985],[-74.91363,5.31985],[-74.91363,5.31985],[-74.91363,5.31985],[-74.91363,5.31985],[-74.91363,5.31985],[-74.91363,5.31986],[-74.91363,5.31986],[-74.91363,5.31986],[-74.91363,5.31986],[-74.91363,5.31986],[-74.91363,5.31986],[-74.91363,5.31986],[-74.91363,5.31986],[-74.91363,5.31986],[-74.91363,5.31986],[-74.91364,5.31986],[-74.91364,5.31986],[-74.91364,5.31986],[-74.91364,5.31986],[-74.91364,5.31986],[-74.91364,5.31986],[-74.91364,5.31986],[-74.91364,5.31986],[-74.91364,5.31986],[-74.91364,5.31986],[-74.91364,5.31986],[-74.91364,5.31986],[-74.91365,5.31986],[-74.91365,5.31986],[-74.91365,5.31986],[-74.91365,5.31986],[-74.91365,5.31986],[-74.91365,5.31986],[-74.91366,5.31986],[-74.91366,5.31986],[-74.91366,5.31986],[-74.91366,5.31986],[-74.91366,5.31986],[-74.91366,5.31986],[-74.91366,5.31986],[-74.91367,5.31986],[-74.91367,5.31986],[-74.91367,5.31986],[-74.91367,5.31986],[-74.91367,5.31986],[-74.91367,5.31986],[-74.91367,5.31986],[-74.91367,5.31986],[-74.91367,5.31986],[-74.91367,5.31986],[-74.91367,5.31986],[-74.91367,5.31986],[-74.91367,5.31986],[-74.91367,5.31986],[-74.91368,5.31986],[-74.91368,5.31986],[-74.91368,5.31986],[-74.91368,5.31986],[-74.91368,5.31986],[-74.91368,5.31986],[-74.91368,5.31986],[-74.91368,5.31986],[-74.91368,5.31986],[-74.91368,5.31986],[-74.91368,5.31986],[-74.91368,5.31986],[-74.91368,5.31986],[-74.91368,5.31986],[-74.91368,5.31986],[-74.91368,5.31986],[-74.91368,5.31986],[-74.91368,5.31986],[-74.91368,5.31986],[-74.91368,5.31986],[-74.91368,5.31986],[-74.91368,5.31986],[-74.91369,5.31986],[-74.91369,5.31986],[-74.91369,5.31986],[-74.91369,5.31986],[-74.91369,5.31986],[-74.91369,5.31986],[-74.91369,5.31986],[-74.91369,5.31986],[-74.91369,5.31986],[-74.91369,5.31986],[-74.91369,5.31986],[-74.91369,5.31986],[-74.91369,5.31986],[-74.91369,5.31986],[-74.91369,5.31986],[-74.91369,5.31986],[-74.91369,5.31986],[-74.9137,5.31985],[-74.9137,5.31985],[-74.9137,5.31985],[-74.9137,5.31985],[-74.9137,5.31985],[-74.9137,5.31985],[-74.9137,5.31985],[-74.9137,5.31985],[-74.9137,5.31985],[-74.9137,5.31985],[-74.9137,5.31985],[-74.9137,5.31985],[-74.9137,5.31985],[-74.9137,5.31985],[-74.9137,5.31985],[-74.9137,5.31985],[-74.9137,5.31985],[-74.9137,5.31985],[-74.9137,5.31985],[-74.9137,5.31985],[-74.9137,5.31985],[-74.9137,5.31984],[-74.9137,5.31984],[-74.9137,5.31984],[-74.91371,5.31984],[-74.91371,5.31984],[-74.91371,5.31984],[-74.91371,5.31984],[-74.91371,5.31984],[-74.91371,5.31984],[-74.91371,5.31984],[-74.91371,5.31984],[-74.91371,5.31984],[-74.91371,5.31984],[-74.91371,5.31984],[-74.91371,5.31984],[-74.91371,5.31984],[-74.91371,5.31984],[-74.91371,5.31984],[-74.91371,5.31984],[-74.91371,5.31984],[-74.91371,5.31984],[-74.91371,5.31984],[-74.91371,5.31984],[-74.91371,5.31984],[-74.91372,5.31984],[-74.91372,5.31984],[-74.91372,5.31983],[-74.91372,5.31983],[-74.91372,5.31983],[-74.91372,5.31983],[-74.91372,5.31983],[-74.91372,5.31983],[-74.91372,5.31983],[-74.91372,5.31983],[-74.91372,5.31983],[-74.91372,5.31983],[-74.91372,5.31983],[-74.91372,5.31983],[-74.91373,5.31983],[-74.91373,5.31983],[-74.91373,5.31983],[-74.91373,5.31983],[-74.91373,5.31983],[-74.91373,5.31983],[-74.91373,5.31983],[-74.91373,5.31983],[-74.91373,5.31983],[-74.91373,5.31983],[-74.91374,5.31983],[-74.91374,5.31983],[-74.91374,5.31983],[-74.91374,5.31983],[-74.91375,5.31983],[-74.91375,5.31983],[-74.91375,5.31983],[-74.91375,5.31983],[-74.91375,5.31983],[-74.91375,5.31983],[-74.91375,5.31983],[-74.91375,5.31983],[-74.91375,5.31983],[-74.91375,5.31983],[-74.91375,5.31983],[-74.91375,5.31983],[-74.91375,5.31983],[-74.91375,5.31983],[-74.91376,5.31983],[-74.91376,5.31983],[-74.91376,5.31983],[-74.91376,5.31983],[-74.91376,5.31984],[-74.91376,5.31984],[-74.91376,5.31984],[-74.91376,5.31984],[-74.91376,5.31984],[-74.91376,5.31984],[-74.91376,5.31984],[-74.91376,5.31984],[-74.91376,5.31984],[-74.91376,5.31984],[-74.91376,5.31984],[-74.91376,5.31984],[-74.91376,5.31984],[-74.91377,5.31984],[-74.91377,5.31984],[-74.91377,5.31984],[-74.91377,5.31984],[-74.91377,5.31985],[-74.91377,5.31985],[-74.91377,5.31985],[-74.91377,5.31985],[-74.91377,5.31985],[-74.91377,5.31985],[-74.91377,5.31985],[-74.91377,5.31985],[-74.91377,5.31985],[-74.91377,5.31985],[-74.91377,5.31985],[-74.91377,5.31985],[-74.91377,5.31985],[-74.91377,5.31985],[-74.91377,5.31985],[-74.91377,5.31985],[-74.91377,5.31985],[-74.91377,5.31985],[-74.91377,5.31985],[-74.91378,5.31985],[-74.91378,5.31985],[-74.91378,5.31985],[-74.91378,5.31985],[-74.91378,5.31984],[-74.91378,5.31984],[-74.91378,5.31984],[-74.91378,5.31984],[-74.91378,5.31984],[-74.91378,5.31984],[-74.91378,5.31984],[-74.91378,5.31984],[-74.91378,5.31984],[-74.91378,5.31984],[-74.91378,5.31984],[-74.91378,5.31984],[-74.91378,5.31984],[-74.91378,5.31984],[-74.91378,5.31984],[-74.91378,5.31984],[-74.91378,5.31984],[-74.91378,5.31984],[-74.91378,5.31984],[-74.91378,5.31984],[-74.91378,5.31984],[-74.91378,5.31984],[-74.91378,5.31984],[-74.91379,5.31984],[-74.91379,5.31984],[-74.91379,5.31984],[-74.91379,5.31984],[-74.91379,5.31985],[-74.91379,5.31985],[-74.91379,5.31985],[-74.91379,5.31985],[-74.91379,5.31985],[-74.91379,5.31985],[-74.91379,5.31985],[-74.91379,5.31985],[-74.91379,5.31985],[-74.9138,5.31985],[-74.9138,5.31985],[-74.9138,5.31985],[-74.9138,5.31985],[-74.9138,5.31985],[-74.9138,5.31985],[-74.9138,5.31985],[-74.9138,5.31985],[-74.9138,5.31985],[-74.9138,5.31985],[-74.9138,5.31985],[-74.9138,5.31985],[-74.9138,5.31985],[-74.9138,5.31985],[-74.9138,5.31985],[-74.91381,5.31985],[-74.91381,5.31985],[-74.91381,5.31985],[-74.91381,5.31985],[-74.91381,5.31985],[-74.91381,5.31986],[-74.91381,5.31986],[-74.91381,5.31986],[-74.91381,5.31986],[-74.91381,5.31986],[-74.91381,5.31986],[-74.91381,5.31986],[-74.91381,5.31986],[-74.91381,5.31986],[-74.91381,5.31986],[-74.91381,5.31986],[-74.91381,5.31986],[-74.91381,5.31986],[-74.91381,5.31986],[-74.91382,5.31986],[-74.91382,5.31986],[-74.91382,5.31986],[-74.91382,5.31986],[-74.91382,5.31986],[-74.91382,5.31986],[-74.91382,5.31986],[-74.91382,5.31986],[-74.91382,5.31986],[-74.91383,5.31986],[-74.91383,5.31986],[-74.91383,5.31986],[-74.91383,5.31986],[-74.91383,5.31986],[-74.91383,5.31986],[-74.91383,5.31986],[-74.91383,5.31986],[-74.91383,5.31986],[-74.91383,5.31986],[-74.91383,5.31986],[-74.91383,5.31986],[-74.91383,5.31986],[-74.91383,5.31986],[-74.91383,5.31986],[-74.91383,5.31986],[-74.91383,5.31986],[-74.91383,5.31986],[-74.91383,5.31986],[-74.91383,5.31986],[-74.91383,5.31985],[-74.91383,5.31985],[-74.91383,5.31985],[-74.91383,5.31985],[-74.91383,5.31985],[-74.91383,5.31985],[-74.91383,5.31985],[-74.91383,5.31985],[-74.91383,5.31985],[-74.91383,5.31985],[-74.91383,5.31985],[-74.91383,5.31984],[-74.91383,5.31984],[-74.91383,5.31984],[-74.91383,5.31984],[-74.91383,5.31984],[-74.91383,5.31984],[-74.91383,5.31984],[-74.91383,5.31984],[-74.91383,5.31984],[-74.91383,5.31984],[-74.91383,5.31984],[-74.91383,5.31983],[-74.91383,5.31983],[-74.91383,5.31983],[-74.91383,5.31983],[-74.91383,5.31983],[-74.91383,5.31983],[-74.91383,5.31983],[-74.91383,5.31983],[-74.91383,5.31983],[-74.91383,5.31983],[-74.91383,5.31983],[-74.91383,5.31983],[-74.91383,5.31982],[-74.91383,5.31982],[-74.91383,5.31982],[-74.91383,5.31982],[-74.91383,5.31982],[-74.91383,5.31982],[-74.91383,5.31982],[-74.91383,5.31982],[-74.91383,5.31982],[-74.91383,5.31982],[-74.91383,5.31982],[-74.91383,5.31981],[-74.91383,5.31981],[-74.91383,5.31981],[-74.91383,5.31981],[-74.91383,5.31981],[-74.91383,5.31981],[-74.91382,5.31981],[-74.91382,5.31981],[-74.91382,5.31981],[-74.91382,5.31981],[-74.91382,5.31981],[-74.91382,5.31981],[-74.91382,5.31981],[-74.91382,5.31981],[-74.91382,5.31981],[-74.91382,5.31981],[-74.91382,5.31981],[-74.91382,5.31981],[-74.91382,5.31981],[-74.91382,5.31981],[-74.91382,5.31981],[-74.91382,5.31981],[-74.91382,5.31981],[-74.91382,5.31981],[-74.91382,5.31981],[-74.91382,5.31981],[-74.91382,5.3198],[-74.91382,5.3198],[-74.91381,5.3198],[-74.91381,5.3198],[-74.91381,5.31981],[-74.91381,5.31981],[-74.91381,5.3198],[-74.91381,5.3198],[-74.91381,5.3198],[-74.91381,5.3198],[-74.91381,5.3198],[-74.91381,5.3198],[-74.91381,5.3198],[-74.91381,5.3198],[-74.91381,5.3198],[-74.91381,5.3198],[-74.91381,5.3198],[-74.91381,5.3198],[-74.91381,5.3198],[-74.91381,5.3198],[-74.91381,5.3198],[-74.91381,5.3198],[-74.91381,5.3198],[-74.91381,5.3198],[-74.91381,5.3198],[-74.91381,5.3198],[-74.91381,5.3198],[-74.9138,5.3198],[-74.9138,5.3198],[-74.9138,5.3198],[-74.9138,5.3198],[-74.9138,5.3198],[-74.9138,5.3198],[-74.9138,5.3198],[-74.9138,5.3198],[-74.9138,5.3198],[-74.9138,5.3198],[-74.9138,5.3198],[-74.9138,5.3198],[-74.9138,5.3198],[-74.9138,5.3198],[-74.9138,5.3198],[-74.9138,5.3198],[-74.9138,5.3198],[-74.9138,5.3198],[-74.9138,5.3198],[-74.91379,5.3198],[-74.91379,5.3198],[-74.91379,5.3198],[-74.91379,5.3198],[-74.91379,5.3198],[-74.91379,5.3198],[-74.91379,5.31981],[-74.91379,5.31981],[-74.91379,5.31981],[-74.91379,5.31981],[-74.91379,5.31981],[-74.91379,5.31981],[-74.91379,5.31981],[-74.91379,5.31981],[-74.91379,5.31981],[-74.91379,5.31981],[-74.91378,5.31981],[-74.91378,5.31981],[-74.91378,5.31981],[-74.91378,5.31981],[-74.91378,5.31981],[-74.91378,5.31981],[-74.91378,5.31981],[-74.91378,5.31981],[-74.91378,5.31981],[-74.91378,5.31981],[-74.91378,5.31981],[-74.91378,5.31981],[-74.91378,5.31981],[-74.91378,5.31981],[-74.91378,5.31981],[-74.91378,5.31981],[-74.91378,5.31981],[-74.91378,5.31981],[-74.91377,5.31981],[-74.91377,5.31981],[-74.91377,5.31981],[-74.91377,5.31981],[-74.91377,5.31981],[-74.91377,5.31981],[-74.91377,5.31981],[-74.91377,5.31981],[-74.91376,5.31981],[-74.91376,5.31981],[-74.91376,5.31981],[-74.91376,5.31981],[-74.91376,5.31981],[-74.91376,5.31981],[-74.91376,5.31981],[-74.91376,5.31981],[-74.91376,5.31981],[-74.91376,5.31981],[-74.91376,5.31981],[-74.91376,5.31981],[-74.91376,5.31981],[-74.91376,5.31981],[-74.91376,5.31981],[-74.91376,5.31981],[-74.91376,5.31981],[-74.91376,5.31981],[-74.91376,5.31981],[-74.91376,5.31981],[-74.91376,5.31981],[-74.91376,5.31981],[-74.91376,5.31981],[-74.91376,5.31981],[-74.91376,5.3198],[-74.91376,5.3198],[-74.91376,5.3198],[-74.91376,5.3198],[-74.91376,5.3198],[-74.91376,5.3198],[-74.91375,5.3198],[-74.91375,5.3198],[-74.91375,5.3198],[-74.91375,5.3198],[-74.91375,5.3198],[-74.91375,5.3198],[-74.91375,5.3198],[-74.91375,5.3198],[-74.91375,5.3198],[-74.91375,5.3198],[-74.91375,5.3198],[-74.91375,5.3198],[-74.91375,5.3198],[-74.91375,5.3198],[-74.91375,5.3198],[-74.91375,5.3198],[-74.91375,5.3198],[-74.91374,5.3198],[-74.91374,5.3198],[-74.91374,5.3198],[-74.91374,5.3198],[-74.91374,5.3198],[-74.91374,5.3198],[-74.91374,5.3198],[-74.91374,5.3198],[-74.91373,5.3198],[-74.91373,5.3198],[-74.91373,5.3198],[-74.91373,5.3198],[-74.91373,5.3198],[-74.91373,5.3198],[-74.91373,5.3198],[-74.91373,5.3198],[-74.91373,5.3198],[-74.91373,5.3198],[-74.91373,5.3198],[-74.91373,5.3198],[-74.91373,5.3198],[-74.91373,5.3198],[-74.91373,5.3198],[-74.91373,5.3198],[-74.91373,5.3198],[-74.91373,5.3198],[-74.91373,5.3198],[-74.91373,5.3198],[-74.91373,5.3198],[-74.91373,5.3198],[-74.91373,5.3198],[-74.91373,5.3198],[-74.91373,5.3198],[-74.91373,5.3198],[-74.91373,5.3198],[-74.91373,5.3198],[-74.91373,5.3198],[-74.91373,5.3198],[-74.91373,5.3198],[-74.91373,5.3198],[-74.91373,5.3198],[-74.91373,5.3198],[-74.91372,5.3198],[-74.91372,5.3198],[-74.91372,5.3198],[-74.91372,5.3198],[-74.91372,5.3198],[-74.91372,5.3198],[-74.91372,5.3198],[-74.91372,5.3198],[-74.91372,5.3198],[-74.91372,5.3198],[-74.91372,5.3198],[-74.91372,5.3198],[-74.91372,5.3198],[-74.91372,5.3198],[-74.91372,5.3198],[-74.91372,5.3198],[-74.91372,5.3198],[-74.91372,5.3198],[-74.91372,5.3198],[-74.91372,5.3198],[-74.91372,5.3198],[-74.91372,5.3198],[-74.91371,5.3198],[-74.91371,5.3198],[-74.91371,5.3198],[-74.91371,5.31981],[-74.91371,5.31981],[-74.91371,5.31981],[-74.91371,5.31981],[-74.91371,5.31981],[-74.91371,5.31981],[-74.91371,5.31981],[-74.91371,5.31981],[-74.91371,5.31981],[-74.91371,5.31981],[-74.91371,5.31981],[-74.91371,5.31981],[-74.91371,5.31981],[-74.91371,5.31981],[-74.9137,5.3198],[-74.9137,5.3198],[-74.9137,5.3198],[-74.9137,5.3198],[-74.9137,5.3198],[-74.9137,5.3198],[-74.9137,5.3198],[-74.9137,5.3198],[-74.9137,5.3198],[-74.9137,5.3198],[-74.9137,5.3198],[-74.9137,5.3198],[-74.9137,5.3198],[-74.9137,5.3198],[-74.9137,5.3198],[-74.9137,5.3198],[-74.9137,5.3198],[-74.9137,5.3198],[-74.9137,5.3198],[-74.9137,5.3198],[-74.9137,5.3198],[-74.9137,5.3198],[-74.9137,5.3198],[-74.9137,5.31981],[-74.9137,5.31981],[-74.9137,5.31981],[-74.9137,5.31981],[-74.9137,5.31981],[-74.9137,5.31981],[-74.91369,5.31981],[-74.91369,5.31981],[-74.91369,5.31981],[-74.91369,5.31981],[-74.91369,5.31981],[-74.91369,5.31981],[-74.91369,5.31981],[-74.91369,5.31981],[-74.91369,5.31981],[-74.91369,5.31981],[-74.91369,5.31981],[-74.91369,5.31981],[-74.91369,5.31981],[-74.91369,5.31981],[-74.91369,5.31981],[-74.91369,5.3198],[-74.91369,5.3198],[-74.91368,5.3198],[-74.91368,5.3198],[-74.91368,5.3198],[-74.91368,5.3198],[-74.91368,5.3198],[-74.91368,5.3198],[-74.91368,5.3198],[-74.91368,5.3198],[-74.91368,5.3198],[-74.91368,5.3198],[-74.91368,5.3198],[-74.91368,5.3198],[-74.91368,5.3198],[-74.91368,5.3198],[-74.91368,5.3198],[-74.91368,5.3198],[-74.91368,5.3198],[-74.91368,5.3198],[-74.91368,5.3198],[-74.91368,5.3198],[-74.91367,5.3198],[-74.91367,5.3198],[-74.91367,5.3198],[-74.91367,5.3198],[-74.91367,5.3198],[-74.91367,5.3198],[-74.91367,5.3198],[-74.91367,5.3198],[-74.91367,5.3198],[-74.91367,5.3198],[-74.91367,5.31979],[-74.91367,5.31979],[-74.91367,5.31979],[-74.91367,5.31979],[-74.91367,5.31979],[-74.91367,5.31979],[-74.91367,5.31979],[-74.91367,5.31979],[-74.91367,5.31979],[-74.91367,5.31979],[-74.91367,5.31979],[-74.91367,5.31979],[-74.91367,5.31979],[-74.91367,5.31979],[-74.91367,5.31979],[-74.91367,5.31978],[-74.91367,5.31978],[-74.91367,5.31978],[-74.91367,5.31978],[-74.91367,5.31978],[-74.91367,5.31978],[-74.91367,5.31978],[-74.91367,5.31978],[-74.91367,5.31978],[-74.91367,5.31978],[-74.91367,5.31978],[-74.91367,5.31978],[-74.91367,5.31978],[-74.91366,5.31978],[-74.91366,5.31978],[-74.91366,5.31978],[-74.91366,5.31978],[-74.91366,5.31977],[-74.91366,5.31977],[-74.91366,5.31977],[-74.91366,5.31977],[-74.91366,5.31977],[-74.91366,5.31977],[-74.91366,5.31977],[-74.91366,5.31977],[-74.91366,5.31977],[-74.91366,5.31977],[-74.91366,5.31978],[-74.91366,5.31978],[-74.91366,5.31978],[-74.91366,5.31978],[-74.91366,5.31978],[-74.91366,5.31978],[-74.91366,5.31978],[-74.91366,5.31978],[-74.91366,5.31978],[-74.91366,5.31979],[-74.91366,5.31979],[-74.91366,5.31979],[-74.91366,5.31979],[-74.91366,5.31979],[-74.91366,5.31979],[-74.91366,5.31979],[-74.91365,5.31979],[-74.91365,5.31979],[-74.91365,5.31979],[-74.91365,5.31979],[-74.91365,5.31979],[-74.91365,5.31979],[-74.91365,5.31979],[-74.91365,5.31979],[-74.91365,5.31979],[-74.91365,5.31979],[-74.91365,5.31979],[-74.91365,5.31979],[-74.91365,5.31979],[-74.91365,5.31979],[-74.91365,5.31979],[-74.91365,5.31979],[-74.91365,5.31979],[-74.91365,5.3198],[-74.91365,5.3198],[-74.91365,5.3198],[-74.91364,5.3198],[-74.91364,5.3198],[-74.91364,5.3198],[-74.91364,5.3198],[-74.91364,5.3198],[-74.91364,5.3198],[-74.91364,5.3198],[-74.91364,5.3198],[-74.91364,5.3198],[-74.91364,5.3198],[-74.91364,5.3198],[-74.91364,5.3198],[-74.91364,5.3198],[-74.91363,5.3198],[-74.91363,5.3198],[-74.91363,5.3198],[-74.91363,5.3198],[-74.91363,5.3198],[-74.91363,5.3198],[-74.91363,5.3198],[-74.91363,5.3198],[-74.91363,5.3198],[-74.91363,5.3198],[-74.91363,5.3198],[-74.91363,5.3198],[-74.91363,5.3198],[-74.91363,5.3198],[-74.91363,5.3198],[-74.91363,5.3198],[-74.91363,5.3198],[-74.91363,5.3198],[-74.91363,5.3198],[-74.91363,5.3198],[-74.91363,5.3198],[-74.91363,5.3198],[-74.91363,5.3198],[-74.91363,5.3198],[-74.91363,5.3198],[-74.91363,5.3198],[-74.91363,5.3198],[-74.91363,5.3198],[-74.91363,5.3198],[-74.91363,5.3198],[-74.91363,5.3198],[-74.91363,5.3198],[-74.91363,5.3198],[-74.91363,5.3198],[-74.91363,5.3198],[-74.91363,5.3198],[-74.91362,5.3198],[-74.91362,5.3198],[-74.91362,5.3198],[-74.91362,5.3198],[-74.91362,5.3198],[-74.91362,5.3198],[-74.91362,5.3198],[-74.91362,5.3198],[-74.91362,5.3198],[-74.91362,5.3198],[-74.91362,5.3198],[-74.91361,5.3198],[-74.91361,5.3198],[-74.91361,5.3198],[-74.91361,5.3198],[-74.91361,5.3198],[-74.91361,5.3198],[-74.91361,5.3198],[-74.91361,5.3198],[-74.91361,5.3198],[-74.91361,5.3198],[-74.91361,5.3198],[-74.91361,5.3198],[-74.91361,5.3198],[-74.91361,5.3198],[-74.91361,5.3198],[-74.91361,5.3198],[-74.91361,5.3198],[-74.91361,5.3198],[-74.91361,5.3198],[-74.91361,5.3198],[-74.91361,5.3198],[-74.91361,5.3198],[-74.91361,5.3198],[-74.9136,5.3198],[-74.9136,5.3198],[-74.9136,5.3198],[-74.9136,5.3198],[-74.9136,5.3198],[-74.9136,5.3198],[-74.9136,5.3198],[-74.9136,5.3198],[-74.9136,5.3198],[-74.9136,5.3198],[-74.9136,5.3198],[-74.9136,5.3198],[-74.9136,5.3198],[-74.9136,5.3198],[-74.9136,5.3198],[-74.91359,5.3198],[-74.91359,5.3198],[-74.91359,5.3198],[-74.91359,5.3198],[-74.91359,5.3198],[-74.91359,5.3198],[-74.91359,5.3198],[-74.91359,5.3198],[-74.91359,5.3198],[-74.91359,5.3198],[-74.91359,5.3198],[-74.91359,5.3198],[-74.91359,5.3198],[-74.91359,5.3198],[-74.91359,5.3198],[-74.91359,5.3198],[-74.91359,5.3198],[-74.91359,5.3198],[-74.91359,5.3198],[-74.91359,5.31981],[-74.91358,5.31981],[-74.91358,5.31981],[-74.91358,5.31981],[-74.91358,5.31981],[-74.91358,5.31981],[-74.91358,5.31981],[-74.91358,5.31981],[-74.91358,5.31981],[-74.91358,5.31981],[-74.91358,5.31981],[-74.91358,5.31981],[-74.91358,5.31981],[-74.91358,5.31981],[-74.91358,5.31981],[-74.91358,5.31981],[-74.91358,5.31981],[-74.91358,5.31981],[-74.91358,5.31981],[-74.91358,5.31981],[-74.91357,5.31981],[-74.91357,5.31981],[-74.91357,5.31981],[-74.91357,5.31981],[-74.91357,5.31981],[-74.91357,5.31981],[-74.91357,5.31981],[-74.91357,5.31981],[-74.91357,5.31981],[-74.91357,5.31981],[-74.91357,5.31981],[-74.91357,5.31981],[-74.91357,5.31981],[-74.91357,5.31981],[-74.91357,5.31981],[-74.91357,5.31981],[-74.91357,5.31981],[-74.91357,5.31981],[-74.91357,5.31981],[-74.91357,5.31981],[-74.91357,5.31981],[-74.91356,5.31981],[-74.91356,5.31981],[-74.91356,5.31981],[-74.91356,5.31981],[-74.91356,5.31981],[-74.91356,5.31981],[-74.91356,5.31981],[-74.91356,5.31981],[-74.91356,5.3198],[-74.91356,5.3198],[-74.91356,5.3198],[-74.91356,5.3198],[-74.91356,5.3198],[-74.91356,5.3198],[-74.91356,5.3198],[-74.91356,5.3198],[-74.91356,5.3198],[-74.91355,5.3198],[-74.91355,5.3198],[-74.91355,5.3198],[-74.91355,5.3198],[-74.91355,5.3198],[-74.91355,5.3198],[-74.91355,5.3198],[-74.91355,5.31981],[-74.91355,5.31981],[-74.91355,5.31981],[-74.91355,5.31981],[-74.91355,5.31981],[-74.91355,5.31981],[-74.91355,5.31981],[-74.91355,5.31981],[-74.91355,5.31981],[-74.91355,5.31981],[-74.91355,5.31981],[-74.91355,5.31981],[-74.91355,5.31981],[-74.91355,5.31981],[-74.91355,5.31981],[-74.91355,5.31981],[-74.91355,5.31982],[-74.91355,5.31982],[-74.91355,5.31982],[-74.91355,5.31982],[-74.91355,5.31982],[-74.91355,5.31982],[-74.91354,5.31982],[-74.91354,5.31982],[-74.91354,5.31982],[-74.91354,5.31982],[-74.91354,5.31982],[-74.91354,5.31982],[-74.91354,5.31982],[-74.91354,5.31982],[-74.91354,5.31982],[-74.91354,5.31982],[-74.91354,5.31982],[-74.91354,5.31982],[-74.91354,5.31982],[-74.91354,5.31982],[-74.91354,5.31983],[-74.91354,5.31983],[-74.91354,5.31983],[-74.91354,5.31983],[-74.91353,5.31983],[-74.91353,5.31983],[-74.91353,5.31983],[-74.91353,5.31983],[-74.91353,5.31983],[-74.91352,5.31983],[-74.91352,5.31983],[-74.91352,5.31983],[-74.91352,5.31983],[-74.91352,5.31983],[-74.91352,5.31983],[-74.91351,5.31982],[-74.91351,5.31982],[-74.91351,5.31982],[-74.91351,5.31982],[-74.91351,5.31982],[-74.91351,5.31982],[-74.91351,5.31982],[-74.91351,5.31982],[-74.91351,5.31982],[-74.9135,5.31982],[-74.9135,5.31982],[-74.9135,5.31982],[-74.9135,5.31982],[-74.9135,5.31982],[-74.9135,5.31982],[-74.9135,5.31982],[-74.9135,5.31982],[-74.9135,5.31982],[-74.9135,5.31982],[-74.9135,5.31982],[-74.9135,5.31982],[-74.9135,5.31982],[-74.9135,5.31982],[-74.9135,5.31982],[-74.9135,5.31982],[-74.9135,5.31982],[-74.91349,5.31982],[-74.91349,5.31982],[-74.91349,5.31982],[-74.91349,5.31982],[-74.91349,5.31982],[-74.91349,5.31982],[-74.91349,5.31982],[-74.91349,5.31982],[-74.91349,5.31982],[-74.91348,5.31982],[-74.91348,5.31982],[-74.91348,5.31982],[-74.91348,5.31982],[-74.91348,5.31982],[-74.91348,5.31982],[-74.91348,5.31982],[-74.91348,5.31982],[-74.91348,5.31983],[-74.91348,5.31983],[-74.91348,5.31983],[-74.91348,5.31983],[-74.91348,5.31983],[-74.91348,5.31983],[-74.91348,5.31983],[-74.91348,5.31983],[-74.91348,5.31983],[-74.91348,5.31983],[-74.91348,5.31983],[-74.91348,5.31983],[-74.91348,5.31983],[-74.91348,5.31983],[-74.91347,5.31983],[-74.91347,5.31983],[-74.91347,5.31983],[-74.91347,5.31983],[-74.91347,5.31983],[-74.91347,5.31983],[-74.91347,5.31983],[-74.91347,5.31983],[-74.91347,5.31983],[-74.91347,5.31983],[-74.91347,5.31983],[-74.91347,5.31983],[-74.91346,5.31983],[-74.91346,5.31984],[-74.91346,5.31984],[-74.91346,5.31984],[-74.91346,5.31984],[-74.91346,5.31984],[-74.91346,5.31984],[-74.91346,5.31984],[-74.91346,5.31984],[-74.91346,5.31984],[-74.91346,5.31984],[-74.91346,5.31984],[-74.91346,5.31984],[-74.91346,5.31984],[-74.91346,5.31984],[-74.91345,5.31984],[-74.91345,5.31984],[-74.91345,5.31984],[-74.91345,5.31984],[-74.91345,5.31984],[-74.91345,5.31984],[-74.91344,5.31984],[-74.91344,5.31984],[-74.91344,5.31984],[-74.91344,5.31984],[-74.91344,5.31984],[-74.91344,5.31984],[-74.91344,5.31984],[-74.91343,5.31984],[-74.91343,5.31984],[-74.91343,5.31984],[-74.91342,5.31984],[-74.91342,5.31984],[-74.91342,5.31984],[-74.91342,5.31984],[-74.91342,5.31984],[-74.91342,5.31984],[-74.91342,5.31984],[-74.91342,5.31984],[-74.91342,5.31984],[-74.91342,5.31984],[-74.91342,5.31984],[-74.91341,5.31984],[-74.91341,5.31984],[-74.91341,5.31984],[-74.91341,5.31984],[-74.91341,5.31984],[-74.91341,5.31984],[-74.91341,5.31984],[-74.91341,5.31984],[-74.91341,5.31984],[-74.91341,5.31984],[-74.91341,5.31984],[-74.91341,5.31984],[-74.91341,5.31984],[-74.91341,5.31984],[-74.91341,5.31984],[-74.91341,5.31984],[-74.91341,5.31984],[-74.91341,5.31984],[-74.91341,5.31984],[-74.91341,5.31984],[-74.91341,5.31984],[-74.91341,5.31984],[-74.91341,5.31984],[-74.91341,5.31984],[-74.91341,5.31984],[-74.91341,5.31984],[-74.91341,5.31984],[-74.91341,5.31984],[-74.91341,5.31984],[-74.91341,5.31984],[-74.91341,5.31984],[-74.91341,5.31984],[-74.91341,5.31984],[-74.91341,5.31984],[-74.91341,5.31984],[-74.9134,5.31984],[-74.9134,5.31983],[-74.9134,5.31983],[-74.9134,5.31983],[-74.9134,5.31983],[-74.9134,5.31983],[-74.9134,5.31983],[-74.9134,5.31983],[-74.9134,5.31983],[-74.9134,5.31983],[-74.9134,5.31983],[-74.9134,5.31983],[-74.9134,5.31983],[-74.9134,5.31983],[-74.9134,5.31983],[-74.9134,5.31983],[-74.9134,5.31983],[-74.9134,5.31983],[-74.9134,5.31983],[-74.9134,5.31983],[-74.91339,5.31983],[-74.91339,5.31983],[-74.91339,5.31983],[-74.91339,5.31983],[-74.91339,5.31983],[-74.91339,5.31983],[-74.91339,5.31983],[-74.91339,5.31983],[-74.91339,5.31983],[-74.91339,5.31983],[-74.91339,5.31983],[-74.91339,5.31983],[-74.91339,5.31983],[-74.91339,5.31983],[-74.91339,5.31983],[-74.91339,5.31983],[-74.91339,5.31983],[-74.91339,5.31983],[-74.91339,5.31983],[-74.91339,5.31983],[-74.91339,5.31983],[-74.91339,5.31983],[-74.91339,5.31983],[-74.91339,5.31983],[-74.91339,5.31983],[-74.91339,5.31983],[-74.91339,5.31983],[-74.91339,5.31983],[-74.91339,5.31983],[-74.91339,5.31983],[-74.91339,5.31983],[-74.91339,5.31983],[-74.91338,5.31983],[-74.91338,5.31983],[-74.91338,5.31983],[-74.91338,5.31983],[-74.91338,5.31983],[-74.91338,5.31983],[-74.91338,5.31983],[-74.91338,5.31983],[-74.91338,5.31983],[-74.91338,5.31983],[-74.91338,5.31983],[-74.91338,5.31983],[-74.91338,5.31983],[-74.91338,5.31983],[-74.91338,5.31983],[-74.91338,5.31983],[-74.91338,5.31982],[-74.91337,5.31982],[-74.91337,5.31982],[-74.91337,5.31982],[-74.91337,5.31982],[-74.91337,5.31982],[-74.91337,5.31982],[-74.91337,5.31982],[-74.91337,5.31982],[-74.91337,5.31982],[-74.91337,5.31982],[-74.91337,5.31982],[-74.91337,5.31982],[-74.91337,5.31982],[-74.91337,5.31982],[-74.91337,5.31982],[-74.91337,5.31982],[-74.91337,5.31982],[-74.91337,5.31982],[-74.91337,5.31982],[-74.91337,5.31982],[-74.91337,5.31982],[-74.91337,5.31982],[-74.91337,5.31982],[-74.91337,5.31982],[-74.91337,5.31982],[-74.91337,5.31982],[-74.91337,5.31982],[-74.91337,5.31982],[-74.91337,5.31982],[-74.91337,5.31982],[-74.91337,5.31982],[-74.91337,5.31982],[-74.91337,5.31982],[-74.91336,5.31982],[-74.91336,5.31982],[-74.91336,5.31981],[-74.91336,5.31981],[-74.91336,5.31981],[-74.91336,5.31981],[-74.91336,5.31981],[-74.91336,5.31981],[-74.91336,5.31981],[-74.91336,5.31981],[-74.91336,5.31981],[-74.91336,5.31981],[-74.91336,5.31981],[-74.91336,5.31981],[-74.91336,5.31981],[-74.91336,5.31981],[-74.91336,5.31981],[-74.91336,5.31981],[-74.91336,5.31981],[-74.91336,5.31981],[-74.91336,5.31981],[-74.91336,5.31981],[-74.91336,5.31981],[-74.91336,5.31981],[-74.91336,5.31981],[-74.91336,5.3198],[-74.91336,5.3198],[-74.91336,5.3198],[-74.91336,5.3198],[-74.91336,5.3198],[-74.91336,5.3198],[-74.91336,5.3198],[-74.91336,5.3198],[-74.91336,5.3198],[-74.91336,5.3198],[-74.91335,5.3198],[-74.91335,5.3198],[-74.91335,5.3198],[-74.91335,5.3198],[-74.91335,5.31979],[-74.91335,5.31979],[-74.91335,5.31979],[-74.91335,5.31979],[-74.91335,5.31979],[-74.91335,5.31979],[-74.91335,5.31979],[-74.91335,5.31979],[-74.91335,5.31979],[-74.91335,5.31979],[-74.91335,5.31979],[-74.91335,5.31979],[-74.91335,5.31979],[-74.91335,5.31979],[-74.91335,5.31979],[-74.91335,5.31979],[-74.91335,5.31979],[-74.91335,5.31978],[-74.91334,5.31978],[-74.91334,5.31978],[-74.91334,5.31978],[-74.91334,5.31978],[-74.91334,5.31978],[-74.91334,5.31978],[-74.91334,5.31978],[-74.91334,5.31978],[-74.91334,5.31978],[-74.91334,5.31978],[-74.91334,5.31978],[-74.91334,5.31978],[-74.91334,5.31978],[-74.91334,5.31978],[-74.91334,5.31978],[-74.91334,5.31978],[-74.91334,5.31978],[-74.91334,5.31978],[-74.91334,5.31978],[-74.91334,5.31978],[-74.91334,5.31978],[-74.91334,5.31978],[-74.91334,5.31978],[-74.91334,5.31978],[-74.91333,5.31978],[-74.91333,5.31978],[-74.91333,5.31978],[-74.91333,5.31978],[-74.91333,5.31978],[-74.91333,5.31978],[-74.91333,5.31978],[-74.91333,5.31978],[-74.91333,5.31978],[-74.91332,5.31978],[-74.91332,5.31978],[-74.91332,5.31978],[-74.91332,5.31978],[-74.91332,5.31978],[-74.91332,5.31978],[-74.91332,5.31978],[-74.91332,5.31978],[-74.91332,5.31978],[-74.91332,5.31977],[-74.91332,5.31977],[-74.91332,5.31977],[-74.91332,5.31977],[-74.91332,5.31977],[-74.91332,5.31977],[-74.91332,5.31977],[-74.91332,5.31977],[-74.91332,5.31977],[-74.91332,5.31977],[-74.91332,5.31977],[-74.91332,5.31977],[-74.91332,5.31977],[-74.91332,5.31977],[-74.91332,5.31977],[-74.91332,5.31977],[-74.91332,5.31977],[-74.91331,5.31977],[-74.91331,5.31977],[-74.91331,5.31977],[-74.91331,5.31977],[-74.91331,5.31977],[-74.91331,5.31977],[-74.91331,5.31977],[-74.91331,5.31977],[-74.91331,5.31977],[-74.91331,5.31977],[-74.91331,5.31977],[-74.91331,5.31977],[-74.91331,5.31977],[-74.91331,5.31977],[-74.91331,5.31977],[-74.91331,5.31977],[-74.9133,5.31977],[-74.9133,5.31977],[-74.9133,5.31977],[-74.9133,5.31977],[-74.9133,5.31977],[-74.9133,5.31977],[-74.9133,5.31977],[-74.9133,5.31977],[-74.9133,5.31977],[-74.9133,5.31977],[-74.9133,5.31976],[-74.9133,5.31976],[-74.9133,5.31976],[-74.9133,5.31976],[-74.9133,5.31976],[-74.9133,5.31976],[-74.91329,5.31976],[-74.91329,5.31976],[-74.91329,5.31976],[-74.91329,5.31976],[-74.91329,5.31976],[-74.91329,5.31976],[-74.91329,5.31976],[-74.91329,5.31976],[-74.91329,5.31976],[-74.91329,5.31976],[-74.91329,5.31976],[-74.91329,5.31976],[-74.91329,5.31976],[-74.91329,5.31976],[-74.91329,5.31976],[-74.91329,5.31976],[-74.91329,5.31976],[-74.91329,5.31976],[-74.91329,5.31976],[-74.91329,5.31975],[-74.91329,5.31975],[-74.91329,5.31975],[-74.91329,5.31975],[-74.91329,5.31975],[-74.91329,5.31975],[-74.91329,5.31975],[-74.91328,5.31975],[-74.91328,5.31975],[-74.91328,5.31975],[-74.91328,5.31975],[-74.91328,5.31975],[-74.91328,5.31975],[-74.91328,5.31975],[-74.91328,5.31975],[-74.91328,5.31975],[-74.91328,5.31975],[-74.91328,5.31975],[-74.91328,5.31975],[-74.91328,5.31975],[-74.91328,5.31975],[-74.91328,5.31975],[-74.91328,5.31975],[-74.91328,5.31975],[-74.91328,5.31975],[-74.91328,5.31974],[-74.91328,5.31974],[-74.91328,5.31974],[-74.91328,5.31974],[-74.91327,5.31974],[-74.91327,5.31974],[-74.91327,5.31974],[-74.91327,5.31974],[-74.91327,5.31974],[-74.91327,5.31974],[-74.91327,5.31974],[-74.91327,5.31974],[-74.91327,5.31974],[-74.91327,5.31974],[-74.91327,5.31974],[-74.91327,5.31974],[-74.91327,5.31974],[-74.91327,5.31974],[-74.91327,5.31974],[-74.91327,5.31974],[-74.91327,5.31974],[-74.91327,5.31974],[-74.91327,5.31973],[-74.91327,5.31973],[-74.91327,5.31973],[-74.91327,5.31973],[-74.91327,5.31973],[-74.91326,5.31973],[-74.91326,5.31973],[-74.91326,5.31973],[-74.91326,5.31973],[-74.91326,5.31973],[-74.91326,5.31973],[-74.91326,5.31973],[-74.91326,5.31973],[-74.91326,5.31973],[-74.91326,5.31973],[-74.91326,5.31973],[-74.91325,5.31973],[-74.91325,5.31973],[-74.91325,5.31973],[-74.91325,5.31973],[-74.91325,5.31973],[-74.91325,5.31973],[-74.91325,5.31973],[-74.91325,5.31973],[-74.91325,5.31973],[-74.91325,5.31973],[-74.91325,5.31973],[-74.91324,5.31973],[-74.91324,5.31973],[-74.91324,5.31973],[-74.91324,5.31973],[-74.91324,5.31973],[-74.91324,5.31973],[-74.91324,5.31973],[-74.91324,5.31973],[-74.91324,5.31974],[-74.91324,5.31974],[-74.91324,5.31974],[-74.91323,5.31974],[-74.91323,5.31974],[-74.91323,5.31974],[-74.91323,5.31974],[-74.91323,5.31974],[-74.91323,5.31974],[-74.91323,5.31974],[-74.91323,5.31974],[-74.91323,5.31974],[-74.91323,5.31974],[-74.91323,5.31974],[-74.91323,5.31974],[-74.91323,5.31974],[-74.91323,5.31974],[-74.91323,5.31974],[-74.91323,5.31974],[-74.91323,5.31974],[-74.91322,5.31974],[-74.91322,5.31974],[-74.91322,5.31974],[-74.91322,5.31974],[-74.91322,5.31974],[-74.91322,5.31974],[-74.91322,5.31974],[-74.91322,5.31974],[-74.91322,5.31974],[-74.91322,5.31974],[-74.91322,5.31974],[-74.91322,5.31974],[-74.91322,5.31974],[-74.91322,5.31975],[-74.91322,5.31975],[-74.91322,5.31975],[-74.91322,5.31975],[-74.91321,5.31975],[-74.91321,5.31975],[-74.91321,5.31975],[-74.91321,5.31975],[-74.91321,5.31975],[-74.91321,5.31975],[-74.91321,5.31975],[-74.91321,5.31975],[-74.91321,5.31975],[-74.91321,5.31975],[-74.91321,5.31975],[-74.91321,5.31975],[-74.91321,5.31976],[-74.91321,5.31976],[-74.91321,5.31976],[-74.91321,5.31976],[-74.91321,5.31976],[-74.91321,5.31976],[-74.91321,5.31976],[-74.91321,5.31976],[-74.9132,5.31976],[-74.9132,5.31976],[-74.9132,5.31976],[-74.9132,5.31976],[-74.9132,5.31976],[-74.9132,5.31976],[-74.9132,5.31976],[-74.9132,5.31976],[-74.9132,5.31976],[-74.9132,5.31976],[-74.9132,5.31976],[-74.9132,5.31977],[-74.9132,5.31977],[-74.9132,5.31977],[-74.9132,5.31977],[-74.9132,5.31977],[-74.9132,5.31977],[-74.9132,5.31977],[-74.9132,5.31977],[-74.9132,5.31977],[-74.9132,5.31977],[-74.9132,5.31977],[-74.91319,5.31977],[-74.91319,5.31977],[-74.91319,5.31977],[-74.91319,5.31977],[-74.91319,5.31977],[-74.91319,5.31977],[-74.91319,5.31977],[-74.91319,5.31977],[-74.91318,5.31977],[-74.91318,5.31977],[-74.91318,5.31977],[-74.91318,5.31977],[-74.91318,5.31977],[-74.91318,5.31977],[-74.91318,5.31977],[-74.91318,5.31977],[-74.91318,5.31977],[-74.91317,5.31977],[-74.91317,5.31977],[-74.91317,5.31977],[-74.91317,5.31977],[-74.91317,5.31977],[-74.91317,5.31977],[-74.91317,5.31977],[-74.91317,5.31977],[-74.91317,5.31977],[-74.91317,5.31978],[-74.91317,5.31978],[-74.91317,5.31978],[-74.91317,5.31978],[-74.91317,5.31978],[-74.91317,5.31978],[-74.91316,5.31978],[-74.91316,5.31978],[-74.91316,5.31978],[-74.91316,5.31978],[-74.91316,5.31978],[-74.91316,5.31978],[-74.91316,5.31978],[-74.91316,5.31978],[-74.91316,5.31978],[-74.91316,5.31978],[-74.91316,5.31978],[-74.91316,5.31978],[-74.91315,5.31978],[-74.91315,5.31978],[-74.91315,5.31978],[-74.91315,5.31978],[-74.91315,5.31978],[-74.91314,5.31978],[-74.91314,5.31978],[-74.91314,5.31978],[-74.91313,5.31978],[-74.91313,5.31978],[-74.91313,5.31978],[-74.91313,5.31978],[-74.91313,5.31978],[-74.91312,5.31978],[-74.91312,5.31978],[-74.91312,5.31978],[-74.91312,5.31978],[-74.91311,5.31978],[-74.91311,5.31978],[-74.91311,5.31978],[-74.9131,5.31978],[-74.9131,5.31978],[-74.9131,5.31978],[-74.9131,5.31978],[-74.9131,5.31978],[-74.9131,5.31978],[-74.9131,5.31978],[-74.9131,5.31978],[-74.9131,5.31978],[-74.9131,5.31978],[-74.9131,5.31978],[-74.9131,5.31978],[-74.9131,5.31978],[-74.9131,5.31978],[-74.91309,5.31979],[-74.91309,5.31979],[-74.91309,5.31979],[-74.91309,5.31979],[-74.91309,5.31979],[-74.91309,5.31979],[-74.91309,5.31979],[-74.91309,5.31979],[-74.91309,5.31979],[-74.91309,5.31979],[-74.91309,5.31979],[-74.91309,5.31979],[-74.91309,5.31979],[-74.91309,5.31979],[-74.91309,5.31979],[-74.91309,5.31979],[-74.91309,5.31979],[-74.91308,5.31979],[-74.91308,5.31979],[-74.91308,5.31979],[-74.91308,5.31979],[-74.91308,5.31979],[-74.91308,5.31979],[-74.91308,5.31979],[-74.91308,5.31979],[-74.91308,5.31979],[-74.91308,5.31979],[-74.91308,5.31979],[-74.91308,5.3198],[-74.91308,5.3198],[-74.91308,5.3198],[-74.91308,5.3198],[-74.91307,5.3198],[-74.91307,5.3198],[-74.91307,5.3198],[-74.91307,5.3198],[-74.91307,5.3198],[-74.91307,5.3198],[-74.91307,5.3198],[-74.91307,5.3198],[-74.91307,5.3198],[-74.91307,5.3198],[-74.91307,5.3198],[-74.91307,5.3198],[-74.91307,5.31981],[-74.91307,5.31981],[-74.91306,5.31981],[-74.91306,5.31981],[-74.91306,5.31981],[-74.91306,5.31981],[-74.91306,5.31981],[-74.91306,5.31981],[-74.91306,5.31981],[-74.91306,5.31981],[-74.91306,5.31981],[-74.91306,5.31981],[-74.91306,5.31981],[-74.91306,5.31982],[-74.91306,5.31982],[-74.91306,5.31982],[-74.91306,5.31982],[-74.91306,5.31982],[-74.91306,5.31982],[-74.91306,5.31982],[-74.91305,5.31982],[-74.91305,5.31982],[-74.91305,5.31982],[-74.91305,5.31982],[-74.91305,5.31982],[-74.91305,5.31982],[-74.91305,5.31982],[-74.91305,5.31983],[-74.91305,5.31983],[-74.91305,5.31983],[-74.91305,5.31983],[-74.91305,5.31983],[-74.91305,5.31983],[-74.91305,5.31983],[-74.91305,5.31983],[-74.91305,5.31983],[-74.91304,5.31983],[-74.91304,5.31983],[-74.91304,5.31983],[-74.91304,5.31983],[-74.91304,5.31983],[-74.91304,5.31983],[-74.91304,5.31983],[-74.91304,5.31983],[-74.91304,5.31983],[-74.91304,5.31983],[-74.91304,5.31983],[-74.91304,5.31983],[-74.91304,5.31983],[-74.91304,5.31983],[-74.91304,5.31983],[-74.91304,5.31983],[-74.91304,5.31983],[-74.91304,5.31983],[-74.91304,5.31983],[-74.91304,5.31983],[-74.91304,5.31983],[-74.91304,5.31983],[-74.91304,5.31983],[-74.91304,5.31983],[-74.91304,5.31983],[-74.91304,5.31982],[-74.91304,5.31982],[-74.91304,5.31982],[-74.91304,5.31982],[-74.91304,5.31982],[-74.91304,5.31982],[-74.91304,5.31982],[-74.91304,5.31982],[-74.91304,5.31982],[-74.91304,5.31982],[-74.91303,5.31982],[-74.91303,5.31982],[-74.91303,5.31982],[-74.91303,5.31982],[-74.91303,5.31982],[-74.91303,5.31982],[-74.91303,5.31982],[-74.91303,5.31982],[-74.91303,5.31982],[-74.91303,5.31982],[-74.91303,5.31982],[-74.91303,5.31982],[-74.91303,5.31982],[-74.91303,5.31982],[-74.91303,5.31982],[-74.91303,5.31981],[-74.91303,5.31981],[-74.91303,5.31981],[-74.91303,5.31981],[-74.91303,5.31981],[-74.91303,5.31981],[-74.91303,5.31981],[-74.91303,5.31981],[-74.91303,5.31981],[-74.91303,5.31981],[-74.91303,5.31981],[-74.91303,5.31981],[-74.91303,5.31981],[-74.91303,5.31981],[-74.91303,5.31981],[-74.91302,5.31981],[-74.91302,5.31981],[-74.91302,5.31981],[-74.91302,5.31981],[-74.91302,5.31981],[-74.91302,5.31981],[-74.91302,5.31981],[-74.91302,5.31981],[-74.91302,5.31981],[-74.91302,5.31981],[-74.91302,5.31981],[-74.91302,5.31981],[-74.91302,5.31981],[-74.91302,5.31981],[-74.91302,5.31981],[-74.91302,5.31981],[-74.91302,5.31981],[-74.91302,5.31981],[-74.91302,5.31981],[-74.91302,5.31981],[-74.91302,5.31981],[-74.91302,5.31981],[-74.91302,5.31981],[-74.91302,5.31981],[-74.91302,5.31981],[-74.91302,5.31981],[-74.91302,5.31981],[-74.91301,5.31981],[-74.91301,5.31981],[-74.91301,5.31981],[-74.91301,5.31981],[-74.91301,5.31981],[-74.91301,5.31981],[-74.91301,5.31981],[-74.91301,5.31981],[-74.91301,5.31981],[-74.91301,5.31981],[-74.91301,5.31981],[-74.91301,5.31981],[-74.91301,5.31981],[-74.91301,5.31981],[-74.91301,5.31981],[-74.91301,5.31981],[-74.91301,5.31981],[-74.91301,5.31981],[-74.91301,5.31981],[-74.913,5.31981],[-74.913,5.31981],[-74.913,5.31981],[-74.913,5.31981],[-74.913,5.31981],[-74.913,5.31981],[-74.913,5.31981],[-74.913,5.31981],[-74.913,5.31981],[-74.913,5.31981],[-74.913,5.31981],[-74.913,5.31981],[-74.913,5.3198],[-74.913,5.3198],[-74.913,5.3198],[-74.913,5.3198],[-74.913,5.3198],[-74.913,5.3198],[-74.913,5.3198],[-74.913,5.3198],[-74.913,5.3198],[-74.913,5.3198],[-74.913,5.3198],[-74.913,5.3198],[-74.913,5.3198],[-74.913,5.3198],[-74.913,5.3198],[-74.913,5.3198],[-74.913,5.3198],[-74.913,5.3198],[-74.91299,5.3198],[-74.91299,5.3198],[-74.91299,5.3198],[-74.91299,5.3198],[-74.91299,5.3198],[-74.91299,5.3198],[-74.91299,5.3198],[-74.91299,5.3198],[-74.91299,5.3198],[-74.91299,5.3198],[-74.91299,5.3198],[-74.91299,5.3198],[-74.91299,5.3198],[-74.91299,5.3198],[-74.91299,5.3198],[-74.91299,5.3198],[-74.91299,5.3198],[-74.91299,5.3198],[-74.91299,5.3198],[-74.91298,5.31979],[-74.91298,5.31979],[-74.91298,5.31979],[-74.91298,5.31979],[-74.91298,5.31979],[-74.91298,5.31979],[-74.91298,5.31979],[-74.91298,5.31979],[-74.91298,5.31979],[-74.91298,5.31979],[-74.91298,5.31979],[-74.91298,5.31979],[-74.91298,5.31979],[-74.91298,5.31979],[-74.91298,5.31979],[-74.91298,5.31979],[-74.91298,5.31979],[-74.91298,5.31979],[-74.91298,5.31978],[-74.91298,5.31978],[-74.91298,5.31978],[-74.91298,5.31978],[-74.91298,5.31978],[-74.91298,5.31978],[-74.91298,5.31978],[-74.91298,5.31978],[-74.91298,5.31977],[-74.91298,5.31977],[-74.91298,5.31977],[-74.91298,5.31977],[-74.91298,5.31977],[-74.91298,5.31977],[-74.91298,5.31977],[-74.91298,5.31977],[-74.91298,5.31977],[-74.91298,5.31977],[-74.91298,5.31977],[-74.91297,5.31977],[-74.91297,5.31977],[-74.91297,5.31977],[-74.91297,5.31977],[-74.91297,5.31976],[-74.91297,5.31976],[-74.91297,5.31976],[-74.91297,5.31976],[-74.91297,5.31976],[-74.91297,5.31976],[-74.91297,5.31976],[-74.91297,5.31976],[-74.91297,5.31976],[-74.91297,5.31976],[-74.91297,5.31976],[-74.91297,5.31976],[-74.91296,5.31976],[-74.91296,5.31976],[-74.91296,5.31976],[-74.91296,5.31976],[-74.91296,5.31976],[-74.91296,5.31976],[-74.91296,5.31976],[-74.91296,5.31976],[-74.91296,5.31976],[-74.91296,5.31976],[-74.91296,5.31976],[-74.91296,5.31976],[-74.91296,5.31976],[-74.91296,5.31976],[-74.91296,5.31976],[-74.91296,5.31976],[-74.91296,5.31975],[-74.91296,5.31975],[-74.91296,5.31975],[-74.91296,5.31975],[-74.91296,5.31975],[-74.91295,5.31975],[-74.91295,5.31975],[-74.91295,5.31975],[-74.91295,5.31975],[-74.91295,5.31975],[-74.91295,5.31975],[-74.91295,5.31975],[-74.91295,5.31975],[-74.91295,5.31975],[-74.91295,5.31975],[-74.91295,5.31975],[-74.91295,5.31975],[-74.91295,5.31975],[-74.91295,5.31975],[-74.91295,5.31975],[-74.91295,5.31974],[-74.91295,5.31974],[-74.91295,5.31974],[-74.91295,5.31974],[-74.91295,5.31974],[-74.91295,5.31974],[-74.91295,5.31974],[-74.91295,5.31974],[-74.91295,5.31974],[-74.91295,5.31974],[-74.91295,5.31974],[-74.91295,5.31974],[-74.91295,5.31974],[-74.91295,5.31974],[-74.91295,5.31974],[-74.91294,5.31974],[-74.91294,5.31974],[-74.91294,5.31974],[-74.91294,5.31974],[-74.91294,5.31974],[-74.91294,5.31974],[-74.91294,5.31973],[-74.91294,5.31973],[-74.91294,5.31973],[-74.91294,5.31973],[-74.91294,5.31973],[-74.91294,5.31973],[-74.91294,5.31973],[-74.91294,5.31973],[-74.91294,5.31973],[-74.91294,5.31973],[-74.91294,5.31973],[-74.91294,5.31973],[-74.91294,5.31973],[-74.91294,5.31973],[-74.91294,5.31973],[-74.91294,5.31973],[-74.91294,5.31973],[-74.91294,5.31973],[-74.91294,5.31973],[-74.91294,5.31972],[-74.91294,5.31972],[-74.91294,5.31972],[-74.91294,5.31972],[-74.91293,5.31972],[-74.91293,5.31972],[-74.91293,5.31972],[-74.91293,5.31972],[-74.91293,5.31972],[-74.91293,5.31972],[-74.91293,5.31972],[-74.91293,5.31972],[-74.91293,5.31972],[-74.91293,5.31972],[-74.91293,5.31972],[-74.91293,5.31972],[-74.91293,5.31972],[-74.91293,5.31972],[-74.91293,5.31972],[-74.91293,5.31972],[-74.91293,5.31972],[-74.91293,5.31972],[-74.91293,5.31972],[-74.91293,5.31972],[-74.91293,5.31972],[-74.91293,5.31971],[-74.91293,5.31971],[-74.91293,5.31971],[-74.91293,5.31971],[-74.91293,5.31971],[-74.91293,5.31971],[-74.91293,5.31971],[-74.91292,5.31971],[-74.91292,5.31971],[-74.91292,5.31971],[-74.91292,5.31971],[-74.91292,5.31971],[-74.91292,5.31971],[-74.91292,5.31971],[-74.91292,5.31971],[-74.91292,5.31972],[-74.91292,5.31972],[-74.91292,5.31972],[-74.91292,5.31972],[-74.91291,5.31972],[-74.91291,5.31972],[-74.91291,5.31972],[-74.91291,5.31972],[-74.91291,5.31972],[-74.91291,5.31972],[-74.91291,5.31972],[-74.91291,5.31972],[-74.91291,5.31972],[-74.91291,5.31972],[-74.91291,5.31972],[-74.91291,5.31972],[-74.91291,5.31972],[-74.91291,5.31972],[-74.91291,5.31972],[-74.91291,5.31971],[-74.91291,5.31971],[-74.91291,5.31971],[-74.91291,5.31971],[-74.91291,5.31971],[-74.91291,5.31971],[-74.91291,5.31971],[-74.9129,5.31971],[-74.9129,5.31971],[-74.9129,5.31971],[-74.9129,5.31972],[-74.9129,5.31972],[-74.9129,5.31972],[-74.9129,5.31972],[-74.9129,5.31972],[-74.9129,5.31972],[-74.9129,5.31972],[-74.9129,5.31972],[-74.9129,5.31972],[-74.9129,5.31972],[-74.9129,5.31972],[-74.9129,5.31972],[-74.9129,5.31972],[-74.9129,5.31972],[-74.9129,5.31972],[-74.9129,5.31972],[-74.9129,5.31972],[-74.9129,5.31973],[-74.91289,5.31973],[-74.91289,5.31973],[-74.91289,5.31973],[-74.91289,5.31973],[-74.91289,5.31973],[-74.91289,5.31973],[-74.91289,5.31973],[-74.91289,5.31973],[-74.91289,5.31973],[-74.91289,5.31973],[-74.91289,5.31973],[-74.91289,5.31973],[-74.91289,5.31973],[-74.91289,5.31973],[-74.91289,5.31973],[-74.91289,5.31973],[-74.91289,5.31973],[-74.91289,5.31973],[-74.91289,5.31973],[-74.91289,5.31973],[-74.91289,5.31973],[-74.91289,5.31973],[-74.91289,5.31973],[-74.91289,5.31973],[-74.91289,5.31973],[-74.91289,5.31973],[-74.91288,5.31973],[-74.91288,5.31973],[-74.91288,5.31973],[-74.91288,5.31973],[-74.91288,5.31973],[-74.91288,5.31973],[-74.91288,5.31973],[-74.91288,5.31973],[-74.91288,5.31973],[-74.91288,5.31973],[-74.91288,5.31973],[-74.91288,5.31973],[-74.91288,5.31973],[-74.91288,5.31973],[-74.91288,5.31972],[-74.91288,5.31972],[-74.91288,5.31972],[-74.91288,5.31972],[-74.91288,5.31972],[-74.91288,5.31972],[-74.91288,5.31972],[-74.91287,5.31972],[-74.91287,5.31972],[-74.91287,5.31972],[-74.91287,5.31972],[-74.91287,5.31972],[-74.91287,5.31972],[-74.91287,5.31972],[-74.91287,5.31972],[-74.91287,5.31972],[-74.91287,5.31972],[-74.91287,5.31972],[-74.91287,5.31972],[-74.91287,5.31972],[-74.91287,5.31972],[-74.91287,5.31972],[-74.91287,5.31972],[-74.91287,5.31972],[-74.91286,5.31972],[-74.91286,5.31972],[-74.91286,5.31972],[-74.91286,5.31972],[-74.91286,5.31972],[-74.91286,5.31972],[-74.91286,5.31972],[-74.91286,5.31972],[-74.91286,5.31972],[-74.91286,5.31972],[-74.91286,5.31972],[-74.91286,5.31972],[-74.91286,5.31972],[-74.91286,5.31972],[-74.91286,5.31971],[-74.91286,5.31971],[-74.91286,5.31971],[-74.91286,5.31971],[-74.91285,5.31971],[-74.91285,5.31971],[-74.91285,5.31971],[-74.91285,5.31971],[-74.91285,5.31971],[-74.91285,5.31971],[-74.91284,5.31971],[-74.91284,5.31971],[-74.91281,5.31967],[-74.9128,5.31967],[-74.9128,5.31966],[-74.9128,5.31966],[-74.9128,5.31966],[-74.9128,5.31965],[-74.9128,5.31965],[-74.9128,5.31965],[-74.9128,5.31965],[-74.9128,5.31965],[-74.9128,5.31965],[-74.9128,5.31965],[-74.9128,5.31965],[-74.9128,5.31965],[-74.9128,5.31965],[-74.9128,5.31965],[-74.9128,5.31965],[-74.9128,5.31965],[-74.9128,5.31965],[-74.9128,5.31965],[-74.9128,5.31965],[-74.9128,5.31965],[-74.9128,5.31965],[-74.9128,5.31965],[-74.9128,5.31965],[-74.9128,5.31965],[-74.9128,5.31965],[-74.9128,5.31965],[-74.9128,5.31965],[-74.9128,5.31965],[-74.9128,5.31965],[-74.9128,5.31965],[-74.9128,5.31965],[-74.9128,5.31965],[-74.9128,5.31964],[-74.9128,5.31964],[-74.9128,5.31964],[-74.9128,5.31964],[-74.9128,5.31964],[-74.9128,5.31964],[-74.9128,5.31964],[-74.9128,5.31964],[-74.9128,5.31963],[-74.9128,5.31963],[-74.9128,5.31963],[-74.91279,5.31963],[-74.91279,5.31963],[-74.91279,5.31963],[-74.91279,5.31963],[-74.91279,5.31963],[-74.91279,5.31963],[-74.91279,5.31963],[-74.91279,5.31963],[-74.91279,5.31963],[-74.91279,5.31963],[-74.91279,5.31963],[-74.91279,5.31963],[-74.91279,5.31963],[-74.91279,5.31963],[-74.91279,5.31963],[-74.91279,5.31963],[-74.91279,5.31963],[-74.91279,5.31963],[-74.91279,5.31963],[-74.91279,5.31963],[-74.91279,5.31963],[-74.91279,5.31963],[-74.91279,5.31963],[-74.91279,5.31963],[-74.91279,5.31963],[-74.91279,5.31963],[-74.91279,5.31963],[-74.91279,5.31963],[-74.91279,5.31962],[-74.91279,5.31962],[-74.91279,5.31962],[-74.91279,5.31962],[-74.91279,5.31962],[-74.91279,5.31962],[-74.91279,5.31962],[-74.91279,5.31962],[-74.91279,5.31962],[-74.91279,5.31962],[-74.91279,5.31962],[-74.91279,5.31962],[-74.91279,5.31962],[-74.91278,5.31962],[-74.91278,5.31962],[-74.91278,5.31962],[-74.91278,5.31962],[-74.91278,5.31962],[-74.91278,5.31962],[-74.91278,5.31962],[-74.91278,5.31962],[-74.91278,5.31961],[-74.91278,5.31961],[-74.91278,5.31961],[-74.91278,5.31961],[-74.91278,5.31961],[-74.91278,5.31961],[-74.91278,5.31961],[-74.91278,5.31961],[-74.91278,5.31961],[-74.91278,5.31961],[-74.91278,5.31961],[-74.91278,5.31961],[-74.91278,5.31961],[-74.91278,5.31961],[-74.91278,5.31961],[-74.91278,5.3196],[-74.91278,5.3196],[-74.91278,5.3196],[-74.91277,5.3196],[-74.91277,5.3196],[-74.91277,5.3196],[-74.91277,5.3196],[-74.91277,5.3196],[-74.91277,5.3196],[-74.91277,5.3196],[-74.91277,5.3196],[-74.91277,5.3196],[-74.91277,5.3196],[-74.91277,5.3196],[-74.91277,5.3196],[-74.91277,5.3196],[-74.91277,5.3196],[-74.91277,5.3196],[-74.91277,5.3196],[-74.91277,5.3196],[-74.91277,5.3196],[-74.91277,5.3196],[-74.91277,5.3196],[-74.91277,5.3196],[-74.91277,5.3196],[-74.91277,5.3196],[-74.91277,5.3196],[-74.91276,5.3196],[-74.91276,5.3196],[-74.91276,5.3196],[-74.91276,5.3196],[-74.91276,5.3196],[-74.91276,5.3196],[-74.91276,5.3196],[-74.91276,5.3196],[-74.91276,5.3196],[-74.91276,5.3196],[-74.91276,5.3196],[-74.91276,5.3196],[-74.91276,5.3196],[-74.91276,5.3196],[-74.91276,5.3196],[-74.91276,5.3196],[-74.91276,5.3196],[-74.91276,5.3196],[-74.91276,5.3196],[-74.91276,5.3196],[-74.91276,5.3196],[-74.91276,5.3196],[-74.91276,5.3196],[-74.91276,5.3196],[-74.91276,5.3196],[-74.91276,5.3196],[-74.91276,5.3196],[-74.91276,5.3196],[-74.91276,5.31961],[-74.91276,5.31961],[-74.91276,5.31961],[-74.91276,5.31961],[-74.91276,5.31961],[-74.91276,5.31961],[-74.91276,5.31961],[-74.91276,5.31961],[-74.91276,5.31961],[-74.91276,5.31961],[-74.91276,5.31961],[-74.91276,5.31961],[-74.91275,5.31961],[-74.91275,5.31961],[-74.91275,5.31961],[-74.91275,5.31961],[-74.91275,5.31961],[-74.91275,5.31961],[-74.91275,5.31961],[-74.91275,5.31961],[-74.91275,5.31962],[-74.91275,5.31962],[-74.91275,5.31962],[-74.91275,5.31962],[-74.91275,5.31962],[-74.91275,5.31962],[-74.91275,5.31962],[-74.91275,5.31962],[-74.91275,5.31962],[-74.91275,5.31962],[-74.91274,5.31962],[-74.91274,5.31962],[-74.91274,5.31962],[-74.91274,5.31962],[-74.91274,5.31962],[-74.91274,5.31962],[-74.91274,5.31962],[-74.91274,5.31962],[-74.91274,5.31962],[-74.91274,5.31962],[-74.91274,5.31962],[-74.91274,5.31962],[-74.91274,5.31962],[-74.91274,5.31962],[-74.91274,5.31962],[-74.91274,5.31962],[-74.91274,5.31962],[-74.91274,5.31962],[-74.91274,5.31962],[-74.91274,5.31962],[-74.91274,5.31962],[-74.91274,5.31962],[-74.91274,5.31962],[-74.91274,5.31962],[-74.91274,5.31962],[-74.91274,5.31962],[-74.91274,5.31962],[-74.91274,5.31962],[-74.91274,5.31962],[-74.91274,5.31962],[-74.91274,5.31962],[-74.91274,5.31962],[-74.91274,5.31962],[-74.91273,5.31962],[-74.91273,5.31962],[-74.91273,5.31962],[-74.91273,5.31962],[-74.91273,5.31962],[-74.91273,5.31962],[-74.91273,5.31962],[-74.91273,5.31962],[-74.91273,5.31962],[-74.91273,5.31962],[-74.91273,5.31962],[-74.91273,5.31962],[-74.91273,5.31962],[-74.91273,5.31962],[-74.91273,5.31962],[-74.91273,5.31962],[-74.91272,5.31962],[-74.91272,5.31962],[-74.91272,5.31962],[-74.91272,5.31962],[-74.91272,5.31962],[-74.91272,5.31962],[-74.91272,5.31962],[-74.91272,5.31962],[-74.91272,5.31962],[-74.91272,5.31962],[-74.91272,5.31962],[-74.91272,5.31962],[-74.91272,5.31962],[-74.91272,5.31962],[-74.91272,5.31962],[-74.91272,5.31962],[-74.91272,5.31962],[-74.91272,5.31962],[-74.91272,5.31962],[-74.91272,5.31962],[-74.91271,5.31962],[-74.91271,5.31963],[-74.91271,5.31963],[-74.91271,5.31963],[-74.91271,5.31963],[-74.91271,5.31963],[-74.91271,5.31963],[-74.91271,5.31963],[-74.91271,5.31963],[-74.91271,5.31963],[-74.91271,5.31963],[-74.91271,5.31963],[-74.91271,5.31963],[-74.91271,5.31963],[-74.91271,5.31963],[-74.91271,5.31963],[-74.91271,5.31963],[-74.91271,5.31963],[-74.91271,5.31963],[-74.91271,5.31963],[-74.91271,5.31963],[-74.91271,5.31963],[-74.91271,5.31963],[-74.9127,5.31963],[-74.9127,5.31964],[-74.9127,5.31964],[-74.9127,5.31964],[-74.9127,5.31964],[-74.9127,5.31964],[-74.9127,5.31964],[-74.9127,5.31964],[-74.9127,5.31964],[-74.9127,5.31964],[-74.9127,5.31964],[-74.9127,5.31964],[-74.9127,5.31964],[-74.9127,5.31964],[-74.9127,5.31964],[-74.9127,5.31964],[-74.9127,5.31964],[-74.9127,5.31964],[-74.9127,5.31964],[-74.91269,5.31964],[-74.91269,5.31964],[-74.91269,5.31964],[-74.91269,5.31964],[-74.91269,5.31964],[-74.91269,5.31964],[-74.91269,5.31964],[-74.91269,5.31964],[-74.91269,5.31964],[-74.91268,5.31964],[-74.91268,5.31964],[-74.91268,5.31964],[-74.91268,5.31964],[-74.91268,5.31964],[-74.91268,5.31964],[-74.91268,5.31964],[-74.91268,5.31964],[-74.91268,5.31964],[-74.91268,5.31964],[-74.91268,5.31964],[-74.91268,5.31964],[-74.91268,5.31964],[-74.91268,5.31964],[-74.91267,5.31964],[-74.91267,5.31964],[-74.91267,5.31964],[-74.91267,5.31964],[-74.91267,5.31964],[-74.91267,5.31964],[-74.91267,5.31964],[-74.91267,5.31964],[-74.91267,5.31964],[-74.91267,5.31964],[-74.91267,5.31964],[-74.91267,5.31964],[-74.91267,5.31964],[-74.91267,5.31964],[-74.91267,5.31964],[-74.91267,5.31964],[-74.91267,5.31964],[-74.91267,5.31964],[-74.91267,5.31964],[-74.91267,5.31964],[-74.91267,5.31964],[-74.91267,5.31964],[-74.91267,5.31964],[-74.91267,5.31964],[-74.91267,5.31964],[-74.91267,5.31963],[-74.91267,5.31963],[-74.91267,5.31963],[-74.91267,5.31963],[-74.91267,5.31963],[-74.91267,5.31963],[-74.91267,5.31963],[-74.91267,5.31963],[-74.91267,5.31963],[-74.91267,5.31963],[-74.91267,5.31963],[-74.91266,5.31963],[-74.91266,5.31963],[-74.91266,5.31963],[-74.91266,5.31963],[-74.91266,5.31963],[-74.91266,5.31963],[-74.91266,5.31963],[-74.91266,5.31963],[-74.91266,5.31963],[-74.91266,5.31962],[-74.91266,5.31962],[-74.91266,5.31962],[-74.91266,5.31962],[-74.91266,5.31962],[-74.91266,5.31962],[-74.91266,5.31962],[-74.91266,5.31962],[-74.91266,5.31962],[-74.91266,5.31962],[-74.91266,5.31962],[-74.91266,5.31962],[-74.91266,5.31962],[-74.91266,5.31962],[-74.91266,5.31962],[-74.91266,5.31962],[-74.91266,5.31962],[-74.91266,5.31962],[-74.91266,5.31962],[-74.91265,5.31962],[-74.91265,5.31962],[-74.91265,5.31962],[-74.91265,5.31962],[-74.91265,5.31962],[-74.91265,5.31962],[-74.91265,5.31962],[-74.91265,5.31961],[-74.91265,5.31961],[-74.91265,5.31961],[-74.91265,5.31961],[-74.91265,5.31961],[-74.91265,5.31961],[-74.91265,5.31961],[-74.91265,5.31961],[-74.91265,5.31961],[-74.91265,5.31961],[-74.91265,5.31961],[-74.91265,5.31961],[-74.91265,5.31961],[-74.91265,5.31961],[-74.91264,5.31961],[-74.91264,5.31961],[-74.91264,5.31961],[-74.91264,5.31961],[-74.91264,5.31961],[-74.91264,5.31961],[-74.91264,5.31961],[-74.91264,5.31961],[-74.91264,5.31961],[-74.91264,5.31961],[-74.91264,5.31961],[-74.91264,5.31961],[-74.91264,5.31961],[-74.91264,5.31961],[-74.91264,5.31961],[-74.91264,5.31961],[-74.91264,5.31961],[-74.91264,5.31961],[-74.91264,5.31961],[-74.91264,5.31961],[-74.91263,5.31961],[-74.91263,5.31961],[-74.91263,5.31961],[-74.91263,5.31961],[-74.91263,5.31961],[-74.91263,5.31961],[-74.91263,5.31961],[-74.91263,5.31961],[-74.91263,5.31961],[-74.91263,5.31961],[-74.91263,5.31961],[-74.91263,5.31961],[-74.91262,5.31961],[-74.91262,5.31961],[-74.91262,5.31961],[-74.91262,5.31961],[-74.91262,5.31961],[-74.91262,5.31961],[-74.91261,5.31961],[-74.91261,5.31961],[-74.91261,5.31961],[-74.9126,5.31961],[-74.9126,5.31961],[-74.9126,5.31961],[-74.9126,5.31961],[-74.91259,5.31961],[-74.91259,5.31961],[-74.91259,5.31961],[-74.91259,5.31961],[-74.91259,5.31961],[-74.91259,5.31961],[-74.91259,5.31961],[-74.91259,5.31961],[-74.91259,5.31961],[-74.91259,5.31961],[-74.91259,5.31961],[-74.91258,5.31961],[-74.91258,5.31961],[-74.91258,5.31961],[-74.91258,5.31961],[-74.91258,5.31961],[-74.91258,5.31961],[-74.91258,5.31961],[-74.91258,5.31961],[-74.91258,5.31961],[-74.91258,5.31961],[-74.91258,5.31961],[-74.91258,5.31961],[-74.91258,5.31961],[-74.91258,5.31961],[-74.91258,5.31961],[-74.91258,5.31961],[-74.91258,5.31961],[-74.91258,5.31961],[-74.91257,5.31961],[-74.91257,5.31961],[-74.91257,5.31961],[-74.91257,5.31961],[-74.91257,5.31961],[-74.91257,5.31961],[-74.91257,5.31961],[-74.91257,5.31961],[-74.91257,5.31961],[-74.91257,5.31961],[-74.91257,5.31961],[-74.91257,5.31961],[-74.91257,5.31961],[-74.91257,5.31961],[-74.91257,5.31961],[-74.91257,5.31961],[-74.91257,5.31961],[-74.91257,5.31961],[-74.91257,5.31961],[-74.91257,5.31961],[-74.91257,5.31961],[-74.91257,5.31962],[-74.91257,5.31962],[-74.91256,5.31962],[-74.91256,5.31962],[-74.91256,5.31962],[-74.91256,5.31962],[-74.91256,5.31962],[-74.91256,5.31962],[-74.91256,5.31962],[-74.91256,5.31962],[-74.91256,5.31962],[-74.91255,5.31962],[-74.91255,5.31962],[-74.91255,5.31962],[-74.91255,5.31962],[-74.91255,5.31961],[-74.91255,5.31961],[-74.91255,5.31961],[-74.91255,5.31961],[-74.91255,5.31961],[-74.91255,5.31961],[-74.91255,5.31961],[-74.91255,5.31961],[-74.91255,5.31961],[-74.91255,5.31961],[-74.91255,5.31961],[-74.91255,5.31961],[-74.91255,5.31961],[-74.91255,5.31961],[-74.91255,5.31961],[-74.91255,5.31961],[-74.91255,5.31961],[-74.91255,5.31961],[-74.91255,5.31961],[-74.91255,5.31961],[-74.91255,5.31961],[-74.91254,5.31961],[-74.91254,5.31961],[-74.91254,5.31961],[-74.91254,5.31961],[-74.91254,5.31961],[-74.91254,5.31961],[-74.91254,5.31961],[-74.91254,5.31961],[-74.91254,5.31961],[-74.91254,5.31961],[-74.91254,5.31961],[-74.91254,5.31961],[-74.91254,5.31961],[-74.91254,5.31961],[-74.91254,5.31961],[-74.91254,5.31962],[-74.91254,5.31962],[-74.91254,5.31962],[-74.91254,5.31962],[-74.91254,5.31962],[-74.91254,5.31962],[-74.91254,5.31962],[-74.91254,5.31962],[-74.91254,5.31962],[-74.91254,5.31962],[-74.91254,5.31962],[-74.91254,5.31962],[-74.91253,5.31962],[-74.91253,5.31962],[-74.91253,5.31962],[-74.91253,5.31962],[-74.91253,5.31962],[-74.91253,5.31962],[-74.91253,5.31962],[-74.91253,5.31962],[-74.91253,5.31962],[-74.91253,5.31963],[-74.91253,5.31963],[-74.91253,5.31963],[-74.91253,5.31963],[-74.91253,5.31963],[-74.91252,5.31963],[-74.91252,5.31963],[-74.91252,5.31963],[-74.91252,5.31963],[-74.91252,5.31963],[-74.91252,5.31963],[-74.91251,5.31963],[-74.91251,5.31963],[-74.91251,5.31963],[-74.91251,5.31963],[-74.91251,5.31963],[-74.91251,5.31963],[-74.91251,5.31963],[-74.91251,5.31963],[-74.91251,5.31963],[-74.91251,5.31963],[-74.9125,5.31963],[-74.9125,5.31963],[-74.9125,5.31963],[-74.9125,5.31963],[-74.9125,5.31963],[-74.9125,5.31963],[-74.9125,5.31963],[-74.9125,5.31963],[-74.9125,5.31963],[-74.9125,5.31963],[-74.9125,5.31963],[-74.9125,5.31963],[-74.9125,5.31963],[-74.9125,5.31963],[-74.9125,5.31963],[-74.9125,5.31963],[-74.91249,5.31963],[-74.91249,5.31963],[-74.91249,5.31963],[-74.91249,5.31963],[-74.91248,5.31963],[-74.91248,5.31963],[-74.91248,5.31963],[-74.91248,5.31963],[-74.91248,5.31963],[-74.91248,5.31963],[-74.91248,5.31964],[-74.91248,5.31964],[-74.91248,5.31964],[-74.91248,5.31964],[-74.91248,5.31964],[-74.91248,5.31964],[-74.91248,5.31964],[-74.91248,5.31964],[-74.91247,5.31964],[-74.91247,5.31964],[-74.91247,5.31964],[-74.91246,5.31964],[-74.91246,5.31964],[-74.91246,5.31964],[-74.91246,5.31964],[-74.91246,5.31964],[-74.91245,5.31964],[-74.91245,5.31964],[-74.91245,5.31964],[-74.91245,5.31964],[-74.91245,5.31964],[-74.91245,5.31964],[-74.91244,5.31964],[-74.91244,5.31964],[-74.91244,5.31964],[-74.91244,5.31964],[-74.91244,5.31964],[-74.91243,5.31964],[-74.91243,5.31964],[-74.91243,5.31964],[-74.91243,5.31964],[-74.91242,5.31964],[-74.91242,5.31964],[-74.91242,5.31964],[-74.91241,5.31964],[-74.91241,5.31964],[-74.91241,5.31964],[-74.91241,5.31964],[-74.91241,5.31964],[-74.91241,5.31964],[-74.91241,5.31964],[-74.91241,5.31964],[-74.91241,5.31964],[-74.91241,5.31964],[-74.9124,5.31963],[-74.9124,5.31963],[-74.9124,5.31963],[-74.9124,5.31963],[-74.9124,5.31963],[-74.9124,5.31963],[-74.9124,5.31963],[-74.9124,5.31963],[-74.9124,5.31963],[-74.9124,5.31963],[-74.9124,5.31963],[-74.9124,5.31963],[-74.9124,5.31963],[-74.9124,5.31963],[-74.9124,5.31963],[-74.9124,5.31963],[-74.9124,5.31963],[-74.91239,5.31963],[-74.91239,5.31963],[-74.91239,5.31963],[-74.91239,5.31963],[-74.91239,5.31963],[-74.91239,5.31963],[-74.91239,5.31963],[-74.91239,5.31963],[-74.91239,5.31963],[-74.91239,5.31963],[-74.91239,5.31963],[-74.91239,5.31963],[-74.91239,5.31962],[-74.91239,5.31962],[-74.91239,5.31962],[-74.91239,5.31962],[-74.91239,5.31962],[-74.91239,5.31962],[-74.91239,5.31962],[-74.91239,5.31962],[-74.91239,5.31962],[-74.91239,5.31962],[-74.91239,5.31962],[-74.91239,5.31962],[-74.91239,5.31962],[-74.91239,5.31962],[-74.91239,5.31962],[-74.91239,5.31962],[-74.91239,5.31962],[-74.91239,5.31962],[-74.91238,5.31962],[-74.91238,5.31962],[-74.91238,5.31962],[-74.91238,5.31962],[-74.91238,5.31962],[-74.91238,5.31962],[-74.91238,5.31962],[-74.91238,5.31962],[-74.91238,5.31962],[-74.91238,5.31962],[-74.91238,5.31962],[-74.91238,5.31962],[-74.91238,5.31962],[-74.91237,5.31962],[-74.91237,5.31962],[-74.91237,5.31962],[-74.91237,5.31962],[-74.91237,5.31962],[-74.91237,5.31962],[-74.91237,5.31962],[-74.91237,5.31962],[-74.91237,5.31962],[-74.91237,5.31962],[-74.91237,5.31962],[-74.91237,5.31962],[-74.91237,5.31962],[-74.91237,5.31962],[-74.91237,5.31962],[-74.91237,5.31962],[-74.91237,5.31962],[-74.91237,5.31962],[-74.91237,5.31962],[-74.91237,5.31961],[-74.91237,5.31961],[-74.91237,5.31961],[-74.91237,5.31961],[-74.91236,5.31961],[-74.91236,5.31961],[-74.91236,5.31961],[-74.91236,5.31961],[-74.91236,5.31961],[-74.91236,5.31961],[-74.91236,5.31961],[-74.91236,5.31961],[-74.91236,5.31961],[-74.91236,5.31961],[-74.91236,5.31961],[-74.91236,5.31961],[-74.91236,5.31961],[-74.91236,5.31961],[-74.91236,5.3196],[-74.91236,5.3196],[-74.91236,5.3196],[-74.91236,5.3196],[-74.91236,5.3196],[-74.91236,5.3196],[-74.91236,5.3196],[-74.91236,5.3196],[-74.91236,5.3196],[-74.91236,5.3196],[-74.91236,5.3196],[-74.91236,5.3196],[-74.91236,5.3196],[-74.91236,5.3196],[-74.91235,5.3196],[-74.91235,5.3196],[-74.91235,5.3196],[-74.91235,5.3196],[-74.91235,5.31959],[-74.91235,5.31959],[-74.91235,5.31959],[-74.91235,5.31959],[-74.91235,5.31959],[-74.91235,5.31959],[-74.91235,5.31959],[-74.91235,5.31959],[-74.91235,5.31959],[-74.91235,5.31959],[-74.91235,5.31959],[-74.91235,5.31959],[-74.91235,5.31959],[-74.91235,5.31959],[-74.91234,5.31959],[-74.91234,5.31959],[-74.91234,5.31959],[-74.91234,5.31959],[-74.91234,5.31959],[-74.91234,5.31959],[-74.91234,5.31959],[-74.91234,5.31959],[-74.91234,5.31959],[-74.91234,5.31959],[-74.91234,5.31959],[-74.91234,5.31959],[-74.91234,5.31958],[-74.91234,5.31958],[-74.91234,5.31958],[-74.91233,5.31958],[-74.91233,5.31958],[-74.91233,5.31958],[-74.91233,5.31958],[-74.91233,5.31958],[-74.91233,5.31958],[-74.91233,5.31958],[-74.91233,5.31958],[-74.91233,5.31958],[-74.91233,5.31958],[-74.91233,5.31958],[-74.91233,5.31958],[-74.91232,5.31958],[-74.91232,5.31958],[-74.91232,5.31958],[-74.91232,5.31958],[-74.91232,5.31958],[-74.91232,5.31958],[-74.91232,5.31958],[-74.91232,5.31958],[-74.91232,5.31958],[-74.91232,5.31958],[-74.91232,5.31958],[-74.91232,5.31959],[-74.91232,5.31959],[-74.91232,5.31959],[-74.91232,5.31959],[-74.91232,5.31959],[-74.91232,5.31959],[-74.91232,5.31959],[-74.91232,5.31959],[-74.91232,5.31959],[-74.91232,5.31959],[-74.91231,5.31959],[-74.91231,5.31959],[-74.91231,5.31959],[-74.91231,5.31959],[-74.91231,5.31959],[-74.91231,5.31959],[-74.91231,5.31959],[-74.91231,5.31959],[-74.91231,5.31959],[-74.91231,5.31959],[-74.9123,5.31959],[-74.9123,5.31959],[-74.9123,5.31959],[-74.9123,5.31959],[-74.9123,5.31959],[-74.9123,5.31959],[-74.9123,5.31959],[-74.9123,5.31959],[-74.9123,5.31959],[-74.9123,5.31959],[-74.9123,5.31959],[-74.9123,5.31958],[-74.9123,5.31958],[-74.9123,5.31958],[-74.91229,5.31958],[-74.91229,5.31958],[-74.91229,5.31958],[-74.91229,5.31958],[-74.91229,5.31958],[-74.91229,5.31958],[-74.91229,5.31958],[-74.91229,5.31958],[-74.91229,5.31958],[-74.91229,5.31958],[-74.91229,5.31958],[-74.91229,5.31958],[-74.91229,5.31958],[-74.91229,5.31958],[-74.91228,5.31958],[-74.91228,5.31958],[-74.91228,5.31958],[-74.91228,5.31958],[-74.91228,5.31958],[-74.91228,5.31958],[-74.91228,5.31958],[-74.91228,5.31958],[-74.91228,5.31958],[-74.91228,5.31958],[-74.91227,5.31958],[-74.91227,5.31958],[-74.91227,5.31958],[-74.91227,5.31958],[-74.91227,5.31958],[-74.91227,5.31958],[-74.91227,5.31958],[-74.91227,5.31957],[-74.91227,5.31957],[-74.91227,5.31957],[-74.91227,5.31957],[-74.91227,5.31957],[-74.91227,5.31957],[-74.91227,5.31957],[-74.91227,5.31957],[-74.91227,5.31957],[-74.91227,5.31957],[-74.91227,5.31957],[-74.91227,5.31957],[-74.91227,5.31957],[-74.91227,5.31957],[-74.91227,5.31957],[-74.91227,5.31957],[-74.91227,5.31957],[-74.91227,5.31957],[-74.91227,5.31957],[-74.91228,5.31956],[-74.91228,5.31956],[-74.91228,5.31956],[-74.91228,5.31956],[-74.91228,5.31956],[-74.91228,5.31956],[-74.91228,5.31956],[-74.91228,5.31956],[-74.91228,5.31956],[-74.91228,5.31956],[-74.91228,5.31956],[-74.91228,5.31956],[-74.91228,5.31956],[-74.91228,5.31956],[-74.91228,5.31956],[-74.91228,5.31956],[-74.91228,5.31956],[-74.91228,5.31956],[-74.91228,5.31956],[-74.91228,5.31956],[-74.91228,5.31956],[-74.91228,5.31956],[-74.91229,5.31957],[-74.91229,5.31957],[-74.91229,5.31957],[-74.91229,5.31957],[-74.91229,5.31957],[-74.91229,5.31957],[-74.91229,5.31957],[-74.91229,5.31957],[-74.91229,5.31957],[-74.91229,5.31957],[-74.91229,5.31957],[-74.91229,5.31957],[-74.91229,5.31957],[-74.91229,5.31957],[-74.91229,5.31957],[-74.91229,5.31957],[-74.91229,5.31957],[-74.91229,5.31957],[-74.91229,5.31957],[-74.91229,5.31957],[-74.91229,5.31957],[-74.91229,5.31957],[-74.91229,5.31957],[-74.91229,5.31957],[-74.91229,5.31957],[-74.91229,5.31957],[-74.91229,5.31957],[-74.91229,5.31956],[-74.9123,5.31956],[-74.9123,5.31956],[-74.9123,5.31956],[-74.9123,5.31956],[-74.9123,5.31956],[-74.9123,5.31956],[-74.9123,5.31956],[-74.9123,5.31956],[-74.9123,5.31956],[-74.9123,5.31956],[-74.9123,5.31956],[-74.9123,5.31956],[-74.9123,5.31956],[-74.91229,5.31956],[-74.91229,5.31956],[-74.91229,5.31956],[-74.91229,5.31956],[-74.91229,5.31956],[-74.91229,5.31956],[-74.91229,5.31956],[-74.91229,5.31956],[-74.91229,5.31956],[-74.91229,5.31956],[-74.91229,5.31956],[-74.91229,5.31956],[-74.91229,5.31956],[-74.91229,5.31956],[-74.91229,5.31956],[-74.91229,5.31956],[-74.91228,5.31956],[-74.91228,5.31955],[-74.91228,5.31955],[-74.91228,5.31955],[-74.91228,5.31955],[-74.91228,5.31955],[-74.91228,5.31955],[-74.91228,5.31955],[-74.91228,5.31955],[-74.91225,5.31947],[-74.91218,5.31938],[-74.91218,5.31938],[-74.91218,5.31938],[-74.91218,5.31938],[-74.91218,5.31938],[-74.91218,5.31938],[-74.91218,5.31938],[-74.91218,5.31938],[-74.91218,5.31938],[-74.91218,5.31938],[-74.91218,5.31938],[-74.91218,5.31938],[-74.91218,5.31938],[-74.91218,5.31937],[-74.91218,5.31937],[-74.91218,5.31937],[-74.91218,5.31937],[-74.91218,5.31937],[-74.91218,5.31937],[-74.91218,5.31937],[-74.91218,5.31936],[-74.91218,5.31936],[-74.91218,5.31936],[-74.91218,5.31936],[-74.91218,5.31935],[-74.91218,5.31935],[-74.91218,5.31935],[-74.91218,5.31935],[-74.91218,5.31935],[-74.91218,5.31935],[-74.91218,5.31935],[-74.91218,5.31934],[-74.91218,5.31934],[-74.91218,5.31934],[-74.91218,5.31934],[-74.91218,5.31934],[-74.91218,5.31934],[-74.91218,5.31934],[-74.91218,5.31934],[-74.91218,5.31933],[-74.91218,5.31933],[-74.91218,5.31933],[-74.91218,5.31933],[-74.91218,5.31933],[-74.91218,5.31933],[-74.91218,5.31933],[-74.91218,5.31933],[-74.91218,5.31933],[-74.91218,5.31933],[-74.91218,5.31933],[-74.91218,5.31932],[-74.91218,5.31932],[-74.91218,5.31932],[-74.91218,5.31932],[-74.91218,5.31932],[-74.91218,5.31932],[-74.91218,5.31932],[-74.91218,5.31932],[-74.91218,5.31932],[-74.91218,5.31932],[-74.91218,5.31932],[-74.91218,5.31932],[-74.91218,5.31931],[-74.91218,5.31931],[-74.91218,5.31931],[-74.91218,5.31931],[-74.91218,5.31931],[-74.91218,5.31931],[-74.91218,5.31931],[-74.91218,5.31931],[-74.91218,5.31931],[-74.91218,5.31931],[-74.91217,5.31931],[-74.91217,5.31931],[-74.91217,5.31931],[-74.91217,5.31931],[-74.91217,5.31931],[-74.91217,5.31931],[-74.91217,5.31931],[-74.91217,5.31931],[-74.91217,5.31931],[-74.91217,5.31931],[-74.91217,5.31931],[-74.91217,5.31931],[-74.91217,5.31931],[-74.91217,5.31931],[-74.91217,5.31931],[-74.91217,5.31932],[-74.91217,5.31932],[-74.91217,5.31932],[-74.91217,5.31932],[-74.91217,5.31932],[-74.91217,5.31932],[-74.91217,5.31932],[-74.91217,5.31932],[-74.91217,5.31932],[-74.91216,5.31932],[-74.91216,5.31932],[-74.91216,5.31932],[-74.91216,5.31932],[-74.91216,5.31932],[-74.91216,5.31932],[-74.91216,5.31932],[-74.91216,5.31932],[-74.91216,5.31932],[-74.91216,5.31932],[-74.91216,5.31932],[-74.91216,5.31932],[-74.91216,5.31932],[-74.91216,5.31932],[-74.91216,5.31932],[-74.91216,5.31932],[-74.91216,5.31932],[-74.91216,5.31932],[-74.91216,5.31932],[-74.91216,5.31932],[-74.91216,5.31932],[-74.91216,5.31932],[-74.91216,5.31932],[-74.91215,5.31932],[-74.91215,5.31932],[-74.91215,5.31932],[-74.91215,5.31932],[-74.91215,5.31933],[-74.91215,5.31933],[-74.91215,5.31933],[-74.91215,5.31933],[-74.91215,5.31933],[-74.91215,5.31933],[-74.91215,5.31933],[-74.91215,5.31933],[-74.91215,5.31933],[-74.91215,5.31933],[-74.91215,5.31933],[-74.91215,5.31933],[-74.91215,5.31933],[-74.91215,5.31933],[-74.91215,5.31933],[-74.91215,5.31933],[-74.91215,5.31933],[-74.91215,5.31933],[-74.91215,5.31933],[-74.91215,5.31933],[-74.91215,5.31933],[-74.91214,5.31933],[-74.91214,5.31933],[-74.91214,5.31933],[-74.91214,5.31933],[-74.91214,5.31933],[-74.91214,5.31933],[-74.91214,5.31933],[-74.91214,5.31933],[-74.91214,5.31933],[-74.91214,5.31933],[-74.91214,5.31933],[-74.91214,5.31933],[-74.91214,5.31933],[-74.91214,5.31933],[-74.91214,5.31933],[-74.91214,5.31933],[-74.91214,5.31933],[-74.91214,5.31933],[-74.91214,5.31933],[-74.91214,5.31933],[-74.91214,5.31933],[-74.91214,5.31933],[-74.91214,5.31933],[-74.91214,5.31933],[-74.91214,5.31933],[-74.91214,5.31933],[-74.91214,5.31933],[-74.91214,5.31933],[-74.91214,5.31933],[-74.91214,5.31933],[-74.91214,5.31933],[-74.91214,5.31934],[-74.91214,5.31934],[-74.91214,5.31934],[-74.91214,5.31934],[-74.91214,5.31934],[-74.91214,5.31934],[-74.91214,5.31934],[-74.91214,5.31934],[-74.91214,5.31934],[-74.91214,5.31934],[-74.91214,5.31934],[-74.91214,5.31934],[-74.91214,5.31934],[-74.91214,5.31935],[-74.91214,5.31935],[-74.91214,5.31935],[-74.91214,5.31935],[-74.91214,5.31935],[-74.91214,5.31935],[-74.91215,5.31935],[-74.91215,5.31935],[-74.91215,5.31935],[-74.91215,5.31935],[-74.91215,5.31935],[-74.91215,5.31935],[-74.91215,5.31935],[-74.91215,5.31935],[-74.91215,5.31935],[-74.91215,5.31935],[-74.91215,5.31935],[-74.91215,5.31935],[-74.91215,5.31935],[-74.91215,5.31935],[-74.91215,5.31935],[-74.91215,5.31935],[-74.91215,5.31935],[-74.91215,5.31935],[-74.91215,5.31935],[-74.91215,5.31935],[-74.91215,5.31935],[-74.91215,5.31935],[-74.91215,5.31935],[-74.91215,5.31935],[-74.91215,5.31935],[-74.91215,5.31935],[-74.91215,5.31935],[-74.91215,5.31935],[-74.91215,5.31935],[-74.91215,5.31935],[-74.91215,5.31935],[-74.91215,5.31935],[-74.91215,5.31935],[-74.91215,5.31935],[-74.91216,5.31935],[-74.91216,5.31936],[-74.91216,5.31936],[-74.91216,5.31936],[-74.91216,5.31936],[-74.91216,5.31936],[-74.91216,5.31936],[-74.91216,5.31937],[-74.91216,5.31937],[-74.91216,5.31937],[-74.91216,5.31937],[-74.91216,5.31937],[-74.91216,5.31938],[-74.91216,5.31938],[-74.91216,5.31938],[-74.91215,5.31938],[-74.91215,5.31938],[-74.91215,5.31938],[-74.91215,5.31938],[-74.91215,5.31938],[-74.91215,5.31938],[-74.91215,5.31938],[-74.91215,5.31938],[-74.91215,5.31938],[-74.91215,5.31938],[-74.91215,5.31938],[-74.91215,5.31938],[-74.91215,5.31938],[-74.91215,5.31938],[-74.91215,5.31938],[-74.91215,5.31938],[-74.91215,5.31938],[-74.91215,5.31938],[-74.91215,5.31938],[-74.91215,5.31938],[-74.91215,5.31938],[-74.91215,5.31938],[-74.91215,5.31938],[-74.91215,5.31938],[-74.91215,5.31938],[-74.91215,5.31938],[-74.91215,5.31938],[-74.91215,5.31938],[-74.91215,5.31938],[-74.91215,5.31938],[-74.91215,5.31938],[-74.91214,5.31938],[-74.91214,5.31938],[-74.91214,5.31938],[-74.91214,5.31938],[-74.91214,5.31938],[-74.91214,5.31938],[-74.91214,5.31938],[-74.91214,5.31938],[-74.91214,5.31938],[-74.91214,5.31938],[-74.91214,5.31938],[-74.91214,5.31938],[-74.91214,5.31938],[-74.91214,5.31939],[-74.91214,5.31939],[-74.91214,5.31939],[-74.91214,5.31939],[-74.91214,5.31939],[-74.91214,5.31939],[-74.91214,5.31939],[-74.91214,5.31939],[-74.91214,5.31939],[-74.91213,5.31938],[-74.91213,5.31938],[-74.91213,5.31938],[-74.91213,5.31938],[-74.91213,5.31938],[-74.91213,5.31938],[-74.91213,5.31938],[-74.91213,5.31938],[-74.91213,5.31938],[-74.91213,5.31938],[-74.91213,5.31938],[-74.91213,5.31938],[-74.91213,5.31938],[-74.91213,5.31938],[-74.91213,5.31938],[-74.91213,5.31938],[-74.91213,5.31938],[-74.91213,5.31938],[-74.91213,5.31938],[-74.91213,5.31938],[-74.91213,5.31938],[-74.91213,5.31938],[-74.91213,5.31938],[-74.91213,5.31938],[-74.91213,5.31938],[-74.91213,5.31938],[-74.91213,5.31938],[-74.91213,5.31938],[-74.91213,5.31938],[-74.91213,5.31938],[-74.91213,5.31938],[-74.91213,5.31938],[-74.91213,5.31938],[-74.91213,5.31938],[-74.91213,5.31938],[-74.91213,5.31938],[-74.91213,5.31938],[-74.91213,5.31937],[-74.91213,5.31937],[-74.91213,5.31937],[-74.91213,5.31937],[-74.91213,5.31937],[-74.91213,5.31937],[-74.91213,5.31937],[-74.91213,5.31937],[-74.91213,5.31937],[-74.91213,5.31937],[-74.91213,5.31937],[-74.91213,5.31937],[-74.91213,5.31937],[-74.91213,5.31937],[-74.91213,5.31938],[-74.91213,5.31938],[-74.91213,5.31938],[-74.91213,5.31938],[-74.91213,5.31938],[-74.91213,5.31938],[-74.91213,5.31938],[-74.91213,5.31938],[-74.91213,5.31937],[-74.91213,5.31937],[-74.91213,5.31937],[-74.91213,5.31937],[-74.91213,5.31934],[-74.91213,5.31933],[-74.91213,5.31933],[-74.91213,5.31933],[-74.91213,5.31933],[-74.91213,5.31933],[-74.91213,5.31933],[-74.91213,5.31933],[-74.91213,5.31933],[-74.91213,5.31933],[-74.91213,5.31933],[-74.91213,5.31933],[-74.91213,5.31933],[-74.91213,5.31933],[-74.91213,5.31933],[-74.91213,5.31933],[-74.91213,5.31933],[-74.91213,5.31933],[-74.91213,5.31933],[-74.91213,5.31933],[-74.91213,5.31933],[-74.91213,5.31933],[-74.91213,5.31933],[-74.91213,5.31933],[-74.91213,5.31933],[-74.91213,5.31933],[-74.91213,5.31933],[-74.91213,5.31933],[-74.91213,5.31933],[-74.91213,5.31933],[-74.91213,5.31933],[-74.91213,5.31933],[-74.91213,5.31933],[-74.91213,5.31933],[-74.91213,5.31932],[-74.91213,5.31932],[-74.91213,5.31932],[-74.91213,5.31932],[-74.91212,5.31932],[-74.91212,5.31931],[-74.91212,5.31931],[-74.91212,5.31931],[-74.91212,5.31931],[-74.91212,5.31931],[-74.91212,5.31931],[-74.91212,5.31931],[-74.91212,5.31931],[-74.91212,5.31931],[-74.91212,5.31931],[-74.91212,5.31931],[-74.91212,5.31931],[-74.91212,5.31931],[-74.91212,5.31931],[-74.91212,5.31931],[-74.91212,5.31931],[-74.91212,5.31931],[-74.91212,5.31931],[-74.91212,5.31931],[-74.91212,5.31931],[-74.91212,5.3193],[-74.91212,5.3193],[-74.91212,5.3193],[-74.91212,5.3193],[-74.91212,5.3193],[-74.91211,5.3193],[-74.91211,5.3193],[-74.91211,5.3193],[-74.91211,5.3193],[-74.91211,5.3193],[-74.91211,5.3193],[-74.91211,5.3193],[-74.91211,5.3193],[-74.91211,5.3193],[-74.91211,5.3193],[-74.91211,5.3193],[-74.91211,5.3193],[-74.91211,5.3193],[-74.91211,5.3193],[-74.91211,5.3193],[-74.91211,5.3193],[-74.9121,5.3193],[-74.9121,5.3193],[-74.9121,5.3193],[-74.9121,5.3193],[-74.9121,5.3193],[-74.9121,5.3193],[-74.9121,5.3193],[-74.9121,5.3193],[-74.9121,5.3193],[-74.9121,5.3193],[-74.9121,5.3193],[-74.9121,5.3193],[-74.9121,5.31929],[-74.9121,5.31929],[-74.9121,5.31929],[-74.9121,5.31929],[-74.9121,5.31929],[-74.9121,5.31929],[-74.9121,5.31929],[-74.9121,5.31929],[-74.91209,5.31929],[-74.91209,5.31929],[-74.91209,5.31929],[-74.91209,5.31929],[-74.91209,5.31929],[-74.91209,5.31929],[-74.91209,5.31929],[-74.91209,5.31929],[-74.91209,5.31929],[-74.91209,5.31929],[-74.91209,5.31929],[-74.91209,5.31928],[-74.91209,5.31928],[-74.91209,5.31928],[-74.91209,5.31928],[-74.91209,5.31928],[-74.91209,5.31928],[-74.91209,5.31927],[-74.91209,5.31927],[-74.91209,5.31927],[-74.91209,5.31927],[-74.91209,5.31927],[-74.91209,5.31927],[-74.91209,5.31927],[-74.91209,5.31927],[-74.91209,5.31927],[-74.91209,5.31927],[-74.91209,5.31927],[-74.91209,5.31927],[-74.91209,5.31927],[-74.91209,5.31927],[-74.91209,5.31927],[-74.91209,5.31927],[-74.91209,5.31927],[-74.91209,5.31927],[-74.91209,5.31927],[-74.91209,5.31927],[-74.91208,5.31927],[-74.91208,5.31927],[-74.91208,5.31927],[-74.91208,5.31926],[-74.91208,5.31926],[-74.91208,5.31926],[-74.91208,5.31926],[-74.91208,5.31926],[-74.91208,5.31926],[-74.91208,5.31926],[-74.91208,5.31926],[-74.91208,5.31926],[-74.91208,5.31926],[-74.91208,5.31926],[-74.91208,5.31926],[-74.91208,5.31926],[-74.91208,5.31925],[-74.91208,5.31925],[-74.91208,5.31925],[-74.91208,5.31925],[-74.91208,5.31925],[-74.91208,5.31925],[-74.91208,5.31925],[-74.91208,5.31925],[-74.91208,5.31924],[-74.91208,5.31924],[-74.91208,5.31924],[-74.91208,5.31924],[-74.91208,5.31924],[-74.91208,5.31924],[-74.91208,5.31924],[-74.91208,5.31924],[-74.91208,5.31924],[-74.91208,5.31924],[-74.91208,5.31924],[-74.91208,5.31924],[-74.91208,5.31924],[-74.91208,5.31924],[-74.91208,5.31924],[-74.91207,5.31924],[-74.91207,5.31924],[-74.91207,5.31924],[-74.91207,5.31924],[-74.91207,5.31924],[-74.91207,5.31924],[-74.91207,5.31924],[-74.91207,5.31924],[-74.91207,5.31924],[-74.91207,5.31924],[-74.91207,5.31924],[-74.91207,5.31924],[-74.91207,5.31924],[-74.91207,5.31923],[-74.91207,5.31923],[-74.91207,5.31923],[-74.91207,5.31923],[-74.91207,5.31923],[-74.91207,5.31923],[-74.91207,5.31922],[-74.91207,5.31922],[-74.91207,5.31922],[-74.91207,5.31922],[-74.91207,5.31922],[-74.91207,5.31922],[-74.91207,5.31922],[-74.91207,5.31922],[-74.91207,5.31922],[-74.91207,5.31922],[-74.91207,5.31922],[-74.91207,5.31922],[-74.91207,5.31922],[-74.91207,5.31922],[-74.91207,5.31922],[-74.91207,5.31922],[-74.91207,5.31922],[-74.91207,5.31922],[-74.91207,5.31922],[-74.91207,5.31921],[-74.91207,5.31921],[-74.91207,5.31921],[-74.91207,5.31921],[-74.91207,5.31921],[-74.91207,5.3192],[-74.91207,5.3192],[-74.91207,5.3192],[-74.91207,5.3192],[-74.91207,5.3192],[-74.91207,5.3192],[-74.91207,5.3192],[-74.91207,5.3192],[-74.91207,5.3192],[-74.91207,5.3192],[-74.91207,5.3192],[-74.91207,5.3192],[-74.91207,5.3192],[-74.91207,5.31919],[-74.91207,5.31919],[-74.91207,5.31919],[-74.91207,5.31919],[-74.91207,5.31919],[-74.91207,5.31919],[-74.91207,5.31919],[-74.91207,5.31919],[-74.91207,5.31919],[-74.91207,5.31919],[-74.91207,5.31919],[-74.91207,5.31919],[-74.91207,5.31919],[-74.91207,5.31919],[-74.91207,5.31919],[-74.91207,5.31919],[-74.91207,5.31919],[-74.91207,5.31919],[-74.91207,5.31919],[-74.91207,5.31919],[-74.91207,5.31919],[-74.91207,5.31918],[-74.91207,5.31918],[-74.91207,5.31918],[-74.91207,5.31918],[-74.91207,5.31918],[-74.91207,5.31918],[-74.91207,5.31918],[-74.91207,5.31918],[-74.91206,5.31918],[-74.91206,5.31918],[-74.91206,5.31918],[-74.91206,5.31918],[-74.91206,5.31918],[-74.91206,5.31918],[-74.91206,5.31918],[-74.91206,5.31918],[-74.91206,5.31918],[-74.91206,5.31918],[-74.91206,5.31918],[-74.91206,5.31918],[-74.91206,5.31918],[-74.91206,5.31918],[-74.91206,5.31918],[-74.91206,5.31918],[-74.91206,5.31918],[-74.91205,5.31918],[-74.91205,5.31918],[-74.91205,5.31917],[-74.91205,5.31917],[-74.91205,5.31917],[-74.91205,5.31917],[-74.91205,5.31917],[-74.91205,5.31917],[-74.91205,5.31917],[-74.91205,5.31917],[-74.91205,5.31917],[-74.91205,5.31917],[-74.91205,5.31917],[-74.91205,5.31917],[-74.91205,5.31917],[-74.91204,5.31917],[-74.91204,5.31917],[-74.91204,5.31917],[-74.91204,5.31917],[-74.91204,5.31917],[-74.91204,5.31917],[-74.91204,5.31917],[-74.91204,5.31917],[-74.91204,5.31917],[-74.91204,5.31917],[-74.91204,5.31917],[-74.91204,5.31917],[-74.91204,5.31917],[-74.91204,5.31917],[-74.91204,5.31917],[-74.91204,5.31917],[-74.91203,5.31917],[-74.91203,5.31917],[-74.91203,5.31917],[-74.91202,5.31917],[-74.91202,5.31917],[-74.91202,5.31917],[-74.91202,5.31917],[-74.91202,5.31917],[-74.91201,5.31917],[-74.91201,5.31917],[-74.91201,5.31917],[-74.91201,5.31917],[-74.91201,5.31917],[-74.91201,5.31917],[-74.91201,5.31916],[-74.91201,5.31916],[-74.91201,5.31916],[-74.91201,5.31916],[-74.91201,5.31916],[-74.912,5.31916],[-74.912,5.31916],[-74.912,5.31916],[-74.912,5.31916],[-74.912,5.31916],[-74.912,5.31916],[-74.912,5.31916],[-74.912,5.31916],[-74.912,5.31916],[-74.912,5.31916],[-74.912,5.31916],[-74.912,5.31916],[-74.912,5.31916],[-74.912,5.31916],[-74.912,5.31916],[-74.912,5.31916],[-74.912,5.31916],[-74.912,5.31916],[-74.912,5.31916],[-74.912,5.31916],[-74.91199,5.31916],[-74.91199,5.31916],[-74.91199,5.31916],[-74.91199,5.31916],[-74.91199,5.31916],[-74.91199,5.31915],[-74.91199,5.31915],[-74.91199,5.31915],[-74.91199,5.31915],[-74.91199,5.31915],[-74.91199,5.31915],[-74.91199,5.31915],[-74.91199,5.31915],[-74.91199,5.31915],[-74.91199,5.31915],[-74.91199,5.31915],[-74.91199,5.31915],[-74.91199,5.31915],[-74.91199,5.31915],[-74.91199,5.31915],[-74.91199,5.31915],[-74.91199,5.31915],[-74.91199,5.31915],[-74.91199,5.31915],[-74.91199,5.31915],[-74.91199,5.31915],[-74.91199,5.31914],[-74.91198,5.31914],[-74.91198,5.31914],[-74.91198,5.31914],[-74.91198,5.31914],[-74.91198,5.31914],[-74.91198,5.31914],[-74.91198,5.31914],[-74.91198,5.31914],[-74.91198,5.31914],[-74.91198,5.31914],[-74.91198,5.31914],[-74.91198,5.31914],[-74.91198,5.31914],[-74.91198,5.31914],[-74.91198,5.31913],[-74.91198,5.31913],[-74.91198,5.31913],[-74.91198,5.31913],[-74.91198,5.31913],[-74.91198,5.31913],[-74.91198,5.31913],[-74.91198,5.31913],[-74.91198,5.31913],[-74.91198,5.31913],[-74.91198,5.31913],[-74.91198,5.31913],[-74.91198,5.31913],[-74.91198,5.31913],[-74.91198,5.31913],[-74.91198,5.31913],[-74.91198,5.31913],[-74.91198,5.31913],[-74.91197,5.31913],[-74.91197,5.31913],[-74.91197,5.31913],[-74.91197,5.31912],[-74.91197,5.31912],[-74.91197,5.31912],[-74.91197,5.31912],[-74.91197,5.31912],[-74.91197,5.31912],[-74.91197,5.31911],[-74.91197,5.31911],[-74.91197,5.31911],[-74.91197,5.31911],[-74.91197,5.3191],[-74.91197,5.3191],[-74.91197,5.3191],[-74.91197,5.31909],[-74.91197,5.31909],[-74.91197,5.31909],[-74.91197,5.31909],[-74.91197,5.31909],[-74.91197,5.31909],[-74.91197,5.31909],[-74.91197,5.31909],[-74.91197,5.31909],[-74.91197,5.31909],[-74.91197,5.31908],[-74.91197,5.31908],[-74.91197,5.31908],[-74.91197,5.31908],[-74.91197,5.31908],[-74.91197,5.31908],[-74.91197,5.31908],[-74.91197,5.31908],[-74.91197,5.31908],[-74.91197,5.31908],[-74.91197,5.31908],[-74.91197,5.31908],[-74.91197,5.31908],[-74.91197,5.31908],[-74.91197,5.31907],[-74.91197,5.31907],[-74.91197,5.31907],[-74.91197,5.31907],[-74.91197,5.31907],[-74.91197,5.31907],[-74.91197,5.31907],[-74.91197,5.31907],[-74.91197,5.31907],[-74.91197,5.31907],[-74.91197,5.31907],[-74.91197,5.31907],[-74.91197,5.31907],[-74.91197,5.31907],[-74.91197,5.31907],[-74.91196,5.31907],[-74.91196,5.31907],[-74.91196,5.31907],[-74.91196,5.31907],[-74.91196,5.31906],[-74.91196,5.31906],[-74.91196,5.31906],[-74.91196,5.31906],[-74.91196,5.31906],[-74.91196,5.31906],[-74.91196,5.31906],[-74.91196,5.31906],[-74.91196,5.31906],[-74.91196,5.31906],[-74.91196,5.31906],[-74.91196,5.31906],[-74.91196,5.31906],[-74.91196,5.31906],[-74.91196,5.31906],[-74.91195,5.31906],[-74.91195,5.31906],[-74.91195,5.31906],[-74.91195,5.31906],[-74.91195,5.31906],[-74.91195,5.31906],[-74.91195,5.31906],[-74.91195,5.31906],[-74.91195,5.31906],[-74.91195,5.31906],[-74.91195,5.31906],[-74.91195,5.31906],[-74.91195,5.31906],[-74.91195,5.31906],[-74.91194,5.31906],[-74.91194,5.31906],[-74.91194,5.31905],[-74.91194,5.31905],[-74.91194,5.31905],[-74.91194,5.31905],[-74.91194,5.31905],[-74.91194,5.31905],[-74.91194,5.31905],[-74.91194,5.31905],[-74.91194,5.31905],[-74.91194,5.31905],[-74.91194,5.31905],[-74.91194,5.31905],[-74.91194,5.31905],[-74.91194,5.31905],[-74.91194,5.31905],[-74.91194,5.31905],[-74.91194,5.31905],[-74.91194,5.31905],[-74.91194,5.31905],[-74.91194,5.31905],[-74.91194,5.31905],[-74.91193,5.31905],[-74.91193,5.31905],[-74.91193,5.31905],[-74.91193,5.31905],[-74.91193,5.31905],[-74.91193,5.31906],[-74.91193,5.31906],[-74.91193,5.31906],[-74.91193,5.31906],[-74.91193,5.31906],[-74.91193,5.31906],[-74.91193,5.31906],[-74.91193,5.31906],[-74.91193,5.31906],[-74.91193,5.31906],[-74.91193,5.31906],[-74.91193,5.31906],[-74.91193,5.31906],[-74.91193,5.31906],[-74.91193,5.31906],[-74.91193,5.31906],[-74.91193,5.31906],[-74.91193,5.31906],[-74.91193,5.31905],[-74.91193,5.31905],[-74.91193,5.31905],[-74.91193,5.31905],[-74.91193,5.31905],[-74.91193,5.31905],[-74.91193,5.31904],[-74.91193,5.31904],[-74.91193,5.31904],[-74.91193,5.31904],[-74.91193,5.31904],[-74.91192,5.31904],[-74.91192,5.31904],[-74.91192,5.31904],[-74.91192,5.31904],[-74.91192,5.31904],[-74.91192,5.31904],[-74.91192,5.31904],[-74.91192,5.31904],[-74.91192,5.31904],[-74.91192,5.31904],[-74.91192,5.31904],[-74.91192,5.31904],[-74.91192,5.31904],[-74.91192,5.31904],[-74.91192,5.31904],[-74.91192,5.31904],[-74.91192,5.31904],[-74.91192,5.31904],[-74.91192,5.31903],[-74.91192,5.31903],[-74.91192,5.31903],[-74.91192,5.31903],[-74.91191,5.31903],[-74.91191,5.31903],[-74.91191,5.31903],[-74.91191,5.31903],[-74.91191,5.31903],[-74.91191,5.31903],[-74.91191,5.31903],[-74.91191,5.31903],[-74.91191,5.31903],[-74.91191,5.31903],[-74.91191,5.31903],[-74.91191,5.31903],[-74.91191,5.31902],[-74.91191,5.31902],[-74.91191,5.31902],[-74.91191,5.31901],[-74.91191,5.31901],[-74.91191,5.31901],[-74.91191,5.31901],[-74.91191,5.31901],[-74.91191,5.31901],[-74.91191,5.31901],[-74.91191,5.31901],[-74.91191,5.31901],[-74.91191,5.31901],[-74.91191,5.31901],[-74.91191,5.31901],[-74.91191,5.319],[-74.91191,5.319],[-74.91191,5.319],[-74.91191,5.319],[-74.91191,5.319],[-74.91191,5.319],[-74.91191,5.319],[-74.91191,5.319],[-74.9119,5.319],[-74.9119,5.319],[-74.9119,5.319],[-74.9119,5.319],[-74.9119,5.319],[-74.9119,5.319],[-74.9119,5.319],[-74.9119,5.319],[-74.9119,5.319],[-74.9119,5.319],[-74.9119,5.319],[-74.9119,5.319],[-74.9119,5.319],[-74.9119,5.319],[-74.9119,5.31899],[-74.9119,5.31899],[-74.9119,5.31899],[-74.9119,5.31899],[-74.9119,5.31899],[-74.9119,5.31899],[-74.9119,5.31899],[-74.91189,5.31899],[-74.91189,5.31899],[-74.91189,5.31899],[-74.91189,5.31899],[-74.91189,5.31899],[-74.91189,5.31899],[-74.91189,5.31899],[-74.91189,5.31899],[-74.91189,5.31899],[-74.91189,5.31899],[-74.91189,5.31899],[-74.91189,5.31899],[-74.91189,5.31899],[-74.91189,5.31899],[-74.91189,5.31899],[-74.91189,5.31899],[-74.91189,5.31899],[-74.91189,5.31899],[-74.91189,5.31899],[-74.91189,5.31899],[-74.91189,5.31899],[-74.91188,5.31899],[-74.91188,5.31899],[-74.91188,5.31899],[-74.91188,5.31899],[-74.91188,5.31899],[-74.91188,5.31899],[-74.91188,5.31899],[-74.91188,5.31899],[-74.91188,5.31899],[-74.91188,5.31898],[-74.91188,5.31898],[-74.91188,5.31898],[-74.91188,5.31898],[-74.91188,5.31898],[-74.91188,5.31898],[-74.91188,5.31898],[-74.91188,5.31898],[-74.91188,5.31898],[-74.91188,5.31898],[-74.91188,5.31898],[-74.91188,5.31898],[-74.91188,5.31898],[-74.91187,5.31898],[-74.91187,5.31898],[-74.91187,5.31898],[-74.91187,5.31898],[-74.91187,5.31898],[-74.91187,5.31898],[-74.91187,5.31898],[-74.91187,5.31898],[-74.91187,5.31898],[-74.91187,5.31898],[-74.91187,5.31898],[-74.91187,5.31897],[-74.91187,5.31897],[-74.91187,5.31897],[-74.91187,5.31897],[-74.91187,5.31897],[-74.91187,5.31897],[-74.91187,5.31897],[-74.91187,5.31897],[-74.91187,5.31897],[-74.91187,5.31897],[-74.91187,5.31897],[-74.91187,5.31897],[-74.91186,5.31897],[-74.91186,5.31897],[-74.91186,5.31897],[-74.91186,5.31897],[-74.91186,5.31897],[-74.91186,5.31897],[-74.91186,5.31897],[-74.91186,5.31897],[-74.91186,5.31897],[-74.91186,5.31897],[-74.91186,5.31896],[-74.91186,5.31896],[-74.91186,5.31896],[-74.91186,5.31896],[-74.91186,5.31896],[-74.91186,5.31896],[-74.91186,5.31896],[-74.91186,5.31896],[-74.91186,5.31896],[-74.91186,5.31896],[-74.91186,5.31896],[-74.91186,5.31896],[-74.91186,5.31896],[-74.91186,5.31896],[-74.91186,5.31896],[-74.91185,5.31896],[-74.91185,5.31896],[-74.91185,5.31896],[-74.91185,5.31896],[-74.91185,5.31896],[-74.91185,5.31896],[-74.91185,5.31896],[-74.91185,5.31896],[-74.91185,5.31896],[-74.91185,5.31896],[-74.91185,5.31896],[-74.91185,5.31896],[-74.91185,5.31896],[-74.91185,5.31895],[-74.91185,5.31895],[-74.91185,5.31895],[-74.91185,5.31895],[-74.91185,5.31895],[-74.91185,5.31895],[-74.91184,5.31895],[-74.91184,5.31895],[-74.91184,5.31895],[-74.91184,5.31895],[-74.91184,5.31895],[-74.91184,5.31895],[-74.91184,5.31895],[-74.91184,5.31895],[-74.91184,5.31895],[-74.91184,5.31895],[-74.91184,5.31895],[-74.91184,5.31895],[-74.91184,5.31895],[-74.91184,5.31895],[-74.91184,5.31895],[-74.91183,5.31895],[-74.91183,5.31895],[-74.91183,5.31895],[-74.91183,5.31895],[-74.91183,5.31895],[-74.91183,5.31895],[-74.91183,5.31895],[-74.91183,5.31894],[-74.91183,5.31894],[-74.91183,5.31894],[-74.91183,5.31894],[-74.91183,5.31894],[-74.91183,5.31894],[-74.91183,5.31894],[-74.91183,5.31894],[-74.91183,5.31894],[-74.91183,5.31894],[-74.91183,5.31894],[-74.91183,5.31894],[-74.91183,5.31894],[-74.91182,5.31894],[-74.91182,5.31894],[-74.91182,5.31894],[-74.91182,5.31894],[-74.91182,5.31894],[-74.91182,5.31894],[-74.91182,5.31894],[-74.91182,5.31893],[-74.91182,5.31893],[-74.91182,5.31893],[-74.91182,5.31893],[-74.91182,5.31893],[-74.91182,5.31893],[-74.91182,5.31893],[-74.91182,5.31893],[-74.91182,5.31893],[-74.91182,5.31893],[-74.91182,5.31893],[-74.91182,5.31893],[-74.91182,5.31893],[-74.91182,5.31893],[-74.91182,5.31893],[-74.91182,5.31893],[-74.91182,5.31893],[-74.91182,5.31893],[-74.91182,5.31893],[-74.91181,5.31893],[-74.91181,5.31893],[-74.91181,5.31893],[-74.91181,5.31893],[-74.91181,5.31893],[-74.91181,5.31892],[-74.91181,5.31892],[-74.91181,5.31892],[-74.91181,5.31892],[-74.91181,5.31892],[-74.91181,5.31892],[-74.91181,5.31892],[-74.91181,5.31892],[-74.91181,5.31892],[-74.91181,5.31892],[-74.91181,5.31892],[-74.91181,5.31892],[-74.91181,5.31892],[-74.91181,5.31892],[-74.9118,5.31892],[-74.9118,5.31892],[-74.9118,5.31892],[-74.9118,5.31892],[-74.9118,5.31892],[-74.9118,5.31892],[-74.9118,5.31892],[-74.9118,5.31892],[-74.9118,5.31892],[-74.9118,5.31892],[-74.9118,5.31891],[-74.9118,5.31891],[-74.9118,5.31891],[-74.9118,5.31891],[-74.9118,5.31891],[-74.9118,5.31891],[-74.9118,5.31891],[-74.9118,5.31891],[-74.9118,5.31891],[-74.9118,5.31891],[-74.91179,5.31891],[-74.91179,5.31891],[-74.91179,5.31891],[-74.91179,5.31891],[-74.91179,5.31891],[-74.91179,5.31891],[-74.91179,5.31891],[-74.91179,5.31891],[-74.91179,5.31891],[-74.91179,5.31891],[-74.91179,5.31891],[-74.91179,5.31891],[-74.91179,5.31891],[-74.91179,5.31891],[-74.91179,5.31891],[-74.91179,5.31891],[-74.91179,5.31891],[-74.91178,5.31891],[-74.91178,5.31891],[-74.91178,5.31891],[-74.91178,5.31891],[-74.91178,5.31891],[-74.91178,5.31891],[-74.91178,5.31891],[-74.91178,5.31891],[-74.91178,5.3189],[-74.91178,5.3189],[-74.91178,5.3189],[-74.91178,5.3189],[-74.91178,5.3189],[-74.91178,5.3189],[-74.91178,5.3189],[-74.91178,5.3189],[-74.91177,5.3189],[-74.91177,5.3189],[-74.91177,5.3189],[-74.91177,5.3189],[-74.91177,5.3189],[-74.91177,5.3189],[-74.91177,5.3189],[-74.91177,5.3189],[-74.91177,5.3189],[-74.91177,5.3189],[-74.91177,5.3189],[-74.91177,5.3189],[-74.91177,5.3189],[-74.91177,5.3189],[-74.91177,5.3189],[-74.91177,5.3189],[-74.91177,5.3189],[-74.91177,5.3189],[-74.91176,5.3189],[-74.91176,5.3189],[-74.91176,5.3189],[-74.91176,5.3189],[-74.91176,5.3189],[-74.91176,5.3189],[-74.91176,5.3189],[-74.91176,5.3189],[-74.91176,5.3189],[-74.91175,5.3189],[-74.91175,5.3189],[-74.91175,5.3189],[-74.91175,5.3189],[-74.91175,5.3189],[-74.91175,5.3189],[-74.91175,5.31889],[-74.91175,5.31889],[-74.91175,5.31889],[-74.91175,5.31889],[-74.91175,5.31889],[-74.91175,5.31889],[-74.91175,5.31889],[-74.91175,5.31889],[-74.91175,5.31889],[-74.91175,5.31889],[-74.91175,5.31889],[-74.91175,5.31889],[-74.91175,5.31889],[-74.91174,5.31889],[-74.91174,5.31889],[-74.91174,5.31889],[-74.91174,5.31889],[-74.91174,5.31889],[-74.91174,5.31889],[-74.91174,5.31889],[-74.91174,5.31889],[-74.91174,5.31889],[-74.91174,5.31889],[-74.91174,5.31889],[-74.91174,5.31889],[-74.91174,5.31889],[-74.91174,5.31889],[-74.91174,5.31888],[-74.91174,5.31888],[-74.91174,5.31888],[-74.91174,5.31888],[-74.91173,5.31888],[-74.91173,5.31888],[-74.91173,5.31888],[-74.91173,5.31888],[-74.91173,5.31888],[-74.91173,5.31888],[-74.91173,5.31888],[-74.91173,5.31888],[-74.91173,5.31888],[-74.91173,5.31888],[-74.91173,5.31888],[-74.91173,5.31888],[-74.91173,5.31888],[-74.91173,5.31888],[-74.91173,5.31888],[-74.91173,5.31888],[-74.91173,5.31888],[-74.91173,5.31888],[-74.91173,5.31888],[-74.91172,5.31888],[-74.91172,5.31888],[-74.91172,5.31888],[-74.91172,5.31888],[-74.91172,5.31888],[-74.91172,5.31888],[-74.91172,5.31888],[-74.91172,5.31888],[-74.91172,5.31888],[-74.91172,5.31888],[-74.91172,5.31888],[-74.91172,5.31888],[-74.91172,5.31888],[-74.91172,5.31888],[-74.91172,5.31888],[-74.91172,5.31888],[-74.91172,5.31888],[-74.91172,5.31888],[-74.91172,5.31888],[-74.91172,5.31888],[-74.91172,5.31888],[-74.91172,5.31888],[-74.91171,5.31888],[-74.91171,5.31888],[-74.91171,5.31888],[-74.91171,5.31888],[-74.91171,5.31889],[-74.91171,5.31889],[-74.91171,5.31889],[-74.91171,5.31889],[-74.91171,5.31889],[-74.91171,5.31889],[-74.91171,5.31889],[-74.91171,5.31889],[-74.91171,5.31889],[-74.91171,5.31889],[-74.91171,5.31889],[-74.91171,5.31889],[-74.91171,5.31889],[-74.91171,5.31889],[-74.91171,5.31889],[-74.91171,5.31889],[-74.91171,5.31889],[-74.91171,5.31889],[-74.91171,5.31889],[-74.91171,5.31889],[-74.9117,5.31889],[-74.9117,5.31889],[-74.9117,5.31889],[-74.9117,5.31889],[-74.9117,5.31889],[-74.9117,5.31889],[-74.91169,5.31889],[-74.91169,5.31889],[-74.91169,5.31889],[-74.91169,5.31889],[-74.91169,5.31889],[-74.91169,5.31889],[-74.91169,5.31889],[-74.91169,5.31889],[-74.91169,5.31889],[-74.91169,5.31889],[-74.91169,5.31889],[-74.91169,5.31889],[-74.91169,5.31889],[-74.91169,5.31889],[-74.91168,5.31889],[-74.91168,5.31889],[-74.91168,5.31889],[-74.91168,5.31889],[-74.91168,5.31889],[-74.91168,5.31889],[-74.91168,5.31889],[-74.91168,5.31889],[-74.91168,5.31889],[-74.91168,5.31889],[-74.91168,5.31889],[-74.91168,5.31889],[-74.91168,5.31889],[-74.91168,5.31889],[-74.91168,5.31889],[-74.91167,5.31889],[-74.91167,5.31889],[-74.91167,5.31889],[-74.91167,5.31889],[-74.91167,5.31889],[-74.91167,5.31889],[-74.91166,5.31889],[-74.91166,5.31889],[-74.91166,5.31889],[-74.91166,5.31889],[-74.91166,5.31889],[-74.91166,5.31889],[-74.91166,5.31889],[-74.91166,5.31889],[-74.91166,5.31889],[-74.91165,5.31889],[-74.91165,5.31889],[-74.91165,5.31889],[-74.91165,5.31889],[-74.91165,5.31889],[-74.91165,5.31889],[-74.91165,5.31889],[-74.91165,5.31889],[-74.91165,5.31889],[-74.91165,5.31889],[-74.91165,5.31889],[-74.91165,5.31888],[-74.91165,5.31888],[-74.91165,5.31888],[-74.91164,5.31888],[-74.91164,5.31888],[-74.91164,5.31888],[-74.91163,5.31888],[-74.91163,5.31888],[-74.91163,5.31888],[-74.91163,5.31888],[-74.91163,5.31888],[-74.91163,5.31888],[-74.91163,5.31888],[-74.91163,5.31888],[-74.91163,5.31888],[-74.91163,5.31888],[-74.91163,5.31888],[-74.91163,5.31888],[-74.91163,5.31888],[-74.91163,5.31888],[-74.91163,5.31888],[-74.91163,5.31888],[-74.91163,5.31888],[-74.91163,5.31888],[-74.91162,5.31888],[-74.91162,5.31888],[-74.91162,5.31888],[-74.91161,5.31888],[-74.91161,5.31888],[-74.91161,5.31888],[-74.91161,5.31888],[-74.91161,5.31888],[-74.91161,5.31888],[-74.91161,5.31888],[-74.91161,5.31888],[-74.91161,5.31888],[-74.91161,5.31888],[-74.91161,5.31888],[-74.91161,5.31888],[-74.91161,5.31888],[-74.91161,5.31888],[-74.91161,5.31888],[-74.9116,5.31888],[-74.9116,5.31887],[-74.9116,5.31887],[-74.9116,5.31887],[-74.9116,5.31887],[-74.9116,5.31887],[-74.9116,5.31887],[-74.9116,5.31887],[-74.9116,5.31887],[-74.9116,5.31887],[-74.9116,5.31887],[-74.9116,5.31887],[-74.9116,5.31887],[-74.9116,5.31887],[-74.9116,5.31887],[-74.9116,5.31887],[-74.9116,5.31887],[-74.9116,5.31887],[-74.9116,5.31887],[-74.91159,5.31887],[-74.91159,5.31887],[-74.91159,5.31887],[-74.91159,5.31887],[-74.91159,5.31887],[-74.91159,5.31887],[-74.91159,5.31887],[-74.91159,5.31887],[-74.91159,5.31887],[-74.91159,5.31887],[-74.91159,5.31887],[-74.91159,5.31887],[-74.91159,5.31887],[-74.91159,5.31887],[-74.91159,5.31887],[-74.91159,5.31887],[-74.91159,5.31887],[-74.91159,5.31888],[-74.91159,5.31888],[-74.91159,5.31888],[-74.91159,5.31888],[-74.91159,5.31888],[-74.91159,5.31888],[-74.91159,5.31888],[-74.91159,5.31888],[-74.91159,5.31888],[-74.91159,5.31888],[-74.91159,5.31888],[-74.91159,5.31888],[-74.91159,5.31888],[-74.91159,5.31888],[-74.91159,5.31888],[-74.91159,5.31888],[-74.91159,5.31888],[-74.91159,5.31888],[-74.91159,5.31888],[-74.91159,5.31888],[-74.91159,5.31888],[-74.91159,5.31888],[-74.91159,5.31888],[-74.91158,5.31888],[-74.91158,5.31888],[-74.91158,5.31888],[-74.91158,5.31888],[-74.91158,5.31888],[-74.91158,5.31887],[-74.91158,5.31887],[-74.91158,5.31887],[-74.91158,5.31887],[-74.91158,5.31887],[-74.91158,5.31887],[-74.91158,5.31887],[-74.91158,5.31887],[-74.91158,5.31887],[-74.91158,5.31887],[-74.91158,5.31887],[-74.91158,5.31887],[-74.91158,5.31887],[-74.91158,5.31887],[-74.91158,5.31887],[-74.91158,5.31887],[-74.91158,5.31887],[-74.91157,5.31887],[-74.91157,5.31887],[-74.91157,5.31887],[-74.91157,5.31887],[-74.91157,5.31887],[-74.91157,5.31887],[-74.91157,5.31887],[-74.91157,5.31887],[-74.91157,5.31887],[-74.91157,5.31887],[-74.91156,5.31887],[-74.91156,5.31887],[-74.91156,5.31887],[-74.91156,5.31887],[-74.91156,5.31887],[-74.91156,5.31887],[-74.91156,5.31887],[-74.91156,5.31887],[-74.91156,5.31887],[-74.91156,5.31887],[-74.91155,5.31887],[-74.91155,5.31887],[-74.91155,5.31887],[-74.91155,5.31887],[-74.91155,5.31887],[-74.91155,5.31887],[-74.91155,5.31887],[-74.91155,5.31886],[-74.91155,5.31886],[-74.91155,5.31886],[-74.91155,5.31886],[-74.91155,5.31886],[-74.91155,5.31886],[-74.91155,5.31886],[-74.91154,5.31886],[-74.91154,5.31886],[-74.91154,5.31886],[-74.91154,5.31886],[-74.91154,5.31886],[-74.91154,5.31886],[-74.91154,5.31886],[-74.91154,5.31886],[-74.91154,5.31886],[-74.91154,5.31886],[-74.91154,5.31886],[-74.91154,5.31886],[-74.91154,5.31886],[-74.91154,5.31886],[-74.91154,5.31886],[-74.91154,5.31886],[-74.91154,5.31886],[-74.91154,5.31886],[-74.91154,5.31886],[-74.91154,5.31886],[-74.91154,5.31886],[-74.91153,5.31886],[-74.91153,5.31886],[-74.91153,5.31886],[-74.91153,5.31886],[-74.91153,5.31886],[-74.91153,5.31886],[-74.91153,5.31886],[-74.91153,5.31886],[-74.91153,5.31886],[-74.91153,5.31885],[-74.91153,5.31885],[-74.91153,5.31885],[-74.91153,5.31885],[-74.91153,5.31885],[-74.91153,5.31885],[-74.91153,5.31884],[-74.91153,5.31884],[-74.91153,5.31884],[-74.91153,5.31884],[-74.91153,5.31884],[-74.91153,5.31884],[-74.91153,5.31884],[-74.91153,5.31884],[-74.91153,5.31884],[-74.91153,5.31884],[-74.91153,5.31884],[-74.91153,5.31883],[-74.91153,5.31883],[-74.91153,5.31883],[-74.91153,5.31883],[-74.91153,5.31883],[-74.91153,5.31883],[-74.91153,5.31883],[-74.91153,5.31883],[-74.91153,5.31883],[-74.91153,5.31883],[-74.91153,5.31883],[-74.91153,5.31883],[-74.91153,5.31883],[-74.91153,5.31883],[-74.91153,5.31883],[-74.91153,5.31883],[-74.91153,5.31883],[-74.91153,5.31883],[-74.91153,5.31883],[-74.91153,5.31883],[-74.91153,5.31883],[-74.91153,5.31883],[-74.91153,5.31883],[-74.91153,5.31883],[-74.91153,5.31883],[-74.91153,5.31883],[-74.91153,5.31883],[-74.91153,5.31883],[-74.91153,5.31882],[-74.91153,5.31882],[-74.91153,5.31882],[-74.91153,5.31882],[-74.91153,5.31882],[-74.91153,5.31882],[-74.91153,5.31882],[-74.91153,5.31882],[-74.91153,5.31882],[-74.91154,5.31882],[-74.91154,5.31882],[-74.91154,5.31882],[-74.91154,5.31882],[-74.91154,5.31882],[-74.91154,5.31882],[-74.91154,5.31882],[-74.91154,5.31882],[-74.91154,5.31882],[-74.91154,5.31882],[-74.91154,5.31882],[-74.91154,5.31882],[-74.91154,5.31882],[-74.91154,5.31882],[-74.91154,5.31882],[-74.91154,5.31882],[-74.91154,5.31882],[-74.91154,5.31882],[-74.91154,5.31882],[-74.91154,5.31882],[-74.91154,5.31882],[-74.91154,5.31882],[-74.91154,5.31882],[-74.91154,5.31882],[-74.91154,5.31882],[-74.91154,5.31882],[-74.91155,5.31882],[-74.91155,5.31882],[-74.91156,5.31882],[-74.91156,5.31882],[-74.91156,5.31882],[-74.91156,5.31882],[-74.91156,5.31882],[-74.91157,5.31882],[-74.91157,5.31882],[-74.91157,5.31882],[-74.91157,5.31882],[-74.91157,5.31882],[-74.91157,5.31882],[-74.91157,5.31882],[-74.91157,5.31882],[-74.91157,5.31882],[-74.91157,5.31882],[-74.91157,5.31882],[-74.91157,5.31882],[-74.91157,5.31882],[-74.91157,5.31882],[-74.91156,5.31882],[-74.91156,5.31882],[-74.91156,5.31882],[-74.91156,5.31882],[-74.91156,5.31882],[-74.91156,5.31882],[-74.91156,5.31882],[-74.91156,5.31882],[-74.91156,5.31882],[-74.91156,5.31882],[-74.91157,5.31882],[-74.91157,5.31882],[-74.91157,5.31882],[-74.91157,5.31882],[-74.91157,5.31882],[-74.91157,5.31882],[-74.91157,5.31882],[-74.91157,5.31882],[-74.91157,5.31882],[-74.91157,5.31882],[-74.91157,5.31882],[-74.91157,5.31883],[-74.91157,5.31883],[-74.91157,5.31883],[-74.91157,5.31883],[-74.91157,5.31883],[-74.91157,5.31883],[-74.91157,5.31883],[-74.91157,5.31883],[-74.91157,5.31883],[-74.91157,5.31883],[-74.91157,5.31883],[-74.91157,5.31883],[-74.91157,5.31883],[-74.91157,5.31883],[-74.91157,5.31883],[-74.91157,5.31883],[-74.91157,5.31883],[-74.91157,5.31883],[-74.91157,5.31884],[-74.91157,5.31884],[-74.91157,5.31884],[-74.91157,5.31884],[-74.91157,5.31884],[-74.91157,5.31884],[-74.91157,5.31884],[-74.91157,5.31884],[-74.91157,5.31884],[-74.91157,5.31884],[-74.91157,5.31884],[-74.91157,5.31884],[-74.91157,5.31884],[-74.91157,5.31884],[-74.91157,5.31884],[-74.91157,5.31884],[-74.91157,5.31884],[-74.91157,5.31884],[-74.91157,5.31884],[-74.91157,5.31885],[-74.91158,5.31885],[-74.91158,5.31885],[-74.91158,5.31885],[-74.91158,5.31885],[-74.91158,5.31885],[-74.91158,5.31885],[-74.91158,5.31885],[-74.91158,5.31885],[-74.91158,5.31885],[-74.91158,5.31885],[-74.91158,5.31885],[-74.91158,5.31885],[-74.91158,5.31885],[-74.91158,5.31885],[-74.91158,5.31885],[-74.91158,5.31885],[-74.91158,5.31885],[-74.91158,5.31885],[-74.91158,5.31885],[-74.91158,5.31885],[-74.91158,5.31885],[-74.91159,5.31885],[-74.91159,5.31885],[-74.91159,5.31885],[-74.91159,5.31885],[-74.91159,5.31885],[-74.91159,5.31885],[-74.91159,5.31885],[-74.91159,5.31885],[-74.91159,5.31885],[-74.91159,5.31885],[-74.91159,5.31885],[-74.91159,5.31885],[-74.91159,5.31885],[-74.91159,5.31885],[-74.91159,5.31885],[-74.91159,5.31885],[-74.91159,5.31885],[-74.91159,5.31885],[-74.91159,5.31885],[-74.91159,5.31885],[-74.91159,5.31885],[-74.91159,5.31885],[-74.91159,5.31885],[-74.91159,5.31885],[-74.91159,5.31885],[-74.91159,5.31885],[-74.91159,5.31885],[-74.91159,5.31884],[-74.91159,5.31884],[-74.91159,5.31884],[-74.91159,5.31884],[-74.91159,5.31884],[-74.91159,5.31884],[-74.91159,5.31884],[-74.91159,5.31884],[-74.91159,5.31884],[-74.91159,5.31884],[-74.91159,5.31884],[-74.91159,5.31884],[-74.91158,5.31884],[-74.91158,5.31884],[-74.91158,5.31884],[-74.91158,5.31884],[-74.91158,5.31884],[-74.91158,5.31884],[-74.91158,5.31884],[-74.91158,5.31884],[-74.91158,5.31884],[-74.91158,5.31884],[-74.91159,5.31884],[-74.91159,5.31884],[-74.91159,5.31884],[-74.91159,5.31884],[-74.91159,5.31884],[-74.91159,5.31884],[-74.91159,5.31883],[-74.91159,5.31883],[-74.91159,5.31883],[-74.91159,5.31883],[-74.91159,5.31883],[-74.91159,5.31883],[-74.91159,5.31883],[-74.91159,5.31883],[-74.91159,5.31883],[-74.91159,5.31883],[-74.91159,5.31883],[-74.91159,5.31883],[-74.91159,5.31883],[-74.91159,5.31883],[-74.91159,5.31883],[-74.91159,5.31883],[-74.91159,5.31883],[-74.91159,5.31883],[-74.91159,5.31883],[-74.91159,5.31883],[-74.91159,5.31883],[-74.91159,5.31882],[-74.91159,5.31882],[-74.91159,5.31882],[-74.91159,5.31882],[-74.91159,5.31882],[-74.91159,5.31882],[-74.91159,5.31882],[-74.9116,5.31882],[-74.9116,5.31882],[-74.9116,5.31882],[-74.9116,5.31882],[-74.9116,5.31882],[-74.9116,5.31882],[-74.9116,5.31882],[-74.9116,5.31882],[-74.9116,5.31882],[-74.9116,5.31882],[-74.9116,5.31882],[-74.9116,5.31882],[-74.9116,5.31882],[-74.9116,5.31882],[-74.9116,5.31882],[-74.9116,5.31882],[-74.9116,5.31882],[-74.9116,5.31882],[-74.9116,5.31882],[-74.9116,5.31882],[-74.9116,5.31882],[-74.9116,5.31882],[-74.9116,5.31882],[-74.9116,5.31882],[-74.9116,5.31883],[-74.9116,5.31883],[-74.9116,5.31883],[-74.9116,5.31883],[-74.9116,5.31883],[-74.9116,5.31883],[-74.9116,5.31883],[-74.9116,5.31883],[-74.9116,5.31883],[-74.9116,5.31883],[-74.9116,5.31883],[-74.9116,5.31883],[-74.9116,5.31883],[-74.9116,5.31883],[-74.9116,5.31883],[-74.9116,5.31883],[-74.9116,5.31883],[-74.9116,5.31883],[-74.9116,5.31883],[-74.9116,5.31883],[-74.9116,5.31883],[-74.9116,5.31883],[-74.9116,5.31883],[-74.9116,5.31883],[-74.9116,5.31883],[-74.9116,5.31883],[-74.91161,5.31884],[-74.91161,5.31884],[-74.91161,5.31884],[-74.91161,5.31884],[-74.91161,5.31884],[-74.91161,5.31884],[-74.91161,5.31884],[-74.91161,5.31884],[-74.91161,5.31884],[-74.91161,5.31884],[-74.91161,5.31884],[-74.91161,5.31884],[-74.91161,5.31884],[-74.91161,5.31884],[-74.91161,5.31884],[-74.91161,5.31884],[-74.91161,5.31884],[-74.91161,5.31884],[-74.91161,5.31884],[-74.91161,5.31884],[-74.91161,5.31883],[-74.91161,5.31883],[-74.91161,5.31883],[-74.91161,5.31883],[-74.91161,5.31883],[-74.91161,5.31883],[-74.91161,5.31883],[-74.91161,5.31883],[-74.91161,5.31883],[-74.91161,5.31883],[-74.91161,5.31883],[-74.91161,5.31883],[-74.91162,5.31883],[-74.91162,5.31883],[-74.91162,5.31883],[-74.91162,5.31883],[-74.91162,5.31883],[-74.91162,5.31883],[-74.91162,5.31883],[-74.91162,5.31883],[-74.91162,5.31884],[-74.91162,5.31884],[-74.91162,5.31884],[-74.91162,5.31884],[-74.91162,5.31884],[-74.91162,5.31884],[-74.91162,5.31884],[-74.91162,5.31884],[-74.91162,5.31884],[-74.91162,5.31884],[-74.91162,5.31884],[-74.91162,5.31884],[-74.91162,5.31884],[-74.91162,5.31884],[-74.91162,5.31884],[-74.91162,5.31884],[-74.91162,5.31884],[-74.91162,5.31884],[-74.91162,5.31884],[-74.91162,5.31884],[-74.91162,5.31884],[-74.91162,5.31884],[-74.91163,5.31884],[-74.91163,5.31884],[-74.91163,5.31884],[-74.91163,5.31884],[-74.91163,5.31884],[-74.91163,5.31884],[-74.91163,5.31884],[-74.91163,5.31884],[-74.91163,5.31884],[-74.91163,5.31884],[-74.91163,5.31884],[-74.91163,5.31884],[-74.91163,5.31884],[-74.91163,5.31884],[-74.91163,5.31884],[-74.91163,5.31884],[-74.91162,5.31884],[-74.91162,5.31884],[-74.91162,5.31884],[-74.91162,5.31884],[-74.91162,5.31884],[-74.91162,5.31884],[-74.91162,5.31883],[-74.91162,5.31883],[-74.91162,5.31883],[-74.91162,5.31883],[-74.91162,5.31883],[-74.91163,5.31883],[-74.91163,5.31883],[-74.91163,5.31883],[-74.91163,5.31883],[-74.91163,5.31883],[-74.91163,5.31883],[-74.91163,5.31883],[-74.91163,5.31883],[-74.91163,5.31883],[-74.91163,5.31883],[-74.91163,5.31883],[-74.91163,5.31883],[-74.91163,5.31883],[-74.91163,5.31883],[-74.91163,5.31883],[-74.91163,5.31883],[-74.91163,5.31883],[-74.91163,5.31883],[-74.91163,5.31882],[-74.91163,5.31882],[-74.91163,5.31882],[-74.91163,5.31882],[-74.91163,5.31882],[-74.91163,5.31882],[-74.91163,5.31882],[-74.91163,5.31882],[-74.91163,5.31882],[-74.91163,5.31882],[-74.91163,5.31882],[-74.91163,5.31882],[-74.91163,5.31882],[-74.91163,5.31882],[-74.91164,5.31882],[-74.91164,5.31882],[-74.91164,5.31882],[-74.91164,5.31882],[-74.91164,5.31882],[-74.91164,5.31882],[-74.91164,5.31882],[-74.91164,5.31882],[-74.91164,5.31882],[-74.91164,5.31882],[-74.91164,5.31882],[-74.91164,5.31882],[-74.91164,5.31882],[-74.91164,5.31882],[-74.91164,5.31882],[-74.91164,5.31882],[-74.91164,5.31882],[-74.91164,5.31882],[-74.91164,5.31882],[-74.91164,5.31882],[-74.91164,5.31882],[-74.91164,5.31882],[-74.91164,5.31882],[-74.91164,5.31882],[-74.91164,5.31882],[-74.91164,5.31882],[-74.91164,5.31882],[-74.91164,5.31882],[-74.91164,5.31881],[-74.91164,5.31881],[-74.91164,5.31881],[-74.91164,5.31881],[-74.91164,5.31881],[-74.91164,5.31881],[-74.91164,5.31881],[-74.91164,5.31881],[-74.91164,5.31881],[-74.91164,5.31881],[-74.91164,5.31881],[-74.91164,5.31881],[-74.91164,5.31881],[-74.91164,5.31881],[-74.91164,5.31881],[-74.91164,5.31881],[-74.91164,5.31881],[-74.91164,5.31881],[-74.91164,5.31881],[-74.91164,5.31881],[-74.91164,5.31881],[-74.91164,5.31881],[-74.91164,5.31881],[-74.91165,5.31881],[-74.91165,5.31881],[-74.91165,5.31881],[-74.91165,5.31881],[-74.91165,5.31881],[-74.91165,5.31881],[-74.91165,5.31881],[-74.91165,5.31881],[-74.91165,5.31881],[-74.91165,5.31881],[-74.91165,5.31881],[-74.91165,5.31881],[-74.91165,5.31881],[-74.91165,5.31881],[-74.91165,5.31881],[-74.91165,5.31881],[-74.91165,5.31881],[-74.91165,5.31881],[-74.91165,5.31881],[-74.91165,5.31881],[-74.91165,5.31881],[-74.91165,5.31881],[-74.91165,5.31881],[-74.91165,5.31881],[-74.91165,5.31881],[-74.91165,5.31881],[-74.91165,5.31881],[-74.91165,5.31881],[-74.91165,5.3188],[-74.91165,5.3188],[-74.91165,5.3188],[-74.91165,5.3188],[-74.91165,5.3188],[-74.91165,5.3188],[-74.91165,5.3188],[-74.91165,5.3188],[-74.91165,5.3188],[-74.91165,5.3188],[-74.91165,5.3188],[-74.91165,5.3188],[-74.91165,5.3188],[-74.91165,5.3188],[-74.91165,5.3188],[-74.91165,5.3188],[-74.91165,5.3188],[-74.91166,5.3188],[-74.91166,5.3188],[-74.91166,5.31881],[-74.91166,5.31881],[-74.91166,5.31881],[-74.91166,5.31881],[-74.91166,5.31881],[-74.91166,5.31881],[-74.91166,5.31881],[-74.91166,5.31881],[-74.91166,5.31881],[-74.91166,5.31881],[-74.91166,5.31881],[-74.91166,5.31881],[-74.91166,5.31881],[-74.91166,5.31881],[-74.91166,5.31881],[-74.91166,5.31881],[-74.91166,5.31881],[-74.91166,5.31881],[-74.91166,5.31881],[-74.91166,5.31881],[-74.91166,5.31881],[-74.91166,5.31881],[-74.91166,5.31881],[-74.91166,5.31881],[-74.91166,5.31881],[-74.91166,5.31881],[-74.91166,5.31881],[-74.91166,5.31881],[-74.91166,5.31881],[-74.91166,5.31881],[-74.91166,5.31881],[-74.91166,5.31881],[-74.91166,5.31881],[-74.91166,5.31881],[-74.91166,5.31881],[-74.91166,5.31881],[-74.91166,5.31881],[-74.91166,5.3188],[-74.91166,5.3188],[-74.91166,5.3188],[-74.91166,5.3188],[-74.91166,5.3188],[-74.91166,5.3188],[-74.91166,5.3188],[-74.91166,5.3188],[-74.91166,5.3188],[-74.91166,5.3188],[-74.91166,5.3188],[-74.91166,5.3188],[-74.91166,5.3188],[-74.91166,5.3188],[-74.91166,5.3188],[-74.91166,5.3188],[-74.91166,5.3188],[-74.91166,5.3188],[-74.91166,5.3188],[-74.91166,5.31879],[-74.91166,5.31879],[-74.91166,5.31879],[-74.91166,5.31879],[-74.91166,5.31879],[-74.91166,5.31879],[-74.91166,5.31879],[-74.91166,5.31879],[-74.91166,5.31879],[-74.91166,5.31879],[-74.91166,5.31879],[-74.91166,5.31879],[-74.91166,5.31879],[-74.91165,5.31879],[-74.91165,5.31879],[-74.91165,5.31879],[-74.91165,5.31879],[-74.91165,5.31879],[-74.91165,5.31879],[-74.91165,5.31879],[-74.91165,5.31879],[-74.91165,5.31879],[-74.91165,5.31879],[-74.91165,5.31879],[-74.91165,5.31879],[-74.91165,5.31879],[-74.91165,5.31878],[-74.91165,5.31878],[-74.91165,5.31878],[-74.91165,5.31878],[-74.91165,5.31878],[-74.91165,5.31878],[-74.91165,5.31878],[-74.91165,5.31878],[-74.91164,5.31878],[-74.91164,5.31878],[-74.91164,5.31878],[-74.91164,5.31878],[-74.91164,5.31878],[-74.91164,5.31878],[-74.91164,5.31878],[-74.91164,5.31878],[-74.91164,5.31878],[-74.91164,5.31878],[-74.91164,5.31878],[-74.91164,5.31878],[-74.91164,5.31878],[-74.91164,5.31878],[-74.91164,5.31878],[-74.91164,5.31878],[-74.91164,5.31878],[-74.91164,5.31878],[-74.91164,5.31877],[-74.91164,5.31877],[-74.91164,5.31877],[-74.91164,5.31877],[-74.91164,5.31877],[-74.91164,5.31877],[-74.91164,5.31877],[-74.91164,5.31877],[-74.91164,5.31877],[-74.91164,5.31877],[-74.91163,5.31877],[-74.91163,5.31877],[-74.91163,5.31877],[-74.91163,5.31877],[-74.91163,5.31877],[-74.91163,5.31877],[-74.91163,5.31877],[-74.91163,5.31877],[-74.91163,5.31877],[-74.91163,5.31877],[-74.91163,5.31877],[-74.91163,5.31877],[-74.91163,5.31877],[-74.91163,5.31877],[-74.91163,5.31877],[-74.91163,5.31877],[-74.91162,5.31877],[-74.91162,5.31877],[-74.91162,5.31877],[-74.91162,5.31876],[-74.91162,5.31876],[-74.91162,5.31876],[-74.91162,5.31876],[-74.91162,5.31876],[-74.91162,5.31876],[-74.91162,5.31876],[-74.91162,5.31876],[-74.91162,5.31876],[-74.91162,5.31876],[-74.91162,5.31876],[-74.91162,5.31876],[-74.91162,5.31876],[-74.91162,5.31876],[-74.91162,5.31875],[-74.91162,5.31875],[-74.91162,5.31875],[-74.91162,5.31875],[-74.91162,5.31875],[-74.91162,5.31875],[-74.91162,5.31875],[-74.91162,5.31875],[-74.91162,5.31875],[-74.91162,5.31875],[-74.91162,5.31875],[-74.91162,5.31875],[-74.91162,5.31875],[-74.91162,5.31875],[-74.91162,5.31875],[-74.91162,5.31875],[-74.91161,5.31875],[-74.91161,5.31875],[-74.91161,5.31875],[-74.91161,5.31875],[-74.91161,5.31875],[-74.91161,5.31875],[-74.91161,5.31875],[-74.91161,5.31875],[-74.91161,5.31875],[-74.91161,5.31875],[-74.91161,5.31875],[-74.91161,5.31875],[-74.91161,5.31875],[-74.91161,5.31874],[-74.91161,5.31874],[-74.91161,5.31874],[-74.91161,5.31874],[-74.9116,5.31874],[-74.9116,5.31874],[-74.9116,5.31874],[-74.9116,5.31874],[-74.9116,5.31874],[-74.9116,5.31874],[-74.9116,5.31874],[-74.9116,5.31874],[-74.9116,5.31874],[-74.9116,5.31874],[-74.9116,5.31874],[-74.9116,5.31874],[-74.9116,5.31874],[-74.9116,5.31874],[-74.9116,5.31874],[-74.9116,5.31874],[-74.9116,5.31874],[-74.91159,5.31874],[-74.91159,5.31874],[-74.91159,5.31874],[-74.91159,5.31873],[-74.91159,5.31873],[-74.91159,5.31873],[-74.91159,5.31873],[-74.91159,5.31873],[-74.91159,5.31873],[-74.91159,5.31873],[-74.91159,5.31873],[-74.91159,5.31873],[-74.91159,5.31873],[-74.91159,5.31873],[-74.91159,5.31873],[-74.91159,5.31873],[-74.91159,5.31873],[-74.91159,5.31873],[-74.91159,5.31873],[-74.91159,5.31873],[-74.91159,5.31872],[-74.91159,5.31872],[-74.91159,5.31872],[-74.91159,5.31872],[-74.91159,5.31872],[-74.91158,5.31872],[-74.91158,5.31872],[-74.91158,5.31872],[-74.91158,5.31872],[-74.91158,5.31872],[-74.91158,5.31871],[-74.91158,5.31871],[-74.91158,5.31871],[-74.91158,5.31871],[-74.91158,5.31871],[-74.91158,5.31871],[-74.91158,5.31871],[-74.91158,5.31871],[-74.91158,5.31871],[-74.91158,5.31871],[-74.91158,5.31871],[-74.91158,5.31871],[-74.91158,5.31871],[-74.91158,5.31871],[-74.91158,5.31871],[-74.91158,5.31871],[-74.91158,5.31871],[-74.91158,5.31871],[-74.91158,5.31871],[-74.91158,5.31871],[-74.91158,5.31871],[-74.91158,5.31871],[-74.91158,5.31871],[-74.91158,5.31871],[-74.91158,5.31871],[-74.91158,5.3187],[-74.91158,5.3187],[-74.91158,5.3187],[-74.91158,5.3187],[-74.91158,5.3187],[-74.91158,5.3187],[-74.91158,5.3187],[-74.91158,5.3187],[-74.91158,5.3187],[-74.91158,5.3187],[-74.91158,5.3187],[-74.91158,5.3187],[-74.91158,5.3187],[-74.91158,5.3187],[-74.91158,5.3187],[-74.91158,5.3187],[-74.91158,5.31869],[-74.91158,5.31869],[-74.91158,5.31869],[-74.91158,5.31869],[-74.91158,5.31869],[-74.91158,5.31869],[-74.91158,5.31869],[-74.91158,5.31869],[-74.91158,5.31869],[-74.91158,5.31869],[-74.91158,5.31869],[-74.91158,5.31869],[-74.91158,5.31869],[-74.91158,5.31869],[-74.91158,5.31869],[-74.91159,5.31869],[-74.91159,5.31869],[-74.91159,5.31869],[-74.91159,5.31869],[-74.91159,5.31869],[-74.91159,5.31869],[-74.91159,5.31869],[-74.91159,5.31869],[-74.91159,5.31869],[-74.91158,5.31869],[-74.91158,5.31868],[-74.91158,5.31868],[-74.91158,5.31868],[-74.91158,5.31868],[-74.91158,5.31868],[-74.91158,5.31868],[-74.91158,5.31868],[-74.91158,5.31868],[-74.91158,5.31868],[-74.91158,5.31868],[-74.91158,5.31868],[-74.91158,5.31868],[-74.91158,5.31868],[-74.91158,5.31868],[-74.91158,5.31868],[-74.91158,5.31868],[-74.91158,5.31868],[-74.91158,5.31868],[-74.91158,5.31868],[-74.91158,5.31868],[-74.91158,5.31868],[-74.91158,5.31868],[-74.91158,5.31868],[-74.91158,5.31868],[-74.91158,5.31868],[-74.91158,5.31868],[-74.91158,5.31868],[-74.91158,5.31868],[-74.91158,5.31868],[-74.91158,5.31868],[-74.91158,5.31867],[-74.91158,5.31867],[-74.91158,5.31867],[-74.91158,5.31867],[-74.91158,5.31867],[-74.91158,5.31867],[-74.91158,5.31867],[-74.91158,5.31867],[-74.91158,5.31867],[-74.91158,5.31867],[-74.91158,5.31867],[-74.91158,5.31867],[-74.91158,5.31866],[-74.91158,5.31866],[-74.91158,5.31866],[-74.91158,5.31866],[-74.91158,5.31866],[-74.91158,5.31866],[-74.91158,5.31866],[-74.91158,5.31866],[-74.91159,5.31866],[-74.91159,5.31866],[-74.91159,5.31866],[-74.91159,5.31866],[-74.91159,5.31866],[-74.91159,5.31866],[-74.91159,5.31866],[-74.91159,5.31866],[-74.91159,5.31866],[-74.91159,5.31866],[-74.91159,5.31866],[-74.91159,5.31866],[-74.91159,5.31866],[-74.91159,5.31866],[-74.91159,5.31866],[-74.91159,5.31866],[-74.9116,5.31866],[-74.9116,5.31866],[-74.9116,5.31866],[-74.9116,5.31865],[-74.9116,5.31865],[-74.9116,5.31865],[-74.9116,5.31865],[-74.9116,5.31865],[-74.9116,5.31865],[-74.9116,5.31865],[-74.9116,5.31865],[-74.9116,5.31865],[-74.9116,5.31865],[-74.9116,5.31865],[-74.9116,5.31865],[-74.9116,5.31865],[-74.9116,5.31865],[-74.9116,5.31865],[-74.9116,5.31865],[-74.9116,5.31865],[-74.9116,5.31865],[-74.9116,5.31865],[-74.9116,5.31865],[-74.91161,5.31865],[-74.91161,5.31865],[-74.91161,5.31865],[-74.91161,5.31865],[-74.91161,5.31865],[-74.91161,5.31865],[-74.91161,5.31865],[-74.91161,5.31865],[-74.91161,5.31865],[-74.91161,5.31864],[-74.91161,5.31864],[-74.91161,5.31864],[-74.91161,5.31864],[-74.91161,5.31864],[-74.91161,5.31864],[-74.91161,5.31864],[-74.91161,5.31864],[-74.91161,5.31864],[-74.91161,5.31864],[-74.91161,5.31864],[-74.91161,5.31864],[-74.91161,5.31864],[-74.91161,5.31864],[-74.91161,5.31864],[-74.91161,5.31864],[-74.91161,5.31864],[-74.91162,5.31863],[-74.91162,5.31863],[-74.91162,5.31863],[-74.91162,5.31863],[-74.91162,5.31863],[-74.91162,5.31863],[-74.91162,5.31863],[-74.91162,5.31863],[-74.91162,5.31863],[-74.91162,5.31863],[-74.91162,5.31863],[-74.91162,5.31863],[-74.91162,5.31863],[-74.91162,5.31863],[-74.91162,5.31863],[-74.91162,5.31863],[-74.91162,5.31863],[-74.91162,5.31863],[-74.91162,5.31863],[-74.91162,5.31863],[-74.91162,5.31863],[-74.91161,5.31863],[-74.91161,5.31863],[-74.91161,5.31862],[-74.91161,5.31862],[-74.91161,5.31862],[-74.91161,5.31862],[-74.91161,5.31862],[-74.91161,5.31862],[-74.91161,5.31862],[-74.91161,5.31862],[-74.91161,5.31861],[-74.91161,5.31861],[-74.91161,5.31861],[-74.91161,5.31861],[-74.91161,5.3186],[-74.91161,5.3186],[-74.91161,5.3186],[-74.91161,5.3186],[-74.91161,5.3186],[-74.91161,5.3186],[-74.91161,5.3186],[-74.91161,5.31859],[-74.91161,5.31859],[-74.91161,5.31859],[-74.91161,5.31859],[-74.91161,5.31859],[-74.91161,5.31859],[-74.91161,5.31859],[-74.91161,5.31859],[-74.91161,5.31859],[-74.91161,5.31859],[-74.91161,5.31859],[-74.91161,5.31859],[-74.91161,5.31859],[-74.91161,5.31858],[-74.91161,5.31858],[-74.91161,5.31858],[-74.91161,5.31858],[-74.91161,5.31858],[-74.91161,5.31858],[-74.91161,5.31858],[-74.91161,5.31858],[-74.91161,5.31858],[-74.91161,5.31858],[-74.91161,5.31858],[-74.91161,5.31858],[-74.91161,5.31858],[-74.9116,5.31858],[-74.9116,5.31858],[-74.9116,5.31857],[-74.9116,5.31857],[-74.9116,5.31857],[-74.9116,5.31857],[-74.9116,5.31857],[-74.9116,5.31857],[-74.9116,5.31857],[-74.9116,5.31857],[-74.9116,5.31857],[-74.9116,5.31857],[-74.9116,5.31857],[-74.9116,5.31857],[-74.9116,5.31857],[-74.9116,5.31857],[-74.9116,5.31857],[-74.9116,5.31857],[-74.91159,5.31857],[-74.91159,5.31857],[-74.91159,5.31857],[-74.91159,5.31857],[-74.91159,5.31857],[-74.91159,5.31857],[-74.91159,5.31857],[-74.91159,5.31857],[-74.91158,5.31857],[-74.91158,5.31857],[-74.91158,5.31857],[-74.91158,5.31857],[-74.91158,5.31857],[-74.91158,5.31857],[-74.91158,5.31857],[-74.91158,5.31857],[-74.91158,5.31857],[-74.91158,5.31857],[-74.91158,5.31857],[-74.91158,5.31857],[-74.91158,5.31857],[-74.91158,5.31856],[-74.91158,5.31856],[-74.91158,5.31856],[-74.91158,5.31856],[-74.91158,5.31856],[-74.91158,5.31856],[-74.91158,5.31856],[-74.91157,5.31856],[-74.91157,5.31856],[-74.91157,5.31856],[-74.91157,5.31856],[-74.91157,5.31855],[-74.91157,5.31855],[-74.91157,5.31855],[-74.91157,5.31855],[-74.91157,5.31855],[-74.91157,5.31855],[-74.91157,5.31855],[-74.91157,5.31855],[-74.91157,5.31855],[-74.91157,5.31855],[-74.91157,5.31855],[-74.91157,5.31855],[-74.91157,5.31855],[-74.91157,5.31855],[-74.91157,5.31855],[-74.91157,5.31855],[-74.91157,5.31855],[-74.91156,5.31855],[-74.91156,5.31855],[-74.91156,5.31855],[-74.91156,5.31855],[-74.91156,5.31855],[-74.91156,5.31855],[-74.91156,5.31855],[-74.91156,5.31855],[-74.91156,5.31855],[-74.91156,5.31855],[-74.91156,5.31855],[-74.91156,5.31855],[-74.91156,5.31855],[-74.91156,5.31855],[-74.91156,5.31855],[-74.91156,5.31855],[-74.91156,5.31855],[-74.91156,5.31855],[-74.91156,5.31855],[-74.91156,5.31855],[-74.91156,5.31855],[-74.91156,5.31855],[-74.91156,5.31855],[-74.91155,5.31855],[-74.91155,5.31855],[-74.91155,5.31855],[-74.91155,5.31855],[-74.91155,5.31854],[-74.91155,5.31854],[-74.91155,5.31854],[-74.91155,5.31854],[-74.91155,5.31854],[-74.91155,5.31854],[-74.91155,5.31854],[-74.91155,5.31854],[-74.91155,5.31854],[-74.91155,5.31854],[-74.91155,5.31854],[-74.91154,5.31854],[-74.91154,5.31854],[-74.91154,5.31854],[-74.91154,5.31854],[-74.91154,5.31854],[-74.91154,5.31854],[-74.91154,5.31854],[-74.91154,5.31854],[-74.91154,5.31854],[-74.91154,5.31854],[-74.91154,5.31854],[-74.91154,5.31854],[-74.91154,5.31854],[-74.91154,5.31853],[-74.91154,5.31853],[-74.91154,5.31853],[-74.91154,5.31853],[-74.91154,5.31853],[-74.91154,5.31853],[-74.91154,5.31853],[-74.91154,5.31853],[-74.91154,5.31853],[-74.91154,5.31853],[-74.91154,5.31853],[-74.91154,5.31852],[-74.91154,5.31852],[-74.91154,5.31852],[-74.91154,5.31852],[-74.91153,5.31852],[-74.91153,5.31852],[-74.91153,5.31852],[-74.91153,5.31852],[-74.91153,5.31852],[-74.91153,5.31852],[-74.91153,5.31852],[-74.91153,5.31852],[-74.91153,5.31852],[-74.91153,5.31852],[-74.91153,5.31852],[-74.91153,5.31852],[-74.91153,5.31852],[-74.91153,5.31852],[-74.91153,5.31852],[-74.91153,5.31852],[-74.91153,5.31852],[-74.91152,5.31852],[-74.91152,5.31852],[-74.91152,5.31852],[-74.91152,5.31852],[-74.91152,5.31852],[-74.91152,5.31852],[-74.91152,5.31851],[-74.91152,5.31851],[-74.91152,5.31851],[-74.91152,5.31851],[-74.91152,5.31851],[-74.91152,5.31851],[-74.91152,5.31851],[-74.91152,5.31851],[-74.91152,5.31851],[-74.91151,5.31851],[-74.91151,5.31851],[-74.91151,5.31851],[-74.91151,5.31851],[-74.91151,5.31851],[-74.91151,5.31851],[-74.91151,5.31851],[-74.91151,5.31851],[-74.91151,5.31851],[-74.91151,5.31851],[-74.91151,5.31851],[-74.91151,5.31851],[-74.91151,5.31851],[-74.91151,5.31851],[-74.9115,5.31851],[-74.9115,5.31851],[-74.9115,5.31851],[-74.9115,5.31851],[-74.9115,5.31851],[-74.9115,5.31851],[-74.9115,5.31851],[-74.9115,5.31851],[-74.9115,5.31851],[-74.9115,5.31851],[-74.9115,5.31851],[-74.9115,5.3185],[-74.9115,5.3185],[-74.9115,5.3185],[-74.9115,5.3185],[-74.9115,5.3185],[-74.9115,5.3185],[-74.9115,5.3185],[-74.9115,5.3185],[-74.9115,5.3185],[-74.9115,5.3185],[-74.91149,5.3185],[-74.91149,5.3185],[-74.91149,5.3185],[-74.91149,5.3185],[-74.91149,5.3185],[-74.91149,5.3185],[-74.91149,5.3185],[-74.91149,5.3185],[-74.91149,5.3185],[-74.91149,5.3185],[-74.91149,5.3185],[-74.91149,5.3185],[-74.91149,5.31849],[-74.91148,5.31849],[-74.91148,5.31849],[-74.91148,5.31849],[-74.91148,5.31849],[-74.91148,5.31849],[-74.91148,5.31849],[-74.91148,5.31849],[-74.91148,5.31849],[-74.91148,5.31849],[-74.91148,5.31849],[-74.91148,5.31849],[-74.91148,5.31849],[-74.91148,5.31849],[-74.91148,5.31849],[-74.91148,5.31849],[-74.91148,5.31849],[-74.91148,5.31849],[-74.91148,5.31849],[-74.91147,5.31849],[-74.91147,5.31849],[-74.91147,5.31849],[-74.91147,5.31849],[-74.91147,5.31849],[-74.91147,5.31849],[-74.91147,5.31849],[-74.91147,5.31849],[-74.91147,5.31849],[-74.91147,5.31849],[-74.91147,5.31849],[-74.91147,5.31849],[-74.91147,5.31848],[-74.91146,5.31848],[-74.91146,5.31848],[-74.91146,5.31848],[-74.91146,5.31848],[-74.91146,5.31848],[-74.91146,5.31848],[-74.91146,5.31848],[-74.91146,5.31848],[-74.91146,5.31848],[-74.91146,5.31848],[-74.91146,5.31848],[-74.91146,5.31848],[-74.91146,5.31848],[-74.91146,5.31848],[-74.91146,5.31848],[-74.91146,5.31848],[-74.91146,5.31848],[-74.91146,5.31848],[-74.91146,5.31848],[-74.91146,5.31848],[-74.91146,5.31848],[-74.91146,5.31848],[-74.91145,5.31848],[-74.91145,5.31848],[-74.91145,5.31848],[-74.91145,5.31848],[-74.91145,5.31848],[-74.91144,5.31848],[-74.91144,5.31848],[-74.91144,5.31848],[-74.91144,5.31848],[-74.91144,5.31848],[-74.91144,5.31848],[-74.91144,5.31848],[-74.91144,5.31848],[-74.91144,5.31848],[-74.91144,5.31848],[-74.91144,5.31848],[-74.91143,5.31848],[-74.91143,5.31848],[-74.91143,5.31848],[-74.91143,5.31848],[-74.91143,5.31848],[-74.91143,5.31848],[-74.91143,5.31848],[-74.91143,5.31848],[-74.91143,5.31848],[-74.91143,5.31848],[-74.91143,5.31848],[-74.91143,5.31847],[-74.91143,5.31847],[-74.91143,5.31847],[-74.91143,5.31847],[-74.91143,5.31847],[-74.91143,5.31847],[-74.91143,5.31847],[-74.91143,5.31847],[-74.91143,5.31847],[-74.91143,5.31847],[-74.91143,5.31847],[-74.91143,5.31847],[-74.91143,5.31847],[-74.91142,5.31847],[-74.91142,5.31847],[-74.91142,5.31847],[-74.91142,5.31847],[-74.91142,5.31847],[-74.91142,5.31847],[-74.91142,5.31847],[-74.91142,5.31847],[-74.91142,5.31847],[-74.91142,5.31847],[-74.91142,5.31846],[-74.91142,5.31846],[-74.91142,5.31846],[-74.91142,5.31846],[-74.91142,5.31846],[-74.91142,5.31846],[-74.91142,5.31846],[-74.91142,5.31846],[-74.91142,5.31846],[-74.91141,5.31846],[-74.91141,5.31846],[-74.91141,5.31846],[-74.91141,5.31846],[-74.91141,5.31846],[-74.91141,5.31846],[-74.91141,5.31846],[-74.91141,5.31846],[-74.91141,5.31846],[-74.91141,5.31846],[-74.91141,5.31846],[-74.9114,5.31846],[-74.9114,5.31846],[-74.9114,5.31846],[-74.9114,5.31846],[-74.9114,5.31846],[-74.9114,5.31846],[-74.9114,5.31846],[-74.9114,5.31846],[-74.9114,5.31846],[-74.9114,5.31846],[-74.9114,5.31846],[-74.9114,5.31846],[-74.9114,5.31846],[-74.9114,5.31846],[-74.9114,5.31846],[-74.9114,5.31846],[-74.91139,5.31846],[-74.91139,5.31846],[-74.91139,5.31846],[-74.91139,5.31846],[-74.91139,5.31846],[-74.91139,5.31846],[-74.91139,5.31846],[-74.91139,5.31846],[-74.91139,5.31846],[-74.91139,5.31846],[-74.91139,5.31846],[-74.91139,5.31846],[-74.91139,5.31846],[-74.91139,5.31846],[-74.91139,5.31846],[-74.91139,5.31846],[-74.91139,5.31846],[-74.91138,5.31846],[-74.91138,5.31846],[-74.91138,5.31846],[-74.91138,5.31846],[-74.91138,5.31846],[-74.91138,5.31846],[-74.91138,5.31846],[-74.91138,5.31846],[-74.91137,5.31846],[-74.91137,5.31846],[-74.91137,5.31846],[-74.91137,5.31846],[-74.91137,5.31846],[-74.91137,5.31846],[-74.91137,5.31846],[-74.91137,5.31846],[-74.91137,5.31846],[-74.91137,5.31846],[-74.91137,5.31846],[-74.91136,5.31846],[-74.91136,5.31846],[-74.91136,5.31846],[-74.91136,5.31846],[-74.91136,5.31846],[-74.91136,5.31846],[-74.91136,5.31846],[-74.91136,5.31846],[-74.91136,5.31847],[-74.91136,5.31847],[-74.91136,5.31847],[-74.91136,5.31847],[-74.91136,5.31847],[-74.91136,5.31847],[-74.91136,5.31847],[-74.91136,5.31847],[-74.91135,5.31847],[-74.91135,5.31847],[-74.91135,5.31847],[-74.91135,5.31847],[-74.91135,5.31847],[-74.91135,5.31847],[-74.91135,5.31847],[-74.91135,5.31847],[-74.91135,5.31847],[-74.91135,5.31847],[-74.91135,5.31848],[-74.91135,5.31848],[-74.91135,5.31848],[-74.91135,5.31848],[-74.91135,5.31848],[-74.91135,5.31848],[-74.91135,5.31848],[-74.91134,5.31848],[-74.91134,5.31848],[-74.91134,5.31848],[-74.91134,5.31848],[-74.91134,5.31848],[-74.91134,5.31848],[-74.91134,5.31848],[-74.91134,5.31848],[-74.91134,5.31848],[-74.91134,5.31848],[-74.91134,5.31848],[-74.91134,5.31848],[-74.91134,5.31848],[-74.91134,5.31848],[-74.91134,5.31849],[-74.91134,5.31849],[-74.91134,5.31849],[-74.91134,5.31849],[-74.91134,5.31849],[-74.91134,5.31849],[-74.91134,5.31849],[-74.91134,5.31849],[-74.91133,5.31849],[-74.91133,5.31849],[-74.91133,5.31849],[-74.91133,5.31849],[-74.91133,5.31849],[-74.91133,5.31849],[-74.91133,5.31849],[-74.91133,5.31849],[-74.91133,5.31849],[-74.91133,5.31849],[-74.91133,5.31849],[-74.91133,5.31849],[-74.91133,5.31849],[-74.91133,5.31849],[-74.91133,5.31849],[-74.91132,5.31849],[-74.91132,5.31849],[-74.91132,5.31849],[-74.91132,5.31849],[-74.91132,5.31849],[-74.91132,5.31849],[-74.91132,5.31849],[-74.91132,5.31849],[-74.91132,5.3185],[-74.91132,5.3185],[-74.91132,5.3185],[-74.91132,5.3185],[-74.91132,5.3185],[-74.91132,5.3185],[-74.91132,5.3185],[-74.91132,5.3185],[-74.91132,5.3185],[-74.91131,5.3185],[-74.91131,5.3185],[-74.91131,5.3185],[-74.91131,5.3185],[-74.91131,5.3185],[-74.91131,5.3185],[-74.91131,5.3185],[-74.91131,5.3185],[-74.91131,5.3185],[-74.91131,5.3185],[-74.91131,5.3185],[-74.91131,5.3185],[-74.91131,5.3185],[-74.91131,5.3185],[-74.91131,5.31851],[-74.9113,5.31851],[-74.9113,5.31851],[-74.9113,5.31851],[-74.9113,5.31851],[-74.9113,5.31851],[-74.9113,5.31851],[-74.9113,5.31851],[-74.9113,5.31851],[-74.9113,5.31851],[-74.91129,5.31851],[-74.91129,5.31851],[-74.91129,5.31851],[-74.91129,5.31851],[-74.91129,5.31851],[-74.91129,5.31851],[-74.91129,5.31851],[-74.91129,5.31851],[-74.91129,5.31851],[-74.91129,5.31851],[-74.91129,5.31851],[-74.91129,5.31851],[-74.91129,5.31851],[-74.91128,5.31851],[-74.91128,5.31851],[-74.91128,5.31851],[-74.91128,5.31851],[-74.91128,5.31852],[-74.91128,5.31852],[-74.91128,5.31852],[-74.91128,5.31852],[-74.91128,5.31852],[-74.91128,5.31852],[-74.91128,5.31852],[-74.91128,5.31852],[-74.91127,5.31852],[-74.91127,5.31852],[-74.91127,5.31852],[-74.91127,5.31852],[-74.91127,5.31852],[-74.91127,5.31852],[-74.91127,5.31852],[-74.91127,5.31852],[-74.91127,5.31852],[-74.91127,5.31852],[-74.91127,5.31852],[-74.91127,5.31852],[-74.91127,5.31852],[-74.91127,5.31852],[-74.91127,5.31852],[-74.91127,5.31852],[-74.91126,5.31852],[-74.91126,5.31852],[-74.91126,5.31852],[-74.91126,5.31852],[-74.91126,5.31852],[-74.91126,5.31853],[-74.91126,5.31853],[-74.91126,5.31853],[-74.91126,5.31853],[-74.91126,5.31853],[-74.91126,5.31853],[-74.91125,5.31853],[-74.91125,5.31853],[-74.91125,5.31853],[-74.91125,5.31853],[-74.91125,5.31853],[-74.91125,5.31853],[-74.91125,5.31853],[-74.91125,5.31853],[-74.91125,5.31853],[-74.91125,5.31853],[-74.91125,5.31853],[-74.91125,5.31853],[-74.91125,5.31853],[-74.91125,5.31853],[-74.91125,5.31853],[-74.91125,5.31853],[-74.91125,5.31853],[-74.91125,5.31853],[-74.91125,5.31853],[-74.91125,5.31853],[-74.91124,5.31853],[-74.91124,5.31853],[-74.91124,5.31853],[-74.91124,5.31853],[-74.91124,5.31853],[-74.91124,5.31853],[-74.91124,5.31854],[-74.91124,5.31854],[-74.91124,5.31854],[-74.91124,5.31854],[-74.91124,5.31854],[-74.91123,5.31854],[-74.91123,5.31854],[-74.91123,5.31854],[-74.91123,5.31854],[-74.91123,5.31854],[-74.91123,5.31854],[-74.91123,5.31854],[-74.91123,5.31854],[-74.91123,5.31854],[-74.91123,5.31854],[-74.91123,5.31854],[-74.91123,5.31854],[-74.91123,5.31854],[-74.91123,5.31854],[-74.91122,5.31854],[-74.91122,5.31854],[-74.91122,5.31854],[-74.91122,5.31854],[-74.91122,5.31854],[-74.91122,5.31854],[-74.91122,5.31854],[-74.91122,5.31854],[-74.91122,5.31854],[-74.91121,5.31854],[-74.91121,5.31854],[-74.91121,5.31854],[-74.91121,5.31854],[-74.91121,5.31854],[-74.91121,5.31854],[-74.91121,5.31854],[-74.91121,5.31854],[-74.91121,5.31854],[-74.91121,5.31854],[-74.91121,5.31854],[-74.91121,5.31854],[-74.91121,5.31854],[-74.91121,5.31854],[-74.9112,5.31854],[-74.9112,5.31854],[-74.9112,5.31854],[-74.9112,5.31854],[-74.9112,5.31854],[-74.9112,5.31854],[-74.9112,5.31854],[-74.9112,5.31854],[-74.9112,5.31854],[-74.9112,5.31853],[-74.9112,5.31853],[-74.9112,5.31853],[-74.9112,5.31853],[-74.9112,5.31853],[-74.9112,5.31853],[-74.9112,5.31853],[-74.9112,5.31853],[-74.9112,5.31853],[-74.9112,5.31853],[-74.9112,5.31853],[-74.9112,5.31853],[-74.9112,5.31853],[-74.9112,5.31853],[-74.91119,5.31853],[-74.91119,5.31853],[-74.91119,5.31853],[-74.91119,5.31853],[-74.91119,5.31853],[-74.91119,5.31853],[-74.91119,5.31853],[-74.91119,5.31853],[-74.91119,5.31853],[-74.91119,5.31853],[-74.91119,5.31853],[-74.91119,5.31853],[-74.91119,5.31853],[-74.91119,5.31852],[-74.91119,5.31852],[-74.91119,5.31852],[-74.91119,5.31852],[-74.91119,5.31852],[-74.91119,5.31852],[-74.91118,5.31852],[-74.91118,5.31852],[-74.91118,5.31852],[-74.91118,5.31852],[-74.91118,5.31852],[-74.91118,5.31852],[-74.91118,5.31852],[-74.91118,5.31852],[-74.91118,5.31852],[-74.91118,5.31852],[-74.91118,5.31852],[-74.91118,5.31852],[-74.91118,5.31852],[-74.91118,5.31852],[-74.91118,5.31852],[-74.91118,5.31852],[-74.91118,5.31852],[-74.91118,5.31852],[-74.91118,5.31852],[-74.91117,5.31852],[-74.91117,5.31852],[-74.91117,5.31852],[-74.91117,5.31852],[-74.91117,5.31852],[-74.91117,5.31852],[-74.91117,5.31852],[-74.91117,5.31852],[-74.91117,5.31852],[-74.91117,5.31851],[-74.91117,5.31851],[-74.91117,5.31851],[-74.91116,5.31851],[-74.91116,5.31851],[-74.91116,5.31851],[-74.91116,5.31851],[-74.91116,5.31851],[-74.91116,5.31851],[-74.91116,5.31851],[-74.91116,5.31851],[-74.91116,5.31851],[-74.91115,5.31851],[-74.91115,5.31851],[-74.91115,5.31851],[-74.91115,5.31851],[-74.91115,5.31851],[-74.91115,5.31851],[-74.91115,5.31851],[-74.91115,5.31851],[-74.91115,5.31851],[-74.91115,5.31851],[-74.91115,5.31851],[-74.91115,5.31851],[-74.91115,5.31851],[-74.91115,5.31851],[-74.91115,5.31851],[-74.91115,5.31851],[-74.91115,5.31851],[-74.91115,5.31851],[-74.91115,5.31851],[-74.91115,5.3185],[-74.91115,5.3185],[-74.91115,5.3185],[-74.91115,5.3185],[-74.91115,5.3185],[-74.91114,5.3185],[-74.91114,5.3185],[-74.91114,5.3185],[-74.91114,5.3185],[-74.91114,5.3185],[-74.91114,5.3185],[-74.91114,5.3185],[-74.91114,5.3185],[-74.91114,5.3185],[-74.91114,5.3185],[-74.91114,5.3185],[-74.91114,5.3185],[-74.91114,5.31849],[-74.91114,5.31849],[-74.91114,5.31849],[-74.91114,5.31849],[-74.91114,5.31849],[-74.91114,5.31849],[-74.91114,5.31849],[-74.91114,5.31849],[-74.91114,5.31849],[-74.91114,5.31849],[-74.91114,5.31849],[-74.91114,5.31849],[-74.91114,5.31849],[-74.91113,5.31849],[-74.91113,5.31849],[-74.91113,5.31849],[-74.91113,5.31849],[-74.91113,5.31849],[-74.91113,5.31849],[-74.91113,5.31849],[-74.91113,5.31849],[-74.91113,5.31849],[-74.91113,5.31849],[-74.91113,5.31849],[-74.91113,5.31848],[-74.91113,5.31848],[-74.91113,5.31848],[-74.91113,5.31848],[-74.91113,5.31848],[-74.91113,5.31848],[-74.91113,5.31848],[-74.91113,5.31848],[-74.91112,5.31848],[-74.91112,5.31848],[-74.91112,5.31848],[-74.91112,5.31848],[-74.91112,5.31848],[-74.91112,5.31848],[-74.91112,5.31848],[-74.91112,5.31848],[-74.91112,5.31848],[-74.91112,5.31848],[-74.91112,5.31848],[-74.91112,5.31848],[-74.91112,5.31848],[-74.91111,5.31848],[-74.91111,5.31848],[-74.91111,5.31848],[-74.91111,5.31848],[-74.91111,5.31848],[-74.91111,5.31848],[-74.91111,5.31848],[-74.91111,5.31848],[-74.9111,5.31848],[-74.9111,5.31848],[-74.9111,5.31848],[-74.9111,5.31848],[-74.9111,5.31848],[-74.9111,5.31848],[-74.9111,5.31848],[-74.9111,5.31848],[-74.9111,5.31848],[-74.9111,5.31848],[-74.9111,5.31848],[-74.91109,5.31848],[-74.91109,5.31848],[-74.91109,5.31848],[-74.91109,5.31848],[-74.91109,5.31848],[-74.91109,5.31848],[-74.91109,5.31848],[-74.91109,5.31848],[-74.91109,5.31847],[-74.91109,5.31847],[-74.91109,5.31847],[-74.91109,5.31847],[-74.91109,5.31847],[-74.91109,5.31847],[-74.91109,5.31847],[-74.91109,5.31847],[-74.91109,5.31847],[-74.91109,5.31847],[-74.91109,5.31847],[-74.91108,5.31847],[-74.91108,5.31847],[-74.91108,5.31847],[-74.91107,5.31847],[-74.91107,5.31847],[-74.91106,5.31847],[-74.91106,5.31847],[-74.91106,5.31847],[-74.91105,5.31847],[-74.91105,5.31847],[-74.91105,5.31847],[-74.91105,5.31847],[-74.91105,5.31847],[-74.91105,5.31847],[-74.91105,5.31847],[-74.91105,5.31847],[-74.91105,5.31847],[-74.91105,5.31847],[-74.91105,5.31847],[-74.91105,5.31847],[-74.91105,5.31847],[-74.91104,5.31847],[-74.91104,5.31847],[-74.91104,5.31847],[-74.91104,5.31847],[-74.91104,5.31847],[-74.91104,5.31847],[-74.91104,5.31847],[-74.91104,5.31847],[-74.91104,5.31847],[-74.91104,5.31847],[-74.91104,5.31847],[-74.91104,5.31847],[-74.91104,5.31846],[-74.91104,5.31846],[-74.91104,5.31846],[-74.91103,5.31846],[-74.91103,5.31846],[-74.91103,5.31846],[-74.91103,5.31846],[-74.91103,5.31846],[-74.91103,5.31846],[-74.91103,5.31846],[-74.91103,5.31846],[-74.91103,5.31846],[-74.91103,5.31846],[-74.91103,5.31846],[-74.91103,5.31846],[-74.91103,5.31846],[-74.91103,5.31846],[-74.91103,5.31846],[-74.91103,5.31846],[-74.91103,5.31846],[-74.91102,5.31846],[-74.91102,5.31846],[-74.91102,5.31846],[-74.91102,5.31846],[-74.91102,5.31846],[-74.91102,5.31846],[-74.91102,5.31846],[-74.91102,5.31846],[-74.91102,5.31846],[-74.91102,5.31846],[-74.91102,5.31846],[-74.91102,5.31846],[-74.91102,5.31846],[-74.91102,5.31845],[-74.91102,5.31845],[-74.91102,5.31845],[-74.91102,5.31845],[-74.91101,5.31845],[-74.91101,5.31845],[-74.91101,5.31846],[-74.91101,5.31846],[-74.91101,5.31846],[-74.91101,5.31846],[-74.91101,5.31846],[-74.91101,5.31846],[-74.91101,5.31846],[-74.91101,5.31846],[-74.91101,5.31846],[-74.91101,5.31846],[-74.91101,5.31846],[-74.91101,5.31846],[-74.91101,5.31846],[-74.91101,5.31846],[-74.91101,5.31846],[-74.91101,5.31846],[-74.91101,5.31846],[-74.91101,5.31846],[-74.91101,5.31846],[-74.911,5.31846],[-74.911,5.31846],[-74.911,5.31846],[-74.911,5.31846],[-74.911,5.31846],[-74.911,5.31846],[-74.911,5.31846],[-74.911,5.31846],[-74.911,5.31846],[-74.911,5.31846],[-74.911,5.31846],[-74.911,5.31846],[-74.911,5.31846],[-74.911,5.31846],[-74.911,5.31846],[-74.911,5.31846],[-74.911,5.31846],[-74.911,5.31846],[-74.911,5.31846],[-74.911,5.31846],[-74.911,5.31846],[-74.911,5.31846],[-74.911,5.31846],[-74.911,5.31846],[-74.911,5.31845],[-74.911,5.31845],[-74.911,5.31845],[-74.911,5.31845],[-74.91099,5.31845],[-74.91099,5.31845],[-74.91099,5.31845],[-74.91099,5.31845],[-74.91099,5.31845],[-74.91099,5.31845],[-74.91099,5.31845],[-74.91098,5.31845],[-74.91098,5.31845],[-74.91098,5.31845],[-74.91098,5.31845],[-74.91098,5.31845],[-74.91097,5.31845],[-74.91097,5.31845],[-74.91097,5.31845],[-74.91097,5.31845],[-74.91097,5.31845],[-74.91096,5.31845],[-74.91096,5.31845],[-74.91096,5.31845],[-74.91096,5.31845],[-74.91096,5.31845],[-74.91096,5.31845],[-74.91096,5.31845],[-74.91096,5.31845],[-74.91096,5.31845],[-74.91096,5.31845],[-74.91096,5.31845],[-74.91096,5.31845],[-74.91096,5.31845],[-74.91096,5.31845],[-74.91096,5.31845],[-74.91096,5.31845],[-74.91096,5.31845],[-74.91096,5.31845],[-74.91096,5.31845],[-74.91096,5.31845],[-74.91096,5.31845],[-74.91095,5.31845],[-74.91095,5.31845],[-74.91095,5.31845],[-74.91095,5.31845],[-74.91095,5.31846],[-74.91095,5.31846],[-74.91095,5.31846],[-74.91095,5.31846],[-74.91095,5.31846],[-74.91095,5.31846],[-74.91095,5.31846],[-74.91095,5.31846],[-74.91095,5.31846],[-74.91095,5.31846],[-74.91095,5.31846],[-74.91094,5.31846],[-74.91094,5.31846],[-74.91094,5.31846],[-74.91094,5.31846],[-74.91094,5.31846],[-74.91094,5.31846],[-74.91094,5.31846],[-74.91094,5.31846],[-74.91094,5.31846],[-74.91094,5.31846],[-74.91094,5.31846],[-74.91094,5.31846],[-74.91094,5.31847],[-74.91094,5.31847],[-74.91094,5.31847],[-74.91094,5.31847],[-74.91094,5.31847],[-74.91094,5.31847],[-74.91093,5.31847],[-74.91093,5.31847],[-74.91093,5.31847],[-74.91093,5.31847],[-74.91093,5.31847],[-74.91093,5.31847],[-74.91093,5.31847],[-74.91093,5.31847],[-74.91093,5.31847],[-74.91093,5.31847],[-74.91092,5.31847],[-74.91092,5.31847],[-74.91092,5.31847],[-74.91092,5.31847],[-74.91092,5.31847],[-74.91092,5.31847],[-74.91092,5.31847],[-74.91092,5.31847],[-74.91092,5.31847],[-74.91092,5.31847],[-74.91092,5.31847],[-74.91092,5.31847],[-74.91092,5.31847],[-74.91092,5.31847],[-74.91092,5.31847],[-74.91091,5.31847],[-74.91091,5.31847],[-74.91091,5.31846],[-74.91091,5.31846],[-74.91091,5.31846],[-74.91091,5.31846],[-74.91091,5.31846],[-74.91091,5.31846],[-74.91091,5.31846],[-74.91091,5.31846],[-74.91091,5.31846],[-74.91091,5.31846],[-74.91091,5.31846],[-74.91091,5.31846],[-74.91091,5.31846],[-74.91091,5.31846],[-74.9109,5.31846],[-74.9109,5.31846],[-74.9109,5.31846],[-74.9109,5.31846],[-74.9109,5.31846],[-74.9109,5.31846],[-74.9109,5.31846],[-74.9109,5.31846],[-74.9109,5.31846],[-74.91089,5.31846],[-74.91089,5.31846],[-74.91089,5.31846],[-74.91089,5.31846],[-74.91089,5.31846],[-74.91089,5.31846],[-74.91089,5.31846],[-74.91089,5.31846],[-74.91089,5.31846],[-74.91089,5.31846],[-74.91089,5.31846],[-74.91089,5.31846],[-74.91089,5.31846],[-74.91088,5.31846],[-74.91088,5.31846],[-74.91088,5.31846],[-74.91088,5.31846],[-74.91088,5.31846],[-74.91088,5.31846],[-74.91088,5.31846],[-74.91088,5.31846],[-74.91088,5.31846],[-74.91088,5.31847],[-74.91087,5.31847],[-74.91087,5.31847],[-74.91087,5.31847],[-74.91087,5.31847],[-74.91087,5.31847],[-74.91087,5.31847],[-74.91087,5.31847],[-74.91087,5.31847],[-74.91087,5.31847],[-74.91087,5.31847],[-74.91087,5.31847],[-74.91087,5.31847],[-74.91087,5.31847],[-74.91087,5.31847],[-74.91087,5.31847],[-74.91087,5.31847],[-74.91087,5.31847],[-74.91087,5.31847],[-74.91087,5.31847],[-74.91087,5.31847],[-74.91087,5.31847],[-74.91087,5.31847],[-74.91087,5.31847],[-74.91087,5.31847],[-74.91087,5.31848],[-74.91087,5.31848],[-74.91086,5.31848],[-74.91086,5.31848],[-74.91086,5.31848],[-74.91086,5.31848],[-74.91086,5.31848],[-74.91086,5.31848],[-74.91086,5.31848],[-74.91086,5.31848],[-74.91086,5.31848],[-74.91086,5.31848],[-74.91086,5.31848],[-74.91086,5.31848],[-74.91086,5.31848],[-74.91086,5.31848],[-74.91086,5.31848],[-74.91086,5.31848],[-74.91086,5.31848],[-74.91085,5.31848],[-74.91085,5.31848],[-74.91085,5.31848],[-74.91085,5.31848],[-74.91084,5.31848],[-74.91084,5.31848],[-74.91084,5.31848],[-74.91083,5.31848],[-74.91083,5.31848],[-74.91083,5.31848],[-74.91083,5.31848],[-74.91083,5.31848],[-74.91083,5.31848],[-74.91083,5.31848],[-74.91083,5.31848],[-74.91083,5.31848],[-74.91083,5.31848],[-74.91083,5.31848],[-74.91083,5.31848],[-74.91083,5.31848],[-74.91083,5.31848],[-74.91082,5.31848],[-74.91082,5.31848],[-74.91082,5.31848],[-74.91082,5.31848],[-74.91082,5.31848],[-74.91082,5.31848],[-74.91082,5.31848],[-74.91082,5.31848],[-74.91082,5.31848],[-74.91082,5.31848],[-74.91082,5.31848],[-74.91082,5.31848],[-74.91082,5.31848],[-74.91082,5.31848],[-74.91082,5.31848],[-74.91082,5.31848],[-74.91082,5.31848],[-74.91082,5.31848],[-74.91081,5.31848],[-74.91081,5.31848],[-74.91081,5.31849],[-74.91081,5.31849],[-74.91081,5.31849],[-74.91081,5.31849],[-74.91081,5.31849],[-74.91081,5.31849],[-74.91081,5.31849],[-74.91081,5.31849],[-74.91081,5.31849],[-74.91081,5.31849],[-74.9108,5.31849],[-74.9108,5.31849],[-74.9108,5.31849],[-74.9108,5.31849],[-74.91079,5.31849],[-74.91079,5.31849],[-74.91079,5.31849],[-74.91078,5.31849],[-74.91078,5.31849],[-74.91078,5.31849],[-74.91077,5.31849],[-74.91077,5.31849],[-74.91077,5.31849],[-74.91077,5.31849],[-74.91077,5.31849],[-74.91077,5.31849],[-74.91077,5.31849],[-74.91077,5.31848],[-74.91077,5.31848],[-74.91077,5.31848],[-74.91077,5.31848],[-74.91077,5.31848],[-74.91077,5.31848],[-74.91077,5.31848],[-74.91077,5.31848],[-74.91076,5.31848],[-74.91076,5.31848],[-74.91076,5.31848],[-74.91076,5.31848],[-74.91076,5.31848],[-74.91076,5.31848],[-74.91076,5.31848],[-74.91076,5.31848],[-74.91076,5.31848],[-74.91076,5.31848],[-74.91076,5.31848],[-74.91075,5.31848],[-74.91075,5.31848],[-74.91075,5.31848],[-74.91075,5.31848],[-74.91075,5.31848],[-74.91075,5.31848],[-74.91075,5.31848],[-74.91075,5.31848],[-74.91075,5.31848],[-74.91075,5.31848],[-74.91075,5.31848],[-74.91075,5.31848],[-74.91074,5.31848],[-74.91074,5.31848],[-74.91074,5.31848],[-74.91074,5.31848],[-74.91074,5.31848],[-74.91074,5.31848],[-74.91074,5.31847],[-74.91074,5.31847],[-74.91074,5.31847],[-74.91074,5.31847],[-74.91074,5.31847],[-74.91074,5.31847],[-74.91074,5.31847],[-74.91074,5.31847],[-74.91074,5.31847],[-74.91074,5.31847],[-74.91074,5.31848],[-74.91074,5.31848],[-74.91074,5.31848],[-74.91074,5.31848],[-74.91074,5.31848],[-74.91074,5.31848],[-74.91074,5.31848],[-74.91074,5.31848],[-74.91074,5.31848],[-74.91073,5.31848],[-74.91073,5.31848],[-74.91073,5.31848],[-74.91073,5.31848],[-74.91073,5.31848],[-74.91073,5.31848],[-74.91073,5.31848],[-74.91073,5.31848],[-74.91073,5.31848],[-74.91073,5.31848],[-74.91073,5.31848],[-74.91073,5.31848],[-74.91073,5.31848],[-74.91073,5.31848],[-74.91073,5.31848],[-74.91073,5.31848],[-74.91073,5.31848],[-74.91073,5.31848],[-74.91073,5.31848],[-74.91073,5.31848],[-74.91072,5.31848],[-74.91072,5.31848],[-74.91072,5.31848],[-74.91072,5.31848],[-74.91072,5.31848],[-74.91072,5.31848],[-74.91072,5.31848],[-74.91072,5.31848],[-74.91072,5.31847],[-74.91072,5.31847],[-74.91072,5.31847],[-74.91072,5.31847],[-74.91072,5.31847],[-74.91072,5.31847],[-74.91072,5.31847],[-74.91072,5.31847],[-74.91072,5.31847],[-74.91072,5.31847],[-74.91072,5.31847],[-74.91071,5.31847],[-74.91071,5.31847],[-74.91071,5.31847],[-74.91071,5.31847],[-74.9107,5.31847],[-74.9107,5.31847],[-74.9107,5.31847],[-74.9107,5.31847],[-74.9107,5.31847],[-74.9107,5.31847],[-74.9107,5.31847],[-74.9107,5.31847],[-74.9107,5.31847],[-74.91069,5.31847],[-74.91069,5.31847],[-74.91069,5.31847],[-74.91069,5.31847],[-74.91069,5.31847],[-74.91069,5.31847],[-74.91069,5.31848],[-74.91069,5.31848],[-74.91069,5.31848],[-74.91069,5.31848],[-74.91069,5.31848],[-74.91069,5.31848],[-74.91069,5.31848],[-74.91069,5.31848],[-74.91069,5.31848],[-74.91069,5.31848],[-74.91069,5.31848],[-74.91069,5.31848],[-74.91068,5.31848],[-74.91068,5.31848],[-74.91068,5.31848],[-74.91068,5.31848],[-74.91068,5.31848],[-74.91068,5.31848],[-74.91068,5.31848],[-74.91067,5.31848],[-74.91067,5.31848],[-74.91067,5.31848],[-74.91067,5.31848],[-74.91067,5.31848],[-74.91067,5.31848],[-74.91067,5.31848],[-74.91067,5.31848],[-74.91067,5.31848],[-74.91067,5.31848],[-74.91067,5.31848],[-74.91067,5.31848],[-74.91066,5.31847],[-74.91066,5.31847],[-74.91066,5.31847],[-74.91066,5.31847],[-74.91066,5.31847],[-74.91066,5.31847],[-74.91066,5.31847],[-74.91066,5.31847],[-74.91066,5.31847],[-74.91066,5.31847],[-74.91066,5.31847],[-74.91066,5.31847],[-74.91066,5.31847],[-74.91066,5.31847],[-74.91066,5.31847],[-74.91066,5.31847],[-74.91066,5.31847],[-74.91066,5.31847],[-74.91066,5.31847],[-74.91065,5.31847],[-74.91065,5.31847],[-74.91065,5.31847],[-74.91065,5.31847],[-74.91065,5.31848],[-74.91065,5.31848],[-74.91065,5.31848],[-74.91065,5.31848],[-74.91065,5.31848],[-74.91065,5.31848],[-74.91065,5.31848],[-74.91065,5.31848],[-74.91065,5.31848],[-74.91065,5.31848],[-74.91065,5.31848],[-74.91065,5.31848],[-74.91064,5.31848],[-74.91064,5.31848],[-74.91064,5.31848],[-74.91064,5.31848],[-74.91064,5.31848],[-74.91064,5.31848],[-74.91064,5.31848],[-74.91064,5.31848],[-74.91064,5.31848],[-74.91064,5.31848],[-74.91064,5.31848],[-74.91064,5.31848],[-74.91064,5.31848],[-74.91064,5.31848],[-74.91064,5.31848],[-74.91064,5.31848],[-74.91064,5.31848],[-74.91064,5.31847],[-74.91064,5.31847],[-74.91064,5.31847],[-74.91063,5.31847],[-74.91063,5.31847],[-74.91063,5.31847],[-74.91063,5.31847],[-74.91063,5.31847],[-74.91063,5.31847],[-74.91063,5.31847],[-74.91055,5.31846],[-74.91055,5.31846],[-74.91055,5.31846],[-74.91055,5.31846],[-74.91055,5.31846],[-74.91055,5.31846],[-74.91055,5.31846],[-74.91055,5.31846],[-74.91055,5.31846],[-74.91054,5.31846],[-74.91054,5.31846],[-74.91054,5.31846],[-74.91054,5.31846],[-74.91054,5.31846],[-74.91054,5.31846],[-74.91053,5.31846],[-74.91053,5.31846],[-74.91053,5.31846],[-74.91053,5.31846],[-74.91053,5.31846],[-74.91053,5.31846],[-74.91053,5.31846],[-74.91053,5.31846],[-74.91053,5.31846],[-74.91053,5.31846],[-74.91053,5.31846],[-74.91053,5.31846],[-74.91053,5.31846],[-74.91053,5.31846],[-74.91052,5.31846],[-74.91052,5.31846],[-74.91052,5.31846],[-74.91052,5.31846],[-74.91052,5.31846],[-74.91052,5.31846],[-74.91052,5.31846],[-74.91051,5.31846],[-74.91051,5.31846],[-74.91051,5.31846],[-74.91051,5.31846],[-74.91051,5.31846],[-74.91051,5.31846],[-74.91051,5.31846],[-74.91051,5.31846],[-74.91051,5.31846],[-74.91051,5.31846],[-74.91051,5.31846],[-74.91051,5.31846],[-74.91051,5.31846],[-74.91051,5.31846],[-74.91051,5.31846],[-74.91051,5.31846],[-74.91051,5.31846],[-74.91051,5.31846],[-74.91051,5.31846],[-74.91051,5.31846],[-74.91051,5.31846],[-74.91051,5.31846],[-74.91051,5.31846],[-74.91051,5.31845],[-74.91051,5.31845],[-74.91051,5.31845],[-74.91051,5.31845],[-74.9105,5.31845],[-74.9105,5.31845],[-74.9105,5.31845],[-74.9105,5.31845],[-74.9105,5.31845],[-74.9105,5.31845],[-74.9105,5.31845],[-74.9105,5.31845],[-74.9105,5.31845],[-74.9105,5.31845],[-74.9105,5.31845],[-74.9105,5.31845],[-74.9105,5.31845],[-74.9105,5.31845],[-74.9105,5.31845],[-74.9105,5.31845],[-74.9105,5.31845],[-74.9105,5.31845],[-74.9105,5.31845],[-74.9105,5.31845],[-74.9105,5.31845],[-74.9105,5.31844],[-74.9105,5.31844],[-74.91049,5.31844],[-74.91049,5.31844],[-74.91049,5.31844],[-74.91049,5.31844],[-74.91049,5.31844],[-74.91049,5.31844],[-74.91049,5.31844],[-74.91049,5.31844],[-74.91049,5.31844],[-74.91049,5.31844],[-74.91049,5.31844],[-74.91049,5.31844],[-74.91049,5.31845],[-74.91049,5.31845],[-74.91049,5.31845],[-74.91049,5.31845],[-74.91049,5.31845],[-74.91049,5.31845],[-74.91049,5.31845],[-74.91049,5.31845],[-74.91049,5.31845],[-74.91049,5.31845],[-74.91049,5.31845],[-74.91049,5.31845],[-74.91049,5.31845],[-74.91049,5.31845],[-74.91049,5.31845],[-74.91048,5.31845],[-74.91048,5.31845],[-74.91048,5.31845],[-74.91048,5.31845],[-74.91048,5.31845],[-74.91048,5.31846],[-74.91048,5.31846],[-74.91048,5.31846],[-74.91048,5.31846],[-74.91048,5.31846],[-74.91048,5.31846],[-74.91048,5.31846],[-74.91048,5.31846],[-74.91048,5.31846],[-74.91048,5.31846],[-74.91048,5.31846],[-74.91048,5.31846],[-74.91049,5.31846],[-74.91049,5.31846],[-74.91049,5.31846],[-74.91049,5.31846],[-74.91049,5.31846],[-74.91049,5.31846],[-74.91049,5.31846],[-74.91049,5.31846],[-74.91049,5.31846],[-74.91049,5.31846],[-74.91049,5.31846],[-74.91049,5.31846],[-74.91049,5.31846],[-74.91049,5.31846],[-74.91049,5.31846],[-74.91049,5.31846],[-74.91049,5.31846],[-74.91049,5.31846],[-74.91049,5.31846],[-74.91049,5.31846],[-74.91049,5.31846],[-74.91049,5.31846],[-74.9105,5.31846],[-74.9105,5.31846],[-74.9105,5.31846],[-74.9105,5.31846],[-74.9105,5.31846],[-74.9105,5.31846],[-74.9105,5.31846],[-74.9105,5.31846],[-74.9105,5.31846],[-74.9105,5.31846],[-74.9105,5.31847],[-74.9105,5.31847],[-74.9105,5.31847],[-74.9105,5.31847],[-74.9105,5.31847],[-74.9105,5.31847],[-74.9105,5.31847],[-74.9105,5.31847],[-74.9105,5.31847],[-74.9105,5.31847],[-74.9105,5.31847],[-74.9105,5.31847],[-74.9105,5.31847],[-74.9105,5.31847],[-74.9105,5.31847],[-74.9105,5.31847],[-74.9105,5.31847],[-74.9105,5.31847],[-74.9105,5.31847],[-74.9105,5.31847],[-74.91049,5.31847],[-74.91049,5.31847],[-74.91049,5.31847],[-74.91049,5.31847],[-74.91049,5.31847],[-74.91049,5.31847],[-74.91049,5.31847],[-74.91049,5.31847],[-74.91049,5.31847],[-74.91049,5.31847],[-74.91049,5.31847],[-74.91049,5.31847],[-74.91049,5.31847],[-74.91049,5.31847],[-74.91049,5.31847],[-74.91049,5.31847],[-74.91049,5.31847],[-74.91049,5.31847],[-74.91049,5.31847],[-74.91049,5.31847],[-74.91049,5.31847],[-74.91049,5.31847],[-74.91049,5.31847],[-74.91049,5.31847],[-74.91049,5.31848],[-74.91049,5.31848],[-74.91049,5.31848],[-74.91049,5.31848],[-74.91049,5.31848],[-74.91049,5.31848],[-74.91049,5.31848],[-74.91049,5.31848],[-74.91049,5.31848],[-74.91049,5.31848],[-74.91049,5.31848],[-74.91049,5.31848],[-74.91049,5.31848],[-74.91049,5.31848],[-74.91049,5.31848],[-74.91049,5.31848],[-74.91049,5.31848],[-74.91049,5.31848],[-74.91049,5.31848],[-74.91049,5.31848],[-74.91049,5.31849],[-74.91049,5.31849],[-74.91049,5.31849],[-74.91049,5.31849],[-74.91049,5.31849],[-74.91049,5.31849],[-74.91049,5.31849],[-74.91049,5.31849],[-74.91049,5.31849],[-74.91049,5.31849],[-74.91049,5.31849],[-74.91049,5.31849],[-74.91049,5.31849],[-74.91049,5.31849],[-74.91048,5.31849],[-74.91048,5.31849],[-74.91048,5.31849],[-74.91048,5.31849],[-74.91048,5.31849],[-74.91048,5.31849],[-74.91048,5.31849],[-74.91048,5.31849],[-74.91048,5.31849],[-74.91048,5.31849],[-74.91048,5.31849],[-74.91048,5.31849],[-74.91048,5.31849],[-74.91048,5.31849],[-74.91048,5.31849],[-74.91048,5.31849],[-74.91048,5.31849],[-74.91048,5.31849],[-74.91048,5.31849],[-74.91048,5.31849],[-74.91048,5.31849],[-74.91048,5.31849],[-74.91048,5.31849],[-74.91048,5.3185],[-74.91048,5.3185],[-74.91048,5.3185],[-74.91048,5.3185],[-74.91048,5.3185],[-74.91048,5.3185],[-74.91048,5.3185],[-74.91048,5.3185],[-74.91048,5.3185],[-74.91048,5.3185],[-74.91048,5.3185],[-74.91048,5.3185],[-74.91048,5.3185],[-74.91048,5.3185],[-74.91047,5.3185],[-74.91047,5.3185],[-74.91047,5.3185],[-74.91047,5.3185],[-74.91047,5.3185],[-74.91047,5.3185],[-74.91047,5.3185],[-74.91047,5.3185],[-74.91047,5.3185],[-74.91047,5.3185],[-74.91047,5.3185],[-74.91047,5.31851],[-74.91047,5.31851],[-74.91047,5.31851],[-74.91047,5.31851],[-74.91047,5.31851],[-74.91047,5.31851],[-74.91047,5.31851],[-74.91047,5.31851],[-74.91047,5.31851],[-74.91047,5.31851],[-74.91047,5.31851],[-74.91047,5.31851],[-74.91047,5.31851],[-74.91047,5.31851],[-74.91047,5.31851],[-74.91047,5.31851],[-74.91047,5.31851],[-74.91047,5.31851],[-74.91047,5.31851],[-74.91047,5.31851],[-74.91047,5.31851],[-74.91047,5.31851],[-74.91047,5.31851],[-74.91047,5.31851],[-74.91047,5.31851],[-74.91047,5.31852],[-74.91047,5.31852],[-74.91047,5.31852],[-74.91047,5.31852],[-74.91046,5.31852],[-74.91046,5.31852],[-74.91046,5.31852],[-74.91046,5.31852],[-74.91046,5.31852],[-74.91046,5.31852],[-74.91046,5.31852],[-74.91046,5.31852],[-74.91046,5.31852],[-74.91046,5.31852],[-74.91046,5.31852],[-74.91046,5.31852],[-74.91046,5.31852],[-74.91046,5.31853],[-74.91046,5.31853],[-74.91046,5.31853],[-74.91046,5.31853],[-74.91046,5.31853],[-74.91046,5.31853],[-74.91046,5.31853],[-74.91046,5.31853],[-74.91046,5.31853],[-74.91046,5.31853],[-74.91046,5.31853],[-74.91046,5.31853],[-74.91046,5.31853],[-74.91046,5.31853],[-74.91046,5.31853],[-74.91046,5.31854],[-74.91046,5.31854],[-74.91046,5.31854],[-74.91045,5.31854],[-74.91045,5.31854],[-74.91045,5.31854],[-74.91045,5.31854],[-74.91045,5.31854],[-74.91045,5.31854],[-74.91045,5.31854],[-74.91045,5.31854],[-74.91045,5.31854],[-74.91045,5.31854],[-74.91045,5.31854],[-74.91045,5.31854],[-74.91045,5.31854],[-74.91045,5.31854],[-74.91045,5.31854],[-74.91045,5.31854],[-74.91045,5.31854],[-74.91045,5.31855],[-74.91045,5.31855],[-74.91045,5.31855],[-74.91045,5.31855],[-74.91045,5.31855],[-74.91045,5.31855],[-74.91045,5.31855],[-74.91045,5.31855],[-74.91045,5.31855],[-74.91045,5.31855],[-74.91045,5.31855],[-74.91045,5.31855],[-74.91045,5.31855],[-74.91045,5.31856],[-74.91045,5.31856],[-74.91045,5.31856],[-74.91045,5.31856],[-74.91045,5.31856],[-74.91045,5.31856],[-74.91045,5.31856],[-74.91045,5.31856],[-74.91045,5.31856],[-74.91045,5.31856],[-74.91045,5.31856],[-74.91045,5.31856],[-74.91045,5.31857],[-74.91045,5.31857],[-74.91045,5.31857],[-74.91045,5.31857],[-74.91045,5.31857],[-74.91045,5.31857],[-74.91045,5.31857],[-74.91045,5.31857],[-74.91045,5.31857],[-74.91045,5.31857],[-74.91045,5.31857],[-74.91045,5.31857],[-74.91045,5.31857],[-74.91045,5.31857],[-74.91045,5.31857],[-74.91045,5.31857],[-74.91045,5.31857],[-74.91045,5.31857],[-74.91045,5.31857],[-74.91045,5.31857],[-74.91045,5.31857],[-74.91045,5.31857],[-74.91045,5.31857],[-74.91045,5.31857],[-74.91045,5.31857],[-74.91045,5.31857],[-74.91045,5.31857],[-74.91045,5.31857],[-74.91045,5.31858],[-74.91045,5.31858],[-74.91045,5.31858],[-74.91045,5.31858],[-74.91045,5.31858],[-74.91045,5.31858],[-74.91045,5.31858],[-74.91045,5.31858],[-74.91045,5.31859],[-74.91045,5.31859],[-74.91045,5.31859],[-74.91045,5.31859],[-74.91045,5.31859],[-74.91045,5.31859],[-74.91045,5.3186],[-74.91045,5.3186],[-74.91045,5.3186],[-74.91045,5.3186],[-74.91045,5.31861],[-74.91045,5.31861],[-74.91045,5.31861],[-74.91045,5.31861],[-74.91045,5.31861],[-74.91045,5.31861],[-74.91045,5.31862],[-74.91045,5.31862],[-74.91045,5.31862],[-74.91045,5.31862],[-74.91045,5.31862],[-74.91045,5.31862],[-74.91045,5.31862],[-74.91045,5.31863],[-74.91045,5.31863],[-74.91045,5.31863],[-74.91045,5.31863],[-74.91045,5.31864],[-74.91045,5.31864],[-74.91045,5.31864],[-74.91045,5.31865],[-74.91045,5.31865],[-74.91045,5.31865],[-74.91045,5.31865],[-74.91044,5.31865],[-74.91044,5.31865],[-74.91044,5.31865],[-74.91044,5.31865],[-74.91044,5.31865],[-74.91044,5.31865],[-74.91044,5.31865],[-74.91044,5.31865],[-74.91044,5.31865],[-74.91044,5.31865],[-74.91044,5.31865],[-74.91044,5.31865],[-74.91044,5.31865],[-74.91044,5.31865],[-74.91044,5.31865],[-74.91044,5.31866],[-74.91044,5.31866],[-74.91044,5.31866],[-74.91044,5.31866],[-74.91044,5.31866],[-74.91044,5.31867],[-74.91044,5.31867],[-74.91044,5.31867],[-74.91044,5.31867],[-74.91044,5.31867],[-74.91044,5.31867],[-74.91044,5.31867],[-74.91044,5.31867],[-74.91044,5.31867],[-74.91044,5.31868],[-74.91044,5.31868],[-74.91044,5.31868],[-74.91044,5.31868],[-74.91044,5.31868],[-74.91044,5.31868],[-74.91044,5.31868],[-74.91044,5.31868],[-74.91044,5.31868],[-74.91045,5.31868],[-74.91045,5.31868],[-74.91045,5.31868],[-74.91045,5.31868],[-74.91045,5.31868],[-74.91045,5.31868],[-74.91045,5.31868],[-74.91045,5.31868],[-74.91045,5.31868],[-74.91045,5.31868],[-74.91045,5.31868],[-74.91045,5.31868],[-74.91045,5.31868],[-74.91045,5.31868],[-74.91045,5.31869],[-74.91045,5.31869],[-74.91044,5.31869],[-74.91044,5.31869],[-74.91044,5.31869],[-74.91044,5.31869],[-74.91044,5.31869],[-74.91044,5.31869],[-74.91044,5.31869],[-74.91044,5.31869],[-74.91044,5.31869],[-74.91044,5.31869],[-74.91044,5.31869],[-74.91044,5.31869],[-74.91044,5.31869],[-74.91044,5.31869],[-74.91044,5.31869],[-74.91044,5.31869],[-74.91044,5.31869],[-74.91044,5.31869],[-74.91044,5.31869],[-74.91044,5.31869],[-74.91044,5.31869],[-74.91044,5.31869],[-74.91044,5.31869],[-74.91044,5.31869],[-74.91044,5.3187],[-74.91044,5.3187],[-74.91044,5.3187],[-74.91043,5.3187],[-74.91043,5.3187],[-74.91043,5.3187],[-74.91043,5.3187],[-74.91043,5.3187],[-74.91043,5.3187],[-74.91043,5.3187],[-74.91043,5.3187],[-74.91043,5.3187],[-74.91043,5.3187],[-74.91043,5.3187],[-74.91043,5.3187],[-74.91043,5.3187],[-74.91043,5.3187],[-74.91043,5.3187],[-74.91043,5.3187],[-74.91043,5.3187],[-74.91043,5.3187],[-74.91043,5.3187],[-74.91043,5.3187],[-74.91043,5.3187],[-74.91043,5.3187],[-74.91043,5.3187],[-74.91042,5.3187],[-74.91042,5.3187],[-74.91042,5.3187],[-74.91042,5.3187],[-74.91042,5.3187],[-74.91042,5.3187],[-74.91042,5.3187],[-74.91042,5.3187],[-74.91042,5.3187],[-74.91042,5.3187],[-74.91042,5.3187],[-74.91042,5.3187],[-74.91042,5.3187],[-74.91042,5.3187],[-74.91042,5.3187],[-74.91042,5.3187],[-74.91042,5.3187],[-74.91041,5.3187],[-74.91041,5.3187],[-74.91041,5.3187],[-74.91041,5.3187],[-74.91041,5.3187],[-74.91041,5.3187],[-74.91041,5.3187],[-74.91041,5.3187],[-74.9104,5.3187],[-74.9104,5.3187],[-74.9104,5.3187],[-74.9104,5.3187],[-74.9104,5.3187],[-74.9104,5.3187],[-74.9104,5.3187],[-74.9104,5.3187],[-74.9104,5.3187],[-74.9104,5.3187],[-74.9104,5.3187],[-74.9104,5.3187],[-74.9104,5.3187],[-74.9104,5.3187],[-74.91039,5.3187],[-74.91039,5.3187],[-74.91039,5.31871],[-74.91039,5.31871],[-74.91039,5.31871],[-74.91039,5.31871],[-74.91039,5.31871],[-74.91039,5.31871],[-74.91039,5.31871],[-74.91039,5.31871],[-74.91039,5.31871],[-74.91039,5.31871],[-74.91039,5.31871],[-74.91039,5.31871],[-74.91039,5.31871],[-74.91039,5.31871],[-74.91039,5.31871],[-74.91039,5.31871],[-74.91039,5.31871],[-74.91039,5.31871],[-74.91039,5.31871],[-74.9104,5.31872],[-74.9104,5.31872],[-74.9104,5.31872],[-74.9104,5.31872],[-74.9104,5.31872],[-74.9104,5.31872],[-74.9104,5.31872],[-74.9104,5.31872],[-74.91039,5.31872],[-74.91039,5.31872],[-74.91039,5.31872],[-74.91039,5.31872],[-74.91039,5.31872],[-74.91039,5.31872],[-74.91039,5.31872],[-74.91039,5.31873],[-74.91039,5.31873],[-74.91039,5.31873],[-74.91039,5.31873],[-74.91039,5.31873],[-74.91039,5.31873],[-74.91039,5.31873],[-74.91039,5.31873],[-74.91039,5.31873],[-74.91039,5.31873],[-74.91039,5.31873],[-74.91039,5.31873],[-74.91039,5.31873],[-74.91039,5.31873],[-74.91039,5.31873],[-74.91039,5.31873],[-74.91039,5.31873],[-74.91039,5.31873],[-74.91039,5.31873],[-74.91039,5.31873],[-74.91038,5.31873],[-74.91038,5.31874],[-74.91038,5.31874],[-74.91038,5.31874],[-74.91038,5.31874],[-74.91038,5.31874],[-74.91038,5.31874],[-74.91038,5.31874],[-74.91038,5.31874],[-74.91038,5.31874],[-74.91038,5.31874],[-74.91038,5.31874],[-74.91038,5.31874],[-74.91038,5.31874],[-74.91038,5.31874],[-74.91038,5.31874],[-74.91038,5.31874],[-74.91038,5.31874],[-74.91038,5.31874],[-74.91038,5.31874],[-74.91038,5.31875],[-74.91038,5.31875],[-74.91037,5.31875],[-74.91037,5.31875],[-74.91037,5.31875],[-74.91037,5.31875],[-74.91037,5.31875],[-74.91037,5.31875],[-74.91037,5.31875],[-74.91037,5.31875],[-74.91037,5.31875],[-74.91037,5.31875],[-74.91037,5.31875],[-74.91037,5.31875],[-74.91037,5.31875],[-74.91037,5.31875],[-74.91037,5.31875],[-74.91037,5.31875],[-74.91037,5.31875],[-74.91037,5.31875],[-74.91037,5.31875],[-74.91037,5.31875],[-74.91037,5.31876],[-74.91037,5.31876],[-74.91037,5.31876],[-74.91037,5.31876],[-74.91037,5.31876],[-74.91036,5.31876],[-74.91036,5.31876],[-74.91036,5.31876],[-74.91036,5.31876],[-74.91036,5.31876],[-74.91036,5.31876],[-74.91036,5.31876],[-74.91036,5.31876],[-74.91036,5.31876],[-74.91036,5.31876],[-74.91036,5.31877],[-74.91036,5.31877],[-74.91036,5.31877],[-74.91036,5.31877],[-74.91036,5.31877],[-74.91036,5.31877],[-74.91036,5.31877],[-74.91036,5.31877],[-74.91036,5.31877],[-74.91036,5.31877],[-74.91036,5.31877],[-74.91036,5.31877],[-74.91036,5.31877],[-74.91036,5.31877],[-74.91036,5.31877],[-74.91036,5.31877],[-74.91036,5.31877],[-74.91036,5.31877],[-74.91036,5.31877],[-74.91036,5.31877],[-74.91036,5.31877],[-74.91036,5.31877],[-74.91036,5.31877],[-74.91036,5.31877],[-74.91036,5.31877],[-74.91036,5.31877],[-74.91036,5.31877],[-74.91037,5.31877],[-74.91037,5.31877],[-74.91037,5.31877],[-74.91037,5.31877],[-74.91037,5.31878],[-74.91037,5.31878],[-74.91037,5.31878],[-74.91037,5.31878],[-74.91037,5.31878],[-74.91037,5.31878],[-74.91037,5.31878],[-74.91037,5.31878],[-74.91037,5.31878],[-74.91037,5.31878],[-74.91037,5.31878],[-74.91037,5.31878],[-74.91037,5.31878],[-74.91037,5.31878],[-74.91037,5.31878],[-74.91037,5.31878],[-74.91037,5.31878],[-74.91037,5.31878],[-74.91037,5.31878],[-74.91037,5.31878],[-74.91037,5.31878],[-74.91037,5.31878],[-74.91037,5.31878],[-74.91037,5.31878],[-74.91037,5.31878],[-74.91037,5.31878],[-74.91037,5.31878],[-74.91037,5.31878],[-74.91037,5.31878],[-74.91037,5.31878],[-74.91037,5.31879],[-74.91037,5.31879],[-74.91037,5.31879],[-74.91037,5.31879],[-74.91037,5.31879],[-74.91036,5.31879],[-74.91036,5.31879],[-74.91036,5.31879],[-74.91036,5.31879],[-74.91036,5.31879],[-74.91036,5.31879],[-74.91036,5.31879],[-74.91036,5.31879],[-74.91036,5.31879],[-74.91036,5.31879],[-74.91036,5.31879],[-74.91036,5.31879],[-74.91036,5.31879],[-74.91036,5.31879],[-74.91036,5.31879],[-74.91036,5.31879],[-74.91036,5.31879],[-74.91036,5.31879],[-74.91036,5.31879],[-74.91036,5.31879],[-74.91035,5.31879],[-74.91035,5.31879],[-74.91035,5.31879],[-74.91035,5.31879],[-74.91035,5.31879],[-74.91035,5.31879],[-74.91035,5.31879],[-74.91035,5.31879],[-74.91035,5.31879],[-74.91035,5.31879],[-74.91035,5.31879],[-74.91035,5.31879],[-74.91035,5.31879],[-74.91035,5.31879],[-74.91035,5.31879],[-74.91035,5.31879],[-74.91035,5.31879],[-74.91035,5.31879],[-74.91034,5.31879],[-74.91034,5.31879],[-74.91034,5.31879],[-74.91034,5.31879],[-74.91034,5.31879],[-74.91034,5.31879],[-74.91034,5.31879],[-74.91034,5.31879],[-74.91034,5.31879],[-74.91034,5.31879],[-74.91034,5.31879],[-74.91034,5.31879],[-74.91034,5.31879],[-74.91034,5.31879],[-74.91034,5.31879],[-74.91034,5.31879],[-74.91034,5.31879],[-74.91033,5.31879],[-74.91032,5.31879],[-74.91032,5.31879],[-74.91032,5.31879],[-74.91032,5.31879],[-74.91032,5.31879],[-74.91032,5.31879],[-74.91032,5.31879],[-74.91032,5.31879],[-74.91032,5.31879],[-74.91032,5.31879],[-74.91032,5.31879],[-74.91031,5.31879],[-74.91031,5.31879],[-74.91031,5.31879],[-74.91031,5.31879],[-74.91031,5.31879],[-74.91031,5.31879],[-74.91031,5.31879],[-74.91031,5.31878],[-74.91031,5.31878],[-74.91031,5.31878],[-74.91031,5.31878],[-74.91031,5.31878],[-74.91031,5.31878],[-74.91031,5.31878],[-74.91031,5.31878],[-74.91031,5.31878],[-74.91031,5.31878],[-74.91031,5.31878],[-74.91031,5.31878],[-74.91031,5.31878],[-74.91031,5.31878],[-74.91031,5.31878],[-74.91031,5.31878],[-74.9103,5.31878],[-74.9103,5.31878],[-74.9103,5.31878],[-74.9103,5.31878],[-74.9103,5.31878],[-74.9103,5.31878],[-74.9103,5.31878],[-74.9103,5.31878],[-74.9103,5.31878],[-74.9103,5.31878],[-74.9103,5.31878],[-74.9103,5.31878],[-74.9103,5.31878],[-74.9103,5.31878],[-74.9103,5.31878],[-74.9103,5.31878],[-74.9103,5.31878],[-74.91029,5.31878],[-74.91029,5.31878],[-74.91029,5.31878],[-74.91029,5.31878],[-74.91029,5.31878],[-74.91029,5.31878],[-74.91029,5.31878],[-74.91029,5.31878],[-74.91029,5.31877],[-74.91029,5.31877],[-74.91029,5.31877],[-74.91029,5.31877],[-74.91029,5.31877],[-74.91029,5.31877],[-74.9103,5.31877],[-74.9103,5.31877],[-74.9103,5.31877],[-74.9103,5.31877],[-74.91029,5.31877],[-74.91029,5.31877],[-74.91029,5.31877],[-74.91029,5.31877],[-74.91029,5.31877],[-74.91029,5.31877],[-74.91029,5.31877],[-74.91029,5.31877],[-74.91029,5.31877],[-74.91029,5.31877],[-74.91029,5.31877],[-74.91029,5.31876],[-74.91029,5.31876],[-74.91029,5.31876],[-74.91029,5.31876],[-74.91029,5.31876],[-74.91029,5.31876],[-74.91029,5.31876],[-74.91029,5.31876],[-74.91029,5.31876],[-74.91029,5.31876],[-74.91029,5.31876],[-74.91029,5.31876],[-74.91029,5.31876],[-74.91029,5.31876],[-74.91029,5.31876],[-74.91029,5.31876],[-74.91029,5.31876],[-74.91029,5.31876],[-74.91029,5.31875],[-74.91029,5.31875],[-74.91029,5.31875],[-74.91029,5.31875],[-74.91029,5.31875],[-74.91029,5.31875],[-74.91029,5.31875],[-74.91029,5.31875],[-74.91029,5.31875],[-74.91029,5.31875],[-74.91029,5.31875],[-74.91028,5.31874],[-74.91028,5.31874],[-74.91028,5.31874],[-74.91028,5.31874],[-74.91028,5.31874],[-74.91028,5.31874],[-74.91028,5.31874],[-74.91028,5.31874],[-74.91028,5.31874],[-74.91028,5.31874],[-74.91028,5.31875],[-74.91028,5.31875],[-74.91028,5.31875],[-74.91028,5.31875],[-74.91028,5.31875],[-74.91028,5.31875],[-74.91028,5.31875],[-74.91028,5.31875],[-74.91028,5.31875],[-74.91028,5.31875],[-74.91028,5.31875],[-74.91028,5.31875],[-74.91028,5.31875],[-74.91028,5.31875],[-74.91028,5.31875],[-74.91028,5.31875],[-74.91028,5.31875],[-74.91027,5.31875],[-74.91027,5.31875],[-74.91027,5.31875],[-74.91027,5.31875],[-74.91027,5.31875],[-74.91027,5.31875],[-74.91027,5.31875],[-74.91027,5.31875],[-74.91027,5.31875],[-74.91027,5.31875],[-74.91027,5.31875],[-74.91027,5.31875],[-74.91027,5.31875],[-74.91027,5.31875],[-74.91027,5.31875],[-74.91027,5.31875],[-74.91027,5.31875],[-74.91027,5.31876],[-74.91027,5.31876],[-74.91027,5.31876],[-74.91027,5.31876],[-74.91027,5.31876],[-74.91027,5.31876],[-74.91027,5.31876],[-74.91027,5.31876],[-74.91027,5.31876],[-74.91027,5.31876],[-74.91027,5.31876],[-74.91027,5.31876],[-74.91027,5.31876],[-74.91027,5.31876],[-74.91027,5.31876],[-74.91027,5.31876],[-74.91027,5.31876],[-74.91027,5.31876],[-74.91027,5.31876],[-74.91027,5.31876],[-74.91027,5.31876],[-74.91027,5.31876],[-74.91027,5.31876],[-74.91027,5.31876],[-74.91027,5.31876],[-74.91027,5.31876],[-74.91027,5.31876],[-74.91027,5.31876],[-74.91027,5.31876],[-74.91027,5.31876],[-74.91027,5.31876],[-74.91027,5.31876],[-74.91027,5.31876],[-74.91027,5.31876],[-74.91027,5.31876],[-74.91027,5.31876],[-74.91027,5.31876],[-74.91027,5.31876],[-74.91027,5.31876],[-74.91027,5.31877],[-74.91027,5.31877],[-74.91027,5.31877],[-74.91027,5.31877],[-74.91027,5.31877],[-74.91027,5.31877],[-74.91027,5.31877],[-74.91027,5.31877],[-74.91027,5.31877],[-74.91027,5.31877],[-74.91027,5.31877],[-74.91026,5.31877],[-74.91026,5.31877],[-74.91026,5.31877],[-74.91026,5.31877],[-74.91026,5.31877],[-74.91026,5.31877],[-74.91026,5.31877],[-74.91026,5.31877],[-74.91026,5.31877],[-74.91026,5.31877],[-74.91026,5.31878],[-74.91026,5.31878],[-74.91026,5.31878],[-74.91026,5.31878],[-74.91026,5.31878],[-74.91025,5.31878],[-74.91025,5.31878],[-74.91025,5.31878],[-74.91025,5.31878],[-74.91025,5.31878],[-74.91025,5.31878],[-74.91025,5.31878],[-74.91025,5.31878],[-74.91025,5.31878],[-74.91025,5.31878],[-74.91025,5.31878],[-74.91025,5.31878],[-74.91025,5.31878],[-74.91025,5.31878],[-74.91025,5.31878],[-74.91025,5.31878],[-74.91025,5.31879],[-74.91025,5.31879],[-74.91025,5.31879],[-74.91025,5.31879],[-74.91025,5.31879],[-74.91025,5.31879],[-74.91025,5.31879],[-74.91025,5.31879],[-74.91025,5.31879],[-74.91025,5.31879],[-74.91025,5.31879],[-74.91025,5.31879],[-74.91025,5.31879],[-74.91025,5.31879],[-74.91025,5.31879],[-74.91025,5.31879],[-74.91025,5.31879],[-74.91025,5.3188],[-74.91025,5.3188],[-74.91025,5.3188],[-74.91025,5.3188],[-74.91025,5.3188],[-74.91025,5.3188],[-74.91025,5.3188],[-74.91025,5.3188],[-74.91025,5.3188],[-74.91025,5.3188],[-74.91025,5.3188],[-74.91025,5.3188],[-74.91025,5.3188],[-74.91025,5.3188],[-74.91025,5.3188],[-74.91025,5.3188],[-74.91025,5.3188],[-74.91025,5.3188],[-74.91025,5.3188],[-74.91025,5.3188],[-74.91024,5.3188],[-74.91024,5.3188],[-74.91024,5.3188],[-74.91024,5.3188],[-74.91024,5.3188],[-74.91024,5.3188],[-74.91024,5.3188],[-74.91024,5.3188],[-74.91024,5.3188],[-74.91024,5.3188],[-74.91024,5.3188],[-74.91024,5.31881],[-74.91024,5.31881],[-74.91024,5.31881],[-74.91024,5.31881],[-74.91024,5.31881],[-74.91024,5.31881],[-74.91024,5.31881],[-74.91024,5.31881],[-74.91024,5.31881],[-74.91024,5.31881],[-74.91024,5.31881],[-74.91024,5.31881],[-74.91024,5.31881],[-74.91024,5.31881],[-74.91024,5.31881],[-74.91024,5.31881],[-74.91024,5.31881],[-74.91024,5.31881],[-74.91024,5.31881],[-74.91024,5.31881],[-74.91024,5.31881],[-74.91024,5.31881],[-74.91024,5.31881],[-74.91024,5.31882],[-74.91024,5.31882],[-74.91024,5.31882],[-74.91024,5.31882],[-74.91024,5.31882],[-74.91024,5.31882],[-74.91024,5.31882],[-74.91024,5.31882],[-74.91024,5.31882],[-74.91024,5.31882],[-74.91024,5.31882],[-74.91024,5.31882],[-74.91024,5.31882],[-74.91024,5.31882],[-74.91024,5.31882],[-74.91024,5.31882],[-74.91024,5.31882],[-74.91024,5.31882],[-74.91024,5.31882],[-74.91024,5.31882],[-74.91024,5.31882],[-74.91024,5.31882],[-74.91024,5.31882],[-74.91024,5.31882],[-74.91024,5.31882],[-74.91024,5.31882],[-74.91024,5.31882],[-74.91024,5.31882],[-74.91024,5.31882],[-74.91023,5.31882],[-74.91023,5.31882],[-74.91023,5.31882],[-74.91023,5.31882],[-74.91023,5.31882],[-74.91023,5.31882],[-74.91023,5.31882],[-74.91023,5.31882],[-74.91023,5.31882],[-74.91023,5.31882],[-74.91023,5.31882],[-74.91023,5.31882],[-74.91023,5.31882],[-74.91023,5.31882],[-74.91023,5.31882],[-74.91023,5.31882],[-74.91023,5.31882],[-74.91023,5.31882],[-74.91023,5.31882],[-74.91023,5.31882],[-74.91023,5.31882],[-74.91023,5.31882],[-74.91023,5.31882],[-74.91023,5.31882],[-74.91023,5.31882],[-74.91023,5.31882],[-74.91023,5.31883],[-74.91023,5.31883],[-74.91023,5.31883],[-74.91023,5.31883],[-74.91023,5.31883],[-74.91023,5.31883],[-74.91023,5.31883],[-74.91023,5.31883],[-74.91023,5.31883],[-74.91023,5.31883],[-74.91023,5.31883],[-74.91023,5.31883],[-74.91023,5.31883],[-74.91023,5.31883],[-74.91023,5.31883],[-74.91023,5.31883],[-74.91023,5.31883],[-74.91023,5.31883],[-74.91023,5.31883],[-74.91023,5.31883],[-74.91023,5.31883],[-74.91023,5.31883],[-74.91022,5.31883],[-74.91022,5.31883],[-74.91022,5.31883],[-74.91022,5.31884],[-74.91022,5.31884],[-74.91022,5.31884],[-74.91022,5.31884],[-74.91022,5.31884],[-74.91022,5.31884],[-74.91022,5.31884],[-74.91022,5.31884],[-74.91022,5.31884],[-74.91022,5.31884],[-74.91022,5.31884],[-74.91022,5.31884],[-74.91022,5.31884],[-74.91022,5.31884],[-74.91022,5.31884],[-74.91022,5.31884],[-74.91022,5.31884],[-74.91022,5.31884],[-74.91022,5.31884],[-74.91022,5.31884],[-74.91022,5.31884],[-74.91022,5.31884],[-74.91022,5.31884],[-74.91022,5.31885],[-74.91022,5.31885],[-74.91022,5.31885],[-74.91022,5.31885],[-74.91023,5.31885],[-74.91023,5.31885],[-74.91023,5.31885],[-74.91023,5.31885],[-74.91023,5.31885],[-74.91023,5.31885],[-74.91023,5.31885],[-74.91023,5.31885],[-74.91023,5.31885],[-74.91023,5.31885],[-74.91023,5.31885],[-74.91023,5.31885],[-74.91023,5.31885],[-74.91023,5.31885],[-74.91023,5.31885],[-74.91024,5.31885],[-74.91024,5.31885],[-74.91024,5.31885],[-74.91024,5.31885],[-74.91024,5.31885],[-74.91024,5.31885],[-74.91024,5.31885],[-74.91024,5.31885],[-74.91024,5.31885],[-74.91024,5.31885],[-74.91024,5.31885],[-74.91024,5.31885],[-74.91024,5.31885],[-74.91024,5.31885],[-74.91024,5.31885],[-74.91024,5.31885],[-74.91024,5.31885],[-74.91024,5.31885],[-74.91024,5.31885],[-74.91024,5.31885],[-74.91024,5.31885],[-74.91024,5.31885],[-74.91024,5.31885],[-74.91024,5.31885],[-74.91025,5.31885],[-74.91025,5.31885],[-74.91025,5.31885],[-74.91025,5.31885],[-74.91025,5.31885],[-74.91025,5.31885],[-74.91024,5.31885],[-74.91024,5.31885],[-74.91024,5.31885],[-74.91024,5.31885],[-74.91024,5.31885],[-74.91024,5.31885],[-74.91024,5.31885],[-74.91025,5.31885],[-74.91025,5.31885],[-74.91025,5.31885],[-74.91025,5.31885],[-74.91025,5.31885],[-74.91025,5.31885],[-74.91025,5.31885],[-74.91025,5.31885],[-74.91025,5.31885],[-74.91025,5.31885],[-74.91025,5.31885],[-74.91025,5.31885],[-74.91025,5.31885],[-74.91025,5.31885],[-74.91025,5.31885],[-74.91025,5.31885],[-74.91025,5.31884],[-74.91025,5.31884],[-74.91025,5.31884],[-74.91025,5.31884],[-74.91025,5.31884],[-74.91025,5.31884],[-74.91025,5.31884],[-74.91025,5.31884],[-74.91025,5.31884],[-74.91025,5.31884],[-74.91025,5.31884],[-74.91025,5.31884],[-74.91025,5.31884],[-74.91025,5.31884],[-74.91025,5.31884],[-74.91025,5.31883],[-74.91025,5.31883],[-74.91025,5.31883],[-74.91025,5.31883],[-74.91025,5.31883],[-74.91025,5.31883],[-74.91025,5.31883],[-74.91025,5.31883],[-74.91025,5.31883],[-74.91025,5.31883],[-74.91025,5.31883],[-74.91026,5.31883],[-74.91026,5.31883],[-74.91026,5.31883],[-74.91026,5.31883],[-74.91026,5.31883],[-74.91026,5.31883],[-74.91026,5.31883],[-74.91026,5.31883],[-74.91026,5.31884],[-74.91026,5.31884],[-74.91026,5.31884],[-74.91026,5.31884],[-74.91026,5.31884],[-74.91026,5.31884],[-74.91026,5.31884],[-74.91026,5.31884],[-74.91026,5.31885],[-74.91026,5.31885],[-74.91026,5.31885],[-74.91026,5.31885],[-74.91026,5.31885],[-74.91027,5.31885],[-74.91027,5.31885],[-74.91027,5.31885],[-74.91027,5.31885],[-74.91027,5.31885],[-74.91027,5.31886],[-74.91027,5.31886],[-74.91027,5.31886],[-74.91027,5.31886],[-74.91027,5.31886],[-74.91027,5.31886],[-74.91027,5.31886],[-74.91027,5.31886],[-74.91026,5.31887],[-74.91026,5.31887],[-74.91026,5.31887],[-74.91026,5.31887],[-74.91026,5.31887],[-74.91026,5.31887],[-74.91026,5.31887],[-74.91026,5.31887],[-74.91026,5.31887],[-74.91026,5.31887],[-74.91026,5.31887],[-74.91026,5.31887],[-74.91026,5.31888],[-74.91026,5.31888],[-74.91026,5.31888],[-74.91026,5.31888],[-74.91026,5.31888],[-74.91026,5.31888],[-74.91026,5.31888],[-74.91026,5.31888],[-74.91026,5.31888],[-74.91026,5.31888],[-74.91026,5.31888],[-74.91026,5.31888],[-74.91026,5.31888],[-74.91026,5.31888],[-74.91026,5.31888],[-74.91026,5.31888],[-74.91026,5.31888],[-74.91026,5.31888],[-74.91026,5.31889],[-74.91026,5.31889],[-74.91026,5.31889],[-74.91026,5.31889],[-74.91026,5.31889],[-74.91026,5.31889],[-74.91026,5.31889],[-74.91025,5.3189],[-74.91023,5.31891],[-74.91022,5.31892],[-74.91022,5.31892],[-74.91022,5.31892],[-74.91022,5.31892],[-74.91022,5.31892],[-74.91021,5.31892],[-74.91021,5.31892],[-74.91021,5.31892],[-74.91021,5.31892],[-74.91021,5.31892],[-74.91021,5.31892],[-74.91021,5.31892],[-74.91021,5.31892],[-74.91021,5.31892],[-74.91021,5.31892],[-74.91021,5.31892],[-74.91021,5.31892],[-74.91021,5.31892],[-74.91021,5.31892],[-74.91021,5.31892],[-74.91021,5.31892],[-74.91021,5.31892],[-74.91021,5.31892],[-74.91021,5.31892],[-74.91021,5.31892],[-74.91021,5.31892],[-74.91021,5.31892],[-74.91021,5.31892],[-74.91021,5.31892],[-74.91021,5.31892],[-74.91021,5.31892],[-74.91021,5.31892],[-74.91021,5.31892],[-74.91021,5.31892],[-74.91021,5.31892],[-74.91021,5.31892],[-74.91021,5.31892],[-74.91021,5.31892],[-74.91021,5.31892],[-74.91021,5.31892],[-74.9102,5.31892],[-74.9102,5.31892],[-74.9102,5.31892],[-74.9102,5.31892],[-74.9102,5.31892],[-74.9102,5.31892],[-74.9102,5.31892],[-74.9102,5.31893],[-74.9102,5.31893],[-74.9102,5.31893],[-74.9102,5.31893],[-74.9102,5.31893],[-74.9102,5.31893],[-74.9102,5.31893],[-74.9102,5.31893],[-74.9102,5.31893],[-74.9102,5.31893],[-74.9102,5.31893],[-74.9102,5.31893],[-74.9102,5.31893],[-74.9102,5.31893],[-74.9102,5.31893],[-74.9102,5.31893],[-74.9102,5.31893],[-74.9102,5.31893],[-74.9102,5.31893],[-74.9102,5.31893],[-74.91019,5.31893],[-74.91019,5.31894],[-74.91019,5.31894],[-74.91019,5.31894],[-74.91019,5.31894],[-74.91019,5.31894],[-74.91019,5.31894],[-74.91019,5.31894],[-74.91019,5.31894],[-74.91019,5.31894],[-74.91019,5.31894],[-74.91019,5.31894],[-74.91019,5.31894],[-74.91019,5.31894],[-74.91019,5.31894],[-74.91019,5.31894],[-74.91019,5.31894],[-74.91019,5.31894],[-74.91019,5.31894],[-74.91019,5.31894],[-74.91019,5.31894],[-74.91019,5.31895],[-74.91019,5.31895],[-74.91019,5.31895],[-74.91019,5.31895],[-74.91019,5.31895],[-74.91019,5.31895],[-74.91019,5.31895],[-74.91019,5.31895],[-74.91019,5.31895],[-74.91019,5.31895],[-74.91019,5.31895],[-74.91019,5.31895],[-74.91019,5.31895],[-74.91019,5.31895],[-74.91019,5.31895],[-74.91018,5.31895],[-74.91018,5.31895],[-74.91018,5.31895],[-74.91018,5.31895],[-74.91018,5.31895],[-74.91018,5.31895],[-74.91018,5.31895],[-74.91018,5.31895],[-74.91018,5.31896],[-74.91018,5.31896],[-74.91018,5.31896],[-74.91018,5.31896],[-74.91018,5.31896],[-74.91018,5.31896],[-74.91018,5.31896],[-74.91018,5.31896],[-74.91018,5.31896],[-74.91018,5.31896],[-74.91018,5.31896],[-74.91018,5.31896],[-74.91017,5.31896],[-74.91017,5.31896],[-74.91017,5.31896],[-74.91017,5.31896],[-74.91017,5.31896],[-74.91017,5.31896],[-74.91017,5.31896],[-74.91017,5.31896],[-74.91017,5.31896],[-74.91017,5.31896],[-74.91017,5.31896],[-74.91017,5.31896],[-74.91017,5.31896],[-74.91017,5.31896],[-74.91016,5.31896],[-74.91016,5.31896],[-74.91016,5.31896],[-74.91016,5.31896],[-74.91016,5.31896],[-74.91016,5.31896],[-74.91016,5.31896],[-74.91016,5.31896],[-74.91016,5.31896],[-74.91016,5.31896],[-74.91016,5.31896],[-74.91016,5.31896],[-74.91015,5.31896],[-74.91015,5.31896],[-74.91015,5.31896],[-74.91015,5.31896],[-74.91015,5.31896],[-74.91015,5.31896],[-74.91015,5.31896],[-74.91015,5.31896],[-74.91015,5.31896],[-74.91015,5.31896],[-74.91015,5.31896],[-74.91015,5.31896],[-74.91015,5.31896],[-74.91015,5.31896],[-74.91015,5.31896],[-74.91014,5.31896],[-74.91014,5.31896],[-74.91014,5.31896],[-74.91014,5.31896],[-74.91014,5.31896],[-74.91014,5.31896],[-74.91014,5.31896],[-74.91014,5.31896],[-74.91014,5.31896],[-74.91014,5.31896],[-74.91014,5.31896],[-74.91014,5.31896],[-74.91014,5.31896],[-74.91014,5.31896],[-74.91014,5.31896],[-74.91014,5.31896],[-74.91014,5.31896],[-74.91014,5.31896],[-74.91014,5.31896],[-74.91014,5.31896],[-74.91014,5.31896],[-74.91014,5.31896],[-74.91014,5.31896],[-74.91013,5.31896],[-74.91013,5.31896],[-74.91013,5.31896],[-74.91013,5.31896],[-74.91013,5.31896],[-74.91013,5.31896],[-74.91013,5.31896],[-74.91013,5.31896],[-74.91013,5.31896],[-74.91013,5.31896],[-74.91013,5.31896],[-74.91012,5.31896],[-74.91012,5.31896],[-74.91012,5.31896],[-74.91012,5.31896],[-74.91012,5.31896],[-74.91012,5.31896],[-74.91012,5.31896],[-74.91012,5.31896],[-74.91012,5.31896],[-74.91012,5.31896],[-74.91011,5.31896],[-74.91011,5.31896],[-74.91011,5.31896],[-74.91011,5.31896],[-74.91011,5.31896],[-74.91011,5.31896],[-74.91011,5.31896],[-74.91011,5.31896],[-74.91011,5.31896],[-74.91011,5.31897],[-74.91011,5.31897],[-74.91011,5.31897],[-74.91011,5.31897],[-74.91011,5.31897],[-74.91011,5.31897],[-74.91011,5.31897],[-74.91011,5.31897],[-74.91011,5.31897],[-74.91011,5.31897],[-74.91011,5.31897],[-74.91011,5.31897],[-74.91011,5.31897],[-74.91011,5.31897],[-74.9101,5.31897],[-74.9101,5.31897],[-74.9101,5.31897],[-74.9101,5.31897],[-74.9101,5.31897],[-74.9101,5.31897],[-74.9101,5.31897],[-74.9101,5.31897],[-74.9101,5.31897],[-74.9101,5.31897],[-74.9101,5.31897],[-74.9101,5.31897],[-74.9101,5.31897],[-74.9101,5.31897],[-74.9101,5.31897],[-74.9101,5.31897],[-74.9101,5.31897],[-74.9101,5.31896],[-74.9101,5.31896],[-74.9101,5.31896],[-74.9101,5.31896],[-74.9101,5.31896],[-74.9101,5.31896],[-74.9101,5.31896],[-74.9101,5.31896],[-74.9101,5.31896],[-74.9101,5.31896],[-74.9101,5.31896],[-74.9101,5.31896],[-74.9101,5.31896],[-74.9101,5.31896],[-74.91009,5.31896],[-74.91009,5.31896],[-74.91009,5.31896],[-74.91009,5.31896],[-74.91009,5.31896],[-74.91009,5.31896],[-74.91009,5.31896],[-74.91009,5.31896],[-74.91009,5.31896],[-74.91009,5.31896],[-74.91009,5.31896],[-74.91009,5.31896],[-74.91009,5.31896],[-74.91009,5.31896],[-74.91009,5.31896],[-74.91009,5.31896],[-74.91009,5.31896],[-74.91009,5.31896],[-74.91009,5.31896],[-74.91009,5.31896],[-74.91009,5.31896],[-74.91009,5.31896],[-74.91009,5.31896],[-74.91009,5.31896],[-74.91009,5.31896],[-74.91009,5.31896],[-74.91009,5.31896],[-74.91009,5.31896],[-74.91009,5.31896],[-74.91009,5.31896],[-74.91009,5.31896],[-74.91009,5.31896],[-74.91009,5.31896],[-74.91009,5.31897],[-74.91009,5.31897],[-74.91009,5.31897],[-74.91009,5.31897],[-74.91009,5.31897],[-74.91009,5.31897],[-74.91009,5.31897],[-74.91008,5.31897],[-74.91008,5.31897],[-74.91008,5.31897],[-74.91008,5.31897],[-74.91008,5.31897],[-74.91008,5.31897],[-74.91008,5.31897],[-74.91008,5.31897],[-74.91008,5.31897],[-74.91008,5.31897],[-74.91008,5.31897],[-74.91008,5.31897],[-74.91008,5.31897],[-74.91008,5.31897],[-74.91008,5.31897],[-74.91008,5.31897],[-74.91008,5.31897],[-74.91008,5.31897],[-74.91008,5.31897],[-74.91008,5.31897],[-74.91008,5.31897],[-74.91008,5.31897],[-74.91008,5.31897],[-74.91008,5.31897],[-74.91008,5.31897],[-74.91008,5.31897],[-74.91008,5.31897],[-74.91008,5.31897],[-74.91008,5.31897],[-74.91008,5.31897],[-74.91008,5.31897],[-74.91008,5.31897],[-74.91008,5.31897],[-74.91008,5.31897],[-74.91008,5.31897],[-74.91008,5.31897],[-74.91008,5.31897],[-74.91008,5.31897],[-74.91008,5.31897],[-74.91007,5.31897],[-74.91007,5.31897],[-74.91007,5.31897],[-74.91007,5.31897],[-74.91007,5.31897],[-74.91007,5.31897],[-74.91007,5.31897],[-74.91007,5.31897],[-74.91007,5.31897],[-74.91007,5.31897],[-74.91007,5.31897],[-74.91007,5.31897],[-74.91007,5.31897],[-74.91007,5.31897],[-74.91007,5.31897],[-74.91007,5.31897],[-74.91007,5.31897],[-74.91007,5.31897],[-74.91007,5.31897],[-74.91007,5.31898],[-74.91007,5.31898],[-74.91007,5.31898],[-74.91007,5.31898],[-74.91007,5.31898],[-74.91007,5.31898],[-74.91007,5.31898],[-74.91007,5.31898],[-74.91007,5.31898],[-74.91007,5.31898],[-74.91007,5.31898],[-74.91007,5.31898],[-74.91007,5.31898],[-74.91007,5.31898],[-74.91007,5.31898],[-74.91007,5.31898],[-74.91007,5.31898],[-74.91007,5.31898],[-74.91007,5.31898],[-74.91007,5.31898],[-74.91007,5.31898],[-74.91007,5.31898],[-74.91007,5.31898],[-74.91007,5.31898],[-74.91007,5.31898],[-74.91007,5.31898],[-74.91007,5.31898],[-74.91007,5.31898],[-74.91007,5.31898],[-74.91007,5.31898],[-74.91007,5.31898],[-74.91007,5.31898],[-74.91007,5.31898],[-74.91007,5.31898],[-74.91007,5.31898],[-74.91007,5.31898],[-74.91007,5.31898],[-74.91007,5.31898],[-74.91007,5.31898],[-74.91007,5.31898],[-74.91007,5.31898],[-74.91007,5.31898],[-74.91007,5.31898],[-74.91007,5.31898],[-74.91007,5.31898],[-74.91007,5.31899],[-74.91007,5.31899],[-74.91007,5.31899],[-74.91006,5.31899],[-74.91006,5.31899],[-74.91006,5.31899],[-74.91006,5.31899],[-74.91006,5.31899],[-74.91006,5.31899],[-74.91006,5.31899],[-74.91006,5.31899],[-74.91006,5.31899],[-74.91006,5.31899],[-74.91006,5.31899],[-74.91006,5.31899],[-74.91006,5.31899],[-74.91006,5.31899],[-74.91006,5.31899],[-74.91006,5.31899],[-74.91006,5.31899],[-74.91006,5.31899],[-74.91006,5.31899],[-74.91006,5.31899],[-74.91006,5.31899],[-74.91006,5.31899],[-74.91006,5.31899],[-74.91006,5.319],[-74.91006,5.319],[-74.91006,5.319],[-74.91006,5.319],[-74.91006,5.319],[-74.91005,5.319],[-74.91005,5.319],[-74.91005,5.319],[-74.91005,5.319],[-74.91005,5.319],[-74.91005,5.319],[-74.91005,5.319],[-74.91005,5.319],[-74.91005,5.319],[-74.91005,5.319],[-74.91005,5.319],[-74.91005,5.319],[-74.91005,5.319],[-74.91005,5.319],[-74.91005,5.319],[-74.91005,5.319],[-74.91005,5.319],[-74.91005,5.319],[-74.91005,5.319],[-74.91005,5.319],[-74.91005,5.319],[-74.91005,5.319],[-74.91005,5.319],[-74.91005,5.319],[-74.91005,5.319],[-74.91005,5.31901],[-74.91005,5.31901],[-74.91005,5.31901],[-74.91005,5.31901],[-74.91005,5.31901],[-74.91005,5.31901],[-74.91005,5.31901],[-74.91005,5.31901],[-74.91005,5.31901],[-74.91005,5.31901],[-74.91005,5.31901],[-74.91005,5.31901],[-74.91005,5.31901],[-74.91005,5.31901],[-74.91005,5.31901],[-74.91005,5.31901],[-74.91005,5.31901],[-74.91005,5.31901],[-74.91005,5.31901],[-74.91005,5.31901],[-74.91005,5.31901],[-74.91005,5.31901],[-74.91005,5.31901],[-74.91005,5.31901],[-74.91005,5.31901],[-74.91005,5.31901],[-74.91005,5.31901],[-74.91005,5.31901],[-74.91005,5.31901],[-74.91005,5.31901],[-74.91005,5.31901],[-74.91005,5.31901],[-74.91005,5.31901],[-74.91005,5.31901],[-74.91005,5.31901],[-74.91005,5.31901],[-74.91005,5.31901],[-74.91005,5.31901],[-74.91005,5.31901],[-74.91005,5.31901],[-74.91005,5.31901],[-74.91005,5.31901],[-74.91005,5.31901],[-74.91005,5.31901],[-74.91004,5.31901],[-74.91004,5.31901],[-74.91004,5.31901],[-74.91004,5.31901],[-74.91004,5.31901],[-74.91004,5.31901],[-74.91004,5.31901],[-74.91004,5.31901],[-74.91004,5.31901],[-74.91004,5.31901],[-74.91004,5.31901],[-74.91004,5.31901],[-74.91004,5.31901],[-74.91004,5.31901],[-74.91004,5.31901],[-74.91004,5.31901],[-74.91004,5.31901],[-74.91004,5.31901],[-74.91004,5.31901],[-74.91004,5.31901],[-74.91004,5.31901],[-74.91004,5.31901],[-74.91004,5.31901],[-74.91004,5.31901],[-74.91004,5.31901],[-74.91004,5.31901],[-74.91004,5.31901],[-74.91004,5.31901],[-74.91004,5.31901],[-74.91004,5.31901],[-74.91004,5.31901],[-74.91004,5.31901],[-74.91004,5.31901],[-74.91004,5.31901],[-74.91004,5.31901],[-74.91004,5.31901],[-74.91004,5.31901],[-74.91003,5.31901],[-74.91003,5.31901],[-74.91003,5.31901],[-74.91003,5.31901],[-74.91003,5.31901],[-74.91003,5.31901],[-74.91003,5.31901],[-74.91003,5.31901],[-74.91003,5.31901],[-74.91003,5.31901],[-74.91003,5.31901],[-74.91003,5.31901],[-74.91003,5.31901],[-74.91003,5.31901],[-74.91003,5.31901],[-74.91003,5.31901],[-74.91003,5.31901],[-74.91003,5.31901],[-74.91003,5.31901],[-74.91003,5.31901],[-74.91003,5.31901],[-74.91003,5.31901],[-74.91003,5.31902],[-74.91003,5.31902],[-74.91003,5.31902],[-74.91003,5.31902],[-74.91003,5.31902],[-74.91003,5.31902],[-74.91003,5.31902],[-74.91002,5.31902],[-74.91002,5.31902],[-74.91002,5.31902],[-74.91002,5.31902],[-74.91002,5.31902],[-74.91002,5.31902],[-74.91002,5.31902],[-74.91002,5.31902],[-74.91002,5.31902],[-74.91002,5.31902],[-74.91002,5.31902],[-74.91002,5.31902],[-74.91002,5.31902],[-74.91002,5.31902],[-74.91002,5.31902],[-74.91002,5.31902],[-74.91002,5.31902],[-74.91002,5.31902],[-74.91002,5.31902],[-74.91002,5.31902],[-74.91002,5.31902],[-74.91002,5.31902],[-74.91002,5.31902],[-74.91002,5.31902],[-74.91002,5.31902],[-74.91002,5.31902],[-74.91002,5.31902],[-74.91002,5.31902],[-74.91001,5.31902],[-74.91001,5.31902],[-74.91001,5.31902],[-74.91001,5.31902],[-74.91001,5.31902],[-74.91001,5.31902],[-74.91001,5.31902],[-74.91001,5.31902],[-74.91001,5.31901],[-74.91001,5.31901],[-74.91001,5.31901],[-74.91001,5.31901],[-74.91001,5.31901],[-74.91001,5.31901],[-74.91001,5.31901],[-74.91,5.31901],[-74.91,5.31901],[-74.91,5.31901],[-74.91,5.31901],[-74.91,5.31901],[-74.91,5.31901],[-74.91,5.31901],[-74.90999,5.31901],[-74.90999,5.31901],[-74.90999,5.31901],[-74.90999,5.31901],[-74.90999,5.31901],[-74.90999,5.31901],[-74.90999,5.31901],[-74.90999,5.31901],[-74.90999,5.31901],[-74.90999,5.31901],[-74.90999,5.31901],[-74.90999,5.31901],[-74.90999,5.31901],[-74.90999,5.31901],[-74.90999,5.31901],[-74.90999,5.31901],[-74.90999,5.31901],[-74.90999,5.31901],[-74.90999,5.31901],[-74.90999,5.31901],[-74.90999,5.31901],[-74.90999,5.31901],[-74.90999,5.31901],[-74.90999,5.31901],[-74.90999,5.31901],[-74.90999,5.31901],[-74.90998,5.31901],[-74.90998,5.31901],[-74.90998,5.31901],[-74.90998,5.31901],[-74.90998,5.31901],[-74.90998,5.31901],[-74.90998,5.31901],[-74.90998,5.31901],[-74.90998,5.31901],[-74.90998,5.319],[-74.90998,5.319],[-74.90998,5.319],[-74.90998,5.319],[-74.90998,5.319],[-74.90998,5.319],[-74.90998,5.319],[-74.90998,5.319],[-74.90998,5.319],[-74.90998,5.319],[-74.90998,5.319],[-74.90998,5.319],[-74.90998,5.319],[-74.90998,5.319],[-74.90998,5.319],[-74.90998,5.319],[-74.90998,5.319],[-74.90998,5.319],[-74.90998,5.319],[-74.90998,5.319],[-74.90998,5.319],[-74.90998,5.319],[-74.90997,5.319],[-74.90997,5.319],[-74.90997,5.319],[-74.90997,5.319],[-74.90997,5.319],[-74.90997,5.319],[-74.90997,5.319],[-74.90997,5.319],[-74.90997,5.319],[-74.90997,5.319],[-74.90997,5.319],[-74.90997,5.319],[-74.90997,5.319],[-74.90996,5.319],[-74.90996,5.319],[-74.90996,5.319],[-74.90996,5.319],[-74.90996,5.319],[-74.90996,5.319],[-74.90996,5.31899],[-74.90996,5.31899],[-74.90996,5.31899],[-74.90996,5.31899],[-74.90996,5.31899],[-74.90996,5.31899],[-74.90996,5.31899],[-74.90996,5.31899],[-74.90996,5.31899],[-74.90996,5.31899],[-74.90996,5.31899],[-74.90996,5.31899],[-74.90996,5.31899],[-74.90996,5.31899],[-74.90996,5.31899],[-74.90996,5.31899],[-74.90996,5.31899],[-74.90996,5.31899],[-74.90996,5.31899],[-74.90996,5.31899],[-74.90995,5.31899],[-74.90995,5.31899],[-74.90995,5.31899],[-74.90995,5.31899],[-74.90995,5.31899],[-74.90995,5.31899],[-74.90995,5.31899],[-74.90995,5.31899],[-74.90995,5.31899],[-74.90995,5.31899],[-74.90994,5.31899],[-74.90994,5.31899],[-74.90994,5.31899],[-74.90994,5.31899],[-74.90994,5.31899],[-74.90994,5.31899],[-74.90994,5.31899],[-74.90994,5.31899],[-74.90994,5.31899],[-74.90994,5.31899],[-74.90994,5.31899],[-74.90994,5.31899],[-74.90994,5.31899],[-74.90994,5.31898],[-74.90994,5.31898],[-74.90994,5.31898],[-74.90994,5.31898],[-74.90994,5.31898],[-74.90994,5.31898],[-74.90994,5.31898],[-74.90994,5.31898],[-74.90993,5.31898],[-74.90993,5.31898],[-74.90993,5.31898],[-74.90993,5.31898],[-74.90993,5.31898],[-74.90993,5.31898],[-74.90993,5.31898],[-74.90993,5.31898],[-74.90993,5.31898],[-74.90993,5.31898],[-74.90993,5.31898],[-74.90993,5.31898],[-74.90993,5.31898],[-74.90993,5.31898],[-74.90993,5.31898],[-74.90993,5.31898],[-74.90992,5.31898],[-74.90992,5.31898],[-74.90992,5.31898],[-74.90992,5.31898],[-74.90992,5.31898],[-74.90992,5.31898],[-74.90992,5.31898],[-74.90992,5.31898],[-74.90992,5.31898],[-74.90992,5.31898],[-74.90992,5.31897],[-74.90992,5.31897],[-74.90992,5.31897],[-74.90992,5.31897],[-74.90992,5.31897],[-74.90992,5.31897],[-74.90992,5.31897],[-74.90992,5.31897],[-74.90991,5.31897],[-74.90991,5.31897],[-74.90991,5.31897],[-74.90991,5.31897],[-74.90991,5.31897],[-74.90991,5.31897],[-74.90991,5.31897],[-74.90991,5.31897],[-74.90991,5.31897],[-74.90991,5.31897],[-74.90991,5.31897],[-74.90991,5.31897],[-74.90991,5.31897],[-74.9099,5.31897],[-74.9099,5.31897],[-74.9099,5.31897],[-74.9099,5.31897],[-74.9099,5.31897],[-74.9099,5.31897],[-74.9099,5.31897],[-74.9099,5.31897],[-74.9099,5.31897],[-74.9099,5.31897],[-74.9099,5.31897],[-74.9099,5.31896],[-74.9099,5.31896],[-74.9099,5.31896],[-74.9099,5.31896],[-74.9099,5.31896],[-74.9099,5.31896],[-74.9099,5.31896],[-74.9099,5.31896],[-74.9099,5.31896],[-74.9099,5.31896],[-74.90989,5.31896],[-74.90989,5.31896],[-74.90989,5.31896],[-74.90989,5.31896],[-74.90989,5.31896],[-74.90989,5.31896],[-74.90989,5.31896],[-74.90989,5.31896],[-74.90989,5.31896],[-74.90989,5.31896],[-74.90989,5.31896],[-74.90989,5.31896],[-74.90988,5.31896],[-74.90988,5.31896],[-74.90988,5.31896],[-74.90988,5.31896],[-74.90988,5.31896],[-74.90988,5.31896],[-74.90988,5.31896],[-74.90987,5.31896],[-74.90987,5.31896],[-74.90987,5.31896],[-74.90987,5.31896],[-74.90987,5.31896],[-74.90986,5.31896],[-74.90986,5.31896],[-74.90986,5.31896],[-74.90986,5.31896],[-74.90986,5.31896],[-74.90986,5.31896],[-74.90986,5.31896],[-74.90986,5.31896],[-74.90986,5.31896],[-74.90986,5.31896],[-74.90986,5.31896],[-74.90986,5.31896],[-74.90986,5.31896],[-74.90986,5.31896],[-74.90985,5.31896],[-74.90985,5.31896],[-74.90985,5.31896],[-74.90985,5.31896],[-74.90985,5.31896],[-74.90985,5.31895],[-74.90985,5.31895],[-74.90985,5.31895],[-74.90985,5.31895],[-74.90985,5.31895],[-74.90985,5.31895],[-74.90985,5.31895],[-74.90985,5.31895],[-74.90985,5.31895],[-74.90985,5.31895],[-74.90985,5.31895],[-74.90985,5.31895],[-74.90985,5.31895],[-74.90984,5.31895],[-74.90984,5.31895],[-74.90984,5.31895],[-74.90984,5.31895],[-74.90984,5.31895],[-74.90984,5.31895],[-74.90984,5.31895],[-74.90984,5.31895],[-74.90984,5.31895],[-74.90984,5.31895],[-74.90984,5.31895],[-74.90984,5.31895],[-74.90984,5.31895],[-74.90984,5.31895],[-74.90983,5.31895],[-74.90983,5.31895],[-74.90983,5.31895],[-74.90983,5.31895],[-74.90983,5.31895],[-74.90983,5.31895],[-74.90983,5.31895],[-74.90983,5.31895],[-74.90983,5.31895],[-74.90983,5.31895],[-74.90983,5.31895],[-74.90983,5.31895],[-74.90982,5.31895],[-74.90982,5.31895],[-74.90982,5.31895],[-74.90982,5.31895],[-74.90982,5.31895],[-74.90982,5.31895],[-74.90981,5.31895],[-74.90981,5.31895],[-74.90981,5.31895],[-74.90981,5.31895],[-74.90981,5.31895],[-74.90981,5.31895],[-74.90981,5.31895],[-74.90981,5.31895],[-74.9098,5.31895],[-74.9098,5.31895],[-74.9098,5.31895],[-74.9098,5.31895],[-74.9098,5.31895],[-74.9098,5.31895],[-74.9098,5.31895],[-74.9098,5.31895],[-74.9098,5.31895],[-74.9098,5.31895],[-74.9098,5.31895],[-74.9098,5.31895],[-74.9098,5.31895],[-74.9098,5.31895],[-74.9098,5.31895],[-74.9098,5.31894],[-74.9098,5.31894],[-74.9098,5.31894],[-74.9098,5.31894],[-74.9098,5.31894],[-74.9098,5.31894],[-74.9098,5.31894],[-74.9098,5.31894],[-74.90979,5.31894],[-74.90979,5.31894],[-74.90979,5.31894],[-74.90979,5.31894],[-74.90979,5.31894],[-74.90979,5.31894],[-74.90979,5.31894],[-74.90979,5.31894],[-74.90979,5.31894],[-74.90979,5.31894],[-74.90979,5.31894],[-74.90979,5.31894],[-74.90979,5.31894],[-74.90979,5.31894],[-74.90979,5.31894],[-74.90979,5.31894],[-74.90979,5.31894],[-74.90979,5.31894],[-74.90979,5.31894],[-74.90979,5.31893],[-74.90979,5.31893],[-74.90979,5.31893],[-74.90979,5.31893],[-74.90979,5.31893],[-74.90979,5.31893],[-74.90979,5.31893],[-74.90979,5.31893],[-74.90979,5.31893],[-74.90979,5.31893],[-74.90979,5.31893],[-74.90979,5.31893],[-74.90979,5.31893],[-74.90979,5.31893],[-74.90979,5.31893],[-74.90979,5.31893],[-74.90979,5.31893],[-74.90979,5.31893],[-74.90979,5.31893],[-74.90979,5.31893],[-74.90979,5.31893],[-74.90979,5.31893],[-74.90979,5.31893],[-74.90978,5.31893],[-74.90978,5.31893],[-74.90978,5.31892],[-74.90978,5.31892],[-74.90978,5.31892],[-74.90978,5.31892],[-74.90978,5.31892],[-74.90978,5.31892],[-74.90978,5.31892],[-74.90978,5.31892],[-74.90978,5.31892],[-74.90978,5.31892],[-74.90978,5.31892],[-74.90978,5.31893],[-74.90978,5.31893],[-74.90978,5.31893],[-74.90978,5.31893],[-74.90978,5.31893],[-74.90978,5.31893],[-74.90977,5.31893],[-74.90977,5.31893],[-74.90977,5.31893],[-74.90977,5.31893],[-74.90977,5.31893],[-74.90976,5.31893],[-74.90976,5.31893],[-74.90976,5.31893],[-74.90976,5.31893],[-74.90976,5.31893],[-74.90976,5.31893],[-74.90976,5.31893],[-74.90976,5.31893],[-74.90976,5.31893],[-74.90976,5.31893],[-74.90975,5.31893],[-74.90975,5.31893],[-74.90975,5.31893],[-74.90975,5.31893],[-74.90975,5.31893],[-74.90975,5.31893],[-74.90975,5.31892],[-74.90975,5.31892],[-74.90975,5.31892],[-74.90975,5.31892],[-74.90975,5.31892],[-74.90975,5.31892],[-74.90975,5.31892],[-74.90975,5.31892],[-74.90975,5.31892],[-74.90975,5.31892],[-74.90975,5.31892],[-74.90975,5.31892],[-74.90975,5.31893],[-74.90975,5.31893],[-74.90975,5.31893],[-74.90975,5.31893],[-74.90974,5.31893],[-74.90974,5.31893],[-74.90974,5.31893],[-74.90974,5.31893],[-74.90974,5.31893],[-74.90974,5.31893],[-74.90974,5.31893],[-74.90974,5.31893],[-74.90974,5.31893],[-74.90974,5.31893],[-74.90974,5.31893],[-74.90974,5.31893],[-74.90974,5.31892],[-74.90974,5.31892],[-74.90974,5.31892],[-74.90974,5.31892],[-74.90974,5.31892],[-74.90973,5.31892],[-74.90973,5.31892],[-74.90973,5.31892],[-74.90973,5.31892],[-74.90973,5.31892],[-74.90973,5.31892],[-74.90973,5.31892],[-74.90973,5.31892],[-74.90973,5.31892],[-74.90973,5.31892],[-74.90973,5.31892],[-74.90973,5.31892],[-74.90973,5.31892],[-74.90973,5.31892],[-74.90973,5.31892],[-74.90973,5.31892],[-74.90973,5.31892],[-74.90973,5.31891],[-74.90973,5.31891],[-74.90973,5.31891],[-74.90973,5.31891],[-74.90972,5.31891],[-74.90972,5.31891],[-74.90972,5.31891],[-74.90972,5.31891],[-74.90972,5.31891],[-74.90972,5.31891],[-74.90972,5.31891],[-74.90972,5.31891],[-74.90972,5.31891],[-74.90972,5.31891],[-74.90972,5.31891],[-74.90972,5.31891],[-74.90972,5.31891],[-74.90972,5.31891],[-74.90972,5.31891],[-74.90972,5.31891],[-74.90972,5.31891],[-74.90972,5.31891],[-74.90971,5.31891],[-74.90971,5.31891],[-74.90971,5.31891],[-74.90971,5.31891],[-74.90971,5.31891],[-74.90971,5.31891],[-74.90971,5.31891],[-74.90971,5.31891],[-74.90971,5.31891],[-74.90971,5.31891],[-74.90971,5.3189],[-74.90971,5.3189],[-74.9097,5.3189],[-74.9097,5.3189],[-74.9097,5.3189],[-74.9097,5.3189],[-74.9097,5.3189],[-74.9097,5.3189],[-74.9097,5.3189],[-74.9097,5.3189],[-74.9097,5.3189],[-74.9097,5.3189],[-74.9097,5.3189],[-74.9097,5.3189],[-74.9097,5.3189],[-74.9097,5.3189],[-74.9097,5.3189],[-74.9097,5.3189],[-74.9097,5.3189],[-74.9097,5.3189],[-74.90969,5.3189],[-74.90969,5.3189],[-74.90969,5.3189],[-74.90969,5.3189],[-74.90969,5.3189],[-74.90969,5.3189],[-74.90969,5.3189],[-74.90969,5.3189],[-74.90969,5.3189],[-74.90969,5.3189],[-74.90969,5.3189],[-74.90969,5.3189],[-74.90969,5.3189],[-74.90969,5.31889],[-74.90969,5.31889],[-74.90968,5.31889],[-74.90968,5.31889],[-74.90968,5.31889],[-74.90968,5.31889],[-74.90968,5.31889],[-74.90968,5.31889],[-74.90968,5.31889],[-74.90968,5.31889],[-74.90968,5.31889],[-74.90968,5.31889],[-74.90968,5.31889],[-74.90968,5.31889],[-74.90968,5.31889],[-74.90968,5.31889],[-74.90968,5.31889],[-74.90968,5.31889],[-74.90968,5.31889],[-74.90968,5.31889],[-74.90968,5.31889],[-74.90967,5.31889],[-74.90967,5.31889],[-74.90967,5.31889],[-74.90967,5.31889],[-74.90967,5.31889],[-74.90967,5.31889],[-74.90967,5.31889],[-74.90967,5.31889],[-74.90967,5.31889],[-74.90967,5.31889],[-74.90967,5.31889],[-74.90967,5.31889],[-74.90967,5.31889],[-74.90967,5.31889],[-74.90967,5.31889],[-74.90967,5.31889],[-74.90966,5.31889],[-74.90966,5.31889],[-74.90966,5.31889],[-74.90966,5.31888],[-74.90966,5.31888],[-74.90966,5.31888],[-74.90966,5.31888],[-74.90966,5.31888],[-74.90966,5.31888],[-74.90966,5.31888],[-74.90966,5.31888],[-74.90966,5.31888],[-74.90966,5.31888],[-74.90966,5.31888],[-74.90966,5.31888],[-74.90966,5.31888],[-74.90966,5.31888],[-74.90966,5.31888],[-74.90966,5.31888],[-74.90966,5.31888],[-74.90966,5.31888],[-74.90966,5.31888],[-74.90966,5.31887],[-74.90966,5.31887],[-74.90966,5.31887],[-74.90965,5.31887],[-74.90965,5.31887],[-74.90965,5.31887],[-74.90965,5.31887],[-74.90965,5.31887],[-74.90965,5.31887],[-74.90965,5.31887],[-74.90965,5.31887],[-74.90965,5.31887],[-74.90965,5.31887],[-74.90965,5.31887],[-74.90965,5.31887],[-74.90965,5.31887],[-74.90965,5.31887],[-74.90965,5.31887],[-74.90965,5.31887],[-74.90965,5.31887],[-74.90965,5.31887],[-74.90965,5.31887],[-74.90965,5.31887],[-74.90965,5.31886],[-74.90965,5.31886],[-74.90965,5.31886],[-74.90965,5.31886],[-74.90965,5.31886],[-74.90964,5.31886],[-74.90964,5.31886],[-74.90964,5.31886],[-74.90964,5.31886],[-74.90964,5.31886],[-74.90964,5.31886],[-74.90964,5.31886],[-74.90964,5.31886],[-74.90964,5.31886],[-74.90964,5.31886],[-74.90964,5.31886],[-74.90964,5.31886],[-74.90964,5.31886],[-74.90964,5.31886],[-74.90964,5.31886],[-74.90964,5.31886],[-74.90964,5.31886],[-74.90964,5.31886],[-74.90964,5.31886],[-74.90963,5.31886],[-74.90963,5.31886],[-74.90963,5.31886],[-74.90963,5.31886],[-74.90963,5.31886],[-74.90963,5.31886],[-74.90963,5.31886],[-74.90963,5.31886],[-74.90963,5.31886],[-74.90963,5.31887],[-74.90963,5.31887],[-74.90963,5.31887],[-74.90963,5.31887],[-74.90963,5.31887],[-74.90963,5.31887],[-74.90963,5.31887],[-74.90963,5.31887],[-74.90963,5.31887],[-74.90963,5.31887],[-74.90963,5.31887],[-74.90963,5.31887],[-74.90963,5.31887],[-74.90963,5.31887],[-74.90963,5.31886],[-74.90963,5.31886],[-74.90962,5.31886],[-74.90962,5.31886],[-74.90962,5.31886],[-74.90962,5.31886],[-74.90962,5.31886],[-74.90962,5.31886],[-74.90962,5.31886],[-74.90962,5.31886],[-74.90962,5.31886],[-74.90962,5.31886],[-74.90962,5.31886],[-74.90962,5.31886],[-74.90962,5.31886],[-74.90962,5.31886],[-74.90962,5.31886],[-74.90962,5.31886],[-74.90962,5.31886],[-74.90962,5.31886],[-74.90962,5.31886],[-74.90961,5.31886],[-74.90961,5.31886],[-74.90961,5.31886],[-74.90961,5.31886],[-74.90961,5.31886],[-74.90961,5.31886],[-74.90961,5.31886],[-74.90961,5.31886],[-74.90961,5.31886],[-74.90961,5.31886],[-74.90961,5.31886],[-74.90961,5.31886],[-74.90961,5.31886],[-74.90961,5.31886],[-74.90961,5.31886],[-74.90961,5.31886],[-74.9096,5.31886],[-74.9096,5.31886],[-74.9096,5.31886],[-74.9096,5.31886],[-74.9096,5.31886],[-74.9096,5.31886],[-74.90959,5.31886],[-74.90959,5.31886],[-74.90959,5.31886],[-74.90959,5.31886],[-74.90959,5.31886],[-74.90959,5.31886],[-74.90959,5.31886],[-74.90959,5.31886],[-74.90959,5.31886],[-74.90959,5.31886],[-74.90959,5.31886],[-74.90958,5.31886],[-74.90958,5.31886],[-74.90958,5.31886],[-74.90958,5.31887],[-74.90958,5.31887],[-74.90958,5.31887],[-74.90958,5.31887],[-74.90958,5.31887],[-74.90958,5.31887],[-74.90958,5.31887],[-74.90958,5.31887],[-74.90958,5.31887],[-74.90958,5.31887],[-74.90958,5.31887],[-74.90958,5.31887],[-74.90958,5.31887],[-74.90958,5.31887],[-74.90958,5.31887],[-74.90958,5.31887],[-74.90958,5.31887],[-74.90957,5.31887],[-74.90957,5.31887],[-74.90957,5.31887],[-74.90957,5.31887],[-74.90957,5.31887],[-74.90957,5.31887],[-74.90957,5.31887],[-74.90957,5.31887],[-74.90957,5.31887],[-74.90957,5.31887],[-74.90957,5.31887],[-74.90957,5.31887],[-74.90957,5.31887],[-74.90957,5.31887],[-74.90957,5.31887],[-74.90957,5.31887],[-74.90957,5.31887],[-74.90957,5.31887],[-74.90957,5.31888],[-74.90957,5.31888],[-74.90957,5.31888],[-74.90957,5.31888],[-74.90957,5.31888],[-74.90956,5.31888],[-74.90956,5.31888],[-74.90956,5.31888],[-74.90956,5.31888],[-74.90956,5.31888],[-74.90956,5.31888],[-74.90956,5.31888],[-74.90956,5.31888],[-74.90956,5.31888],[-74.90956,5.31888],[-74.90956,5.31888],[-74.90956,5.31888],[-74.90956,5.31888],[-74.90956,5.31888],[-74.90956,5.31888],[-74.90956,5.31888],[-74.90956,5.31888],[-74.90956,5.31888],[-74.90956,5.31888],[-74.90956,5.31888],[-74.90956,5.31888],[-74.90955,5.31888],[-74.90955,5.31888],[-74.90955,5.31888],[-74.90955,5.31888],[-74.90955,5.31888],[-74.90955,5.31888],[-74.90955,5.31888],[-74.90955,5.31888],[-74.90955,5.31888],[-74.90955,5.31888],[-74.90955,5.31888],[-74.90955,5.31888],[-74.90955,5.31888],[-74.90955,5.31888],[-74.90955,5.31888],[-74.90955,5.31888],[-74.90955,5.31888],[-74.90955,5.31888],[-74.90955,5.31888],[-74.90955,5.31889],[-74.90955,5.31889],[-74.90955,5.31889],[-74.90955,5.31889],[-74.90955,5.31889],[-74.90954,5.31889],[-74.90954,5.31889],[-74.90954,5.31889],[-74.90954,5.31889],[-74.90954,5.31889],[-74.90954,5.31889],[-74.90954,5.31889],[-74.90954,5.31889],[-74.90954,5.31889],[-74.90954,5.31889],[-74.90954,5.3189],[-74.90954,5.3189],[-74.90954,5.3189],[-74.90954,5.3189],[-74.90954,5.3189],[-74.90954,5.3189],[-74.90954,5.3189],[-74.90954,5.3189],[-74.90954,5.3189],[-74.90954,5.3189],[-74.90954,5.3189],[-74.90954,5.3189],[-74.90954,5.3189],[-74.90954,5.3189],[-74.90954,5.3189],[-74.90954,5.3189],[-74.90954,5.3189],[-74.90954,5.3189],[-74.90954,5.31891],[-74.90953,5.31891],[-74.90953,5.31891],[-74.90953,5.31891],[-74.90953,5.31891],[-74.90953,5.31891],[-74.90953,5.31891],[-74.90953,5.31891],[-74.90953,5.31891],[-74.90953,5.31891],[-74.90953,5.31891],[-74.90953,5.31891],[-74.90953,5.31891],[-74.90953,5.31891],[-74.90953,5.31891],[-74.90953,5.31891],[-74.90952,5.31891],[-74.90952,5.31891],[-74.90952,5.31891],[-74.90952,5.31891],[-74.90952,5.31891],[-74.90952,5.31891],[-74.90952,5.31891],[-74.90952,5.31891],[-74.90952,5.31891],[-74.90952,5.31891],[-74.90952,5.31891],[-74.90952,5.31891],[-74.90952,5.31891],[-74.90952,5.31891],[-74.90952,5.31891],[-74.90952,5.3189],[-74.90951,5.3189],[-74.90951,5.3189],[-74.90951,5.3189],[-74.90951,5.3189],[-74.90951,5.3189],[-74.90951,5.3189],[-74.90951,5.3189],[-74.90951,5.3189],[-74.90951,5.3189],[-74.90951,5.3189],[-74.90951,5.3189],[-74.90951,5.3189],[-74.90951,5.3189],[-74.90951,5.3189],[-74.90951,5.3189],[-74.90951,5.3189],[-74.90951,5.3189],[-74.90951,5.3189],[-74.90951,5.3189],[-74.90951,5.3189],[-74.90951,5.3189],[-74.90951,5.3189],[-74.90951,5.3189],[-74.90951,5.3189],[-74.90951,5.3189],[-74.90951,5.3189],[-74.90951,5.3189],[-74.90951,5.3189],[-74.90951,5.3189],[-74.90951,5.3189],[-74.90951,5.3189],[-74.9095,5.3189],[-74.9095,5.3189],[-74.9095,5.3189],[-74.9095,5.3189],[-74.9095,5.3189],[-74.9095,5.3189],[-74.9095,5.3189],[-74.9095,5.3189],[-74.9095,5.3189],[-74.9095,5.3189],[-74.9095,5.3189],[-74.9095,5.3189],[-74.9095,5.3189],[-74.9095,5.3189],[-74.9095,5.3189],[-74.9095,5.3189],[-74.9095,5.3189],[-74.9095,5.3189],[-74.9095,5.3189],[-74.9095,5.3189],[-74.9095,5.3189],[-74.9095,5.3189],[-74.9095,5.3189],[-74.9095,5.3189],[-74.9095,5.3189],[-74.9095,5.3189],[-74.9095,5.3189],[-74.9095,5.3189],[-74.9095,5.3189],[-74.9095,5.3189],[-74.9095,5.3189],[-74.90949,5.3189],[-74.90949,5.3189],[-74.90949,5.3189],[-74.90949,5.3189],[-74.90949,5.3189],[-74.90949,5.3189],[-74.90949,5.3189],[-74.90949,5.3189],[-74.90949,5.3189],[-74.90949,5.31891],[-74.90949,5.31891],[-74.90949,5.31891],[-74.90949,5.31891],[-74.90949,5.31891],[-74.90949,5.31891],[-74.90949,5.31891],[-74.90948,5.31891],[-74.90948,5.31891],[-74.90948,5.31891],[-74.90948,5.31891],[-74.90948,5.31891],[-74.90948,5.31891],[-74.90948,5.31891],[-74.90948,5.31891],[-74.90948,5.31891],[-74.90948,5.31891],[-74.90948,5.31891],[-74.90948,5.31891],[-74.90948,5.31891],[-74.90948,5.31891],[-74.90948,5.31891],[-74.90948,5.31891],[-74.90948,5.31891],[-74.90948,5.31892],[-74.90948,5.31892],[-74.90947,5.31892],[-74.90947,5.31892],[-74.90947,5.31892],[-74.90947,5.31892],[-74.90947,5.31892],[-74.90947,5.31892],[-74.90947,5.31892],[-74.90947,5.31892],[-74.90947,5.31892],[-74.90947,5.31892],[-74.90947,5.31892],[-74.90947,5.31892],[-74.90946,5.31892],[-74.90946,5.31892],[-74.90946,5.31892],[-74.90946,5.31892],[-74.90946,5.31892],[-74.90946,5.31892],[-74.90946,5.31892],[-74.90946,5.31892],[-74.90946,5.31892],[-74.90946,5.31892],[-74.90946,5.31892],[-74.90946,5.31892],[-74.90946,5.31892],[-74.90946,5.31892],[-74.90946,5.31892],[-74.90946,5.31892],[-74.90946,5.31892],[-74.90946,5.31892],[-74.90946,5.31892],[-74.90946,5.31892],[-74.90945,5.31892],[-74.90945,5.31893],[-74.90945,5.31893],[-74.90945,5.31893],[-74.90945,5.31893],[-74.90945,5.31893],[-74.90945,5.31893],[-74.90945,5.31893],[-74.90945,5.31893],[-74.90945,5.31893],[-74.90945,5.31893],[-74.90945,5.31893],[-74.90945,5.31893],[-74.90945,5.31893],[-74.90945,5.31893],[-74.90945,5.31893],[-74.90945,5.31893],[-74.90945,5.31893],[-74.90945,5.31893],[-74.90945,5.31893],[-74.90945,5.31893],[-74.90945,5.31893],[-74.90944,5.31893],[-74.90944,5.31893],[-74.90944,5.31893],[-74.90944,5.31893],[-74.90944,5.31893],[-74.90944,5.31893],[-74.90944,5.31893],[-74.90944,5.31893],[-74.90944,5.31894],[-74.90944,5.31894],[-74.90944,5.31894],[-74.90944,5.31894],[-74.90944,5.31894],[-74.90944,5.31894],[-74.90944,5.31894],[-74.90944,5.31894],[-74.90944,5.31894],[-74.90944,5.31894],[-74.90944,5.31894],[-74.90944,5.31894],[-74.90944,5.31894],[-74.90944,5.31894],[-74.90944,5.31894],[-74.90944,5.31894],[-74.90944,5.31894],[-74.90944,5.31894],[-74.90943,5.31894],[-74.90943,5.31894],[-74.90943,5.31894],[-74.90943,5.31894],[-74.90943,5.31894],[-74.90943,5.31895],[-74.90943,5.31895],[-74.90943,5.31895],[-74.90943,5.31895],[-74.90943,5.31895],[-74.90943,5.31895],[-74.90943,5.31895],[-74.90943,5.31895],[-74.90943,5.31895],[-74.90943,5.31895],[-74.90943,5.31895],[-74.90943,5.31895],[-74.90943,5.31896],[-74.90943,5.31896],[-74.90943,5.31896],[-74.90943,5.31897],[-74.90943,5.31897],[-74.90943,5.31897],[-74.90943,5.31897],[-74.90943,5.31897],[-74.90943,5.31897],[-74.90943,5.31897],[-74.90943,5.31897],[-74.90943,5.31897],[-74.90943,5.31897],[-74.90943,5.31897],[-74.90943,5.31897],[-74.90943,5.31897],[-74.90943,5.31897],[-74.90943,5.31897],[-74.90943,5.31897],[-74.90943,5.31897],[-74.90943,5.31897],[-74.90943,5.31898],[-74.90943,5.31898],[-74.90943,5.31898],[-74.90943,5.31898],[-74.90943,5.31898],[-74.90943,5.31898],[-74.90943,5.31898],[-74.90943,5.31898],[-74.90943,5.31898],[-74.90942,5.31898],[-74.90942,5.31898],[-74.90942,5.31898],[-74.90942,5.31898],[-74.90942,5.31898],[-74.90942,5.31898],[-74.90942,5.31898],[-74.90942,5.31898],[-74.90942,5.31898],[-74.90942,5.31898],[-74.90942,5.31898],[-74.90942,5.31898],[-74.90942,5.31898],[-74.90942,5.31898],[-74.90942,5.31898],[-74.90942,5.31898],[-74.90942,5.31898],[-74.90942,5.31898],[-74.90941,5.31898],[-74.90941,5.31898],[-74.90941,5.31898],[-74.90941,5.31898],[-74.90941,5.31898],[-74.90941,5.31898],[-74.90941,5.31898],[-74.90941,5.31898],[-74.90941,5.31898],[-74.90941,5.31898],[-74.90941,5.31898],[-74.90941,5.31898],[-74.90941,5.31898],[-74.90941,5.31898],[-74.90941,5.31898],[-74.90941,5.31898],[-74.90941,5.31898],[-74.90941,5.31898],[-74.90941,5.31898],[-74.90941,5.31898],[-74.90941,5.31898],[-74.90941,5.31898],[-74.90941,5.31898],[-74.90941,5.31898],[-74.90941,5.31898],[-74.90941,5.31899],[-74.90941,5.31899],[-74.90941,5.31899],[-74.90941,5.31899],[-74.90941,5.31899],[-74.90941,5.31899],[-74.90941,5.31899],[-74.90941,5.31899],[-74.90941,5.31899],[-74.9094,5.31899],[-74.9094,5.31899],[-74.9094,5.31899],[-74.9094,5.31899],[-74.9094,5.31899],[-74.90939,5.31899],[-74.90939,5.31899],[-74.90939,5.31899],[-74.90939,5.31899],[-74.90939,5.31899],[-74.90938,5.31899],[-74.90938,5.31899],[-74.90938,5.31899],[-74.90938,5.31899],[-74.90938,5.31899],[-74.90938,5.31899],[-74.90938,5.31899],[-74.90938,5.31899],[-74.90938,5.31899],[-74.90938,5.31899],[-74.90938,5.31899],[-74.90938,5.31899],[-74.90938,5.31899],[-74.90938,5.31899],[-74.90938,5.31899],[-74.90938,5.31899],[-74.90938,5.31899],[-74.90938,5.31899],[-74.90938,5.31899],[-74.90938,5.31899],[-74.90938,5.31899],[-74.90938,5.31899],[-74.90938,5.31899],[-74.90938,5.31899],[-74.90938,5.31899],[-74.90938,5.31899],[-74.90938,5.31899],[-74.90938,5.31899],[-74.90938,5.31899],[-74.90938,5.319],[-74.90938,5.319],[-74.90938,5.319],[-74.90938,5.319],[-74.90938,5.319],[-74.90938,5.319],[-74.90938,5.319],[-74.90938,5.319],[-74.90939,5.319],[-74.90939,5.319],[-74.90939,5.319],[-74.90939,5.319],[-74.90939,5.319],[-74.90939,5.319],[-74.90939,5.319],[-74.90939,5.319],[-74.90939,5.319],[-74.90939,5.319],[-74.90939,5.319],[-74.90939,5.319],[-74.90939,5.319],[-74.90939,5.31901],[-74.90939,5.31901],[-74.90938,5.31901],[-74.90938,5.31901],[-74.90938,5.31901],[-74.90938,5.31901],[-74.90938,5.31901],[-74.90938,5.31901],[-74.90938,5.31901],[-74.90938,5.31901],[-74.90938,5.31901],[-74.90938,5.31901],[-74.90938,5.31901],[-74.90938,5.31901],[-74.90938,5.31901],[-74.90938,5.31901],[-74.90938,5.31901],[-74.90938,5.31901],[-74.90938,5.31901],[-74.90938,5.31901],[-74.90938,5.31901],[-74.90938,5.31901],[-74.90938,5.31901],[-74.90938,5.31901],[-74.90938,5.31902],[-74.90938,5.31902],[-74.90938,5.31902],[-74.90938,5.31902],[-74.90938,5.31902],[-74.90938,5.31902],[-74.90938,5.31902],[-74.90938,5.31902],[-74.90938,5.31902],[-74.90938,5.31902],[-74.90937,5.31902],[-74.90937,5.31902],[-74.90937,5.31902],[-74.90937,5.31902],[-74.90937,5.31902],[-74.90937,5.31902],[-74.90937,5.31903],[-74.90937,5.31903],[-74.90937,5.31903],[-74.90937,5.31903],[-74.90937,5.31903],[-74.90937,5.31903],[-74.90937,5.31903],[-74.90937,5.31903],[-74.90937,5.31903],[-74.90937,5.31903],[-74.90937,5.31903],[-74.90937,5.31903],[-74.90937,5.31903],[-74.90937,5.31903],[-74.90937,5.31903],[-74.90937,5.31903],[-74.90937,5.31903],[-74.90937,5.31903],[-74.90937,5.31903],[-74.90937,5.31903],[-74.90937,5.31903],[-74.90937,5.31903],[-74.90937,5.31903],[-74.90937,5.31903],[-74.90936,5.31903],[-74.90936,5.31904],[-74.90936,5.31904],[-74.90936,5.31904],[-74.90936,5.31904],[-74.90936,5.31904],[-74.90936,5.31904],[-74.90936,5.31904],[-74.90936,5.31904],[-74.90936,5.31904],[-74.90936,5.31904],[-74.90936,5.31904],[-74.90936,5.31904],[-74.90936,5.31904],[-74.90936,5.31904],[-74.90936,5.31904],[-74.90936,5.31904],[-74.90936,5.31904],[-74.90936,5.31904],[-74.90936,5.31904],[-74.90936,5.31904],[-74.90936,5.31904],[-74.90935,5.31904],[-74.90935,5.31904],[-74.90935,5.31904],[-74.90935,5.31904],[-74.90935,5.31905],[-74.90935,5.31905],[-74.90935,5.31905],[-74.90935,5.31905],[-74.90935,5.31905],[-74.90935,5.31905],[-74.90935,5.31905],[-74.90935,5.31905],[-74.90935,5.31905],[-74.90935,5.31905],[-74.90935,5.31905],[-74.90935,5.31905],[-74.90935,5.31905],[-74.90935,5.31905],[-74.90935,5.31905],[-74.90935,5.31905],[-74.90934,5.31905],[-74.90934,5.31905],[-74.90934,5.31905],[-74.90934,5.31905],[-74.90934,5.31905],[-74.90934,5.31905],[-74.90934,5.31905],[-74.90934,5.31905],[-74.90934,5.31905],[-74.90934,5.31905],[-74.90934,5.31905],[-74.90934,5.31905],[-74.90934,5.31905],[-74.90934,5.31905],[-74.90933,5.31905],[-74.90933,5.31905],[-74.90933,5.31905],[-74.90933,5.31905],[-74.90933,5.31906],[-74.90933,5.31906],[-74.90933,5.31906],[-74.90933,5.31906],[-74.90933,5.31906],[-74.90933,5.31906],[-74.90933,5.31906],[-74.90933,5.31906],[-74.90933,5.31906],[-74.90933,5.31906],[-74.90933,5.31906],[-74.90933,5.31906],[-74.90933,5.31906],[-74.90933,5.31906],[-74.90933,5.31906],[-74.90933,5.31906],[-74.90933,5.31907],[-74.90933,5.31907],[-74.90933,5.31907],[-74.90933,5.31907],[-74.90933,5.31907],[-74.90933,5.31907],[-74.90933,5.31907],[-74.90932,5.31907],[-74.90932,5.31907],[-74.90932,5.31907],[-74.90932,5.31907],[-74.90932,5.31907],[-74.90932,5.31907],[-74.90932,5.31907],[-74.90932,5.31907],[-74.90932,5.31907],[-74.90932,5.31907],[-74.90932,5.31907],[-74.90932,5.31907],[-74.90932,5.31907],[-74.90932,5.31907],[-74.90932,5.31908],[-74.90932,5.31908],[-74.90932,5.31908],[-74.90932,5.31908],[-74.90932,5.31908],[-74.90932,5.31908],[-74.90932,5.31908],[-74.90932,5.31908],[-74.90932,5.31908],[-74.90932,5.31908],[-74.90931,5.31908],[-74.90931,5.31908],[-74.90931,5.31908],[-74.90931,5.31908],[-74.90931,5.31908],[-74.90931,5.31908],[-74.90931,5.31908],[-74.90931,5.31908],[-74.90931,5.31908],[-74.90931,5.31909],[-74.90931,5.31909],[-74.90931,5.31909],[-74.90931,5.31909],[-74.90931,5.31909],[-74.90931,5.31909],[-74.90931,5.31909],[-74.90931,5.31909],[-74.90931,5.31909],[-74.90931,5.31909],[-74.90931,5.31909],[-74.90931,5.31909],[-74.90931,5.31909],[-74.90931,5.3191],[-74.90931,5.3191],[-74.90931,5.3191],[-74.90931,5.3191],[-74.90931,5.3191],[-74.90931,5.3191],[-74.90931,5.3191],[-74.90931,5.3191],[-74.90931,5.3191],[-74.90931,5.3191],[-74.90931,5.3191],[-74.90931,5.3191],[-74.90931,5.3191],[-74.90931,5.3191],[-74.90931,5.3191],[-74.90931,5.3191],[-74.9093,5.3191],[-74.9093,5.3191],[-74.9093,5.31911],[-74.9093,5.31911],[-74.9093,5.31911],[-74.9093,5.31911],[-74.9093,5.31911],[-74.9093,5.31911],[-74.9093,5.31911],[-74.9093,5.31911],[-74.9093,5.31911],[-74.9093,5.31911],[-74.9093,5.31911],[-74.9093,5.31911],[-74.9093,5.31911],[-74.9093,5.31911],[-74.9093,5.31911],[-74.9093,5.31911],[-74.9093,5.31911],[-74.9093,5.31912],[-74.9093,5.31912],[-74.9093,5.31912],[-74.9093,5.31912],[-74.9093,5.31912],[-74.9093,5.31912],[-74.9093,5.31912],[-74.9093,5.31912],[-74.9093,5.31912],[-74.9093,5.31912],[-74.9093,5.31912],[-74.9093,5.31912],[-74.9093,5.31912],[-74.9093,5.31913],[-74.9093,5.31913],[-74.9093,5.31913],[-74.9093,5.31913],[-74.9093,5.31913],[-74.9093,5.31914],[-74.90929,5.31914],[-74.90929,5.31914],[-74.90929,5.31914],[-74.90929,5.31914],[-74.90929,5.31914],[-74.90929,5.31914],[-74.90929,5.31914],[-74.90929,5.31914],[-74.90929,5.31914],[-74.90929,5.31914],[-74.90929,5.31914],[-74.90929,5.31914],[-74.90929,5.31914],[-74.90929,5.31914],[-74.90929,5.31914],[-74.90929,5.31914],[-74.90929,5.31914],[-74.90929,5.31914],[-74.90929,5.31914],[-74.90929,5.31914],[-74.90929,5.31914],[-74.90929,5.31914],[-74.90929,5.31914],[-74.90929,5.31914],[-74.90929,5.31915],[-74.90929,5.31915],[-74.90929,5.31915],[-74.90929,5.31915],[-74.90929,5.31915],[-74.90929,5.31915],[-74.90929,5.31915],[-74.90929,5.31915],[-74.90929,5.31915],[-74.90929,5.31915],[-74.90929,5.31915],[-74.90929,5.31916],[-74.9093,5.31916],[-74.9093,5.31916],[-74.9093,5.31916],[-74.9093,5.31916],[-74.9093,5.31916],[-74.9093,5.31916],[-74.9093,5.31916],[-74.9093,5.31916],[-74.9093,5.31916],[-74.9093,5.31916],[-74.9093,5.31916],[-74.9093,5.31916],[-74.9093,5.31916],[-74.9093,5.31916],[-74.9093,5.31916],[-74.9093,5.31916],[-74.9093,5.31916],[-74.9093,5.31917],[-74.9093,5.31917],[-74.9093,5.31917],[-74.9093,5.31917],[-74.9093,5.31917],[-74.9093,5.31917],[-74.9093,5.31917],[-74.9093,5.31917],[-74.9093,5.31917],[-74.9093,5.31917],[-74.9093,5.31918],[-74.9093,5.31918],[-74.9093,5.31918],[-74.9093,5.31918],[-74.9093,5.31918],[-74.9093,5.31918],[-74.9093,5.31918],[-74.9093,5.31918],[-74.9093,5.31919],[-74.9093,5.31919],[-74.9093,5.31919],[-74.9093,5.31919],[-74.9093,5.31919],[-74.9093,5.31919],[-74.9093,5.31919],[-74.9093,5.31919],[-74.9093,5.31919],[-74.9093,5.31919],[-74.9093,5.31919],[-74.9093,5.3192],[-74.9093,5.3192],[-74.9093,5.3192],[-74.9093,5.3192],[-74.9093,5.3192],[-74.9093,5.3192],[-74.9093,5.3192],[-74.9093,5.3192],[-74.9093,5.3192],[-74.9093,5.3192],[-74.9093,5.3192],[-74.9093,5.3192],[-74.9093,5.3192],[-74.9093,5.3192],[-74.9093,5.3192],[-74.9093,5.3192],[-74.9093,5.3192],[-74.9093,5.3192],[-74.9093,5.31921],[-74.9093,5.31921],[-74.9093,5.31921],[-74.9093,5.31921],[-74.9093,5.31921],[-74.9093,5.31921],[-74.9093,5.31921],[-74.9093,5.31921],[-74.9093,5.31921],[-74.9093,5.31921],[-74.9093,5.31922],[-74.9093,5.31922],[-74.9093,5.31922],[-74.9093,5.31922],[-74.9093,5.31922],[-74.9093,5.31922],[-74.9093,5.31922],[-74.9093,5.31922],[-74.9093,5.31922],[-74.9093,5.31923],[-74.9093,5.31923],[-74.9093,5.31923],[-74.9093,5.31923],[-74.9093,5.31923],[-74.9093,5.31923],[-74.9093,5.31923],[-74.9093,5.31923],[-74.9093,5.31923],[-74.9093,5.31923],[-74.9093,5.31924],[-74.9093,5.31924],[-74.9093,5.31924],[-74.9093,5.31924],[-74.9093,5.31924],[-74.9093,5.31924],[-74.9093,5.31924],[-74.9093,5.31924],[-74.9093,5.31925],[-74.9093,5.31925],[-74.9093,5.31925],[-74.90931,5.31925],[-74.90931,5.31925],[-74.90931,5.31925],[-74.90931,5.31925],[-74.90931,5.31925],[-74.90931,5.31925],[-74.90931,5.31926],[-74.90931,5.31926],[-74.90931,5.31926],[-74.90931,5.31926],[-74.90931,5.31926],[-74.90931,5.31926],[-74.90931,5.31926],[-74.90931,5.31926],[-74.90931,5.31926],[-74.90931,5.31926],[-74.90931,5.31926],[-74.90931,5.31926],[-74.90931,5.31926],[-74.90931,5.31926],[-74.90931,5.31927],[-74.90931,5.31927],[-74.90931,5.31927],[-74.90931,5.31927],[-74.90931,5.31927],[-74.90931,5.31927],[-74.90931,5.31927],[-74.90931,5.31927],[-74.90931,5.31927],[-74.90931,5.31927],[-74.90931,5.31927],[-74.90931,5.31927],[-74.90931,5.31927],[-74.90931,5.31927],[-74.90931,5.31927],[-74.90931,5.31927],[-74.90931,5.31927],[-74.90931,5.31927],[-74.90931,5.31927],[-74.9093,5.31927],[-74.9093,5.31928],[-74.9093,5.31928],[-74.9093,5.31928],[-74.9093,5.31928],[-74.9093,5.31928],[-74.9093,5.31928],[-74.90931,5.31928],[-74.90931,5.31928],[-74.90931,5.31928],[-74.90931,5.31928],[-74.90931,5.31928],[-74.90931,5.31928],[-74.90931,5.31928],[-74.90931,5.31928],[-74.90931,5.31928],[-74.90931,5.31929],[-74.90931,5.31929],[-74.90931,5.31929],[-74.90931,5.31929],[-74.90931,5.31929],[-74.90931,5.31929],[-74.90931,5.31929],[-74.90931,5.31929],[-74.90931,5.31929],[-74.90931,5.31929],[-74.90931,5.3193],[-74.90931,5.3193],[-74.90931,5.3193],[-74.90931,5.3193],[-74.90931,5.3193],[-74.90931,5.3193],[-74.90931,5.3193],[-74.90931,5.3193],[-74.90931,5.3193],[-74.90931,5.3193],[-74.90931,5.3193],[-74.90931,5.3193],[-74.90931,5.3193],[-74.90931,5.31931],[-74.90931,5.31931],[-74.90931,5.31931],[-74.90931,5.31931],[-74.90931,5.31931],[-74.90931,5.31931],[-74.90931,5.31931],[-74.90931,5.31931],[-74.90931,5.31931],[-74.90931,5.31932],[-74.90932,5.31932],[-74.90932,5.31932],[-74.90932,5.31932],[-74.90932,5.31932],[-74.90932,5.31932],[-74.90932,5.31932],[-74.90932,5.31932],[-74.90932,5.31932],[-74.90932,5.31932],[-74.90932,5.31932],[-74.90932,5.31932],[-74.90932,5.31932],[-74.90932,5.31932],[-74.90932,5.31932],[-74.90932,5.31932],[-74.90932,5.31932],[-74.90932,5.31933],[-74.90932,5.31933],[-74.90932,5.31933],[-74.90932,5.31933],[-74.90932,5.31933],[-74.90932,5.31933],[-74.90932,5.31933],[-74.90932,5.31933],[-74.90932,5.31933],[-74.90932,5.31934],[-74.90932,5.31934],[-74.90932,5.31934],[-74.90932,5.31934],[-74.90932,5.31934],[-74.90932,5.31934],[-74.90932,5.31934],[-74.90932,5.31935],[-74.90932,5.31935],[-74.90932,5.31935],[-74.90932,5.31935],[-74.90932,5.31935],[-74.90932,5.31935],[-74.90932,5.31935],[-74.90932,5.31935],[-74.90932,5.31935],[-74.90932,5.31935],[-74.90932,5.31935],[-74.90932,5.31935],[-74.90932,5.31935],[-74.90932,5.31935],[-74.90932,5.31935],[-74.90932,5.31935],[-74.90932,5.31935],[-74.90932,5.31935],[-74.90932,5.31935],[-74.90932,5.31935],[-74.90932,5.31935],[-74.90932,5.31935],[-74.90932,5.31936],[-74.90932,5.31936],[-74.90932,5.31936],[-74.90932,5.31936],[-74.90932,5.31936],[-74.90932,5.31936],[-74.90932,5.31936],[-74.90932,5.31936],[-74.90932,5.31936],[-74.90932,5.31936],[-74.90932,5.31936],[-74.90932,5.31936],[-74.90932,5.31936],[-74.90932,5.31936],[-74.90932,5.31936],[-74.90932,5.31936],[-74.90932,5.31936],[-74.90932,5.31936],[-74.90932,5.31936],[-74.90931,5.31936],[-74.90931,5.31936],[-74.90931,5.31936],[-74.90931,5.31937],[-74.90931,5.31937],[-74.90931,5.31937],[-74.90931,5.31937],[-74.90931,5.31937],[-74.90931,5.31937],[-74.90931,5.31937],[-74.90931,5.31937],[-74.90931,5.31937],[-74.90931,5.31937],[-74.90931,5.31937],[-74.90931,5.31937],[-74.90931,5.31937],[-74.90931,5.31937],[-74.90931,5.31937],[-74.90931,5.31937],[-74.90931,5.31937],[-74.90931,5.31937],[-74.90931,5.31937],[-74.90931,5.31937],[-74.90931,5.31937],[-74.90931,5.31937],[-74.90931,5.31937],[-74.90931,5.31938],[-74.90931,5.31938],[-74.90931,5.31938],[-74.90931,5.31938],[-74.90931,5.31938],[-74.9093,5.31938],[-74.9093,5.31938],[-74.9093,5.31938],[-74.9093,5.31938],[-74.9093,5.31938],[-74.9093,5.31938],[-74.9093,5.31938],[-74.9093,5.31938],[-74.9093,5.31938],[-74.9093,5.31938],[-74.9093,5.31938],[-74.9093,5.31938],[-74.9093,5.31938],[-74.9093,5.31938],[-74.90929,5.31938],[-74.90929,5.31938],[-74.90929,5.31938],[-74.90929,5.31938],[-74.90929,5.31938],[-74.90929,5.31938],[-74.9093,5.31938],[-74.9093,5.31938],[-74.9093,5.31938],[-74.9093,5.31938],[-74.9093,5.31938],[-74.9093,5.31938],[-74.9093,5.31938],[-74.9093,5.31938],[-74.9093,5.31938],[-74.9093,5.31938],[-74.9093,5.31938],[-74.9093,5.31938],[-74.9093,5.31938],[-74.9093,5.31938],[-74.9093,5.31938],[-74.9093,5.31938],[-74.9093,5.31939],[-74.90929,5.31939],[-74.90929,5.31939],[-74.90929,5.31939],[-74.90929,5.31939],[-74.90929,5.31939],[-74.90929,5.31939],[-74.90929,5.31939],[-74.9093,5.31939],[-74.9093,5.31939],[-74.9093,5.31939],[-74.9093,5.31939],[-74.9093,5.31939],[-74.9093,5.31939],[-74.9093,5.31939],[-74.9093,5.31939],[-74.9093,5.31939],[-74.9093,5.31939],[-74.9093,5.31939],[-74.9093,5.31939],[-74.9093,5.31939],[-74.90929,5.31939],[-74.90929,5.31939],[-74.90929,5.31939],[-74.90929,5.31939],[-74.90929,5.31939],[-74.90929,5.31939],[-74.90929,5.31939],[-74.90929,5.31939],[-74.90929,5.31939],[-74.90929,5.31939],[-74.90929,5.31939],[-74.90929,5.31939],[-74.90929,5.31939],[-74.90929,5.31939],[-74.90929,5.31939],[-74.90929,5.31939],[-74.90929,5.31939],[-74.90929,5.31939],[-74.90929,5.31939],[-74.90929,5.31939],[-74.90929,5.31939],[-74.90929,5.31939],[-74.90929,5.31939],[-74.90929,5.31939],[-74.90929,5.31939],[-74.90929,5.31939],[-74.90929,5.3194],[-74.90929,5.3194],[-74.90929,5.3194],[-74.90929,5.3194],[-74.90929,5.3194],[-74.90929,5.3194],[-74.90929,5.3194],[-74.90929,5.3194],[-74.90929,5.3194],[-74.90928,5.3194],[-74.90928,5.3194],[-74.90928,5.3194],[-74.90928,5.3194],[-74.90928,5.3194],[-74.90928,5.3194],[-74.90928,5.3194],[-74.90928,5.3194],[-74.90928,5.3194],[-74.90928,5.3194],[-74.90928,5.3194],[-74.90928,5.3194],[-74.90928,5.3194],[-74.90928,5.3194],[-74.90928,5.3194],[-74.90928,5.3194],[-74.90928,5.3194],[-74.90928,5.3194],[-74.90929,5.3194],[-74.90929,5.3194],[-74.90929,5.3194],[-74.90929,5.3194],[-74.90929,5.3194],[-74.90929,5.3194],[-74.90929,5.3194],[-74.90929,5.3194],[-74.90929,5.3194],[-74.90929,5.3194],[-74.90929,5.3194],[-74.90928,5.3194],[-74.90928,5.3194],[-74.90928,5.3194],[-74.90928,5.3194],[-74.90928,5.3194],[-74.90928,5.31939],[-74.90928,5.31939],[-74.90928,5.31939],[-74.90928,5.31939],[-74.90928,5.31939],[-74.90928,5.31939],[-74.90928,5.31939],[-74.90928,5.31939],[-74.90928,5.31939],[-74.90928,5.31939],[-74.90928,5.31939],[-74.90928,5.31939],[-74.90928,5.31939],[-74.90928,5.31939],[-74.90928,5.31939],[-74.90928,5.31939],[-74.90928,5.31939],[-74.90928,5.31939],[-74.90928,5.31939],[-74.90928,5.31939],[-74.90928,5.31939],[-74.90928,5.31939],[-74.90928,5.31939],[-74.90928,5.31939],[-74.90928,5.31939],[-74.90928,5.31939],[-74.90928,5.31939],[-74.90928,5.31938],[-74.90928,5.31938],[-74.90928,5.31938],[-74.90928,5.31938],[-74.90928,5.31937],[-74.90928,5.31937],[-74.90928,5.31937],[-74.90928,5.31936],[-74.90928,5.31936],[-74.90928,5.31936],[-74.90928,5.31936],[-74.90928,5.31936],[-74.90928,5.31936],[-74.90928,5.31936],[-74.90928,5.31936],[-74.90928,5.31936],[-74.90928,5.31936],[-74.90928,5.31936],[-74.90928,5.31936],[-74.90928,5.31936],[-74.90928,5.31936],[-74.90928,5.31936],[-74.90928,5.31936],[-74.90928,5.31936],[-74.90928,5.31936],[-74.90928,5.31936],[-74.90928,5.31936],[-74.90928,5.31936],[-74.90928,5.31936],[-74.90928,5.31935],[-74.90928,5.31935],[-74.90928,5.31935],[-74.90928,5.31935],[-74.90928,5.31934],[-74.90928,5.31934],[-74.90928,5.31934],[-74.90928,5.31934],[-74.90928,5.31934],[-74.90928,5.31934],[-74.90928,5.31934],[-74.90928,5.31934],[-74.90928,5.31934],[-74.90928,5.31934],[-74.90928,5.31934],[-74.90928,5.31934],[-74.90928,5.31934],[-74.90928,5.31934],[-74.90928,5.31934],[-74.90928,5.31934],[-74.90928,5.31934],[-74.90928,5.31934],[-74.90928,5.31934],[-74.90928,5.31934],[-74.90928,5.31934],[-74.90928,5.31934],[-74.90928,5.31933],[-74.90928,5.31933],[-74.90928,5.31933],[-74.90928,5.31933],[-74.90928,5.31933],[-74.90927,5.31933],[-74.90927,5.31933],[-74.90927,5.31933],[-74.90927,5.31933],[-74.90927,5.31933],[-74.90927,5.31933],[-74.90927,5.31933],[-74.90927,5.31933],[-74.90927,5.31933],[-74.90927,5.31933],[-74.90927,5.31933],[-74.90927,5.31933],[-74.90928,5.31933],[-74.90928,5.31933],[-74.90928,5.31933],[-74.90928,5.31932],[-74.90928,5.31932],[-74.90928,5.31932],[-74.90928,5.31932],[-74.90928,5.31932],[-74.90928,5.31932],[-74.90928,5.31932],[-74.90928,5.31932],[-74.90928,5.31932],[-74.90928,5.31932],[-74.90928,5.31932],[-74.90928,5.31932],[-74.90928,5.31932],[-74.90928,5.31932],[-74.90928,5.31932],[-74.90928,5.31932],[-74.90928,5.31932],[-74.90928,5.31932],[-74.90928,5.31932],[-74.90928,5.31932],[-74.90928,5.31932],[-74.90928,5.31932],[-74.90928,5.31932],[-74.90928,5.31932],[-74.90928,5.31932],[-74.90928,5.31932],[-74.90928,5.31932],[-74.90928,5.31932],[-74.90928,5.31931],[-74.90928,5.31931],[-74.90928,5.31931],[-74.90928,5.31931],[-74.90928,5.31931],[-74.90928,5.31931],[-74.90928,5.31931],[-74.90928,5.31931],[-74.90928,5.31931],[-74.90928,5.31931],[-74.90928,5.31931],[-74.90928,5.31931],[-74.90928,5.31931],[-74.90928,5.31931],[-74.90928,5.31931],[-74.90928,5.31931],[-74.90928,5.31931],[-74.90928,5.31931],[-74.90928,5.31931],[-74.90928,5.31931],[-74.90928,5.31931],[-74.90928,5.31931],[-74.90928,5.31931],[-74.90928,5.31931],[-74.90928,5.31931],[-74.90928,5.31931],[-74.90927,5.3193],[-74.90927,5.3193],[-74.90927,5.3193],[-74.90927,5.3193],[-74.90927,5.3193],[-74.90927,5.3193],[-74.90927,5.3193],[-74.90927,5.3193],[-74.90927,5.3193],[-74.90927,5.3193],[-74.90927,5.3193],[-74.90926,5.3193],[-74.90926,5.3193],[-74.90926,5.3193],[-74.90926,5.3193],[-74.90926,5.3193],[-74.90926,5.3193],[-74.90926,5.3193],[-74.90925,5.3193],[-74.90925,5.3193],[-74.90925,5.3193],[-74.90925,5.3193],[-74.90925,5.3193],[-74.90925,5.3193],[-74.90925,5.3193],[-74.90925,5.3193],[-74.90925,5.3193],[-74.90925,5.3193],[-74.90924,5.3193],[-74.90924,5.3193],[-74.90924,5.3193],[-74.90924,5.3193],[-74.90924,5.3193],[-74.90924,5.3193],[-74.90924,5.3193],[-74.90923,5.3193],[-74.90923,5.3193],[-74.90923,5.3193],[-74.90923,5.3193],[-74.90923,5.3193],[-74.90923,5.3193],[-74.90923,5.3193],[-74.90923,5.3193],[-74.90923,5.3193],[-74.90923,5.31931],[-74.90923,5.31931],[-74.90923,5.31931],[-74.90923,5.31931],[-74.90923,5.31931],[-74.90923,5.31931],[-74.90923,5.31931],[-74.90923,5.31931],[-74.90923,5.31931],[-74.90923,5.31931],[-74.90923,5.31931],[-74.90923,5.31931],[-74.90923,5.31931],[-74.90923,5.31931],[-74.90923,5.3193],[-74.90923,5.3193],[-74.90923,5.3193],[-74.90923,5.3193],[-74.90923,5.3193],[-74.90923,5.3193],[-74.90923,5.3193],[-74.90923,5.3193],[-74.90923,5.3193],[-74.90923,5.3193],[-74.90923,5.3193],[-74.90922,5.3193],[-74.90922,5.3193],[-74.90922,5.3193],[-74.90922,5.3193],[-74.90922,5.3193],[-74.90922,5.3193],[-74.90922,5.31931],[-74.90922,5.31931],[-74.90922,5.31931],[-74.90922,5.31931],[-74.90922,5.31931],[-74.90922,5.31931],[-74.90922,5.31931],[-74.90922,5.31931],[-74.90922,5.31931],[-74.90922,5.31931],[-74.90922,5.31931],[-74.90922,5.31931],[-74.90922,5.31931],[-74.90922,5.31931],[-74.90922,5.31931],[-74.90922,5.31931],[-74.90922,5.31931],[-74.90922,5.31931],[-74.90922,5.31931],[-74.90922,5.31931],[-74.90922,5.31931],[-74.90922,5.31931],[-74.90922,5.31931],[-74.90922,5.31931],[-74.90922,5.31931],[-74.90922,5.31931],[-74.90922,5.31931],[-74.90921,5.31931],[-74.90921,5.31931],[-74.90921,5.31931],[-74.90921,5.31931],[-74.90921,5.31931],[-74.90921,5.31931],[-74.90921,5.31931],[-74.90921,5.31931],[-74.90921,5.31931],[-74.90921,5.31931],[-74.90921,5.31931],[-74.90921,5.31931],[-74.90921,5.31932],[-74.90921,5.31932],[-74.90921,5.31932],[-74.90921,5.31932],[-74.90921,5.31932],[-74.90921,5.31932],[-74.90921,5.31932],[-74.90921,5.31932],[-74.90921,5.31932],[-74.90921,5.31932],[-74.90921,5.31932],[-74.90921,5.31932],[-74.9092,5.31932],[-74.9092,5.31932],[-74.9092,5.31932],[-74.9092,5.31933],[-74.9092,5.31933],[-74.9092,5.31933],[-74.9092,5.31933],[-74.9092,5.31933],[-74.9092,5.31933],[-74.9092,5.31933],[-74.9092,5.31933],[-74.9092,5.31933],[-74.9092,5.31933],[-74.9092,5.31933],[-74.9092,5.31934],[-74.9092,5.31934],[-74.90919,5.31934],[-74.90919,5.31934],[-74.90919,5.31934],[-74.90919,5.31934],[-74.90919,5.31934],[-74.90919,5.31934],[-74.90919,5.31934],[-74.90919,5.31934],[-74.90919,5.31934],[-74.90919,5.31934],[-74.90919,5.31935],[-74.90919,5.31935],[-74.90919,5.31935],[-74.90919,5.31935],[-74.90919,5.31935],[-74.90919,5.31935],[-74.90919,5.31935],[-74.90919,5.31935],[-74.90919,5.31936],[-74.90919,5.31936],[-74.90919,5.31936],[-74.90919,5.31936],[-74.90919,5.31936],[-74.90919,5.31936],[-74.90919,5.31936],[-74.90919,5.31936],[-74.90919,5.31936],[-74.90918,5.31937],[-74.90918,5.31937],[-74.90918,5.31937],[-74.90918,5.31937],[-74.90918,5.31937],[-74.90918,5.31937],[-74.90918,5.31937],[-74.90918,5.31937],[-74.90918,5.31937],[-74.90918,5.31937],[-74.90918,5.31937],[-74.90918,5.31937],[-74.90918,5.31937],[-74.90918,5.31937],[-74.90918,5.31937],[-74.90918,5.31937],[-74.90918,5.31937],[-74.90918,5.31937],[-74.90918,5.31937],[-74.90918,5.31937],[-74.90918,5.31937],[-74.90918,5.31937],[-74.90918,5.31937],[-74.90918,5.31937],[-74.90918,5.31937],[-74.90918,5.31937],[-74.90918,5.31937],[-74.90917,5.31937],[-74.90917,5.31937],[-74.90917,5.31937],[-74.90917,5.31937],[-74.90917,5.31937],[-74.90917,5.31937],[-74.90917,5.31937],[-74.90917,5.31937],[-74.90917,5.31937],[-74.90917,5.31937],[-74.90917,5.31937],[-74.90917,5.31937],[-74.90917,5.31937],[-74.90917,5.31937],[-74.90916,5.31937],[-74.90916,5.31937],[-74.90916,5.31937],[-74.90916,5.31937],[-74.90916,5.31937],[-74.90916,5.31937],[-74.90916,5.31937],[-74.90916,5.31937],[-74.90916,5.31937],[-74.90916,5.31936],[-74.90916,5.31936],[-74.90916,5.31936],[-74.90916,5.31936],[-74.90916,5.31936],[-74.90916,5.31936],[-74.90916,5.31936],[-74.90916,5.31936],[-74.90916,5.31936],[-74.90916,5.31936],[-74.90916,5.31936],[-74.90916,5.31936],[-74.90916,5.31936],[-74.90916,5.31936],[-74.90916,5.31936],[-74.90916,5.31936],[-74.90916,5.31936],[-74.90916,5.31936],[-74.90916,5.31936],[-74.90916,5.31936],[-74.90916,5.31936],[-74.90916,5.31936],[-74.90915,5.31936],[-74.90915,5.31936],[-74.90915,5.31936],[-74.90915,5.31936],[-74.90915,5.31936],[-74.90915,5.31936],[-74.90915,5.31936],[-74.90915,5.31936],[-74.90915,5.31936],[-74.90915,5.31936],[-74.90915,5.31936],[-74.90915,5.31935],[-74.90915,5.31935],[-74.90915,5.31935],[-74.90915,5.31935],[-74.90915,5.31935],[-74.90915,5.31935],[-74.90915,5.31935],[-74.90915,5.31935],[-74.90915,5.31935],[-74.90915,5.31935],[-74.90915,5.31935],[-74.90915,5.31935],[-74.90915,5.31935],[-74.90915,5.31935],[-74.90915,5.31935],[-74.90915,5.31935],[-74.90915,5.31935],[-74.90915,5.31935],[-74.90914,5.31935],[-74.90914,5.31935],[-74.90914,5.31935],[-74.90914,5.31935],[-74.90914,5.31935],[-74.90914,5.31935],[-74.90914,5.31935],[-74.90914,5.31934],[-74.90914,5.31934],[-74.90914,5.31934],[-74.90914,5.31934],[-74.90914,5.31934],[-74.90914,5.31934],[-74.90914,5.31934],[-74.90914,5.31934],[-74.90914,5.31934],[-74.90914,5.31934],[-74.90914,5.31934],[-74.90914,5.31934],[-74.90914,5.31934],[-74.90914,5.31934],[-74.90914,5.31934],[-74.90914,5.31934],[-74.90914,5.31933],[-74.90914,5.31933],[-74.90913,5.31933],[-74.90913,5.31933],[-74.90913,5.31933],[-74.90913,5.31933],[-74.90913,5.31933],[-74.90913,5.31933],[-74.90913,5.31933],[-74.90913,5.31933],[-74.90913,5.31933],[-74.90913,5.31933],[-74.90913,5.31933],[-74.90912,5.31933],[-74.90912,5.31933],[-74.90912,5.31933],[-74.90912,5.31933],[-74.90912,5.31933],[-74.90912,5.31933],[-74.90912,5.31933],[-74.90912,5.31933],[-74.90912,5.31933],[-74.90912,5.31933],[-74.90912,5.31933],[-74.90912,5.31933],[-74.90912,5.31933],[-74.90912,5.31933],[-74.90911,5.31933],[-74.90911,5.31933],[-74.90911,5.31933],[-74.90911,5.31933],[-74.90911,5.31933],[-74.90911,5.31933],[-74.90911,5.31933],[-74.90911,5.31933],[-74.90911,5.31932],[-74.90911,5.31932],[-74.90911,5.31932],[-74.90911,5.31932],[-74.90911,5.31932],[-74.90911,5.31932],[-74.90911,5.31932],[-74.90911,5.31932],[-74.9091,5.31932],[-74.9091,5.31932],[-74.9091,5.31932],[-74.9091,5.31932],[-74.9091,5.31932],[-74.9091,5.31932],[-74.9091,5.31932],[-74.9091,5.31932],[-74.9091,5.31932],[-74.9091,5.31932],[-74.9091,5.31931],[-74.9091,5.31931],[-74.9091,5.31931],[-74.9091,5.31931],[-74.9091,5.31931],[-74.9091,5.31931],[-74.9091,5.31931],[-74.9091,5.31931],[-74.9091,5.3193],[-74.9091,5.3193],[-74.9091,5.3193],[-74.9091,5.3193],[-74.9091,5.3193],[-74.9091,5.3193],[-74.9091,5.3193],[-74.9091,5.3193],[-74.9091,5.3193],[-74.9091,5.3193],[-74.9091,5.3193],[-74.9091,5.3193],[-74.9091,5.3193],[-74.9091,5.3193],[-74.9091,5.3193],[-74.9091,5.3193],[-74.9091,5.3193],[-74.9091,5.3193],[-74.9091,5.3193],[-74.9091,5.3193],[-74.9091,5.3193],[-74.9091,5.3193],[-74.9091,5.31929],[-74.90909,5.31929],[-74.90909,5.31929],[-74.90909,5.31929],[-74.90909,5.31929],[-74.90909,5.31929],[-74.90909,5.31929],[-74.90909,5.31929],[-74.90909,5.31929],[-74.90909,5.31929],[-74.90909,5.31929],[-74.90909,5.31929],[-74.90909,5.31929],[-74.90909,5.31929],[-74.90909,5.31929],[-74.90909,5.31929],[-74.90909,5.31929],[-74.90908,5.31929],[-74.90908,5.31929],[-74.90908,5.31929],[-74.90908,5.31929],[-74.90908,5.31929],[-74.90908,5.31929],[-74.90908,5.31929],[-74.90908,5.31929],[-74.90908,5.31929],[-74.90908,5.31929],[-74.90908,5.31929],[-74.90908,5.31928],[-74.90908,5.31928],[-74.90908,5.31928],[-74.90908,5.31928],[-74.90908,5.31928],[-74.90908,5.31928],[-74.90908,5.31928],[-74.90908,5.31928],[-74.90908,5.31928],[-74.90908,5.31928],[-74.90907,5.31928],[-74.90907,5.31928],[-74.90907,5.31928],[-74.90907,5.31928],[-74.90907,5.31928],[-74.90907,5.31928],[-74.90907,5.31928],[-74.90907,5.31928],[-74.90907,5.31928],[-74.90907,5.31928],[-74.90907,5.31928],[-74.90907,5.31928],[-74.90907,5.31928],[-74.90907,5.31928],[-74.90907,5.31927],[-74.90907,5.31927],[-74.90907,5.31927],[-74.90907,5.31927],[-74.90907,5.31927],[-74.90907,5.31927],[-74.90907,5.31927],[-74.90907,5.31927],[-74.90907,5.31927],[-74.90907,5.31927],[-74.90907,5.31927],[-74.90907,5.31926],[-74.90907,5.31926],[-74.90907,5.31926],[-74.90907,5.31926],[-74.90907,5.31926],[-74.90907,5.31926],[-74.90907,5.31926],[-74.90907,5.31926],[-74.90907,5.31926],[-74.90907,5.31926],[-74.90906,5.31926],[-74.90906,5.31926],[-74.90906,5.31926],[-74.90906,5.31926],[-74.90906,5.31926],[-74.90906,5.31926],[-74.90906,5.31926],[-74.90906,5.31926],[-74.90906,5.31926],[-74.90906,5.31925],[-74.90906,5.31925],[-74.90906,5.31925],[-74.90906,5.31925],[-74.90906,5.31925],[-74.90906,5.31925],[-74.90906,5.31925],[-74.90906,5.31925],[-74.90906,5.31925],[-74.90906,5.31925],[-74.90906,5.31925],[-74.90906,5.31925],[-74.90906,5.31925],[-74.90906,5.31925],[-74.90906,5.31925],[-74.90905,5.31925],[-74.90905,5.31925],[-74.90905,5.31925],[-74.90905,5.31925],[-74.90905,5.31925],[-74.90905,5.31925],[-74.90905,5.31925],[-74.90905,5.31925],[-74.90905,5.31925],[-74.90905,5.31925],[-74.90905,5.31925],[-74.90905,5.31925],[-74.90905,5.31924],[-74.90905,5.31924],[-74.90905,5.31924],[-74.90905,5.31924],[-74.90905,5.31924],[-74.90905,5.31924],[-74.90905,5.31924],[-74.90905,5.31924],[-74.90904,5.31924],[-74.90904,5.31924],[-74.90904,5.31924],[-74.90904,5.31924],[-74.90904,5.31924],[-74.90904,5.31924],[-74.90904,5.31924],[-74.90904,5.31924],[-74.90904,5.31924],[-74.90904,5.31924],[-74.90904,5.31924],[-74.90904,5.31924],[-74.90904,5.31924],[-74.90904,5.31924],[-74.90904,5.31923],[-74.90904,5.31923],[-74.90904,5.31923],[-74.90904,5.31922],[-74.90904,5.31922],[-74.90904,5.31922],[-74.90904,5.31922],[-74.90904,5.31922],[-74.90904,5.31922],[-74.90904,5.31921],[-74.90904,5.31921],[-74.90904,5.31921],[-74.90904,5.31921],[-74.90904,5.31921],[-74.90904,5.31921],[-74.90904,5.31921],[-74.90904,5.31921],[-74.90904,5.31921],[-74.90904,5.31921],[-74.90904,5.31921],[-74.90904,5.31921],[-74.90903,5.31921],[-74.90903,5.31921],[-74.90903,5.31921],[-74.90903,5.31921],[-74.90903,5.31921],[-74.90903,5.3192],[-74.90903,5.3192],[-74.90903,5.3192],[-74.90903,5.31919],[-74.90903,5.31919],[-74.90903,5.31919],[-74.90903,5.31919],[-74.90903,5.31919],[-74.90903,5.31919],[-74.90903,5.31918],[-74.90903,5.31918],[-74.90903,5.31918],[-74.90903,5.31918],[-74.90903,5.31918],[-74.90903,5.31918],[-74.90903,5.31918],[-74.90903,5.31918],[-74.90903,5.31918],[-74.90903,5.31918],[-74.90903,5.31918],[-74.90903,5.31917],[-74.90903,5.31917],[-74.90903,5.31917],[-74.90903,5.31917],[-74.90903,5.31917],[-74.90903,5.31917],[-74.90903,5.31917],[-74.90903,5.31917],[-74.90903,5.31917],[-74.90903,5.31916],[-74.90903,5.31916],[-74.90903,5.31916],[-74.90903,5.31916],[-74.90903,5.31916],[-74.90903,5.31916],[-74.90903,5.31916],[-74.90903,5.31916],[-74.90903,5.31916],[-74.90903,5.31916],[-74.90903,5.31916],[-74.90903,5.31916],[-74.90903,5.31916],[-74.90902,5.31916],[-74.90902,5.31916],[-74.90902,5.31916],[-74.90902,5.31916],[-74.90902,5.31916],[-74.90902,5.31916],[-74.90902,5.31916],[-74.90902,5.31916],[-74.90902,5.31916],[-74.90902,5.31916],[-74.90902,5.31916],[-74.90902,5.31916],[-74.90902,5.31916],[-74.90902,5.31916],[-74.90902,5.31916],[-74.90902,5.31916],[-74.90902,5.31916],[-74.90902,5.31916],[-74.90902,5.31916],[-74.90902,5.31916],[-74.90902,5.31916],[-74.90902,5.31916],[-74.90902,5.31916],[-74.90902,5.31915],[-74.90902,5.31915],[-74.90902,5.31915],[-74.90902,5.31915],[-74.90902,5.31915],[-74.90902,5.31915],[-74.90902,5.31915],[-74.90902,5.31915],[-74.90902,5.31915],[-74.90902,5.31915],[-74.90902,5.31915],[-74.90902,5.31915],[-74.90902,5.31915],[-74.90902,5.31914],[-74.90902,5.31914],[-74.90902,5.31914],[-74.90902,5.31914],[-74.90902,5.31914],[-74.90902,5.31914],[-74.90902,5.31914],[-74.90902,5.31914],[-74.90901,5.31914],[-74.90901,5.31914],[-74.90901,5.31914],[-74.90901,5.31914],[-74.90901,5.31914],[-74.90901,5.31914],[-74.90901,5.31914],[-74.90901,5.31914],[-74.90901,5.31913],[-74.90901,5.31913],[-74.90901,5.31913],[-74.90901,5.31913],[-74.90901,5.31913],[-74.90901,5.31913],[-74.90901,5.31913],[-74.90901,5.31913],[-74.90901,5.31913],[-74.90901,5.31913],[-74.90901,5.31913],[-74.90901,5.31913],[-74.90901,5.31913],[-74.90901,5.31913],[-74.90901,5.31913],[-74.909,5.31913],[-74.909,5.31913],[-74.909,5.31913],[-74.909,5.31913],[-74.909,5.31913],[-74.909,5.31913],[-74.90901,5.31913],[-74.90901,5.31913],[-74.90901,5.31913],[-74.90901,5.31913],[-74.90901,5.31913],[-74.90901,5.31913],[-74.90901,5.31912],[-74.90901,5.31912],[-74.90901,5.31912],[-74.90901,5.31912],[-74.90901,5.31912],[-74.90901,5.31912],[-74.90901,5.31912],[-74.90901,5.31912],[-74.90901,5.31912],[-74.90901,5.31912],[-74.90901,5.31912],[-74.90901,5.31912],[-74.90901,5.31912],[-74.909,5.31912],[-74.909,5.31912],[-74.909,5.31912],[-74.909,5.31912],[-74.909,5.31912],[-74.909,5.31911],[-74.909,5.31911],[-74.909,5.31911],[-74.909,5.31911],[-74.909,5.31911],[-74.909,5.31911],[-74.909,5.31911],[-74.909,5.31911],[-74.909,5.31911],[-74.909,5.31911],[-74.909,5.31911],[-74.909,5.31911],[-74.909,5.31911],[-74.909,5.31911],[-74.909,5.31911],[-74.909,5.31911],[-74.909,5.31911],[-74.909,5.3191],[-74.909,5.3191],[-74.909,5.3191],[-74.909,5.3191],[-74.909,5.3191],[-74.909,5.3191],[-74.909,5.3191],[-74.909,5.3191],[-74.909,5.3191],[-74.909,5.3191],[-74.909,5.3191],[-74.909,5.3191],[-74.909,5.3191],[-74.909,5.3191],[-74.909,5.3191],[-74.909,5.3191],[-74.909,5.3191],[-74.909,5.3191],[-74.909,5.3191],[-74.909,5.3191],[-74.909,5.3191],[-74.909,5.3191],[-74.909,5.3191],[-74.909,5.31909],[-74.909,5.31909],[-74.909,5.31909],[-74.909,5.31909],[-74.909,5.31909],[-74.909,5.31909],[-74.909,5.31909],[-74.909,5.31909],[-74.909,5.31909],[-74.909,5.31909],[-74.909,5.31909],[-74.909,5.31909],[-74.909,5.31909],[-74.909,5.31909],[-74.909,5.31909],[-74.909,5.31909],[-74.909,5.31909],[-74.909,5.31909],[-74.909,5.31909],[-74.909,5.31909],[-74.909,5.31909],[-74.909,5.31909],[-74.909,5.31908],[-74.909,5.31908],[-74.909,5.31908],[-74.909,5.31908],[-74.909,5.31908],[-74.909,5.31908],[-74.909,5.31908],[-74.909,5.31908],[-74.909,5.31908],[-74.909,5.31908],[-74.909,5.31908],[-74.909,5.31908],[-74.909,5.31908],[-74.909,5.31908],[-74.909,5.31908],[-74.909,5.31908],[-74.909,5.31908],[-74.909,5.31908],[-74.909,5.31908],[-74.909,5.31907],[-74.909,5.31907],[-74.909,5.31907],[-74.909,5.31907],[-74.909,5.31907],[-74.909,5.31907],[-74.909,5.31907],[-74.909,5.31907],[-74.909,5.31907],[-74.909,5.31907],[-74.909,5.31906],[-74.909,5.31906],[-74.909,5.31906],[-74.909,5.31906],[-74.909,5.31906],[-74.909,5.31906],[-74.909,5.31906],[-74.909,5.31906],[-74.909,5.31906],[-74.909,5.31906],[-74.909,5.31906],[-74.90899,5.31906],[-74.90899,5.31906],[-74.90899,5.31906],[-74.90899,5.31906],[-74.90899,5.31906],[-74.90899,5.31905],[-74.90899,5.31905],[-74.90899,5.31905],[-74.90899,5.31905],[-74.90899,5.31905],[-74.90899,5.31905],[-74.90899,5.31905],[-74.90899,5.31905],[-74.90899,5.31905],[-74.90899,5.31904],[-74.90899,5.31904],[-74.90899,5.31904],[-74.90899,5.31904],[-74.90899,5.31904],[-74.90899,5.31904],[-74.90899,5.31904],[-74.90899,5.31904],[-74.90899,5.31904],[-74.90899,5.31904],[-74.90899,5.31904],[-74.90899,5.31904],[-74.90899,5.31904],[-74.90899,5.31904],[-74.90899,5.31904],[-74.90899,5.31904],[-74.90899,5.31904],[-74.90899,5.31903],[-74.90899,5.31903],[-74.90899,5.31903],[-74.90899,5.31903],[-74.90899,5.31903],[-74.90899,5.31903],[-74.90899,5.31902],[-74.90899,5.31902],[-74.90899,5.31902],[-74.90899,5.31902],[-74.90899,5.31902],[-74.90899,5.31902],[-74.90899,5.31902],[-74.90899,5.31902],[-74.90899,5.31902],[-74.90899,5.31902],[-74.90899,5.31902],[-74.90899,5.31901],[-74.90899,5.31901],[-74.90899,5.31901],[-74.90899,5.31901],[-74.90899,5.31901],[-74.909,5.31901],[-74.909,5.31901],[-74.909,5.31901],[-74.909,5.31901],[-74.909,5.31901],[-74.909,5.31901],[-74.909,5.31901],[-74.909,5.31901],[-74.909,5.31901],[-74.909,5.31901],[-74.909,5.31901],[-74.909,5.31901],[-74.909,5.31901],[-74.909,5.31901],[-74.90899,5.31901],[-74.90899,5.31901],[-74.90899,5.31901],[-74.90899,5.31901],[-74.90899,5.31901],[-74.90899,5.319],[-74.90899,5.319],[-74.90899,5.319],[-74.90899,5.319],[-74.90899,5.319],[-74.90899,5.319],[-74.90899,5.319],[-74.90899,5.319],[-74.90899,5.319],[-74.90899,5.319],[-74.90899,5.319],[-74.90899,5.319],[-74.90899,5.319],[-74.90899,5.319],[-74.90899,5.319],[-74.90899,5.319],[-74.90899,5.31899],[-74.90899,5.31898],[-74.90899,5.31898],[-74.90899,5.31898],[-74.90899,5.31898],[-74.90899,5.31897],[-74.90899,5.31897],[-74.90899,5.31897],[-74.90899,5.31897],[-74.90899,5.31897],[-74.90899,5.31897],[-74.90899,5.31897],[-74.90899,5.31897],[-74.90899,5.31897],[-74.90899,5.31896],[-74.90899,5.31896],[-74.90899,5.31896],[-74.90899,5.31896],[-74.90899,5.31896],[-74.90899,5.31896],[-74.90899,5.31896],[-74.90899,5.31896],[-74.90899,5.31896],[-74.90899,5.31896],[-74.90899,5.31896],[-74.90899,5.31896],[-74.90899,5.31896],[-74.90899,5.31896],[-74.90899,5.31896],[-74.90899,5.31896],[-74.90899,5.31896],[-74.90899,5.31896],[-74.90899,5.31896],[-74.90899,5.31896],[-74.90899,5.31896],[-74.90899,5.31896],[-74.90899,5.31896],[-74.90899,5.31896],[-74.90899,5.31896],[-74.90899,5.31896],[-74.90899,5.31896],[-74.90899,5.31896],[-74.90899,5.31896],[-74.90899,5.31896],[-74.90899,5.31896],[-74.90899,5.31895],[-74.90899,5.31895],[-74.90899,5.31895],[-74.90899,5.31895],[-74.90899,5.31895],[-74.90899,5.31895],[-74.90899,5.31895],[-74.90899,5.31895],[-74.90899,5.31894],[-74.90899,5.31894],[-74.90899,5.31893],[-74.90899,5.31893],[-74.90899,5.31893],[-74.90899,5.31893],[-74.90899,5.31893],[-74.90899,5.31892],[-74.90899,5.31892],[-74.90899,5.31892],[-74.90899,5.31892],[-74.90899,5.31892],[-74.90899,5.31892],[-74.90899,5.31892],[-74.90899,5.31891],[-74.90899,5.31891],[-74.90899,5.31891],[-74.909,5.31891],[-74.909,5.31891],[-74.909,5.31891],[-74.909,5.31891],[-74.909,5.31891],[-74.909,5.31891],[-74.909,5.31891],[-74.909,5.31891],[-74.909,5.31891],[-74.909,5.31891],[-74.909,5.3189],[-74.909,5.3189],[-74.909,5.3189],[-74.909,5.3189],[-74.909,5.3189],[-74.909,5.3189],[-74.909,5.3189],[-74.909,5.3189],[-74.909,5.3189],[-74.909,5.3189],[-74.909,5.3189],[-74.909,5.3189],[-74.909,5.3189],[-74.909,5.3189],[-74.909,5.3189],[-74.909,5.3189],[-74.909,5.3189],[-74.909,5.3189],[-74.909,5.31889],[-74.909,5.31889],[-74.909,5.31889],[-74.909,5.31889],[-74.909,5.31889],[-74.909,5.31889],[-74.909,5.31889],[-74.909,5.31889],[-74.909,5.31889],[-74.909,5.31889],[-74.909,5.31888],[-74.909,5.31888],[-74.909,5.31888],[-74.909,5.31888],[-74.909,5.31888],[-74.909,5.31888],[-74.909,5.31888],[-74.909,5.31888],[-74.909,5.31888],[-74.909,5.31888],[-74.909,5.31888],[-74.909,5.31888],[-74.909,5.31888],[-74.909,5.31888],[-74.909,5.31888],[-74.909,5.31888],[-74.909,5.31888],[-74.909,5.31888],[-74.909,5.31888],[-74.909,5.31888],[-74.909,5.31887],[-74.909,5.31887],[-74.909,5.31887],[-74.909,5.31887],[-74.909,5.31887],[-74.909,5.31887],[-74.90899,5.31887],[-74.90899,5.31887],[-74.90899,5.31887],[-74.90899,5.31887],[-74.90899,5.31887],[-74.90899,5.31887],[-74.90899,5.31887],[-74.90899,5.31887],[-74.90899,5.31886],[-74.90899,5.31886],[-74.90899,5.31886],[-74.90899,5.31886],[-74.90899,5.31886],[-74.90899,5.31886],[-74.90899,5.31886],[-74.90899,5.31886],[-74.90899,5.31886],[-74.90899,5.31886],[-74.90899,5.31886],[-74.90899,5.31886],[-74.90899,5.31886],[-74.90899,5.31885],[-74.90899,5.31885],[-74.90899,5.31885],[-74.90899,5.31885],[-74.90899,5.31884],[-74.90899,5.31884],[-74.90899,5.31883],[-74.90899,5.31883],[-74.90899,5.31883],[-74.90899,5.31882],[-74.90899,5.31882],[-74.90899,5.31882],[-74.90899,5.31882],[-74.90899,5.31882],[-74.90899,5.31882],[-74.90899,5.31882],[-74.90899,5.31882],[-74.90899,5.31881],[-74.90899,5.31881],[-74.90899,5.31881],[-74.90899,5.31881],[-74.90899,5.31881],[-74.90899,5.31881],[-74.90899,5.31881],[-74.90899,5.31881],[-74.90899,5.31881],[-74.90898,5.31881],[-74.90898,5.31881],[-74.90898,5.31881],[-74.90898,5.31881],[-74.90898,5.31881],[-74.90898,5.31881],[-74.90898,5.31881],[-74.90898,5.3188],[-74.90898,5.3188],[-74.90898,5.3188],[-74.90898,5.3188],[-74.90898,5.3188],[-74.90898,5.3188],[-74.90898,5.3188],[-74.90898,5.3188],[-74.90898,5.3188],[-74.90898,5.3188],[-74.90898,5.3188],[-74.90898,5.3188],[-74.90898,5.3188],[-74.90898,5.3188],[-74.90898,5.3188],[-74.90898,5.3188],[-74.90897,5.3188],[-74.90897,5.3188],[-74.90897,5.3188],[-74.90897,5.3188],[-74.90897,5.3188],[-74.90897,5.3188],[-74.90897,5.31879],[-74.90897,5.31879],[-74.90897,5.31879],[-74.90897,5.31879],[-74.90897,5.31879],[-74.90897,5.31879],[-74.90897,5.31879],[-74.90897,5.31879],[-74.90897,5.31879],[-74.90897,5.31879],[-74.90897,5.31879],[-74.90897,5.31879],[-74.90897,5.31878],[-74.90897,5.31878],[-74.90897,5.31878],[-74.90897,5.31878],[-74.90897,5.31878],[-74.90897,5.31878],[-74.90896,5.31878],[-74.90896,5.31878],[-74.90896,5.31878],[-74.90896,5.31878],[-74.90896,5.31878],[-74.90896,5.31878],[-74.90896,5.31878],[-74.90896,5.31878],[-74.90896,5.31878],[-74.90896,5.31878],[-74.90896,5.31877],[-74.90896,5.31877],[-74.90896,5.31877],[-74.90896,5.31877],[-74.90896,5.31877],[-74.90896,5.31877],[-74.90896,5.31876],[-74.90896,5.31876],[-74.90896,5.31875],[-74.90896,5.31875],[-74.90896,5.31875],[-74.90896,5.31875],[-74.90896,5.31875],[-74.90896,5.31875],[-74.90896,5.31875],[-74.90896,5.31875],[-74.90896,5.31875],[-74.90896,5.31875],[-74.90896,5.31874],[-74.90896,5.31874],[-74.90896,5.31874],[-74.90896,5.31874],[-74.90896,5.31874],[-74.90896,5.31874],[-74.90896,5.31874],[-74.90896,5.31874],[-74.90896,5.31874],[-74.90896,5.31874],[-74.90896,5.31874],[-74.90896,5.31874],[-74.90896,5.31874],[-74.90896,5.31874],[-74.90895,5.31874],[-74.90895,5.31874],[-74.90895,5.31874],[-74.90895,5.31873],[-74.90895,5.31873],[-74.90895,5.31873],[-74.90895,5.31873],[-74.90895,5.31873],[-74.90895,5.31873],[-74.90895,5.31873],[-74.90895,5.31873],[-74.90895,5.31873],[-74.90895,5.31873],[-74.90895,5.31873],[-74.90895,5.31873],[-74.90895,5.31873],[-74.90895,5.31873],[-74.90895,5.31873],[-74.90895,5.31872],[-74.90895,5.31872],[-74.90895,5.31872],[-74.90895,5.31872],[-74.90895,5.31872],[-74.90895,5.31871],[-74.90895,5.31871],[-74.90895,5.31871],[-74.90895,5.31871],[-74.90895,5.31871],[-74.90895,5.31871],[-74.90895,5.31871],[-74.90895,5.31871],[-74.90895,5.31871],[-74.90895,5.31871],[-74.90895,5.31871],[-74.90895,5.31871],[-74.90895,5.31871],[-74.90895,5.31871],[-74.90895,5.31871],[-74.90894,5.31871],[-74.90894,5.3187],[-74.90894,5.3187],[-74.90894,5.3187],[-74.90894,5.3187],[-74.90894,5.3187],[-74.90894,5.3187],[-74.90894,5.3187],[-74.90894,5.3187],[-74.90894,5.3187],[-74.90894,5.3187],[-74.90894,5.3187],[-74.90894,5.3187],[-74.90894,5.3187],[-74.90894,5.31869],[-74.90894,5.31869],[-74.90894,5.31869],[-74.90894,5.31869],[-74.90894,5.31869],[-74.90894,5.31869],[-74.90894,5.31869],[-74.90894,5.31869],[-74.90894,5.31869],[-74.90894,5.31869],[-74.90893,5.31869],[-74.90893,5.31869],[-74.90893,5.31869],[-74.90893,5.31869],[-74.90893,5.31869],[-74.90893,5.31869],[-74.90893,5.31869],[-74.90893,5.31869],[-74.90893,5.31869],[-74.90893,5.31869],[-74.90893,5.31869],[-74.90893,5.31869],[-74.90893,5.31868],[-74.90893,5.31868],[-74.90893,5.31868],[-74.90893,5.31868],[-74.90893,5.31868],[-74.90893,5.31868],[-74.90893,5.31868],[-74.90893,5.31868],[-74.90893,5.31868],[-74.90893,5.31868],[-74.90892,5.31868],[-74.90892,5.31868],[-74.90892,5.31868],[-74.90892,5.31868],[-74.90892,5.31868],[-74.90892,5.31868],[-74.90892,5.31868],[-74.90892,5.31868],[-74.90892,5.31868],[-74.90892,5.31868],[-74.90892,5.31868],[-74.90892,5.31868],[-74.90892,5.31868],[-74.90892,5.31868],[-74.90892,5.31868],[-74.90892,5.31868],[-74.90892,5.31868],[-74.90892,5.31868],[-74.90892,5.31868],[-74.90892,5.31868],[-74.90891,5.31868],[-74.90891,5.31868],[-74.90891,5.31868],[-74.90891,5.31867],[-74.90891,5.31867],[-74.90891,5.31867],[-74.90891,5.31867],[-74.90891,5.31867],[-74.90891,5.31867],[-74.90891,5.31867],[-74.90891,5.31867],[-74.90891,5.31867],[-74.90891,5.31867],[-74.90891,5.31867],[-74.90891,5.31867],[-74.90891,5.31867],[-74.90891,5.31867],[-74.90891,5.31867],[-74.90891,5.31867],[-74.90891,5.31867],[-74.90891,5.31867],[-74.90891,5.31867],[-74.90891,5.31867],[-74.90891,5.31867],[-74.9089,5.31866],[-74.9089,5.31866],[-74.9089,5.31866],[-74.9089,5.31866],[-74.9089,5.31866],[-74.9089,5.31866],[-74.9089,5.31866],[-74.9089,5.31866],[-74.9089,5.31866],[-74.9089,5.31866],[-74.9089,5.31866],[-74.9089,5.31866],[-74.9089,5.31866],[-74.9089,5.31866],[-74.9089,5.31866],[-74.9089,5.31866],[-74.90889,5.31866],[-74.90889,5.31866],[-74.90889,5.31866],[-74.90889,5.31866],[-74.90889,5.31865],[-74.90889,5.31865],[-74.90889,5.31865],[-74.90889,5.31865],[-74.90889,5.31865],[-74.90889,5.31865],[-74.90889,5.31865],[-74.90889,5.31865],[-74.90889,5.31865],[-74.90889,5.31865],[-74.90889,5.31865],[-74.90889,5.31865],[-74.90889,5.31865],[-74.90889,5.31865],[-74.90889,5.31865],[-74.90889,5.31865],[-74.90889,5.31865],[-74.90889,5.31865],[-74.90889,5.31864],[-74.90889,5.31864],[-74.90889,5.31864],[-74.90888,5.31864],[-74.90888,5.31864],[-74.90888,5.31864],[-74.90888,5.31864],[-74.90888,5.31864],[-74.90888,5.31864],[-74.90888,5.31864],[-74.90888,5.31864],[-74.90888,5.31864],[-74.90888,5.31864],[-74.90888,5.31864],[-74.90888,5.31864],[-74.90888,5.31864],[-74.90888,5.31864],[-74.90888,5.31864],[-74.90888,5.31864],[-74.90888,5.31864],[-74.90888,5.31864],[-74.90888,5.31864],[-74.90888,5.31864],[-74.90888,5.31864],[-74.90887,5.31864],[-74.90887,5.31864],[-74.90887,5.31864],[-74.90887,5.31864],[-74.90887,5.31864],[-74.90887,5.31864],[-74.90887,5.31863],[-74.90887,5.31863],[-74.90887,5.31863],[-74.90887,5.31863],[-74.90887,5.31863],[-74.90887,5.31863],[-74.90887,5.31863],[-74.90887,5.31863],[-74.90887,5.31863],[-74.90887,5.31863],[-74.90887,5.31863],[-74.90887,5.31863],[-74.90887,5.31863],[-74.90887,5.31863],[-74.90887,5.31863],[-74.90886,5.31863],[-74.90886,5.31863],[-74.90886,5.31863],[-74.90886,5.31863],[-74.90886,5.31863],[-74.90886,5.31863],[-74.90886,5.31863],[-74.90886,5.31863],[-74.90886,5.31863],[-74.90886,5.31863],[-74.90886,5.31863],[-74.90886,5.31863],[-74.90886,5.31863],[-74.90886,5.31863],[-74.90886,5.31863],[-74.90885,5.31862],[-74.90885,5.31862],[-74.90885,5.31862],[-74.90885,5.31862],[-74.90885,5.31862],[-74.90885,5.31862],[-74.90885,5.31862],[-74.90885,5.31862],[-74.90885,5.31862],[-74.90884,5.31862],[-74.90884,5.31862],[-74.90884,5.31862],[-74.90884,5.31862],[-74.90884,5.31862],[-74.90884,5.31862],[-74.90884,5.31862],[-74.90884,5.31862],[-74.90884,5.31862],[-74.90884,5.31862],[-74.90884,5.31862],[-74.90884,5.31862],[-74.90884,5.31862],[-74.90884,5.31862],[-74.90884,5.31862],[-74.90884,5.31862],[-74.90884,5.31862],[-74.90884,5.31862],[-74.90884,5.31862],[-74.90884,5.31862],[-74.90883,5.31861],[-74.90883,5.31861],[-74.90883,5.31861],[-74.90883,5.31861],[-74.90883,5.31861],[-74.90883,5.31861],[-74.90883,5.31861],[-74.90883,5.31861],[-74.90883,5.31861],[-74.90883,5.31861],[-74.90883,5.31861],[-74.90883,5.31861],[-74.90883,5.31861],[-74.90883,5.31861],[-74.90883,5.31861],[-74.90883,5.31861],[-74.90883,5.31861],[-74.90883,5.31861],[-74.90882,5.31861],[-74.90882,5.31861],[-74.90882,5.31861],[-74.90882,5.31861],[-74.90882,5.31861],[-74.90882,5.3186],[-74.90882,5.3186],[-74.90882,5.3186],[-74.90882,5.3186],[-74.90882,5.3186],[-74.90882,5.3186],[-74.90882,5.31861],[-74.90882,5.31861],[-74.90882,5.31861],[-74.90882,5.31861],[-74.90882,5.3186],[-74.90882,5.3186],[-74.90882,5.3186],[-74.90882,5.3186],[-74.90882,5.3186],[-74.90882,5.3186],[-74.90882,5.3186],[-74.90882,5.3186],[-74.90882,5.3186],[-74.90882,5.3186],[-74.90882,5.3186],[-74.90881,5.3186],[-74.90881,5.3186],[-74.90881,5.3186],[-74.90881,5.3186],[-74.90881,5.3186],[-74.90881,5.31861],[-74.90881,5.31861],[-74.90881,5.31861],[-74.90881,5.31861],[-74.90881,5.31861],[-74.90881,5.31861],[-74.90881,5.31861],[-74.90881,5.31861],[-74.90881,5.31861],[-74.90881,5.31861],[-74.90881,5.31861],[-74.90881,5.31861],[-74.90881,5.31861],[-74.9088,5.31861],[-74.9088,5.31861],[-74.9088,5.31861],[-74.9088,5.31861],[-74.9088,5.31861],[-74.9088,5.31861],[-74.9088,5.31861],[-74.9088,5.31861],[-74.90879,5.31861],[-74.90879,5.31861],[-74.90879,5.31861],[-74.90879,5.31861],[-74.90879,5.31861],[-74.90879,5.31861],[-74.90879,5.31861],[-74.90879,5.31861],[-74.90879,5.31861],[-74.90879,5.31861],[-74.90879,5.31861],[-74.90879,5.31861],[-74.90879,5.31861],[-74.90879,5.31861],[-74.90879,5.31861],[-74.90879,5.31861],[-74.90879,5.31861],[-74.90879,5.31861],[-74.90879,5.31861],[-74.90879,5.3186],[-74.90879,5.3186],[-74.90879,5.3186],[-74.90879,5.3186],[-74.90879,5.3186],[-74.90879,5.3186],[-74.90879,5.3186],[-74.90879,5.3186],[-74.90879,5.3186],[-74.90879,5.3186],[-74.90879,5.3186],[-74.90878,5.3186],[-74.90878,5.3186],[-74.90878,5.3186],[-74.90878,5.3186],[-74.90878,5.3186],[-74.90878,5.3186],[-74.90878,5.3186],[-74.90878,5.3186],[-74.90878,5.3186],[-74.90878,5.3186],[-74.90878,5.3186],[-74.90878,5.31861],[-74.90878,5.31861],[-74.90878,5.31861],[-74.90878,5.31861],[-74.90878,5.31861],[-74.90878,5.31861],[-74.90877,5.31861],[-74.90877,5.31861],[-74.90877,5.31861],[-74.90877,5.31861],[-74.90877,5.31861],[-74.90877,5.31861],[-74.90877,5.31861],[-74.90877,5.31861],[-74.90877,5.31861],[-74.90877,5.31861],[-74.90877,5.31861],[-74.90877,5.31861],[-74.90877,5.31861],[-74.90877,5.31861],[-74.90876,5.31861],[-74.90876,5.31861],[-74.90876,5.31861],[-74.90876,5.31861],[-74.90876,5.3186],[-74.90876,5.3186],[-74.90876,5.3186],[-74.90876,5.3186],[-74.90876,5.3186],[-74.90876,5.3186],[-74.90876,5.3186],[-74.90876,5.3186],[-74.90876,5.3186],[-74.90876,5.31861],[-74.90876,5.31861],[-74.90876,5.31861],[-74.90876,5.31861],[-74.90876,5.31861],[-74.90876,5.31861],[-74.90876,5.31861],[-74.90876,5.31861],[-74.90876,5.31861],[-74.90876,5.31861],[-74.90875,5.31861],[-74.90875,5.31861],[-74.90875,5.31861],[-74.90875,5.31861],[-74.90875,5.31861],[-74.90875,5.31861],[-74.90875,5.31861],[-74.90875,5.31861],[-74.90875,5.31861],[-74.90875,5.31861],[-74.90875,5.31861],[-74.90875,5.31861],[-74.90875,5.31861],[-74.90875,5.31861],[-74.90875,5.31861],[-74.90875,5.31861],[-74.90875,5.31861],[-74.90875,5.31861],[-74.90875,5.31861],[-74.90874,5.3186],[-74.90874,5.3186],[-74.90874,5.3186],[-74.90874,5.3186],[-74.90874,5.3186],[-74.90874,5.3186],[-74.90874,5.3186],[-74.90874,5.3186],[-74.90874,5.3186],[-74.90874,5.3186],[-74.90874,5.3186],[-74.90874,5.3186],[-74.90874,5.3186],[-74.90873,5.3186],[-74.90873,5.3186],[-74.90873,5.3186],[-74.90873,5.3186],[-74.90873,5.3186],[-74.90873,5.3186],[-74.90873,5.3186],[-74.90873,5.3186],[-74.90873,5.3186],[-74.90873,5.3186],[-74.90873,5.3186],[-74.90873,5.3186],[-74.90873,5.3186],[-74.90873,5.3186],[-74.90873,5.3186],[-74.90873,5.3186],[-74.90873,5.3186],[-74.90873,5.3186],[-74.90873,5.3186],[-74.90873,5.3186],[-74.90873,5.3186],[-74.90873,5.3186],[-74.90872,5.3186],[-74.90872,5.3186],[-74.90872,5.3186],[-74.90872,5.3186],[-74.90872,5.3186],[-74.90872,5.3186],[-74.90872,5.3186],[-74.90872,5.3186],[-74.90872,5.3186],[-74.90872,5.3186],[-74.90872,5.3186],[-74.90872,5.3186],[-74.90872,5.3186],[-74.90872,5.3186],[-74.90872,5.3186],[-74.90872,5.3186],[-74.90872,5.3186],[-74.90872,5.3186],[-74.90872,5.3186],[-74.90871,5.31861],[-74.90871,5.31861],[-74.90871,5.31861],[-74.90871,5.31861],[-74.90871,5.31861],[-74.90871,5.31861],[-74.90871,5.31861],[-74.90871,5.31861],[-74.90871,5.31861],[-74.90871,5.31861],[-74.90871,5.31861],[-74.90871,5.31861],[-74.90871,5.31861],[-74.90871,5.31861],[-74.90871,5.31861],[-74.90871,5.31861],[-74.90871,5.31861],[-74.90871,5.31861],[-74.90871,5.31861],[-74.90871,5.31861],[-74.90871,5.3186],[-74.9087,5.3186],[-74.9087,5.3186],[-74.9087,5.3186],[-74.9087,5.3186],[-74.9087,5.3186],[-74.9087,5.3186],[-74.9087,5.3186],[-74.9087,5.3186],[-74.9087,5.3186],[-74.9087,5.3186],[-74.9087,5.3186],[-74.9087,5.3186],[-74.9087,5.3186],[-74.90869,5.3186],[-74.90869,5.3186],[-74.90869,5.3186],[-74.90869,5.3186],[-74.90869,5.3186],[-74.90869,5.3186],[-74.90868,5.3186],[-74.90868,5.3186],[-74.90868,5.3186],[-74.90868,5.3186],[-74.90868,5.3186],[-74.90868,5.3186],[-74.90868,5.3186],[-74.90868,5.3186],[-74.90868,5.3186],[-74.90868,5.3186],[-74.90868,5.3186],[-74.90868,5.31861],[-74.90868,5.31861],[-74.90868,5.31861],[-74.90868,5.31861],[-74.90867,5.31861],[-74.90867,5.31861],[-74.90867,5.31861],[-74.90867,5.31861],[-74.90867,5.31861],[-74.90867,5.31861],[-74.90867,5.31861],[-74.90867,5.31861],[-74.90867,5.31861],[-74.90867,5.31861],[-74.90867,5.31861],[-74.90867,5.31861],[-74.90867,5.31861],[-74.90867,5.31861],[-74.90867,5.31861],[-74.90867,5.31861],[-74.90867,5.31861],[-74.90867,5.31861],[-74.90867,5.31861],[-74.90867,5.31861],[-74.90867,5.31861],[-74.90867,5.31861],[-74.90867,5.31861],[-74.90867,5.31861],[-74.90867,5.31861],[-74.90867,5.31861],[-74.90867,5.31861],[-74.90867,5.31861],[-74.90867,5.31861],[-74.90867,5.31861],[-74.90867,5.31861],[-74.90867,5.31861],[-74.90867,5.31861],[-74.90867,5.31861],[-74.90867,5.31861],[-74.90867,5.31861],[-74.90866,5.31861],[-74.90866,5.31861],[-74.90866,5.31861],[-74.90866,5.31861],[-74.90866,5.31861],[-74.90866,5.31861],[-74.90866,5.31861],[-74.90866,5.31861],[-74.90866,5.31861],[-74.90866,5.31861],[-74.90866,5.31861],[-74.90866,5.31861],[-74.90866,5.31861],[-74.90866,5.31861],[-74.90866,5.31861],[-74.90866,5.31861],[-74.90866,5.31861],[-74.90865,5.31861],[-74.90865,5.31861],[-74.90865,5.31861],[-74.90865,5.31861],[-74.90865,5.31861],[-74.90865,5.31861],[-74.90865,5.31861],[-74.90865,5.31861],[-74.90864,5.31861],[-74.90864,5.31861],[-74.90864,5.31861],[-74.90864,5.31861],[-74.90864,5.31861],[-74.90864,5.31861],[-74.90864,5.31861],[-74.90864,5.31861],[-74.90864,5.31861],[-74.90864,5.31861],[-74.90864,5.31861],[-74.90864,5.31861],[-74.90864,5.31861],[-74.90864,5.31861],[-74.90864,5.31861],[-74.90864,5.31861],[-74.90863,5.31861],[-74.90863,5.31861],[-74.90863,5.31862],[-74.90863,5.31862],[-74.90863,5.31862],[-74.90863,5.31862],[-74.90863,5.31862],[-74.90863,5.31862],[-74.90863,5.31862],[-74.90863,5.31862],[-74.90863,5.31862],[-74.90863,5.31862],[-74.90863,5.31862],[-74.90863,5.31862],[-74.90863,5.31862],[-74.90863,5.31862],[-74.90862,5.31862],[-74.90862,5.31862],[-74.90862,5.31862],[-74.90862,5.31862],[-74.90862,5.31862],[-74.90862,5.31862],[-74.90862,5.31862],[-74.90862,5.31862],[-74.90862,5.31862],[-74.90862,5.31862],[-74.90862,5.31862],[-74.90862,5.31862],[-74.90862,5.31862],[-74.90862,5.31862],[-74.90862,5.31862],[-74.90862,5.31862],[-74.90862,5.31862],[-74.90862,5.31862],[-74.90862,5.31862],[-74.90862,5.31862],[-74.90862,5.31862],[-74.90862,5.31862],[-74.90862,5.31862],[-74.90862,5.31862],[-74.90862,5.31862],[-74.90862,5.31862],[-74.90862,5.31862],[-74.90862,5.31862],[-74.90862,5.31862],[-74.90861,5.31862],[-74.90861,5.31862],[-74.90861,5.31862],[-74.90861,5.31862],[-74.90861,5.31862],[-74.90861,5.31862],[-74.90861,5.31862],[-74.90861,5.31862],[-74.90861,5.31862],[-74.90861,5.31862],[-74.90861,5.31862],[-74.9086,5.31862],[-74.9086,5.31862],[-74.9086,5.31862],[-74.9086,5.31862],[-74.9086,5.31862],[-74.9086,5.31863],[-74.9086,5.31863],[-74.9086,5.31863],[-74.9086,5.31863],[-74.9086,5.31863],[-74.9086,5.31863],[-74.9086,5.31863],[-74.90859,5.31863],[-74.90859,5.31863],[-74.90859,5.31863],[-74.90859,5.31863],[-74.90859,5.31863],[-74.90859,5.31863],[-74.90859,5.31863],[-74.90859,5.31863],[-74.90859,5.31863],[-74.90859,5.31863],[-74.90859,5.31863],[-74.90859,5.31863],[-74.90859,5.31863],[-74.90859,5.31863],[-74.90859,5.31863],[-74.90858,5.31863],[-74.90858,5.31863],[-74.90858,5.31863],[-74.90858,5.31863],[-74.90858,5.31863],[-74.90858,5.31863],[-74.90858,5.31863],[-74.90858,5.31863],[-74.90858,5.31862],[-74.90858,5.31862],[-74.90858,5.31862],[-74.90858,5.31862],[-74.90858,5.31862],[-74.90858,5.31862],[-74.90858,5.31862],[-74.90858,5.31862],[-74.90858,5.31862],[-74.90858,5.31862],[-74.90858,5.31862],[-74.90858,5.31862],[-74.90858,5.31862],[-74.90858,5.31862],[-74.90858,5.31862],[-74.90858,5.31862],[-74.90858,5.31862],[-74.90858,5.31862],[-74.90858,5.31862],[-74.90858,5.31862],[-74.90858,5.31862],[-74.90858,5.31862],[-74.90858,5.31862],[-74.90858,5.31862],[-74.90858,5.31862],[-74.90858,5.31862],[-74.90858,5.31862],[-74.90858,5.31861],[-74.90858,5.31861],[-74.90858,5.31861],[-74.90858,5.31861],[-74.90858,5.31861],[-74.90858,5.31861],[-74.90858,5.31861],[-74.90858,5.31861],[-74.90858,5.31861],[-74.90858,5.31861],[-74.90858,5.31861],[-74.90858,5.31861],[-74.90858,5.31861],[-74.90858,5.31861],[-74.90858,5.31861],[-74.90858,5.31861],[-74.90858,5.31861],[-74.90858,5.31861],[-74.90858,5.31861],[-74.90858,5.31861],[-74.90858,5.31861],[-74.90858,5.31861],[-74.90858,5.3186],[-74.90858,5.3186],[-74.90858,5.3186],[-74.90858,5.3186],[-74.90858,5.3186],[-74.90858,5.3186],[-74.90858,5.3186],[-74.90858,5.3186],[-74.90858,5.3186],[-74.90857,5.3186],[-74.90857,5.3186],[-74.90857,5.3186],[-74.90857,5.3186],[-74.90857,5.3186],[-74.90857,5.3186],[-74.90857,5.3186],[-74.90857,5.3186],[-74.90857,5.3186],[-74.90857,5.3186],[-74.90857,5.3186],[-74.90857,5.3186],[-74.90857,5.3186],[-74.90857,5.3186],[-74.90857,5.31859],[-74.90857,5.31859],[-74.90857,5.31859],[-74.90857,5.31859],[-74.90857,5.31859],[-74.90857,5.31859],[-74.90857,5.31859],[-74.90857,5.31859],[-74.90857,5.31859],[-74.90857,5.31859],[-74.90857,5.31859],[-74.90857,5.31859],[-74.90857,5.31859],[-74.90856,5.31859],[-74.90856,5.31859],[-74.90856,5.31859],[-74.90856,5.31859],[-74.90856,5.31859],[-74.90856,5.31859],[-74.90856,5.31859],[-74.90856,5.31859],[-74.90856,5.31859],[-74.90856,5.31859],[-74.90856,5.31859],[-74.90856,5.31859],[-74.90856,5.31859],[-74.90856,5.31859],[-74.90855,5.31859],[-74.90855,5.31859],[-74.90855,5.31859],[-74.90855,5.31859],[-74.90855,5.3186],[-74.90855,5.3186],[-74.90855,5.3186],[-74.90855,5.3186],[-74.90855,5.3186],[-74.90855,5.3186],[-74.90855,5.3186],[-74.90855,5.3186],[-74.90855,5.3186],[-74.90855,5.3186],[-74.90855,5.3186],[-74.90855,5.3186],[-74.90855,5.3186],[-74.90855,5.3186],[-74.90855,5.3186],[-74.90854,5.3186],[-74.90854,5.3186],[-74.90854,5.3186],[-74.90854,5.3186],[-74.90854,5.3186],[-74.90854,5.3186],[-74.90854,5.3186],[-74.90854,5.3186],[-74.90854,5.3186],[-74.90854,5.3186],[-74.90854,5.3186],[-74.90854,5.3186],[-74.90854,5.3186],[-74.90854,5.3186],[-74.90853,5.3186],[-74.90853,5.3186],[-74.90853,5.3186],[-74.90853,5.3186],[-74.90853,5.3186],[-74.90853,5.3186],[-74.90853,5.3186],[-74.90853,5.3186],[-74.90853,5.3186],[-74.90853,5.3186],[-74.90853,5.3186],[-74.90853,5.3186],[-74.90853,5.3186],[-74.90853,5.3186],[-74.90853,5.3186],[-74.90853,5.3186],[-74.90852,5.3186],[-74.90852,5.3186],[-74.90852,5.3186],[-74.90852,5.3186],[-74.90852,5.3186],[-74.90852,5.3186],[-74.90852,5.3186],[-74.90852,5.3186],[-74.90852,5.3186],[-74.90852,5.3186],[-74.90852,5.3186],[-74.90852,5.3186],[-74.90852,5.3186],[-74.90852,5.3186],[-74.90852,5.3186],[-74.90852,5.31859],[-74.90852,5.31859],[-74.90852,5.31859],[-74.90852,5.31859],[-74.90852,5.31859],[-74.90852,5.31859],[-74.90852,5.31859],[-74.90852,5.31859],[-74.90852,5.31859],[-74.90852,5.31859],[-74.90852,5.31859],[-74.90852,5.31859],[-74.90852,5.31859],[-74.90852,5.31859],[-74.90852,5.31859],[-74.90852,5.31859],[-74.90852,5.31859],[-74.90852,5.31858],[-74.90852,5.31858],[-74.90852,5.31858],[-74.90852,5.31858],[-74.90852,5.31858],[-74.90852,5.31858],[-74.90852,5.31857],[-74.90852,5.31857],[-74.9085,5.31854],[-74.9085,5.31854],[-74.9085,5.31854],[-74.9085,5.31854],[-74.9085,5.31854],[-74.9085,5.31853],[-74.9085,5.31853],[-74.9085,5.31853],[-74.9085,5.31853],[-74.9085,5.31853],[-74.9085,5.31853],[-74.9085,5.31853],[-74.9085,5.31853],[-74.9085,5.31853],[-74.9085,5.31853],[-74.90849,5.31853],[-74.90849,5.31853],[-74.90849,5.31853],[-74.90849,5.31853],[-74.90849,5.31853],[-74.90849,5.31853],[-74.90849,5.31853],[-74.90849,5.31853],[-74.90849,5.31853],[-74.90849,5.31853],[-74.90849,5.31852],[-74.90849,5.31852],[-74.90849,5.31852],[-74.90849,5.31852],[-74.90849,5.31852],[-74.90849,5.31852],[-74.90849,5.31852],[-74.90849,5.31852],[-74.90849,5.31852],[-74.90849,5.31852],[-74.90849,5.31852],[-74.90849,5.31852],[-74.90849,5.31851],[-74.90849,5.31851],[-74.90849,5.31851],[-74.90849,5.31851],[-74.90849,5.31851],[-74.90849,5.31851],[-74.90849,5.31851],[-74.90849,5.31851],[-74.90848,5.31851],[-74.90848,5.31851],[-74.90848,5.31851],[-74.90848,5.31851],[-74.90848,5.31851],[-74.90848,5.31851],[-74.90848,5.31851],[-74.90848,5.31851],[-74.90848,5.31851],[-74.90848,5.31851],[-74.90848,5.31851],[-74.90848,5.31851],[-74.90848,5.31851],[-74.90848,5.31851],[-74.90848,5.31851],[-74.90848,5.31851],[-74.90848,5.3185],[-74.90848,5.3185],[-74.90848,5.3185],[-74.90848,5.3185],[-74.90848,5.3185],[-74.90848,5.3185],[-74.90848,5.31849],[-74.90848,5.31849],[-74.90848,5.31849],[-74.90848,5.31849],[-74.90848,5.31849],[-74.90848,5.31849],[-74.90848,5.31849],[-74.90848,5.31849],[-74.90848,5.31849],[-74.90848,5.31849],[-74.90848,5.31849],[-74.90848,5.31849],[-74.90848,5.31849],[-74.90848,5.31849],[-74.90848,5.31849],[-74.90848,5.31849],[-74.90848,5.31849],[-74.90848,5.31849],[-74.90848,5.31849],[-74.90847,5.31849],[-74.90847,5.31849],[-74.90847,5.31848],[-74.90847,5.31848],[-74.90847,5.31848],[-74.90847,5.31848],[-74.90847,5.31848],[-74.90847,5.31848],[-74.90847,5.31848],[-74.90847,5.31848],[-74.90847,5.31848],[-74.90847,5.31848],[-74.90847,5.31848],[-74.90847,5.31848],[-74.90847,5.31848],[-74.90847,5.31848],[-74.90847,5.31848],[-74.90847,5.31848],[-74.90847,5.31848],[-74.90847,5.31848],[-74.90847,5.31848],[-74.90847,5.31848],[-74.90847,5.31848],[-74.90846,5.31847],[-74.90846,5.31847],[-74.90846,5.31847],[-74.90846,5.31847],[-74.90846,5.31847],[-74.90846,5.31846],[-74.90846,5.31846],[-74.90846,5.31846],[-74.90846,5.31846],[-74.90846,5.31846],[-74.90846,5.31846],[-74.90846,5.31846],[-74.90846,5.31846],[-74.90846,5.31846],[-74.90846,5.31846],[-74.90846,5.31846],[-74.90846,5.31846],[-74.90846,5.31846],[-74.90846,5.31846],[-74.90846,5.31846],[-74.90846,5.31846],[-74.90846,5.31846],[-74.90846,5.31846],[-74.90846,5.31846],[-74.90846,5.31846],[-74.90846,5.31846],[-74.90846,5.31845],[-74.90846,5.31845],[-74.90846,5.31845],[-74.90846,5.31845],[-74.90846,5.31845],[-74.90846,5.31845],[-74.90846,5.31845],[-74.90846,5.31845],[-74.90846,5.31845],[-74.90846,5.31845],[-74.90846,5.31845],[-74.90846,5.31845],[-74.90846,5.31845],[-74.90846,5.31845],[-74.90846,5.31845],[-74.90846,5.31845],[-74.90846,5.31845],[-74.90846,5.31844],[-74.90846,5.31844],[-74.90845,5.31844],[-74.90845,5.31844],[-74.90845,5.31844],[-74.90845,5.31844],[-74.90845,5.31844],[-74.90845,5.31844],[-74.90845,5.31844],[-74.90845,5.31844],[-74.90845,5.31844],[-74.90845,5.31844],[-74.90845,5.31844],[-74.90845,5.31844],[-74.90845,5.31844],[-74.90845,5.31844],[-74.90845,5.31843],[-74.90845,5.31843],[-74.90845,5.31843],[-74.90845,5.31843],[-74.90845,5.31843],[-74.90845,5.31843],[-74.90845,5.31843],[-74.90845,5.31843],[-74.90845,5.31843],[-74.90845,5.31843],[-74.90845,5.31843],[-74.90845,5.31843],[-74.90845,5.31843],[-74.90845,5.31843],[-74.90845,5.31843],[-74.90845,5.31843],[-74.90845,5.31843],[-74.90845,5.31843],[-74.90845,5.31843],[-74.90845,5.31843],[-74.90845,5.31843],[-74.90844,5.31843],[-74.90844,5.31843],[-74.90844,5.31843],[-74.90844,5.31842],[-74.90844,5.31842],[-74.90844,5.31842],[-74.90844,5.31842],[-74.90844,5.31842],[-74.90844,5.31842],[-74.90844,5.31842],[-74.90844,5.31842],[-74.90844,5.31842],[-74.90844,5.31842],[-74.90844,5.31842],[-74.90844,5.31842],[-74.90844,5.31842],[-74.90844,5.31842],[-74.90844,5.31842],[-74.90844,5.31842],[-74.90844,5.31842],[-74.90844,5.31842],[-74.90844,5.31842],[-74.90843,5.31842],[-74.90843,5.31842],[-74.90843,5.31842],[-74.90843,5.31842],[-74.90843,5.31842],[-74.90843,5.31842],[-74.90843,5.31842],[-74.90843,5.31842],[-74.90843,5.31842],[-74.90843,5.31842],[-74.90843,5.31842],[-74.90843,5.31841],[-74.90843,5.31841],[-74.90843,5.31841],[-74.90843,5.31841],[-74.90843,5.31841],[-74.90843,5.31841],[-74.90843,5.31841],[-74.90843,5.31841],[-74.90842,5.31841],[-74.90842,5.31841],[-74.90842,5.31841],[-74.90842,5.31841],[-74.90842,5.31841],[-74.90842,5.31841],[-74.90842,5.31841],[-74.90842,5.31841],[-74.90842,5.31841],[-74.90842,5.31841],[-74.90842,5.31841],[-74.90842,5.31842],[-74.90842,5.31842],[-74.90842,5.31842],[-74.90842,5.31842],[-74.90842,5.31842],[-74.90842,5.31842],[-74.90842,5.31842],[-74.90842,5.31842],[-74.90842,5.31842],[-74.90842,5.31842],[-74.90842,5.31842],[-74.90841,5.31842],[-74.90841,5.31842],[-74.90841,5.31842],[-74.90841,5.31842],[-74.90841,5.31842],[-74.90841,5.31842],[-74.90841,5.31842],[-74.90841,5.31842],[-74.90841,5.31842],[-74.90841,5.31842],[-74.90841,5.31842],[-74.90841,5.31841],[-74.90841,5.31841],[-74.90841,5.31841],[-74.90841,5.31841],[-74.90841,5.31841],[-74.90841,5.31841],[-74.90841,5.31841],[-74.90841,5.31841],[-74.90841,5.31841],[-74.9084,5.31841],[-74.9084,5.31841],[-74.9084,5.31841],[-74.9084,5.31841],[-74.9084,5.31841],[-74.9084,5.31841],[-74.9084,5.31841],[-74.9084,5.31841],[-74.9084,5.31841],[-74.9084,5.31841],[-74.9084,5.31841],[-74.9084,5.31841],[-74.9084,5.31841],[-74.9084,5.31841],[-74.9084,5.31841],[-74.9084,5.31841],[-74.9084,5.31841],[-74.9084,5.3184],[-74.9084,5.3184],[-74.9084,5.3184],[-74.90839,5.3184],[-74.90839,5.3184],[-74.90839,5.3184],[-74.90839,5.3184],[-74.90839,5.3184],[-74.90839,5.3184],[-74.90839,5.3184],[-74.90839,5.3184],[-74.90839,5.3184],[-74.90839,5.3184],[-74.90839,5.3184],[-74.90839,5.3184],[-74.90839,5.3184],[-74.90839,5.3184],[-74.90839,5.3184],[-74.90839,5.3184],[-74.90839,5.3184],[-74.90839,5.3184],[-74.90839,5.3184],[-74.90839,5.3184],[-74.90839,5.3184],[-74.90839,5.3184],[-74.90838,5.31839],[-74.90838,5.31839],[-74.90838,5.31839],[-74.90838,5.31839],[-74.90838,5.31839],[-74.90838,5.31839],[-74.90838,5.31839],[-74.90838,5.31839],[-74.90838,5.31839],[-74.90838,5.31839],[-74.90838,5.31839],[-74.90838,5.31839],[-74.90838,5.31839],[-74.90838,5.31839],[-74.90837,5.31839],[-74.90837,5.31839],[-74.90837,5.31839],[-74.90837,5.31839],[-74.90837,5.31839],[-74.90837,5.31839],[-74.90837,5.31839],[-74.90837,5.31839],[-74.90837,5.31839],[-74.90837,5.31839],[-74.90837,5.31839],[-74.90837,5.31839],[-74.90836,5.31839],[-74.90836,5.31839],[-74.90836,5.31839],[-74.90836,5.31839],[-74.90836,5.31839],[-74.90836,5.31839],[-74.90836,5.31839],[-74.90836,5.31839],[-74.90836,5.31839],[-74.90836,5.31839],[-74.90836,5.31839],[-74.90836,5.31839],[-74.90836,5.31839],[-74.90836,5.31838],[-74.90836,5.31838],[-74.90836,5.31838],[-74.90836,5.31838],[-74.90836,5.31838],[-74.90836,5.31838],[-74.90836,5.31838],[-74.90836,5.31838],[-74.90836,5.31838],[-74.90836,5.31838],[-74.90836,5.31838],[-74.90836,5.31838],[-74.90836,5.31838],[-74.90836,5.31838],[-74.90835,5.31838],[-74.90835,5.31838],[-74.90835,5.31837],[-74.90835,5.31837],[-74.90835,5.31837],[-74.90835,5.31837],[-74.90835,5.31837],[-74.90835,5.31837],[-74.90835,5.31837],[-74.90835,5.31837],[-74.90835,5.31837],[-74.90835,5.31837],[-74.90835,5.31837],[-74.90835,5.31837],[-74.90834,5.31837],[-74.90834,5.31837],[-74.90834,5.31837],[-74.90834,5.31837],[-74.90834,5.31837],[-74.90834,5.31837],[-74.90834,5.31837],[-74.90834,5.31837],[-74.90834,5.31837],[-74.90834,5.31837],[-74.90834,5.31837],[-74.90834,5.31837],[-74.90834,5.31837],[-74.90834,5.31837],[-74.90834,5.31837],[-74.90834,5.31837],[-74.90834,5.31837],[-74.90834,5.31837],[-74.90834,5.31837],[-74.90834,5.31837],[-74.90834,5.31837],[-74.90834,5.31837],[-74.90834,5.31837],[-74.90834,5.31837],[-74.90834,5.31837],[-74.90834,5.31837],[-74.90834,5.31837],[-74.90833,5.31837],[-74.90833,5.31837],[-74.90833,5.31837],[-74.90833,5.31837],[-74.90833,5.31837],[-74.90833,5.31837],[-74.90833,5.31837],[-74.90833,5.31837],[-74.90833,5.31837],[-74.90833,5.31837],[-74.90833,5.31837],[-74.90833,5.31837],[-74.90833,5.31838],[-74.90833,5.31838],[-74.90833,5.31838],[-74.90833,5.31838],[-74.90833,5.31838],[-74.90834,5.31838],[-74.90834,5.31838],[-74.90834,5.31838],[-74.90834,5.31838],[-74.90834,5.31838],[-74.90834,5.31838],[-74.90834,5.31838],[-74.90834,5.31838],[-74.90834,5.31838],[-74.90834,5.31838],[-74.90834,5.31838],[-74.90834,5.31838],[-74.90834,5.31838],[-74.90834,5.31838],[-74.90833,5.31838],[-74.90833,5.31838],[-74.90833,5.31838],[-74.90833,5.31838],[-74.90833,5.31838],[-74.90833,5.31838],[-74.90833,5.31838],[-74.90833,5.31838],[-74.90833,5.31838],[-74.90833,5.31838],[-74.90833,5.31838],[-74.90833,5.31838],[-74.90833,5.31838],[-74.90833,5.31838],[-74.90833,5.31839],[-74.90833,5.31839],[-74.90833,5.31839],[-74.90833,5.31839],[-74.90833,5.31839],[-74.90833,5.31839],[-74.90833,5.31839],[-74.90833,5.31839],[-74.90833,5.31839],[-74.90833,5.31839],[-74.90833,5.31839],[-74.90833,5.31839],[-74.90833,5.31839],[-74.90833,5.31839],[-74.90833,5.31839],[-74.90833,5.31839],[-74.90833,5.31839],[-74.90833,5.31839],[-74.90833,5.31839],[-74.90833,5.31839],[-74.90833,5.31839],[-74.90833,5.31839],[-74.90833,5.31839],[-74.90833,5.3184],[-74.90833,5.3184],[-74.90834,5.3184],[-74.90834,5.3184],[-74.90834,5.3184],[-74.90834,5.3184],[-74.90834,5.3184],[-74.90833,5.3184],[-74.90833,5.3184],[-74.90833,5.3184],[-74.90833,5.3184],[-74.90833,5.3184],[-74.90833,5.3184],[-74.90833,5.3184],[-74.90833,5.3184],[-74.90833,5.3184],[-74.90833,5.3184],[-74.90833,5.3184],[-74.90833,5.3184],[-74.90833,5.3184],[-74.90833,5.3184],[-74.90833,5.3184],[-74.90833,5.3184],[-74.90833,5.3184],[-74.90833,5.3184],[-74.90833,5.3184],[-74.90833,5.3184],[-74.90833,5.3184],[-74.90833,5.3184],[-74.90833,5.3184],[-74.90833,5.3184],[-74.90833,5.3184],[-74.90833,5.3184],[-74.90833,5.3184],[-74.90833,5.3184],[-74.90832,5.3184],[-74.90832,5.3184],[-74.90832,5.3184],[-74.90832,5.31839],[-74.90832,5.31839],[-74.90832,5.31839],[-74.90832,5.31839],[-74.90832,5.31839],[-74.90832,5.31839],[-74.90832,5.31839],[-74.90832,5.31839],[-74.90832,5.31839],[-74.90832,5.31839],[-74.90832,5.31839],[-74.90832,5.31839],[-74.90832,5.31839],[-74.90832,5.31839],[-74.90832,5.31839],[-74.90832,5.31839],[-74.90832,5.31839],[-74.90832,5.31839],[-74.90832,5.31839],[-74.90833,5.31839],[-74.90833,5.31839],[-74.90833,5.31839],[-74.90833,5.31839],[-74.90833,5.31839],[-74.90832,5.31839],[-74.90832,5.31839],[-74.90832,5.31839],[-74.90832,5.31839],[-74.90832,5.31839],[-74.90832,5.31839],[-74.90832,5.31839],[-74.90832,5.31839],[-74.90832,5.31839],[-74.90832,5.31839],[-74.90832,5.31839],[-74.90832,5.31839],[-74.90832,5.31839],[-74.90832,5.31839],[-74.90832,5.31839],[-74.90832,5.31839],[-74.90832,5.31838],[-74.90832,5.31838],[-74.90832,5.31838],[-74.90832,5.31838],[-74.90832,5.31838],[-74.90832,5.31838],[-74.90832,5.31838],[-74.90832,5.31838],[-74.90831,5.31839],[-74.90831,5.31839],[-74.90831,5.31839],[-74.90831,5.31839],[-74.90831,5.31839],[-74.90831,5.3184],[-74.90831,5.3184],[-74.90831,5.3184],[-74.90831,5.3184],[-74.90831,5.3184],[-74.90831,5.3184],[-74.90831,5.3184],[-74.9083,5.3184],[-74.9083,5.3184],[-74.9083,5.3184],[-74.9083,5.3184],[-74.9083,5.3184],[-74.9083,5.3184],[-74.9083,5.3184],[-74.9083,5.3184],[-74.9083,5.3184],[-74.9083,5.3184],[-74.9083,5.3184],[-74.9083,5.3184],[-74.9083,5.3184],[-74.9083,5.3184],[-74.9083,5.3184],[-74.9083,5.3184],[-74.9083,5.3184],[-74.9083,5.3184],[-74.9083,5.3184],[-74.9083,5.3184],[-74.9083,5.3184],[-74.90829,5.3184],[-74.90829,5.3184],[-74.90829,5.3184],[-74.90829,5.3184],[-74.90829,5.3184],[-74.90829,5.3184],[-74.90829,5.3184],[-74.90829,5.3184],[-74.90829,5.3184],[-74.90829,5.3184],[-74.90829,5.3184],[-74.90829,5.3184],[-74.90829,5.31839],[-74.90829,5.31839],[-74.90829,5.31839],[-74.90829,5.31839],[-74.90829,5.31839],[-74.90829,5.31839],[-74.90829,5.31839],[-74.90829,5.31839],[-74.90829,5.31839],[-74.90829,5.31839],[-74.90829,5.31839],[-74.90829,5.31839],[-74.90829,5.31839],[-74.90829,5.31839],[-74.90828,5.31839],[-74.90828,5.31839],[-74.90828,5.31839],[-74.90828,5.31839],[-74.90828,5.31839],[-74.90828,5.31839],[-74.90828,5.31839],[-74.90828,5.31839],[-74.90828,5.31839],[-74.90828,5.31839],[-74.90828,5.31839],[-74.90828,5.31839],[-74.90828,5.31839],[-74.90828,5.31839],[-74.90828,5.31839],[-74.90828,5.31839],[-74.90828,5.31839],[-74.90828,5.31839],[-74.90828,5.31839],[-74.90828,5.31839],[-74.90828,5.31839],[-74.90828,5.31839],[-74.90828,5.31839],[-74.90828,5.31839],[-74.90828,5.31839],[-74.90827,5.31839],[-74.90827,5.31839],[-74.90827,5.31839],[-74.90827,5.31839],[-74.90827,5.31838],[-74.90827,5.31838],[-74.90827,5.31838],[-74.90827,5.31838],[-74.90827,5.31838],[-74.90827,5.31839],[-74.90827,5.31839],[-74.90827,5.31839],[-74.90827,5.31839],[-74.90827,5.31839],[-74.90827,5.31839],[-74.90827,5.31839],[-74.90826,5.31839],[-74.90826,5.31839],[-74.90826,5.31839],[-74.90826,5.31839],[-74.90826,5.31838],[-74.90826,5.31838],[-74.90826,5.31838],[-74.90826,5.31838],[-74.90826,5.31838],[-74.90826,5.31838],[-74.90826,5.31838],[-74.90826,5.31838],[-74.90826,5.31838],[-74.90826,5.31838],[-74.90826,5.31838],[-74.90826,5.31838],[-74.90826,5.31838],[-74.90826,5.31838],[-74.90826,5.31838],[-74.90826,5.31838],[-74.90826,5.31837],[-74.90826,5.31837],[-74.90826,5.31837],[-74.90826,5.31837],[-74.90826,5.31837],[-74.90826,5.31837],[-74.90826,5.31837],[-74.90826,5.31837],[-74.90826,5.31837],[-74.90826,5.31837],[-74.90826,5.31837],[-74.90826,5.31838],[-74.90826,5.31838],[-74.90826,5.31838],[-74.90826,5.31838],[-74.90826,5.31838],[-74.90826,5.31838],[-74.90826,5.31838],[-74.90826,5.31838],[-74.90826,5.31838],[-74.90826,5.31838],[-74.90826,5.31838],[-74.90826,5.31837],[-74.90826,5.31837],[-74.90826,5.31837],[-74.90826,5.31837],[-74.90826,5.31837],[-74.90826,5.31837],[-74.90826,5.31837],[-74.90826,5.31837],[-74.90826,5.31837],[-74.90826,5.31837],[-74.90826,5.31837],[-74.90825,5.31837],[-74.90825,5.31837],[-74.90825,5.31837],[-74.90825,5.31837],[-74.90825,5.31837],[-74.90825,5.31837],[-74.90825,5.31837],[-74.90825,5.31837],[-74.90825,5.31837],[-74.90825,5.31837],[-74.90825,5.31837],[-74.90825,5.31837],[-74.90825,5.31837],[-74.90825,5.31837],[-74.90825,5.31837],[-74.90825,5.31837],[-74.90825,5.31838],[-74.90825,5.31838],[-74.90825,5.31838],[-74.90825,5.31838],[-74.90825,5.31838],[-74.90825,5.31838],[-74.90825,5.31838],[-74.90825,5.31838],[-74.90825,5.31838],[-74.90825,5.31838],[-74.90825,5.31838],[-74.90825,5.31838],[-74.90825,5.31838],[-74.90825,5.31838],[-74.90826,5.31839],[-74.90826,5.31839],[-74.90826,5.31839],[-74.90826,5.31839],[-74.90826,5.31839],[-74.90826,5.31839],[-74.90826,5.31839],[-74.90826,5.31839],[-74.90826,5.31838],[-74.90826,5.31838],[-74.90826,5.31838],[-74.90826,5.31838],[-74.90826,5.31838],[-74.90826,5.31838],[-74.90826,5.31838],[-74.90826,5.31838],[-74.90826,5.31838],[-74.90826,5.31838],[-74.90826,5.31838],[-74.90826,5.31838],[-74.90826,5.31838],[-74.90826,5.31838],[-74.90826,5.31838],[-74.90826,5.31838],[-74.90826,5.31838],[-74.90826,5.31838],[-74.90826,5.31838],[-74.90826,5.31838],[-74.90826,5.31838],[-74.90826,5.31838],[-74.90826,5.31838],[-74.90826,5.31839],[-74.90826,5.31839],[-74.90826,5.31839],[-74.90826,5.31839],[-74.90826,5.31839],[-74.90826,5.31839],[-74.90826,5.31839],[-74.90826,5.31839],[-74.90826,5.31839],[-74.90826,5.31839],[-74.90826,5.31839],[-74.90826,5.31839],[-74.90826,5.31839],[-74.90825,5.31839],[-74.90825,5.31839],[-74.90825,5.31839],[-74.90825,5.31839],[-74.90825,5.31839],[-74.90825,5.3184],[-74.90825,5.3184],[-74.90825,5.3184],[-74.90825,5.3184],[-74.90825,5.3184],[-74.90825,5.3184],[-74.90825,5.3184],[-74.90824,5.3184],[-74.90824,5.3184],[-74.90824,5.3184],[-74.90824,5.3184],[-74.90824,5.3184],[-74.90824,5.31841],[-74.90824,5.31841],[-74.90824,5.31841],[-74.90824,5.31841],[-74.90824,5.31841],[-74.90824,5.31841],[-74.90824,5.31841],[-74.90824,5.31841],[-74.90824,5.31841],[-74.90824,5.31841],[-74.90824,5.3184],[-74.90824,5.3184],[-74.90824,5.3184],[-74.90824,5.3184],[-74.90824,5.3184],[-74.90824,5.3184],[-74.90824,5.3184],[-74.90824,5.3184],[-74.90824,5.3184],[-74.90824,5.31839],[-74.90824,5.31839],[-74.90824,5.31839],[-74.90824,5.31839],[-74.90824,5.31839],[-74.90824,5.31839],[-74.90824,5.31839],[-74.90824,5.31839],[-74.90824,5.31839],[-74.90824,5.31839],[-74.90824,5.31839],[-74.90824,5.31839],[-74.90824,5.31839],[-74.90824,5.31839],[-74.90824,5.31839],[-74.90824,5.31839],[-74.90823,5.31839],[-74.90823,5.31839],[-74.90823,5.31839],[-74.90823,5.31839],[-74.90823,5.31839],[-74.90823,5.31839],[-74.90823,5.31839],[-74.90823,5.31839],[-74.90823,5.31839],[-74.90823,5.31839],[-74.90823,5.31839],[-74.90823,5.31839],[-74.90823,5.31839],[-74.90823,5.31839],[-74.90823,5.31839],[-74.90823,5.3184],[-74.90823,5.3184],[-74.90823,5.3184],[-74.90823,5.3184],[-74.90823,5.3184],[-74.90823,5.3184],[-74.90823,5.3184],[-74.90823,5.3184],[-74.90823,5.3184],[-74.90823,5.3184],[-74.90823,5.3184],[-74.90823,5.3184],[-74.90823,5.3184],[-74.90823,5.3184],[-74.90823,5.3184],[-74.90823,5.3184],[-74.90823,5.3184],[-74.90823,5.3184],[-74.90823,5.3184],[-74.90823,5.3184],[-74.90823,5.3184],[-74.90823,5.3184],[-74.90823,5.3184],[-74.90823,5.3184],[-74.90823,5.3184],[-74.90823,5.3184],[-74.90823,5.3184],[-74.90823,5.3184],[-74.90823,5.3184],[-74.90823,5.3184],[-74.90823,5.3184],[-74.90823,5.3184],[-74.90823,5.31839],[-74.90823,5.31839],[-74.90823,5.31839],[-74.90823,5.31839],[-74.90823,5.31839],[-74.90823,5.31839],[-74.90823,5.31839],[-74.90822,5.31839],[-74.90822,5.31839],[-74.90822,5.31839],[-74.90822,5.31839],[-74.90822,5.31839],[-74.90822,5.31839],[-74.90822,5.31839],[-74.90822,5.31839],[-74.90822,5.31839],[-74.90822,5.31839],[-74.90822,5.31839],[-74.90822,5.31839],[-74.90822,5.31839],[-74.90822,5.31838],[-74.90822,5.31838],[-74.90822,5.31838],[-74.90822,5.31838],[-74.90822,5.31838],[-74.90822,5.31838],[-74.90822,5.31837],[-74.90822,5.31837],[-74.90822,5.31837],[-74.90822,5.31837],[-74.90822,5.31837],[-74.90822,5.31837],[-74.90822,5.31837],[-74.90822,5.31837],[-74.90822,5.31837],[-74.90822,5.31837],[-74.90822,5.31837],[-74.90822,5.31837],[-74.90822,5.31837],[-74.90822,5.31837],[-74.90822,5.31837],[-74.90822,5.31837],[-74.90822,5.31837],[-74.90822,5.31837],[-74.90822,5.31836],[-74.90822,5.31836],[-74.90822,5.31836],[-74.90822,5.31836],[-74.90822,5.31835],[-74.90822,5.31835],[-74.90822,5.31835],[-74.90822,5.31834],[-74.90822,5.31834],[-74.90822,5.31834],[-74.90822,5.31834],[-74.90822,5.31833],[-74.90822,5.31833],[-74.90822,5.31833],[-74.90822,5.31833],[-74.90822,5.31833],[-74.90822,5.31833],[-74.90822,5.31833],[-74.90822,5.31833],[-74.90822,5.31833],[-74.90822,5.31833],[-74.90822,5.31833],[-74.90822,5.31833],[-74.90822,5.31834],[-74.90822,5.31834],[-74.90822,5.31834],[-74.90822,5.31833],[-74.90822,5.31833],[-74.90822,5.31833],[-74.90822,5.31833],[-74.90822,5.31833],[-74.90822,5.31833],[-74.90822,5.31833],[-74.90822,5.31833],[-74.90822,5.31833],[-74.90822,5.31833],[-74.90822,5.31833],[-74.90822,5.31833],[-74.90822,5.31833],[-74.90822,5.31833],[-74.90822,5.31833],[-74.90822,5.31833],[-74.90822,5.31833],[-74.90822,5.31833],[-74.90823,5.31833],[-74.90823,5.31833],[-74.90823,5.31833],[-74.90823,5.31833],[-74.90823,5.31833],[-74.90823,5.31833],[-74.90823,5.31832],[-74.90823,5.31832],[-74.90823,5.31832],[-74.90823,5.31832],[-74.90823,5.31832],[-74.90823,5.31832],[-74.90823,5.31832],[-74.90823,5.31832],[-74.90823,5.31832],[-74.90823,5.31832],[-74.90823,5.31832],[-74.90823,5.31832],[-74.90823,5.31832],[-74.90823,5.31832],[-74.90823,5.31832],[-74.90823,5.31832],[-74.90823,5.31832],[-74.90823,5.31831],[-74.90823,5.31831],[-74.90823,5.31831],[-74.90823,5.31831],[-74.90823,5.31831],[-74.90823,5.31831],[-74.90823,5.31831],[-74.90823,5.31831],[-74.90823,5.31831],[-74.90823,5.31831],[-74.90823,5.31831],[-74.90823,5.31831],[-74.90823,5.31831],[-74.90823,5.31831],[-74.90823,5.31831],[-74.90823,5.31831],[-74.90823,5.31831],[-74.90823,5.31831],[-74.90823,5.31831],[-74.90822,5.31831],[-74.90822,5.31831],[-74.90822,5.31831],[-74.90822,5.31831],[-74.90822,5.31831],[-74.90822,5.31831],[-74.90822,5.31831],[-74.90822,5.31831],[-74.90822,5.31831],[-74.90822,5.31831],[-74.90822,5.31831],[-74.90822,5.31831],[-74.90822,5.31831],[-74.90822,5.31832],[-74.90822,5.31832],[-74.90822,5.31832],[-74.90822,5.31832],[-74.90822,5.31832],[-74.90822,5.31832],[-74.90822,5.31832],[-74.90822,5.31832],[-74.90822,5.31832],[-74.90822,5.31832],[-74.90822,5.31832],[-74.90822,5.31832],[-74.90822,5.31832],[-74.90822,5.31832],[-74.90822,5.31832],[-74.90822,5.31832],[-74.90821,5.31832],[-74.90821,5.31832],[-74.90821,5.31832],[-74.90821,5.31832],[-74.90821,5.31832],[-74.90821,5.31832],[-74.90821,5.31832],[-74.90821,5.31832],[-74.90821,5.31832],[-74.90821,5.31832],[-74.90821,5.31832],[-74.90821,5.31832],[-74.90821,5.31832],[-74.90821,5.31832],[-74.90821,5.31832],[-74.90821,5.31832],[-74.90821,5.31832],[-74.90821,5.31832],[-74.9082,5.31832],[-74.9082,5.31832],[-74.9082,5.31832],[-74.9082,5.31832],[-74.9082,5.31832],[-74.9082,5.31832],[-74.9082,5.31832],[-74.9082,5.31832],[-74.9082,5.31832],[-74.9082,5.31832],[-74.9082,5.31832],[-74.9082,5.31832],[-74.9082,5.31832],[-74.9082,5.31832],[-74.9082,5.31832],[-74.9082,5.31831],[-74.9082,5.31831],[-74.9082,5.31831],[-74.9082,5.31831],[-74.9082,5.31831],[-74.9082,5.31831],[-74.9082,5.31831],[-74.9082,5.31831],[-74.9082,5.31832],[-74.9082,5.31832],[-74.9082,5.31832],[-74.9082,5.31832],[-74.9082,5.31832],[-74.90819,5.31832],[-74.90819,5.31832],[-74.90819,5.31832],[-74.90819,5.31832],[-74.90819,5.31832],[-74.90819,5.31832],[-74.90819,5.31832],[-74.90819,5.31832],[-74.90819,5.31832],[-74.90819,5.31832],[-74.90819,5.31832],[-74.90819,5.31832],[-74.90818,5.31832],[-74.90818,5.31832],[-74.90818,5.31832],[-74.90818,5.31832],[-74.90818,5.31833],[-74.90818,5.31833],[-74.90818,5.31833],[-74.90818,5.31833],[-74.90818,5.31833],[-74.90818,5.31833],[-74.90818,5.31833],[-74.90818,5.31833],[-74.90818,5.31833],[-74.90818,5.31833],[-74.90818,5.31833],[-74.90817,5.31833],[-74.90817,5.31833],[-74.90817,5.31833],[-74.90817,5.31833],[-74.90817,5.31833],[-74.90817,5.31833],[-74.90817,5.31833],[-74.90817,5.31833],[-74.90817,5.31833],[-74.90816,5.31833],[-74.90816,5.31833],[-74.90816,5.31833],[-74.90816,5.31833],[-74.90816,5.31833],[-74.90816,5.31833],[-74.90816,5.31833],[-74.90816,5.31833],[-74.90816,5.31833],[-74.90816,5.31833],[-74.90816,5.31833],[-74.90816,5.31833],[-74.90816,5.31833],[-74.90815,5.31833],[-74.90815,5.31833],[-74.90815,5.31833],[-74.90815,5.31833],[-74.90815,5.31833],[-74.90815,5.31833],[-74.90815,5.31833],[-74.90815,5.31833],[-74.90815,5.31833],[-74.90815,5.31833],[-74.90815,5.31833],[-74.90815,5.31833],[-74.90815,5.31833],[-74.90815,5.31834],[-74.90815,5.31834],[-74.90815,5.31834],[-74.90815,5.31834],[-74.90815,5.31834],[-74.90815,5.31834],[-74.90815,5.31834],[-74.90815,5.31834],[-74.90815,5.31834],[-74.90815,5.31834],[-74.90815,5.31834],[-74.90814,5.31834],[-74.90814,5.31834],[-74.90814,5.31834],[-74.90814,5.31834],[-74.90814,5.31835],[-74.90814,5.31835],[-74.90814,5.31835],[-74.90814,5.31835],[-74.90814,5.31835],[-74.90814,5.31835],[-74.90814,5.31835],[-74.90814,5.31835],[-74.90814,5.31835],[-74.90814,5.31835],[-74.90814,5.31835],[-74.90814,5.31835],[-74.90814,5.31835],[-74.90814,5.31835],[-74.90813,5.31835],[-74.90813,5.31835],[-74.90813,5.31835],[-74.90813,5.31835],[-74.90813,5.31835],[-74.90813,5.31835],[-74.90813,5.31835],[-74.90813,5.31835],[-74.90813,5.31835],[-74.90813,5.31835],[-74.90813,5.31835],[-74.90813,5.31836],[-74.90813,5.31836],[-74.90813,5.31836],[-74.90812,5.31836],[-74.90812,5.31836],[-74.90812,5.31836],[-74.90812,5.31836],[-74.90812,5.31836],[-74.90812,5.31836],[-74.90812,5.31836],[-74.90812,5.31836],[-74.90812,5.31836],[-74.90812,5.31836],[-74.90811,5.31836],[-74.90811,5.31836],[-74.90811,5.31836],[-74.90811,5.31836],[-74.90811,5.31836],[-74.90811,5.31836],[-74.90811,5.31836],[-74.90811,5.31836],[-74.90811,5.31836],[-74.90811,5.31836],[-74.90811,5.31836],[-74.90811,5.31836],[-74.90811,5.31836],[-74.90811,5.31836],[-74.9081,5.31836],[-74.9081,5.31837],[-74.9081,5.31837],[-74.9081,5.31837],[-74.9081,5.31837],[-74.9081,5.31837],[-74.9081,5.31837],[-74.9081,5.31837],[-74.9081,5.31837],[-74.9081,5.31837],[-74.9081,5.31837],[-74.9081,5.31837],[-74.9081,5.31837],[-74.90809,5.31837],[-74.90809,5.31837],[-74.90809,5.31837],[-74.90808,5.31837],[-74.90808,5.31837],[-74.90808,5.31837],[-74.90808,5.31837],[-74.90808,5.31837],[-74.90808,5.31837],[-74.90808,5.31837],[-74.90808,5.31837],[-74.90808,5.31837],[-74.90808,5.31837],[-74.90808,5.31837],[-74.90808,5.31837],[-74.90808,5.31837],[-74.90808,5.31837],[-74.90808,5.31837],[-74.90807,5.31837],[-74.90807,5.31836],[-74.90807,5.31836],[-74.90807,5.31836],[-74.90807,5.31836],[-74.90807,5.31836],[-74.90807,5.31836],[-74.90807,5.31836],[-74.90807,5.31836],[-74.90807,5.31836],[-74.90807,5.31836],[-74.90807,5.31836],[-74.90807,5.31836],[-74.90807,5.31836],[-74.90807,5.31836],[-74.90807,5.31836],[-74.90807,5.31836],[-74.90807,5.31836],[-74.90807,5.31836],[-74.90807,5.31836],[-74.90807,5.31836],[-74.90807,5.31836],[-74.90807,5.31836],[-74.90806,5.31836],[-74.90806,5.31836],[-74.90806,5.31836],[-74.90806,5.31836],[-74.90806,5.31836],[-74.90806,5.31836],[-74.90806,5.31836],[-74.90806,5.31836],[-74.90806,5.31836],[-74.90806,5.31836],[-74.90806,5.31836],[-74.90806,5.31836],[-74.90806,5.31836],[-74.90806,5.31836],[-74.90806,5.31836],[-74.90806,5.31836],[-74.90806,5.31836],[-74.90806,5.31835],[-74.90806,5.31835],[-74.90805,5.31835],[-74.90805,5.31835],[-74.90805,5.31835],[-74.90805,5.31835],[-74.90805,5.31835],[-74.90805,5.31835],[-74.90805,5.31835],[-74.90805,5.31835],[-74.90805,5.31835],[-74.90805,5.31835],[-74.90805,5.31835],[-74.90805,5.31835],[-74.90805,5.31835],[-74.90805,5.31835],[-74.90805,5.31835],[-74.90805,5.31835],[-74.90805,5.31835],[-74.90805,5.31835],[-74.90805,5.31835],[-74.90805,5.31835],[-74.90805,5.31835],[-74.90805,5.31835],[-74.90805,5.31835],[-74.90805,5.31835],[-74.90805,5.31835],[-74.90805,5.31835],[-74.90805,5.31835],[-74.90805,5.31835],[-74.90805,5.31835],[-74.90804,5.31835],[-74.90804,5.31835],[-74.90804,5.31835],[-74.90804,5.31835],[-74.90804,5.31835],[-74.90804,5.31835],[-74.90804,5.31835],[-74.90804,5.31835],[-74.90804,5.31835],[-74.90804,5.31835],[-74.90804,5.31835],[-74.90804,5.31835],[-74.90804,5.31835],[-74.90804,5.31835],[-74.90804,5.31835],[-74.90804,5.31835],[-74.90804,5.31835],[-74.90804,5.31835],[-74.90804,5.31835],[-74.90804,5.31835],[-74.90804,5.31835],[-74.90804,5.31835],[-74.90804,5.31835],[-74.90804,5.31835],[-74.90804,5.31835],[-74.90803,5.31835],[-74.90803,5.31835],[-74.90803,5.31835],[-74.90803,5.31835],[-74.90803,5.31835],[-74.90803,5.31835],[-74.90803,5.31835],[-74.90803,5.31835],[-74.90803,5.31835],[-74.90803,5.31835],[-74.90803,5.31835],[-74.90803,5.31835],[-74.90803,5.31835],[-74.90803,5.31835],[-74.90803,5.31835],[-74.90803,5.31835],[-74.90802,5.31835],[-74.90802,5.31835],[-74.90802,5.31835],[-74.90802,5.31835],[-74.90802,5.31835],[-74.90802,5.31835],[-74.90802,5.31835],[-74.90802,5.31835],[-74.90802,5.31835],[-74.90802,5.31835],[-74.90802,5.31835],[-74.90802,5.31835],[-74.90802,5.31835],[-74.90802,5.31835],[-74.90802,5.31835],[-74.90802,5.31835],[-74.90801,5.31835],[-74.90801,5.31835],[-74.90801,5.31835],[-74.90801,5.31835],[-74.90801,5.31835],[-74.90801,5.31835],[-74.90801,5.31835],[-74.90801,5.31835],[-74.90801,5.31835],[-74.90801,5.31835],[-74.90801,5.31835],[-74.90801,5.31835],[-74.90801,5.31835],[-74.90801,5.31835],[-74.90801,5.31835],[-74.90801,5.31835],[-74.90801,5.31835],[-74.90801,5.31835],[-74.90801,5.31835],[-74.90801,5.31835],[-74.908,5.31835],[-74.908,5.31835],[-74.908,5.31835],[-74.908,5.31835],[-74.908,5.31835],[-74.908,5.31835],[-74.90799,5.31835],[-74.90799,5.31835],[-74.90799,5.31835],[-74.90799,5.31835],[-74.90799,5.31835],[-74.90799,5.31835],[-74.90799,5.31835],[-74.90799,5.31835],[-74.90799,5.31835],[-74.90799,5.31835],[-74.90799,5.31835],[-74.90799,5.31835],[-74.90799,5.31835],[-74.90799,5.31835],[-74.90799,5.31835],[-74.90799,5.31835],[-74.90799,5.31835],[-74.90799,5.31835],[-74.90798,5.31835],[-74.90798,5.31835],[-74.90798,5.31835],[-74.90798,5.31835],[-74.90798,5.31835],[-74.90798,5.31835],[-74.90798,5.31835],[-74.90798,5.31835],[-74.90798,5.31835],[-74.90798,5.31835],[-74.90798,5.31835],[-74.90798,5.31835],[-74.90798,5.31835],[-74.90798,5.31835],[-74.90798,5.31835],[-74.90798,5.31835],[-74.90798,5.31835],[-74.90798,5.31835],[-74.90798,5.31835],[-74.90798,5.31835],[-74.90798,5.31835],[-74.90798,5.31835],[-74.90798,5.31835],[-74.90798,5.31835],[-74.90798,5.31835],[-74.90797,5.31835],[-74.90797,5.31835],[-74.90797,5.31835],[-74.90797,5.31835],[-74.90797,5.31835],[-74.90797,5.31835],[-74.90797,5.31835],[-74.90797,5.31835],[-74.90797,5.31835],[-74.90797,5.31835],[-74.90797,5.31835],[-74.90797,5.31835],[-74.90797,5.31835],[-74.90797,5.31835],[-74.90797,5.31835],[-74.90797,5.31835],[-74.90797,5.31835],[-74.90797,5.31835],[-74.90797,5.31835],[-74.90797,5.31835],[-74.90797,5.31835],[-74.90797,5.31835],[-74.90797,5.31835],[-74.90797,5.31835],[-74.90797,5.31835],[-74.90796,5.31835],[-74.90796,5.31835],[-74.90796,5.31835],[-74.90796,5.31835],[-74.90796,5.31835],[-74.90796,5.31835],[-74.90795,5.31835],[-74.90795,5.31835],[-74.90795,5.31835],[-74.90795,5.31835],[-74.90795,5.31835],[-74.90795,5.31835],[-74.90795,5.31835],[-74.90795,5.31835],[-74.90795,5.31835],[-74.90794,5.31835],[-74.90794,5.31835],[-74.90794,5.31835],[-74.90794,5.31835],[-74.90794,5.31835],[-74.90794,5.31835],[-74.90794,5.31835],[-74.90794,5.31835],[-74.90794,5.31835],[-74.90794,5.31835],[-74.90794,5.31834],[-74.90794,5.31834],[-74.90794,5.31834],[-74.90794,5.31834],[-74.90794,5.31834],[-74.90794,5.31834],[-74.90794,5.31834],[-74.90794,5.31834],[-74.90794,5.31834],[-74.90794,5.31834],[-74.90794,5.31834],[-74.90794,5.31834],[-74.90794,5.31834],[-74.90794,5.31834],[-74.90793,5.31834],[-74.90793,5.31834],[-74.90793,5.31834],[-74.90793,5.31834],[-74.90793,5.31834],[-74.90793,5.31834],[-74.90793,5.31834],[-74.90793,5.31833],[-74.90793,5.31833],[-74.90793,5.31833],[-74.90793,5.31833],[-74.90793,5.31833],[-74.90793,5.31833],[-74.90793,5.31833],[-74.90793,5.31833],[-74.90793,5.31833],[-74.90793,5.31833],[-74.90793,5.31833],[-74.90793,5.31833],[-74.90793,5.31833],[-74.90793,5.31833],[-74.90793,5.31833],[-74.90792,5.31833],[-74.90792,5.31833],[-74.90792,5.31833],[-74.90792,5.31833],[-74.90792,5.31833],[-74.90792,5.31833],[-74.90792,5.31833],[-74.90792,5.31833],[-74.90792,5.31833],[-74.90792,5.31833],[-74.90792,5.31833],[-74.90792,5.31833],[-74.90791,5.31833],[-74.90791,5.31833],[-74.90791,5.31833],[-74.90791,5.31833],[-74.90791,5.31833],[-74.90791,5.31833],[-74.90791,5.31833],[-74.90791,5.31833],[-74.90791,5.31833],[-74.90791,5.31833],[-74.90791,5.31833],[-74.90791,5.31834],[-74.90791,5.31834],[-74.90791,5.31834],[-74.90791,5.31834],[-74.9079,5.31834],[-74.9079,5.31834],[-74.9079,5.31834],[-74.9079,5.31834],[-74.9079,5.31834],[-74.9079,5.31834],[-74.9079,5.31834],[-74.9079,5.31834],[-74.9079,5.31834],[-74.9079,5.31834],[-74.9079,5.31834],[-74.90789,5.31834],[-74.90789,5.31834],[-74.90789,5.31834],[-74.90789,5.31834],[-74.90789,5.31834],[-74.90789,5.31834],[-74.90789,5.31834],[-74.90789,5.31834],[-74.90789,5.31834],[-74.90789,5.31834],[-74.90789,5.31834],[-74.90789,5.31834],[-74.90789,5.31834],[-74.90789,5.31834],[-74.90789,5.31834],[-74.90789,5.31834],[-74.90789,5.31834],[-74.90789,5.31834],[-74.90789,5.31835],[-74.90789,5.31835],[-74.90789,5.31835],[-74.90788,5.31835],[-74.90788,5.31835],[-74.90788,5.31835],[-74.90788,5.31835],[-74.90788,5.31835],[-74.90788,5.31835],[-74.90788,5.31835],[-74.90788,5.31835],[-74.90788,5.31835],[-74.90788,5.31835],[-74.90788,5.31835],[-74.90788,5.31835],[-74.90788,5.31835],[-74.90788,5.31835],[-74.90788,5.31835],[-74.90788,5.31835],[-74.90788,5.31835],[-74.90788,5.31835],[-74.90788,5.31835],[-74.90788,5.31835],[-74.90788,5.31835],[-74.90788,5.31835],[-74.90787,5.31835],[-74.90787,5.31835],[-74.90787,5.31835],[-74.90787,5.31835],[-74.90787,5.31835],[-74.90787,5.31835],[-74.90787,5.31835],[-74.90787,5.31835],[-74.90787,5.31835],[-74.90787,5.31835],[-74.90787,5.31835],[-74.90787,5.31835],[-74.90787,5.31835],[-74.90787,5.31835],[-74.90787,5.31834],[-74.90787,5.31834],[-74.90787,5.31834],[-74.90787,5.31834],[-74.90787,5.31834],[-74.90787,5.31834],[-74.90786,5.31834],[-74.90786,5.31834],[-74.90786,5.31834],[-74.90786,5.31834],[-74.90786,5.31834],[-74.90786,5.31834],[-74.90786,5.31834],[-74.90786,5.31834],[-74.90786,5.31834],[-74.90786,5.31834],[-74.90786,5.31834],[-74.90786,5.31834],[-74.90786,5.31834],[-74.90785,5.31834],[-74.90785,5.31834],[-74.90785,5.31834],[-74.90785,5.31834],[-74.90785,5.31834],[-74.90785,5.31834],[-74.90785,5.31834],[-74.90785,5.31834],[-74.90785,5.31833],[-74.90785,5.31833],[-74.90785,5.31833],[-74.90785,5.31833],[-74.90785,5.31833],[-74.90785,5.31833],[-74.90785,5.31833],[-74.90785,5.31833],[-74.90785,5.31833],[-74.90785,5.31833],[-74.90785,5.31833],[-74.90785,5.31833],[-74.90785,5.31833],[-74.90785,5.31833],[-74.90785,5.31833],[-74.90785,5.31833],[-74.90785,5.31833],[-74.90785,5.31833],[-74.90785,5.31833],[-74.90785,5.31833],[-74.90784,5.31833],[-74.90784,5.31833],[-74.90784,5.31833],[-74.90784,5.31833],[-74.90784,5.31833],[-74.90784,5.31833],[-74.90784,5.31833],[-74.90784,5.31833],[-74.90784,5.31833],[-74.90784,5.31833],[-74.90784,5.31833],[-74.90784,5.31833],[-74.90784,5.31833],[-74.90784,5.31833],[-74.90784,5.31833],[-74.90784,5.31833],[-74.90784,5.31833],[-74.90784,5.31833],[-74.90784,5.31833],[-74.90783,5.31833],[-74.90783,5.31833],[-74.90783,5.31833],[-74.90783,5.31833],[-74.90783,5.31833],[-74.90783,5.31833],[-74.90783,5.31833],[-74.90783,5.31833],[-74.90782,5.31833],[-74.90782,5.31833],[-74.90782,5.31833],[-74.90782,5.31833],[-74.90782,5.31833],[-74.90782,5.31833],[-74.90782,5.31833],[-74.90782,5.31833],[-74.90782,5.31833],[-74.90782,5.31833],[-74.90782,5.31833],[-74.90782,5.31833],[-74.90782,5.31833],[-74.90781,5.31833],[-74.90781,5.31833],[-74.90781,5.31833],[-74.90781,5.31833],[-74.90781,5.31833],[-74.90781,5.31833],[-74.90781,5.31833],[-74.9078,5.31833],[-74.9078,5.31833],[-74.9078,5.31833],[-74.9078,5.31833],[-74.9078,5.31833],[-74.90779,5.31833],[-74.90779,5.31833],[-74.90779,5.31833],[-74.90779,5.31833],[-74.90779,5.31833],[-74.90779,5.31833],[-74.90779,5.31833],[-74.90779,5.31833],[-74.90779,5.31833],[-74.90779,5.31833],[-74.90779,5.31833],[-74.90778,5.31833],[-74.90778,5.31833],[-74.90778,5.31833],[-74.90778,5.31833],[-74.90778,5.31833],[-74.90778,5.31833],[-74.90778,5.31833],[-74.90778,5.31833],[-74.90778,5.31833],[-74.90778,5.31833],[-74.90778,5.31833],[-74.90778,5.31833],[-74.90778,5.31833],[-74.90778,5.31833],[-74.90778,5.31832],[-74.90778,5.31832],[-74.90778,5.31832],[-74.90778,5.31832],[-74.90778,5.31832],[-74.90778,5.31832],[-74.90778,5.31832],[-74.90777,5.31832],[-74.90777,5.31832],[-74.90777,5.31832],[-74.90777,5.31832],[-74.90777,5.31832],[-74.90777,5.31832],[-74.90777,5.31832],[-74.90777,5.31832],[-74.90777,5.31832],[-74.90777,5.31832],[-74.90777,5.31832],[-74.90777,5.31832],[-74.90776,5.31833],[-74.90776,5.31833],[-74.90776,5.31833],[-74.90776,5.31833],[-74.90776,5.31833],[-74.90776,5.31833],[-74.90776,5.31833],[-74.90776,5.31833],[-74.90776,5.31833],[-74.90776,5.31833],[-74.90776,5.31833],[-74.90776,5.31832],[-74.90776,5.31832],[-74.90776,5.31832],[-74.90776,5.31832],[-74.90776,5.31832],[-74.90776,5.31832],[-74.90776,5.31832],[-74.90776,5.31832],[-74.90775,5.31832],[-74.90775,5.31832],[-74.90775,5.31832],[-74.90775,5.31832],[-74.90775,5.31832],[-74.90775,5.31832],[-74.90775,5.31832],[-74.90775,5.31832],[-74.90775,5.31832],[-74.90775,5.31832],[-74.90775,5.31832],[-74.90775,5.31832],[-74.90775,5.31832],[-74.90775,5.31832],[-74.90774,5.31832],[-74.90774,5.31832],[-74.90774,5.31832],[-74.90774,5.31832],[-74.90774,5.31832],[-74.90774,5.31832],[-74.90774,5.31832],[-74.90774,5.31832],[-74.90774,5.31832],[-74.90774,5.31832],[-74.90774,5.31832],[-74.90774,5.31831],[-74.90774,5.31831],[-74.90774,5.31831],[-74.90774,5.31831],[-74.90774,5.31831],[-74.90774,5.31831],[-74.90774,5.31831],[-74.90773,5.31831],[-74.90773,5.31831],[-74.90773,5.31831],[-74.90772,5.31831],[-74.90772,5.31831],[-74.90772,5.31831],[-74.90772,5.31831],[-74.90771,5.31831],[-74.90771,5.31831],[-74.9077,5.31831],[-74.9077,5.31831],[-74.9077,5.31831],[-74.9077,5.31831],[-74.9077,5.31831],[-74.9077,5.31831],[-74.9077,5.31831],[-74.9077,5.31831],[-74.9077,5.31831],[-74.90769,5.31831],[-74.90769,5.31831],[-74.90769,5.31831],[-74.90769,5.31831],[-74.90769,5.31831],[-74.90769,5.31831],[-74.90769,5.31831],[-74.90769,5.31831],[-74.90769,5.31831],[-74.90769,5.31831],[-74.90769,5.31831],[-74.90768,5.31831],[-74.90768,5.31831],[-74.90768,5.31831],[-74.90768,5.31831],[-74.90768,5.31831],[-74.90768,5.31831],[-74.90767,5.31831],[-74.90767,5.31831],[-74.90767,5.31831],[-74.90767,5.31831],[-74.90767,5.31831],[-74.90767,5.31831],[-74.90767,5.31831],[-74.90767,5.31831],[-74.90767,5.31831],[-74.90767,5.31831],[-74.90767,5.31831],[-74.90767,5.31831],[-74.90767,5.31831],[-74.90767,5.3183],[-74.90767,5.3183],[-74.90767,5.3183],[-74.90767,5.3183],[-74.90767,5.3183],[-74.90767,5.3183],[-74.90766,5.3183],[-74.90766,5.3183],[-74.90766,5.3183],[-74.90766,5.3183],[-74.90766,5.3183],[-74.90766,5.3183],[-74.90766,5.3183],[-74.90766,5.3183],[-74.90766,5.3183],[-74.90766,5.3183],[-74.90766,5.3183],[-74.90766,5.3183],[-74.90766,5.3183],[-74.90766,5.3183],[-74.90766,5.3183],[-74.90766,5.3183],[-74.90766,5.3183],[-74.90766,5.3183],[-74.90766,5.3183],[-74.90766,5.3183],[-74.90765,5.3183],[-74.90765,5.3183],[-74.90765,5.3183],[-74.90765,5.31829],[-74.90765,5.31829],[-74.90765,5.31829],[-74.90765,5.31829],[-74.90765,5.31829],[-74.90765,5.31829],[-74.90765,5.31829],[-74.90765,5.31829],[-74.90765,5.31829],[-74.90765,5.31829],[-74.90765,5.31829],[-74.90765,5.31829],[-74.90765,5.31829],[-74.90765,5.31828],[-74.90765,5.31828],[-74.90765,5.31828],[-74.90765,5.31828],[-74.90764,5.31828],[-74.90764,5.31828],[-74.90764,5.31828],[-74.90764,5.31828],[-74.90764,5.31828],[-74.90764,5.31828],[-74.90764,5.31828],[-74.90764,5.31828],[-74.90764,5.31828],[-74.90764,5.31828],[-74.90764,5.31828],[-74.90764,5.31828],[-74.90764,5.31828],[-74.90764,5.31828],[-74.90764,5.31828],[-74.90764,5.31828],[-74.90764,5.31828],[-74.90764,5.31828],[-74.90764,5.31828],[-74.90764,5.31828],[-74.90764,5.31828],[-74.90764,5.31828],[-74.90763,5.31828],[-74.90763,5.31828],[-74.90763,5.31827],[-74.90763,5.31827],[-74.90763,5.31827],[-74.90763,5.31827],[-74.90763,5.31827],[-74.90763,5.31827],[-74.90763,5.31827],[-74.90763,5.31827],[-74.90763,5.31827],[-74.90763,5.31827],[-74.90763,5.31827],[-74.90763,5.31827],[-74.90763,5.31827],[-74.90763,5.31827],[-74.90763,5.31827],[-74.90763,5.31827],[-74.90763,5.31827],[-74.90762,5.31827],[-74.90762,5.31827],[-74.90762,5.31827],[-74.90762,5.31827],[-74.90762,5.31827],[-74.90762,5.31827],[-74.90762,5.31827],[-74.90762,5.31827],[-74.90762,5.31827],[-74.90762,5.31827],[-74.90762,5.31827],[-74.90762,5.31827],[-74.90762,5.31827],[-74.90762,5.31827],[-74.90762,5.31827],[-74.90762,5.31826],[-74.90762,5.31826],[-74.90761,5.31826],[-74.90761,5.31826],[-74.90761,5.31826],[-74.90761,5.31826],[-74.90761,5.31826],[-74.90761,5.31826],[-74.90761,5.31826],[-74.90761,5.31826],[-74.90761,5.31826],[-74.90761,5.31826],[-74.90761,5.31826],[-74.90761,5.31826],[-74.90761,5.31826],[-74.90761,5.31826],[-74.90762,5.31826],[-74.90762,5.31826],[-74.90762,5.31826],[-74.90762,5.31826],[-74.90762,5.31825],[-74.90762,5.31825],[-74.90762,5.31825],[-74.90762,5.31825],[-74.90762,5.31825],[-74.90762,5.31825],[-74.90762,5.31825],[-74.90762,5.31825],[-74.90762,5.31825],[-74.90762,5.31825],[-74.90762,5.31825],[-74.90762,5.31825],[-74.90762,5.31825],[-74.90762,5.31825],[-74.90761,5.31825],[-74.90761,5.31825],[-74.90761,5.31825],[-74.90761,5.31825],[-74.90761,5.31825],[-74.90761,5.31824],[-74.90761,5.31824],[-74.90761,5.31824],[-74.90761,5.31824],[-74.90761,5.31824],[-74.90761,5.31824],[-74.90761,5.31825],[-74.90761,5.31825],[-74.90761,5.31825],[-74.90761,5.31824],[-74.90761,5.31824],[-74.90761,5.31824],[-74.90761,5.31824],[-74.90761,5.31824],[-74.90761,5.31824],[-74.90761,5.31824],[-74.90761,5.31824],[-74.90761,5.31824],[-74.90761,5.31824],[-74.9076,5.31824],[-74.9076,5.31824],[-74.9076,5.31824],[-74.9076,5.31824],[-74.9076,5.31824],[-74.9076,5.31824],[-74.9076,5.31824],[-74.9076,5.31824],[-74.9076,5.31824],[-74.9076,5.31824],[-74.9076,5.31824],[-74.9076,5.31823],[-74.9076,5.31823],[-74.9076,5.31823],[-74.9076,5.31823],[-74.9076,5.31823],[-74.9076,5.31823],[-74.9076,5.31823],[-74.9076,5.31823],[-74.90759,5.31823],[-74.90759,5.31823],[-74.90759,5.31823],[-74.90759,5.31823],[-74.90759,5.31823],[-74.90759,5.31823],[-74.90759,5.31823],[-74.90759,5.31823],[-74.90759,5.31823],[-74.90759,5.31823],[-74.90759,5.31823],[-74.90759,5.31823],[-74.90759,5.31823],[-74.90759,5.31823],[-74.90759,5.31823],[-74.90759,5.31823],[-74.90759,5.31823],[-74.90759,5.31823],[-74.90759,5.31822],[-74.90759,5.31822],[-74.90759,5.31822],[-74.90758,5.31822],[-74.90758,5.31822],[-74.90758,5.31822],[-74.90758,5.31822],[-74.90758,5.31822],[-74.90758,5.31822],[-74.90758,5.31822],[-74.90758,5.31822],[-74.90758,5.31822],[-74.90758,5.31822],[-74.90758,5.31822],[-74.90758,5.31822],[-74.90757,5.31822],[-74.90757,5.31822],[-74.90757,5.31822],[-74.90757,5.31822],[-74.90757,5.31822],[-74.90757,5.31822],[-74.90757,5.31822],[-74.90757,5.31822],[-74.90757,5.31822],[-74.90757,5.31822],[-74.90757,5.31822],[-74.90757,5.31822],[-74.90757,5.31822],[-74.90757,5.31822],[-74.90757,5.31822],[-74.90757,5.31822],[-74.90757,5.31822],[-74.90757,5.31822],[-74.90757,5.31822],[-74.90756,5.31822],[-74.90756,5.31822],[-74.90756,5.31822],[-74.90756,5.31821],[-74.90756,5.31821],[-74.90756,5.31821],[-74.90756,5.31821],[-74.90755,5.31821],[-74.90755,5.31821],[-74.90755,5.31821],[-74.90755,5.31821],[-74.90755,5.31821],[-74.90755,5.31821],[-74.90755,5.31821],[-74.90755,5.31821],[-74.90755,5.31821],[-74.90755,5.31821],[-74.90755,5.31821],[-74.90755,5.31821],[-74.90755,5.31821],[-74.90755,5.31821],[-74.90755,5.31821],[-74.90755,5.31821],[-74.90755,5.31821],[-74.90755,5.31821],[-74.90755,5.31821],[-74.90755,5.31821],[-74.90754,5.31821],[-74.90754,5.31821],[-74.90754,5.31821],[-74.90754,5.3182],[-74.90754,5.3182],[-74.90754,5.3182],[-74.90754,5.3182],[-74.90754,5.3182],[-74.90754,5.3182],[-74.90754,5.3182],[-74.90754,5.3182],[-74.90754,5.3182],[-74.90754,5.3182],[-74.90754,5.3182],[-74.90754,5.3182],[-74.90754,5.3182],[-74.90754,5.3182],[-74.90754,5.3182],[-74.90753,5.3182],[-74.90753,5.3182],[-74.90753,5.3182],[-74.90753,5.3182],[-74.90753,5.3182],[-74.90753,5.3182],[-74.90753,5.3182],[-74.90753,5.3182],[-74.90753,5.3182],[-74.90753,5.3182],[-74.90753,5.3182],[-74.90753,5.3182],[-74.90753,5.3182],[-74.90753,5.3182],[-74.90753,5.3182],[-74.90753,5.31819],[-74.90753,5.31819],[-74.90752,5.31819],[-74.90752,5.31819],[-74.90752,5.31819],[-74.90752,5.31819],[-74.90752,5.31819],[-74.90752,5.31819],[-74.90752,5.31819],[-74.90752,5.31819],[-74.90752,5.31819],[-74.90752,5.31819],[-74.90752,5.31819],[-74.90752,5.31819],[-74.90752,5.31819],[-74.90752,5.31819],[-74.90751,5.31819],[-74.90751,5.31819],[-74.90751,5.31819],[-74.90751,5.31819],[-74.90751,5.31819],[-74.90751,5.31819],[-74.90751,5.31819],[-74.90751,5.31819],[-74.90751,5.31819],[-74.90751,5.31819],[-74.90751,5.31819],[-74.90751,5.31819],[-74.90751,5.31819],[-74.90751,5.31819],[-74.90751,5.31819],[-74.90751,5.31819],[-74.9075,5.31819],[-74.9075,5.31819],[-74.9075,5.31819],[-74.9075,5.31819],[-74.9075,5.31819],[-74.9075,5.31819],[-74.9075,5.31819],[-74.9075,5.31819],[-74.9075,5.31819],[-74.9075,5.31819],[-74.9075,5.31819],[-74.9075,5.31819],[-74.9075,5.31819],[-74.9075,5.31819],[-74.90749,5.31819],[-74.90749,5.31819],[-74.90749,5.31819],[-74.90749,5.31819],[-74.90749,5.31819],[-74.90749,5.31819],[-74.90749,5.31819],[-74.90749,5.31819],[-74.90749,5.31819],[-74.90749,5.31819],[-74.90749,5.31819],[-74.90749,5.31819],[-74.90749,5.31819],[-74.90749,5.31819],[-74.90749,5.31819],[-74.90749,5.31819],[-74.90749,5.31819],[-74.90749,5.31819],[-74.90749,5.31819],[-74.90749,5.31819],[-74.90749,5.31819],[-74.90749,5.31819],[-74.90749,5.31819],[-74.90748,5.31819],[-74.90748,5.31819],[-74.90748,5.31819],[-74.90748,5.31819],[-74.90748,5.31819],[-74.90748,5.31819],[-74.90748,5.31819],[-74.90748,5.31819],[-74.90748,5.31819],[-74.90748,5.3182],[-74.90748,5.3182],[-74.90748,5.3182],[-74.90747,5.3182],[-74.90747,5.3182],[-74.90747,5.3182],[-74.90747,5.3182],[-74.90747,5.3182],[-74.90746,5.3182],[-74.90746,5.3182],[-74.90746,5.3182],[-74.90746,5.3182],[-74.90746,5.3182],[-74.90746,5.3182],[-74.90746,5.3182],[-74.90746,5.3182],[-74.90746,5.3182],[-74.90746,5.3182],[-74.90746,5.3182],[-74.90746,5.3182],[-74.90746,5.3182],[-74.90746,5.3182],[-74.90745,5.3182],[-74.90745,5.3182],[-74.90745,5.3182],[-74.90745,5.3182],[-74.90745,5.3182],[-74.90745,5.3182],[-74.90745,5.3182],[-74.90745,5.3182],[-74.90745,5.3182],[-74.90745,5.3182],[-74.90745,5.3182],[-74.90745,5.3182],[-74.90745,5.3182],[-74.90745,5.3182],[-74.90745,5.3182],[-74.90745,5.3182],[-74.90745,5.3182],[-74.90745,5.3182],[-74.90745,5.3182],[-74.90745,5.3182],[-74.90745,5.3182],[-74.90745,5.3182],[-74.90745,5.3182],[-74.90745,5.3182],[-74.90745,5.3182],[-74.90745,5.3182],[-74.90745,5.3182],[-74.90745,5.3182],[-74.90744,5.3182],[-74.90744,5.3182],[-74.90744,5.3182],[-74.90744,5.3182],[-74.90744,5.3182],[-74.90744,5.3182],[-74.90744,5.3182],[-74.90744,5.3182],[-74.90744,5.3182],[-74.90744,5.3182],[-74.90744,5.3182],[-74.90744,5.3182],[-74.90744,5.3182],[-74.90744,5.3182],[-74.90744,5.3182],[-74.90744,5.3182],[-74.90744,5.3182],[-74.90744,5.3182],[-74.90744,5.3182],[-74.90744,5.3182],[-74.90744,5.31821],[-74.90744,5.31821],[-74.90744,5.31821],[-74.90744,5.31821],[-74.90744,5.31821],[-74.90743,5.31821],[-74.90743,5.3182],[-74.90743,5.3182],[-74.90743,5.3182],[-74.90743,5.3182],[-74.90743,5.3182],[-74.90743,5.3182],[-74.90743,5.3182],[-74.90743,5.3182],[-74.90743,5.3182],[-74.90743,5.3182],[-74.90743,5.3182],[-74.90743,5.3182],[-74.90743,5.3182],[-74.90743,5.3182],[-74.90743,5.3182],[-74.90743,5.3182],[-74.90743,5.3182],[-74.90743,5.3182],[-74.90743,5.3182],[-74.90743,5.3182],[-74.90742,5.3182],[-74.90742,5.3182],[-74.90742,5.3182],[-74.90742,5.3182],[-74.90742,5.3182],[-74.90742,5.3182],[-74.90742,5.3182],[-74.90742,5.3182],[-74.90742,5.3182],[-74.90742,5.3182],[-74.90742,5.3182],[-74.90742,5.3182],[-74.90742,5.3182],[-74.90742,5.3182],[-74.90742,5.3182],[-74.90742,5.3182],[-74.90742,5.3182],[-74.90742,5.3182],[-74.90742,5.3182],[-74.90742,5.3182],[-74.90742,5.3182],[-74.90742,5.3182],[-74.90741,5.3182],[-74.90741,5.3182],[-74.90741,5.3182],[-74.90741,5.3182],[-74.90741,5.3182],[-74.90741,5.3182],[-74.90741,5.3182],[-74.90741,5.3182],[-74.90741,5.3182],[-74.90741,5.3182],[-74.90741,5.3182],[-74.90741,5.3182],[-74.90741,5.3182],[-74.90741,5.31819],[-74.90741,5.31819],[-74.90741,5.31819],[-74.90741,5.31819],[-74.90741,5.31819],[-74.90741,5.31819],[-74.90741,5.31819],[-74.9074,5.31819],[-74.9074,5.31819],[-74.9074,5.31819],[-74.9074,5.31819],[-74.9074,5.31819],[-74.9074,5.31819],[-74.9074,5.31819],[-74.9074,5.31819],[-74.90739,5.31819],[-74.90739,5.31819],[-74.90739,5.31819],[-74.90739,5.31819],[-74.90739,5.31819],[-74.90739,5.31819],[-74.90739,5.31819],[-74.90739,5.31819],[-74.90739,5.31819],[-74.90739,5.31819],[-74.90739,5.31819],[-74.90739,5.31819],[-74.90739,5.31819],[-74.90739,5.31819],[-74.90739,5.31819],[-74.90739,5.31819],[-74.90739,5.31819],[-74.90739,5.31819],[-74.90739,5.31819],[-74.90739,5.31819],[-74.90739,5.31819],[-74.90738,5.31819],[-74.90738,5.31819],[-74.90738,5.31819],[-74.90738,5.31819],[-74.90738,5.31819],[-74.90738,5.31819],[-74.90738,5.31819],[-74.90738,5.31819],[-74.90738,5.31819],[-74.90738,5.31819],[-74.90738,5.31819],[-74.90738,5.31819],[-74.90738,5.31819],[-74.90738,5.31819],[-74.90738,5.31819],[-74.90738,5.31819],[-74.90738,5.31819],[-74.90738,5.31819],[-74.90738,5.31819],[-74.90738,5.31819],[-74.90738,5.31819],[-74.90737,5.31819],[-74.90737,5.31819],[-74.90737,5.31819],[-74.90737,5.31819],[-74.90737,5.31819],[-74.90737,5.31819],[-74.90736,5.31819],[-74.90736,5.31819],[-74.90736,5.31819],[-74.90736,5.31819],[-74.90736,5.31819],[-74.90736,5.31819],[-74.90736,5.31819],[-74.90736,5.31819],[-74.90736,5.31819],[-74.90736,5.31819],[-74.90736,5.31819],[-74.90736,5.31819],[-74.90736,5.31819],[-74.90736,5.31819],[-74.90735,5.31819],[-74.90735,5.31819],[-74.90735,5.31819],[-74.90735,5.31819],[-74.90735,5.31819],[-74.90735,5.31819],[-74.90734,5.31819],[-74.90734,5.31819],[-74.90734,5.31819],[-74.90734,5.31819],[-74.90733,5.31819],[-74.90733,5.31819],[-74.90733,5.31819],[-74.90733,5.31819],[-74.90733,5.31819],[-74.90733,5.31819],[-74.90733,5.31819],[-74.90733,5.31819],[-74.90733,5.31819],[-74.90733,5.31819],[-74.90733,5.3182],[-74.90733,5.3182],[-74.90733,5.3182],[-74.90733,5.3182],[-74.90733,5.3182],[-74.90733,5.3182],[-74.90732,5.3182],[-74.90732,5.3182],[-74.90732,5.3182],[-74.90732,5.3182],[-74.90732,5.3182],[-74.90732,5.3182],[-74.90732,5.3182],[-74.90732,5.3182],[-74.90732,5.3182],[-74.90732,5.3182],[-74.90732,5.3182],[-74.90732,5.3182],[-74.90732,5.3182],[-74.90732,5.3182],[-74.90732,5.3182],[-74.90732,5.3182],[-74.90732,5.3182],[-74.90732,5.31821],[-74.90732,5.31821],[-74.90732,5.31821],[-74.90732,5.31821],[-74.90731,5.31821],[-74.90731,5.31821],[-74.90731,5.31821],[-74.90731,5.31821],[-74.90731,5.31821],[-74.90731,5.31821],[-74.90731,5.31821],[-74.90731,5.31821],[-74.90731,5.31821],[-74.90731,5.31821],[-74.90731,5.31821],[-74.90731,5.31821],[-74.90731,5.31821],[-74.90731,5.31821],[-74.90731,5.31821],[-74.9073,5.31821],[-74.9073,5.31821],[-74.9073,5.31821],[-74.9073,5.31821],[-74.9073,5.31821],[-74.9073,5.31821],[-74.9073,5.31821],[-74.9073,5.31821],[-74.9073,5.31822],[-74.9073,5.31822],[-74.9073,5.31822],[-74.9073,5.31822],[-74.9073,5.31822],[-74.9073,5.31822],[-74.9073,5.31822],[-74.9073,5.31822],[-74.9073,5.31822],[-74.9073,5.31822],[-74.9073,5.31822],[-74.90729,5.31822],[-74.90729,5.31822],[-74.90729,5.31822],[-74.90729,5.31822],[-74.90729,5.31822],[-74.90729,5.31822],[-74.90729,5.31822],[-74.90729,5.31822],[-74.90729,5.31822],[-74.90729,5.31822],[-74.90728,5.31822],[-74.90728,5.31822],[-74.90728,5.31822],[-74.90728,5.31822],[-74.90728,5.31822],[-74.90728,5.31822],[-74.90728,5.31822],[-74.90727,5.31822],[-74.90727,5.31822],[-74.90727,5.31822],[-74.90727,5.31822],[-74.90727,5.31822],[-74.90727,5.31822],[-74.90727,5.31822],[-74.90727,5.31822],[-74.90726,5.31822],[-74.90726,5.31822],[-74.90726,5.31822],[-74.90726,5.31822],[-74.90726,5.31822],[-74.90726,5.31822],[-74.90726,5.31822],[-74.90726,5.31822],[-74.90726,5.31822],[-74.90726,5.31823],[-74.90726,5.31823],[-74.90726,5.31823],[-74.90726,5.31823],[-74.90726,5.31823],[-74.90726,5.31823],[-74.90726,5.31823],[-74.90726,5.31823],[-74.90726,5.31823],[-74.90726,5.31823],[-74.90726,5.31823],[-74.90725,5.31823],[-74.90725,5.31823],[-74.90725,5.31823],[-74.90725,5.31823],[-74.90725,5.31823],[-74.90725,5.31823],[-74.90725,5.31823],[-74.90725,5.31823],[-74.90725,5.31823],[-74.90725,5.31823],[-74.90725,5.31823],[-74.90725,5.31823],[-74.90725,5.31823],[-74.90724,5.31823],[-74.90724,5.31823],[-74.90724,5.31823],[-74.90724,5.31823],[-74.90724,5.31823],[-74.90724,5.31824],[-74.90724,5.31824],[-74.90724,5.31824],[-74.90724,5.31824],[-74.90724,5.31824],[-74.90724,5.31824],[-74.90724,5.31824],[-74.90724,5.31824],[-74.90724,5.31824],[-74.90724,5.31824],[-74.90724,5.31824],[-74.90724,5.31824],[-74.90724,5.31824],[-74.90724,5.31824],[-74.90724,5.31824],[-74.90723,5.31824],[-74.90723,5.31824],[-74.90723,5.31824],[-74.90723,5.31824],[-74.90723,5.31824],[-74.90723,5.31824],[-74.90723,5.31824],[-74.90723,5.31824],[-74.90723,5.31825],[-74.90723,5.31825],[-74.90723,5.31825],[-74.90723,5.31825],[-74.90723,5.31825],[-74.90723,5.31825],[-74.90723,5.31825],[-74.90723,5.31825],[-74.90723,5.31825],[-74.90722,5.31825],[-74.90722,5.31825],[-74.90722,5.31825],[-74.90722,5.31825],[-74.90722,5.31825],[-74.90722,5.31825],[-74.90722,5.31825],[-74.90722,5.31825],[-74.90722,5.31825],[-74.90722,5.31825],[-74.90722,5.31825],[-74.90722,5.31825],[-74.90722,5.31825],[-74.90722,5.31826],[-74.90722,5.31826],[-74.90722,5.31826],[-74.90722,5.31826],[-74.90722,5.31826],[-74.90722,5.31826],[-74.90722,5.31826],[-74.90722,5.31826],[-74.90722,5.31826],[-74.90721,5.31826],[-74.90721,5.31826],[-74.90721,5.31826],[-74.90721,5.31827],[-74.90721,5.31827],[-74.90721,5.31827],[-74.90721,5.31827],[-74.90721,5.31827],[-74.90721,5.31827],[-74.90721,5.31827],[-74.90721,5.31827],[-74.90721,5.31827],[-74.90721,5.31827],[-74.90721,5.31827],[-74.90721,5.31827],[-74.90721,5.31827],[-74.90721,5.31827],[-74.90721,5.31827],[-74.90721,5.31827],[-74.90721,5.31827],[-74.90721,5.31827],[-74.90721,5.31827],[-74.90721,5.31827],[-74.9072,5.31827],[-74.9072,5.31827],[-74.9072,5.31827],[-74.9072,5.31827],[-74.9072,5.31827],[-74.9072,5.31828],[-74.9072,5.31828],[-74.9072,5.31828],[-74.9072,5.31828],[-74.9072,5.31828],[-74.90719,5.31828],[-74.90719,5.31828],[-74.90719,5.31828],[-74.90719,5.31828],[-74.90719,5.31828],[-74.90719,5.31828],[-74.90719,5.31828],[-74.90719,5.31828],[-74.90719,5.31828],[-74.90719,5.31828],[-74.90719,5.31828],[-74.90719,5.31828],[-74.90718,5.31828],[-74.90718,5.31828],[-74.90718,5.31828],[-74.90718,5.31828],[-74.90718,5.31828],[-74.90718,5.31828],[-74.90718,5.31828],[-74.90718,5.31828],[-74.90718,5.31828],[-74.90718,5.31828],[-74.90718,5.31828],[-74.90718,5.31828],[-74.90718,5.31828],[-74.90718,5.31828],[-74.90717,5.31828],[-74.90717,5.31828],[-74.90717,5.31828],[-74.90717,5.31828],[-74.90717,5.31828],[-74.90717,5.31828],[-74.90717,5.31828],[-74.90717,5.31828],[-74.90717,5.31828],[-74.90717,5.31828],[-74.90717,5.31828],[-74.90717,5.31828],[-74.90717,5.31828],[-74.90717,5.31828],[-74.90717,5.31828],[-74.90717,5.31828],[-74.90717,5.31828],[-74.90716,5.31828],[-74.90716,5.31828],[-74.90716,5.31828],[-74.90716,5.31827],[-74.90716,5.31827],[-74.90716,5.31827],[-74.90716,5.31827],[-74.90715,5.31827],[-74.90715,5.31827],[-74.90715,5.31827],[-74.90715,5.31827],[-74.90715,5.31827],[-74.90715,5.31827],[-74.90715,5.31827],[-74.90715,5.31827],[-74.90715,5.31827],[-74.90715,5.31827],[-74.90715,5.31827],[-74.90715,5.31827],[-74.90715,5.31827],[-74.90715,5.31827],[-74.90715,5.31827],[-74.90715,5.31827],[-74.90715,5.31827],[-74.90715,5.31827],[-74.90715,5.31827],[-74.90715,5.31827],[-74.90715,5.31827],[-74.90715,5.31827],[-74.90715,5.31827],[-74.90715,5.31827],[-74.90715,5.31827],[-74.90715,5.31827],[-74.90714,5.31827],[-74.90714,5.31827],[-74.90714,5.31827],[-74.90714,5.31827],[-74.90714,5.31827],[-74.90714,5.31827],[-74.90714,5.31827],[-74.90714,5.31827],[-74.90714,5.31827],[-74.90714,5.31827],[-74.90714,5.31827],[-74.90714,5.31827],[-74.90714,5.31827],[-74.90714,5.31827],[-74.90714,5.31827],[-74.90713,5.31827],[-74.90713,5.31827],[-74.90713,5.31827],[-74.90713,5.31827],[-74.90713,5.31827],[-74.90713,5.31827],[-74.90713,5.31827],[-74.90713,5.31827],[-74.90713,5.31827],[-74.90713,5.31827],[-74.90713,5.31827],[-74.90713,5.31827],[-74.90713,5.31827],[-74.90713,5.31827],[-74.90713,5.31827],[-74.90713,5.31827],[-74.90713,5.31827],[-74.90713,5.31827],[-74.90713,5.31827],[-74.90713,5.31827],[-74.90713,5.31827],[-74.90713,5.31827],[-74.90712,5.31827],[-74.90712,5.31827],[-74.90712,5.31827],[-74.90712,5.31827],[-74.90712,5.31827],[-74.90712,5.31827],[-74.90712,5.31827],[-74.90712,5.31827],[-74.90711,5.31827],[-74.90711,5.31827],[-74.90711,5.31827],[-74.90711,5.31827],[-74.90711,5.31827],[-74.90711,5.31827],[-74.90711,5.31827],[-74.90711,5.31827],[-74.90711,5.31827],[-74.90711,5.31827],[-74.9071,5.31827],[-74.9071,5.31827],[-74.9071,5.31827],[-74.9071,5.31827],[-74.9071,5.31827],[-74.9071,5.31827],[-74.9071,5.31827],[-74.9071,5.31827],[-74.9071,5.31827],[-74.9071,5.31827],[-74.9071,5.31827],[-74.9071,5.31827],[-74.9071,5.31827],[-74.9071,5.31828],[-74.90709,5.31828],[-74.90709,5.31828],[-74.90709,5.31828],[-74.90709,5.31828],[-74.90709,5.31828],[-74.90709,5.31828],[-74.90709,5.31828],[-74.90709,5.31828],[-74.90709,5.31828],[-74.90709,5.31828],[-74.90709,5.31828],[-74.90709,5.31828],[-74.90709,5.31828],[-74.90709,5.31828],[-74.90709,5.31828],[-74.90708,5.31828],[-74.90708,5.31828],[-74.90708,5.31828],[-74.90708,5.31828],[-74.90708,5.31828],[-74.90708,5.31828],[-74.90708,5.31828],[-74.90708,5.31828],[-74.90708,5.31828],[-74.90708,5.31828],[-74.90708,5.31828],[-74.90708,5.31828],[-74.90708,5.31828],[-74.90708,5.31828],[-74.90708,5.31828],[-74.90708,5.31828],[-74.90708,5.31828],[-74.90708,5.31828],[-74.90708,5.31828],[-74.90708,5.31828],[-74.90708,5.31828],[-74.90708,5.31828],[-74.90708,5.31828],[-74.90707,5.31828],[-74.90707,5.31828],[-74.90707,5.31828],[-74.90707,5.31828],[-74.90707,5.31828],[-74.90707,5.31828],[-74.90707,5.31828],[-74.90707,5.31828],[-74.90707,5.31828],[-74.90707,5.31828],[-74.90707,5.31828],[-74.90707,5.31828],[-74.90707,5.31828],[-74.90707,5.31828],[-74.90707,5.31828],[-74.90707,5.31828],[-74.90707,5.31828],[-74.90707,5.31828],[-74.90706,5.31828],[-74.90706,5.31827],[-74.90706,5.31827],[-74.90706,5.31827],[-74.90706,5.31827],[-74.90706,5.31827],[-74.90706,5.31827],[-74.90706,5.31827],[-74.90706,5.31827],[-74.90706,5.31827],[-74.90706,5.31827],[-74.90706,5.31827],[-74.90706,5.31827],[-74.90706,5.31827],[-74.90706,5.31827],[-74.90706,5.31827],[-74.90706,5.31827],[-74.90706,5.31827],[-74.90705,5.31827],[-74.90705,5.31827],[-74.90705,5.31827],[-74.90705,5.31827],[-74.90704,5.31827],[-74.90704,5.31827],[-74.90704,5.31827],[-74.90704,5.31827],[-74.90704,5.31827],[-74.90704,5.31827],[-74.90704,5.31827],[-74.90704,5.31827],[-74.90703,5.31827],[-74.90703,5.31827],[-74.90703,5.31827],[-74.90703,5.31827],[-74.90702,5.31827],[-74.90702,5.31827],[-74.90702,5.31827],[-74.90702,5.31827],[-74.90702,5.31827],[-74.90702,5.31827],[-74.90702,5.31827],[-74.90702,5.31827],[-74.90702,5.31827],[-74.90702,5.31827],[-74.90702,5.31827],[-74.90702,5.31827],[-74.90702,5.31827],[-74.90702,5.31827],[-74.90702,5.31827],[-74.90702,5.31827],[-74.90701,5.31827],[-74.90701,5.31827],[-74.90701,5.31827],[-74.90701,5.31827],[-74.90701,5.31827],[-74.90701,5.31826],[-74.90701,5.31826],[-74.90701,5.31826],[-74.90701,5.31826],[-74.90701,5.31826],[-74.90701,5.31826],[-74.90701,5.31826],[-74.90701,5.31826],[-74.90701,5.31826],[-74.90701,5.31826],[-74.90701,5.31826],[-74.90701,5.31826],[-74.90701,5.31826],[-74.90701,5.31826],[-74.90701,5.31826],[-74.90701,5.31826],[-74.907,5.31826],[-74.907,5.31826],[-74.907,5.31826],[-74.907,5.31826],[-74.907,5.31826],[-74.907,5.31826],[-74.907,5.31826],[-74.907,5.31825],[-74.907,5.31825],[-74.907,5.31825],[-74.907,5.31825],[-74.907,5.31825],[-74.907,5.31825],[-74.907,5.31825],[-74.907,5.31825],[-74.907,5.31825],[-74.907,5.31825],[-74.907,5.31825],[-74.907,5.31825],[-74.90699,5.31825],[-74.90699,5.31825],[-74.90699,5.31825],[-74.90699,5.31825],[-74.90699,5.31825],[-74.90699,5.31825],[-74.90699,5.31825],[-74.90699,5.31825],[-74.90699,5.31825],[-74.90699,5.31825],[-74.90698,5.31825],[-74.90698,5.31825],[-74.90698,5.31825],[-74.90698,5.31826],[-74.90698,5.31826],[-74.90698,5.31826],[-74.90698,5.31826],[-74.90698,5.31826],[-74.90698,5.31826],[-74.90698,5.31826],[-74.90698,5.31826],[-74.90698,5.31826],[-74.90698,5.31826],[-74.90698,5.31826],[-74.90698,5.31826],[-74.90698,5.31826],[-74.90698,5.31826],[-74.90697,5.31826],[-74.90697,5.31826],[-74.90697,5.31826],[-74.90697,5.31826],[-74.90697,5.31826],[-74.90697,5.31826],[-74.90697,5.31826],[-74.90697,5.31826],[-74.90697,5.31826],[-74.90697,5.31826],[-74.90697,5.31826],[-74.90697,5.31826],[-74.90697,5.31826],[-74.90696,5.31826],[-74.90696,5.31826],[-74.90696,5.31826],[-74.90696,5.31826],[-74.90696,5.31826],[-74.90696,5.31826],[-74.90695,5.31826],[-74.90695,5.31826],[-74.90695,5.31826],[-74.90695,5.31826],[-74.90695,5.31826],[-74.90695,5.31826],[-74.90695,5.31826],[-74.90695,5.31826],[-74.90695,5.31826],[-74.90695,5.31826],[-74.90695,5.31826],[-74.90695,5.31826],[-74.90695,5.31827],[-74.90695,5.31827],[-74.90695,5.31827],[-74.90695,5.31827],[-74.90694,5.31827],[-74.90694,5.31827],[-74.90694,5.31827],[-74.90694,5.31827],[-74.90694,5.31826],[-74.90694,5.31826],[-74.90694,5.31826],[-74.90694,5.31826],[-74.90694,5.31826],[-74.90694,5.31826],[-74.90694,5.31826],[-74.90694,5.31826],[-74.90694,5.31826],[-74.90694,5.31826],[-74.90694,5.31826],[-74.90694,5.31826],[-74.90694,5.31826],[-74.90693,5.31826],[-74.90693,5.31826],[-74.90693,5.31826],[-74.90693,5.31826],[-74.90693,5.31826],[-74.90693,5.31826],[-74.90693,5.31826],[-74.90693,5.31826],[-74.90693,5.31826],[-74.90693,5.31826],[-74.90693,5.31826],[-74.90693,5.31826],[-74.90693,5.31826],[-74.90693,5.31825],[-74.90693,5.31825],[-74.90693,5.31825],[-74.90693,5.31825],[-74.90693,5.31825],[-74.90693,5.31825],[-74.90693,5.31825],[-74.90693,5.31825],[-74.90693,5.31825],[-74.90693,5.31825],[-74.90693,5.31825],[-74.90692,5.31825],[-74.90692,5.31825],[-74.90692,5.31825],[-74.90692,5.31825],[-74.90692,5.31825],[-74.90692,5.31825],[-74.90692,5.31825],[-74.90692,5.31824],[-74.90692,5.31824],[-74.90692,5.31824],[-74.90692,5.31824],[-74.90692,5.31824],[-74.90692,5.31824],[-74.90692,5.31824],[-74.90692,5.31824],[-74.90692,5.31824],[-74.90692,5.31824],[-74.90692,5.31824],[-74.90692,5.31824],[-74.90692,5.31824],[-74.90691,5.31824],[-74.90691,5.31824],[-74.90691,5.31824],[-74.90691,5.31824],[-74.90691,5.31824],[-74.90691,5.31824],[-74.90691,5.31824],[-74.90691,5.31823],[-74.90691,5.31823],[-74.90691,5.31823],[-74.90691,5.31823],[-74.90691,5.31823],[-74.90691,5.31823],[-74.90691,5.31823],[-74.90691,5.31823],[-74.90691,5.31823],[-74.90691,5.31823],[-74.90691,5.31823],[-74.90691,5.31823],[-74.90691,5.31823],[-74.90691,5.31823],[-74.90691,5.31823],[-74.90691,5.31823],[-74.90691,5.31823],[-74.90691,5.31823],[-74.9069,5.31823],[-74.9069,5.31823],[-74.9069,5.31823],[-74.9069,5.31822],[-74.9069,5.31822],[-74.9069,5.31822],[-74.9069,5.31822],[-74.9069,5.31822],[-74.9069,5.31822],[-74.9069,5.31822],[-74.9069,5.31822],[-74.9069,5.31822],[-74.9069,5.31822],[-74.9069,5.31822],[-74.9069,5.31822],[-74.9069,5.31822],[-74.9069,5.31822],[-74.9069,5.31822],[-74.9069,5.31822],[-74.90689,5.31822],[-74.90689,5.31822],[-74.90689,5.31822],[-74.90689,5.31822],[-74.90689,5.31822],[-74.90689,5.31822],[-74.90689,5.31822],[-74.90689,5.31822],[-74.90689,5.31822],[-74.90689,5.31822],[-74.90689,5.31822],[-74.90689,5.31822],[-74.90689,5.31822],[-74.90689,5.31822],[-74.90689,5.31822],[-74.90689,5.31822],[-74.90689,5.31822],[-74.90689,5.31822],[-74.90689,5.31822],[-74.90689,5.31822],[-74.90689,5.31822],[-74.90688,5.31822],[-74.90688,5.31822],[-74.90688,5.31822],[-74.90688,5.31822],[-74.90688,5.31822],[-74.90688,5.31822],[-74.90688,5.31822],[-74.90687,5.31822],[-74.90687,5.31822],[-74.90687,5.31822],[-74.90687,5.31822],[-74.90687,5.31822],[-74.90687,5.31821],[-74.90687,5.31821],[-74.90687,5.31821],[-74.90687,5.31821],[-74.90686,5.31821],[-74.90686,5.31821],[-74.90686,5.31821],[-74.90686,5.31821],[-74.90686,5.31821],[-74.90686,5.31821],[-74.90686,5.31821],[-74.90686,5.31821],[-74.90686,5.31821],[-74.90686,5.31821],[-74.90686,5.31821],[-74.90686,5.31821],[-74.90686,5.31821],[-74.90686,5.31821],[-74.90686,5.31821],[-74.90686,5.31821],[-74.90686,5.31821],[-74.90685,5.31821],[-74.90685,5.31822],[-74.90685,5.31822],[-74.90685,5.31822],[-74.90685,5.31822],[-74.90685,5.31822],[-74.90685,5.31822],[-74.90684,5.31822],[-74.90684,5.31822],[-74.90684,5.31822],[-74.90684,5.31822],[-74.90684,5.31822],[-74.90684,5.31822],[-74.90684,5.31822],[-74.90684,5.31822],[-74.90683,5.31822],[-74.90683,5.31822],[-74.90683,5.31822],[-74.90683,5.31822],[-74.90683,5.31822],[-74.90683,5.31821],[-74.90683,5.31821],[-74.90683,5.31821],[-74.90683,5.31821],[-74.90683,5.31821],[-74.90683,5.31821],[-74.90683,5.31821],[-74.90683,5.31821],[-74.90683,5.31821],[-74.90683,5.31821],[-74.90683,5.31821],[-74.90682,5.31821],[-74.90682,5.31821],[-74.90682,5.31821],[-74.90682,5.31821],[-74.90682,5.31821],[-74.90682,5.31821],[-74.90682,5.31821],[-74.90682,5.31821],[-74.90682,5.31821],[-74.90682,5.31821],[-74.90682,5.31821],[-74.90682,5.31821],[-74.90682,5.31821],[-74.90682,5.31821],[-74.90682,5.31821],[-74.90682,5.31821],[-74.90682,5.31821],[-74.90682,5.31821],[-74.90681,5.31821],[-74.90681,5.31821],[-74.90681,5.31821],[-74.90681,5.31821],[-74.90681,5.31821],[-74.90681,5.31821],[-74.90681,5.3182],[-74.90681,5.3182],[-74.90681,5.3182],[-74.90681,5.3182],[-74.90681,5.3182],[-74.90681,5.3182],[-74.90681,5.3182],[-74.90681,5.3182],[-74.90681,5.3182],[-74.9068,5.3182],[-74.9068,5.3182],[-74.9068,5.3182],[-74.9068,5.3182],[-74.9068,5.3182],[-74.9068,5.3182],[-74.9068,5.3182],[-74.9068,5.3182],[-74.9068,5.3182],[-74.9068,5.3182],[-74.90679,5.3182],[-74.90679,5.3182],[-74.90679,5.3182],[-74.90679,5.3182],[-74.90679,5.3182],[-74.90678,5.3182],[-74.90678,5.3182],[-74.90678,5.3182],[-74.90678,5.3182],[-74.90678,5.3182],[-74.90678,5.3182],[-74.90678,5.3182],[-74.90678,5.31821],[-74.90678,5.31821],[-74.90678,5.31821],[-74.90678,5.31821],[-74.90678,5.31821],[-74.90677,5.31821],[-74.90677,5.31821],[-74.90677,5.31821],[-74.90677,5.31821],[-74.90677,5.31821],[-74.90677,5.31821],[-74.90677,5.31821],[-74.90677,5.31821],[-74.90677,5.31821],[-74.90677,5.31821],[-74.90677,5.31821],[-74.90677,5.31821],[-74.90677,5.31821],[-74.90677,5.31821],[-74.90677,5.31821],[-74.90676,5.31821],[-74.90676,5.31821],[-74.90676,5.31821],[-74.90676,5.31821],[-74.90676,5.31821],[-74.90676,5.31821],[-74.90676,5.31821],[-74.90676,5.31821],[-74.90676,5.31821],[-74.90676,5.31821],[-74.90676,5.31821],[-74.90676,5.31821],[-74.90676,5.31821],[-74.90676,5.31821],[-74.90676,5.31821],[-74.90676,5.31821],[-74.90676,5.31821],[-74.90676,5.31821],[-74.90676,5.31821],[-74.90676,5.31821],[-74.90676,5.31821],[-74.90675,5.31821],[-74.90675,5.31821],[-74.90675,5.31821],[-74.90675,5.31821],[-74.90675,5.31821],[-74.90675,5.31821],[-74.90675,5.31821],[-74.90675,5.31821],[-74.90675,5.31821],[-74.90675,5.31821],[-74.90675,5.31821],[-74.90675,5.31821],[-74.90675,5.31821],[-74.90675,5.31821],[-74.90675,5.31821],[-74.90675,5.31821],[-74.90675,5.31821],[-74.90675,5.31821],[-74.90675,5.31821],[-74.90675,5.31821],[-74.90675,5.31821],[-74.90675,5.31821],[-74.90675,5.31821],[-74.90674,5.31821],[-74.90674,5.31821],[-74.90674,5.31821],[-74.90674,5.31821],[-74.90674,5.31821],[-74.90674,5.31821],[-74.90674,5.31821],[-74.90674,5.31821],[-74.90674,5.31821],[-74.90674,5.31821],[-74.90674,5.31821],[-74.90674,5.31821],[-74.90674,5.31821],[-74.90674,5.31821],[-74.90674,5.31821],[-74.90674,5.31821],[-74.90674,5.31821],[-74.90674,5.31821],[-74.90674,5.31821],[-74.90674,5.31821],[-74.90674,5.31821],[-74.90674,5.31821],[-74.90674,5.31821],[-74.90674,5.31821],[-74.90673,5.31821],[-74.90673,5.31821],[-74.90673,5.31821],[-74.90673,5.31821],[-74.90673,5.31821],[-74.90673,5.31821],[-74.90673,5.31821],[-74.90673,5.3182],[-74.90673,5.3182],[-74.90673,5.3182],[-74.90673,5.3182],[-74.90673,5.3182],[-74.90673,5.3182],[-74.90673,5.3182],[-74.90673,5.3182],[-74.90673,5.3182],[-74.90673,5.3182],[-74.90673,5.3182],[-74.90673,5.3182],[-74.90673,5.3182],[-74.90673,5.3182],[-74.90673,5.3182],[-74.90673,5.3182],[-74.90673,5.3182],[-74.90673,5.31819],[-74.90673,5.31819],[-74.90672,5.31819],[-74.90672,5.31819],[-74.90672,5.31819],[-74.90672,5.31819],[-74.90672,5.31819],[-74.90672,5.31819],[-74.90672,5.31819],[-74.90672,5.31819],[-74.90672,5.31819],[-74.90672,5.31819],[-74.90672,5.31819],[-74.90672,5.31819],[-74.90672,5.31819],[-74.90672,5.31819],[-74.90672,5.31819],[-74.90672,5.31819],[-74.90672,5.31819],[-74.90672,5.31819],[-74.90672,5.31819],[-74.90672,5.31819],[-74.90671,5.31819],[-74.90671,5.31819],[-74.90671,5.31819],[-74.90671,5.31819],[-74.90671,5.31819],[-74.90671,5.31819],[-74.90671,5.31819],[-74.90671,5.31819],[-74.90671,5.31819],[-74.90671,5.31819],[-74.9067,5.31819],[-74.9067,5.31819],[-74.9067,5.31818],[-74.9067,5.31818],[-74.9067,5.31818],[-74.9067,5.31818],[-74.9067,5.31818],[-74.9067,5.31818],[-74.9067,5.31818],[-74.9067,5.31818],[-74.9067,5.31818],[-74.9067,5.31818],[-74.9067,5.31818],[-74.9067,5.31818],[-74.9067,5.31818],[-74.9067,5.31818],[-74.90669,5.31818],[-74.90669,5.31818],[-74.90669,5.31818],[-74.90669,5.31818],[-74.90669,5.31818],[-74.90669,5.31818],[-74.90669,5.31818],[-74.90669,5.31818],[-74.90669,5.31818],[-74.90669,5.31818],[-74.90669,5.31818],[-74.90669,5.31818],[-74.90669,5.31818],[-74.90669,5.31818],[-74.90668,5.31818],[-74.90668,5.31817],[-74.90668,5.31817],[-74.90668,5.31817],[-74.90668,5.31817],[-74.90668,5.31817],[-74.90668,5.31817],[-74.90668,5.31817],[-74.90668,5.31817],[-74.90668,5.31817],[-74.90668,5.31817],[-74.90668,5.31817],[-74.90668,5.31817],[-74.90668,5.31817],[-74.90668,5.31817],[-74.90668,5.31817],[-74.90668,5.31817],[-74.90668,5.31817],[-74.90668,5.31817],[-74.90668,5.31817],[-74.90668,5.31817],[-74.90668,5.31816],[-74.90668,5.31816],[-74.90668,5.31816],[-74.90668,5.31816],[-74.90668,5.31816],[-74.90668,5.31816],[-74.90668,5.31816],[-74.90668,5.31816],[-74.90667,5.31816],[-74.90667,5.31816],[-74.90667,5.31816],[-74.90667,5.31816],[-74.90667,5.31816],[-74.90667,5.31816],[-74.90667,5.31816],[-74.90667,5.31816],[-74.90667,5.31816],[-74.90667,5.31816],[-74.90667,5.31816],[-74.90667,5.31816],[-74.90667,5.31816],[-74.90667,5.31816],[-74.90667,5.31816],[-74.90667,5.31816],[-74.90667,5.31816],[-74.90666,5.31816],[-74.90666,5.31816],[-74.90666,5.31816],[-74.90666,5.31816],[-74.90666,5.31816],[-74.90666,5.31816],[-74.90666,5.31816],[-74.90666,5.31816],[-74.90666,5.31816],[-74.90666,5.31816],[-74.90666,5.31816],[-74.90666,5.31816],[-74.90666,5.31816],[-74.90666,5.31816],[-74.90666,5.31816],[-74.90666,5.31816],[-74.90665,5.31816],[-74.90665,5.31816],[-74.90665,5.31816],[-74.90665,5.31816],[-74.90665,5.31816],[-74.90665,5.31816],[-74.90664,5.31816],[-74.90664,5.31816],[-74.90664,5.31816],[-74.90664,5.31816],[-74.90664,5.31816],[-74.90664,5.31816],[-74.90664,5.31816],[-74.90663,5.31816],[-74.90663,5.31816],[-74.90663,5.31816],[-74.90663,5.31816],[-74.90663,5.31816],[-74.90663,5.31816],[-74.90663,5.31816],[-74.90663,5.31816],[-74.90663,5.31816],[-74.90663,5.31816],[-74.90663,5.31816],[-74.90663,5.31816],[-74.90662,5.31816],[-74.90662,5.31816],[-74.90662,5.31816],[-74.90662,5.31816],[-74.90662,5.31816],[-74.90662,5.31816],[-74.90662,5.31816],[-74.90662,5.31816],[-74.90662,5.31816],[-74.90662,5.31816],[-74.90661,5.31816],[-74.90661,5.31816],[-74.90661,5.31816],[-74.90661,5.31816],[-74.90661,5.31816],[-74.90661,5.31816],[-74.90661,5.31816],[-74.90661,5.31816],[-74.90661,5.31816],[-74.90661,5.31815],[-74.90661,5.31815],[-74.90661,5.31815],[-74.90661,5.31815],[-74.90661,5.31815],[-74.90661,5.31815],[-74.90661,5.31815],[-74.90661,5.31815],[-74.90661,5.31815],[-74.90661,5.31815],[-74.90661,5.31815],[-74.90661,5.31815],[-74.90661,5.31815],[-74.90661,5.31815],[-74.90661,5.31815],[-74.90661,5.31815],[-74.90661,5.31815],[-74.90661,5.31815],[-74.90661,5.31816],[-74.90661,5.31816],[-74.90661,5.31816],[-74.90661,5.31816],[-74.9066,5.31816],[-74.9066,5.31816],[-74.9066,5.31816],[-74.9066,5.31816],[-74.9066,5.31816],[-74.9066,5.31816],[-74.9066,5.31816],[-74.9066,5.31816],[-74.9066,5.31816],[-74.9066,5.31815],[-74.9066,5.31815],[-74.9066,5.31815],[-74.9066,5.31815],[-74.9066,5.31815],[-74.9066,5.31815],[-74.9066,5.31815],[-74.9066,5.31814],[-74.9066,5.31814],[-74.9066,5.31814],[-74.9066,5.31814],[-74.9066,5.31814],[-74.9066,5.31814],[-74.9066,5.31814],[-74.9066,5.31814],[-74.9066,5.31814],[-74.9066,5.31814],[-74.9066,5.31814],[-74.9066,5.31814],[-74.9066,5.31814],[-74.9066,5.31813],[-74.9066,5.31813],[-74.9066,5.31813],[-74.9066,5.31813],[-74.9066,5.31813],[-74.9066,5.31813],[-74.9066,5.31813],[-74.9066,5.31813],[-74.9066,5.31813],[-74.9066,5.31813],[-74.9066,5.31813],[-74.9066,5.31813],[-74.9066,5.31813],[-74.9066,5.31813],[-74.9066,5.31813],[-74.9066,5.31812],[-74.90659,5.31812],[-74.90659,5.31812],[-74.90659,5.31812],[-74.90659,5.31812],[-74.90659,5.31812],[-74.90659,5.31812],[-74.90659,5.31812],[-74.90659,5.31812],[-74.90659,5.31812],[-74.90659,5.31812],[-74.90659,5.31812],[-74.90659,5.31812],[-74.90659,5.31812],[-74.90659,5.31812],[-74.90659,5.31812],[-74.90659,5.31812],[-74.90659,5.31812],[-74.90659,5.31812],[-74.90659,5.31811],[-74.90659,5.31811],[-74.90659,5.31811],[-74.90659,5.31811],[-74.90659,5.31811],[-74.90659,5.31811],[-74.90659,5.31811],[-74.90659,5.31811],[-74.90659,5.31811],[-74.90658,5.31811],[-74.90658,5.31811],[-74.90658,5.31811],[-74.90658,5.31811],[-74.90658,5.31811],[-74.90658,5.31811],[-74.90658,5.31811],[-74.90658,5.31811],[-74.90658,5.31811],[-74.90658,5.31811],[-74.90658,5.31811],[-74.90658,5.31811],[-74.90658,5.31811],[-74.90658,5.31811],[-74.90658,5.31811],[-74.90658,5.31811],[-74.90658,5.3181],[-74.90658,5.3181],[-74.90658,5.3181],[-74.90658,5.3181],[-74.90658,5.3181],[-74.90658,5.3181],[-74.90658,5.3181],[-74.90658,5.3181],[-74.90658,5.3181],[-74.90658,5.3181],[-74.90658,5.3181],[-74.90658,5.3181],[-74.90658,5.3181],[-74.90658,5.3181],[-74.90657,5.3181],[-74.90657,5.3181],[-74.90657,5.3181],[-74.90657,5.3181],[-74.90657,5.3181],[-74.90657,5.3181],[-74.90657,5.3181],[-74.90657,5.3181],[-74.90657,5.3181],[-74.90657,5.3181],[-74.90657,5.3181],[-74.90657,5.3181],[-74.90657,5.3181],[-74.90657,5.3181],[-74.90657,5.3181],[-74.90657,5.3181],[-74.90657,5.3181],[-74.90657,5.3181],[-74.90656,5.3181],[-74.90656,5.3181],[-74.90656,5.3181],[-74.90656,5.3181],[-74.90656,5.3181],[-74.90656,5.3181],[-74.90656,5.3181],[-74.90656,5.3181],[-74.90656,5.3181],[-74.90656,5.3181],[-74.90656,5.3181],[-74.90656,5.3181],[-74.90656,5.3181],[-74.90656,5.3181],[-74.90656,5.3181],[-74.90656,5.3181],[-74.90656,5.3181],[-74.90656,5.3181],[-74.90656,5.3181],[-74.90656,5.3181],[-74.90656,5.3181],[-74.90656,5.3181],[-74.90656,5.3181],[-74.90656,5.3181],[-74.90656,5.3181],[-74.90656,5.3181],[-74.90656,5.3181],[-74.90656,5.3181],[-74.90656,5.3181],[-74.90656,5.3181],[-74.90656,5.3181],[-74.90656,5.3181],[-74.90657,5.31809],[-74.90657,5.31809],[-74.90657,5.31809],[-74.90657,5.31809],[-74.90657,5.31809],[-74.90657,5.31809],[-74.90657,5.31809],[-74.90657,5.31809],[-74.90657,5.31809],[-74.90657,5.31809],[-74.90657,5.31809],[-74.90657,5.31809],[-74.90657,5.31809],[-74.90657,5.31809],[-74.90657,5.31809],[-74.90657,5.31809],[-74.90657,5.31809],[-74.90657,5.31809],[-74.90657,5.31809],[-74.90657,5.31809],[-74.90657,5.31809],[-74.90657,5.31809],[-74.90657,5.31809],[-74.90657,5.31809],[-74.90657,5.31809],[-74.90656,5.31809],[-74.90656,5.31809],[-74.90656,5.31809],[-74.90656,5.31809],[-74.90656,5.31809],[-74.90656,5.31809],[-74.90656,5.31809],[-74.90656,5.31809],[-74.90656,5.31809],[-74.90656,5.31809],[-74.90656,5.31809],[-74.90656,5.31809],[-74.90656,5.31809],[-74.90656,5.31809],[-74.90656,5.31809],[-74.90656,5.31809],[-74.90656,5.31809],[-74.90656,5.31809],[-74.90655,5.31809],[-74.90655,5.31809],[-74.90655,5.31809],[-74.90655,5.31809],[-74.90655,5.31809],[-74.90655,5.31809],[-74.90655,5.31809],[-74.90655,5.31808],[-74.90655,5.31808],[-74.90655,5.31808],[-74.90655,5.31808],[-74.90655,5.31808],[-74.90655,5.31808],[-74.90655,5.31808],[-74.90655,5.31808],[-74.90655,5.31808],[-74.90655,5.31808],[-74.90655,5.31808],[-74.90655,5.31808],[-74.90655,5.31808],[-74.90655,5.31808],[-74.90655,5.31808],[-74.90655,5.31808],[-74.90655,5.31808],[-74.90654,5.31808],[-74.90654,5.31808],[-74.90654,5.31808],[-74.90654,5.31808],[-74.90654,5.31808],[-74.90654,5.31808],[-74.90654,5.31807],[-74.90654,5.31807],[-74.90654,5.31807],[-74.90654,5.31807],[-74.90654,5.31807],[-74.90654,5.31807],[-74.90654,5.31806],[-74.90654,5.31806],[-74.90654,5.31806],[-74.90654,5.31806],[-74.90654,5.31806],[-74.90654,5.31806],[-74.90654,5.31806],[-74.90654,5.31806],[-74.90654,5.31806],[-74.90654,5.31806],[-74.90654,5.31806],[-74.90654,5.31806],[-74.90654,5.31806],[-74.90654,5.31806],[-74.90654,5.31806],[-74.90654,5.31806],[-74.90654,5.31806],[-74.90654,5.31806],[-74.90654,5.31805],[-74.90654,5.31805],[-74.90654,5.31805],[-74.90654,5.31805],[-74.90654,5.31805],[-74.90654,5.31805],[-74.90654,5.31805],[-74.90654,5.31805],[-74.90654,5.31805],[-74.90654,5.31805],[-74.90654,5.31804],[-74.90654,5.31804],[-74.90654,5.31804],[-74.90654,5.31804],[-74.90654,5.31804],[-74.90654,5.31804],[-74.90654,5.31804],[-74.90654,5.31804],[-74.90654,5.31804],[-74.90654,5.31804],[-74.90654,5.31804],[-74.90654,5.31804],[-74.90654,5.31804],[-74.90654,5.31804],[-74.90654,5.31804],[-74.90655,5.31804],[-74.90655,5.31803],[-74.90655,5.31803],[-74.90655,5.31803],[-74.90655,5.31803],[-74.90655,5.31803],[-74.90655,5.31803],[-74.90655,5.31803],[-74.90655,5.31803],[-74.90655,5.31803],[-74.90655,5.31803],[-74.90655,5.31803],[-74.90655,5.31803],[-74.90655,5.31803],[-74.90655,5.31803],[-74.90655,5.31803],[-74.90655,5.31803],[-74.90655,5.31803],[-74.90655,5.31802],[-74.90655,5.31802],[-74.90655,5.31802],[-74.90655,5.31802],[-74.90655,5.31802],[-74.90655,5.31802],[-74.90655,5.31802],[-74.90655,5.31802],[-74.90655,5.31802],[-74.90654,5.31802],[-74.90654,5.31802],[-74.90654,5.31802],[-74.90654,5.31802],[-74.90654,5.31802],[-74.90654,5.31802],[-74.90654,5.31802],[-74.90654,5.31802],[-74.90654,5.31802],[-74.90654,5.31802],[-74.90654,5.31802],[-74.90654,5.31802],[-74.90654,5.31802],[-74.90654,5.31802],[-74.90654,5.31801],[-74.90654,5.31801],[-74.90654,5.31801],[-74.90654,5.31801],[-74.90654,5.31801],[-74.90654,5.31801],[-74.90654,5.31801],[-74.90654,5.31801],[-74.90654,5.31801],[-74.90654,5.31801],[-74.90653,5.31801],[-74.90653,5.31801],[-74.90653,5.31801],[-74.90653,5.31801],[-74.90653,5.31801],[-74.90653,5.31801],[-74.90653,5.31801],[-74.90653,5.31801],[-74.90653,5.31801],[-74.90653,5.31801],[-74.90653,5.31801],[-74.90653,5.31801],[-74.90653,5.31801],[-74.90653,5.31801],[-74.90653,5.31801],[-74.90653,5.31801],[-74.90653,5.31801],[-74.90653,5.31801],[-74.90653,5.31801],[-74.90653,5.31801],[-74.90653,5.31801],[-74.90653,5.31801],[-74.90653,5.31801],[-74.90653,5.31801],[-74.90653,5.31801],[-74.90653,5.31801],[-74.90653,5.31801],[-74.90653,5.31801],[-74.90653,5.31801],[-74.90653,5.31801],[-74.90653,5.31801],[-74.90653,5.31801],[-74.90653,5.31801],[-74.90653,5.31801],[-74.90652,5.31801],[-74.90652,5.31801],[-74.90652,5.31801],[-74.90652,5.31801],[-74.90652,5.31801],[-74.90652,5.31801],[-74.90652,5.31801],[-74.90652,5.31801],[-74.90652,5.31801],[-74.90652,5.31801],[-74.90652,5.31801],[-74.90652,5.31801],[-74.90652,5.31801],[-74.90652,5.31801],[-74.90652,5.31801],[-74.90652,5.31801],[-74.90652,5.31801],[-74.90652,5.31801],[-74.90652,5.31801],[-74.90652,5.31801],[-74.90652,5.31801],[-74.90652,5.31801],[-74.90652,5.31801],[-74.90652,5.31801],[-74.90652,5.31801],[-74.90652,5.31801],[-74.90652,5.31801],[-74.90652,5.31801],[-74.90651,5.31801],[-74.90651,5.31801],[-74.90651,5.31801],[-74.90651,5.31801],[-74.90651,5.31801],[-74.90651,5.31801],[-74.90651,5.31801],[-74.90651,5.31801],[-74.90651,5.31801],[-74.90651,5.31801],[-74.90651,5.31801],[-74.90651,5.31801],[-74.90651,5.31801],[-74.90651,5.31801],[-74.90651,5.31801],[-74.90651,5.31802],[-74.90651,5.31802],[-74.90651,5.31802],[-74.90651,5.31802],[-74.90651,5.31802],[-74.9065,5.31802],[-74.9065,5.31802],[-74.9065,5.31802],[-74.9065,5.31802],[-74.9065,5.31802],[-74.9065,5.31802],[-74.9065,5.31802],[-74.9065,5.31802],[-74.9065,5.31802],[-74.9065,5.31802],[-74.9065,5.31802],[-74.9065,5.31802],[-74.9065,5.31802],[-74.9065,5.31802],[-74.9065,5.31802],[-74.9065,5.31802],[-74.9065,5.31802],[-74.9065,5.31802],[-74.9065,5.31802],[-74.9065,5.31802],[-74.9065,5.31802],[-74.9065,5.31802],[-74.90649,5.31802],[-74.90649,5.31802],[-74.90649,5.31802],[-74.90649,5.31802],[-74.90649,5.31802],[-74.90649,5.31802],[-74.90649,5.31802],[-74.90649,5.31802],[-74.90649,5.31802],[-74.90649,5.31802],[-74.90649,5.31802],[-74.90649,5.31802],[-74.90649,5.31802],[-74.90649,5.31802],[-74.90649,5.31802],[-74.90649,5.31802],[-74.90649,5.31802],[-74.90649,5.31802],[-74.90649,5.31802],[-74.90649,5.31802],[-74.90649,5.31801],[-74.90649,5.31801],[-74.90649,5.31801],[-74.90648,5.31801],[-74.90648,5.31801],[-74.90648,5.31801],[-74.90648,5.31801],[-74.90648,5.31801],[-74.90648,5.31801],[-74.90648,5.31801],[-74.90648,5.31801],[-74.90648,5.31801],[-74.90648,5.31801],[-74.90648,5.31801],[-74.90647,5.31801],[-74.90647,5.31801],[-74.90647,5.31801],[-74.90647,5.31801],[-74.90647,5.31801],[-74.90647,5.31801],[-74.90647,5.31801],[-74.90647,5.31802],[-74.90647,5.31802],[-74.90647,5.31802],[-74.90647,5.31802],[-74.90647,5.31802],[-74.90647,5.31802],[-74.90647,5.31802],[-74.90647,5.31802],[-74.90647,5.31802],[-74.90647,5.31802],[-74.90647,5.31802],[-74.90646,5.31802],[-74.90646,5.31802],[-74.90646,5.31802],[-74.90646,5.31802],[-74.90646,5.31802],[-74.90646,5.31802],[-74.90646,5.31802],[-74.90646,5.31802],[-74.90646,5.31802],[-74.90646,5.31802],[-74.90645,5.31802],[-74.90645,5.31802],[-74.90645,5.31802],[-74.90645,5.31802],[-74.90645,5.31802],[-74.90645,5.31802],[-74.90645,5.31802],[-74.90645,5.31802],[-74.90645,5.31802],[-74.90645,5.31802],[-74.90645,5.31802],[-74.90645,5.31802],[-74.90645,5.31802],[-74.90645,5.31802],[-74.90645,5.31802],[-74.90645,5.31802],[-74.90645,5.31802],[-74.90645,5.31802],[-74.90645,5.31802],[-74.90644,5.31802],[-74.90644,5.31802],[-74.90644,5.31802],[-74.90644,5.31803],[-74.90644,5.31803],[-74.90644,5.31803],[-74.90644,5.31803],[-74.90644,5.31803],[-74.90644,5.31803],[-74.90644,5.31803],[-74.90644,5.31803],[-74.90644,5.31803],[-74.90644,5.31803],[-74.90644,5.31803],[-74.90644,5.31803],[-74.90644,5.31803],[-74.90644,5.31803],[-74.90644,5.31803],[-74.90644,5.31803],[-74.90643,5.31803],[-74.90643,5.31803],[-74.90643,5.31803],[-74.90643,5.31803],[-74.90643,5.31803],[-74.90643,5.31803],[-74.90643,5.31803],[-74.90643,5.31803],[-74.90643,5.31803],[-74.90643,5.31803],[-74.90643,5.31803],[-74.90642,5.31803],[-74.90642,5.31804],[-74.90642,5.31804],[-74.90642,5.31804],[-74.90642,5.31804],[-74.90642,5.31804],[-74.90642,5.31804],[-74.90642,5.31804],[-74.90642,5.31804],[-74.90641,5.31804],[-74.90641,5.31804],[-74.90641,5.31804],[-74.90641,5.31804],[-74.90641,5.31804],[-74.90641,5.31804],[-74.90641,5.31804],[-74.90641,5.31804],[-74.90641,5.31804],[-74.90641,5.31804],[-74.90641,5.31804],[-74.90641,5.31804],[-74.90641,5.31804],[-74.90641,5.31805],[-74.90641,5.31805],[-74.90641,5.31805],[-74.90641,5.31805],[-74.90641,5.31805],[-74.90641,5.31805],[-74.90641,5.31805],[-74.90641,5.31805],[-74.90641,5.31805],[-74.90641,5.31805],[-74.90641,5.31805],[-74.90641,5.31805],[-74.90641,5.31805],[-74.9064,5.31805],[-74.9064,5.31805],[-74.9064,5.31805],[-74.9064,5.31805],[-74.9064,5.31805],[-74.9064,5.31805],[-74.9064,5.31805],[-74.9064,5.31805],[-74.9064,5.31805],[-74.9064,5.31806],[-74.9064,5.31806],[-74.9064,5.31806],[-74.9064,5.31806],[-74.9064,5.31806],[-74.9064,5.31806],[-74.9064,5.31806],[-74.9064,5.31806],[-74.90639,5.31806],[-74.90639,5.31806],[-74.90639,5.31806],[-74.90639,5.31806],[-74.90639,5.31806],[-74.90639,5.31806],[-74.90639,5.31806],[-74.90639,5.31806],[-74.90639,5.31806],[-74.90639,5.31806],[-74.90639,5.31806],[-74.90639,5.31806],[-74.90639,5.31807],[-74.90639,5.31807],[-74.90639,5.31807],[-74.90639,5.31807],[-74.90639,5.31807],[-74.90639,5.31807],[-74.90639,5.31807],[-74.90639,5.31807],[-74.90639,5.31807],[-74.90639,5.31807],[-74.90639,5.31807],[-74.90638,5.31807],[-74.90638,5.31807],[-74.90638,5.31807],[-74.90638,5.31807],[-74.90638,5.31807],[-74.90638,5.31807],[-74.90638,5.31807],[-74.90638,5.31807],[-74.90638,5.31807],[-74.90638,5.31807],[-74.90638,5.31807],[-74.90638,5.31807],[-74.90638,5.31807],[-74.90638,5.31807],[-74.90638,5.31807],[-74.90638,5.31807],[-74.90638,5.31807],[-74.90638,5.31807],[-74.90638,5.31807],[-74.90637,5.31807],[-74.90637,5.31807],[-74.90637,5.31807],[-74.90637,5.31807],[-74.90637,5.31807],[-74.90637,5.31807],[-74.90637,5.31807],[-74.90637,5.31807],[-74.90637,5.31807],[-74.90637,5.31807],[-74.90637,5.31807],[-74.90637,5.31807],[-74.90637,5.31807],[-74.90637,5.31807],[-74.90637,5.31807],[-74.90637,5.31807],[-74.90636,5.31807],[-74.90636,5.31807],[-74.90636,5.31807],[-74.90636,5.31807],[-74.90636,5.31807],[-74.90636,5.31807],[-74.90636,5.31807],[-74.90636,5.31807],[-74.90636,5.31807],[-74.90636,5.31808],[-74.90636,5.31808],[-74.90636,5.31808],[-74.90636,5.31808],[-74.90636,5.31808],[-74.90636,5.31808],[-74.90636,5.31808],[-74.90635,5.31808],[-74.90635,5.31808],[-74.90635,5.31808],[-74.90635,5.31808],[-74.90635,5.31808],[-74.90635,5.31808],[-74.90635,5.31808],[-74.90635,5.31808],[-74.90635,5.31808],[-74.90635,5.31808],[-74.90635,5.31808],[-74.90635,5.31808],[-74.90635,5.31808],[-74.90635,5.31808],[-74.90635,5.31808],[-74.90635,5.31808],[-74.90635,5.31808],[-74.90634,5.31808],[-74.90634,5.31808],[-74.90634,5.31808],[-74.90634,5.31808],[-74.90634,5.31809],[-74.90634,5.31809],[-74.90634,5.31809],[-74.90634,5.31809],[-74.90634,5.31809],[-74.90634,5.31809],[-74.90634,5.31809],[-74.90634,5.31809],[-74.90634,5.31809],[-74.90634,5.31809],[-74.90634,5.31809],[-74.90634,5.31809],[-74.90634,5.31809],[-74.90634,5.31809],[-74.90634,5.31809],[-74.90634,5.31809],[-74.90634,5.31809],[-74.90634,5.31809],[-74.90634,5.31809],[-74.90634,5.31809],[-74.90634,5.31809],[-74.90634,5.3181],[-74.90634,5.3181],[-74.90634,5.3181],[-74.90634,5.3181],[-74.90634,5.3181],[-74.90634,5.3181],[-74.90633,5.3181],[-74.90633,5.3181],[-74.90633,5.3181],[-74.90633,5.3181],[-74.90633,5.3181],[-74.90633,5.3181],[-74.90633,5.3181],[-74.90633,5.3181],[-74.90633,5.3181],[-74.90633,5.3181],[-74.90633,5.3181],[-74.90633,5.3181],[-74.90633,5.3181],[-74.90633,5.3181],[-74.90633,5.3181],[-74.90633,5.3181],[-74.90633,5.3181],[-74.90633,5.3181],[-74.90633,5.31811],[-74.90633,5.31811],[-74.90632,5.31811],[-74.90632,5.31811],[-74.90632,5.31811],[-74.90632,5.31811],[-74.90632,5.31811],[-74.90632,5.31811],[-74.90632,5.31811],[-74.90632,5.31811],[-74.90632,5.31811],[-74.90632,5.31811],[-74.90632,5.31811],[-74.90632,5.31811],[-74.90632,5.31811],[-74.90632,5.31811],[-74.90632,5.31811],[-74.90632,5.31811],[-74.90632,5.31811],[-74.90632,5.31811],[-74.90632,5.31811],[-74.90632,5.3181],[-74.90632,5.3181],[-74.90632,5.3181],[-74.90632,5.3181],[-74.90632,5.3181],[-74.90631,5.3181],[-74.90631,5.3181],[-74.90631,5.3181],[-74.90631,5.3181],[-74.90631,5.3181],[-74.90631,5.3181],[-74.90631,5.3181],[-74.90631,5.3181],[-74.90631,5.3181],[-74.90631,5.3181],[-74.90631,5.3181],[-74.90631,5.3181],[-74.90631,5.3181],[-74.9063,5.3181],[-74.9063,5.3181],[-74.9063,5.3181],[-74.9063,5.3181],[-74.9063,5.3181],[-74.9063,5.3181],[-74.9063,5.3181],[-74.9063,5.3181],[-74.9063,5.3181],[-74.9063,5.3181],[-74.9063,5.3181],[-74.9063,5.3181],[-74.9063,5.3181],[-74.9063,5.3181],[-74.9063,5.3181],[-74.9063,5.3181],[-74.9063,5.3181],[-74.9063,5.3181],[-74.9063,5.3181],[-74.9063,5.3181],[-74.9063,5.3181],[-74.9063,5.3181],[-74.9063,5.31811],[-74.9063,5.31811],[-74.9063,5.31811],[-74.9063,5.31811],[-74.9063,5.31811],[-74.9063,5.31811],[-74.9063,5.31811],[-74.9063,5.31811],[-74.9063,5.31811],[-74.9063,5.31811],[-74.9063,5.31811],[-74.9063,5.31811],[-74.9063,5.31811],[-74.9063,5.31811],[-74.9063,5.31811],[-74.9063,5.31811],[-74.9063,5.31811],[-74.9063,5.31811],[-74.9063,5.31811],[-74.9063,5.31811],[-74.9063,5.31811],[-74.9063,5.31811],[-74.9063,5.31811],[-74.9063,5.31811],[-74.9063,5.31811],[-74.9063,5.31811],[-74.9063,5.31811],[-74.9063,5.31811],[-74.9063,5.31811],[-74.9063,5.31811],[-74.9063,5.31811],[-74.9063,5.31811],[-74.9063,5.31811],[-74.9063,5.31811],[-74.9063,5.31811],[-74.90629,5.31811],[-74.90629,5.31811],[-74.90629,5.31811],[-74.90629,5.31811],[-74.90629,5.31811],[-74.90629,5.31811],[-74.90629,5.31811],[-74.90629,5.31811],[-74.90629,5.31811],[-74.90629,5.31811],[-74.90629,5.31811],[-74.90629,5.31811],[-74.90629,5.31811],[-74.90629,5.31811],[-74.90629,5.31811],[-74.90629,5.31811],[-74.90629,5.31811],[-74.90629,5.31811],[-74.90629,5.31811],[-74.90629,5.31811],[-74.90629,5.31811],[-74.90629,5.31811],[-74.90629,5.31811],[-74.90629,5.31811],[-74.90629,5.31812],[-74.90629,5.31812],[-74.90629,5.31812],[-74.90629,5.31812],[-74.90629,5.31812],[-74.90629,5.31812],[-74.90629,5.31812],[-74.90629,5.31812],[-74.90629,5.31812],[-74.90629,5.31812],[-74.90629,5.31812],[-74.90629,5.31812],[-74.90629,5.31812],[-74.90629,5.31812],[-74.90629,5.31812],[-74.90629,5.31812],[-74.90629,5.31812],[-74.90629,5.31813],[-74.90629,5.31813],[-74.90629,5.31813],[-74.90629,5.31813],[-74.90629,5.31813],[-74.90629,5.31813],[-74.90629,5.31813],[-74.90629,5.31813],[-74.90629,5.31813],[-74.90629,5.31813],[-74.90629,5.31813],[-74.90629,5.31813],[-74.90629,5.31813],[-74.90629,5.31813],[-74.90629,5.31813],[-74.90629,5.31813],[-74.90629,5.31813],[-74.90629,5.31813],[-74.90629,5.31813],[-74.90629,5.31813],[-74.90629,5.31813],[-74.90629,5.31813],[-74.90629,5.31813],[-74.90629,5.31813],[-74.90629,5.31813],[-74.90629,5.31814],[-74.90629,5.31814],[-74.90629,5.31814],[-74.90629,5.31814],[-74.90629,5.31814],[-74.90629,5.31814],[-74.90629,5.31814],[-74.90629,5.31814],[-74.90629,5.31814],[-74.90629,5.31814],[-74.90629,5.31814],[-74.90629,5.31814],[-74.90629,5.31814],[-74.90629,5.31814],[-74.90629,5.31814],[-74.90629,5.31814],[-74.90629,5.31814],[-74.90629,5.31815],[-74.90629,5.31815],[-74.90629,5.31815],[-74.90629,5.31815],[-74.90629,5.31815],[-74.90629,5.31815],[-74.90629,5.31815],[-74.90629,5.31816],[-74.90629,5.31816],[-74.90629,5.31816],[-74.90629,5.31816],[-74.90629,5.31816],[-74.90629,5.31816],[-74.90629,5.31816],[-74.90628,5.31816],[-74.90628,5.31816],[-74.90628,5.31816],[-74.90628,5.31816],[-74.90628,5.31816],[-74.90628,5.31816],[-74.90628,5.31816],[-74.90628,5.31816],[-74.90628,5.31816],[-74.90628,5.31816],[-74.90628,5.31816],[-74.90628,5.31816],[-74.90628,5.31816],[-74.90628,5.31816],[-74.90628,5.31816],[-74.90628,5.31816],[-74.90628,5.31816],[-74.90628,5.31816],[-74.90628,5.31817],[-74.90628,5.31817],[-74.90628,5.31817],[-74.90628,5.31817],[-74.90628,5.31817],[-74.90628,5.31817],[-74.90628,5.31817],[-74.90627,5.31817],[-74.90627,5.31817],[-74.90627,5.31817],[-74.90627,5.31817],[-74.90627,5.31817],[-74.90627,5.31817],[-74.90627,5.31817],[-74.90627,5.31817],[-74.90627,5.31817],[-74.90627,5.31817],[-74.90627,5.31817],[-74.90627,5.31817],[-74.90627,5.31818],[-74.90627,5.31818],[-74.90627,5.31818],[-74.90627,5.31818],[-74.90627,5.31818],[-74.90627,5.31818],[-74.90627,5.31818],[-74.90627,5.31818],[-74.90627,5.31818],[-74.90627,5.31818],[-74.90627,5.31818],[-74.90627,5.31818],[-74.90627,5.31818],[-74.90627,5.31818],[-74.90627,5.31818],[-74.90627,5.31818],[-74.90626,5.31818],[-74.90626,5.31818],[-74.90626,5.31818],[-74.90626,5.31818],[-74.90626,5.31818],[-74.90626,5.31819],[-74.90626,5.31819],[-74.90626,5.31819],[-74.90626,5.31819],[-74.90626,5.31819],[-74.90626,5.31819],[-74.90626,5.31819],[-74.90626,5.31819],[-74.90626,5.31819],[-74.90626,5.31819],[-74.90626,5.31819],[-74.90626,5.31819],[-74.90626,5.31819],[-74.90626,5.31819],[-74.90626,5.31819],[-74.90626,5.31819],[-74.90626,5.31819],[-74.90626,5.31819],[-74.90626,5.31819],[-74.90626,5.3182],[-74.90626,5.3182],[-74.90626,5.3182],[-74.90626,5.3182],[-74.90626,5.3182],[-74.90626,5.3182],[-74.90626,5.3182],[-74.90626,5.3182],[-74.90626,5.3182],[-74.90626,5.3182],[-74.90626,5.3182],[-74.90626,5.3182],[-74.90626,5.3182],[-74.90626,5.3182],[-74.90626,5.3182],[-74.90626,5.3182],[-74.90625,5.3182],[-74.90625,5.3182],[-74.90625,5.3182],[-74.90625,5.3182],[-74.90625,5.3182],[-74.90625,5.31819],[-74.90625,5.31819],[-74.90625,5.31819],[-74.90625,5.31819],[-74.90625,5.31819],[-74.90625,5.31819],[-74.90625,5.31819],[-74.90625,5.31819],[-74.90625,5.31819],[-74.90625,5.31819],[-74.90625,5.31819],[-74.90625,5.31819],[-74.90625,5.31819],[-74.90625,5.31819],[-74.90625,5.31819],[-74.90625,5.31819],[-74.90625,5.31819],[-74.90625,5.31819],[-74.90625,5.31819],[-74.90624,5.31819],[-74.90624,5.31819],[-74.90624,5.31819],[-74.90624,5.31819],[-74.90624,5.31819],[-74.90624,5.31819],[-74.90624,5.31819],[-74.90624,5.31819],[-74.90624,5.31819],[-74.90624,5.31819],[-74.90624,5.31819],[-74.90624,5.31819],[-74.90624,5.31819],[-74.90624,5.31819],[-74.90624,5.31819],[-74.90624,5.31819],[-74.90624,5.31819],[-74.90624,5.31819],[-74.90624,5.31819],[-74.90624,5.31819],[-74.90624,5.31819],[-74.90624,5.31819],[-74.90624,5.31819],[-74.90624,5.31819],[-74.90624,5.31819],[-74.90624,5.3182],[-74.90624,5.3182],[-74.90624,5.3182],[-74.90624,5.3182],[-74.90624,5.3182],[-74.90624,5.3182],[-74.90624,5.3182],[-74.90624,5.3182],[-74.90624,5.3182],[-74.90624,5.3182],[-74.90624,5.3182],[-74.90624,5.3182],[-74.90624,5.3182],[-74.90624,5.3182],[-74.90624,5.3182],[-74.90624,5.3182],[-74.90624,5.3182],[-74.90624,5.3182],[-74.90624,5.3182],[-74.90624,5.3182],[-74.90624,5.3182],[-74.90624,5.3182],[-74.90624,5.3182],[-74.90624,5.3182],[-74.90624,5.31821],[-74.90624,5.31821],[-74.90624,5.31821],[-74.90624,5.31821],[-74.90624,5.31821],[-74.90623,5.31821],[-74.90623,5.31821],[-74.90623,5.31821],[-74.90623,5.31821],[-74.90623,5.31821],[-74.90623,5.31821],[-74.90623,5.31821],[-74.90623,5.31821],[-74.90623,5.31821],[-74.90623,5.31821],[-74.90623,5.31821],[-74.90623,5.31821],[-74.90623,5.31821],[-74.90623,5.31821],[-74.90623,5.31821],[-74.90623,5.31821],[-74.90623,5.31821],[-74.90623,5.31821],[-74.90623,5.31821],[-74.90623,5.31821],[-74.90623,5.31821],[-74.90623,5.31821],[-74.90623,5.31821],[-74.90623,5.31821],[-74.90623,5.31821],[-74.90623,5.31822],[-74.90623,5.31822],[-74.90623,5.31822],[-74.90623,5.31822],[-74.90623,5.31822],[-74.90622,5.31822],[-74.90622,5.31822],[-74.90622,5.31822],[-74.90622,5.31822],[-74.90622,5.31822],[-74.90622,5.31822],[-74.90622,5.31822],[-74.90622,5.31822],[-74.90622,5.31822],[-74.90622,5.31822],[-74.90622,5.31822],[-74.90622,5.31823],[-74.90622,5.31823],[-74.90622,5.31823],[-74.90622,5.31823],[-74.90622,5.31823],[-74.90622,5.31823],[-74.90622,5.31823],[-74.90622,5.31823],[-74.90622,5.31824],[-74.90622,5.31824],[-74.90622,5.31824],[-74.90622,5.31824],[-74.90622,5.31824],[-74.90622,5.31824],[-74.90622,5.31824],[-74.90622,5.31824],[-74.90622,5.31824],[-74.90622,5.31824],[-74.90622,5.31824],[-74.90622,5.31824],[-74.90622,5.31824],[-74.90622,5.31824],[-74.90622,5.31824],[-74.90622,5.31824],[-74.90622,5.31824],[-74.90622,5.31824],[-74.90622,5.31824],[-74.90622,5.31824],[-74.90622,5.31824],[-74.90622,5.31825],[-74.90622,5.31825],[-74.90622,5.31825],[-74.90621,5.31825],[-74.90621,5.31825],[-74.90621,5.31825],[-74.90621,5.31825],[-74.90621,5.31825],[-74.90621,5.31825],[-74.90621,5.31825],[-74.90621,5.31825],[-74.90621,5.31825],[-74.90621,5.31825],[-74.90621,5.31825],[-74.90621,5.31825],[-74.90621,5.31825],[-74.90621,5.31825],[-74.90621,5.31825],[-74.90621,5.31825],[-74.9062,5.31825],[-74.9062,5.31825],[-74.9062,5.31825],[-74.9062,5.31825],[-74.9062,5.31825],[-74.9062,5.31825],[-74.9062,5.31825],[-74.9062,5.31825],[-74.9062,5.31825],[-74.9062,5.31825],[-74.9062,5.31825],[-74.9062,5.31825],[-74.9062,5.31826],[-74.9062,5.31826],[-74.9062,5.31826],[-74.9062,5.31826],[-74.9062,5.31826],[-74.9062,5.31826],[-74.9062,5.31826],[-74.9062,5.31826],[-74.9062,5.31826],[-74.9062,5.31826],[-74.9062,5.31826],[-74.9062,5.31826],[-74.9062,5.31826],[-74.9062,5.31827],[-74.9062,5.31827],[-74.9062,5.31827],[-74.9062,5.31827],[-74.9062,5.31827],[-74.9062,5.31827],[-74.9062,5.31828],[-74.9062,5.31828],[-74.9062,5.31828],[-74.9062,5.31828],[-74.9062,5.31828],[-74.9062,5.31828],[-74.9062,5.31828],[-74.9062,5.31828],[-74.90619,5.31828],[-74.90619,5.31828],[-74.90619,5.31828],[-74.90619,5.31828],[-74.90619,5.31828],[-74.90619,5.31828],[-74.90619,5.31828],[-74.90619,5.31828],[-74.90619,5.31828],[-74.90619,5.31828],[-74.90619,5.31828],[-74.90619,5.31829],[-74.90619,5.31829],[-74.90619,5.31829],[-74.90619,5.31829],[-74.90619,5.31829],[-74.90619,5.31829],[-74.90619,5.31829],[-74.90619,5.31829],[-74.90619,5.31829],[-74.90619,5.31829],[-74.90619,5.31829],[-74.90619,5.31829],[-74.90619,5.31829],[-74.90619,5.31829],[-74.90619,5.31829],[-74.90619,5.31829],[-74.90619,5.31829],[-74.90619,5.31829],[-74.90618,5.31829],[-74.90618,5.31829],[-74.90618,5.3183],[-74.90618,5.3183],[-74.90618,5.3183],[-74.90618,5.3183],[-74.90618,5.3183],[-74.90618,5.3183],[-74.90618,5.3183],[-74.90618,5.3183],[-74.90618,5.3183],[-74.90618,5.3183],[-74.90618,5.3183],[-74.90618,5.3183],[-74.90618,5.3183],[-74.90618,5.3183],[-74.90618,5.31831],[-74.90618,5.31831],[-74.90618,5.31831],[-74.90618,5.31831],[-74.90618,5.31831],[-74.90618,5.31831],[-74.90618,5.31831],[-74.90618,5.31831],[-74.90618,5.31831],[-74.90618,5.31831],[-74.90618,5.31831],[-74.90619,5.31831],[-74.90619,5.31831],[-74.90619,5.31831],[-74.90619,5.31831],[-74.90619,5.31831],[-74.90619,5.31831],[-74.90619,5.31831],[-74.90619,5.31831],[-74.90619,5.31831],[-74.90619,5.31831],[-74.90619,5.31832],[-74.90619,5.31832],[-74.90619,5.31832],[-74.90619,5.31832],[-74.90619,5.31832],[-74.90619,5.31832],[-74.90619,5.31832],[-74.90619,5.31832],[-74.90619,5.31832],[-74.90619,5.31832],[-74.90619,5.31832],[-74.90619,5.31832],[-74.90619,5.31832],[-74.90619,5.31832],[-74.90619,5.31832],[-74.90619,5.31832],[-74.90619,5.31832],[-74.90619,5.31832],[-74.90619,5.31832],[-74.90619,5.31832],[-74.90619,5.31832],[-74.90619,5.31832],[-74.90619,5.31832],[-74.90619,5.31832],[-74.90619,5.31832],[-74.90619,5.31832],[-74.90619,5.31832],[-74.90619,5.31832],[-74.90618,5.31832],[-74.90618,5.31832],[-74.90618,5.31832],[-74.90618,5.31832],[-74.90618,5.31832],[-74.90618,5.31832],[-74.90618,5.31832],[-74.90618,5.31832],[-74.90618,5.31832],[-74.90618,5.31832],[-74.90618,5.31832],[-74.90618,5.31832],[-74.90618,5.31832],[-74.90618,5.31832],[-74.90618,5.31832],[-74.90618,5.31832],[-74.90618,5.31832],[-74.90618,5.31832],[-74.90618,5.31832],[-74.90618,5.31832],[-74.90618,5.31832],[-74.90618,5.31832],[-74.90618,5.31832],[-74.90618,5.31832],[-74.90618,5.31832],[-74.90618,5.31832],[-74.90618,5.31832],[-74.90618,5.31832],[-74.90618,5.31832],[-74.90618,5.31832],[-74.90618,5.31832],[-74.90617,5.31832],[-74.90617,5.31832],[-74.90617,5.31832],[-74.90617,5.31832],[-74.90617,5.31832],[-74.90617,5.31832],[-74.90617,5.31833],[-74.90617,5.31833],[-74.90617,5.31833],[-74.90617,5.31833],[-74.90617,5.31833],[-74.90617,5.31833],[-74.90617,5.31833],[-74.90617,5.31833],[-74.90617,5.31833],[-74.90617,5.31833],[-74.90617,5.31833],[-74.90617,5.31833],[-74.90617,5.31833],[-74.90617,5.31833],[-74.90617,5.31833],[-74.90617,5.31833],[-74.90617,5.31833],[-74.90617,5.31833],[-74.90616,5.31833],[-74.90616,5.31833],[-74.90616,5.31833],[-74.90616,5.31833],[-74.90616,5.31833],[-74.90616,5.31833],[-74.90616,5.31833],[-74.90616,5.31833],[-74.90616,5.31834],[-74.90616,5.31834],[-74.90616,5.31834],[-74.90616,5.31834],[-74.90616,5.31834],[-74.90616,5.31834],[-74.90616,5.31834],[-74.90616,5.31834],[-74.90616,5.31834],[-74.90616,5.31834],[-74.90616,5.31834],[-74.90616,5.31834],[-74.90616,5.31834],[-74.90616,5.31834],[-74.90616,5.31834],[-74.90616,5.31834],[-74.90616,5.31834],[-74.90616,5.31834],[-74.90616,5.31835],[-74.90616,5.31835],[-74.90616,5.31835],[-74.90616,5.31835],[-74.90616,5.31835],[-74.90616,5.31835],[-74.90616,5.31836],[-74.90616,5.31836],[-74.90616,5.31836],[-74.90616,5.31836],[-74.90616,5.31836],[-74.90616,5.31836],[-74.90616,5.31836],[-74.90616,5.31836],[-74.90616,5.31836],[-74.90616,5.31836],[-74.90616,5.31836],[-74.90616,5.31837],[-74.90616,5.31837],[-74.90616,5.31837],[-74.90616,5.31837],[-74.90616,5.31837],[-74.90616,5.31837],[-74.90615,5.31837],[-74.90615,5.31837],[-74.90615,5.31837],[-74.90615,5.31837],[-74.90615,5.31838],[-74.90615,5.31838],[-74.90615,5.31838],[-74.90615,5.31838],[-74.90615,5.31838],[-74.90615,5.31838],[-74.90615,5.31838],[-74.90615,5.31838],[-74.90615,5.31838],[-74.90615,5.31838],[-74.90615,5.31838],[-74.90615,5.31838],[-74.90615,5.31838],[-74.90615,5.31838],[-74.90615,5.31838],[-74.90615,5.31838],[-74.90615,5.31838],[-74.90615,5.31838],[-74.90615,5.31838],[-74.90615,5.31839],[-74.90615,5.31839],[-74.90615,5.31839],[-74.90615,5.31839],[-74.90615,5.31839],[-74.90614,5.31839],[-74.90614,5.31839],[-74.90614,5.31839],[-74.90614,5.31839],[-74.90614,5.31839],[-74.90614,5.31839],[-74.90614,5.31839],[-74.90614,5.31839],[-74.90614,5.31839],[-74.90614,5.31839],[-74.90614,5.31839],[-74.90614,5.31839],[-74.90614,5.3184],[-74.90614,5.3184],[-74.90614,5.3184],[-74.90614,5.3184],[-74.90614,5.3184],[-74.90614,5.3184],[-74.90614,5.3184],[-74.90614,5.3184],[-74.90613,5.3184],[-74.90613,5.3184],[-74.90613,5.3184],[-74.90613,5.3184],[-74.90613,5.3184],[-74.90613,5.3184],[-74.90613,5.3184],[-74.90613,5.31841],[-74.90613,5.31841],[-74.90613,5.31841],[-74.90613,5.31841],[-74.90613,5.31841],[-74.90613,5.31841],[-74.90613,5.31841],[-74.90613,5.31841],[-74.90613,5.31841],[-74.90613,5.31841],[-74.90613,5.31841],[-74.90613,5.31841],[-74.90613,5.31841],[-74.90613,5.31841],[-74.90612,5.31841],[-74.90612,5.31841],[-74.90612,5.31841],[-74.90612,5.31841],[-74.90612,5.31842],[-74.90612,5.31842],[-74.90612,5.31842],[-74.90612,5.31842],[-74.90612,5.31842],[-74.90612,5.31842],[-74.90612,5.31842],[-74.90612,5.31842],[-74.90612,5.31842],[-74.90612,5.31842],[-74.90612,5.31842],[-74.90612,5.31842],[-74.90612,5.31842],[-74.90612,5.31842],[-74.90611,5.31842],[-74.90611,5.31842],[-74.90611,5.31842],[-74.90611,5.31842],[-74.90611,5.31842],[-74.90611,5.31842],[-74.90611,5.31842],[-74.90611,5.31842],[-74.90611,5.31842],[-74.90611,5.31842],[-74.90611,5.31842],[-74.90611,5.31842],[-74.90611,5.31842],[-74.90611,5.31842],[-74.9061,5.31842],[-74.9061,5.31842],[-74.9061,5.31842],[-74.9061,5.31842],[-74.9061,5.31842],[-74.9061,5.31842],[-74.9061,5.31842],[-74.9061,5.31842],[-74.90609,5.31842],[-74.90609,5.31842],[-74.90609,5.31842],[-74.90609,5.31842],[-74.90609,5.31842],[-74.90609,5.31842],[-74.90609,5.31842],[-74.90609,5.31842],[-74.90609,5.31842],[-74.90609,5.31842],[-74.90609,5.31842],[-74.90609,5.31842],[-74.90609,5.31842],[-74.90609,5.31842],[-74.90609,5.31842],[-74.90609,5.31842],[-74.90609,5.31842],[-74.90608,5.31842],[-74.90608,5.31843],[-74.90608,5.31843],[-74.90608,5.31843],[-74.90608,5.31843],[-74.90608,5.31843],[-74.90608,5.31843],[-74.90608,5.31843],[-74.90608,5.31843],[-74.90608,5.31843],[-74.90608,5.31843],[-74.90608,5.31843],[-74.90608,5.31843],[-74.90608,5.31843],[-74.90608,5.31843],[-74.90608,5.31843],[-74.90608,5.31843],[-74.90608,5.31843],[-74.90608,5.31843],[-74.90608,5.31843],[-74.90608,5.31843],[-74.90608,5.31843],[-74.90608,5.31843],[-74.90608,5.31843],[-74.90607,5.31843],[-74.90607,5.31843],[-74.90607,5.31843],[-74.90607,5.31843],[-74.90606,5.31843],[-74.90606,5.31843],[-74.90606,5.31843],[-74.90606,5.31843],[-74.90605,5.31843],[-74.90605,5.31843],[-74.90605,5.31843],[-74.90605,5.31843],[-74.90605,5.31843],[-74.90605,5.31843],[-74.90605,5.31843],[-74.90605,5.31843],[-74.90605,5.31843],[-74.90605,5.31843],[-74.90605,5.31843],[-74.90604,5.31843],[-74.90604,5.31843],[-74.90604,5.31843],[-74.90604,5.31843],[-74.90604,5.31843],[-74.90604,5.31843],[-74.90604,5.31843],[-74.90604,5.31843],[-74.90604,5.31843],[-74.90604,5.31843],[-74.90604,5.31843],[-74.90604,5.31843],[-74.90604,5.31843],[-74.90604,5.31842],[-74.90604,5.31842],[-74.90604,5.31842],[-74.90604,5.31842],[-74.90604,5.31842],[-74.90604,5.31842],[-74.90604,5.31842],[-74.90604,5.31842],[-74.90604,5.31842],[-74.90603,5.31842],[-74.90603,5.31842],[-74.90603,5.31842],[-74.90603,5.31842],[-74.90603,5.31842],[-74.90603,5.31842],[-74.90603,5.31842],[-74.90603,5.31842],[-74.90603,5.31842],[-74.90603,5.31842],[-74.90603,5.31842],[-74.90603,5.31842],[-74.90603,5.31842],[-74.90603,5.31843],[-74.90603,5.31843],[-74.90603,5.31843],[-74.90603,5.31843],[-74.90603,5.31843],[-74.90603,5.31843],[-74.90603,5.31843],[-74.90603,5.31843],[-74.90603,5.31843],[-74.90603,5.31843],[-74.90603,5.31843],[-74.90603,5.31843],[-74.90602,5.31843],[-74.90602,5.31843],[-74.90602,5.31843],[-74.90602,5.31843],[-74.90602,5.31843],[-74.90602,5.31843],[-74.90602,5.31843],[-74.90602,5.31843],[-74.90602,5.31843],[-74.90602,5.31843],[-74.90602,5.31843],[-74.90602,5.31843],[-74.90601,5.31843],[-74.90601,5.31843],[-74.90601,5.31843],[-74.90601,5.31844],[-74.90601,5.31844],[-74.90601,5.31844],[-74.90601,5.31844],[-74.90601,5.31844],[-74.90601,5.31844],[-74.90601,5.31844],[-74.90601,5.31844],[-74.90601,5.31844],[-74.90601,5.31844],[-74.90601,5.31844],[-74.906,5.31844],[-74.906,5.31844],[-74.906,5.31844],[-74.906,5.31844],[-74.906,5.31844],[-74.906,5.31844],[-74.906,5.31844],[-74.906,5.31844],[-74.906,5.31844],[-74.906,5.31844],[-74.906,5.31844],[-74.906,5.31844],[-74.906,5.31844],[-74.906,5.31844],[-74.906,5.31844],[-74.906,5.31844],[-74.906,5.31844],[-74.906,5.31843],[-74.906,5.31843],[-74.90599,5.31843],[-74.90599,5.31843],[-74.90599,5.31843],[-74.90599,5.31843],[-74.90599,5.31843],[-74.90599,5.31843],[-74.90599,5.31843],[-74.90599,5.31843],[-74.90599,5.31843],[-74.90599,5.31843],[-74.90599,5.31843],[-74.90599,5.31843],[-74.90599,5.31843],[-74.90599,5.31843],[-74.90598,5.31843],[-74.90598,5.31843],[-74.90598,5.31843],[-74.90598,5.31843],[-74.90598,5.31843],[-74.90598,5.31843],[-74.90598,5.31843],[-74.90598,5.31843],[-74.90598,5.31843],[-74.90598,5.31843],[-74.90598,5.31843],[-74.90598,5.31843],[-74.90598,5.31843],[-74.90598,5.31842],[-74.90598,5.31842],[-74.90598,5.31842],[-74.90598,5.31842],[-74.90598,5.31842],[-74.90598,5.31842],[-74.90597,5.31842],[-74.90597,5.31842],[-74.90597,5.31842],[-74.90597,5.31842],[-74.90597,5.31842],[-74.90597,5.31842],[-74.90597,5.31842],[-74.90597,5.31842],[-74.90597,5.31842],[-74.90597,5.31842],[-74.90597,5.31842],[-74.90597,5.31842],[-74.90597,5.31842],[-74.90597,5.31842],[-74.90597,5.31842],[-74.90596,5.31842],[-74.90596,5.31842],[-74.90596,5.31842],[-74.90596,5.31842],[-74.90596,5.31842],[-74.90596,5.31842],[-74.90596,5.31842],[-74.90596,5.31842],[-74.90596,5.31842],[-74.90596,5.31842],[-74.90596,5.31842],[-74.90596,5.31842],[-74.90596,5.31842],[-74.90596,5.31842],[-74.90596,5.31842],[-74.90596,5.31842],[-74.90596,5.31842],[-74.90596,5.31842],[-74.90596,5.31842],[-74.90596,5.31842],[-74.90595,5.31842],[-74.90595,5.31842],[-74.90595,5.31842],[-74.90595,5.31842],[-74.90595,5.31842],[-74.90595,5.31842],[-74.90595,5.31842],[-74.90595,5.31842],[-74.90595,5.31842],[-74.90595,5.31842],[-74.90595,5.31842],[-74.90595,5.31842],[-74.90594,5.31842],[-74.90594,5.31842],[-74.90594,5.31842],[-74.90594,5.31842],[-74.90594,5.31842],[-74.90594,5.31842],[-74.90594,5.31842],[-74.90594,5.31842],[-74.90594,5.31842],[-74.90594,5.31842],[-74.90594,5.31842],[-74.90594,5.31842],[-74.90594,5.31842],[-74.90594,5.31842],[-74.90594,5.31842],[-74.90594,5.31842],[-74.90594,5.31842],[-74.90594,5.31842],[-74.90594,5.31842],[-74.90594,5.31842],[-74.90594,5.31842],[-74.90594,5.31842],[-74.90594,5.31842],[-74.90594,5.31842],[-74.90593,5.31842],[-74.90593,5.31842],[-74.90593,5.31842],[-74.90593,5.31842],[-74.90593,5.31842],[-74.90593,5.31841],[-74.90593,5.31841],[-74.90593,5.31841],[-74.90593,5.31841],[-74.90593,5.31841],[-74.90593,5.31841],[-74.90593,5.31841],[-74.90593,5.31841],[-74.90593,5.31841],[-74.90593,5.31841],[-74.90593,5.31841],[-74.90593,5.3184],[-74.90593,5.3184],[-74.90593,5.3184],[-74.90593,5.3184],[-74.90593,5.3184],[-74.90593,5.3184],[-74.90593,5.3184],[-74.90593,5.3184],[-74.90593,5.3184],[-74.90593,5.3184],[-74.90593,5.3184],[-74.90593,5.3184],[-74.90593,5.3184],[-74.90593,5.31839],[-74.90592,5.31839],[-74.90592,5.31839],[-74.90592,5.31839],[-74.90592,5.31839],[-74.90592,5.31839],[-74.90592,5.31839],[-74.90592,5.31839],[-74.90592,5.31839],[-74.90592,5.31839],[-74.90592,5.31839],[-74.90592,5.31839],[-74.90592,5.31839],[-74.90592,5.31839],[-74.90592,5.31839],[-74.90592,5.31839],[-74.90592,5.31839],[-74.90592,5.31839],[-74.90592,5.31839],[-74.90592,5.31839],[-74.90592,5.31839],[-74.90592,5.31839],[-74.90591,5.31839],[-74.90591,5.31839],[-74.90591,5.31839],[-74.90591,5.31839],[-74.90591,5.31839],[-74.90591,5.31839],[-74.90591,5.31839],[-74.90591,5.31839],[-74.90591,5.31839],[-74.90591,5.31839],[-74.90591,5.31839],[-74.90591,5.31839],[-74.90591,5.31839],[-74.90591,5.31838],[-74.90591,5.31838],[-74.90591,5.31838],[-74.90591,5.31838],[-74.90591,5.31838],[-74.90591,5.31838],[-74.90591,5.31838],[-74.90591,5.31838],[-74.90591,5.31838],[-74.90591,5.31838],[-74.9059,5.31838],[-74.9059,5.31838],[-74.9059,5.31838],[-74.9059,5.31838],[-74.9059,5.31838],[-74.9059,5.31838],[-74.9059,5.31838],[-74.9059,5.31838],[-74.9059,5.31838],[-74.9059,5.31837],[-74.9059,5.31837],[-74.9059,5.31837],[-74.9059,5.31837],[-74.9059,5.31837],[-74.9059,5.31837],[-74.9059,5.31837],[-74.9059,5.31837],[-74.9059,5.31837],[-74.9059,5.31837],[-74.9059,5.31837],[-74.9059,5.31837],[-74.9059,5.31837],[-74.9059,5.31837],[-74.9059,5.31837],[-74.9059,5.31836],[-74.9059,5.31836],[-74.9059,5.31836],[-74.9059,5.31836],[-74.9059,5.31836],[-74.9059,5.31836],[-74.9059,5.31836],[-74.90589,5.31836],[-74.90589,5.31836],[-74.90589,5.31836],[-74.90589,5.31836],[-74.90589,5.31836],[-74.90589,5.31836],[-74.90589,5.31836],[-74.90589,5.31836],[-74.90589,5.31836],[-74.90589,5.31836],[-74.90589,5.31836],[-74.90589,5.31836],[-74.90589,5.31836],[-74.90589,5.31836],[-74.90589,5.31836],[-74.90589,5.31836],[-74.90589,5.31835],[-74.90589,5.31835],[-74.90589,5.31835],[-74.90589,5.31835],[-74.90589,5.31835],[-74.90589,5.31835],[-74.90589,5.31835],[-74.90589,5.31835],[-74.90589,5.31835],[-74.90589,5.31835],[-74.90589,5.31835],[-74.90588,5.31835],[-74.90588,5.31835],[-74.90588,5.31835],[-74.90588,5.31835],[-74.90588,5.31835],[-74.90588,5.31835],[-74.90588,5.31835],[-74.90588,5.31835],[-74.90588,5.31835],[-74.90588,5.31835],[-74.90588,5.31835],[-74.90588,5.31835],[-74.90588,5.31835],[-74.90588,5.31834],[-74.90588,5.31834],[-74.90587,5.31834],[-74.90587,5.31834],[-74.90587,5.31834],[-74.90587,5.31834],[-74.90587,5.31834],[-74.90587,5.31834],[-74.90587,5.31834],[-74.90587,5.31834],[-74.90587,5.31834],[-74.90587,5.31834],[-74.90587,5.31834],[-74.90587,5.31834],[-74.90587,5.31834],[-74.90587,5.31834],[-74.90586,5.31834],[-74.90586,5.31834],[-74.90586,5.31834],[-74.90586,5.31834],[-74.90586,5.31834],[-74.90586,5.31834],[-74.90586,5.31834],[-74.90586,5.31834],[-74.90586,5.31834],[-74.90586,5.31834],[-74.90586,5.31834],[-74.90586,5.31834],[-74.90586,5.31834],[-74.90586,5.31834],[-74.90586,5.31834],[-74.90586,5.31834],[-74.90586,5.31834],[-74.90586,5.31834],[-74.90585,5.31834],[-74.90585,5.31834],[-74.90585,5.31834],[-74.90585,5.31834],[-74.90585,5.31834],[-74.90585,5.31834],[-74.90584,5.31834],[-74.90584,5.31834],[-74.90584,5.31834],[-74.90584,5.31834],[-74.90584,5.31834],[-74.90584,5.31834],[-74.90584,5.31834],[-74.90584,5.31834],[-74.90584,5.31834],[-74.90584,5.31834],[-74.90584,5.31834],[-74.90584,5.31834],[-74.90584,5.31834],[-74.90583,5.31834],[-74.90583,5.31834],[-74.90583,5.31834],[-74.90583,5.31834],[-74.90583,5.31834],[-74.90583,5.31834],[-74.90583,5.31834],[-74.90583,5.31833],[-74.90583,5.31833],[-74.90583,5.31833],[-74.90583,5.31833],[-74.90583,5.31833],[-74.90583,5.31833],[-74.90583,5.31833],[-74.90583,5.31833],[-74.90583,5.31833],[-74.90583,5.31833],[-74.90582,5.31833],[-74.90582,5.31833],[-74.90582,5.31833],[-74.90582,5.31833],[-74.90582,5.31833],[-74.90582,5.31833],[-74.90582,5.31833],[-74.90582,5.31833],[-74.90582,5.31833],[-74.90582,5.31833],[-74.90582,5.31833],[-74.90582,5.31833],[-74.90582,5.31833],[-74.90582,5.31832],[-74.90582,5.31832],[-74.90582,5.31832],[-74.90582,5.31832],[-74.90582,5.31832],[-74.90582,5.31832],[-74.90582,5.31832],[-74.90582,5.31832],[-74.90582,5.31832],[-74.90582,5.31832],[-74.90582,5.31831],[-74.90582,5.31831],[-74.90582,5.31831],[-74.90582,5.31831],[-74.90582,5.31831],[-74.90582,5.3183],[-74.90582,5.3183],[-74.90582,5.3183],[-74.90582,5.3183],[-74.90582,5.3183],[-74.90582,5.3183],[-74.90582,5.3183],[-74.90582,5.3183],[-74.90582,5.3183],[-74.90582,5.3183],[-74.90581,5.3183],[-74.90581,5.3183],[-74.90581,5.3183],[-74.90581,5.3183],[-74.90581,5.3183],[-74.90581,5.3183],[-74.90581,5.3183],[-74.90581,5.3183],[-74.90581,5.3183],[-74.90581,5.3183],[-74.90581,5.3183],[-74.90581,5.31829],[-74.90581,5.31829],[-74.90581,5.31829],[-74.90581,5.31829],[-74.90581,5.31829],[-74.90581,5.31829],[-74.90581,5.31829],[-74.9058,5.31829],[-74.9058,5.31829],[-74.9058,5.31829],[-74.9058,5.31829],[-74.9058,5.3183],[-74.9058,5.3183],[-74.9058,5.3183],[-74.9058,5.3183],[-74.9058,5.3183],[-74.90579,5.3183],[-74.90579,5.3183],[-74.90579,5.3183],[-74.90579,5.3183],[-74.90579,5.3183],[-74.90579,5.3183],[-74.90579,5.3183],[-74.90579,5.3183],[-74.90579,5.3183],[-74.90579,5.3183],[-74.90579,5.3183],[-74.90579,5.3183],[-74.90579,5.3183],[-74.90579,5.3183],[-74.90579,5.3183],[-74.90579,5.3183],[-74.90579,5.3183],[-74.90578,5.3183],[-74.90578,5.3183],[-74.90578,5.3183],[-74.90578,5.3183],[-74.90578,5.3183],[-74.90578,5.3183],[-74.90578,5.3183],[-74.90578,5.3183],[-74.90578,5.3183],[-74.90578,5.3183],[-74.90578,5.3183],[-74.90578,5.3183],[-74.90578,5.3183],[-74.90578,5.3183],[-74.90578,5.3183],[-74.90577,5.3183],[-74.90577,5.3183],[-74.90577,5.3183],[-74.90577,5.3183],[-74.90577,5.3183],[-74.90577,5.3183],[-74.90577,5.3183],[-74.90577,5.3183],[-74.90577,5.3183],[-74.90577,5.3183],[-74.90577,5.3183],[-74.90576,5.3183],[-74.90576,5.3183],[-74.90576,5.31829],[-74.90576,5.31829],[-74.90576,5.31829],[-74.90576,5.31829],[-74.90576,5.31829],[-74.90576,5.31829],[-74.90576,5.31829],[-74.90576,5.31829],[-74.90576,5.31829],[-74.90576,5.31829],[-74.90576,5.31829],[-74.90576,5.31829],[-74.90576,5.31829],[-74.90576,5.31829],[-74.90576,5.31829],[-74.90576,5.31829],[-74.90576,5.31829],[-74.90576,5.31829],[-74.90576,5.31829],[-74.90576,5.31829],[-74.90576,5.31829],[-74.90576,5.31829],[-74.90576,5.31829],[-74.90575,5.31829],[-74.90575,5.31829],[-74.90575,5.31829],[-74.90575,5.31829],[-74.90575,5.31829],[-74.90575,5.31829],[-74.90575,5.31829],[-74.90575,5.31829],[-74.90575,5.31829],[-74.90575,5.31829],[-74.90575,5.31829],[-74.90575,5.31829],[-74.90575,5.31829],[-74.90575,5.31829],[-74.90575,5.31829],[-74.90575,5.31829],[-74.90574,5.31829],[-74.90574,5.31829],[-74.90574,5.31829],[-74.90574,5.31829],[-74.90574,5.31829],[-74.90574,5.31829],[-74.90574,5.31829],[-74.90574,5.31829],[-74.90574,5.31829],[-74.90574,5.31829],[-74.90574,5.31829],[-74.90574,5.31829],[-74.90574,5.31829],[-74.90574,5.31829],[-74.90574,5.31829],[-74.90574,5.31829],[-74.90574,5.31829],[-74.90574,5.31829],[-74.90574,5.31829],[-74.90574,5.31829],[-74.90574,5.31829],[-74.90574,5.31829],[-74.90574,5.31829],[-74.90574,5.31829],[-74.90573,5.31829],[-74.90573,5.31829],[-74.90573,5.31829],[-74.90573,5.31829],[-74.90573,5.31829],[-74.90573,5.31829],[-74.90573,5.31829],[-74.90573,5.31829],[-74.90573,5.31829],[-74.90573,5.31829],[-74.90573,5.31829],[-74.90573,5.31829],[-74.90573,5.31829],[-74.90573,5.31829],[-74.90573,5.31829],[-74.90573,5.31829],[-74.90573,5.31829],[-74.90573,5.31829],[-74.90572,5.31829],[-74.90572,5.31829],[-74.90572,5.3183],[-74.90572,5.3183],[-74.90572,5.3183],[-74.90572,5.3183],[-74.90572,5.3183],[-74.90572,5.3183],[-74.90571,5.3183],[-74.90571,5.3183],[-74.90571,5.3183],[-74.90571,5.3183],[-74.90571,5.31829],[-74.90571,5.31829],[-74.90571,5.31829],[-74.90571,5.31829],[-74.90571,5.31829],[-74.90571,5.31829],[-74.90571,5.31829],[-74.90571,5.31829],[-74.90571,5.31829],[-74.90571,5.31829],[-74.90571,5.31829],[-74.90571,5.31829],[-74.90571,5.31829],[-74.90571,5.31829],[-74.9057,5.31829],[-74.9057,5.31829],[-74.9057,5.31829],[-74.9057,5.31829],[-74.9057,5.31829],[-74.9057,5.31829],[-74.9057,5.31829],[-74.9057,5.31829],[-74.9057,5.31829],[-74.9057,5.31829],[-74.9057,5.31829],[-74.9057,5.31829],[-74.9057,5.31829],[-74.9057,5.31829],[-74.9057,5.31829],[-74.9057,5.31829],[-74.9057,5.31829],[-74.9057,5.31829],[-74.9057,5.31829],[-74.9057,5.31829],[-74.9057,5.31829],[-74.90569,5.31829],[-74.90569,5.31829],[-74.90569,5.31829],[-74.90569,5.31829],[-74.90569,5.31829],[-74.90569,5.31829],[-74.90569,5.31829],[-74.90569,5.31829],[-74.90569,5.31829],[-74.90569,5.31829],[-74.90569,5.31829],[-74.90569,5.31829],[-74.90569,5.3183],[-74.90569,5.3183],[-74.90569,5.3183],[-74.90569,5.3183],[-74.90569,5.3183],[-74.90569,5.3183],[-74.90569,5.3183],[-74.90568,5.3183],[-74.90568,5.3183],[-74.90568,5.3183],[-74.90568,5.3183],[-74.90568,5.3183],[-74.90568,5.3183],[-74.90568,5.3183],[-74.90568,5.3183],[-74.90568,5.3183],[-74.90568,5.3183],[-74.90568,5.3183],[-74.90568,5.3183],[-74.90568,5.3183],[-74.90568,5.31831],[-74.90568,5.31831],[-74.90568,5.31831],[-74.90568,5.31831],[-74.90568,5.31831],[-74.90568,5.31831],[-74.90568,5.31831],[-74.90568,5.31831],[-74.90568,5.31831],[-74.90568,5.31831],[-74.90568,5.31831],[-74.90568,5.31831],[-74.90568,5.31831],[-74.90567,5.31831],[-74.90567,5.31831],[-74.90567,5.31831],[-74.90567,5.31831],[-74.90567,5.31831],[-74.90567,5.31831],[-74.90567,5.31831],[-74.90567,5.31831],[-74.90567,5.31831],[-74.90566,5.31831],[-74.90566,5.31831],[-74.90566,5.31831],[-74.90566,5.31831],[-74.90565,5.31831],[-74.90565,5.31831],[-74.90565,5.31831],[-74.90565,5.31831],[-74.90565,5.31831],[-74.90565,5.31831],[-74.90565,5.31831],[-74.90565,5.31831],[-74.90565,5.31831],[-74.90565,5.31831],[-74.90565,5.31831],[-74.90565,5.31831],[-74.90565,5.31831],[-74.90565,5.31831],[-74.90565,5.31831],[-74.90565,5.31831],[-74.90565,5.31831],[-74.90565,5.31831],[-74.90564,5.31831],[-74.90564,5.31831],[-74.90564,5.31831],[-74.90564,5.31831],[-74.90564,5.31831],[-74.90564,5.31831],[-74.90564,5.31831],[-74.90564,5.31831],[-74.90563,5.31831],[-74.90563,5.31831],[-74.90563,5.31831],[-74.90563,5.31831],[-74.90563,5.31831],[-74.90563,5.31831],[-74.90563,5.31831],[-74.90563,5.31831],[-74.90563,5.31831],[-74.90563,5.31831],[-74.90563,5.31831],[-74.90563,5.31831],[-74.90563,5.31831],[-74.90563,5.31831],[-74.90563,5.31831],[-74.90563,5.31831],[-74.90563,5.31831],[-74.90562,5.31831],[-74.90562,5.31831],[-74.90562,5.31831],[-74.90562,5.31831],[-74.90562,5.31831],[-74.90562,5.31831],[-74.90562,5.31831],[-74.90562,5.31831],[-74.90562,5.31831],[-74.90562,5.31831],[-74.90562,5.31831],[-74.90562,5.31831],[-74.90562,5.31831],[-74.90562,5.31831],[-74.90562,5.31831],[-74.90562,5.31831],[-74.90562,5.31831],[-74.90562,5.31831],[-74.90562,5.31831],[-74.90562,5.31831],[-74.90562,5.31831],[-74.90561,5.31831],[-74.90561,5.31831],[-74.90561,5.31831],[-74.90561,5.31831],[-74.90561,5.31831],[-74.90561,5.31831],[-74.90561,5.31831],[-74.90561,5.31831],[-74.90561,5.31831],[-74.90561,5.31831],[-74.90561,5.31831],[-74.90561,5.31831],[-74.90561,5.31832],[-74.90561,5.31832],[-74.90561,5.31832],[-74.90561,5.31832],[-74.90561,5.31832],[-74.9056,5.31832],[-74.9056,5.31832],[-74.9056,5.31832],[-74.9056,5.31832],[-74.9056,5.31832],[-74.9056,5.31832],[-74.9056,5.31832],[-74.9056,5.31832],[-74.9056,5.31832],[-74.9056,5.31832],[-74.9056,5.31832],[-74.9056,5.31832],[-74.9056,5.31832],[-74.9056,5.31832],[-74.9056,5.31832],[-74.9056,5.31832],[-74.9056,5.31832],[-74.9056,5.31832],[-74.9056,5.31832],[-74.9056,5.31832],[-74.90559,5.31832],[-74.90559,5.31832],[-74.90559,5.31832],[-74.90559,5.31832],[-74.90559,5.31832],[-74.90559,5.31832],[-74.90559,5.31832],[-74.90559,5.31832],[-74.90558,5.31832],[-74.90558,5.31832],[-74.90558,5.31832],[-74.90558,5.31832],[-74.90558,5.31832],[-74.90558,5.31832],[-74.90558,5.31832],[-74.90558,5.31832],[-74.90558,5.31832],[-74.90558,5.31832],[-74.90557,5.31832],[-74.90557,5.31832],[-74.90557,5.31832],[-74.90557,5.31832],[-74.90557,5.31832],[-74.90557,5.31832],[-74.90557,5.31832],[-74.90557,5.31832],[-74.90557,5.31832],[-74.90557,5.31832],[-74.90557,5.31832],[-74.90557,5.31832],[-74.90557,5.31832],[-74.90556,5.31832],[-74.90556,5.31832],[-74.90556,5.31832],[-74.90556,5.31832],[-74.90555,5.31832],[-74.90555,5.31832],[-74.90555,5.31832],[-74.90555,5.31832],[-74.90555,5.31832],[-74.90555,5.31832],[-74.90555,5.31832],[-74.90555,5.31832],[-74.90555,5.31833],[-74.90555,5.31833],[-74.90555,5.31833],[-74.90555,5.31833],[-74.90554,5.31833],[-74.90554,5.31833],[-74.90554,5.31833],[-74.90553,5.31833],[-74.90553,5.31833],[-74.90553,5.31833],[-74.90553,5.31833],[-74.90553,5.31833],[-74.90553,5.31833],[-74.90553,5.31833],[-74.90553,5.31833],[-74.90553,5.31833],[-74.90553,5.31833],[-74.90553,5.31833],[-74.90553,5.31833],[-74.90553,5.31833],[-74.90553,5.31833],[-74.90553,5.31833],[-74.90553,5.31833],[-74.90553,5.31833],[-74.90552,5.31833],[-74.90552,5.31833],[-74.90552,5.31833],[-74.90552,5.31833],[-74.90552,5.31833],[-74.90552,5.31833],[-74.90552,5.31833],[-74.90552,5.31833],[-74.90552,5.31833],[-74.90551,5.31833],[-74.90551,5.31833],[-74.90551,5.31833],[-74.90551,5.31833],[-74.90551,5.31833],[-74.90551,5.31833],[-74.90551,5.31833],[-74.90551,5.31834],[-74.90551,5.31834],[-74.90551,5.31834],[-74.90551,5.31834],[-74.90551,5.31834],[-74.90551,5.31834],[-74.90551,5.31833],[-74.90551,5.31833],[-74.90551,5.31833],[-74.9055,5.31833],[-74.9055,5.31833],[-74.9055,5.31833],[-74.9055,5.31833],[-74.9055,5.31833],[-74.9055,5.31833],[-74.9055,5.31833],[-74.9055,5.31833],[-74.9055,5.31833],[-74.9055,5.31833],[-74.9055,5.31833],[-74.9055,5.31833],[-74.9055,5.31833],[-74.9055,5.31833],[-74.9055,5.31833],[-74.9055,5.31833],[-74.9055,5.31833],[-74.9055,5.31833],[-74.9055,5.31833],[-74.9055,5.31833],[-74.9055,5.31833],[-74.9055,5.31833],[-74.9055,5.31833],[-74.9055,5.31833],[-74.9055,5.31833],[-74.9055,5.31833],[-74.9055,5.31833],[-74.9055,5.31833],[-74.9055,5.31833],[-74.9055,5.31832],[-74.9055,5.31832],[-74.9055,5.31832],[-74.9055,5.31832],[-74.9055,5.31832],[-74.9055,5.31832],[-74.9055,5.31832],[-74.9055,5.31832],[-74.9055,5.31832],[-74.9055,5.31832],[-74.90549,5.31832],[-74.90549,5.31832],[-74.90549,5.31832],[-74.90549,5.31832],[-74.90549,5.31832],[-74.90549,5.31832],[-74.90549,5.31832],[-74.90549,5.31832],[-74.90549,5.31832],[-74.90549,5.31832],[-74.90549,5.31832],[-74.90549,5.31832],[-74.90549,5.31832],[-74.90549,5.31832],[-74.90549,5.31832],[-74.90549,5.31832],[-74.90549,5.31832],[-74.90549,5.31832],[-74.90549,5.31832],[-74.90549,5.31832],[-74.90549,5.31832],[-74.90548,5.31832],[-74.90548,5.31832],[-74.90548,5.31832],[-74.90548,5.31832],[-74.90548,5.31832],[-74.90548,5.31832],[-74.90548,5.31832],[-74.90548,5.31832],[-74.90548,5.31832],[-74.90547,5.31832],[-74.90547,5.31832],[-74.90547,5.31832],[-74.90547,5.31832],[-74.90547,5.31832],[-74.90547,5.31832],[-74.90547,5.31832],[-74.90547,5.31832],[-74.90547,5.31832],[-74.90547,5.31832],[-74.90547,5.31832],[-74.90547,5.31832],[-74.90547,5.31832],[-74.90547,5.31832],[-74.90547,5.31832],[-74.90547,5.31832],[-74.90547,5.31832],[-74.90547,5.31832],[-74.90547,5.31831],[-74.90547,5.31831],[-74.90547,5.31831],[-74.90546,5.31831],[-74.90546,5.31831],[-74.90546,5.31831],[-74.90546,5.31831],[-74.90546,5.31831],[-74.90546,5.31831],[-74.90546,5.31831],[-74.90546,5.31831],[-74.90546,5.31831],[-74.90546,5.31831],[-74.90546,5.31831],[-74.90546,5.31831],[-74.90546,5.31831],[-74.90546,5.31831],[-74.90546,5.31831],[-74.90546,5.31831],[-74.90546,5.31831],[-74.90546,5.31831],[-74.90546,5.31831],[-74.90546,5.31831],[-74.90546,5.31831],[-74.90546,5.31831],[-74.90546,5.3183],[-74.90546,5.3183],[-74.90546,5.3183],[-74.90546,5.3183],[-74.90546,5.3183],[-74.90546,5.3183],[-74.90546,5.3183],[-74.90546,5.3183],[-74.90546,5.31829],[-74.90546,5.31829],[-74.90546,5.31829],[-74.90546,5.31829],[-74.90546,5.31829],[-74.90546,5.31829],[-74.90546,5.31829],[-74.90546,5.31829],[-74.90546,5.31829],[-74.90545,5.31829],[-74.90545,5.31829],[-74.90545,5.31829],[-74.90545,5.31829],[-74.90545,5.31829],[-74.90545,5.31829],[-74.90545,5.31829],[-74.90545,5.31829],[-74.90545,5.31829],[-74.90545,5.31829],[-74.90545,5.31829],[-74.90545,5.31829],[-74.90545,5.31829],[-74.90545,5.31829],[-74.90545,5.31829],[-74.90545,5.31828],[-74.90545,5.31828],[-74.90545,5.31828],[-74.90545,5.31828],[-74.90545,5.31828],[-74.90545,5.31828],[-74.90545,5.31828],[-74.90545,5.31827],[-74.90545,5.31827],[-74.90545,5.31827],[-74.90545,5.31827],[-74.90545,5.31827],[-74.90545,5.31827],[-74.90545,5.31827],[-74.90545,5.31827],[-74.90545,5.31827],[-74.90545,5.31827],[-74.90545,5.31827],[-74.90545,5.31827],[-74.90545,5.31827],[-74.90545,5.31827],[-74.90545,5.31827],[-74.90545,5.31827],[-74.90544,5.31827],[-74.90544,5.31827],[-74.90544,5.31827],[-74.90544,5.31827],[-74.90544,5.31827],[-74.90544,5.31827],[-74.90544,5.31827],[-74.90544,5.31827],[-74.90544,5.31827],[-74.90544,5.31827],[-74.90544,5.31827],[-74.90544,5.31827],[-74.90544,5.31827],[-74.90544,5.31827],[-74.90544,5.31826],[-74.90544,5.31826],[-74.90544,5.31826],[-74.90544,5.31826],[-74.90544,5.31826],[-74.90544,5.31826],[-74.90544,5.31826],[-74.90544,5.31826],[-74.90544,5.31826],[-74.90544,5.31826],[-74.90544,5.31826],[-74.90544,5.31826],[-74.90544,5.31826],[-74.90544,5.31825],[-74.90544,5.31825],[-74.90544,5.31825],[-74.90543,5.31825],[-74.90543,5.31825],[-74.90543,5.31825],[-74.90543,5.31825],[-74.90543,5.31825],[-74.90543,5.31825],[-74.90543,5.31825],[-74.90543,5.31825],[-74.90543,5.31825],[-74.90543,5.31825],[-74.90543,5.31825],[-74.90543,5.31825],[-74.90543,5.31825],[-74.90543,5.31825],[-74.90543,5.31825],[-74.90543,5.31825],[-74.90543,5.31825],[-74.90543,5.31825],[-74.90543,5.31825],[-74.90543,5.31825],[-74.90543,5.31824],[-74.90543,5.31824],[-74.90543,5.31824],[-74.90543,5.31824],[-74.90543,5.31824],[-74.90542,5.31824],[-74.90542,5.31824],[-74.90542,5.31824],[-74.90542,5.31824],[-74.90542,5.31824],[-74.90542,5.31824],[-74.90542,5.31824],[-74.90542,5.31824],[-74.90542,5.31824],[-74.90542,5.31824],[-74.90542,5.31824],[-74.90542,5.31824],[-74.90542,5.31824],[-74.90542,5.31824],[-74.90542,5.31824],[-74.90542,5.31824],[-74.90541,5.31824],[-74.90541,5.31824],[-74.90541,5.31824],[-74.90541,5.31824],[-74.90541,5.31824],[-74.90541,5.31824],[-74.90541,5.31823],[-74.90541,5.31823],[-74.90541,5.31823],[-74.90541,5.31823],[-74.90541,5.31823],[-74.90541,5.31823],[-74.90541,5.31823],[-74.90541,5.31823],[-74.90541,5.31823],[-74.90541,5.31823],[-74.90541,5.31823],[-74.90541,5.31823],[-74.90541,5.31823],[-74.90541,5.31823],[-74.90541,5.31823],[-74.90541,5.31823],[-74.90541,5.31823],[-74.90541,5.31823],[-74.90541,5.31822],[-74.90541,5.31822],[-74.90541,5.31822],[-74.9054,5.31822],[-74.9054,5.31822],[-74.9054,5.31822],[-74.9054,5.31822],[-74.9054,5.31822],[-74.9054,5.31822],[-74.9054,5.31822],[-74.9054,5.31821],[-74.9054,5.31821],[-74.9054,5.31821],[-74.9054,5.31821],[-74.9054,5.31821],[-74.9054,5.31821],[-74.9054,5.31821],[-74.9054,5.31821],[-74.9054,5.31821],[-74.9054,5.31821],[-74.9054,5.31821],[-74.9054,5.31821],[-74.9054,5.31821],[-74.9054,5.31821],[-74.9054,5.31821],[-74.9054,5.31821],[-74.9054,5.31821],[-74.9054,5.31821],[-74.9054,5.31821],[-74.9054,5.31821],[-74.90539,5.31821],[-74.90539,5.31821],[-74.90539,5.31821],[-74.90539,5.31821],[-74.90539,5.31821],[-74.90539,5.31821],[-74.90539,5.31821],[-74.90539,5.31821],[-74.90539,5.31821],[-74.90539,5.31821],[-74.90539,5.31821],[-74.90539,5.31821],[-74.90539,5.31821],[-74.90539,5.31821],[-74.90539,5.31821],[-74.90539,5.31821],[-74.90539,5.31821],[-74.90539,5.31821],[-74.90539,5.31821],[-74.90539,5.31821],[-74.90539,5.31821],[-74.90539,5.31821],[-74.90538,5.31822],[-74.90538,5.31822],[-74.90538,5.31822],[-74.90538,5.31822],[-74.90538,5.31822],[-74.90538,5.31822],[-74.90538,5.31822],[-74.90538,5.31822],[-74.90538,5.31822],[-74.90538,5.31822],[-74.90538,5.31822],[-74.90538,5.31822],[-74.90538,5.31822],[-74.90538,5.31822],[-74.90538,5.31822],[-74.90537,5.31822],[-74.90537,5.31822],[-74.90537,5.31822],[-74.90537,5.31822],[-74.90537,5.31822],[-74.90537,5.31822],[-74.90537,5.31822],[-74.90537,5.31822],[-74.90536,5.31822],[-74.90536,5.31822],[-74.90536,5.31822],[-74.90536,5.31822],[-74.90536,5.31822],[-74.90536,5.31822],[-74.90536,5.31822],[-74.90536,5.31822],[-74.90536,5.31822],[-74.90536,5.31822],[-74.90536,5.31822],[-74.90536,5.31822],[-74.90536,5.31822],[-74.90536,5.31822],[-74.90536,5.31822],[-74.90536,5.31822],[-74.90536,5.31822],[-74.90536,5.31822],[-74.90536,5.31822],[-74.90536,5.31822],[-74.90536,5.31822],[-74.90535,5.31822],[-74.90535,5.31822],[-74.90535,5.31822],[-74.90535,5.31822],[-74.90535,5.31822],[-74.90535,5.31822],[-74.90535,5.31822],[-74.90535,5.31822],[-74.90535,5.31822],[-74.90535,5.31822],[-74.90535,5.31822],[-74.90535,5.31822],[-74.90535,5.31822],[-74.90535,5.31822],[-74.90535,5.31822],[-74.90535,5.31822],[-74.90535,5.31822],[-74.90535,5.31822],[-74.90535,5.31822],[-74.90535,5.31822],[-74.90535,5.31821],[-74.90535,5.31821],[-74.90535,5.31821],[-74.90535,5.31821],[-74.90535,5.31821],[-74.90535,5.31821],[-74.90535,5.31821],[-74.90535,5.31821],[-74.90535,5.31821],[-74.90535,5.31821],[-74.90535,5.31821],[-74.90535,5.31821],[-74.90535,5.31821],[-74.90535,5.31821],[-74.90535,5.31821],[-74.90535,5.31821],[-74.90535,5.31821],[-74.90535,5.31821],[-74.90535,5.31821],[-74.90534,5.31821],[-74.90534,5.31821],[-74.90534,5.31821],[-74.90534,5.31821],[-74.90534,5.31821],[-74.90534,5.31821],[-74.90534,5.3182],[-74.90534,5.3182],[-74.90534,5.3182],[-74.90534,5.3182],[-74.90534,5.3182],[-74.90534,5.31819],[-74.90534,5.31818],[-74.90534,5.31818],[-74.90534,5.31818],[-74.90534,5.31818],[-74.90534,5.31817],[-74.90534,5.31817],[-74.90534,5.31817],[-74.90534,5.31817],[-74.90534,5.31817],[-74.90534,5.31817],[-74.90534,5.31817],[-74.90534,5.31817],[-74.90534,5.31816],[-74.90534,5.31816],[-74.90534,5.31816],[-74.90534,5.31816],[-74.90534,5.31816],[-74.90534,5.31816],[-74.90534,5.31816],[-74.90534,5.31816],[-74.90534,5.31816],[-74.90534,5.31816],[-74.90534,5.31816],[-74.90534,5.31816],[-74.90534,5.31816],[-74.90534,5.31816],[-74.90534,5.31816],[-74.90534,5.31816],[-74.90534,5.31816],[-74.90534,5.31815],[-74.90534,5.31815],[-74.90534,5.31815],[-74.90534,5.31815],[-74.90534,5.31815],[-74.90534,5.31815],[-74.90534,5.31815],[-74.90534,5.31815],[-74.90534,5.31815],[-74.90534,5.31815],[-74.90534,5.31815],[-74.90534,5.31815],[-74.90533,5.31815],[-74.90533,5.31815],[-74.90533,5.31815],[-74.90533,5.31815],[-74.90533,5.31815],[-74.90533,5.31815],[-74.90533,5.31815],[-74.90533,5.31815],[-74.90533,5.31815],[-74.90533,5.31815],[-74.90533,5.31814],[-74.90533,5.31814],[-74.90533,5.31814],[-74.90533,5.31814],[-74.90533,5.31814],[-74.90533,5.31814],[-74.90533,5.31814],[-74.90533,5.31814],[-74.90533,5.31814],[-74.90533,5.31814],[-74.90533,5.31814],[-74.90533,5.31814],[-74.90533,5.31814],[-74.90532,5.31814],[-74.90532,5.31814],[-74.90532,5.31814],[-74.90532,5.31814],[-74.90532,5.31814],[-74.90532,5.31814],[-74.90532,5.31814],[-74.90532,5.31814],[-74.90532,5.31814],[-74.90532,5.31814],[-74.90532,5.31814],[-74.90532,5.31814],[-74.90532,5.31814],[-74.90532,5.31814],[-74.90532,5.31814],[-74.90531,5.31814],[-74.90531,5.31814],[-74.90531,5.31814],[-74.90531,5.31814],[-74.90531,5.31814],[-74.90531,5.31814],[-74.90531,5.31814],[-74.90531,5.31814],[-74.9053,5.31814],[-74.9053,5.31813],[-74.9053,5.31813],[-74.9053,5.31813],[-74.9053,5.31813],[-74.9053,5.31813],[-74.9053,5.31813],[-74.9053,5.31813],[-74.9053,5.31813],[-74.9053,5.31813],[-74.9053,5.31813],[-74.9053,5.31813],[-74.9053,5.31813],[-74.9053,5.31813],[-74.9053,5.31813],[-74.9053,5.31813],[-74.90529,5.31813],[-74.90529,5.31813],[-74.90529,5.31813],[-74.90529,5.31813],[-74.90529,5.31813],[-74.90529,5.31813],[-74.90529,5.31813],[-74.90529,5.31813],[-74.90529,5.31813],[-74.90529,5.31813],[-74.90529,5.31813],[-74.90529,5.31813],[-74.90529,5.31813],[-74.90529,5.31813],[-74.90529,5.31813],[-74.90529,5.31813],[-74.90529,5.31813],[-74.90529,5.31812],[-74.90529,5.31812],[-74.90528,5.31812],[-74.90528,5.31812],[-74.90528,5.31812],[-74.90528,5.31812],[-74.90528,5.31812],[-74.90528,5.31812],[-74.90528,5.31812],[-74.90528,5.31812],[-74.90528,5.31812],[-74.90528,5.31812],[-74.90528,5.31812],[-74.90528,5.31812],[-74.90528,5.31812],[-74.90528,5.31812],[-74.90528,5.31812],[-74.90528,5.31812],[-74.90528,5.31812],[-74.90528,5.31812],[-74.90528,5.31812],[-74.90528,5.31812],[-74.90528,5.31812],[-74.90528,5.31812],[-74.90527,5.31812],[-74.90527,5.31812],[-74.90527,5.31812],[-74.90527,5.31812],[-74.90527,5.31812],[-74.90527,5.31811],[-74.90527,5.31811],[-74.90527,5.31811],[-74.90527,5.31811],[-74.90527,5.31811],[-74.90527,5.31811],[-74.90527,5.31811],[-74.90527,5.31811],[-74.90527,5.31811],[-74.90527,5.31811],[-74.90527,5.31811],[-74.90527,5.31811],[-74.90527,5.31811],[-74.90527,5.31811],[-74.90527,5.31811],[-74.90526,5.31811],[-74.90526,5.31811],[-74.90526,5.31811],[-74.90526,5.31811],[-74.90526,5.31811],[-74.90526,5.31811],[-74.90526,5.31811],[-74.90526,5.31811],[-74.90526,5.31811],[-74.90526,5.31811],[-74.90526,5.31811],[-74.90526,5.31811],[-74.90526,5.31811],[-74.90526,5.3181],[-74.90526,5.3181],[-74.90526,5.3181],[-74.90526,5.3181],[-74.90526,5.3181],[-74.90526,5.3181],[-74.90526,5.3181],[-74.90526,5.3181],[-74.90526,5.3181],[-74.90525,5.3181],[-74.90525,5.3181],[-74.90525,5.3181],[-74.90525,5.3181],[-74.90525,5.3181],[-74.90525,5.3181],[-74.90525,5.3181],[-74.90525,5.3181],[-74.90525,5.3181],[-74.90525,5.3181],[-74.90525,5.3181],[-74.90525,5.3181],[-74.90525,5.3181],[-74.90525,5.3181],[-74.90525,5.31809],[-74.90525,5.31809],[-74.90525,5.31809],[-74.90525,5.31809],[-74.90525,5.31809],[-74.90525,5.31809],[-74.90525,5.31809],[-74.90525,5.31809],[-74.90525,5.31809],[-74.90525,5.31809],[-74.90525,5.31809],[-74.90525,5.31809],[-74.90525,5.31809],[-74.90525,5.31809],[-74.90524,5.31809],[-74.90524,5.31809],[-74.90524,5.31808],[-74.90524,5.31808],[-74.90524,5.31808],[-74.90524,5.31808],[-74.90524,5.31808],[-74.90524,5.31808],[-74.90524,5.31808],[-74.90524,5.31808],[-74.90524,5.31808],[-74.90524,5.31808],[-74.90524,5.31808],[-74.90524,5.31808],[-74.90524,5.31808],[-74.90524,5.31808],[-74.90524,5.31808],[-74.90524,5.31808],[-74.90523,5.31808],[-74.90523,5.31808],[-74.90523,5.31808],[-74.90523,5.31808],[-74.90523,5.31808],[-74.90523,5.31808],[-74.90523,5.31808],[-74.90523,5.31808],[-74.90523,5.31808],[-74.90523,5.31808],[-74.90523,5.31807],[-74.90523,5.31807],[-74.90523,5.31807],[-74.90523,5.31807],[-74.90523,5.31807],[-74.90523,5.31807],[-74.90523,5.31807],[-74.90523,5.31807],[-74.90523,5.31807],[-74.90523,5.31807],[-74.90523,5.31807],[-74.90523,5.31807],[-74.90523,5.31807],[-74.90523,5.31807],[-74.90522,5.31807],[-74.90522,5.31807],[-74.90522,5.31807],[-74.90522,5.31807],[-74.90522,5.31807],[-74.90522,5.31807],[-74.90522,5.31807],[-74.90522,5.31807],[-74.90522,5.31807],[-74.90522,5.31807],[-74.90522,5.31807],[-74.90522,5.31807],[-74.90522,5.31807],[-74.90522,5.31807],[-74.90522,5.31807],[-74.90522,5.31807],[-74.90522,5.31807],[-74.90522,5.31806],[-74.90522,5.31806],[-74.90521,5.31806],[-74.90521,5.31806],[-74.90521,5.31807],[-74.9052,5.31807],[-74.9052,5.31807],[-74.9052,5.31807],[-74.9052,5.31807],[-74.90519,5.31806],[-74.90519,5.31806],[-74.90519,5.31806],[-74.90519,5.31806],[-74.90519,5.31806],[-74.90518,5.31806],[-74.90518,5.31806],[-74.90518,5.31806],[-74.90518,5.31806],[-74.90518,5.31806],[-74.90518,5.31806],[-74.90518,5.31806],[-74.90518,5.31807],[-74.90518,5.31807],[-74.90518,5.31807],[-74.90518,5.31807],[-74.90518,5.31807],[-74.90518,5.31807],[-74.90518,5.31807],[-74.90518,5.31807],[-74.90518,5.31807],[-74.90518,5.31807],[-74.90518,5.31807],[-74.90517,5.31807],[-74.90517,5.31807],[-74.90517,5.31807],[-74.90517,5.31807],[-74.90517,5.31807],[-74.90517,5.31807],[-74.90517,5.31807],[-74.90517,5.31807],[-74.90517,5.31807],[-74.90517,5.31807],[-74.90517,5.31808],[-74.90517,5.31808],[-74.90517,5.31808],[-74.90517,5.31808],[-74.90517,5.31808],[-74.90517,5.31808],[-74.90517,5.31808],[-74.90517,5.31808],[-74.90517,5.31808],[-74.90517,5.31808],[-74.90517,5.31808],[-74.90517,5.31808],[-74.90517,5.31808],[-74.90517,5.31808],[-74.90517,5.31808],[-74.90516,5.31808],[-74.90516,5.31808],[-74.90516,5.31809],[-74.90516,5.31809],[-74.90516,5.31809],[-74.90516,5.31809],[-74.90516,5.31809],[-74.90516,5.31809],[-74.90516,5.31809],[-74.90516,5.31809],[-74.90516,5.31809],[-74.90516,5.31809],[-74.90516,5.31809],[-74.90516,5.31809],[-74.90516,5.31809],[-74.90516,5.31809],[-74.90516,5.31809],[-74.90516,5.31808],[-74.90516,5.31808],[-74.90516,5.31808],[-74.90516,5.31808],[-74.90516,5.31808],[-74.90516,5.31808],[-74.90516,5.31808],[-74.90516,5.31808],[-74.90516,5.31808],[-74.90516,5.31808],[-74.90516,5.31808],[-74.90516,5.31808],[-74.90516,5.31808],[-74.90516,5.31808],[-74.90516,5.31808],[-74.90515,5.31808],[-74.90515,5.31808],[-74.90515,5.31809],[-74.90515,5.31809],[-74.90515,5.31809],[-74.90515,5.31809],[-74.90515,5.31809],[-74.90515,5.31809],[-74.90515,5.31809],[-74.90515,5.31809],[-74.90515,5.31809],[-74.90515,5.31809],[-74.90515,5.31809],[-74.90515,5.31809],[-74.90515,5.31809],[-74.90515,5.31809],[-74.90515,5.31809],[-74.90515,5.31809],[-74.90515,5.31809],[-74.90515,5.31809],[-74.90514,5.31809],[-74.90514,5.31809],[-74.90514,5.3181],[-74.90514,5.3181],[-74.90514,5.3181],[-74.90514,5.3181],[-74.90514,5.3181],[-74.90514,5.3181],[-74.90514,5.3181],[-74.90514,5.3181],[-74.90514,5.3181],[-74.90514,5.3181],[-74.90514,5.3181],[-74.90513,5.3181],[-74.90513,5.3181],[-74.90513,5.3181],[-74.90513,5.3181],[-74.90513,5.3181],[-74.90512,5.3181],[-74.90512,5.3181],[-74.90512,5.3181],[-74.90512,5.3181],[-74.90512,5.3181],[-74.90512,5.3181],[-74.90512,5.3181],[-74.90512,5.3181],[-74.90512,5.3181],[-74.90512,5.3181],[-74.90512,5.31809],[-74.90511,5.31809],[-74.90511,5.31809],[-74.90511,5.31809],[-74.90511,5.31809],[-74.90511,5.31809],[-74.90511,5.31809],[-74.90511,5.31809],[-74.90511,5.31809],[-74.90511,5.31809],[-74.90511,5.31809],[-74.90511,5.31809],[-74.90511,5.31809],[-74.90511,5.31809],[-74.90511,5.31809],[-74.90511,5.31809],[-74.90511,5.31809],[-74.90511,5.31809],[-74.90511,5.31809],[-74.90511,5.31809],[-74.90511,5.31809],[-74.90511,5.3181],[-74.90511,5.3181],[-74.90511,5.3181],[-74.9051,5.3181],[-74.9051,5.3181],[-74.9051,5.3181],[-74.9051,5.3181],[-74.9051,5.3181],[-74.9051,5.3181],[-74.9051,5.3181],[-74.9051,5.3181],[-74.9051,5.3181],[-74.9051,5.3181],[-74.9051,5.3181],[-74.9051,5.3181],[-74.9051,5.3181],[-74.9051,5.3181],[-74.9051,5.3181],[-74.90509,5.3181],[-74.90509,5.3181],[-74.90509,5.3181],[-74.90509,5.3181],[-74.90509,5.3181],[-74.90509,5.3181],[-74.90509,5.3181],[-74.90509,5.3181],[-74.90509,5.3181],[-74.90509,5.3181],[-74.90509,5.3181],[-74.90509,5.3181],[-74.90509,5.3181],[-74.90509,5.3181],[-74.90509,5.3181],[-74.90509,5.3181],[-74.90509,5.3181],[-74.90509,5.31811],[-74.90509,5.31811],[-74.90508,5.31811],[-74.90508,5.31811],[-74.90508,5.31811],[-74.90508,5.31811],[-74.90508,5.31811],[-74.90508,5.31811],[-74.90508,5.31811],[-74.90508,5.31811],[-74.90508,5.31811],[-74.90508,5.31811],[-74.90508,5.31811],[-74.90508,5.31811],[-74.90508,5.31811],[-74.90508,5.31811],[-74.90508,5.31811],[-74.90508,5.31811],[-74.90508,5.31811],[-74.90508,5.31811],[-74.90508,5.31811],[-74.90508,5.31811],[-74.90508,5.31811],[-74.90508,5.31811],[-74.90508,5.31811],[-74.90508,5.31811],[-74.90508,5.31811],[-74.90508,5.31811],[-74.90508,5.31811],[-74.90508,5.31811],[-74.90507,5.31811],[-74.90507,5.31811],[-74.90507,5.31811],[-74.90507,5.31811],[-74.90507,5.31811],[-74.90507,5.31811],[-74.90507,5.31811],[-74.90507,5.31811],[-74.90507,5.31811],[-74.90507,5.31811],[-74.90507,5.31812],[-74.90507,5.31812],[-74.90507,5.31812],[-74.90507,5.31812],[-74.90507,5.31812],[-74.90507,5.31812],[-74.90507,5.31812],[-74.90507,5.31812],[-74.90507,5.31812],[-74.90507,5.31812],[-74.90507,5.31812],[-74.90507,5.31812],[-74.90507,5.31812],[-74.90507,5.31812],[-74.90507,5.31812],[-74.90506,5.31812],[-74.90506,5.31812],[-74.90506,5.31813],[-74.90506,5.31813],[-74.90506,5.31813],[-74.90506,5.31813],[-74.90506,5.31813],[-74.90506,5.31813],[-74.90506,5.31813],[-74.90506,5.31813],[-74.90506,5.31813],[-74.90506,5.31813],[-74.90506,5.31813],[-74.90506,5.31813],[-74.90506,5.31813],[-74.90506,5.31813],[-74.90506,5.31813],[-74.90506,5.31813],[-74.90506,5.31813],[-74.90506,5.31813],[-74.90505,5.31813],[-74.90505,5.31813],[-74.90505,5.31813],[-74.90505,5.31813],[-74.90505,5.31813],[-74.90505,5.31813],[-74.90505,5.31813],[-74.90504,5.31813],[-74.90504,5.31813],[-74.90504,5.31813],[-74.90504,5.31813],[-74.90504,5.31813],[-74.90504,5.31813],[-74.90504,5.31813],[-74.90504,5.31813],[-74.90504,5.31814],[-74.90504,5.31814],[-74.90504,5.31814],[-74.90504,5.31814],[-74.90503,5.31814],[-74.90503,5.31814],[-74.90503,5.31814],[-74.90503,5.31814],[-74.90503,5.31814],[-74.90503,5.31814],[-74.90503,5.31814],[-74.90503,5.31814],[-74.90503,5.31814],[-74.90503,5.31814],[-74.90503,5.31814],[-74.90503,5.31814],[-74.90503,5.31814],[-74.90503,5.31814],[-74.90503,5.31814],[-74.90503,5.31814],[-74.90503,5.31814],[-74.90503,5.31814],[-74.90503,5.31814],[-74.90503,5.31814],[-74.90503,5.31814],[-74.90503,5.31814],[-74.90503,5.31814],[-74.90503,5.31814],[-74.90503,5.31814],[-74.90503,5.31814],[-74.90503,5.31814],[-74.90503,5.31814],[-74.90503,5.31814],[-74.90504,5.31814],[-74.90504,5.31814],[-74.90504,5.31814],[-74.90504,5.31814],[-74.90504,5.31815],[-74.90504,5.31815],[-74.90504,5.31815],[-74.90504,5.31815],[-74.90504,5.31815],[-74.90504,5.31815],[-74.90504,5.31815],[-74.90504,5.31815],[-74.90504,5.31815],[-74.90504,5.31815],[-74.90504,5.31815],[-74.90504,5.31815],[-74.90503,5.31815],[-74.90503,5.31815],[-74.90503,5.31815],[-74.90503,5.31815],[-74.90503,5.31815],[-74.90503,5.31815],[-74.90503,5.31815],[-74.90503,5.31815],[-74.90503,5.31815],[-74.90503,5.31815],[-74.90503,5.31815],[-74.90503,5.31815],[-74.90503,5.31815],[-74.90503,5.31815],[-74.90503,5.31815],[-74.90503,5.31815],[-74.90503,5.31815],[-74.90503,5.31815],[-74.90503,5.31815],[-74.90503,5.31815],[-74.90503,5.31815],[-74.90503,5.31815],[-74.90503,5.31815],[-74.90503,5.31815],[-74.90503,5.31815],[-74.90503,5.31815],[-74.90503,5.31815],[-74.90503,5.31815],[-74.90502,5.31815],[-74.90502,5.31815],[-74.90502,5.31815],[-74.90502,5.31815],[-74.90502,5.31815],[-74.90502,5.31815],[-74.90502,5.31815],[-74.90502,5.31815],[-74.90502,5.31815],[-74.90502,5.31815],[-74.90502,5.31816],[-74.90502,5.31816],[-74.90502,5.31816],[-74.90502,5.31816],[-74.90502,5.31816],[-74.90502,5.31816],[-74.90502,5.31816],[-74.90502,5.31816],[-74.90502,5.31816],[-74.90502,5.31816],[-74.90502,5.31816],[-74.90502,5.31816],[-74.90502,5.31816],[-74.90502,5.31816],[-74.90501,5.31816],[-74.90501,5.31816],[-74.90501,5.31816],[-74.90501,5.31816],[-74.90501,5.31816],[-74.90501,5.31816],[-74.90501,5.31816],[-74.90501,5.31816],[-74.90501,5.31817],[-74.90501,5.31817],[-74.90501,5.31817],[-74.90501,5.31817],[-74.90501,5.31817],[-74.90501,5.31817],[-74.90501,5.31817],[-74.90501,5.31817],[-74.90501,5.31817],[-74.90501,5.31817],[-74.90501,5.31817],[-74.90501,5.31817],[-74.90501,5.31817],[-74.90501,5.31817],[-74.905,5.31817],[-74.905,5.31817],[-74.905,5.31817],[-74.905,5.31817],[-74.905,5.31817],[-74.905,5.31817],[-74.905,5.31817],[-74.905,5.31817],[-74.905,5.31817],[-74.905,5.31817],[-74.905,5.31817],[-74.905,5.31818],[-74.905,5.31818],[-74.905,5.31818],[-74.905,5.31818],[-74.905,5.31818],[-74.905,5.31818],[-74.905,5.31818],[-74.905,5.31818],[-74.905,5.31818],[-74.905,5.31818],[-74.905,5.31818],[-74.905,5.31818],[-74.905,5.31818],[-74.905,5.31818],[-74.905,5.31818],[-74.905,5.31818],[-74.905,5.31818],[-74.90499,5.31818],[-74.90499,5.31818],[-74.90499,5.31818],[-74.90499,5.31818],[-74.90499,5.31818],[-74.90499,5.31818],[-74.90499,5.31818],[-74.90499,5.31818],[-74.90499,5.31819],[-74.90499,5.31819],[-74.90499,5.31819],[-74.90499,5.31819],[-74.90499,5.31819],[-74.90499,5.31819],[-74.90499,5.31819],[-74.90499,5.31819],[-74.90499,5.31819],[-74.90499,5.31819],[-74.90499,5.31819],[-74.90499,5.3182],[-74.90499,5.3182],[-74.90499,5.3182],[-74.90499,5.3182],[-74.90499,5.3182],[-74.90499,5.3182],[-74.90498,5.3182],[-74.90498,5.3182],[-74.90498,5.3182],[-74.90498,5.3182],[-74.90498,5.3182],[-74.90498,5.3182],[-74.90498,5.3182],[-74.90498,5.3182],[-74.90498,5.3182],[-74.90498,5.3182],[-74.90498,5.3182],[-74.90498,5.3182],[-74.90497,5.3182],[-74.90497,5.3182],[-74.90497,5.3182],[-74.90497,5.3182],[-74.90497,5.3182],[-74.90497,5.3182],[-74.90497,5.3182],[-74.90497,5.3182],[-74.90496,5.3182],[-74.90496,5.3182],[-74.90496,5.3182],[-74.90496,5.3182],[-74.90496,5.3182],[-74.90496,5.3182],[-74.90496,5.3182],[-74.90496,5.3182],[-74.90496,5.3182],[-74.90496,5.3182],[-74.90496,5.3182],[-74.90496,5.3182],[-74.90496,5.3182],[-74.90496,5.3182],[-74.90496,5.3182],[-74.90496,5.3182],[-74.90496,5.31821],[-74.90495,5.31821],[-74.90495,5.31821],[-74.90495,5.31821],[-74.90495,5.31821],[-74.90495,5.31821],[-74.90495,5.31821],[-74.90495,5.31821],[-74.90495,5.31821],[-74.90495,5.31821],[-74.90495,5.31821],[-74.90495,5.31821],[-74.90495,5.31821],[-74.90495,5.31821],[-74.90495,5.31821],[-74.90494,5.31821],[-74.90494,5.31821],[-74.90494,5.31821],[-74.90494,5.31821],[-74.90494,5.31821],[-74.90494,5.31821],[-74.90494,5.31821],[-74.90494,5.31821],[-74.90494,5.31821],[-74.90494,5.31821],[-74.90494,5.31821],[-74.90494,5.31821],[-74.90494,5.31821],[-74.90494,5.31821],[-74.90494,5.31822],[-74.90494,5.31822],[-74.90494,5.31822],[-74.90494,5.31822],[-74.90493,5.31822],[-74.90493,5.31822],[-74.90493,5.31822],[-74.90493,5.31822],[-74.90493,5.31822],[-74.90493,5.31822],[-74.90493,5.31822],[-74.90493,5.31822],[-74.90493,5.31822],[-74.90493,5.31822],[-74.90493,5.31822],[-74.90493,5.31822],[-74.90493,5.31822],[-74.90493,5.31822],[-74.90493,5.31822],[-74.90493,5.31822],[-74.90493,5.31822],[-74.90493,5.31823],[-74.90493,5.31823],[-74.90493,5.31823],[-74.90493,5.31823],[-74.90493,5.31823],[-74.90493,5.31823],[-74.90493,5.31823],[-74.90493,5.31823],[-74.90493,5.31823],[-74.90493,5.31823],[-74.90493,5.31823],[-74.90493,5.31823],[-74.90493,5.31822],[-74.90493,5.31822],[-74.90492,5.31822],[-74.90492,5.31822],[-74.90492,5.31822],[-74.90492,5.31822],[-74.90492,5.31822],[-74.90492,5.31822],[-74.90492,5.31822],[-74.90492,5.31822],[-74.90492,5.31822],[-74.90492,5.31822],[-74.90492,5.31822],[-74.90492,5.31822],[-74.90492,5.31822],[-74.90492,5.31822],[-74.90492,5.31822],[-74.90492,5.31822],[-74.90492,5.31822],[-74.90492,5.31822],[-74.90492,5.31822],[-74.90492,5.31822],[-74.90492,5.31823],[-74.90491,5.31823],[-74.90491,5.31823],[-74.90491,5.31823],[-74.90491,5.31823],[-74.90491,5.31823],[-74.90491,5.31823],[-74.90491,5.31823],[-74.90491,5.31823],[-74.90491,5.31823],[-74.90491,5.31823],[-74.90491,5.31823],[-74.90491,5.31823],[-74.90491,5.31823],[-74.90491,5.31823],[-74.90491,5.31823],[-74.90491,5.31823],[-74.90491,5.31823],[-74.9049,5.31822],[-74.9049,5.31822],[-74.9049,5.31822],[-74.9049,5.31822],[-74.9049,5.31822],[-74.9049,5.31822],[-74.9049,5.31822],[-74.9049,5.31822],[-74.9049,5.31822],[-74.9049,5.31822],[-74.9049,5.31822],[-74.9049,5.31823],[-74.9049,5.31823],[-74.9049,5.31823],[-74.9049,5.31823],[-74.9049,5.31823],[-74.90489,5.31823],[-74.90489,5.31823],[-74.90489,5.31823],[-74.90489,5.31823],[-74.90489,5.31823],[-74.90489,5.31823],[-74.90489,5.31823],[-74.90489,5.31823],[-74.90489,5.31823],[-74.90489,5.31823],[-74.90489,5.31823],[-74.90488,5.31823],[-74.90488,5.31823],[-74.90488,5.31823],[-74.90488,5.31823],[-74.90488,5.31823],[-74.90488,5.31823],[-74.90488,5.31823],[-74.90488,5.31823],[-74.90488,5.31823],[-74.90488,5.31823],[-74.90488,5.31823],[-74.90488,5.31823],[-74.90488,5.31823],[-74.90488,5.31823],[-74.90488,5.31823],[-74.90488,5.31823],[-74.90488,5.31823],[-74.90488,5.31823],[-74.90488,5.31823],[-74.90487,5.31824],[-74.90487,5.31824],[-74.90487,5.31824],[-74.90487,5.31824],[-74.90487,5.31824],[-74.90487,5.31824],[-74.90487,5.31824],[-74.90487,5.31824],[-74.90487,5.31824],[-74.90487,5.31824],[-74.90487,5.31824],[-74.90487,5.31823],[-74.90487,5.31823],[-74.90487,5.31823],[-74.90487,5.31823],[-74.90487,5.31824],[-74.90487,5.31824],[-74.90487,5.31824],[-74.90487,5.31824],[-74.90486,5.31824],[-74.90486,5.31824],[-74.90486,5.31824],[-74.90486,5.31824],[-74.90486,5.31824],[-74.90486,5.31824],[-74.90486,5.31824],[-74.90486,5.31824],[-74.90486,5.31824],[-74.90486,5.31824],[-74.90486,5.31824],[-74.90486,5.31824],[-74.90486,5.31824],[-74.90486,5.31824],[-74.90486,5.31824],[-74.90486,5.31824],[-74.90486,5.31824],[-74.90486,5.31824],[-74.90486,5.31825],[-74.90486,5.31825],[-74.90486,5.31826],[-74.90486,5.31827],[-74.90486,5.31827],[-74.90486,5.31827],[-74.90486,5.31827],[-74.90486,5.31827],[-74.90486,5.31827],[-74.90486,5.31827],[-74.90486,5.31828],[-74.90486,5.31828],[-74.90486,5.31828],[-74.90486,5.31828],[-74.90486,5.31828],[-74.90486,5.31828],[-74.90486,5.31828],[-74.90486,5.31828],[-74.90486,5.31828],[-74.90486,5.31828],[-74.90486,5.31828],[-74.90486,5.31829],[-74.90486,5.3183],[-74.90486,5.31832],[-74.90486,5.31832],[-74.90486,5.31833],[-74.90486,5.31833],[-74.90486,5.31833],[-74.90486,5.31833],[-74.90486,5.31833],[-74.90486,5.31833],[-74.90486,5.31833],[-74.90486,5.31833],[-74.90486,5.31833],[-74.90486,5.31833],[-74.90486,5.31833],[-74.90486,5.31833],[-74.90486,5.31833],[-74.90486,5.31833],[-74.90486,5.31833],[-74.90486,5.31833],[-74.90486,5.31833],[-74.90486,5.31833],[-74.90486,5.31833],[-74.90486,5.31833],[-74.90486,5.31833],[-74.90486,5.31833],[-74.90486,5.31833],[-74.90486,5.31833],[-74.90486,5.31833],[-74.90486,5.31833],[-74.90486,5.31833],[-74.90486,5.31833],[-74.90487,5.31833],[-74.90487,5.31833],[-74.90487,5.31833],[-74.90487,5.31833],[-74.90487,5.31833],[-74.90487,5.31833],[-74.90487,5.31833],[-74.90487,5.31833],[-74.90487,5.31833],[-74.90487,5.31833],[-74.90487,5.31833],[-74.90487,5.31833],[-74.90487,5.31833],[-74.90487,5.31833],[-74.90487,5.31833],[-74.90487,5.31832],[-74.90487,5.31832],[-74.90487,5.31832],[-74.90487,5.31832],[-74.90487,5.31832],[-74.90487,5.31832],[-74.90487,5.31832],[-74.90488,5.31832],[-74.90488,5.31832],[-74.90488,5.31832],[-74.90488,5.31832],[-74.90488,5.31832],[-74.90488,5.31832],[-74.90488,5.31832],[-74.90488,5.31832],[-74.90488,5.31832],[-74.90488,5.31832],[-74.90488,5.31832],[-74.90488,5.31832],[-74.90488,5.31832],[-74.90488,5.31832],[-74.90488,5.31832],[-74.90488,5.31832],[-74.90488,5.31832],[-74.90488,5.31832],[-74.90488,5.31832],[-74.90488,5.31832],[-74.90488,5.31832],[-74.90488,5.31832],[-74.90488,5.31832],[-74.90489,5.31832],[-74.90489,5.31832],[-74.90489,5.31832],[-74.90489,5.31832],[-74.90489,5.31832],[-74.90489,5.31832],[-74.90489,5.31832],[-74.90489,5.31832],[-74.90489,5.31832],[-74.90489,5.31832],[-74.90489,5.31832],[-74.90489,5.31832],[-74.90489,5.31832],[-74.90489,5.31832],[-74.90489,5.31832],[-74.90489,5.31832],[-74.90489,5.31832],[-74.90489,5.31832],[-74.90489,5.31832],[-74.90489,5.31832],[-74.90489,5.31832],[-74.90489,5.31832],[-74.9049,5.31832],[-74.9049,5.31832],[-74.9049,5.31832],[-74.9049,5.31832],[-74.9049,5.31832],[-74.9049,5.31832],[-74.9049,5.31832],[-74.9049,5.31832],[-74.9049,5.31831],[-74.9049,5.31831],[-74.9049,5.31831],[-74.9049,5.31831],[-74.9049,5.31831],[-74.9049,5.31831],[-74.9049,5.31831],[-74.9049,5.31831],[-74.9049,5.31831],[-74.9049,5.31831],[-74.9049,5.31831],[-74.9049,5.31831],[-74.90491,5.31831],[-74.90491,5.31831],[-74.90491,5.31831],[-74.90491,5.31831],[-74.90491,5.31831],[-74.90491,5.31831],[-74.90491,5.31831],[-74.90491,5.31831],[-74.90491,5.31831],[-74.90491,5.31831],[-74.90491,5.31831],[-74.90491,5.31831],[-74.90491,5.31831],[-74.90491,5.31831],[-74.90491,5.31831],[-74.90491,5.31831],[-74.90492,5.31831],[-74.90492,5.31831],[-74.90492,5.31831],[-74.90492,5.31831],[-74.90492,5.3183],[-74.90492,5.3183],[-74.90492,5.3183],[-74.90492,5.3183],[-74.90492,5.3183],[-74.90492,5.3183],[-74.90492,5.3183],[-74.90492,5.3183],[-74.90492,5.3183],[-74.90492,5.3183],[-74.90492,5.3183],[-74.90492,5.3183],[-74.90492,5.3183],[-74.90492,5.3183],[-74.90492,5.3183],[-74.90492,5.3183],[-74.90492,5.3183],[-74.90492,5.3183],[-74.90492,5.3183],[-74.90492,5.3183],[-74.90492,5.3183],[-74.90492,5.3183],[-74.90492,5.3183],[-74.90493,5.3183],[-74.90493,5.3183],[-74.90493,5.3183],[-74.90493,5.3183],[-74.90493,5.3183],[-74.90493,5.3183],[-74.90493,5.3183],[-74.90493,5.3183],[-74.90493,5.3183],[-74.90493,5.31831],[-74.90493,5.31831],[-74.90493,5.31831],[-74.90493,5.31831],[-74.90494,5.31831],[-74.90494,5.31831],[-74.90494,5.31831],[-74.90494,5.31831],[-74.90494,5.3183],[-74.90494,5.3183],[-74.90494,5.3183],[-74.90494,5.3183],[-74.90494,5.3183],[-74.90494,5.3183],[-74.90494,5.3183],[-74.90494,5.3183],[-74.90494,5.3183],[-74.90494,5.3183],[-74.90494,5.3183],[-74.90495,5.3183],[-74.90495,5.3183],[-74.90495,5.3183],[-74.90495,5.3183],[-74.90495,5.3183],[-74.90495,5.3183],[-74.90495,5.3183],[-74.90495,5.3183],[-74.90495,5.3183],[-74.90495,5.3183],[-74.90495,5.3183],[-74.90495,5.3183],[-74.90495,5.3183],[-74.90495,5.3183],[-74.90495,5.3183],[-74.90495,5.3183],[-74.90495,5.31829],[-74.90495,5.31829],[-74.90495,5.31829],[-74.90495,5.31829],[-74.90495,5.31829],[-74.90495,5.31829],[-74.90495,5.31829],[-74.90495,5.31829],[-74.90496,5.31829],[-74.90496,5.31829],[-74.90496,5.31829],[-74.90496,5.31829],[-74.90496,5.31829],[-74.90496,5.31829],[-74.90496,5.31829],[-74.90496,5.31829],[-74.90496,5.31829],[-74.90496,5.31829],[-74.90496,5.31829],[-74.90496,5.31829],[-74.90496,5.31829],[-74.90496,5.31829],[-74.90496,5.31829],[-74.90496,5.31829],[-74.90497,5.31829],[-74.90497,5.31829],[-74.90497,5.31829],[-74.90497,5.31829],[-74.90497,5.31829],[-74.90497,5.31829],[-74.90497,5.31829],[-74.90497,5.31829],[-74.90497,5.31829],[-74.90497,5.31828],[-74.90497,5.31828],[-74.90497,5.31828],[-74.90497,5.31828],[-74.90497,5.31828],[-74.90497,5.31828],[-74.90497,5.31828],[-74.90497,5.31828],[-74.90497,5.31828],[-74.90498,5.31828],[-74.90498,5.31828],[-74.90498,5.31828],[-74.90498,5.31828],[-74.90498,5.31828],[-74.90498,5.31828],[-74.90498,5.31828],[-74.90498,5.31828],[-74.90498,5.31828],[-74.90498,5.31828],[-74.90498,5.31828],[-74.90498,5.31828],[-74.90499,5.31828],[-74.90499,5.31828],[-74.90499,5.31828],[-74.90499,5.31828],[-74.905,5.31828],[-74.905,5.31828],[-74.905,5.31828],[-74.905,5.31828],[-74.905,5.31828],[-74.905,5.31828],[-74.905,5.31828],[-74.905,5.31828],[-74.905,5.31828],[-74.905,5.31828],[-74.905,5.31828],[-74.905,5.31828],[-74.905,5.31828],[-74.905,5.31828],[-74.905,5.31828],[-74.905,5.31827],[-74.905,5.31827],[-74.905,5.31827],[-74.905,5.31827],[-74.90501,5.31827],[-74.90501,5.31827],[-74.90501,5.31827],[-74.90501,5.31827],[-74.90501,5.31827],[-74.90501,5.31827],[-74.90501,5.31827],[-74.90501,5.31827],[-74.90501,5.31827],[-74.90501,5.31827],[-74.90501,5.31827],[-74.90501,5.31827],[-74.90501,5.31827],[-74.90501,5.31827],[-74.90501,5.31827],[-74.90501,5.31827],[-74.90501,5.31827],[-74.90501,5.31827],[-74.90501,5.31827],[-74.90501,5.31827],[-74.90502,5.31827],[-74.90502,5.31826],[-74.90502,5.31826],[-74.90502,5.31826],[-74.90502,5.31826],[-74.90502,5.31826],[-74.90502,5.31826],[-74.90502,5.31826],[-74.90502,5.31826],[-74.90502,5.31826],[-74.90502,5.31826],[-74.90502,5.31826],[-74.90502,5.31826],[-74.90502,5.31826],[-74.90502,5.31826],[-74.90502,5.31826],[-74.90502,5.31826],[-74.90502,5.31826],[-74.90502,5.31826],[-74.90502,5.31826],[-74.90502,5.31826],[-74.90502,5.31826],[-74.90503,5.31826],[-74.90503,5.31826],[-74.90503,5.31826],[-74.90503,5.31826],[-74.90503,5.31826],[-74.90503,5.31826],[-74.90503,5.31825],[-74.90503,5.31825],[-74.90503,5.31825],[-74.90503,5.31825],[-74.90503,5.31825],[-74.90503,5.31825],[-74.90503,5.31825],[-74.90503,5.31825],[-74.90503,5.31825],[-74.90503,5.31825],[-74.90503,5.31825],[-74.90504,5.31825],[-74.90504,5.31825],[-74.90504,5.31825],[-74.90504,5.31825],[-74.90504,5.31825],[-74.90504,5.31825],[-74.90505,5.31825],[-74.90505,5.31825],[-74.90505,5.31825],[-74.90505,5.31825],[-74.90505,5.31825],[-74.90505,5.31825],[-74.90505,5.31825],[-74.90505,5.31825],[-74.90505,5.31825],[-74.90505,5.31825],[-74.90505,5.31825],[-74.90505,5.31825],[-74.90505,5.31825],[-74.90505,5.31825],[-74.90505,5.31825],[-74.90505,5.31825],[-74.90505,5.31825],[-74.90506,5.31825],[-74.90506,5.31825],[-74.90506,5.31825],[-74.90506,5.31825],[-74.90506,5.31825],[-74.90506,5.31825],[-74.90506,5.31825],[-74.90506,5.31824],[-74.90506,5.31824],[-74.90506,5.31824],[-74.90506,5.31824],[-74.90506,5.31824],[-74.90506,5.31824],[-74.90506,5.31824],[-74.90506,5.31824],[-74.90507,5.31824],[-74.90507,5.31824],[-74.90507,5.31824],[-74.90507,5.31824],[-74.90507,5.31824],[-74.90507,5.31824],[-74.90507,5.31824],[-74.90507,5.31824],[-74.90507,5.31824],[-74.90507,5.31824],[-74.90507,5.31824],[-74.90507,5.31824],[-74.90507,5.31824],[-74.90507,5.31824],[-74.90507,5.31824],[-74.90507,5.31824],[-74.90507,5.31824],[-74.90507,5.31824],[-74.90507,5.31824],[-74.90507,5.31823],[-74.90507,5.31823],[-74.90507,5.31823],[-74.90507,5.31823],[-74.90507,5.31823],[-74.90508,5.31823],[-74.90508,5.31823],[-74.90508,5.31823],[-74.90508,5.31823],[-74.90508,5.31823],[-74.90508,5.31823],[-74.90508,5.31823],[-74.90508,5.31823],[-74.90508,5.31823],[-74.90508,5.31823],[-74.90508,5.31823],[-74.90508,5.31823],[-74.90508,5.31823],[-74.90508,5.31823],[-74.90508,5.31823],[-74.90508,5.31823],[-74.90508,5.31823],[-74.90508,5.31823],[-74.90508,5.31823],[-74.90508,5.31823],[-74.90508,5.31823],[-74.90508,5.31823],[-74.90508,5.31823],[-74.90508,5.31823],[-74.90508,5.31823],[-74.90509,5.31823],[-74.90509,5.31823],[-74.90509,5.31823],[-74.90509,5.31823],[-74.90509,5.31823],[-74.90509,5.31823],[-74.90509,5.31823],[-74.90509,5.31823],[-74.90509,5.31822],[-74.90509,5.31822],[-74.90509,5.31822],[-74.90509,5.31822],[-74.90509,5.31822],[-74.90509,5.31822],[-74.90509,5.31822],[-74.90509,5.31822],[-74.90509,5.31822],[-74.9051,5.31822],[-74.9051,5.31822],[-74.9051,5.31822],[-74.9051,5.31822],[-74.9051,5.31822],[-74.9051,5.31822],[-74.9051,5.31822],[-74.9051,5.31822],[-74.9051,5.31822],[-74.9051,5.31822],[-74.9051,5.31822],[-74.9051,5.31822],[-74.9051,5.31822],[-74.9051,5.31822],[-74.9051,5.31822],[-74.9051,5.31822],[-74.9051,5.31821],[-74.9051,5.31821],[-74.9051,5.31821],[-74.9051,5.31821],[-74.9051,5.31821],[-74.9051,5.31821],[-74.9051,5.31821],[-74.9051,5.31821],[-74.9051,5.31821],[-74.90511,5.31821],[-74.90511,5.31821],[-74.90511,5.31821],[-74.90511,5.31821],[-74.90511,5.31821],[-74.90511,5.31821],[-74.90511,5.31821],[-74.90511,5.31821],[-74.90511,5.31821],[-74.90511,5.31821],[-74.90511,5.31821],[-74.90511,5.31821],[-74.90511,5.31821],[-74.90511,5.31821],[-74.90511,5.31821],[-74.90511,5.31821],[-74.90511,5.31821],[-74.90511,5.31821],[-74.90511,5.31821],[-74.90511,5.3182],[-74.90511,5.3182],[-74.90511,5.3182],[-74.90511,5.3182],[-74.90511,5.3182],[-74.90511,5.3182],[-74.90512,5.3182],[-74.90512,5.3182],[-74.90512,5.3182],[-74.90512,5.3182],[-74.90512,5.3182],[-74.90512,5.3182],[-74.90512,5.3182],[-74.90512,5.3182],[-74.90512,5.3182],[-74.90512,5.3182],[-74.90512,5.3182],[-74.90512,5.3182],[-74.90512,5.3182],[-74.90512,5.3182],[-74.90512,5.3182],[-74.90512,5.3182],[-74.90512,5.3182],[-74.90512,5.3182],[-74.90512,5.3182],[-74.90512,5.3182],[-74.90512,5.3182],[-74.90512,5.3182],[-74.90512,5.3182],[-74.90512,5.3182],[-74.90512,5.3182],[-74.90512,5.3182],[-74.90513,5.3182],[-74.90513,5.3182],[-74.90513,5.3182],[-74.90513,5.3182],[-74.90513,5.3182],[-74.90513,5.3182],[-74.90513,5.3182],[-74.90513,5.3182],[-74.90513,5.3182],[-74.90513,5.3182],[-74.90513,5.3182],[-74.90513,5.3182],[-74.90513,5.3182],[-74.90513,5.3182],[-74.90513,5.3182],[-74.90513,5.3182],[-74.90513,5.3182],[-74.90513,5.3182],[-74.90513,5.3182],[-74.90513,5.3182],[-74.90513,5.3182],[-74.90513,5.3182],[-74.90513,5.3182],[-74.90513,5.3182],[-74.90513,5.3182],[-74.90513,5.3182],[-74.90513,5.3182],[-74.90513,5.3182],[-74.90513,5.3182],[-74.90513,5.3182],[-74.90513,5.3182],[-74.90513,5.3182],[-74.90514,5.3182],[-74.90514,5.3182],[-74.90514,5.3182],[-74.90514,5.3182],[-74.90514,5.3182],[-74.90514,5.3182],[-74.90514,5.3182],[-74.90514,5.3182],[-74.90514,5.3182],[-74.90514,5.3182],[-74.90514,5.3182],[-74.90514,5.3182],[-74.90514,5.3182],[-74.90514,5.3182],[-74.90514,5.3182],[-74.90514,5.3182],[-74.90514,5.3182],[-74.90514,5.3182],[-74.90514,5.3182],[-74.90514,5.3182],[-74.90514,5.3182],[-74.90514,5.3182],[-74.90514,5.3182],[-74.90514,5.3182],[-74.90514,5.3182],[-74.90514,5.3182],[-74.90514,5.3182],[-74.90514,5.3182],[-74.90514,5.3182],[-74.90514,5.3182],[-74.90515,5.3182],[-74.90515,5.3182],[-74.90515,5.3182],[-74.90515,5.3182],[-74.90515,5.3182],[-74.90515,5.3182],[-74.90515,5.3182],[-74.90515,5.3182],[-74.90515,5.3182],[-74.90515,5.3182],[-74.90515,5.3182],[-74.90515,5.3182],[-74.90515,5.3182],[-74.90515,5.3182],[-74.90515,5.3182],[-74.90515,5.3182],[-74.90515,5.3182],[-74.90515,5.3182],[-74.90515,5.3182],[-74.90515,5.3182],[-74.90515,5.31819],[-74.90515,5.31819],[-74.90515,5.31819],[-74.90515,5.31819],[-74.90515,5.31819],[-74.90515,5.31819],[-74.90515,5.31819],[-74.90515,5.31819],[-74.90515,5.3182],[-74.90515,5.3182],[-74.90515,5.3182],[-74.90515,5.3182],[-74.90516,5.3182],[-74.90516,5.3182],[-74.90516,5.3182],[-74.90516,5.3182],[-74.90516,5.3182],[-74.90516,5.3182],[-74.90516,5.3182],[-74.90516,5.3182],[-74.90516,5.3182],[-74.90516,5.3182],[-74.90516,5.3182],[-74.90516,5.3182],[-74.90516,5.3182],[-74.90516,5.3182],[-74.90517,5.3182],[-74.90517,5.3182],[-74.90517,5.3182],[-74.90517,5.3182],[-74.90517,5.3182],[-74.90517,5.3182],[-74.90517,5.3182],[-74.90517,5.3182],[-74.90517,5.3182],[-74.90517,5.3182],[-74.90517,5.3182],[-74.90517,5.3182],[-74.90517,5.31819],[-74.90517,5.31819],[-74.90517,5.31819],[-74.90517,5.31819],[-74.90517,5.31819],[-74.90517,5.31819],[-74.90517,5.31819],[-74.90517,5.31819],[-74.90517,5.31819],[-74.90517,5.31819],[-74.90517,5.31819],[-74.90517,5.31819],[-74.90518,5.31819],[-74.90518,5.31819],[-74.90518,5.31819],[-74.90518,5.31819],[-74.90518,5.31819],[-74.90518,5.31819],[-74.90518,5.31819],[-74.90518,5.31819],[-74.90518,5.31819],[-74.90518,5.31819],[-74.90518,5.31819],[-74.90518,5.31819],[-74.90518,5.31819],[-74.90518,5.31819],[-74.90518,5.31819],[-74.90518,5.31819],[-74.90518,5.31819],[-74.90518,5.31819],[-74.90518,5.31819],[-74.90518,5.31819],[-74.90518,5.31819],[-74.90519,5.31819],[-74.90519,5.31819],[-74.90519,5.31819],[-74.90519,5.31819],[-74.90519,5.31819],[-74.90519,5.31819],[-74.90519,5.31819],[-74.90519,5.31819],[-74.90519,5.31819],[-74.90519,5.31819],[-74.90519,5.31819],[-74.90519,5.31819],[-74.90519,5.31819],[-74.90519,5.31819],[-74.90519,5.31819],[-74.90519,5.31819],[-74.9052,5.31819],[-74.9052,5.31818],[-74.9052,5.31818],[-74.9052,5.31818],[-74.9052,5.31818],[-74.9052,5.31818],[-74.9052,5.31818],[-74.9052,5.31818],[-74.9052,5.31818],[-74.9052,5.31818],[-74.9052,5.31818],[-74.9052,5.31818],[-74.9052,5.31818],[-74.9052,5.31818],[-74.9052,5.31818],[-74.9052,5.31818],[-74.9052,5.31818],[-74.9052,5.31818],[-74.9052,5.31818],[-74.9052,5.31818],[-74.9052,5.31818],[-74.9052,5.31818],[-74.9052,5.31818],[-74.9052,5.31818],[-74.9052,5.31818],[-74.9052,5.31818],[-74.9052,5.31818],[-74.90521,5.31818],[-74.90521,5.31818],[-74.90521,5.31817],[-74.90521,5.31817],[-74.90521,5.31817],[-74.90521,5.31817],[-74.90521,5.31817],[-74.90521,5.31817],[-74.90521,5.31817],[-74.90521,5.31817],[-74.90521,5.31817],[-74.90521,5.31817],[-74.90521,5.31817],[-74.90521,5.31817],[-74.90521,5.31817],[-74.90521,5.31817],[-74.90521,5.31817],[-74.90522,5.31817],[-74.90522,5.31817],[-74.90522,5.31817],[-74.90522,5.31817],[-74.90522,5.31817],[-74.90522,5.31817],[-74.90522,5.31817],[-74.90522,5.31817],[-74.90522,5.31817],[-74.90522,5.31817],[-74.90522,5.31817],[-74.90522,5.31817],[-74.90522,5.31817],[-74.90522,5.31817],[-74.90522,5.31817],[-74.90522,5.31817],[-74.90522,5.31817],[-74.90522,5.31817],[-74.90522,5.31817],[-74.90522,5.31817],[-74.90522,5.31817],[-74.90522,5.31817],[-74.90522,5.31817],[-74.90522,5.31817],[-74.90522,5.31817],[-74.90522,5.31817],[-74.90522,5.31817],[-74.90522,5.31817],[-74.90522,5.31817],[-74.90522,5.31817],[-74.90522,5.31817],[-74.90522,5.31817],[-74.90522,5.31817],[-74.90522,5.31817],[-74.90522,5.31817],[-74.90522,5.31816],[-74.90522,5.31816],[-74.90522,5.31816],[-74.90522,5.31816],[-74.90522,5.31816],[-74.90522,5.31816],[-74.90522,5.31816],[-74.90522,5.31816],[-74.90522,5.31816],[-74.90522,5.31816],[-74.90522,5.31816],[-74.90522,5.31816],[-74.90522,5.31816],[-74.90522,5.31816],[-74.90522,5.31816],[-74.90522,5.31816],[-74.90523,5.31816],[-74.90523,5.31816],[-74.90523,5.31816],[-74.90523,5.31816],[-74.90523,5.31816],[-74.90523,5.31816],[-74.90523,5.31816],[-74.90523,5.31816],[-74.90523,5.31816],[-74.90523,5.31816],[-74.90523,5.31816],[-74.90523,5.31816],[-74.90523,5.31816],[-74.90523,5.31816],[-74.90523,5.31816],[-74.90523,5.31816],[-74.90523,5.31816],[-74.90523,5.31816],[-74.90523,5.31816],[-74.90523,5.31816],[-74.90523,5.31816],[-74.90523,5.31816],[-74.90523,5.31816],[-74.90523,5.31816],[-74.90523,5.31816],[-74.90523,5.31816],[-74.90523,5.31816],[-74.90524,5.31816],[-74.90524,5.31816],[-74.90524,5.31816],[-74.90524,5.31816],[-74.90524,5.31816],[-74.90524,5.31816],[-74.90524,5.31816],[-74.90524,5.31816],[-74.90524,5.31815],[-74.90524,5.31815],[-74.90524,5.31815],[-74.90524,5.31815],[-74.90524,5.31815],[-74.90524,5.31815],[-74.90524,5.31815],[-74.90524,5.31815],[-74.90524,5.31815],[-74.90524,5.31815],[-74.90524,5.31815],[-74.90524,5.31815],[-74.90524,5.31815],[-74.90524,5.31815],[-74.90524,5.31815],[-74.90524,5.31815],[-74.90524,5.31815],[-74.90524,5.31815],[-74.90524,5.31815],[-74.90524,5.31815],[-74.90524,5.31815],[-74.90524,5.31815],[-74.90524,5.31815],[-74.90524,5.31815],[-74.90524,5.31815],[-74.90524,5.31815],[-74.90524,5.31815],[-74.90524,5.31815],[-74.90524,5.31815],[-74.90524,5.31815],[-74.90524,5.31815],[-74.90524,5.31815],[-74.90524,5.31816],[-74.90524,5.31816],[-74.90524,5.31816],[-74.90524,5.31816],[-74.90524,5.31816],[-74.90524,5.31816],[-74.90524,5.31816],[-74.90524,5.31816],[-74.90524,5.31816],[-74.90524,5.31816],[-74.90524,5.31816],[-74.90525,5.31816],[-74.90525,5.31817],[-74.90525,5.31817],[-74.90525,5.31817],[-74.90525,5.31817],[-74.90525,5.31817],[-74.90525,5.31817],[-74.90525,5.31817],[-74.90525,5.31817],[-74.90525,5.31817],[-74.90525,5.31817],[-74.90525,5.31817],[-74.90525,5.31817],[-74.90525,5.31817],[-74.90525,5.31817],[-74.90525,5.31817],[-74.90525,5.31817],[-74.90525,5.31817],[-74.90525,5.31818],[-74.90525,5.31818],[-74.90525,5.31818],[-74.90525,5.31818],[-74.90525,5.31818],[-74.90525,5.31818],[-74.90525,5.31818],[-74.90525,5.31818],[-74.90525,5.31818],[-74.90525,5.31818],[-74.90525,5.31818],[-74.90525,5.31819],[-74.90525,5.31819],[-74.90525,5.31819],[-74.90525,5.31819],[-74.90525,5.31819],[-74.90525,5.31819],[-74.90525,5.31819],[-74.90526,5.31819],[-74.90526,5.31819],[-74.90526,5.31819],[-74.90526,5.31819],[-74.90526,5.31819],[-74.90526,5.31819],[-74.90526,5.31819],[-74.90526,5.31819],[-74.90526,5.31819],[-74.90526,5.31819],[-74.90526,5.31819],[-74.90526,5.3182],[-74.90526,5.3182],[-74.90526,5.3182],[-74.90526,5.3182],[-74.90526,5.3182],[-74.90526,5.3182],[-74.90526,5.3182],[-74.90526,5.3182],[-74.90526,5.3182],[-74.90526,5.3182],[-74.90526,5.3182],[-74.90526,5.3182],[-74.90527,5.3182],[-74.90527,5.3182],[-74.90527,5.31821],[-74.90527,5.31821],[-74.90527,5.31821],[-74.90527,5.31821],[-74.90527,5.31821],[-74.90527,5.31821],[-74.90527,5.31821],[-74.90527,5.31821],[-74.90527,5.31821],[-74.90527,5.31821],[-74.90527,5.31821],[-74.90527,5.31821],[-74.90527,5.31822],[-74.90527,5.31822],[-74.90527,5.31822],[-74.90527,5.31822],[-74.90527,5.31822],[-74.90527,5.31822],[-74.90527,5.31822],[-74.90527,5.31822],[-74.90527,5.31822],[-74.90527,5.31822],[-74.90527,5.31822],[-74.90527,5.31822],[-74.90527,5.31823],[-74.90527,5.31823],[-74.90527,5.31823],[-74.90527,5.31823],[-74.90527,5.31823],[-74.90527,5.31823],[-74.90527,5.31823],[-74.90527,5.31823],[-74.90527,5.31823],[-74.90527,5.31823],[-74.90527,5.31823],[-74.90527,5.31824],[-74.90527,5.31824],[-74.90527,5.31824],[-74.90527,5.31824],[-74.90527,5.31824],[-74.90527,5.31824],[-74.90527,5.31824],[-74.90527,5.31824],[-74.90527,5.31825],[-74.90527,5.31825],[-74.90527,5.31825],[-74.90527,5.31825],[-74.90527,5.31825],[-74.90527,5.31825],[-74.90527,5.31825],[-74.90527,5.31825],[-74.90527,5.31826],[-74.90527,5.31826],[-74.90527,5.31826],[-74.90527,5.31826],[-74.90527,5.31826],[-74.90527,5.31826],[-74.90527,5.31826],[-74.90527,5.31826],[-74.90527,5.31826],[-74.90527,5.31826],[-74.90527,5.31826],[-74.90528,5.31826],[-74.90528,5.31826],[-74.90528,5.31826],[-74.90528,5.31827],[-74.90528,5.31827],[-74.90528,5.31827],[-74.90528,5.31827],[-74.90528,5.31827],[-74.90528,5.31827],[-74.90528,5.31827],[-74.90528,5.31827],[-74.90528,5.31827],[-74.90528,5.31827],[-74.90528,5.31827],[-74.90528,5.31827],[-74.90528,5.31827],[-74.90528,5.31827],[-74.90528,5.31827],[-74.90528,5.31827],[-74.90528,5.31827],[-74.90528,5.31827],[-74.90529,5.31828],[-74.90529,5.31828],[-74.90529,5.31828],[-74.90529,5.31828],[-74.90529,5.31828],[-74.90529,5.31828],[-74.90529,5.31828],[-74.90529,5.31828],[-74.90529,5.31828],[-74.90529,5.31829],[-74.90529,5.31829],[-74.90529,5.31829],[-74.90529,5.31829],[-74.90529,5.3183],[-74.90529,5.3183],[-74.90529,5.3183],[-74.90529,5.3183],[-74.90529,5.3183],[-74.90529,5.31831],[-74.90529,5.31831],[-74.90529,5.31831],[-74.90529,5.31831],[-74.90529,5.31831],[-74.90529,5.31831],[-74.90529,5.31831],[-74.90529,5.31831],[-74.90529,5.31831],[-74.90529,5.31831],[-74.90529,5.31832],[-74.90529,5.31832],[-74.90529,5.31832],[-74.90529,5.31832],[-74.90529,5.31832],[-74.90529,5.31832],[-74.90529,5.31832],[-74.90529,5.31832],[-74.90529,5.31832],[-74.90529,5.31832],[-74.90529,5.31832],[-74.90529,5.31832],[-74.90529,5.31832],[-74.90529,5.31832],[-74.90529,5.31832],[-74.90529,5.31832],[-74.90529,5.31832],[-74.90529,5.31833],[-74.90529,5.31833],[-74.9053,5.31833],[-74.9053,5.31833],[-74.9053,5.31833],[-74.9053,5.31833],[-74.9053,5.31833],[-74.9053,5.31833],[-74.9053,5.31833],[-74.9053,5.31833],[-74.9053,5.31833],[-74.9053,5.31833],[-74.9053,5.31833],[-74.9053,5.31833],[-74.9053,5.31833],[-74.9053,5.31833],[-74.9053,5.31833],[-74.9053,5.31833],[-74.9053,5.31833],[-74.9053,5.31833],[-74.90531,5.31833],[-74.90531,5.31834],[-74.90531,5.31834],[-74.90531,5.31834],[-74.90531,5.31834],[-74.90531,5.31834],[-74.90531,5.31834],[-74.90531,5.31834],[-74.90531,5.31834],[-74.90531,5.31834],[-74.90531,5.31834],[-74.90531,5.31834],[-74.90531,5.31834],[-74.90531,5.31834],[-74.90531,5.31834],[-74.90531,5.31834],[-74.90532,5.31834],[-74.90532,5.31834],[-74.90532,5.31834],[-74.90532,5.31834],[-74.90532,5.31834],[-74.90532,5.31834],[-74.90532,5.31834],[-74.90532,5.31834],[-74.90532,5.31834],[-74.90532,5.31834],[-74.90532,5.31834],[-74.90532,5.31834],[-74.90532,5.31834],[-74.90532,5.31834],[-74.90532,5.31834],[-74.90533,5.31834],[-74.90533,5.31835],[-74.90533,5.31835],[-74.90533,5.31835],[-74.90533,5.31835],[-74.90533,5.31835],[-74.90533,5.31835],[-74.90533,5.31835],[-74.90533,5.31835],[-74.90533,5.31835],[-74.90533,5.31835],[-74.90533,5.31835],[-74.90533,5.31835],[-74.90533,5.31835],[-74.90533,5.31835],[-74.90533,5.31835],[-74.90533,5.31835],[-74.90533,5.31835],[-74.90533,5.31836],[-74.90533,5.31836],[-74.90533,5.31836],[-74.90533,5.31836],[-74.90533,5.31836],[-74.90533,5.31836],[-74.90533,5.31836],[-74.90533,5.31836],[-74.90533,5.31836],[-74.90533,5.31836],[-74.90533,5.31836],[-74.90533,5.31836],[-74.90534,5.31836],[-74.90534,5.31837],[-74.90534,5.31837],[-74.90534,5.31837],[-74.90534,5.31837],[-74.90534,5.31837],[-74.90534,5.31837],[-74.90534,5.31837],[-74.90534,5.31837],[-74.90534,5.31837],[-74.90534,5.31837],[-74.90534,5.31837],[-74.90534,5.31837],[-74.90535,5.31837],[-74.90535,5.31837],[-74.90535,5.31837],[-74.90535,5.31837],[-74.90535,5.31837],[-74.90535,5.31837],[-74.90536,5.31837],[-74.90536,5.31837],[-74.90536,5.31837],[-74.90536,5.31837],[-74.90536,5.31837],[-74.90536,5.31837],[-74.90536,5.31837],[-74.90536,5.31837],[-74.90536,5.31837],[-74.90536,5.31837],[-74.90536,5.31837],[-74.90536,5.31837],[-74.90537,5.31837],[-74.90537,5.31837],[-74.90537,5.31837],[-74.90537,5.31837],[-74.90537,5.31837],[-74.90537,5.31837],[-74.90537,5.31837],[-74.90537,5.31837],[-74.90537,5.31837],[-74.90537,5.31837],[-74.90537,5.31837],[-74.90537,5.31838],[-74.90537,5.31838],[-74.90537,5.31838],[-74.90537,5.31838],[-74.90537,5.31838],[-74.90537,5.31838],[-74.90537,5.31838],[-74.90537,5.31838],[-74.90537,5.31838],[-74.90538,5.31838],[-74.90538,5.31838],[-74.90538,5.31838],[-74.90538,5.31838],[-74.90538,5.31838],[-74.90538,5.31838],[-74.90538,5.31838],[-74.90538,5.31838],[-74.90538,5.31838],[-74.90538,5.31839],[-74.90538,5.31839],[-74.90538,5.31839],[-74.90538,5.31839],[-74.90538,5.31839],[-74.90538,5.31839],[-74.90538,5.31839],[-74.90538,5.31839],[-74.90538,5.31839],[-74.90538,5.31839],[-74.90538,5.31839],[-74.90539,5.31839],[-74.90539,5.31839],[-74.90539,5.31839],[-74.90539,5.31839],[-74.90539,5.31839],[-74.90539,5.31839],[-74.90539,5.31839],[-74.90539,5.31839],[-74.90539,5.3184],[-74.90539,5.3184],[-74.90539,5.3184],[-74.90539,5.3184],[-74.90539,5.3184],[-74.90539,5.3184],[-74.90539,5.3184],[-74.90539,5.3184],[-74.9054,5.3184],[-74.9054,5.3184],[-74.9054,5.3184],[-74.9054,5.3184],[-74.9054,5.3184],[-74.9054,5.3184],[-74.90541,5.3184],[-74.90541,5.3184],[-74.90541,5.3184],[-74.90541,5.3184],[-74.90541,5.3184],[-74.90541,5.3184],[-74.90541,5.3184],[-74.90541,5.3184],[-74.90541,5.3184],[-74.90541,5.3184],[-74.90541,5.3184],[-74.90541,5.3184],[-74.90541,5.3184],[-74.90541,5.3184],[-74.90541,5.3184],[-74.90541,5.3184],[-74.90541,5.3184],[-74.90541,5.3184],[-74.90542,5.3184],[-74.90542,5.3184],[-74.90542,5.3184],[-74.90542,5.31841],[-74.90542,5.31841],[-74.90542,5.31841],[-74.90542,5.31841],[-74.90542,5.31841],[-74.90542,5.31841],[-74.90542,5.31841],[-74.90543,5.31841],[-74.90543,5.31841],[-74.90543,5.31841],[-74.90543,5.31841],[-74.90543,5.31841],[-74.90543,5.31841],[-74.90543,5.31841],[-74.90543,5.31841],[-74.90543,5.31841],[-74.90543,5.31841],[-74.90543,5.31841],[-74.90543,5.31841],[-74.90543,5.31841],[-74.90543,5.31841],[-74.90543,5.31841],[-74.90543,5.31841],[-74.90544,5.31841],[-74.90544,5.31841],[-74.90544,5.31841],[-74.90544,5.31841],[-74.90544,5.31841],[-74.90544,5.31841],[-74.90544,5.31841],[-74.90545,5.31841],[-74.90545,5.31841],[-74.90545,5.31841],[-74.90545,5.31841],[-74.90546,5.31841],[-74.90546,5.31841],[-74.90547,5.31841],[-74.90547,5.31841],[-74.90548,5.31841],[-74.90548,5.31841],[-74.90548,5.31841],[-74.90549,5.31841],[-74.90549,5.31841],[-74.90549,5.31841],[-74.90549,5.31841],[-74.90549,5.31841],[-74.90549,5.31841],[-74.9055,5.31841],[-74.9055,5.31841],[-74.9055,5.31841],[-74.9055,5.31841],[-74.9055,5.31841],[-74.9055,5.31841],[-74.9055,5.31841],[-74.9055,5.31841],[-74.9055,5.31841],[-74.9055,5.31841],[-74.9055,5.31841],[-74.9055,5.31841],[-74.9055,5.31841],[-74.9055,5.31841],[-74.9055,5.31841],[-74.9055,5.31841],[-74.9055,5.31841],[-74.9055,5.31841],[-74.90551,5.31841],[-74.90551,5.31841],[-74.90551,5.31841],[-74.90551,5.31841],[-74.90551,5.31841],[-74.90551,5.31841],[-74.90551,5.31841],[-74.90552,5.31841],[-74.90552,5.31841],[-74.90552,5.31841],[-74.90553,5.31841],[-74.90553,5.31841],[-74.90553,5.31841],[-74.90553,5.31841],[-74.90553,5.31841],[-74.90553,5.31841],[-74.90553,5.31841],[-74.90553,5.31841],[-74.90553,5.31841],[-74.90553,5.31841],[-74.90553,5.31841],[-74.90553,5.31841],[-74.90553,5.31841],[-74.90553,5.31841],[-74.90553,5.31841],[-74.90553,5.31841],[-74.90554,5.31841],[-74.90554,5.31841],[-74.90554,5.31841],[-74.90554,5.31841],[-74.90554,5.31841],[-74.90554,5.31841],[-74.90555,5.31841],[-74.90555,5.31841],[-74.90555,5.31841],[-74.90555,5.31841],[-74.90555,5.31841],[-74.90555,5.31841],[-74.90555,5.31841],[-74.90555,5.31841],[-74.90555,5.31842],[-74.90555,5.31842],[-74.90556,5.31842],[-74.90556,5.31842],[-74.90556,5.31842],[-74.90556,5.31842],[-74.90556,5.31842],[-74.90557,5.31842],[-74.90557,5.31842],[-74.90557,5.31842],[-74.90557,5.31842],[-74.90558,5.31842],[-74.90558,5.31842],[-74.90558,5.31842],[-74.90558,5.31842],[-74.90558,5.31842],[-74.90558,5.31842],[-74.90558,5.31842],[-74.90558,5.31842],[-74.90559,5.31842],[-74.90559,5.31842],[-74.90559,5.31842],[-74.90559,5.31842],[-74.90559,5.31842],[-74.90559,5.31841],[-74.90559,5.31841],[-74.90559,5.31841],[-74.90559,5.31841],[-74.90559,5.31841],[-74.90559,5.31841],[-74.90559,5.31841],[-74.90559,5.31841],[-74.90559,5.31841],[-74.90559,5.31841],[-74.90559,5.31841],[-74.90559,5.31841],[-74.90559,5.31841],[-74.90559,5.31841],[-74.90559,5.31841],[-74.9056,5.31841],[-74.9056,5.31841],[-74.9056,5.31841],[-74.9056,5.31841],[-74.9056,5.31841],[-74.9056,5.31841],[-74.9056,5.31841],[-74.9056,5.31841],[-74.9056,5.31841],[-74.9056,5.31841],[-74.9056,5.31841],[-74.9056,5.31841],[-74.9056,5.31841],[-74.9056,5.31841],[-74.9056,5.31841],[-74.9056,5.31841],[-74.9056,5.31841],[-74.9056,5.31841],[-74.9056,5.31841],[-74.9056,5.31841],[-74.9056,5.31841],[-74.9056,5.31841],[-74.9056,5.31841],[-74.9056,5.31841],[-74.9056,5.31841],[-74.9056,5.31841],[-74.9056,5.31841],[-74.9056,5.31841],[-74.9056,5.31841],[-74.9056,5.31841],[-74.90561,5.31841],[-74.90561,5.31841],[-74.90561,5.31841],[-74.90561,5.31841],[-74.90561,5.31841],[-74.90561,5.31841],[-74.90561,5.31841],[-74.90561,5.31841],[-74.90562,5.31841],[-74.90562,5.31841],[-74.90562,5.31841],[-74.90562,5.31841],[-74.90562,5.31841],[-74.90562,5.31841],[-74.90562,5.31841],[-74.90562,5.31841],[-74.90562,5.3184],[-74.90562,5.3184],[-74.90562,5.3184],[-74.90562,5.3184],[-74.90562,5.3184],[-74.90563,5.3184],[-74.90563,5.3184],[-74.90563,5.3184],[-74.90563,5.3184],[-74.90563,5.3184],[-74.90563,5.3184],[-74.90563,5.3184],[-74.90563,5.3184],[-74.90563,5.3184],[-74.90563,5.3184],[-74.90563,5.3184],[-74.90563,5.3184],[-74.90563,5.3184],[-74.90563,5.3184],[-74.90563,5.3184],[-74.90563,5.3184],[-74.90563,5.3184],[-74.90563,5.3184],[-74.90563,5.3184],[-74.90563,5.3184],[-74.90563,5.3184],[-74.90563,5.3184],[-74.90563,5.3184],[-74.90563,5.3184],[-74.90563,5.3184],[-74.90563,5.3184],[-74.90563,5.3184],[-74.90563,5.3184],[-74.90563,5.3184],[-74.90563,5.3184],[-74.90563,5.3184],[-74.90563,5.3184],[-74.90564,5.3184],[-74.90564,5.3184],[-74.90564,5.3184],[-74.90564,5.3184],[-74.90564,5.3184],[-74.90564,5.3184],[-74.90564,5.3184],[-74.90564,5.3184],[-74.90564,5.3184],[-74.90564,5.3184],[-74.90564,5.3184],[-74.90564,5.3184],[-74.90564,5.3184],[-74.90564,5.3184],[-74.90564,5.3184],[-74.90565,5.3184],[-74.90565,5.3184],[-74.90565,5.3184],[-74.90565,5.3184],[-74.90565,5.3184],[-74.90565,5.3184],[-74.90565,5.3184],[-74.90565,5.3184],[-74.90565,5.3184],[-74.90565,5.3184],[-74.90565,5.3184],[-74.90565,5.3184],[-74.90565,5.3184],[-74.90565,5.3184],[-74.90565,5.3184],[-74.90565,5.3184],[-74.90565,5.3184],[-74.90565,5.3184],[-74.90565,5.3184],[-74.90565,5.3184],[-74.90565,5.3184],[-74.90566,5.3184],[-74.90566,5.3184],[-74.90566,5.3184],[-74.90566,5.3184],[-74.90566,5.3184],[-74.90566,5.3184],[-74.90566,5.3184],[-74.90566,5.3184],[-74.90566,5.3184],[-74.90566,5.3184],[-74.90566,5.3184],[-74.90566,5.3184],[-74.90566,5.3184],[-74.90566,5.3184],[-74.90567,5.3184],[-74.90567,5.3184],[-74.90567,5.3184],[-74.90567,5.3184],[-74.90567,5.3184],[-74.90567,5.3184],[-74.90567,5.3184],[-74.90567,5.3184],[-74.90567,5.3184],[-74.90567,5.3184],[-74.90568,5.3184],[-74.90568,5.3184],[-74.90568,5.3184],[-74.90568,5.3184],[-74.90568,5.3184],[-74.90568,5.3184],[-74.90568,5.3184],[-74.90568,5.3184],[-74.90568,5.3184],[-74.90568,5.3184],[-74.90568,5.3184],[-74.90568,5.3184],[-74.90568,5.3184],[-74.90568,5.3184],[-74.90568,5.3184],[-74.90568,5.3184],[-74.90568,5.3184],[-74.90568,5.3184],[-74.90568,5.3184],[-74.90568,5.3184],[-74.90568,5.3184],[-74.90569,5.31839],[-74.90569,5.31839],[-74.90569,5.31839],[-74.90569,5.31839],[-74.90569,5.31839],[-74.90569,5.31839],[-74.90569,5.31839],[-74.90569,5.31839],[-74.90569,5.31839],[-74.90569,5.31839],[-74.90569,5.31839],[-74.90569,5.31839],[-74.90569,5.31839],[-74.90569,5.31839],[-74.90569,5.31839],[-74.90569,5.31839],[-74.90569,5.31839],[-74.90569,5.31839],[-74.90569,5.31839],[-74.90569,5.31839],[-74.9057,5.31839],[-74.9057,5.31839],[-74.9057,5.31839],[-74.9057,5.31839],[-74.9057,5.31839],[-74.9057,5.31839],[-74.9057,5.31839],[-74.9057,5.31839],[-74.9057,5.31839],[-74.9057,5.31839],[-74.9057,5.31839],[-74.9057,5.31839],[-74.9057,5.31839],[-74.9057,5.31839],[-74.9057,5.3184],[-74.9057,5.3184],[-74.9057,5.3184],[-74.9057,5.3184],[-74.9057,5.3184],[-74.9057,5.3184],[-74.9057,5.3184],[-74.9057,5.3184],[-74.9057,5.3184],[-74.9057,5.3184],[-74.9057,5.3184],[-74.9057,5.3184],[-74.9057,5.3184],[-74.9057,5.3184],[-74.90571,5.3184],[-74.90571,5.3184],[-74.90571,5.3184],[-74.90571,5.3184],[-74.90571,5.3184],[-74.90571,5.3184],[-74.90571,5.3184],[-74.90571,5.3184],[-74.90571,5.3184],[-74.90571,5.3184],[-74.90571,5.3184],[-74.90571,5.3184],[-74.90571,5.3184],[-74.90571,5.3184],[-74.90571,5.3184],[-74.90571,5.3184],[-74.90571,5.3184],[-74.90571,5.3184],[-74.90571,5.3184],[-74.90571,5.3184],[-74.90571,5.3184],[-74.90571,5.3184],[-74.90572,5.3184],[-74.90572,5.3184],[-74.90572,5.3184],[-74.90572,5.3184],[-74.90572,5.3184],[-74.90572,5.3184],[-74.90572,5.3184],[-74.90572,5.3184],[-74.90572,5.3184],[-74.90572,5.3184],[-74.90572,5.3184],[-74.90572,5.3184],[-74.90572,5.3184],[-74.90572,5.31839],[-74.90572,5.31839],[-74.90572,5.31839],[-74.90572,5.31839],[-74.90572,5.31839],[-74.90572,5.31839],[-74.90572,5.31839],[-74.90572,5.31839],[-74.90572,5.31839],[-74.90572,5.31839],[-74.90572,5.31839],[-74.90572,5.31839],[-74.90572,5.31839],[-74.90572,5.31839],[-74.90572,5.31839],[-74.90571,5.31839],[-74.90571,5.31839],[-74.90571,5.31839],[-74.90571,5.31839],[-74.90571,5.31839],[-74.90571,5.31839],[-74.90571,5.31839],[-74.90571,5.31839],[-74.90571,5.31839],[-74.90571,5.31839],[-74.90571,5.31839],[-74.90572,5.31839],[-74.90572,5.31839],[-74.90572,5.31839],[-74.90572,5.31839],[-74.90572,5.31839],[-74.90572,5.31839],[-74.90572,5.31839],[-74.90572,5.31839],[-74.90572,5.31839],[-74.90572,5.31839],[-74.90572,5.31839],[-74.90572,5.31839],[-74.90572,5.31839],[-74.90572,5.31838],[-74.90572,5.31838],[-74.90572,5.31838],[-74.90572,5.31838],[-74.90572,5.31838],[-74.90572,5.31838],[-74.90572,5.31838],[-74.90572,5.31838],[-74.90572,5.31838],[-74.90572,5.31838],[-74.90572,5.31838],[-74.90573,5.31838],[-74.90573,5.31838],[-74.90573,5.31838],[-74.90573,5.31838],[-74.90573,5.31838],[-74.90573,5.31838],[-74.90573,5.31838],[-74.90573,5.31838],[-74.90574,5.31838],[-74.90574,5.31838],[-74.90574,5.31838],[-74.90574,5.31838],[-74.90574,5.31838],[-74.90574,5.31838],[-74.90574,5.31838],[-74.90574,5.31838],[-74.90574,5.31838],[-74.90575,5.31838],[-74.90575,5.31838],[-74.90575,5.31838],[-74.90575,5.31838],[-74.90575,5.31838],[-74.90575,5.31838],[-74.90575,5.31838],[-74.90575,5.31838],[-74.90575,5.31838],[-74.90575,5.31838],[-74.90575,5.31838],[-74.90575,5.31838],[-74.90575,5.31838],[-74.90575,5.31838],[-74.90575,5.31838],[-74.90575,5.31838],[-74.90575,5.31838],[-74.90575,5.31838],[-74.90575,5.31838],[-74.90575,5.31838],[-74.90575,5.31838],[-74.90575,5.31838],[-74.90575,5.31838],[-74.90575,5.31838],[-74.90575,5.31838],[-74.90575,5.31838],[-74.90575,5.31838],[-74.90575,5.31838],[-74.90575,5.31838],[-74.90576,5.31838],[-74.90576,5.31838],[-74.90576,5.31838],[-74.90576,5.31838],[-74.90576,5.31838],[-74.90576,5.31838],[-74.90576,5.31838],[-74.90576,5.31838],[-74.90576,5.31838],[-74.90576,5.31838],[-74.90576,5.31838],[-74.90576,5.31838],[-74.90576,5.31838],[-74.90576,5.31838],[-74.90576,5.31838],[-74.90576,5.31838],[-74.90576,5.31838],[-74.90576,5.31838],[-74.90576,5.31838],[-74.90576,5.31838],[-74.90576,5.31838],[-74.90576,5.31838],[-74.90576,5.31838],[-74.90576,5.31838],[-74.90576,5.31838],[-74.90576,5.31838],[-74.90577,5.31838],[-74.90577,5.31838],[-74.90577,5.31839],[-74.90577,5.31839],[-74.90577,5.31839],[-74.90577,5.31839],[-74.90577,5.31839],[-74.90577,5.31839],[-74.90577,5.31839],[-74.90577,5.31839],[-74.90577,5.31839],[-74.90577,5.31839],[-74.90577,5.31839],[-74.90577,5.31839],[-74.90577,5.31839],[-74.90577,5.31839],[-74.90578,5.31839],[-74.90578,5.31839],[-74.90578,5.31839],[-74.90578,5.31839],[-74.90578,5.31839],[-74.90578,5.31839],[-74.90579,5.31839],[-74.90579,5.31839],[-74.90579,5.31839],[-74.9058,5.31839],[-74.9058,5.31839],[-74.9058,5.31839],[-74.9058,5.31839],[-74.9058,5.31839],[-74.9058,5.31839],[-74.9058,5.31839],[-74.9058,5.31839],[-74.9058,5.31839],[-74.9058,5.31839],[-74.9058,5.31839],[-74.9058,5.31839],[-74.9058,5.31839],[-74.9058,5.31839],[-74.9058,5.31839],[-74.9058,5.31839],[-74.9058,5.31839],[-74.9058,5.31839],[-74.9058,5.31839],[-74.9058,5.31839],[-74.9058,5.31839],[-74.90581,5.31839],[-74.90581,5.31839],[-74.90581,5.31839],[-74.90581,5.31839],[-74.90581,5.31839],[-74.90581,5.3184],[-74.90581,5.3184],[-74.90581,5.3184],[-74.90581,5.3184],[-74.90581,5.3184],[-74.90581,5.3184],[-74.90581,5.3184],[-74.90581,5.3184],[-74.90582,5.3184],[-74.90582,5.3184],[-74.90582,5.3184],[-74.90582,5.3184],[-74.90582,5.3184],[-74.90582,5.3184],[-74.90582,5.3184],[-74.90582,5.3184],[-74.90582,5.3184],[-74.90582,5.3184],[-74.90582,5.3184],[-74.90582,5.3184],[-74.90582,5.3184],[-74.90582,5.3184],[-74.90582,5.3184],[-74.90582,5.3184],[-74.90582,5.3184],[-74.90582,5.3184],[-74.90583,5.3184],[-74.90583,5.3184],[-74.90583,5.3184],[-74.90583,5.3184],[-74.90583,5.3184],[-74.90583,5.3184],[-74.90583,5.3184],[-74.90583,5.3184],[-74.90583,5.31841],[-74.90583,5.31841],[-74.90583,5.31841],[-74.90583,5.31841],[-74.90583,5.31841],[-74.90583,5.31841],[-74.90583,5.31841],[-74.90583,5.31841],[-74.90583,5.31841],[-74.90583,5.31841],[-74.90583,5.31841],[-74.90583,5.31841],[-74.90583,5.31841],[-74.90583,5.31841],[-74.90583,5.31842],[-74.90583,5.31842],[-74.90583,5.31842],[-74.90583,5.31842],[-74.90583,5.31842],[-74.90583,5.31842],[-74.90583,5.31842],[-74.90583,5.31842],[-74.90584,5.31842],[-74.90584,5.31842],[-74.90584,5.31842],[-74.90584,5.31842],[-74.90584,5.31842],[-74.90584,5.31842],[-74.90584,5.31842],[-74.90584,5.31842],[-74.90584,5.31842],[-74.90584,5.31843],[-74.90584,5.31843],[-74.90584,5.31843],[-74.90584,5.31843],[-74.90584,5.31843],[-74.90584,5.31843],[-74.90584,5.31843],[-74.90584,5.31843],[-74.90584,5.31843],[-74.90584,5.31843],[-74.90584,5.31843],[-74.90584,5.31843],[-74.90584,5.31843],[-74.90584,5.31843],[-74.90584,5.31843],[-74.90584,5.31843],[-74.90585,5.31843],[-74.90585,5.31843],[-74.90585,5.31843],[-74.90585,5.31843],[-74.90585,5.31843],[-74.90585,5.31843],[-74.90585,5.31843],[-74.90585,5.31844],[-74.90585,5.31844],[-74.90585,5.31844],[-74.90585,5.31844],[-74.90585,5.31844],[-74.90585,5.31844],[-74.90585,5.31844],[-74.90585,5.31844],[-74.90585,5.31844],[-74.90585,5.31844],[-74.90586,5.31844],[-74.90586,5.31844],[-74.90586,5.31844],[-74.90586,5.31844],[-74.90586,5.31844],[-74.90586,5.31844],[-74.90586,5.31844],[-74.90586,5.31844],[-74.90586,5.31844],[-74.90586,5.31844],[-74.90586,5.31844],[-74.90586,5.31844],[-74.90587,5.31844],[-74.90587,5.31844],[-74.90587,5.31844],[-74.90587,5.31844],[-74.90587,5.31844],[-74.90587,5.31844],[-74.90587,5.31844],[-74.90587,5.31844],[-74.90587,5.31844],[-74.90587,5.31845],[-74.90587,5.31845],[-74.90587,5.31845],[-74.90587,5.31845],[-74.90587,5.31845],[-74.90587,5.31845],[-74.90587,5.31845],[-74.90587,5.31845],[-74.90587,5.31845],[-74.90588,5.31845],[-74.90588,5.31845],[-74.90588,5.31845],[-74.90588,5.31845],[-74.90588,5.31845],[-74.90588,5.31845],[-74.90588,5.31845],[-74.90588,5.31845],[-74.90588,5.31845],[-74.90588,5.31845],[-74.90588,5.31845],[-74.90588,5.31845],[-74.90588,5.31845],[-74.90588,5.31845],[-74.90588,5.31845],[-74.90588,5.31845],[-74.90588,5.31845],[-74.90588,5.31845],[-74.90589,5.31845],[-74.90589,5.31846],[-74.90589,5.31846],[-74.90589,5.31846],[-74.90589,5.31846],[-74.90589,5.31846],[-74.90589,5.31846],[-74.90589,5.31846],[-74.90589,5.31846],[-74.90589,5.31846],[-74.90589,5.31846],[-74.90589,5.31846],[-74.90589,5.31846],[-74.90589,5.31846],[-74.90589,5.31846],[-74.9059,5.31846],[-74.9059,5.31846],[-74.9059,5.31846],[-74.9059,5.31846],[-74.9059,5.31846],[-74.9059,5.31846],[-74.9059,5.31846],[-74.9059,5.31846],[-74.9059,5.31846],[-74.9059,5.31846],[-74.9059,5.31846],[-74.9059,5.31845],[-74.9059,5.31845],[-74.9059,5.31845],[-74.9059,5.31845],[-74.9059,5.31845],[-74.9059,5.31845],[-74.9059,5.31845],[-74.9059,5.31845],[-74.9059,5.31846],[-74.9059,5.31846],[-74.9059,5.31846],[-74.9059,5.31846],[-74.9059,5.31846],[-74.9059,5.31846],[-74.9059,5.31846],[-74.9059,5.31846],[-74.90591,5.31846],[-74.90591,5.31846],[-74.90591,5.31846],[-74.90591,5.31846],[-74.90591,5.31846],[-74.90591,5.31846],[-74.90591,5.31846],[-74.90591,5.31846],[-74.90591,5.31846],[-74.90591,5.31846],[-74.90591,5.31846],[-74.90591,5.31846],[-74.90591,5.31846],[-74.90591,5.31846],[-74.90591,5.31847],[-74.90591,5.31847],[-74.90591,5.31847],[-74.90591,5.31847],[-74.90592,5.31847],[-74.90592,5.31847],[-74.90592,5.31847],[-74.90592,5.31847],[-74.90592,5.31847],[-74.90592,5.31847],[-74.90592,5.31847],[-74.90592,5.31847],[-74.90592,5.31847],[-74.90592,5.31847],[-74.90592,5.31847],[-74.90592,5.31848],[-74.90592,5.31848],[-74.90592,5.31848],[-74.90592,5.31848],[-74.90592,5.31848],[-74.90592,5.31848],[-74.90592,5.31848],[-74.90592,5.31848],[-74.90592,5.31848],[-74.90592,5.31848],[-74.90592,5.31848],[-74.90592,5.31848],[-74.90592,5.31848],[-74.90593,5.31848],[-74.90593,5.31848],[-74.90593,5.31848],[-74.90593,5.31848],[-74.90593,5.31848],[-74.90593,5.31848],[-74.90593,5.31848],[-74.90593,5.31848],[-74.90593,5.31848],[-74.90593,5.31848],[-74.90593,5.31848],[-74.90593,5.31848],[-74.90594,5.31848],[-74.90594,5.31848],[-74.90594,5.31849],[-74.90594,5.31849],[-74.90594,5.31849],[-74.90594,5.31849],[-74.90594,5.31849],[-74.90594,5.31849],[-74.90594,5.31849],[-74.90594,5.31849],[-74.90594,5.31849],[-74.90594,5.31849],[-74.90594,5.31849],[-74.90594,5.31849],[-74.90594,5.31849],[-74.90594,5.31849],[-74.90594,5.31849],[-74.90594,5.31849],[-74.90594,5.31849],[-74.90594,5.31849],[-74.90594,5.31849],[-74.90594,5.31849],[-74.90594,5.31849],[-74.90594,5.31849],[-74.90594,5.3185],[-74.90594,5.3185],[-74.90595,5.3185],[-74.90595,5.3185],[-74.90595,5.3185],[-74.90595,5.3185],[-74.90595,5.3185],[-74.90595,5.3185],[-74.90595,5.3185],[-74.90595,5.3185],[-74.90595,5.3185],[-74.90595,5.3185],[-74.90595,5.3185],[-74.90595,5.3185],[-74.90595,5.3185],[-74.90595,5.3185],[-74.90595,5.3185],[-74.90595,5.3185],[-74.90595,5.3185],[-74.90595,5.3185],[-74.90595,5.3185],[-74.90595,5.3185],[-74.90596,5.3185],[-74.90596,5.3185],[-74.90596,5.3185],[-74.90596,5.3185],[-74.90596,5.3185],[-74.90597,5.3185],[-74.90597,5.3185],[-74.90597,5.3185],[-74.90597,5.3185],[-74.90597,5.3185],[-74.90597,5.3185],[-74.90597,5.3185],[-74.90597,5.3185],[-74.90597,5.3185],[-74.90597,5.3185],[-74.90597,5.3185],[-74.90597,5.3185],[-74.90597,5.31851],[-74.90597,5.31851],[-74.90597,5.31851],[-74.90597,5.31851],[-74.90597,5.31851],[-74.90597,5.31851],[-74.90597,5.31851],[-74.90597,5.31851],[-74.90598,5.31851],[-74.90598,5.31851],[-74.90598,5.31851],[-74.90598,5.31851],[-74.90598,5.31851],[-74.90598,5.31851],[-74.90598,5.31851],[-74.90598,5.31851],[-74.90598,5.31851],[-74.90598,5.31851],[-74.90598,5.31851],[-74.90598,5.31851],[-74.90598,5.31851],[-74.90598,5.31851],[-74.90598,5.31851],[-74.90598,5.31851],[-74.90598,5.31851],[-74.90598,5.31851],[-74.90598,5.31851],[-74.90598,5.31851],[-74.90598,5.31851],[-74.90598,5.31851],[-74.90598,5.31851],[-74.90598,5.31851],[-74.90598,5.31851],[-74.90598,5.31851],[-74.90598,5.31851],[-74.90599,5.31851],[-74.90599,5.31851],[-74.90599,5.31851],[-74.90599,5.31851],[-74.90599,5.31851],[-74.90599,5.31851],[-74.90599,5.31851],[-74.906,5.31851],[-74.906,5.31851],[-74.906,5.31852],[-74.906,5.31852],[-74.906,5.31852],[-74.906,5.31852],[-74.906,5.31852],[-74.906,5.31852],[-74.906,5.31852],[-74.90601,5.31852],[-74.90601,5.31852],[-74.90601,5.31852],[-74.90601,5.31852],[-74.90601,5.31852],[-74.90601,5.31852],[-74.90601,5.31852],[-74.90601,5.31852],[-74.90601,5.31852],[-74.90601,5.31852],[-74.90601,5.31852],[-74.90601,5.31852],[-74.90601,5.31852],[-74.90601,5.31852],[-74.90601,5.31852],[-74.90601,5.31852],[-74.90601,5.31852],[-74.90601,5.31852],[-74.90601,5.31852],[-74.90601,5.31853],[-74.90601,5.31853],[-74.90601,5.31853],[-74.90602,5.31853],[-74.90602,5.31853],[-74.90602,5.31853],[-74.90602,5.31853],[-74.90602,5.31853],[-74.90602,5.31853],[-74.90602,5.31853],[-74.90602,5.31853],[-74.90602,5.31853],[-74.90602,5.31853],[-74.90602,5.31853],[-74.90602,5.31853],[-74.90602,5.31853],[-74.90602,5.31853],[-74.90602,5.31853],[-74.90602,5.31853],[-74.90602,5.31853],[-74.90602,5.31853],[-74.90602,5.31853],[-74.90603,5.31853],[-74.90603,5.31853],[-74.90603,5.31853],[-74.90603,5.31853],[-74.90603,5.31853],[-74.90603,5.31853],[-74.90603,5.31853],[-74.90603,5.31853],[-74.90603,5.31853],[-74.90603,5.31853],[-74.90603,5.31853],[-74.90603,5.31853],[-74.90604,5.31853],[-74.90604,5.31853],[-74.90604,5.31853],[-74.90604,5.31853],[-74.90604,5.31853],[-74.90604,5.31853],[-74.90604,5.31853],[-74.90604,5.31853],[-74.90604,5.31853],[-74.90604,5.31853],[-74.90604,5.31854],[-74.90604,5.31854],[-74.90604,5.31854],[-74.90604,5.31854],[-74.90604,5.31854],[-74.90604,5.31854],[-74.90604,5.31854],[-74.90604,5.31854],[-74.90604,5.31854],[-74.90604,5.31854],[-74.90604,5.31854],[-74.90604,5.31854],[-74.90604,5.31854],[-74.90604,5.31854],[-74.90604,5.31854],[-74.90605,5.31854],[-74.90605,5.31854],[-74.90605,5.31854],[-74.90605,5.31854],[-74.90605,5.31854],[-74.90605,5.31854],[-74.90605,5.31854],[-74.90605,5.31854],[-74.90605,5.31854],[-74.90605,5.31854],[-74.90605,5.31854],[-74.90605,5.31854],[-74.90605,5.31854],[-74.90605,5.31854],[-74.90605,5.31854],[-74.90605,5.31854],[-74.90605,5.31854],[-74.90605,5.31854],[-74.90605,5.31854],[-74.90605,5.31854],[-74.90606,5.31854],[-74.90606,5.31854],[-74.90606,5.31854],[-74.90606,5.31854],[-74.90606,5.31854],[-74.90606,5.31854],[-74.90606,5.31854],[-74.90606,5.31854],[-74.90606,5.31853],[-74.90606,5.31853],[-74.90606,5.31853],[-74.90606,5.31853],[-74.90606,5.31853],[-74.90606,5.31853],[-74.90606,5.31853],[-74.90606,5.31853],[-74.90606,5.31853],[-74.90607,5.31853],[-74.90607,5.31853],[-74.90607,5.31853],[-74.90607,5.31853],[-74.90607,5.31853],[-74.90607,5.31853],[-74.90607,5.31853],[-74.90608,5.31853],[-74.90608,5.31853],[-74.90608,5.31853],[-74.90608,5.31853],[-74.90608,5.31853],[-74.90608,5.31853],[-74.90608,5.31853],[-74.90608,5.31854],[-74.90608,5.31854],[-74.90608,5.31854],[-74.90608,5.31854],[-74.90608,5.31854],[-74.90608,5.31854],[-74.90608,5.31854],[-74.90609,5.31854],[-74.90609,5.31854],[-74.90609,5.31854],[-74.90609,5.31854],[-74.90609,5.31854],[-74.90609,5.31854],[-74.90609,5.31854],[-74.90609,5.31854],[-74.90609,5.31854],[-74.90609,5.31854],[-74.90609,5.31854],[-74.90609,5.31854],[-74.90609,5.31854],[-74.9061,5.31854],[-74.9061,5.31854],[-74.9061,5.31854],[-74.9061,5.31854],[-74.9061,5.31854],[-74.9061,5.31854],[-74.9061,5.31854],[-74.9061,5.31854],[-74.9061,5.31854],[-74.9061,5.31854],[-74.9061,5.31854],[-74.9061,5.31854],[-74.90611,5.31854],[-74.90611,5.31854],[-74.90611,5.31854],[-74.90611,5.31854],[-74.90611,5.31854],[-74.90611,5.31854],[-74.90611,5.31854],[-74.90611,5.31854],[-74.90611,5.31854],[-74.90611,5.31854],[-74.90611,5.31854],[-74.90611,5.31854],[-74.90611,5.31854],[-74.90611,5.31854],[-74.90611,5.31854],[-74.90611,5.31854],[-74.90611,5.31854],[-74.90611,5.31854],[-74.90611,5.31854],[-74.90611,5.31854],[-74.90612,5.31854],[-74.90612,5.31854],[-74.90612,5.31854],[-74.90612,5.31854],[-74.90612,5.31854],[-74.90612,5.31854],[-74.90612,5.31854],[-74.90612,5.31854],[-74.90612,5.31854],[-74.90612,5.31854],[-74.90612,5.31854],[-74.90612,5.31854],[-74.90612,5.31854],[-74.90612,5.31854],[-74.90612,5.31854],[-74.90613,5.31854],[-74.90613,5.31854],[-74.90613,5.31854],[-74.90613,5.31854],[-74.90613,5.31854],[-74.90613,5.31854],[-74.90613,5.31854],[-74.90613,5.31854],[-74.90613,5.31854],[-74.90613,5.31853],[-74.90613,5.31853],[-74.90613,5.31853],[-74.90613,5.31853],[-74.90613,5.31853],[-74.90613,5.31853],[-74.90613,5.31853],[-74.90613,5.31853],[-74.90613,5.31853],[-74.90613,5.31853],[-74.90613,5.31853],[-74.90613,5.31853],[-74.90613,5.31853],[-74.90613,5.31853],[-74.90613,5.31853],[-74.90613,5.31853],[-74.90613,5.31853],[-74.90613,5.31853],[-74.90613,5.31853],[-74.90613,5.31853],[-74.90613,5.31852],[-74.90613,5.31852],[-74.90613,5.31852],[-74.90613,5.31852],[-74.90613,5.31852],[-74.90613,5.31852],[-74.90613,5.31852],[-74.90613,5.31852],[-74.90613,5.31852],[-74.90613,5.31851],[-74.90613,5.31851],[-74.90613,5.31851],[-74.90613,5.31851],[-74.90613,5.31851],[-74.90613,5.31851],[-74.90613,5.31851],[-74.90613,5.31851],[-74.90613,5.31851],[-74.90614,5.31851],[-74.90614,5.31851],[-74.90614,5.31851],[-74.90614,5.31851],[-74.90614,5.31851],[-74.90614,5.3185],[-74.90614,5.3185],[-74.90614,5.3185],[-74.90614,5.3185],[-74.90614,5.3185],[-74.90614,5.3185],[-74.90614,5.3185],[-74.90614,5.3185],[-74.90614,5.3185],[-74.90614,5.3185],[-74.90614,5.3185],[-74.90614,5.3185],[-74.90614,5.3185],[-74.90614,5.3185],[-74.90614,5.3185],[-74.90614,5.3185],[-74.90614,5.3185],[-74.90614,5.3185],[-74.90615,5.3185],[-74.90615,5.3185],[-74.90615,5.3185],[-74.90615,5.3185],[-74.90615,5.3185],[-74.90615,5.3185],[-74.90615,5.3185],[-74.90615,5.3185],[-74.90615,5.3185],[-74.90615,5.3185],[-74.90615,5.3185],[-74.90615,5.3185],[-74.90615,5.3185],[-74.90615,5.3185],[-74.90615,5.3185],[-74.90615,5.3185],[-74.90615,5.3185],[-74.90615,5.3185],[-74.90615,5.3185],[-74.90615,5.3185],[-74.90615,5.31849],[-74.90615,5.31849],[-74.90615,5.31849],[-74.90615,5.31849],[-74.90615,5.31849],[-74.90615,5.31849],[-74.90615,5.31849],[-74.90616,5.31849],[-74.90616,5.31849],[-74.90616,5.31849],[-74.90616,5.31849],[-74.90616,5.31849],[-74.90616,5.31849],[-74.90616,5.31849],[-74.90616,5.31849],[-74.90616,5.31849],[-74.90616,5.31849],[-74.90616,5.31849],[-74.90616,5.31849],[-74.90616,5.31849],[-74.90616,5.31849],[-74.90616,5.31849],[-74.90616,5.31849],[-74.90616,5.31849],[-74.90617,5.31849],[-74.90617,5.31849],[-74.90617,5.31849],[-74.90617,5.31848],[-74.90617,5.31848],[-74.90617,5.31848],[-74.90617,5.31848],[-74.90617,5.31848],[-74.90617,5.31848],[-74.90617,5.31848],[-74.90617,5.31848],[-74.90617,5.31848],[-74.90617,5.31848],[-74.90617,5.31848],[-74.90617,5.31848],[-74.90617,5.31848],[-74.90617,5.31848],[-74.90617,5.31848],[-74.90617,5.31848],[-74.90617,5.31848],[-74.90617,5.31848],[-74.90617,5.31848],[-74.90617,5.31848],[-74.90617,5.31848],[-74.90618,5.31848],[-74.90618,5.31848],[-74.90618,5.31848],[-74.90618,5.31848],[-74.90618,5.31848],[-74.90618,5.31848],[-74.90618,5.31848],[-74.90618,5.31848],[-74.90618,5.31848],[-74.90618,5.31847],[-74.90618,5.31847],[-74.90618,5.31847],[-74.90618,5.31847],[-74.90618,5.31847],[-74.90618,5.31847],[-74.90618,5.31847],[-74.90618,5.31847],[-74.90618,5.31847],[-74.90618,5.31847],[-74.90618,5.31847],[-74.90618,5.31847],[-74.90618,5.31847],[-74.90618,5.31847],[-74.90618,5.31847],[-74.90619,5.31847],[-74.90619,5.31847],[-74.90619,5.31846],[-74.90619,5.31846],[-74.90619,5.31846],[-74.90619,5.31846],[-74.90619,5.31846],[-74.90619,5.31846],[-74.90619,5.31846],[-74.90619,5.31846],[-74.90619,5.31846],[-74.90619,5.31846],[-74.90619,5.31846],[-74.90619,5.31846],[-74.90619,5.31846],[-74.90619,5.31846],[-74.90619,5.31846],[-74.90619,5.31846],[-74.90619,5.31845],[-74.90619,5.31845],[-74.90619,5.31845],[-74.90619,5.31845],[-74.90619,5.31845],[-74.90619,5.31845],[-74.90619,5.31845],[-74.90619,5.31845],[-74.90619,5.31845],[-74.9062,5.31845],[-74.9062,5.31845],[-74.9062,5.31845],[-74.9062,5.31845],[-74.9062,5.31845],[-74.9062,5.31845],[-74.9062,5.31845],[-74.9062,5.31845],[-74.9062,5.31845],[-74.9062,5.31845],[-74.9062,5.31845],[-74.9062,5.31845],[-74.9062,5.31845],[-74.9062,5.31844],[-74.9062,5.31844],[-74.9062,5.31844],[-74.9062,5.31844],[-74.9062,5.31844],[-74.9062,5.31844],[-74.9062,5.31844],[-74.9062,5.31844],[-74.90621,5.31844],[-74.90621,5.31844],[-74.90621,5.31844],[-74.90621,5.31844],[-74.90621,5.31844],[-74.90621,5.31844],[-74.90621,5.31844],[-74.90621,5.31844],[-74.90621,5.31844],[-74.90621,5.31844],[-74.90621,5.31844],[-74.90621,5.31844],[-74.90621,5.31844],[-74.90621,5.31843],[-74.90621,5.31843],[-74.90621,5.31843],[-74.90621,5.31843],[-74.90621,5.31843],[-74.90621,5.31843],[-74.90621,5.31843],[-74.90621,5.31843],[-74.90621,5.31843],[-74.90621,5.31843],[-74.90621,5.31843],[-74.90621,5.31843],[-74.90621,5.31843],[-74.90621,5.31843],[-74.90621,5.31843],[-74.90621,5.31843],[-74.90621,5.31843],[-74.90622,5.31843],[-74.90622,5.31843],[-74.90622,5.31842],[-74.90622,5.31842],[-74.90622,5.31842],[-74.90622,5.31842],[-74.90622,5.31842],[-74.90622,5.31842],[-74.90622,5.31842],[-74.90622,5.31842],[-74.90622,5.31842],[-74.90622,5.31842],[-74.90622,5.31842],[-74.90622,5.31842],[-74.90622,5.31842],[-74.90622,5.31842],[-74.90622,5.31842],[-74.90622,5.31842],[-74.90622,5.31842],[-74.90622,5.31842],[-74.90622,5.31842],[-74.90622,5.31842],[-74.90622,5.31841],[-74.90622,5.31841],[-74.90622,5.31841],[-74.90622,5.31841],[-74.90622,5.31841],[-74.90622,5.31841],[-74.90622,5.31841],[-74.90622,5.31841],[-74.90622,5.31841],[-74.90622,5.31841],[-74.90622,5.31841],[-74.90622,5.31841],[-74.90622,5.3184],[-74.90622,5.3184],[-74.90623,5.3184],[-74.90623,5.3184],[-74.90623,5.3184],[-74.90623,5.3184],[-74.90623,5.3184],[-74.90623,5.3184],[-74.90623,5.3184],[-74.90623,5.3184],[-74.90623,5.3184],[-74.90623,5.3184],[-74.90623,5.31839],[-74.90623,5.31839],[-74.90623,5.31839],[-74.90623,5.31839],[-74.90623,5.31839],[-74.90623,5.31839],[-74.90623,5.31839],[-74.90623,5.31839],[-74.90623,5.31839],[-74.90623,5.31839],[-74.90623,5.31839],[-74.90623,5.31839],[-74.90623,5.31839],[-74.90623,5.31839],[-74.90623,5.31838],[-74.90623,5.31838],[-74.90623,5.31838],[-74.90624,5.31838],[-74.90624,5.31838],[-74.90624,5.31838],[-74.90624,5.31838],[-74.90624,5.31838],[-74.90624,5.31838],[-74.90624,5.31838],[-74.90624,5.31838],[-74.90624,5.31838],[-74.90624,5.31837],[-74.90624,5.31837],[-74.90624,5.31837],[-74.90624,5.31837],[-74.90624,5.31837],[-74.90624,5.31837],[-74.90624,5.31837],[-74.90624,5.31837],[-74.90624,5.31837],[-74.90624,5.31837],[-74.90624,5.31837],[-74.90624,5.31837],[-74.90624,5.31837],[-74.90624,5.31837],[-74.90624,5.31837],[-74.90624,5.31837],[-74.90624,5.31837],[-74.90624,5.31837],[-74.90624,5.31837],[-74.90624,5.31837],[-74.90624,5.31837],[-74.90624,5.31837],[-74.90625,5.31837],[-74.90625,5.31836],[-74.90625,5.31836],[-74.90625,5.31836],[-74.90625,5.31836],[-74.90625,5.31836],[-74.90625,5.31836],[-74.90625,5.31836],[-74.90625,5.31836],[-74.90625,5.31836],[-74.90625,5.31836],[-74.90625,5.31836],[-74.90625,5.31836],[-74.90625,5.31836],[-74.90625,5.31836],[-74.90625,5.31836],[-74.90625,5.31836],[-74.90625,5.31836],[-74.90625,5.31836],[-74.90625,5.31835],[-74.90625,5.31835],[-74.90625,5.31835],[-74.90625,5.31835],[-74.90625,5.31835],[-74.90625,5.31835],[-74.90625,5.31835],[-74.90625,5.31835],[-74.90625,5.31835],[-74.90625,5.31835],[-74.90625,5.31835],[-74.90625,5.31835],[-74.90625,5.31835],[-74.90625,5.31835],[-74.90625,5.31835],[-74.90625,5.31835],[-74.90625,5.31835],[-74.90625,5.31835],[-74.90625,5.31835],[-74.90625,5.31835],[-74.90625,5.31835],[-74.90625,5.31835],[-74.90625,5.31834],[-74.90625,5.31834],[-74.90625,5.31834],[-74.90625,5.31834],[-74.90625,5.31834],[-74.90625,5.31834],[-74.90625,5.31834],[-74.90626,5.31834],[-74.90626,5.31834],[-74.90626,5.31834],[-74.90626,5.31834],[-74.90626,5.31834],[-74.90626,5.31834],[-74.90626,5.31834],[-74.90626,5.31834],[-74.90626,5.31834],[-74.90626,5.31834],[-74.90626,5.31834],[-74.90626,5.31834],[-74.90626,5.31834],[-74.90626,5.31834],[-74.90626,5.31834],[-74.90626,5.31833],[-74.90626,5.31833],[-74.90626,5.31833],[-74.90626,5.31833],[-74.90626,5.31833],[-74.90626,5.31833],[-74.90626,5.31833],[-74.90626,5.31833],[-74.90626,5.31833],[-74.90626,5.31833],[-74.90626,5.31832],[-74.90626,5.31832],[-74.90626,5.31832],[-74.90626,5.31832],[-74.90626,5.31832],[-74.90626,5.31832],[-74.90626,5.31832],[-74.90626,5.31832],[-74.90626,5.31832],[-74.90626,5.31832],[-74.90626,5.31832],[-74.90626,5.31832],[-74.90627,5.31832],[-74.90627,5.31832],[-74.90627,5.31832],[-74.90627,5.31832],[-74.90627,5.31831],[-74.90627,5.31831],[-74.90627,5.31831],[-74.90627,5.31831],[-74.90627,5.31831],[-74.90627,5.31831],[-74.90627,5.31831],[-74.90627,5.31831],[-74.90627,5.31831],[-74.90627,5.31831],[-74.90627,5.31831],[-74.90627,5.31831],[-74.90627,5.31831],[-74.90627,5.31831],[-74.90627,5.31831],[-74.90627,5.31831],[-74.90627,5.31831],[-74.90626,5.31831],[-74.90626,5.31831],[-74.90626,5.31831],[-74.90626,5.31831],[-74.90626,5.31831],[-74.90626,5.31831],[-74.90627,5.31831],[-74.90627,5.31831],[-74.90627,5.31831],[-74.90627,5.31831],[-74.90627,5.31831],[-74.90627,5.31831],[-74.90627,5.31831],[-74.90627,5.31831],[-74.90627,5.31831],[-74.90627,5.31831],[-74.90627,5.31831],[-74.90627,5.31831],[-74.90627,5.31831],[-74.90627,5.31831],[-74.90627,5.31831],[-74.90627,5.31831],[-74.90627,5.31831],[-74.90627,5.31831],[-74.90627,5.31831],[-74.90627,5.31831],[-74.90627,5.31831],[-74.90627,5.31831],[-74.90627,5.31831],[-74.90627,5.3183],[-74.90627,5.3183],[-74.90627,5.3183],[-74.90628,5.3183],[-74.90628,5.3183],[-74.90628,5.3183],[-74.90628,5.3183],[-74.90628,5.3183],[-74.90628,5.3183],[-74.90628,5.3183],[-74.90628,5.3183],[-74.90628,5.3183],[-74.90628,5.3183],[-74.90628,5.3183],[-74.90628,5.3183],[-74.90628,5.3183],[-74.90628,5.3183],[-74.90628,5.31829],[-74.90628,5.31829],[-74.90628,5.31829],[-74.90628,5.31829],[-74.90628,5.31829],[-74.90628,5.31829],[-74.90628,5.31829],[-74.90628,5.31829],[-74.90628,5.31829],[-74.90628,5.31829],[-74.90628,5.31829],[-74.90628,5.31829],[-74.90628,5.31829],[-74.90628,5.31829],[-74.90628,5.31829],[-74.90628,5.31829],[-74.90628,5.31829],[-74.90628,5.31829],[-74.90628,5.31829],[-74.90628,5.31829],[-74.90628,5.31829],[-74.90627,5.31829],[-74.90627,5.31829],[-74.90627,5.31829],[-74.90627,5.31829],[-74.90627,5.31829],[-74.90627,5.31829],[-74.90627,5.31829],[-74.90627,5.31829],[-74.90627,5.31829],[-74.90627,5.31829],[-74.90627,5.31828],[-74.90627,5.31828],[-74.90627,5.31828],[-74.90627,5.31828],[-74.90627,5.31828],[-74.90627,5.31828],[-74.90627,5.31828],[-74.90627,5.31828],[-74.90627,5.31828],[-74.90627,5.31828],[-74.90628,5.31828],[-74.90628,5.31828],[-74.90628,5.31828],[-74.90628,5.31828],[-74.90628,5.31828],[-74.90628,5.31828],[-74.90628,5.31828],[-74.90628,5.31828],[-74.90628,5.31828],[-74.90628,5.31828],[-74.90628,5.31828],[-74.90628,5.31828],[-74.90628,5.31828],[-74.90628,5.31828],[-74.90628,5.31828],[-74.90628,5.31828],[-74.90628,5.31828],[-74.90628,5.31828],[-74.90628,5.31828],[-74.90628,5.31828],[-74.90628,5.31828],[-74.90629,5.31828],[-74.90629,5.31828],[-74.90629,5.31828],[-74.90629,5.31828],[-74.90629,5.31828],[-74.90629,5.31828],[-74.90629,5.31828],[-74.90629,5.31828],[-74.90629,5.31828],[-74.90629,5.31828],[-74.90629,5.31827],[-74.90629,5.31827],[-74.90629,5.31827],[-74.90629,5.31827],[-74.90629,5.31827],[-74.90629,5.31827],[-74.90629,5.31827],[-74.90629,5.31826],[-74.90629,5.31826],[-74.90629,5.31826],[-74.90629,5.31826],[-74.90629,5.31826],[-74.90629,5.31826],[-74.90629,5.31826],[-74.90629,5.31825],[-74.90629,5.31825],[-74.90629,5.31825],[-74.90629,5.31825],[-74.90629,5.31825],[-74.90629,5.31825],[-74.90628,5.31825],[-74.90628,5.31825],[-74.90628,5.31825],[-74.90628,5.31825],[-74.90628,5.31825],[-74.90628,5.31825],[-74.90628,5.31825],[-74.90628,5.31825],[-74.90628,5.31825],[-74.90628,5.31825],[-74.90628,5.31825],[-74.90628,5.31825],[-74.90628,5.31825],[-74.90628,5.31825],[-74.90628,5.31825],[-74.90628,5.31824],[-74.90628,5.31824],[-74.90628,5.31824],[-74.90628,5.31824],[-74.90628,5.31824],[-74.90628,5.31824],[-74.90628,5.31824],[-74.90628,5.31824],[-74.90628,5.31824],[-74.90628,5.31824],[-74.90628,5.31824],[-74.90628,5.31824],[-74.90628,5.31824],[-74.90628,5.31824],[-74.90628,5.31824],[-74.90628,5.31824],[-74.90628,5.31823],[-74.90628,5.31823],[-74.90628,5.31823],[-74.90628,5.31823],[-74.90628,5.31823],[-74.90628,5.31823],[-74.90628,5.31823],[-74.90628,5.31823],[-74.90628,5.31823],[-74.90628,5.31823],[-74.90628,5.31823],[-74.90628,5.31823],[-74.90628,5.31823],[-74.90628,5.31823],[-74.90628,5.31823],[-74.90628,5.31823],[-74.90628,5.31823],[-74.90628,5.31823],[-74.90628,5.31823],[-74.90628,5.31823],[-74.90628,5.31823],[-74.90629,5.31823],[-74.90629,5.31823],[-74.90629,5.31823],[-74.90629,5.31823],[-74.90629,5.31823],[-74.90629,5.31823],[-74.90629,5.31823],[-74.90629,5.31823],[-74.90629,5.31823],[-74.90629,5.31823],[-74.90629,5.31823],[-74.90629,5.31823],[-74.90629,5.31823],[-74.90629,5.31823],[-74.90629,5.31823],[-74.9063,5.31823],[-74.9063,5.31823],[-74.9063,5.31822],[-74.9063,5.31822],[-74.9063,5.31822],[-74.9063,5.31822],[-74.9063,5.31822],[-74.9063,5.31822],[-74.9063,5.31822],[-74.9063,5.31822],[-74.9063,5.31822],[-74.9063,5.31822],[-74.9063,5.31822],[-74.9063,5.31822],[-74.9063,5.31822],[-74.9063,5.31822],[-74.9063,5.31822],[-74.9063,5.31822],[-74.9063,5.31822],[-74.9063,5.31822],[-74.9063,5.31822],[-74.9063,5.31822],[-74.9063,5.31822],[-74.90631,5.31822],[-74.90631,5.31822],[-74.90631,5.31822],[-74.90631,5.31822],[-74.90631,5.31822],[-74.90631,5.31822],[-74.90631,5.31822],[-74.90631,5.31822],[-74.90631,5.31822],[-74.90631,5.31822],[-74.90631,5.31822],[-74.90631,5.31822],[-74.90631,5.31822],[-74.90631,5.31822],[-74.90632,5.31822],[-74.90632,5.31822],[-74.90632,5.31822],[-74.90632,5.31822],[-74.90632,5.31822],[-74.90632,5.31822],[-74.90632,5.31822],[-74.90632,5.31822],[-74.90632,5.31822],[-74.90632,5.31822],[-74.90632,5.31822],[-74.90632,5.31822],[-74.90632,5.31821],[-74.90633,5.31821],[-74.90633,5.31821],[-74.90633,5.31821],[-74.90633,5.31821],[-74.90633,5.31821],[-74.90633,5.31821],[-74.90633,5.31821],[-74.90633,5.31821],[-74.90633,5.31821],[-74.90633,5.31821],[-74.90633,5.31821],[-74.90633,5.31821],[-74.90633,5.31821],[-74.90633,5.31821],[-74.90633,5.31821],[-74.90633,5.31821],[-74.90633,5.31821],[-74.90633,5.31821],[-74.90633,5.31821],[-74.90633,5.31821],[-74.90633,5.31821],[-74.90633,5.3182],[-74.90633,5.3182],[-74.90633,5.3182],[-74.90633,5.3182],[-74.90633,5.3182],[-74.90633,5.3182],[-74.90633,5.3182],[-74.90633,5.3182],[-74.90633,5.3182],[-74.90633,5.3182],[-74.90633,5.3182],[-74.90633,5.3182],[-74.90633,5.3182],[-74.90633,5.3182],[-74.90633,5.3182],[-74.90633,5.3182],[-74.90633,5.3182],[-74.90633,5.3182],[-74.90633,5.3182],[-74.90633,5.3182],[-74.90633,5.3182],[-74.90634,5.3182],[-74.90634,5.3182],[-74.90634,5.3182],[-74.90634,5.3182],[-74.90634,5.3182],[-74.90634,5.3182],[-74.90634,5.3182],[-74.90634,5.3182],[-74.90634,5.31819],[-74.90634,5.31819],[-74.90634,5.31819],[-74.90634,5.31819],[-74.90634,5.31819],[-74.90634,5.31819],[-74.90634,5.31819],[-74.90634,5.31819],[-74.90634,5.31819],[-74.90634,5.31819],[-74.90634,5.31819],[-74.90634,5.31819],[-74.90634,5.31819],[-74.90635,5.31819],[-74.90635,5.31819],[-74.90635,5.31819],[-74.90635,5.31819],[-74.90635,5.31819],[-74.90635,5.31819],[-74.90635,5.31819],[-74.90635,5.31819],[-74.90635,5.31819],[-74.90635,5.31819],[-74.90635,5.31819],[-74.90635,5.31819],[-74.90635,5.31819],[-74.90635,5.31819],[-74.90635,5.31819],[-74.90635,5.31819],[-74.90635,5.31818],[-74.90635,5.31818],[-74.90635,5.31818],[-74.90635,5.31818],[-74.90635,5.31818],[-74.90635,5.31818],[-74.90635,5.31818],[-74.90635,5.31818],[-74.90635,5.31818],[-74.90635,5.31818],[-74.90635,5.31818],[-74.90635,5.31818],[-74.90635,5.31818],[-74.90635,5.31817],[-74.90635,5.31817],[-74.90635,5.31817],[-74.90635,5.31817],[-74.90635,5.31817],[-74.90636,5.31817],[-74.90636,5.31817],[-74.90636,5.31817],[-74.90636,5.31817],[-74.90636,5.31817],[-74.90636,5.31817],[-74.90636,5.31817],[-74.90636,5.31817],[-74.90636,5.31817],[-74.90636,5.31817],[-74.90636,5.31817],[-74.90636,5.31817],[-74.90636,5.31817],[-74.90636,5.31817],[-74.90636,5.31817],[-74.90636,5.31817],[-74.90636,5.31817],[-74.90637,5.31817],[-74.90637,5.31817],[-74.90637,5.31817],[-74.90637,5.31817],[-74.90637,5.31817],[-74.90637,5.31817],[-74.90637,5.31817],[-74.90637,5.31817],[-74.90637,5.31817],[-74.90637,5.31817],[-74.90637,5.31816],[-74.90637,5.31816],[-74.90637,5.31816],[-74.90637,5.31816],[-74.90637,5.31816],[-74.90637,5.31816],[-74.90637,5.31816],[-74.90637,5.31816],[-74.90637,5.31816],[-74.90637,5.31816],[-74.90637,5.31816],[-74.90637,5.31816],[-74.90637,5.31816],[-74.90637,5.31816],[-74.90638,5.31816],[-74.90638,5.31816],[-74.90638,5.31816],[-74.90638,5.31816],[-74.90638,5.31816],[-74.90638,5.31816],[-74.90638,5.31816],[-74.90638,5.31816],[-74.90638,5.31816],[-74.90638,5.31816],[-74.90638,5.31816],[-74.90638,5.31816],[-74.90638,5.31816],[-74.90638,5.31816],[-74.90638,5.31816],[-74.90638,5.31815],[-74.90638,5.31815],[-74.90638,5.31815],[-74.90638,5.31815],[-74.90638,5.31815],[-74.90638,5.31815],[-74.90638,5.31814],[-74.90638,5.31814],[-74.90638,5.31814],[-74.90638,5.31814],[-74.90638,5.31814],[-74.90638,5.31813],[-74.90638,5.31813],[-74.90638,5.31813],[-74.90638,5.31813],[-74.90638,5.31813],[-74.90638,5.31813],[-74.90638,5.31813],[-74.90638,5.31813],[-74.90638,5.31813],[-74.90638,5.31813],[-74.90638,5.31813],[-74.90638,5.31813],[-74.90638,5.31813],[-74.90638,5.31812],[-74.90638,5.31812],[-74.90638,5.31812],[-74.90638,5.31812],[-74.90638,5.31812],[-74.90638,5.31812],[-74.90638,5.31812],[-74.90638,5.31812],[-74.90639,5.31812],[-74.90639,5.31812],[-74.90639,5.31812],[-74.90639,5.31812],[-74.90639,5.31812],[-74.90639,5.31812],[-74.90639,5.31812],[-74.90639,5.31812],[-74.90639,5.31812],[-74.90639,5.31812],[-74.9064,5.31812],[-74.9064,5.31812],[-74.9064,5.31812],[-74.9064,5.31812],[-74.9064,5.31812],[-74.9064,5.31812],[-74.9064,5.31812],[-74.9064,5.31812],[-74.9064,5.31813],[-74.9064,5.31813],[-74.9064,5.31813],[-74.90641,5.31813],[-74.90641,5.31813],[-74.90641,5.31813],[-74.90641,5.31813],[-74.90641,5.31813],[-74.90641,5.31813],[-74.90641,5.31813],[-74.90641,5.31813],[-74.90641,5.31813],[-74.90642,5.31813],[-74.90642,5.31813],[-74.90642,5.31813],[-74.90642,5.31813],[-74.90642,5.31813],[-74.90643,5.31813],[-74.90643,5.31813],[-74.90643,5.31813],[-74.90643,5.31813],[-74.90643,5.31813],[-74.90643,5.31812],[-74.90643,5.31812],[-74.90643,5.31812],[-74.90643,5.31812],[-74.90643,5.31812],[-74.90643,5.31812],[-74.90643,5.31812],[-74.90643,5.31812],[-74.90643,5.31812],[-74.90643,5.31812],[-74.90644,5.31812],[-74.90644,5.31812],[-74.90644,5.31812],[-74.90644,5.31812],[-74.90644,5.31812],[-74.90644,5.31812],[-74.90644,5.31812],[-74.90644,5.31812],[-74.90644,5.31812],[-74.90644,5.31812],[-74.90644,5.31812],[-74.90644,5.31812],[-74.90644,5.31812],[-74.90644,5.31812],[-74.90644,5.31812],[-74.90644,5.31812],[-74.90644,5.31812],[-74.90645,5.31812],[-74.90645,5.31812],[-74.90645,5.31812],[-74.90645,5.31812],[-74.90645,5.31812],[-74.90645,5.31812],[-74.90645,5.31812],[-74.90645,5.31812],[-74.90645,5.31812],[-74.90645,5.31812],[-74.90646,5.31812],[-74.90646,5.31813],[-74.90646,5.31813],[-74.90646,5.31813],[-74.90646,5.31813],[-74.90646,5.31813],[-74.90646,5.31813],[-74.90646,5.31813],[-74.90646,5.31813],[-74.90646,5.31813],[-74.90646,5.31812],[-74.90646,5.31812],[-74.90646,5.31812],[-74.90646,5.31812],[-74.90646,5.31812],[-74.90646,5.31812],[-74.90646,5.31812],[-74.90646,5.31812],[-74.90646,5.31812],[-74.90646,5.31812],[-74.90647,5.31812],[-74.90647,5.31812],[-74.90647,5.31812],[-74.90647,5.31812],[-74.90647,5.31812],[-74.90647,5.31812],[-74.90647,5.31812],[-74.90647,5.31812],[-74.90647,5.31812],[-74.90647,5.31812],[-74.90647,5.31812],[-74.90647,5.31812],[-74.90647,5.31812],[-74.90647,5.31812],[-74.90647,5.31812],[-74.90647,5.31812],[-74.90647,5.31812],[-74.90647,5.31811],[-74.90647,5.31811],[-74.90647,5.31811],[-74.90647,5.31811],[-74.90647,5.31811],[-74.90647,5.31811],[-74.90647,5.31811],[-74.90647,5.31811],[-74.90647,5.31811],[-74.90647,5.31811],[-74.90647,5.31811],[-74.90647,5.31811],[-74.90647,5.31811],[-74.90647,5.31811],[-74.90648,5.31811],[-74.90648,5.31811],[-74.90648,5.31811],[-74.90648,5.31811],[-74.90648,5.31811],[-74.90648,5.31811],[-74.90648,5.3181],[-74.90648,5.3181],[-74.90648,5.3181],[-74.90648,5.3181],[-74.90648,5.3181],[-74.90648,5.3181],[-74.90648,5.3181],[-74.90648,5.3181],[-74.90648,5.3181],[-74.90648,5.3181],[-74.90648,5.3181],[-74.90648,5.3181],[-74.90648,5.3181],[-74.90648,5.3181],[-74.90648,5.3181],[-74.90648,5.3181],[-74.90648,5.3181],[-74.90648,5.3181],[-74.90648,5.3181],[-74.90648,5.3181],[-74.90648,5.3181],[-74.90648,5.3181],[-74.90648,5.3181],[-74.90648,5.3181],[-74.90649,5.3181],[-74.90649,5.3181],[-74.90649,5.3181],[-74.90649,5.3181],[-74.90649,5.3181],[-74.90649,5.3181],[-74.90649,5.3181],[-74.90649,5.3181],[-74.90649,5.3181],[-74.90649,5.3181],[-74.90649,5.3181],[-74.90649,5.3181],[-74.90649,5.3181],[-74.90649,5.3181],[-74.9065,5.3181],[-74.9065,5.3181],[-74.9065,5.3181],[-74.9065,5.3181],[-74.9065,5.3181],[-74.9065,5.3181],[-74.9065,5.3181],[-74.9065,5.3181],[-74.9065,5.3181],[-74.9065,5.3181],[-74.9065,5.3181],[-74.90651,5.3181],[-74.90651,5.3181],[-74.90651,5.3181],[-74.90651,5.3181],[-74.90651,5.3181],[-74.90651,5.3181],[-74.90651,5.3181],[-74.90651,5.3181],[-74.90651,5.3181],[-74.90651,5.3181],[-74.90651,5.31811],[-74.90651,5.31811],[-74.90651,5.31811],[-74.90651,5.31811],[-74.90651,5.31811],[-74.90651,5.31811],[-74.90651,5.31811],[-74.90651,5.31811],[-74.90651,5.31811],[-74.90651,5.31811],[-74.90651,5.31811],[-74.90651,5.31811],[-74.90652,5.31811],[-74.90652,5.31811],[-74.90652,5.31811],[-74.90652,5.31811],[-74.90652,5.31811],[-74.90653,5.31811],[-74.90653,5.31811],[-74.90653,5.31811],[-74.90653,5.31811],[-74.90653,5.31811],[-74.90653,5.31811],[-74.90653,5.31811],[-74.90653,5.31811],[-74.90653,5.31811],[-74.90653,5.31811],[-74.90653,5.31811],[-74.90653,5.31811],[-74.90653,5.31811],[-74.90653,5.31811],[-74.90653,5.31811],[-74.90653,5.31811],[-74.90653,5.31811],[-74.90653,5.31811],[-74.90653,5.31811],[-74.90653,5.31811],[-74.90653,5.31811],[-74.90654,5.31811],[-74.90654,5.31811],[-74.90654,5.31811],[-74.90654,5.31811],[-74.90654,5.31811],[-74.90654,5.31812],[-74.90654,5.31812],[-74.90654,5.31812],[-74.90654,5.31812],[-74.90654,5.31812],[-74.90654,5.31812],[-74.90654,5.31812],[-74.90654,5.31812],[-74.90654,5.31812],[-74.90654,5.31812],[-74.90654,5.31812],[-74.90654,5.31812],[-74.90654,5.31812],[-74.90654,5.31812],[-74.90654,5.31812],[-74.90654,5.31812],[-74.90654,5.31812],[-74.90654,5.31812],[-74.90654,5.31813],[-74.90654,5.31813],[-74.90655,5.31813],[-74.90655,5.31813],[-74.90655,5.31813],[-74.90655,5.31813],[-74.90655,5.31813],[-74.90655,5.31813],[-74.90655,5.31813],[-74.90655,5.31813],[-74.90655,5.31813],[-74.90655,5.31813],[-74.90655,5.31813],[-74.90655,5.31813],[-74.90655,5.31813],[-74.90655,5.31813],[-74.90655,5.31813],[-74.90655,5.31813],[-74.90655,5.31814],[-74.90655,5.31814],[-74.90655,5.31814],[-74.90655,5.31814],[-74.90655,5.31814],[-74.90655,5.31814],[-74.90655,5.31814],[-74.90655,5.31814],[-74.90655,5.31814],[-74.90655,5.31814],[-74.90655,5.31814],[-74.90656,5.31814],[-74.90656,5.31814],[-74.90656,5.31814],[-74.90656,5.31814],[-74.90656,5.31814],[-74.90656,5.31814],[-74.90656,5.31815],[-74.90656,5.31815],[-74.90656,5.31815],[-74.90656,5.31815],[-74.90656,5.31815],[-74.90656,5.31815],[-74.90656,5.31815],[-74.90656,5.31815],[-74.90656,5.31816],[-74.90656,5.31816],[-74.90656,5.31816],[-74.90656,5.31816],[-74.90656,5.31816],[-74.90656,5.31816],[-74.90656,5.31816],[-74.90656,5.31816],[-74.90656,5.31816],[-74.90657,5.31816],[-74.90657,5.31816],[-74.90657,5.31816],[-74.90657,5.31816],[-74.90657,5.31816],[-74.90657,5.31817],[-74.90657,5.31817],[-74.90657,5.31817],[-74.90657,5.31817],[-74.90657,5.31817],[-74.90657,5.31817],[-74.90657,5.31817],[-74.90657,5.31817],[-74.90657,5.31817],[-74.90657,5.31817],[-74.90657,5.31817],[-74.90657,5.31817],[-74.90657,5.31817],[-74.90657,5.31817],[-74.90657,5.31817],[-74.90657,5.31817],[-74.90657,5.31817],[-74.90657,5.31817],[-74.90657,5.31817],[-74.90658,5.31817],[-74.90658,5.31818],[-74.90658,5.31818],[-74.90658,5.31818],[-74.90658,5.31818],[-74.90658,5.31818],[-74.90658,5.31818],[-74.90658,5.31818],[-74.90658,5.31818],[-74.90658,5.31818],[-74.90658,5.31818],[-74.90658,5.31818],[-74.90658,5.31818],[-74.90658,5.31818],[-74.90658,5.31818],[-74.90658,5.31818],[-74.90658,5.31818],[-74.90658,5.31818],[-74.90658,5.31818],[-74.90658,5.31819],[-74.90658,5.31819],[-74.90658,5.31819],[-74.90658,5.31819],[-74.90658,5.31819],[-74.90659,5.31819],[-74.90659,5.31819],[-74.90659,5.31819],[-74.90659,5.31819],[-74.90659,5.31819],[-74.90659,5.31819],[-74.90659,5.31819],[-74.90659,5.31819],[-74.90659,5.31819],[-74.90659,5.31819],[-74.90659,5.31819],[-74.90659,5.31819],[-74.90659,5.31819],[-74.90659,5.31819],[-74.90659,5.3182],[-74.90659,5.3182],[-74.90659,5.3182],[-74.90659,5.3182],[-74.90659,5.3182],[-74.90659,5.3182],[-74.90659,5.3182],[-74.90659,5.3182],[-74.90659,5.3182],[-74.90659,5.3182],[-74.90659,5.3182],[-74.90659,5.3182],[-74.9066,5.3182],[-74.9066,5.3182],[-74.9066,5.3182],[-74.9066,5.3182],[-74.9066,5.3182],[-74.9066,5.3182],[-74.9066,5.31821],[-74.9066,5.31821],[-74.9066,5.31821],[-74.9066,5.31821],[-74.9066,5.31821],[-74.9066,5.31821],[-74.9066,5.31821],[-74.9066,5.31821],[-74.9066,5.31821],[-74.9066,5.31821],[-74.9066,5.31821],[-74.9066,5.31821],[-74.9066,5.31821],[-74.9066,5.31821],[-74.9066,5.31821],[-74.9066,5.31821],[-74.9066,5.31821],[-74.9066,5.31821],[-74.9066,5.31822],[-74.9066,5.31822],[-74.9066,5.31822],[-74.90661,5.31822],[-74.90661,5.31822],[-74.90661,5.31822],[-74.90661,5.31822],[-74.90661,5.31822],[-74.90661,5.31822],[-74.90661,5.31822],[-74.90661,5.31822],[-74.90661,5.31822],[-74.90661,5.31822],[-74.90661,5.31822],[-74.90661,5.31822],[-74.90661,5.31822],[-74.90661,5.31822],[-74.90661,5.31822],[-74.90661,5.31822],[-74.90661,5.31822],[-74.90661,5.31822],[-74.90661,5.31822],[-74.90662,5.31823],[-74.90662,5.31823],[-74.90662,5.31823],[-74.90662,5.31823],[-74.90662,5.31823],[-74.90662,5.31823],[-74.90662,5.31823],[-74.90662,5.31823],[-74.90662,5.31823],[-74.90662,5.31823],[-74.90662,5.31823],[-74.90662,5.31823],[-74.90662,5.31823],[-74.90662,5.31823],[-74.90662,5.31823],[-74.90662,5.31823],[-74.90662,5.31823],[-74.90663,5.31823],[-74.90663,5.31823],[-74.90663,5.31823],[-74.90663,5.31823],[-74.90663,5.31823],[-74.90664,5.31823],[-74.90664,5.31823],[-74.90664,5.31823],[-74.90665,5.31823],[-74.90665,5.31823],[-74.90665,5.31823],[-74.90665,5.31823],[-74.90665,5.31823],[-74.90665,5.31823],[-74.90665,5.31823],[-74.90665,5.31823],[-74.90665,5.31823],[-74.90665,5.31823],[-74.90665,5.31823],[-74.90665,5.31823],[-74.90665,5.31823],[-74.90665,5.31823],[-74.90665,5.31823],[-74.90665,5.31823],[-74.90665,5.31823],[-74.90666,5.31823],[-74.90666,5.31823],[-74.90666,5.31823],[-74.90666,5.31823],[-74.90666,5.31823],[-74.90666,5.31823],[-74.90667,5.31823],[-74.90667,5.31823],[-74.90667,5.31823],[-74.90667,5.31823],[-74.90667,5.31823],[-74.90667,5.31823],[-74.90667,5.31823],[-74.90667,5.31823],[-74.90667,5.31823],[-74.90667,5.31823],[-74.90667,5.31823],[-74.90667,5.31823],[-74.90667,5.31823],[-74.90667,5.31823],[-74.90667,5.31823],[-74.90667,5.31823],[-74.90667,5.31823],[-74.90667,5.31823],[-74.90667,5.31823],[-74.90667,5.31823],[-74.90668,5.31823],[-74.90668,5.31823],[-74.90668,5.31823],[-74.90668,5.31823],[-74.90668,5.31823],[-74.90668,5.31823],[-74.90668,5.31823],[-74.90668,5.31823],[-74.90668,5.31823],[-74.90668,5.31823],[-74.90669,5.31823],[-74.90669,5.31823],[-74.90669,5.31823],[-74.90669,5.31823],[-74.90669,5.31823],[-74.90669,5.31823],[-74.90669,5.31823],[-74.90669,5.31824],[-74.90669,5.31824],[-74.90669,5.31824],[-74.90669,5.31824],[-74.90669,5.31824],[-74.90669,5.31824],[-74.90669,5.31824],[-74.90669,5.31824],[-74.90669,5.31824],[-74.90669,5.31824],[-74.90669,5.31824],[-74.90669,5.31824],[-74.9067,5.31824],[-74.9067,5.31824],[-74.9067,5.31824],[-74.9067,5.31824],[-74.9067,5.31824],[-74.9067,5.31824],[-74.9067,5.31824],[-74.9067,5.31824],[-74.9067,5.31824],[-74.9067,5.31824],[-74.9067,5.31824],[-74.9067,5.31824],[-74.9067,5.31824],[-74.90671,5.31824],[-74.90671,5.31824],[-74.90671,5.31824],[-74.90671,5.31824],[-74.90671,5.31824],[-74.90671,5.31824],[-74.90671,5.31824],[-74.90671,5.31825],[-74.90671,5.31825],[-74.90671,5.31825],[-74.90671,5.31825],[-74.90671,5.31825],[-74.90671,5.31825],[-74.90671,5.31825],[-74.90671,5.31825],[-74.90671,5.31825],[-74.90672,5.31825],[-74.90672,5.31825],[-74.90672,5.31825],[-74.90672,5.31825],[-74.90672,5.31825],[-74.90672,5.31825],[-74.90672,5.31825],[-74.90672,5.31825],[-74.90672,5.31825],[-74.90672,5.31825],[-74.90672,5.31825],[-74.90672,5.31825],[-74.90672,5.31825],[-74.90672,5.31825],[-74.90672,5.31825],[-74.90672,5.31825],[-74.90672,5.31826],[-74.90672,5.31826],[-74.90672,5.31826],[-74.90672,5.31826],[-74.90672,5.31826],[-74.90672,5.31826],[-74.90673,5.31826],[-74.90673,5.31826],[-74.90673,5.31826],[-74.90673,5.31826],[-74.90673,5.31826],[-74.90673,5.31826],[-74.90673,5.31826],[-74.90673,5.31826],[-74.90673,5.31826],[-74.90673,5.31826],[-74.90673,5.31826],[-74.90673,5.31826],[-74.90673,5.31826],[-74.90673,5.31826],[-74.90673,5.31826],[-74.90674,5.31826],[-74.90674,5.31826],[-74.90674,5.31826],[-74.90674,5.31826],[-74.90674,5.31826],[-74.90674,5.31826],[-74.90674,5.31826],[-74.90674,5.31826],[-74.90674,5.31826],[-74.90674,5.31826],[-74.90674,5.31826],[-74.90674,5.31826],[-74.90674,5.31826],[-74.90674,5.31826],[-74.90674,5.31826],[-74.90674,5.31826],[-74.90675,5.31826],[-74.90675,5.31826],[-74.90675,5.31826],[-74.90675,5.31826],[-74.90675,5.31826],[-74.90675,5.31826],[-74.90675,5.31825],[-74.90675,5.31825],[-74.90675,5.31825],[-74.90675,5.31825],[-74.90675,5.31825],[-74.90675,5.31825],[-74.90675,5.31825],[-74.90675,5.31825],[-74.90675,5.31825],[-74.90675,5.31825],[-74.90675,5.31825],[-74.90675,5.31825],[-74.90675,5.31825],[-74.90675,5.31825],[-74.90676,5.31825],[-74.90676,5.31825],[-74.90676,5.31825],[-74.90676,5.31825],[-74.90676,5.31825],[-74.90676,5.31825],[-74.90676,5.31825],[-74.90676,5.31825],[-74.90676,5.31825],[-74.90676,5.31826],[-74.90676,5.31826],[-74.90676,5.31826],[-74.90676,5.31826],[-74.90676,5.31826],[-74.90676,5.31826],[-74.90676,5.31826],[-74.90676,5.31826],[-74.90676,5.31826],[-74.90676,5.31826],[-74.90676,5.31826],[-74.90676,5.31826],[-74.90676,5.31826],[-74.90676,5.31826],[-74.90677,5.31826],[-74.90677,5.31826],[-74.90677,5.31826],[-74.90677,5.31826],[-74.90677,5.31826],[-74.90677,5.31826],[-74.90677,5.31826],[-74.90677,5.31826],[-74.90677,5.31826],[-74.90677,5.31826],[-74.90677,5.31826],[-74.90677,5.31826],[-74.90677,5.31826],[-74.90678,5.31826],[-74.90678,5.31826],[-74.90678,5.31826],[-74.90678,5.31826],[-74.90678,5.31826],[-74.90678,5.31826],[-74.90678,5.31826],[-74.90678,5.31826],[-74.90678,5.31826],[-74.90678,5.31827],[-74.90678,5.31827],[-74.90678,5.31827],[-74.90678,5.31827],[-74.90678,5.31827],[-74.90678,5.31827],[-74.90678,5.31827],[-74.90678,5.31827],[-74.90678,5.31827],[-74.90678,5.31827],[-74.90679,5.31827],[-74.90679,5.31827],[-74.90679,5.31827],[-74.90679,5.31827],[-74.90679,5.31827],[-74.90679,5.31827],[-74.9068,5.31827],[-74.9068,5.31827],[-74.9068,5.31827],[-74.9068,5.31827],[-74.9068,5.31827],[-74.9068,5.31827],[-74.9068,5.31827],[-74.9068,5.31827],[-74.9068,5.31827],[-74.9068,5.31827],[-74.9068,5.31827],[-74.9068,5.31827],[-74.9068,5.31827],[-74.9068,5.31827],[-74.9068,5.31827],[-74.9068,5.31827],[-74.90681,5.31827],[-74.90681,5.31827],[-74.90681,5.31827],[-74.90681,5.31827],[-74.90681,5.31827],[-74.90681,5.31827],[-74.90681,5.31827],[-74.90681,5.31827],[-74.90681,5.31827],[-74.90681,5.31827],[-74.90681,5.31827],[-74.90681,5.31827],[-74.90681,5.31828],[-74.90682,5.31828],[-74.90682,5.31828],[-74.90682,5.31828],[-74.90682,5.31828],[-74.90682,5.31828],[-74.90682,5.31828],[-74.90682,5.31828],[-74.90682,5.31828],[-74.90682,5.31828],[-74.90682,5.31828],[-74.90682,5.31828],[-74.90682,5.31828],[-74.90682,5.31828],[-74.90682,5.31828],[-74.90682,5.31828],[-74.90682,5.31828],[-74.90683,5.31828],[-74.90683,5.31828],[-74.90683,5.31828],[-74.90683,5.31828],[-74.90683,5.31828],[-74.90683,5.31828],[-74.90683,5.31828],[-74.90683,5.31828],[-74.90683,5.31828],[-74.90683,5.31828],[-74.90683,5.31828],[-74.90683,5.31828],[-74.90683,5.31828],[-74.90683,5.31828],[-74.90683,5.31828],[-74.90683,5.31828],[-74.90683,5.31828],[-74.90683,5.31828],[-74.90683,5.31828],[-74.90683,5.31828],[-74.90683,5.31828],[-74.90683,5.31828],[-74.90683,5.31828],[-74.90683,5.31828],[-74.90683,5.31828],[-74.90684,5.31828],[-74.90684,5.31828],[-74.90684,5.31828],[-74.90684,5.31828],[-74.90684,5.31828],[-74.90684,5.31828],[-74.90684,5.31828],[-74.90685,5.31828],[-74.90685,5.31828],[-74.90685,5.31828],[-74.90685,5.31828],[-74.90685,5.31828],[-74.90685,5.31828],[-74.90686,5.31828],[-74.90686,5.31828],[-74.90686,5.31828],[-74.90686,5.31828],[-74.90686,5.31828],[-74.90687,5.31828],[-74.90687,5.31828],[-74.90687,5.31828],[-74.90687,5.31828],[-74.90687,5.31828],[-74.90687,5.31828],[-74.90687,5.31828],[-74.90687,5.31828],[-74.90687,5.31828],[-74.90687,5.31828],[-74.90687,5.31828],[-74.90687,5.31828],[-74.90687,5.31829],[-74.90687,5.31829],[-74.90687,5.31829],[-74.90687,5.31829],[-74.90687,5.31829],[-74.90687,5.31829],[-74.90687,5.31829],[-74.90687,5.31829],[-74.90687,5.31829],[-74.90687,5.31829],[-74.90687,5.31829],[-74.90687,5.31829],[-74.90687,5.31829],[-74.90687,5.31829],[-74.90687,5.31829],[-74.90688,5.31829],[-74.90688,5.31829],[-74.90688,5.31829],[-74.90688,5.31829],[-74.90688,5.31829],[-74.90688,5.31829],[-74.90688,5.31829],[-74.90688,5.31829],[-74.90688,5.31829],[-74.90688,5.31829],[-74.90688,5.3183],[-74.90688,5.3183],[-74.90688,5.3183],[-74.90688,5.3183],[-74.90688,5.3183],[-74.90688,5.3183],[-74.90689,5.3183],[-74.90689,5.3183],[-74.90689,5.3183],[-74.90689,5.3183],[-74.90689,5.3183],[-74.90689,5.3183],[-74.90689,5.3183],[-74.90689,5.3183],[-74.90689,5.3183],[-74.90689,5.3183],[-74.90689,5.3183],[-74.90689,5.3183],[-74.90689,5.3183],[-74.90689,5.3183],[-74.90689,5.3183],[-74.90689,5.3183],[-74.90689,5.31831],[-74.90689,5.31831],[-74.90689,5.31831],[-74.90689,5.31831],[-74.90689,5.31831],[-74.90689,5.31831],[-74.9069,5.31831],[-74.9069,5.31831],[-74.9069,5.31831],[-74.9069,5.31831],[-74.9069,5.31831],[-74.9069,5.31831],[-74.9069,5.31831],[-74.9069,5.31831],[-74.9069,5.31831],[-74.9069,5.31831],[-74.9069,5.31831],[-74.9069,5.31831],[-74.9069,5.31831],[-74.9069,5.31831],[-74.9069,5.31831],[-74.9069,5.31831],[-74.9069,5.31831],[-74.9069,5.31831],[-74.9069,5.31831],[-74.90691,5.31831],[-74.90691,5.31831],[-74.90691,5.31832],[-74.90691,5.31832],[-74.90691,5.31832],[-74.90691,5.31832],[-74.90691,5.31832],[-74.90691,5.31832],[-74.90691,5.31832],[-74.90691,5.31832],[-74.90691,5.31832],[-74.90691,5.31832],[-74.90691,5.31832],[-74.90691,5.31832],[-74.90691,5.31832],[-74.90691,5.31832],[-74.90691,5.31832],[-74.90691,5.31832],[-74.90691,5.31832],[-74.90692,5.31832],[-74.90692,5.31832],[-74.90692,5.31832],[-74.90692,5.31832],[-74.90692,5.31832],[-74.90692,5.31832],[-74.90693,5.31832],[-74.90693,5.31832],[-74.90693,5.31832],[-74.90693,5.31832],[-74.90693,5.31832],[-74.90693,5.31832],[-74.90693,5.31832],[-74.90693,5.31832],[-74.90693,5.31832],[-74.90693,5.31832],[-74.90693,5.31832],[-74.90694,5.31832],[-74.90694,5.31832],[-74.90694,5.31832],[-74.90694,5.31832],[-74.90694,5.31832],[-74.90694,5.31832],[-74.90694,5.31832],[-74.90694,5.31832],[-74.90694,5.31832],[-74.90694,5.31832],[-74.90694,5.31832],[-74.90695,5.31832],[-74.90695,5.31832],[-74.90695,5.31832],[-74.90695,5.31832],[-74.90695,5.31832],[-74.90695,5.31832],[-74.90695,5.31832],[-74.90695,5.31832],[-74.90695,5.31832],[-74.90695,5.31832],[-74.90695,5.31832],[-74.90696,5.31832],[-74.90696,5.31832],[-74.90696,5.31832],[-74.90696,5.31832],[-74.90696,5.31832],[-74.90696,5.31832],[-74.90696,5.31832],[-74.90696,5.31832],[-74.90697,5.31832],[-74.90697,5.31832],[-74.90697,5.31832],[-74.90697,5.31832],[-74.90697,5.31832],[-74.90697,5.31832],[-74.90697,5.31832],[-74.90697,5.31832],[-74.90697,5.31832],[-74.90697,5.31832],[-74.90697,5.31832],[-74.90697,5.31832],[-74.90697,5.31832],[-74.90697,5.31832],[-74.90697,5.31832],[-74.90697,5.31832],[-74.90697,5.31832],[-74.90698,5.31832],[-74.90698,5.31832],[-74.90698,5.31832],[-74.90698,5.31832],[-74.90698,5.31832],[-74.90698,5.31832],[-74.90698,5.31832],[-74.90698,5.31832],[-74.90698,5.31832],[-74.90698,5.31832],[-74.90698,5.31832],[-74.90698,5.31832],[-74.90698,5.31832],[-74.90698,5.31832],[-74.90698,5.31832],[-74.90698,5.31832],[-74.90699,5.31832],[-74.90699,5.31832],[-74.90699,5.31832],[-74.90699,5.31832],[-74.90699,5.31832],[-74.90699,5.31832],[-74.90699,5.31832],[-74.90699,5.31832],[-74.90699,5.31832],[-74.90699,5.31832],[-74.90699,5.31833],[-74.90699,5.31833],[-74.90699,5.31833],[-74.90699,5.31833],[-74.90699,5.31833],[-74.90699,5.31833],[-74.90699,5.31833],[-74.90699,5.31833],[-74.90699,5.31833],[-74.90699,5.31833],[-74.907,5.31833],[-74.907,5.31833],[-74.907,5.31833],[-74.907,5.31833],[-74.907,5.31833],[-74.907,5.31833],[-74.907,5.31833],[-74.907,5.31833],[-74.907,5.31833],[-74.907,5.31833],[-74.907,5.31833],[-74.907,5.31834],[-74.907,5.31834],[-74.907,5.31834],[-74.907,5.31834],[-74.907,5.31834],[-74.907,5.31834],[-74.907,5.31834],[-74.907,5.31834],[-74.907,5.31834],[-74.907,5.31834],[-74.90701,5.31834],[-74.90701,5.31834],[-74.90701,5.31834],[-74.90701,5.31834],[-74.90701,5.31834],[-74.90701,5.31834],[-74.90701,5.31834],[-74.90701,5.31834],[-74.90701,5.31834],[-74.90701,5.31834],[-74.90702,5.31834],[-74.90702,5.31834],[-74.90702,5.31834],[-74.90702,5.31834],[-74.90702,5.31834],[-74.90702,5.31834],[-74.90702,5.31834],[-74.90702,5.31834],[-74.90702,5.31834],[-74.90702,5.31834],[-74.90702,5.31834],[-74.90702,5.31834],[-74.90702,5.31834],[-74.90702,5.31835],[-74.90702,5.31835],[-74.90702,5.31835],[-74.90702,5.31835],[-74.90702,5.31835],[-74.90703,5.31835],[-74.90703,5.31835],[-74.90703,5.31835],[-74.90703,5.31835],[-74.90703,5.31835],[-74.90703,5.31835],[-74.90703,5.31835],[-74.90703,5.31835],[-74.90703,5.31835],[-74.90703,5.31835],[-74.90703,5.31835],[-74.90703,5.31835],[-74.90703,5.31835],[-74.90703,5.31835],[-74.90703,5.31835],[-74.90703,5.31835],[-74.90703,5.31835],[-74.90704,5.31835],[-74.90704,5.31835],[-74.90704,5.31835],[-74.90704,5.31836],[-74.90704,5.31836],[-74.90704,5.31836],[-74.90704,5.31836],[-74.90704,5.31836],[-74.90704,5.31836],[-74.90704,5.31836],[-74.90704,5.31836],[-74.90704,5.31836],[-74.90704,5.31836],[-74.90704,5.31836],[-74.90704,5.31836],[-74.90704,5.31836],[-74.90704,5.31836],[-74.90704,5.31836],[-74.90704,5.31836],[-74.90704,5.31836],[-74.90704,5.31836],[-74.90704,5.31836],[-74.90705,5.31836],[-74.90705,5.31836],[-74.90705,5.31836],[-74.90705,5.31836],[-74.90705,5.31835],[-74.90705,5.31835],[-74.90705,5.31835],[-74.90705,5.31835],[-74.90705,5.31835],[-74.90705,5.31835],[-74.90705,5.31835],[-74.90705,5.31835],[-74.90705,5.31835],[-74.90705,5.31835],[-74.90705,5.31835],[-74.90705,5.31835],[-74.90705,5.31835],[-74.90705,5.31835],[-74.90705,5.31835],[-74.90705,5.31835],[-74.90705,5.31835],[-74.90706,5.31835],[-74.90706,5.31835],[-74.90706,5.31835],[-74.90706,5.31835],[-74.90706,5.31835],[-74.90706,5.31835],[-74.90706,5.31835],[-74.90706,5.31835],[-74.90707,5.31835],[-74.90707,5.31835],[-74.90707,5.31835],[-74.90707,5.31835],[-74.90707,5.31835],[-74.90707,5.31835],[-74.90707,5.31835],[-74.90707,5.31835],[-74.90707,5.31835],[-74.90707,5.31835],[-74.90707,5.31835],[-74.90707,5.31835],[-74.90707,5.31835],[-74.90707,5.31835],[-74.90707,5.31835],[-74.90708,5.31834],[-74.90708,5.31834],[-74.90708,5.31834],[-74.90708,5.31834],[-74.90708,5.31834],[-74.90708,5.31834],[-74.90708,5.31834],[-74.90708,5.31834],[-74.90708,5.31834],[-74.90708,5.31834],[-74.90708,5.31834],[-74.90708,5.31834],[-74.90708,5.31834],[-74.90708,5.31834],[-74.90708,5.31834],[-74.90708,5.31834],[-74.90708,5.31834],[-74.90708,5.31834],[-74.90709,5.31834],[-74.90709,5.31834],[-74.90709,5.31834],[-74.90709,5.31834],[-74.90709,5.31834],[-74.90709,5.31834],[-74.90709,5.31834],[-74.90709,5.31834],[-74.90709,5.31834],[-74.90709,5.31834],[-74.90709,5.31834],[-74.90709,5.31834],[-74.90709,5.31834],[-74.90709,5.31834],[-74.90709,5.31834],[-74.90709,5.31834],[-74.90709,5.31834],[-74.90709,5.31834],[-74.90709,5.31834],[-74.90709,5.31834],[-74.90709,5.31834],[-74.90709,5.31834],[-74.90709,5.31833],[-74.90709,5.31833],[-74.90709,5.31833],[-74.90709,5.31833],[-74.90709,5.31833],[-74.9071,5.31833],[-74.9071,5.31833],[-74.9071,5.31833],[-74.9071,5.31833],[-74.9071,5.31833],[-74.9071,5.31833],[-74.9071,5.31833],[-74.9071,5.31833],[-74.9071,5.31833],[-74.9071,5.31833],[-74.9071,5.31833],[-74.9071,5.31833],[-74.9071,5.31834],[-74.9071,5.31834],[-74.9071,5.31834],[-74.9071,5.31834],[-74.9071,5.31834],[-74.9071,5.31834],[-74.9071,5.31834],[-74.9071,5.31834],[-74.9071,5.31834],[-74.90711,5.31834],[-74.90711,5.31834],[-74.90711,5.31834],[-74.90711,5.31834],[-74.90711,5.31834],[-74.90711,5.31834],[-74.90711,5.31834],[-74.90711,5.31834],[-74.90711,5.31834],[-74.90711,5.31834],[-74.90711,5.31834],[-74.90711,5.31834],[-74.90711,5.31834],[-74.90711,5.31834],[-74.90711,5.31833],[-74.90711,5.31833],[-74.90711,5.31833],[-74.90711,5.31833],[-74.90711,5.31833],[-74.90711,5.31833],[-74.90711,5.31833],[-74.90712,5.31833],[-74.90712,5.31834],[-74.90712,5.31834],[-74.90712,5.31834],[-74.90712,5.31834],[-74.90712,5.31834],[-74.90712,5.31834],[-74.90712,5.31834],[-74.90712,5.31834],[-74.90712,5.31834],[-74.90712,5.31834],[-74.90712,5.31834],[-74.90712,5.31834],[-74.90712,5.31834],[-74.90712,5.31834],[-74.90712,5.31834],[-74.90712,5.31833],[-74.90712,5.31833],[-74.90712,5.31833],[-74.90712,5.31833],[-74.90712,5.31833],[-74.90713,5.31833],[-74.90713,5.31833],[-74.90713,5.31833],[-74.90713,5.31833],[-74.90713,5.31833],[-74.90713,5.31833],[-74.90713,5.31833],[-74.90713,5.31833],[-74.90714,5.31833],[-74.90714,5.31833],[-74.90714,5.31833],[-74.90714,5.31833],[-74.90714,5.31833],[-74.90714,5.31833],[-74.90714,5.31833],[-74.90714,5.31833],[-74.90714,5.31833],[-74.90714,5.31833],[-74.90714,5.31833],[-74.90714,5.31833],[-74.90715,5.31833],[-74.90715,5.31833],[-74.90715,5.31833],[-74.90715,5.31833],[-74.90715,5.31833],[-74.90715,5.31833],[-74.90715,5.31833],[-74.90715,5.31833],[-74.90715,5.31833],[-74.90715,5.31833],[-74.90715,5.31833],[-74.90715,5.31833],[-74.90715,5.31833],[-74.90715,5.31833],[-74.90715,5.31833],[-74.90715,5.31833],[-74.90716,5.31833],[-74.90716,5.31833],[-74.90716,5.31833],[-74.90716,5.31833],[-74.90716,5.31833],[-74.90716,5.31833],[-74.90716,5.31833],[-74.90716,5.31833],[-74.90716,5.31833],[-74.90716,5.31833],[-74.90716,5.31833],[-74.90716,5.31833],[-74.90716,5.31834],[-74.90716,5.31834],[-74.90716,5.31834],[-74.90716,5.31834],[-74.90716,5.31834],[-74.90716,5.31834],[-74.90716,5.31834],[-74.90716,5.31834],[-74.90716,5.31834],[-74.90717,5.31834],[-74.90717,5.31834],[-74.90717,5.31834],[-74.90717,5.31834],[-74.90717,5.31834],[-74.90717,5.31834],[-74.90717,5.31834],[-74.90717,5.31834],[-74.90717,5.31834],[-74.90717,5.31834],[-74.90717,5.31834],[-74.90718,5.31834],[-74.90718,5.31834],[-74.90718,5.31834],[-74.90718,5.31834],[-74.90718,5.31834],[-74.90718,5.31834],[-74.90718,5.31834],[-74.90718,5.31834],[-74.90718,5.31834],[-74.90718,5.31834],[-74.90718,5.31834],[-74.90718,5.31834],[-74.90718,5.31834],[-74.90718,5.31834],[-74.90718,5.31834],[-74.90719,5.31834],[-74.90719,5.31834],[-74.90719,5.31833],[-74.90719,5.31833],[-74.90719,5.31833],[-74.90719,5.31833],[-74.90719,5.31833],[-74.90719,5.31833],[-74.90719,5.31833],[-74.90719,5.31833],[-74.90719,5.31834],[-74.90719,5.31834],[-74.90719,5.31834],[-74.90719,5.31834],[-74.90719,5.31834],[-74.90719,5.31834],[-74.90719,5.31834],[-74.90719,5.31833],[-74.90719,5.31833],[-74.90719,5.31833],[-74.90719,5.31833],[-74.90719,5.31833],[-74.90719,5.31833],[-74.90719,5.31833],[-74.90719,5.31833],[-74.90719,5.31833],[-74.90719,5.31833],[-74.90719,5.31833],[-74.90719,5.31834],[-74.90719,5.31834],[-74.90719,5.31834],[-74.90719,5.31834],[-74.90719,5.31834],[-74.90719,5.31834],[-74.9072,5.31834],[-74.9072,5.31834],[-74.9072,5.31834],[-74.9072,5.31834],[-74.9072,5.31834],[-74.9072,5.31834],[-74.9072,5.31834],[-74.9072,5.31834],[-74.9072,5.31834],[-74.9072,5.31834],[-74.9072,5.31834],[-74.9072,5.31834],[-74.9072,5.31834],[-74.9072,5.31834],[-74.9072,5.31834],[-74.9072,5.31834],[-74.9072,5.31834],[-74.9072,5.31834],[-74.9072,5.31833],[-74.9072,5.31833],[-74.9072,5.31833],[-74.9072,5.31833],[-74.9072,5.31833],[-74.9072,5.31834],[-74.9072,5.31834],[-74.90721,5.31834],[-74.90721,5.31834],[-74.90721,5.31834],[-74.90721,5.31834],[-74.90721,5.31834],[-74.90721,5.31834],[-74.90721,5.31834],[-74.90721,5.31834],[-74.90721,5.31834],[-74.90721,5.31833],[-74.90721,5.31833],[-74.90721,5.31833],[-74.90721,5.31833],[-74.90721,5.31833],[-74.90721,5.31833],[-74.90721,5.31833],[-74.90721,5.31833],[-74.90721,5.31833],[-74.90721,5.31833],[-74.90721,5.31833],[-74.90721,5.31833],[-74.90721,5.31833],[-74.90721,5.31833],[-74.90721,5.31833],[-74.90721,5.31833],[-74.90721,5.31833],[-74.90721,5.31833],[-74.90721,5.31833],[-74.90721,5.31833],[-74.90721,5.31833],[-74.90721,5.31833],[-74.90722,5.31833],[-74.90722,5.31833],[-74.90722,5.31833],[-74.90722,5.31833],[-74.90722,5.31833],[-74.90722,5.31833],[-74.90722,5.31833],[-74.90722,5.31833],[-74.90722,5.31833],[-74.90722,5.31833],[-74.90722,5.31832],[-74.90722,5.31832],[-74.90722,5.31832],[-74.90722,5.31832],[-74.90722,5.31832],[-74.90722,5.31832],[-74.90722,5.31832],[-74.90722,5.31832],[-74.90722,5.31832],[-74.90722,5.31832],[-74.90722,5.31832],[-74.90722,5.31832],[-74.90723,5.31832],[-74.90723,5.31832],[-74.90723,5.31832],[-74.90723,5.31832],[-74.90723,5.31832],[-74.90723,5.31832],[-74.90723,5.31832],[-74.90723,5.31832],[-74.90723,5.31832],[-74.90723,5.31832],[-74.90723,5.31832],[-74.90723,5.31832],[-74.90724,5.31832],[-74.90724,5.31832],[-74.90724,5.31832],[-74.90724,5.31832],[-74.90724,5.31832],[-74.90724,5.31832],[-74.90724,5.31832],[-74.90724,5.31832],[-74.90724,5.31832],[-74.90724,5.31832],[-74.90724,5.31832],[-74.90724,5.31831],[-74.90724,5.31831],[-74.90724,5.31831],[-74.90724,5.31831],[-74.90724,5.31831],[-74.90724,5.31831],[-74.90724,5.31831],[-74.90724,5.31831],[-74.90724,5.31831],[-74.90724,5.31831],[-74.90724,5.3183],[-74.90724,5.3183],[-74.90724,5.3183],[-74.90724,5.3183],[-74.90724,5.3183],[-74.90724,5.3183],[-74.90724,5.3183],[-74.90724,5.3183],[-74.90724,5.3183],[-74.90724,5.3183],[-74.90724,5.3183],[-74.90724,5.3183],[-74.90724,5.3183],[-74.90724,5.3183],[-74.90724,5.3183],[-74.90724,5.3183],[-74.90724,5.3183],[-74.90724,5.3183],[-74.90724,5.3183],[-74.90724,5.3183],[-74.90725,5.3183],[-74.90725,5.3183],[-74.90725,5.3183],[-74.90725,5.3183],[-74.90725,5.3183],[-74.90725,5.3183],[-74.90725,5.3183],[-74.90725,5.3183],[-74.90725,5.3183],[-74.90725,5.3183],[-74.90725,5.3183],[-74.90725,5.3183],[-74.90725,5.3183],[-74.90725,5.3183],[-74.90725,5.31829],[-74.90725,5.31829],[-74.90725,5.31829],[-74.90725,5.31829],[-74.90725,5.31829],[-74.90725,5.31829],[-74.90725,5.31829],[-74.90725,5.31829],[-74.90725,5.31829],[-74.90725,5.31829],[-74.90725,5.31829],[-74.90726,5.31829],[-74.90726,5.31829],[-74.90726,5.31829],[-74.90726,5.31828],[-74.90726,5.31828],[-74.90726,5.31828],[-74.90726,5.31828],[-74.90726,5.31828],[-74.90726,5.31828],[-74.90726,5.31828],[-74.90726,5.31828],[-74.90726,5.31828],[-74.90726,5.31828],[-74.90726,5.31828],[-74.90726,5.31828],[-74.90726,5.31828],[-74.90726,5.31828],[-74.90726,5.31828],[-74.90726,5.31828],[-74.90726,5.31828],[-74.90726,5.31828],[-74.90726,5.31828],[-74.90726,5.31828],[-74.90726,5.31828],[-74.90726,5.31828],[-74.90726,5.31828],[-74.90726,5.31828],[-74.90726,5.31828],[-74.90726,5.31828],[-74.90726,5.31828],[-74.90726,5.31828],[-74.90726,5.31828],[-74.90726,5.31828],[-74.90726,5.31828],[-74.90727,5.31828],[-74.90727,5.31828],[-74.90727,5.31828],[-74.90727,5.31828],[-74.90727,5.31828],[-74.90727,5.31828],[-74.90727,5.31827],[-74.90727,5.31827],[-74.90727,5.31827],[-74.90727,5.31827],[-74.90727,5.31827],[-74.90727,5.31827],[-74.90727,5.31827],[-74.90727,5.31827],[-74.90727,5.31827],[-74.90727,5.31827],[-74.90727,5.31827],[-74.90727,5.31827],[-74.90727,5.31827],[-74.90727,5.31827],[-74.90727,5.31827],[-74.90727,5.31827],[-74.90727,5.31827],[-74.90727,5.31827],[-74.90727,5.31827],[-74.90727,5.31827],[-74.90728,5.31827],[-74.90728,5.31827],[-74.90728,5.31827],[-74.90728,5.31827],[-74.90728,5.31827],[-74.90728,5.31827],[-74.90728,5.31827],[-74.90728,5.31827],[-74.90728,5.31827],[-74.90729,5.31827],[-74.90729,5.31827],[-74.90729,5.31827],[-74.90729,5.31827],[-74.90729,5.31827],[-74.90729,5.31827],[-74.9073,5.31827],[-74.9073,5.31827],[-74.9073,5.31827],[-74.90731,5.31827],[-74.90731,5.31827],[-74.90731,5.31827],[-74.90732,5.31827],[-74.90732,5.31827],[-74.90733,5.31827],[-74.90733,5.31827],[-74.90733,5.31827],[-74.90734,5.31827],[-74.90734,5.31827],[-74.90734,5.31827],[-74.90734,5.31827],[-74.90735,5.31827],[-74.90735,5.31827],[-74.90735,5.31827],[-74.90735,5.31827],[-74.90735,5.31827],[-74.90735,5.31827],[-74.90735,5.31827],[-74.90735,5.31827],[-74.90735,5.31827],[-74.90735,5.31827],[-74.90735,5.31827],[-74.90735,5.31827],[-74.90736,5.31827],[-74.90736,5.31827],[-74.90736,5.31827],[-74.90736,5.31827],[-74.90736,5.31827],[-74.90736,5.31827],[-74.90736,5.31827],[-74.90736,5.31827],[-74.90736,5.31827],[-74.90737,5.31827],[-74.90737,5.31827],[-74.90737,5.31827],[-74.90737,5.31827],[-74.90737,5.31827],[-74.90737,5.31827],[-74.90737,5.31827],[-74.90737,5.31827],[-74.90737,5.31827],[-74.90738,5.31827],[-74.90738,5.31828],[-74.90738,5.31828],[-74.90738,5.31828],[-74.90738,5.31828],[-74.90738,5.31828],[-74.90738,5.31828],[-74.90738,5.31828],[-74.90738,5.31828],[-74.90738,5.31828],[-74.90738,5.31828],[-74.90739,5.31828],[-74.90739,5.31828],[-74.90739,5.31828],[-74.90739,5.31828],[-74.90739,5.31828],[-74.90739,5.31828],[-74.90739,5.31828],[-74.90739,5.31828],[-74.9074,5.31828],[-74.9074,5.31828],[-74.9074,5.31828],[-74.9074,5.31828],[-74.9074,5.31828],[-74.9074,5.31828],[-74.9074,5.31828],[-74.9074,5.31828],[-74.9074,5.31828],[-74.9074,5.31828],[-74.9074,5.31828],[-74.9074,5.31828],[-74.9074,5.31828],[-74.9074,5.31828],[-74.9074,5.31828],[-74.9074,5.31828],[-74.90741,5.31828],[-74.90741,5.31828],[-74.90741,5.31828],[-74.90741,5.31828],[-74.90741,5.31828],[-74.90741,5.31828],[-74.90741,5.31828],[-74.90741,5.31828],[-74.90741,5.31828],[-74.90741,5.31828],[-74.90741,5.31828],[-74.90741,5.31828],[-74.90741,5.31828],[-74.90741,5.31828],[-74.90741,5.31828],[-74.90741,5.31828],[-74.90742,5.31828],[-74.90742,5.31828],[-74.90742,5.31828],[-74.90742,5.31828],[-74.90742,5.31828],[-74.90742,5.31828],[-74.90742,5.31828],[-74.90742,5.31828],[-74.90742,5.31828],[-74.90742,5.31828],[-74.90742,5.31828],[-74.90742,5.31828],[-74.90742,5.31828],[-74.90742,5.31828],[-74.90742,5.31828],[-74.90742,5.31828],[-74.90742,5.31828],[-74.90742,5.31828],[-74.90742,5.31828],[-74.90742,5.31828],[-74.90743,5.31827],[-74.90743,5.31827],[-74.90743,5.31827],[-74.90743,5.31827],[-74.90743,5.31827],[-74.90743,5.31827],[-74.90743,5.31827],[-74.90743,5.31827],[-74.90743,5.31827],[-74.90743,5.31827],[-74.90743,5.31827],[-74.90743,5.31827],[-74.90743,5.31827],[-74.90743,5.31827],[-74.90743,5.31827],[-74.90743,5.31827],[-74.90743,5.31827],[-74.90743,5.31827],[-74.90743,5.31827],[-74.90743,5.31827],[-74.90743,5.31827],[-74.90743,5.31827],[-74.90743,5.31827],[-74.90743,5.31827],[-74.90743,5.31827],[-74.90743,5.31827],[-74.90743,5.31827],[-74.90744,5.31827],[-74.90744,5.31827],[-74.90744,5.31827],[-74.90744,5.31827],[-74.90744,5.31827],[-74.90744,5.31827],[-74.90744,5.31827],[-74.90745,5.31827],[-74.90745,5.31827],[-74.90745,5.31827],[-74.90745,5.31827],[-74.90745,5.31827],[-74.90745,5.31827],[-74.90745,5.31827],[-74.90745,5.31827],[-74.90745,5.31827],[-74.90745,5.31827],[-74.90745,5.31827],[-74.90745,5.31827],[-74.90745,5.31827],[-74.90745,5.31827],[-74.90745,5.31827],[-74.90745,5.31827],[-74.90746,5.31827],[-74.90746,5.31827],[-74.90746,5.31827],[-74.90746,5.31827],[-74.90746,5.31828],[-74.90746,5.31828],[-74.90746,5.31828],[-74.90746,5.31828],[-74.90746,5.31828],[-74.90746,5.31828],[-74.90746,5.31828],[-74.90746,5.31828],[-74.90747,5.31828],[-74.90747,5.31828],[-74.90747,5.31828],[-74.90747,5.31828],[-74.90747,5.31828],[-74.90747,5.31828],[-74.90747,5.31828],[-74.90747,5.31828],[-74.90747,5.31828],[-74.90747,5.31828],[-74.90747,5.31828],[-74.90747,5.31828],[-74.90747,5.31828],[-74.90747,5.31828],[-74.90747,5.31828],[-74.90747,5.31828],[-74.90747,5.31829],[-74.90747,5.31829],[-74.90748,5.31829],[-74.90748,5.31829],[-74.90748,5.31829],[-74.90748,5.31829],[-74.90748,5.31829],[-74.90748,5.31829],[-74.90748,5.31829],[-74.90748,5.31829],[-74.90748,5.31829],[-74.90748,5.31829],[-74.90748,5.31829],[-74.90748,5.31829],[-74.90748,5.31829],[-74.90748,5.31829],[-74.90748,5.31829],[-74.90748,5.31829],[-74.90748,5.31829],[-74.90749,5.31829],[-74.90749,5.31829],[-74.90749,5.31829],[-74.90749,5.31829],[-74.90749,5.31829],[-74.90749,5.31829],[-74.90749,5.31829],[-74.90749,5.31829],[-74.90749,5.31829],[-74.9075,5.31829],[-74.9075,5.31829],[-74.9075,5.31829],[-74.9075,5.31829],[-74.9075,5.31829],[-74.90751,5.31829],[-74.90751,5.31829],[-74.90751,5.31829],[-74.90751,5.31829],[-74.90751,5.31829],[-74.90751,5.31829],[-74.90751,5.31829],[-74.90751,5.31829],[-74.90751,5.31829],[-74.90751,5.31829],[-74.90751,5.31829],[-74.90751,5.31829],[-74.90751,5.31829],[-74.90751,5.31829],[-74.90751,5.31829],[-74.90751,5.31829],[-74.90752,5.31829],[-74.90752,5.31829],[-74.90752,5.31829],[-74.90752,5.31829],[-74.90752,5.31829],[-74.90752,5.31829],[-74.90752,5.31829],[-74.90752,5.31829],[-74.90752,5.31829],[-74.90752,5.3183],[-74.90752,5.3183],[-74.90752,5.3183],[-74.90752,5.3183],[-74.90752,5.3183],[-74.90752,5.3183],[-74.90752,5.3183],[-74.90752,5.3183],[-74.90752,5.3183],[-74.90752,5.3183],[-74.90752,5.3183],[-74.90752,5.3183],[-74.90752,5.3183],[-74.90752,5.3183],[-74.90752,5.3183],[-74.90753,5.3183],[-74.90753,5.3183],[-74.90753,5.3183],[-74.90753,5.31831],[-74.90753,5.31831],[-74.90753,5.31831],[-74.90753,5.31831],[-74.90753,5.31831],[-74.90753,5.31831],[-74.90753,5.31831],[-74.90753,5.31831],[-74.90753,5.31831],[-74.90753,5.31831],[-74.90753,5.31831],[-74.90753,5.31831],[-74.90753,5.31831],[-74.90753,5.31831],[-74.90753,5.31831],[-74.90753,5.31831],[-74.90753,5.31831],[-74.90753,5.31831],[-74.90754,5.31831],[-74.90754,5.31831],[-74.90754,5.31831],[-74.90754,5.31831],[-74.90754,5.31831],[-74.90754,5.31831],[-74.90754,5.31831],[-74.90754,5.31831],[-74.90754,5.31831],[-74.90754,5.31832],[-74.90754,5.31832],[-74.90754,5.31832],[-74.90754,5.31832],[-74.90754,5.31832],[-74.90755,5.31832],[-74.90755,5.31832],[-74.90755,5.31832],[-74.90755,5.31832],[-74.90755,5.31832],[-74.90755,5.31832],[-74.90755,5.31832],[-74.90755,5.31832],[-74.90755,5.31832],[-74.90755,5.31832],[-74.90755,5.31832],[-74.90755,5.31832],[-74.90755,5.31832],[-74.90755,5.31832],[-74.90755,5.31832],[-74.90755,5.31832],[-74.90755,5.31832],[-74.90755,5.31832],[-74.90755,5.31832],[-74.90755,5.31832],[-74.90755,5.31832],[-74.90755,5.31832],[-74.90755,5.31832],[-74.90756,5.31832],[-74.90756,5.31832],[-74.90756,5.31832],[-74.90756,5.31832],[-74.90756,5.31832],[-74.90756,5.31832],[-74.90756,5.31833],[-74.90756,5.31833],[-74.90756,5.31833],[-74.90756,5.31833],[-74.90756,5.31833],[-74.90756,5.31833],[-74.90756,5.31833],[-74.90756,5.31833],[-74.90756,5.31833],[-74.90756,5.31833],[-74.90756,5.31833],[-74.90756,5.31833],[-74.90756,5.31833],[-74.90757,5.31833],[-74.90757,5.31833],[-74.90757,5.31833],[-74.90757,5.31833],[-74.90757,5.31833],[-74.90757,5.31833],[-74.90757,5.31833],[-74.90757,5.31833],[-74.90757,5.31833],[-74.90757,5.31833],[-74.90757,5.31833],[-74.90757,5.31833],[-74.90757,5.31833],[-74.90758,5.31833],[-74.90758,5.31833],[-74.90758,5.31833],[-74.90758,5.31833],[-74.90758,5.31833],[-74.90758,5.31833],[-74.90758,5.31833],[-74.90758,5.31833],[-74.90758,5.31833],[-74.90758,5.31833],[-74.90758,5.31833],[-74.90758,5.31834],[-74.90758,5.31834],[-74.90758,5.31834],[-74.90759,5.31834],[-74.90759,5.31834],[-74.90759,5.31834],[-74.90759,5.31834],[-74.90759,5.31834],[-74.90759,5.31834],[-74.90759,5.31834],[-74.90759,5.31834],[-74.90759,5.31834],[-74.90759,5.31834],[-74.90759,5.31834],[-74.90759,5.31834],[-74.90759,5.31834],[-74.9076,5.31834],[-74.9076,5.31834],[-74.9076,5.31834],[-74.9076,5.31834],[-74.9076,5.31834],[-74.9076,5.31834],[-74.9076,5.31834],[-74.9076,5.31834],[-74.9076,5.31834],[-74.9076,5.31834],[-74.9076,5.31834],[-74.9076,5.31835],[-74.9076,5.31835],[-74.9076,5.31835],[-74.9076,5.31835],[-74.9076,5.31835],[-74.9076,5.31835],[-74.9076,5.31835],[-74.9076,5.31835],[-74.9076,5.31835],[-74.9076,5.31835],[-74.90761,5.31835],[-74.90761,5.31835],[-74.90761,5.31835],[-74.90761,5.31835],[-74.90761,5.31835],[-74.90761,5.31835],[-74.90761,5.31835],[-74.90761,5.31835],[-74.90761,5.31835],[-74.90761,5.31835],[-74.90761,5.31835],[-74.90761,5.31835],[-74.90761,5.31835],[-74.90761,5.31835],[-74.90761,5.31836],[-74.90761,5.31836],[-74.90761,5.31836],[-74.90761,5.31836],[-74.90761,5.31836],[-74.90761,5.31836],[-74.90761,5.31836],[-74.90761,5.31836],[-74.90761,5.31836],[-74.90761,5.31836],[-74.90762,5.31836],[-74.90762,5.31836],[-74.90762,5.31836],[-74.90762,5.31836],[-74.90762,5.31836],[-74.90762,5.31836],[-74.90762,5.31836],[-74.90762,5.31836],[-74.90762,5.31836],[-74.90762,5.31836],[-74.90762,5.31836],[-74.90762,5.31836],[-74.90762,5.31837],[-74.90762,5.31837],[-74.90762,5.31837],[-74.90763,5.31837],[-74.90763,5.31837],[-74.90763,5.31837],[-74.90763,5.31837],[-74.90763,5.31837],[-74.90763,5.31837],[-74.90763,5.31837],[-74.90763,5.31837],[-74.90763,5.31837],[-74.90763,5.31837],[-74.90763,5.31837],[-74.90764,5.31837],[-74.90764,5.31837],[-74.90764,5.31837],[-74.90764,5.31837],[-74.90764,5.31837],[-74.90764,5.31837],[-74.90764,5.31837],[-74.90764,5.31837],[-74.90764,5.31837],[-74.90764,5.31837],[-74.90764,5.31837],[-74.90764,5.31837],[-74.90764,5.31837],[-74.90764,5.31837],[-74.90764,5.31837],[-74.90764,5.31837],[-74.90764,5.31837],[-74.90764,5.31837],[-74.90764,5.31837],[-74.90765,5.31837],[-74.90765,5.31837],[-74.90765,5.31837],[-74.90765,5.31837],[-74.90765,5.31837],[-74.90766,5.31837],[-74.90766,5.31837],[-74.90766,5.31837],[-74.90766,5.31837],[-74.90766,5.31837],[-74.90766,5.31837],[-74.90766,5.31838],[-74.90766,5.31838],[-74.90766,5.31838],[-74.90766,5.31838],[-74.90766,5.31838],[-74.90766,5.31838],[-74.90767,5.31838],[-74.90767,5.31838],[-74.90767,5.31838],[-74.90767,5.31838],[-74.90767,5.31838],[-74.90767,5.31838],[-74.90767,5.31838],[-74.90767,5.31838],[-74.90767,5.31838],[-74.90767,5.31838],[-74.90767,5.31838],[-74.90767,5.31838],[-74.90767,5.31838],[-74.90767,5.31838],[-74.90767,5.31838],[-74.90767,5.31838],[-74.90767,5.31838],[-74.90767,5.31838],[-74.90767,5.31838],[-74.90768,5.31838],[-74.90768,5.31838],[-74.90768,5.31838],[-74.90768,5.31838],[-74.90768,5.31838],[-74.90768,5.31838],[-74.90768,5.31839],[-74.90768,5.31839],[-74.90768,5.31839],[-74.90768,5.31839],[-74.90768,5.31839],[-74.90768,5.31839],[-74.90768,5.31839],[-74.90768,5.31839],[-74.90769,5.31839],[-74.90769,5.31839],[-74.90769,5.31839],[-74.90769,5.31839],[-74.90769,5.31839],[-74.90769,5.31839],[-74.90769,5.31839],[-74.90769,5.31839],[-74.90769,5.31839],[-74.90769,5.31839],[-74.90769,5.31839],[-74.90769,5.31839],[-74.90769,5.31839],[-74.90769,5.31839],[-74.90769,5.31839],[-74.90769,5.31839],[-74.9077,5.31839],[-74.9077,5.3184],[-74.9077,5.3184],[-74.9077,5.3184],[-74.9077,5.3184],[-74.9077,5.3184],[-74.9077,5.3184],[-74.9077,5.3184],[-74.9077,5.3184],[-74.9077,5.3184],[-74.9077,5.3184],[-74.9077,5.3184],[-74.9077,5.3184],[-74.9077,5.3184],[-74.9077,5.3184],[-74.9077,5.3184],[-74.90771,5.3184],[-74.90771,5.3184],[-74.90771,5.3184],[-74.90771,5.3184],[-74.90771,5.3184],[-74.90771,5.3184],[-74.90771,5.3184],[-74.90771,5.3184],[-74.90771,5.3184],[-74.90772,5.3184],[-74.90772,5.3184],[-74.90772,5.3184],[-74.90772,5.3184],[-74.90773,5.3184],[-74.90773,5.3184],[-74.90773,5.3184],[-74.90773,5.3184],[-74.90774,5.3184],[-74.90774,5.3184],[-74.90774,5.3184],[-74.90774,5.3184],[-74.90775,5.3184],[-74.90775,5.3184],[-74.90775,5.3184],[-74.90775,5.3184],[-74.90775,5.3184],[-74.90775,5.3184],[-74.90775,5.3184],[-74.90775,5.3184],[-74.90775,5.3184],[-74.90775,5.3184],[-74.90775,5.3184],[-74.90776,5.3184],[-74.90776,5.3184],[-74.90776,5.3184],[-74.90776,5.3184],[-74.90777,5.3184],[-74.90777,5.3184],[-74.90777,5.3184],[-74.90777,5.3184],[-74.90778,5.3184],[-74.90778,5.3184],[-74.90778,5.3184],[-74.90778,5.3184],[-74.90778,5.31841],[-74.90778,5.31841],[-74.90778,5.31841],[-74.90778,5.31841],[-74.90778,5.31841],[-74.90778,5.31841],[-74.90778,5.31841],[-74.90778,5.31841],[-74.90778,5.31841],[-74.90779,5.31841],[-74.90779,5.31841],[-74.90779,5.31841],[-74.90779,5.31841],[-74.90779,5.31841],[-74.90779,5.31841],[-74.90779,5.31841],[-74.90779,5.31841],[-74.90779,5.31841],[-74.90779,5.31841],[-74.90779,5.31841],[-74.90779,5.31841],[-74.9078,5.31841],[-74.9078,5.31841],[-74.9078,5.31841],[-74.9078,5.31841],[-74.9078,5.31841],[-74.9078,5.31841],[-74.9078,5.31841],[-74.9078,5.31841],[-74.9078,5.31841],[-74.9078,5.31841],[-74.9078,5.31841],[-74.9078,5.31841],[-74.9078,5.31841],[-74.9078,5.31841],[-74.9078,5.31841],[-74.9078,5.31841],[-74.9078,5.31842],[-74.9078,5.31842],[-74.9078,5.31842],[-74.9078,5.31842],[-74.9078,5.31842],[-74.90781,5.31842],[-74.90781,5.31842],[-74.90781,5.31842],[-74.90781,5.31842],[-74.90781,5.31842],[-74.90781,5.31842],[-74.90781,5.31842],[-74.90781,5.31842],[-74.90781,5.31842],[-74.90781,5.31842],[-74.90781,5.31842],[-74.90781,5.31842],[-74.90781,5.31842],[-74.90781,5.31842],[-74.90781,5.31842],[-74.90781,5.31842],[-74.90781,5.31842],[-74.90781,5.31842],[-74.90781,5.31842],[-74.90781,5.31842],[-74.90781,5.31841],[-74.90781,5.31841],[-74.90781,5.31841],[-74.90781,5.31841],[-74.90782,5.31841],[-74.90782,5.31841],[-74.90782,5.31841],[-74.90782,5.31841],[-74.90782,5.31841],[-74.90782,5.31841],[-74.90782,5.31841],[-74.90782,5.31841],[-74.90782,5.31841],[-74.90782,5.31841],[-74.90782,5.31842],[-74.90782,5.31842],[-74.90782,5.31842],[-74.90782,5.31842],[-74.90782,5.31842],[-74.90782,5.31842],[-74.90782,5.31842],[-74.90782,5.31842],[-74.90782,5.31842],[-74.90782,5.31842],[-74.90782,5.31842],[-74.90783,5.31842],[-74.90783,5.31842],[-74.90783,5.31842],[-74.90783,5.31842],[-74.90783,5.31842],[-74.90783,5.31842],[-74.90783,5.31842],[-74.90783,5.31842],[-74.90783,5.31842],[-74.90783,5.31842],[-74.90783,5.31842],[-74.90783,5.31842],[-74.90783,5.31842],[-74.90783,5.31842],[-74.90783,5.31842],[-74.90783,5.31841],[-74.90783,5.31841],[-74.90783,5.31841],[-74.90783,5.31841],[-74.90783,5.31841],[-74.90783,5.31841],[-74.90783,5.31841],[-74.90783,5.31841],[-74.90784,5.31841],[-74.90784,5.31841],[-74.90784,5.31841],[-74.90784,5.31841],[-74.90784,5.31841],[-74.90785,5.31841],[-74.90785,5.31841],[-74.90785,5.31841],[-74.90786,5.31841],[-74.90786,5.31841],[-74.90786,5.31841],[-74.90786,5.31841],[-74.90787,5.31841],[-74.90787,5.31841],[-74.90787,5.31841],[-74.90787,5.31841],[-74.90787,5.31841],[-74.90788,5.31841],[-74.90788,5.31841],[-74.90788,5.31841],[-74.90788,5.31841],[-74.90789,5.31841],[-74.90789,5.31841],[-74.90789,5.31841],[-74.90789,5.31841],[-74.90789,5.31841],[-74.90789,5.31841],[-74.90789,5.31841],[-74.90789,5.31841],[-74.90789,5.31841],[-74.90789,5.31841],[-74.90789,5.31841],[-74.9079,5.31842],[-74.9079,5.31842],[-74.9079,5.31842],[-74.9079,5.31842],[-74.9079,5.31842],[-74.9079,5.31842],[-74.9079,5.31842],[-74.9079,5.31842],[-74.9079,5.31842],[-74.9079,5.31842],[-74.9079,5.31842],[-74.9079,5.31842],[-74.9079,5.31842],[-74.9079,5.31842],[-74.9079,5.31842],[-74.9079,5.31842],[-74.9079,5.31842],[-74.9079,5.31842],[-74.90791,5.31842],[-74.90791,5.31842],[-74.90791,5.31842],[-74.90791,5.31842],[-74.90791,5.31842],[-74.90791,5.31842],[-74.90791,5.31842],[-74.90791,5.31842],[-74.90791,5.31842],[-74.90791,5.31842],[-74.90791,5.31842],[-74.90792,5.31842],[-74.90792,5.31842],[-74.90792,5.31842],[-74.90792,5.31842],[-74.90792,5.31842],[-74.90792,5.31842],[-74.90792,5.31842],[-74.90793,5.31842],[-74.90793,5.31842],[-74.90793,5.31842],[-74.90793,5.31842],[-74.90793,5.31842],[-74.90793,5.31842],[-74.90793,5.31842],[-74.90793,5.31842],[-74.90793,5.31842],[-74.90793,5.31842],[-74.90793,5.31842],[-74.90793,5.31842],[-74.90793,5.31842],[-74.90793,5.31842],[-74.90793,5.31842],[-74.90794,5.31842],[-74.90794,5.31842],[-74.90794,5.31842],[-74.90795,5.31842],[-74.90795,5.31842],[-74.90795,5.31842],[-74.90795,5.31842],[-74.90795,5.31842],[-74.90795,5.31842],[-74.90795,5.31842],[-74.90795,5.31842],[-74.90795,5.31842],[-74.90795,5.31842],[-74.90795,5.31842],[-74.90795,5.31842],[-74.90795,5.31842],[-74.90795,5.31842],[-74.90795,5.31842],[-74.90795,5.31842],[-74.90795,5.31842],[-74.90795,5.31842],[-74.90795,5.31842],[-74.90795,5.31842],[-74.90795,5.31842],[-74.90795,5.31842],[-74.90796,5.31842],[-74.90796,5.31842],[-74.90796,5.31843],[-74.90796,5.31843],[-74.90796,5.31843],[-74.90796,5.31843],[-74.90796,5.31843],[-74.90796,5.31843],[-74.90796,5.31843],[-74.90796,5.31843],[-74.90796,5.31843],[-74.90796,5.31843],[-74.90796,5.31843],[-74.90796,5.31843],[-74.90796,5.31843],[-74.90797,5.31843],[-74.90797,5.31843],[-74.90797,5.31843],[-74.90797,5.31843],[-74.90797,5.31843],[-74.90797,5.31843],[-74.90797,5.31843],[-74.90797,5.31843],[-74.90797,5.31843],[-74.90797,5.31843],[-74.90797,5.31843],[-74.90797,5.31843],[-74.90797,5.31843],[-74.90797,5.31843],[-74.90797,5.31843],[-74.90797,5.31843],[-74.90797,5.31843],[-74.90797,5.31844],[-74.90797,5.31844],[-74.90797,5.31844],[-74.90798,5.31844],[-74.90798,5.31844],[-74.90798,5.31844],[-74.90798,5.31844],[-74.90798,5.31843],[-74.90798,5.31843],[-74.90798,5.31843],[-74.90798,5.31843],[-74.90798,5.31843],[-74.90798,5.31843],[-74.90798,5.31843],[-74.90798,5.31843],[-74.90798,5.31843],[-74.90798,5.31843],[-74.90798,5.31843],[-74.90798,5.31843],[-74.90798,5.31843],[-74.90798,5.31843],[-74.90798,5.31843],[-74.90798,5.31843],[-74.90799,5.31843],[-74.90799,5.31843],[-74.90799,5.31843],[-74.90799,5.31843],[-74.90799,5.31843],[-74.90799,5.31843],[-74.90799,5.31843],[-74.90799,5.31843],[-74.90799,5.31843],[-74.90799,5.31843],[-74.90799,5.31843],[-74.90799,5.31843],[-74.90799,5.31843],[-74.90799,5.31843],[-74.90799,5.31844],[-74.90799,5.31844],[-74.90799,5.31844],[-74.90799,5.31844],[-74.90799,5.31844],[-74.90799,5.31844],[-74.90799,5.31844],[-74.90799,5.31844],[-74.90799,5.31844],[-74.90799,5.31844],[-74.90799,5.31844],[-74.90799,5.31844],[-74.90799,5.31844],[-74.90799,5.31844],[-74.90799,5.31844],[-74.90799,5.31844],[-74.90799,5.31844],[-74.908,5.31844],[-74.908,5.31844],[-74.908,5.31844],[-74.908,5.31845],[-74.908,5.31845],[-74.908,5.31845],[-74.908,5.31845],[-74.908,5.31845],[-74.908,5.31845],[-74.908,5.31845],[-74.908,5.31845],[-74.908,5.31845],[-74.908,5.31845],[-74.90801,5.31845],[-74.90801,5.31845],[-74.90801,5.31845],[-74.90801,5.31845],[-74.90801,5.31845],[-74.90801,5.31845],[-74.90801,5.31845],[-74.90801,5.31845],[-74.90801,5.31845],[-74.90801,5.31845],[-74.90801,5.31845],[-74.90801,5.31845],[-74.90801,5.31845],[-74.90801,5.31845],[-74.90801,5.31845],[-74.90801,5.31845],[-74.90801,5.31845],[-74.90801,5.31845],[-74.90801,5.31845],[-74.90802,5.31845],[-74.90803,5.31844],[-74.90803,5.31844],[-74.90803,5.31844],[-74.90803,5.31844],[-74.90803,5.31845],[-74.90804,5.31845],[-74.90804,5.31845],[-74.90804,5.31845],[-74.90804,5.31845],[-74.90804,5.31845],[-74.90804,5.31845],[-74.90804,5.31845],[-74.90804,5.31845],[-74.90804,5.31845],[-74.90804,5.31845],[-74.90804,5.31845],[-74.90804,5.31845],[-74.90805,5.31845],[-74.90805,5.31845],[-74.90805,5.31845],[-74.90805,5.31845],[-74.90805,5.31845],[-74.90805,5.31845],[-74.90805,5.31845],[-74.90805,5.31845],[-74.90805,5.31845],[-74.90805,5.31845],[-74.90805,5.31845],[-74.90806,5.31845],[-74.90806,5.31845],[-74.90806,5.31845],[-74.90806,5.31845],[-74.90806,5.31845],[-74.90806,5.31845],[-74.90806,5.31845],[-74.90806,5.31845],[-74.90806,5.31845],[-74.90806,5.31845],[-74.90806,5.31845],[-74.90806,5.31845],[-74.90806,5.31845],[-74.90806,5.31845],[-74.90806,5.31845],[-74.90807,5.31845],[-74.90807,5.31845],[-74.90807,5.31845],[-74.90807,5.31845],[-74.90807,5.31845],[-74.90807,5.31846],[-74.90808,5.31846],[-74.90808,5.31846],[-74.90808,5.31846],[-74.90808,5.31846],[-74.90808,5.31846],[-74.90808,5.31846],[-74.90808,5.31846],[-74.90808,5.31846],[-74.90808,5.31846],[-74.90808,5.31846],[-74.90808,5.31846],[-74.90808,5.31846],[-74.90808,5.31846],[-74.90808,5.31846],[-74.90808,5.31846],[-74.90808,5.31846],[-74.90808,5.31846],[-74.90808,5.31846],[-74.90809,5.31846],[-74.90809,5.31846],[-74.90809,5.31846],[-74.90809,5.31846],[-74.90809,5.31846],[-74.90809,5.31846],[-74.90809,5.31846],[-74.90809,5.31846],[-74.90809,5.31846],[-74.90809,5.31846],[-74.90809,5.31846],[-74.90809,5.31846],[-74.90809,5.31847],[-74.90809,5.31847],[-74.90809,5.31847],[-74.90809,5.31847],[-74.90809,5.31847],[-74.90809,5.31847],[-74.90809,5.31847],[-74.9081,5.31847],[-74.9081,5.31847],[-74.9081,5.31847],[-74.9081,5.31847],[-74.9081,5.31847],[-74.9081,5.31847],[-74.9081,5.31847],[-74.9081,5.31847],[-74.9081,5.31847],[-74.9081,5.31847],[-74.9081,5.31847],[-74.9081,5.31847],[-74.9081,5.31847],[-74.9081,5.31847],[-74.9081,5.31847],[-74.9081,5.31847],[-74.9081,5.31848],[-74.90811,5.31848],[-74.90811,5.31848],[-74.90811,5.31848],[-74.90811,5.31848],[-74.90811,5.31848],[-74.90811,5.31848],[-74.90811,5.31848],[-74.90811,5.31848],[-74.90811,5.31848],[-74.90811,5.31848],[-74.90811,5.31847],[-74.90811,5.31847],[-74.90811,5.31847],[-74.90811,5.31847],[-74.90811,5.31847],[-74.90811,5.31847],[-74.90811,5.31847],[-74.90811,5.31847],[-74.90811,5.31847],[-74.90811,5.31847],[-74.90811,5.31847],[-74.90811,5.31847],[-74.90811,5.31847],[-74.90811,5.31847],[-74.90811,5.31847],[-74.90812,5.31847],[-74.90812,5.31847],[-74.90812,5.31847],[-74.90812,5.31847],[-74.90812,5.31847],[-74.90812,5.31847],[-74.90812,5.31847],[-74.90812,5.31847],[-74.90812,5.31847],[-74.90812,5.31847],[-74.90812,5.31847],[-74.90812,5.31848],[-74.90812,5.31848],[-74.90812,5.31848],[-74.90812,5.31848],[-74.90812,5.31848],[-74.90812,5.31848],[-74.90812,5.31848],[-74.90812,5.31848],[-74.90812,5.31848],[-74.90812,5.31848],[-74.90812,5.31848],[-74.90812,5.31848],[-74.90812,5.31848],[-74.90812,5.31848],[-74.90813,5.31848],[-74.90813,5.31848],[-74.90813,5.31848],[-74.90813,5.31848],[-74.90813,5.31848],[-74.90813,5.31848],[-74.90813,5.31848],[-74.90813,5.31848],[-74.90813,5.31848],[-74.90814,5.31848],[-74.90814,5.31848],[-74.90814,5.31848],[-74.90814,5.31848],[-74.90814,5.31848],[-74.90814,5.31848],[-74.90814,5.31848],[-74.90814,5.31848],[-74.90814,5.31848],[-74.90814,5.31848],[-74.90814,5.31848],[-74.90814,5.31848],[-74.90814,5.31848],[-74.90814,5.31848],[-74.90814,5.31848],[-74.90814,5.31848],[-74.90814,5.31848],[-74.90814,5.31848],[-74.90814,5.31848],[-74.90814,5.31848],[-74.90814,5.31848],[-74.90814,5.31848],[-74.90814,5.31848],[-74.90814,5.31848],[-74.90814,5.31848],[-74.90814,5.31848],[-74.90814,5.31848],[-74.90815,5.31848],[-74.90815,5.31848],[-74.90815,5.31848],[-74.90815,5.31848],[-74.90815,5.31848],[-74.90815,5.31848],[-74.90815,5.31848],[-74.90815,5.31848],[-74.90815,5.31848],[-74.90815,5.31847],[-74.90815,5.31847],[-74.90815,5.31847],[-74.90815,5.31847],[-74.90815,5.31847],[-74.90815,5.31847],[-74.90815,5.31847],[-74.90815,5.31847],[-74.90815,5.31847],[-74.90815,5.31847],[-74.90815,5.31847],[-74.90815,5.31847],[-74.90815,5.31847],[-74.90816,5.31847],[-74.90816,5.31847],[-74.90816,5.31847],[-74.90816,5.31847],[-74.90816,5.31847],[-74.90816,5.31847],[-74.90816,5.31847],[-74.90816,5.31847],[-74.90816,5.31847],[-74.90816,5.31847],[-74.90816,5.31847],[-74.90816,5.31847],[-74.90816,5.31847],[-74.90816,5.31847],[-74.90816,5.31847],[-74.90816,5.31847],[-74.90816,5.31847],[-74.90816,5.31847],[-74.90816,5.31847],[-74.90816,5.31847],[-74.90817,5.31847],[-74.90817,5.31847],[-74.90817,5.31847],[-74.90817,5.31847],[-74.90817,5.31847],[-74.90817,5.31847],[-74.90817,5.31847],[-74.90817,5.31847],[-74.90817,5.31847],[-74.90817,5.31847],[-74.90817,5.31847],[-74.90817,5.31847],[-74.90817,5.31847],[-74.90817,5.31847],[-74.90817,5.31847],[-74.90818,5.31847],[-74.90818,5.31847],[-74.90818,5.31847],[-74.90818,5.31847],[-74.90818,5.31847],[-74.90818,5.31847],[-74.90818,5.31847],[-74.90818,5.31847],[-74.90818,5.31847],[-74.90818,5.31847],[-74.90818,5.31847],[-74.90818,5.31847],[-74.90818,5.31847],[-74.90818,5.31847],[-74.90818,5.31847],[-74.90818,5.31847],[-74.90818,5.31847],[-74.90818,5.31847],[-74.90818,5.31847],[-74.90818,5.31847],[-74.90819,5.31847],[-74.90819,5.31847],[-74.90819,5.31847],[-74.90819,5.31847],[-74.90819,5.31847],[-74.90819,5.31847],[-74.90819,5.31847],[-74.90819,5.31847],[-74.9082,5.31847],[-74.9082,5.31847],[-74.9082,5.31847],[-74.9082,5.31847],[-74.9082,5.31847],[-74.9082,5.31847],[-74.9082,5.31847],[-74.9082,5.31847],[-74.9082,5.31847],[-74.9082,5.31847],[-74.9082,5.31847],[-74.9082,5.31847],[-74.9082,5.31847],[-74.9082,5.31847],[-74.9082,5.31847],[-74.9082,5.31847],[-74.9082,5.31847],[-74.90821,5.31847],[-74.90821,5.31847],[-74.90821,5.31847],[-74.90821,5.31847],[-74.90821,5.31847],[-74.90821,5.31847],[-74.90821,5.31847],[-74.90821,5.31847],[-74.90821,5.31847],[-74.90822,5.31847],[-74.90822,5.31847],[-74.90822,5.31847],[-74.90822,5.31847],[-74.90822,5.31847],[-74.90822,5.31847],[-74.90822,5.31847],[-74.90822,5.31847],[-74.90822,5.31847],[-74.90822,5.31847],[-74.90822,5.31846],[-74.90822,5.31846],[-74.90822,5.31846],[-74.90822,5.31846],[-74.90822,5.31846],[-74.90822,5.31846],[-74.90822,5.31846],[-74.90823,5.31846],[-74.90823,5.31846],[-74.90823,5.31846],[-74.90823,5.31846],[-74.90823,5.31846],[-74.90823,5.31846],[-74.90823,5.31846],[-74.90824,5.31846],[-74.90824,5.31846],[-74.90824,5.31846],[-74.90824,5.31846],[-74.90824,5.31846],[-74.90824,5.31846],[-74.90824,5.31846],[-74.90824,5.31846],[-74.90824,5.31847],[-74.90824,5.31847],[-74.90824,5.31847],[-74.90824,5.31847],[-74.90824,5.31847],[-74.90824,5.31847],[-74.90824,5.31847],[-74.90825,5.31847],[-74.90825,5.31847],[-74.90825,5.31847],[-74.90825,5.31847],[-74.90825,5.31847],[-74.90825,5.31847],[-74.90825,5.31847],[-74.90825,5.31847],[-74.90825,5.31847],[-74.90825,5.31847],[-74.90825,5.31847],[-74.90825,5.31847],[-74.90825,5.31847],[-74.90825,5.31847],[-74.90825,5.31847],[-74.90825,5.31847],[-74.90825,5.31847],[-74.90825,5.31847],[-74.90825,5.31847],[-74.90825,5.31847],[-74.90825,5.31847],[-74.90825,5.31847],[-74.90825,5.31847],[-74.90825,5.31847],[-74.90825,5.31847],[-74.90825,5.31847],[-74.90826,5.31847],[-74.90826,5.31847],[-74.90826,5.31847],[-74.90826,5.31847],[-74.90826,5.31847],[-74.90826,5.31847],[-74.90826,5.31847],[-74.90826,5.31847],[-74.90826,5.31847],[-74.90826,5.31847],[-74.90826,5.31847],[-74.90826,5.31847],[-74.90826,5.31847],[-74.90826,5.31847],[-74.90826,5.31848],[-74.90827,5.31848],[-74.90827,5.31848],[-74.90827,5.31848],[-74.90828,5.31848],[-74.90828,5.31848],[-74.90828,5.31848],[-74.90828,5.31848],[-74.90828,5.31848],[-74.90828,5.31848],[-74.90829,5.31848],[-74.90829,5.31848],[-74.90829,5.31848],[-74.90829,5.31848],[-74.90829,5.31848],[-74.90829,5.31848],[-74.9083,5.31848],[-74.9083,5.31848],[-74.9083,5.31848],[-74.9083,5.31848],[-74.9083,5.31848],[-74.9083,5.31848],[-74.9083,5.31848],[-74.9083,5.31848],[-74.9083,5.31848],[-74.9083,5.31847],[-74.9083,5.31847],[-74.9083,5.31847],[-74.9083,5.31847],[-74.9083,5.31847],[-74.9083,5.31847],[-74.9083,5.31847],[-74.9083,5.31847],[-74.90831,5.31847],[-74.90831,5.31847],[-74.90831,5.31847],[-74.90831,5.31847],[-74.90831,5.31847],[-74.90831,5.31847],[-74.90831,5.31847],[-74.90831,5.31847],[-74.90832,5.31847],[-74.90832,5.31847],[-74.90832,5.31847],[-74.90832,5.31847],[-74.90832,5.31847],[-74.90832,5.31847],[-74.90832,5.31847],[-74.90832,5.31847],[-74.90832,5.31847],[-74.90832,5.31847],[-74.90832,5.31847],[-74.90832,5.31847],[-74.90832,5.31847],[-74.90832,5.31847],[-74.90832,5.31847],[-74.90832,5.31847],[-74.90832,5.31847],[-74.90832,5.31847],[-74.90832,5.31847],[-74.90832,5.31847],[-74.90832,5.31847],[-74.90833,5.31847],[-74.90833,5.31847],[-74.90833,5.31847],[-74.90833,5.31847],[-74.90833,5.31847],[-74.90834,5.31847],[-74.90834,5.31847],[-74.90834,5.31847],[-74.90835,5.31847],[-74.90835,5.31847],[-74.90835,5.31847],[-74.90835,5.31847],[-74.90836,5.31847],[-74.90836,5.31847],[-74.90836,5.31847],[-74.90836,5.31847],[-74.90836,5.31847],[-74.90836,5.31847],[-74.90836,5.31847],[-74.90836,5.31847],[-74.90836,5.31847],[-74.90836,5.31847],[-74.90836,5.31847],[-74.90836,5.31847],[-74.90836,5.31847],[-74.90836,5.31847],[-74.90836,5.31847],[-74.90836,5.31847],[-74.90836,5.31847],[-74.90836,5.31847],[-74.90836,5.31847],[-74.90836,5.31847],[-74.90836,5.31847],[-74.90836,5.31847],[-74.90836,5.31847],[-74.90836,5.31847],[-74.90836,5.31847],[-74.90836,5.31847],[-74.90837,5.31847],[-74.90837,5.31847],[-74.90837,5.31847],[-74.90837,5.31847],[-74.90837,5.31847],[-74.90837,5.31847],[-74.90837,5.31847],[-74.90837,5.31847],[-74.90837,5.31847],[-74.90837,5.31847],[-74.90837,5.31847],[-74.90837,5.31847],[-74.90837,5.31847],[-74.90837,5.31848],[-74.90837,5.31848],[-74.90838,5.31848],[-74.90838,5.31848],[-74.90838,5.31848],[-74.90838,5.31848],[-74.90838,5.31848],[-74.90838,5.31848],[-74.90838,5.31848],[-74.90838,5.31848],[-74.90838,5.31848],[-74.90838,5.31848],[-74.90838,5.31848],[-74.90838,5.31848],[-74.90838,5.31848],[-74.90838,5.31848],[-74.90838,5.31848],[-74.90838,5.31848],[-74.90838,5.31848],[-74.90838,5.31848],[-74.90838,5.31848],[-74.90838,5.31848],[-74.90838,5.31848],[-74.90839,5.31848],[-74.90839,5.31848],[-74.90839,5.31849],[-74.90839,5.31849],[-74.90839,5.31849],[-74.90839,5.31849],[-74.90839,5.31849],[-74.90839,5.31849],[-74.90839,5.31849],[-74.90839,5.31849],[-74.90839,5.31849],[-74.90839,5.31849],[-74.90839,5.31849],[-74.90839,5.31849],[-74.90839,5.31849],[-74.90839,5.31849],[-74.90839,5.31849],[-74.90839,5.31849],[-74.90839,5.31849],[-74.90839,5.3185],[-74.90839,5.3185],[-74.90839,5.3185],[-74.90839,5.3185],[-74.90839,5.3185],[-74.90839,5.3185],[-74.90839,5.3185],[-74.90839,5.3185],[-74.90839,5.3185],[-74.90839,5.3185],[-74.9084,5.3185],[-74.9084,5.3185],[-74.9084,5.3185],[-74.9084,5.3185],[-74.9084,5.3185],[-74.9084,5.3185],[-74.9084,5.3185],[-74.9084,5.31851],[-74.9084,5.31851],[-74.9084,5.31851],[-74.9084,5.31851],[-74.9084,5.31851],[-74.9084,5.31851],[-74.9084,5.31851],[-74.9084,5.31851],[-74.9084,5.31851],[-74.9084,5.31851],[-74.9084,5.31851],[-74.9084,5.31851],[-74.9084,5.31852],[-74.9084,5.31852],[-74.9084,5.31852],[-74.9084,5.31852],[-74.9084,5.31852],[-74.9084,5.31852],[-74.90841,5.31852],[-74.90841,5.31852],[-74.90841,5.31852],[-74.90841,5.31852],[-74.90841,5.31852],[-74.90841,5.31852],[-74.90841,5.31852],[-74.90841,5.31852],[-74.90841,5.31852],[-74.90841,5.31852],[-74.90841,5.31852],[-74.90841,5.31852],[-74.90841,5.31852],[-74.90841,5.31852],[-74.90842,5.31852],[-74.90842,5.31852],[-74.90842,5.31852],[-74.90842,5.31852],[-74.90842,5.31853],[-74.90842,5.31853],[-74.90842,5.31853],[-74.90842,5.31853],[-74.90842,5.31853],[-74.90842,5.31853],[-74.90842,5.31853],[-74.90842,5.31853],[-74.90842,5.31853],[-74.90842,5.31853],[-74.90842,5.31853],[-74.90842,5.31853],[-74.90842,5.31853],[-74.90842,5.31853],[-74.90842,5.31853],[-74.90842,5.31853],[-74.90842,5.31854],[-74.90842,5.31854],[-74.90842,5.31854],[-74.90842,5.31854],[-74.90842,5.31854],[-74.90842,5.31854],[-74.90842,5.31854],[-74.90842,5.31854],[-74.90842,5.31854],[-74.90842,5.31854],[-74.90842,5.31854],[-74.90842,5.31854],[-74.90842,5.31854],[-74.90842,5.31854],[-74.90842,5.31854],[-74.90842,5.31854],[-74.90842,5.31854],[-74.90842,5.31854],[-74.90842,5.31855],[-74.90842,5.31855],[-74.90842,5.31855],[-74.90843,5.31855],[-74.90843,5.31855],[-74.90843,5.31856],[-74.90843,5.31856],[-74.90843,5.31856],[-74.90843,5.31856],[-74.90843,5.31856],[-74.90843,5.31856],[-74.90843,5.31856],[-74.90843,5.31856],[-74.90843,5.31856],[-74.90843,5.31856],[-74.90843,5.31857],[-74.90843,5.31857],[-74.90843,5.31857],[-74.90843,5.31857],[-74.90843,5.31857],[-74.90843,5.31857],[-74.90843,5.31857],[-74.90843,5.31857],[-74.90843,5.31857],[-74.90843,5.31857],[-74.90843,5.31857],[-74.90843,5.31857],[-74.90843,5.31857],[-74.90843,5.31858],[-74.90843,5.31858],[-74.90843,5.31858],[-74.90843,5.31858],[-74.90843,5.31858],[-74.90843,5.31858],[-74.90843,5.31858],[-74.90843,5.31858],[-74.90843,5.31858],[-74.90843,5.31858],[-74.90843,5.31858],[-74.90843,5.31858],[-74.90843,5.31858],[-74.90843,5.31858],[-74.90843,5.31858],[-74.90843,5.31859],[-74.90843,5.31859],[-74.90843,5.31859],[-74.90843,5.31859],[-74.90844,5.31859],[-74.90844,5.31859],[-74.90844,5.31859],[-74.90844,5.31859],[-74.90844,5.31859],[-74.90844,5.31859],[-74.90844,5.31859],[-74.90844,5.31859],[-74.90844,5.31859],[-74.90844,5.31859],[-74.90844,5.31859],[-74.90844,5.31859],[-74.90844,5.31859],[-74.90844,5.31859],[-74.90844,5.31859],[-74.90844,5.31859],[-74.90844,5.31859],[-74.90844,5.31859],[-74.90844,5.31859],[-74.90844,5.31859],[-74.90844,5.3186],[-74.90844,5.3186],[-74.90844,5.3186],[-74.90845,5.3186],[-74.90845,5.3186],[-74.90845,5.3186],[-74.90845,5.3186],[-74.90845,5.3186],[-74.90845,5.3186],[-74.90845,5.3186],[-74.90845,5.3186],[-74.90845,5.3186],[-74.90845,5.31861],[-74.90845,5.31861],[-74.90845,5.31861],[-74.90845,5.31861],[-74.90845,5.31861],[-74.90845,5.31861],[-74.90845,5.31861],[-74.90845,5.31861],[-74.90845,5.31861],[-74.90845,5.31861],[-74.90845,5.31861],[-74.90845,5.31861],[-74.90845,5.31861],[-74.90845,5.31861],[-74.90845,5.31861],[-74.90845,5.31861],[-74.90845,5.31861],[-74.90845,5.31861],[-74.90845,5.31862],[-74.90845,5.31862],[-74.90845,5.31862],[-74.90845,5.31862],[-74.90845,5.31862],[-74.90845,5.31862],[-74.90845,5.31862],[-74.90845,5.31862],[-74.90846,5.31862],[-74.90846,5.31862],[-74.90846,5.31862],[-74.90846,5.31862],[-74.90846,5.31862],[-74.90846,5.31863],[-74.90846,5.31863],[-74.90846,5.31863],[-74.90846,5.31863],[-74.90846,5.31863],[-74.90846,5.31863],[-74.90846,5.31863],[-74.90846,5.31863],[-74.90846,5.31863],[-74.90846,5.31863],[-74.90846,5.31863],[-74.90846,5.31863],[-74.90846,5.31863],[-74.90846,5.31863],[-74.90846,5.31863],[-74.90846,5.31863],[-74.90846,5.31863],[-74.90846,5.31863],[-74.90846,5.31863],[-74.90846,5.31863],[-74.90846,5.31863],[-74.90846,5.31863],[-74.90846,5.31863],[-74.90846,5.31863],[-74.90846,5.31864],[-74.90846,5.31864],[-74.90846,5.31864],[-74.90846,5.31864],[-74.90846,5.31864],[-74.90846,5.31864],[-74.90846,5.31864],[-74.90846,5.31864],[-74.90846,5.31864],[-74.90846,5.31864],[-74.90846,5.31864],[-74.90847,5.31864],[-74.90847,5.31864],[-74.90847,5.31864],[-74.90847,5.31864],[-74.90847,5.31864],[-74.90847,5.31864],[-74.90847,5.31864],[-74.90847,5.31864],[-74.90847,5.31864],[-74.90847,5.31865],[-74.90847,5.31865],[-74.90847,5.31865],[-74.90847,5.31865],[-74.90847,5.31865],[-74.90847,5.31865],[-74.90847,5.31865],[-74.90847,5.31865],[-74.90847,5.31865],[-74.90847,5.31865],[-74.90847,5.31865],[-74.90847,5.31865],[-74.90847,5.31865],[-74.90847,5.31865],[-74.90847,5.31865],[-74.90848,5.31865],[-74.90848,5.31865],[-74.90848,5.31866],[-74.90848,5.31866],[-74.90848,5.31866],[-74.90848,5.31866],[-74.90848,5.31866],[-74.90848,5.31866],[-74.90848,5.31866],[-74.90848,5.31866],[-74.90848,5.31866],[-74.90848,5.31866],[-74.90848,5.31866],[-74.90848,5.31866],[-74.90848,5.31866],[-74.90848,5.31866],[-74.90848,5.31866],[-74.90848,5.31866],[-74.90848,5.31866],[-74.90848,5.31866],[-74.90848,5.31866],[-74.90848,5.31866],[-74.90848,5.31866],[-74.90849,5.31866],[-74.90849,5.31866],[-74.90849,5.31866],[-74.90849,5.31866],[-74.90849,5.31866],[-74.90849,5.31866],[-74.90849,5.31866],[-74.90849,5.31866],[-74.90849,5.31867],[-74.90849,5.31867],[-74.90849,5.31867],[-74.90849,5.31867],[-74.90849,5.31867],[-74.90849,5.31867],[-74.90849,5.31867],[-74.90849,5.31867],[-74.90849,5.31867],[-74.90849,5.31867],[-74.90849,5.31867],[-74.90849,5.31867],[-74.90849,5.31867],[-74.9085,5.31867],[-74.9085,5.31867],[-74.9085,5.31867],[-74.9085,5.31867],[-74.9085,5.31867],[-74.9085,5.31867],[-74.9085,5.31867],[-74.9085,5.31867],[-74.9085,5.31868],[-74.9085,5.31868],[-74.9085,5.31868],[-74.9085,5.31868],[-74.9085,5.31868],[-74.9085,5.31868],[-74.9085,5.31868],[-74.9085,5.31868],[-74.9085,5.31868],[-74.9085,5.31868],[-74.9085,5.31868],[-74.9085,5.31868],[-74.9085,5.31869],[-74.9085,5.31869],[-74.9085,5.31869],[-74.9085,5.31869],[-74.9085,5.31869],[-74.9085,5.31869],[-74.9085,5.31869],[-74.9085,5.31869],[-74.9085,5.31869],[-74.9085,5.31869],[-74.90851,5.31869],[-74.90851,5.31869],[-74.90851,5.31869],[-74.90851,5.31869],[-74.90851,5.31869],[-74.90851,5.31869],[-74.90851,5.31869],[-74.90851,5.31869],[-74.90851,5.31869],[-74.90851,5.31869],[-74.90851,5.31869],[-74.90851,5.31869],[-74.90851,5.31869],[-74.90851,5.31869],[-74.90851,5.31869],[-74.90851,5.31869],[-74.90851,5.3187],[-74.90852,5.3187],[-74.90852,5.3187],[-74.90852,5.3187],[-74.90852,5.3187],[-74.90852,5.3187],[-74.90852,5.3187],[-74.90852,5.3187],[-74.90852,5.3187],[-74.90852,5.3187],[-74.90852,5.3187],[-74.90852,5.3187],[-74.90852,5.3187],[-74.90852,5.3187],[-74.90852,5.3187],[-74.90852,5.3187],[-74.90852,5.3187],[-74.90852,5.3187],[-74.90852,5.31871],[-74.90852,5.31871],[-74.90852,5.31871],[-74.90852,5.31871],[-74.90852,5.31871],[-74.90852,5.31871],[-74.90852,5.31871],[-74.90852,5.31871],[-74.90852,5.31871],[-74.90852,5.31871],[-74.90852,5.31871],[-74.90852,5.31871],[-74.90853,5.31871],[-74.90853,5.31871],[-74.90853,5.31871],[-74.90853,5.31871],[-74.90853,5.31871],[-74.90853,5.31871],[-74.90853,5.31872],[-74.90853,5.31872],[-74.90853,5.31872],[-74.90853,5.31872],[-74.90853,5.31872],[-74.90853,5.31872],[-74.90853,5.31871],[-74.90853,5.31871],[-74.90853,5.31871],[-74.90853,5.31871],[-74.90853,5.31871],[-74.90853,5.31871],[-74.90853,5.31871],[-74.90853,5.31871],[-74.90853,5.31871],[-74.90853,5.31871],[-74.90853,5.31871],[-74.90853,5.31871],[-74.90853,5.31871],[-74.90854,5.31871],[-74.90854,5.31871],[-74.90854,5.31871],[-74.90854,5.31871],[-74.90854,5.31871],[-74.90854,5.31871],[-74.90854,5.31871],[-74.90854,5.31871],[-74.90854,5.31871],[-74.90854,5.31871],[-74.90854,5.3187],[-74.90854,5.3187],[-74.90854,5.3187],[-74.90854,5.3187],[-74.90854,5.3187],[-74.90854,5.3187],[-74.90854,5.3187],[-74.90854,5.3187],[-74.90854,5.3187],[-74.90854,5.3187],[-74.90854,5.3187],[-74.90854,5.3187],[-74.90854,5.3187],[-74.90854,5.3187],[-74.90854,5.3187],[-74.90854,5.3187],[-74.90854,5.3187],[-74.90854,5.3187],[-74.90855,5.3187],[-74.90855,5.3187],[-74.90855,5.3187],[-74.90855,5.3187],[-74.90855,5.3187],[-74.90855,5.3187],[-74.90855,5.3187],[-74.90855,5.3187],[-74.90855,5.3187],[-74.90855,5.3187],[-74.90855,5.31871],[-74.90855,5.31871],[-74.90855,5.31871],[-74.90855,5.31871],[-74.90855,5.31871],[-74.90855,5.31871],[-74.90855,5.31871],[-74.90855,5.31871],[-74.90855,5.31871],[-74.90855,5.31871],[-74.90855,5.31871],[-74.90855,5.31871],[-74.90855,5.31871],[-74.90855,5.31871],[-74.90855,5.31871],[-74.90855,5.31871],[-74.90855,5.31871],[-74.90855,5.31871],[-74.90855,5.31871],[-74.90856,5.31871],[-74.90856,5.31871],[-74.90856,5.31872],[-74.90856,5.31872],[-74.90856,5.31872],[-74.90856,5.31872],[-74.90856,5.31872],[-74.90856,5.31872],[-74.90856,5.31872],[-74.90856,5.31872],[-74.90856,5.31872],[-74.90856,5.31872],[-74.90856,5.31872],[-74.90856,5.31872],[-74.90856,5.31872],[-74.90856,5.31872],[-74.90856,5.31872],[-74.90856,5.31872],[-74.90856,5.31872],[-74.90856,5.31872],[-74.90856,5.31872],[-74.90856,5.31872],[-74.90856,5.31872],[-74.90856,5.31872],[-74.90856,5.31872],[-74.90856,5.31873],[-74.90856,5.31873],[-74.90856,5.31873],[-74.90857,5.31873],[-74.90857,5.31873],[-74.90857,5.31873],[-74.90857,5.31873],[-74.90857,5.31873],[-74.90857,5.31873],[-74.90857,5.31873],[-74.90857,5.31873],[-74.90857,5.31873],[-74.90857,5.31873],[-74.90857,5.31873],[-74.90857,5.31873],[-74.90857,5.31873],[-74.90857,5.31873],[-74.90857,5.31873],[-74.90857,5.31873],[-74.90857,5.31873],[-74.90857,5.31873],[-74.90857,5.31873],[-74.90857,5.31873],[-74.90857,5.31873],[-74.90857,5.31874],[-74.90857,5.31874],[-74.90857,5.31874],[-74.90857,5.31874],[-74.90857,5.31874],[-74.90857,5.31874],[-74.90857,5.31874],[-74.90857,5.31874],[-74.90857,5.31874],[-74.90858,5.31874],[-74.90858,5.31874],[-74.90858,5.31874],[-74.90858,5.31874],[-74.90858,5.31874],[-74.90858,5.31874],[-74.90858,5.31874],[-74.90858,5.31874],[-74.90858,5.31874],[-74.90858,5.31874],[-74.90858,5.31874],[-74.90858,5.31874],[-74.90858,5.31874],[-74.90858,5.31874],[-74.90858,5.31874],[-74.90858,5.31874],[-74.90858,5.31874],[-74.90858,5.31874],[-74.90859,5.31874],[-74.90859,5.31874],[-74.90859,5.31874],[-74.90859,5.31874],[-74.90859,5.31874],[-74.90859,5.31874],[-74.90859,5.31875],[-74.90859,5.31875],[-74.90859,5.31875],[-74.90859,5.31875],[-74.90859,5.31875],[-74.90859,5.31875],[-74.90859,5.31875],[-74.90859,5.31875],[-74.90859,5.31875],[-74.90859,5.31875],[-74.90859,5.31875],[-74.90859,5.31875],[-74.90859,5.31875],[-74.90859,5.31875],[-74.90859,5.31875],[-74.90859,5.31875],[-74.90859,5.31875],[-74.9086,5.31875],[-74.9086,5.31875],[-74.9086,5.31875],[-74.9086,5.31875],[-74.9086,5.31875],[-74.9086,5.31876],[-74.9086,5.31876],[-74.9086,5.31876],[-74.9086,5.31876],[-74.9086,5.31876],[-74.9086,5.31876],[-74.9086,5.31876],[-74.9086,5.31876],[-74.9086,5.31876],[-74.9086,5.31876],[-74.9086,5.31876],[-74.9086,5.31876],[-74.9086,5.31876],[-74.9086,5.31876],[-74.9086,5.31876],[-74.9086,5.31876],[-74.9086,5.31876],[-74.9086,5.31876],[-74.9086,5.31876],[-74.9086,5.31876],[-74.9086,5.31876],[-74.9086,5.31876],[-74.9086,5.31876],[-74.9086,5.31876],[-74.9086,5.31876],[-74.9086,5.31876],[-74.9086,5.31876],[-74.9086,5.31876],[-74.9086,5.31876],[-74.9086,5.31876],[-74.9086,5.31876],[-74.9086,5.31876],[-74.9086,5.31876],[-74.9086,5.31876],[-74.9086,5.31876],[-74.9086,5.31876],[-74.90861,5.31876],[-74.90861,5.31876],[-74.90861,5.31876],[-74.90861,5.31876],[-74.90861,5.31876],[-74.90861,5.31876],[-74.90861,5.31876],[-74.90861,5.31876],[-74.90861,5.31876],[-74.90861,5.31876],[-74.90861,5.31876],[-74.90861,5.31876],[-74.90861,5.31876],[-74.90861,5.31876],[-74.90861,5.31876],[-74.90861,5.31876],[-74.90862,5.31876],[-74.90862,5.31876],[-74.90862,5.31876],[-74.90862,5.31876],[-74.90862,5.31876],[-74.90862,5.31876],[-74.90862,5.31876],[-74.90862,5.31876],[-74.90862,5.31876],[-74.90862,5.31876],[-74.90862,5.31876],[-74.90862,5.31876],[-74.90862,5.31876],[-74.90862,5.31876],[-74.90862,5.31876],[-74.90862,5.31876],[-74.90862,5.31876],[-74.90862,5.31876],[-74.90862,5.31876],[-74.90862,5.31876],[-74.90862,5.31876],[-74.90862,5.31876],[-74.90862,5.31876],[-74.90863,5.31876],[-74.90863,5.31876],[-74.90863,5.31876],[-74.90863,5.31876],[-74.90863,5.31876],[-74.90863,5.31876],[-74.90863,5.31876],[-74.90863,5.31876],[-74.90863,5.31876],[-74.90863,5.31876],[-74.90863,5.31876],[-74.90863,5.31876],[-74.90863,5.31876],[-74.90864,5.31877],[-74.90864,5.31877],[-74.90864,5.31877],[-74.90864,5.31877],[-74.90864,5.31877],[-74.90864,5.31877],[-74.90864,5.31877],[-74.90864,5.31877],[-74.90864,5.31877],[-74.90864,5.31877],[-74.90864,5.31877],[-74.90864,5.31877],[-74.90864,5.31877],[-74.90864,5.31877],[-74.90864,5.31877],[-74.90864,5.31877],[-74.90864,5.31877],[-74.90864,5.31877],[-74.90864,5.31877],[-74.90864,5.31877],[-74.90864,5.31877],[-74.90864,5.31877],[-74.90864,5.31877],[-74.90865,5.31877],[-74.90865,5.31877],[-74.90865,5.31877],[-74.90865,5.31877],[-74.90865,5.31877],[-74.90865,5.31877],[-74.90865,5.31878],[-74.90865,5.31878],[-74.90865,5.31878],[-74.90865,5.31878],[-74.90865,5.31878],[-74.90865,5.31878],[-74.90865,5.31878],[-74.90865,5.31878],[-74.90865,5.31878],[-74.90865,5.31878],[-74.90865,5.31878],[-74.90865,5.31878],[-74.90865,5.31878],[-74.90865,5.31878],[-74.90865,5.31878],[-74.90866,5.31878],[-74.90866,5.31878],[-74.90866,5.31878],[-74.90866,5.31878],[-74.90866,5.31878],[-74.90866,5.31878],[-74.90867,5.31878],[-74.90867,5.31878],[-74.90867,5.31878],[-74.90868,5.31878],[-74.90868,5.31878],[-74.90868,5.31878],[-74.90868,5.31878],[-74.90868,5.31878],[-74.90868,5.31878],[-74.90868,5.31878],[-74.90868,5.31878],[-74.90868,5.31878],[-74.90868,5.31878],[-74.90868,5.31878],[-74.90868,5.31878],[-74.90868,5.31878],[-74.90868,5.31878],[-74.90868,5.31878],[-74.90868,5.31878],[-74.90868,5.31878],[-74.90869,5.31878],[-74.90869,5.31878],[-74.90869,5.31878],[-74.90869,5.31878],[-74.90869,5.31878],[-74.90869,5.31878],[-74.90869,5.31878],[-74.90869,5.31878],[-74.90869,5.31878],[-74.90869,5.31878],[-74.90869,5.31879],[-74.90869,5.31879],[-74.90869,5.31879],[-74.90869,5.31879],[-74.90869,5.31879],[-74.90869,5.31879],[-74.90869,5.31879],[-74.90869,5.31879],[-74.90869,5.31879],[-74.90869,5.31879],[-74.90869,5.31879],[-74.9087,5.31879],[-74.9087,5.31879],[-74.9087,5.31879],[-74.9087,5.31879],[-74.9087,5.31879],[-74.90871,5.31879],[-74.90871,5.31879],[-74.90871,5.31879],[-74.90871,5.31879],[-74.90871,5.31879],[-74.90871,5.31879],[-74.90871,5.31879],[-74.90871,5.31879],[-74.90871,5.31879],[-74.90871,5.31879],[-74.90871,5.31879],[-74.90871,5.31879],[-74.90871,5.31879],[-74.90871,5.31879],[-74.90871,5.31879],[-74.90872,5.31879],[-74.90872,5.31879],[-74.90872,5.31879],[-74.90872,5.31879],[-74.90872,5.31879],[-74.90872,5.31879],[-74.90872,5.31879],[-74.90872,5.31879],[-74.90872,5.31879],[-74.90872,5.31879],[-74.90872,5.31879],[-74.90873,5.31879],[-74.90873,5.31879],[-74.90873,5.31879],[-74.90873,5.31879],[-74.90873,5.31879],[-74.90873,5.3188],[-74.90873,5.3188],[-74.90873,5.3188],[-74.90873,5.3188],[-74.90873,5.3188],[-74.90873,5.3188],[-74.90873,5.3188],[-74.90873,5.3188],[-74.90873,5.3188],[-74.90873,5.3188],[-74.90873,5.3188],[-74.90873,5.3188],[-74.90873,5.3188],[-74.90873,5.3188],[-74.90873,5.3188],[-74.90873,5.3188],[-74.90873,5.3188],[-74.90873,5.3188],[-74.90873,5.3188],[-74.90873,5.3188],[-74.90873,5.3188],[-74.90873,5.3188],[-74.90873,5.31881],[-74.90873,5.31881],[-74.90873,5.31881],[-74.90873,5.31881],[-74.90873,5.31881],[-74.90874,5.31881],[-74.90874,5.31881],[-74.90874,5.31881],[-74.90874,5.31881],[-74.90874,5.31881],[-74.90874,5.31881],[-74.90874,5.31881],[-74.90874,5.31881],[-74.90874,5.31881],[-74.90874,5.31881],[-74.90874,5.31881],[-74.90874,5.31881],[-74.90874,5.31881],[-74.90874,5.31881],[-74.90874,5.31881],[-74.90874,5.31881],[-74.90874,5.31881],[-74.90874,5.31881],[-74.90874,5.31881],[-74.90874,5.31881],[-74.90874,5.31881],[-74.90874,5.31881],[-74.90874,5.31881],[-74.90874,5.31882],[-74.90874,5.31882],[-74.90874,5.31882],[-74.90874,5.31882],[-74.90874,5.31882],[-74.90874,5.31882],[-74.90875,5.31882],[-74.90875,5.31882],[-74.90875,5.31882],[-74.90875,5.31882],[-74.90875,5.31882],[-74.90875,5.31882],[-74.90875,5.31882],[-74.90875,5.31883],[-74.90875,5.31883],[-74.90875,5.31884],[-74.90875,5.31884],[-74.90875,5.31884],[-74.90875,5.31884],[-74.90875,5.31884],[-74.90875,5.31884],[-74.90875,5.31884],[-74.90875,5.31884],[-74.90875,5.31884],[-74.90875,5.31884],[-74.90875,5.31884],[-74.90875,5.31884],[-74.90875,5.31884],[-74.90875,5.31884],[-74.90875,5.31884],[-74.90875,5.31884],[-74.90875,5.31884],[-74.90875,5.31884],[-74.90875,5.31884],[-74.90875,5.31884],[-74.90875,5.31884],[-74.90875,5.31884],[-74.90875,5.31885],[-74.90875,5.31885],[-74.90875,5.31885],[-74.90875,5.31885],[-74.90875,5.31885],[-74.90875,5.31885],[-74.90875,5.31885],[-74.90875,5.31885],[-74.90875,5.31885],[-74.90875,5.31885],[-74.90875,5.31884],[-74.90875,5.31884],[-74.90875,5.31884],[-74.90875,5.31884],[-74.90875,5.31884],[-74.90876,5.31884],[-74.90876,5.31884],[-74.90876,5.31884],[-74.90876,5.31884],[-74.90876,5.31884],[-74.90876,5.31884],[-74.90876,5.31884],[-74.90876,5.31884],[-74.90876,5.31884],[-74.90876,5.31884],[-74.90876,5.31884],[-74.90876,5.31884],[-74.90876,5.31884],[-74.90876,5.31884],[-74.90876,5.31883],[-74.90876,5.31883],[-74.90877,5.31883],[-74.90877,5.31883],[-74.90877,5.31883],[-74.90877,5.31884],[-74.90877,5.31884],[-74.90877,5.31884],[-74.90877,5.31884],[-74.90877,5.31884],[-74.90877,5.31884],[-74.90877,5.31884],[-74.90877,5.31884],[-74.90877,5.31884],[-74.90877,5.31884],[-74.90877,5.31884],[-74.90877,5.31884],[-74.90877,5.31884],[-74.90877,5.31884],[-74.90877,5.31884],[-74.90877,5.31884],[-74.90877,5.31884],[-74.90877,5.31884],[-74.90877,5.31884],[-74.90877,5.31884],[-74.90877,5.31884],[-74.90877,5.31884],[-74.90877,5.31884],[-74.90877,5.31884],[-74.90877,5.31884],[-74.90877,5.31884],[-74.90877,5.31884],[-74.90877,5.31884],[-74.90877,5.31884],[-74.90877,5.31884],[-74.90877,5.31885],[-74.90877,5.31885],[-74.90877,5.31885],[-74.90877,5.31885],[-74.90877,5.31885],[-74.90877,5.31885],[-74.90878,5.31885],[-74.90878,5.31885],[-74.90878,5.31885],[-74.90878,5.31885],[-74.90878,5.31885],[-74.90878,5.31885],[-74.90878,5.31885],[-74.90878,5.31885],[-74.90878,5.31885],[-74.90878,5.31885],[-74.90878,5.31885],[-74.90878,5.31885],[-74.90878,5.31885],[-74.90878,5.31885],[-74.90878,5.31885],[-74.90878,5.31885],[-74.90878,5.31885],[-74.90878,5.31885],[-74.90878,5.31885],[-74.90878,5.31885],[-74.90878,5.31885],[-74.90878,5.31885],[-74.90878,5.31885],[-74.90878,5.31885],[-74.90878,5.31885],[-74.90878,5.31885],[-74.90878,5.31885],[-74.90878,5.31885],[-74.90878,5.31885],[-74.90878,5.31885],[-74.90878,5.31885],[-74.90878,5.31885],[-74.90878,5.31885],[-74.90878,5.31885],[-74.90878,5.31886],[-74.90878,5.31886],[-74.90878,5.31886],[-74.90878,5.31886],[-74.90878,5.31886],[-74.90878,5.31886],[-74.90878,5.31886],[-74.90878,5.31886],[-74.90878,5.31886],[-74.90878,5.31886],[-74.90878,5.31886],[-74.90878,5.31886],[-74.90878,5.31886],[-74.90878,5.31886],[-74.90878,5.31886],[-74.90878,5.31886],[-74.90878,5.31886],[-74.90878,5.31886],[-74.90878,5.31886],[-74.90878,5.31886],[-74.90879,5.31886],[-74.90879,5.31886],[-74.90879,5.31886],[-74.90879,5.31886],[-74.90879,5.31886],[-74.90879,5.31886],[-74.90879,5.31886],[-74.90879,5.31886],[-74.90879,5.31886],[-74.90879,5.31886],[-74.90879,5.31886],[-74.90879,5.31886],[-74.90879,5.31886],[-74.90879,5.31886],[-74.90879,5.31886],[-74.90879,5.31886],[-74.90879,5.31886],[-74.90879,5.31886],[-74.9088,5.31886],[-74.9088,5.31886],[-74.9088,5.31886],[-74.9088,5.31886],[-74.9088,5.31886],[-74.90881,5.31884],[-74.90881,5.31884],[-74.90881,5.31884],[-74.90881,5.31884],[-74.90881,5.31883],[-74.90881,5.31883],[-74.90881,5.31883],[-74.90881,5.31883],[-74.90881,5.31883],[-74.90881,5.31883],[-74.90881,5.31883],[-74.90881,5.31883],[-74.90881,5.31883],[-74.90881,5.31883],[-74.90881,5.31883],[-74.90881,5.31883],[-74.90881,5.31884],[-74.90881,5.31884],[-74.90881,5.31884],[-74.90881,5.31884],[-74.90881,5.31884],[-74.90881,5.31884],[-74.90881,5.31884],[-74.90881,5.31884],[-74.90881,5.31884],[-74.90881,5.31884],[-74.90881,5.31884],[-74.90881,5.31884],[-74.90881,5.31884],[-74.90881,5.31884],[-74.90881,5.31884],[-74.90881,5.31884],[-74.90881,5.31884],[-74.90881,5.31884],[-74.90881,5.31884],[-74.90881,5.31884],[-74.90881,5.31884],[-74.90881,5.31884],[-74.90882,5.31884],[-74.90882,5.31884],[-74.90882,5.31884],[-74.90882,5.31884],[-74.90882,5.31884],[-74.90882,5.31884],[-74.90882,5.31884],[-74.90882,5.31884],[-74.90882,5.31884],[-74.90882,5.31884],[-74.90882,5.31884],[-74.90882,5.31884],[-74.90882,5.31884],[-74.90882,5.31884],[-74.90883,5.31884],[-74.90883,5.31884],[-74.90883,5.31884],[-74.90883,5.31884],[-74.90883,5.31884],[-74.90883,5.31884],[-74.90883,5.31884],[-74.90883,5.31884],[-74.90882,5.31884],[-74.90882,5.31884],[-74.90882,5.31884],[-74.90882,5.31884],[-74.90882,5.31884],[-74.90882,5.31884],[-74.90882,5.31884],[-74.90882,5.31884],[-74.90883,5.31884],[-74.90883,5.31884],[-74.90883,5.31884],[-74.90883,5.31884],[-74.90883,5.31883],[-74.90883,5.31883],[-74.90883,5.31883],[-74.90883,5.31883],[-74.90883,5.31883],[-74.90883,5.31883],[-74.90883,5.31883],[-74.90883,5.31883],[-74.90883,5.31883],[-74.90883,5.31883],[-74.90883,5.31883],[-74.90883,5.31883],[-74.90883,5.31883],[-74.90883,5.31884],[-74.90883,5.31884],[-74.90883,5.31884],[-74.90883,5.31884],[-74.90883,5.31884],[-74.90883,5.31884],[-74.90883,5.31884],[-74.90883,5.31884],[-74.90883,5.31884],[-74.90884,5.31883],[-74.90884,5.31883],[-74.90884,5.31883],[-74.90884,5.31883],[-74.90884,5.31883],[-74.90884,5.31883],[-74.90884,5.31883],[-74.90884,5.31883],[-74.90884,5.31883],[-74.90884,5.31883],[-74.90884,5.31883],[-74.90884,5.31883],[-74.90884,5.31883],[-74.90884,5.31883],[-74.90884,5.31883],[-74.90884,5.31883],[-74.90884,5.31883],[-74.90884,5.31882],[-74.90884,5.31882],[-74.90884,5.31882],[-74.90884,5.31882],[-74.90884,5.31882],[-74.90884,5.31882],[-74.90884,5.31882],[-74.90884,5.31882],[-74.90884,5.31882],[-74.90884,5.31882],[-74.90884,5.31882],[-74.90884,5.31882],[-74.90884,5.31882],[-74.90884,5.31882],[-74.90884,5.31882],[-74.90884,5.31882],[-74.90884,5.31882],[-74.90884,5.31881],[-74.90884,5.31881],[-74.90884,5.31881],[-74.90884,5.31881],[-74.90884,5.31881],[-74.90884,5.31881],[-74.90884,5.31881],[-74.90884,5.31881],[-74.90884,5.31881],[-74.90884,5.31881],[-74.90884,5.31881],[-74.90884,5.31881],[-74.90884,5.31881],[-74.90884,5.31881],[-74.90884,5.31881],[-74.90884,5.31881],[-74.90884,5.31881],[-74.90884,5.31881],[-74.90884,5.31881],[-74.90884,5.31881],[-74.90884,5.31881],[-74.90884,5.31881],[-74.90885,5.31881],[-74.90885,5.31881],[-74.90885,5.31881],[-74.90885,5.31881],[-74.90885,5.31881],[-74.90885,5.31881],[-74.90885,5.31881],[-74.90885,5.31881],[-74.90885,5.31881],[-74.90885,5.31881],[-74.90885,5.31881],[-74.90885,5.31881],[-74.90885,5.31881],[-74.90885,5.31881],[-74.90885,5.31881],[-74.90885,5.31881],[-74.90885,5.31881],[-74.90885,5.31881],[-74.90885,5.31881],[-74.90885,5.31881],[-74.90885,5.31881],[-74.90885,5.31881],[-74.90885,5.31881],[-74.90885,5.31881],[-74.90885,5.31881],[-74.90885,5.31881],[-74.90885,5.31881],[-74.90885,5.3188],[-74.90885,5.3188],[-74.90885,5.3188],[-74.90885,5.3188],[-74.90885,5.3188],[-74.90885,5.3188],[-74.90885,5.3188],[-74.90885,5.3188],[-74.90885,5.3188],[-74.90885,5.3188],[-74.90885,5.3188],[-74.90885,5.3188],[-74.90885,5.3188],[-74.90885,5.3188],[-74.90885,5.3188],[-74.90885,5.3188],[-74.90885,5.3188],[-74.90885,5.3188],[-74.90885,5.3188],[-74.90885,5.3188],[-74.90885,5.3188],[-74.90885,5.3188],[-74.90885,5.3188],[-74.90885,5.3188],[-74.90887,5.3188],[-74.90887,5.3188],[-74.90887,5.3188],[-74.90887,5.3188],[-74.90887,5.3188],[-74.90887,5.3188],[-74.90887,5.3188],[-74.90887,5.3188],[-74.90887,5.3188],[-74.90887,5.3188],[-74.90887,5.3188],[-74.90887,5.3188],[-74.90888,5.3188],[-74.90888,5.3188],[-74.90888,5.3188],[-74.90888,5.3188],[-74.90888,5.3188],[-74.90888,5.3188],[-74.90888,5.3188],[-74.90888,5.3188],[-74.90888,5.3188],[-74.90888,5.3188],[-74.90888,5.3188],[-74.90888,5.3188],[-74.90888,5.3188],[-74.90888,5.31881],[-74.90888,5.31881],[-74.90888,5.31881],[-74.90888,5.31881],[-74.90888,5.31881],[-74.90888,5.31881],[-74.90889,5.31881],[-74.90889,5.31881],[-74.90889,5.31881],[-74.90889,5.31881],[-74.90889,5.31881],[-74.90889,5.31881],[-74.90889,5.31881],[-74.90889,5.31881],[-74.90889,5.31881],[-74.90889,5.31881],[-74.90889,5.31881],[-74.90889,5.31881],[-74.90889,5.31881],[-74.90889,5.31881],[-74.90889,5.31881],[-74.90889,5.31881],[-74.90889,5.31881],[-74.90889,5.31881],[-74.90889,5.31881],[-74.90889,5.31881],[-74.90889,5.31881],[-74.90889,5.31881],[-74.90889,5.31881],[-74.90889,5.31881],[-74.90889,5.31881],[-74.90889,5.31881],[-74.90889,5.31881],[-74.90889,5.31881],[-74.90889,5.31881],[-74.90889,5.31882],[-74.9089,5.31882],[-74.9089,5.31882],[-74.9089,5.31882],[-74.9089,5.31882],[-74.9089,5.31882],[-74.9089,5.31882],[-74.9089,5.31882],[-74.9089,5.31882],[-74.9089,5.31882],[-74.9089,5.31882],[-74.9089,5.31882],[-74.9089,5.31882],[-74.9089,5.31882],[-74.9089,5.31882],[-74.9089,5.31882],[-74.9089,5.31882],[-74.9089,5.31882],[-74.9089,5.31882],[-74.9089,5.31882],[-74.9089,5.31882],[-74.9089,5.31882],[-74.9089,5.31882],[-74.9089,5.31882],[-74.9089,5.31883],[-74.9089,5.31883],[-74.9089,5.31883],[-74.90891,5.31883],[-74.90891,5.31883],[-74.90891,5.31883],[-74.90891,5.31883],[-74.90891,5.31883],[-74.90891,5.31883],[-74.90891,5.31883],[-74.90891,5.31883],[-74.90891,5.31883],[-74.90891,5.31883],[-74.90891,5.31883],[-74.90891,5.31883],[-74.90891,5.31883],[-74.90891,5.31883],[-74.90891,5.31883],[-74.90891,5.31883],[-74.90891,5.31883],[-74.90891,5.31883],[-74.90891,5.31883],[-74.90891,5.31883],[-74.90891,5.31883],[-74.90891,5.31883],[-74.90892,5.31883],[-74.90892,5.31883],[-74.90892,5.31883],[-74.90892,5.31884],[-74.90892,5.31884],[-74.90892,5.31884],[-74.90892,5.31884],[-74.90892,5.31884],[-74.90892,5.31884],[-74.90892,5.31884],[-74.90892,5.31884],[-74.90892,5.31884],[-74.90892,5.31884],[-74.90892,5.31884],[-74.90892,5.31884],[-74.90892,5.31884],[-74.90892,5.31884],[-74.90892,5.31884],[-74.90892,5.31884],[-74.90892,5.31884],[-74.90892,5.31885],[-74.90892,5.31885],[-74.90892,5.31885],[-74.90892,5.31885],[-74.90892,5.31885],[-74.90892,5.31886],[-74.90892,5.31886],[-74.90892,5.31886],[-74.90892,5.31886],[-74.90892,5.31886],[-74.90892,5.31887],[-74.90892,5.31887],[-74.90892,5.31887],[-74.90892,5.31887],[-74.90892,5.31887],[-74.90892,5.31887],[-74.90892,5.31887],[-74.90892,5.31887],[-74.90892,5.31887],[-74.90892,5.31887],[-74.90892,5.31887],[-74.90892,5.31887],[-74.90892,5.31887],[-74.90892,5.31887],[-74.90892,5.31887],[-74.90892,5.31887],[-74.90893,5.31887],[-74.90893,5.31888],[-74.90893,5.31888],[-74.90893,5.31888],[-74.90893,5.31888],[-74.90893,5.31888],[-74.90893,5.31888],[-74.90893,5.31888],[-74.90893,5.31888],[-74.90893,5.31888],[-74.90893,5.31888],[-74.90893,5.31888],[-74.90893,5.31888],[-74.90893,5.31888],[-74.90893,5.31888],[-74.90893,5.31888],[-74.90893,5.31888],[-74.90893,5.31888],[-74.90893,5.31888],[-74.90893,5.31889],[-74.90893,5.31889],[-74.90893,5.31889],[-74.90893,5.31889],[-74.90893,5.31889],[-74.90893,5.31889],[-74.90893,5.31889],[-74.90893,5.31889],[-74.90893,5.31889],[-74.90893,5.31889],[-74.90893,5.31889],[-74.90893,5.31889],[-74.90893,5.31889],[-74.90893,5.31889],[-74.90893,5.31889],[-74.90893,5.31889],[-74.90893,5.31889],[-74.90893,5.31889],[-74.90893,5.31889],[-74.90893,5.31889],[-74.90893,5.3189],[-74.90893,5.3189],[-74.90893,5.3189],[-74.90893,5.3189],[-74.90893,5.3189],[-74.90893,5.3189],[-74.90893,5.3189],[-74.90893,5.3189],[-74.90893,5.3189],[-74.90893,5.3189],[-74.90893,5.3189],[-74.90893,5.3189],[-74.90893,5.3189],[-74.90893,5.31891],[-74.90893,5.31891],[-74.90893,5.31891],[-74.90893,5.31891],[-74.90893,5.31891],[-74.90893,5.31891],[-74.90893,5.31891],[-74.90893,5.31891],[-74.90893,5.31891],[-74.90893,5.31891],[-74.90893,5.31891],[-74.90893,5.31891],[-74.90893,5.31891],[-74.90893,5.31891],[-74.90893,5.31891],[-74.90893,5.31891],[-74.90893,5.31891],[-74.90893,5.31891],[-74.90893,5.31891],[-74.90893,5.31892],[-74.90893,5.31892],[-74.90893,5.31892],[-74.90893,5.31892],[-74.90893,5.31892],[-74.90893,5.31892],[-74.90893,5.31892],[-74.90893,5.31892],[-74.90893,5.31892],[-74.90893,5.31892],[-74.90893,5.31892],[-74.90893,5.31892],[-74.90893,5.31892],[-74.90893,5.31892],[-74.90893,5.31892],[-74.90893,5.31892],[-74.90893,5.31893],[-74.90893,5.31893],[-74.90893,5.31893],[-74.90893,5.31893],[-74.90893,5.31893],[-74.90893,5.31893],[-74.90893,5.31893],[-74.90893,5.31893],[-74.90893,5.31893],[-74.90893,5.31893],[-74.90893,5.31893],[-74.90893,5.31893],[-74.90893,5.31894],[-74.90893,5.31894],[-74.90893,5.31894],[-74.90893,5.31894],[-74.90893,5.31894],[-74.90893,5.31894],[-74.90893,5.31895],[-74.90893,5.31895],[-74.90893,5.31895],[-74.90893,5.31895],[-74.90893,5.31895],[-74.90893,5.31895],[-74.90893,5.31895],[-74.90893,5.31895],[-74.90893,5.31895],[-74.90893,5.31895],[-74.90893,5.31895],[-74.90893,5.31895],[-74.90893,5.31895],[-74.90893,5.31895],[-74.90893,5.31895],[-74.90893,5.31895],[-74.90893,5.31895],[-74.90893,5.31896],[-74.90893,5.31896],[-74.90893,5.31896],[-74.90893,5.31896],[-74.90893,5.31896],[-74.90893,5.31896],[-74.90893,5.31896],[-74.90893,5.31896],[-74.90893,5.31897],[-74.90893,5.31897],[-74.90893,5.31897],[-74.90893,5.31897],[-74.90893,5.31897],[-74.90893,5.31897],[-74.90893,5.31897],[-74.90893,5.31898],[-74.90892,5.31898],[-74.90892,5.31898],[-74.90892,5.31898],[-74.90892,5.31898],[-74.90892,5.31898],[-74.90892,5.31898],[-74.90892,5.31898],[-74.90892,5.31898],[-74.90892,5.31898],[-74.90892,5.31898],[-74.90892,5.31898],[-74.90892,5.31898],[-74.90892,5.31898],[-74.90892,5.31899],[-74.90892,5.31899],[-74.90892,5.31899],[-74.90892,5.31899],[-74.90892,5.31899],[-74.90892,5.31899],[-74.90892,5.31899],[-74.90892,5.31899],[-74.90892,5.31899],[-74.90892,5.31899],[-74.90892,5.31899],[-74.90892,5.31899],[-74.90892,5.31899],[-74.90892,5.31899],[-74.90891,5.31899],[-74.90891,5.31899],[-74.90891,5.31899],[-74.90891,5.31899],[-74.90891,5.319],[-74.90891,5.319],[-74.90891,5.319],[-74.90891,5.319],[-74.90891,5.319],[-74.90891,5.319],[-74.90891,5.319],[-74.90891,5.31901],[-74.90891,5.31901],[-74.90891,5.31901],[-74.90891,5.31901],[-74.90891,5.31901],[-74.90891,5.31901],[-74.90891,5.31901],[-74.90891,5.31901],[-74.90891,5.31901],[-74.90891,5.31901],[-74.90891,5.31901],[-74.90891,5.31901],[-74.90891,5.31901],[-74.90891,5.31901],[-74.90891,5.31901],[-74.90891,5.31901],[-74.90891,5.31901],[-74.90891,5.31902],[-74.90891,5.31902],[-74.90891,5.31902],[-74.90891,5.31902],[-74.90891,5.31902],[-74.90891,5.31903],[-74.90891,5.31903],[-74.90891,5.31903],[-74.90891,5.31903],[-74.90891,5.31903],[-74.90891,5.31903],[-74.90891,5.31903],[-74.90891,5.31903],[-74.90891,5.31903],[-74.90891,5.31903],[-74.90891,5.31903],[-74.90891,5.31904],[-74.90891,5.31904],[-74.9089,5.31904],[-74.9089,5.31904],[-74.9089,5.31904],[-74.9089,5.31904],[-74.9089,5.31904],[-74.9089,5.31904],[-74.9089,5.31904],[-74.9089,5.31904],[-74.9089,5.31905],[-74.9089,5.31905],[-74.9089,5.31905],[-74.9089,5.31906],[-74.9089,5.31906],[-74.9089,5.31906],[-74.9089,5.31906],[-74.9089,5.31906],[-74.9089,5.31906],[-74.9089,5.31907],[-74.9089,5.31907],[-74.90891,5.31907],[-74.90891,5.31907],[-74.90891,5.31907],[-74.90891,5.31907],[-74.90891,5.31907],[-74.90891,5.31907],[-74.90891,5.31907],[-74.90891,5.31907],[-74.90891,5.31907],[-74.90891,5.31907],[-74.90891,5.31907],[-74.90891,5.31907],[-74.90891,5.31907],[-74.90891,5.31907],[-74.90891,5.31907],[-74.90891,5.31907],[-74.90891,5.31907],[-74.90891,5.31907],[-74.90891,5.31907],[-74.90891,5.31907],[-74.90891,5.31907],[-74.90891,5.31908],[-74.90891,5.31908],[-74.90891,5.31908],[-74.90891,5.31908],[-74.90891,5.31908],[-74.90891,5.31908],[-74.90891,5.31908],[-74.90891,5.31909],[-74.90891,5.31909],[-74.90891,5.31909],[-74.90891,5.31909],[-74.90891,5.31909],[-74.90891,5.31909],[-74.90891,5.31909],[-74.90891,5.31909],[-74.90891,5.31909],[-74.90891,5.31909],[-74.90891,5.3191],[-74.90891,5.3191],[-74.90891,5.3191],[-74.90891,5.3191],[-74.90891,5.3191],[-74.90891,5.3191],[-74.90891,5.3191],[-74.90891,5.3191],[-74.90891,5.3191],[-74.90891,5.3191],[-74.90891,5.3191],[-74.90891,5.3191],[-74.90891,5.3191],[-74.90891,5.3191],[-74.90891,5.3191],[-74.90891,5.3191],[-74.90891,5.31911],[-74.90891,5.31911],[-74.90891,5.31911],[-74.90891,5.31912],[-74.90891,5.31912],[-74.90891,5.31912],[-74.90891,5.31912],[-74.90891,5.31912],[-74.90891,5.31913],[-74.90891,5.31913],[-74.90891,5.31913],[-74.90891,5.31913],[-74.90891,5.31913],[-74.90891,5.31913],[-74.90891,5.31913],[-74.90891,5.31913],[-74.90891,5.31913],[-74.90891,5.31913],[-74.90891,5.31913],[-74.90891,5.31913],[-74.90891,5.31913],[-74.90891,5.31913],[-74.90891,5.31913],[-74.90891,5.31913],[-74.90891,5.31913],[-74.90891,5.31913],[-74.90891,5.31913],[-74.90891,5.31913],[-74.90891,5.31913],[-74.90891,5.31914],[-74.90891,5.31914],[-74.90891,5.31914],[-74.90891,5.31914],[-74.90891,5.31914],[-74.90891,5.31914],[-74.90891,5.31914],[-74.90891,5.31914],[-74.90891,5.31914],[-74.90891,5.31914],[-74.90891,5.31914],[-74.90891,5.31914],[-74.90891,5.31914],[-74.90891,5.31914],[-74.90891,5.31914],[-74.90891,5.31914],[-74.90891,5.31914],[-74.90891,5.31914],[-74.90891,5.31914],[-74.90891,5.31914],[-74.90891,5.31914],[-74.90891,5.31914],[-74.90891,5.31914],[-74.90891,5.31914],[-74.90891,5.31914],[-74.90891,5.31914],[-74.90891,5.31914],[-74.90891,5.31914],[-74.90891,5.31915],[-74.90891,5.31915],[-74.90891,5.31915],[-74.90891,5.31915],[-74.90891,5.31915],[-74.90891,5.31915],[-74.90891,5.31915],[-74.90891,5.31915],[-74.90891,5.31915],[-74.90891,5.31915],[-74.90891,5.31915],[-74.90891,5.31915],[-74.90891,5.31915],[-74.90891,5.31915],[-74.90891,5.31915],[-74.90891,5.31915],[-74.90891,5.31915],[-74.90891,5.31915],[-74.90891,5.31915],[-74.90891,5.31915],[-74.90891,5.31915],[-74.90891,5.31915],[-74.90891,5.31915],[-74.90891,5.31915],[-74.90891,5.31915],[-74.90891,5.31915],[-74.90891,5.31915],[-74.90891,5.31915],[-74.90891,5.31915],[-74.90891,5.31915],[-74.90891,5.31915],[-74.90891,5.31916],[-74.90891,5.31916],[-74.90891,5.31916],[-74.90891,5.31916],[-74.90891,5.31916],[-74.90891,5.31916],[-74.90891,5.31916],[-74.90891,5.31916],[-74.90891,5.31916],[-74.90891,5.31916],[-74.90891,5.31916],[-74.90891,5.31916],[-74.90891,5.31916],[-74.90891,5.31916],[-74.90891,5.31916],[-74.90891,5.31916],[-74.90891,5.31916],[-74.90891,5.31916],[-74.90891,5.31916],[-74.90891,5.31916],[-74.90891,5.31916],[-74.90891,5.31916],[-74.90891,5.31916],[-74.90891,5.31916],[-74.90891,5.31916],[-74.90891,5.31916],[-74.90891,5.31916],[-74.90891,5.31916],[-74.90891,5.31916],[-74.90891,5.31916],[-74.90891,5.31916],[-74.90891,5.31916],[-74.90891,5.31917],[-74.90891,5.31917],[-74.90891,5.31917],[-74.90891,5.31917],[-74.90891,5.31917],[-74.90891,5.31918],[-74.90891,5.31918],[-74.90891,5.31918],[-74.90891,5.31918],[-74.90891,5.31918],[-74.90891,5.31918],[-74.90891,5.31918],[-74.90891,5.31918],[-74.90891,5.31918],[-74.90891,5.31918],[-74.90891,5.31918],[-74.90892,5.31919],[-74.90892,5.31919],[-74.90892,5.31919],[-74.90892,5.31919],[-74.90892,5.31919],[-74.90892,5.31919],[-74.90892,5.31919],[-74.90892,5.31919],[-74.90892,5.31919],[-74.90892,5.31919],[-74.90892,5.31919],[-74.90892,5.31919],[-74.90892,5.31919],[-74.90892,5.31919],[-74.90892,5.31919],[-74.90892,5.31919],[-74.90892,5.31919],[-74.90892,5.31919],[-74.90892,5.31919],[-74.90892,5.31919],[-74.90892,5.31919],[-74.90892,5.3192],[-74.90893,5.3192],[-74.90893,5.3192],[-74.90893,5.3192],[-74.90893,5.3192],[-74.90893,5.3192],[-74.90893,5.3192],[-74.90893,5.3192],[-74.90893,5.3192],[-74.90893,5.31921],[-74.90893,5.31921],[-74.90893,5.31921],[-74.90893,5.31921],[-74.90893,5.31921],[-74.90893,5.31921],[-74.90893,5.31921],[-74.90893,5.31921],[-74.90893,5.31921],[-74.90893,5.31921],[-74.90893,5.31921],[-74.90893,5.31921],[-74.90893,5.31921],[-74.90893,5.31921],[-74.90893,5.31921],[-74.90893,5.31921],[-74.90893,5.31922],[-74.90893,5.31922],[-74.90893,5.31922],[-74.90893,5.31922],[-74.90893,5.31922],[-74.90893,5.31922],[-74.90893,5.31922],[-74.90893,5.31922],[-74.90893,5.31922],[-74.90893,5.31922],[-74.90893,5.31922],[-74.90893,5.31922],[-74.90893,5.31922],[-74.90893,5.31922],[-74.90894,5.31923],[-74.90894,5.31923],[-74.90894,5.31923],[-74.90894,5.31923],[-74.90894,5.31923],[-74.90894,5.31923],[-74.90894,5.31923],[-74.90894,5.31923],[-74.90894,5.31923],[-74.90894,5.31923],[-74.90894,5.31923],[-74.90894,5.31923],[-74.90894,5.31923],[-74.90894,5.31923],[-74.90894,5.31923],[-74.90894,5.31923],[-74.90894,5.31923],[-74.90894,5.31923],[-74.90894,5.31923],[-74.90894,5.31923],[-74.90894,5.31924],[-74.90894,5.31924],[-74.90894,5.31924],[-74.90894,5.31924],[-74.90894,5.31924],[-74.90894,5.31924],[-74.90894,5.31924],[-74.90894,5.31924],[-74.90894,5.31924],[-74.90894,5.31924],[-74.90894,5.31924],[-74.90894,5.31924],[-74.90894,5.31924],[-74.90894,5.31924],[-74.90894,5.31925],[-74.90894,5.31925],[-74.90894,5.31925],[-74.90894,5.31925],[-74.90894,5.31925],[-74.90894,5.31925],[-74.90894,5.31925],[-74.90894,5.31925],[-74.90894,5.31925],[-74.90894,5.31925],[-74.90894,5.31925],[-74.90894,5.31925],[-74.90894,5.31925],[-74.90894,5.31926],[-74.90894,5.31926],[-74.90894,5.31926],[-74.90895,5.31926],[-74.90895,5.31926],[-74.90895,5.31926],[-74.90895,5.31926],[-74.90895,5.31926],[-74.90895,5.31926],[-74.90895,5.31926],[-74.90895,5.31926],[-74.90895,5.31926],[-74.90895,5.31926],[-74.90895,5.31926],[-74.90895,5.31926],[-74.90895,5.31926],[-74.90895,5.31926],[-74.90895,5.31926],[-74.90895,5.31926],[-74.90895,5.31926],[-74.90895,5.31926],[-74.90895,5.31927],[-74.90895,5.31927],[-74.90895,5.31927],[-74.90895,5.31927],[-74.90896,5.31927],[-74.90896,5.31927],[-74.90896,5.31927],[-74.90896,5.31927],[-74.90896,5.31927],[-74.90896,5.31927],[-74.90896,5.31927],[-74.90896,5.31927],[-74.90896,5.31927],[-74.90896,5.31927],[-74.90896,5.31927],[-74.90896,5.31927],[-74.90896,5.31927],[-74.90896,5.31927],[-74.90896,5.31927],[-74.90897,5.31927],[-74.90897,5.31927],[-74.90897,5.31927],[-74.90897,5.31927],[-74.90897,5.31927],[-74.90897,5.31927],[-74.90897,5.31927],[-74.90897,5.31927],[-74.90897,5.31927],[-74.90897,5.31928],[-74.90897,5.31928],[-74.90897,5.31928],[-74.90897,5.31928],[-74.90897,5.31928],[-74.90897,5.31928],[-74.90897,5.31928],[-74.90897,5.31928],[-74.90897,5.31928],[-74.90897,5.31928],[-74.90897,5.31928],[-74.90897,5.31928],[-74.90897,5.31928],[-74.90897,5.31928],[-74.90897,5.31928],[-74.90898,5.31928],[-74.90898,5.31928],[-74.90898,5.31928],[-74.90898,5.31928],[-74.90898,5.31928],[-74.90898,5.31928],[-74.90898,5.31929],[-74.90898,5.31929],[-74.90898,5.31929],[-74.90898,5.31929],[-74.90898,5.31929],[-74.90898,5.31929],[-74.90898,5.31929],[-74.90898,5.31929],[-74.90898,5.31929],[-74.90898,5.31929],[-74.90898,5.31929],[-74.90898,5.31929],[-74.90898,5.3193],[-74.90898,5.3193],[-74.90898,5.3193],[-74.90898,5.3193],[-74.90898,5.3193],[-74.90898,5.3193],[-74.90898,5.3193],[-74.90898,5.3193],[-74.90898,5.3193],[-74.90898,5.3193],[-74.90898,5.3193],[-74.90898,5.3193],[-74.90898,5.3193],[-74.90899,5.3193],[-74.90899,5.3193],[-74.90899,5.3193],[-74.90899,5.3193],[-74.90899,5.3193],[-74.90899,5.3193],[-74.90899,5.3193],[-74.90899,5.3193],[-74.90899,5.3193],[-74.90899,5.31931],[-74.90899,5.31931],[-74.90899,5.31931],[-74.90899,5.31931],[-74.90899,5.31931],[-74.90899,5.31931],[-74.90899,5.31931],[-74.909,5.31931],[-74.909,5.31931],[-74.909,5.31931],[-74.909,5.31931],[-74.909,5.31931],[-74.909,5.31931],[-74.909,5.31931],[-74.909,5.31931],[-74.909,5.31931],[-74.909,5.31931],[-74.909,5.31931],[-74.909,5.31931],[-74.909,5.31931],[-74.909,5.31931],[-74.909,5.31931],[-74.909,5.31931],[-74.90901,5.31931],[-74.90901,5.31931],[-74.90901,5.31931],[-74.90901,5.31931],[-74.90901,5.31931],[-74.90901,5.31931],[-74.90901,5.31931],[-74.90901,5.31931],[-74.90901,5.31931],[-74.90901,5.31932],[-74.90901,5.31932],[-74.90901,5.31932],[-74.90901,5.31932],[-74.90901,5.31932],[-74.90901,5.31932],[-74.90901,5.31932],[-74.90901,5.31932],[-74.90901,5.31932],[-74.90901,5.31932],[-74.90901,5.31932],[-74.90901,5.31932],[-74.90901,5.31932],[-74.90901,5.31932],[-74.90902,5.31932],[-74.90902,5.31932],[-74.90902,5.31932],[-74.90902,5.31932],[-74.90902,5.31932],[-74.90902,5.31932],[-74.90902,5.31933],[-74.90902,5.31933],[-74.90902,5.31933],[-74.90902,5.31933],[-74.90902,5.31933],[-74.90902,5.31933],[-74.90902,5.31933],[-74.90902,5.31933],[-74.90902,5.31933],[-74.90902,5.31933],[-74.90902,5.31933],[-74.90902,5.31933],[-74.90902,5.31933],[-74.90902,5.31933],[-74.90902,5.31933],[-74.90902,5.31933],[-74.90902,5.31933],[-74.90902,5.31933],[-74.90902,5.31933],[-74.90902,5.31933],[-74.90903,5.31933],[-74.90903,5.31933],[-74.90903,5.31933],[-74.90903,5.31933],[-74.90903,5.31934],[-74.90903,5.31934],[-74.90903,5.31934],[-74.90903,5.31934],[-74.90903,5.31934],[-74.90903,5.31934],[-74.90903,5.31934],[-74.90903,5.31934],[-74.90903,5.31934],[-74.90903,5.31934],[-74.90903,5.31934],[-74.90903,5.31934],[-74.90903,5.31934],[-74.90903,5.31934],[-74.90903,5.31934],[-74.90903,5.31934],[-74.90903,5.31934],[-74.90903,5.31934],[-74.90904,5.31934],[-74.90904,5.31934],[-74.90904,5.31934],[-74.90904,5.31934],[-74.90904,5.31934],[-74.90904,5.31934],[-74.90904,5.31934],[-74.90904,5.31934],[-74.90904,5.31934],[-74.90905,5.31934],[-74.90905,5.31934],[-74.90905,5.31934],[-74.90906,5.31934],[-74.90906,5.31934],[-74.90906,5.31934],[-74.90906,5.31934],[-74.90906,5.31934],[-74.90906,5.31934],[-74.90906,5.31934],[-74.90906,5.31934],[-74.90906,5.31934],[-74.90906,5.31934],[-74.90906,5.31934],[-74.90907,5.31934],[-74.90907,5.31934],[-74.90907,5.31934],[-74.90907,5.31934],[-74.90907,5.31935],[-74.90907,5.31935],[-74.90907,5.31935],[-74.90907,5.31935],[-74.90907,5.31935],[-74.90907,5.31935],[-74.90907,5.31935],[-74.90907,5.31935],[-74.90907,5.31935],[-74.90907,5.31935],[-74.90907,5.31935],[-74.90907,5.31935],[-74.90907,5.31935],[-74.90907,5.31935],[-74.90907,5.31935],[-74.90907,5.31936],[-74.90907,5.31936],[-74.90907,5.31936],[-74.90907,5.31936],[-74.90907,5.31936],[-74.90907,5.31936],[-74.90907,5.31936],[-74.90907,5.31936],[-74.90907,5.31936],[-74.90908,5.31936],[-74.90908,5.31936],[-74.90908,5.31936],[-74.90908,5.31936],[-74.90908,5.31936],[-74.90908,5.31936],[-74.90908,5.31936],[-74.90908,5.31937],[-74.90908,5.31937],[-74.90908,5.31937],[-74.90908,5.31937],[-74.90908,5.31937],[-74.90908,5.31937],[-74.90908,5.31937],[-74.90908,5.31937],[-74.90908,5.31937],[-74.90908,5.31937],[-74.90908,5.31938],[-74.90908,5.31938],[-74.90908,5.31938],[-74.90908,5.31938],[-74.90908,5.31938],[-74.90908,5.31938],[-74.90908,5.31938],[-74.90908,5.31938],[-74.90908,5.31938],[-74.90908,5.31938],[-74.90908,5.31938],[-74.90908,5.31938],[-74.90908,5.31939],[-74.90908,5.31939],[-74.90908,5.31939],[-74.90908,5.31939],[-74.90908,5.31939],[-74.90908,5.31939],[-74.90908,5.31939],[-74.90908,5.31939],[-74.90909,5.31939],[-74.90909,5.31939],[-74.90909,5.31939],[-74.90909,5.31939],[-74.90909,5.31939],[-74.90909,5.31939],[-74.90909,5.31939],[-74.90909,5.3194],[-74.90909,5.3194],[-74.90909,5.3194],[-74.90909,5.3194],[-74.90909,5.3194],[-74.90909,5.3194],[-74.90909,5.3194],[-74.90909,5.3194],[-74.90909,5.3194],[-74.90909,5.3194],[-74.90909,5.3194],[-74.90909,5.3194],[-74.90909,5.3194],[-74.90909,5.3194],[-74.90909,5.3194],[-74.90909,5.3194],[-74.90909,5.3194],[-74.90909,5.3194],[-74.90909,5.31941],[-74.90909,5.31941],[-74.90909,5.31941],[-74.90909,5.31941],[-74.90909,5.31941],[-74.90909,5.31941],[-74.9091,5.31941],[-74.9091,5.31941],[-74.9091,5.31941],[-74.9091,5.31941],[-74.9091,5.31941],[-74.9091,5.31941],[-74.9091,5.31941],[-74.9091,5.31941],[-74.9091,5.31941],[-74.9091,5.31942],[-74.9091,5.31942],[-74.9091,5.31942],[-74.9091,5.31942],[-74.9091,5.31942],[-74.9091,5.31942],[-74.9091,5.31942],[-74.9091,5.31942],[-74.9091,5.31942],[-74.9091,5.31942],[-74.9091,5.31942],[-74.9091,5.31942],[-74.9091,5.31942],[-74.9091,5.31942],[-74.9091,5.31942],[-74.90911,5.31942],[-74.90911,5.31942],[-74.90911,5.31942],[-74.90911,5.31942],[-74.90911,5.31942],[-74.90911,5.31942],[-74.90911,5.31942],[-74.90911,5.31942],[-74.90911,5.31942],[-74.90911,5.31942],[-74.90911,5.31942],[-74.90911,5.31943],[-74.90911,5.31943],[-74.90911,5.31943],[-74.90911,5.31943],[-74.90911,5.31943],[-74.90912,5.31943],[-74.90912,5.31943],[-74.90912,5.31943],[-74.90912,5.31943],[-74.90912,5.31943],[-74.90912,5.31943],[-74.90912,5.31943],[-74.90912,5.31943],[-74.90912,5.31943],[-74.90912,5.31943],[-74.90912,5.31943],[-74.90912,5.31943],[-74.90912,5.31943],[-74.90912,5.31943],[-74.90912,5.31943],[-74.90912,5.31943],[-74.90912,5.31943],[-74.90912,5.31943],[-74.90912,5.31943],[-74.90913,5.31943],[-74.90913,5.31943],[-74.90913,5.31943],[-74.90913,5.31943],[-74.90913,5.31943],[-74.90913,5.31943],[-74.90913,5.31944],[-74.90913,5.31944],[-74.90913,5.31944],[-74.90913,5.31944],[-74.90913,5.31944],[-74.90913,5.31944],[-74.90913,5.31944],[-74.90913,5.31944],[-74.90913,5.31944],[-74.90913,5.31944],[-74.90913,5.31944],[-74.90913,5.31944],[-74.90913,5.31944],[-74.90913,5.31944],[-74.90914,5.31944],[-74.90914,5.31944],[-74.90914,5.31944],[-74.90914,5.31944],[-74.90914,5.31944],[-74.90914,5.31944],[-74.90914,5.31944],[-74.90914,5.31944],[-74.90914,5.31944],[-74.90914,5.31945],[-74.90914,5.31945],[-74.90914,5.31945],[-74.90914,5.31945],[-74.90914,5.31945],[-74.90914,5.31945],[-74.90914,5.31945],[-74.90914,5.31945],[-74.90914,5.31945],[-74.90914,5.31945],[-74.90914,5.31945],[-74.90915,5.31945],[-74.90915,5.31945],[-74.90915,5.31945],[-74.90915,5.31945],[-74.90915,5.31945],[-74.90915,5.31945],[-74.90915,5.31945],[-74.90915,5.31945],[-74.90915,5.31945],[-74.90915,5.31946],[-74.90915,5.31946],[-74.90915,5.31946],[-74.90915,5.31946],[-74.90915,5.31946],[-74.90915,5.31946],[-74.90915,5.31946],[-74.90915,5.31946],[-74.90916,5.31946],[-74.90916,5.31946],[-74.90916,5.31946],[-74.90916,5.31946],[-74.90916,5.31946],[-74.90916,5.31946],[-74.90916,5.31946],[-74.90916,5.31946],[-74.90916,5.31946],[-74.90916,5.31946],[-74.90916,5.31946],[-74.90916,5.31946],[-74.90917,5.31946],[-74.90917,5.31946],[-74.90917,5.31946],[-74.90917,5.31946],[-74.90917,5.31946],[-74.90917,5.31946],[-74.90917,5.31946],[-74.90917,5.31946],[-74.90917,5.31946],[-74.90917,5.31946],[-74.90917,5.31946],[-74.90917,5.31946],[-74.90917,5.31946],[-74.90918,5.31946],[-74.90918,5.31946],[-74.90918,5.31946],[-74.90918,5.31946],[-74.90918,5.31946],[-74.90918,5.31946],[-74.90918,5.31946],[-74.90918,5.31946],[-74.90918,5.31945],[-74.90918,5.31945],[-74.90918,5.31945],[-74.90918,5.31945],[-74.90918,5.31945],[-74.90918,5.31945],[-74.90918,5.31945],[-74.90918,5.31945],[-74.90918,5.31945],[-74.90918,5.31945],[-74.90918,5.31945],[-74.90918,5.31945],[-74.90919,5.31945],[-74.90919,5.31945],[-74.90919,5.31945],[-74.90919,5.31945],[-74.90919,5.31945],[-74.90919,5.31945],[-74.90919,5.31945],[-74.90919,5.31945],[-74.90919,5.31945],[-74.90919,5.31945],[-74.9092,5.31945],[-74.9092,5.31945],[-74.9092,5.31945],[-74.9092,5.31945],[-74.9092,5.31945],[-74.9092,5.31945],[-74.9092,5.31945],[-74.9092,5.31945],[-74.9092,5.31945],[-74.9092,5.31945],[-74.9092,5.31946],[-74.9092,5.31946],[-74.9092,5.31946],[-74.9092,5.31946],[-74.9092,5.31946],[-74.9092,5.31946],[-74.9092,5.31946],[-74.9092,5.31946],[-74.90921,5.31946],[-74.90921,5.31946],[-74.90921,5.31946],[-74.90921,5.31946],[-74.90921,5.31946],[-74.90921,5.31946],[-74.90921,5.31946],[-74.90921,5.31946],[-74.90921,5.31946],[-74.90922,5.31946],[-74.90922,5.31946],[-74.90922,5.31946],[-74.90922,5.31946],[-74.90922,5.31946],[-74.90922,5.31946],[-74.90922,5.31946],[-74.90922,5.31946],[-74.90922,5.31946],[-74.90922,5.31946],[-74.90922,5.31946],[-74.90922,5.31946],[-74.90922,5.31946],[-74.90922,5.31946],[-74.90922,5.31946],[-74.90922,5.31946],[-74.90922,5.31946],[-74.90922,5.31946],[-74.90922,5.31946],[-74.90922,5.31946],[-74.90922,5.31946],[-74.90923,5.31947],[-74.90923,5.31947],[-74.90923,5.31947],[-74.90923,5.31947],[-74.90923,5.31947],[-74.90923,5.31947],[-74.90923,5.31947],[-74.90923,5.31947],[-74.90923,5.31947],[-74.90923,5.31947],[-74.90923,5.31947],[-74.90923,5.31947],[-74.90923,5.31947],[-74.90923,5.31947],[-74.90923,5.31947],[-74.90923,5.31947],[-74.90923,5.31947],[-74.90923,5.31948],[-74.90923,5.31948],[-74.90923,5.31948],[-74.90923,5.31948],[-74.90924,5.31948],[-74.90924,5.31948],[-74.90924,5.31948],[-74.90924,5.31948],[-74.90924,5.31948],[-74.90924,5.31948],[-74.90924,5.31948],[-74.90924,5.31948],[-74.90924,5.31948],[-74.90924,5.31948],[-74.90924,5.31948],[-74.90924,5.31948],[-74.90924,5.31948],[-74.90924,5.31948],[-74.90924,5.31948],[-74.90924,5.31948],[-74.90924,5.31949],[-74.90924,5.31949],[-74.90924,5.31949],[-74.90924,5.31949],[-74.90924,5.31949],[-74.90925,5.31949],[-74.90925,5.31949],[-74.90925,5.31949],[-74.90925,5.31949],[-74.90925,5.31949],[-74.90925,5.31949],[-74.90925,5.31949],[-74.90925,5.31949],[-74.90925,5.31949],[-74.90926,5.31949],[-74.90926,5.31949],[-74.90926,5.31949],[-74.90926,5.31949],[-74.90926,5.31949],[-74.90926,5.31949],[-74.90926,5.31949],[-74.90926,5.31949],[-74.90926,5.31949],[-74.90926,5.31949],[-74.90926,5.31949],[-74.90926,5.31949],[-74.90926,5.31949],[-74.90926,5.31949],[-74.90926,5.31949],[-74.90926,5.31949],[-74.90927,5.31949],[-74.90927,5.31949],[-74.90928,5.31949],[-74.90928,5.31949],[-74.90928,5.31949],[-74.90928,5.31949],[-74.90928,5.31949],[-74.90928,5.3195],[-74.90928,5.3195],[-74.90928,5.3195],[-74.90928,5.3195],[-74.90928,5.3195],[-74.90928,5.3195],[-74.90928,5.3195],[-74.90929,5.3195],[-74.90929,5.3195],[-74.90929,5.3195],[-74.90929,5.3195],[-74.90929,5.3195],[-74.9093,5.3195],[-74.9093,5.3195],[-74.9093,5.3195],[-74.9093,5.3195],[-74.9093,5.3195],[-74.9093,5.3195],[-74.9093,5.3195],[-74.9093,5.3195],[-74.9093,5.3195],[-74.9093,5.3195],[-74.9093,5.3195],[-74.9093,5.3195],[-74.9093,5.3195],[-74.9093,5.3195],[-74.9093,5.3195],[-74.9093,5.3195],[-74.9093,5.3195],[-74.90931,5.3195],[-74.90931,5.3195],[-74.90931,5.3195],[-74.90931,5.3195],[-74.90931,5.3195],[-74.90931,5.3195],[-74.90931,5.3195],[-74.90931,5.3195],[-74.90932,5.3195],[-74.90932,5.3195],[-74.90932,5.3195],[-74.90932,5.3195],[-74.90932,5.3195],[-74.90932,5.3195],[-74.90932,5.3195],[-74.90932,5.3195],[-74.90932,5.3195],[-74.90933,5.3195],[-74.90933,5.3195],[-74.90933,5.3195],[-74.90933,5.3195],[-74.90933,5.3195],[-74.90933,5.3195],[-74.90933,5.3195],[-74.90933,5.3195],[-74.90933,5.3195],[-74.90933,5.3195],[-74.90933,5.3195],[-74.90933,5.3195],[-74.90933,5.3195],[-74.90934,5.3195],[-74.90934,5.3195],[-74.90934,5.3195],[-74.90934,5.3195],[-74.90934,5.3195],[-74.90934,5.3195],[-74.90934,5.3195],[-74.90934,5.3195],[-74.90934,5.3195],[-74.90934,5.3195],[-74.90934,5.3195],[-74.90934,5.3195],[-74.90934,5.3195],[-74.90934,5.3195],[-74.90934,5.3195],[-74.90934,5.3195],[-74.90934,5.3195],[-74.90934,5.3195],[-74.90935,5.3195],[-74.90935,5.3195],[-74.90935,5.3195],[-74.90935,5.3195],[-74.90935,5.3195],[-74.90935,5.3195],[-74.90935,5.31949],[-74.90935,5.31949],[-74.90935,5.31949],[-74.90935,5.31949],[-74.90935,5.31949],[-74.90935,5.31949],[-74.90935,5.31949],[-74.90935,5.31949],[-74.90935,5.31949],[-74.90936,5.31949],[-74.90936,5.31949],[-74.90936,5.31949],[-74.90936,5.31949],[-74.90936,5.31949],[-74.90936,5.31949],[-74.90936,5.31949],[-74.90936,5.31949],[-74.90936,5.31949],[-74.90936,5.31949],[-74.90936,5.31949],[-74.90936,5.31949],[-74.90936,5.31948],[-74.90936,5.31948],[-74.90936,5.31948],[-74.90936,5.31948],[-74.90936,5.31948],[-74.90936,5.31948],[-74.90936,5.31948],[-74.90936,5.31948],[-74.90936,5.31948],[-74.90936,5.31948],[-74.90936,5.31948],[-74.90936,5.31948],[-74.90936,5.31948],[-74.90936,5.31948],[-74.90936,5.31948],[-74.90936,5.31948],[-74.90937,5.31948],[-74.90937,5.31948],[-74.90937,5.31948],[-74.90937,5.31948],[-74.90937,5.31948],[-74.90937,5.31948],[-74.90937,5.31948],[-74.90937,5.31948],[-74.90937,5.31948],[-74.90937,5.31948],[-74.90937,5.31948],[-74.90937,5.31947],[-74.90937,5.31947],[-74.90937,5.31947],[-74.90937,5.31947],[-74.90937,5.31947],[-74.90937,5.31947],[-74.90937,5.31947],[-74.90937,5.31947],[-74.90937,5.31947],[-74.90937,5.31947],[-74.90937,5.31947],[-74.90937,5.31947],[-74.90937,5.31947],[-74.90937,5.31947],[-74.90937,5.31947],[-74.90937,5.31947],[-74.90937,5.31947],[-74.90937,5.31946],[-74.90937,5.31946],[-74.90937,5.31946],[-74.90937,5.31946],[-74.90937,5.31946],[-74.90937,5.31946],[-74.90937,5.31946],[-74.90937,5.31946],[-74.90937,5.31946],[-74.90937,5.31946],[-74.90937,5.31946],[-74.90937,5.31945],[-74.90937,5.31945],[-74.90938,5.31945],[-74.90938,5.31945],[-74.90938,5.31945],[-74.90938,5.31945],[-74.90938,5.31945],[-74.90938,5.31945],[-74.90938,5.31945],[-74.90938,5.31945],[-74.90938,5.31945],[-74.90938,5.31945],[-74.90938,5.31945],[-74.90938,5.31945],[-74.90938,5.31945],[-74.90938,5.31945],[-74.90938,5.31945],[-74.90938,5.31945],[-74.90938,5.31945],[-74.90938,5.31945],[-74.90938,5.31945],[-74.90938,5.31945],[-74.90938,5.31945],[-74.90938,5.31945],[-74.90938,5.31945],[-74.90938,5.31944],[-74.90938,5.31944],[-74.90938,5.31944],[-74.90938,5.31944],[-74.90938,5.31944],[-74.90938,5.31944],[-74.90938,5.31944],[-74.90938,5.31944],[-74.90939,5.31944],[-74.90939,5.31944],[-74.90939,5.31944],[-74.90939,5.31944],[-74.90939,5.31944],[-74.90939,5.31944],[-74.90939,5.31944],[-74.90939,5.31944],[-74.90939,5.31944],[-74.90939,5.31944],[-74.90939,5.31943],[-74.90939,5.31943],[-74.90939,5.31943],[-74.90939,5.31943],[-74.90939,5.31943],[-74.90939,5.31943],[-74.90939,5.31943],[-74.90939,5.31943],[-74.90939,5.31943],[-74.90939,5.31943],[-74.90939,5.31943],[-74.90938,5.31943],[-74.90938,5.31943],[-74.90938,5.31943],[-74.90938,5.31943],[-74.90938,5.31943],[-74.90938,5.31943],[-74.90938,5.31943],[-74.90938,5.31943],[-74.90938,5.31943],[-74.90938,5.31943],[-74.90938,5.31943],[-74.90938,5.31943],[-74.90938,5.31942],[-74.90938,5.31942],[-74.90938,5.31942],[-74.90938,5.31942],[-74.90938,5.31942],[-74.90938,5.31942],[-74.90938,5.31942],[-74.90938,5.31942],[-74.90938,5.31942],[-74.90938,5.31942],[-74.90938,5.31942],[-74.90938,5.31942],[-74.90938,5.31942],[-74.90938,5.31942],[-74.90938,5.31942],[-74.90938,5.31942],[-74.90938,5.31942],[-74.90938,5.31942],[-74.90938,5.31942],[-74.90938,5.31942],[-74.90938,5.31941],[-74.90938,5.31941],[-74.90938,5.31941],[-74.90938,5.31941],[-74.90938,5.31941],[-74.90938,5.31941],[-74.90938,5.31941],[-74.90938,5.31941],[-74.90938,5.31941],[-74.90938,5.31941],[-74.90938,5.31941],[-74.90938,5.31941],[-74.90938,5.31941],[-74.90938,5.31941],[-74.90938,5.31941],[-74.90938,5.31941],[-74.90938,5.31941],[-74.90938,5.31941],[-74.90938,5.31941],[-74.90938,5.31941],[-74.90939,5.31941],[-74.90939,5.31941],[-74.90939,5.31941],[-74.90939,5.31941],[-74.90939,5.3194],[-74.90939,5.3194],[-74.90939,5.3194],[-74.90939,5.3194],[-74.90939,5.3194],[-74.90939,5.3194],[-74.90939,5.3194],[-74.90938,5.3194],[-74.90938,5.3194],[-74.90938,5.3194],[-74.90938,5.3194],[-74.90938,5.3194],[-74.90938,5.3194],[-74.90938,5.3194],[-74.90938,5.3194],[-74.90938,5.3194],[-74.90938,5.31939],[-74.90938,5.31939],[-74.90938,5.31939],[-74.90938,5.31939],[-74.90938,5.31939],[-74.90938,5.31939],[-74.90938,5.31939],[-74.90938,5.31939],[-74.90938,5.31939],[-74.90938,5.31939],[-74.90938,5.31939],[-74.90938,5.31939],[-74.90938,5.31939],[-74.90938,5.31939],[-74.90938,5.31939],[-74.90938,5.31939],[-74.90938,5.31939],[-74.90938,5.31938],[-74.90938,5.31938],[-74.90938,5.31938],[-74.90938,5.31938],[-74.90938,5.31938],[-74.90938,5.31938],[-74.90938,5.31938],[-74.90938,5.31938],[-74.90938,5.31938],[-74.90938,5.31938],[-74.90938,5.31938],[-74.90938,5.31938],[-74.90938,5.31938],[-74.90938,5.31938],[-74.90938,5.31938],[-74.90938,5.31938],[-74.90938,5.31938],[-74.90938,5.31938],[-74.90938,5.31938],[-74.90938,5.31938],[-74.90938,5.31938],[-74.90938,5.31937],[-74.90938,5.31937],[-74.90938,5.31937],[-74.90938,5.31937],[-74.90938,5.31937],[-74.90938,5.31937],[-74.90938,5.31937],[-74.90938,5.31937],[-74.90938,5.31937],[-74.90938,5.31937],[-74.90938,5.31937],[-74.90938,5.31936],[-74.90938,5.31936],[-74.90938,5.31936],[-74.90938,5.31936],[-74.90938,5.31936],[-74.90938,5.31936],[-74.90938,5.31936],[-74.90938,5.31936],[-74.90938,5.31936],[-74.90938,5.31936],[-74.90938,5.31936],[-74.90938,5.31936],[-74.90938,5.31936],[-74.90938,5.31936],[-74.90938,5.31936],[-74.90938,5.31936],[-74.90938,5.31936],[-74.90938,5.31936],[-74.90938,5.31936],[-74.90937,5.31935],[-74.90937,5.31935],[-74.90937,5.31935],[-74.90937,5.31935],[-74.90937,5.31935],[-74.90937,5.31935],[-74.90937,5.31935],[-74.90937,5.31935],[-74.90937,5.31935],[-74.90937,5.31935],[-74.90937,5.31935],[-74.90937,5.31935],[-74.90938,5.31935],[-74.90938,5.31935],[-74.90938,5.31935],[-74.90938,5.31935],[-74.90938,5.31935],[-74.90938,5.31935],[-74.90938,5.31934],[-74.90938,5.31934],[-74.90938,5.31934],[-74.90938,5.31934],[-74.90938,5.31934],[-74.90938,5.31934],[-74.90938,5.31934],[-74.90938,5.31934],[-74.90938,5.31934],[-74.90938,5.31934],[-74.90938,5.31934],[-74.90938,5.31934],[-74.90938,5.31934],[-74.90938,5.31934],[-74.90938,5.31933],[-74.90938,5.31933],[-74.90938,5.31933],[-74.90938,5.31933],[-74.90938,5.31933],[-74.90938,5.31933],[-74.90938,5.31933],[-74.90938,5.31933],[-74.90938,5.31933],[-74.90938,5.31933],[-74.90938,5.31933],[-74.90938,5.31933],[-74.90938,5.31933],[-74.90938,5.31933],[-74.90938,5.31933],[-74.90938,5.31933],[-74.90938,5.31933],[-74.90939,5.31933],[-74.90939,5.31933],[-74.90939,5.31933],[-74.90939,5.31932],[-74.90939,5.31932],[-74.90939,5.31932],[-74.90939,5.31932],[-74.90939,5.31932],[-74.90938,5.31932],[-74.90938,5.31932],[-74.90938,5.31932],[-74.90938,5.31932],[-74.90938,5.31932],[-74.90938,5.31932],[-74.90938,5.31932],[-74.90938,5.31932],[-74.90938,5.31932],[-74.90938,5.31932],[-74.90938,5.31932],[-74.90938,5.31932],[-74.90938,5.31932],[-74.90938,5.31932],[-74.90938,5.31932],[-74.90938,5.31932],[-74.90938,5.31932],[-74.90938,5.31932],[-74.90938,5.31932],[-74.90938,5.31932],[-74.90938,5.31932],[-74.90938,5.31932],[-74.90938,5.31931],[-74.90938,5.31931],[-74.90938,5.31931],[-74.90938,5.31931],[-74.90938,5.31931],[-74.90938,5.31931],[-74.90938,5.31931],[-74.90938,5.31931],[-74.90938,5.31931],[-74.90938,5.31931],[-74.90938,5.31931],[-74.90938,5.31931],[-74.90938,5.31931],[-74.90938,5.31931],[-74.90938,5.31931],[-74.90938,5.31931],[-74.90938,5.31931],[-74.90938,5.31931],[-74.90938,5.31931],[-74.90938,5.31931],[-74.90938,5.31931],[-74.90938,5.31931],[-74.90938,5.31931],[-74.90938,5.31931],[-74.90938,5.31931],[-74.90938,5.31931],[-74.90938,5.31931],[-74.90938,5.31931],[-74.90938,5.31931],[-74.90938,5.31931],[-74.90938,5.31931],[-74.90938,5.31931],[-74.90938,5.3193],[-74.90938,5.3193],[-74.90938,5.3193],[-74.90938,5.3193],[-74.90938,5.3193],[-74.90938,5.3193],[-74.90938,5.3193],[-74.90938,5.3193],[-74.90938,5.3193],[-74.90938,5.3193],[-74.90938,5.3193],[-74.90938,5.3193],[-74.90938,5.3193],[-74.90938,5.3193],[-74.90938,5.3193],[-74.90938,5.3193],[-74.90939,5.3193],[-74.90939,5.3193],[-74.90939,5.3193],[-74.90939,5.3193],[-74.90939,5.3193],[-74.90939,5.3193],[-74.90939,5.3193],[-74.90939,5.3193],[-74.90939,5.31929],[-74.90939,5.31929],[-74.90939,5.31929],[-74.90939,5.31929],[-74.90939,5.31929],[-74.90939,5.31929],[-74.90939,5.31928],[-74.90939,5.31928],[-74.90939,5.31928],[-74.90939,5.31928],[-74.90939,5.31928],[-74.90939,5.31928],[-74.90939,5.31928],[-74.90939,5.31928],[-74.90939,5.31928],[-74.90939,5.31928],[-74.90939,5.31928],[-74.90939,5.31928],[-74.90939,5.31928],[-74.90939,5.31928],[-74.90939,5.31928],[-74.90939,5.31928],[-74.90939,5.31928],[-74.90939,5.31928],[-74.90939,5.31928],[-74.90939,5.31928],[-74.90939,5.31928],[-74.90939,5.31928],[-74.90939,5.31928],[-74.90939,5.31928],[-74.90939,5.31928],[-74.90939,5.31928],[-74.90939,5.31928],[-74.90939,5.31927],[-74.90939,5.31927],[-74.90939,5.31927],[-74.90939,5.31927],[-74.90939,5.31927],[-74.90939,5.31927],[-74.90939,5.31927],[-74.90939,5.31927],[-74.90939,5.31927],[-74.90939,5.31927],[-74.90939,5.31927],[-74.90939,5.31927],[-74.90939,5.31927],[-74.90939,5.31927],[-74.90939,5.31927],[-74.90939,5.31927],[-74.90939,5.31927],[-74.90939,5.31927],[-74.90939,5.31927],[-74.90939,5.31927],[-74.90939,5.31927],[-74.90939,5.31927],[-74.90939,5.31927],[-74.90939,5.31927],[-74.90939,5.31927],[-74.90939,5.31927],[-74.90939,5.31927],[-74.90939,5.31927],[-74.90939,5.31927],[-74.90939,5.31927],[-74.90939,5.31927],[-74.90939,5.31927],[-74.90939,5.31926],[-74.90939,5.31926],[-74.90939,5.31926],[-74.90939,5.31926],[-74.90939,5.31926],[-74.90939,5.31926],[-74.90939,5.31926],[-74.90939,5.31926],[-74.90939,5.31926],[-74.90939,5.31926],[-74.90939,5.31926],[-74.90939,5.31926],[-74.90939,5.31926],[-74.90939,5.31926],[-74.90939,5.31926],[-74.90939,5.31926],[-74.90939,5.31926],[-74.90939,5.31926],[-74.90939,5.31926],[-74.90939,5.31926],[-74.90939,5.31926],[-74.90939,5.31926],[-74.90939,5.31925],[-74.90939,5.31925],[-74.90939,5.31925],[-74.90939,5.31925],[-74.90939,5.31925],[-74.90939,5.31925],[-74.90939,5.31925],[-74.90939,5.31925],[-74.90939,5.31925],[-74.90939,5.31925],[-74.90939,5.31925],[-74.90939,5.31925],[-74.90939,5.31925],[-74.90939,5.31925],[-74.90939,5.31925],[-74.90939,5.31925],[-74.90939,5.31925],[-74.90939,5.31925],[-74.90938,5.31925],[-74.90938,5.31925],[-74.90938,5.31925],[-74.90938,5.31925],[-74.90938,5.31925],[-74.90939,5.31925],[-74.90939,5.31925],[-74.90939,5.31925],[-74.90939,5.31925],[-74.90939,5.31925],[-74.90939,5.31925],[-74.90939,5.31925],[-74.90939,5.31925],[-74.90939,5.31925],[-74.90939,5.31925],[-74.90939,5.31925],[-74.90939,5.31925],[-74.90939,5.31924],[-74.90939,5.31924],[-74.90939,5.31924],[-74.90939,5.31924],[-74.90939,5.31924],[-74.90939,5.31924],[-74.90939,5.31924],[-74.90939,5.31924],[-74.90939,5.31924],[-74.90939,5.31924],[-74.90939,5.31924],[-74.90939,5.31924],[-74.90939,5.31924],[-74.90939,5.31923],[-74.90939,5.31923],[-74.90939,5.31923],[-74.90939,5.31923],[-74.90939,5.31923],[-74.90939,5.31923],[-74.90939,5.31923],[-74.90939,5.31923],[-74.90939,5.31923],[-74.90939,5.31923],[-74.90939,5.31923],[-74.90939,5.31923],[-74.90939,5.31923],[-74.90939,5.31923],[-74.90939,5.31923],[-74.90939,5.31923],[-74.90939,5.31923],[-74.90939,5.31923],[-74.90939,5.31923],[-74.90939,5.31923],[-74.90939,5.31923],[-74.90939,5.31923],[-74.90939,5.31923],[-74.90939,5.31923],[-74.90939,5.31922],[-74.90939,5.31922],[-74.90939,5.31922],[-74.90939,5.31922],[-74.90939,5.31922],[-74.90939,5.31922],[-74.90939,5.31922],[-74.90939,5.31922],[-74.90939,5.31922],[-74.90939,5.31922],[-74.90939,5.31922],[-74.90939,5.31922],[-74.90939,5.31922],[-74.90939,5.31922],[-74.90939,5.31922],[-74.90939,5.31921],[-74.90939,5.31921],[-74.90939,5.31921],[-74.90939,5.31921],[-74.90939,5.31921],[-74.90939,5.31921],[-74.90939,5.31921],[-74.90939,5.31921],[-74.90939,5.31921],[-74.90939,5.31921],[-74.90939,5.31921],[-74.90939,5.31921],[-74.90939,5.31921],[-74.90939,5.31921],[-74.90939,5.31921],[-74.90939,5.31921],[-74.90939,5.31921],[-74.90939,5.31921],[-74.90939,5.31921],[-74.90939,5.31921],[-74.90939,5.31921],[-74.90939,5.31921],[-74.90939,5.31921],[-74.90939,5.31921],[-74.90939,5.31921],[-74.90939,5.31921],[-74.90939,5.31921],[-74.90939,5.31921],[-74.90939,5.31921],[-74.90939,5.31921],[-74.90939,5.31921],[-74.90939,5.31921],[-74.90939,5.31921],[-74.90939,5.31921],[-74.90939,5.31921],[-74.90939,5.31921],[-74.90939,5.31921],[-74.90939,5.31921],[-74.90939,5.3192],[-74.90939,5.3192],[-74.90939,5.3192],[-74.90939,5.3192],[-74.90939,5.3192],[-74.90939,5.3192],[-74.90939,5.3192],[-74.90939,5.3192],[-74.90939,5.3192],[-74.90939,5.3192],[-74.90939,5.3192],[-74.90939,5.3192],[-74.90939,5.3192],[-74.90939,5.3192],[-74.90939,5.3192],[-74.90939,5.3192],[-74.90939,5.3192],[-74.90939,5.3192],[-74.90939,5.3192],[-74.90939,5.3192],[-74.90939,5.3192],[-74.90939,5.3192],[-74.90939,5.3192],[-74.90939,5.3192],[-74.90939,5.3192],[-74.90939,5.3192],[-74.90939,5.3192],[-74.90939,5.3192],[-74.90939,5.3192],[-74.90939,5.31919],[-74.90939,5.31919],[-74.90939,5.31919],[-74.90939,5.31919],[-74.90939,5.31919],[-74.90939,5.31919],[-74.90939,5.31919],[-74.90939,5.31919],[-74.90939,5.31919],[-74.90939,5.31919],[-74.90939,5.31919],[-74.90939,5.31919],[-74.90939,5.31919],[-74.90939,5.31919],[-74.90939,5.31919],[-74.90939,5.31919],[-74.90939,5.31919],[-74.90939,5.31919],[-74.90939,5.31919],[-74.90939,5.31919],[-74.90939,5.31919],[-74.90939,5.31919],[-74.90939,5.31919],[-74.90939,5.31919],[-74.90939,5.31919],[-74.90939,5.31919],[-74.90939,5.31919],[-74.90939,5.31919],[-74.90939,5.31919],[-74.90939,5.31919],[-74.90939,5.31919],[-74.90939,5.31919],[-74.90939,5.31919],[-74.90939,5.31919],[-74.90939,5.31919],[-74.90939,5.31919],[-74.90939,5.31919],[-74.90939,5.31919],[-74.90938,5.31919],[-74.90938,5.31919],[-74.90938,5.31919],[-74.90938,5.31919],[-74.90938,5.31919],[-74.90938,5.31919],[-74.90938,5.31919],[-74.90938,5.31919],[-74.90938,5.31919],[-74.90938,5.31919],[-74.90938,5.31919],[-74.90938,5.31919],[-74.90938,5.31919],[-74.90937,5.31918],[-74.90937,5.31918],[-74.90937,5.31918],[-74.90937,5.31918],[-74.90937,5.31918],[-74.90937,5.31918],[-74.90937,5.31918],[-74.90937,5.31918],[-74.90937,5.31918],[-74.90937,5.31918],[-74.90937,5.31918],[-74.90937,5.31918],[-74.90937,5.31918],[-74.90937,5.31918],[-74.90937,5.31918],[-74.90937,5.31917],[-74.90937,5.31917],[-74.90937,5.31917],[-74.90937,5.31917],[-74.90937,5.31917],[-74.90937,5.31917],[-74.90937,5.31917],[-74.90937,5.31917],[-74.90937,5.31917],[-74.90937,5.31917],[-74.90937,5.31917],[-74.90937,5.31917],[-74.90937,5.31917],[-74.90936,5.31917],[-74.90936,5.31917],[-74.90936,5.31916],[-74.90936,5.31916],[-74.90936,5.31916],[-74.90936,5.31916],[-74.90936,5.31916],[-74.90936,5.31916],[-74.90936,5.31916],[-74.90936,5.31916],[-74.90936,5.31916],[-74.90936,5.31916],[-74.90936,5.31916],[-74.90936,5.31916],[-74.90936,5.31916],[-74.90936,5.31916],[-74.90936,5.31916],[-74.90936,5.31916],[-74.90936,5.31916],[-74.90936,5.31916],[-74.90936,5.31916],[-74.90936,5.31916],[-74.90936,5.31915],[-74.90936,5.31915],[-74.90936,5.31915],[-74.90936,5.31915],[-74.90936,5.31915],[-74.90936,5.31915],[-74.90936,5.31915],[-74.90936,5.31915],[-74.90936,5.31915],[-74.90936,5.31915],[-74.90936,5.31915],[-74.90936,5.31915],[-74.90936,5.31915],[-74.90936,5.31915],[-74.90936,5.31915],[-74.90936,5.31915],[-74.90936,5.31915],[-74.90936,5.31914],[-74.90936,5.31914],[-74.90936,5.31914],[-74.90936,5.31914],[-74.90936,5.31914],[-74.90936,5.31914],[-74.90936,5.31914],[-74.90936,5.31914],[-74.90936,5.31914],[-74.90936,5.31914],[-74.90936,5.31914],[-74.90936,5.31914],[-74.90936,5.31914],[-74.90936,5.31914],[-74.90936,5.31914],[-74.90936,5.31914],[-74.90936,5.31913],[-74.90936,5.31913],[-74.90936,5.31913],[-74.90936,5.31913],[-74.90936,5.31913],[-74.90936,5.31913],[-74.90936,5.31913],[-74.90936,5.31913],[-74.90936,5.31913],[-74.90936,5.31913],[-74.90936,5.31913],[-74.90936,5.31913],[-74.90936,5.31913],[-74.90936,5.31913],[-74.90936,5.31913],[-74.90936,5.31913],[-74.90936,5.31913],[-74.90936,5.31912],[-74.90937,5.31912],[-74.90937,5.31912],[-74.90937,5.31912],[-74.90937,5.31912],[-74.90937,5.31912],[-74.90937,5.31912],[-74.90937,5.31912],[-74.90937,5.31912],[-74.90937,5.31912],[-74.90937,5.31912],[-74.90937,5.31912],[-74.90937,5.31912],[-74.90937,5.31912],[-74.90937,5.31912],[-74.90937,5.31912],[-74.90937,5.31912],[-74.90937,5.31912],[-74.90937,5.31912],[-74.90937,5.31912],[-74.90937,5.31911],[-74.90937,5.31911],[-74.90937,5.31911],[-74.90938,5.31911],[-74.90938,5.31911],[-74.90938,5.31911],[-74.90938,5.31911],[-74.90938,5.31911],[-74.90938,5.31911],[-74.90938,5.31911],[-74.90938,5.31911],[-74.90938,5.31911],[-74.90938,5.31911],[-74.90938,5.31911],[-74.90938,5.31911],[-74.90938,5.31911],[-74.90938,5.31911],[-74.90938,5.31911],[-74.90938,5.31911],[-74.90938,5.31911],[-74.90938,5.31911],[-74.90939,5.31911],[-74.90939,5.31911],[-74.90939,5.31911],[-74.90939,5.31911],[-74.90939,5.31911],[-74.90939,5.31911],[-74.90939,5.31911],[-74.90939,5.31911],[-74.90939,5.31911],[-74.90939,5.3191],[-74.90939,5.3191],[-74.90939,5.3191],[-74.90939,5.3191],[-74.9094,5.3191],[-74.9094,5.3191],[-74.9094,5.3191],[-74.9094,5.3191],[-74.9094,5.3191],[-74.9094,5.3191],[-74.9094,5.3191],[-74.9094,5.3191],[-74.9094,5.3191],[-74.9094,5.3191],[-74.9094,5.3191],[-74.9094,5.3191],[-74.9094,5.3191],[-74.9094,5.3191],[-74.9094,5.3191],[-74.9094,5.3191],[-74.9094,5.3191],[-74.9094,5.3191],[-74.9094,5.3191],[-74.9094,5.31909],[-74.9094,5.31909],[-74.9094,5.31909],[-74.9094,5.31909],[-74.9094,5.31909],[-74.9094,5.31909],[-74.9094,5.31909],[-74.9094,5.31909],[-74.90941,5.31909],[-74.90941,5.31909],[-74.90941,5.31909],[-74.90941,5.31909],[-74.90941,5.31909],[-74.90941,5.31909],[-74.90941,5.31909],[-74.90941,5.31909],[-74.90941,5.31909],[-74.90941,5.31909],[-74.90941,5.31909],[-74.90941,5.31909],[-74.90941,5.31909],[-74.90942,5.31909],[-74.90942,5.31909],[-74.90942,5.31909],[-74.90942,5.31909],[-74.90942,5.31909],[-74.90942,5.31909],[-74.90942,5.31909],[-74.90942,5.31909],[-74.90942,5.31909],[-74.90942,5.31909],[-74.90942,5.31909],[-74.90942,5.31909],[-74.90942,5.31909],[-74.90942,5.31909],[-74.90942,5.31909],[-74.90942,5.31909],[-74.90942,5.31909],[-74.90942,5.31909],[-74.90942,5.31909],[-74.90942,5.31909],[-74.90942,5.31909],[-74.90942,5.31909],[-74.90942,5.31908],[-74.90942,5.31908],[-74.90942,5.31908],[-74.90942,5.31908],[-74.90942,5.31908],[-74.90942,5.31908],[-74.90942,5.31908],[-74.90942,5.31908],[-74.90943,5.31908],[-74.90943,5.31908],[-74.90943,5.31908],[-74.90943,5.31908],[-74.90943,5.31908],[-74.90943,5.31908],[-74.90943,5.31908],[-74.90943,5.31908],[-74.90943,5.31907],[-74.90943,5.31907],[-74.90943,5.31907],[-74.90943,5.31907],[-74.90943,5.31907],[-74.90943,5.31907],[-74.90943,5.31907],[-74.90943,5.31907],[-74.90943,5.31907],[-74.90943,5.31907],[-74.90943,5.31907],[-74.90943,5.31907],[-74.90943,5.31907],[-74.90943,5.31907],[-74.90944,5.31907],[-74.90944,5.31907],[-74.90944,5.31907],[-74.90944,5.31907],[-74.90944,5.31907],[-74.90944,5.31907],[-74.90944,5.31907],[-74.90944,5.31907],[-74.90944,5.31907],[-74.90944,5.31906],[-74.90944,5.31906],[-74.90944,5.31906],[-74.90944,5.31906],[-74.90944,5.31906],[-74.90944,5.31906],[-74.90944,5.31906],[-74.90944,5.31906],[-74.90944,5.31906],[-74.90944,5.31906],[-74.90944,5.31906],[-74.90944,5.31906],[-74.90944,5.31906],[-74.90944,5.31906],[-74.90944,5.31906],[-74.90944,5.31906],[-74.90944,5.31906],[-74.90944,5.31906],[-74.90944,5.31906],[-74.90944,5.31906],[-74.90944,5.31906],[-74.90944,5.31906],[-74.90945,5.31905],[-74.90945,5.31905],[-74.90945,5.31905],[-74.90945,5.31905],[-74.90945,5.31905],[-74.90945,5.31905],[-74.90945,5.31905],[-74.90945,5.31905],[-74.90945,5.31905],[-74.90945,5.31905],[-74.90945,5.31905],[-74.90945,5.31905],[-74.90945,5.31905],[-74.90945,5.31905],[-74.90945,5.31905],[-74.90945,5.31905],[-74.90945,5.31905],[-74.90945,5.31905],[-74.90945,5.31905],[-74.90945,5.31905],[-74.90945,5.31905],[-74.90946,5.31905],[-74.90946,5.31905],[-74.90946,5.31905],[-74.90946,5.31905],[-74.90946,5.31905],[-74.90946,5.31905],[-74.90946,5.31905],[-74.90946,5.31904],[-74.90946,5.31904],[-74.90946,5.31904],[-74.90946,5.31904],[-74.90946,5.31904],[-74.90946,5.31904],[-74.90946,5.31904],[-74.90946,5.31904],[-74.90946,5.31904],[-74.90946,5.31904],[-74.90946,5.31904],[-74.90946,5.31904],[-74.90946,5.31904],[-74.90946,5.31904],[-74.90946,5.31904],[-74.90947,5.31904],[-74.90947,5.31904],[-74.90947,5.31904],[-74.90947,5.31904],[-74.90947,5.31904],[-74.90947,5.31904],[-74.90947,5.31903],[-74.90947,5.31903],[-74.90947,5.31903],[-74.90947,5.31903],[-74.90947,5.31903],[-74.90947,5.31903],[-74.90947,5.31903],[-74.90947,5.31903],[-74.90947,5.31903],[-74.90947,5.31903],[-74.90947,5.31903],[-74.90947,5.31903],[-74.90947,5.31903],[-74.90947,5.31903],[-74.90947,5.31903],[-74.90947,5.31903],[-74.90947,5.31902],[-74.90947,5.31902],[-74.90947,5.31902],[-74.90947,5.31902],[-74.90947,5.31902],[-74.90947,5.31902],[-74.90947,5.31902],[-74.90947,5.31902],[-74.90947,5.31902],[-74.90947,5.31902],[-74.90947,5.31902],[-74.90947,5.31902],[-74.90947,5.31902],[-74.90947,5.31902],[-74.90948,5.31902],[-74.90948,5.31902],[-74.90948,5.31902],[-74.90948,5.31901],[-74.90948,5.31901],[-74.90948,5.31901],[-74.90948,5.31901],[-74.90948,5.31901],[-74.90948,5.31901],[-74.90948,5.31901],[-74.90948,5.31901],[-74.90948,5.31901],[-74.90948,5.31901],[-74.90948,5.31901],[-74.90948,5.31901],[-74.90948,5.31901],[-74.90948,5.31901],[-74.90948,5.31901],[-74.90948,5.31901],[-74.90948,5.31901],[-74.90948,5.31901],[-74.90948,5.31901],[-74.90948,5.31901],[-74.90948,5.31901],[-74.90948,5.319],[-74.90948,5.319],[-74.90948,5.319],[-74.90948,5.319],[-74.90948,5.319],[-74.90949,5.319],[-74.90949,5.319],[-74.90949,5.319],[-74.90949,5.319],[-74.90949,5.319],[-74.90949,5.319],[-74.90949,5.319],[-74.90949,5.319],[-74.90949,5.319],[-74.90949,5.319],[-74.90949,5.319],[-74.90949,5.319],[-74.90949,5.319],[-74.9095,5.319],[-74.9095,5.319],[-74.9095,5.319],[-74.9095,5.319],[-74.9095,5.319],[-74.9095,5.319],[-74.9095,5.319],[-74.9095,5.319],[-74.9095,5.319],[-74.9095,5.319],[-74.9095,5.319],[-74.9095,5.319],[-74.90951,5.319],[-74.90951,5.319],[-74.90951,5.319],[-74.90951,5.319],[-74.90951,5.319],[-74.90951,5.319],[-74.90951,5.319],[-74.90951,5.319],[-74.90951,5.319],[-74.90951,5.319],[-74.90951,5.319],[-74.90951,5.319],[-74.90951,5.319],[-74.90951,5.319],[-74.90951,5.319],[-74.90952,5.319],[-74.90952,5.319],[-74.90952,5.319],[-74.90952,5.319],[-74.90952,5.319],[-74.90952,5.319],[-74.90952,5.319],[-74.90952,5.319],[-74.90952,5.319],[-74.90952,5.319],[-74.90952,5.319],[-74.90952,5.319],[-74.90952,5.319],[-74.90952,5.319],[-74.90952,5.319],[-74.90952,5.319],[-74.90952,5.319],[-74.90952,5.319],[-74.90952,5.319],[-74.90952,5.319],[-74.90952,5.319],[-74.90953,5.319],[-74.90953,5.319],[-74.90953,5.319],[-74.90953,5.319],[-74.90953,5.319],[-74.90953,5.319],[-74.90952,5.319],[-74.90952,5.319],[-74.90952,5.319],[-74.90952,5.319],[-74.90952,5.31899],[-74.90952,5.31899],[-74.90952,5.31899],[-74.90952,5.31899],[-74.90952,5.31899],[-74.90952,5.31899],[-74.90952,5.31899],[-74.90952,5.31899],[-74.90952,5.31899],[-74.90952,5.31899],[-74.90952,5.31899],[-74.90952,5.31899],[-74.90952,5.31899],[-74.90952,5.31899],[-74.90952,5.31899],[-74.90952,5.31899],[-74.90952,5.31899],[-74.90952,5.31899],[-74.90952,5.31899],[-74.90952,5.31899],[-74.90952,5.31899],[-74.90952,5.31899],[-74.90952,5.31899],[-74.90952,5.31899],[-74.90953,5.31899],[-74.90953,5.31899],[-74.90953,5.31899],[-74.90953,5.31899],[-74.90953,5.31899],[-74.90953,5.31899],[-74.90953,5.31898],[-74.90953,5.31898],[-74.90953,5.31898],[-74.90953,5.31898],[-74.90953,5.31898],[-74.90953,5.31898],[-74.90953,5.31898],[-74.90953,5.31898],[-74.90953,5.31898],[-74.90953,5.31898],[-74.90953,5.31898],[-74.90953,5.31898],[-74.90953,5.31898],[-74.90953,5.31898],[-74.90953,5.31898],[-74.90953,5.31898],[-74.90953,5.31898],[-74.90954,5.31898],[-74.90954,5.31898],[-74.90954,5.31898],[-74.90954,5.31898],[-74.90954,5.31898],[-74.90954,5.31898],[-74.90954,5.31898],[-74.90954,5.31898],[-74.90954,5.31898],[-74.90954,5.31898],[-74.90954,5.31898],[-74.90954,5.31898],[-74.90954,5.31898],[-74.90954,5.31898],[-74.90954,5.31898],[-74.90954,5.31898],[-74.90954,5.31898],[-74.90954,5.31898],[-74.90954,5.31898],[-74.90954,5.31898],[-74.90954,5.31898],[-74.90954,5.31898],[-74.90954,5.31898],[-74.90954,5.31898],[-74.90954,5.31898],[-74.90954,5.31898],[-74.90954,5.31898],[-74.90954,5.31898],[-74.90954,5.31898],[-74.90954,5.31898],[-74.90954,5.31898],[-74.90954,5.31898],[-74.90954,5.31898],[-74.90954,5.31898],[-74.90954,5.31898],[-74.90955,5.31898],[-74.90955,5.31898],[-74.90955,5.31898],[-74.90955,5.31898],[-74.90955,5.31898],[-74.90955,5.31898],[-74.90955,5.31898],[-74.90955,5.31898],[-74.90955,5.31898],[-74.90955,5.31898],[-74.90955,5.31898],[-74.90955,5.31898],[-74.90955,5.31898],[-74.90955,5.31898],[-74.90955,5.31898],[-74.90955,5.31898],[-74.90954,5.31898],[-74.90954,5.31898],[-74.90954,5.31898],[-74.90954,5.31898],[-74.90954,5.31898],[-74.90954,5.31898],[-74.90954,5.31898],[-74.90954,5.31898],[-74.90954,5.31898],[-74.90954,5.31898],[-74.90955,5.31898],[-74.90955,5.31898],[-74.90955,5.31897],[-74.90955,5.31897],[-74.90955,5.31897],[-74.90955,5.31897],[-74.90955,5.31897],[-74.90955,5.31897],[-74.90955,5.31897],[-74.90955,5.31897],[-74.90955,5.31897],[-74.90955,5.31897],[-74.90955,5.31897],[-74.90955,5.31897],[-74.90955,5.31897],[-74.90955,5.31897],[-74.90955,5.31897],[-74.90955,5.31897],[-74.90955,5.31897],[-74.90955,5.31897],[-74.90955,5.31897],[-74.90955,5.31897],[-74.90955,5.31897],[-74.90955,5.31897],[-74.90955,5.31897],[-74.90955,5.31897],[-74.90955,5.31897],[-74.90955,5.31897],[-74.90955,5.31897],[-74.90955,5.31897],[-74.90956,5.31897],[-74.90956,5.31897],[-74.90956,5.31897],[-74.90956,5.31897],[-74.90956,5.31896],[-74.90956,5.31896],[-74.90956,5.31896],[-74.90956,5.31896],[-74.90956,5.31896],[-74.90956,5.31896],[-74.90956,5.31896],[-74.90956,5.31896],[-74.90956,5.31896],[-74.90956,5.31896],[-74.90956,5.31896],[-74.90956,5.31896],[-74.90956,5.31896],[-74.90956,5.31896],[-74.90956,5.31896],[-74.90956,5.31896],[-74.90956,5.31896],[-74.90956,5.31896],[-74.90956,5.31896],[-74.90956,5.31896],[-74.90956,5.31896],[-74.90956,5.31896],[-74.90956,5.31896],[-74.90956,5.31895],[-74.90956,5.31895],[-74.90956,5.31895],[-74.90957,5.31895],[-74.90957,5.31895],[-74.90957,5.31895],[-74.90957,5.31895],[-74.90957,5.31895],[-74.90957,5.31895],[-74.90957,5.31895],[-74.90957,5.31895],[-74.90957,5.31895],[-74.90957,5.31895],[-74.90957,5.31895],[-74.90957,5.31895],[-74.90957,5.31895],[-74.90957,5.31895],[-74.90957,5.31895],[-74.90957,5.31895],[-74.90957,5.31895],[-74.90957,5.31895],[-74.90957,5.31895],[-74.90957,5.31895],[-74.90957,5.31895],[-74.90957,5.31895],[-74.90957,5.31895],[-74.90957,5.31895],[-74.90957,5.31895],[-74.90957,5.31895],[-74.90957,5.31895],[-74.90958,5.31894],[-74.90958,5.31894],[-74.90958,5.31894],[-74.90958,5.31894],[-74.90958,5.31894],[-74.90958,5.31894],[-74.90958,5.31894],[-74.90958,5.31894],[-74.90958,5.31894],[-74.90958,5.31894],[-74.90958,5.31894],[-74.90958,5.31894],[-74.90958,5.31894],[-74.90958,5.31894],[-74.90958,5.31894],[-74.90958,5.31894],[-74.90958,5.31894],[-74.90958,5.31894],[-74.90958,5.31894],[-74.90958,5.31894],[-74.90958,5.31894],[-74.90958,5.31894],[-74.90958,5.31894],[-74.90958,5.31894],[-74.90958,5.31893],[-74.90959,5.31893],[-74.90959,5.31893],[-74.90959,5.31893],[-74.90959,5.31893],[-74.90959,5.31893],[-74.90959,5.31893],[-74.90959,5.31893],[-74.90959,5.31893],[-74.90959,5.31893],[-74.90959,5.31893],[-74.90959,5.31893],[-74.90959,5.31893],[-74.90959,5.31893],[-74.90959,5.31893],[-74.90959,5.31893],[-74.90959,5.31893],[-74.90959,5.31893],[-74.90959,5.31893],[-74.90959,5.31893],[-74.90959,5.31893],[-74.90959,5.31893],[-74.90959,5.31893],[-74.90959,5.31893],[-74.9096,5.31893],[-74.9096,5.31893],[-74.9096,5.31893],[-74.9096,5.31894],[-74.9096,5.31894],[-74.9096,5.31894],[-74.9096,5.31894],[-74.9096,5.31894],[-74.9096,5.31893],[-74.90961,5.31893],[-74.90961,5.31893],[-74.90961,5.31893],[-74.90961,5.31893],[-74.90961,5.31893],[-74.90961,5.31893],[-74.90961,5.31893],[-74.90961,5.31893],[-74.90961,5.31893],[-74.90961,5.31893],[-74.90961,5.31893],[-74.90961,5.31893],[-74.90961,5.31893],[-74.90961,5.31893],[-74.90961,5.31893],[-74.90961,5.31893],[-74.90961,5.31893],[-74.90961,5.31893],[-74.90961,5.31893],[-74.90961,5.31893],[-74.90961,5.31893],[-74.90961,5.31893],[-74.90962,5.31893],[-74.90962,5.31893],[-74.90962,5.31893],[-74.90962,5.31893],[-74.90962,5.31893],[-74.90962,5.31893],[-74.90962,5.31893],[-74.90962,5.31893],[-74.90962,5.31893],[-74.90962,5.31893],[-74.90962,5.31893],[-74.90962,5.31893],[-74.90962,5.31893],[-74.90962,5.31893],[-74.90962,5.31893],[-74.90962,5.31893],[-74.90963,5.31893],[-74.90963,5.31893],[-74.90963,5.31894],[-74.90963,5.31894],[-74.90963,5.31894],[-74.90963,5.31894],[-74.90963,5.31894],[-74.90963,5.31894],[-74.90963,5.31894],[-74.90963,5.31894],[-74.90963,5.31894],[-74.90963,5.31894],[-74.90963,5.31894],[-74.90963,5.31894],[-74.90963,5.31894],[-74.90963,5.31894],[-74.90963,5.31894],[-74.90964,5.31894],[-74.90964,5.31894],[-74.90964,5.31894],[-74.90964,5.31894],[-74.90964,5.31894],[-74.90964,5.31894],[-74.90964,5.31894],[-74.90964,5.31894],[-74.90964,5.31894],[-74.90964,5.31894],[-74.90964,5.31894],[-74.90964,5.31894],[-74.90965,5.31894],[-74.90965,5.31894],[-74.90965,5.31895],[-74.90965,5.31895],[-74.90965,5.31895],[-74.90965,5.31895],[-74.90965,5.31895],[-74.90965,5.31895],[-74.90965,5.31895],[-74.90965,5.31895],[-74.90965,5.31895],[-74.90965,5.31895],[-74.90965,5.31895],[-74.90965,5.31895],[-74.90965,5.31895],[-74.90965,5.31895],[-74.90965,5.31895],[-74.90965,5.31895],[-74.90965,5.31895],[-74.90966,5.31895],[-74.90966,5.31895],[-74.90966,5.31896],[-74.90966,5.31896],[-74.90966,5.31896],[-74.90966,5.31896],[-74.90966,5.31896],[-74.90966,5.31896],[-74.90966,5.31896],[-74.90966,5.31896],[-74.90966,5.31896],[-74.90966,5.31896],[-74.90966,5.31896],[-74.90966,5.31896],[-74.90966,5.31896],[-74.90966,5.31896],[-74.90967,5.31896],[-74.90967,5.31896],[-74.90967,5.31896],[-74.90967,5.31896],[-74.90967,5.31896],[-74.90967,5.31896],[-74.90967,5.31896],[-74.90967,5.31896],[-74.90968,5.31896],[-74.90968,5.31896],[-74.90968,5.31896],[-74.90968,5.31896],[-74.90968,5.31896],[-74.90968,5.31896],[-74.90968,5.31896],[-74.90968,5.31897],[-74.90968,5.31897],[-74.90968,5.31897],[-74.90968,5.31897],[-74.90968,5.31897],[-74.90968,5.31897],[-74.90968,5.31897],[-74.90969,5.31897],[-74.90969,5.31897],[-74.90969,5.31897],[-74.90969,5.31897],[-74.90969,5.31897],[-74.90969,5.31897],[-74.90969,5.31897],[-74.90969,5.31897],[-74.90969,5.31897],[-74.90969,5.31897],[-74.90969,5.31897],[-74.90969,5.31897],[-74.90969,5.31897],[-74.90969,5.31897],[-74.90969,5.31897],[-74.90969,5.31896],[-74.90969,5.31896],[-74.90969,5.31896],[-74.90969,5.31896],[-74.90969,5.31896],[-74.90969,5.31896],[-74.90969,5.31896],[-74.90969,5.31896],[-74.90969,5.31896],[-74.9097,5.31896],[-74.9097,5.31896],[-74.9097,5.31896],[-74.9097,5.31896],[-74.9097,5.31896],[-74.9097,5.31896],[-74.9097,5.31896],[-74.90971,5.31896],[-74.90971,5.31896],[-74.90971,5.31896],[-74.90971,5.31896],[-74.90971,5.31896],[-74.90971,5.31896],[-74.90971,5.31896],[-74.90971,5.31896],[-74.90971,5.31896],[-74.90971,5.31896],[-74.90971,5.31896],[-74.90971,5.31897],[-74.90971,5.31897],[-74.90971,5.31897],[-74.90971,5.31897],[-74.90971,5.31897],[-74.90971,5.31897],[-74.90971,5.31897],[-74.90971,5.31897],[-74.90971,5.31897],[-74.90972,5.31897],[-74.90972,5.31897],[-74.90972,5.31897],[-74.90972,5.31897],[-74.90972,5.31897],[-74.90972,5.31897],[-74.90972,5.31897],[-74.90972,5.31897],[-74.90972,5.31897],[-74.90972,5.31897],[-74.90972,5.31897],[-74.90973,5.31897],[-74.90973,5.31897],[-74.90973,5.31897],[-74.90973,5.31897],[-74.90973,5.31897],[-74.90973,5.31897],[-74.90974,5.31897],[-74.90974,5.31897],[-74.90974,5.31897],[-74.90974,5.31897],[-74.90974,5.31897],[-74.90974,5.31897],[-74.90974,5.31897],[-74.90975,5.31897],[-74.90975,5.31897],[-74.90975,5.31897],[-74.90975,5.31897],[-74.90975,5.31897],[-74.90975,5.31897],[-74.90975,5.31897],[-74.90975,5.31897],[-74.90975,5.31897],[-74.90975,5.31897],[-74.90975,5.31897],[-74.90975,5.31897],[-74.90975,5.31897],[-74.90975,5.31898],[-74.90975,5.31898],[-74.90975,5.31898],[-74.90975,5.31898],[-74.90975,5.31898],[-74.90975,5.31898],[-74.90975,5.31898],[-74.90975,5.31898],[-74.90975,5.31898],[-74.90975,5.31898],[-74.90975,5.31898],[-74.90975,5.31898],[-74.90975,5.31898],[-74.90975,5.31898],[-74.90975,5.31898],[-74.90975,5.31898],[-74.90975,5.31898],[-74.90975,5.31898],[-74.90975,5.31898],[-74.90975,5.31898],[-74.90975,5.31899],[-74.90975,5.31899],[-74.90976,5.31899],[-74.90976,5.31899],[-74.90976,5.31899],[-74.90976,5.31899],[-74.90976,5.31899],[-74.90976,5.31899],[-74.90976,5.31899],[-74.90976,5.31899],[-74.90976,5.31899],[-74.90976,5.31899],[-74.90976,5.31899],[-74.90976,5.31899],[-74.90976,5.31899],[-74.90976,5.31899],[-74.90976,5.31899],[-74.90976,5.31899],[-74.90977,5.31899],[-74.90977,5.31899],[-74.90977,5.31899],[-74.90977,5.31899],[-74.90977,5.31899],[-74.90977,5.31899],[-74.90978,5.31899],[-74.90978,5.31899],[-74.90978,5.31899],[-74.90978,5.31899],[-74.90978,5.31899],[-74.90978,5.31899],[-74.90978,5.31899],[-74.90978,5.31899],[-74.90978,5.31899],[-74.90978,5.31899],[-74.90978,5.31899],[-74.90979,5.31899],[-74.90979,5.31899],[-74.90979,5.31899],[-74.90979,5.31899],[-74.90979,5.31899],[-74.90979,5.31899],[-74.90979,5.31899],[-74.90979,5.31899],[-74.90979,5.31899],[-74.90979,5.31899],[-74.90979,5.31899],[-74.90979,5.31899],[-74.90979,5.31899],[-74.90979,5.31899],[-74.90979,5.31899],[-74.90979,5.31899],[-74.90979,5.31899],[-74.90979,5.31899],[-74.90979,5.319],[-74.90979,5.319],[-74.90979,5.319],[-74.90979,5.319],[-74.90979,5.319],[-74.90979,5.319],[-74.90979,5.319],[-74.90979,5.319],[-74.90979,5.319],[-74.9098,5.319],[-74.9098,5.319],[-74.9098,5.319],[-74.9098,5.319],[-74.9098,5.319],[-74.9098,5.319],[-74.9098,5.319],[-74.9098,5.319],[-74.9098,5.319],[-74.9098,5.319],[-74.9098,5.319],[-74.9098,5.319],[-74.9098,5.319],[-74.9098,5.319],[-74.9098,5.319],[-74.9098,5.319],[-74.9098,5.319],[-74.9098,5.319],[-74.9098,5.31901],[-74.90981,5.31901],[-74.90981,5.31901],[-74.90981,5.31901],[-74.90981,5.31901],[-74.90981,5.31901],[-74.90981,5.31901],[-74.90981,5.31901],[-74.90981,5.31901],[-74.90981,5.31901],[-74.90981,5.31901],[-74.90981,5.31901],[-74.90981,5.31901],[-74.90981,5.31901],[-74.90981,5.31901],[-74.90982,5.31901],[-74.90982,5.31901],[-74.90982,5.31901],[-74.90982,5.31901],[-74.90982,5.31901],[-74.90982,5.31901],[-74.90982,5.31901],[-74.90982,5.31901],[-74.90982,5.31901],[-74.90982,5.31901],[-74.90982,5.31901],[-74.90982,5.31901],[-74.90982,5.31901],[-74.90982,5.31901],[-74.90982,5.31901],[-74.90982,5.31901],[-74.90982,5.31901],[-74.90982,5.31901],[-74.90982,5.31901],[-74.90982,5.31901],[-74.90983,5.31901],[-74.90983,5.31901],[-74.90983,5.31901],[-74.90983,5.31901],[-74.90983,5.31901],[-74.90983,5.31901],[-74.90983,5.31901],[-74.90983,5.31901],[-74.90983,5.31901],[-74.90983,5.31901],[-74.90983,5.31901],[-74.90983,5.31901],[-74.90983,5.31901],[-74.90983,5.31901],[-74.90983,5.31901],[-74.90983,5.31901],[-74.90983,5.31901],[-74.90983,5.31901],[-74.90983,5.31901],[-74.90983,5.31901],[-74.90984,5.31901],[-74.90984,5.31901],[-74.90984,5.31901],[-74.90984,5.31901],[-74.90984,5.31901],[-74.90984,5.31901],[-74.90984,5.31901],[-74.90984,5.31901],[-74.90984,5.31901],[-74.90984,5.31901],[-74.90984,5.31901],[-74.90984,5.31901],[-74.90984,5.319],[-74.90984,5.319],[-74.90984,5.319],[-74.90984,5.319],[-74.90984,5.319],[-74.90984,5.319],[-74.90985,5.319],[-74.90985,5.31901],[-74.90985,5.31901],[-74.90985,5.31901],[-74.90985,5.31901],[-74.90985,5.31901],[-74.90985,5.31901],[-74.90985,5.31901],[-74.90985,5.31901],[-74.90985,5.31901],[-74.90985,5.31901],[-74.90985,5.31901],[-74.90985,5.31901],[-74.90985,5.31901],[-74.90985,5.31901],[-74.90985,5.31901],[-74.90985,5.31901],[-74.90985,5.31901],[-74.90985,5.31901],[-74.90985,5.31901],[-74.90985,5.31901],[-74.90986,5.31901],[-74.90986,5.31901],[-74.90986,5.31901],[-74.90986,5.31901],[-74.90986,5.31901],[-74.90986,5.31901],[-74.90986,5.31901],[-74.90986,5.31902],[-74.90986,5.31902],[-74.90986,5.31902],[-74.90986,5.31902],[-74.90986,5.31902],[-74.90986,5.31902],[-74.90986,5.31902],[-74.90987,5.31902],[-74.90987,5.31902],[-74.90987,5.31902],[-74.90987,5.31902],[-74.90987,5.31902],[-74.90987,5.31902],[-74.90987,5.31902],[-74.90987,5.31902],[-74.90987,5.31902],[-74.90987,5.31902],[-74.90987,5.31902],[-74.90987,5.31902],[-74.90987,5.31902],[-74.90987,5.31902],[-74.90987,5.31902],[-74.90987,5.31902],[-74.90987,5.31902],[-74.90988,5.31902],[-74.90988,5.31902],[-74.90988,5.31902],[-74.90988,5.31902],[-74.90988,5.31902],[-74.90988,5.31902],[-74.90988,5.31902],[-74.90989,5.31902],[-74.90989,5.31902],[-74.90989,5.31902],[-74.90989,5.31902],[-74.90989,5.31902],[-74.90989,5.31902],[-74.90989,5.31902],[-74.90989,5.31902],[-74.90989,5.31902],[-74.90989,5.31902],[-74.90989,5.31902],[-74.90989,5.31902],[-74.9099,5.31902],[-74.9099,5.31902],[-74.9099,5.31902],[-74.9099,5.31903],[-74.9099,5.31903],[-74.9099,5.31903],[-74.9099,5.31903],[-74.9099,5.31903],[-74.9099,5.31903],[-74.9099,5.31903],[-74.90991,5.31903],[-74.90991,5.31903],[-74.90991,5.31903],[-74.90991,5.31903],[-74.90991,5.31903],[-74.90991,5.31903],[-74.90991,5.31903],[-74.90991,5.31903],[-74.90991,5.31903],[-74.90991,5.31903],[-74.90991,5.31903],[-74.90991,5.31903],[-74.90991,5.31903],[-74.90991,5.31903],[-74.90991,5.31903],[-74.90991,5.31903],[-74.90991,5.31903],[-74.90992,5.31903],[-74.90992,5.31903],[-74.90992,5.31903],[-74.90992,5.31903],[-74.90992,5.31903],[-74.90992,5.31903],[-74.90992,5.31903],[-74.90993,5.31903],[-74.90993,5.31903],[-74.90993,5.31903],[-74.90993,5.31903],[-74.90993,5.31903],[-74.90993,5.31903],[-74.90993,5.31903],[-74.90993,5.31903],[-74.90993,5.31903],[-74.90993,5.31903],[-74.90993,5.31903],[-74.90993,5.31903],[-74.90993,5.31904],[-74.90993,5.31904],[-74.90993,5.31904],[-74.90993,5.31904],[-74.90993,5.31904],[-74.90993,5.31904],[-74.90993,5.31904],[-74.90993,5.31904],[-74.90993,5.31904],[-74.90993,5.31904],[-74.90993,5.31904],[-74.90994,5.31904],[-74.90994,5.31904],[-74.90994,5.31904],[-74.90994,5.31904],[-74.90994,5.31904],[-74.90994,5.31904],[-74.90994,5.31904],[-74.90994,5.31904],[-74.90994,5.31904],[-74.90994,5.31904],[-74.90994,5.31905],[-74.90994,5.31905],[-74.90994,5.31905],[-74.90994,5.31905],[-74.90994,5.31905],[-74.90994,5.31905],[-74.90994,5.31905],[-74.90994,5.31905],[-74.90994,5.31906],[-74.90994,5.31906],[-74.90994,5.31906],[-74.90994,5.31906],[-74.90994,5.31906],[-74.90994,5.31906],[-74.90994,5.31906],[-74.90994,5.31906],[-74.90994,5.31906],[-74.90994,5.31906],[-74.90994,5.31906],[-74.90995,5.31906],[-74.90995,5.31907],[-74.90995,5.31907],[-74.90995,5.31907],[-74.90995,5.31907],[-74.90995,5.31907],[-74.90995,5.31907],[-74.90995,5.31907],[-74.90995,5.31907],[-74.90995,5.31907],[-74.90995,5.31907],[-74.90995,5.31907],[-74.90995,5.31907],[-74.90995,5.31907],[-74.90995,5.31907],[-74.90995,5.31907],[-74.90995,5.31907],[-74.90995,5.31907],[-74.90995,5.31907],[-74.90995,5.31907],[-74.90995,5.31908],[-74.90995,5.31908],[-74.90995,5.31908],[-74.90995,5.31908],[-74.90996,5.31908],[-74.90996,5.31908],[-74.90996,5.31908],[-74.90996,5.31908],[-74.90996,5.31908],[-74.90996,5.31908],[-74.90996,5.31908],[-74.90996,5.31908],[-74.90996,5.31908],[-74.90996,5.31908],[-74.90996,5.31908],[-74.90996,5.31908],[-74.90996,5.31908],[-74.90996,5.31908],[-74.90997,5.31908],[-74.90997,5.31908],[-74.90997,5.31908],[-74.90997,5.31908],[-74.90997,5.31908],[-74.90997,5.31908],[-74.90997,5.31908],[-74.90997,5.31908],[-74.90997,5.31908],[-74.90997,5.31908],[-74.90997,5.31908],[-74.90997,5.31908],[-74.90997,5.31908],[-74.90997,5.31908],[-74.90997,5.31908],[-74.90998,5.31909],[-74.90998,5.31909],[-74.90998,5.31909],[-74.90998,5.31909],[-74.90998,5.31909],[-74.90998,5.31909],[-74.90998,5.31909],[-74.90998,5.31909],[-74.90998,5.31909],[-74.90998,5.31909],[-74.90998,5.31909],[-74.90998,5.31909],[-74.90998,5.31909],[-74.90999,5.31909],[-74.90999,5.31909],[-74.90999,5.31909],[-74.90999,5.31909],[-74.90999,5.31909],[-74.90999,5.31909],[-74.90999,5.31909],[-74.90999,5.31909],[-74.90999,5.31909],[-74.90999,5.3191],[-74.90999,5.3191],[-74.90999,5.3191],[-74.90999,5.3191],[-74.90999,5.3191],[-74.90999,5.3191],[-74.90999,5.3191],[-74.90999,5.3191],[-74.91,5.3191],[-74.91,5.3191],[-74.91,5.3191],[-74.91,5.3191],[-74.91,5.3191],[-74.91,5.3191],[-74.91,5.3191],[-74.91,5.3191],[-74.91,5.3191],[-74.91,5.3191],[-74.91,5.3191],[-74.91,5.3191],[-74.91,5.3191],[-74.91,5.3191],[-74.91001,5.3191],[-74.91001,5.3191],[-74.91001,5.3191],[-74.91001,5.3191],[-74.91001,5.3191],[-74.91001,5.31911],[-74.91001,5.31911],[-74.91001,5.31911],[-74.91001,5.31911],[-74.91001,5.31911],[-74.91002,5.31911],[-74.91002,5.31911],[-74.91002,5.31911],[-74.91002,5.31911],[-74.91002,5.31911],[-74.91002,5.31911],[-74.91002,5.31911],[-74.91002,5.31911],[-74.91002,5.31911],[-74.91002,5.31911],[-74.91002,5.31911],[-74.91002,5.31911],[-74.91002,5.31911],[-74.91002,5.31911],[-74.91003,5.31911],[-74.91003,5.31911],[-74.91003,5.31911],[-74.91003,5.31911],[-74.91003,5.31911],[-74.91003,5.31911],[-74.91003,5.31911],[-74.91003,5.31911],[-74.91003,5.31911],[-74.91003,5.31911],[-74.91003,5.31911],[-74.91003,5.31911],[-74.91003,5.31911],[-74.91003,5.31911],[-74.91003,5.31911],[-74.91003,5.31911],[-74.91003,5.31911],[-74.91003,5.31911],[-74.91003,5.31911],[-74.91003,5.31911],[-74.91003,5.31911],[-74.91003,5.31911],[-74.91003,5.31911],[-74.91003,5.31911],[-74.91003,5.31911],[-74.91003,5.31911],[-74.91004,5.31911],[-74.91004,5.31911],[-74.91004,5.31911],[-74.91004,5.31911],[-74.91004,5.31911],[-74.91005,5.31911],[-74.91005,5.31911],[-74.91005,5.31911],[-74.91006,5.31911],[-74.91006,5.31911],[-74.91006,5.31911],[-74.91006,5.31911],[-74.91007,5.31911],[-74.91007,5.31911],[-74.91007,5.31911],[-74.91007,5.31911],[-74.91007,5.31911],[-74.91008,5.31911],[-74.91008,5.31911],[-74.91008,5.31911],[-74.91008,5.31911],[-74.91008,5.31911],[-74.91008,5.31911],[-74.91008,5.31911],[-74.91008,5.31911],[-74.91008,5.31911],[-74.91008,5.31911],[-74.91008,5.31911],[-74.91009,5.31911],[-74.91009,5.31911],[-74.91009,5.31911],[-74.91009,5.31911],[-74.91009,5.3191],[-74.91009,5.3191],[-74.91009,5.3191],[-74.91009,5.3191],[-74.91009,5.3191],[-74.91009,5.3191],[-74.91009,5.3191],[-74.91009,5.3191],[-74.91009,5.3191],[-74.91009,5.3191],[-74.91009,5.3191],[-74.91009,5.3191],[-74.91009,5.3191],[-74.91009,5.3191],[-74.91009,5.3191],[-74.91009,5.3191],[-74.91009,5.3191],[-74.91009,5.3191],[-74.9101,5.3191],[-74.9101,5.3191],[-74.9101,5.3191],[-74.9101,5.3191],[-74.9101,5.3191],[-74.9101,5.3191],[-74.9101,5.3191],[-74.9101,5.3191],[-74.9101,5.3191],[-74.9101,5.3191],[-74.9101,5.3191],[-74.9101,5.31909],[-74.9101,5.31909],[-74.91011,5.31909],[-74.91011,5.31909],[-74.91011,5.31909],[-74.91011,5.31909],[-74.91011,5.31909],[-74.91011,5.31909],[-74.91011,5.31909],[-74.91011,5.31909],[-74.91011,5.31909],[-74.91011,5.31909],[-74.91011,5.31909],[-74.91011,5.31909],[-74.91011,5.31909],[-74.91011,5.31909],[-74.91011,5.31909],[-74.91011,5.31909],[-74.91011,5.31909],[-74.91011,5.31909],[-74.91011,5.31909],[-74.91011,5.31909],[-74.91011,5.31909],[-74.91011,5.31909],[-74.91011,5.31909],[-74.91011,5.31909],[-74.91011,5.31908],[-74.91012,5.31908],[-74.91012,5.31908],[-74.91012,5.31908],[-74.91012,5.31908],[-74.91012,5.31908],[-74.91012,5.31908],[-74.91012,5.31908],[-74.91012,5.31908],[-74.91012,5.31908],[-74.91012,5.31908],[-74.91012,5.31908],[-74.91012,5.31908],[-74.91012,5.31908],[-74.91012,5.31908],[-74.91012,5.31908],[-74.91012,5.31908],[-74.91012,5.31908],[-74.91012,5.31908],[-74.91012,5.31908],[-74.91012,5.31908],[-74.91012,5.31907],[-74.91012,5.31907],[-74.91012,5.31907],[-74.91012,5.31907],[-74.91012,5.31907],[-74.91012,5.31907],[-74.91012,5.31907],[-74.91012,5.31907],[-74.91012,5.31907],[-74.91012,5.31907],[-74.91013,5.31907],[-74.91013,5.31907],[-74.91013,5.31907],[-74.91013,5.31907],[-74.91013,5.31907],[-74.91013,5.31907],[-74.91013,5.31907],[-74.91013,5.31907],[-74.91013,5.31907],[-74.91013,5.31907],[-74.91013,5.31907],[-74.91013,5.31907],[-74.91013,5.31907],[-74.91013,5.31907],[-74.91013,5.31907],[-74.91013,5.31907],[-74.91014,5.31907],[-74.91014,5.31907],[-74.91014,5.31907],[-74.91014,5.31907],[-74.91014,5.31907],[-74.91014,5.31907],[-74.91014,5.31907],[-74.91014,5.31906],[-74.91014,5.31906],[-74.91014,5.31906],[-74.91014,5.31906],[-74.91014,5.31906],[-74.91014,5.31906],[-74.91014,5.31906],[-74.91014,5.31906],[-74.91014,5.31906],[-74.91014,5.31906],[-74.91014,5.31906],[-74.91014,5.31906],[-74.91014,5.31906],[-74.91014,5.31906],[-74.91014,5.31906],[-74.91014,5.31906],[-74.91014,5.31906],[-74.91014,5.31906],[-74.91014,5.31906],[-74.91014,5.31906],[-74.91014,5.31905],[-74.91014,5.31905],[-74.91014,5.31905],[-74.91014,5.31905],[-74.91014,5.31905],[-74.91014,5.31905],[-74.91014,5.31905],[-74.91014,5.31905],[-74.91014,5.31905],[-74.91015,5.31905],[-74.91015,5.31905],[-74.91015,5.31905],[-74.91015,5.31905],[-74.91015,5.31905],[-74.91015,5.31905],[-74.91015,5.31905],[-74.91015,5.31905],[-74.91015,5.31905],[-74.91015,5.31905],[-74.91015,5.31905],[-74.91015,5.31904],[-74.91015,5.31904],[-74.91015,5.31904],[-74.91015,5.31904],[-74.91015,5.31904],[-74.91015,5.31904],[-74.91015,5.31904],[-74.91015,5.31904],[-74.91015,5.31904],[-74.91015,5.31904],[-74.91015,5.31904],[-74.91015,5.31904],[-74.91015,5.31904],[-74.91015,5.31904],[-74.91015,5.31904],[-74.91015,5.31904],[-74.91016,5.31904],[-74.91016,5.31904],[-74.91016,5.31904],[-74.91016,5.31904],[-74.91016,5.31903],[-74.91016,5.31903],[-74.91016,5.31903],[-74.91016,5.31903],[-74.91016,5.31903],[-74.91016,5.31903],[-74.91016,5.31903],[-74.91016,5.31903],[-74.91016,5.31903],[-74.91016,5.31903],[-74.91016,5.31903],[-74.91017,5.31903],[-74.91017,5.31903],[-74.91017,5.31903],[-74.91017,5.31903],[-74.91017,5.31903],[-74.91017,5.31903],[-74.91017,5.31903],[-74.91017,5.31903],[-74.91017,5.31903],[-74.91017,5.31903],[-74.91017,5.31903],[-74.91017,5.31903],[-74.91017,5.31903],[-74.91017,5.31903],[-74.91017,5.31903],[-74.91018,5.31903],[-74.91018,5.31902],[-74.91018,5.31902],[-74.91018,5.31902],[-74.91018,5.31902],[-74.91018,5.31902],[-74.91018,5.31902],[-74.91018,5.31902],[-74.91018,5.31902],[-74.91018,5.31902],[-74.91018,5.31902],[-74.91018,5.31902],[-74.91018,5.31902],[-74.91018,5.31902],[-74.91019,5.31902],[-74.91019,5.31902],[-74.91019,5.31902],[-74.91019,5.31902],[-74.91019,5.31902],[-74.91019,5.31903],[-74.91019,5.31903],[-74.91019,5.31903],[-74.91019,5.31903],[-74.91019,5.31903],[-74.91019,5.31903],[-74.91019,5.31902],[-74.91019,5.31902],[-74.91019,5.31902],[-74.9102,5.31902],[-74.9102,5.31902],[-74.9102,5.31902],[-74.9102,5.31902],[-74.9102,5.31902],[-74.9102,5.31902],[-74.9102,5.31902],[-74.9102,5.31902],[-74.9102,5.31902],[-74.9102,5.31902],[-74.9102,5.31902],[-74.9102,5.31902],[-74.9102,5.31902],[-74.9102,5.31902],[-74.9102,5.31902],[-74.9102,5.31902],[-74.9102,5.31902],[-74.9102,5.31902],[-74.9102,5.31902],[-74.91021,5.31902],[-74.91021,5.31902],[-74.91021,5.31902],[-74.91021,5.31902],[-74.91021,5.31902],[-74.91021,5.31902],[-74.91021,5.31901],[-74.91021,5.31901],[-74.91021,5.31901],[-74.91021,5.31901],[-74.91021,5.31901],[-74.91021,5.31901],[-74.91021,5.31901],[-74.91021,5.31901],[-74.91021,5.31901],[-74.91021,5.31901],[-74.91021,5.31901],[-74.91021,5.31901],[-74.91021,5.31901],[-74.91021,5.31901],[-74.91022,5.31901],[-74.91022,5.31901],[-74.91022,5.31901],[-74.91022,5.319],[-74.91022,5.319],[-74.91022,5.319],[-74.91022,5.319],[-74.91022,5.319],[-74.91022,5.319],[-74.91022,5.319],[-74.91022,5.319],[-74.91022,5.319],[-74.91022,5.319],[-74.91022,5.319],[-74.91022,5.319],[-74.91022,5.319],[-74.91022,5.319],[-74.91022,5.319],[-74.91022,5.319],[-74.91022,5.319],[-74.91022,5.319],[-74.91022,5.319],[-74.91022,5.31899],[-74.91022,5.31899],[-74.91022,5.31899],[-74.91022,5.31899],[-74.91022,5.31899],[-74.91022,5.31899],[-74.91023,5.31899],[-74.91023,5.31899],[-74.91023,5.31899],[-74.91023,5.31899],[-74.91023,5.31899],[-74.91023,5.31899],[-74.91023,5.31899],[-74.91023,5.31899],[-74.91023,5.31899],[-74.91023,5.31899],[-74.91023,5.31899],[-74.91023,5.31899],[-74.91023,5.31899],[-74.91023,5.31899],[-74.91023,5.31899],[-74.91023,5.31899],[-74.91023,5.31899],[-74.91023,5.31899],[-74.91023,5.31899],[-74.91023,5.31899],[-74.91023,5.31899],[-74.91023,5.31899],[-74.91023,5.31899],[-74.91024,5.31899],[-74.91024,5.31899],[-74.91024,5.31899],[-74.91024,5.31899],[-74.91024,5.31899],[-74.91024,5.31899],[-74.91024,5.31899],[-74.91024,5.31899],[-74.91024,5.31899],[-74.91024,5.31899],[-74.91024,5.31899],[-74.91024,5.31899],[-74.91024,5.31899],[-74.91024,5.31899],[-74.91024,5.31899],[-74.91024,5.31899],[-74.91024,5.31899],[-74.91024,5.31899],[-74.91024,5.31899],[-74.91024,5.31899],[-74.91024,5.31899],[-74.91024,5.31898],[-74.91025,5.31898],[-74.91025,5.31898],[-74.91025,5.31898],[-74.91025,5.31898],[-74.91025,5.31898],[-74.91025,5.31898],[-74.91025,5.31898],[-74.91025,5.31898],[-74.91025,5.31898],[-74.91025,5.31898],[-74.91025,5.31898],[-74.91025,5.31898],[-74.91025,5.31898],[-74.91025,5.31898],[-74.91025,5.31898],[-74.91025,5.31898],[-74.91025,5.31898],[-74.91025,5.31897],[-74.91025,5.31897],[-74.91025,5.31897],[-74.91025,5.31897],[-74.91025,5.31897],[-74.91025,5.31897],[-74.91025,5.31897],[-74.91025,5.31897],[-74.91025,5.31897],[-74.91026,5.31897],[-74.91031,5.31894],[-74.91031,5.31894],[-74.91032,5.31894],[-74.91032,5.31894],[-74.91032,5.31894],[-74.91032,5.31894],[-74.91032,5.31894],[-74.91032,5.31894],[-74.91032,5.31894],[-74.91032,5.31894],[-74.91032,5.31894],[-74.91032,5.31894],[-74.91032,5.31894],[-74.91033,5.31894],[-74.91033,5.31894],[-74.91033,5.31894],[-74.91033,5.31894],[-74.91034,5.31894],[-74.91034,5.31894],[-74.91034,5.31894],[-74.91034,5.31894],[-74.91034,5.31894],[-74.91034,5.31894],[-74.91034,5.31894],[-74.91034,5.31894],[-74.91034,5.31894],[-74.91034,5.31894],[-74.91034,5.31894],[-74.91034,5.31894],[-74.91034,5.31894],[-74.91034,5.31894],[-74.91034,5.31894],[-74.91034,5.31894],[-74.91034,5.31894],[-74.91034,5.31894],[-74.91034,5.31894],[-74.91034,5.31894],[-74.91034,5.31894],[-74.91034,5.31894],[-74.91035,5.31893],[-74.91035,5.31893],[-74.91035,5.31893],[-74.91035,5.31893],[-74.91035,5.31893],[-74.91035,5.31893],[-74.91035,5.31893],[-74.91035,5.31893],[-74.91035,5.31893],[-74.91035,5.31893],[-74.91035,5.31893],[-74.91035,5.31893],[-74.91035,5.31893],[-74.91035,5.31893],[-74.91035,5.31893],[-74.91035,5.31893],[-74.91035,5.31893],[-74.91035,5.31893],[-74.91035,5.31893],[-74.91035,5.31893],[-74.91035,5.31893],[-74.91035,5.31893],[-74.91035,5.31893],[-74.91035,5.31893],[-74.91035,5.31893],[-74.91035,5.31893],[-74.91036,5.31893],[-74.91036,5.31893],[-74.91036,5.31893],[-74.91036,5.31893],[-74.91036,5.31893],[-74.91036,5.31893],[-74.91036,5.31892],[-74.91036,5.31892],[-74.91036,5.31892],[-74.91036,5.31892],[-74.91036,5.31892],[-74.91036,5.31892],[-74.91036,5.31892],[-74.91036,5.31892],[-74.91036,5.31892],[-74.91036,5.31892],[-74.91036,5.31892],[-74.91036,5.31892],[-74.91036,5.31892],[-74.91036,5.31892],[-74.91037,5.31892],[-74.91037,5.31892],[-74.91037,5.31892],[-74.91037,5.31892],[-74.91037,5.31892],[-74.91037,5.31892],[-74.91037,5.31892],[-74.91037,5.31892],[-74.91037,5.31892],[-74.91037,5.31892],[-74.91037,5.31892],[-74.91037,5.31892],[-74.91037,5.31892],[-74.91037,5.31892],[-74.91037,5.31892],[-74.91037,5.31892],[-74.91037,5.31892],[-74.91038,5.31892],[-74.91038,5.31892],[-74.91038,5.31892],[-74.91038,5.31892],[-74.91038,5.31892],[-74.91038,5.31892],[-74.91038,5.31891],[-74.91038,5.31891],[-74.91038,5.31891],[-74.91038,5.31891],[-74.91038,5.31891],[-74.91038,5.31891],[-74.91038,5.31891],[-74.91038,5.31891],[-74.91038,5.31891],[-74.91038,5.31891],[-74.91038,5.31891],[-74.91038,5.31891],[-74.91038,5.31891],[-74.91038,5.31891],[-74.91038,5.31891],[-74.91038,5.31891],[-74.91038,5.31891],[-74.91038,5.31891],[-74.91038,5.31891],[-74.91038,5.3189],[-74.91038,5.3189],[-74.91038,5.3189],[-74.91038,5.3189],[-74.91038,5.3189],[-74.91038,5.3189],[-74.91039,5.3189],[-74.91039,5.3189],[-74.91039,5.3189],[-74.91039,5.3189],[-74.91039,5.31889],[-74.91039,5.31889],[-74.91039,5.31889],[-74.91039,5.31889],[-74.91039,5.31889],[-74.91039,5.31889],[-74.91039,5.31889],[-74.91039,5.31889],[-74.91039,5.31889],[-74.91039,5.31889],[-74.91039,5.31889],[-74.91039,5.31889],[-74.91039,5.31889],[-74.91039,5.31889],[-74.91039,5.31889],[-74.91039,5.31889],[-74.91039,5.31889],[-74.9104,5.31889],[-74.9104,5.31889],[-74.9104,5.31889],[-74.9104,5.31889],[-74.9104,5.31889],[-74.9104,5.31889],[-74.9104,5.31889],[-74.9104,5.31888],[-74.9104,5.31888],[-74.9104,5.31888],[-74.9104,5.31888],[-74.9104,5.31888],[-74.9104,5.31888],[-74.9104,5.31888],[-74.9104,5.31888],[-74.91041,5.31888],[-74.91041,5.31888],[-74.91041,5.31888],[-74.91041,5.31888],[-74.91041,5.31888],[-74.91041,5.31888],[-74.91041,5.31888],[-74.91041,5.31888],[-74.91041,5.31888],[-74.91041,5.31888],[-74.91041,5.31888],[-74.91041,5.31888],[-74.91041,5.31888],[-74.91041,5.31888],[-74.91041,5.31888],[-74.91041,5.31888],[-74.91041,5.31888],[-74.91041,5.31888],[-74.91041,5.31887],[-74.91041,5.31887],[-74.91041,5.31887],[-74.91041,5.31887],[-74.91042,5.31887],[-74.91042,5.31887],[-74.91042,5.31887],[-74.91042,5.31887],[-74.91042,5.31887],[-74.91042,5.31887],[-74.91042,5.31887],[-74.91042,5.31887],[-74.91042,5.31887],[-74.91042,5.31887],[-74.91042,5.31887],[-74.91042,5.31887],[-74.91042,5.31887],[-74.91042,5.31887],[-74.91042,5.31886],[-74.91042,5.31886],[-74.91042,5.31886],[-74.91042,5.31886],[-74.91042,5.31886],[-74.91042,5.31886],[-74.91042,5.31886],[-74.91042,5.31886],[-74.91042,5.31886],[-74.91042,5.31886],[-74.91042,5.31886],[-74.91042,5.31886],[-74.91042,5.31885],[-74.91042,5.31885],[-74.91042,5.31885],[-74.91042,5.31885],[-74.91042,5.31885],[-74.91042,5.31885],[-74.91043,5.31885],[-74.91043,5.31885],[-74.91043,5.31885],[-74.91043,5.31885],[-74.91043,5.31885],[-74.91043,5.31885],[-74.91043,5.31885],[-74.91043,5.31885],[-74.91043,5.31885],[-74.91043,5.31885],[-74.91043,5.31885],[-74.91043,5.31885],[-74.91043,5.31885],[-74.91043,5.31884],[-74.91043,5.31884],[-74.91043,5.31884],[-74.91043,5.31884],[-74.91043,5.31884],[-74.91043,5.31884],[-74.91043,5.31884],[-74.91043,5.31884],[-74.91043,5.31883],[-74.91043,5.31883],[-74.91043,5.31883],[-74.91043,5.31883],[-74.91043,5.31883],[-74.91043,5.31883],[-74.91043,5.31883],[-74.91043,5.31883],[-74.91043,5.31883],[-74.91043,5.31883],[-74.91043,5.31883],[-74.91043,5.31883],[-74.91044,5.31883],[-74.91044,5.31883],[-74.91044,5.31883],[-74.91044,5.31883],[-74.91044,5.31883],[-74.91044,5.31883],[-74.91044,5.31883],[-74.91044,5.31883],[-74.91044,5.31883],[-74.91044,5.31882],[-74.91044,5.31882],[-74.91044,5.31882],[-74.91044,5.31882],[-74.91044,5.31882],[-74.91044,5.31882],[-74.91044,5.31882],[-74.91044,5.31882],[-74.91044,5.31882],[-74.91044,5.31882],[-74.91044,5.31882],[-74.91044,5.31882],[-74.91044,5.31882],[-74.91044,5.31882],[-74.91044,5.31882],[-74.91044,5.31882],[-74.91045,5.31882],[-74.91045,5.31882],[-74.91045,5.31882],[-74.91045,5.31882],[-74.91045,5.31882],[-74.91045,5.31881],[-74.91045,5.31881],[-74.91045,5.31881],[-74.91045,5.31881],[-74.91045,5.31881],[-74.91045,5.31881],[-74.91045,5.31881],[-74.91045,5.31881],[-74.91045,5.31881],[-74.91045,5.31881],[-74.91045,5.31881],[-74.91045,5.31881],[-74.91045,5.31881],[-74.91045,5.31881],[-74.91045,5.31881],[-74.91045,5.31881],[-74.91045,5.31881],[-74.91045,5.31881],[-74.91045,5.3188],[-74.91045,5.3188],[-74.91045,5.3188],[-74.91045,5.3188],[-74.91045,5.3188],[-74.91045,5.3188],[-74.91045,5.3188],[-74.91045,5.3188],[-74.91045,5.3188],[-74.91046,5.3188],[-74.91046,5.3188],[-74.91046,5.3188],[-74.91046,5.3188],[-74.91046,5.3188],[-74.91046,5.3188],[-74.91046,5.3188],[-74.91046,5.31879],[-74.91046,5.31879],[-74.91046,5.31879],[-74.91046,5.31879],[-74.91046,5.31879],[-74.91046,5.31879],[-74.91046,5.31879],[-74.91046,5.31879],[-74.91046,5.31879],[-74.91046,5.31879],[-74.91046,5.31879],[-74.91046,5.31879],[-74.91046,5.31879],[-74.91046,5.31879],[-74.91046,5.31879],[-74.91046,5.31879],[-74.91046,5.31879],[-74.91046,5.31879],[-74.91046,5.31879],[-74.91046,5.31878],[-74.91046,5.31878],[-74.91046,5.31878],[-74.91047,5.31878],[-74.91047,5.31878],[-74.91047,5.31878],[-74.91047,5.31878],[-74.91047,5.31878],[-74.91047,5.31878],[-74.91047,5.31878],[-74.91047,5.31878],[-74.91047,5.31878],[-74.91047,5.31878],[-74.91047,5.31878],[-74.91047,5.31877],[-74.91047,5.31877],[-74.91047,5.31877],[-74.91047,5.31877],[-74.91047,5.31877],[-74.91047,5.31877],[-74.91047,5.31877],[-74.91047,5.31877],[-74.91047,5.31877],[-74.91047,5.31877],[-74.91047,5.31877],[-74.91047,5.31877],[-74.91047,5.31877],[-74.91047,5.31877],[-74.91047,5.31877],[-74.91047,5.31877],[-74.91047,5.31877],[-74.91047,5.31877],[-74.91048,5.31877],[-74.91048,5.31877],[-74.91048,5.31877],[-74.91048,5.31877],[-74.91048,5.31876],[-74.91048,5.31876],[-74.91048,5.31876],[-74.91048,5.31876],[-74.91048,5.31876],[-74.91048,5.31876],[-74.91048,5.31876],[-74.91048,5.31876],[-74.91048,5.31876],[-74.91048,5.31876],[-74.91048,5.31876],[-74.91048,5.31876],[-74.91048,5.31876],[-74.91048,5.31876],[-74.91049,5.31876],[-74.91049,5.31876],[-74.91049,5.31876],[-74.91049,5.31876],[-74.91049,5.31876],[-74.91049,5.31876],[-74.91049,5.31876],[-74.9105,5.31876],[-74.9105,5.31876],[-74.9105,5.31876],[-74.9105,5.31876],[-74.9105,5.31876],[-74.9105,5.31876],[-74.9105,5.31876],[-74.9105,5.31876],[-74.9105,5.31876],[-74.9105,5.31876],[-74.9105,5.31876],[-74.9105,5.31876],[-74.9105,5.31875],[-74.9105,5.31875],[-74.9105,5.31875],[-74.9105,5.31875],[-74.9105,5.31875],[-74.91051,5.31875],[-74.91051,5.31875],[-74.91051,5.31875],[-74.91051,5.31875],[-74.91051,5.31875],[-74.91051,5.31875],[-74.91051,5.31875],[-74.91051,5.31875],[-74.91051,5.31875],[-74.91051,5.31875],[-74.91051,5.31875],[-74.91051,5.31875],[-74.91051,5.31875],[-74.91051,5.31875],[-74.91051,5.31875],[-74.91051,5.31875],[-74.91051,5.31875],[-74.91051,5.31875],[-74.91051,5.31875],[-74.91051,5.31875],[-74.91051,5.31875],[-74.91051,5.31874],[-74.91051,5.31874],[-74.91052,5.31874],[-74.91052,5.31874],[-74.91052,5.31874],[-74.91052,5.31874],[-74.91052,5.31874],[-74.91052,5.31874],[-74.91052,5.31874],[-74.91052,5.31874],[-74.91052,5.31874],[-74.91052,5.31874],[-74.91052,5.31874],[-74.91052,5.31874],[-74.91052,5.31873],[-74.91052,5.31873],[-74.91052,5.31873],[-74.91052,5.31873],[-74.91052,5.31873],[-74.91052,5.31873],[-74.91052,5.31873],[-74.91052,5.31873],[-74.91052,5.31873],[-74.91053,5.31873],[-74.91053,5.31873],[-74.91053,5.31873],[-74.91053,5.31873],[-74.91053,5.31873],[-74.91053,5.31873],[-74.91053,5.31873],[-74.91053,5.31873],[-74.91053,5.31872],[-74.91053,5.31872],[-74.91053,5.31872],[-74.91053,5.31872],[-74.91053,5.31872],[-74.91053,5.31872],[-74.91053,5.31872],[-74.91053,5.31872],[-74.91053,5.31872],[-74.91053,5.31871],[-74.91053,5.31871],[-74.91053,5.31871],[-74.91053,5.31871],[-74.91053,5.31871],[-74.91053,5.31871],[-74.91053,5.31871],[-74.91053,5.31871],[-74.91053,5.31871],[-74.91053,5.31871],[-74.91053,5.31871],[-74.91053,5.31871],[-74.91054,5.31871],[-74.91054,5.31871],[-74.91054,5.31871],[-74.91054,5.31871],[-74.91054,5.31871],[-74.91054,5.31871],[-74.91054,5.3187],[-74.91054,5.3187],[-74.91054,5.3187],[-74.91054,5.3187],[-74.91054,5.3187],[-74.91054,5.3187],[-74.91054,5.3187],[-74.91054,5.3187],[-74.91054,5.3187],[-74.91054,5.3187],[-74.91054,5.3187],[-74.91054,5.3187],[-74.91054,5.31869],[-74.91054,5.31869],[-74.91054,5.31869],[-74.91054,5.31869],[-74.91054,5.31869],[-74.91054,5.31869],[-74.91054,5.31869],[-74.91054,5.31869],[-74.91054,5.31869],[-74.91054,5.31869],[-74.91054,5.31869],[-74.91054,5.31869],[-74.91054,5.31869],[-74.91054,5.31869],[-74.91054,5.31868],[-74.91054,5.31868],[-74.91054,5.31868],[-74.91054,5.31868],[-74.91054,5.31868],[-74.91054,5.31868],[-74.91054,5.31868],[-74.91054,5.31867],[-74.91054,5.31867],[-74.91054,5.31867],[-74.91054,5.31867],[-74.91054,5.31867],[-74.91054,5.31867],[-74.91054,5.31867],[-74.91054,5.31867],[-74.91054,5.31867],[-74.91054,5.31867],[-74.91054,5.31867],[-74.91054,5.31867],[-74.91054,5.31867],[-74.91054,5.31867],[-74.91054,5.31867],[-74.91054,5.31867],[-74.91054,5.31867],[-74.91054,5.31867],[-74.91054,5.31867],[-74.91054,5.31867],[-74.91054,5.31866],[-74.91054,5.31866],[-74.91055,5.31866],[-74.91055,5.31866],[-74.91055,5.31866],[-74.91055,5.31866],[-74.91055,5.31866],[-74.91055,5.31866],[-74.91055,5.31865],[-74.91055,5.31865],[-74.91055,5.31865],[-74.91055,5.31865],[-74.91055,5.31865],[-74.91055,5.31865],[-74.91055,5.31865],[-74.91055,5.31865],[-74.91055,5.31865],[-74.91055,5.31865],[-74.91055,5.31865],[-74.91055,5.31865],[-74.91055,5.31864],[-74.91055,5.31864],[-74.91055,5.31864],[-74.91055,5.31864],[-74.91055,5.31864],[-74.91055,5.31864],[-74.91055,5.31864],[-74.91055,5.31864],[-74.91055,5.31864],[-74.91055,5.31864],[-74.91055,5.31864],[-74.91055,5.31864],[-74.91055,5.31864],[-74.91055,5.31864],[-74.91055,5.31864],[-74.91055,5.31864],[-74.91055,5.31864],[-74.91055,5.31863],[-74.91055,5.31863],[-74.91055,5.31863],[-74.91055,5.31863],[-74.91055,5.31863],[-74.91055,5.31863],[-74.91055,5.31863],[-74.91055,5.31863],[-74.91055,5.31863],[-74.91055,5.31863],[-74.91055,5.31862],[-74.91055,5.31862],[-74.91055,5.31862],[-74.91055,5.31862],[-74.91055,5.31862],[-74.91055,5.31862],[-74.91055,5.31862],[-74.91055,5.31862],[-74.91055,5.31862],[-74.91055,5.31862],[-74.91055,5.31862],[-74.91055,5.31862],[-74.91055,5.31862],[-74.91055,5.31862],[-74.91055,5.31862],[-74.91055,5.31862],[-74.91055,5.31862],[-74.91055,5.31862],[-74.91055,5.31862],[-74.91055,5.31862],[-74.91055,5.31862],[-74.91055,5.31861],[-74.91055,5.31861],[-74.91055,5.31861],[-74.91055,5.31861],[-74.91055,5.31861],[-74.91055,5.31861],[-74.91055,5.31861],[-74.91055,5.31861],[-74.91055,5.31861],[-74.91055,5.31861],[-74.91055,5.31861],[-74.91055,5.31861],[-74.91055,5.31861],[-74.91055,5.31861],[-74.91055,5.3186],[-74.91055,5.3186],[-74.91055,5.3186],[-74.91055,5.3186],[-74.91055,5.3186],[-74.91055,5.3186],[-74.91055,5.3186],[-74.91055,5.3186],[-74.91055,5.3186],[-74.91055,5.3186],[-74.91055,5.3186],[-74.91055,5.3186],[-74.91055,5.3186],[-74.91055,5.3186],[-74.91055,5.31859],[-74.91055,5.31859],[-74.91055,5.31859],[-74.91055,5.31859],[-74.91055,5.31859],[-74.91055,5.31859],[-74.91055,5.31859],[-74.91055,5.31859],[-74.91055,5.31859],[-74.91055,5.31859],[-74.91055,5.31859],[-74.91055,5.31859],[-74.91055,5.31859],[-74.91055,5.31859],[-74.91055,5.31859],[-74.91055,5.31859],[-74.91055,5.31859],[-74.91055,5.31859],[-74.91055,5.31858],[-74.91055,5.31858],[-74.91055,5.31858],[-74.91055,5.31858],[-74.91055,5.31858],[-74.91056,5.31858],[-74.91056,5.31858],[-74.91056,5.31858],[-74.91056,5.31858],[-74.91056,5.31858],[-74.91056,5.31858],[-74.91056,5.31858],[-74.91056,5.31858],[-74.91056,5.31858],[-74.91056,5.31857],[-74.91056,5.31857],[-74.91056,5.31857],[-74.91056,5.31857],[-74.91056,5.31857],[-74.91056,5.31857],[-74.91056,5.31857],[-74.91056,5.31857],[-74.91056,5.31857],[-74.91056,5.31857],[-74.91056,5.31856],[-74.91056,5.31856],[-74.91056,5.31856],[-74.91056,5.31856],[-74.91056,5.31856],[-74.91056,5.31856],[-74.91056,5.31856],[-74.91056,5.31856],[-74.91056,5.31856],[-74.91056,5.31856],[-74.91056,5.31856],[-74.91056,5.31856],[-74.91056,5.31856],[-74.91056,5.31856],[-74.91056,5.31856],[-74.91056,5.31855],[-74.91057,5.31855],[-74.91057,5.31855],[-74.91057,5.31855],[-74.91057,5.31855],[-74.91057,5.31855],[-74.91057,5.31855],[-74.91057,5.31855],[-74.91057,5.31855],[-74.91057,5.31855],[-74.91057,5.31855],[-74.91057,5.31855],[-74.91057,5.31855],[-74.91057,5.31855],[-74.91057,5.31855],[-74.91057,5.31855],[-74.91057,5.31855],[-74.91057,5.31855],[-74.91057,5.31855],[-74.91057,5.31854],[-74.91057,5.31854],[-74.91057,5.31854],[-74.91057,5.31854],[-74.91057,5.31854],[-74.91057,5.31854],[-74.91057,5.31854],[-74.91057,5.31854],[-74.91058,5.31854],[-74.91058,5.31854],[-74.91058,5.31854],[-74.91058,5.31854],[-74.91058,5.31854],[-74.91058,5.31854],[-74.91058,5.31854],[-74.91058,5.31854],[-74.91058,5.31854],[-74.91058,5.31854],[-74.91058,5.31854],[-74.91058,5.31854],[-74.91058,5.31854],[-74.91058,5.31854],[-74.91058,5.31853],[-74.91058,5.31853],[-74.91058,5.31853],[-74.91058,5.31853],[-74.91058,5.31853],[-74.91058,5.31853],[-74.91063,5.31854],[-74.91066,5.31853],[-74.91066,5.31853],[-74.91066,5.31853],[-74.91067,5.31853],[-74.91067,5.31853],[-74.91068,5.31853],[-74.91068,5.31853],[-74.91068,5.31853],[-74.91069,5.31853],[-74.91069,5.31853],[-74.91069,5.31853],[-74.91069,5.31853],[-74.91069,5.31853],[-74.91069,5.31853],[-74.91069,5.31853],[-74.91069,5.31853],[-74.91069,5.31853],[-74.91069,5.31853],[-74.91069,5.31853],[-74.91069,5.31853],[-74.91069,5.31853],[-74.91069,5.31853],[-74.91069,5.31853],[-74.9107,5.31853],[-74.9107,5.31853],[-74.9107,5.31853],[-74.9107,5.31853],[-74.9107,5.31853],[-74.9107,5.31853],[-74.9107,5.31853],[-74.9107,5.31853],[-74.9107,5.31853],[-74.9107,5.31853],[-74.9107,5.31853],[-74.9107,5.31853],[-74.91071,5.31853],[-74.91071,5.31853],[-74.91071,5.31853],[-74.91071,5.31853],[-74.91071,5.31853],[-74.91071,5.31852],[-74.91071,5.31852],[-74.91071,5.31852],[-74.91071,5.31852],[-74.91071,5.31852],[-74.91071,5.31852],[-74.91071,5.31852],[-74.91071,5.31852],[-74.91072,5.31852],[-74.91072,5.31852],[-74.91072,5.31852],[-74.91072,5.31852],[-74.91072,5.31852],[-74.91073,5.31852],[-74.91073,5.31852],[-74.91073,5.31852],[-74.91073,5.31852],[-74.91073,5.31852],[-74.91073,5.31852],[-74.91073,5.31853],[-74.91073,5.31853],[-74.91073,5.31853],[-74.91073,5.31853],[-74.91073,5.31853],[-74.91074,5.31853],[-74.91074,5.31853],[-74.91074,5.31853],[-74.91074,5.31853],[-74.91074,5.31853],[-74.91074,5.31853],[-74.91074,5.31853],[-74.91074,5.31853],[-74.91075,5.31853],[-74.91075,5.31853],[-74.91075,5.31853],[-74.91075,5.31853],[-74.91075,5.31853],[-74.91075,5.31853],[-74.91075,5.31853],[-74.91075,5.31853],[-74.91075,5.31853],[-74.91075,5.31853],[-74.91075,5.31853],[-74.91075,5.31853],[-74.91075,5.31853],[-74.91075,5.31853],[-74.91076,5.31853],[-74.91076,5.31853],[-74.91076,5.31853],[-74.91076,5.31853],[-74.91076,5.31853],[-74.91076,5.31854],[-74.91076,5.31854],[-74.91076,5.31854],[-74.91077,5.31854],[-74.91077,5.31854],[-74.91077,5.31854],[-74.91077,5.31854],[-74.91077,5.31854],[-74.91077,5.31854],[-74.91077,5.31854],[-74.91077,5.31854],[-74.91077,5.31854],[-74.91077,5.31854],[-74.91077,5.31854],[-74.91077,5.31854],[-74.91077,5.31854],[-74.91077,5.31854],[-74.91077,5.31854],[-74.91077,5.31854],[-74.91077,5.31854],[-74.91077,5.31854],[-74.91078,5.31854],[-74.91078,5.31854],[-74.91078,5.31854],[-74.91078,5.31854],[-74.91078,5.31854],[-74.91078,5.31854],[-74.91078,5.31854],[-74.91079,5.31854],[-74.91079,5.31854],[-74.91079,5.31854],[-74.91079,5.31854],[-74.91079,5.31854],[-74.91079,5.31854],[-74.91079,5.31854],[-74.91079,5.31854],[-74.91079,5.31854],[-74.91079,5.31854],[-74.91079,5.31854],[-74.91079,5.31854],[-74.91079,5.31854],[-74.91079,5.31854],[-74.91079,5.31854],[-74.91079,5.31854],[-74.91079,5.31854],[-74.9108,5.31854],[-74.9108,5.31854],[-74.9108,5.31854],[-74.9108,5.31854],[-74.91081,5.31854],[-74.91081,5.31854],[-74.91081,5.31854],[-74.91081,5.31854],[-74.91081,5.31854],[-74.91081,5.31854],[-74.91081,5.31854],[-74.91081,5.31854],[-74.91081,5.31854],[-74.91081,5.31854],[-74.91081,5.31854],[-74.91082,5.31854],[-74.91082,5.31854],[-74.91082,5.31854],[-74.91082,5.31854],[-74.91082,5.31854],[-74.91082,5.31854],[-74.91082,5.31854],[-74.91082,5.31854],[-74.91082,5.31853],[-74.91082,5.31853],[-74.91082,5.31853],[-74.91082,5.31853],[-74.91082,5.31853],[-74.91082,5.31853],[-74.91082,5.31853],[-74.91082,5.31853],[-74.91082,5.31853],[-74.91082,5.31853],[-74.91082,5.31853],[-74.91082,5.31853],[-74.91083,5.31853],[-74.91083,5.31853],[-74.91083,5.31853],[-74.91083,5.31853],[-74.91083,5.31853],[-74.91083,5.31853],[-74.91083,5.31853],[-74.91083,5.31853],[-74.91083,5.31853],[-74.91083,5.31853],[-74.91083,5.31853],[-74.91083,5.31853],[-74.91083,5.31853],[-74.91083,5.31853],[-74.91083,5.31853],[-74.91083,5.31853],[-74.91084,5.31853],[-74.91084,5.31853],[-74.91084,5.31853],[-74.91084,5.31853],[-74.91084,5.31853],[-74.91085,5.31853],[-74.91085,5.31853],[-74.91085,5.31853],[-74.91085,5.31853],[-74.91085,5.31853],[-74.91085,5.31853],[-74.91085,5.31853],[-74.91085,5.31853],[-74.91085,5.31853],[-74.91085,5.31853],[-74.91085,5.31853],[-74.91085,5.31853],[-74.91085,5.31853],[-74.91085,5.31853],[-74.91085,5.31853],[-74.91085,5.31853],[-74.91085,5.31853],[-74.91085,5.31853],[-74.91085,5.31853],[-74.91085,5.31853],[-74.91086,5.31853],[-74.91086,5.31853],[-74.91086,5.31853],[-74.91086,5.31853],[-74.91086,5.31853],[-74.91086,5.31853],[-74.91086,5.31853],[-74.91086,5.31853],[-74.91086,5.31853],[-74.91086,5.31853],[-74.91086,5.31853],[-74.91086,5.31853],[-74.91086,5.31853],[-74.91086,5.31853],[-74.91086,5.31853],[-74.91086,5.31853],[-74.91086,5.31853],[-74.91086,5.31853],[-74.91086,5.31853],[-74.91086,5.31853],[-74.91086,5.31853],[-74.91086,5.31853],[-74.91086,5.31853],[-74.91086,5.31853],[-74.91086,5.31853],[-74.91086,5.31853],[-74.91086,5.31853],[-74.91087,5.31853],[-74.91087,5.31853],[-74.91087,5.31853],[-74.91087,5.31853],[-74.91087,5.31853],[-74.91087,5.31853],[-74.91087,5.31853],[-74.91087,5.31853],[-74.91087,5.31853],[-74.91087,5.31853],[-74.91087,5.31853],[-74.91087,5.31853],[-74.91087,5.31853],[-74.91088,5.31853],[-74.91088,5.31853],[-74.91088,5.31853],[-74.91088,5.31853],[-74.91088,5.31853],[-74.91088,5.31853],[-74.91088,5.31853],[-74.91088,5.31853],[-74.91088,5.31852],[-74.91088,5.31852],[-74.91088,5.31852],[-74.91088,5.31852],[-74.91088,5.31852],[-74.91088,5.31852],[-74.91088,5.31852],[-74.91088,5.31852],[-74.91088,5.31852],[-74.91088,5.31853],[-74.91088,5.31853],[-74.91089,5.31853],[-74.91089,5.31853],[-74.91089,5.31853],[-74.91089,5.31853],[-74.91089,5.31853],[-74.91089,5.31853],[-74.91089,5.31853],[-74.91089,5.31853],[-74.91089,5.31853],[-74.91089,5.31853],[-74.91089,5.31852],[-74.91089,5.31852],[-74.91089,5.31852],[-74.91089,5.31852],[-74.91089,5.31852],[-74.91089,5.31852],[-74.91089,5.31852],[-74.91089,5.31852],[-74.91089,5.31852],[-74.91089,5.31852],[-74.91089,5.31852],[-74.91089,5.31852],[-74.9109,5.31852],[-74.9109,5.31852],[-74.9109,5.31852],[-74.9109,5.31852],[-74.9109,5.31852],[-74.9109,5.31852],[-74.9109,5.31852],[-74.9109,5.31852],[-74.9109,5.31852],[-74.9109,5.31853],[-74.9109,5.31853],[-74.9109,5.31853],[-74.9109,5.31853],[-74.9109,5.31853],[-74.9109,5.31853],[-74.9109,5.31853],[-74.9109,5.31853],[-74.9109,5.31853],[-74.9109,5.31853],[-74.9109,5.31853],[-74.9109,5.31853],[-74.9109,5.31853],[-74.91091,5.31853],[-74.91091,5.31853],[-74.91091,5.31853],[-74.91091,5.31853],[-74.91091,5.31853],[-74.91091,5.31853],[-74.91091,5.31853],[-74.91091,5.31853],[-74.91091,5.31853],[-74.91091,5.31853],[-74.91091,5.31853],[-74.91091,5.31853],[-74.91091,5.31853],[-74.91091,5.31853],[-74.91091,5.31853],[-74.91091,5.31853],[-74.91091,5.31853],[-74.91091,5.31853],[-74.91091,5.31853],[-74.91091,5.31853],[-74.91091,5.31853],[-74.91091,5.31853],[-74.91091,5.31853],[-74.91091,5.31853],[-74.91091,5.31853],[-74.91091,5.31853],[-74.91091,5.31853],[-74.91091,5.31853],[-74.91091,5.31853],[-74.91091,5.31853],[-74.91091,5.31853],[-74.91091,5.31853],[-74.91091,5.31853],[-74.91091,5.31853],[-74.91091,5.31853],[-74.91091,5.31853],[-74.91091,5.31853],[-74.91091,5.31853],[-74.91092,5.31853],[-74.91092,5.31853],[-74.91092,5.31853],[-74.91092,5.31853],[-74.91092,5.31853],[-74.91092,5.31853],[-74.91092,5.31853],[-74.91092,5.31853],[-74.91092,5.31853],[-74.91092,5.31853],[-74.91092,5.31853],[-74.91092,5.31853],[-74.91092,5.31853],[-74.91092,5.31853],[-74.91092,5.31853],[-74.91092,5.31853],[-74.91092,5.31853],[-74.91092,5.31853],[-74.91092,5.31853],[-74.91092,5.31853],[-74.91092,5.31853],[-74.91092,5.31853],[-74.91092,5.31853],[-74.91092,5.31853],[-74.91092,5.31853],[-74.91092,5.31853],[-74.91092,5.31853],[-74.91092,5.31853],[-74.91092,5.31853],[-74.91092,5.31853],[-74.91092,5.31853],[-74.91092,5.31853],[-74.91092,5.31853],[-74.91092,5.31854],[-74.91092,5.31854],[-74.91093,5.31854],[-74.91093,5.31854],[-74.91093,5.31854],[-74.91093,5.31854],[-74.91093,5.31854],[-74.91093,5.31854],[-74.91093,5.31854],[-74.91093,5.31854],[-74.91093,5.31854],[-74.91093,5.31854],[-74.91093,5.31854],[-74.91093,5.31854],[-74.91093,5.31854],[-74.91093,5.31854],[-74.91093,5.31854],[-74.91093,5.31854],[-74.91093,5.31854],[-74.91093,5.31854],[-74.91093,5.31854],[-74.91093,5.31854],[-74.91093,5.31854],[-74.91093,5.31854],[-74.91093,5.31854],[-74.91093,5.31854],[-74.91093,5.31854],[-74.91093,5.31854],[-74.91093,5.31854],[-74.91093,5.31854],[-74.91093,5.31854],[-74.91093,5.31854],[-74.91093,5.31854],[-74.91093,5.31854],[-74.91093,5.31854],[-74.91093,5.31854],[-74.91094,5.31854],[-74.91094,5.31854],[-74.91094,5.31854],[-74.91094,5.31854],[-74.91094,5.31854],[-74.91094,5.31854],[-74.91094,5.31854],[-74.91094,5.31854],[-74.91094,5.31854],[-74.91094,5.31854],[-74.91094,5.31854],[-74.91094,5.31854],[-74.91094,5.31854],[-74.91094,5.31854],[-74.91094,5.31854],[-74.91094,5.31854],[-74.91094,5.31854],[-74.91094,5.31854],[-74.91094,5.31854],[-74.91094,5.31854],[-74.91094,5.31854],[-74.91094,5.31854],[-74.91094,5.31854],[-74.91094,5.31854],[-74.91094,5.31854],[-74.91094,5.31854],[-74.91094,5.31854],[-74.91094,5.31854],[-74.91094,5.31854],[-74.91094,5.31854],[-74.91094,5.31854],[-74.91094,5.31854],[-74.91094,5.31854],[-74.91094,5.31853],[-74.91094,5.31853],[-74.91094,5.31853],[-74.91094,5.31853],[-74.91094,5.31853],[-74.91094,5.31853],[-74.91094,5.31853],[-74.91094,5.31853],[-74.91094,5.31853],[-74.91095,5.31853],[-74.91095,5.31853],[-74.91095,5.31853],[-74.91095,5.31853],[-74.91095,5.31853],[-74.91095,5.31853],[-74.91095,5.31853],[-74.91095,5.31853],[-74.91095,5.31853],[-74.91095,5.31853],[-74.91095,5.31853],[-74.91095,5.31853],[-74.91095,5.31853],[-74.91095,5.31853],[-74.91095,5.31853],[-74.91095,5.31853],[-74.91095,5.31853],[-74.91095,5.31853],[-74.91095,5.31853],[-74.91095,5.31853],[-74.91095,5.31853],[-74.91095,5.31853],[-74.91095,5.31853],[-74.91096,5.31853],[-74.91096,5.31853],[-74.91096,5.31852],[-74.91096,5.31852],[-74.91096,5.31852],[-74.91096,5.31852],[-74.91096,5.31852],[-74.91096,5.31852],[-74.91096,5.31852],[-74.91096,5.31852],[-74.91096,5.31852],[-74.91096,5.31852],[-74.91096,5.31852],[-74.91096,5.31852],[-74.91096,5.31852],[-74.91096,5.31852],[-74.91096,5.31852],[-74.91096,5.31852],[-74.91096,5.31852],[-74.91096,5.31852],[-74.91096,5.31852],[-74.91096,5.31852],[-74.91096,5.31852],[-74.91097,5.31852],[-74.91097,5.31852],[-74.91097,5.31852],[-74.91097,5.31852],[-74.91097,5.31852],[-74.91097,5.31852],[-74.91097,5.31852],[-74.91097,5.31852],[-74.91097,5.31852],[-74.91097,5.31852],[-74.91097,5.31853],[-74.91097,5.31853],[-74.91097,5.31853],[-74.91097,5.31853],[-74.91097,5.31853],[-74.91098,5.31853],[-74.91098,5.31853],[-74.91098,5.31853],[-74.91098,5.31853],[-74.91098,5.31853],[-74.91098,5.31853],[-74.91098,5.31853],[-74.91099,5.31853],[-74.91099,5.31853],[-74.91099,5.31853],[-74.91099,5.31853],[-74.911,5.31853],[-74.911,5.31853],[-74.911,5.31853],[-74.911,5.31853],[-74.911,5.31853],[-74.911,5.31853],[-74.91101,5.31853],[-74.91101,5.31853],[-74.91101,5.31853],[-74.91101,5.31853],[-74.91101,5.31853],[-74.91101,5.31853],[-74.91101,5.31853],[-74.91101,5.31853],[-74.91101,5.31853],[-74.91101,5.31853],[-74.91101,5.31853],[-74.91101,5.31853],[-74.91101,5.31853],[-74.91101,5.31853],[-74.91101,5.31853],[-74.91101,5.31853],[-74.91101,5.31853],[-74.91101,5.31853],[-74.91101,5.31853],[-74.91101,5.31853],[-74.91101,5.31853],[-74.91101,5.31853],[-74.91101,5.31853],[-74.91101,5.31854],[-74.91101,5.31854],[-74.91101,5.31854],[-74.91101,5.31854],[-74.91102,5.31854],[-74.91102,5.31854],[-74.91102,5.31854],[-74.91102,5.31854],[-74.91102,5.31854],[-74.91102,5.31854],[-74.91102,5.31854],[-74.91102,5.31854],[-74.91102,5.31854],[-74.91102,5.31854],[-74.91102,5.31854],[-74.91102,5.31854],[-74.91102,5.31854],[-74.91102,5.31854],[-74.91102,5.31854],[-74.91102,5.31854],[-74.91102,5.31854],[-74.91102,5.31854],[-74.91103,5.31854],[-74.91103,5.31854],[-74.91103,5.31854],[-74.91103,5.31854],[-74.91103,5.31854],[-74.91103,5.31854],[-74.91103,5.31854],[-74.91103,5.31854],[-74.91103,5.31854],[-74.91103,5.31854],[-74.91103,5.31854],[-74.91103,5.31854],[-74.91103,5.31854],[-74.91103,5.31854],[-74.91103,5.31854],[-74.91103,5.31854],[-74.91103,5.31854],[-74.91103,5.31854],[-74.91103,5.31854],[-74.91103,5.31854],[-74.91103,5.31854],[-74.91103,5.31854],[-74.91103,5.31854],[-74.91103,5.31854],[-74.91104,5.31854],[-74.91104,5.31854],[-74.91104,5.31854],[-74.91104,5.31854],[-74.91104,5.31854],[-74.91104,5.31854],[-74.91104,5.31854],[-74.91104,5.31854],[-74.91104,5.31854],[-74.91104,5.31854],[-74.91104,5.31854],[-74.91104,5.31854],[-74.91104,5.31854],[-74.91104,5.31854],[-74.91104,5.31854],[-74.91104,5.31854],[-74.91104,5.31854],[-74.91104,5.31854],[-74.91104,5.31854],[-74.91104,5.31854],[-74.91105,5.31854],[-74.91105,5.31854],[-74.91105,5.31854],[-74.91105,5.31854],[-74.91105,5.31854],[-74.91105,5.31854],[-74.91105,5.31854],[-74.91106,5.31854],[-74.91106,5.31854],[-74.91106,5.31854],[-74.91106,5.31854],[-74.91106,5.31854],[-74.91106,5.31854],[-74.91106,5.31854],[-74.91106,5.31854],[-74.91106,5.31854],[-74.91106,5.31854],[-74.91106,5.31854],[-74.91106,5.31854],[-74.91106,5.31854],[-74.91106,5.31854],[-74.91106,5.31854],[-74.91106,5.31854],[-74.91107,5.31854],[-74.91107,5.31854],[-74.91107,5.31854],[-74.91107,5.31854],[-74.91107,5.31854],[-74.91107,5.31854],[-74.91107,5.31853],[-74.91107,5.31853],[-74.91107,5.31853],[-74.91107,5.31853],[-74.91107,5.31853],[-74.91107,5.31853],[-74.91107,5.31853],[-74.91107,5.31853],[-74.91107,5.31853],[-74.91107,5.31853],[-74.91107,5.31853],[-74.91107,5.31853],[-74.91107,5.31853],[-74.91107,5.31853],[-74.91107,5.31853],[-74.91107,5.31853],[-74.91108,5.31853],[-74.91108,5.31853],[-74.91108,5.31853],[-74.91108,5.31853],[-74.91109,5.31853],[-74.91109,5.31853],[-74.91109,5.31853],[-74.91109,5.31853],[-74.91109,5.31853],[-74.91109,5.31853],[-74.91109,5.31853],[-74.91109,5.31853],[-74.91109,5.31853],[-74.91109,5.31853],[-74.91109,5.31853],[-74.9111,5.31854],[-74.9111,5.31854],[-74.9111,5.31854],[-74.9111,5.31854],[-74.9111,5.31854],[-74.9111,5.31854],[-74.9111,5.31854],[-74.9111,5.31854],[-74.9111,5.31854],[-74.9111,5.31854],[-74.9111,5.31854],[-74.9111,5.31854],[-74.9111,5.31854],[-74.9111,5.31854],[-74.9111,5.31854],[-74.9111,5.31854],[-74.91111,5.31854],[-74.91111,5.31854],[-74.91111,5.31854],[-74.91111,5.31854],[-74.91111,5.31854],[-74.91111,5.31854],[-74.91111,5.31854],[-74.91111,5.31854],[-74.91111,5.31854],[-74.91111,5.31854],[-74.91111,5.31854],[-74.91111,5.31854],[-74.91111,5.31855],[-74.91111,5.31855],[-74.91111,5.31855],[-74.91112,5.31855],[-74.91112,5.31855],[-74.91112,5.31855],[-74.91112,5.31855],[-74.91112,5.31855],[-74.91112,5.31855],[-74.91112,5.31855],[-74.91112,5.31855],[-74.91112,5.31855],[-74.91112,5.31855],[-74.91112,5.31855],[-74.91112,5.31855],[-74.91112,5.31855],[-74.91112,5.31855],[-74.91112,5.31855],[-74.91112,5.31855],[-74.91112,5.31855],[-74.91113,5.31855],[-74.91113,5.31855],[-74.91113,5.31855],[-74.91113,5.31855],[-74.91113,5.31855],[-74.91113,5.31855],[-74.91113,5.31855],[-74.91113,5.31856],[-74.91113,5.31856],[-74.91113,5.31856],[-74.91113,5.31856],[-74.91113,5.31856],[-74.91113,5.31856],[-74.91113,5.31856],[-74.91113,5.31856],[-74.91113,5.31856],[-74.91113,5.31856],[-74.91113,5.31856],[-74.91114,5.31856],[-74.91114,5.31856],[-74.91114,5.31856],[-74.91114,5.31856],[-74.91114,5.31856],[-74.91114,5.31856],[-74.91114,5.31856],[-74.91114,5.31856],[-74.91114,5.31856],[-74.91114,5.31857],[-74.91114,5.31857],[-74.91114,5.31857],[-74.91114,5.31857],[-74.91114,5.31857],[-74.91114,5.31857],[-74.91114,5.31857],[-74.91114,5.31857],[-74.91114,5.31857],[-74.91114,5.31857],[-74.91114,5.31858],[-74.91114,5.31858],[-74.91114,5.31858],[-74.91115,5.31858],[-74.91115,5.31858],[-74.91115,5.31858],[-74.91115,5.31858],[-74.91115,5.31858],[-74.91115,5.31858],[-74.91115,5.31859],[-74.91115,5.31859],[-74.91115,5.31859],[-74.91115,5.31859],[-74.91115,5.31859],[-74.91115,5.31859],[-74.91115,5.31859],[-74.91115,5.31859],[-74.91116,5.31859],[-74.91116,5.31859],[-74.91116,5.31859],[-74.91116,5.31859],[-74.91116,5.31859],[-74.91116,5.31859],[-74.91116,5.31859],[-74.91116,5.31859],[-74.91116,5.31859],[-74.91117,5.31859],[-74.91117,5.31859],[-74.91117,5.31859],[-74.91117,5.31859],[-74.91117,5.31859],[-74.91117,5.31859],[-74.91117,5.31859],[-74.91117,5.31859],[-74.91117,5.31859],[-74.91117,5.31859],[-74.91117,5.31859],[-74.91117,5.31859],[-74.91117,5.3186],[-74.91117,5.3186],[-74.91117,5.3186],[-74.91117,5.3186],[-74.91117,5.3186],[-74.91117,5.3186],[-74.91117,5.3186],[-74.91117,5.3186],[-74.91117,5.3186],[-74.91118,5.3186],[-74.91118,5.3186],[-74.91118,5.3186],[-74.91118,5.3186],[-74.91118,5.3186],[-74.91118,5.3186],[-74.91118,5.3186],[-74.91118,5.3186],[-74.91119,5.3186],[-74.91119,5.3186],[-74.9112,5.3186],[-74.9112,5.3186],[-74.91121,5.3186],[-74.91121,5.3186],[-74.91121,5.3186],[-74.91121,5.3186],[-74.91121,5.3186],[-74.91121,5.3186],[-74.91122,5.3186],[-74.91122,5.3186],[-74.91122,5.3186],[-74.91122,5.3186],[-74.91122,5.3186],[-74.91122,5.3186],[-74.91122,5.3186],[-74.91122,5.3186],[-74.91122,5.3186],[-74.91122,5.3186],[-74.91122,5.3186],[-74.91122,5.3186],[-74.91122,5.3186],[-74.91123,5.3186],[-74.91123,5.3186],[-74.91123,5.3186],[-74.91123,5.3186],[-74.91123,5.3186],[-74.91123,5.31859],[-74.91123,5.31859],[-74.91123,5.31859],[-74.91123,5.31859],[-74.91123,5.31859],[-74.91123,5.31859],[-74.91123,5.31859],[-74.91123,5.31859],[-74.91123,5.31859],[-74.91123,5.31859],[-74.91124,5.31859],[-74.91124,5.31859],[-74.91124,5.31859],[-74.91124,5.31859],[-74.91124,5.31859],[-74.91124,5.31859],[-74.91124,5.31859],[-74.91124,5.31859],[-74.91124,5.31859],[-74.91124,5.31859],[-74.91124,5.31859],[-74.91124,5.31859],[-74.91124,5.31859],[-74.91124,5.31859],[-74.91124,5.31859],[-74.91124,5.31859],[-74.91124,5.31859],[-74.91124,5.31859],[-74.91124,5.31859],[-74.91124,5.31859],[-74.91124,5.31859],[-74.91124,5.31859],[-74.91124,5.31859],[-74.91124,5.31859],[-74.91124,5.31859],[-74.91124,5.31859],[-74.91124,5.31859],[-74.91124,5.31859],[-74.91124,5.31859],[-74.91125,5.31859],[-74.91125,5.31859],[-74.91125,5.31859],[-74.91125,5.31859],[-74.91125,5.31859],[-74.91125,5.31859],[-74.91125,5.31859],[-74.91125,5.31859],[-74.91125,5.31859],[-74.91125,5.31859],[-74.91125,5.31859],[-74.91125,5.31859],[-74.91125,5.31859],[-74.91126,5.31859],[-74.91126,5.31859],[-74.91126,5.31859],[-74.91126,5.31859],[-74.91126,5.31859],[-74.91126,5.31859],[-74.91126,5.31859],[-74.91126,5.31859],[-74.91126,5.31859],[-74.91126,5.31859],[-74.91126,5.31859],[-74.91126,5.31859],[-74.91126,5.31859],[-74.91126,5.31859],[-74.91126,5.31859],[-74.91126,5.31859],[-74.91126,5.31859],[-74.91126,5.31859],[-74.91126,5.31859],[-74.91126,5.31859],[-74.91126,5.31859],[-74.91126,5.31859],[-74.91126,5.31859],[-74.91126,5.3186],[-74.91126,5.3186],[-74.91127,5.3186],[-74.91127,5.3186],[-74.91127,5.3186],[-74.91127,5.31859],[-74.91127,5.31859],[-74.91127,5.31859],[-74.91127,5.31859],[-74.91127,5.31859],[-74.91127,5.31859],[-74.91127,5.31859],[-74.91127,5.31859],[-74.91127,5.31859],[-74.91127,5.31859],[-74.91127,5.31859],[-74.91127,5.31859],[-74.91127,5.31859],[-74.91127,5.31859],[-74.91127,5.31859],[-74.91128,5.31859],[-74.91128,5.31859],[-74.91128,5.31859],[-74.91128,5.31859],[-74.91128,5.31859],[-74.91128,5.31859],[-74.91128,5.31859],[-74.91128,5.31859],[-74.91129,5.31859],[-74.91129,5.31859],[-74.9113,5.31859],[-74.9113,5.31859],[-74.9113,5.31859],[-74.9113,5.31859],[-74.9113,5.31859],[-74.9113,5.31859],[-74.9113,5.31859],[-74.9113,5.31859],[-74.9113,5.31859],[-74.9113,5.31859],[-74.9113,5.31859],[-74.91131,5.31859],[-74.91131,5.31859],[-74.91131,5.31859],[-74.91131,5.31859],[-74.91131,5.31859],[-74.91131,5.31859],[-74.91131,5.31859],[-74.91131,5.31859],[-74.91131,5.31859],[-74.91131,5.31859],[-74.91131,5.31858],[-74.91131,5.31858],[-74.91131,5.31858],[-74.91131,5.31858],[-74.91132,5.31858],[-74.91132,5.31858],[-74.91132,5.31858],[-74.91132,5.31858],[-74.91132,5.31858],[-74.91132,5.31858],[-74.91132,5.31858],[-74.91132,5.31858],[-74.91132,5.31858],[-74.91132,5.31858],[-74.91132,5.31858],[-74.91132,5.31858],[-74.91132,5.31858],[-74.91132,5.31858],[-74.91132,5.31858],[-74.91132,5.31858],[-74.91133,5.31858],[-74.91133,5.31858],[-74.91133,5.31858],[-74.91133,5.31858],[-74.91133,5.31858],[-74.91133,5.31858],[-74.91133,5.31858],[-74.91133,5.31858],[-74.91133,5.31858],[-74.91133,5.31858],[-74.91133,5.31858],[-74.91133,5.31858],[-74.91133,5.31858],[-74.91133,5.31858],[-74.91133,5.31858],[-74.91133,5.31858],[-74.91133,5.31858],[-74.91133,5.31858],[-74.91133,5.31858],[-74.91133,5.31858],[-74.91133,5.31858],[-74.91134,5.31859],[-74.91134,5.31859],[-74.91134,5.31859],[-74.91134,5.31859],[-74.91134,5.31859],[-74.91134,5.31859],[-74.91134,5.31859],[-74.91134,5.31859],[-74.91134,5.31859],[-74.91135,5.31859],[-74.91135,5.31859],[-74.91135,5.31859],[-74.91135,5.31859],[-74.91135,5.31859],[-74.91135,5.31859],[-74.91135,5.31858],[-74.91135,5.31858],[-74.91135,5.31858],[-74.91135,5.31858],[-74.91135,5.31858],[-74.91135,5.31858],[-74.91135,5.31858],[-74.91135,5.31858],[-74.91135,5.31858],[-74.91135,5.31858],[-74.91135,5.31858],[-74.91135,5.31858],[-74.91135,5.31858],[-74.91135,5.31858],[-74.91135,5.31858],[-74.91135,5.31858],[-74.91136,5.31858],[-74.91136,5.31858],[-74.91136,5.31858],[-74.91136,5.31858],[-74.91136,5.31858],[-74.91136,5.31858],[-74.91136,5.31858],[-74.91136,5.31858],[-74.91136,5.31858],[-74.91136,5.31859],[-74.91136,5.31859],[-74.91136,5.31859],[-74.91136,5.31859],[-74.91136,5.31859],[-74.91136,5.31859],[-74.91136,5.31859],[-74.91136,5.31859],[-74.91136,5.31859],[-74.91136,5.31859],[-74.91136,5.31859],[-74.91136,5.31859],[-74.91136,5.31859],[-74.91136,5.31859],[-74.91136,5.31859],[-74.91137,5.31859],[-74.91137,5.31859],[-74.91137,5.31859],[-74.91137,5.31859],[-74.91137,5.31859],[-74.91137,5.31859],[-74.91137,5.31859],[-74.91137,5.31859],[-74.91137,5.31859],[-74.91137,5.31859],[-74.91137,5.31859],[-74.91137,5.31859],[-74.91137,5.31859],[-74.91137,5.31859],[-74.91137,5.31859],[-74.91137,5.31859],[-74.91137,5.31859],[-74.91137,5.31859],[-74.91137,5.31859],[-74.91137,5.31859],[-74.91137,5.31859],[-74.91137,5.31859],[-74.91137,5.31859],[-74.91137,5.31859],[-74.91137,5.31859],[-74.91137,5.31859],[-74.91137,5.31859],[-74.91138,5.31859],[-74.91138,5.31859],[-74.91138,5.31859],[-74.91138,5.31859],[-74.91138,5.31859],[-74.91138,5.31859],[-74.91138,5.31859],[-74.91138,5.31858],[-74.91138,5.31858],[-74.91138,5.31858],[-74.91138,5.31858],[-74.91138,5.31858],[-74.91138,5.31858],[-74.91138,5.31858],[-74.91138,5.31858],[-74.91138,5.31858],[-74.91138,5.31858],[-74.91138,5.31858],[-74.91138,5.31858],[-74.91138,5.31858],[-74.91138,5.31858],[-74.91138,5.31858],[-74.91138,5.31858],[-74.91138,5.31858],[-74.91138,5.31858],[-74.91138,5.31858],[-74.91138,5.31859],[-74.91138,5.31859],[-74.91138,5.31859],[-74.91138,5.31859],[-74.91138,5.31859],[-74.91138,5.31859],[-74.91138,5.31859],[-74.91138,5.31859],[-74.91138,5.31859],[-74.91138,5.31859],[-74.91138,5.31859],[-74.91138,5.31859],[-74.91138,5.31859],[-74.91138,5.3186],[-74.91138,5.3186],[-74.91139,5.3186],[-74.91139,5.3186],[-74.91139,5.3186],[-74.91139,5.3186],[-74.91139,5.3186],[-74.91139,5.3186],[-74.91139,5.3186],[-74.91139,5.3186],[-74.91139,5.3186],[-74.91139,5.3186],[-74.91139,5.3186],[-74.91139,5.3186],[-74.91139,5.3186],[-74.91139,5.3186],[-74.9114,5.3186],[-74.9114,5.3186],[-74.9114,5.3186],[-74.9114,5.3186],[-74.9114,5.3186],[-74.9114,5.3186],[-74.9114,5.3186],[-74.9114,5.3186],[-74.9114,5.3186],[-74.9114,5.3186],[-74.9114,5.3186],[-74.9114,5.3186],[-74.9114,5.3186],[-74.9114,5.3186],[-74.9114,5.3186],[-74.9114,5.3186],[-74.9114,5.3186],[-74.9114,5.3186],[-74.9114,5.3186],[-74.91141,5.3186],[-74.91141,5.3186],[-74.91141,5.3186],[-74.91141,5.3186],[-74.91141,5.31861],[-74.91141,5.31861],[-74.91141,5.31861],[-74.91141,5.31861],[-74.91141,5.31861],[-74.91141,5.31861],[-74.91141,5.31861],[-74.91141,5.31861],[-74.91141,5.31861],[-74.91141,5.31861],[-74.91141,5.31861],[-74.91141,5.31862],[-74.91141,5.31862],[-74.91141,5.31862],[-74.91141,5.31862],[-74.91141,5.31862],[-74.91141,5.31862],[-74.91141,5.31862],[-74.91141,5.31862],[-74.91141,5.31863],[-74.91141,5.31863],[-74.91141,5.31863],[-74.91141,5.31863],[-74.91141,5.31863],[-74.91141,5.31863],[-74.91141,5.31863],[-74.91141,5.31863],[-74.91141,5.31863],[-74.91141,5.31863],[-74.91141,5.31863],[-74.91141,5.31863],[-74.91141,5.31863],[-74.91141,5.31863],[-74.91141,5.31863],[-74.91141,5.31863],[-74.91141,5.31863],[-74.91141,5.31864],[-74.91142,5.31864],[-74.91142,5.31864],[-74.91142,5.31864],[-74.91142,5.31864],[-74.91142,5.31864],[-74.91142,5.31864],[-74.91142,5.31864],[-74.91142,5.31864],[-74.91142,5.31864],[-74.91142,5.31864],[-74.91142,5.31864],[-74.91142,5.31864],[-74.91142,5.31864],[-74.91142,5.31864],[-74.91142,5.31864],[-74.91142,5.31864],[-74.91142,5.31864],[-74.91142,5.31864],[-74.91142,5.31864],[-74.91142,5.31864],[-74.91142,5.31864],[-74.91142,5.31864],[-74.91142,5.31864],[-74.91142,5.31864],[-74.91142,5.31864],[-74.91142,5.31864],[-74.91142,5.31864],[-74.91142,5.31864],[-74.91142,5.31864],[-74.91143,5.31864],[-74.91143,5.31863],[-74.91143,5.31863],[-74.91143,5.31863],[-74.91143,5.31863],[-74.91143,5.31863],[-74.91143,5.31863],[-74.91143,5.31863],[-74.91143,5.31863],[-74.91143,5.31863],[-74.91143,5.31863],[-74.91143,5.31863],[-74.91143,5.31863],[-74.91143,5.31863],[-74.91143,5.31863],[-74.91143,5.31863],[-74.91143,5.31863],[-74.91143,5.31863],[-74.91143,5.31863],[-74.91143,5.31863],[-74.91143,5.31863],[-74.91143,5.31863],[-74.91144,5.31863],[-74.91144,5.31863],[-74.91144,5.31863],[-74.91144,5.31863],[-74.91144,5.31863],[-74.91144,5.31863],[-74.91144,5.31863],[-74.91144,5.31863],[-74.91144,5.31863],[-74.91144,5.31863],[-74.91144,5.31863],[-74.91144,5.31863],[-74.91144,5.31863],[-74.91144,5.31863],[-74.91144,5.31863],[-74.91144,5.31863],[-74.91144,5.31863],[-74.91144,5.31863],[-74.91144,5.31863],[-74.91144,5.31863],[-74.91144,5.31863],[-74.91144,5.31863],[-74.91144,5.31863],[-74.91144,5.31863],[-74.91144,5.31863],[-74.91144,5.31863],[-74.91144,5.31863],[-74.91144,5.31863],[-74.91144,5.31863],[-74.91144,5.31863],[-74.91144,5.31863],[-74.91144,5.31863],[-74.91144,5.31863],[-74.91144,5.31863],[-74.91144,5.31863],[-74.91145,5.31863],[-74.91145,5.31863],[-74.91145,5.31863],[-74.91145,5.31863],[-74.91145,5.31863],[-74.91145,5.31863],[-74.91145,5.31863],[-74.91145,5.31863],[-74.91145,5.31863],[-74.91145,5.31863],[-74.91145,5.31863],[-74.91145,5.31863],[-74.91145,5.31863],[-74.91145,5.31863],[-74.91145,5.31864],[-74.91145,5.31864],[-74.91145,5.31864],[-74.91146,5.31864],[-74.91146,5.31864],[-74.91146,5.31864],[-74.91146,5.31864],[-74.91146,5.31864],[-74.91146,5.31864],[-74.91146,5.31864],[-74.91146,5.31864],[-74.91146,5.31864],[-74.91146,5.31864],[-74.91146,5.31864],[-74.91146,5.31865],[-74.91146,5.31865],[-74.91146,5.31865],[-74.91146,5.31865],[-74.91146,5.31865],[-74.91146,5.31865],[-74.91146,5.31866],[-74.91146,5.31866],[-74.91146,5.31866],[-74.91146,5.31866],[-74.91146,5.31866],[-74.91146,5.31866],[-74.91146,5.31866],[-74.91146,5.31866],[-74.91146,5.31866],[-74.91146,5.31866],[-74.91146,5.31866],[-74.91146,5.31866],[-74.91146,5.31866],[-74.91146,5.31866],[-74.91146,5.31866],[-74.91146,5.31866],[-74.91146,5.31866],[-74.91146,5.31866],[-74.91146,5.31866],[-74.91146,5.31866],[-74.91146,5.31866],[-74.91146,5.31866],[-74.91146,5.31866],[-74.91146,5.31866],[-74.91147,5.31866],[-74.91147,5.31866],[-74.91147,5.31866],[-74.91147,5.31866],[-74.91147,5.31867],[-74.91147,5.31867],[-74.91147,5.31867],[-74.91147,5.31867],[-74.91147,5.31867],[-74.91147,5.31867],[-74.91147,5.31867],[-74.91147,5.31867],[-74.91147,5.31867],[-74.91147,5.31867],[-74.91147,5.31867],[-74.91147,5.31866],[-74.91147,5.31866],[-74.91147,5.31866],[-74.91147,5.31866],[-74.91147,5.31866],[-74.91147,5.31866],[-74.91147,5.31866],[-74.91147,5.31866],[-74.91147,5.31866],[-74.91147,5.31866],[-74.91147,5.31866],[-74.91147,5.31866],[-74.91147,5.31866],[-74.91147,5.31866],[-74.91147,5.31866],[-74.91147,5.31866],[-74.91147,5.31866],[-74.91147,5.31866],[-74.91147,5.31866],[-74.91147,5.31866],[-74.91147,5.31866],[-74.91147,5.31867],[-74.91147,5.31867],[-74.91147,5.31867],[-74.91147,5.31867],[-74.91147,5.31867],[-74.91147,5.31867],[-74.91147,5.31868],[-74.91147,5.31868],[-74.91147,5.31868],[-74.91147,5.31868],[-74.91147,5.31868],[-74.91147,5.31868],[-74.91147,5.31869],[-74.91147,5.31869],[-74.91147,5.31869],[-74.91147,5.31869],[-74.91147,5.31869],[-74.91147,5.31869],[-74.91147,5.31869],[-74.91147,5.31869],[-74.91147,5.31869],[-74.91147,5.31869],[-74.91147,5.31869],[-74.91147,5.31869],[-74.91147,5.31869],[-74.91147,5.31869],[-74.91147,5.31869],[-74.91147,5.31869],[-74.91147,5.31869],[-74.91147,5.31869],[-74.91147,5.31869],[-74.91147,5.31869],[-74.91147,5.31869],[-74.91147,5.3187],[-74.91147,5.3187],[-74.91147,5.3187],[-74.91147,5.3187],[-74.91147,5.3187],[-74.91147,5.3187],[-74.91147,5.3187],[-74.91147,5.3187],[-74.91146,5.3187],[-74.91146,5.3187],[-74.91146,5.3187],[-74.91146,5.3187],[-74.91146,5.3187],[-74.91146,5.3187],[-74.91146,5.31871],[-74.91146,5.31871],[-74.91146,5.31871],[-74.91146,5.31871],[-74.91146,5.31871],[-74.91146,5.31871],[-74.91146,5.31871],[-74.91146,5.31871],[-74.91146,5.31871],[-74.91146,5.31871],[-74.91146,5.31871],[-74.91146,5.31871],[-74.91146,5.31871],[-74.91146,5.31871],[-74.91146,5.31871],[-74.91146,5.31872],[-74.91146,5.31872],[-74.91145,5.31872],[-74.91145,5.31872],[-74.91145,5.31872],[-74.91145,5.31872],[-74.91145,5.31872],[-74.91145,5.31872],[-74.91145,5.31872],[-74.91145,5.31872],[-74.91145,5.31872],[-74.91145,5.31872],[-74.91145,5.31872],[-74.91145,5.31872],[-74.91145,5.31872],[-74.91145,5.31873],[-74.91145,5.31873],[-74.91145,5.31873],[-74.91145,5.31873],[-74.91145,5.31873],[-74.91145,5.31873],[-74.91145,5.31873],[-74.91145,5.31873],[-74.91145,5.31873],[-74.91145,5.31874],[-74.91145,5.31874],[-74.91145,5.31874],[-74.91145,5.31874],[-74.91145,5.31874],[-74.91145,5.31874],[-74.91145,5.31874],[-74.91145,5.31874],[-74.91145,5.31874],[-74.91145,5.31875],[-74.91145,5.31875],[-74.91145,5.31875],[-74.91145,5.31875],[-74.91145,5.31875],[-74.91145,5.31875],[-74.91145,5.31875],[-74.91145,5.31875],[-74.91145,5.31875],[-74.91144,5.31875],[-74.91144,5.31875],[-74.91144,5.31875],[-74.91144,5.31875],[-74.91144,5.31875],[-74.91144,5.31875],[-74.91144,5.31875],[-74.91144,5.31875],[-74.91144,5.31876],[-74.91144,5.31876],[-74.91144,5.31876],[-74.91144,5.31876],[-74.91144,5.31876],[-74.91144,5.31876],[-74.91144,5.31876],[-74.91144,5.31876],[-74.91144,5.31876],[-74.91144,5.31877],[-74.91144,5.31877],[-74.91144,5.31877],[-74.91144,5.31877],[-74.91144,5.31877],[-74.91144,5.31877],[-74.91144,5.31877],[-74.91144,5.31877],[-74.91144,5.31877],[-74.91144,5.31877],[-74.91144,5.31877],[-74.91144,5.31877],[-74.91144,5.31877],[-74.91144,5.31877],[-74.91144,5.31877],[-74.91144,5.31877],[-74.91143,5.31878],[-74.91143,5.31878],[-74.91143,5.31878],[-74.91143,5.31878],[-74.91143,5.31878],[-74.91143,5.31878],[-74.91143,5.31878],[-74.91143,5.31878],[-74.91143,5.31878],[-74.91143,5.31878],[-74.91143,5.31878],[-74.91143,5.31878],[-74.91143,5.31878],[-74.91143,5.31878],[-74.91143,5.31878],[-74.91143,5.31878],[-74.91143,5.31878],[-74.91143,5.31878],[-74.91143,5.31879],[-74.91143,5.31879],[-74.91143,5.31879],[-74.91143,5.31879],[-74.91143,5.31879],[-74.91143,5.31879],[-74.91143,5.31879],[-74.91144,5.31879],[-74.91144,5.31879],[-74.91144,5.31879],[-74.91144,5.31879],[-74.91144,5.31879],[-74.91144,5.31879],[-74.91144,5.31879],[-74.91144,5.31879],[-74.91144,5.31879],[-74.91144,5.31879],[-74.91144,5.31879],[-74.91144,5.31879],[-74.91144,5.31879],[-74.91144,5.31879],[-74.91144,5.31879],[-74.91144,5.31879],[-74.91144,5.31879],[-74.91144,5.31879],[-74.91144,5.31879],[-74.91144,5.31879],[-74.91144,5.3188],[-74.91144,5.3188],[-74.91144,5.3188],[-74.91144,5.3188],[-74.91144,5.3188],[-74.91144,5.3188],[-74.91144,5.3188],[-74.91144,5.3188],[-74.91144,5.3188],[-74.91144,5.3188],[-74.91144,5.3188],[-74.91144,5.3188],[-74.91144,5.3188],[-74.91144,5.3188],[-74.91144,5.3188],[-74.91144,5.3188],[-74.91144,5.31881],[-74.91144,5.31881],[-74.91144,5.31881],[-74.91144,5.31881],[-74.91144,5.31881],[-74.91144,5.31881],[-74.91144,5.31881],[-74.91144,5.31881],[-74.91144,5.31881],[-74.91144,5.31881],[-74.91144,5.31881],[-74.91144,5.31881],[-74.91144,5.31881],[-74.91144,5.31882],[-74.91144,5.31882],[-74.91144,5.31882],[-74.91144,5.31882],[-74.91144,5.31882],[-74.91144,5.31882],[-74.91144,5.31882],[-74.91144,5.31882],[-74.91144,5.31882],[-74.91144,5.31882],[-74.91144,5.31882],[-74.91145,5.31882],[-74.91145,5.31882],[-74.91145,5.31882],[-74.91145,5.31882],[-74.91145,5.31883],[-74.91145,5.31883],[-74.91145,5.31883],[-74.91145,5.31883],[-74.91145,5.31883],[-74.91145,5.31883],[-74.91145,5.31883],[-74.91145,5.31884],[-74.91145,5.31884],[-74.91145,5.31884],[-74.91145,5.31884],[-74.91145,5.31884],[-74.91145,5.31884],[-74.91145,5.31884],[-74.91145,5.31884],[-74.91145,5.31884],[-74.91145,5.31884],[-74.91145,5.31884],[-74.91145,5.31885],[-74.91145,5.31885],[-74.91145,5.31885],[-74.91145,5.31885],[-74.91145,5.31885],[-74.91145,5.31885],[-74.91145,5.31885],[-74.91145,5.31885],[-74.91145,5.31885],[-74.91146,5.31885],[-74.91146,5.31885],[-74.91146,5.31885],[-74.91146,5.31885],[-74.91146,5.31885],[-74.91146,5.31885],[-74.91146,5.31885],[-74.91146,5.31885],[-74.91146,5.31885],[-74.91146,5.31885],[-74.91146,5.31885],[-74.91146,5.31885],[-74.91146,5.31885],[-74.91146,5.31885],[-74.91147,5.31885],[-74.91147,5.31885],[-74.91147,5.31885],[-74.91147,5.31885],[-74.91147,5.31885],[-74.91147,5.31885],[-74.91147,5.31885],[-74.91147,5.31885],[-74.91147,5.31885],[-74.91147,5.31885],[-74.91147,5.31885],[-74.91147,5.31885],[-74.91147,5.31885],[-74.91148,5.31885],[-74.91148,5.31885],[-74.91148,5.31885],[-74.91148,5.31886],[-74.91148,5.31886],[-74.91148,5.31886],[-74.91148,5.31886],[-74.91148,5.31886],[-74.91148,5.31886],[-74.91148,5.31886],[-74.91148,5.31886],[-74.91148,5.31886],[-74.91147,5.31887],[-74.91147,5.31887],[-74.91147,5.31887],[-74.91147,5.31887],[-74.91147,5.31887],[-74.91147,5.31887],[-74.91147,5.31887],[-74.91147,5.31887],[-74.91147,5.31887],[-74.91147,5.31887],[-74.91147,5.31887],[-74.91147,5.31887],[-74.91147,5.31887],[-74.91147,5.31887],[-74.91147,5.31887],[-74.91147,5.31887],[-74.91147,5.31887],[-74.91147,5.31887],[-74.91147,5.31887],[-74.91147,5.31887],[-74.91147,5.31888],[-74.91147,5.31888],[-74.91146,5.31888],[-74.91146,5.31888],[-74.91146,5.31888],[-74.91146,5.31888],[-74.91146,5.31888],[-74.91146,5.31888],[-74.91146,5.31888],[-74.91146,5.31888],[-74.91146,5.31888],[-74.91146,5.31888],[-74.91146,5.31888],[-74.91146,5.31888],[-74.91146,5.31888],[-74.91146,5.31888],[-74.91146,5.31888],[-74.91146,5.31888],[-74.91146,5.31889],[-74.91146,5.31889],[-74.91146,5.31889],[-74.91146,5.31889],[-74.91146,5.31889],[-74.91146,5.31889],[-74.91146,5.31889],[-74.91146,5.31889],[-74.91146,5.3189],[-74.91146,5.3189],[-74.91146,5.3189],[-74.91146,5.3189],[-74.91146,5.3189],[-74.91146,5.3189],[-74.91146,5.31891],[-74.91146,5.31891],[-74.91146,5.31891],[-74.91146,5.31891],[-74.91146,5.31891],[-74.91146,5.31892],[-74.91146,5.31892],[-74.91146,5.31892],[-74.91146,5.31892],[-74.91146,5.31892],[-74.91146,5.31892],[-74.91146,5.31892],[-74.91146,5.31892],[-74.91146,5.31892],[-74.91146,5.31892],[-74.91146,5.31892],[-74.91146,5.31892],[-74.91146,5.31892],[-74.91146,5.31892],[-74.91146,5.31892],[-74.91146,5.31892],[-74.91146,5.31892],[-74.91146,5.31892],[-74.91146,5.31892],[-74.91146,5.31892],[-74.91146,5.31892],[-74.91146,5.31893],[-74.91146,5.31893],[-74.91146,5.31893],[-74.91146,5.31893],[-74.91146,5.31893],[-74.91146,5.31893],[-74.91146,5.31893],[-74.91146,5.31893],[-74.91146,5.31893],[-74.91146,5.31893],[-74.91146,5.31893],[-74.91146,5.31893],[-74.91146,5.31893],[-74.91146,5.31893],[-74.91146,5.31893],[-74.91146,5.31893],[-74.91146,5.31893],[-74.91146,5.31894],[-74.91146,5.31894],[-74.91146,5.31894],[-74.91146,5.31894],[-74.91145,5.31894],[-74.91145,5.31894],[-74.91145,5.31894],[-74.91145,5.31894],[-74.91145,5.31894],[-74.91145,5.31894],[-74.91145,5.31894],[-74.91145,5.31894],[-74.91145,5.31894],[-74.91145,5.31894],[-74.91145,5.31894],[-74.91145,5.31894],[-74.91145,5.31894],[-74.91145,5.31894],[-74.91145,5.31894],[-74.91145,5.31894],[-74.91145,5.31894],[-74.91145,5.31895],[-74.91145,5.31895],[-74.91145,5.31895],[-74.91145,5.31895],[-74.91145,5.31895],[-74.91145,5.31895],[-74.91145,5.31895],[-74.91145,5.31895],[-74.91145,5.31895],[-74.91145,5.31895],[-74.91145,5.31895],[-74.91145,5.31895],[-74.91145,5.31895],[-74.91145,5.31895],[-74.91145,5.31895],[-74.91145,5.31895],[-74.91145,5.31895],[-74.91145,5.31895],[-74.91145,5.31895],[-74.91145,5.31895],[-74.91145,5.31895],[-74.91146,5.31895],[-74.91146,5.31895],[-74.91146,5.31895],[-74.91146,5.31895],[-74.91146,5.31895],[-74.91146,5.31895],[-74.91146,5.31895],[-74.91146,5.31895],[-74.91146,5.31895],[-74.91146,5.31895],[-74.91146,5.31895],[-74.91146,5.31895],[-74.91146,5.31895],[-74.91146,5.31895],[-74.91146,5.31895],[-74.91146,5.31896],[-74.91146,5.31896],[-74.91146,5.31896],[-74.91146,5.31896],[-74.91146,5.31896],[-74.91146,5.31896],[-74.91146,5.31896],[-74.91146,5.31896],[-74.91146,5.31896],[-74.91146,5.31896],[-74.91146,5.31896],[-74.91146,5.31896],[-74.91146,5.31896],[-74.91146,5.31896],[-74.91146,5.31896],[-74.91146,5.31896],[-74.91147,5.31895],[-74.91147,5.31895],[-74.91147,5.31895],[-74.91147,5.31895],[-74.91147,5.31895],[-74.91147,5.31895],[-74.91147,5.31895],[-74.91147,5.31895],[-74.91147,5.31895],[-74.91147,5.31895],[-74.91147,5.31895],[-74.91147,5.31895],[-74.91147,5.31895],[-74.91147,5.31895],[-74.91147,5.31895],[-74.91147,5.31895],[-74.91147,5.31895],[-74.91147,5.31895],[-74.91147,5.31895],[-74.91147,5.31895],[-74.91148,5.31895],[-74.91148,5.31895],[-74.91148,5.31895],[-74.91148,5.31895],[-74.91148,5.31895],[-74.91148,5.31895],[-74.91148,5.31895],[-74.91148,5.31895],[-74.91148,5.31895],[-74.91148,5.31895],[-74.91148,5.31895],[-74.91148,5.31895],[-74.91149,5.31895],[-74.91149,5.31895],[-74.91149,5.31895],[-74.91149,5.31895],[-74.91149,5.31895],[-74.91149,5.31895],[-74.9115,5.31895],[-74.9115,5.31895],[-74.9115,5.31895],[-74.9115,5.31895],[-74.9115,5.31895],[-74.9115,5.31895],[-74.9115,5.31895],[-74.9115,5.31895],[-74.9115,5.31894],[-74.9115,5.31894],[-74.9115,5.31894],[-74.9115,5.31894],[-74.9115,5.31894],[-74.9115,5.31894],[-74.91149,5.31894],[-74.91149,5.31894],[-74.91149,5.31894],[-74.91149,5.31894],[-74.91149,5.31894],[-74.9115,5.31894],[-74.9115,5.31894],[-74.9115,5.31894],[-74.9115,5.31894],[-74.9115,5.31894],[-74.9115,5.31894],[-74.9115,5.31894],[-74.9115,5.31894],[-74.9115,5.31894],[-74.9115,5.31894],[-74.9115,5.31894],[-74.9115,5.31894],[-74.9115,5.31894],[-74.9115,5.31894],[-74.9115,5.31894],[-74.9115,5.31894],[-74.9115,5.31894],[-74.9115,5.31894],[-74.9115,5.31894],[-74.9115,5.31894],[-74.9115,5.31894],[-74.9115,5.31894],[-74.9115,5.31894],[-74.9115,5.31894],[-74.9115,5.31894],[-74.9115,5.31895],[-74.9115,5.31895],[-74.9115,5.31895],[-74.9115,5.31895],[-74.9115,5.31895],[-74.9115,5.31895],[-74.9115,5.31895],[-74.9115,5.31895],[-74.9115,5.31895],[-74.9115,5.31895],[-74.9115,5.31895],[-74.9115,5.31895],[-74.9115,5.31895],[-74.91151,5.31895],[-74.91151,5.31895],[-74.91151,5.31895],[-74.91151,5.31895],[-74.91151,5.31895],[-74.91151,5.31895],[-74.91152,5.31895],[-74.91152,5.31895],[-74.91152,5.31895],[-74.91152,5.31895],[-74.91152,5.31895],[-74.91152,5.31895],[-74.91152,5.31895],[-74.91152,5.31895],[-74.91152,5.31895],[-74.91152,5.31895],[-74.91152,5.31895],[-74.91152,5.31895],[-74.91152,5.31895],[-74.91153,5.31895],[-74.91153,5.31895],[-74.91153,5.31895],[-74.91153,5.31895],[-74.91153,5.31895],[-74.91153,5.31895],[-74.91153,5.31895],[-74.91153,5.31895],[-74.91153,5.31895],[-74.91153,5.31895],[-74.91153,5.31896],[-74.91153,5.31896],[-74.91153,5.31896],[-74.91153,5.31896],[-74.91153,5.31896],[-74.91153,5.31896],[-74.91153,5.31896],[-74.91153,5.31896],[-74.91153,5.31896],[-74.91154,5.31896],[-74.91154,5.31896],[-74.91154,5.31896],[-74.91154,5.31896],[-74.91154,5.31896],[-74.91154,5.31896],[-74.91154,5.31896],[-74.91155,5.31896],[-74.91155,5.31896],[-74.91155,5.31896],[-74.91155,5.31896],[-74.91155,5.31896],[-74.91155,5.31896],[-74.91155,5.31896],[-74.91155,5.31896],[-74.91155,5.31895],[-74.91155,5.31895],[-74.91155,5.31895],[-74.91155,5.31895],[-74.91155,5.31895],[-74.91155,5.31895],[-74.91155,5.31895],[-74.91155,5.31895],[-74.91155,5.31895],[-74.91155,5.31895],[-74.91155,5.31895],[-74.91155,5.31895],[-74.91155,5.31895],[-74.91156,5.31895],[-74.91156,5.31895],[-74.91156,5.31895],[-74.91156,5.31895],[-74.91156,5.31895],[-74.91156,5.31895],[-74.91156,5.31895],[-74.91156,5.31895],[-74.91156,5.31895],[-74.91156,5.31895],[-74.91156,5.31895],[-74.91156,5.31895],[-74.91156,5.31895],[-74.91156,5.31895],[-74.91156,5.31895],[-74.91156,5.31895],[-74.91156,5.31895],[-74.91156,5.31895],[-74.91156,5.31895],[-74.91156,5.31895],[-74.91156,5.31895],[-74.91156,5.31895],[-74.91156,5.31895],[-74.91156,5.31895],[-74.91157,5.31895],[-74.91157,5.31895],[-74.91157,5.31895],[-74.91157,5.31895],[-74.91157,5.31895],[-74.91157,5.31896],[-74.91157,5.31896],[-74.91157,5.31896],[-74.91157,5.31896],[-74.91157,5.31896],[-74.91157,5.31896],[-74.91157,5.31896],[-74.91157,5.31896],[-74.91157,5.31896],[-74.91157,5.31896],[-74.91157,5.31896],[-74.91157,5.31896],[-74.91157,5.31896],[-74.91157,5.31896],[-74.91157,5.31896],[-74.91157,5.31896],[-74.91157,5.31896],[-74.91157,5.31897],[-74.91157,5.31897],[-74.91157,5.31897],[-74.91157,5.31897],[-74.91157,5.31897],[-74.91158,5.31897],[-74.91158,5.31897],[-74.91158,5.31897],[-74.91158,5.31897],[-74.91158,5.31897],[-74.91158,5.31897],[-74.91158,5.31897],[-74.91158,5.31897],[-74.91158,5.31897],[-74.91158,5.31897],[-74.91158,5.31897],[-74.91159,5.31897],[-74.91159,5.31897],[-74.91159,5.31897],[-74.91159,5.31897],[-74.91159,5.31897],[-74.9116,5.31897],[-74.9116,5.31897],[-74.91161,5.31897],[-74.91161,5.31897],[-74.91161,5.31897],[-74.91162,5.31897],[-74.91162,5.31897],[-74.91162,5.31897],[-74.91163,5.31897],[-74.91163,5.31897],[-74.91163,5.31897],[-74.91163,5.31897],[-74.91163,5.31897],[-74.91163,5.31897],[-74.91163,5.31897],[-74.91163,5.31897],[-74.91163,5.31897],[-74.91163,5.31897],[-74.91163,5.31897],[-74.91163,5.31897],[-74.91163,5.31897],[-74.91163,5.31897],[-74.91163,5.31897],[-74.91163,5.31897],[-74.91163,5.31897],[-74.91163,5.31897],[-74.91163,5.31897],[-74.91164,5.31897],[-74.91164,5.31897],[-74.91164,5.31897],[-74.91164,5.31898],[-74.91164,5.31898],[-74.91164,5.31898],[-74.91164,5.31898],[-74.91164,5.31898],[-74.91164,5.31898],[-74.91164,5.31898],[-74.91164,5.31898],[-74.91164,5.31898],[-74.91164,5.31898],[-74.91165,5.31898],[-74.91165,5.31898],[-74.91165,5.31898],[-74.91165,5.31898],[-74.91165,5.31898],[-74.91166,5.31898],[-74.91166,5.31898],[-74.91166,5.31898],[-74.91166,5.31898],[-74.91167,5.31898],[-74.91167,5.31898],[-74.91167,5.31898],[-74.91167,5.31898],[-74.91167,5.31898],[-74.91167,5.31898],[-74.91167,5.31898],[-74.91167,5.31898],[-74.91167,5.31898],[-74.91167,5.31898],[-74.91167,5.31898],[-74.91167,5.31898],[-74.91167,5.31898],[-74.91167,5.31898],[-74.91167,5.31898],[-74.91167,5.31898],[-74.91167,5.31898],[-74.91167,5.31898],[-74.91167,5.31898],[-74.91167,5.31898],[-74.91168,5.31898],[-74.91168,5.31898],[-74.91168,5.31898],[-74.91168,5.31899],[-74.91168,5.31899],[-74.91168,5.31899],[-74.91168,5.31899],[-74.91168,5.31899],[-74.91168,5.31899],[-74.91168,5.31899],[-74.91168,5.31899],[-74.91168,5.31899],[-74.91169,5.31899],[-74.91169,5.31899],[-74.91169,5.31899],[-74.91169,5.31899],[-74.91169,5.31899],[-74.91169,5.31899],[-74.91169,5.31899],[-74.91169,5.31899],[-74.9117,5.31899],[-74.9117,5.31899],[-74.9117,5.31899],[-74.9117,5.31899],[-74.91171,5.31899],[-74.91174,5.31899],[-74.91174,5.31899],[-74.91174,5.31899],[-74.91175,5.31899],[-74.91175,5.31899],[-74.91175,5.31899],[-74.91175,5.31899],[-74.91175,5.31899],[-74.91175,5.31899],[-74.91175,5.31899],[-74.91175,5.31899],[-74.91175,5.31899],[-74.91175,5.31899],[-74.91175,5.31899],[-74.91175,5.31899],[-74.91175,5.31899],[-74.91175,5.31899],[-74.91175,5.31899],[-74.91175,5.31899],[-74.91175,5.31899],[-74.91175,5.31899],[-74.91176,5.31899],[-74.91176,5.31899],[-74.91176,5.31899],[-74.91176,5.31899],[-74.91176,5.31899],[-74.91176,5.31899],[-74.91176,5.31899],[-74.91176,5.319],[-74.91176,5.319],[-74.91176,5.319],[-74.91176,5.319],[-74.91176,5.319],[-74.91176,5.319],[-74.91176,5.319],[-74.91176,5.319],[-74.91176,5.319],[-74.91176,5.319],[-74.91176,5.319],[-74.91176,5.319],[-74.91176,5.319],[-74.91176,5.319],[-74.91176,5.319],[-74.91177,5.319],[-74.91177,5.319],[-74.91177,5.319],[-74.91177,5.319],[-74.91177,5.319],[-74.91177,5.319],[-74.91177,5.319],[-74.91177,5.319],[-74.91177,5.319],[-74.91177,5.31901],[-74.91177,5.31901],[-74.91177,5.31901],[-74.91177,5.31901],[-74.91177,5.31901],[-74.91177,5.31901],[-74.91177,5.31901],[-74.91177,5.31901],[-74.91177,5.31901],[-74.91177,5.31901],[-74.91177,5.31901],[-74.91177,5.31901],[-74.91177,5.31901],[-74.91177,5.31901],[-74.91178,5.31901],[-74.91178,5.31901],[-74.91178,5.31901],[-74.91178,5.31901],[-74.91178,5.31901],[-74.91178,5.31901],[-74.91178,5.31901],[-74.91178,5.31901],[-74.91178,5.31901],[-74.91178,5.31901],[-74.91178,5.31901],[-74.91178,5.31901],[-74.91178,5.31901],[-74.91178,5.31901],[-74.91178,5.31901],[-74.91178,5.31901],[-74.91178,5.31901],[-74.91178,5.31901],[-74.91179,5.31901],[-74.91179,5.31901],[-74.91179,5.31901],[-74.91179,5.31901],[-74.91179,5.31901],[-74.91179,5.31901],[-74.91179,5.31901],[-74.91179,5.31901],[-74.91179,5.31901],[-74.91179,5.31901],[-74.91179,5.31901],[-74.91179,5.31901],[-74.91179,5.31901],[-74.91179,5.31901],[-74.91179,5.31901],[-74.91179,5.31901],[-74.91179,5.31901],[-74.91179,5.31901],[-74.9118,5.31901],[-74.9118,5.31901],[-74.9118,5.31901],[-74.9118,5.31901],[-74.9118,5.31901],[-74.9118,5.31901],[-74.9118,5.31901],[-74.9118,5.31901],[-74.9118,5.31901],[-74.9118,5.31901],[-74.9118,5.31901],[-74.9118,5.31902],[-74.9118,5.31902],[-74.9118,5.31902],[-74.9118,5.31902],[-74.9118,5.31902],[-74.9118,5.31902],[-74.9118,5.31902],[-74.91181,5.31902],[-74.91181,5.31902],[-74.91181,5.31902],[-74.91181,5.31902],[-74.91181,5.31902],[-74.91181,5.31902],[-74.91181,5.31902],[-74.91181,5.31902],[-74.91181,5.31902],[-74.91181,5.31902],[-74.91181,5.31902],[-74.91181,5.31902],[-74.91181,5.31902],[-74.91181,5.31902],[-74.91181,5.31902],[-74.91181,5.31902],[-74.91181,5.31902],[-74.91181,5.31902],[-74.91182,5.31902],[-74.91182,5.31902],[-74.91182,5.31902],[-74.91182,5.31903],[-74.91181,5.31903],[-74.91181,5.31903],[-74.91181,5.31903],[-74.91181,5.31903],[-74.91181,5.31903],[-74.91182,5.31903],[-74.91182,5.31903],[-74.91182,5.31903],[-74.91182,5.31903],[-74.91182,5.31903],[-74.91182,5.31903],[-74.91182,5.31903],[-74.91182,5.31903],[-74.91182,5.31903],[-74.91182,5.31903],[-74.91182,5.31903],[-74.91182,5.31903],[-74.91182,5.31903],[-74.91182,5.31903],[-74.91182,5.31903],[-74.91183,5.31903],[-74.91183,5.31903],[-74.91183,5.31903],[-74.91183,5.31903],[-74.91183,5.31904],[-74.91183,5.31904],[-74.91183,5.31904],[-74.91183,5.31904],[-74.91183,5.31904],[-74.91183,5.31904],[-74.91183,5.31904],[-74.91183,5.31904],[-74.91183,5.31904],[-74.91183,5.31904],[-74.91183,5.31904],[-74.91183,5.31904],[-74.91183,5.31904],[-74.91183,5.31904],[-74.91183,5.31904],[-74.91183,5.31904],[-74.91184,5.31904],[-74.91184,5.31904],[-74.91184,5.31904],[-74.91184,5.31904],[-74.91184,5.31904],[-74.91184,5.31905],[-74.91184,5.31905],[-74.91184,5.31905],[-74.91184,5.31905],[-74.91184,5.31905],[-74.91184,5.31905],[-74.91184,5.31905],[-74.91184,5.31905],[-74.91184,5.31905],[-74.91184,5.31905],[-74.91184,5.31905],[-74.91184,5.31905],[-74.91184,5.31905],[-74.91184,5.31905],[-74.91184,5.31905],[-74.91184,5.31905],[-74.91184,5.31905],[-74.91184,5.31905],[-74.91184,5.31905],[-74.91184,5.31905],[-74.91184,5.31905],[-74.91185,5.31905],[-74.91185,5.31905],[-74.91185,5.31906],[-74.91185,5.31906],[-74.91185,5.31906],[-74.91185,5.31906],[-74.91185,5.31906],[-74.91185,5.31906],[-74.91185,5.31906],[-74.91185,5.31906],[-74.91185,5.31906],[-74.91185,5.31906],[-74.91185,5.31906],[-74.91185,5.31906],[-74.91185,5.31906],[-74.91185,5.31906],[-74.91185,5.31906],[-74.91185,5.31906],[-74.91185,5.31906],[-74.91185,5.31906],[-74.91185,5.31906],[-74.91186,5.31906],[-74.91186,5.31906],[-74.91186,5.31906],[-74.91186,5.31906],[-74.91186,5.31906],[-74.91186,5.31906],[-74.91186,5.31906],[-74.91186,5.31906],[-74.91186,5.31907],[-74.91186,5.31907],[-74.91186,5.31907],[-74.91186,5.31907],[-74.91186,5.31907],[-74.91186,5.31907],[-74.91186,5.31907],[-74.91186,5.31907],[-74.91186,5.31907],[-74.91187,5.31907],[-74.91187,5.31907],[-74.91187,5.31907],[-74.91187,5.31907],[-74.91187,5.31907],[-74.91187,5.31907],[-74.91187,5.31907],[-74.91187,5.31907],[-74.91187,5.31907],[-74.91187,5.31907],[-74.91187,5.31907],[-74.91187,5.31908],[-74.91187,5.31908],[-74.91187,5.31908],[-74.91187,5.31908],[-74.91187,5.31908],[-74.91187,5.31908],[-74.91187,5.31908],[-74.91187,5.31908],[-74.91187,5.31908],[-74.91187,5.31908],[-74.91187,5.31908],[-74.91187,5.31908],[-74.91187,5.31908],[-74.91187,5.31908],[-74.91187,5.31908],[-74.91187,5.31908],[-74.91187,5.31908],[-74.91188,5.31908],[-74.91188,5.31908],[-74.91188,5.31908],[-74.91188,5.31908],[-74.91188,5.31909],[-74.91188,5.31909],[-74.91188,5.31909],[-74.91188,5.31909],[-74.91188,5.31909],[-74.91188,5.31909],[-74.91188,5.31909],[-74.91188,5.31909],[-74.91188,5.31909],[-74.91188,5.31909],[-74.91188,5.31909],[-74.91188,5.31909],[-74.91188,5.31909],[-74.91188,5.31909],[-74.91188,5.31909],[-74.91188,5.31909],[-74.91188,5.31909],[-74.91188,5.31909],[-74.91188,5.31909],[-74.91188,5.3191],[-74.91188,5.3191],[-74.91189,5.3191],[-74.91189,5.3191],[-74.91189,5.3191],[-74.91189,5.3191],[-74.91189,5.3191],[-74.91189,5.3191],[-74.91189,5.3191],[-74.91189,5.3191],[-74.91189,5.3191],[-74.91189,5.3191],[-74.91189,5.3191],[-74.91189,5.3191],[-74.91189,5.3191],[-74.91189,5.3191],[-74.91189,5.3191],[-74.91189,5.31911],[-74.91189,5.31911],[-74.91189,5.31911],[-74.91189,5.31911],[-74.91189,5.31911],[-74.91189,5.31911],[-74.91189,5.31911],[-74.91189,5.31911],[-74.91189,5.31911],[-74.91189,5.31911],[-74.91189,5.31911],[-74.91189,5.31911],[-74.91189,5.31911],[-74.91189,5.31912],[-74.91189,5.31912],[-74.91189,5.31912],[-74.91189,5.31912],[-74.91189,5.31912],[-74.91189,5.31912],[-74.91189,5.31912],[-74.9119,5.31912],[-74.9119,5.31912],[-74.9119,5.31912],[-74.9119,5.31912],[-74.9119,5.31912],[-74.9119,5.31912],[-74.9119,5.31912],[-74.9119,5.31912],[-74.9119,5.31912],[-74.9119,5.31912],[-74.9119,5.31912],[-74.9119,5.31912],[-74.9119,5.31912],[-74.9119,5.31913],[-74.9119,5.31913],[-74.9119,5.31913],[-74.9119,5.31913],[-74.9119,5.31913],[-74.9119,5.31913],[-74.9119,5.31913],[-74.9119,5.31913],[-74.9119,5.31913],[-74.9119,5.31913],[-74.91191,5.31913],[-74.91191,5.31913],[-74.91191,5.31913],[-74.91191,5.31913],[-74.91191,5.31913],[-74.91191,5.31913],[-74.91191,5.31914],[-74.91191,5.31914],[-74.91191,5.31914],[-74.91191,5.31914],[-74.91191,5.31914],[-74.91191,5.31914],[-74.91191,5.31914],[-74.91191,5.31914],[-74.91191,5.31914],[-74.91191,5.31914],[-74.91191,5.31914],[-74.91191,5.31914],[-74.91192,5.31914],[-74.91192,5.31914],[-74.91192,5.31914],[-74.91192,5.31914],[-74.91192,5.31914],[-74.91192,5.31914],[-74.91192,5.31914],[-74.91192,5.31914],[-74.91192,5.31915],[-74.91192,5.31915],[-74.91192,5.31915],[-74.91192,5.31915],[-74.91192,5.31915],[-74.91192,5.31915],[-74.91192,5.31915],[-74.91192,5.31915],[-74.91192,5.31915],[-74.91192,5.31915],[-74.91192,5.31915],[-74.91192,5.31915],[-74.91192,5.31916],[-74.91192,5.31916],[-74.91192,5.31916],[-74.91192,5.31916],[-74.91192,5.31916],[-74.91192,5.31916],[-74.91193,5.31916],[-74.91193,5.31916],[-74.91193,5.31916],[-74.91193,5.31916],[-74.91193,5.31916],[-74.91193,5.31916],[-74.91193,5.31916],[-74.91193,5.31916],[-74.91193,5.31916],[-74.91193,5.31916],[-74.91193,5.31916],[-74.91193,5.31916],[-74.91193,5.31916],[-74.91193,5.31916],[-74.91193,5.31916],[-74.91193,5.31916],[-74.91193,5.31916],[-74.91193,5.31916],[-74.91193,5.31916],[-74.91193,5.31916],[-74.91194,5.31916],[-74.91194,5.31916],[-74.91194,5.31916],[-74.91195,5.31916],[-74.91195,5.31916],[-74.91195,5.31916],[-74.91195,5.31916],[-74.91195,5.31916],[-74.91195,5.31916],[-74.91195,5.31916],[-74.91195,5.31916],[-74.91195,5.31916],[-74.91196,5.31916],[-74.91196,5.31917],[-74.91196,5.31917],[-74.91196,5.31917],[-74.91196,5.31917],[-74.91196,5.31917],[-74.91196,5.31917],[-74.91196,5.31917],[-74.91196,5.31917],[-74.91197,5.31917],[-74.91197,5.31917],[-74.91197,5.31917],[-74.91197,5.31917],[-74.91197,5.31917],[-74.91197,5.31917],[-74.91197,5.31917],[-74.91197,5.31917],[-74.91197,5.31917],[-74.91197,5.31917],[-74.91197,5.31917],[-74.91197,5.31917],[-74.91197,5.31917],[-74.91197,5.31917],[-74.91197,5.31917],[-74.91197,5.31917],[-74.91197,5.31917],[-74.91197,5.31917],[-74.91197,5.31917],[-74.91197,5.31917],[-74.91197,5.31917],[-74.91198,5.31918],[-74.91198,5.31918],[-74.91198,5.31918],[-74.91198,5.31918],[-74.91198,5.31918],[-74.91198,5.31918],[-74.91198,5.31918],[-74.91198,5.31918],[-74.91198,5.31918],[-74.91198,5.31918],[-74.91198,5.31918],[-74.91198,5.31918],[-74.91198,5.31918],[-74.91198,5.31918],[-74.91198,5.31918],[-74.91198,5.31918],[-74.91198,5.31918],[-74.91198,5.31919],[-74.91198,5.31919],[-74.91198,5.31919],[-74.91198,5.31919],[-74.91198,5.31919],[-74.91198,5.31919],[-74.91198,5.31919],[-74.91198,5.31919],[-74.91198,5.31919],[-74.91198,5.31919],[-74.91198,5.3192],[-74.91198,5.3192],[-74.91198,5.3192],[-74.91198,5.3192],[-74.91198,5.3192],[-74.91198,5.3192],[-74.91198,5.31921],[-74.91198,5.31921],[-74.91198,5.31921],[-74.91198,5.31921],[-74.91199,5.31921],[-74.91199,5.31921],[-74.91199,5.31921],[-74.91199,5.31921],[-74.91199,5.31921],[-74.91199,5.31921],[-74.91199,5.31921],[-74.91199,5.31921],[-74.91199,5.31921],[-74.91199,5.31921],[-74.91199,5.31921],[-74.91199,5.31921],[-74.91199,5.31921],[-74.91199,5.31921],[-74.91199,5.31921],[-74.91199,5.31922],[-74.91199,5.31922],[-74.91199,5.31922],[-74.91199,5.31922],[-74.91199,5.31922],[-74.91199,5.31922],[-74.91199,5.31922],[-74.91199,5.31922],[-74.91199,5.31922],[-74.91199,5.31922],[-74.91199,5.31922],[-74.91199,5.31922],[-74.91199,5.31922],[-74.91199,5.31922],[-74.91199,5.31923],[-74.91199,5.31923],[-74.91199,5.31923],[-74.91199,5.31923],[-74.912,5.31923],[-74.912,5.31923],[-74.912,5.31923],[-74.912,5.31923],[-74.912,5.31923],[-74.912,5.31923],[-74.912,5.31923],[-74.912,5.31923],[-74.912,5.31923],[-74.912,5.31923],[-74.912,5.31923],[-74.912,5.31923],[-74.912,5.31923],[-74.912,5.31923],[-74.912,5.31923],[-74.912,5.31924],[-74.912,5.31924],[-74.912,5.31924],[-74.912,5.31924],[-74.912,5.31924],[-74.912,5.31924],[-74.912,5.31924],[-74.91201,5.31924],[-74.91201,5.31924],[-74.91201,5.31924],[-74.91201,5.31924],[-74.91201,5.31924],[-74.91201,5.31924],[-74.91201,5.31924],[-74.91201,5.31924],[-74.91201,5.31924],[-74.91201,5.31924],[-74.91201,5.31924],[-74.91201,5.31925],[-74.91201,5.31925],[-74.91201,5.31925],[-74.91201,5.31925],[-74.91201,5.31925],[-74.91201,5.31925],[-74.91201,5.31925],[-74.91201,5.31925],[-74.91201,5.31925],[-74.91201,5.31925],[-74.91201,5.31925],[-74.91201,5.31925],[-74.91201,5.31925],[-74.91201,5.31925],[-74.91201,5.31925],[-74.91201,5.31925],[-74.91201,5.31925],[-74.91201,5.31925],[-74.91202,5.31925],[-74.91202,5.31925],[-74.91202,5.31926],[-74.91202,5.31926],[-74.91202,5.31926],[-74.91202,5.31926],[-74.91202,5.31926],[-74.91202,5.31926],[-74.91202,5.31926],[-74.91202,5.31926],[-74.91202,5.31926],[-74.91202,5.31926],[-74.91202,5.31926],[-74.91202,5.31926],[-74.91202,5.31926],[-74.91202,5.31926],[-74.91202,5.31926],[-74.91202,5.31926],[-74.91202,5.31926],[-74.91202,5.31926],[-74.91202,5.31926],[-74.91202,5.31926],[-74.91202,5.31927],[-74.91202,5.31927],[-74.91203,5.31927],[-74.91203,5.31927],[-74.91203,5.31927],[-74.91203,5.31927],[-74.91203,5.31927],[-74.91203,5.31927],[-74.91203,5.31927],[-74.91203,5.31927],[-74.91203,5.31927],[-74.91203,5.31927],[-74.91203,5.31927],[-74.91203,5.31927],[-74.91203,5.31927],[-74.91203,5.31928],[-74.91203,5.31928],[-74.91203,5.31928],[-74.91203,5.31928],[-74.91203,5.31928],[-74.91203,5.31928],[-74.91203,5.31928],[-74.91203,5.31928],[-74.91203,5.31928],[-74.91203,5.31928],[-74.91203,5.31928],[-74.91203,5.31928],[-74.91203,5.31928],[-74.91203,5.31928],[-74.91203,5.31928],[-74.91203,5.31928],[-74.91203,5.31928],[-74.91203,5.31928],[-74.91203,5.31928],[-74.91203,5.31929],[-74.91203,5.31929],[-74.91203,5.31929],[-74.91203,5.31929],[-74.91204,5.31929],[-74.91204,5.31929],[-74.91204,5.31929],[-74.91204,5.31929],[-74.91204,5.31929],[-74.91204,5.31929],[-74.91204,5.31929],[-74.91204,5.31929],[-74.91204,5.3193],[-74.91204,5.3193],[-74.91204,5.3193],[-74.91204,5.3193],[-74.91204,5.3193],[-74.91204,5.3193],[-74.91204,5.3193],[-74.91204,5.31931],[-74.91204,5.31931],[-74.91204,5.31931],[-74.91204,5.31931],[-74.91204,5.31931],[-74.91204,5.31931],[-74.91204,5.31931],[-74.91204,5.31931],[-74.91204,5.31931],[-74.91204,5.31931],[-74.91204,5.31931],[-74.91204,5.31931],[-74.91204,5.31931],[-74.91204,5.31931],[-74.91204,5.31931],[-74.91205,5.31931],[-74.91205,5.31931],[-74.91205,5.31931],[-74.91205,5.31931],[-74.91205,5.31931],[-74.91205,5.31931],[-74.91205,5.31932],[-74.91205,5.31932],[-74.91205,5.31932],[-74.91205,5.31932],[-74.91205,5.31932],[-74.91205,5.31932],[-74.91205,5.31932],[-74.91205,5.31932],[-74.91205,5.31932],[-74.91205,5.31932],[-74.91205,5.31932],[-74.91205,5.31932],[-74.91205,5.31932],[-74.91205,5.31932],[-74.91205,5.31932],[-74.91205,5.31932],[-74.91205,5.31932],[-74.91205,5.31932],[-74.91205,5.31932],[-74.91205,5.31932],[-74.91205,5.31932],[-74.91205,5.31932],[-74.91205,5.31932],[-74.91205,5.31932],[-74.91205,5.31932],[-74.91205,5.31932],[-74.91205,5.31932],[-74.91205,5.31933],[-74.91205,5.31933],[-74.91205,5.31933],[-74.91205,5.31933],[-74.91205,5.31933],[-74.91205,5.31933],[-74.91205,5.31933],[-74.91205,5.31933],[-74.91205,5.31933],[-74.91205,5.31933],[-74.91205,5.31933],[-74.91205,5.31933],[-74.91204,5.31933],[-74.91204,5.31933],[-74.91204,5.31934],[-74.91204,5.31934],[-74.91204,5.31934],[-74.91204,5.31934],[-74.91204,5.31934],[-74.91204,5.31934],[-74.91204,5.31934],[-74.91204,5.31934],[-74.91204,5.31934],[-74.91204,5.31934],[-74.91204,5.31934],[-74.91204,5.31934],[-74.91204,5.31934],[-74.91204,5.31934],[-74.91204,5.31934],[-74.91204,5.31934],[-74.91204,5.31934],[-74.91204,5.31934],[-74.91204,5.31934],[-74.91204,5.31934],[-74.91204,5.31934],[-74.91204,5.31934],[-74.91204,5.31934],[-74.91204,5.31934],[-74.91204,5.31935],[-74.91204,5.31935],[-74.91204,5.31935],[-74.91204,5.31935],[-74.91204,5.31935],[-74.91204,5.31935],[-74.91204,5.31935],[-74.91204,5.31935],[-74.91204,5.31935],[-74.91204,5.31935],[-74.91204,5.31935],[-74.91204,5.31935],[-74.91205,5.31935],[-74.91205,5.31935],[-74.91205,5.31935],[-74.91205,5.31935],[-74.91205,5.31935],[-74.91205,5.31935],[-74.91205,5.31935],[-74.91205,5.31935],[-74.91205,5.31935],[-74.91205,5.31935],[-74.91205,5.31935],[-74.91205,5.31935],[-74.91205,5.31935],[-74.91205,5.31935],[-74.91205,5.31935],[-74.91205,5.31935],[-74.91205,5.31935],[-74.91205,5.31935],[-74.91205,5.31935],[-74.91205,5.31935],[-74.91206,5.31935],[-74.91206,5.31935],[-74.91206,5.31935],[-74.91206,5.31935],[-74.91206,5.31935],[-74.91206,5.31935],[-74.91206,5.31935],[-74.91206,5.31935],[-74.91207,5.31935],[-74.91207,5.31935],[-74.91207,5.31935],[-74.91207,5.31935],[-74.91207,5.31935],[-74.91207,5.31935],[-74.91207,5.31935],[-74.91207,5.31935],[-74.91207,5.31935],[-74.91207,5.31935],[-74.91207,5.31935],[-74.91207,5.31935],[-74.91207,5.31935],[-74.91207,5.31935],[-74.91207,5.31935],[-74.91207,5.31935],[-74.91207,5.31935],[-74.91207,5.31935],[-74.91208,5.31935],[-74.91208,5.31935],[-74.91208,5.31935],[-74.91208,5.31935],[-74.91208,5.31935],[-74.91208,5.31935],[-74.91208,5.31935],[-74.91208,5.31935],[-74.91208,5.31935],[-74.91208,5.31935],[-74.91208,5.31935],[-74.91208,5.31935],[-74.91208,5.31935],[-74.91208,5.31935],[-74.91208,5.31935],[-74.91208,5.31935],[-74.91209,5.31935],[-74.91209,5.31935],[-74.91209,5.31935],[-74.91209,5.31935],[-74.91209,5.31935],[-74.91209,5.31935],[-74.91209,5.31935],[-74.91209,5.31935],[-74.91209,5.31935],[-74.91209,5.31935],[-74.91209,5.31935],[-74.91209,5.31935],[-74.91209,5.31935],[-74.91209,5.31935],[-74.91209,5.31935],[-74.91209,5.31935],[-74.91209,5.31935],[-74.91209,5.31935],[-74.91209,5.31936],[-74.91209,5.31936],[-74.91209,5.31936],[-74.91209,5.31936],[-74.91208,5.31936],[-74.91208,5.31936],[-74.91208,5.31936],[-74.91208,5.31936],[-74.91208,5.31936],[-74.91208,5.31936],[-74.91208,5.31936],[-74.91208,5.31936],[-74.91208,5.31936],[-74.91208,5.31936],[-74.91208,5.31936],[-74.91208,5.31936],[-74.91208,5.31936],[-74.91208,5.31936],[-74.91208,5.31936],[-74.91208,5.31936],[-74.91208,5.31936],[-74.91208,5.31936],[-74.91208,5.31936],[-74.91208,5.31936],[-74.91208,5.31936],[-74.91208,5.31936],[-74.91208,5.31937],[-74.91208,5.31937],[-74.91208,5.31937],[-74.91208,5.31937],[-74.91208,5.31937],[-74.91208,5.31937],[-74.91208,5.31937],[-74.91208,5.31937],[-74.91208,5.31937],[-74.91208,5.31937],[-74.91208,5.31937],[-74.91208,5.31937],[-74.91208,5.31937],[-74.91208,5.31937],[-74.91208,5.31937],[-74.91208,5.31937],[-74.91208,5.31937],[-74.91208,5.31937],[-74.91208,5.31937],[-74.91208,5.31937],[-74.91208,5.31937],[-74.91208,5.31937],[-74.91208,5.31937],[-74.91208,5.31937],[-74.91208,5.31937],[-74.91208,5.31937],[-74.91208,5.31937],[-74.91208,5.31937],[-74.91208,5.31937],[-74.91208,5.31937],[-74.91208,5.31937],[-74.91208,5.31937],[-74.91208,5.31937],[-74.91208,5.31937],[-74.91208,5.31937],[-74.91208,5.31937],[-74.91208,5.31937],[-74.91208,5.31937],[-74.91208,5.31937],[-74.91208,5.31937],[-74.91208,5.31937],[-74.91208,5.31937],[-74.91208,5.31937],[-74.91208,5.31937],[-74.91208,5.31937],[-74.91208,5.31937],[-74.91208,5.31937],[-74.91208,5.31937],[-74.91208,5.31937],[-74.91208,5.31937],[-74.91208,5.31937],[-74.91208,5.31937],[-74.91208,5.31937],[-74.91208,5.31937],[-74.91209,5.31938],[-74.91209,5.31938],[-74.91209,5.31938],[-74.91209,5.31938],[-74.91209,5.31938],[-74.91209,5.31938],[-74.91209,5.31938],[-74.91209,5.31938],[-74.91209,5.31938],[-74.91209,5.31938],[-74.91209,5.31938],[-74.91209,5.31938],[-74.91209,5.31938],[-74.91209,5.31938],[-74.91209,5.31938],[-74.91209,5.31938],[-74.91209,5.31938],[-74.91209,5.31938],[-74.91209,5.31938],[-74.91209,5.31938],[-74.91209,5.31938],[-74.91209,5.31938],[-74.91209,5.31938],[-74.91209,5.31938],[-74.91209,5.31938],[-74.91209,5.31938],[-74.91209,5.31938],[-74.91209,5.31938],[-74.91209,5.31938],[-74.91209,5.31938],[-74.91209,5.31938],[-74.91209,5.31938],[-74.91209,5.31938],[-74.91209,5.31938],[-74.91209,5.31938],[-74.91209,5.31938],[-74.91209,5.31938],[-74.91209,5.31938],[-74.91209,5.31938],[-74.91209,5.31938],[-74.91209,5.31938],[-74.91209,5.31939],[-74.91209,5.31939],[-74.91209,5.31939],[-74.91209,5.31939],[-74.91209,5.31939],[-74.91209,5.31939],[-74.91209,5.31939],[-74.91209,5.31939],[-74.91209,5.31939],[-74.91209,5.31939],[-74.91209,5.31939],[-74.91209,5.31939],[-74.91209,5.31939],[-74.91209,5.31939],[-74.91209,5.31939],[-74.91209,5.31939],[-74.91209,5.31939],[-74.91209,5.31939],[-74.91209,5.31939],[-74.91209,5.31939],[-74.91209,5.31939],[-74.91209,5.31939],[-74.91209,5.31939],[-74.91209,5.31939],[-74.91209,5.3194],[-74.91209,5.3194],[-74.91209,5.3194],[-74.91209,5.3194],[-74.91209,5.3194],[-74.91209,5.3194],[-74.91209,5.3194],[-74.91209,5.3194],[-74.91209,5.3194],[-74.91209,5.3194],[-74.91208,5.31941],[-74.91208,5.31941],[-74.91208,5.31941],[-74.91208,5.31941],[-74.91208,5.31941],[-74.91208,5.31941],[-74.91208,5.31941],[-74.91208,5.31941],[-74.91208,5.31941],[-74.91208,5.31941],[-74.91208,5.31941],[-74.91208,5.31941],[-74.91208,5.31941],[-74.91208,5.31941],[-74.91208,5.31941],[-74.91208,5.31941],[-74.91208,5.31941],[-74.91208,5.31942],[-74.91208,5.31942],[-74.91208,5.31942],[-74.91208,5.31942],[-74.91208,5.31942],[-74.91208,5.31942],[-74.91208,5.31942],[-74.91208,5.31942],[-74.91208,5.31942],[-74.91208,5.31942],[-74.91208,5.31942],[-74.91208,5.31942],[-74.91208,5.31942],[-74.91208,5.31942],[-74.91208,5.31942],[-74.91208,5.31942],[-74.91208,5.31942],[-74.91208,5.31942],[-74.91208,5.31942],[-74.91208,5.31942],[-74.91208,5.31942],[-74.91208,5.31942],[-74.91208,5.31942],[-74.91208,5.31942],[-74.91208,5.31942],[-74.91208,5.31942],[-74.91208,5.31942],[-74.91208,5.31943],[-74.91208,5.31943],[-74.91208,5.31943],[-74.91208,5.31943],[-74.91208,5.31943],[-74.91208,5.31943],[-74.91208,5.31943],[-74.91208,5.31943],[-74.91208,5.31943],[-74.91208,5.31943],[-74.91208,5.31943],[-74.91208,5.31943],[-74.91208,5.31943],[-74.91208,5.31943],[-74.91208,5.31943],[-74.91208,5.31943],[-74.91208,5.31943],[-74.91208,5.31943],[-74.91208,5.31943],[-74.91208,5.31943],[-74.91208,5.31943],[-74.91208,5.31943],[-74.91208,5.31943],[-74.91208,5.31943],[-74.91208,5.31943],[-74.91208,5.31943],[-74.91208,5.31943],[-74.91208,5.31944],[-74.91208,5.31944],[-74.91208,5.31944],[-74.91208,5.31944],[-74.91208,5.31944],[-74.91208,5.31944],[-74.91208,5.31944],[-74.91208,5.31944],[-74.91208,5.31944],[-74.91208,5.31944],[-74.91208,5.31944],[-74.91208,5.31944],[-74.91208,5.31944],[-74.91208,5.31944],[-74.91208,5.31944],[-74.91208,5.31944],[-74.91208,5.31944],[-74.91208,5.31944],[-74.91208,5.31944],[-74.91208,5.31945],[-74.91208,5.31945],[-74.91208,5.31945],[-74.91208,5.31945],[-74.91208,5.31945],[-74.91208,5.31945],[-74.91208,5.31945],[-74.91208,5.31945],[-74.91208,5.31945],[-74.91208,5.31945],[-74.91208,5.31945],[-74.91208,5.31945],[-74.91208,5.31945],[-74.91208,5.31945],[-74.91208,5.31945],[-74.91208,5.31946],[-74.91208,5.31946],[-74.91208,5.31946],[-74.91208,5.31946],[-74.91208,5.31946],[-74.91208,5.31946],[-74.91208,5.31946],[-74.91208,5.31946],[-74.91208,5.31946],[-74.91208,5.31946],[-74.91208,5.31946],[-74.91208,5.31946],[-74.91208,5.31946],[-74.91208,5.31946],[-74.91208,5.31946],[-74.91208,5.31946],[-74.91208,5.31946],[-74.91208,5.31946],[-74.91208,5.31946],[-74.91208,5.31946],[-74.91208,5.31946],[-74.91208,5.31946],[-74.91208,5.31946],[-74.91208,5.31946],[-74.91208,5.31946],[-74.91208,5.31946],[-74.91208,5.31946],[-74.91208,5.31946],[-74.91208,5.31947],[-74.91208,5.31947],[-74.91208,5.31947],[-74.91208,5.31947],[-74.91208,5.31947],[-74.91208,5.31947],[-74.91208,5.31947],[-74.91208,5.31947],[-74.91208,5.31947],[-74.91208,5.31947],[-74.91208,5.31947],[-74.91208,5.31947],[-74.91208,5.31947],[-74.91208,5.31947],[-74.91208,5.31947],[-74.91208,5.31947],[-74.91208,5.31947],[-74.91208,5.31948],[-74.91208,5.31948],[-74.91208,5.31948],[-74.91208,5.31948],[-74.91208,5.31948],[-74.91208,5.31948],[-74.91208,5.31948],[-74.91208,5.31948],[-74.91208,5.31948],[-74.91208,5.31948],[-74.91208,5.31948],[-74.91208,5.31948],[-74.91208,5.31949],[-74.91208,5.31949],[-74.91208,5.31949],[-74.91208,5.31949],[-74.91208,5.31949],[-74.91208,5.31949],[-74.91208,5.31949],[-74.91208,5.31949],[-74.91208,5.31949],[-74.91208,5.31949],[-74.91208,5.31949],[-74.91208,5.31949],[-74.91208,5.31949],[-74.91208,5.31949],[-74.91208,5.31949],[-74.91208,5.31949],[-74.91208,5.31949],[-74.91208,5.3195],[-74.91208,5.3195],[-74.91208,5.3195],[-74.91208,5.3195],[-74.91208,5.3195],[-74.91208,5.3195],[-74.91208,5.3195],[-74.91208,5.3195],[-74.91208,5.3195],[-74.91208,5.3195],[-74.91208,5.31951],[-74.91207,5.31951],[-74.91207,5.31951],[-74.91207,5.31951],[-74.91207,5.31951],[-74.91207,5.31951],[-74.91207,5.31951],[-74.91207,5.31951],[-74.91207,5.31951],[-74.91207,5.31951],[-74.91207,5.31952],[-74.91207,5.31952],[-74.91207,5.31952],[-74.91207,5.31952],[-74.91207,5.31952],[-74.91207,5.31952],[-74.91207,5.31952],[-74.91207,5.31952],[-74.91207,5.31952],[-74.91207,5.31952],[-74.91207,5.31952],[-74.91207,5.31952],[-74.91207,5.31952],[-74.91207,5.31953],[-74.91207,5.31953],[-74.91207,5.31953],[-74.91207,5.31953],[-74.91207,5.31953],[-74.91207,5.31953],[-74.91207,5.31953],[-74.91207,5.31953],[-74.91207,5.31953],[-74.91206,5.31953],[-74.91206,5.31953],[-74.91206,5.31953],[-74.91206,5.31954],[-74.91206,5.31954],[-74.91206,5.31954],[-74.91206,5.31954],[-74.91206,5.31954],[-74.91206,5.31954],[-74.91206,5.31954],[-74.91206,5.31954],[-74.91206,5.31954],[-74.91206,5.31954],[-74.91206,5.31954],[-74.91206,5.31955],[-74.91206,5.31955],[-74.91206,5.31955],[-74.91206,5.31955],[-74.91206,5.31955],[-74.91206,5.31955],[-74.91206,5.31955],[-74.91206,5.31955],[-74.91206,5.31955],[-74.91206,5.31955],[-74.91206,5.31955],[-74.91206,5.31955],[-74.91206,5.31955],[-74.91206,5.31955],[-74.91207,5.31955],[-74.91207,5.31955],[-74.91207,5.31955],[-74.91207,5.31955],[-74.91207,5.31955],[-74.91207,5.31955],[-74.91207,5.31955],[-74.91207,5.31955],[-74.91207,5.31955],[-74.91207,5.31955],[-74.91207,5.31955],[-74.91207,5.31955],[-74.91207,5.31955],[-74.91207,5.31955],[-74.91207,5.31955],[-74.91207,5.31955],[-74.91208,5.31956],[-74.91213,5.3196],[-74.9122,5.31962],[-74.9122,5.31962],[-74.9122,5.31963],[-74.9122,5.31963],[-74.9122,5.31963],[-74.9122,5.31963],[-74.9122,5.31963],[-74.9122,5.31963],[-74.9122,5.31963],[-74.9122,5.31963],[-74.9122,5.31963],[-74.9122,5.31963],[-74.9122,5.31963],[-74.9122,5.31963],[-74.9122,5.31963],[-74.9122,5.31963],[-74.91221,5.31963],[-74.91221,5.31963],[-74.91221,5.31963],[-74.91221,5.31963],[-74.91221,5.31963],[-74.91221,5.31963],[-74.91221,5.31963],[-74.91221,5.31963],[-74.91221,5.31963],[-74.91221,5.31963],[-74.91221,5.31963],[-74.91221,5.31963],[-74.91221,5.31963],[-74.91221,5.31963],[-74.91221,5.31963],[-74.91221,5.31963],[-74.91221,5.31963],[-74.91221,5.31963],[-74.91221,5.31963],[-74.91221,5.31963],[-74.91221,5.31963],[-74.91221,5.31963],[-74.91221,5.31963],[-74.91221,5.31963],[-74.91221,5.31963],[-74.91221,5.31963],[-74.91221,5.31963],[-74.91221,5.31963],[-74.91221,5.31963],[-74.91221,5.31963],[-74.91221,5.31964],[-74.91221,5.31964],[-74.91221,5.31964],[-74.91221,5.31964],[-74.91221,5.31964],[-74.91221,5.31964],[-74.91221,5.31964],[-74.91221,5.31964],[-74.91221,5.31964],[-74.91221,5.31964],[-74.91221,5.31964],[-74.91221,5.31964],[-74.91221,5.31964],[-74.91221,5.31964],[-74.91221,5.31964],[-74.91221,5.31964],[-74.91221,5.31964],[-74.91221,5.31964],[-74.91221,5.31964],[-74.91221,5.31964],[-74.91221,5.31964],[-74.91221,5.31965],[-74.91221,5.31965],[-74.91221,5.31965],[-74.91221,5.31965],[-74.91221,5.31965],[-74.91221,5.31965],[-74.91221,5.31965],[-74.91221,5.31965],[-74.91221,5.31965],[-74.91221,5.31965],[-74.91221,5.31965],[-74.9122,5.31965],[-74.9122,5.31965],[-74.9122,5.31965],[-74.9122,5.31965],[-74.9122,5.31965],[-74.9122,5.31965],[-74.9122,5.31965],[-74.9122,5.31965],[-74.9122,5.31965],[-74.9122,5.31966],[-74.9122,5.31966],[-74.9122,5.31966],[-74.91221,5.31966],[-74.91221,5.31966],[-74.91221,5.31966],[-74.91221,5.31966],[-74.91221,5.31966],[-74.91221,5.31966],[-74.91221,5.31966],[-74.91221,5.31967],[-74.91221,5.31967],[-74.91221,5.31967],[-74.91221,5.31967],[-74.91221,5.31967],[-74.91221,5.31967],[-74.91221,5.31967],[-74.91221,5.31967],[-74.91221,5.31967],[-74.91221,5.31967],[-74.91221,5.31967],[-74.91221,5.31967],[-74.91221,5.31967],[-74.91221,5.31967],[-74.91221,5.31967],[-74.91221,5.31967],[-74.91221,5.31967],[-74.91221,5.31967],[-74.91222,5.31967],[-74.91222,5.31968],[-74.91222,5.31968],[-74.91222,5.31968],[-74.91222,5.31968],[-74.91222,5.31968],[-74.91222,5.31968],[-74.91222,5.31968],[-74.91222,5.31968],[-74.91222,5.31968],[-74.91222,5.31968],[-74.91222,5.31968],[-74.91222,5.31968],[-74.91222,5.31968],[-74.91222,5.31968],[-74.91222,5.31968],[-74.91222,5.31968],[-74.91222,5.31968],[-74.91223,5.31968],[-74.91223,5.31968],[-74.91223,5.31968],[-74.91223,5.31968],[-74.91223,5.31968],[-74.91223,5.31968],[-74.91223,5.31968],[-74.91223,5.31969],[-74.91223,5.31969],[-74.91223,5.31969],[-74.91223,5.31969],[-74.91223,5.31969],[-74.91223,5.31969],[-74.91223,5.31969],[-74.91223,5.31969],[-74.91223,5.31969],[-74.91223,5.31969],[-74.91223,5.31969],[-74.91224,5.31969],[-74.91224,5.31969],[-74.91224,5.31969],[-74.91224,5.31969],[-74.91224,5.31969],[-74.91224,5.31969],[-74.91224,5.31969],[-74.91224,5.31969],[-74.91224,5.31969],[-74.91224,5.31969],[-74.91224,5.31969],[-74.91224,5.31969],[-74.91224,5.31969],[-74.91224,5.31969],[-74.91224,5.31969],[-74.91224,5.31969],[-74.91224,5.3197],[-74.91224,5.3197],[-74.91224,5.3197],[-74.91224,5.3197],[-74.91225,5.3197],[-74.91225,5.3197],[-74.91225,5.3197],[-74.91225,5.3197],[-74.91225,5.3197],[-74.91225,5.3197],[-74.91225,5.3197],[-74.91225,5.3197],[-74.91225,5.3197],[-74.91225,5.3197],[-74.91225,5.3197],[-74.91225,5.3197],[-74.91225,5.3197],[-74.91226,5.3197],[-74.91226,5.3197],[-74.91226,5.3197],[-74.91226,5.3197],[-74.91226,5.3197],[-74.91226,5.3197],[-74.91226,5.3197],[-74.91226,5.3197],[-74.91226,5.3197],[-74.91226,5.3197],[-74.91226,5.3197],[-74.91226,5.3197],[-74.91226,5.3197],[-74.91226,5.3197],[-74.91227,5.3197],[-74.91227,5.3197],[-74.91227,5.3197],[-74.91227,5.3197],[-74.91227,5.3197],[-74.91227,5.3197],[-74.91227,5.31971],[-74.91227,5.31971],[-74.91227,5.31971],[-74.91227,5.31971],[-74.91228,5.31971],[-74.91228,5.31971],[-74.91228,5.31971],[-74.91228,5.31971],[-74.91228,5.31971],[-74.91228,5.31971],[-74.91228,5.31971],[-74.91228,5.31971],[-74.91228,5.31971],[-74.91228,5.31971],[-74.91228,5.31971],[-74.91228,5.31971],[-74.91229,5.31971],[-74.91229,5.31971],[-74.91229,5.31971],[-74.91229,5.31971],[-74.91229,5.31971],[-74.91229,5.31971],[-74.91229,5.31971],[-74.91229,5.31971],[-74.91229,5.31971],[-74.91229,5.31971],[-74.91229,5.31971],[-74.91229,5.31971],[-74.91229,5.31971],[-74.91229,5.31971],[-74.91229,5.31972],[-74.9123,5.31972],[-74.9123,5.31972],[-74.9123,5.31972],[-74.9123,5.31972],[-74.9123,5.31972],[-74.9123,5.31972],[-74.9123,5.31972],[-74.9123,5.31972],[-74.9123,5.31972],[-74.9123,5.31972],[-74.9123,5.31972],[-74.9123,5.31972],[-74.9123,5.31972],[-74.91231,5.31972],[-74.91231,5.31972],[-74.91231,5.31972],[-74.91231,5.31972],[-74.91231,5.31972],[-74.91231,5.31972],[-74.91232,5.31972],[-74.91232,5.31972],[-74.91232,5.31972],[-74.91232,5.31972],[-74.91232,5.31972],[-74.91233,5.31972],[-74.91233,5.31972],[-74.91233,5.31972],[-74.91233,5.31972],[-74.91233,5.31972],[-74.91233,5.31972],[-74.91233,5.31972],[-74.91233,5.31972],[-74.91233,5.31972],[-74.91233,5.31972],[-74.91233,5.31972],[-74.91233,5.31971],[-74.91233,5.31971],[-74.91233,5.31971],[-74.91234,5.31971],[-74.91234,5.31971],[-74.91234,5.31971],[-74.91234,5.31971],[-74.91234,5.31971],[-74.91234,5.31971],[-74.91234,5.31971],[-74.91234,5.31971],[-74.91234,5.31971],[-74.91234,5.31971],[-74.91234,5.31971],[-74.91234,5.31971],[-74.91234,5.31971],[-74.91234,5.31971],[-74.91234,5.31971],[-74.91234,5.31971],[-74.91234,5.31971],[-74.91234,5.31971],[-74.91234,5.31971],[-74.91234,5.31971],[-74.91234,5.31971],[-74.91234,5.31971],[-74.91234,5.31971],[-74.91234,5.31971],[-74.91234,5.31971],[-74.91234,5.31971],[-74.91234,5.31971],[-74.91234,5.31971],[-74.91234,5.31971],[-74.91234,5.31971],[-74.91235,5.31971],[-74.91235,5.31971],[-74.91235,5.31971],[-74.91235,5.31971],[-74.91235,5.31971],[-74.91235,5.31971],[-74.91235,5.31971],[-74.91235,5.31971],[-74.91235,5.31971],[-74.91235,5.31971],[-74.91235,5.31971],[-74.91236,5.31971],[-74.91236,5.31971],[-74.91236,5.31971],[-74.91236,5.31971],[-74.91236,5.31971],[-74.91237,5.31971],[-74.91237,5.31971],[-74.91237,5.3197],[-74.91237,5.3197],[-74.91237,5.3197],[-74.91237,5.3197],[-74.91237,5.3197],[-74.91237,5.3197],[-74.91237,5.3197],[-74.91237,5.3197],[-74.91237,5.3197],[-74.91237,5.3197],[-74.91237,5.3197],[-74.91237,5.3197],[-74.91237,5.3197],[-74.91237,5.3197],[-74.91237,5.3197],[-74.91237,5.3197],[-74.91237,5.3197],[-74.91237,5.3197],[-74.91237,5.3197],[-74.91237,5.3197],[-74.91238,5.3197],[-74.91238,5.3197],[-74.91238,5.3197],[-74.91238,5.3197],[-74.91238,5.3197],[-74.91238,5.3197],[-74.91238,5.3197],[-74.91238,5.3197],[-74.91238,5.3197],[-74.91238,5.3197],[-74.91238,5.3197],[-74.91238,5.3197],[-74.91238,5.3197],[-74.91238,5.3197],[-74.91238,5.3197],[-74.91238,5.3197],[-74.91238,5.3197],[-74.91238,5.3197],[-74.91238,5.3197],[-74.91238,5.3197],[-74.91239,5.3197],[-74.91239,5.3197],[-74.91239,5.3197],[-74.91239,5.3197],[-74.9124,5.3197],[-74.9124,5.3197],[-74.9124,5.3197],[-74.9124,5.3197],[-74.91241,5.3197],[-74.91241,5.3197],[-74.91241,5.3197],[-74.91241,5.3197],[-74.91241,5.3197],[-74.91241,5.3197],[-74.91241,5.3197],[-74.91241,5.3197],[-74.91241,5.3197],[-74.91241,5.3197],[-74.91241,5.3197],[-74.91241,5.3197],[-74.91241,5.3197],[-74.91241,5.3197],[-74.91242,5.3197],[-74.91242,5.3197],[-74.91242,5.3197],[-74.91242,5.3197],[-74.91242,5.3197],[-74.91243,5.3197],[-74.91243,5.3197],[-74.91243,5.3197],[-74.91243,5.3197],[-74.91243,5.3197],[-74.91243,5.3197],[-74.91243,5.3197],[-74.91243,5.3197],[-74.91243,5.3197],[-74.91243,5.3197],[-74.91243,5.3197],[-74.91243,5.3197],[-74.91243,5.3197],[-74.91244,5.31969],[-74.91244,5.31969],[-74.91244,5.31969],[-74.91244,5.31969],[-74.91244,5.31969],[-74.91244,5.31969],[-74.91244,5.31969],[-74.91244,5.31969],[-74.91244,5.31969],[-74.91244,5.31969],[-74.91244,5.31969],[-74.91244,5.31969],[-74.91244,5.31969],[-74.91244,5.31969],[-74.91244,5.31969],[-74.91244,5.31969],[-74.91245,5.31969],[-74.91245,5.31969],[-74.91245,5.31969],[-74.91245,5.31969],[-74.91245,5.31969],[-74.91245,5.31969],[-74.91245,5.31969],[-74.91245,5.31969],[-74.91245,5.31969],[-74.91245,5.31969],[-74.91245,5.31969],[-74.91245,5.31969],[-74.91245,5.31969],[-74.91245,5.31969],[-74.91245,5.31969],[-74.91245,5.31969],[-74.91245,5.31968],[-74.91245,5.31968],[-74.91245,5.31968],[-74.91245,5.31968],[-74.91245,5.31968],[-74.91246,5.31968],[-74.91246,5.31968],[-74.91246,5.31968],[-74.91246,5.31968],[-74.91246,5.31968],[-74.91246,5.31968],[-74.91246,5.31968],[-74.91246,5.31968],[-74.91246,5.31968],[-74.91247,5.31968],[-74.91247,5.31968],[-74.91247,5.31968],[-74.91247,5.31968],[-74.91247,5.31968],[-74.91247,5.31968],[-74.91248,5.31968],[-74.91248,5.31968],[-74.91248,5.31968],[-74.91248,5.31968],[-74.91248,5.31968],[-74.91248,5.31968],[-74.91249,5.31968],[-74.91249,5.31968],[-74.91249,5.31968],[-74.91249,5.31968],[-74.91249,5.31968],[-74.9125,5.31968],[-74.9125,5.31968],[-74.9125,5.31968],[-74.9125,5.31968],[-74.9125,5.31968],[-74.9125,5.31968],[-74.9125,5.31968],[-74.9125,5.31968],[-74.9125,5.31968],[-74.9125,5.31968],[-74.9125,5.31968],[-74.9125,5.31968],[-74.91251,5.31968],[-74.91251,5.31968],[-74.91251,5.31968],[-74.91251,5.31968],[-74.91251,5.31968],[-74.91251,5.31968],[-74.91252,5.31968],[-74.91252,5.31968],[-74.91252,5.31968],[-74.91252,5.31968],[-74.91252,5.31968],[-74.91252,5.31968],[-74.91252,5.31968],[-74.91252,5.31968],[-74.91252,5.31968],[-74.91252,5.31968],[-74.91252,5.31968],[-74.91252,5.31968],[-74.91252,5.31968],[-74.91252,5.31968],[-74.91253,5.31968],[-74.91253,5.31968],[-74.91253,5.31968],[-74.91253,5.31968],[-74.91253,5.31968],[-74.91253,5.31968],[-74.91254,5.31968],[-74.91254,5.31968],[-74.91254,5.31968],[-74.91254,5.31968],[-74.91254,5.31968],[-74.91254,5.31968],[-74.91254,5.31968],[-74.91254,5.31968],[-74.91254,5.31968],[-74.91254,5.31968],[-74.91254,5.31968],[-74.91254,5.31968],[-74.91254,5.31968],[-74.91254,5.31968],[-74.91254,5.31968],[-74.91254,5.31969],[-74.91255,5.31969],[-74.91255,5.31969],[-74.91255,5.31969],[-74.91255,5.31969],[-74.91255,5.31969],[-74.91255,5.31969],[-74.91255,5.31969],[-74.91255,5.31969],[-74.91255,5.31969],[-74.91255,5.31969],[-74.91255,5.31969],[-74.91255,5.31969],[-74.91255,5.31969],[-74.91255,5.31969],[-74.91255,5.31969],[-74.91255,5.3197],[-74.91255,5.3197],[-74.91255,5.3197],[-74.91255,5.3197],[-74.91255,5.3197],[-74.91255,5.3197],[-74.91255,5.3197],[-74.91255,5.3197],[-74.91255,5.3197],[-74.91255,5.3197],[-74.91255,5.3197],[-74.91255,5.3197],[-74.91255,5.3197],[-74.91256,5.3197],[-74.91256,5.3197],[-74.91256,5.3197],[-74.91256,5.3197],[-74.91256,5.3197],[-74.91256,5.3197],[-74.91256,5.3197],[-74.91256,5.3197],[-74.91256,5.3197],[-74.91256,5.3197],[-74.91256,5.3197],[-74.91256,5.3197],[-74.91256,5.3197],[-74.91256,5.3197],[-74.91256,5.3197],[-74.91256,5.3197],[-74.91256,5.3197],[-74.91256,5.3197],[-74.91256,5.31971],[-74.91257,5.31971],[-74.91257,5.31971],[-74.91257,5.31971],[-74.91257,5.31971],[-74.91257,5.31971],[-74.91257,5.31971],[-74.91257,5.31971],[-74.91257,5.31971],[-74.91257,5.31971],[-74.91257,5.31971],[-74.91257,5.31971],[-74.91257,5.31971],[-74.91257,5.31971],[-74.91258,5.31971],[-74.91258,5.31971],[-74.91258,5.31971],[-74.91258,5.31971],[-74.91258,5.31971],[-74.91258,5.31971],[-74.91258,5.31971],[-74.91258,5.31971],[-74.91258,5.31971],[-74.91258,5.31971],[-74.91258,5.31971],[-74.91258,5.31971],[-74.91258,5.31971],[-74.91258,5.31971],[-74.91258,5.31971],[-74.91258,5.31971],[-74.91258,5.31971],[-74.91258,5.31971],[-74.91258,5.31971],[-74.91258,5.31971],[-74.91258,5.31971],[-74.91258,5.31971],[-74.91258,5.31971],[-74.91259,5.31971],[-74.91259,5.31971],[-74.91259,5.31971],[-74.91259,5.31971],[-74.91259,5.31971],[-74.91259,5.31971],[-74.91259,5.31971],[-74.91259,5.31971],[-74.91259,5.31971],[-74.91259,5.31971],[-74.91259,5.31971],[-74.91259,5.31971],[-74.91259,5.31971],[-74.91259,5.31971],[-74.91259,5.31971],[-74.91259,5.31971],[-74.91259,5.31971],[-74.91259,5.31971],[-74.91259,5.31971],[-74.91259,5.31971],[-74.91259,5.31971],[-74.91259,5.31971],[-74.91259,5.31971],[-74.91259,5.31971],[-74.91259,5.31971],[-74.91259,5.31971],[-74.91259,5.31971],[-74.91259,5.31971],[-74.91259,5.31971],[-74.91259,5.31971],[-74.91259,5.31971],[-74.91259,5.31971],[-74.91259,5.31971],[-74.91259,5.31971],[-74.91259,5.31971],[-74.91259,5.31971],[-74.91259,5.31971],[-74.91259,5.3197],[-74.9126,5.3197],[-74.9126,5.3197],[-74.9126,5.3197],[-74.9126,5.3197],[-74.9126,5.3197],[-74.9126,5.3197],[-74.9126,5.3197],[-74.9126,5.3197],[-74.9126,5.3197],[-74.9126,5.3197],[-74.9126,5.3197],[-74.9126,5.3197],[-74.9126,5.3197],[-74.9126,5.3197],[-74.9126,5.3197],[-74.9126,5.3197],[-74.91261,5.3197],[-74.91261,5.3197],[-74.91261,5.3197],[-74.91261,5.3197],[-74.91261,5.3197],[-74.91262,5.3197],[-74.91262,5.3197],[-74.91262,5.3197],[-74.91262,5.3197],[-74.91262,5.3197],[-74.91262,5.3197],[-74.91262,5.3197],[-74.91262,5.3197],[-74.91262,5.3197],[-74.91262,5.3197],[-74.91262,5.3197],[-74.91262,5.3197],[-74.91262,5.3197],[-74.91263,5.31971],[-74.91263,5.31971],[-74.91263,5.31971],[-74.91263,5.31971],[-74.91263,5.31971],[-74.91263,5.31971],[-74.91263,5.31971],[-74.91263,5.31971],[-74.91264,5.31971],[-74.91264,5.31971],[-74.91264,5.31971],[-74.91264,5.31971],[-74.91264,5.31971],[-74.91264,5.31971],[-74.91264,5.31971],[-74.91264,5.31971],[-74.91264,5.31971],[-74.91264,5.31971],[-74.91264,5.31971],[-74.91264,5.31971],[-74.91264,5.31971],[-74.91264,5.31971],[-74.91264,5.31971],[-74.91264,5.31971],[-74.91265,5.31972],[-74.91265,5.31972],[-74.91265,5.31972],[-74.91265,5.31972],[-74.91265,5.31972],[-74.91265,5.31972],[-74.91265,5.31972],[-74.91265,5.31972],[-74.91265,5.31972],[-74.91265,5.31972],[-74.91265,5.31972],[-74.91265,5.31973],[-74.91265,5.31973],[-74.91265,5.31973],[-74.91265,5.31973],[-74.91265,5.31973],[-74.91265,5.31973],[-74.91265,5.31973],[-74.91265,5.31973],[-74.91265,5.31973],[-74.91265,5.31973],[-74.91265,5.31974],[-74.91265,5.31974],[-74.91265,5.31974],[-74.91265,5.31974],[-74.91265,5.31974],[-74.91265,5.31974],[-74.91265,5.31974],[-74.91265,5.31974],[-74.91265,5.31974],[-74.91265,5.31974],[-74.91266,5.31974],[-74.91266,5.31974],[-74.91266,5.31974],[-74.91266,5.31974],[-74.91266,5.31974],[-74.91266,5.31974],[-74.91266,5.31974],[-74.91266,5.31974],[-74.91266,5.31974],[-74.91266,5.31974],[-74.91266,5.31974],[-74.91266,5.31974],[-74.91266,5.31974],[-74.91266,5.31974],[-74.91266,5.31974],[-74.91266,5.31974],[-74.91266,5.31974],[-74.91266,5.31974],[-74.91266,5.31974],[-74.91266,5.31974],[-74.91266,5.31974],[-74.91266,5.31974],[-74.91266,5.31974],[-74.91266,5.31974],[-74.91266,5.31974],[-74.91266,5.31974],[-74.91266,5.31974],[-74.91266,5.31974],[-74.91266,5.31974],[-74.91266,5.31974],[-74.91266,5.31974],[-74.91267,5.31974],[-74.91267,5.31974],[-74.91267,5.31974],[-74.91267,5.31974],[-74.91267,5.31974],[-74.91267,5.31974],[-74.91267,5.31974],[-74.91267,5.31974],[-74.91267,5.31974],[-74.91267,5.31974],[-74.91267,5.31974],[-74.91267,5.31974],[-74.91267,5.31974],[-74.91267,5.31974],[-74.91267,5.31974],[-74.91267,5.31974],[-74.91267,5.31974],[-74.91267,5.31974],[-74.91267,5.31974],[-74.91267,5.31974],[-74.91267,5.31974],[-74.91267,5.31974],[-74.91267,5.31974],[-74.91267,5.31974],[-74.91267,5.31974],[-74.91267,5.31974],[-74.9128,5.31979],[-74.9128,5.31979],[-74.9128,5.31979],[-74.9128,5.31979],[-74.9128,5.31979],[-74.9128,5.31979],[-74.9128,5.3198],[-74.9128,5.3198],[-74.9128,5.3198],[-74.9128,5.3198],[-74.9128,5.31979],[-74.9128,5.31979],[-74.9128,5.31979],[-74.91281,5.31979],[-74.91281,5.31979],[-74.91281,5.31979],[-74.91281,5.31979],[-74.91281,5.31979],[-74.91281,5.31979],[-74.91281,5.31979],[-74.91281,5.31979],[-74.91281,5.31979],[-74.91281,5.31979],[-74.91281,5.31979],[-74.91281,5.31979],[-74.91281,5.31979],[-74.91281,5.31979],[-74.91281,5.31979],[-74.91281,5.31979],[-74.91281,5.31979],[-74.91281,5.31979],[-74.91281,5.31979],[-74.91281,5.31979],[-74.91281,5.31979],[-74.91281,5.31979],[-74.91281,5.31979],[-74.91281,5.31979],[-74.91281,5.31979],[-74.91281,5.31979],[-74.91281,5.31979],[-74.91281,5.31979],[-74.91281,5.31979],[-74.91281,5.31979],[-74.91282,5.31979],[-74.91282,5.31979],[-74.91282,5.31979],[-74.91282,5.31979],[-74.91282,5.31979],[-74.91282,5.31979],[-74.91282,5.31979],[-74.91282,5.31979],[-74.91282,5.31979],[-74.91282,5.31979],[-74.91282,5.31979],[-74.91282,5.31979],[-74.91282,5.31979],[-74.91282,5.31979],[-74.91282,5.31979],[-74.91282,5.31979],[-74.91282,5.31979],[-74.91282,5.31979],[-74.91282,5.31979],[-74.91282,5.31979],[-74.91282,5.31979],[-74.91282,5.31979],[-74.91282,5.31979],[-74.91282,5.31979],[-74.91283,5.31979],[-74.91283,5.31979],[-74.91283,5.31979],[-74.91283,5.31979],[-74.91283,5.31979],[-74.91283,5.31979],[-74.91283,5.31979],[-74.91283,5.31979],[-74.91283,5.31979],[-74.91284,5.31979],[-74.91284,5.31979],[-74.91284,5.31979],[-74.91284,5.31979],[-74.91284,5.31979],[-74.91284,5.31979],[-74.91284,5.31979],[-74.91284,5.31979],[-74.91284,5.31979],[-74.91284,5.31979],[-74.91284,5.31979],[-74.91284,5.31979],[-74.91284,5.31979],[-74.91284,5.31979],[-74.91284,5.31979],[-74.91284,5.31979],[-74.91284,5.31979],[-74.91285,5.3198],[-74.91285,5.3198],[-74.91285,5.3198],[-74.91285,5.3198],[-74.91285,5.3198],[-74.91285,5.3198],[-74.91285,5.3198],[-74.91285,5.3198],[-74.91285,5.3198],[-74.91285,5.3198],[-74.91285,5.3198],[-74.91285,5.3198],[-74.91285,5.3198],[-74.91285,5.3198],[-74.91285,5.3198],[-74.91285,5.3198],[-74.91285,5.3198],[-74.91285,5.3198],[-74.91285,5.3198],[-74.91285,5.31981],[-74.91285,5.31981],[-74.91285,5.31981],[-74.91286,5.31981],[-74.91286,5.31981],[-74.91286,5.31981],[-74.91286,5.31981],[-74.91286,5.31981],[-74.91286,5.31981],[-74.91286,5.31981],[-74.91286,5.31981],[-74.91286,5.31981],[-74.91286,5.31981],[-74.91286,5.31981],[-74.91286,5.31981],[-74.91286,5.31981],[-74.91286,5.31981],[-74.91286,5.31982],[-74.91286,5.31982],[-74.91286,5.31982],[-74.91286,5.31982],[-74.91286,5.31981],[-74.91287,5.31981],[-74.91287,5.31981],[-74.91287,5.31981],[-74.91287,5.31981],[-74.91287,5.31981],[-74.91287,5.31981],[-74.91287,5.31981],[-74.91287,5.31981],[-74.91287,5.31981],[-74.91287,5.31981],[-74.91287,5.31981],[-74.91287,5.31981],[-74.91287,5.31981],[-74.91287,5.31981],[-74.91287,5.31981],[-74.91287,5.31981],[-74.91287,5.31981],[-74.91287,5.31981],[-74.91287,5.31981],[-74.91287,5.31981],[-74.91287,5.31981],[-74.91287,5.31981],[-74.91287,5.31981],[-74.91287,5.31981],[-74.91287,5.31981],[-74.91287,5.31981],[-74.91287,5.31981],[-74.91287,5.31981],[-74.91287,5.31981],[-74.91287,5.31981],[-74.91287,5.31981],[-74.91287,5.31981],[-74.91288,5.31981],[-74.91288,5.31981],[-74.91288,5.31981],[-74.91288,5.31981],[-74.91288,5.31981],[-74.91288,5.31981],[-74.91288,5.31981],[-74.91288,5.31981],[-74.91288,5.31981],[-74.91288,5.31981],[-74.91288,5.31981],[-74.91288,5.31981],[-74.91288,5.31981],[-74.91288,5.31981],[-74.91288,5.31981],[-74.91288,5.31981],[-74.91288,5.31981],[-74.91288,5.31981],[-74.91288,5.31981],[-74.91288,5.31981],[-74.91288,5.31981],[-74.91288,5.31981],[-74.91288,5.31981],[-74.91288,5.31981],[-74.91288,5.31981],[-74.91288,5.31981],[-74.91288,5.31981],[-74.91288,5.31981],[-74.91288,5.31981],[-74.91288,5.31981],[-74.91288,5.31981],[-74.91288,5.31981],[-74.91288,5.31981],[-74.91288,5.31981],[-74.91288,5.31981],[-74.91288,5.31981],[-74.91288,5.31981],[-74.91288,5.31981],[-74.91288,5.31981],[-74.91288,5.31981],[-74.91288,5.31981],[-74.91288,5.31981],[-74.91288,5.31981],[-74.91288,5.31981],[-74.91289,5.31981],[-74.91289,5.31981],[-74.91289,5.31981],[-74.91289,5.31981],[-74.91289,5.31981],[-74.91289,5.31981],[-74.91289,5.31981],[-74.91289,5.31981],[-74.91289,5.31981],[-74.91289,5.31981],[-74.91289,5.31981],[-74.91289,5.31981],[-74.91289,5.31981],[-74.91289,5.31981],[-74.91289,5.31981],[-74.91289,5.31981],[-74.91289,5.31981],[-74.91289,5.31981],[-74.91289,5.31981],[-74.91289,5.31981],[-74.9129,5.31981],[-74.9129,5.31981],[-74.9129,5.31981],[-74.9129,5.31981],[-74.9129,5.31981],[-74.9129,5.31981],[-74.9129,5.31981],[-74.9129,5.31981],[-74.9129,5.31981],[-74.9129,5.31981],[-74.9129,5.31981],[-74.9129,5.31981],[-74.9129,5.31981],[-74.91291,5.31981],[-74.91291,5.31981],[-74.91291,5.31981],[-74.91291,5.31981],[-74.91291,5.31981],[-74.91291,5.31981],[-74.91291,5.31982],[-74.91291,5.31982],[-74.91291,5.31982],[-74.91291,5.31982],[-74.91291,5.31982],[-74.91292,5.31982],[-74.91292,5.31982],[-74.91292,5.31982],[-74.91292,5.31982],[-74.91292,5.31982],[-74.91292,5.31982],[-74.91292,5.31982],[-74.91292,5.31982],[-74.91292,5.31982],[-74.91292,5.31982],[-74.91292,5.31982],[-74.91292,5.31982],[-74.91293,5.31982],[-74.91293,5.31982],[-74.91293,5.31982],[-74.91293,5.31982],[-74.91293,5.31982],[-74.91293,5.31982],[-74.91293,5.31982],[-74.91293,5.31982],[-74.91293,5.31982],[-74.91293,5.31982],[-74.91293,5.31982],[-74.91293,5.31982],[-74.91293,5.31982],[-74.91293,5.31982],[-74.91293,5.31982],[-74.91293,5.31982],[-74.91293,5.31982],[-74.91293,5.31982],[-74.91293,5.31983],[-74.91294,5.31983],[-74.91294,5.31983],[-74.91294,5.31983],[-74.91294,5.31983],[-74.91294,5.31983],[-74.91294,5.31983],[-74.91294,5.31983],[-74.91294,5.31983],[-74.91294,5.31983],[-74.91294,5.31983],[-74.91294,5.31983],[-74.91294,5.31983],[-74.91294,5.31983],[-74.91294,5.31983],[-74.91294,5.31983],[-74.91294,5.31983],[-74.91294,5.31983],[-74.91294,5.31983],[-74.91294,5.31983],[-74.91294,5.31983],[-74.91295,5.31983],[-74.91295,5.31983],[-74.91295,5.31983],[-74.91295,5.31983],[-74.91295,5.31983],[-74.91295,5.31983],[-74.91295,5.31983],[-74.91295,5.31983],[-74.91295,5.31983],[-74.91295,5.31983],[-74.91295,5.31984],[-74.91295,5.31984],[-74.91295,5.31984],[-74.91296,5.31984],[-74.91296,5.31984],[-74.91296,5.31984],[-74.91296,5.31984],[-74.91296,5.31984],[-74.91296,5.31984],[-74.91296,5.31984],[-74.91296,5.31984],[-74.91296,5.31984],[-74.91296,5.31984],[-74.91296,5.31984],[-74.91296,5.31984],[-74.91296,5.31984],[-74.91296,5.31984],[-74.91296,5.31984],[-74.91296,5.31984],[-74.91296,5.31984],[-74.91296,5.31984],[-74.91296,5.31984],[-74.91296,5.31984],[-74.91296,5.31984],[-74.91296,5.31984],[-74.91296,5.31984],[-74.91296,5.31984],[-74.91296,5.31984],[-74.91296,5.31984],[-74.91296,5.31985],[-74.91297,5.31985],[-74.91297,5.31985],[-74.91297,5.31985],[-74.91297,5.31985],[-74.91297,5.31985],[-74.91297,5.31985],[-74.91297,5.31985],[-74.91297,5.31985],[-74.91297,5.31985],[-74.91297,5.31985],[-74.91297,5.31985],[-74.91297,5.31985],[-74.91297,5.31985],[-74.91297,5.31985],[-74.91297,5.31985],[-74.91297,5.31985],[-74.91297,5.31985],[-74.91297,5.31985],[-74.91297,5.31985],[-74.91297,5.31985],[-74.91297,5.31985],[-74.91297,5.31986],[-74.91297,5.31986],[-74.91297,5.31986],[-74.91297,5.31986],[-74.91297,5.31986],[-74.91297,5.31986],[-74.91298,5.31986],[-74.91298,5.31986],[-74.91298,5.31986],[-74.91298,5.31986],[-74.91298,5.31986],[-74.91298,5.31986],[-74.91298,5.31986],[-74.91298,5.31986],[-74.91298,5.31986],[-74.91298,5.31986],[-74.91298,5.31986],[-74.91298,5.31987],[-74.91298,5.31987],[-74.91298,5.31987],[-74.91298,5.31987],[-74.91298,5.31987],[-74.91298,5.31987],[-74.91298,5.31987],[-74.91298,5.31988],[-74.91298,5.31988],[-74.91298,5.31988],[-74.91298,5.31988],[-74.91298,5.31988],[-74.91298,5.31988],[-74.91298,5.31988],[-74.91298,5.31988],[-74.91298,5.31988],[-74.91298,5.31988],[-74.91298,5.31988],[-74.91298,5.31988],[-74.91298,5.31988],[-74.91298,5.31988],[-74.91298,5.31988],[-74.91299,5.31988],[-74.91299,5.31988],[-74.91299,5.31988],[-74.91299,5.31988],[-74.91299,5.31988],[-74.91299,5.31988],[-74.913,5.31988],[-74.913,5.31988],[-74.913,5.31988],[-74.913,5.31988],[-74.913,5.31988],[-74.913,5.31988],[-74.913,5.31988],[-74.913,5.31988],[-74.913,5.31988],[-74.913,5.31988],[-74.913,5.31988],[-74.913,5.31988],[-74.913,5.31988],[-74.913,5.31988],[-74.913,5.31988],[-74.913,5.31988],[-74.913,5.31988],[-74.913,5.31988],[-74.913,5.31988],[-74.91301,5.31989],[-74.91301,5.31989],[-74.91301,5.31989],[-74.91302,5.31989],[-74.91302,5.31989],[-74.91303,5.31989],[-74.91303,5.31989],[-74.91303,5.31989],[-74.91303,5.31989],[-74.91303,5.31989],[-74.91303,5.31989],[-74.91303,5.31989],[-74.91303,5.31989],[-74.91303,5.31989],[-74.91303,5.31989],[-74.91304,5.31989],[-74.91304,5.31989],[-74.91304,5.31989],[-74.91304,5.31989],[-74.91304,5.31989],[-74.91304,5.31989],[-74.91304,5.31989],[-74.91304,5.31989],[-74.91304,5.31989],[-74.91304,5.31989],[-74.91304,5.31989],[-74.91304,5.31989],[-74.91304,5.31989],[-74.91304,5.31989],[-74.91304,5.31989],[-74.91305,5.31988],[-74.91305,5.31988],[-74.91305,5.31988],[-74.91305,5.31988],[-74.91305,5.31988],[-74.91305,5.31988],[-74.91305,5.31988],[-74.91305,5.31988],[-74.91305,5.31988],[-74.91305,5.31988],[-74.91305,5.31988],[-74.91305,5.31988],[-74.91305,5.31988],[-74.91305,5.31988],[-74.91306,5.31988],[-74.91306,5.31988],[-74.91306,5.31988],[-74.91306,5.31988],[-74.91306,5.31988],[-74.91306,5.31988],[-74.91306,5.31988],[-74.91306,5.31988],[-74.91306,5.31988],[-74.91306,5.31988],[-74.91306,5.31988],[-74.91306,5.31988],[-74.91306,5.31988],[-74.91306,5.31988],[-74.91306,5.31988],[-74.91306,5.31988],[-74.91306,5.31988],[-74.91306,5.31988],[-74.91306,5.31988],[-74.91306,5.31988],[-74.91306,5.31988],[-74.91306,5.31989],[-74.91306,5.31989],[-74.91307,5.31989],[-74.91307,5.31989],[-74.91307,5.31989],[-74.91307,5.31989],[-74.91307,5.31989],[-74.91307,5.31989],[-74.91307,5.31989],[-74.91307,5.31989],[-74.91307,5.31989],[-74.91307,5.31989],[-74.91307,5.31989],[-74.91307,5.31989],[-74.91307,5.31989],[-74.91307,5.31989],[-74.91307,5.31989],[-74.91307,5.31989],[-74.91308,5.31989],[-74.91308,5.31989],[-74.91308,5.31989],[-74.91308,5.31989],[-74.91308,5.31989],[-74.91308,5.31989],[-74.91308,5.31989],[-74.91308,5.31989],[-74.91308,5.31989],[-74.91308,5.31989],[-74.91308,5.31989],[-74.91308,5.31989],[-74.91308,5.31989],[-74.91308,5.31989],[-74.91308,5.31989],[-74.91308,5.31989],[-74.91308,5.31989],[-74.91308,5.31989],[-74.91308,5.31989],[-74.91308,5.31988],[-74.91308,5.31988],[-74.91308,5.31988],[-74.91308,5.31988],[-74.91308,5.31988],[-74.91309,5.31988],[-74.91309,5.31988],[-74.91309,5.31988],[-74.91309,5.31988],[-74.91309,5.31988],[-74.91309,5.31988],[-74.91309,5.31988],[-74.91309,5.31988],[-74.91309,5.31988],[-74.91309,5.31988],[-74.91309,5.31988],[-74.91309,5.31988],[-74.91309,5.31988],[-74.91309,5.31988],[-74.91309,5.31988],[-74.91309,5.31988],[-74.91309,5.31988],[-74.91309,5.31988],[-74.91309,5.31988],[-74.9131,5.31988],[-74.9131,5.31988],[-74.9131,5.31988],[-74.9131,5.31988],[-74.9131,5.31988],[-74.9131,5.31988],[-74.9131,5.31988],[-74.91311,5.31988],[-74.91311,5.31988],[-74.91311,5.31988],[-74.91311,5.31988],[-74.91311,5.31988],[-74.91311,5.31987],[-74.91311,5.31987],[-74.91311,5.31987],[-74.91311,5.31987],[-74.91311,5.31987],[-74.91311,5.31987],[-74.91311,5.31987],[-74.91311,5.31987],[-74.91311,5.31987],[-74.91311,5.31987],[-74.91311,5.31987],[-74.91311,5.31987],[-74.91311,5.31987],[-74.91311,5.31987],[-74.91311,5.31987],[-74.91311,5.31987],[-74.91311,5.31987],[-74.91311,5.31987],[-74.91311,5.31986],[-74.91311,5.31986],[-74.91311,5.31986],[-74.91311,5.31986],[-74.91311,5.31986],[-74.91311,5.31986],[-74.91311,5.31986],[-74.91311,5.31986],[-74.91311,5.31986],[-74.91311,5.31986],[-74.91311,5.31986],[-74.91311,5.31986],[-74.91312,5.31986],[-74.91312,5.31986],[-74.91312,5.31986],[-74.91312,5.31986],[-74.91312,5.31986],[-74.91312,5.31986],[-74.91312,5.31986],[-74.91312,5.31986],[-74.91312,5.31985],[-74.91312,5.31985],[-74.91312,5.31985],[-74.91312,5.31985],[-74.91312,5.31985],[-74.91312,5.31985],[-74.91312,5.31985],[-74.91312,5.31985],[-74.91312,5.31985],[-74.91312,5.31985],[-74.91312,5.31985],[-74.91312,5.31985],[-74.91312,5.31985],[-74.91312,5.31985],[-74.91312,5.31986],[-74.91312,5.31986],[-74.91312,5.31986],[-74.91312,5.31986],[-74.91312,5.31986],[-74.91312,5.31986],[-74.91312,5.31986],[-74.91312,5.31986],[-74.91313,5.31986],[-74.91313,5.31986],[-74.91313,5.31986],[-74.91313,5.31986],[-74.91313,5.31986],[-74.91313,5.31986],[-74.91313,5.31986],[-74.91313,5.31986],[-74.91313,5.31986],[-74.91313,5.31986],[-74.91313,5.31986],[-74.91313,5.31986],[-74.91313,5.31986],[-74.91313,5.31986],[-74.91313,5.31986],[-74.91313,5.31986],[-74.91313,5.31986],[-74.91313,5.31986],[-74.91313,5.31986],[-74.91313,5.31986],[-74.91313,5.31986],[-74.91313,5.31986],[-74.91313,5.31986],[-74.91313,5.31985],[-74.91313,5.31985],[-74.91313,5.31985],[-74.91313,5.31985],[-74.91313,5.31985],[-74.91313,5.31985],[-74.91313,5.31985],[-74.91313,5.31985],[-74.91313,5.31985],[-74.91313,5.31985],[-74.91313,5.31985],[-74.91313,5.31985],[-74.91313,5.31985],[-74.91313,5.31985],[-74.91313,5.31985],[-74.91313,5.31985],[-74.91314,5.31985],[-74.91314,5.31985],[-74.91314,5.31984],[-74.91314,5.31984],[-74.91314,5.31984],[-74.91314,5.31984],[-74.91314,5.31984],[-74.91314,5.31984],[-74.91314,5.31984],[-74.91314,5.31984],[-74.91314,5.31984],[-74.91314,5.31984],[-74.91314,5.31984],[-74.91314,5.31984],[-74.91314,5.31984],[-74.91314,5.31984],[-74.91314,5.31984],[-74.91314,5.31984],[-74.91314,5.31984],[-74.91314,5.31984],[-74.91315,5.31984],[-74.91315,5.31984],[-74.91315,5.31984],[-74.91315,5.31984],[-74.91315,5.31984],[-74.91315,5.31984],[-74.91315,5.31983],[-74.91315,5.31983],[-74.91315,5.31983],[-74.91315,5.31983],[-74.91315,5.31983],[-74.91315,5.31983],[-74.91315,5.31983],[-74.91315,5.31983],[-74.91315,5.31983],[-74.91315,5.31983],[-74.91315,5.31983],[-74.91315,5.31983],[-74.91315,5.31983],[-74.91315,5.31983],[-74.91315,5.31983],[-74.91315,5.31983],[-74.91315,5.31982],[-74.91315,5.31982],[-74.91315,5.31982],[-74.91315,5.31982],[-74.91315,5.31982],[-74.91315,5.31982],[-74.91316,5.31982],[-74.91316,5.31982],[-74.91316,5.31982],[-74.91316,5.31982],[-74.91316,5.31982],[-74.91316,5.31982],[-74.91316,5.31982],[-74.91316,5.31982],[-74.91316,5.31982],[-74.91316,5.31982],[-74.91316,5.31982],[-74.91316,5.31982],[-74.91316,5.31982],[-74.91316,5.31982],[-74.91316,5.31982],[-74.91316,5.31982],[-74.91316,5.31982],[-74.91316,5.31982],[-74.91316,5.31982],[-74.91317,5.31982],[-74.91317,5.31982],[-74.91317,5.31982],[-74.91317,5.31982],[-74.91317,5.31982],[-74.91317,5.31982],[-74.91317,5.31982],[-74.91317,5.31982],[-74.91317,5.31982],[-74.91317,5.31982],[-74.91317,5.31982],[-74.91317,5.31982],[-74.91318,5.31981],[-74.91318,5.31981],[-74.91318,5.31981],[-74.91318,5.31981],[-74.91318,5.31981],[-74.91318,5.31981],[-74.91319,5.31981],[-74.91319,5.31981],[-74.91319,5.31981],[-74.91319,5.31981],[-74.91319,5.31981],[-74.91319,5.31981],[-74.9132,5.31981],[-74.9132,5.31981],[-74.9132,5.31981],[-74.9132,5.31981],[-74.9132,5.31981],[-74.9132,5.31981],[-74.9132,5.31981],[-74.9132,5.31981],[-74.9132,5.31981],[-74.9132,5.31981],[-74.9132,5.31981],[-74.9132,5.31981],[-74.9132,5.31981],[-74.9132,5.31981],[-74.9132,5.31981],[-74.9132,5.31981],[-74.9132,5.31981],[-74.91321,5.31981],[-74.91321,5.31981],[-74.91321,5.31981],[-74.91321,5.31981],[-74.91321,5.31981],[-74.91321,5.31981],[-74.91321,5.31981],[-74.91321,5.3198],[-74.91321,5.3198],[-74.91321,5.3198],[-74.91321,5.3198],[-74.91321,5.3198],[-74.91321,5.3198],[-74.91321,5.3198],[-74.91321,5.3198],[-74.91321,5.3198],[-74.91321,5.3198],[-74.91321,5.3198],[-74.91321,5.3198],[-74.91321,5.3198],[-74.91321,5.3198],[-74.91321,5.3198],[-74.91321,5.3198],[-74.91322,5.3198],[-74.91322,5.3198],[-74.91322,5.3198],[-74.91322,5.3198],[-74.91322,5.3198],[-74.91322,5.3198],[-74.91322,5.3198],[-74.91322,5.3198],[-74.91322,5.31979],[-74.91322,5.31979],[-74.91322,5.31979],[-74.91322,5.31979],[-74.91322,5.31979],[-74.91322,5.31979],[-74.91322,5.31979],[-74.91322,5.31979],[-74.91322,5.31979],[-74.91322,5.31979],[-74.91322,5.31979],[-74.91322,5.31979],[-74.91322,5.31979],[-74.91323,5.31979],[-74.91323,5.31979],[-74.91323,5.31979],[-74.91323,5.31979],[-74.91323,5.31979],[-74.91323,5.31979],[-74.91323,5.31979],[-74.91323,5.31979],[-74.91323,5.31979],[-74.91323,5.31979],[-74.91323,5.31979],[-74.91323,5.31979],[-74.91323,5.31979],[-74.91324,5.31979],[-74.91324,5.31979],[-74.91324,5.31979],[-74.91324,5.31979],[-74.91324,5.31979],[-74.91324,5.31979],[-74.91324,5.31979],[-74.91324,5.31979],[-74.91324,5.31979],[-74.91325,5.31979],[-74.91325,5.31979],[-74.91325,5.31979],[-74.91325,5.31979],[-74.91325,5.31979],[-74.91325,5.31979],[-74.91325,5.31979],[-74.91325,5.31979],[-74.91325,5.31979],[-74.91325,5.31979],[-74.91325,5.31979],[-74.91325,5.31979],[-74.91325,5.31979],[-74.91325,5.31979],[-74.91325,5.31979],[-74.91325,5.31979],[-74.91325,5.31979],[-74.91325,5.31979],[-74.91325,5.3198],[-74.91325,5.3198],[-74.91325,5.3198],[-74.91325,5.3198],[-74.91325,5.3198],[-74.91325,5.3198],[-74.91325,5.3198],[-74.91325,5.3198],[-74.91325,5.3198],[-74.91325,5.3198],[-74.91325,5.3198],[-74.91325,5.3198],[-74.91325,5.3198],[-74.91326,5.3198],[-74.91326,5.31981],[-74.91326,5.31981],[-74.91326,5.31981],[-74.91326,5.31981],[-74.91326,5.31981],[-74.91326,5.31981],[-74.91326,5.31981],[-74.91326,5.31981],[-74.91326,5.31981],[-74.91326,5.31981],[-74.91326,5.31981],[-74.91326,5.31981],[-74.91326,5.31981],[-74.91326,5.31981],[-74.91326,5.31981],[-74.91326,5.31981],[-74.91326,5.31981],[-74.91326,5.31981],[-74.91326,5.31981],[-74.91326,5.31981],[-74.91326,5.31981],[-74.91326,5.31981],[-74.91326,5.31982],[-74.91327,5.31982],[-74.91327,5.31982],[-74.91327,5.31982],[-74.91327,5.31982],[-74.91327,5.31982],[-74.91327,5.31982],[-74.91327,5.31982],[-74.91327,5.31982],[-74.91327,5.31982],[-74.91327,5.31982],[-74.91327,5.31982],[-74.91326,5.31982],[-74.91326,5.31982],[-74.91326,5.31983],[-74.91326,5.31983],[-74.91326,5.31983],[-74.91326,5.31983],[-74.91326,5.31983],[-74.91326,5.31983],[-74.91326,5.31983],[-74.91326,5.31983],[-74.91326,5.31983],[-74.91326,5.31983],[-74.91326,5.31983],[-74.91326,5.31983],[-74.91326,5.31983],[-74.91326,5.31983],[-74.91326,5.31983],[-74.91326,5.31983],[-74.91327,5.31983],[-74.91327,5.31983],[-74.91327,5.31983],[-74.91327,5.31983],[-74.91327,5.31983],[-74.91327,5.31983],[-74.91327,5.31983],[-74.91327,5.31983],[-74.91327,5.31983],[-74.91327,5.31983],[-74.91327,5.31983],[-74.91327,5.31983],[-74.91328,5.31983],[-74.91328,5.31984],[-74.91328,5.31984],[-74.91328,5.31984],[-74.91328,5.31984],[-74.91328,5.31984],[-74.91328,5.31984],[-74.91328,5.31984],[-74.91328,5.31984],[-74.91328,5.31984],[-74.91328,5.31984],[-74.91328,5.31983],[-74.91328,5.31983],[-74.91328,5.31983],[-74.91328,5.31983],[-74.91328,5.31983],[-74.91328,5.31983],[-74.91328,5.31983],[-74.91328,5.31983],[-74.91329,5.31983],[-74.91329,5.31983],[-74.91329,5.31983],[-74.91329,5.31983],[-74.91329,5.31983],[-74.91329,5.31983],[-74.91329,5.31983],[-74.91329,5.31983],[-74.91329,5.31983],[-74.91329,5.31983],[-74.91329,5.31983],[-74.91329,5.31983],[-74.91329,5.31983],[-74.91329,5.31983],[-74.91329,5.31983],[-74.9133,5.31983],[-74.9133,5.31983],[-74.9133,5.31983],[-74.9133,5.31983],[-74.9133,5.31983],[-74.9133,5.31983],[-74.9133,5.31984],[-74.9133,5.31984],[-74.9133,5.31984],[-74.9133,5.31984],[-74.9133,5.31984],[-74.9133,5.31984],[-74.9133,5.31984],[-74.9133,5.31984],[-74.9133,5.31984],[-74.9133,5.31984],[-74.9133,5.31984],[-74.9133,5.31984],[-74.9133,5.31984],[-74.9133,5.31985],[-74.9133,5.31985],[-74.9133,5.31985],[-74.9133,5.31985],[-74.9133,5.31985],[-74.9133,5.31985],[-74.9133,5.31985],[-74.91331,5.31985],[-74.91331,5.31985],[-74.91331,5.31985],[-74.91331,5.31985],[-74.91331,5.31985],[-74.91331,5.31985],[-74.91331,5.31985],[-74.91331,5.31985],[-74.91331,5.31985],[-74.91331,5.31985],[-74.91331,5.31985],[-74.91331,5.31985],[-74.91331,5.31985],[-74.91331,5.31985],[-74.91331,5.31985],[-74.91332,5.31985],[-74.91332,5.31985],[-74.91332,5.31985],[-74.91332,5.31986],[-74.91332,5.31986],[-74.91332,5.31986],[-74.91332,5.31986],[-74.91332,5.31986],[-74.91332,5.31986],[-74.91332,5.31986],[-74.91332,5.31986],[-74.91332,5.31986],[-74.91332,5.31986],[-74.91332,5.31986],[-74.91332,5.31986],[-74.91332,5.31986],[-74.91332,5.31986],[-74.91332,5.31986],[-74.91332,5.31986],[-74.91332,5.31987],[-74.91332,5.31987],[-74.91332,5.31987],[-74.91332,5.31987],[-74.91332,5.31987],[-74.91332,5.31987],[-74.91332,5.31987],[-74.91332,5.31988],[-74.91332,5.31988],[-74.91332,5.31988],[-74.91332,5.31988],[-74.91332,5.31988],[-74.91332,5.31988],[-74.91332,5.31988],[-74.91332,5.31988],[-74.91332,5.31988],[-74.91332,5.31988],[-74.91332,5.31988],[-74.91332,5.31988],[-74.91332,5.31988],[-74.91332,5.31988],[-74.91332,5.31988],[-74.91333,5.31988],[-74.91333,5.31988],[-74.91333,5.31988],[-74.91333,5.31988],[-74.91333,5.31988],[-74.91333,5.31988],[-74.91333,5.31988],[-74.91333,5.31988],[-74.91333,5.31988],[-74.91333,5.31989],[-74.91333,5.31989],[-74.91333,5.31989],[-74.91333,5.31989],[-74.91333,5.31989],[-74.91333,5.31989],[-74.91333,5.31989],[-74.91333,5.31989],[-74.91333,5.31989],[-74.91333,5.31989],[-74.91334,5.31989],[-74.91334,5.31989],[-74.91334,5.31989],[-74.91334,5.31989],[-74.91334,5.31989],[-74.91334,5.31989],[-74.91334,5.31989],[-74.91334,5.31989],[-74.91334,5.31989],[-74.91334,5.31989],[-74.91334,5.31989],[-74.91334,5.31989],[-74.91334,5.31989],[-74.91334,5.31989],[-74.91335,5.31989],[-74.91335,5.31989],[-74.91335,5.31989],[-74.91335,5.31989],[-74.91335,5.31989],[-74.91335,5.31989],[-74.91335,5.31989],[-74.91335,5.31989],[-74.91335,5.31989],[-74.91335,5.31989],[-74.91335,5.31989],[-74.91335,5.31989],[-74.91335,5.31989],[-74.91335,5.31988],[-74.91335,5.31988],[-74.91336,5.31988],[-74.91336,5.31988],[-74.91336,5.31988],[-74.91336,5.31988],[-74.91336,5.31988],[-74.91336,5.31988],[-74.91336,5.31988],[-74.91336,5.31988],[-74.91336,5.31988],[-74.91336,5.31988],[-74.91336,5.31988],[-74.91336,5.31988],[-74.91336,5.31988],[-74.91336,5.31988],[-74.91336,5.31988],[-74.91336,5.31988],[-74.91336,5.31988],[-74.91336,5.31988],[-74.91336,5.31988],[-74.91336,5.31988],[-74.91336,5.31988],[-74.91336,5.31988],[-74.91336,5.31988],[-74.91336,5.31988],[-74.91336,5.31988],[-74.91336,5.31988],[-74.91336,5.31988],[-74.91336,5.31988],[-74.91336,5.31988],[-74.91336,5.31988],[-74.91336,5.31988],[-74.91337,5.31988],[-74.91337,5.31988],[-74.91337,5.31988],[-74.91337,5.31988],[-74.91337,5.31988],[-74.91337,5.31988],[-74.91337,5.31988],[-74.91337,5.31988],[-74.91337,5.31988],[-74.91337,5.31988],[-74.91337,5.31988],[-74.91337,5.31988],[-74.91337,5.31988],[-74.91337,5.31988],[-74.91337,5.31988],[-74.91337,5.31988],[-74.91337,5.31988],[-74.91337,5.31989],[-74.91337,5.31989],[-74.91338,5.31989]],[[-74.91279,5.31963],[-74.91279,5.31963],[-74.91279,5.31964],[-74.91279,5.31964],[-74.91279,5.31964],[-74.91279,5.31964],[-74.91279,5.31964],[-74.91279,5.31964],[-74.91279,5.31964],[-74.91279,5.31964],[-74.91279,5.31964],[-74.91279,5.31964],[-74.91279,5.31964],[-74.91279,5.31963],[-74.91279,5.31963],[-74.91279,5.31963],[-74.91279,5.31963]],[[-74.91221,5.31961],[-74.91221,5.31961],[-74.91221,5.31961],[-74.91221,5.31961],[-74.91221,5.31961],[-74.91221,5.31962],[-74.91221,5.31962],[-74.91221,5.31962],[-74.91221,5.31962],[-74.91221,5.31962],[-74.91221,5.31961],[-74.91221,5.31961]],[[-74.91207,5.31955],[-74.91207,5.31955],[-74.91207,5.31955],[-74.91207,5.31955],[-74.91207,5.31955],[-74.91207,5.31955],[-74.91207,5.31955],[-74.91207,5.31955],[-74.91207,5.31955],[-74.91207,5.31955],[-74.91207,5.31955],[-74.91207,5.31955],[-74.91207,5.31955],[-74.91207,5.31955],[-74.91207,5.31955],[-74.91207,5.31955]],[[-74.91208,5.31936],[-74.91208,5.31936],[-74.91208,5.31936],[-74.91208,5.31936],[-74.91208,5.31936],[-74.91208,5.31936],[-74.91208,5.31936]],[[-74.91159,5.31882],[-74.91159,5.31882],[-74.91159,5.31882],[-74.91159,5.31882]],[[-74.91161,5.31864],[-74.91161,5.31864],[-74.91161,5.31864],[-74.91161,5.31864],[-74.91161,5.31864],[-74.91161,5.31864],[-74.91161,5.31864],[-74.91161,5.31864],[-74.91161,5.31864],[-74.91161,5.31864],[-74.91161,5.31864],[-74.91161,5.31864],[-74.91161,5.31864]],[[-74.91097,5.31852],[-74.91097,5.31852],[-74.91097,5.31852],[-74.91097,5.31852],[-74.91097,5.31852],[-74.91097,5.31852],[-74.91097,5.31852],[-74.91097,5.31852],[-74.91097,5.31852],[-74.91097,5.31852],[-74.91097,5.31852],[-74.91097,5.31852],[-74.91097,5.31852],[-74.91097,5.31852],[-74.91097,5.31852],[-74.91097,5.31852],[-74.91097,5.31852]],[[-74.91073,5.31848],[-74.91073,5.31848],[-74.91073,5.31848],[-74.91073,5.31848],[-74.91073,5.31848],[-74.91073,5.31848],[-74.91073,5.31848],[-74.91073,5.31848],[-74.91073,5.31848],[-74.91073,5.31848],[-74.91073,5.31848],[-74.91073,5.31848],[-74.91073,5.31848],[-74.91073,5.31848]],[[-74.91025,5.3188],[-74.91025,5.3188],[-74.91025,5.3188],[-74.91025,5.3188],[-74.91025,5.3188],[-74.91025,5.3188],[-74.91025,5.3188]],[[-74.90924,5.31931],[-74.90924,5.31931],[-74.90924,5.31931],[-74.90924,5.31931],[-74.90924,5.31931],[-74.90924,5.31931],[-74.90924,5.31931],[-74.90924,5.31931],[-74.90924,5.31931],[-74.90924,5.31931],[-74.90924,5.3193],[-74.90924,5.3193],[-74.90924,5.3193],[-74.90924,5.3193],[-74.90924,5.3193],[-74.90924,5.3193],[-74.90924,5.3193],[-74.90924,5.3193],[-74.90924,5.3193],[-74.90924,5.3193],[-74.90924,5.3193],[-74.90924,5.31931],[-74.90924,5.31931],[-74.90924,5.31931],[-74.90924,5.31931],[-74.90924,5.31931],[-74.90924,5.31931],[-74.90924,5.31931],[-74.90924,5.31931],[-74.90924,5.31931],[-74.90924,5.31931],[-74.90924,5.31931]],[[-74.90925,5.31931],[-74.90925,5.31931],[-74.90925,5.31931],[-74.90925,5.31931],[-74.90925,5.31931],[-74.90925,5.31931],[-74.90925,5.3193],[-74.90925,5.3193],[-74.90925,5.3193],[-74.90925,5.3193],[-74.90925,5.31931],[-74.90925,5.31931],[-74.90925,5.31931],[-74.90925,5.31931],[-74.90925,5.31931],[-74.90925,5.31931],[-74.90925,5.31931],[-74.90925,5.31931],[-74.90925,5.31931]],[[-74.90854,5.3187],[-74.90855,5.3187],[-74.90855,5.3187],[-74.90855,5.3187],[-74.90855,5.3187],[-74.90855,5.3187],[-74.90855,5.3187],[-74.90855,5.3187],[-74.90855,5.3187],[-74.90854,5.3187],[-74.90854,5.3187],[-74.90854,5.3187],[-74.90854,5.3187],[-74.90854,5.3187],[-74.90854,5.3187],[-74.90854,5.3187],[-74.90854,5.3187],[-74.90854,5.3187],[-74.90854,5.3187],[-74.90854,5.3187],[-74.90854,5.3187],[-74.90854,5.3187],[-74.90854,5.3187],[-74.90854,5.3187],[-74.90854,5.3187],[-74.90854,5.3187],[-74.90854,5.3187],[-74.90854,5.3187]],[[-74.90856,5.31859],[-74.90856,5.31859],[-74.90856,5.31859],[-74.90856,5.31859],[-74.90856,5.31859],[-74.90856,5.31859],[-74.90856,5.31859],[-74.90856,5.31859],[-74.90856,5.31859],[-74.90856,5.31859],[-74.90856,5.31859],[-74.90856,5.31859],[-74.90856,5.31859],[-74.90856,5.31859],[-74.90856,5.31859],[-74.90856,5.31859],[-74.90856,5.31859],[-74.90856,5.31859],[-74.90856,5.31859],[-74.90856,5.31859],[-74.90856,5.31859],[-74.90856,5.31859],[-74.90856,5.31859],[-74.90856,5.31859],[-74.90856,5.31859],[-74.90856,5.31859],[-74.90856,5.31859],[-74.90856,5.31859],[-74.90856,5.31859],[-74.90856,5.31859]],[[-74.9052,5.31807],[-74.9052,5.31807],[-74.9052,5.31807],[-74.9052,5.31807],[-74.9052,5.31807]],[[-74.90571,5.3184],[-74.90571,5.3184],[-74.90571,5.3184],[-74.90571,5.3184],[-74.90571,5.3184]],[[-74.90665,5.31823],[-74.90665,5.31823],[-74.90665,5.31823],[-74.90665,5.31823],[-74.90665,5.31823]]]},"properties":{"FID_1":0,"SID":0,"SRSID":0,"Length":0,"Area":0,"Shape_Area":12434.00160008541,"OBJECTID":1,"Shape_Length":3155.6454707133435}}]}