{"type":"FeatureCollection","name":"FPCauceUrbanoVictoria","crs":{"type":"name","properties":{"name":"urn:ogc:def:crs:OGC:1.3:CRS84"}},"features":[{"type":"Feature","id":5,"geometry":{"type":"Polygon","coordinates":[[[-74.91217,5.31352],[-74.91215,5.31354],[-74.91213,5.31356],[-74.91212,5.31359],[-74.91212,5.31359],[-74.91211,5.31362],[-74.91211,5.31363],[-74.9121,5.31366],[-74.9121,5.31366],[-74.9121,5.31373],[-74.91207,5.3138],[-74.91205,5.31385],[-74.91203,5.31389],[-74.912,5.31397],[-74.91199,5.31399],[-74.91199,5.31399],[-74.91195,5.31411],[-74.91195,5.31413],[-74.91194,5.31416],[-74.91194,5.31419],[-74.91194,5.31423],[-74.91194,5.31426],[-74.91196,5.3143],[-74.91197,5.31433],[-74.912,5.31436],[-74.91202,5.31438],[-74.91205,5.3144],[-74.91208,5.31441],[-74.91212,5.31442],[-74.91215,5.31442],[-74.91219,5.31442],[-74.91222,5.31441],[-74.91225,5.31439],[-74.91228,5.31437],[-74.91231,5.31434],[-74.91233,5.31432],[-74.91234,5.31428],[-74.91232,5.31425],[-74.91231,5.31419],[-74.91231,5.31418],[-74.91233,5.31411],[-74.91236,5.31404],[-74.91241,5.31394],[-74.91241,5.31393],[-74.91241,5.31392],[-74.91245,5.31382],[-74.91245,5.31379],[-74.91245,5.31378],[-74.91246,5.3137],[-74.91247,5.31368],[-74.91247,5.31365],[-74.91246,5.31362],[-74.91246,5.31359],[-74.91246,5.31359],[-74.91244,5.31356],[-74.91242,5.31354],[-74.9124,5.31351],[-74.9124,5.31351],[-74.91248,5.31357],[-74.91248,5.31357],[-74.91253,5.31362],[-74.91253,5.31362],[-74.91253,5.31365],[-74.91253,5.31368],[-74.91254,5.31372],[-74.91255,5.31374],[-74.91257,5.31377],[-74.91257,5.31377],[-74.91258,5.31379],[-74.91265,5.31387],[-74.91267,5.31389],[-74.91268,5.3139],[-74.91268,5.3139],[-74.9127,5.31395],[-74.91272,5.31399],[-74.91276,5.31401],[-74.91279,5.31403],[-74.91283,5.31405],[-74.91287,5.31405],[-74.91291,5.31406],[-74.91295,5.31405],[-74.91299,5.31404],[-74.91302,5.31402],[-74.91306,5.31399],[-74.91308,5.31396],[-74.91311,5.31393],[-74.91312,5.31389],[-74.91313,5.31385],[-74.91314,5.31381],[-74.91313,5.31377],[-74.91312,5.31373],[-74.91311,5.31369],[-74.91309,5.31365],[-74.91307,5.31362],[-74.91304,5.31359],[-74.91301,5.31359],[-74.91296,5.31359],[-74.91289,5.31359],[-74.91286,5.31355],[-74.91286,5.31355],[-74.91284,5.31353],[-74.91282,5.31351],[-74.9128,5.3135],[-74.91277,5.31348],[-74.91274,5.31347],[-74.91271,5.31347],[-74.91267,5.31347],[-74.91265,5.31348],[-74.9126,5.31343],[-74.9125,5.31335],[-74.9125,5.31335],[-74.9125,5.31335],[-74.91242,5.31329],[-74.91239,5.31326],[-74.91239,5.31326],[-74.91238,5.31326],[-74.91238,5.31326],[-74.91237,5.31325],[-74.91237,5.31325],[-74.91234,5.31322],[-74.91229,5.31315],[-74.91229,5.31315],[-74.91228,5.31314],[-74.91227,5.31314],[-74.91227,5.31313],[-74.91226,5.31313],[-74.91225,5.31312],[-74.91225,5.31312],[-74.91224,5.31312],[-74.91223,5.31312],[-74.91222,5.31312],[-74.91222,5.31312],[-74.91221,5.31312],[-74.9122,5.31312],[-74.91219,5.31312],[-74.91219,5.31312],[-74.91218,5.31312],[-74.91217,5.31313],[-74.91217,5.31313],[-74.91216,5.31314],[-74.91215,5.31314],[-74.91215,5.31315],[-74.91214,5.31315],[-74.91214,5.31316],[-74.91214,5.31317],[-74.91213,5.31317],[-74.91213,5.31318],[-74.91213,5.31319],[-74.91213,5.3132],[-74.91213,5.31321],[-74.91213,5.31321],[-74.91213,5.31322],[-74.91213,5.31323],[-74.91213,5.31324],[-74.91214,5.31324],[-74.91214,5.31325],[-74.91214,5.31326],[-74.9122,5.31333],[-74.9122,5.31334],[-74.9122,5.31334],[-74.91221,5.31335],[-74.91223,5.31336],[-74.91223,5.31341],[-74.91222,5.31341],[-74.91222,5.31348],[-74.9122,5.3135],[-74.91217,5.31352]]]},"properties":{"Id":0,"OBJECTID":0,"FID_1":0,"SID":0,"SRSID":0,"Length":0,"Area":0,"Shape_Leng":0,"Shape_Area":8416.062436475655,"ID_DS":0,"CODDEP":" ","CODCUENCA":" ","CODDS":0,"TIPO":" ","NOMBRE":" Victoria","ORDEN":" ","N_ORDEN":0,"FP":0,"ORD_STRAHL":0,"FR_STRAHLE":0,"ZPHAMIN":0,"ZPSMIN":0,"BUFF_DIST":0,"OBJECTID_1":5,"Shape_Length":565.4854555864108}},{"type":"Feature","id":6,"geometry":{"type":"Polygon","coordinates":[[[-74.90649,5.31462],[-74.90649,5.31462],[-74.9065,5.31463],[-74.90654,5.31469],[-74.90655,5.3147],[-74.9066,5.31478],[-74.9066,5.31478],[-74.90667,5.31487],[-74.90668,5.31489],[-74.9067,5.3149],[-74.90673,5.31492],[-74.90683,5.31497],[-74.90685,5.31498],[-74.90687,5.31499],[-74.90695,5.31501],[-74.90696,5.31501],[-74.90701,5.31502],[-74.90704,5.31502],[-74.90717,5.31497],[-74.90718,5.31498],[-74.9072,5.31499],[-74.90722,5.31499],[-74.90724,5.31499],[-74.90727,5.31499],[-74.90729,5.31499],[-74.90731,5.31498],[-74.90733,5.31496],[-74.90735,5.31495],[-74.90736,5.31493],[-74.90737,5.31491],[-74.90738,5.31488],[-74.90738,5.31486],[-74.90738,5.31484],[-74.90737,5.31481],[-74.90736,5.31479],[-74.90735,5.31477],[-74.90733,5.31476],[-74.90731,5.31474],[-74.90729,5.31473],[-74.90727,5.31473],[-74.90724,5.31472],[-74.90722,5.31473],[-74.9072,5.31473],[-74.90718,5.31474],[-74.90717,5.31475],[-74.9071,5.31473],[-74.9071,5.31473],[-74.90705,5.31472],[-74.907,5.3147],[-74.907,5.3147],[-74.90699,5.3147],[-74.90699,5.31469],[-74.90692,5.31468],[-74.90688,5.31466],[-74.90684,5.31463],[-74.90678,5.31456],[-74.90677,5.31455],[-74.90672,5.31446],[-74.90671,5.31445],[-74.90665,5.31437],[-74.90659,5.31429],[-74.90655,5.31423],[-74.90652,5.31416],[-74.90652,5.31412],[-74.90652,5.3141],[-74.90654,5.31409],[-74.90658,5.31406],[-74.90659,5.31406],[-74.90659,5.31406],[-74.9066,5.31405],[-74.9066,5.31405],[-74.90661,5.31405],[-74.90661,5.31404],[-74.90661,5.31404],[-74.90662,5.31403],[-74.90662,5.31403],[-74.90662,5.31403],[-74.90664,5.31403],[-74.90667,5.31396],[-74.90668,5.31389],[-74.90669,5.31382],[-74.90669,5.31376],[-74.90669,5.31369],[-74.90667,5.31362],[-74.90666,5.31355],[-74.90663,5.31349],[-74.90662,5.31349],[-74.90662,5.31348],[-74.90662,5.31347],[-74.90662,5.31337],[-74.90661,5.31336],[-74.90661,5.31336],[-74.9066,5.31329],[-74.9066,5.31329],[-74.90658,5.31321],[-74.90657,5.31314],[-74.90657,5.31314],[-74.90657,5.31314],[-74.90657,5.31313],[-74.90655,5.31307],[-74.90654,5.31302],[-74.90654,5.31302],[-74.90651,5.31289],[-74.9065,5.31281],[-74.90648,5.31263],[-74.90649,5.3125],[-74.90651,5.31235],[-74.90655,5.3122],[-74.90655,5.31217],[-74.90655,5.31217],[-74.90656,5.31217],[-74.9067,5.31218],[-74.90685,5.31219],[-74.90692,5.3122],[-74.90699,5.31223],[-74.90706,5.31225],[-74.90721,5.31234],[-74.90721,5.31234],[-74.9074,5.31244],[-74.90741,5.31245],[-74.90769,5.31258],[-74.90789,5.31268],[-74.90805,5.31277],[-74.90822,5.31287],[-74.9084,5.31301],[-74.90861,5.3132],[-74.90862,5.3132],[-74.90862,5.3132],[-74.90868,5.31324],[-74.90869,5.31325],[-74.90869,5.31325],[-74.90874,5.31327],[-74.90875,5.31328],[-74.90879,5.31329],[-74.90879,5.31329],[-74.9088,5.3133],[-74.90884,5.31331],[-74.90888,5.31332],[-74.90889,5.31332],[-74.90894,5.31334],[-74.90898,5.31335],[-74.90901,5.31336],[-74.90903,5.31337],[-74.90905,5.3134],[-74.90908,5.31345],[-74.90914,5.31357],[-74.90914,5.31358],[-74.90915,5.31359],[-74.90918,5.31364],[-74.90918,5.31364],[-74.90918,5.31364],[-74.90918,5.31365],[-74.90918,5.31366],[-74.90918,5.31366],[-74.90918,5.31366],[-74.90918,5.31366],[-74.90918,5.31367],[-74.90918,5.31367],[-74.90918,5.31367],[-74.90918,5.31368],[-74.90918,5.31369],[-74.90919,5.31369],[-74.90919,5.31369],[-74.90919,5.31369],[-74.90919,5.3137],[-74.90919,5.3137],[-74.90919,5.3137],[-74.9092,5.31371],[-74.9092,5.31371],[-74.9092,5.31371],[-74.9092,5.31372],[-74.9092,5.31372],[-74.90921,5.31372],[-74.90921,5.31372],[-74.90921,5.31373],[-74.90922,5.31373],[-74.90924,5.31374],[-74.90924,5.31375],[-74.9093,5.31378],[-74.90937,5.31386],[-74.90937,5.31386],[-74.90941,5.3139],[-74.90942,5.31391],[-74.90951,5.314],[-74.90963,5.31412],[-74.90964,5.31412],[-74.90964,5.31413],[-74.90974,5.31422],[-74.90975,5.31422],[-74.90979,5.31425],[-74.90979,5.31425],[-74.90981,5.31426],[-74.90981,5.31426],[-74.90989,5.31428],[-74.90991,5.31429],[-74.90993,5.31429],[-74.90995,5.31428],[-74.90996,5.31427],[-74.90998,5.31425],[-74.90999,5.31424],[-74.91,5.31422],[-74.91,5.3142],[-74.91,5.31419],[-74.91,5.31417],[-74.91,5.31415],[-74.90999,5.31413],[-74.90995,5.31411],[-74.90995,5.31411],[-74.90994,5.31411],[-74.90986,5.31396],[-74.90982,5.31393],[-74.9097,5.31381],[-74.9097,5.31381],[-74.90957,5.3138],[-74.90954,5.31378],[-74.9095,5.31374],[-74.90942,5.31365],[-74.90941,5.31364],[-74.90938,5.3136],[-74.9093,5.31349],[-74.90924,5.31337],[-74.90924,5.31337],[-74.90921,5.3133],[-74.9092,5.3133],[-74.9092,5.31329],[-74.9092,5.31329],[-74.90919,5.31328],[-74.90915,5.31324],[-74.90914,5.31323],[-74.90913,5.31323],[-74.90911,5.31321],[-74.9091,5.31321],[-74.9091,5.3132],[-74.9091,5.3132],[-74.90909,5.3132],[-74.90905,5.31318],[-74.90905,5.31318],[-74.90904,5.31318],[-74.909,5.31316],[-74.90899,5.31316],[-74.90894,5.31315],[-74.9089,5.31313],[-74.90889,5.31313],[-74.90885,5.31312],[-74.90882,5.31311],[-74.90878,5.31309],[-74.90873,5.31306],[-74.90851,5.31287],[-74.90851,5.31287],[-74.90851,5.31286],[-74.90833,5.31272],[-74.90832,5.31272],[-74.90832,5.31272],[-74.90818,5.31264],[-74.90813,5.31261],[-74.90797,5.31252],[-74.90797,5.31252],[-74.90777,5.31242],[-74.90777,5.31242],[-74.90749,5.31228],[-74.9073,5.31218],[-74.90725,5.31216],[-74.90714,5.31209],[-74.90713,5.31209],[-74.90705,5.31206],[-74.90705,5.31206],[-74.90697,5.31203],[-74.90697,5.31203],[-74.90696,5.31202],[-74.90688,5.31201],[-74.90688,5.31201],[-74.90687,5.31201],[-74.90672,5.312],[-74.90671,5.312],[-74.90657,5.31199],[-74.90652,5.31198],[-74.90648,5.31195],[-74.90632,5.31178],[-74.90632,5.31178],[-74.90608,5.31155],[-74.90607,5.31154],[-74.90606,5.31154],[-74.90606,5.31153],[-74.90605,5.31153],[-74.90604,5.31152],[-74.90604,5.31152],[-74.90603,5.31152],[-74.90602,5.31152],[-74.90601,5.31152],[-74.906,5.31152],[-74.906,5.31152],[-74.90599,5.31152],[-74.90598,5.31152],[-74.90597,5.31153],[-74.90597,5.31153],[-74.90596,5.31154],[-74.90595,5.31154],[-74.90595,5.31155],[-74.90594,5.31155],[-74.90594,5.31156],[-74.90593,5.31156],[-74.90593,5.31157],[-74.90593,5.31158],[-74.90593,5.31159],[-74.90592,5.31159],[-74.90592,5.3116],[-74.90592,5.31161],[-74.90592,5.31162],[-74.90592,5.31163],[-74.90593,5.31163],[-74.90593,5.31164],[-74.90593,5.31165],[-74.90593,5.31165],[-74.90594,5.31166],[-74.90594,5.31167],[-74.90595,5.31167],[-74.90619,5.31191],[-74.90636,5.31209],[-74.90637,5.3121],[-74.90638,5.3121],[-74.90638,5.3121],[-74.90637,5.31215],[-74.90637,5.31216],[-74.90637,5.31216],[-74.90634,5.31231],[-74.90634,5.31231],[-74.90631,5.31247],[-74.90631,5.31248],[-74.9063,5.31263],[-74.9063,5.31263],[-74.9063,5.31264],[-74.90632,5.31283],[-74.90633,5.31292],[-74.90633,5.31292],[-74.90633,5.31293],[-74.90637,5.31306],[-74.90638,5.31311],[-74.90638,5.31312],[-74.9064,5.31318],[-74.90641,5.31324],[-74.90641,5.31324],[-74.90641,5.31324],[-74.90642,5.31332],[-74.90644,5.31339],[-74.90644,5.31347],[-74.90644,5.31348],[-74.90644,5.31355],[-74.90642,5.31357],[-74.90641,5.3136],[-74.9064,5.31362],[-74.90636,5.31369],[-74.90636,5.31369],[-74.90629,5.31381],[-74.90629,5.31381],[-74.90629,5.31382],[-74.90628,5.31382],[-74.90628,5.31383],[-74.90625,5.31393],[-74.90625,5.31394],[-74.90625,5.31394],[-74.90625,5.31395],[-74.90625,5.31397],[-74.90624,5.31408],[-74.90624,5.31408],[-74.90624,5.31409],[-74.90624,5.3141],[-74.90625,5.31411],[-74.90625,5.31411],[-74.90627,5.31419],[-74.90627,5.31419],[-74.90628,5.3142],[-74.90633,5.31431],[-74.90641,5.31449],[-74.90641,5.3145],[-74.90641,5.3145],[-74.90648,5.3146],[-74.90648,5.31461],[-74.90648,5.31461],[-74.90649,5.31462]]]},"properties":{"Id":0,"OBJECTID":0,"FID_1":0,"SID":0,"SRSID":0,"Length":0,"Area":0,"Shape_Leng":0,"Shape_Area":21646.2583182698,"ID_DS":0,"CODDEP":" ","CODCUENCA":" ","CODDS":0,"TIPO":" ","NOMBRE":" Victoria","ORDEN":" ","N_ORDEN":0,"FP":0,"ORD_STRAHL":0,"FR_STRAHLE":0,"ZPHAMIN":0,"ZPSMIN":0,"BUFF_DIST":0,"OBJECTID_1":6,"Shape_Length":1905.0468952154358}},{"type":"Feature","id":7,"geometry":{"type":"Polygon","coordinates":[[[-74.91634,5.31882],[-74.91634,5.31882],[-74.91634,5.31883],[-74.91635,5.31883],[-74.91635,5.31884],[-74.91638,5.31888],[-74.91638,5.31888],[-74.91642,5.31892],[-74.91644,5.31896],[-74.91644,5.31896],[-74.91645,5.31897],[-74.91646,5.31897],[-74.91646,5.31897],[-74.91647,5.31898],[-74.91652,5.31901],[-74.91653,5.31902],[-74.91653,5.31902],[-74.91657,5.31904],[-74.91657,5.31904],[-74.91662,5.31906],[-74.91665,5.31909],[-74.91666,5.3191],[-74.91667,5.3191],[-74.91671,5.31912],[-74.91673,5.31913],[-74.91675,5.31915],[-74.91676,5.31917],[-74.91677,5.31918],[-74.91677,5.31918],[-74.91681,5.31924],[-74.91684,5.31927],[-74.91684,5.31928],[-74.91684,5.31929],[-74.91688,5.31933],[-74.91692,5.31939],[-74.91697,5.31945],[-74.91697,5.31945],[-74.91702,5.31952],[-74.91703,5.31952],[-74.91703,5.31953],[-74.91704,5.31953],[-74.91704,5.31954],[-74.9171,5.31958],[-74.91719,5.31965],[-74.91726,5.31971],[-74.91726,5.31972],[-74.91727,5.31972],[-74.91736,5.31978],[-74.91737,5.31979],[-74.91737,5.31979],[-74.91744,5.31982],[-74.91744,5.31983],[-74.9175,5.31986],[-74.91751,5.31986],[-74.91752,5.31986],[-74.91752,5.31986],[-74.91758,5.31987],[-74.91758,5.31987],[-74.91759,5.31987],[-74.91759,5.31987],[-74.91766,5.31987],[-74.91773,5.31989],[-74.91778,5.31991],[-74.91786,5.31996],[-74.91787,5.31996],[-74.91792,5.31998],[-74.91793,5.31999],[-74.91794,5.31999],[-74.918,5.32],[-74.91801,5.32001],[-74.91801,5.32001],[-74.91807,5.32001],[-74.91807,5.32001],[-74.91812,5.32001],[-74.91812,5.32001],[-74.9182,5.32001],[-74.91826,5.32002],[-74.91832,5.32002],[-74.91837,5.32005],[-74.9185,5.32012],[-74.91859,5.32019],[-74.91881,5.32035],[-74.91894,5.32045],[-74.919,5.32049],[-74.91907,5.32055],[-74.91908,5.32055],[-74.91924,5.32066],[-74.91924,5.32066],[-74.9193,5.32069],[-74.9193,5.32069],[-74.91936,5.32073],[-74.91937,5.32073],[-74.91938,5.32073],[-74.91938,5.32073],[-74.91949,5.32076],[-74.91959,5.32081],[-74.91971,5.32086],[-74.91972,5.32087],[-74.91972,5.32087],[-74.91973,5.32087],[-74.91974,5.32087],[-74.91975,5.32087],[-74.91975,5.32087],[-74.91976,5.32087],[-74.91977,5.32087],[-74.91978,5.32087],[-74.91978,5.32086],[-74.91979,5.32086],[-74.9198,5.32085],[-74.9198,5.32085],[-74.91981,5.32084],[-74.91982,5.32084],[-74.91982,5.32083],[-74.91982,5.32083],[-74.91983,5.32082],[-74.91983,5.32081],[-74.91983,5.3208],[-74.91984,5.3208],[-74.91984,5.32079],[-74.91984,5.32078],[-74.91984,5.32077],[-74.91984,5.32076],[-74.91983,5.32076],[-74.91983,5.32075],[-74.91983,5.32074],[-74.91982,5.32074],[-74.91982,5.32073],[-74.91982,5.32072],[-74.91981,5.32072],[-74.9198,5.32071],[-74.9198,5.32071],[-74.91979,5.3207],[-74.91978,5.3207],[-74.91966,5.32065],[-74.91955,5.3206],[-74.91955,5.32059],[-74.91954,5.32059],[-74.91944,5.32056],[-74.91939,5.32053],[-74.91933,5.3205],[-74.91932,5.32049],[-74.91918,5.3204],[-74.91905,5.3203],[-74.91905,5.3203],[-74.91892,5.32021],[-74.91892,5.32021],[-74.9187,5.32005],[-74.9187,5.32005],[-74.9186,5.31997],[-74.91859,5.31997],[-74.91846,5.31989],[-74.91846,5.31989],[-74.91845,5.31989],[-74.91838,5.31985],[-74.91838,5.31985],[-74.91837,5.31985],[-74.91836,5.31985],[-74.91836,5.31985],[-74.91829,5.31984],[-74.91828,5.31984],[-74.91827,5.31984],[-74.9182,5.31983],[-74.9182,5.31983],[-74.91813,5.31983],[-74.91808,5.31983],[-74.91804,5.31983],[-74.91799,5.31982],[-74.91795,5.3198],[-74.91787,5.31975],[-74.91786,5.31975],[-74.91779,5.31972],[-74.91779,5.31971],[-74.91778,5.31971],[-74.91778,5.31971],[-74.91769,5.31969],[-74.91769,5.31969],[-74.91768,5.31969],[-74.91767,5.31969],[-74.9176,5.31969],[-74.91757,5.31969],[-74.91752,5.31966],[-74.91746,5.31963],[-74.91738,5.31958],[-74.91731,5.31951],[-74.91731,5.31951],[-74.9173,5.31951],[-74.91721,5.31943],[-74.9172,5.31943],[-74.91716,5.3194],[-74.91711,5.31934],[-74.91707,5.31928],[-74.91707,5.31927],[-74.91702,5.31922],[-74.91702,5.31922],[-74.91699,5.31918],[-74.91697,5.31914],[-74.91696,5.31913],[-74.91696,5.31913],[-74.91691,5.31907],[-74.9169,5.31905],[-74.9169,5.31904],[-74.91689,5.31904],[-74.91689,5.31903],[-74.91688,5.31903],[-74.91685,5.319],[-74.91685,5.319],[-74.91682,5.31897],[-74.91681,5.31897],[-74.9168,5.31896],[-74.9168,5.31896],[-74.91675,5.31894],[-74.91672,5.31891],[-74.91671,5.31891],[-74.9167,5.31891],[-74.91665,5.31888],[-74.91662,5.31886],[-74.91657,5.31883],[-74.91656,5.31881],[-74.91656,5.31881],[-74.91654,5.31878],[-74.91653,5.31879],[-74.91653,5.31878],[-74.91652,5.31877],[-74.91651,5.31875],[-74.91647,5.31868],[-74.91646,5.31867],[-74.91646,5.31865],[-74.91645,5.31863],[-74.91645,5.31862],[-74.91645,5.31862],[-74.91645,5.31861],[-74.91646,5.31857],[-74.91647,5.31855],[-74.91649,5.31852],[-74.91651,5.31848],[-74.91653,5.31846],[-74.91653,5.31845],[-74.91656,5.31841],[-74.91662,5.31834],[-74.91662,5.31833],[-74.91665,5.31829],[-74.91665,5.31829],[-74.91665,5.31829],[-74.9167,5.3182],[-74.9167,5.31819],[-74.9167,5.31818],[-74.91671,5.31817],[-74.91671,5.31817],[-74.91671,5.31816],[-74.91671,5.31807],[-74.91671,5.31799],[-74.91673,5.31792],[-74.91673,5.31792],[-74.91675,5.31783],[-74.91678,5.31775],[-74.91679,5.31774],[-74.91679,5.31773],[-74.91679,5.31772],[-74.91679,5.31772],[-74.91679,5.31772],[-74.9168,5.31772],[-74.9168,5.31773],[-74.91681,5.31773],[-74.91682,5.31774],[-74.91683,5.31774],[-74.91685,5.31774],[-74.91685,5.31774],[-74.91686,5.31775],[-74.91688,5.31775],[-74.91689,5.31775],[-74.9169,5.31775],[-74.91692,5.31774],[-74.91693,5.31774],[-74.91694,5.31774],[-74.91695,5.31774],[-74.91695,5.31774],[-74.91696,5.31773],[-74.91697,5.31773],[-74.917,5.31772],[-74.91702,5.31771],[-74.91702,5.31771],[-74.91704,5.31769],[-74.91705,5.31769],[-74.91705,5.31769],[-74.91707,5.31768],[-74.9171,5.31766],[-74.9171,5.31766],[-74.91713,5.31765],[-74.91717,5.31763],[-74.91722,5.3176],[-74.91727,5.31758],[-74.91732,5.31757],[-74.91736,5.31757],[-74.91741,5.31757],[-74.91748,5.31759],[-74.91752,5.31761],[-74.91758,5.31764],[-74.91768,5.31771],[-74.91776,5.31779],[-74.91781,5.31787],[-74.91781,5.31787],[-74.91787,5.31794],[-74.91787,5.31795],[-74.91787,5.31795],[-74.91792,5.318],[-74.91793,5.31801],[-74.91793,5.31801],[-74.91798,5.31806],[-74.91799,5.31806],[-74.91799,5.31806],[-74.918,5.31807],[-74.91804,5.31809],[-74.91805,5.31809],[-74.91806,5.31809],[-74.91813,5.31811],[-74.91813,5.31811],[-74.91814,5.31811],[-74.91824,5.31812],[-74.91831,5.31813],[-74.91839,5.31815],[-74.91848,5.31818],[-74.91859,5.31822],[-74.91869,5.31828],[-74.91877,5.31834],[-74.91878,5.31835],[-74.91886,5.31841],[-74.91894,5.31848],[-74.91894,5.31848],[-74.91894,5.31848],[-74.91902,5.31854],[-74.91902,5.31855],[-74.91903,5.31855],[-74.91908,5.31858],[-74.91909,5.31858],[-74.91909,5.31859],[-74.91916,5.31862],[-74.91917,5.31863],[-74.91917,5.31863],[-74.91917,5.31863],[-74.91922,5.31865],[-74.91922,5.31865],[-74.91923,5.31865],[-74.91923,5.31865],[-74.91927,5.31866],[-74.91928,5.31866],[-74.91928,5.31866],[-74.91933,5.31866],[-74.91934,5.31866],[-74.91935,5.31865],[-74.91935,5.31865],[-74.9194,5.31864],[-74.91944,5.31864],[-74.91944,5.31864],[-74.91946,5.31865],[-74.91947,5.31865],[-74.91947,5.31865],[-74.91952,5.31866],[-74.91953,5.31867],[-74.91956,5.31867],[-74.91957,5.31867],[-74.91957,5.31868],[-74.91958,5.31868],[-74.91962,5.31868],[-74.91963,5.31868],[-74.91963,5.31867],[-74.91964,5.31867],[-74.91965,5.31867],[-74.91968,5.31866],[-74.91969,5.31866],[-74.91969,5.31866],[-74.91973,5.31864],[-74.91973,5.31864],[-74.91976,5.31863],[-74.91978,5.31862],[-74.91979,5.31862],[-74.9198,5.31862],[-74.91981,5.31864],[-74.91981,5.31864],[-74.91982,5.31865],[-74.91982,5.31865],[-74.91984,5.31867],[-74.91986,5.31869],[-74.91988,5.31872],[-74.91989,5.31873],[-74.91989,5.31874],[-74.91992,5.31877],[-74.91996,5.31881],[-74.91996,5.31881],[-74.91996,5.31882],[-74.91997,5.31882],[-74.91998,5.31883],[-74.91998,5.31883],[-74.91999,5.31883],[-74.92,5.31884],[-74.92005,5.31885],[-74.92005,5.31885],[-74.92005,5.31885],[-74.92011,5.31886],[-74.92011,5.31886],[-74.92012,5.31886],[-74.92017,5.31886],[-74.92017,5.31886],[-74.92024,5.31886],[-74.92028,5.31886],[-74.92028,5.31886],[-74.92029,5.31889],[-74.92029,5.31893],[-74.92029,5.31893],[-74.9203,5.31894],[-74.92031,5.31899],[-74.92031,5.319],[-74.92031,5.31901],[-74.92032,5.31901],[-74.92032,5.31902],[-74.92035,5.31905],[-74.92035,5.31906],[-74.92036,5.31907],[-74.92036,5.31907],[-74.92037,5.31908],[-74.92042,5.31911],[-74.92043,5.31912],[-74.92044,5.31912],[-74.92049,5.31914],[-74.92049,5.31914],[-74.9205,5.31915],[-74.92051,5.31915],[-74.92058,5.31916],[-74.92065,5.31918],[-74.92065,5.31918],[-74.92078,5.3192],[-74.92078,5.3192],[-74.92079,5.3192],[-74.92086,5.31921],[-74.92086,5.31921],[-74.92089,5.31921],[-74.92089,5.31922],[-74.92092,5.31925],[-74.92092,5.31925],[-74.92095,5.31929],[-74.92097,5.31932],[-74.92097,5.31932],[-74.921,5.31938],[-74.921,5.31938],[-74.92101,5.31939],[-74.92104,5.31943],[-74.92104,5.31944],[-74.92105,5.31945],[-74.92105,5.31945],[-74.92106,5.31946],[-74.92107,5.31946],[-74.92107,5.31946],[-74.92113,5.31949],[-74.92115,5.31951],[-74.92117,5.31954],[-74.9212,5.3196],[-74.9212,5.3196],[-74.92121,5.31961],[-74.92121,5.31962],[-74.92122,5.31962],[-74.92122,5.31963],[-74.92123,5.31963],[-74.92124,5.31964],[-74.92124,5.31964],[-74.92125,5.31964],[-74.92126,5.31964],[-74.92127,5.31965],[-74.92127,5.31965],[-74.92128,5.31965],[-74.92129,5.31965],[-74.9213,5.31965],[-74.92131,5.31964],[-74.92131,5.31964],[-74.92132,5.31964],[-74.92133,5.31964],[-74.92133,5.31963],[-74.92134,5.31963],[-74.92135,5.31962],[-74.92135,5.31962],[-74.92136,5.31961],[-74.92136,5.3196],[-74.92136,5.3196],[-74.92137,5.31959],[-74.92137,5.31958],[-74.92137,5.31957],[-74.92137,5.31957],[-74.92137,5.31956],[-74.92137,5.31955],[-74.92137,5.31954],[-74.92137,5.31953],[-74.92137,5.31953],[-74.92136,5.31952],[-74.92133,5.31945],[-74.92133,5.31945],[-74.92133,5.31944],[-74.92132,5.31944],[-74.92128,5.31939],[-74.92128,5.31938],[-74.92128,5.31938],[-74.92127,5.31937],[-74.92126,5.31937],[-74.92122,5.31934],[-74.92122,5.31934],[-74.92122,5.31934],[-74.92117,5.31931],[-74.92116,5.31929],[-74.92113,5.31924],[-74.92111,5.31919],[-74.92111,5.31919],[-74.9211,5.31918],[-74.9211,5.31918],[-74.9211,5.31917],[-74.92106,5.31913],[-74.92102,5.31909],[-74.92102,5.31909],[-74.92101,5.31908],[-74.92101,5.31908],[-74.92097,5.31905],[-74.92097,5.31905],[-74.92096,5.31904],[-74.92095,5.31904],[-74.92094,5.31904],[-74.92094,5.31904],[-74.92093,5.31904],[-74.92088,5.31903],[-74.92081,5.31902],[-74.92069,5.319],[-74.92062,5.31899],[-74.92061,5.31899],[-74.92055,5.31897],[-74.92051,5.31896],[-74.92048,5.31894],[-74.92048,5.31893],[-74.92047,5.3189],[-74.92047,5.31887],[-74.92047,5.31886],[-74.92046,5.31881],[-74.92046,5.31881],[-74.92046,5.3188],[-74.92046,5.3188],[-74.92045,5.31879],[-74.92044,5.31875],[-74.92043,5.31875],[-74.92043,5.31874],[-74.92042,5.31873],[-74.92042,5.31873],[-74.92041,5.31872],[-74.92041,5.31872],[-74.9204,5.31871],[-74.92039,5.31871],[-74.92034,5.31868],[-74.92033,5.31868],[-74.92032,5.31868],[-74.92032,5.31868],[-74.92031,5.31867],[-74.9203,5.31867],[-74.92024,5.31867],[-74.92023,5.31867],[-74.92016,5.31868],[-74.92013,5.31868],[-74.92009,5.31867],[-74.92007,5.31867],[-74.92005,5.31865],[-74.92005,5.31865],[-74.92003,5.31862],[-74.92001,5.31859],[-74.92001,5.31859],[-74.91998,5.31855],[-74.91998,5.31855],[-74.91997,5.31854],[-74.91997,5.31853],[-74.91996,5.31853],[-74.91994,5.31851],[-74.91992,5.31849],[-74.91991,5.31848],[-74.91991,5.31848],[-74.9199,5.31847],[-74.9199,5.31847],[-74.91989,5.31847],[-74.91988,5.31846],[-74.91984,5.31845],[-74.91984,5.31845],[-74.91983,5.31844],[-74.91982,5.31844],[-74.91981,5.31844],[-74.91981,5.31844],[-74.91976,5.31844],[-74.91976,5.31844],[-74.91975,5.31844],[-74.91974,5.31844],[-74.91974,5.31844],[-74.9197,5.31846],[-74.9197,5.31846],[-74.91969,5.31846],[-74.91966,5.31847],[-74.91963,5.31849],[-74.9196,5.3185],[-74.91959,5.3185],[-74.91957,5.31849],[-74.91953,5.31848],[-74.9195,5.31846],[-74.91949,5.31846],[-74.91949,5.31846],[-74.91948,5.31846],[-74.91947,5.31846],[-74.91944,5.31846],[-74.91943,5.31845],[-74.91942,5.31846],[-74.91942,5.31846],[-74.91941,5.31846],[-74.91936,5.31847],[-74.91936,5.31847],[-74.91932,5.31847],[-74.91929,5.31847],[-74.91927,5.31847],[-74.91924,5.31846],[-74.91918,5.31843],[-74.91913,5.3184],[-74.91906,5.31834],[-74.91898,5.31827],[-74.91897,5.31827],[-74.91897,5.31826],[-74.91888,5.3182],[-74.9188,5.31813],[-74.9188,5.31813],[-74.91879,5.31813],[-74.91879,5.31812],[-74.91867,5.31806],[-74.91866,5.31806],[-74.91855,5.31801],[-74.91855,5.31801],[-74.91854,5.31801],[-74.91844,5.31797],[-74.91843,5.31797],[-74.91834,5.31795],[-74.91834,5.31795],[-74.91834,5.31795],[-74.91826,5.31794],[-74.91826,5.31794],[-74.91816,5.31793],[-74.91811,5.31792],[-74.91809,5.31791],[-74.91805,5.31788],[-74.91801,5.31784],[-74.91796,5.31777],[-74.91791,5.31768],[-74.9179,5.31767],[-74.9179,5.31767],[-74.91789,5.31766],[-74.9178,5.31757],[-74.9178,5.31757],[-74.91779,5.31756],[-74.91768,5.31749],[-74.91767,5.31749],[-74.91767,5.31748],[-74.9176,5.31745],[-74.9176,5.31745],[-74.91755,5.31743],[-74.91754,5.31742],[-74.91753,5.31742],[-74.91745,5.3174],[-74.91744,5.3174],[-74.91744,5.3174],[-74.91738,5.31739],[-74.91738,5.31739],[-74.91737,5.31739],[-74.91737,5.31739],[-74.91731,5.31739],[-74.9173,5.31739],[-74.91729,5.31739],[-74.91729,5.31739],[-74.91722,5.31741],[-74.91721,5.31741],[-74.91721,5.31741],[-74.91714,5.31744],[-74.91714,5.31744],[-74.91709,5.31746],[-74.91709,5.31746],[-74.91705,5.31749],[-74.91704,5.31749],[-74.91701,5.3175],[-74.91699,5.31752],[-74.91698,5.31752],[-74.91698,5.31752],[-74.91696,5.31753],[-74.91694,5.31755],[-74.91692,5.31756],[-74.9169,5.31756],[-74.91689,5.31757],[-74.91689,5.31757],[-74.91687,5.31755],[-74.91686,5.31755],[-74.91686,5.31755],[-74.91685,5.31754],[-74.91684,5.31754],[-74.91683,5.31753],[-74.9168,5.31751],[-74.91678,5.31748],[-74.91677,5.31748],[-74.91676,5.31747],[-74.91669,5.31743],[-74.91665,5.3174],[-74.91663,5.31735],[-74.91662,5.31735],[-74.91659,5.31729],[-74.91656,5.31721],[-74.91656,5.3172],[-74.91654,5.31716],[-74.91656,5.31715],[-74.91657,5.31714],[-74.91657,5.31706],[-74.91657,5.31704],[-74.91656,5.31703],[-74.91654,5.31695],[-74.91654,5.31694],[-74.91651,5.31684],[-74.91649,5.31681],[-74.91649,5.3168],[-74.91644,5.31673],[-74.91643,5.31671],[-74.91641,5.31669],[-74.91637,5.31666],[-74.91634,5.31663],[-74.91631,5.31661],[-74.91618,5.31654],[-74.91618,5.31653],[-74.91611,5.3165],[-74.91609,5.31649],[-74.91601,5.31645],[-74.91599,5.31644],[-74.91596,5.31639],[-74.91595,5.31638],[-74.91592,5.31636],[-74.91588,5.31632],[-74.91588,5.31632],[-74.91584,5.31627],[-74.91583,5.31625],[-74.91581,5.3162],[-74.91581,5.31618],[-74.9158,5.31615],[-74.9158,5.31605],[-74.9158,5.31602],[-74.91579,5.31594],[-74.91579,5.31593],[-74.91578,5.31586],[-74.91576,5.31578],[-74.91576,5.31572],[-74.91576,5.31571],[-74.91575,5.31567],[-74.91574,5.31565],[-74.91573,5.31563],[-74.91572,5.31562],[-74.9157,5.3156],[-74.91567,5.31558],[-74.91564,5.31557],[-74.91561,5.31556],[-74.91558,5.31556],[-74.91556,5.31556],[-74.91552,5.31551],[-74.91548,5.31546],[-74.91546,5.31542],[-74.91545,5.31536],[-74.91543,5.31528],[-74.91543,5.31521],[-74.91544,5.31511],[-74.91548,5.31488],[-74.91548,5.31487],[-74.91548,5.31486],[-74.91548,5.31486],[-74.91548,5.31485],[-74.91548,5.31484],[-74.91548,5.31483],[-74.91547,5.31483],[-74.91547,5.31482],[-74.91546,5.31481],[-74.91546,5.31481],[-74.91545,5.3148],[-74.91545,5.31479],[-74.91544,5.31479],[-74.91544,5.31478],[-74.91543,5.31478],[-74.91542,5.31478],[-74.91541,5.31478],[-74.91541,5.31477],[-74.9154,5.31477],[-74.91539,5.31477],[-74.91538,5.31477],[-74.91537,5.31477],[-74.91537,5.31478],[-74.91536,5.31478],[-74.91535,5.31478],[-74.91535,5.31478],[-74.91534,5.31479],[-74.91533,5.31479],[-74.91533,5.3148],[-74.91532,5.31481],[-74.91532,5.31481],[-74.91531,5.31482],[-74.91531,5.31483],[-74.91531,5.31483],[-74.9153,5.31484],[-74.9153,5.31485],[-74.9153,5.31485],[-74.91529,5.31494],[-74.91527,5.31495],[-74.91527,5.31494],[-74.91524,5.31494],[-74.91521,5.31493],[-74.91518,5.31494],[-74.91515,5.31494],[-74.91512,5.31496],[-74.91508,5.31498],[-74.91505,5.315],[-74.91502,5.31503],[-74.91498,5.31505],[-74.91493,5.31508],[-74.91491,5.31509],[-74.91489,5.31511],[-74.91487,5.31513],[-74.91483,5.31518],[-74.91483,5.31519],[-74.91478,5.31525],[-74.91477,5.31527],[-74.91476,5.31529],[-74.91476,5.31531],[-74.91474,5.31537],[-74.91473,5.3154],[-74.91473,5.31542],[-74.91474,5.31547],[-74.91473,5.31551],[-74.91473,5.31551],[-74.91471,5.31555],[-74.91467,5.31563],[-74.91466,5.31564],[-74.91463,5.31572],[-74.91461,5.31575],[-74.9146,5.31577],[-74.9146,5.31579],[-74.91459,5.31582],[-74.91459,5.31587],[-74.91458,5.31589],[-74.91457,5.31596],[-74.91454,5.31605],[-74.91453,5.31608],[-74.91452,5.31611],[-74.91452,5.31614],[-74.91449,5.31624],[-74.91448,5.31628],[-74.91436,5.31636],[-74.91435,5.31637],[-74.91433,5.31644],[-74.91432,5.31647],[-74.91431,5.31651],[-74.91431,5.31655],[-74.91431,5.31659],[-74.91432,5.31663],[-74.91434,5.31667],[-74.91436,5.3167],[-74.91439,5.31673],[-74.91442,5.31675],[-74.91446,5.31677],[-74.9145,5.31678],[-74.91454,5.31679],[-74.91458,5.31679],[-74.91462,5.31678],[-74.91465,5.31677],[-74.91469,5.31675],[-74.91472,5.31672],[-74.91475,5.31669],[-74.91477,5.31666],[-74.91475,5.31662],[-74.91476,5.3166],[-74.91478,5.31653],[-74.9148,5.31646],[-74.91484,5.31635],[-74.91484,5.31634],[-74.91487,5.31623],[-74.91487,5.31621],[-74.91488,5.31616],[-74.91492,5.31607],[-74.91493,5.31603],[-74.91494,5.31595],[-74.91494,5.31594],[-74.91495,5.31589],[-74.91495,5.31588],[-74.91495,5.31588],[-74.91496,5.31587],[-74.91499,5.3158],[-74.91503,5.31571],[-74.91504,5.3157],[-74.91507,5.31563],[-74.91507,5.31562],[-74.91508,5.31559],[-74.9151,5.31552],[-74.9151,5.31551],[-74.9151,5.31548],[-74.9151,5.31547],[-74.9151,5.31543],[-74.91512,5.3154],[-74.91513,5.31538],[-74.91516,5.31537],[-74.91517,5.31536],[-74.91518,5.31535],[-74.91524,5.31531],[-74.91525,5.31531],[-74.91525,5.3153],[-74.91525,5.3153],[-74.91527,5.31539],[-74.91527,5.31539],[-74.91527,5.3154],[-74.91529,5.31548],[-74.91529,5.31548],[-74.91529,5.31549],[-74.91529,5.31549],[-74.91529,5.3155],[-74.91533,5.31556],[-74.91533,5.31556],[-74.91533,5.31557],[-74.91534,5.31557],[-74.91538,5.31562],[-74.91538,5.31563],[-74.91541,5.31567],[-74.91541,5.31568],[-74.9154,5.31571],[-74.9154,5.31574],[-74.9154,5.31575],[-74.91541,5.31581],[-74.91541,5.31582],[-74.91542,5.31591],[-74.91542,5.31592],[-74.91543,5.31599],[-74.91544,5.31606],[-74.91544,5.31617],[-74.91544,5.31619],[-74.91545,5.31625],[-74.91545,5.31625],[-74.91546,5.31628],[-74.91546,5.3163],[-74.91545,5.31633],[-74.91542,5.31639],[-74.91539,5.31646],[-74.91539,5.31647],[-74.91536,5.31656],[-74.91535,5.31659],[-74.91535,5.3166],[-74.91534,5.31666],[-74.91534,5.31666],[-74.91533,5.31668],[-74.91532,5.3167],[-74.9153,5.31676],[-74.91529,5.31677],[-74.91529,5.31679],[-74.91527,5.31683],[-74.91527,5.31685],[-74.91526,5.31689],[-74.91526,5.31692],[-74.91526,5.31694],[-74.91526,5.31701],[-74.91526,5.31703],[-74.91527,5.31706],[-74.91528,5.31708],[-74.91529,5.31715],[-74.9153,5.31721],[-74.9153,5.31723],[-74.9153,5.31728],[-74.91531,5.3173],[-74.91532,5.31732],[-74.91533,5.31734],[-74.91535,5.31735],[-74.91537,5.31737],[-74.91539,5.31738],[-74.91541,5.31738],[-74.91544,5.31739],[-74.91546,5.31739],[-74.91548,5.31738],[-74.9155,5.31737],[-74.91552,5.31736],[-74.91554,5.31734],[-74.91555,5.31732],[-74.91557,5.3173],[-74.91557,5.31728],[-74.91557,5.31721],[-74.91556,5.31712],[-74.91556,5.31712],[-74.91555,5.31702],[-74.91555,5.31702],[-74.91554,5.31701],[-74.91553,5.31698],[-74.91553,5.31694],[-74.91553,5.3169],[-74.91555,5.31687],[-74.91557,5.31681],[-74.91558,5.3168],[-74.91558,5.31679],[-74.9156,5.31672],[-74.9156,5.31671],[-74.91561,5.31664],[-74.91564,5.31657],[-74.91567,5.3165],[-74.91567,5.3165],[-74.91567,5.3165],[-74.91568,5.31651],[-74.91569,5.31652],[-74.91574,5.31656],[-74.91579,5.31663],[-74.9158,5.31664],[-74.91581,5.31665],[-74.91582,5.31666],[-74.91589,5.3167],[-74.9159,5.3167],[-74.91599,5.31674],[-74.91605,5.31677],[-74.91617,5.31684],[-74.91622,5.31689],[-74.91625,5.31694],[-74.91628,5.31703],[-74.9163,5.31709],[-74.91631,5.31717],[-74.91633,5.31718],[-74.91635,5.31719],[-74.91639,5.31728],[-74.91643,5.31736],[-74.91643,5.31737],[-74.91646,5.31743],[-74.91649,5.31749],[-74.9165,5.3175],[-74.9165,5.3175],[-74.91655,5.31758],[-74.91658,5.31765],[-74.91659,5.31767],[-74.9166,5.31771],[-74.91658,5.31777],[-74.91658,5.31778],[-74.91656,5.31788],[-74.91654,5.31795],[-74.91654,5.31796],[-74.91654,5.31797],[-74.91653,5.31806],[-74.91653,5.31807],[-74.91653,5.31813],[-74.91652,5.31815],[-74.91653,5.31816],[-74.91653,5.31816],[-74.91652,5.31817],[-74.91648,5.31822],[-74.91642,5.3183],[-74.91642,5.3183],[-74.91638,5.31835],[-74.91638,5.31835],[-74.91636,5.31838],[-74.91636,5.31838],[-74.91633,5.31842],[-74.91633,5.31843],[-74.91633,5.31843],[-74.91631,5.31847],[-74.91631,5.31847],[-74.91631,5.31847],[-74.9163,5.31848],[-74.9163,5.31848],[-74.91629,5.31851],[-74.91629,5.31851],[-74.91629,5.31851],[-74.91628,5.31856],[-74.91627,5.31857],[-74.91627,5.31857],[-74.91627,5.3186],[-74.91627,5.31861],[-74.91627,5.31862],[-74.91627,5.31863],[-74.91627,5.31864],[-74.91627,5.31866],[-74.91627,5.31867],[-74.91627,5.31867],[-74.91627,5.31868],[-74.91629,5.31871],[-74.91629,5.31872],[-74.91629,5.31872],[-74.9163,5.31875],[-74.9163,5.31875],[-74.91634,5.31882]]]},"properties":{"Id":0,"OBJECTID":0,"FID_1":0,"SID":0,"SRSID":0,"Length":0,"Area":0,"Shape_Leng":0,"Shape_Area":46461.29638221687,"ID_DS":0,"CODDEP":" ","CODCUENCA":" ","CODDS":0,"TIPO":" ","NOMBRE":" Victoria","ORDEN":" ","N_ORDEN":0,"FP":0,"ORD_STRAHL":0,"FR_STRAHLE":0,"ZPHAMIN":0,"ZPSMIN":0,"BUFF_DIST":0,"OBJECTID_1":7,"Shape_Length":3812.454661596806}},{"type":"Feature","id":9,"geometry":{"type":"Polygon","coordinates":[[[-74.91515,5.32059],[-74.91516,5.32059],[-74.91517,5.3206],[-74.91521,5.32062],[-74.91525,5.32063],[-74.91525,5.32063],[-74.91526,5.32065],[-74.91527,5.32069],[-74.91528,5.32069],[-74.91528,5.3207],[-74.91529,5.32073],[-74.91531,5.32076],[-74.91533,5.32079],[-74.91533,5.32079],[-74.91536,5.32082],[-74.91539,5.32084],[-74.9154,5.32085],[-74.91544,5.32087],[-74.91546,5.32089],[-74.91548,5.3209],[-74.91551,5.32091],[-74.91554,5.32092],[-74.91557,5.32093],[-74.91561,5.32094],[-74.91565,5.32094],[-74.91569,5.32094],[-74.91582,5.32089],[-74.91583,5.3209],[-74.91586,5.32091],[-74.91589,5.32092],[-74.91592,5.32092],[-74.91593,5.32092],[-74.91593,5.32092],[-74.91596,5.32094],[-74.91599,5.32095],[-74.91602,5.32095],[-74.91605,5.32095],[-74.91606,5.32094],[-74.91607,5.32094],[-74.91609,5.32094],[-74.9161,5.32094],[-74.91613,5.32093],[-74.91615,5.32092],[-74.91616,5.32092],[-74.91617,5.32092],[-74.91619,5.32092],[-74.9162,5.32094],[-74.91621,5.32098],[-74.91621,5.32099],[-74.91624,5.32105],[-74.91625,5.32107],[-74.91625,5.32108],[-74.91627,5.32111],[-74.91629,5.32115],[-74.9163,5.32118],[-74.91632,5.32121],[-74.91634,5.32123],[-74.91637,5.32125],[-74.9164,5.32126],[-74.91643,5.32127],[-74.91646,5.32127],[-74.91649,5.32127],[-74.9165,5.32127],[-74.9166,5.32135],[-74.91661,5.32136],[-74.91661,5.32136],[-74.91668,5.3214],[-74.91668,5.3214],[-74.91669,5.32141],[-74.9167,5.32141],[-74.91676,5.32143],[-74.91688,5.32149],[-74.91689,5.32149],[-74.91701,5.32154],[-74.91701,5.32154],[-74.91701,5.32154],[-74.91719,5.3216],[-74.9172,5.3216],[-74.91721,5.3216],[-74.91721,5.3216],[-74.91722,5.32161],[-74.91723,5.3216],[-74.91724,5.3216],[-74.91724,5.3216],[-74.91725,5.3216],[-74.91726,5.3216],[-74.91727,5.32159],[-74.91727,5.32159],[-74.91728,5.32158],[-74.91729,5.32158],[-74.91729,5.32157],[-74.9173,5.32157],[-74.9173,5.32156],[-74.9173,5.32155],[-74.91731,5.32155],[-74.91731,5.32154],[-74.91731,5.32153],[-74.91731,5.32152],[-74.91731,5.32151],[-74.91731,5.32151],[-74.91731,5.3215],[-74.91731,5.32149],[-74.91731,5.32148],[-74.9173,5.32148],[-74.9173,5.32147],[-74.9173,5.32146],[-74.91729,5.32146],[-74.91729,5.32145],[-74.91728,5.32145],[-74.91727,5.32144],[-74.91727,5.32144],[-74.91726,5.32143],[-74.91725,5.32143],[-74.91725,5.32143],[-74.91707,5.32137],[-74.91695,5.32133],[-74.91683,5.32127],[-74.91683,5.32127],[-74.91677,5.32124],[-74.91671,5.32121],[-74.91663,5.32114],[-74.91664,5.32112],[-74.91664,5.32109],[-74.91664,5.32106],[-74.91663,5.32104],[-74.91663,5.32103],[-74.91661,5.32097],[-74.91659,5.32094],[-74.91659,5.32092],[-74.91656,5.32089],[-74.91655,5.32086],[-74.91654,5.32085],[-74.91654,5.32082],[-74.91654,5.32079],[-74.91654,5.32076],[-74.91651,5.3207],[-74.9165,5.32067],[-74.91649,5.32065],[-74.91647,5.32063],[-74.91642,5.32058],[-74.91642,5.32058],[-74.91641,5.32057],[-74.91639,5.32055],[-74.91636,5.32054],[-74.91633,5.32053],[-74.9163,5.32053],[-74.91626,5.32053],[-74.91626,5.32053],[-74.91621,5.32054],[-74.91614,5.32056],[-74.91613,5.32056],[-74.9161,5.32056],[-74.91607,5.32056],[-74.91606,5.32057],[-74.91605,5.32057],[-74.91604,5.32057],[-74.91603,5.32056],[-74.91602,5.32056],[-74.916,5.32056],[-74.916,5.32055],[-74.91599,5.32055],[-74.91598,5.32054],[-74.91596,5.32053],[-74.91596,5.32052],[-74.91594,5.32051],[-74.91592,5.32051],[-74.91589,5.3205],[-74.91586,5.3205],[-74.91584,5.3205],[-74.91583,5.3205],[-74.91582,5.3205],[-74.91579,5.32049],[-74.91578,5.32049],[-74.91577,5.32049],[-74.91576,5.32049],[-74.91576,5.32049],[-74.91574,5.32048],[-74.91571,5.32048],[-74.9157,5.32046],[-74.91569,5.32044],[-74.91568,5.32042],[-74.91566,5.3204],[-74.91566,5.3204],[-74.91565,5.32039],[-74.91563,5.32038],[-74.91562,5.32036],[-74.91561,5.32035],[-74.91561,5.32034],[-74.9156,5.32033],[-74.91559,5.32032],[-74.91558,5.3203],[-74.91556,5.32027],[-74.91555,5.32027],[-74.91554,5.32026],[-74.91553,5.32025],[-74.91551,5.32024],[-74.91549,5.32023],[-74.91547,5.32022],[-74.91545,5.32021],[-74.91543,5.32019],[-74.91541,5.32018],[-74.91539,5.32017],[-74.91536,5.32017],[-74.91535,5.32016],[-74.91533,5.32015],[-74.91532,5.32014],[-74.91529,5.32012],[-74.91526,5.32012],[-74.91526,5.32012],[-74.91525,5.32011],[-74.91525,5.3201],[-74.91525,5.32009],[-74.91529,5.32007],[-74.91535,5.32004],[-74.91543,5.32002],[-74.91547,5.32],[-74.91548,5.32],[-74.91549,5.31999],[-74.91553,5.31998],[-74.91555,5.31996],[-74.91557,5.31993],[-74.91559,5.3199],[-74.9156,5.31987],[-74.91561,5.31984],[-74.91561,5.31981],[-74.9156,5.31978],[-74.91559,5.31975],[-74.91557,5.31972],[-74.91555,5.31969],[-74.91553,5.31967],[-74.9155,5.31966],[-74.91547,5.31964],[-74.91544,5.31964],[-74.9154,5.31964],[-74.91536,5.31966],[-74.91532,5.31967],[-74.9153,5.31967],[-74.91522,5.31971],[-74.91515,5.31974],[-74.91512,5.31975],[-74.91505,5.31979],[-74.91502,5.31981],[-74.91501,5.31982],[-74.91498,5.31985],[-74.91496,5.31984],[-74.91495,5.31982],[-74.91493,5.31981],[-74.91492,5.31979],[-74.91489,5.31978],[-74.91486,5.31976],[-74.91483,5.31975],[-74.9148,5.31975],[-74.9148,5.31975],[-74.91478,5.31975],[-74.91477,5.31975],[-74.91475,5.31974],[-74.91468,5.31962],[-74.91464,5.31962],[-74.91463,5.31962],[-74.91461,5.31962],[-74.91459,5.31963],[-74.91455,5.31964],[-74.91452,5.31964],[-74.9145,5.31965],[-74.91448,5.31966],[-74.91447,5.31964],[-74.91446,5.31963],[-74.91444,5.31959],[-74.91443,5.31957],[-74.91443,5.31957],[-74.91441,5.31954],[-74.91439,5.31951],[-74.91436,5.31949],[-74.91435,5.31949],[-74.91432,5.31946],[-74.91428,5.31945],[-74.91427,5.31945],[-74.91425,5.31944],[-74.9142,5.31943],[-74.91418,5.31942],[-74.91414,5.31942],[-74.91413,5.31942],[-74.91408,5.31942],[-74.91406,5.31942],[-74.91404,5.31942],[-74.914,5.31943],[-74.91396,5.31945],[-74.91396,5.31945],[-74.91393,5.31947],[-74.91391,5.31949],[-74.9139,5.31949],[-74.91388,5.31952],[-74.91388,5.31968],[-74.91388,5.31968],[-74.91387,5.31968],[-74.91386,5.31968],[-74.91386,5.31968],[-74.91385,5.31968],[-74.91384,5.31968],[-74.91383,5.31968],[-74.91383,5.31968],[-74.91383,5.31968],[-74.91382,5.31968],[-74.91382,5.31968],[-74.91381,5.31968],[-74.9138,5.31968],[-74.9138,5.31968],[-74.91379,5.31967],[-74.91379,5.31967],[-74.91378,5.31967],[-74.91377,5.31967],[-74.91376,5.31967],[-74.91375,5.31967],[-74.91374,5.31967],[-74.91373,5.31967],[-74.91373,5.31967],[-74.91372,5.31967],[-74.91371,5.31968],[-74.9137,5.31968],[-74.91369,5.31968],[-74.91369,5.31968],[-74.91369,5.31968],[-74.91369,5.31969],[-74.91368,5.31969],[-74.91362,5.31965],[-74.91359,5.31964],[-74.91357,5.31964],[-74.91355,5.31965],[-74.91354,5.31965],[-74.91353,5.31965],[-74.91352,5.31965],[-74.91349,5.31966],[-74.91348,5.31967],[-74.91347,5.31967],[-74.91346,5.31967],[-74.91345,5.31967],[-74.91344,5.31965],[-74.91343,5.31964],[-74.91342,5.31962],[-74.91341,5.31962],[-74.91341,5.31961],[-74.91339,5.3196],[-74.91337,5.31958],[-74.91334,5.31957],[-74.91331,5.31956],[-74.9133,5.31956],[-74.91327,5.31955],[-74.91324,5.31956],[-74.91321,5.31957],[-74.91318,5.31958],[-74.91318,5.31958],[-74.91315,5.3196],[-74.91314,5.31961],[-74.91302,5.31947],[-74.913,5.31946],[-74.91297,5.31945],[-74.91296,5.31945],[-74.91295,5.31943],[-74.91292,5.31941],[-74.91289,5.3194],[-74.91285,5.31938],[-74.91282,5.31938],[-74.91278,5.31937],[-74.91275,5.31937],[-74.91272,5.31938],[-74.91269,5.31937],[-74.91267,5.31936],[-74.91266,5.31936],[-74.91262,5.31935],[-74.91261,5.31945],[-74.91259,5.31944],[-74.91256,5.31945],[-74.91253,5.31945],[-74.9125,5.31946],[-74.91249,5.31946],[-74.91248,5.31946],[-74.91247,5.31946],[-74.91246,5.31946],[-74.91246,5.31946],[-74.91246,5.31945],[-74.91244,5.31943],[-74.91244,5.31943],[-74.91244,5.31943],[-74.91243,5.31941],[-74.91242,5.31941],[-74.91241,5.31939],[-74.91239,5.31937],[-74.91237,5.31936],[-74.91241,5.31927],[-74.91238,5.31925],[-74.91237,5.31922],[-74.91235,5.31918],[-74.91232,5.31915],[-74.91231,5.31912],[-74.9123,5.31909],[-74.91229,5.31906],[-74.91227,5.31903],[-74.91225,5.319],[-74.91226,5.31897],[-74.91227,5.31893],[-74.91228,5.31888],[-74.91227,5.31884],[-74.91227,5.31882],[-74.91226,5.31879],[-74.91216,5.31879],[-74.91214,5.31877],[-74.91212,5.31874],[-74.91209,5.31873],[-74.91207,5.31871],[-74.91206,5.31871],[-74.91204,5.3187],[-74.91202,5.3187],[-74.912,5.3187],[-74.91198,5.3187],[-74.91195,5.3187],[-74.91195,5.3187],[-74.91194,5.31868],[-74.91193,5.31867],[-74.91192,5.31866],[-74.91202,5.31861],[-74.91205,5.31856],[-74.91207,5.31854],[-74.91209,5.31851],[-74.9121,5.31849],[-74.91213,5.31841],[-74.91213,5.3184],[-74.91214,5.31838],[-74.91215,5.31834],[-74.91216,5.31831],[-74.91217,5.3183],[-74.91218,5.31827],[-74.91208,5.31818],[-74.91209,5.31816],[-74.9121,5.31814],[-74.91211,5.31812],[-74.91211,5.3181],[-74.91211,5.31807],[-74.9121,5.31805],[-74.91209,5.31803],[-74.91208,5.31801],[-74.91206,5.31799],[-74.91204,5.31798],[-74.91202,5.31797],[-74.912,5.31796],[-74.91197,5.31796],[-74.91195,5.31796],[-74.91193,5.31797],[-74.9119,5.31798],[-74.91188,5.31799],[-74.91187,5.31801],[-74.91185,5.31803],[-74.91185,5.31804],[-74.91168,5.31805],[-74.91166,5.31809],[-74.91165,5.31812],[-74.91165,5.31814],[-74.91162,5.31822],[-74.91161,5.31825],[-74.9116,5.31825],[-74.9116,5.31824],[-74.91159,5.31824],[-74.91157,5.31821],[-74.91155,5.31819],[-74.91153,5.31817],[-74.91152,5.31817],[-74.91151,5.31816],[-74.91139,5.31821],[-74.91136,5.31821],[-74.91133,5.31821],[-74.9113,5.31822],[-74.91127,5.31823],[-74.9113,5.31827],[-74.91128,5.31828],[-74.91126,5.3183],[-74.91125,5.31832],[-74.91124,5.31834],[-74.91123,5.31836],[-74.91112,5.3183],[-74.9111,5.3183],[-74.91108,5.3183],[-74.91106,5.3183],[-74.91105,5.3183],[-74.91104,5.3183],[-74.91102,5.31829],[-74.91099,5.31829],[-74.91097,5.3183],[-74.91095,5.3183],[-74.91094,5.3183],[-74.91091,5.3183],[-74.91088,5.3183],[-74.91087,5.3183],[-74.91084,5.31831],[-74.91082,5.31831],[-74.91081,5.31831],[-74.9108,5.31832],[-74.91078,5.31832],[-74.91078,5.31832],[-74.91076,5.31831],[-74.91074,5.31831],[-74.91071,5.31831],[-74.91071,5.31831],[-74.91069,5.31831],[-74.91066,5.31831],[-74.91065,5.31832],[-74.91063,5.31829],[-74.9106,5.31828],[-74.91057,5.31826],[-74.91054,5.31826],[-74.91051,5.31825],[-74.91048,5.31826],[-74.91045,5.31826],[-74.91042,5.31828],[-74.91039,5.31829],[-74.91037,5.31832],[-74.91035,5.31834],[-74.91034,5.31837],[-74.91033,5.3184],[-74.91033,5.31841],[-74.91033,5.31844],[-74.91033,5.31845],[-74.91032,5.31846],[-74.91031,5.31848],[-74.91031,5.3185],[-74.9103,5.31851],[-74.9103,5.31853],[-74.9103,5.31855],[-74.91029,5.31856],[-74.91029,5.31859],[-74.91029,5.3186],[-74.91029,5.31863],[-74.91029,5.31864],[-74.91029,5.31865],[-74.91029,5.31865],[-74.9103,5.31871],[-74.9103,5.31871],[-74.91025,5.31876],[-74.91025,5.31876],[-74.91024,5.31877],[-74.91024,5.31877],[-74.91022,5.3188],[-74.91021,5.3188],[-74.9102,5.3188],[-74.9102,5.31881],[-74.91019,5.31881],[-74.91018,5.31882],[-74.91017,5.31883],[-74.91017,5.31883],[-74.91017,5.31883],[-74.91017,5.31883],[-74.91016,5.31883],[-74.91015,5.31884],[-74.91015,5.31884],[-74.91014,5.31885],[-74.91013,5.31885],[-74.91013,5.31886],[-74.91012,5.31886],[-74.91012,5.31887],[-74.91011,5.31887],[-74.91011,5.31888],[-74.91011,5.31888],[-74.9101,5.31889],[-74.9101,5.31889],[-74.91002,5.31883],[-74.91,5.31881],[-74.90998,5.31881],[-74.90996,5.3188],[-74.90995,5.3188],[-74.90993,5.3188],[-74.90991,5.31879],[-74.90988,5.3188],[-74.90987,5.31879],[-74.90987,5.31879],[-74.90985,5.31878],[-74.90982,5.31877],[-74.90981,5.31877],[-74.9098,5.31876],[-74.90978,5.31875],[-74.90976,5.31873],[-74.90975,5.31873],[-74.90973,5.31871],[-74.9097,5.31871],[-74.90967,5.3187],[-74.90966,5.3187],[-74.90963,5.3187],[-74.90961,5.31871],[-74.90959,5.31871],[-74.90958,5.31872],[-74.90957,5.31872],[-74.90954,5.31872],[-74.90953,5.31873],[-74.9095,5.31874],[-74.90948,5.31875],[-74.90945,5.31877],[-74.90944,5.31877],[-74.90943,5.31879],[-74.90942,5.31879],[-74.90942,5.3188],[-74.90941,5.3188],[-74.9094,5.31882],[-74.90939,5.31882],[-74.90939,5.31882],[-74.90936,5.31883],[-74.90934,5.31885],[-74.90936,5.31889],[-74.90936,5.31889],[-74.90935,5.3189],[-74.90935,5.31891],[-74.90935,5.31891],[-74.90934,5.31891],[-74.90934,5.31892],[-74.90933,5.31893],[-74.90933,5.31893],[-74.90933,5.31894],[-74.90932,5.31894],[-74.90931,5.31895],[-74.90931,5.31895],[-74.9093,5.31896],[-74.9093,5.31896],[-74.90929,5.31896],[-74.90929,5.31897],[-74.90928,5.31898],[-74.90927,5.31898],[-74.90927,5.31899],[-74.90926,5.31899],[-74.90926,5.319],[-74.90926,5.319],[-74.90925,5.31901],[-74.90925,5.31901],[-74.90924,5.31902],[-74.90924,5.31903],[-74.90924,5.31903],[-74.90924,5.31903],[-74.90923,5.31904],[-74.90923,5.31905],[-74.90922,5.31906],[-74.90922,5.31906],[-74.90922,5.31906],[-74.90921,5.31907],[-74.90921,5.31908],[-74.90921,5.31909],[-74.9092,5.3191],[-74.9092,5.3191],[-74.9092,5.31911],[-74.9092,5.31913],[-74.9092,5.31913],[-74.9092,5.31914],[-74.9092,5.31915],[-74.9092,5.31915],[-74.9092,5.31916],[-74.9092,5.31917],[-74.9092,5.31918],[-74.9092,5.31918],[-74.9092,5.31919],[-74.9092,5.3192],[-74.9092,5.3192],[-74.9092,5.31921],[-74.9092,5.31922],[-74.9092,5.31923],[-74.90921,5.31924],[-74.9092,5.31923],[-74.9092,5.31923],[-74.90919,5.31922],[-74.90919,5.31922],[-74.90918,5.31922],[-74.90918,5.31921],[-74.90917,5.31921],[-74.90916,5.3192],[-74.90915,5.3192],[-74.90915,5.3192],[-74.90915,5.3192],[-74.90915,5.3192],[-74.90915,5.31906],[-74.90915,5.31904],[-74.90914,5.31902],[-74.90914,5.31901],[-74.90915,5.319],[-74.90915,5.31899],[-74.90916,5.31895],[-74.90916,5.31895],[-74.90916,5.31894],[-74.90916,5.31891],[-74.90916,5.31889],[-74.90916,5.31888],[-74.90916,5.31886],[-74.90916,5.31884],[-74.90914,5.31873],[-74.90913,5.3187],[-74.90912,5.31869],[-74.9091,5.31866],[-74.90909,5.31865],[-74.90908,5.31863],[-74.90907,5.31861],[-74.90906,5.31861],[-74.90904,5.31859],[-74.90904,5.31858],[-74.90903,5.31858],[-74.90902,5.31856],[-74.90901,5.31855],[-74.90899,5.31854],[-74.90897,5.31853],[-74.90896,5.31851],[-74.90894,5.3185],[-74.90891,5.3185],[-74.9089,5.31848],[-74.90889,5.31847],[-74.90886,5.31845],[-74.90884,5.31844],[-74.90884,5.31844],[-74.90883,5.31844],[-74.9088,5.31843],[-74.90881,5.31843],[-74.90884,5.31842],[-74.90885,5.31843],[-74.90887,5.31844],[-74.90887,5.31844],[-74.90888,5.31844],[-74.90889,5.31845],[-74.9089,5.31845],[-74.90893,5.31847],[-74.90895,5.31848],[-74.90897,5.31849],[-74.90898,5.3185],[-74.909,5.31852],[-74.90901,5.31852],[-74.90904,5.31853],[-74.90907,5.31854],[-74.90914,5.31848],[-74.90914,5.31848],[-74.90915,5.31848],[-74.90915,5.31848],[-74.90915,5.31848],[-74.90915,5.31848],[-74.90916,5.31848],[-74.90916,5.31848],[-74.90916,5.31848],[-74.90916,5.31848],[-74.90917,5.31848],[-74.90917,5.31848],[-74.90918,5.31849],[-74.90918,5.31849],[-74.90919,5.31849],[-74.90919,5.31849],[-74.90919,5.31849],[-74.90919,5.31849],[-74.9092,5.31849],[-74.9092,5.31849],[-74.9092,5.31849],[-74.9092,5.31849],[-74.9092,5.31849],[-74.90921,5.31849],[-74.90922,5.31849],[-74.90922,5.31849],[-74.90923,5.31849],[-74.90923,5.31849],[-74.90923,5.31849],[-74.90923,5.31849],[-74.90923,5.31849],[-74.90924,5.31849],[-74.90925,5.31848],[-74.90925,5.31848],[-74.90925,5.31848],[-74.90925,5.31848],[-74.90925,5.31848],[-74.90925,5.31848],[-74.90925,5.31848],[-74.90926,5.31848],[-74.90926,5.31848],[-74.90926,5.31848],[-74.90927,5.31848],[-74.90927,5.31848],[-74.90927,5.31848],[-74.90928,5.31848],[-74.90928,5.31848],[-74.90928,5.31848],[-74.90929,5.31847],[-74.90929,5.31847],[-74.90929,5.31847],[-74.90929,5.31847],[-74.9093,5.31847],[-74.9093,5.31847],[-74.9093,5.31847],[-74.9093,5.31847],[-74.90931,5.31847],[-74.90931,5.31847],[-74.90932,5.31847],[-74.90932,5.31847],[-74.90932,5.31847],[-74.90933,5.31848],[-74.90934,5.31848],[-74.90934,5.31848],[-74.90934,5.31848],[-74.90934,5.31848],[-74.90934,5.31848],[-74.90935,5.31848],[-74.90935,5.31848],[-74.90935,5.31848],[-74.90935,5.31848],[-74.90935,5.31848],[-74.90936,5.31848],[-74.90936,5.31848],[-74.90937,5.31848],[-74.90938,5.31848],[-74.90938,5.31848],[-74.90939,5.31848],[-74.90939,5.31848],[-74.90939,5.31848],[-74.90939,5.31848],[-74.90939,5.31848],[-74.9094,5.31848],[-74.9094,5.31848],[-74.90941,5.31848],[-74.90941,5.31848],[-74.90942,5.31848],[-74.90942,5.31847],[-74.90942,5.31847],[-74.90942,5.31847],[-74.90942,5.31847],[-74.90943,5.31847],[-74.90943,5.31847],[-74.90943,5.31847],[-74.90943,5.31847],[-74.90943,5.31847],[-74.90944,5.31846],[-74.90944,5.31846],[-74.90944,5.31846],[-74.90945,5.31846],[-74.90945,5.31846],[-74.90946,5.31846],[-74.90946,5.31846],[-74.90946,5.31846],[-74.90946,5.31846],[-74.90946,5.31845],[-74.90947,5.31845],[-74.90948,5.31845],[-74.90948,5.31845],[-74.90948,5.31845],[-74.90949,5.31844],[-74.90949,5.31844],[-74.90949,5.31844],[-74.9095,5.31843],[-74.90951,5.31843],[-74.90951,5.31843],[-74.90951,5.31843],[-74.90951,5.31842],[-74.90951,5.31843],[-74.90952,5.31843],[-74.90952,5.31843],[-74.90952,5.31843],[-74.90952,5.31843],[-74.90952,5.31843],[-74.90952,5.31843],[-74.90954,5.31843],[-74.90954,5.31844],[-74.90954,5.31844],[-74.90954,5.31844],[-74.90955,5.31844],[-74.90955,5.31844],[-74.90955,5.31844],[-74.90955,5.31845],[-74.90956,5.31845],[-74.90956,5.31845],[-74.90956,5.31845],[-74.90956,5.31845],[-74.90957,5.31845],[-74.90957,5.31845],[-74.90957,5.31845],[-74.90958,5.31845],[-74.90958,5.31846],[-74.90958,5.31846],[-74.90958,5.31846],[-74.90958,5.31846],[-74.90959,5.31846],[-74.90959,5.31846],[-74.9096,5.31846],[-74.9096,5.31846],[-74.90961,5.31846],[-74.90961,5.31846],[-74.90962,5.31846],[-74.90962,5.31846],[-74.90962,5.31846],[-74.90963,5.31846],[-74.90963,5.31846],[-74.90963,5.31845],[-74.90964,5.31845],[-74.90964,5.31845],[-74.90965,5.31846],[-74.90965,5.31846],[-74.90965,5.31846],[-74.90965,5.31846],[-74.90965,5.31846],[-74.90966,5.31846],[-74.90966,5.31846],[-74.90967,5.31846],[-74.90967,5.31846],[-74.90967,5.31846],[-74.90968,5.31846],[-74.90968,5.31846],[-74.90968,5.31846],[-74.90968,5.31846],[-74.90968,5.31846],[-74.90969,5.31846],[-74.90969,5.31846],[-74.90969,5.31846],[-74.90969,5.31846],[-74.90969,5.31846],[-74.9097,5.31845],[-74.9097,5.31845],[-74.90971,5.31845],[-74.90971,5.31845],[-74.90972,5.31845],[-74.90972,5.31845],[-74.90972,5.31845],[-74.90972,5.31845],[-74.90972,5.31845],[-74.90973,5.31844],[-74.90973,5.31844],[-74.90973,5.31844],[-74.90973,5.31844],[-74.90973,5.31844],[-74.90974,5.31844],[-74.90974,5.31844],[-74.90975,5.31843],[-74.90975,5.31843],[-74.90975,5.31843],[-74.90975,5.31843],[-74.90975,5.31843],[-74.90976,5.31843],[-74.90976,5.31843],[-74.90977,5.31842],[-74.90977,5.31842],[-74.90977,5.31842],[-74.90978,5.31842],[-74.90978,5.31842],[-74.90979,5.31842],[-74.9098,5.31842],[-74.9098,5.31842],[-74.9098,5.31842],[-74.9098,5.31841],[-74.90981,5.31841],[-74.90982,5.31841],[-74.90982,5.31841],[-74.90982,5.3184],[-74.90983,5.3184],[-74.90983,5.3184],[-74.90983,5.3184],[-74.90985,5.3184],[-74.90988,5.3184],[-74.9099,5.31839],[-74.90992,5.31838],[-74.90994,5.31837],[-74.90996,5.31835],[-74.90997,5.31833],[-74.90998,5.31831],[-74.90999,5.31829],[-74.90999,5.31827],[-74.90999,5.31824],[-74.90998,5.31822],[-74.90997,5.3182],[-74.90996,5.31818],[-74.90994,5.31816],[-74.90992,5.31815],[-74.9099,5.31814],[-74.90988,5.31813],[-74.90985,5.31813],[-74.90983,5.31813],[-74.90981,5.31814],[-74.90978,5.31815],[-74.90977,5.31816],[-74.90975,5.31818],[-74.90973,5.3182],[-74.90973,5.31822],[-74.90972,5.31824],[-74.90972,5.31824],[-74.90971,5.31824],[-74.90971,5.31825],[-74.90971,5.31825],[-74.90971,5.31825],[-74.9097,5.31825],[-74.9097,5.31825],[-74.9097,5.31825],[-74.90969,5.31825],[-74.90969,5.31825],[-74.90969,5.31825],[-74.90969,5.31825],[-74.90968,5.31825],[-74.90968,5.31825],[-74.90967,5.31825],[-74.90967,5.31825],[-74.90967,5.31826],[-74.90967,5.31826],[-74.90967,5.31826],[-74.90966,5.31826],[-74.90966,5.31826],[-74.90965,5.31826],[-74.90965,5.31826],[-74.90964,5.31826],[-74.90963,5.31826],[-74.90963,5.31826],[-74.90963,5.31826],[-74.90963,5.31826],[-74.90962,5.31827],[-74.90962,5.31827],[-74.90962,5.31827],[-74.90962,5.31827],[-74.90961,5.31827],[-74.90961,5.31827],[-74.90961,5.31827],[-74.90961,5.31826],[-74.90961,5.31826],[-74.90961,5.31826],[-74.90961,5.31826],[-74.90961,5.31826],[-74.9096,5.31826],[-74.9096,5.31825],[-74.9096,5.31825],[-74.90959,5.31824],[-74.90959,5.31824],[-74.90959,5.31824],[-74.90959,5.31824],[-74.90959,5.31824],[-74.90959,5.31823],[-74.90958,5.31823],[-74.90958,5.31823],[-74.90957,5.31822],[-74.90957,5.31822],[-74.90957,5.31822],[-74.90957,5.31822],[-74.90957,5.31822],[-74.90956,5.31821],[-74.90956,5.31821],[-74.90956,5.31821],[-74.90955,5.31821],[-74.90954,5.3182],[-74.90953,5.3182],[-74.90953,5.3182],[-74.90953,5.3182],[-74.90953,5.3182],[-74.90953,5.3182],[-74.90952,5.3182],[-74.90952,5.3182],[-74.90951,5.3182],[-74.90951,5.3182],[-74.9095,5.3182],[-74.9095,5.3182],[-74.90949,5.3182],[-74.90949,5.3182],[-74.90948,5.3182],[-74.90948,5.3182],[-74.90948,5.3182],[-74.90948,5.3182],[-74.90948,5.3182],[-74.90947,5.3182],[-74.90947,5.3182],[-74.90947,5.3182],[-74.90947,5.3182],[-74.90946,5.3182],[-74.90946,5.31821],[-74.90945,5.31821],[-74.90945,5.31821],[-74.90944,5.31822],[-74.90944,5.31822],[-74.90944,5.31822],[-74.90944,5.31822],[-74.90944,5.31822],[-74.90944,5.31822],[-74.90943,5.31822],[-74.90943,5.31823],[-74.90943,5.31823],[-74.90943,5.31823],[-74.90942,5.31823],[-74.90942,5.31824],[-74.90942,5.31824],[-74.90942,5.31824],[-74.90942,5.31824],[-74.90942,5.31824],[-74.90941,5.31824],[-74.90941,5.31825],[-74.90941,5.31825],[-74.90941,5.31825],[-74.90934,5.31819],[-74.90934,5.31819],[-74.90933,5.31819],[-74.90932,5.31819],[-74.90931,5.31819],[-74.90929,5.31819],[-74.90926,5.31819],[-74.90925,5.31819],[-74.90922,5.3182],[-74.90922,5.3182],[-74.90919,5.31819],[-74.90916,5.31818],[-74.90914,5.31817],[-74.90913,5.31817],[-74.90911,5.31815],[-74.90909,5.31814],[-74.90909,5.31811],[-74.90909,5.31811],[-74.9091,5.3181],[-74.90911,5.3181],[-74.90912,5.3181],[-74.90915,5.31811],[-74.90916,5.31811],[-74.90919,5.3181],[-74.90922,5.3181],[-74.90924,5.31809],[-74.90925,5.31808],[-74.90925,5.31808],[-74.90928,5.31807],[-74.90928,5.31807],[-74.90931,5.31805],[-74.90933,5.31803],[-74.90935,5.318],[-74.90936,5.31797],[-74.90937,5.31794],[-74.90937,5.31793],[-74.90938,5.31792],[-74.90938,5.31791],[-74.90939,5.31791],[-74.90941,5.31789],[-74.90942,5.31789],[-74.90942,5.31788],[-74.90944,5.31787],[-74.90945,5.31787],[-74.90948,5.31785],[-74.9095,5.31784],[-74.90953,5.31781],[-74.90953,5.31781],[-74.90953,5.31781],[-74.90954,5.31779],[-74.90955,5.31778],[-74.90956,5.31779],[-74.90957,5.31779],[-74.90964,5.31771],[-74.90965,5.31771],[-74.90965,5.31771],[-74.90966,5.31771],[-74.90967,5.31771],[-74.90967,5.31771],[-74.90968,5.31771],[-74.90968,5.3177],[-74.90968,5.3177],[-74.90969,5.3177],[-74.90969,5.3177],[-74.9097,5.3177],[-74.9097,5.3177],[-74.9097,5.3177],[-74.90971,5.3177],[-74.90971,5.3177],[-74.90972,5.3177],[-74.90972,5.3177],[-74.90972,5.3177],[-74.90973,5.31771],[-74.90973,5.31771],[-74.90974,5.31771],[-74.90974,5.31771],[-74.90975,5.31772],[-74.90975,5.31772],[-74.90976,5.31772],[-74.90976,5.31772],[-74.90977,5.31772],[-74.90977,5.31772],[-74.90978,5.31772],[-74.90978,5.31772],[-74.90979,5.31772],[-74.90979,5.31772],[-74.9098,5.31772],[-74.90981,5.31772],[-74.90981,5.31772],[-74.90982,5.31772],[-74.90982,5.31772],[-74.90982,5.31772],[-74.90984,5.31773],[-74.90984,5.31773],[-74.90985,5.31773],[-74.90985,5.31773],[-74.90985,5.31773],[-74.90986,5.31773],[-74.90986,5.31773],[-74.90987,5.31773],[-74.90987,5.31774],[-74.90988,5.31774],[-74.90988,5.31774],[-74.90989,5.31774],[-74.90989,5.31775],[-74.9099,5.31775],[-74.9099,5.31775],[-74.90991,5.31775],[-74.90992,5.31775],[-74.90993,5.31775],[-74.90993,5.31775],[-74.90994,5.31775],[-74.90994,5.31774],[-74.90995,5.31774],[-74.90995,5.31774],[-74.90995,5.31774],[-74.90995,5.31775],[-74.90996,5.31777],[-74.90997,5.31779],[-74.90999,5.31781],[-74.91001,5.31782],[-74.91003,5.31783],[-74.91005,5.31784],[-74.91008,5.31784],[-74.9101,5.31784],[-74.91012,5.31783],[-74.91014,5.31782],[-74.91016,5.31781],[-74.91018,5.31779],[-74.91019,5.31777],[-74.9102,5.31775],[-74.91021,5.31773],[-74.91021,5.31771],[-74.91021,5.31768],[-74.9102,5.31766],[-74.9102,5.31765],[-74.91027,5.3175],[-74.91025,5.31747],[-74.91022,5.31745],[-74.91019,5.31743],[-74.91018,5.31743],[-74.91017,5.31742],[-74.91015,5.31741],[-74.91014,5.31741],[-74.91012,5.3174],[-74.91008,5.3174],[-74.91005,5.31738],[-74.91001,5.31738],[-74.91,5.31737],[-74.90998,5.31737],[-74.90996,5.31737],[-74.90993,5.31736],[-74.90989,5.31735],[-74.90986,5.31735],[-74.90981,5.31734],[-74.9098,5.31734],[-74.90979,5.31734],[-74.90976,5.31733],[-74.90973,5.31733],[-74.90971,5.31733],[-74.9097,5.31733],[-74.90966,5.31731],[-74.90962,5.31729],[-74.90954,5.31738],[-74.9095,5.31738],[-74.90947,5.31738],[-74.90946,5.31738],[-74.90946,5.31739],[-74.90944,5.31739],[-74.90942,5.3174],[-74.9094,5.31741],[-74.90937,5.31742],[-74.90935,5.31744],[-74.90934,5.31745],[-74.90933,5.31746],[-74.90932,5.31748],[-74.90931,5.3175],[-74.90929,5.31752],[-74.90927,5.31754],[-74.90927,5.31755],[-74.90925,5.31756],[-74.90923,5.31756],[-74.90923,5.31757],[-74.90922,5.31758],[-74.90919,5.31759],[-74.90917,5.3176],[-74.90915,5.31761],[-74.90913,5.31763],[-74.9091,5.31764],[-74.9091,5.31765],[-74.90908,5.31767],[-74.90907,5.31768],[-74.90906,5.31771],[-74.90905,5.31772],[-74.90905,5.31773],[-74.90904,5.31773],[-74.90901,5.31774],[-74.909,5.31774],[-74.909,5.31774],[-74.90897,5.31774],[-74.90895,5.31775],[-74.90893,5.31775],[-74.9088,5.3177],[-74.90877,5.31772],[-74.90874,5.31774],[-74.90872,5.31775],[-74.90869,5.31779],[-74.90868,5.31781],[-74.90867,5.31782],[-74.90866,5.31784],[-74.90864,5.31788],[-74.90863,5.3179],[-74.90862,5.31794],[-74.90862,5.31796],[-74.90862,5.31796],[-74.90861,5.31798],[-74.9086,5.31799],[-74.90857,5.318],[-74.90854,5.31802],[-74.90851,5.31804],[-74.9085,5.31805],[-74.90847,5.31807],[-74.90838,5.31818],[-74.90835,5.31817],[-74.90832,5.31817],[-74.90829,5.31817],[-74.90828,5.31817],[-74.90828,5.31817],[-74.90827,5.31818],[-74.90825,5.31818],[-74.90823,5.31819],[-74.90821,5.3182],[-74.9082,5.3182],[-74.90818,5.31819],[-74.90816,5.31819],[-74.90814,5.31819],[-74.90812,5.31819],[-74.90811,5.31819],[-74.9081,5.31819],[-74.90807,5.3182],[-74.90806,5.3182],[-74.90806,5.3182],[-74.90804,5.3182],[-74.90804,5.3182],[-74.90803,5.31819],[-74.90801,5.3182],[-74.908,5.31819],[-74.90798,5.31819],[-74.90795,5.31818],[-74.90794,5.31818],[-74.90793,5.31817],[-74.9079,5.31817],[-74.90787,5.31817],[-74.90786,5.31817],[-74.90783,5.31817],[-74.90782,5.31817],[-74.9078,5.31817],[-74.90778,5.31817],[-74.90777,5.31816],[-74.90776,5.31816],[-74.90774,5.31815],[-74.90772,5.31813],[-74.9077,5.31812],[-74.90768,5.31811],[-74.90767,5.31811],[-74.90765,5.3181],[-74.90765,5.3181],[-74.90764,5.31809],[-74.90764,5.31809],[-74.90761,5.31807],[-74.90759,5.31806],[-74.90756,5.31806],[-74.90753,5.31805],[-74.90752,5.31805],[-74.90749,5.31806],[-74.90747,5.31806],[-74.90744,5.31806],[-74.90742,5.31805],[-74.90742,5.31795],[-74.90739,5.31795],[-74.90738,5.31795],[-74.90734,5.31794],[-74.9073,5.31795],[-74.90729,5.31795],[-74.90726,5.31795],[-74.90723,5.31796],[-74.90721,5.31797],[-74.9072,5.31797],[-74.90719,5.31797],[-74.90716,5.31798],[-74.90715,5.31799],[-74.90714,5.31799],[-74.90711,5.31801],[-74.9071,5.31802],[-74.90707,5.31801],[-74.90705,5.31801],[-74.90703,5.31801],[-74.907,5.31799],[-74.90697,5.31798],[-74.90698,5.31797],[-74.90698,5.31796],[-74.90699,5.31796],[-74.90701,5.31792],[-74.90703,5.31789],[-74.90704,5.31787],[-74.90707,5.31785],[-74.90709,5.31782],[-74.9071,5.31783],[-74.90714,5.31783],[-74.90717,5.31784],[-74.90741,5.31766],[-74.90741,5.31766],[-74.90741,5.31766],[-74.90742,5.31766],[-74.90742,5.31766],[-74.90742,5.31766],[-74.90743,5.31766],[-74.90743,5.31766],[-74.90743,5.31766],[-74.90743,5.31766],[-74.90744,5.31766],[-74.90744,5.31765],[-74.90745,5.31765],[-74.90745,5.31765],[-74.90745,5.31765],[-74.90745,5.31765],[-74.90745,5.31764],[-74.90746,5.31764],[-74.90746,5.31764],[-74.90746,5.31764],[-74.90746,5.31764],[-74.90746,5.31764],[-74.90747,5.31763],[-74.90747,5.31763],[-74.90747,5.31763],[-74.90748,5.31762],[-74.90749,5.31761],[-74.90749,5.31761],[-74.90749,5.31761],[-74.90749,5.31761],[-74.9075,5.31761],[-74.9075,5.31761],[-74.9075,5.31761],[-74.90751,5.3176],[-74.90751,5.3176],[-74.90751,5.3176],[-74.90752,5.3176],[-74.90752,5.3176],[-74.90753,5.31759],[-74.90753,5.31759],[-74.90754,5.31759],[-74.90754,5.31758],[-74.90755,5.31758],[-74.90755,5.31757],[-74.90755,5.31757],[-74.90755,5.31757],[-74.90755,5.31757],[-74.90755,5.31757],[-74.90756,5.31756],[-74.90756,5.31756],[-74.90756,5.31756],[-74.90756,5.31756],[-74.90757,5.31756],[-74.90757,5.31756],[-74.90757,5.31755],[-74.90757,5.31755],[-74.90758,5.31755],[-74.90758,5.31755],[-74.90758,5.31755],[-74.90758,5.31755],[-74.90758,5.31754],[-74.90759,5.31754],[-74.90759,5.31754],[-74.90759,5.31754],[-74.90759,5.31754],[-74.90759,5.31753],[-74.90759,5.31753],[-74.90759,5.31753],[-74.9076,5.31752],[-74.9076,5.31752],[-74.9076,5.31751],[-74.9076,5.31751],[-74.9076,5.31751],[-74.9076,5.31751],[-74.9076,5.31751],[-74.90761,5.31751],[-74.90761,5.31751],[-74.90761,5.3175],[-74.90761,5.3175],[-74.90762,5.3175],[-74.90763,5.3175],[-74.90763,5.3175],[-74.90764,5.3175],[-74.90764,5.3175],[-74.90764,5.3175],[-74.90764,5.3175],[-74.90766,5.3175],[-74.90766,5.3175],[-74.90767,5.3175],[-74.90767,5.3175],[-74.90767,5.3175],[-74.90767,5.3175],[-74.90767,5.3175],[-74.90768,5.3175],[-74.90768,5.3175],[-74.90768,5.3175],[-74.90768,5.3175],[-74.90768,5.3175],[-74.90769,5.31749],[-74.90769,5.31749],[-74.9077,5.31749],[-74.9077,5.31749],[-74.90771,5.31748],[-74.90771,5.31748],[-74.90771,5.31749],[-74.90771,5.31749],[-74.90772,5.31749],[-74.90772,5.31749],[-74.90772,5.31749],[-74.90772,5.31749],[-74.90772,5.3175],[-74.90773,5.3175],[-74.90773,5.3175],[-74.90773,5.3175],[-74.90773,5.3175],[-74.90774,5.31751],[-74.90774,5.31751],[-74.90775,5.31751],[-74.90775,5.31751],[-74.90776,5.31752],[-74.90776,5.31752],[-74.90778,5.31753],[-74.90778,5.31753],[-74.90778,5.31753],[-74.90779,5.31753],[-74.90779,5.31753],[-74.90779,5.31753],[-74.90779,5.31753],[-74.90779,5.31753],[-74.9078,5.31753],[-74.9078,5.31753],[-74.9078,5.31753],[-74.9078,5.31753],[-74.9078,5.31753],[-74.90781,5.31753],[-74.90782,5.31753],[-74.90782,5.31753],[-74.90783,5.31753],[-74.90783,5.31753],[-74.90783,5.31753],[-74.90783,5.31753],[-74.90783,5.31753],[-74.90784,5.31753],[-74.90784,5.31753],[-74.90784,5.31753],[-74.90784,5.31753],[-74.90784,5.31753],[-74.90785,5.31752],[-74.90785,5.31752],[-74.90786,5.31752],[-74.90786,5.31752],[-74.90787,5.31752],[-74.90787,5.31752],[-74.90788,5.31752],[-74.90788,5.31752],[-74.90789,5.31752],[-74.90789,5.31752],[-74.9079,5.31753],[-74.9079,5.31753],[-74.90791,5.31753],[-74.90792,5.31753],[-74.90793,5.31753],[-74.90793,5.31753],[-74.90794,5.31753],[-74.90794,5.31753],[-74.90794,5.31753],[-74.90794,5.31753],[-74.90795,5.31752],[-74.90795,5.31752],[-74.90795,5.31752],[-74.90795,5.31752],[-74.90795,5.31752],[-74.90796,5.31752],[-74.90796,5.31752],[-74.90797,5.31752],[-74.90797,5.31752],[-74.90798,5.31752],[-74.90798,5.31752],[-74.90798,5.31752],[-74.90798,5.31752],[-74.90798,5.31752],[-74.90799,5.31752],[-74.90799,5.31751],[-74.90799,5.31751],[-74.90799,5.31751],[-74.908,5.31751],[-74.908,5.31751],[-74.908,5.31751],[-74.90801,5.31751],[-74.90802,5.31751],[-74.90802,5.31751],[-74.90803,5.3175],[-74.90803,5.3175],[-74.90803,5.3175],[-74.90803,5.3175],[-74.90803,5.3175],[-74.90804,5.3175],[-74.90804,5.3175],[-74.90804,5.3175],[-74.90804,5.3175],[-74.90805,5.31749],[-74.90805,5.31749],[-74.90806,5.31749],[-74.90806,5.31749],[-74.90807,5.31749],[-74.90807,5.31749],[-74.90807,5.31749],[-74.90807,5.31749],[-74.90807,5.31749],[-74.90808,5.31749],[-74.90809,5.31749],[-74.90809,5.31749],[-74.90809,5.31749],[-74.9081,5.31749],[-74.9081,5.31749],[-74.90811,5.31749],[-74.90812,5.31749],[-74.90812,5.31749],[-74.90812,5.31749],[-74.90813,5.31749],[-74.90813,5.31749],[-74.90813,5.31749],[-74.90813,5.31749],[-74.90813,5.31748],[-74.90814,5.31748],[-74.90814,5.31748],[-74.90814,5.31748],[-74.90815,5.31748],[-74.90815,5.31748],[-74.90815,5.31748],[-74.90815,5.31748],[-74.90815,5.31748],[-74.90815,5.31748],[-74.90816,5.31748],[-74.90816,5.31748],[-74.90817,5.31748],[-74.90818,5.31748],[-74.90818,5.31748],[-74.90819,5.31748],[-74.90819,5.31748],[-74.90819,5.31748],[-74.90819,5.31748],[-74.9082,5.31748],[-74.9082,5.31748],[-74.9082,5.31748],[-74.9082,5.31748],[-74.9082,5.31748],[-74.90821,5.31748],[-74.90821,5.31748],[-74.90822,5.31747],[-74.90822,5.31747],[-74.90822,5.31747],[-74.90822,5.31747],[-74.90822,5.31747],[-74.90823,5.31747],[-74.90823,5.31747],[-74.90823,5.31746],[-74.90824,5.31746],[-74.90824,5.31746],[-74.90824,5.31746],[-74.90824,5.31746],[-74.90824,5.31746],[-74.90825,5.31745],[-74.90825,5.31745],[-74.90826,5.31745],[-74.90826,5.31745],[-74.90826,5.31745],[-74.90826,5.31745],[-74.90826,5.31745],[-74.90827,5.31745],[-74.90827,5.31745],[-74.90828,5.31745],[-74.90828,5.31745],[-74.90828,5.31745],[-74.90829,5.31745],[-74.90829,5.31745],[-74.9083,5.31745],[-74.9083,5.31745],[-74.9083,5.31745],[-74.9083,5.31745],[-74.9083,5.31745],[-74.90831,5.31745],[-74.90831,5.31745],[-74.90833,5.31744],[-74.90833,5.31744],[-74.90833,5.31744],[-74.90834,5.31744],[-74.90834,5.31744],[-74.90834,5.31744],[-74.90834,5.31744],[-74.90834,5.31743],[-74.90835,5.31743],[-74.90835,5.31743],[-74.90836,5.31743],[-74.90836,5.31743],[-74.90836,5.31743],[-74.90837,5.31743],[-74.90837,5.31743],[-74.90837,5.31743],[-74.90837,5.31743],[-74.90837,5.31743],[-74.90838,5.31743],[-74.90838,5.31743],[-74.90839,5.31744],[-74.90839,5.31744],[-74.9084,5.31744],[-74.9084,5.31744],[-74.90841,5.31744],[-74.90842,5.31743],[-74.90843,5.31744],[-74.90843,5.31744],[-74.90844,5.31744],[-74.90844,5.31744],[-74.90844,5.31744],[-74.90844,5.31744],[-74.90844,5.31744],[-74.90845,5.31744],[-74.90846,5.31745],[-74.90846,5.31745],[-74.90846,5.31745],[-74.90847,5.31745],[-74.90847,5.31745],[-74.90848,5.31745],[-74.90848,5.31745],[-74.90848,5.31745],[-74.90849,5.31745],[-74.90849,5.31745],[-74.9085,5.31745],[-74.9085,5.31745],[-74.90851,5.31745],[-74.90851,5.31745],[-74.90852,5.31745],[-74.90853,5.31745],[-74.90853,5.31745],[-74.90854,5.31745],[-74.90854,5.31745],[-74.90855,5.31745],[-74.90855,5.31745],[-74.90856,5.31744],[-74.90856,5.31744],[-74.90857,5.31744],[-74.90857,5.31744],[-74.90858,5.31744],[-74.90858,5.31745],[-74.90859,5.31744],[-74.90859,5.31744],[-74.9086,5.31745],[-74.9086,5.31745],[-74.90861,5.31745],[-74.90861,5.31745],[-74.90862,5.31745],[-74.90862,5.31745],[-74.90863,5.31745],[-74.90863,5.31745],[-74.90864,5.31745],[-74.90864,5.31745],[-74.90865,5.31745],[-74.90865,5.31745],[-74.90865,5.31745],[-74.90866,5.31745],[-74.90866,5.31745],[-74.90867,5.31745],[-74.90867,5.31745],[-74.90868,5.31744],[-74.90868,5.31744],[-74.90869,5.31744],[-74.90869,5.31744],[-74.9087,5.31744],[-74.9087,5.31744],[-74.90871,5.31743],[-74.90872,5.31743],[-74.90872,5.31743],[-74.90872,5.31743],[-74.90872,5.31742],[-74.90873,5.31742],[-74.90873,5.31742],[-74.90874,5.31742],[-74.90874,5.31742],[-74.90875,5.31741],[-74.90875,5.31741],[-74.90876,5.3174],[-74.90876,5.3174],[-74.90876,5.3174],[-74.90876,5.3174],[-74.90876,5.3174],[-74.90877,5.31739],[-74.90877,5.31739],[-74.90878,5.31739],[-74.90878,5.31739],[-74.90879,5.31739],[-74.9088,5.31738],[-74.9088,5.31738],[-74.9088,5.31738],[-74.90881,5.31738],[-74.90881,5.31738],[-74.90882,5.31737],[-74.90882,5.31737],[-74.90882,5.31737],[-74.90883,5.31737],[-74.90883,5.31737],[-74.90884,5.31737],[-74.90884,5.31736],[-74.90885,5.31736],[-74.90885,5.31736],[-74.90885,5.31736],[-74.90885,5.31736],[-74.90886,5.31736],[-74.90887,5.31736],[-74.90887,5.31736],[-74.90888,5.31736],[-74.90888,5.31735],[-74.90889,5.31735],[-74.90889,5.31735],[-74.90889,5.31735],[-74.9089,5.31735],[-74.90891,5.31735],[-74.90891,5.31735],[-74.90891,5.31735],[-74.90892,5.31735],[-74.90892,5.31735],[-74.90893,5.31734],[-74.90893,5.31734],[-74.90893,5.31734],[-74.90894,5.31734],[-74.90895,5.31734],[-74.90895,5.31734],[-74.90896,5.31734],[-74.90896,5.31734],[-74.90897,5.31734],[-74.90897,5.31734],[-74.90897,5.31734],[-74.90898,5.31734],[-74.90898,5.31734],[-74.90899,5.31734],[-74.909,5.31734],[-74.909,5.31734],[-74.90901,5.31734],[-74.90901,5.31734],[-74.90901,5.31734],[-74.90902,5.31734],[-74.90902,5.31735],[-74.90902,5.31735],[-74.90903,5.31735],[-74.90903,5.31735],[-74.90903,5.31735],[-74.90904,5.31736],[-74.90904,5.31736],[-74.90905,5.31736],[-74.90905,5.31736],[-74.90906,5.31737],[-74.90906,5.31737],[-74.90907,5.31737],[-74.90907,5.31737],[-74.90908,5.31737],[-74.90908,5.31737],[-74.90908,5.31738],[-74.90909,5.31738],[-74.90909,5.31738],[-74.90909,5.31738],[-74.9091,5.31738],[-74.9091,5.31739],[-74.90911,5.31739],[-74.90912,5.31739],[-74.90912,5.31739],[-74.90913,5.31739],[-74.90913,5.31739],[-74.90914,5.31739],[-74.90915,5.31739],[-74.90915,5.31739],[-74.90916,5.31739],[-74.90916,5.31739],[-74.90917,5.31738],[-74.90917,5.31738],[-74.90917,5.31738],[-74.90918,5.31738],[-74.90918,5.31738],[-74.90919,5.31738],[-74.9092,5.31737],[-74.9092,5.31737],[-74.9092,5.31737],[-74.90921,5.31737],[-74.90921,5.31737],[-74.90922,5.31736],[-74.90922,5.31736],[-74.90923,5.31736],[-74.90923,5.31735],[-74.90924,5.31735],[-74.90924,5.31735],[-74.90925,5.31734],[-74.90925,5.31734],[-74.90925,5.31733],[-74.90926,5.31733],[-74.90926,5.31732],[-74.90926,5.31732],[-74.90926,5.31731],[-74.90926,5.3173],[-74.90926,5.3173],[-74.90926,5.31729],[-74.90926,5.31729],[-74.90926,5.31728],[-74.90926,5.31727],[-74.90926,5.31727],[-74.90926,5.31726],[-74.90926,5.31726],[-74.90926,5.31725],[-74.90926,5.31725],[-74.90925,5.31724],[-74.90925,5.31724],[-74.90925,5.31723],[-74.90924,5.31723],[-74.90924,5.31722],[-74.90923,5.31722],[-74.90923,5.31721],[-74.90922,5.31721],[-74.90922,5.31721],[-74.90921,5.31721],[-74.90921,5.3172],[-74.9092,5.3172],[-74.9092,5.3172],[-74.90919,5.3172],[-74.90919,5.3172],[-74.90918,5.3172],[-74.90918,5.31719],[-74.90917,5.31719],[-74.90916,5.31719],[-74.90916,5.31719],[-74.90915,5.31719],[-74.90915,5.31719],[-74.90914,5.31719],[-74.90913,5.31719],[-74.90913,5.31719],[-74.90913,5.31719],[-74.90913,5.31719],[-74.90912,5.31719],[-74.90912,5.31718],[-74.90911,5.31718],[-74.90911,5.31718],[-74.9091,5.31718],[-74.90909,5.31717],[-74.90909,5.31717],[-74.90908,5.31717],[-74.90908,5.31717],[-74.90908,5.31717],[-74.90907,5.31717],[-74.90907,5.31717],[-74.90906,5.31716],[-74.90906,5.31716],[-74.90905,5.31716],[-74.90904,5.31716],[-74.90904,5.31716],[-74.90904,5.31716],[-74.90903,5.31716],[-74.90902,5.31716],[-74.90902,5.31716],[-74.90901,5.31716],[-74.90901,5.31716],[-74.909,5.31716],[-74.909,5.31716],[-74.90899,5.31715],[-74.90899,5.31715],[-74.90899,5.31715],[-74.90898,5.31715],[-74.90898,5.31715],[-74.90897,5.31715],[-74.90897,5.31715],[-74.90896,5.31715],[-74.90896,5.31715],[-74.90895,5.31715],[-74.90894,5.31715],[-74.90894,5.31715],[-74.90893,5.31716],[-74.90893,5.31716],[-74.90892,5.31716],[-74.90892,5.31716],[-74.90892,5.31716],[-74.90892,5.31716],[-74.90891,5.31716],[-74.9089,5.31716],[-74.9089,5.31716],[-74.9089,5.31716],[-74.90889,5.31716],[-74.90889,5.31716],[-74.90888,5.31717],[-74.90887,5.31717],[-74.90887,5.31717],[-74.90887,5.31717],[-74.90886,5.31717],[-74.90886,5.31717],[-74.90886,5.31717],[-74.90885,5.31717],[-74.90884,5.31717],[-74.90884,5.31717],[-74.90884,5.31717],[-74.90883,5.31717],[-74.90883,5.31717],[-74.90882,5.31717],[-74.90881,5.31718],[-74.90881,5.31718],[-74.9088,5.31718],[-74.9088,5.31718],[-74.90879,5.31718],[-74.90879,5.31718],[-74.90879,5.31719],[-74.90878,5.31719],[-74.90878,5.31719],[-74.90877,5.31719],[-74.90877,5.31719],[-74.90876,5.3172],[-74.90876,5.3172],[-74.90875,5.3172],[-74.90875,5.3172],[-74.90874,5.3172],[-74.90874,5.31721],[-74.90874,5.31721],[-74.90873,5.31721],[-74.90872,5.31721],[-74.90872,5.31721],[-74.90871,5.31721],[-74.90871,5.31721],[-74.9087,5.31721],[-74.9087,5.31721],[-74.90869,5.31722],[-74.90869,5.31722],[-74.90868,5.31722],[-74.90868,5.31723],[-74.90867,5.31723],[-74.90867,5.31723],[-74.90866,5.31724],[-74.90866,5.31724],[-74.90866,5.31725],[-74.90866,5.31725],[-74.90865,5.31725],[-74.90865,5.31725],[-74.90865,5.31725],[-74.90865,5.31725],[-74.90864,5.31726],[-74.90864,5.31726],[-74.90863,5.31726],[-74.90863,5.31726],[-74.90863,5.31726],[-74.90863,5.31726],[-74.90862,5.31726],[-74.90862,5.31726],[-74.90861,5.31726],[-74.90861,5.31726],[-74.9086,5.31726],[-74.9086,5.31726],[-74.90859,5.31726],[-74.90858,5.31726],[-74.90858,5.31726],[-74.90857,5.31726],[-74.90857,5.31726],[-74.90857,5.31726],[-74.90856,5.31726],[-74.90855,5.31726],[-74.90855,5.31726],[-74.90854,5.31726],[-74.90854,5.31726],[-74.90853,5.31726],[-74.90852,5.31726],[-74.90852,5.31726],[-74.90852,5.31726],[-74.90851,5.31726],[-74.90851,5.31726],[-74.90851,5.31726],[-74.9085,5.31726],[-74.90849,5.31726],[-74.90849,5.31726],[-74.90848,5.31726],[-74.90848,5.31726],[-74.90847,5.31726],[-74.90847,5.31725],[-74.90847,5.31725],[-74.90846,5.31725],[-74.90845,5.31725],[-74.90845,5.31725],[-74.90844,5.31725],[-74.90844,5.31725],[-74.90843,5.31725],[-74.90842,5.31725],[-74.90841,5.31725],[-74.90841,5.31725],[-74.9084,5.31725],[-74.9084,5.31725],[-74.9084,5.31724],[-74.90839,5.31724],[-74.90839,5.31724],[-74.90838,5.31724],[-74.90838,5.31724],[-74.90837,5.31723],[-74.90836,5.31723],[-74.90836,5.31723],[-74.90835,5.31723],[-74.90835,5.31723],[-74.90834,5.31724],[-74.90834,5.31724],[-74.90833,5.31724],[-74.90833,5.31724],[-74.90832,5.31724],[-74.90832,5.31724],[-74.90832,5.31724],[-74.90831,5.31724],[-74.90831,5.31724],[-74.9083,5.31724],[-74.90829,5.31725],[-74.90829,5.31725],[-74.90828,5.31725],[-74.90828,5.31725],[-74.90828,5.31725],[-74.90827,5.31726],[-74.90826,5.31726],[-74.90826,5.31726],[-74.90825,5.31727],[-74.90825,5.31727],[-74.90825,5.31727],[-74.90824,5.31727],[-74.90824,5.31727],[-74.90824,5.31727],[-74.90823,5.31727],[-74.90823,5.31727],[-74.90822,5.31727],[-74.90822,5.31727],[-74.90821,5.31727],[-74.90821,5.31727],[-74.9082,5.31727],[-74.90819,5.31727],[-74.90819,5.31728],[-74.90818,5.31728],[-74.90818,5.31728],[-74.90818,5.31728],[-74.90817,5.31728],[-74.90817,5.31728],[-74.90816,5.31729],[-74.90816,5.31729],[-74.90815,5.31729],[-74.90815,5.31729],[-74.90815,5.31729],[-74.90815,5.31729],[-74.90814,5.31729],[-74.90814,5.31729],[-74.90813,5.31729],[-74.90813,5.31729],[-74.90812,5.31729],[-74.90812,5.31729],[-74.90811,5.31729],[-74.9081,5.3173],[-74.9081,5.3173],[-74.90809,5.3173],[-74.90809,5.3173],[-74.90809,5.3173],[-74.90808,5.3173],[-74.90808,5.3173],[-74.90807,5.31731],[-74.90807,5.31731],[-74.90807,5.31731],[-74.90806,5.31731],[-74.90806,5.31731],[-74.90806,5.31731],[-74.90805,5.31731],[-74.90805,5.31731],[-74.90804,5.31731],[-74.90804,5.31731],[-74.90803,5.31731],[-74.90802,5.31731],[-74.90802,5.31731],[-74.90801,5.31731],[-74.90801,5.31731],[-74.908,5.31731],[-74.908,5.31731],[-74.90799,5.31732],[-74.90799,5.31732],[-74.90798,5.31732],[-74.90798,5.31732],[-74.90797,5.31732],[-74.90797,5.31733],[-74.90796,5.31733],[-74.90796,5.31733],[-74.90796,5.31733],[-74.90796,5.31733],[-74.90795,5.31733],[-74.90795,5.31733],[-74.90794,5.31734],[-74.90794,5.31734],[-74.90793,5.31734],[-74.90793,5.31734],[-74.90792,5.31734],[-74.90792,5.31733],[-74.90791,5.31733],[-74.90791,5.31733],[-74.9079,5.31733],[-74.9079,5.31733],[-74.9079,5.31733],[-74.90789,5.31733],[-74.90788,5.31733],[-74.90788,5.31733],[-74.90787,5.31733],[-74.90787,5.31733],[-74.90787,5.31733],[-74.90786,5.31733],[-74.90786,5.31733],[-74.90785,5.31733],[-74.90785,5.31733],[-74.90784,5.31733],[-74.90784,5.31733],[-74.90783,5.31733],[-74.90783,5.31733],[-74.90782,5.31733],[-74.90782,5.31733],[-74.90782,5.31733],[-74.90781,5.31733],[-74.90781,5.31733],[-74.90781,5.31732],[-74.9078,5.31732],[-74.9078,5.31732],[-74.90779,5.31731],[-74.90779,5.31731],[-74.90778,5.31731],[-74.90778,5.31731],[-74.90778,5.31731],[-74.90777,5.3173],[-74.90777,5.3173],[-74.90776,5.3173],[-74.90776,5.3173],[-74.90775,5.3173],[-74.90774,5.3173],[-74.90773,5.3173],[-74.90773,5.3173],[-74.90773,5.3173],[-74.90773,5.3173],[-74.90772,5.3173],[-74.90772,5.3173],[-74.90772,5.3173],[-74.90771,5.3173],[-74.90771,5.3173],[-74.90771,5.3173],[-74.9077,5.3173],[-74.9077,5.3173],[-74.90769,5.3173],[-74.90769,5.3173],[-74.90769,5.3173],[-74.90769,5.3173],[-74.90768,5.3173],[-74.90768,5.3173],[-74.90768,5.3173],[-74.90768,5.3173],[-74.90767,5.3173],[-74.90767,5.3173],[-74.90767,5.3173],[-74.90766,5.3173],[-74.90766,5.3173],[-74.90766,5.3173],[-74.90765,5.3173],[-74.90765,5.3173],[-74.90765,5.31731],[-74.90765,5.31731],[-74.90764,5.31731],[-74.90764,5.31731],[-74.90764,5.31731],[-74.90764,5.31731],[-74.90763,5.31731],[-74.90763,5.31732],[-74.90763,5.31732],[-74.90762,5.31732],[-74.90762,5.31731],[-74.90761,5.31732],[-74.90761,5.31732],[-74.9076,5.31732],[-74.90759,5.31732],[-74.90759,5.31732],[-74.90758,5.31732],[-74.90758,5.31732],[-74.90758,5.31732],[-74.90757,5.31732],[-74.90757,5.31732],[-74.90757,5.31732],[-74.90757,5.31732],[-74.90756,5.31733],[-74.90756,5.31733],[-74.90755,5.31733],[-74.90755,5.31733],[-74.90755,5.31733],[-74.90753,5.31734],[-74.90753,5.31734],[-74.90753,5.31734],[-74.90752,5.31734],[-74.90752,5.31734],[-74.90752,5.31734],[-74.90752,5.31734],[-74.90752,5.31734],[-74.90751,5.31735],[-74.90751,5.31735],[-74.90749,5.31736],[-74.90749,5.31736],[-74.90749,5.31736],[-74.90748,5.31736],[-74.90748,5.31736],[-74.90748,5.31737],[-74.90748,5.31737],[-74.90748,5.31737],[-74.90748,5.31737],[-74.90746,5.31739],[-74.90746,5.31739],[-74.90746,5.31739],[-74.90746,5.31739],[-74.90746,5.31739],[-74.90746,5.31739],[-74.90745,5.3174],[-74.90745,5.3174],[-74.90745,5.3174],[-74.90745,5.3174],[-74.90744,5.31742],[-74.90744,5.31742],[-74.90743,5.31743],[-74.90743,5.31743],[-74.90743,5.31743],[-74.90743,5.31744],[-74.90743,5.31744],[-74.90742,5.31744],[-74.90742,5.31744],[-74.90742,5.31744],[-74.90742,5.31744],[-74.90742,5.31744],[-74.90741,5.31744],[-74.90741,5.31745],[-74.9074,5.31745],[-74.9074,5.31745],[-74.90734,5.31738],[-74.90734,5.31738],[-74.90733,5.31738],[-74.90731,5.31739],[-74.90731,5.31739],[-74.9073,5.31739],[-74.90728,5.31738],[-74.90727,5.31738],[-74.90724,5.31738],[-74.90722,5.31738],[-74.9072,5.31737],[-74.90719,5.31737],[-74.90718,5.31736],[-74.90718,5.31736],[-74.90718,5.31735],[-74.90719,5.31735],[-74.90721,5.31734],[-74.90722,5.31733],[-74.90724,5.31732],[-74.90725,5.31732],[-74.90728,5.31732],[-74.90729,5.31732],[-74.90732,5.31731],[-74.90732,5.31731],[-74.90734,5.3173],[-74.90754,5.3172],[-74.90756,5.31717],[-74.90757,5.31714],[-74.90757,5.31711],[-74.90757,5.31708],[-74.90756,5.31705],[-74.90754,5.31702],[-74.90753,5.317],[-74.9075,5.31697],[-74.90748,5.31696],[-74.90745,5.31694],[-74.90742,5.31693],[-74.90735,5.31698],[-74.90734,5.31699],[-74.90732,5.317],[-74.9073,5.31701],[-74.90728,5.31703],[-74.90728,5.31703],[-74.90728,5.31703],[-74.90728,5.31703],[-74.90728,5.31703],[-74.90728,5.31703],[-74.90728,5.31703],[-74.90727,5.31703],[-74.90727,5.31703],[-74.90725,5.31703],[-74.90725,5.31703],[-74.90724,5.31704],[-74.90724,5.31704],[-74.90724,5.31704],[-74.90724,5.31704],[-74.90724,5.31704],[-74.90723,5.31704],[-74.90723,5.31704],[-74.90723,5.31704],[-74.90723,5.31704],[-74.90723,5.31704],[-74.90722,5.31705],[-74.90722,5.31705],[-74.90722,5.31705],[-74.90722,5.31705],[-74.90721,5.31705],[-74.90721,5.31705],[-74.90721,5.31705],[-74.90721,5.31705],[-74.9072,5.31705],[-74.9072,5.31705],[-74.9072,5.31705],[-74.9072,5.31706],[-74.90718,5.31706],[-74.90718,5.31706],[-74.90718,5.31706],[-74.90717,5.31706],[-74.90717,5.31706],[-74.90716,5.31706],[-74.90716,5.31706],[-74.90716,5.31706],[-74.90716,5.31706],[-74.90716,5.31706],[-74.90715,5.31706],[-74.90714,5.31706],[-74.90714,5.31706],[-74.90714,5.31706],[-74.90714,5.31706],[-74.90714,5.31706],[-74.90713,5.31707],[-74.90713,5.31707],[-74.90713,5.31707],[-74.90713,5.31707],[-74.90713,5.31707],[-74.90712,5.31707],[-74.90712,5.31707],[-74.9071,5.31708],[-74.9071,5.31708],[-74.9071,5.31708],[-74.90708,5.31694],[-74.90709,5.31693],[-74.90709,5.31693],[-74.90709,5.31692],[-74.90709,5.31692],[-74.9071,5.31691],[-74.90711,5.31691],[-74.90711,5.31691],[-74.90712,5.31691],[-74.90712,5.31691],[-74.90713,5.3169],[-74.90713,5.3169],[-74.90713,5.3169],[-74.90714,5.3169],[-74.90714,5.31689],[-74.90715,5.31689],[-74.90715,5.31689],[-74.90716,5.31688],[-74.90716,5.31688],[-74.90717,5.31687],[-74.90717,5.31687],[-74.90717,5.31687],[-74.90718,5.31687],[-74.90718,5.31686],[-74.90719,5.31686],[-74.90719,5.31686],[-74.9072,5.31686],[-74.9072,5.31685],[-74.90721,5.31685],[-74.90721,5.31685],[-74.90721,5.31684],[-74.90722,5.31684],[-74.90722,5.31683],[-74.90722,5.31683],[-74.90723,5.31683],[-74.90723,5.31682],[-74.90723,5.31682],[-74.90724,5.31681],[-74.90724,5.31681],[-74.90725,5.31679],[-74.90725,5.31679],[-74.90725,5.31679],[-74.90726,5.31679],[-74.90726,5.31679],[-74.90727,5.31679],[-74.90727,5.31679],[-74.90727,5.31679],[-74.90728,5.31679],[-74.90728,5.31679],[-74.90729,5.3168],[-74.90729,5.3168],[-74.9073,5.3168],[-74.90731,5.3168],[-74.90731,5.3168],[-74.90732,5.3168],[-74.90733,5.3168],[-74.90733,5.3168],[-74.90734,5.3168],[-74.90735,5.3168],[-74.90735,5.3168],[-74.90736,5.3168],[-74.90736,5.31679],[-74.90737,5.31679],[-74.90737,5.31679],[-74.90738,5.31679],[-74.90738,5.31678],[-74.90739,5.31678],[-74.90739,5.31678],[-74.90739,5.31678],[-74.9074,5.31678],[-74.9074,5.31678],[-74.9074,5.31678],[-74.90741,5.31678],[-74.90741,5.31678],[-74.90742,5.31678],[-74.90742,5.31678],[-74.90743,5.31678],[-74.90743,5.31678],[-74.90744,5.31679],[-74.90744,5.31679],[-74.90745,5.31679],[-74.90745,5.31679],[-74.90746,5.31679],[-74.90746,5.31679],[-74.90747,5.31679],[-74.90747,5.31679],[-74.90747,5.31679],[-74.90748,5.31679],[-74.90749,5.31679],[-74.90749,5.31679],[-74.9075,5.31679],[-74.9075,5.31679],[-74.9075,5.31679],[-74.90751,5.31679],[-74.90751,5.31679],[-74.90752,5.31679],[-74.90752,5.31679],[-74.90753,5.31678],[-74.90753,5.31678],[-74.90754,5.31678],[-74.90764,5.31681],[-74.90765,5.31679],[-74.90766,5.31678],[-74.90768,5.31677],[-74.9077,5.31675],[-74.90775,5.31663],[-74.90776,5.31662],[-74.90776,5.31662],[-74.90777,5.31662],[-74.90778,5.31662],[-74.90778,5.31662],[-74.90778,5.31662],[-74.90779,5.31662],[-74.90779,5.31662],[-74.90779,5.31662],[-74.90779,5.31662],[-74.9078,5.31662],[-74.9078,5.31661],[-74.9078,5.31661],[-74.9078,5.31661],[-74.90781,5.31661],[-74.90781,5.31661],[-74.90781,5.31661],[-74.90782,5.31661],[-74.90782,5.31661],[-74.90782,5.31661],[-74.90782,5.31661],[-74.90783,5.31661],[-74.90783,5.31661],[-74.90783,5.31661],[-74.90784,5.31661],[-74.90784,5.31661],[-74.90784,5.31661],[-74.90784,5.31661],[-74.90785,5.31661],[-74.90785,5.31661],[-74.90785,5.31661],[-74.90786,5.31661],[-74.90787,5.31661],[-74.90787,5.31661],[-74.90787,5.31661],[-74.90788,5.31661],[-74.90788,5.31661],[-74.90788,5.31661],[-74.90789,5.31661],[-74.90789,5.31661],[-74.9079,5.31661],[-74.9079,5.31661],[-74.9079,5.31661],[-74.9079,5.31661],[-74.9079,5.31661],[-74.90791,5.3166],[-74.90791,5.3166],[-74.90792,5.3166],[-74.90792,5.3166],[-74.90793,5.31659],[-74.90793,5.31659],[-74.90793,5.31659],[-74.90793,5.31659],[-74.90794,5.31659],[-74.90794,5.31659],[-74.90794,5.31659],[-74.90795,5.31659],[-74.90795,5.31659],[-74.90795,5.31659],[-74.90796,5.31659],[-74.90797,5.31659],[-74.90797,5.31659],[-74.90797,5.31659],[-74.90797,5.31659],[-74.90798,5.31659],[-74.90798,5.31659],[-74.90798,5.31659],[-74.90798,5.31659],[-74.90799,5.31659],[-74.90799,5.31659],[-74.908,5.31659],[-74.908,5.31659],[-74.90801,5.31659],[-74.90801,5.31659],[-74.90801,5.31659],[-74.90802,5.3166],[-74.90802,5.3166],[-74.90803,5.3166],[-74.90803,5.3166],[-74.90803,5.3166],[-74.90804,5.3166],[-74.90804,5.3166],[-74.90804,5.3166],[-74.90805,5.3166],[-74.90805,5.3166],[-74.90806,5.3166],[-74.90806,5.3166],[-74.90807,5.3166],[-74.90807,5.3166],[-74.90807,5.3166],[-74.90807,5.3166],[-74.90808,5.31661],[-74.90808,5.31661],[-74.90809,5.31661],[-74.90809,5.31661],[-74.90809,5.31661],[-74.90809,5.31661],[-74.90809,5.31661],[-74.9081,5.31661],[-74.9081,5.31661],[-74.90811,5.31661],[-74.90811,5.31662],[-74.90811,5.31662],[-74.90811,5.31662],[-74.90811,5.31662],[-74.90812,5.31662],[-74.90812,5.31662],[-74.90813,5.31662],[-74.90813,5.31662],[-74.90813,5.31662],[-74.90813,5.31662],[-74.90813,5.31662],[-74.90814,5.31662],[-74.90814,5.31662],[-74.90815,5.31662],[-74.90815,5.31662],[-74.90815,5.31662],[-74.90816,5.31663],[-74.90816,5.31663],[-74.90816,5.31663],[-74.90816,5.31663],[-74.90816,5.31663],[-74.90817,5.31663],[-74.90817,5.31663],[-74.90818,5.31664],[-74.90818,5.31664],[-74.90818,5.31664],[-74.90819,5.31665],[-74.90819,5.31665],[-74.90819,5.31665],[-74.9082,5.31666],[-74.9082,5.31666],[-74.90821,5.31666],[-74.90821,5.31667],[-74.90822,5.31667],[-74.90822,5.31667],[-74.90823,5.31667],[-74.90823,5.31668],[-74.90823,5.31668],[-74.90824,5.31668],[-74.90824,5.31668],[-74.90825,5.31668],[-74.90825,5.31668],[-74.90826,5.31669],[-74.90826,5.31669],[-74.90827,5.31669],[-74.90827,5.31669],[-74.90827,5.31669],[-74.90828,5.31669],[-74.90828,5.3167],[-74.90829,5.3167],[-74.90829,5.3167],[-74.90829,5.3167],[-74.9083,5.31671],[-74.90831,5.31671],[-74.90831,5.31671],[-74.90832,5.31671],[-74.90832,5.31671],[-74.90833,5.31671],[-74.90833,5.31671],[-74.90834,5.31671],[-74.90834,5.31671],[-74.90835,5.31671],[-74.90835,5.31671],[-74.90836,5.31672],[-74.90836,5.31672],[-74.90837,5.31672],[-74.90837,5.31672],[-74.90837,5.31672],[-74.90838,5.31672],[-74.90838,5.31673],[-74.90838,5.31673],[-74.90839,5.31674],[-74.90839,5.31674],[-74.90839,5.31674],[-74.9084,5.31675],[-74.9084,5.31675],[-74.90841,5.31676],[-74.90841,5.31676],[-74.90841,5.31676],[-74.90844,5.31678],[-74.90847,5.3168],[-74.90847,5.3168],[-74.90848,5.3168],[-74.90848,5.3168],[-74.9085,5.31681],[-74.9085,5.31681],[-74.90851,5.31682],[-74.90851,5.31682],[-74.90852,5.31682],[-74.90852,5.31682],[-74.90854,5.31682],[-74.90854,5.31682],[-74.90855,5.31683],[-74.90855,5.31683],[-74.90855,5.31683],[-74.90856,5.31683],[-74.90856,5.31683],[-74.90857,5.31683],[-74.90858,5.31683],[-74.90858,5.31683],[-74.90858,5.31684],[-74.90859,5.31684],[-74.90859,5.31684],[-74.9086,5.31684],[-74.9086,5.31684],[-74.9086,5.31684],[-74.90861,5.31685],[-74.90861,5.31685],[-74.90861,5.31685],[-74.90862,5.31685],[-74.90862,5.31686],[-74.90863,5.31686],[-74.90863,5.31686],[-74.90864,5.31686],[-74.90864,5.31687],[-74.90864,5.31687],[-74.90864,5.31687],[-74.90865,5.31687],[-74.90865,5.31687],[-74.90865,5.31687],[-74.90866,5.31688],[-74.90866,5.31688],[-74.90866,5.31688],[-74.90867,5.31689],[-74.90867,5.31689],[-74.90867,5.31689],[-74.90868,5.31689],[-74.90868,5.3169],[-74.90869,5.3169],[-74.90869,5.3169],[-74.9087,5.31691],[-74.9087,5.31691],[-74.90871,5.31691],[-74.90871,5.31691],[-74.90872,5.31691],[-74.90872,5.31692],[-74.90872,5.31692],[-74.90873,5.31692],[-74.90873,5.31692],[-74.90874,5.31693],[-74.90874,5.31693],[-74.90875,5.31693],[-74.90875,5.31693],[-74.90876,5.31693],[-74.90877,5.31693],[-74.90877,5.31693],[-74.90877,5.31693],[-74.90878,5.31694],[-74.90878,5.31694],[-74.90879,5.31694],[-74.9088,5.31694],[-74.9088,5.31694],[-74.90881,5.31694],[-74.90881,5.31694],[-74.90882,5.31694],[-74.90882,5.31694],[-74.90883,5.31696],[-74.90885,5.31697],[-74.90888,5.31698],[-74.9089,5.31699],[-74.90892,5.31699],[-74.90894,5.31699],[-74.90897,5.31698],[-74.90899,5.31697],[-74.90901,5.31696],[-74.90902,5.31694],[-74.90904,5.31692],[-74.90905,5.3169],[-74.90905,5.31688],[-74.90906,5.31685],[-74.90905,5.31683],[-74.90905,5.31681],[-74.90904,5.31679],[-74.90902,5.31677],[-74.90901,5.31675],[-74.90899,5.31674],[-74.90897,5.31673],[-74.90894,5.31672],[-74.90892,5.31672],[-74.9089,5.31672],[-74.90887,5.31673],[-74.90885,5.31674],[-74.90885,5.31674],[-74.90884,5.31674],[-74.90884,5.31674],[-74.90884,5.31674],[-74.90884,5.31674],[-74.90884,5.31674],[-74.90883,5.31674],[-74.90883,5.31674],[-74.90882,5.31675],[-74.90882,5.31675],[-74.90882,5.31675],[-74.90882,5.31675],[-74.90882,5.31675],[-74.90882,5.31675],[-74.90881,5.31675],[-74.90881,5.31675],[-74.9088,5.31675],[-74.9088,5.31675],[-74.90879,5.31674],[-74.90879,5.31674],[-74.90879,5.31674],[-74.90878,5.31674],[-74.90878,5.31674],[-74.90878,5.31674],[-74.90878,5.31674],[-74.90878,5.31674],[-74.90877,5.31673],[-74.90877,5.31673],[-74.90877,5.31673],[-74.90876,5.31672],[-74.90876,5.31672],[-74.90876,5.31672],[-74.90876,5.31672],[-74.90876,5.31672],[-74.90875,5.31671],[-74.90875,5.31671],[-74.90875,5.31671],[-74.90874,5.31671],[-74.90874,5.3167],[-74.90873,5.3167],[-74.90873,5.3167],[-74.90872,5.3167],[-74.90872,5.3167],[-74.90872,5.31669],[-74.90872,5.31669],[-74.90871,5.31669],[-74.90871,5.31669],[-74.90871,5.31669],[-74.9087,5.31669],[-74.9087,5.31669],[-74.9087,5.31668],[-74.90869,5.31668],[-74.90869,5.31668],[-74.90869,5.31668],[-74.90869,5.31668],[-74.90868,5.31668],[-74.90868,5.31667],[-74.90867,5.31667],[-74.90867,5.31667],[-74.90867,5.31667],[-74.90867,5.31667],[-74.90867,5.31667],[-74.90866,5.31666],[-74.90866,5.31666],[-74.90866,5.31666],[-74.90866,5.31666],[-74.90866,5.31666],[-74.90865,5.31666],[-74.90865,5.31666],[-74.90864,5.31666],[-74.90863,5.31665],[-74.90863,5.31665],[-74.90863,5.31665],[-74.90863,5.31665],[-74.90863,5.31665],[-74.90863,5.31665],[-74.90863,5.31665],[-74.90862,5.31665],[-74.90862,5.31665],[-74.90861,5.31665],[-74.90861,5.31664],[-74.9086,5.31664],[-74.9086,5.31664],[-74.9086,5.31664],[-74.9086,5.31664],[-74.9086,5.31664],[-74.90859,5.31664],[-74.90859,5.31664],[-74.90859,5.31663],[-74.90858,5.31663],[-74.90858,5.31663],[-74.90858,5.31663],[-74.90858,5.31663],[-74.90857,5.31663],[-74.90857,5.31663],[-74.90857,5.31663],[-74.90857,5.31663],[-74.90856,5.31663],[-74.90856,5.31663],[-74.90856,5.31663],[-74.90856,5.31663],[-74.90856,5.31663],[-74.90855,5.31663],[-74.90855,5.31663],[-74.90854,5.31663],[-74.90854,5.31663],[-74.90854,5.31663],[-74.90854,5.31662],[-74.90853,5.31662],[-74.90853,5.31662],[-74.90853,5.31662],[-74.90853,5.31661],[-74.90853,5.31661],[-74.90853,5.31661],[-74.90853,5.31661],[-74.90853,5.31661],[-74.90852,5.3166],[-74.90852,5.3166],[-74.90852,5.3166],[-74.90851,5.31659],[-74.90851,5.31659],[-74.90851,5.31659],[-74.90851,5.31658],[-74.90851,5.31658],[-74.9085,5.31658],[-74.9085,5.31657],[-74.9085,5.31657],[-74.90849,5.31657],[-74.90849,5.31656],[-74.90848,5.31656],[-74.90848,5.31656],[-74.90847,5.31655],[-74.90847,5.31655],[-74.90846,5.31655],[-74.90845,5.31654],[-74.90845,5.31654],[-74.90845,5.31654],[-74.90844,5.31654],[-74.90844,5.31654],[-74.90844,5.31654],[-74.90844,5.31654],[-74.90843,5.31654],[-74.90843,5.31653],[-74.90843,5.31653],[-74.90841,5.31653],[-74.90841,5.31653],[-74.90841,5.31653],[-74.90841,5.31653],[-74.90841,5.31653],[-74.9084,5.31653],[-74.9084,5.31653],[-74.90839,5.31653],[-74.90838,5.31653],[-74.90838,5.31653],[-74.90838,5.31653],[-74.90838,5.31653],[-74.90837,5.31653],[-74.90837,5.31653],[-74.90836,5.31653],[-74.90836,5.31653],[-74.90836,5.31653],[-74.90835,5.31653],[-74.90835,5.31652],[-74.90834,5.31652],[-74.90834,5.31652],[-74.90833,5.31652],[-74.90833,5.31652],[-74.90833,5.31652],[-74.90833,5.31652],[-74.90832,5.31651],[-74.90832,5.31651],[-74.90831,5.31651],[-74.90831,5.31651],[-74.90831,5.31651],[-74.9083,5.31651],[-74.9083,5.3165],[-74.9083,5.3165],[-74.9083,5.3165],[-74.90829,5.3165],[-74.90829,5.31649],[-74.90829,5.31649],[-74.90828,5.31649],[-74.90828,5.31649],[-74.90828,5.31648],[-74.90828,5.31648],[-74.90828,5.31648],[-74.90827,5.31647],[-74.90826,5.31647],[-74.90826,5.31647],[-74.90825,5.31646],[-74.90825,5.31646],[-74.90825,5.31646],[-74.90824,5.31646],[-74.90823,5.31646],[-74.90823,5.31646],[-74.90823,5.31646],[-74.90823,5.31646],[-74.90823,5.31645],[-74.90822,5.31645],[-74.90822,5.31645],[-74.90821,5.31644],[-74.90821,5.31644],[-74.90821,5.31644],[-74.90821,5.31644],[-74.90821,5.31644],[-74.9082,5.31644],[-74.90819,5.31644],[-74.90819,5.31644],[-74.90818,5.31644],[-74.90818,5.31644],[-74.90818,5.31644],[-74.90818,5.31644],[-74.90817,5.31644],[-74.90817,5.31644],[-74.90817,5.31644],[-74.90816,5.31644],[-74.90816,5.31643],[-74.90815,5.31643],[-74.90815,5.31643],[-74.90814,5.31643],[-74.90814,5.31643],[-74.90814,5.31643],[-74.90814,5.31643],[-74.90814,5.31643],[-74.90813,5.31643],[-74.90813,5.31643],[-74.90813,5.31643],[-74.90812,5.31643],[-74.90811,5.31642],[-74.90811,5.31642],[-74.90811,5.31642],[-74.90811,5.31642],[-74.90811,5.31642],[-74.9081,5.31642],[-74.9081,5.31642],[-74.9081,5.31642],[-74.90809,5.31642],[-74.90809,5.31642],[-74.90808,5.31642],[-74.90808,5.31642],[-74.90808,5.31642],[-74.90807,5.31642],[-74.90807,5.31642],[-74.90807,5.31642],[-74.90806,5.31642],[-74.90806,5.31641],[-74.90806,5.31641],[-74.90806,5.31641],[-74.90806,5.31641],[-74.90806,5.31641],[-74.90805,5.31641],[-74.90805,5.31641],[-74.90804,5.31641],[-74.90804,5.31641],[-74.90803,5.31641],[-74.90803,5.31641],[-74.90802,5.31641],[-74.90802,5.31641],[-74.90802,5.31641],[-74.90801,5.31641],[-74.90801,5.31641],[-74.90801,5.3164],[-74.908,5.3164],[-74.908,5.3164],[-74.90799,5.3164],[-74.90799,5.3164],[-74.90799,5.3164],[-74.90798,5.3164],[-74.90798,5.3164],[-74.90798,5.3164],[-74.90797,5.3164],[-74.90797,5.3164],[-74.90797,5.3164],[-74.90796,5.3164],[-74.90796,5.3164],[-74.90795,5.3164],[-74.90795,5.3164],[-74.90795,5.3164],[-74.90794,5.3164],[-74.90794,5.3164],[-74.90793,5.3164],[-74.90793,5.3164],[-74.90793,5.3164],[-74.90793,5.3164],[-74.90792,5.3164],[-74.90792,5.3164],[-74.90791,5.3164],[-74.90791,5.3164],[-74.90791,5.3164],[-74.9079,5.3164],[-74.9079,5.3164],[-74.9079,5.3164],[-74.9079,5.3164],[-74.90789,5.3164],[-74.90789,5.3164],[-74.90789,5.31641],[-74.90789,5.31641],[-74.90789,5.31641],[-74.90788,5.31641],[-74.90788,5.31641],[-74.90788,5.31641],[-74.90787,5.31641],[-74.90787,5.31641],[-74.90786,5.31641],[-74.90786,5.31642],[-74.90786,5.31642],[-74.90786,5.31642],[-74.90786,5.31642],[-74.90785,5.31642],[-74.90785,5.31642],[-74.90785,5.31642],[-74.90785,5.31642],[-74.90785,5.31642],[-74.90784,5.31642],[-74.90784,5.31643],[-74.90784,5.31643],[-74.90784,5.31643],[-74.90784,5.31642],[-74.90783,5.31642],[-74.90783,5.31642],[-74.90783,5.31642],[-74.90782,5.31642],[-74.90782,5.31642],[-74.90781,5.31642],[-74.90781,5.31642],[-74.90781,5.31642],[-74.90781,5.31642],[-74.90781,5.31642],[-74.9078,5.31642],[-74.9078,5.31642],[-74.90779,5.31642],[-74.90779,5.31642],[-74.90779,5.31642],[-74.90779,5.31642],[-74.90779,5.31642],[-74.90778,5.31642],[-74.90778,5.31642],[-74.90778,5.31642],[-74.90778,5.31642],[-74.90778,5.31642],[-74.90779,5.31641],[-74.90779,5.3164],[-74.9078,5.3164],[-74.90781,5.3164],[-74.90782,5.3164],[-74.90782,5.3164],[-74.90783,5.3164],[-74.90783,5.3164],[-74.90783,5.3164],[-74.90783,5.3164],[-74.90784,5.31639],[-74.90784,5.31639],[-74.90784,5.31639],[-74.90784,5.31639],[-74.90784,5.31639],[-74.90785,5.31639],[-74.90785,5.31639],[-74.90785,5.31639],[-74.90786,5.31639],[-74.90786,5.31639],[-74.90786,5.31639],[-74.90786,5.31639],[-74.90786,5.31639],[-74.90787,5.31638],[-74.90787,5.31638],[-74.90787,5.31638],[-74.90787,5.31638],[-74.90787,5.31638],[-74.90788,5.31638],[-74.90789,5.31638],[-74.90789,5.31638],[-74.90789,5.31638],[-74.90789,5.31638],[-74.90789,5.31638],[-74.9079,5.31637],[-74.9079,5.31637],[-74.9079,5.31637],[-74.9079,5.31637],[-74.90791,5.31637],[-74.90791,5.31636],[-74.90791,5.31636],[-74.90791,5.31636],[-74.90791,5.31636],[-74.90792,5.31636],[-74.90792,5.31636],[-74.90792,5.31635],[-74.90792,5.31635],[-74.90792,5.31635],[-74.90793,5.31635],[-74.90793,5.31634],[-74.90793,5.31634],[-74.90794,5.31633],[-74.90794,5.31633],[-74.90794,5.31633],[-74.90795,5.31633],[-74.90795,5.31633],[-74.90796,5.31632],[-74.90796,5.31632],[-74.90796,5.31632],[-74.90796,5.31632],[-74.90796,5.31632],[-74.90797,5.31632],[-74.90797,5.31632],[-74.90797,5.31632],[-74.90797,5.31632],[-74.90798,5.31631],[-74.90798,5.31631],[-74.90799,5.31631],[-74.90799,5.31631],[-74.90799,5.31631],[-74.908,5.3163],[-74.908,5.3163],[-74.90801,5.3163],[-74.90801,5.3163],[-74.90801,5.3163],[-74.90801,5.3163],[-74.90801,5.3163],[-74.90802,5.31629],[-74.90802,5.31629],[-74.90802,5.31629],[-74.90802,5.31629],[-74.90803,5.31629],[-74.90803,5.31629],[-74.90803,5.31628],[-74.90804,5.31628],[-74.90804,5.31628],[-74.90804,5.31628],[-74.90804,5.31628],[-74.90804,5.31627],[-74.90804,5.31627],[-74.90805,5.31626],[-74.90805,5.31626],[-74.90805,5.31626],[-74.90805,5.31626],[-74.90805,5.31626],[-74.90806,5.31626],[-74.90806,5.31626],[-74.90806,5.31626],[-74.90807,5.31626],[-74.90807,5.31626],[-74.90807,5.31626],[-74.90807,5.31626],[-74.90808,5.31626],[-74.90808,5.31625],[-74.90809,5.31625],[-74.90809,5.31625],[-74.9081,5.31624],[-74.9081,5.31624],[-74.9081,5.31624],[-74.9081,5.31624],[-74.9081,5.31624],[-74.9081,5.31624],[-74.90811,5.31623],[-74.90811,5.31623],[-74.90811,5.31623],[-74.90811,5.31623],[-74.90811,5.31623],[-74.90811,5.31622],[-74.90812,5.31622],[-74.90812,5.31622],[-74.90812,5.31622],[-74.90813,5.31622],[-74.90813,5.31622],[-74.90813,5.31622],[-74.90813,5.31622],[-74.90814,5.31622],[-74.90814,5.31622],[-74.90814,5.31622],[-74.90814,5.31622],[-74.90815,5.31622],[-74.90815,5.31622],[-74.90815,5.31622],[-74.90815,5.31622],[-74.90815,5.31622],[-74.90816,5.31622],[-74.90816,5.31622],[-74.90816,5.31622],[-74.90817,5.31622],[-74.90818,5.31622],[-74.90818,5.31622],[-74.90818,5.31622],[-74.90819,5.31622],[-74.90819,5.31623],[-74.9082,5.31623],[-74.9082,5.31623],[-74.9082,5.31623],[-74.9082,5.31623],[-74.90821,5.31624],[-74.90821,5.31624],[-74.90821,5.31624],[-74.90821,5.31624],[-74.90822,5.31624],[-74.90822,5.31624],[-74.90822,5.31624],[-74.90822,5.31624],[-74.90822,5.31624],[-74.90823,5.31625],[-74.90824,5.31625],[-74.90824,5.31625],[-74.90824,5.31625],[-74.90824,5.31625],[-74.90825,5.31625],[-74.90825,5.31625],[-74.90825,5.31625],[-74.90825,5.31625],[-74.90826,5.31625],[-74.90826,5.31625],[-74.90827,5.31626],[-74.90827,5.31626],[-74.90827,5.31626],[-74.90827,5.31626],[-74.90827,5.31626],[-74.90828,5.31626],[-74.90828,5.31626],[-74.90829,5.31626],[-74.9083,5.31626],[-74.9083,5.31626],[-74.9083,5.31626],[-74.9083,5.31626],[-74.9083,5.31626],[-74.90831,5.31625],[-74.90831,5.31625],[-74.90832,5.31625],[-74.90832,5.31626],[-74.90832,5.31626],[-74.90833,5.31626],[-74.90833,5.31626],[-74.90833,5.31626],[-74.90833,5.31626],[-74.90833,5.31626],[-74.90834,5.31627],[-74.90834,5.31627],[-74.90834,5.31627],[-74.90835,5.31628],[-74.90835,5.31628],[-74.90835,5.31628],[-74.90835,5.31628],[-74.90835,5.31628],[-74.90836,5.31628],[-74.90836,5.31629],[-74.90836,5.31629],[-74.90836,5.31629],[-74.90836,5.31629],[-74.90837,5.31629],[-74.90837,5.31629],[-74.90837,5.3163],[-74.90838,5.3163],[-74.90838,5.3163],[-74.90839,5.3163],[-74.90839,5.31631],[-74.90839,5.31631],[-74.90839,5.31631],[-74.90839,5.31632],[-74.90839,5.31632],[-74.9084,5.31632],[-74.9084,5.31633],[-74.9084,5.31633],[-74.9084,5.31633],[-74.9084,5.31633],[-74.90841,5.31633],[-74.90841,5.31634],[-74.90841,5.31634],[-74.90842,5.31634],[-74.90842,5.31635],[-74.90843,5.31635],[-74.90843,5.31635],[-74.90843,5.31635],[-74.90844,5.31636],[-74.90845,5.31637],[-74.90845,5.31637],[-74.90845,5.31637],[-74.90845,5.31637],[-74.90845,5.31637],[-74.90845,5.31637],[-74.90846,5.31638],[-74.90846,5.31638],[-74.90846,5.31638],[-74.90846,5.31638],[-74.90846,5.31638],[-74.90847,5.31638],[-74.90847,5.31638],[-74.90848,5.31639],[-74.90848,5.31639],[-74.90848,5.31639],[-74.90849,5.3164],[-74.90849,5.3164],[-74.90849,5.3164],[-74.90849,5.3164],[-74.90849,5.3164],[-74.90849,5.3164],[-74.90849,5.31641],[-74.90849,5.31641],[-74.9085,5.31641],[-74.9085,5.31642],[-74.9085,5.31642],[-74.9085,5.31642],[-74.9085,5.31642],[-74.9085,5.31642],[-74.90851,5.31643],[-74.90851,5.31643],[-74.90851,5.31643],[-74.90851,5.31643],[-74.90851,5.31643],[-74.90851,5.31644],[-74.90852,5.31644],[-74.90852,5.31644],[-74.90852,5.31645],[-74.90852,5.31645],[-74.90853,5.31645],[-74.90853,5.31645],[-74.90853,5.31645],[-74.90853,5.31645],[-74.90854,5.31646],[-74.90854,5.31646],[-74.90854,5.31646],[-74.90855,5.31646],[-74.90855,5.31646],[-74.90856,5.31647],[-74.90856,5.31647],[-74.90857,5.31647],[-74.90857,5.31647],[-74.90858,5.31647],[-74.90858,5.31648],[-74.90859,5.31648],[-74.90859,5.31648],[-74.90859,5.31648],[-74.90859,5.31648],[-74.90859,5.31648],[-74.90859,5.31648],[-74.9086,5.31648],[-74.9086,5.31649],[-74.90861,5.31649],[-74.90861,5.31649],[-74.90862,5.31649],[-74.90862,5.31649],[-74.90863,5.31649],[-74.90863,5.31649],[-74.90863,5.31649],[-74.90863,5.31649],[-74.90864,5.3165],[-74.90865,5.3165],[-74.90865,5.3165],[-74.90865,5.3165],[-74.90866,5.3165],[-74.90866,5.3165],[-74.90866,5.3165],[-74.90867,5.3165],[-74.90867,5.3165],[-74.90867,5.31651],[-74.90867,5.31651],[-74.90867,5.31651],[-74.90868,5.31651],[-74.90868,5.31651],[-74.90869,5.31651],[-74.90869,5.31651],[-74.9087,5.31651],[-74.9087,5.31651],[-74.9087,5.31651],[-74.9087,5.31652],[-74.90871,5.31652],[-74.90871,5.31652],[-74.90871,5.31652],[-74.90871,5.31652],[-74.90871,5.31652],[-74.90872,5.31653],[-74.90872,5.31653],[-74.90873,5.31653],[-74.90873,5.31653],[-74.90873,5.31654],[-74.90873,5.31654],[-74.90873,5.31654],[-74.90873,5.31654],[-74.90874,5.31654],[-74.90874,5.31655],[-74.90874,5.31655],[-74.90874,5.31656],[-74.90874,5.31656],[-74.90875,5.31656],[-74.90875,5.31657],[-74.90875,5.31657],[-74.90875,5.31657],[-74.90875,5.31657],[-74.90875,5.31657],[-74.90876,5.31658],[-74.90876,5.31658],[-74.90876,5.31658],[-74.90876,5.31658],[-74.90876,5.31658],[-74.90877,5.31659],[-74.90877,5.31659],[-74.90878,5.31659],[-74.90878,5.3166],[-74.90879,5.3166],[-74.90879,5.3166],[-74.90879,5.3166],[-74.90879,5.3166],[-74.90879,5.3166],[-74.9088,5.3166],[-74.9088,5.3166],[-74.9088,5.3166],[-74.90881,5.31661],[-74.90882,5.31661],[-74.90882,5.31661],[-74.90882,5.31661],[-74.90882,5.31661],[-74.90883,5.31662],[-74.90883,5.31662],[-74.90883,5.31662],[-74.90883,5.31662],[-74.90883,5.31662],[-74.90884,5.31662],[-74.90884,5.31662],[-74.90885,5.31662],[-74.90886,5.31663],[-74.90886,5.31663],[-74.90887,5.31663],[-74.90887,5.31663],[-74.90887,5.31663],[-74.90887,5.31663],[-74.90888,5.31663],[-74.90889,5.31663],[-74.90889,5.31663],[-74.90889,5.31663],[-74.90889,5.31663],[-74.9089,5.31664],[-74.9089,5.31664],[-74.9089,5.31664],[-74.9089,5.31664],[-74.9089,5.31664],[-74.90891,5.31664],[-74.90891,5.31665],[-74.90892,5.31665],[-74.90892,5.31665],[-74.90892,5.31665],[-74.90893,5.31666],[-74.90893,5.31666],[-74.90893,5.31666],[-74.90894,5.31666],[-74.90894,5.31666],[-74.90894,5.31666],[-74.90894,5.31666],[-74.90894,5.31667],[-74.90895,5.31667],[-74.90895,5.31667],[-74.90895,5.31667],[-74.90895,5.31667],[-74.90895,5.31668],[-74.90896,5.31668],[-74.90896,5.31668],[-74.90897,5.31669],[-74.90897,5.31669],[-74.90897,5.31669],[-74.90897,5.31669],[-74.90898,5.31669],[-74.90898,5.3167],[-74.90898,5.3167],[-74.90898,5.3167],[-74.90898,5.3167],[-74.90899,5.3167],[-74.90899,5.3167],[-74.909,5.31671],[-74.909,5.31671],[-74.90901,5.31671],[-74.90901,5.31671],[-74.90902,5.31671],[-74.90903,5.31672],[-74.90903,5.31672],[-74.90904,5.31672],[-74.90919,5.31678],[-74.90921,5.31678],[-74.90922,5.31677],[-74.90922,5.31677],[-74.90923,5.31677],[-74.90926,5.31677],[-74.90927,5.31677],[-74.90929,5.31676],[-74.90932,5.31676],[-74.90935,5.31674],[-74.90938,5.31672],[-74.9094,5.3167],[-74.90942,5.31668],[-74.90943,5.31665],[-74.90944,5.31662],[-74.90944,5.31659],[-74.90944,5.31655],[-74.90943,5.31652],[-74.90942,5.3165],[-74.9094,5.31647],[-74.90937,5.31645],[-74.90935,5.31643],[-74.90933,5.31642],[-74.90932,5.31642],[-74.9093,5.31641],[-74.90928,5.3164],[-74.90926,5.3164],[-74.90925,5.3164],[-74.90923,5.3164],[-74.90922,5.3164],[-74.9092,5.31641],[-74.90918,5.31641],[-74.90897,5.31646],[-74.90897,5.31646],[-74.90897,5.31645],[-74.90897,5.31645],[-74.90896,5.31645],[-74.90896,5.31645],[-74.90896,5.31645],[-74.90895,5.31644],[-74.90894,5.31644],[-74.90894,5.31644],[-74.90893,5.31644],[-74.90893,5.31644],[-74.90893,5.31644],[-74.90892,5.31644],[-74.90892,5.31643],[-74.90891,5.31643],[-74.9089,5.31643],[-74.9089,5.31643],[-74.9089,5.31643],[-74.9089,5.31643],[-74.90889,5.31643],[-74.90889,5.31643],[-74.90889,5.31643],[-74.90889,5.31643],[-74.90888,5.31642],[-74.90888,5.31642],[-74.90888,5.31642],[-74.90888,5.31642],[-74.90888,5.31642],[-74.90888,5.31641],[-74.90886,5.3164],[-74.90886,5.3164],[-74.90886,5.3164],[-74.90884,5.31638],[-74.90884,5.31637],[-74.90883,5.31637],[-74.90883,5.31637],[-74.90883,5.31637],[-74.90883,5.31637],[-74.90883,5.31637],[-74.90882,5.31636],[-74.90882,5.31636],[-74.90882,5.31636],[-74.90882,5.31636],[-74.90882,5.31636],[-74.90881,5.31636],[-74.90881,5.31636],[-74.90881,5.31636],[-74.9088,5.31636],[-74.9088,5.31635],[-74.90879,5.31635],[-74.90879,5.31635],[-74.90878,5.31634],[-74.90878,5.31634],[-74.90878,5.31634],[-74.90877,5.31634],[-74.90877,5.31634],[-74.90877,5.31634],[-74.90877,5.31634],[-74.90876,5.31634],[-74.90876,5.31634],[-74.90876,5.31634],[-74.90874,5.31633],[-74.90874,5.31633],[-74.90873,5.31633],[-74.90873,5.31632],[-74.90872,5.31632],[-74.90872,5.31632],[-74.90872,5.31632],[-74.90872,5.31632],[-74.90871,5.31632],[-74.90871,5.31632],[-74.90871,5.31632],[-74.9087,5.31632],[-74.90869,5.31631],[-74.90869,5.31631],[-74.90869,5.31631],[-74.90869,5.31631],[-74.90869,5.31631],[-74.90869,5.31631],[-74.90868,5.31631],[-74.90868,5.31631],[-74.90867,5.3163],[-74.90867,5.3163],[-74.90866,5.3163],[-74.90866,5.3163],[-74.90866,5.3163],[-74.90866,5.3163],[-74.90865,5.3163],[-74.90865,5.3163],[-74.90864,5.3163],[-74.90864,5.31629],[-74.90864,5.31629],[-74.90864,5.31628],[-74.90864,5.31628],[-74.90864,5.31628],[-74.90863,5.31628],[-74.90863,5.31628],[-74.90863,5.31628],[-74.90863,5.31628],[-74.90863,5.31628],[-74.90862,5.31627],[-74.90862,5.31627],[-74.90861,5.31626],[-74.90861,5.31626],[-74.90861,5.31626],[-74.90861,5.31626],[-74.9086,5.31625],[-74.9086,5.31625],[-74.9086,5.31625],[-74.9086,5.31625],[-74.9086,5.31625],[-74.9086,5.31624],[-74.9086,5.31624],[-74.90859,5.31624],[-74.90859,5.31624],[-74.90859,5.31624],[-74.90859,5.31624],[-74.90858,5.31623],[-74.90858,5.31623],[-74.90857,5.31623],[-74.90857,5.31623],[-74.90856,5.31622],[-74.90856,5.31622],[-74.90856,5.31622],[-74.90856,5.31621],[-74.90855,5.31621],[-74.90855,5.31621],[-74.90855,5.31621],[-74.90855,5.31621],[-74.90855,5.31621],[-74.90854,5.3162],[-74.90854,5.31619],[-74.90854,5.31619],[-74.90853,5.31618],[-74.90853,5.31618],[-74.90853,5.31618],[-74.90853,5.31618],[-74.90853,5.31618],[-74.90853,5.31617],[-74.90853,5.31617],[-74.90853,5.31617],[-74.90852,5.31617],[-74.90852,5.31617],[-74.90852,5.31617],[-74.90852,5.31616],[-74.90851,5.31616],[-74.90851,5.31616],[-74.90851,5.31615],[-74.9085,5.31615],[-74.9085,5.31615],[-74.9085,5.31615],[-74.9085,5.31615],[-74.9085,5.31615],[-74.90849,5.31614],[-74.90849,5.31614],[-74.90849,5.31614],[-74.90849,5.31614],[-74.90849,5.31614],[-74.90848,5.31614],[-74.90848,5.31614],[-74.90848,5.31614],[-74.90848,5.31614],[-74.90847,5.31613],[-74.90847,5.31613],[-74.90846,5.31613],[-74.90846,5.31613],[-74.90846,5.31613],[-74.90846,5.31613],[-74.90846,5.31613],[-74.90846,5.31613],[-74.90846,5.31613],[-74.90845,5.31612],[-74.90845,5.31612],[-74.90845,5.31612],[-74.90845,5.31611],[-74.90844,5.31611],[-74.90844,5.31611],[-74.90844,5.31611],[-74.90844,5.31611],[-74.90844,5.3161],[-74.90843,5.3161],[-74.90843,5.3161],[-74.90843,5.3161],[-74.90843,5.3161],[-74.90842,5.31609],[-74.90842,5.31609],[-74.90842,5.31609],[-74.90842,5.31609],[-74.90842,5.31609],[-74.90841,5.31609],[-74.90841,5.31609],[-74.90841,5.31608],[-74.9084,5.31608],[-74.9084,5.31608],[-74.9084,5.31608],[-74.9084,5.31608],[-74.90839,5.31608],[-74.90839,5.31608],[-74.90839,5.31608],[-74.90839,5.31608],[-74.90838,5.31608],[-74.90838,5.31608],[-74.90838,5.31608],[-74.90837,5.31607],[-74.90837,5.31607],[-74.90836,5.31607],[-74.90836,5.31607],[-74.90836,5.31607],[-74.90836,5.31607],[-74.90835,5.31607],[-74.90835,5.31607],[-74.90835,5.31607],[-74.90834,5.31606],[-74.90834,5.31606],[-74.90833,5.31606],[-74.90833,5.31606],[-74.90833,5.31606],[-74.90832,5.31606],[-74.90832,5.31606],[-74.90831,5.31606],[-74.90831,5.31606],[-74.9083,5.31607],[-74.9083,5.31607],[-74.9083,5.31606],[-74.9083,5.31606],[-74.9083,5.31606],[-74.9083,5.31606],[-74.90829,5.31606],[-74.90828,5.31606],[-74.90828,5.31606],[-74.90827,5.31605],[-74.90826,5.31605],[-74.90826,5.31605],[-74.90826,5.31605],[-74.90825,5.31605],[-74.90825,5.31605],[-74.90824,5.31604],[-74.90824,5.31604],[-74.90824,5.31604],[-74.90824,5.31604],[-74.90824,5.31604],[-74.90823,5.31604],[-74.90823,5.31604],[-74.90823,5.31604],[-74.90823,5.31604],[-74.90823,5.31604],[-74.90822,5.31604],[-74.90822,5.31604],[-74.90822,5.31604],[-74.90822,5.31604],[-74.90822,5.31603],[-74.90821,5.31603],[-74.90821,5.31603],[-74.9082,5.31603],[-74.9082,5.31603],[-74.90819,5.31603],[-74.90819,5.31603],[-74.90819,5.31603],[-74.90819,5.31603],[-74.90818,5.31603],[-74.90818,5.31603],[-74.90818,5.31603],[-74.90817,5.31602],[-74.90817,5.31602],[-74.90817,5.31602],[-74.90816,5.31602],[-74.90816,5.31602],[-74.90815,5.31602],[-74.90815,5.31602],[-74.90815,5.31602],[-74.90815,5.31602],[-74.90814,5.31602],[-74.90814,5.31602],[-74.90813,5.31602],[-74.90813,5.31602],[-74.90813,5.31602],[-74.90812,5.31602],[-74.90812,5.31602],[-74.90811,5.31602],[-74.9081,5.31602],[-74.9081,5.31602],[-74.9081,5.31602],[-74.9081,5.31602],[-74.9081,5.31602],[-74.90809,5.31602],[-74.90809,5.31602],[-74.90809,5.31603],[-74.90808,5.31603],[-74.90808,5.31603],[-74.90807,5.31603],[-74.90807,5.31603],[-74.90806,5.31604],[-74.90806,5.31604],[-74.90806,5.31604],[-74.90806,5.31604],[-74.90805,5.31604],[-74.90805,5.31605],[-74.90804,5.31605],[-74.90804,5.31605],[-74.90804,5.31605],[-74.90804,5.31605],[-74.90804,5.31605],[-74.90803,5.31605],[-74.90803,5.31606],[-74.90802,5.31606],[-74.90802,5.31607],[-74.90802,5.31607],[-74.90801,5.31607],[-74.90801,5.31607],[-74.908,5.31608],[-74.908,5.31608],[-74.908,5.31608],[-74.908,5.31608],[-74.908,5.31608],[-74.90799,5.31608],[-74.90799,5.31608],[-74.90798,5.31609],[-74.90798,5.31609],[-74.90798,5.31609],[-74.90798,5.31609],[-74.90797,5.31609],[-74.90797,5.31609],[-74.90796,5.31609],[-74.90796,5.3161],[-74.90795,5.3161],[-74.90795,5.3161],[-74.90794,5.31611],[-74.90794,5.31611],[-74.90794,5.31611],[-74.90794,5.31611],[-74.90794,5.31611],[-74.90794,5.31611],[-74.90793,5.31612],[-74.90793,5.31612],[-74.90793,5.31612],[-74.90791,5.31614],[-74.90791,5.31614],[-74.9079,5.31615],[-74.9079,5.31615],[-74.9079,5.31615],[-74.9079,5.31615],[-74.90789,5.31615],[-74.90789,5.31615],[-74.90789,5.31615],[-74.90789,5.31615],[-74.90788,5.31615],[-74.90788,5.31615],[-74.90787,5.31616],[-74.90787,5.31616],[-74.90787,5.31616],[-74.90786,5.31616],[-74.90786,5.31617],[-74.90786,5.31617],[-74.90785,5.31617],[-74.90785,5.31617],[-74.90785,5.31617],[-74.90784,5.31617],[-74.90784,5.31618],[-74.90783,5.31618],[-74.90783,5.31618],[-74.90782,5.31619],[-74.90782,5.31619],[-74.90781,5.3162],[-74.90781,5.3162],[-74.90781,5.3162],[-74.90781,5.3162],[-74.9078,5.3162],[-74.90779,5.31621],[-74.90779,5.31621],[-74.90778,5.31621],[-74.90778,5.31621],[-74.90777,5.31622],[-74.90777,5.31622],[-74.90777,5.31622],[-74.90776,5.31622],[-74.90776,5.31622],[-74.90775,5.31622],[-74.90775,5.31623],[-74.90774,5.31623],[-74.90772,5.31624],[-74.90772,5.31624],[-74.90772,5.31624],[-74.90771,5.31624],[-74.90771,5.31624],[-74.90769,5.31625],[-74.90769,5.31626],[-74.90768,5.31626],[-74.90768,5.31626],[-74.90766,5.31628],[-74.90766,5.31628],[-74.90766,5.31628],[-74.90765,5.31629],[-74.90765,5.31629],[-74.90764,5.31631],[-74.90763,5.31631],[-74.90763,5.31631],[-74.90763,5.31632],[-74.90762,5.31634],[-74.90762,5.31634],[-74.90761,5.31634],[-74.90761,5.31635],[-74.90761,5.31635],[-74.9076,5.31637],[-74.9076,5.31637],[-74.9076,5.31638],[-74.9076,5.31638],[-74.9076,5.31639],[-74.9076,5.31639],[-74.90759,5.31639],[-74.90759,5.31639],[-74.90759,5.3164],[-74.90758,5.3164],[-74.90758,5.31641],[-74.90758,5.31641],[-74.90758,5.31642],[-74.90757,5.31642],[-74.90757,5.31643],[-74.90757,5.31643],[-74.90757,5.31644],[-74.90757,5.31644],[-74.90757,5.31646],[-74.90757,5.31646],[-74.90757,5.31647],[-74.90757,5.31647],[-74.90757,5.31648],[-74.90757,5.31648],[-74.90757,5.31649],[-74.90757,5.31649],[-74.90757,5.3165],[-74.90757,5.3165],[-74.90757,5.3165],[-74.90756,5.3165],[-74.90756,5.31651],[-74.90756,5.31651],[-74.90755,5.31652],[-74.90755,5.31652],[-74.90755,5.31652],[-74.90755,5.31652],[-74.90754,5.31653],[-74.90753,5.31653],[-74.90753,5.31653],[-74.90752,5.31653],[-74.90752,5.31654],[-74.90751,5.31654],[-74.90751,5.31654],[-74.90751,5.31654],[-74.9075,5.31655],[-74.9075,5.31655],[-74.9075,5.31655],[-74.9075,5.31655],[-74.9075,5.31655],[-74.9075,5.31656],[-74.90749,5.31656],[-74.90749,5.31656],[-74.90749,5.31656],[-74.90749,5.31656],[-74.90749,5.31657],[-74.90749,5.31657],[-74.90749,5.31657],[-74.90748,5.31657],[-74.90748,5.31657],[-74.90748,5.31658],[-74.90747,5.31658],[-74.90746,5.31659],[-74.90746,5.31659],[-74.90746,5.31659],[-74.90746,5.31659],[-74.90745,5.3166],[-74.90745,5.3166],[-74.90745,5.3166],[-74.90744,5.31659],[-74.90744,5.31659],[-74.90743,5.31659],[-74.90743,5.31659],[-74.90743,5.31659],[-74.90743,5.31659],[-74.90743,5.31659],[-74.90742,5.31659],[-74.90742,5.31659],[-74.90741,5.31659],[-74.90741,5.31659],[-74.90741,5.31659],[-74.9074,5.31659],[-74.9074,5.31659],[-74.9074,5.31659],[-74.90739,5.31659],[-74.90739,5.31659],[-74.90739,5.31659],[-74.90739,5.31659],[-74.90738,5.31659],[-74.90738,5.31659],[-74.90738,5.31658],[-74.90737,5.31658],[-74.90737,5.31658],[-74.90737,5.31658],[-74.90737,5.31658],[-74.90737,5.31658],[-74.90736,5.31658],[-74.90736,5.31658],[-74.90736,5.31658],[-74.90735,5.31658],[-74.90735,5.31658],[-74.90734,5.31658],[-74.90733,5.31658],[-74.90733,5.31659],[-74.90733,5.31659],[-74.90733,5.31659],[-74.90733,5.31659],[-74.90732,5.31659],[-74.90732,5.31659],[-74.90732,5.31659],[-74.90732,5.31659],[-74.90731,5.31659],[-74.90731,5.31659],[-74.90731,5.31659],[-74.9073,5.3166],[-74.9073,5.31659],[-74.9073,5.31659],[-74.90729,5.31659],[-74.90728,5.31659],[-74.90728,5.31659],[-74.90728,5.31659],[-74.90728,5.31659],[-74.90727,5.31659],[-74.90727,5.31659],[-74.90727,5.31659],[-74.90726,5.31659],[-74.90726,5.3166],[-74.90726,5.3166],[-74.90725,5.3166],[-74.90725,5.3166],[-74.90725,5.3166],[-74.90725,5.3166],[-74.90725,5.3166],[-74.90725,5.3166],[-74.90724,5.3166],[-74.90724,5.3166],[-74.90723,5.3166],[-74.90723,5.3166],[-74.90723,5.3166],[-74.90723,5.3166],[-74.90723,5.3166],[-74.90722,5.3166],[-74.90722,5.3166],[-74.90722,5.31661],[-74.90721,5.31661],[-74.90721,5.31661],[-74.9072,5.31661],[-74.9072,5.31661],[-74.9072,5.31661],[-74.90719,5.31661],[-74.90719,5.31661],[-74.90719,5.31661],[-74.90719,5.31661],[-74.90718,5.31661],[-74.90718,5.31661],[-74.90718,5.31661],[-74.90718,5.31661],[-74.90718,5.31661],[-74.90717,5.31661],[-74.90717,5.31662],[-74.90717,5.31662],[-74.90716,5.31662],[-74.90715,5.31662],[-74.90715,5.31663],[-74.90715,5.31663],[-74.90715,5.31663],[-74.90714,5.31663],[-74.90714,5.31663],[-74.90714,5.31663],[-74.90713,5.31664],[-74.90713,5.31664],[-74.90713,5.31665],[-74.90713,5.31665],[-74.90712,5.31665],[-74.90712,5.31666],[-74.90712,5.31666],[-74.90712,5.31666],[-74.90711,5.31667],[-74.90711,5.31667],[-74.9071,5.31667],[-74.9071,5.31668],[-74.9071,5.31668],[-74.90709,5.31669],[-74.90709,5.31669],[-74.90709,5.3167],[-74.90709,5.3167],[-74.90709,5.3167],[-74.90708,5.3167],[-74.90707,5.31671],[-74.90707,5.31671],[-74.90706,5.31671],[-74.90706,5.31672],[-74.90706,5.31672],[-74.90705,5.31672],[-74.90705,5.31673],[-74.90705,5.31673],[-74.90704,5.31673],[-74.90704,5.31673],[-74.90704,5.31674],[-74.90703,5.31674],[-74.90703,5.31674],[-74.90703,5.31674],[-74.90702,5.31674],[-74.90701,5.31675],[-74.907,5.31675],[-74.907,5.31675],[-74.90699,5.31676],[-74.90699,5.31676],[-74.90698,5.31676],[-74.90697,5.31677],[-74.90697,5.31677],[-74.90696,5.31677],[-74.90696,5.31678],[-74.90695,5.31679],[-74.90695,5.31679],[-74.90694,5.31679],[-74.90694,5.3168],[-74.90694,5.3168],[-74.90693,5.31681],[-74.90693,5.31681],[-74.90693,5.31682],[-74.90693,5.31682],[-74.90693,5.31683],[-74.90692,5.31683],[-74.90692,5.31684],[-74.90692,5.31684],[-74.90692,5.31684],[-74.90692,5.31684],[-74.90692,5.31685],[-74.90691,5.31685],[-74.90691,5.31686],[-74.90691,5.31686],[-74.90691,5.31687],[-74.90691,5.31687],[-74.9069,5.31688],[-74.9069,5.31688],[-74.9069,5.31689],[-74.9069,5.3169],[-74.9069,5.3169],[-74.9069,5.3169],[-74.9069,5.31691],[-74.90689,5.31691],[-74.90689,5.31692],[-74.90689,5.31692],[-74.90689,5.31692],[-74.90689,5.31693],[-74.90689,5.31693],[-74.90688,5.31693],[-74.90688,5.31694],[-74.90687,5.31694],[-74.90687,5.31695],[-74.90687,5.31695],[-74.90687,5.31696],[-74.90687,5.31696],[-74.90686,5.31697],[-74.90686,5.31697],[-74.90686,5.31698],[-74.90686,5.31698],[-74.90686,5.31699],[-74.90686,5.31699],[-74.90686,5.317],[-74.90686,5.317],[-74.90686,5.31701],[-74.90686,5.31701],[-74.90686,5.31702],[-74.90686,5.31702],[-74.90686,5.31702],[-74.90686,5.31702],[-74.90686,5.31703],[-74.90686,5.31704],[-74.90686,5.31704],[-74.90686,5.31705],[-74.90685,5.31705],[-74.90685,5.31706],[-74.90685,5.31706],[-74.90685,5.31706],[-74.90685,5.31707],[-74.90685,5.31707],[-74.90684,5.31708],[-74.90684,5.31708],[-74.90684,5.31709],[-74.90684,5.3171],[-74.90684,5.31711],[-74.90684,5.31711],[-74.90684,5.31712],[-74.90684,5.31712],[-74.90684,5.31713],[-74.90684,5.31713],[-74.90684,5.31714],[-74.90683,5.31714],[-74.90683,5.31714],[-74.90683,5.31714],[-74.90683,5.31714],[-74.90683,5.31715],[-74.90683,5.31715],[-74.90683,5.31716],[-74.90683,5.31716],[-74.90683,5.31717],[-74.90682,5.31717],[-74.90682,5.31718],[-74.90682,5.31718],[-74.90682,5.31718],[-74.90682,5.31718],[-74.90682,5.31718],[-74.90682,5.31719],[-74.90682,5.31719],[-74.90682,5.31719],[-74.90682,5.31719],[-74.90682,5.3172],[-74.90682,5.3172],[-74.90682,5.3172],[-74.90681,5.31722],[-74.90681,5.31722],[-74.90681,5.31723],[-74.90681,5.31723],[-74.90681,5.31724],[-74.90681,5.31724],[-74.90682,5.31725],[-74.90682,5.31725],[-74.90682,5.31726],[-74.90682,5.31726],[-74.90682,5.31727],[-74.90682,5.31727],[-74.90682,5.31728],[-74.90682,5.31728],[-74.90683,5.31729],[-74.90683,5.31729],[-74.90683,5.31729],[-74.90683,5.31729],[-74.90683,5.31729],[-74.90683,5.31729],[-74.90683,5.3173],[-74.90683,5.3173],[-74.90683,5.31731],[-74.90683,5.31731],[-74.90682,5.31732],[-74.90682,5.31732],[-74.90682,5.31733],[-74.90682,5.31733],[-74.90682,5.31734],[-74.90681,5.31734],[-74.90681,5.31734],[-74.90681,5.31734],[-74.90681,5.31734],[-74.90681,5.31735],[-74.90681,5.31735],[-74.90681,5.31736],[-74.90681,5.31736],[-74.90681,5.31737],[-74.90681,5.31737],[-74.90681,5.31737],[-74.9068,5.31737],[-74.9068,5.31737],[-74.9068,5.31737],[-74.90679,5.31737],[-74.90679,5.31737],[-74.90679,5.31737],[-74.90679,5.31737],[-74.90678,5.31737],[-74.90678,5.31737],[-74.90677,5.31737],[-74.90677,5.31737],[-74.90677,5.31737],[-74.90677,5.31737],[-74.90677,5.31737],[-74.90676,5.31738],[-74.90676,5.31738],[-74.90675,5.31738],[-74.90675,5.31738],[-74.90675,5.31738],[-74.90674,5.31739],[-74.90674,5.31739],[-74.90674,5.31739],[-74.90674,5.31739],[-74.90673,5.31739],[-74.90673,5.31739],[-74.90673,5.3174],[-74.90673,5.3174],[-74.90672,5.3174],[-74.90672,5.3174],[-74.90672,5.3174],[-74.90672,5.31741],[-74.90672,5.31741],[-74.90671,5.31742],[-74.90671,5.31742],[-74.90671,5.31743],[-74.90671,5.31743],[-74.90671,5.31744],[-74.9067,5.31744],[-74.9067,5.31744],[-74.9067,5.31744],[-74.9067,5.31744],[-74.9067,5.31745],[-74.9067,5.31745],[-74.9067,5.31745],[-74.9067,5.31745],[-74.9067,5.31745],[-74.9067,5.31746],[-74.9067,5.31746],[-74.9067,5.31747],[-74.9067,5.31747],[-74.9067,5.31748],[-74.9067,5.31748],[-74.9067,5.31748],[-74.90669,5.31749],[-74.90669,5.3175],[-74.90669,5.3175],[-74.90669,5.3175],[-74.90669,5.3175],[-74.90669,5.31751],[-74.90669,5.31751],[-74.90669,5.31751],[-74.9067,5.31752],[-74.90669,5.31752],[-74.90669,5.31753],[-74.90669,5.31753],[-74.90669,5.31753],[-74.90669,5.31753],[-74.90669,5.31753],[-74.90668,5.31753],[-74.90668,5.31753],[-74.90668,5.31753],[-74.90667,5.31754],[-74.90667,5.31754],[-74.90667,5.31754],[-74.90666,5.31754],[-74.90666,5.31754],[-74.90665,5.31754],[-74.90665,5.31754],[-74.90665,5.31754],[-74.90665,5.31754],[-74.90664,5.31754],[-74.90664,5.31754],[-74.90664,5.31754],[-74.90663,5.31754],[-74.90663,5.31755],[-74.90663,5.31755],[-74.90663,5.31755],[-74.90662,5.31755],[-74.90662,5.31755],[-74.90662,5.31755],[-74.90661,5.31755],[-74.90661,5.31755],[-74.9066,5.31755],[-74.9066,5.31755],[-74.9066,5.31755],[-74.9066,5.31755],[-74.9066,5.31755],[-74.90659,5.31755],[-74.90659,5.31756],[-74.90658,5.31756],[-74.90658,5.31756],[-74.90658,5.31756],[-74.90658,5.31756],[-74.90658,5.31756],[-74.90657,5.31756],[-74.90657,5.31756],[-74.90657,5.31756],[-74.90657,5.31756],[-74.90657,5.31757],[-74.90656,5.31757],[-74.90656,5.31757],[-74.90656,5.31757],[-74.90655,5.31758],[-74.90655,5.31758],[-74.90654,5.31758],[-74.90654,5.31758],[-74.90653,5.31759],[-74.90653,5.31759],[-74.90653,5.31759],[-74.90653,5.31759],[-74.90653,5.31759],[-74.90652,5.31759],[-74.90652,5.3176],[-74.90652,5.3176],[-74.90651,5.3176],[-74.90651,5.3176],[-74.9065,5.31761],[-74.9065,5.31761],[-74.9065,5.31761],[-74.9065,5.31761],[-74.90649,5.31761],[-74.90649,5.31761],[-74.90649,5.31762],[-74.90649,5.31762],[-74.90648,5.31762],[-74.90648,5.31762],[-74.90648,5.31762],[-74.90647,5.31763],[-74.90647,5.31763],[-74.90646,5.31764],[-74.90646,5.31764],[-74.90646,5.31764],[-74.90646,5.31764],[-74.90646,5.31765],[-74.90646,5.31765],[-74.90646,5.31765],[-74.90646,5.31765],[-74.90646,5.31765],[-74.90645,5.31766],[-74.90645,5.31766],[-74.90645,5.31766],[-74.90645,5.31766],[-74.90645,5.31766],[-74.90645,5.31767],[-74.90645,5.31767],[-74.90645,5.31768],[-74.90645,5.31768],[-74.90644,5.31769],[-74.90644,5.31769],[-74.90644,5.31769],[-74.90644,5.31769],[-74.90644,5.3177],[-74.90644,5.3177],[-74.90644,5.31771],[-74.90644,5.31771],[-74.90644,5.31771],[-74.90644,5.31771],[-74.90645,5.31772],[-74.90645,5.31772],[-74.90645,5.31773],[-74.90645,5.31773],[-74.90645,5.31774],[-74.90645,5.31775],[-74.90645,5.31775],[-74.90645,5.31775],[-74.90645,5.31775],[-74.90645,5.31775],[-74.90645,5.31776],[-74.90646,5.31776],[-74.90646,5.31776],[-74.90646,5.31776],[-74.90637,5.31783],[-74.90637,5.31785],[-74.90638,5.31787],[-74.90637,5.3179],[-74.90637,5.31791],[-74.90636,5.31791],[-74.90633,5.31792],[-74.9063,5.31793],[-74.90628,5.31795],[-74.90625,5.31797],[-74.90624,5.31799],[-74.90624,5.31799],[-74.90624,5.318],[-74.90622,5.31801],[-74.90621,5.31802],[-74.9062,5.31803],[-74.9062,5.31804],[-74.90619,5.31804],[-74.90619,5.31804],[-74.90618,5.31805],[-74.90616,5.31806],[-74.90614,5.31807],[-74.90613,5.31809],[-74.90613,5.31809],[-74.90611,5.3181],[-74.9061,5.31813],[-74.90608,5.31816],[-74.90608,5.31819],[-74.90607,5.31822],[-74.90607,5.31823],[-74.90607,5.31824],[-74.90607,5.31825],[-74.90607,5.31826],[-74.90607,5.31826],[-74.90607,5.31827],[-74.90605,5.31827],[-74.90604,5.31827],[-74.90603,5.31827],[-74.90602,5.31827],[-74.90601,5.31826],[-74.90601,5.31825],[-74.90598,5.31823],[-74.90597,5.31823],[-74.90596,5.31821],[-74.90594,5.31819],[-74.90592,5.31817],[-74.9059,5.31816],[-74.90589,5.31816],[-74.90587,5.31815],[-74.90584,5.31814],[-74.90581,5.31814],[-74.90579,5.31814],[-74.90577,5.31813],[-74.90576,5.31813],[-74.90575,5.31813],[-74.90573,5.31813],[-74.9057,5.31813],[-74.90568,5.31814],[-74.90565,5.31815],[-74.90565,5.31815],[-74.90564,5.31816],[-74.90562,5.31816],[-74.9056,5.31816],[-74.9056,5.31816],[-74.90558,5.31817],[-74.90557,5.31817],[-74.90555,5.31818],[-74.90553,5.31817],[-74.9055,5.31817],[-74.90549,5.31816],[-74.90548,5.31815],[-74.90548,5.31814],[-74.90548,5.31812],[-74.90547,5.31809],[-74.90546,5.31806],[-74.90544,5.31803],[-74.90542,5.31801],[-74.9054,5.318],[-74.9054,5.31799],[-74.90539,5.31798],[-74.90537,5.31796],[-74.90536,5.31795],[-74.90533,5.31793],[-74.90531,5.31792],[-74.9053,5.31792],[-74.90528,5.31791],[-74.90525,5.31791],[-74.90524,5.31791],[-74.90522,5.31791],[-74.9052,5.31791],[-74.9052,5.31791],[-74.90517,5.31791],[-74.90517,5.31791],[-74.90516,5.31791],[-74.90513,5.31792],[-74.9051,5.31792],[-74.90508,5.31792],[-74.90507,5.31792],[-74.90504,5.31793],[-74.90501,5.31795],[-74.90499,5.31796],[-74.90498,5.31797],[-74.90497,5.31799],[-74.90495,5.31801],[-74.90495,5.31802],[-74.90493,5.31803],[-74.90492,5.31805],[-74.90491,5.31807],[-74.90489,5.31808],[-74.90488,5.31808],[-74.90487,5.31808],[-74.90486,5.31809],[-74.90484,5.31809],[-74.90482,5.3181],[-74.9048,5.31811],[-74.90479,5.31812],[-74.90478,5.31813],[-74.90477,5.31814],[-74.90475,5.31814],[-74.90475,5.31813],[-74.90471,5.31812],[-74.90467,5.3181],[-74.90467,5.31809],[-74.90467,5.31809],[-74.90466,5.31809],[-74.90455,5.31804],[-74.90455,5.31804],[-74.90449,5.31802],[-74.90449,5.31802],[-74.90448,5.31802],[-74.90447,5.31802],[-74.90447,5.31801],[-74.90446,5.31801],[-74.90445,5.31801],[-74.90444,5.31802],[-74.90444,5.31802],[-74.90443,5.31802],[-74.90442,5.31802],[-74.90441,5.31803],[-74.90441,5.31803],[-74.9044,5.31803],[-74.90439,5.31804],[-74.90439,5.31805],[-74.90438,5.31805],[-74.90438,5.31806],[-74.90438,5.31807],[-74.90437,5.31807],[-74.90437,5.31808],[-74.90437,5.31809],[-74.90437,5.3181],[-74.90437,5.3181],[-74.90437,5.31811],[-74.90437,5.31812],[-74.90437,5.31813],[-74.90437,5.31814],[-74.90438,5.31814],[-74.90438,5.31815],[-74.90438,5.31816],[-74.90439,5.31816],[-74.90439,5.31817],[-74.9044,5.31817],[-74.90441,5.31818],[-74.90441,5.31818],[-74.90442,5.31819],[-74.90443,5.31819],[-74.90448,5.31821],[-74.90459,5.31825],[-74.90463,5.31828],[-74.90463,5.31828],[-74.90463,5.31828],[-74.90464,5.31829],[-74.90468,5.3183],[-74.9047,5.31831],[-74.9047,5.31834],[-74.9047,5.31837],[-74.90471,5.3184],[-74.90472,5.31843],[-74.90474,5.31846],[-74.90475,5.31847],[-74.90476,5.31848],[-74.90477,5.3185],[-74.90478,5.31852],[-74.90479,5.31853],[-74.9048,5.31854],[-74.9048,5.31855],[-74.9048,5.31856],[-74.9048,5.31859],[-74.90481,5.31862],[-74.90482,5.31865],[-74.90484,5.31868],[-74.90486,5.3187],[-74.90489,5.31872],[-74.90492,5.31873],[-74.90495,5.31874],[-74.90498,5.31874],[-74.90501,5.31874],[-74.90502,5.31874],[-74.90506,5.31886],[-74.90508,5.31907],[-74.90503,5.31914],[-74.90503,5.31914],[-74.90503,5.31915],[-74.90502,5.31916],[-74.90502,5.31916],[-74.90502,5.31917],[-74.90502,5.31917],[-74.90502,5.31918],[-74.90502,5.31919],[-74.90502,5.3192],[-74.90502,5.3192],[-74.90502,5.31921],[-74.90502,5.31922],[-74.90506,5.31933],[-74.90506,5.31933],[-74.90506,5.31934],[-74.90507,5.31935],[-74.90507,5.31935],[-74.90508,5.31936],[-74.90508,5.31937],[-74.90509,5.31937],[-74.90509,5.31938],[-74.9051,5.31938],[-74.90511,5.31939],[-74.90529,5.31947],[-74.90535,5.3195],[-74.90536,5.3195],[-74.90537,5.31951],[-74.90537,5.31951],[-74.90537,5.31951],[-74.9054,5.31963],[-74.9055,5.31967],[-74.90554,5.3197],[-74.90557,5.31971],[-74.9056,5.31972],[-74.90563,5.31972],[-74.9057,5.31972],[-74.90573,5.31972],[-74.90575,5.31971],[-74.90577,5.3197],[-74.90582,5.31968],[-74.90582,5.31968],[-74.90585,5.31968],[-74.90586,5.31968],[-74.90587,5.31969],[-74.90597,5.31977],[-74.906,5.31979],[-74.90602,5.31981],[-74.90605,5.31981],[-74.90608,5.31982],[-74.90619,5.31982],[-74.9062,5.31982],[-74.90621,5.31982],[-74.90629,5.31981],[-74.9063,5.31981],[-74.90632,5.31981],[-74.90633,5.31981],[-74.90634,5.31984],[-74.90634,5.31984],[-74.90635,5.31986],[-74.90637,5.31989],[-74.90649,5.32004],[-74.90652,5.32006],[-74.90654,5.32008],[-74.90667,5.32015],[-74.90673,5.32019],[-74.90674,5.32022],[-74.90676,5.32024],[-74.90678,5.32026],[-74.90679,5.32027],[-74.9068,5.32028],[-74.90682,5.3203],[-74.90684,5.32032],[-74.90685,5.32032],[-74.90687,5.32034],[-74.9069,5.32036],[-74.90691,5.32038],[-74.90692,5.32039],[-74.90693,5.3204],[-74.90695,5.32042],[-74.90697,5.32043],[-74.90699,5.32044],[-74.907,5.32045],[-74.90703,5.32046],[-74.90703,5.32046],[-74.90707,5.32047],[-74.90709,5.32047],[-74.90709,5.32047],[-74.9071,5.32048],[-74.90712,5.32049],[-74.90713,5.32049],[-74.90713,5.32049],[-74.90716,5.3205],[-74.90716,5.3205],[-74.90716,5.32053],[-74.90716,5.32053],[-74.90715,5.32056],[-74.90715,5.32058],[-74.90715,5.3206],[-74.90715,5.32062],[-74.90715,5.32065],[-74.90716,5.32066],[-74.90716,5.32069],[-74.90718,5.32071],[-74.90719,5.32074],[-74.90719,5.32074],[-74.90721,5.32076],[-74.90721,5.32077],[-74.90723,5.32078],[-74.90725,5.3208],[-74.90725,5.3208],[-74.90726,5.32082],[-74.90726,5.32082],[-74.90727,5.32084],[-74.90727,5.32086],[-74.90728,5.32088],[-74.90728,5.32088],[-74.90729,5.3209],[-74.9073,5.32092],[-74.90731,5.32092],[-74.90732,5.32095],[-74.90734,5.32096],[-74.90734,5.32097],[-74.90737,5.32098],[-74.90739,5.321],[-74.9074,5.321],[-74.90741,5.32102],[-74.90742,5.32103],[-74.90743,5.32104],[-74.90744,5.32105],[-74.90744,5.32106],[-74.90744,5.32106],[-74.90743,5.32107],[-74.90743,5.32109],[-74.90743,5.3211],[-74.90743,5.32111],[-74.90743,5.32114],[-74.90743,5.32114],[-74.90743,5.32117],[-74.90744,5.32119],[-74.90744,5.32119],[-74.90745,5.32122],[-74.90746,5.32125],[-74.90746,5.32125],[-74.90747,5.32126],[-74.90748,5.32128],[-74.90748,5.32129],[-74.9075,5.32131],[-74.9075,5.32133],[-74.90751,5.32136],[-74.90752,5.32138],[-74.90754,5.3214],[-74.90755,5.32143],[-74.90774,5.32158],[-74.90774,5.3216],[-74.90774,5.3216],[-74.90774,5.32161],[-74.90774,5.32161],[-74.90774,5.32162],[-74.90774,5.32162],[-74.90774,5.32163],[-74.90774,5.32164],[-74.90774,5.32164],[-74.90774,5.32165],[-74.90774,5.32165],[-74.90774,5.32165],[-74.90774,5.32165],[-74.90774,5.32165],[-74.90775,5.32166],[-74.90775,5.32166],[-74.90775,5.32166],[-74.90775,5.32166],[-74.90775,5.32166],[-74.90775,5.32167],[-74.90775,5.32167],[-74.90776,5.32168],[-74.90776,5.32168],[-74.90777,5.32169],[-74.90777,5.32169],[-74.90777,5.32169],[-74.90777,5.32169],[-74.90777,5.3217],[-74.90778,5.3217],[-74.90778,5.3217],[-74.90779,5.32171],[-74.9078,5.32172],[-74.9078,5.32173],[-74.9078,5.32173],[-74.9078,5.32174],[-74.90781,5.32174],[-74.90781,5.32174],[-74.90781,5.32174],[-74.90781,5.32175],[-74.90781,5.32175],[-74.90781,5.32176],[-74.90781,5.32176],[-74.90781,5.32176],[-74.90781,5.32176],[-74.90782,5.32176],[-74.90782,5.32177],[-74.90782,5.32177],[-74.90782,5.32177],[-74.90782,5.32178],[-74.90783,5.32178],[-74.90783,5.32179],[-74.90783,5.32179],[-74.90783,5.32179],[-74.90783,5.32179],[-74.90783,5.3218],[-74.90783,5.3218],[-74.90783,5.3218],[-74.90783,5.3218],[-74.90783,5.3218],[-74.90783,5.32181],[-74.90783,5.32182],[-74.90783,5.32182],[-74.90784,5.32182],[-74.90784,5.32183],[-74.90784,5.32183],[-74.90784,5.32183],[-74.90784,5.32183],[-74.90784,5.32184],[-74.90784,5.32184],[-74.90784,5.32184],[-74.90778,5.32195],[-74.90779,5.32197],[-74.90779,5.32197],[-74.9078,5.32199],[-74.9078,5.32201],[-74.90781,5.32203],[-74.90782,5.32205],[-74.90784,5.32207],[-74.90785,5.32209],[-74.90787,5.32211],[-74.90788,5.32212],[-74.90789,5.32212],[-74.9079,5.32214],[-74.90791,5.32216],[-74.90793,5.32218],[-74.90793,5.32219],[-74.90796,5.32221],[-74.90798,5.32223],[-74.90803,5.32215],[-74.90803,5.32215],[-74.90804,5.32215],[-74.90809,5.3222],[-74.9081,5.3222],[-74.90819,5.32226],[-74.90819,5.32226],[-74.9082,5.32226],[-74.9082,5.32226],[-74.90825,5.32228],[-74.9083,5.32231],[-74.9083,5.32231],[-74.9083,5.32231],[-74.90839,5.32236],[-74.90839,5.32236],[-74.90849,5.32241],[-74.9085,5.32241],[-74.90861,5.32245],[-74.90861,5.32245],[-74.90861,5.32245],[-74.90876,5.3225],[-74.90877,5.3225],[-74.9089,5.32253],[-74.9089,5.32253],[-74.90891,5.32253],[-74.90892,5.32253],[-74.90893,5.32253],[-74.90893,5.32253],[-74.90894,5.32253],[-74.90895,5.32253],[-74.90896,5.32253],[-74.90896,5.32252],[-74.90897,5.32252],[-74.90898,5.32251],[-74.90898,5.32251],[-74.90899,5.3225],[-74.90899,5.3225],[-74.909,5.32249],[-74.909,5.32248],[-74.909,5.32247],[-74.909,5.32247],[-74.90901,5.32246],[-74.90901,5.32245],[-74.90901,5.32244],[-74.90901,5.32244],[-74.90901,5.32243],[-74.909,5.32242],[-74.909,5.32241],[-74.909,5.32241],[-74.909,5.3224],[-74.90899,5.32239],[-74.90899,5.32239],[-74.90898,5.32238],[-74.90898,5.32237],[-74.90897,5.32237],[-74.90896,5.32237],[-74.90896,5.32236],[-74.90895,5.32236],[-74.90894,5.32236],[-74.90894,5.32236],[-74.90881,5.32233],[-74.90867,5.32228],[-74.90856,5.32224],[-74.90847,5.3222],[-74.90839,5.32215],[-74.90833,5.32212],[-74.90833,5.32212],[-74.90833,5.32212],[-74.90832,5.32212],[-74.90827,5.3221],[-74.9082,5.32205],[-74.90816,5.32202],[-74.90816,5.32201],[-74.90816,5.32201],[-74.90816,5.32201],[-74.90816,5.32201],[-74.90816,5.32201],[-74.90815,5.322],[-74.90815,5.322],[-74.90815,5.322],[-74.90815,5.322],[-74.90815,5.322],[-74.90815,5.32199],[-74.90815,5.32199],[-74.90814,5.32198],[-74.90814,5.32198],[-74.90814,5.32198],[-74.90814,5.32197],[-74.90814,5.32197],[-74.90814,5.32196],[-74.90813,5.32195],[-74.90813,5.32195],[-74.90813,5.32195],[-74.90813,5.32195],[-74.90813,5.32195],[-74.90813,5.32194],[-74.90813,5.32194],[-74.90813,5.32194],[-74.90812,5.32194],[-74.90812,5.32194],[-74.90812,5.32193],[-74.90812,5.32193],[-74.90818,5.32167],[-74.90817,5.32164],[-74.90816,5.32162],[-74.90815,5.32161],[-74.90814,5.32157],[-74.90813,5.32156],[-74.90814,5.32153],[-74.90813,5.32149],[-74.90813,5.32147],[-74.90812,5.32143],[-74.90811,5.32139],[-74.90811,5.32138],[-74.90809,5.32135],[-74.90806,5.32132],[-74.90806,5.32131],[-74.90804,5.32129],[-74.90803,5.32128],[-74.90802,5.32127],[-74.90787,5.32123],[-74.90787,5.32123],[-74.90786,5.32123],[-74.90786,5.32121],[-74.90785,5.3212],[-74.90785,5.32119],[-74.90784,5.32117],[-74.90784,5.32117],[-74.90783,5.32116],[-74.90783,5.32115],[-74.90784,5.32115],[-74.90785,5.32114],[-74.90786,5.32113],[-74.90788,5.32112],[-74.90789,5.32111],[-74.90791,5.32109],[-74.90792,5.32107],[-74.90793,5.32106],[-74.90795,5.32106],[-74.90797,5.32106],[-74.908,5.32105],[-74.90802,5.32104],[-74.90804,5.32105],[-74.90806,5.32105],[-74.90808,5.32106],[-74.90809,5.32106],[-74.90811,5.32101],[-74.90811,5.32102],[-74.90814,5.32102],[-74.90816,5.32102],[-74.90818,5.32101],[-74.90821,5.321],[-74.90822,5.32099],[-74.90824,5.32097],[-74.90825,5.32095],[-74.90826,5.32093],[-74.90827,5.32091],[-74.90827,5.32088],[-74.90827,5.32086],[-74.90826,5.32084],[-74.90825,5.32081],[-74.90824,5.32079],[-74.90822,5.32078],[-74.9082,5.32076],[-74.90818,5.32075],[-74.90816,5.32075],[-74.90814,5.32075],[-74.90811,5.32075],[-74.9081,5.32075],[-74.90808,5.32067],[-74.90805,5.32067],[-74.90803,5.32067],[-74.908,5.32067],[-74.90797,5.32067],[-74.90795,5.32068],[-74.90794,5.32068],[-74.90794,5.32068],[-74.90793,5.32068],[-74.90792,5.32068],[-74.90791,5.32068],[-74.9079,5.32068],[-74.90789,5.32068],[-74.90786,5.32068],[-74.90783,5.32068],[-74.90782,5.32068],[-74.90779,5.32069],[-74.90777,5.3207],[-74.90774,5.32072],[-74.90773,5.32072],[-74.90773,5.32073],[-74.9077,5.32075],[-74.90769,5.32076],[-74.90768,5.32074],[-74.90767,5.32073],[-74.90765,5.32071],[-74.90765,5.32071],[-74.90764,5.3207],[-74.90762,5.32069],[-74.90762,5.32069],[-74.90761,5.32067],[-74.90761,5.32066],[-74.9076,5.32064],[-74.90758,5.32063],[-74.90757,5.32061],[-74.90756,5.3206],[-74.90756,5.3206],[-74.90758,5.32059],[-74.90758,5.32059],[-74.90759,5.32058],[-74.90761,5.32056],[-74.90762,5.32054],[-74.90762,5.32053],[-74.90763,5.32052],[-74.90764,5.3205],[-74.90765,5.32049],[-74.90765,5.32048],[-74.90767,5.32047],[-74.9077,5.32046],[-74.90772,5.32046],[-74.90774,5.32047],[-74.90776,5.32047],[-74.90778,5.32048],[-74.90781,5.32048],[-74.90782,5.32049],[-74.90783,5.32049],[-74.90783,5.32049],[-74.90786,5.32051],[-74.90789,5.32051],[-74.90792,5.32052],[-74.90796,5.32051],[-74.90797,5.32051],[-74.90797,5.32051],[-74.90799,5.32051],[-74.90801,5.32051],[-74.90802,5.32052],[-74.90803,5.32053],[-74.90813,5.32047],[-74.90813,5.32047],[-74.90814,5.32047],[-74.90815,5.32047],[-74.90816,5.32047],[-74.90816,5.32047],[-74.90816,5.32047],[-74.90817,5.32047],[-74.90817,5.32047],[-74.90818,5.32047],[-74.90818,5.32047],[-74.90818,5.32047],[-74.90819,5.32046],[-74.90819,5.32046],[-74.9082,5.32046],[-74.9082,5.32046],[-74.9082,5.32046],[-74.9082,5.32046],[-74.9082,5.32046],[-74.90821,5.32046],[-74.90821,5.32046],[-74.90822,5.32045],[-74.90822,5.32046],[-74.90822,5.32046],[-74.90823,5.32046],[-74.90823,5.32046],[-74.90823,5.32046],[-74.90823,5.32046],[-74.90824,5.32046],[-74.90825,5.32046],[-74.90825,5.32046],[-74.90825,5.32046],[-74.90825,5.32046],[-74.90825,5.32046],[-74.90825,5.32047],[-74.90826,5.32047],[-74.90826,5.32047],[-74.90826,5.32047],[-74.90826,5.32047],[-74.90827,5.32048],[-74.90827,5.32048],[-74.90827,5.32048],[-74.90827,5.32048],[-74.90827,5.32048],[-74.90828,5.32048],[-74.90828,5.32049],[-74.90829,5.32049],[-74.90829,5.32049],[-74.90829,5.32049],[-74.90829,5.32049],[-74.9083,5.32049],[-74.9083,5.3205],[-74.9083,5.3205],[-74.90831,5.32051],[-74.90831,5.32051],[-74.90831,5.32052],[-74.90832,5.32052],[-74.90832,5.32053],[-74.90833,5.32053],[-74.90833,5.32054],[-74.90833,5.32054],[-74.90833,5.32054],[-74.90834,5.32055],[-74.90834,5.32055],[-74.90835,5.32056],[-74.90835,5.32056],[-74.90836,5.32056],[-74.90836,5.32057],[-74.90837,5.32057],[-74.90837,5.32057],[-74.90838,5.32057],[-74.90838,5.32057],[-74.90838,5.32058],[-74.90839,5.32058],[-74.90839,5.32058],[-74.9084,5.32059],[-74.9084,5.32059],[-74.9084,5.3206],[-74.9084,5.3206],[-74.9084,5.32061],[-74.9084,5.32061],[-74.9084,5.32062],[-74.9084,5.32063],[-74.9084,5.32063],[-74.9084,5.32063],[-74.90841,5.32064],[-74.90841,5.32064],[-74.90841,5.32065],[-74.90841,5.32065],[-74.90842,5.32066],[-74.90842,5.32066],[-74.90842,5.32067],[-74.90843,5.32067],[-74.90843,5.32068],[-74.90843,5.32068],[-74.90844,5.32068],[-74.90844,5.32069],[-74.90845,5.32069],[-74.90845,5.32069],[-74.90846,5.3207],[-74.90846,5.3207],[-74.90846,5.3207],[-74.90847,5.3207],[-74.90847,5.3207],[-74.90848,5.32071],[-74.90849,5.32071],[-74.90849,5.32071],[-74.9085,5.32071],[-74.9085,5.32071],[-74.9085,5.32071],[-74.9085,5.32071],[-74.90851,5.32071],[-74.90851,5.32071],[-74.90852,5.32072],[-74.90852,5.32072],[-74.90852,5.32072],[-74.90853,5.32073],[-74.90854,5.32073],[-74.90854,5.32073],[-74.90854,5.32074],[-74.90855,5.32074],[-74.90855,5.32074],[-74.90856,5.32074],[-74.90856,5.32075],[-74.90857,5.32075],[-74.90857,5.32075],[-74.90857,5.32075],[-74.90857,5.32075],[-74.90858,5.32075],[-74.90858,5.32075],[-74.90858,5.32075],[-74.90859,5.32075],[-74.90859,5.32075],[-74.9086,5.32075],[-74.9086,5.32075],[-74.9086,5.32075],[-74.9086,5.32076],[-74.90861,5.32076],[-74.90862,5.32076],[-74.90862,5.32076],[-74.90863,5.32076],[-74.90863,5.32076],[-74.90863,5.32076],[-74.90865,5.32077],[-74.90866,5.32079],[-74.90869,5.3208],[-74.90871,5.3208],[-74.90873,5.3208],[-74.90876,5.3208],[-74.90878,5.3208],[-74.9088,5.32079],[-74.90882,5.32077],[-74.90884,5.32076],[-74.90885,5.32074],[-74.90886,5.32072],[-74.90887,5.32069],[-74.90887,5.32067],[-74.90887,5.32065],[-74.90887,5.32064],[-74.9089,5.3206],[-74.90888,5.32057],[-74.90888,5.32056],[-74.90886,5.32054],[-74.90885,5.32052],[-74.90884,5.32051],[-74.90883,5.3205],[-74.90881,5.32049],[-74.90879,5.32048],[-74.90878,5.32047],[-74.90876,5.32047],[-74.90875,5.32046],[-74.90873,5.32045],[-74.90871,5.32045],[-74.90868,5.32045],[-74.90868,5.32045],[-74.90865,5.32045],[-74.90864,5.32044],[-74.90863,5.32043],[-74.90862,5.3204],[-74.90859,5.32026],[-74.90857,5.32024],[-74.90856,5.32023],[-74.90855,5.32022],[-74.90853,5.3202],[-74.90851,5.32019],[-74.9085,5.32018],[-74.90847,5.32016],[-74.90843,5.32014],[-74.90843,5.32013],[-74.90842,5.32013],[-74.90839,5.32012],[-74.90836,5.32011],[-74.90835,5.32011],[-74.90834,5.3201],[-74.90831,5.32009],[-74.90828,5.32008],[-74.90825,5.32008],[-74.90824,5.32008],[-74.9082,5.32008],[-74.90819,5.32008],[-74.90815,5.32006],[-74.9081,5.32006],[-74.90806,5.32006],[-74.90804,5.32005],[-74.908,5.32005],[-74.90798,5.32005],[-74.90796,5.32005],[-74.90793,5.32004],[-74.90792,5.32004],[-74.9079,5.32003],[-74.90789,5.32002],[-74.90787,5.32001],[-74.90785,5.31999],[-74.90783,5.31996],[-74.90782,5.31996],[-74.90781,5.31995],[-74.90778,5.31992],[-74.90774,5.3199],[-74.9077,5.31989],[-74.90766,5.31988],[-74.90765,5.31988],[-74.90765,5.31988],[-74.9076,5.31988],[-74.90756,5.31989],[-74.90752,5.3199],[-74.90748,5.31992],[-74.90747,5.31993],[-74.90747,5.31993],[-74.90745,5.31993],[-74.90743,5.31994],[-74.90741,5.31994],[-74.90739,5.31995],[-74.90736,5.31997],[-74.90733,5.31999],[-74.9073,5.31999],[-74.90727,5.31999],[-74.90724,5.32],[-74.90723,5.32],[-74.90723,5.32001],[-74.9072,5.32001],[-74.90718,5.31999],[-74.90716,5.31998],[-74.90715,5.31998],[-74.90713,5.31995],[-74.9071,5.31991],[-74.90708,5.31988],[-74.90705,5.31986],[-74.90702,5.31983],[-74.90687,5.31975],[-74.90681,5.31971],[-74.90676,5.31965],[-74.90675,5.31962],[-74.90674,5.3196],[-74.90671,5.31953],[-74.9067,5.31951],[-74.90668,5.31947],[-74.90664,5.31944],[-74.90661,5.31941],[-74.90657,5.31939],[-74.90656,5.31938],[-74.90654,5.31937],[-74.90642,5.31943],[-74.90637,5.31943],[-74.90634,5.31943],[-74.90631,5.31944],[-74.90624,5.31945],[-74.90619,5.31946],[-74.90616,5.31946],[-74.90611,5.31941],[-74.90607,5.31938],[-74.90605,5.31936],[-74.90602,5.31935],[-74.906,5.31934],[-74.90598,5.31933],[-74.90594,5.31933],[-74.90588,5.31941],[-74.90587,5.31941],[-74.90587,5.31941],[-74.90586,5.31941],[-74.90586,5.31941],[-74.90586,5.31941],[-74.9058,5.31941],[-74.9058,5.31941],[-74.9058,5.31941],[-74.90577,5.31941],[-74.90576,5.31942],[-74.90576,5.31942],[-74.90575,5.31942],[-74.90575,5.31942],[-74.90575,5.31942],[-74.90575,5.31942],[-74.90575,5.31942],[-74.90574,5.31942],[-74.90574,5.31942],[-74.90568,5.31945],[-74.90565,5.31945],[-74.90562,5.31943],[-74.90562,5.31943],[-74.90562,5.31943],[-74.9055,5.31938],[-74.90547,5.31936],[-74.90547,5.31936],[-74.90546,5.31936],[-74.90546,5.31935],[-74.90546,5.31935],[-74.90546,5.31935],[-74.90545,5.31935],[-74.90545,5.31935],[-74.9054,5.31932],[-74.90537,5.31931],[-74.90537,5.31931],[-74.90522,5.31924],[-74.90521,5.3192],[-74.90525,5.31914],[-74.90525,5.31913],[-74.90526,5.31913],[-74.90526,5.31912],[-74.90526,5.31911],[-74.90526,5.3191],[-74.90526,5.3191],[-74.90526,5.31909],[-74.90526,5.31908],[-74.90523,5.31883],[-74.90523,5.31882],[-74.90523,5.31881],[-74.90523,5.31881],[-74.90517,5.31863],[-74.90517,5.31863],[-74.90517,5.31863],[-74.90516,5.31861],[-74.90518,5.31859],[-74.90518,5.31859],[-74.90519,5.31856],[-74.90519,5.31853],[-74.90519,5.31852],[-74.90519,5.3185],[-74.90519,5.31848],[-74.90519,5.31847],[-74.90519,5.31844],[-74.90518,5.31842],[-74.90517,5.3184],[-74.90518,5.31842],[-74.9052,5.31844],[-74.90521,5.31844],[-74.90523,5.31846],[-74.90525,5.31847],[-74.90526,5.31848],[-74.90527,5.31849],[-74.90528,5.31849],[-74.90529,5.3185],[-74.9053,5.31851],[-74.90532,5.31852],[-74.90534,5.31853],[-74.90536,5.31854],[-74.90537,5.31855],[-74.90538,5.31855],[-74.90552,5.31865],[-74.90555,5.31865],[-74.90557,5.31865],[-74.90561,5.31864],[-74.90564,5.31863],[-74.90566,5.31863],[-74.90568,5.31862],[-74.9057,5.31861],[-74.90571,5.31861],[-74.90572,5.31861],[-74.90575,5.31864],[-74.90578,5.31865],[-74.90581,5.31867],[-74.90582,5.31868],[-74.90584,5.31869],[-74.90588,5.31871],[-74.90589,5.31872],[-74.90591,5.31873],[-74.90593,5.31874],[-74.90597,5.31875],[-74.906,5.31875],[-74.90603,5.31876],[-74.90604,5.31876],[-74.90607,5.31875],[-74.90609,5.31875],[-74.90611,5.31875],[-74.90615,5.31873],[-74.90616,5.31873],[-74.9062,5.31872],[-74.90624,5.31871],[-74.90628,5.31869],[-74.90628,5.31869],[-74.90632,5.31867],[-74.90635,5.31865],[-74.90636,5.31864],[-74.90639,5.31862],[-74.90641,5.31859],[-74.90643,5.31856],[-74.90645,5.31853],[-74.90646,5.3185],[-74.90648,5.31849],[-74.9065,5.31845],[-74.90651,5.31842],[-74.90655,5.31844],[-74.90659,5.31846],[-74.90663,5.31848],[-74.90667,5.3185],[-74.90672,5.31851],[-74.90676,5.31851],[-74.90677,5.31851],[-74.90678,5.31851],[-74.90681,5.31853],[-74.90685,5.31855],[-74.90689,5.31856],[-74.9069,5.31856],[-74.90694,5.31857],[-74.90697,5.31858],[-74.90707,5.31859],[-74.90708,5.31858],[-74.90709,5.31858],[-74.90712,5.31859],[-74.90714,5.31859],[-74.90716,5.31859],[-74.90719,5.31858],[-74.90723,5.31858],[-74.90726,5.31858],[-74.9073,5.31856],[-74.90733,5.31855],[-74.90734,5.31855],[-74.90735,5.31856],[-74.90735,5.31857],[-74.90734,5.3186],[-74.90742,5.31864],[-74.90742,5.31867],[-74.90742,5.31867],[-74.90742,5.31869],[-74.90742,5.3187],[-74.90746,5.3187],[-74.90746,5.3187],[-74.90746,5.31873],[-74.90747,5.31875],[-74.90748,5.31877],[-74.90749,5.31879],[-74.90751,5.31881],[-74.90753,5.31882],[-74.90755,5.31883],[-74.90757,5.31884],[-74.9076,5.31884],[-74.90762,5.31884],[-74.90764,5.31883],[-74.90767,5.31882],[-74.90768,5.31881],[-74.9077,5.31879],[-74.90771,5.31877],[-74.90772,5.31875],[-74.90773,5.31873],[-74.90773,5.3187],[-74.90773,5.31868],[-74.90773,5.31868],[-74.90779,5.31867],[-74.90781,5.31865],[-74.90782,5.31864],[-74.90782,5.31862],[-74.90783,5.31859],[-74.90784,5.31859],[-74.90784,5.31857],[-74.90785,5.31855],[-74.90786,5.31854],[-74.90786,5.31856],[-74.90786,5.31857],[-74.90786,5.31858],[-74.90787,5.31861],[-74.90788,5.31863],[-74.90788,5.31866],[-74.90789,5.31868],[-74.9079,5.3187],[-74.90791,5.31871],[-74.90792,5.31873],[-74.90793,5.31875],[-74.90794,5.31876],[-74.90795,5.31877],[-74.90796,5.31878],[-74.90796,5.31878],[-74.90795,5.31881],[-74.90795,5.31883],[-74.90795,5.31885],[-74.90802,5.31886],[-74.90802,5.31886],[-74.90802,5.31889],[-74.90803,5.31891],[-74.90804,5.31893],[-74.90805,5.31895],[-74.90807,5.31897],[-74.90809,5.31898],[-74.90811,5.31899],[-74.90813,5.31899],[-74.90816,5.319],[-74.90818,5.31899],[-74.9082,5.31899],[-74.90822,5.31898],[-74.90824,5.31897],[-74.90826,5.31895],[-74.90827,5.31893],[-74.90828,5.31891],[-74.90829,5.31888],[-74.90829,5.31886],[-74.90829,5.31885],[-74.90834,5.31886],[-74.90833,5.31883],[-74.90833,5.3188],[-74.90832,5.31879],[-74.90833,5.31878],[-74.90834,5.31877],[-74.90835,5.31876],[-74.90837,5.31875],[-74.90838,5.31876],[-74.90838,5.31876],[-74.9084,5.31878],[-74.90845,5.31876],[-74.90845,5.31876],[-74.90846,5.31876],[-74.90847,5.31876],[-74.90847,5.31877],[-74.90847,5.31877],[-74.90848,5.31877],[-74.90849,5.31877],[-74.9085,5.31878],[-74.9085,5.31878],[-74.90851,5.31879],[-74.90852,5.31879],[-74.90852,5.31879],[-74.90853,5.3188],[-74.90853,5.3188],[-74.90854,5.31881],[-74.90855,5.31881],[-74.90856,5.31881],[-74.90856,5.31882],[-74.90857,5.31882],[-74.90858,5.31882],[-74.90859,5.31882],[-74.9086,5.31882],[-74.90861,5.31882],[-74.90862,5.31882],[-74.90863,5.31882],[-74.90863,5.31882],[-74.90864,5.31882],[-74.90865,5.31881],[-74.90866,5.31881],[-74.90867,5.31881],[-74.90868,5.3188],[-74.90868,5.3188],[-74.90869,5.3188],[-74.90869,5.31879],[-74.9087,5.31879],[-74.9087,5.31879],[-74.90871,5.31879],[-74.90871,5.31879],[-74.90871,5.31879],[-74.90871,5.31879],[-74.90871,5.31879],[-74.90871,5.31879],[-74.90871,5.31879],[-74.90871,5.31879],[-74.90871,5.31879],[-74.90871,5.31879],[-74.90871,5.31879],[-74.90871,5.31879],[-74.90871,5.31879],[-74.90871,5.31879],[-74.90871,5.31879],[-74.90872,5.31879],[-74.90872,5.31879],[-74.90872,5.31879],[-74.90872,5.31879],[-74.90872,5.31879],[-74.90872,5.31879],[-74.90872,5.31879],[-74.90872,5.31879],[-74.90872,5.31879],[-74.90872,5.31879],[-74.90872,5.31879],[-74.90873,5.31879],[-74.90873,5.31879],[-74.90873,5.31879],[-74.90873,5.31879],[-74.90873,5.31879],[-74.90873,5.3188],[-74.90873,5.3188],[-74.90873,5.3188],[-74.90873,5.3188],[-74.90873,5.3188],[-74.90873,5.3188],[-74.90873,5.3188],[-74.90873,5.3188],[-74.90873,5.3188],[-74.90873,5.3188],[-74.90873,5.3188],[-74.90873,5.3188],[-74.90873,5.3188],[-74.90873,5.3188],[-74.90873,5.3188],[-74.90873,5.3188],[-74.90873,5.3188],[-74.90873,5.3188],[-74.90873,5.3188],[-74.90873,5.3188],[-74.90873,5.3188],[-74.90873,5.3188],[-74.90873,5.31881],[-74.90873,5.31881],[-74.90873,5.31881],[-74.90873,5.31881],[-74.90873,5.31881],[-74.90874,5.31881],[-74.90874,5.31881],[-74.90874,5.31881],[-74.90874,5.31881],[-74.90874,5.31881],[-74.90874,5.31881],[-74.90874,5.31881],[-74.90874,5.31881],[-74.90874,5.31881],[-74.90874,5.31881],[-74.90874,5.31881],[-74.90874,5.31881],[-74.90874,5.31881],[-74.90874,5.31881],[-74.90874,5.31881],[-74.90874,5.31881],[-74.90874,5.31881],[-74.90874,5.31881],[-74.90874,5.31881],[-74.90874,5.31881],[-74.90874,5.31881],[-74.90874,5.31881],[-74.90874,5.31881],[-74.90874,5.31882],[-74.90874,5.31882],[-74.90874,5.31882],[-74.90874,5.31882],[-74.90874,5.31882],[-74.90874,5.31882],[-74.90875,5.31882],[-74.90875,5.31882],[-74.90875,5.31882],[-74.90875,5.31882],[-74.90875,5.31882],[-74.90875,5.31882],[-74.90875,5.31882],[-74.90875,5.31883],[-74.90875,5.31883],[-74.90875,5.31884],[-74.90875,5.31884],[-74.90875,5.31884],[-74.90875,5.31884],[-74.90875,5.31884],[-74.90875,5.31884],[-74.90875,5.31884],[-74.90875,5.31884],[-74.90875,5.31884],[-74.90875,5.31884],[-74.90875,5.31884],[-74.90875,5.31884],[-74.90875,5.31884],[-74.90875,5.31884],[-74.90875,5.31884],[-74.90875,5.31884],[-74.90875,5.31884],[-74.90875,5.31884],[-74.90875,5.31884],[-74.90875,5.31884],[-74.90875,5.31884],[-74.90875,5.31884],[-74.90875,5.31885],[-74.90875,5.31885],[-74.90875,5.31885],[-74.90875,5.31885],[-74.90875,5.31885],[-74.90875,5.31885],[-74.90875,5.31885],[-74.90875,5.31885],[-74.90875,5.31885],[-74.90875,5.31885],[-74.90875,5.31884],[-74.90875,5.31884],[-74.90875,5.31884],[-74.90875,5.31884],[-74.90875,5.31884],[-74.90876,5.31884],[-74.90876,5.31884],[-74.90876,5.31884],[-74.90876,5.31884],[-74.90876,5.31884],[-74.90876,5.31884],[-74.90876,5.31884],[-74.90876,5.31884],[-74.90876,5.31884],[-74.90876,5.31884],[-74.90876,5.31884],[-74.90876,5.31884],[-74.90876,5.31884],[-74.90876,5.31884],[-74.90876,5.31883],[-74.90876,5.31883],[-74.90877,5.31883],[-74.90877,5.31883],[-74.90877,5.31883],[-74.90877,5.31884],[-74.90877,5.31884],[-74.90877,5.31884],[-74.90877,5.31884],[-74.90877,5.31884],[-74.90877,5.31884],[-74.90877,5.31884],[-74.90877,5.31884],[-74.90877,5.31884],[-74.90877,5.31884],[-74.90877,5.31884],[-74.90877,5.31884],[-74.90877,5.31884],[-74.90877,5.31884],[-74.90877,5.31884],[-74.90877,5.31884],[-74.90877,5.31884],[-74.90877,5.31884],[-74.90877,5.31884],[-74.90877,5.31884],[-74.90877,5.31884],[-74.90877,5.31884],[-74.90877,5.31884],[-74.90877,5.31884],[-74.90877,5.31884],[-74.90877,5.31884],[-74.90877,5.31884],[-74.90877,5.31884],[-74.90877,5.31884],[-74.90877,5.31884],[-74.90877,5.31885],[-74.90877,5.31885],[-74.90877,5.31885],[-74.90877,5.31885],[-74.90877,5.31885],[-74.90877,5.31885],[-74.90878,5.31885],[-74.90878,5.31885],[-74.90878,5.31885],[-74.90878,5.31885],[-74.90878,5.31885],[-74.90878,5.31885],[-74.90878,5.31885],[-74.90878,5.31885],[-74.90878,5.31885],[-74.90878,5.31885],[-74.90878,5.31885],[-74.90878,5.31885],[-74.90878,5.31885],[-74.90878,5.31885],[-74.90878,5.31885],[-74.90878,5.31885],[-74.90878,5.31885],[-74.90878,5.31885],[-74.90878,5.31885],[-74.90878,5.31885],[-74.90878,5.31885],[-74.90878,5.31885],[-74.90878,5.31885],[-74.90878,5.31885],[-74.90878,5.31885],[-74.90878,5.31885],[-74.90878,5.31885],[-74.90878,5.31885],[-74.90878,5.31885],[-74.90878,5.31885],[-74.90878,5.31885],[-74.90878,5.31885],[-74.90878,5.31885],[-74.90878,5.31885],[-74.90878,5.31886],[-74.90878,5.31886],[-74.90878,5.31886],[-74.90878,5.31886],[-74.90878,5.31886],[-74.90878,5.31886],[-74.90878,5.31886],[-74.90878,5.31886],[-74.90878,5.31886],[-74.90878,5.31886],[-74.90878,5.31886],[-74.90878,5.31886],[-74.90878,5.31886],[-74.90878,5.31886],[-74.90878,5.31886],[-74.90878,5.31886],[-74.90878,5.31886],[-74.90878,5.31886],[-74.90878,5.31886],[-74.90878,5.31886],[-74.90879,5.31886],[-74.90879,5.31886],[-74.90879,5.31886],[-74.90879,5.31886],[-74.90879,5.31886],[-74.90879,5.31886],[-74.90879,5.31886],[-74.90879,5.31886],[-74.90879,5.31886],[-74.90879,5.31886],[-74.90879,5.31886],[-74.90879,5.31886],[-74.90879,5.31886],[-74.90879,5.31886],[-74.90879,5.31886],[-74.90879,5.31886],[-74.90879,5.31886],[-74.90879,5.31886],[-74.9088,5.31886],[-74.9088,5.31886],[-74.9088,5.31886],[-74.9088,5.31886],[-74.9088,5.31886],[-74.90881,5.31884],[-74.90881,5.31884],[-74.90881,5.31884],[-74.90881,5.31884],[-74.90881,5.31883],[-74.90881,5.31883],[-74.90881,5.31883],[-74.90881,5.31883],[-74.90881,5.31883],[-74.90881,5.31883],[-74.90881,5.31883],[-74.90881,5.31883],[-74.90881,5.31883],[-74.90881,5.31883],[-74.90881,5.31883],[-74.90881,5.31883],[-74.90881,5.31884],[-74.90881,5.31884],[-74.90881,5.31884],[-74.90881,5.31884],[-74.90881,5.31884],[-74.90881,5.31884],[-74.90881,5.31884],[-74.90881,5.31884],[-74.90881,5.31884],[-74.90881,5.31884],[-74.90881,5.31884],[-74.90881,5.31884],[-74.90881,5.31884],[-74.90881,5.31884],[-74.90881,5.31884],[-74.90881,5.31884],[-74.90881,5.31884],[-74.90881,5.31884],[-74.90881,5.31884],[-74.90881,5.31884],[-74.90881,5.31884],[-74.90881,5.31884],[-74.90882,5.31884],[-74.90882,5.31884],[-74.90882,5.31884],[-74.90882,5.31884],[-74.90882,5.31884],[-74.90882,5.31884],[-74.90882,5.31884],[-74.90882,5.31884],[-74.90882,5.31884],[-74.90882,5.31884],[-74.90882,5.31884],[-74.90882,5.31884],[-74.90882,5.31884],[-74.90882,5.31884],[-74.90883,5.31884],[-74.90883,5.31884],[-74.90883,5.31884],[-74.90883,5.31884],[-74.90883,5.31884],[-74.90883,5.31884],[-74.90883,5.31884],[-74.90883,5.31884],[-74.90882,5.31884],[-74.90882,5.31884],[-74.90882,5.31884],[-74.90882,5.31884],[-74.90882,5.31884],[-74.90882,5.31884],[-74.90882,5.31884],[-74.90882,5.31884],[-74.90883,5.31884],[-74.90883,5.31884],[-74.90883,5.31884],[-74.90883,5.31884],[-74.90883,5.31884],[-74.90883,5.31885],[-74.90883,5.31886],[-74.90884,5.31886],[-74.90884,5.31887],[-74.90884,5.31888],[-74.90884,5.31888],[-74.90884,5.31888],[-74.90884,5.31889],[-74.90884,5.31889],[-74.90884,5.3189],[-74.90884,5.31891],[-74.90883,5.31892],[-74.90883,5.31892],[-74.90883,5.31893],[-74.90883,5.31894],[-74.90883,5.31894],[-74.90883,5.31894],[-74.90882,5.31895],[-74.90882,5.31896],[-74.90882,5.31897],[-74.90882,5.31898],[-74.90882,5.31899],[-74.90882,5.319],[-74.90881,5.319],[-74.90881,5.319],[-74.90877,5.31904],[-74.90877,5.31907],[-74.90878,5.3191],[-74.90878,5.31912],[-74.90878,5.31915],[-74.90879,5.31915],[-74.90879,5.31917],[-74.9088,5.31918],[-74.90879,5.3192],[-74.90879,5.31921],[-74.90879,5.31922],[-74.9088,5.31923],[-74.9088,5.31925],[-74.90881,5.31928],[-74.90881,5.31929],[-74.90882,5.31931],[-74.90883,5.31933],[-74.90885,5.31935],[-74.90885,5.31935],[-74.90887,5.31937],[-74.90887,5.31937],[-74.90889,5.31939],[-74.90889,5.3194],[-74.90891,5.31942],[-74.90893,5.31945],[-74.90896,5.31946],[-74.90898,5.31947],[-74.90898,5.31948],[-74.90899,5.31949],[-74.90899,5.31949],[-74.909,5.3195],[-74.909,5.31951],[-74.90901,5.31953],[-74.90902,5.31954],[-74.90904,5.31956],[-74.90906,5.31958],[-74.90907,5.31958],[-74.90908,5.31959],[-74.90911,5.3196],[-74.90911,5.31962],[-74.90911,5.31963],[-74.90911,5.31966],[-74.90911,5.31967],[-74.90911,5.31967],[-74.90911,5.31968],[-74.90911,5.31971],[-74.90911,5.31973],[-74.90911,5.31975],[-74.90912,5.31977],[-74.90912,5.31979],[-74.90913,5.31982],[-74.90913,5.31982],[-74.90914,5.31985],[-74.90916,5.31988],[-74.90917,5.31989],[-74.90918,5.3199],[-74.90918,5.31992],[-74.90918,5.31994],[-74.90919,5.31996],[-74.90919,5.31997],[-74.90919,5.32],[-74.90918,5.32002],[-74.90918,5.32004],[-74.90917,5.32006],[-74.90917,5.32008],[-74.90908,5.32009],[-74.90907,5.32012],[-74.90908,5.32014],[-74.90908,5.32016],[-74.90908,5.3202],[-74.90908,5.32023],[-74.90923,5.32036],[-74.90925,5.32038],[-74.90927,5.32039],[-74.90928,5.32041],[-74.9093,5.32041],[-74.90932,5.32043],[-74.90935,5.32043],[-74.90939,5.32044],[-74.90942,5.32043],[-74.90945,5.32043],[-74.90948,5.32041],[-74.9095,5.3204],[-74.90952,5.32037],[-74.90954,5.32035],[-74.90956,5.32032],[-74.90956,5.32029],[-74.90957,5.32026],[-74.90956,5.32023],[-74.90956,5.32019],[-74.90954,5.32017],[-74.90953,5.32015],[-74.90953,5.32015],[-74.90953,5.32014],[-74.90953,5.32014],[-74.90954,5.32012],[-74.90955,5.32009],[-74.90956,5.32007],[-74.90956,5.32005],[-74.90956,5.32002],[-74.90956,5.32001],[-74.90957,5.31998],[-74.90957,5.31996],[-74.90957,5.31995],[-74.90957,5.31992],[-74.90957,5.31991],[-74.90957,5.31988],[-74.90956,5.31985],[-74.90956,5.31984],[-74.90954,5.31982],[-74.90954,5.31981],[-74.90954,5.3198],[-74.90953,5.31978],[-74.90953,5.31978],[-74.90953,5.31978],[-74.90955,5.31977],[-74.90955,5.31977],[-74.90957,5.31977],[-74.90958,5.31976],[-74.90958,5.31977],[-74.90958,5.31978],[-74.90959,5.3198],[-74.9096,5.31983],[-74.90961,5.31984],[-74.90963,5.31986],[-74.90963,5.31986],[-74.90963,5.31986],[-74.90964,5.31988],[-74.90965,5.31991],[-74.90965,5.31991],[-74.90966,5.3201],[-74.90966,5.32012],[-74.90966,5.32015],[-74.90967,5.32019],[-74.90968,5.32022],[-74.90981,5.32027],[-74.90981,5.3203],[-74.90982,5.32032],[-74.90983,5.32033],[-74.90984,5.32036],[-74.90986,5.32038],[-74.90986,5.32038],[-74.90987,5.3204],[-74.90987,5.32041],[-74.90987,5.32042],[-74.90988,5.32044],[-74.9099,5.32046],[-74.90991,5.32047],[-74.90992,5.32049],[-74.90994,5.3205],[-74.90995,5.32051],[-74.90997,5.32053],[-74.90997,5.32053],[-74.90999,5.32054],[-74.91001,5.32055],[-74.91004,5.32055],[-74.91004,5.32056],[-74.91005,5.32057],[-74.91002,5.32069],[-74.91005,5.32075],[-74.91007,5.32078],[-74.9101,5.32081],[-74.91017,5.32088],[-74.91019,5.32091],[-74.91027,5.32086],[-74.91028,5.32089],[-74.9103,5.32091],[-74.91032,5.32093],[-74.91034,5.32094],[-74.91036,5.32095],[-74.91049,5.321],[-74.91054,5.32102],[-74.91058,5.32104],[-74.91078,5.32101],[-74.91085,5.32104],[-74.91086,5.32104],[-74.91094,5.32106],[-74.91104,5.3211],[-74.9111,5.32114],[-74.91111,5.32114],[-74.91112,5.32115],[-74.91119,5.32118],[-74.91121,5.32119],[-74.91125,5.32124],[-74.91125,5.32124],[-74.91125,5.32124],[-74.91126,5.32125],[-74.91126,5.32125],[-74.91126,5.32125],[-74.91126,5.32125],[-74.91128,5.32127],[-74.91132,5.3213],[-74.91138,5.32138],[-74.91141,5.32141],[-74.91142,5.32144],[-74.91142,5.32144],[-74.91142,5.32144],[-74.91142,5.32144],[-74.91143,5.32144],[-74.91143,5.32144],[-74.91143,5.32145],[-74.91143,5.32145],[-74.91143,5.32145],[-74.91143,5.32145],[-74.91143,5.32145],[-74.91143,5.32145],[-74.91143,5.32145],[-74.91144,5.32146],[-74.91144,5.32146],[-74.91144,5.32146],[-74.91144,5.32146],[-74.91144,5.32146],[-74.91144,5.32146],[-74.91144,5.32146],[-74.91144,5.32146],[-74.91144,5.32147],[-74.91144,5.32147],[-74.91144,5.32147],[-74.91145,5.32147],[-74.91145,5.32147],[-74.91145,5.32147],[-74.91145,5.32147],[-74.91149,5.3215],[-74.91156,5.32157],[-74.91157,5.32158],[-74.91157,5.32158],[-74.91165,5.32164],[-74.91169,5.32167],[-74.91169,5.32167],[-74.91176,5.32172],[-74.91177,5.32173],[-74.91178,5.32173],[-74.91179,5.32174],[-74.91182,5.32174],[-74.91185,5.32175],[-74.91196,5.3218],[-74.91196,5.3218],[-74.91204,5.32183],[-74.91204,5.32183],[-74.91213,5.32188],[-74.91215,5.32188],[-74.91216,5.32188],[-74.91218,5.32188],[-74.91218,5.32189],[-74.91219,5.32191],[-74.91222,5.32195],[-74.91224,5.32197],[-74.91224,5.32203],[-74.91223,5.32215],[-74.91223,5.32216],[-74.91223,5.32218],[-74.91224,5.32219],[-74.91224,5.3222],[-74.91227,5.32232],[-74.91227,5.32234],[-74.91228,5.32235],[-74.91229,5.32236],[-74.9123,5.32238],[-74.9123,5.32239],[-74.91231,5.3224],[-74.91233,5.32242],[-74.91234,5.32243],[-74.91236,5.32244],[-74.91237,5.32245],[-74.91238,5.32246],[-74.9124,5.32246],[-74.91241,5.32247],[-74.91243,5.32247],[-74.91244,5.32247],[-74.91246,5.32247],[-74.91248,5.32247],[-74.91249,5.32247],[-74.91251,5.32247],[-74.91252,5.32246],[-74.91254,5.32246],[-74.91255,5.32245],[-74.91256,5.32244],[-74.91258,5.32243],[-74.91259,5.32242],[-74.9126,5.32241],[-74.91261,5.3224],[-74.91262,5.32238],[-74.91262,5.32237],[-74.91263,5.32235],[-74.91263,5.32234],[-74.91264,5.32232],[-74.91264,5.32231],[-74.91264,5.32229],[-74.91264,5.32228],[-74.91264,5.32226],[-74.91263,5.32225],[-74.91263,5.32223],[-74.91262,5.32222],[-74.91262,5.3222],[-74.91261,5.32219],[-74.91261,5.32219],[-74.9126,5.32214],[-74.9126,5.32204],[-74.9126,5.32203],[-74.9126,5.32191],[-74.9126,5.32189],[-74.9126,5.32189],[-74.91261,5.32188],[-74.91263,5.32187],[-74.91264,5.32186],[-74.91265,5.32185],[-74.91266,5.32183],[-74.91267,5.32182],[-74.91267,5.3218],[-74.91267,5.32178],[-74.91267,5.32177],[-74.91266,5.32175],[-74.91265,5.32174],[-74.91264,5.32172],[-74.91263,5.32171],[-74.91262,5.3217],[-74.9126,5.32169],[-74.91258,5.32169],[-74.91257,5.32169],[-74.91255,5.32169],[-74.91256,5.32166],[-74.91261,5.32166],[-74.91267,5.32165],[-74.91273,5.32164],[-74.91273,5.32164],[-74.91275,5.32162],[-74.91277,5.3216],[-74.91278,5.32159],[-74.91279,5.32156],[-74.9128,5.32154],[-74.9128,5.32152],[-74.9128,5.32149],[-74.91279,5.32147],[-74.91278,5.32145],[-74.91277,5.32143],[-74.91275,5.32141],[-74.91273,5.3214],[-74.91271,5.32139],[-74.91269,5.32138],[-74.91267,5.32138],[-74.91264,5.32138],[-74.91262,5.32139],[-74.9126,5.3214],[-74.91258,5.32141],[-74.91257,5.32142],[-74.91253,5.32142],[-74.91252,5.32142],[-74.91241,5.32144],[-74.91231,5.32144],[-74.91231,5.32144],[-74.91222,5.32144],[-74.91221,5.32144],[-74.9122,5.32144],[-74.91213,5.32147],[-74.91212,5.32147],[-74.91212,5.32147],[-74.9121,5.32148],[-74.91209,5.32148],[-74.91206,5.32148],[-74.91201,5.32146],[-74.912,5.32146],[-74.91199,5.32146],[-74.91197,5.32146],[-74.91195,5.32146],[-74.91194,5.32146],[-74.91187,5.32141],[-74.91186,5.3214],[-74.91186,5.3214],[-74.91178,5.32136],[-74.91176,5.32135],[-74.91176,5.32135],[-74.91167,5.32133],[-74.91167,5.32133],[-74.91161,5.32132],[-74.91161,5.32132],[-74.9116,5.32131],[-74.91156,5.32131],[-74.91156,5.32131],[-74.91156,5.32131],[-74.91156,5.3213],[-74.91152,5.32126],[-74.91155,5.32127],[-74.91165,5.32129],[-74.91165,5.32129],[-74.91166,5.32129],[-74.91166,5.32129],[-74.91166,5.32129],[-74.91166,5.32129],[-74.91166,5.32129],[-74.91167,5.32129],[-74.91167,5.32129],[-74.91167,5.32129],[-74.91167,5.32129],[-74.91167,5.32129],[-74.91168,5.32129],[-74.91168,5.32129],[-74.91175,5.32128],[-74.91176,5.32128],[-74.91176,5.32128],[-74.91177,5.32128],[-74.91177,5.32128],[-74.91177,5.32128],[-74.91177,5.32128],[-74.91178,5.32127],[-74.91178,5.32127],[-74.91178,5.32127],[-74.91178,5.32127],[-74.91178,5.32127],[-74.91179,5.32127],[-74.91179,5.32127],[-74.91186,5.32122],[-74.91187,5.32123],[-74.9119,5.32123],[-74.91192,5.32123],[-74.91194,5.32122],[-74.91196,5.32121],[-74.91198,5.3212],[-74.912,5.32118],[-74.91201,5.32116],[-74.91202,5.32114],[-74.91203,5.32112],[-74.91203,5.3211],[-74.91203,5.32107],[-74.91202,5.32105],[-74.91201,5.32103],[-74.912,5.32101],[-74.91198,5.32099],[-74.91196,5.32098],[-74.91194,5.32097],[-74.91192,5.32096],[-74.9119,5.32096],[-74.91187,5.32096],[-74.91185,5.32097],[-74.91183,5.32098],[-74.91181,5.32099],[-74.91179,5.32101],[-74.91178,5.32103],[-74.91177,5.32105],[-74.91177,5.32107],[-74.91176,5.32107],[-74.91176,5.32107],[-74.91171,5.3211],[-74.91167,5.32111],[-74.91159,5.32109],[-74.91158,5.32109],[-74.91158,5.32109],[-74.91158,5.32109],[-74.91158,5.32109],[-74.9115,5.32108],[-74.9115,5.32108],[-74.91149,5.32107],[-74.91149,5.32107],[-74.91148,5.32107],[-74.91148,5.32107],[-74.91142,5.32108],[-74.91142,5.32108],[-74.91142,5.32108],[-74.91141,5.32108],[-74.91141,5.32108],[-74.91141,5.32108],[-74.91141,5.32108],[-74.91137,5.32109],[-74.91136,5.32109],[-74.91133,5.32105],[-74.91132,5.32105],[-74.91131,5.32104],[-74.9113,5.32103],[-74.91127,5.32102],[-74.91124,5.32091],[-74.91119,5.32087],[-74.91116,5.32085],[-74.91114,5.32084],[-74.91102,5.32081],[-74.91102,5.3208],[-74.91101,5.3208],[-74.91094,5.32078],[-74.91088,5.32076],[-74.91092,5.32077],[-74.91092,5.32077],[-74.91093,5.32077],[-74.91093,5.32076],[-74.91096,5.32076],[-74.91098,5.32076],[-74.911,5.32076],[-74.91101,5.32076],[-74.91104,5.32075],[-74.91107,5.32075],[-74.9111,5.32073],[-74.91112,5.32071],[-74.91113,5.3207],[-74.91117,5.32069],[-74.91118,5.32069],[-74.91121,5.32067],[-74.91126,5.32064],[-74.9113,5.32063],[-74.91136,5.32062],[-74.91139,5.32062],[-74.91142,5.32064],[-74.91143,5.32065],[-74.91152,5.32068],[-74.91156,5.3207],[-74.91159,5.32073],[-74.91164,5.32077],[-74.91166,5.32079],[-74.91169,5.32081],[-74.9117,5.32081],[-74.91175,5.32084],[-74.91178,5.32086],[-74.91178,5.32086],[-74.91181,5.32086],[-74.91191,5.32088],[-74.91199,5.32089],[-74.91201,5.32089],[-74.91203,5.32089],[-74.91213,5.32088],[-74.91219,5.32088],[-74.91226,5.3209],[-74.91227,5.32091],[-74.91234,5.32092],[-74.91239,5.32095],[-74.91241,5.32096],[-74.91251,5.321],[-74.91252,5.321],[-74.9126,5.32102],[-74.91268,5.32107],[-74.91274,5.3211],[-74.91276,5.32111],[-74.91275,5.32117],[-74.91279,5.32118],[-74.91284,5.32119],[-74.91288,5.32118],[-74.91293,5.32117],[-74.91297,5.32116],[-74.91301,5.32113],[-74.91304,5.3211],[-74.91307,5.32107],[-74.9131,5.32103],[-74.91311,5.32099],[-74.91313,5.32095],[-74.9131,5.32093],[-74.91309,5.32092],[-74.91306,5.32089],[-74.91305,5.32076],[-74.91303,5.32075],[-74.91302,5.32074],[-74.91301,5.32074],[-74.9129,5.32067],[-74.91289,5.32067],[-74.91286,5.32066],[-74.91273,5.32069],[-74.91272,5.32068],[-74.91264,5.32066],[-74.91255,5.32063],[-74.91249,5.32059],[-74.91247,5.32058],[-74.91245,5.32058],[-74.91237,5.32056],[-74.91228,5.32053],[-74.91225,5.32052],[-74.91222,5.32052],[-74.91212,5.32052],[-74.9121,5.32052],[-74.91202,5.32053],[-74.91196,5.32052],[-74.91195,5.32052],[-74.91179,5.32055],[-74.91177,5.32052],[-74.91172,5.32048],[-74.9117,5.32047],[-74.9117,5.32047],[-74.91164,5.32044],[-74.91163,5.32044],[-74.91155,5.3204],[-74.91149,5.32037],[-74.91149,5.32037],[-74.91147,5.32036],[-74.91146,5.32036],[-74.91137,5.32034],[-74.91136,5.32034],[-74.91134,5.32034],[-74.91133,5.32035],[-74.9113,5.32035],[-74.91123,5.32037],[-74.91123,5.32037],[-74.91116,5.32039],[-74.91116,5.32039],[-74.91114,5.3204],[-74.91108,5.32043],[-74.911,5.32046],[-74.91099,5.32046],[-74.91091,5.32038],[-74.9109,5.32037],[-74.91088,5.32037],[-74.91085,5.32037],[-74.91083,5.32037],[-74.91082,5.32038],[-74.91079,5.32038],[-74.91077,5.32039],[-74.91075,5.32039],[-74.91073,5.32038],[-74.91071,5.32038],[-74.91069,5.32038],[-74.91068,5.32038],[-74.91065,5.32038],[-74.91063,5.32038],[-74.91062,5.32037],[-74.9106,5.32037],[-74.91058,5.32036],[-74.91055,5.32035],[-74.91052,5.32035],[-74.91051,5.32035],[-74.91048,5.32035],[-74.91045,5.32036],[-74.91042,5.32037],[-74.91041,5.32037],[-74.9104,5.32036],[-74.91039,5.32035],[-74.91038,5.32035],[-74.91036,5.32033],[-74.91034,5.32031],[-74.91038,5.32023],[-74.91037,5.32022],[-74.91036,5.32021],[-74.91034,5.32018],[-74.91031,5.32016],[-74.91028,5.32014],[-74.91026,5.32013],[-74.91025,5.32012],[-74.91023,5.32008],[-74.91022,5.32006],[-74.91021,5.32005],[-74.91021,5.32004],[-74.9102,5.32004],[-74.9102,5.32003],[-74.9101,5.31996],[-74.91009,5.31995],[-74.91009,5.31994],[-74.91009,5.31992],[-74.91008,5.31989],[-74.91006,5.31987],[-74.91006,5.31987],[-74.91005,5.31985],[-74.91005,5.31984],[-74.91004,5.31982],[-74.91004,5.3198],[-74.91002,5.31979],[-74.91001,5.31977],[-74.91,5.31976],[-74.91005,5.31967],[-74.91005,5.31964],[-74.91004,5.3196],[-74.91003,5.31957],[-74.91001,5.31954],[-74.91,5.31953],[-74.90999,5.31951],[-74.90999,5.31951],[-74.90998,5.31947],[-74.90996,5.31943],[-74.90994,5.31939],[-74.90985,5.31943],[-74.90983,5.3194],[-74.90981,5.31938],[-74.90978,5.31937],[-74.90975,5.31936],[-74.90975,5.31936],[-74.90973,5.31936],[-74.9097,5.31936],[-74.90968,5.31936],[-74.90966,5.31935],[-74.90963,5.31935],[-74.90961,5.31935],[-74.90958,5.31935],[-74.90956,5.31936],[-74.90956,5.31935],[-74.90956,5.31935],[-74.90956,5.31934],[-74.90956,5.31932],[-74.90956,5.31929],[-74.90956,5.31927],[-74.90955,5.31924],[-74.90954,5.31922],[-74.90954,5.3192],[-74.90954,5.31919],[-74.90956,5.31918],[-74.90957,5.31916],[-74.90959,5.31914],[-74.9096,5.31913],[-74.90962,5.31912],[-74.90962,5.31911],[-74.90963,5.31911],[-74.90964,5.3191],[-74.90966,5.3191],[-74.90967,5.31911],[-74.90967,5.31911],[-74.90969,5.31911],[-74.9097,5.31912],[-74.90972,5.31913],[-74.90974,5.31914],[-74.90977,5.31915],[-74.90979,5.31916],[-74.9098,5.31916],[-74.90981,5.31916],[-74.90984,5.31916],[-74.90985,5.31916],[-74.90986,5.31918],[-74.90987,5.31919],[-74.90989,5.3192],[-74.9099,5.31921],[-74.90991,5.31922],[-74.90992,5.31923],[-74.90994,5.31923],[-74.90996,5.31924],[-74.90998,5.31925],[-74.91001,5.31926],[-74.91004,5.31926],[-74.91005,5.31926],[-74.91008,5.31926],[-74.9101,5.31925],[-74.91011,5.31928],[-74.91011,5.31929],[-74.91011,5.31931],[-74.91011,5.31932],[-74.91011,5.31935],[-74.91012,5.31937],[-74.91013,5.3194],[-74.91013,5.31941],[-74.91023,5.31941],[-74.91023,5.31942],[-74.91023,5.31942],[-74.91023,5.31943],[-74.91023,5.31943],[-74.91023,5.31943],[-74.91023,5.31943],[-74.91024,5.31944],[-74.91024,5.31944],[-74.91024,5.31944],[-74.91024,5.31945],[-74.91024,5.31945],[-74.91025,5.31946],[-74.91025,5.31946],[-74.91025,5.31947],[-74.91025,5.31947],[-74.91026,5.31948],[-74.91026,5.31948],[-74.91026,5.31948],[-74.91026,5.31948],[-74.91026,5.31948],[-74.91026,5.31949],[-74.91026,5.31949],[-74.91026,5.31949],[-74.91026,5.31949],[-74.91026,5.31949],[-74.91027,5.3195],[-74.91027,5.3195],[-74.91027,5.3195],[-74.91027,5.3195],[-74.91027,5.31951],[-74.91028,5.31952],[-74.91028,5.31952],[-74.91029,5.31952],[-74.91029,5.31952],[-74.91029,5.31952],[-74.91029,5.31952],[-74.91029,5.31953],[-74.9103,5.31953],[-74.9103,5.31953],[-74.9103,5.31953],[-74.9103,5.31953],[-74.9103,5.31953],[-74.91031,5.31954],[-74.91031,5.31954],[-74.91031,5.31954],[-74.91032,5.31954],[-74.91032,5.31954],[-74.91032,5.31954],[-74.91033,5.31955],[-74.91033,5.31955],[-74.91033,5.31955],[-74.91033,5.31955],[-74.91034,5.31955],[-74.91034,5.31955],[-74.91034,5.31955],[-74.91034,5.31955],[-74.91034,5.31955],[-74.91035,5.31955],[-74.91035,5.31955],[-74.91035,5.31955],[-74.91036,5.31956],[-74.91036,5.31956],[-74.91036,5.31956],[-74.91036,5.31957],[-74.91037,5.31957],[-74.91037,5.31958],[-74.91037,5.31958],[-74.91038,5.31958],[-74.91038,5.31959],[-74.91038,5.31959],[-74.91039,5.3196],[-74.91039,5.3196],[-74.9104,5.3196],[-74.9104,5.3196],[-74.9104,5.31961],[-74.9104,5.31962],[-74.9104,5.31962],[-74.9104,5.31963],[-74.91041,5.31963],[-74.91041,5.31963],[-74.91041,5.31964],[-74.91042,5.31964],[-74.91042,5.31965],[-74.91042,5.31965],[-74.91043,5.31966],[-74.91043,5.31966],[-74.91043,5.31966],[-74.91044,5.31967],[-74.91044,5.31967],[-74.91045,5.31967],[-74.91045,5.31968],[-74.91046,5.31968],[-74.91046,5.31968],[-74.91047,5.31969],[-74.91047,5.31969],[-74.91048,5.3197],[-74.91048,5.3197],[-74.91048,5.3197],[-74.91048,5.3197],[-74.91049,5.31971],[-74.91049,5.31971],[-74.91049,5.31972],[-74.9105,5.31972],[-74.9105,5.31972],[-74.91051,5.31973],[-74.91051,5.31973],[-74.91052,5.31973],[-74.91052,5.31973],[-74.91052,5.31974],[-74.91052,5.31974],[-74.91052,5.31975],[-74.91052,5.31975],[-74.91053,5.31976],[-74.91053,5.31976],[-74.91053,5.31977],[-74.91054,5.31977],[-74.91054,5.31978],[-74.91054,5.31978],[-74.91055,5.31978],[-74.91055,5.31979],[-74.91055,5.31979],[-74.91056,5.3198],[-74.91056,5.3198],[-74.91056,5.3198],[-74.91056,5.3198],[-74.91057,5.31981],[-74.91057,5.31981],[-74.91057,5.31981],[-74.91057,5.31982],[-74.91057,5.31982],[-74.91057,5.31983],[-74.91058,5.31983],[-74.91058,5.31984],[-74.91058,5.31985],[-74.91058,5.31985],[-74.91059,5.31985],[-74.91059,5.31986],[-74.91059,5.31986],[-74.9106,5.31986],[-74.9106,5.31987],[-74.9106,5.31987],[-74.91061,5.31988],[-74.91061,5.31988],[-74.91062,5.31988],[-74.91062,5.31989],[-74.91063,5.31989],[-74.91063,5.31989],[-74.91064,5.31989],[-74.91064,5.3199],[-74.91065,5.3199],[-74.91065,5.3199],[-74.91066,5.3199],[-74.91066,5.3199],[-74.91067,5.3199],[-74.91068,5.3199],[-74.91069,5.3199],[-74.91069,5.3199],[-74.9107,5.3199],[-74.9107,5.3199],[-74.91071,5.3199],[-74.91072,5.3199],[-74.91072,5.3199],[-74.91072,5.31989],[-74.91073,5.31989],[-74.91074,5.31989],[-74.91074,5.31989],[-74.91074,5.31989],[-74.91077,5.31989],[-74.91077,5.31989],[-74.91077,5.31989],[-74.91078,5.31988],[-74.91079,5.31988],[-74.91079,5.31988],[-74.9108,5.31988],[-74.9108,5.31988],[-74.91082,5.31988],[-74.91084,5.31988],[-74.91087,5.31987],[-74.91089,5.31986],[-74.91091,5.31985],[-74.91092,5.31983],[-74.91094,5.31981],[-74.91095,5.31979],[-74.91095,5.31977],[-74.91095,5.31974],[-74.91095,5.31972],[-74.91095,5.3197],[-74.91094,5.31968],[-74.91092,5.31966],[-74.91091,5.31964],[-74.91089,5.31963],[-74.91087,5.31962],[-74.91084,5.31961],[-74.91082,5.31961],[-74.9108,5.31961],[-74.91077,5.31962],[-74.91075,5.31963],[-74.91073,5.31964],[-74.91074,5.31958],[-74.91073,5.31957],[-74.91073,5.31956],[-74.91072,5.31956],[-74.9107,5.31954],[-74.9107,5.31953],[-74.91068,5.31951],[-74.91067,5.31949],[-74.91066,5.31949],[-74.91065,5.31948],[-74.91065,5.31947],[-74.91063,5.31945],[-74.91063,5.31944],[-74.91061,5.31941],[-74.91059,5.31939],[-74.91057,5.31936],[-74.91057,5.31935],[-74.91056,5.31934],[-74.91054,5.31932],[-74.91053,5.31931],[-74.91053,5.31931],[-74.91051,5.31929],[-74.9105,5.31929],[-74.91049,5.31928],[-74.91048,5.31928],[-74.91047,5.31926],[-74.91047,5.31925],[-74.91047,5.31924],[-74.91048,5.31921],[-74.91048,5.31921],[-74.91048,5.3192],[-74.91048,5.31918],[-74.91049,5.31916],[-74.9105,5.31913],[-74.9105,5.31912],[-74.9105,5.31909],[-74.9105,5.31907],[-74.9105,5.31904],[-74.91049,5.31903],[-74.91049,5.319],[-74.91052,5.319],[-74.91053,5.31899],[-74.91054,5.31899],[-74.91055,5.31899],[-74.91058,5.31899],[-74.91061,5.31898],[-74.91063,5.31897],[-74.91066,5.31896],[-74.91066,5.31897],[-74.91066,5.31897],[-74.91068,5.31898],[-74.91071,5.319],[-74.91072,5.319],[-74.91073,5.31901],[-74.91075,5.31901],[-74.91076,5.31902],[-74.91077,5.31902],[-74.91077,5.31902],[-74.9108,5.31903],[-74.91083,5.31903],[-74.91084,5.31904],[-74.91087,5.31905],[-74.91088,5.31906],[-74.9109,5.31906],[-74.91093,5.31907],[-74.91095,5.31907],[-74.91098,5.31906],[-74.91099,5.31906],[-74.91099,5.31906],[-74.911,5.31906],[-74.91102,5.31905],[-74.91103,5.31905],[-74.91105,5.31905],[-74.91106,5.31904],[-74.91109,5.31903],[-74.91111,5.31902],[-74.91114,5.319],[-74.91114,5.31899],[-74.91115,5.31898],[-74.91115,5.31898],[-74.91117,5.31899],[-74.91117,5.31899],[-74.91118,5.319],[-74.9112,5.31902],[-74.91121,5.31902],[-74.91121,5.31903],[-74.91122,5.31904],[-74.91121,5.31905],[-74.91121,5.31907],[-74.91121,5.31908],[-74.91121,5.3191],[-74.91131,5.31914],[-74.91132,5.31915],[-74.91132,5.31915],[-74.91132,5.31915],[-74.91132,5.31915],[-74.91132,5.31915],[-74.91132,5.31916],[-74.91132,5.31916],[-74.91132,5.31916],[-74.91132,5.31916],[-74.91132,5.31916],[-74.91133,5.31917],[-74.91133,5.31917],[-74.91134,5.31918],[-74.91134,5.31918],[-74.91134,5.31918],[-74.91134,5.31918],[-74.91135,5.31919],[-74.91135,5.31919],[-74.91135,5.3192],[-74.91135,5.3192],[-74.91135,5.3192],[-74.91136,5.3192],[-74.91136,5.3192],[-74.91136,5.31921],[-74.91137,5.31921],[-74.91137,5.31921],[-74.91137,5.31921],[-74.91137,5.31921],[-74.91137,5.31922],[-74.91138,5.31922],[-74.91138,5.31922],[-74.91139,5.31922],[-74.91139,5.31922],[-74.9114,5.31925],[-74.91141,5.31927],[-74.91143,5.31928],[-74.91145,5.3193],[-74.91147,5.31931],[-74.91149,5.31931],[-74.91151,5.31931],[-74.91154,5.31931],[-74.91156,5.31931],[-74.91158,5.3193],[-74.9116,5.31928],[-74.91162,5.31926],[-74.91163,5.31925],[-74.91164,5.31922],[-74.91165,5.3192],[-74.91165,5.31918],[-74.91165,5.31915],[-74.91164,5.31913],[-74.91163,5.31911],[-74.91162,5.31909],[-74.9116,5.31907],[-74.91158,5.31906],[-74.91158,5.31906],[-74.91159,5.31906],[-74.91159,5.31906],[-74.9116,5.31906],[-74.9116,5.31906],[-74.9116,5.31906],[-74.91161,5.31907],[-74.91161,5.31907],[-74.91162,5.31908],[-74.91163,5.31908],[-74.91164,5.31908],[-74.91164,5.31909],[-74.91165,5.31909],[-74.91166,5.31909],[-74.91166,5.31909],[-74.91168,5.3191],[-74.91169,5.3191],[-74.9117,5.3191],[-74.9117,5.31911],[-74.91171,5.31911],[-74.91172,5.31911],[-74.91173,5.31911],[-74.91173,5.31911],[-74.91174,5.31911],[-74.91174,5.31911],[-74.91175,5.31911],[-74.91175,5.31911],[-74.91176,5.31912],[-74.91177,5.31912],[-74.91178,5.31912],[-74.91179,5.31912],[-74.91179,5.31912],[-74.9118,5.31921],[-74.91181,5.31922],[-74.91181,5.31923],[-74.91182,5.31924],[-74.91183,5.31925],[-74.91184,5.31927],[-74.91184,5.31927],[-74.91185,5.31928],[-74.91187,5.3193],[-74.91188,5.31931],[-74.9119,5.31932],[-74.9119,5.31934],[-74.91191,5.31936],[-74.91193,5.31939],[-74.91193,5.31939],[-74.91193,5.31942],[-74.91193,5.31963],[-74.91194,5.31964],[-74.91197,5.31966],[-74.91201,5.31968],[-74.91204,5.31971],[-74.91208,5.31972],[-74.91209,5.31974],[-74.91209,5.31975],[-74.91211,5.31977],[-74.91212,5.31978],[-74.91213,5.31979],[-74.91215,5.31982],[-74.91216,5.31983],[-74.91216,5.31983],[-74.91219,5.31985],[-74.9122,5.31986],[-74.91221,5.31986],[-74.91224,5.31988],[-74.91227,5.31989],[-74.91228,5.3199],[-74.91231,5.31991],[-74.91234,5.31992],[-74.91235,5.31992],[-74.91239,5.31993],[-74.91242,5.31993],[-74.91245,5.31993],[-74.91248,5.31993],[-74.91251,5.31993],[-74.91254,5.31992],[-74.91255,5.31992],[-74.91256,5.31992],[-74.9126,5.31994],[-74.91262,5.31994],[-74.91263,5.31994],[-74.91265,5.31995],[-74.91268,5.31995],[-74.91269,5.31995],[-74.91271,5.31997],[-74.91274,5.31998],[-74.91277,5.32],[-74.91278,5.32],[-74.9128,5.32001],[-74.91283,5.32003],[-74.91284,5.32004],[-74.91285,5.32005],[-74.91286,5.32005],[-74.91286,5.32005],[-74.91288,5.32006],[-74.91289,5.32007],[-74.91292,5.32008],[-74.91293,5.32009],[-74.91297,5.3201],[-74.913,5.32011],[-74.91301,5.32011],[-74.91304,5.32011],[-74.91307,5.32011],[-74.91308,5.32011],[-74.91309,5.32011],[-74.91314,5.32011],[-74.91316,5.3201],[-74.91317,5.3201],[-74.91319,5.3201],[-74.91321,5.32009],[-74.91321,5.32009],[-74.91322,5.3201],[-74.91325,5.32011],[-74.91327,5.32012],[-74.9133,5.32013],[-74.91333,5.32014],[-74.91335,5.32014],[-74.91336,5.32014],[-74.91339,5.32015],[-74.91342,5.32015],[-74.91346,5.32014],[-74.91346,5.32014],[-74.91348,5.32014],[-74.9135,5.32014],[-74.91351,5.32014],[-74.91352,5.32014],[-74.91355,5.32013],[-74.91358,5.32012],[-74.91361,5.32011],[-74.91362,5.32011],[-74.91362,5.32011],[-74.91366,5.32011],[-74.91371,5.3201],[-74.91372,5.3201],[-74.91374,5.3201],[-74.91375,5.32011],[-74.91375,5.32014],[-74.91384,5.32012],[-74.91385,5.32014],[-74.91388,5.32018],[-74.91388,5.3202],[-74.91391,5.32024],[-74.91398,5.32026],[-74.91406,5.32029],[-74.91413,5.3203],[-74.91421,5.32031],[-74.91429,5.32032],[-74.91437,5.32032],[-74.91444,5.32031],[-74.91452,5.3203],[-74.91459,5.32028],[-74.91457,5.32025],[-74.91456,5.32024],[-74.9146,5.32022],[-74.91464,5.32021],[-74.91466,5.3202],[-74.91466,5.3202],[-74.91468,5.32023],[-74.91469,5.32024],[-74.91472,5.32026],[-74.91474,5.32028],[-74.91476,5.32029],[-74.91479,5.3203],[-74.91479,5.32031],[-74.9148,5.32031],[-74.91481,5.32031],[-74.91494,5.32031],[-74.91495,5.32032],[-74.91496,5.32033],[-74.91496,5.32034],[-74.91497,5.32036],[-74.91499,5.32038],[-74.915,5.32039],[-74.91501,5.32041],[-74.91502,5.32042],[-74.91501,5.32044],[-74.91501,5.32044],[-74.91501,5.32045],[-74.915,5.32047],[-74.91503,5.32051],[-74.91507,5.32054],[-74.91511,5.32057],[-74.91515,5.32059]],[[-74.9115,5.31904],[-74.9115,5.31904],[-74.9115,5.31904],[-74.9115,5.31903],[-74.91151,5.31903],[-74.91151,5.31904],[-74.91152,5.31904],[-74.91152,5.31904],[-74.91151,5.31904],[-74.9115,5.31904]]]},"properties":{"Id":0,"OBJECTID":0,"FID_1":0,"SID":0,"SRSID":0,"Length":0,"Area":0,"Shape_Leng":0,"Shape_Area":214987.16790181462,"ID_DS":0,"CODDEP":" ","CODCUENCA":" ","CODDS":0,"TIPO":" ","NOMBRE":" Victoria","ORDEN":" ","N_ORDEN":0,"FP":0,"ORD_STRAHL":0,"FR_STRAHLE":0,"ZPHAMIN":0,"ZPSMIN":0,"BUFF_DIST":0,"OBJECTID_1":9,"Shape_Length":10683.273440508841}},{"type":"Feature","id":13,"geometry":{"type":"Polygon","coordinates":[[[-74.90428,5.31218],[-74.90427,5.31218],[-74.90426,5.31218],[-74.90425,5.31219],[-74.90425,5.31219],[-74.90424,5.31219],[-74.90423,5.3122],[-74.90423,5.3122],[-74.90422,5.31221],[-74.90422,5.31221],[-74.90421,5.31222],[-74.90421,5.31223],[-74.9042,5.31223],[-74.9042,5.31224],[-74.9042,5.31225],[-74.9042,5.31226],[-74.9042,5.31226],[-74.9042,5.31227],[-74.9042,5.31228],[-74.9042,5.31229],[-74.9042,5.31229],[-74.90422,5.31238],[-74.90422,5.31239],[-74.90427,5.31258],[-74.90427,5.31258],[-74.90427,5.31259],[-74.90428,5.3126],[-74.90439,5.31279],[-74.90447,5.31299],[-74.90455,5.31325],[-74.90463,5.31354],[-74.90465,5.31364],[-74.90465,5.31374],[-74.90465,5.31375],[-74.90465,5.31375],[-74.90466,5.31376],[-74.90466,5.31377],[-74.90466,5.31377],[-74.90466,5.31378],[-74.90467,5.31379],[-74.90467,5.31379],[-74.90468,5.3138],[-74.90472,5.31384],[-74.90472,5.31385],[-74.90473,5.31385],[-74.90477,5.31388],[-74.90481,5.31391],[-74.90485,5.31397],[-74.90486,5.31398],[-74.90486,5.31398],[-74.90487,5.31399],[-74.90488,5.31399],[-74.90495,5.31404],[-74.90496,5.31405],[-74.90496,5.31405],[-74.90497,5.31405],[-74.90498,5.31406],[-74.90499,5.31406],[-74.90499,5.31406],[-74.905,5.31406],[-74.90501,5.31406],[-74.90502,5.31406],[-74.90503,5.31406],[-74.90503,5.31405],[-74.90504,5.31405],[-74.90505,5.31405],[-74.90505,5.31404],[-74.90506,5.31404],[-74.90507,5.31403],[-74.90507,5.31403],[-74.90508,5.31402],[-74.90508,5.31401],[-74.90508,5.31401],[-74.90509,5.314],[-74.90509,5.31399],[-74.90509,5.31398],[-74.90509,5.31398],[-74.90509,5.31397],[-74.90509,5.31396],[-74.90509,5.31395],[-74.90509,5.31395],[-74.90509,5.31394],[-74.90508,5.31393],[-74.90508,5.31392],[-74.90508,5.31392],[-74.90507,5.31391],[-74.90507,5.31391],[-74.90506,5.3139],[-74.90505,5.31389],[-74.90499,5.31385],[-74.90495,5.3138],[-74.90495,5.31379],[-74.90494,5.31379],[-74.90494,5.31378],[-74.90493,5.31378],[-74.90488,5.31374],[-74.90484,5.31371],[-74.90483,5.3137],[-74.90483,5.31363],[-74.90483,5.31362],[-74.90483,5.31361],[-74.90483,5.31361],[-74.9048,5.31349],[-74.9048,5.31349],[-74.90473,5.31321],[-74.90473,5.3132],[-74.90464,5.31293],[-74.90464,5.31293],[-74.90464,5.31292],[-74.90455,5.31271],[-74.90455,5.3127],[-74.90444,5.31252],[-74.90439,5.31234],[-74.90437,5.31225],[-74.90437,5.31225],[-74.90437,5.31224],[-74.90437,5.31223],[-74.90436,5.31223],[-74.90436,5.31222],[-74.90435,5.31221],[-74.90435,5.31221],[-74.90434,5.3122],[-74.90434,5.3122],[-74.90433,5.31219],[-74.90432,5.31219],[-74.90432,5.31219],[-74.90431,5.31218],[-74.9043,5.31218],[-74.90429,5.31218],[-74.90429,5.31218],[-74.90428,5.31218]]]},"properties":{"Id":null,"OBJECTID":null,"FID_1":null,"SID":null,"SRSID":null,"Length":null,"Area":null,"Shape_Leng":null,"Shape_Area":4510.086048780794,"ID_DS":null,"CODDEP":null,"CODCUENCA":null,"CODDS":null,"TIPO":null,"NOMBRE":null,"ORDEN":null,"N_ORDEN":null,"FP":null,"ORD_STRAHL":null,"FR_STRAHLE":null,"ZPHAMIN":null,"ZPSMIN":null,"BUFF_DIST":10,"OBJECTID_1":13,"Shape_Length":482.3283065738972}},{"type":"Feature","id":14,"geometry":{"type":"Polygon","coordinates":[[[-74.91393,5.32214],[-74.91398,5.32223],[-74.91399,5.32224],[-74.914,5.32224],[-74.91401,5.32225],[-74.91402,5.32226],[-74.91404,5.32227],[-74.91407,5.32229],[-74.91408,5.32229],[-74.91408,5.3223],[-74.91413,5.32232],[-74.91415,5.32233],[-74.91417,5.32234],[-74.91419,5.32236],[-74.91423,5.3224],[-74.91425,5.32243],[-74.91425,5.32244],[-74.91426,5.32245],[-74.91431,5.3225],[-74.91431,5.32251],[-74.91431,5.32253],[-74.91432,5.32255],[-74.91433,5.32258],[-74.91434,5.3226],[-74.91436,5.32261],[-74.91438,5.32263],[-74.9144,5.32264],[-74.91442,5.32264],[-74.91445,5.32264],[-74.91447,5.32264],[-74.91449,5.32264],[-74.91451,5.32263],[-74.91453,5.32261],[-74.91455,5.3226],[-74.91456,5.32258],[-74.91457,5.32255],[-74.91458,5.32253],[-74.91458,5.32251],[-74.91458,5.32248],[-74.91457,5.32246],[-74.91456,5.32244],[-74.91455,5.32242],[-74.91453,5.3224],[-74.91451,5.32239],[-74.91449,5.32238],[-74.91447,5.32237],[-74.91445,5.32237],[-74.91444,5.32237],[-74.91441,5.32234],[-74.9144,5.32232],[-74.91438,5.3223],[-74.91437,5.32228],[-74.91436,5.32227],[-74.91431,5.32222],[-74.91431,5.32222],[-74.9143,5.32222],[-74.91425,5.32218],[-74.91424,5.32217],[-74.91423,5.32217],[-74.91425,5.32197],[-74.91423,5.32194],[-74.91421,5.32192],[-74.9142,5.3219],[-74.91419,5.3219],[-74.91419,5.32194],[-74.91417,5.32198],[-74.91415,5.32202],[-74.91412,5.32206],[-74.91409,5.32209],[-74.91406,5.32211],[-74.91402,5.32213],[-74.91397,5.32214],[-74.91393,5.32214]]]},"properties":{"Id":0,"OBJECTID":0,"FID_1":0,"SID":0,"SRSID":0,"Length":0,"Area":0,"Shape_Leng":0,"Shape_Area":1977.1981271123232,"ID_DS":0,"CODDEP":" ","CODCUENCA":" ","CODDS":0,"TIPO":" ","NOMBRE":" Victoria","ORDEN":" ","N_ORDEN":0,"FP":0,"ORD_STRAHL":0,"FR_STRAHLE":0,"ZPHAMIN":0,"ZPSMIN":0,"BUFF_DIST":0,"OBJECTID_1":14,"Shape_Length":239.47951774912093}},{"type":"Feature","id":16,"geometry":{"type":"Polygon","coordinates":[[[-74.91471,5.32141],[-74.91469,5.32147],[-74.91469,5.32147],[-74.91469,5.32148],[-74.91469,5.32149],[-74.91469,5.32149],[-74.91469,5.3215],[-74.9147,5.32151],[-74.9147,5.32152],[-74.9147,5.32153],[-74.91475,5.32162],[-74.91475,5.32162],[-74.91475,5.32163],[-74.91476,5.32164],[-74.91476,5.32164],[-74.91486,5.32175],[-74.91497,5.32189],[-74.91504,5.32205],[-74.91504,5.32206],[-74.91518,5.32229],[-74.91518,5.3223],[-74.91533,5.32251],[-74.91533,5.32252],[-74.91534,5.32252],[-74.91534,5.32253],[-74.91535,5.32254],[-74.91536,5.32254],[-74.91536,5.32254],[-74.91537,5.32255],[-74.91538,5.32255],[-74.91539,5.32255],[-74.91539,5.32255],[-74.9154,5.32255],[-74.91541,5.32255],[-74.91542,5.32255],[-74.91543,5.32255],[-74.91543,5.32255],[-74.91544,5.32254],[-74.91545,5.32254],[-74.91545,5.32254],[-74.91546,5.32253],[-74.91547,5.32252],[-74.91547,5.32252],[-74.91548,5.32251],[-74.91548,5.32251],[-74.91548,5.3225],[-74.91549,5.32249],[-74.91549,5.32248],[-74.91549,5.32248],[-74.91549,5.32247],[-74.91549,5.32246],[-74.91549,5.32245],[-74.91549,5.32245],[-74.91549,5.32244],[-74.91549,5.32243],[-74.91548,5.32242],[-74.91548,5.32242],[-74.91548,5.32241],[-74.91533,5.3222],[-74.9152,5.32197],[-74.91513,5.32181],[-74.91512,5.3218],[-74.91512,5.32179],[-74.91512,5.32179],[-74.915,5.32164],[-74.915,5.32163],[-74.915,5.32163],[-74.9149,5.32153],[-74.91488,5.32147],[-74.91488,5.32147],[-74.91485,5.32148],[-74.91483,5.32148],[-74.91481,5.32148],[-74.91478,5.32147],[-74.91476,5.32146],[-74.91474,5.32145],[-74.91472,5.32143],[-74.91471,5.32141]]]},"properties":{"Id":0,"OBJECTID":0,"FID_1":0,"SID":0,"SRSID":0,"Length":0,"Area":0,"Shape_Leng":0,"Shape_Area":2769.718365358127,"ID_DS":0,"CODDEP":" ","CODCUENCA":" ","CODDS":0,"TIPO":" ","NOMBRE":" Victoria","ORDEN":" ","N_ORDEN":0,"FP":0,"ORD_STRAHL":0,"FR_STRAHLE":0,"ZPHAMIN":0,"ZPSMIN":0,"BUFF_DIST":0,"OBJECTID_1":16,"Shape_Length":319.5025158287958}}]}