{"type":"FeatureCollection","name":"Retiro hidrológico La Merced","crs":{"type":"name","properties":{"name":"urn:ogc:def:crs:OGC:1.3:CRS84"}},"features":[{"type":"Feature","id":1,"geometry":{"type":"MultiPolygon","coordinates":[[[[-75.54297,5.38379],[-75.54297,5.3838],[-75.54297,5.3838],[-75.54297,5.38381],[-75.54297,5.38381],[-75.54298,5.38381],[-75.54298,5.38382],[-75.54298,5.38382],[-75.54299,5.38382],[-75.54299,5.38382],[-75.54299,5.38383],[-75.543,5.38383],[-75.54301,5.38383],[-75.54301,5.38383],[-75.54301,5.38383],[-75.54302,5.38382],[-75.54302,5.38382],[-75.54303,5.38382],[-75.54303,5.38382],[-75.54303,5.38381],[-75.54304,5.38381],[-75.54304,5.3838],[-75.54304,5.3838],[-75.54305,5.3838],[-75.54305,5.3838],[-75.54305,5.3838],[-75.54306,5.3838],[-75.54306,5.38379],[-75.54306,5.3838],[-75.54306,5.3838],[-75.54307,5.3838],[-75.54307,5.3838],[-75.54308,5.3838],[-75.54309,5.3838],[-75.54309,5.3838],[-75.54309,5.3838],[-75.5431,5.3838],[-75.54311,5.3838],[-75.54311,5.3838],[-75.54312,5.3838],[-75.54312,5.3838],[-75.54313,5.38379],[-75.54314,5.38379],[-75.54314,5.38378],[-75.54316,5.38377],[-75.54316,5.38377],[-75.54317,5.38375],[-75.54317,5.38375],[-75.54318,5.38375],[-75.54318,5.38374],[-75.54318,5.38373],[-75.54318,5.38372],[-75.54319,5.38372],[-75.54319,5.38372],[-75.5432,5.38372],[-75.5432,5.38372],[-75.5432,5.38372],[-75.54321,5.38372],[-75.54321,5.38371],[-75.54322,5.38371],[-75.54323,5.3837],[-75.54323,5.3837],[-75.54324,5.3837],[-75.54324,5.3837],[-75.54324,5.3837],[-75.54325,5.3837],[-75.54326,5.38369],[-75.54326,5.38369],[-75.54326,5.38369],[-75.54326,5.38369],[-75.54328,5.38367],[-75.54328,5.38367],[-75.54328,5.38366],[-75.54329,5.38364],[-75.5433,5.38363],[-75.54331,5.38362],[-75.54332,5.38361],[-75.54332,5.38361],[-75.54333,5.38361],[-75.54334,5.38361],[-75.54334,5.38361],[-75.54334,5.38361],[-75.54335,5.3836],[-75.54335,5.3836],[-75.54335,5.3836],[-75.54336,5.3836],[-75.54336,5.3836],[-75.54336,5.3836],[-75.54337,5.3836],[-75.54339,5.38359],[-75.5434,5.38359],[-75.54343,5.38359],[-75.54344,5.38359],[-75.54344,5.38359],[-75.54346,5.38359],[-75.54346,5.38359],[-75.54347,5.38359],[-75.54348,5.38358],[-75.54348,5.38358],[-75.54348,5.38358],[-75.54348,5.38358],[-75.54349,5.38358],[-75.54349,5.38358],[-75.5435,5.38358],[-75.54352,5.38358],[-75.54352,5.38358],[-75.54352,5.38357],[-75.54353,5.38357],[-75.54353,5.38357],[-75.54354,5.38357],[-75.54355,5.38356],[-75.54356,5.38355],[-75.54357,5.38355],[-75.54358,5.38356],[-75.54362,5.38357],[-75.54362,5.38357],[-75.54363,5.38357],[-75.54365,5.38357],[-75.54365,5.38357],[-75.54365,5.38357],[-75.54367,5.38357],[-75.54367,5.38356],[-75.54368,5.38356],[-75.54368,5.38356],[-75.54369,5.38355],[-75.5437,5.38355],[-75.5437,5.38355],[-75.5437,5.38355],[-75.5437,5.38356],[-75.54371,5.38356],[-75.54371,5.38356],[-75.54371,5.38356],[-75.54372,5.38356],[-75.54372,5.38356],[-75.54372,5.38356],[-75.54372,5.38356],[-75.54373,5.38357],[-75.54374,5.38357],[-75.54374,5.38357],[-75.54375,5.38357],[-75.54376,5.38357],[-75.54376,5.38357],[-75.54377,5.38357],[-75.54377,5.38357],[-75.54378,5.38357],[-75.54379,5.38357],[-75.54379,5.38356],[-75.54379,5.38356],[-75.5438,5.38356],[-75.54381,5.38355],[-75.54381,5.38355],[-75.54382,5.38355],[-75.54382,5.38355],[-75.54382,5.38355],[-75.54383,5.38355],[-75.54383,5.38355],[-75.54384,5.38354],[-75.54384,5.38354],[-75.54384,5.38354],[-75.54385,5.38354],[-75.54385,5.38354],[-75.54389,5.38355],[-75.54389,5.38355],[-75.54389,5.38355],[-75.5439,5.38355],[-75.54391,5.38355],[-75.54391,5.38355],[-75.54392,5.38354],[-75.54392,5.38354],[-75.54393,5.38354],[-75.54393,5.38354],[-75.54395,5.38352],[-75.54395,5.38352],[-75.54395,5.38352],[-75.54396,5.38353],[-75.54396,5.38353],[-75.54397,5.38353],[-75.54397,5.38353],[-75.54398,5.38353],[-75.54398,5.38353],[-75.54399,5.38353],[-75.54399,5.38353],[-75.544,5.38353],[-75.544,5.38353],[-75.544,5.38353],[-75.54401,5.38352],[-75.54401,5.38352],[-75.54402,5.38352],[-75.54402,5.38351],[-75.54402,5.38351],[-75.54402,5.38351],[-75.54402,5.3835],[-75.54403,5.3835],[-75.54403,5.38349],[-75.54403,5.38349],[-75.54403,5.38349],[-75.54404,5.38349],[-75.54404,5.38349],[-75.54405,5.38349],[-75.54405,5.38349],[-75.54405,5.38349],[-75.54406,5.38349],[-75.54406,5.38349],[-75.54407,5.38348],[-75.54407,5.38348],[-75.54408,5.38347],[-75.54409,5.38347],[-75.54409,5.38347],[-75.5441,5.38347],[-75.5441,5.38347],[-75.5441,5.38347],[-75.54411,5.38346],[-75.54412,5.38346],[-75.54412,5.38346],[-75.54412,5.38345],[-75.54414,5.38343],[-75.54414,5.38343],[-75.54417,5.38344],[-75.54417,5.38344],[-75.54418,5.38344],[-75.54419,5.38344],[-75.54419,5.38344],[-75.54419,5.38344],[-75.54419,5.38343],[-75.5442,5.38343],[-75.5442,5.38343],[-75.54422,5.38343],[-75.54422,5.38343],[-75.54422,5.38343],[-75.54423,5.38343],[-75.54423,5.38343],[-75.54423,5.38343],[-75.54424,5.38343],[-75.54425,5.38343],[-75.54425,5.38342],[-75.54426,5.38342],[-75.54426,5.38342],[-75.54426,5.38342],[-75.54426,5.38341],[-75.54427,5.38341],[-75.54427,5.38341],[-75.54427,5.3834],[-75.54427,5.3834],[-75.54427,5.38339],[-75.54427,5.38339],[-75.54427,5.38339],[-75.5443,5.38337],[-75.54431,5.38337],[-75.54431,5.38336],[-75.54431,5.38336],[-75.54431,5.38335],[-75.54432,5.38335],[-75.54432,5.38335],[-75.54432,5.38334],[-75.54432,5.38334],[-75.54433,5.38334],[-75.54434,5.38334],[-75.54435,5.38334],[-75.54435,5.38335],[-75.54436,5.38335],[-75.54436,5.38336],[-75.54436,5.38336],[-75.54437,5.38336],[-75.54438,5.38337],[-75.54438,5.38337],[-75.54439,5.38337],[-75.54439,5.38337],[-75.54439,5.38337],[-75.5444,5.38337],[-75.54441,5.38337],[-75.54441,5.38337],[-75.54442,5.38337],[-75.54442,5.38337],[-75.54443,5.38337],[-75.54443,5.38337],[-75.54444,5.38336],[-75.54444,5.38336],[-75.54444,5.38336],[-75.54445,5.38335],[-75.54446,5.38335],[-75.54446,5.38335],[-75.54447,5.38335],[-75.54447,5.38335],[-75.54447,5.38334],[-75.54448,5.38334],[-75.54448,5.38334],[-75.54449,5.38333],[-75.54449,5.38333],[-75.54449,5.38333],[-75.5445,5.38333],[-75.5445,5.38333],[-75.54451,5.38333],[-75.54451,5.38332],[-75.54451,5.38332],[-75.54451,5.38332],[-75.54452,5.38331],[-75.54452,5.38331],[-75.54452,5.3833],[-75.54451,5.3833],[-75.54451,5.38329],[-75.54451,5.38329],[-75.54451,5.38329],[-75.5445,5.38328],[-75.5445,5.38328],[-75.54449,5.38328],[-75.54449,5.38328],[-75.54448,5.38328],[-75.54448,5.38328],[-75.54447,5.38328],[-75.54447,5.38328],[-75.54446,5.38329],[-75.54446,5.38329],[-75.54445,5.38329],[-75.54444,5.38329],[-75.54444,5.38329],[-75.54444,5.3833],[-75.54443,5.3833],[-75.54443,5.3833],[-75.54442,5.3833],[-75.54442,5.3833],[-75.54442,5.38331],[-75.54441,5.38332],[-75.5444,5.38332],[-75.5444,5.38332],[-75.54439,5.38331],[-75.54439,5.38331],[-75.54439,5.3833],[-75.54438,5.3833],[-75.54437,5.3833],[-75.54437,5.38329],[-75.54436,5.38329],[-75.54435,5.38329],[-75.54434,5.38329],[-75.54434,5.38329],[-75.54434,5.38329],[-75.54432,5.38328],[-75.54432,5.38328],[-75.54432,5.38328],[-75.54431,5.38329],[-75.54431,5.38329],[-75.5443,5.38329],[-75.54429,5.38329],[-75.54429,5.38329],[-75.54429,5.38329],[-75.54428,5.3833],[-75.54428,5.3833],[-75.54428,5.3833],[-75.54427,5.38331],[-75.54427,5.38331],[-75.54427,5.38331],[-75.54427,5.38332],[-75.54427,5.38332],[-75.54427,5.38332],[-75.54424,5.38334],[-75.54423,5.38335],[-75.54423,5.38335],[-75.54423,5.38335],[-75.54422,5.38336],[-75.54422,5.38336],[-75.54422,5.38336],[-75.54422,5.38337],[-75.54422,5.38337],[-75.54422,5.38338],[-75.5442,5.38337],[-75.5442,5.38337],[-75.5442,5.38337],[-75.54419,5.38337],[-75.54418,5.38338],[-75.54418,5.38338],[-75.54418,5.38338],[-75.54417,5.38338],[-75.54417,5.38338],[-75.54414,5.38338],[-75.54414,5.38338],[-75.54413,5.38338],[-75.54413,5.38338],[-75.54412,5.38338],[-75.54412,5.38338],[-75.54411,5.38338],[-75.54411,5.38338],[-75.54411,5.38339],[-75.5441,5.38339],[-75.54409,5.3834],[-75.54409,5.3834],[-75.54408,5.38342],[-75.54407,5.38342],[-75.54407,5.38342],[-75.54406,5.38342],[-75.54406,5.38342],[-75.54405,5.38342],[-75.54405,5.38343],[-75.54404,5.38343],[-75.54403,5.38344],[-75.54403,5.38344],[-75.54402,5.38344],[-75.54402,5.38344],[-75.54401,5.38344],[-75.54401,5.38344],[-75.544,5.38344],[-75.544,5.38344],[-75.54399,5.38345],[-75.54399,5.38345],[-75.54398,5.38346],[-75.54398,5.38346],[-75.54398,5.38347],[-75.54397,5.38347],[-75.54397,5.38347],[-75.54397,5.38347],[-75.54396,5.38347],[-75.54395,5.38347],[-75.54395,5.38347],[-75.54394,5.38347],[-75.54393,5.38347],[-75.54393,5.38347],[-75.54393,5.38347],[-75.54392,5.38347],[-75.54391,5.38348],[-75.54391,5.38348],[-75.5439,5.38349],[-75.5439,5.38349],[-75.54386,5.38349],[-75.54386,5.38349],[-75.54386,5.38349],[-75.54385,5.38348],[-75.54384,5.38348],[-75.54384,5.38348],[-75.54383,5.38349],[-75.54383,5.38349],[-75.54382,5.38349],[-75.54382,5.38349],[-75.54381,5.38349],[-75.54381,5.38349],[-75.54381,5.38349],[-75.5438,5.38349],[-75.5438,5.38349],[-75.54379,5.38349],[-75.54379,5.3835],[-75.54378,5.3835],[-75.54378,5.3835],[-75.54378,5.3835],[-75.54377,5.3835],[-75.54377,5.38351],[-75.54376,5.38352],[-75.54376,5.38352],[-75.54376,5.38352],[-75.54375,5.38352],[-75.54375,5.38352],[-75.54375,5.38351],[-75.54374,5.38351],[-75.54374,5.38351],[-75.54374,5.38351],[-75.54373,5.38351],[-75.54373,5.38351],[-75.54373,5.38351],[-75.54373,5.3835],[-75.54372,5.3835],[-75.54372,5.3835],[-75.54371,5.3835],[-75.54371,5.3835],[-75.54371,5.3835],[-75.5437,5.3835],[-75.5437,5.3835],[-75.54369,5.3835],[-75.54368,5.3835],[-75.54368,5.3835],[-75.54368,5.3835],[-75.54367,5.3835],[-75.54367,5.3835],[-75.54366,5.38351],[-75.54366,5.38351],[-75.54366,5.38351],[-75.54365,5.38351],[-75.54363,5.38351],[-75.54359,5.3835],[-75.54359,5.3835],[-75.54357,5.3835],[-75.54357,5.3835],[-75.54356,5.3835],[-75.54356,5.38349],[-75.54356,5.38349],[-75.54356,5.38349],[-75.54356,5.38349],[-75.54357,5.38349],[-75.54357,5.38349],[-75.54357,5.38348],[-75.54357,5.38348],[-75.54357,5.38347],[-75.54357,5.38347],[-75.54357,5.38347],[-75.54357,5.38347],[-75.54357,5.38347],[-75.54357,5.38346],[-75.54357,5.38345],[-75.54357,5.38345],[-75.54358,5.38344],[-75.54362,5.38342],[-75.54362,5.38342],[-75.54362,5.38342],[-75.54364,5.38341],[-75.54364,5.38341],[-75.54364,5.38341],[-75.54364,5.38341],[-75.54364,5.3834],[-75.54364,5.3834],[-75.54365,5.38339],[-75.54365,5.38339],[-75.54366,5.38339],[-75.54366,5.38339],[-75.54366,5.38338],[-75.54366,5.38338],[-75.54366,5.38338],[-75.54366,5.38338],[-75.54366,5.38337],[-75.54366,5.38337],[-75.54366,5.38336],[-75.54366,5.38336],[-75.54366,5.38336],[-75.54366,5.38336],[-75.54366,5.38335],[-75.54367,5.38335],[-75.54367,5.38334],[-75.54367,5.38334],[-75.54368,5.38334],[-75.54368,5.38334],[-75.54368,5.38334],[-75.54368,5.38334],[-75.54368,5.38334],[-75.54368,5.38334],[-75.54368,5.38334],[-75.54369,5.38333],[-75.54369,5.38333],[-75.54369,5.38333],[-75.54369,5.38333],[-75.54369,5.38333],[-75.54369,5.38333],[-75.54369,5.38333],[-75.54369,5.38332],[-75.54369,5.38332],[-75.54369,5.38332],[-75.54369,5.38332],[-75.54369,5.38332],[-75.54369,5.38331],[-75.54369,5.38331],[-75.54369,5.38331],[-75.54369,5.38331],[-75.54369,5.38331],[-75.54369,5.38331],[-75.54369,5.3833],[-75.54369,5.3833],[-75.54369,5.3833],[-75.54368,5.3833],[-75.54368,5.3833],[-75.54368,5.3833],[-75.54368,5.3833],[-75.54368,5.3833],[-75.54368,5.38329],[-75.54368,5.38329],[-75.54367,5.38329],[-75.54367,5.38329],[-75.54367,5.38329],[-75.54367,5.38329],[-75.54367,5.38329],[-75.54367,5.38329],[-75.54366,5.38329],[-75.54366,5.38329],[-75.54366,5.38329],[-75.54366,5.38329],[-75.54366,5.38329],[-75.54366,5.38329],[-75.54365,5.38329],[-75.54364,5.3833],[-75.54364,5.3833],[-75.54364,5.3833],[-75.54364,5.3833],[-75.54364,5.3833],[-75.54363,5.3833],[-75.54363,5.38331],[-75.54363,5.38331],[-75.54363,5.38331],[-75.54363,5.38331],[-75.54363,5.38331],[-75.54362,5.38332],[-75.54362,5.38332],[-75.54362,5.38332],[-75.54362,5.38332],[-75.54362,5.38332],[-75.54362,5.38332],[-75.54362,5.38332],[-75.54361,5.38333],[-75.54361,5.38333],[-75.54361,5.38333],[-75.54361,5.38333],[-75.54361,5.38334],[-75.54361,5.38334],[-75.54361,5.38334],[-75.54361,5.38334],[-75.54361,5.38335],[-75.54361,5.38336],[-75.5436,5.38337],[-75.54359,5.38337],[-75.54356,5.3834],[-75.54355,5.3834],[-75.54355,5.3834],[-75.54355,5.3834],[-75.54354,5.38341],[-75.54354,5.38341],[-75.54354,5.38341],[-75.54353,5.38341],[-75.54353,5.38341],[-75.54353,5.38341],[-75.54352,5.38343],[-75.54352,5.38343],[-75.54352,5.38343],[-75.54352,5.38343],[-75.54352,5.38343],[-75.54352,5.38343],[-75.54352,5.38343],[-75.54352,5.38345],[-75.54352,5.38345],[-75.54352,5.38345],[-75.54352,5.38345],[-75.54352,5.38345],[-75.54352,5.38345],[-75.54352,5.38346],[-75.54352,5.38346],[-75.54351,5.38347],[-75.54351,5.38347],[-75.54348,5.38349],[-75.54348,5.38349],[-75.54348,5.38349],[-75.54347,5.38349],[-75.54347,5.3835],[-75.54347,5.3835],[-75.54346,5.3835],[-75.54346,5.38351],[-75.54346,5.38351],[-75.54346,5.38351],[-75.54346,5.38351],[-75.54346,5.38351],[-75.54346,5.38352],[-75.54346,5.38352],[-75.54345,5.38352],[-75.54345,5.38352],[-75.54345,5.38352],[-75.54345,5.38352],[-75.54345,5.38353],[-75.54345,5.38353],[-75.54344,5.38354],[-75.54344,5.38354],[-75.5434,5.38354],[-75.5434,5.38353],[-75.5434,5.38354],[-75.54338,5.38354],[-75.54338,5.38354],[-75.54338,5.38354],[-75.54335,5.38354],[-75.54335,5.38354],[-75.54334,5.38354],[-75.54334,5.38354],[-75.54333,5.38355],[-75.54333,5.38355],[-75.54333,5.38355],[-75.54332,5.38355],[-75.54332,5.38355],[-75.54332,5.38355],[-75.54332,5.38355],[-75.54331,5.38355],[-75.54331,5.38356],[-75.5433,5.38356],[-75.54329,5.38356],[-75.54329,5.38356],[-75.54327,5.38357],[-75.54327,5.38358],[-75.54327,5.38358],[-75.54326,5.38359],[-75.54326,5.38359],[-75.54325,5.3836],[-75.54324,5.38362],[-75.54324,5.38362],[-75.54324,5.38362],[-75.54323,5.38364],[-75.54322,5.38365],[-75.54322,5.38365],[-75.54321,5.38365],[-75.54321,5.38365],[-75.54321,5.38365],[-75.5432,5.38365],[-75.5432,5.38366],[-75.54319,5.38366],[-75.54318,5.38367],[-75.54317,5.38367],[-75.54317,5.38367],[-75.54317,5.38367],[-75.54316,5.38367],[-75.54315,5.38367],[-75.54315,5.38367],[-75.54315,5.38367],[-75.54314,5.38368],[-75.54314,5.38368],[-75.54314,5.38368],[-75.54314,5.38369],[-75.54313,5.38369],[-75.54313,5.38369],[-75.54313,5.3837],[-75.54313,5.38372],[-75.54313,5.38372],[-75.54312,5.38373],[-75.54311,5.38374],[-75.5431,5.38375],[-75.5431,5.38375],[-75.54309,5.38375],[-75.54309,5.38375],[-75.54308,5.38374],[-75.54308,5.38374],[-75.54308,5.38374],[-75.54307,5.38374],[-75.54307,5.38374],[-75.54306,5.38374],[-75.54306,5.38373],[-75.54305,5.38373],[-75.54305,5.38374],[-75.54304,5.38374],[-75.54304,5.38374],[-75.54304,5.38374],[-75.54303,5.38374],[-75.54303,5.38375],[-75.54302,5.38375],[-75.54302,5.38375],[-75.54302,5.38375],[-75.54301,5.38375],[-75.54301,5.38376],[-75.543,5.38376],[-75.543,5.38376],[-75.543,5.38376],[-75.543,5.38377],[-75.54299,5.38377],[-75.54299,5.38377],[-75.54299,5.38378],[-75.54298,5.38378],[-75.54298,5.38378],[-75.54298,5.38378],[-75.54297,5.38379],[-75.54297,5.38379],[-75.54297,5.38379]]],[[[-75.54479,5.38451],[-75.5448,5.38451],[-75.5448,5.38451],[-75.54481,5.38451],[-75.54481,5.38451],[-75.54481,5.38451],[-75.54482,5.38451],[-75.54482,5.38451],[-75.54483,5.38451],[-75.54483,5.38451],[-75.54483,5.3845],[-75.54484,5.3845],[-75.54484,5.38449],[-75.54484,5.38449],[-75.54484,5.38448],[-75.54484,5.38448],[-75.54484,5.38448],[-75.54483,5.38447],[-75.54483,5.38447],[-75.54483,5.38447],[-75.54482,5.38446],[-75.54482,5.38446],[-75.54481,5.38446],[-75.5448,5.38445],[-75.5448,5.38445],[-75.54479,5.38445],[-75.54478,5.38445],[-75.54477,5.38445],[-75.54475,5.38444],[-75.54475,5.38444],[-75.54474,5.38442],[-75.54473,5.38442],[-75.54473,5.38442],[-75.54472,5.38441],[-75.54472,5.38441],[-75.54471,5.38441],[-75.54471,5.38441],[-75.5447,5.38441],[-75.5447,5.38441],[-75.5447,5.38441],[-75.54469,5.38441],[-75.54468,5.38441],[-75.54468,5.3844],[-75.54468,5.3844],[-75.54467,5.3844],[-75.54467,5.3844],[-75.54467,5.3844],[-75.54467,5.3844],[-75.54466,5.3844],[-75.54466,5.3844],[-75.54465,5.38439],[-75.54465,5.38439],[-75.54464,5.38439],[-75.54463,5.38439],[-75.54463,5.38439],[-75.54463,5.38439],[-75.54461,5.38439],[-75.54461,5.38439],[-75.54461,5.38439],[-75.5446,5.3844],[-75.54459,5.3844],[-75.54459,5.3844],[-75.54459,5.3844],[-75.54458,5.38441],[-75.54458,5.38441],[-75.54457,5.38441],[-75.54457,5.3844],[-75.54457,5.3844],[-75.54456,5.3844],[-75.54455,5.38439],[-75.54455,5.38439],[-75.54455,5.38439],[-75.54454,5.38439],[-75.54453,5.38439],[-75.54453,5.38439],[-75.54451,5.38439],[-75.54451,5.3844],[-75.54447,5.38441],[-75.54446,5.38441],[-75.54446,5.38441],[-75.54446,5.38441],[-75.54445,5.3844],[-75.54444,5.3844],[-75.54443,5.38438],[-75.54443,5.38438],[-75.54441,5.38437],[-75.5444,5.38437],[-75.5444,5.38437],[-75.54438,5.38435],[-75.54438,5.38435],[-75.54436,5.38434],[-75.54436,5.38434],[-75.54435,5.38434],[-75.54433,5.38434],[-75.54433,5.38434],[-75.5443,5.38433],[-75.5443,5.38433],[-75.5443,5.38433],[-75.54427,5.38433],[-75.54427,5.38433],[-75.54424,5.38433],[-75.54424,5.38433],[-75.54424,5.38433],[-75.54421,5.38433],[-75.54421,5.38433],[-75.54418,5.38433],[-75.54418,5.38433],[-75.54418,5.38433],[-75.54415,5.38434],[-75.54415,5.38434],[-75.54413,5.38434],[-75.54412,5.38434],[-75.54412,5.38435],[-75.5441,5.38435],[-75.5441,5.38436],[-75.54408,5.38437],[-75.54408,5.38437],[-75.54407,5.38437],[-75.54406,5.38438],[-75.54405,5.38438],[-75.54404,5.3844],[-75.54403,5.3844],[-75.54403,5.3844],[-75.54403,5.3844],[-75.54402,5.3844],[-75.54402,5.3844],[-75.54402,5.3844],[-75.54401,5.3844],[-75.54401,5.3844],[-75.54401,5.38441],[-75.544,5.38441],[-75.544,5.38441],[-75.544,5.38441],[-75.54396,5.3844],[-75.54396,5.3844],[-75.54396,5.3844],[-75.54395,5.3844],[-75.54394,5.38441],[-75.54394,5.38441],[-75.54394,5.38441],[-75.54393,5.38441],[-75.54392,5.38441],[-75.54392,5.38442],[-75.54391,5.38442],[-75.54391,5.38443],[-75.54391,5.38443],[-75.5439,5.38443],[-75.54388,5.38442],[-75.54384,5.38441],[-75.54381,5.38441],[-75.54381,5.3844],[-75.54381,5.3844],[-75.5438,5.3844],[-75.54379,5.3844],[-75.54379,5.3844],[-75.54379,5.3844],[-75.54379,5.3844],[-75.54378,5.38439],[-75.54378,5.38439],[-75.54378,5.38439],[-75.54377,5.38439],[-75.54377,5.38439],[-75.54376,5.38439],[-75.54376,5.38439],[-75.54375,5.38439],[-75.54374,5.38439],[-75.54374,5.38439],[-75.54374,5.38438],[-75.54374,5.38438],[-75.54374,5.38438],[-75.54373,5.38438],[-75.54373,5.38438],[-75.54372,5.38438],[-75.54372,5.38437],[-75.54371,5.38437],[-75.54371,5.38437],[-75.54371,5.38437],[-75.54368,5.38438],[-75.54368,5.38438],[-75.54367,5.38438],[-75.54367,5.38437],[-75.54366,5.38437],[-75.54366,5.38437],[-75.54366,5.38437],[-75.54365,5.38437],[-75.54365,5.38437],[-75.54364,5.38437],[-75.54364,5.38437],[-75.54363,5.38437],[-75.54363,5.38436],[-75.54362,5.38436],[-75.54361,5.38436],[-75.5436,5.38436],[-75.5436,5.38435],[-75.5436,5.38435],[-75.54359,5.38435],[-75.54359,5.38435],[-75.54357,5.38434],[-75.54355,5.38433],[-75.54355,5.38433],[-75.54354,5.38433],[-75.54354,5.38432],[-75.54354,5.38432],[-75.54353,5.38432],[-75.54353,5.38432],[-75.54352,5.38432],[-75.54351,5.38432],[-75.54351,5.38432],[-75.54351,5.38432],[-75.5435,5.38431],[-75.5435,5.38431],[-75.54349,5.38431],[-75.54349,5.38431],[-75.54348,5.38431],[-75.54348,5.38431],[-75.54348,5.3843],[-75.54347,5.3843],[-75.54347,5.3843],[-75.54347,5.3843],[-75.54346,5.38429],[-75.54346,5.38429],[-75.54345,5.38429],[-75.54345,5.38429],[-75.54344,5.38428],[-75.54343,5.38428],[-75.54343,5.38428],[-75.54343,5.38428],[-75.54342,5.38427],[-75.54341,5.38427],[-75.54341,5.38427],[-75.54339,5.38427],[-75.54339,5.38427],[-75.54339,5.38427],[-75.54337,5.38427],[-75.54336,5.38427],[-75.54336,5.38427],[-75.54334,5.38428],[-75.54334,5.38428],[-75.54333,5.38428],[-75.54332,5.38426],[-75.54332,5.38426],[-75.54331,5.38426],[-75.5433,5.38425],[-75.5433,5.38425],[-75.54329,5.38425],[-75.54329,5.38425],[-75.54328,5.38425],[-75.54328,5.38425],[-75.54326,5.38422],[-75.54326,5.38421],[-75.54325,5.38421],[-75.54325,5.38421],[-75.54326,5.38421],[-75.54327,5.38421],[-75.54327,5.38421],[-75.54327,5.38421],[-75.54328,5.38421],[-75.54328,5.38421],[-75.54329,5.3842],[-75.54329,5.3842],[-75.5433,5.3842],[-75.54332,5.38418],[-75.54332,5.38418],[-75.54333,5.38418],[-75.54337,5.38418],[-75.54337,5.38418],[-75.54337,5.38418],[-75.54338,5.38417],[-75.54339,5.38417],[-75.54339,5.38417],[-75.5434,5.38417],[-75.5434,5.38417],[-75.5434,5.38416],[-75.54341,5.38416],[-75.54341,5.38416],[-75.54341,5.38415],[-75.54342,5.38414],[-75.54343,5.38414],[-75.54343,5.38414],[-75.54343,5.38414],[-75.54344,5.38414],[-75.54344,5.38414],[-75.54345,5.38413],[-75.54345,5.38413],[-75.54345,5.38413],[-75.54345,5.38413],[-75.54345,5.38413],[-75.54346,5.38414],[-75.54346,5.38414],[-75.54346,5.38415],[-75.54346,5.38415],[-75.54347,5.38415],[-75.54348,5.38416],[-75.54348,5.38416],[-75.54348,5.38416],[-75.5435,5.38417],[-75.5435,5.38417],[-75.5435,5.38417],[-75.54352,5.38417],[-75.54353,5.38417],[-75.54353,5.38417],[-75.54355,5.38417],[-75.54355,5.38417],[-75.54356,5.38417],[-75.54357,5.38416],[-75.54358,5.38416],[-75.54358,5.38416],[-75.54359,5.38415],[-75.54359,5.38415],[-75.5436,5.38415],[-75.54361,5.38413],[-75.54361,5.38413],[-75.54362,5.38413],[-75.54363,5.38412],[-75.54364,5.38413],[-75.54366,5.38413],[-75.54367,5.38413],[-75.54368,5.38413],[-75.54369,5.38414],[-75.54369,5.38415],[-75.54369,5.38415],[-75.5437,5.38415],[-75.5437,5.38415],[-75.54371,5.38415],[-75.54371,5.38415],[-75.54372,5.38415],[-75.54373,5.38415],[-75.54373,5.38415],[-75.54373,5.38415],[-75.54374,5.38414],[-75.54375,5.38414],[-75.54375,5.38414],[-75.54376,5.38413],[-75.54376,5.38413],[-75.54377,5.38413],[-75.5438,5.38413],[-75.54381,5.38413],[-75.54381,5.38413],[-75.54382,5.38413],[-75.54382,5.38413],[-75.54383,5.38412],[-75.54383,5.38412],[-75.54384,5.38412],[-75.54384,5.38412],[-75.54384,5.38411],[-75.54384,5.38411],[-75.54385,5.38411],[-75.54386,5.38411],[-75.54388,5.38411],[-75.54393,5.38412],[-75.54394,5.38412],[-75.54396,5.38412],[-75.54396,5.38412],[-75.54396,5.38412],[-75.54399,5.38412],[-75.54399,5.38412],[-75.54399,5.38412],[-75.54401,5.38411],[-75.54402,5.38411],[-75.54402,5.38411],[-75.54402,5.3841],[-75.54404,5.3841],[-75.54404,5.3841],[-75.54405,5.3841],[-75.54405,5.3841],[-75.54406,5.3841],[-75.54406,5.38409],[-75.54406,5.38409],[-75.54407,5.38409],[-75.54407,5.38408],[-75.54407,5.38408],[-75.54408,5.38407],[-75.54408,5.38407],[-75.54409,5.38408],[-75.5441,5.38408],[-75.5441,5.38408],[-75.54411,5.38407],[-75.54412,5.38407],[-75.54412,5.38407],[-75.54413,5.38407],[-75.54413,5.38407],[-75.54414,5.38406],[-75.54414,5.38406],[-75.54414,5.38406],[-75.54416,5.38406],[-75.54416,5.38406],[-75.54416,5.38406],[-75.54417,5.38406],[-75.54418,5.38406],[-75.54418,5.38406],[-75.54418,5.38406],[-75.54419,5.38405],[-75.54419,5.38405],[-75.54419,5.38405],[-75.54422,5.38405],[-75.54422,5.38405],[-75.54423,5.38405],[-75.54424,5.38405],[-75.54424,5.38404],[-75.54424,5.38404],[-75.54426,5.38404],[-75.54427,5.38404],[-75.54428,5.38404],[-75.54428,5.38404],[-75.54429,5.38403],[-75.5443,5.38403],[-75.5443,5.38403],[-75.54431,5.38402],[-75.54431,5.38402],[-75.54431,5.38402],[-75.54431,5.38402],[-75.54432,5.38401],[-75.54432,5.384],[-75.54432,5.384],[-75.54432,5.384],[-75.54432,5.38399],[-75.54432,5.38398],[-75.54432,5.38398],[-75.54432,5.38397],[-75.54433,5.38396],[-75.54434,5.38396],[-75.54434,5.38395],[-75.54434,5.38395],[-75.54434,5.38395],[-75.54434,5.38393],[-75.54435,5.38392],[-75.54435,5.38392],[-75.54435,5.38392],[-75.54436,5.38392],[-75.54437,5.38392],[-75.54437,5.38392],[-75.54438,5.38392],[-75.54438,5.38391],[-75.54439,5.3839],[-75.5444,5.3839],[-75.5444,5.3839],[-75.54441,5.38388],[-75.54441,5.38388],[-75.54443,5.38385],[-75.54443,5.38385],[-75.54443,5.38385],[-75.54444,5.38384],[-75.54444,5.38383],[-75.54445,5.38383],[-75.54445,5.38383],[-75.54445,5.38383],[-75.54446,5.38382],[-75.54447,5.38382],[-75.54447,5.38382],[-75.54448,5.3838],[-75.54448,5.3838],[-75.5445,5.38377],[-75.5445,5.38376],[-75.54451,5.38376],[-75.54452,5.38375],[-75.54453,5.38375],[-75.54453,5.38375],[-75.54454,5.38374],[-75.54454,5.38374],[-75.54454,5.38374],[-75.54456,5.38372],[-75.54456,5.38372],[-75.54456,5.38372],[-75.54459,5.38373],[-75.54459,5.38373],[-75.5446,5.38373],[-75.54461,5.38372],[-75.54461,5.38372],[-75.54462,5.38372],[-75.54462,5.38372],[-75.54463,5.38371],[-75.54463,5.38371],[-75.54464,5.38371],[-75.54466,5.38368],[-75.54467,5.38368],[-75.54469,5.38369],[-75.54469,5.38369],[-75.54472,5.3837],[-75.54472,5.3837],[-75.54472,5.3837],[-75.54474,5.3837],[-75.54474,5.3837],[-75.54474,5.3837],[-75.54476,5.3837],[-75.54476,5.3837],[-75.54476,5.3837],[-75.54478,5.3837],[-75.54478,5.38369],[-75.54478,5.38369],[-75.54479,5.38369],[-75.54479,5.38369],[-75.54479,5.38369],[-75.5448,5.38369],[-75.5448,5.38369],[-75.5448,5.38368],[-75.54481,5.38368],[-75.54481,5.38368],[-75.54482,5.38368],[-75.54482,5.38367],[-75.54482,5.38367],[-75.54483,5.38367],[-75.54483,5.38367],[-75.54484,5.38367],[-75.54484,5.38367],[-75.54485,5.38367],[-75.54485,5.38367],[-75.54485,5.38367],[-75.54486,5.38366],[-75.54486,5.38366],[-75.54486,5.38366],[-75.54487,5.38366],[-75.54488,5.38366],[-75.54488,5.38366],[-75.54488,5.38366],[-75.54489,5.38366],[-75.54489,5.38365],[-75.54491,5.38365],[-75.54491,5.38365],[-75.54492,5.38365],[-75.54494,5.38364],[-75.54495,5.38364],[-75.54496,5.38364],[-75.545,5.38365],[-75.545,5.38365],[-75.54502,5.38365],[-75.54502,5.38365],[-75.54502,5.38365],[-75.54504,5.38365],[-75.54504,5.38365],[-75.54505,5.38365],[-75.54506,5.38364],[-75.54506,5.38364],[-75.54506,5.38364],[-75.54507,5.38363],[-75.54507,5.38363],[-75.54507,5.38363],[-75.54508,5.38363],[-75.54508,5.38363],[-75.54509,5.38363],[-75.54509,5.38363],[-75.54509,5.38362],[-75.5451,5.38362],[-75.5451,5.38361],[-75.54512,5.38362],[-75.54512,5.38362],[-75.54512,5.38362],[-75.54513,5.38362],[-75.54514,5.38361],[-75.54514,5.38361],[-75.54514,5.38361],[-75.54515,5.38361],[-75.54515,5.38361],[-75.54516,5.3836],[-75.54516,5.38359],[-75.54517,5.38359],[-75.54519,5.38359],[-75.54524,5.3836],[-75.54524,5.3836],[-75.54525,5.38361],[-75.54526,5.3836],[-75.54527,5.3836],[-75.54527,5.3836],[-75.54529,5.3836],[-75.54529,5.3836],[-75.54529,5.3836],[-75.5453,5.38359],[-75.5453,5.38359],[-75.54531,5.38359],[-75.54531,5.38358],[-75.54531,5.38358],[-75.54531,5.38358],[-75.54531,5.38357],[-75.54531,5.38357],[-75.54531,5.38356],[-75.54531,5.38356],[-75.54531,5.38355],[-75.54531,5.38355],[-75.5453,5.38355],[-75.5453,5.38355],[-75.5453,5.38354],[-75.54529,5.38354],[-75.54529,5.38354],[-75.54528,5.38354],[-75.54528,5.38354],[-75.54527,5.38354],[-75.54527,5.38355],[-75.54526,5.38355],[-75.54525,5.38355],[-75.54519,5.38354],[-75.54519,5.38354],[-75.54519,5.38354],[-75.54517,5.38354],[-75.54517,5.38354],[-75.54517,5.38354],[-75.54515,5.38354],[-75.54515,5.38354],[-75.54515,5.38354],[-75.54514,5.38354],[-75.54513,5.38355],[-75.54513,5.38355],[-75.54512,5.38355],[-75.54512,5.38356],[-75.5451,5.38356],[-75.5451,5.38356],[-75.5451,5.38356],[-75.54509,5.38356],[-75.54509,5.38356],[-75.54508,5.38356],[-75.54508,5.38357],[-75.54507,5.38357],[-75.54507,5.38357],[-75.54507,5.38357],[-75.54506,5.38358],[-75.54506,5.38358],[-75.54506,5.38358],[-75.54505,5.38358],[-75.54505,5.38358],[-75.54505,5.38358],[-75.54504,5.38359],[-75.54503,5.38359],[-75.54502,5.38359],[-75.54501,5.38359],[-75.54496,5.38359],[-75.54496,5.38359],[-75.54495,5.38359],[-75.54494,5.38359],[-75.54493,5.38359],[-75.54493,5.38359],[-75.5449,5.3836],[-75.54489,5.3836],[-75.54488,5.3836],[-75.54488,5.3836],[-75.54487,5.3836],[-75.54487,5.3836],[-75.54486,5.38361],[-75.54486,5.38361],[-75.54485,5.38361],[-75.54485,5.38361],[-75.54484,5.38361],[-75.54484,5.38361],[-75.54484,5.38361],[-75.54483,5.38361],[-75.54483,5.38361],[-75.54483,5.38362],[-75.54482,5.38361],[-75.54482,5.38361],[-75.54481,5.38361],[-75.54481,5.38362],[-75.5448,5.38362],[-75.5448,5.38362],[-75.54479,5.38362],[-75.54479,5.38362],[-75.54479,5.38363],[-75.54478,5.38363],[-75.54478,5.38363],[-75.54478,5.38363],[-75.54478,5.38363],[-75.54477,5.38364],[-75.54477,5.38364],[-75.54477,5.38364],[-75.54476,5.38365],[-75.54475,5.38365],[-75.54474,5.38365],[-75.54473,5.38365],[-75.5447,5.38364],[-75.54468,5.38363],[-75.54467,5.38363],[-75.54467,5.38363],[-75.54465,5.38363],[-75.54465,5.38363],[-75.54464,5.38363],[-75.54464,5.38363],[-75.54463,5.38364],[-75.54463,5.38364],[-75.54462,5.38364],[-75.54462,5.38364],[-75.54462,5.38365],[-75.5446,5.38367],[-75.5446,5.38367],[-75.54459,5.38367],[-75.54456,5.38367],[-75.54456,5.38367],[-75.54456,5.38367],[-75.54454,5.38367],[-75.54454,5.38367],[-75.54454,5.38367],[-75.54453,5.38367],[-75.54452,5.38368],[-75.54452,5.38368],[-75.54452,5.38368],[-75.5445,5.3837],[-75.5445,5.38371],[-75.54448,5.38371],[-75.54448,5.38371],[-75.54448,5.38372],[-75.54447,5.38372],[-75.54447,5.38372],[-75.54447,5.38373],[-75.54446,5.38374],[-75.54446,5.38374],[-75.54446,5.38374],[-75.54443,5.38377],[-75.54443,5.38378],[-75.54443,5.38378],[-75.54442,5.38378],[-75.54442,5.38378],[-75.54442,5.38378],[-75.54441,5.38378],[-75.54441,5.38379],[-75.54441,5.38379],[-75.5444,5.38379],[-75.5444,5.38379],[-75.5444,5.3838],[-75.54439,5.3838],[-75.54439,5.3838],[-75.54439,5.38381],[-75.54438,5.38383],[-75.54437,5.38385],[-75.54436,5.38386],[-75.54435,5.38387],[-75.54435,5.38387],[-75.54434,5.38387],[-75.54434,5.38387],[-75.54433,5.38387],[-75.54433,5.38387],[-75.54432,5.38388],[-75.54432,5.38388],[-75.54431,5.38388],[-75.54431,5.38389],[-75.54431,5.38389],[-75.5443,5.3839],[-75.54429,5.38391],[-75.54429,5.38391],[-75.54429,5.38391],[-75.54429,5.38393],[-75.54428,5.38394],[-75.54427,5.38394],[-75.54427,5.38395],[-75.54427,5.38395],[-75.54427,5.38396],[-75.54427,5.38396],[-75.54427,5.38397],[-75.54427,5.38397],[-75.54427,5.38398],[-75.54427,5.38398],[-75.54425,5.38398],[-75.54425,5.38398],[-75.54424,5.38398],[-75.54424,5.38399],[-75.54422,5.38399],[-75.54422,5.38399],[-75.54419,5.38399],[-75.54419,5.38399],[-75.54419,5.38399],[-75.54418,5.38399],[-75.54417,5.384],[-75.54417,5.384],[-75.54417,5.384],[-75.54416,5.384],[-75.54416,5.384],[-75.54416,5.38401],[-75.54414,5.384],[-75.54414,5.384],[-75.54413,5.384],[-75.54413,5.384],[-75.54412,5.38401],[-75.54412,5.38401],[-75.54411,5.38401],[-75.54411,5.38401],[-75.5441,5.38402],[-75.5441,5.38402],[-75.5441,5.38402],[-75.5441,5.38401],[-75.54409,5.38401],[-75.54409,5.38401],[-75.54409,5.38401],[-75.54408,5.38401],[-75.54408,5.38401],[-75.54408,5.38401],[-75.54407,5.38401],[-75.54407,5.38401],[-75.54407,5.38401],[-75.54406,5.38401],[-75.54406,5.38402],[-75.54405,5.38402],[-75.54405,5.38402],[-75.54405,5.38402],[-75.54404,5.38403],[-75.54403,5.38405],[-75.54402,5.38405],[-75.54401,5.38405],[-75.54401,5.38405],[-75.544,5.38405],[-75.544,5.38405],[-75.54399,5.38406],[-75.54398,5.38406],[-75.54396,5.38406],[-75.54394,5.38406],[-75.54389,5.38405],[-75.54389,5.38405],[-75.54386,5.38405],[-75.54386,5.38405],[-75.54385,5.38405],[-75.54383,5.38406],[-75.54383,5.38406],[-75.54383,5.38406],[-75.54382,5.38406],[-75.54382,5.38406],[-75.54381,5.38407],[-75.54381,5.38407],[-75.54381,5.38407],[-75.5438,5.38407],[-75.5438,5.38407],[-75.54377,5.38407],[-75.54377,5.38407],[-75.54376,5.38407],[-75.54375,5.38407],[-75.54375,5.38408],[-75.54374,5.38408],[-75.54374,5.38408],[-75.54373,5.38408],[-75.54373,5.38409],[-75.54373,5.38409],[-75.54372,5.3841],[-75.54371,5.38409],[-75.54371,5.38409],[-75.5437,5.38409],[-75.54369,5.38408],[-75.54369,5.38408],[-75.54369,5.38408],[-75.54367,5.38408],[-75.54367,5.38408],[-75.54365,5.38407],[-75.54365,5.38407],[-75.54363,5.38407],[-75.54363,5.38407],[-75.54363,5.38407],[-75.54361,5.38407],[-75.54361,5.38407],[-75.54361,5.38407],[-75.54359,5.38408],[-75.54359,5.38408],[-75.54359,5.38408],[-75.54358,5.38409],[-75.54358,5.38409],[-75.54357,5.38409],[-75.54356,5.38411],[-75.54355,5.38411],[-75.54354,5.38412],[-75.54353,5.38412],[-75.54352,5.38412],[-75.54351,5.38412],[-75.54351,5.38411],[-75.54351,5.38411],[-75.54351,5.38411],[-75.54351,5.3841],[-75.54351,5.3841],[-75.54351,5.3841],[-75.54351,5.38409],[-75.5435,5.38409],[-75.5435,5.38409],[-75.5435,5.38408],[-75.54349,5.38407],[-75.54349,5.38407],[-75.54348,5.38407],[-75.54348,5.38407],[-75.54348,5.38407],[-75.54347,5.38406],[-75.54346,5.38406],[-75.54346,5.38406],[-75.54346,5.38406],[-75.54344,5.38407],[-75.54344,5.38407],[-75.54344,5.38407],[-75.54343,5.38407],[-75.54343,5.38407],[-75.54342,5.38408],[-75.54342,5.38408],[-75.54341,5.38409],[-75.54341,5.38409],[-75.54341,5.38409],[-75.5434,5.38409],[-75.5434,5.38409],[-75.54339,5.3841],[-75.54339,5.3841],[-75.54338,5.3841],[-75.54338,5.3841],[-75.54337,5.38412],[-75.54337,5.38412],[-75.54337,5.38412],[-75.54337,5.38412],[-75.54333,5.38412],[-75.54332,5.38412],[-75.54332,5.38412],[-75.5433,5.38413],[-75.5433,5.38413],[-75.54329,5.38413],[-75.54328,5.38414],[-75.54328,5.38414],[-75.54326,5.38415],[-75.54326,5.38415],[-75.54326,5.38416],[-75.54325,5.38416],[-75.54321,5.38415],[-75.54321,5.38415],[-75.54321,5.38415],[-75.54319,5.38415],[-75.54319,5.38415],[-75.54318,5.38415],[-75.54317,5.38416],[-75.54315,5.38416],[-75.54315,5.38416],[-75.54314,5.38416],[-75.54314,5.38416],[-75.54314,5.38416],[-75.54314,5.38416],[-75.54314,5.38416],[-75.54314,5.38416],[-75.54314,5.38416],[-75.54314,5.38416],[-75.54313,5.38416],[-75.54313,5.38416],[-75.54313,5.38416],[-75.54312,5.38416],[-75.54312,5.38416],[-75.54312,5.38416],[-75.54312,5.38416],[-75.54312,5.38416],[-75.54312,5.38416],[-75.54311,5.38416],[-75.54311,5.38416],[-75.5431,5.38416],[-75.5431,5.38416],[-75.5431,5.38416],[-75.5431,5.38415],[-75.54309,5.38415],[-75.54309,5.38415],[-75.54309,5.38415],[-75.54309,5.38415],[-75.54309,5.38415],[-75.54309,5.38415],[-75.54308,5.38415],[-75.54308,5.38415],[-75.54308,5.38415],[-75.54308,5.38415],[-75.54307,5.38415],[-75.54307,5.38415],[-75.54306,5.38415],[-75.54305,5.38413],[-75.54305,5.38413],[-75.54305,5.38413],[-75.54304,5.38413],[-75.54304,5.38413],[-75.54304,5.38412],[-75.54304,5.38412],[-75.54303,5.38412],[-75.54303,5.38412],[-75.54303,5.38412],[-75.54303,5.38412],[-75.54303,5.38411],[-75.54302,5.38411],[-75.54302,5.38411],[-75.54302,5.38411],[-75.54302,5.38411],[-75.543,5.38411],[-75.543,5.38411],[-75.543,5.38411],[-75.543,5.38411],[-75.543,5.38411],[-75.543,5.38411],[-75.54298,5.38411],[-75.54298,5.38411],[-75.54298,5.38411],[-75.54298,5.38411],[-75.54298,5.38411],[-75.54297,5.38411],[-75.54297,5.38412],[-75.54297,5.38412],[-75.54297,5.38412],[-75.54297,5.38412],[-75.54297,5.38412],[-75.54296,5.38412],[-75.54296,5.38412],[-75.54296,5.38412],[-75.54296,5.38412],[-75.54296,5.38413],[-75.54296,5.38413],[-75.54296,5.38413],[-75.54296,5.38413],[-75.54296,5.38413],[-75.54296,5.38413],[-75.54296,5.38414],[-75.54296,5.38414],[-75.54296,5.38414],[-75.54296,5.38414],[-75.54296,5.38414],[-75.54296,5.38414],[-75.54296,5.38415],[-75.54296,5.38415],[-75.54296,5.38415],[-75.54296,5.38415],[-75.54296,5.38415],[-75.54296,5.38415],[-75.54296,5.38416],[-75.54296,5.38416],[-75.54296,5.38416],[-75.54297,5.38416],[-75.54297,5.38416],[-75.54297,5.38416],[-75.54297,5.38416],[-75.54297,5.38416],[-75.54297,5.38416],[-75.54298,5.38417],[-75.54298,5.38417],[-75.54298,5.38417],[-75.54298,5.38417],[-75.54298,5.38417],[-75.54298,5.38417],[-75.54299,5.38417],[-75.54299,5.38417],[-75.543,5.38416],[-75.54301,5.38417],[-75.54301,5.38417],[-75.54302,5.38419],[-75.54302,5.38419],[-75.54302,5.38419],[-75.54302,5.38419],[-75.54303,5.38419],[-75.54303,5.38419],[-75.54303,5.38419],[-75.54303,5.38419],[-75.54304,5.3842],[-75.54304,5.3842],[-75.54304,5.3842],[-75.54304,5.3842],[-75.54304,5.3842],[-75.54304,5.3842],[-75.54305,5.3842],[-75.54305,5.3842],[-75.54305,5.3842],[-75.54305,5.3842],[-75.54307,5.3842],[-75.54307,5.38421],[-75.54307,5.38421],[-75.54308,5.38421],[-75.54308,5.38421],[-75.54308,5.38421],[-75.54308,5.38421],[-75.54308,5.38421],[-75.54308,5.38421],[-75.54309,5.38422],[-75.54309,5.38422],[-75.54309,5.38422],[-75.54309,5.38422],[-75.5431,5.38422],[-75.5431,5.38422],[-75.5431,5.38422],[-75.5431,5.38422],[-75.5431,5.38422],[-75.54311,5.38422],[-75.54311,5.38422],[-75.54311,5.38422],[-75.54312,5.38421],[-75.54312,5.38421],[-75.54312,5.38421],[-75.54312,5.38421],[-75.54312,5.38421],[-75.54313,5.38422],[-75.54313,5.38422],[-75.54313,5.38422],[-75.54314,5.38422],[-75.54314,5.38422],[-75.54314,5.38422],[-75.54314,5.38422],[-75.54314,5.38422],[-75.54314,5.38422],[-75.54315,5.38422],[-75.54315,5.38422],[-75.54316,5.38422],[-75.54316,5.38421],[-75.54317,5.38422],[-75.54317,5.38422],[-75.54317,5.38423],[-75.54318,5.38423],[-75.54318,5.38423],[-75.54318,5.38423],[-75.54319,5.38424],[-75.5432,5.38424],[-75.5432,5.38424],[-75.54321,5.38424],[-75.54321,5.38424],[-75.54321,5.38425],[-75.54323,5.38428],[-75.54323,5.38429],[-75.54324,5.38429],[-75.54325,5.3843],[-75.54325,5.3843],[-75.54325,5.3843],[-75.54325,5.3843],[-75.54326,5.3843],[-75.54327,5.38431],[-75.54327,5.38431],[-75.54328,5.38431],[-75.54329,5.38431],[-75.5433,5.38432],[-75.54331,5.38433],[-75.54331,5.38433],[-75.54331,5.38433],[-75.54332,5.38433],[-75.54332,5.38433],[-75.54332,5.38433],[-75.54333,5.38433],[-75.54333,5.38433],[-75.54334,5.38433],[-75.54334,5.38433],[-75.54335,5.38433],[-75.54337,5.38432],[-75.54339,5.38432],[-75.5434,5.38432],[-75.5434,5.38432],[-75.54341,5.38433],[-75.54341,5.38434],[-75.54341,5.38434],[-75.54342,5.38434],[-75.54342,5.38434],[-75.54343,5.38435],[-75.54343,5.38435],[-75.54344,5.38435],[-75.54344,5.38435],[-75.54345,5.38435],[-75.54345,5.38435],[-75.54345,5.38436],[-75.54346,5.38436],[-75.54346,5.38436],[-75.54346,5.38436],[-75.54347,5.38436],[-75.54347,5.38436],[-75.54348,5.38436],[-75.54348,5.38437],[-75.54349,5.38437],[-75.54349,5.38437],[-75.54349,5.38438],[-75.5435,5.38438],[-75.5435,5.38438],[-75.54351,5.38438],[-75.54351,5.38438],[-75.54352,5.38438],[-75.54354,5.38439],[-75.54354,5.38439],[-75.54355,5.38439],[-75.54355,5.3844],[-75.54357,5.3844],[-75.54358,5.38441],[-75.54358,5.38441],[-75.54358,5.38441],[-75.54359,5.38441],[-75.54359,5.38442],[-75.54359,5.38442],[-75.5436,5.38442],[-75.5436,5.38442],[-75.54362,5.38442],[-75.54362,5.38442],[-75.54363,5.38443],[-75.54363,5.38443],[-75.54364,5.38443],[-75.54364,5.38443],[-75.54365,5.38443],[-75.54365,5.38443],[-75.54366,5.38443],[-75.54366,5.38443],[-75.54366,5.38443],[-75.54367,5.38443],[-75.54367,5.38444],[-75.54368,5.38444],[-75.54368,5.38444],[-75.54371,5.38443],[-75.54371,5.38443],[-75.54372,5.38444],[-75.54372,5.38444],[-75.54372,5.38444],[-75.54373,5.38444],[-75.54373,5.38444],[-75.54374,5.38444],[-75.54374,5.38444],[-75.54374,5.38444],[-75.54375,5.38444],[-75.54376,5.38445],[-75.54376,5.38445],[-75.54376,5.38445],[-75.54377,5.38445],[-75.54377,5.38446],[-75.54377,5.38446],[-75.54378,5.38446],[-75.54378,5.38446],[-75.54379,5.38446],[-75.54379,5.38446],[-75.5438,5.38446],[-75.54382,5.38447],[-75.54383,5.38447],[-75.54387,5.38448],[-75.54387,5.38448],[-75.54387,5.38448],[-75.54389,5.38448],[-75.5439,5.38448],[-75.5439,5.38448],[-75.54392,5.38448],[-75.54392,5.38448],[-75.54393,5.38448],[-75.54393,5.38447],[-75.54394,5.38447],[-75.54394,5.38447],[-75.54395,5.38447],[-75.54395,5.38447],[-75.54395,5.38446],[-75.54396,5.38446],[-75.54396,5.38446],[-75.54399,5.38446],[-75.54399,5.38446],[-75.544,5.38446],[-75.54401,5.38446],[-75.54401,5.38446],[-75.54402,5.38446],[-75.54402,5.38446],[-75.54403,5.38446],[-75.54403,5.38446],[-75.54404,5.38445],[-75.54404,5.38445],[-75.54404,5.38445],[-75.54405,5.38445],[-75.54405,5.38445],[-75.54406,5.38445],[-75.54406,5.38445],[-75.54406,5.38445],[-75.54407,5.38444],[-75.54409,5.38442],[-75.5441,5.38441],[-75.54412,5.3844],[-75.54414,5.3844],[-75.54416,5.38439],[-75.54419,5.38438],[-75.54421,5.38438],[-75.54424,5.38438],[-75.54426,5.38438],[-75.54429,5.38438],[-75.54431,5.38439],[-75.54434,5.3844],[-75.54436,5.3844],[-75.54438,5.38441],[-75.54439,5.38442],[-75.54441,5.38444],[-75.54442,5.38445],[-75.54443,5.38445],[-75.54443,5.38445],[-75.54444,5.38446],[-75.54444,5.38446],[-75.54445,5.38446],[-75.54445,5.38446],[-75.54447,5.38446],[-75.54447,5.38446],[-75.54447,5.38446],[-75.54449,5.38446],[-75.54449,5.38446],[-75.54452,5.38445],[-75.54453,5.38445],[-75.54454,5.38445],[-75.54454,5.38445],[-75.54454,5.38445],[-75.54455,5.38446],[-75.54455,5.38446],[-75.54455,5.38446],[-75.54456,5.38446],[-75.54456,5.38446],[-75.54457,5.38446],[-75.54458,5.38446],[-75.54458,5.38446],[-75.54458,5.38446],[-75.54459,5.38446],[-75.54459,5.38446],[-75.5446,5.38446],[-75.5446,5.38446],[-75.54461,5.38446],[-75.54461,5.38446],[-75.54461,5.38445],[-75.54462,5.38444],[-75.54462,5.38444],[-75.54463,5.38444],[-75.54463,5.38444],[-75.54464,5.38445],[-75.54464,5.38445],[-75.54465,5.38445],[-75.54465,5.38446],[-75.54465,5.38446],[-75.54466,5.38446],[-75.54466,5.38446],[-75.54466,5.38446],[-75.54467,5.38446],[-75.54468,5.38446],[-75.54468,5.38446],[-75.54468,5.38446],[-75.54469,5.38446],[-75.5447,5.38446],[-75.54471,5.38448],[-75.54471,5.38448],[-75.54471,5.38448],[-75.54472,5.38449],[-75.54472,5.38449],[-75.54473,5.38449],[-75.54475,5.3845],[-75.54475,5.3845],[-75.54475,5.3845],[-75.54477,5.38451],[-75.54477,5.38451],[-75.54478,5.38451],[-75.54479,5.38451],[-75.54479,5.38451]]],[[[-75.5431,5.38485],[-75.54309,5.38486],[-75.54309,5.38486],[-75.54309,5.38487],[-75.54309,5.38489],[-75.54309,5.38489],[-75.54309,5.3849],[-75.54308,5.3849],[-75.54306,5.38491],[-75.54306,5.38491],[-75.54305,5.38491],[-75.54304,5.38491],[-75.54304,5.38491],[-75.54303,5.38492],[-75.54303,5.38492],[-75.54302,5.38493],[-75.54302,5.38493],[-75.54301,5.38493],[-75.54301,5.38493],[-75.543,5.38495],[-75.543,5.38495],[-75.543,5.38496],[-75.543,5.38496],[-75.543,5.38497],[-75.543,5.38497],[-75.543,5.38497],[-75.543,5.38498],[-75.543,5.38498],[-75.54301,5.38499],[-75.54301,5.38499],[-75.54302,5.38499],[-75.54302,5.38499],[-75.54303,5.38499],[-75.54303,5.38499],[-75.54303,5.38499],[-75.54304,5.38499],[-75.54304,5.38498],[-75.54305,5.38498],[-75.54305,5.38497],[-75.54305,5.38497],[-75.54307,5.38497],[-75.54307,5.38497],[-75.54308,5.38497],[-75.54308,5.38496],[-75.54309,5.38496],[-75.54309,5.38496],[-75.54309,5.38496],[-75.54311,5.38495],[-75.54311,5.38495],[-75.54312,5.38494],[-75.54313,5.38493],[-75.54313,5.38492],[-75.54314,5.38492],[-75.54314,5.38492],[-75.54314,5.38491],[-75.54314,5.3849],[-75.54314,5.3849],[-75.54314,5.38489],[-75.54314,5.38487],[-75.54315,5.38487],[-75.54315,5.38486],[-75.54316,5.38485],[-75.54316,5.38485],[-75.54316,5.38485],[-75.5432,5.38485],[-75.5432,5.38485],[-75.54321,5.38485],[-75.54322,5.38485],[-75.54322,5.38485],[-75.54322,5.38485],[-75.54323,5.38484],[-75.54323,5.38484],[-75.54323,5.38484],[-75.54324,5.38484],[-75.54324,5.38483],[-75.54325,5.38483],[-75.54325,5.38483],[-75.54326,5.38483],[-75.54327,5.38482],[-75.54327,5.38482],[-75.54327,5.38482],[-75.54327,5.38482],[-75.54328,5.38481],[-75.54329,5.38481],[-75.54329,5.38481],[-75.54331,5.38477],[-75.54331,5.38477],[-75.54332,5.38476],[-75.54332,5.38476],[-75.54337,5.38477],[-75.54337,5.38477],[-75.54337,5.38477],[-75.54338,5.38478],[-75.54339,5.38478],[-75.54339,5.38478],[-75.5434,5.38477],[-75.54341,5.38477],[-75.54341,5.38477],[-75.54341,5.38477],[-75.54342,5.38476],[-75.54343,5.38476],[-75.54343,5.38476],[-75.54343,5.38476],[-75.54344,5.38476],[-75.54344,5.38476],[-75.54345,5.38476],[-75.54345,5.38476],[-75.54345,5.38475],[-75.54346,5.38475],[-75.54346,5.38475],[-75.54346,5.38475],[-75.54347,5.38474],[-75.54347,5.38474],[-75.54348,5.38473],[-75.54348,5.38474],[-75.54348,5.38474],[-75.54349,5.38474],[-75.54349,5.38474],[-75.54349,5.38474],[-75.5435,5.38474],[-75.54351,5.38475],[-75.54351,5.38475],[-75.54351,5.38475],[-75.54352,5.38475],[-75.54353,5.38474],[-75.54354,5.38475],[-75.54354,5.38476],[-75.54355,5.38476],[-75.54355,5.38476],[-75.54356,5.38476],[-75.54356,5.38477],[-75.54356,5.38477],[-75.54357,5.38477],[-75.54357,5.38477],[-75.54358,5.38479],[-75.54359,5.38479],[-75.54359,5.38479],[-75.5436,5.3848],[-75.5436,5.3848],[-75.5436,5.3848],[-75.54361,5.3848],[-75.54363,5.38481],[-75.54363,5.38481],[-75.54364,5.38481],[-75.54366,5.3848],[-75.54366,5.3848],[-75.54367,5.3848],[-75.54369,5.38479],[-75.54371,5.38478],[-75.54373,5.38478],[-75.54374,5.38478],[-75.54375,5.38478],[-75.54376,5.38479],[-75.54376,5.38479],[-75.54376,5.3848],[-75.54377,5.3848],[-75.54377,5.3848],[-75.54378,5.3848],[-75.54378,5.3848],[-75.54378,5.3848],[-75.54379,5.3848],[-75.5438,5.3848],[-75.54381,5.38481],[-75.54381,5.38481],[-75.54381,5.38481],[-75.54382,5.38482],[-75.54382,5.38482],[-75.54383,5.38482],[-75.54383,5.38483],[-75.54384,5.38483],[-75.54384,5.38483],[-75.54385,5.38483],[-75.54385,5.38483],[-75.54385,5.38483],[-75.54388,5.38482],[-75.54389,5.38483],[-75.54392,5.38483],[-75.54392,5.38483],[-75.54392,5.38483],[-75.54393,5.38483],[-75.54394,5.38483],[-75.54395,5.38484],[-75.54395,5.38484],[-75.54396,5.38484],[-75.54396,5.38484],[-75.54396,5.38484],[-75.54397,5.38484],[-75.54398,5.38485],[-75.54399,5.38485],[-75.54399,5.38485],[-75.54401,5.38484],[-75.54401,5.38484],[-75.54401,5.38484],[-75.54403,5.38484],[-75.54403,5.38484],[-75.54404,5.38483],[-75.54405,5.38482],[-75.54407,5.38483],[-75.54407,5.38483],[-75.54408,5.38483],[-75.54408,5.38482],[-75.54409,5.38482],[-75.54409,5.38482],[-75.54409,5.38482],[-75.5441,5.38481],[-75.5441,5.38481],[-75.54411,5.38481],[-75.54412,5.38479],[-75.54412,5.38479],[-75.54412,5.38479],[-75.54416,5.3848],[-75.54416,5.3848],[-75.54416,5.3848],[-75.54417,5.3848],[-75.54418,5.38479],[-75.54418,5.38479],[-75.54419,5.38479],[-75.54419,5.38479],[-75.5442,5.38478],[-75.5442,5.38478],[-75.5442,5.38478],[-75.54421,5.38478],[-75.54421,5.38478],[-75.54421,5.38478],[-75.54422,5.38477],[-75.54422,5.38477],[-75.54422,5.38477],[-75.54423,5.38477],[-75.54423,5.38476],[-75.54424,5.38476],[-75.54424,5.38476],[-75.54424,5.38476],[-75.54425,5.38476],[-75.54425,5.38476],[-75.54425,5.38475],[-75.54426,5.38474],[-75.54427,5.38474],[-75.54427,5.38474],[-75.54428,5.38474],[-75.54432,5.38476],[-75.54432,5.38476],[-75.54434,5.38476],[-75.54434,5.38476],[-75.54434,5.38476],[-75.54436,5.38476],[-75.54436,5.38476],[-75.54436,5.38476],[-75.54437,5.38475],[-75.54438,5.38475],[-75.54438,5.38475],[-75.54438,5.38474],[-75.54438,5.38474],[-75.54441,5.38475],[-75.54442,5.38475],[-75.54443,5.38475],[-75.54443,5.38475],[-75.54443,5.38475],[-75.54444,5.38475],[-75.54444,5.38475],[-75.54445,5.38474],[-75.54445,5.38474],[-75.54446,5.38473],[-75.54446,5.38473],[-75.54446,5.38473],[-75.54448,5.38471],[-75.54449,5.38471],[-75.54449,5.38471],[-75.54452,5.38471],[-75.54452,5.38471],[-75.54453,5.38471],[-75.54454,5.38471],[-75.54454,5.3847],[-75.54457,5.38469],[-75.54458,5.38469],[-75.5446,5.38469],[-75.5446,5.38469],[-75.54461,5.38469],[-75.54461,5.38468],[-75.54461,5.38468],[-75.54462,5.38468],[-75.54462,5.38467],[-75.54462,5.38467],[-75.54462,5.38466],[-75.54462,5.38466],[-75.54462,5.38465],[-75.54462,5.38465],[-75.54462,5.38465],[-75.54462,5.38464],[-75.54461,5.38464],[-75.54461,5.38464],[-75.5446,5.38463],[-75.5446,5.38463],[-75.54459,5.38463],[-75.54458,5.38463],[-75.54457,5.38464],[-75.54457,5.38464],[-75.54455,5.38464],[-75.54455,5.38464],[-75.54455,5.38464],[-75.54452,5.38465],[-75.54451,5.38465],[-75.54449,5.38465],[-75.54448,5.38465],[-75.54448,5.38465],[-75.54447,5.38466],[-75.54447,5.38466],[-75.54446,5.38466],[-75.54446,5.38466],[-75.54445,5.38467],[-75.54445,5.38467],[-75.54445,5.38467],[-75.54443,5.38469],[-75.54442,5.38469],[-75.54442,5.38469],[-75.54439,5.38469],[-75.54438,5.38469],[-75.54438,5.38469],[-75.54437,5.38469],[-75.54437,5.38469],[-75.54436,5.38469],[-75.54436,5.38469],[-75.54435,5.3847],[-75.54435,5.3847],[-75.54435,5.3847],[-75.54435,5.3847],[-75.54434,5.3847],[-75.54434,5.3847],[-75.54433,5.3847],[-75.5443,5.38469],[-75.54429,5.38469],[-75.54428,5.38469],[-75.54428,5.38469],[-75.54427,5.38469],[-75.54426,5.38469],[-75.54426,5.38469],[-75.54425,5.38469],[-75.54425,5.38469],[-75.54424,5.3847],[-75.54423,5.3847],[-75.54423,5.3847],[-75.54423,5.3847],[-75.54422,5.38471],[-75.54422,5.38471],[-75.54421,5.38471],[-75.54421,5.38471],[-75.54421,5.38471],[-75.5442,5.38471],[-75.5442,5.38472],[-75.54419,5.38472],[-75.54419,5.38472],[-75.54419,5.38473],[-75.54419,5.38473],[-75.54418,5.38473],[-75.54418,5.38473],[-75.54417,5.38473],[-75.54417,5.38473],[-75.54417,5.38473],[-75.54416,5.38474],[-75.54416,5.38474],[-75.54413,5.38474],[-75.54412,5.38474],[-75.54412,5.38474],[-75.54411,5.38474],[-75.54411,5.38474],[-75.54411,5.38474],[-75.5441,5.38474],[-75.5441,5.38474],[-75.5441,5.38474],[-75.54409,5.38475],[-75.54408,5.38475],[-75.54408,5.38476],[-75.54408,5.38476],[-75.54407,5.38477],[-75.54406,5.38477],[-75.54405,5.38477],[-75.54405,5.38477],[-75.54404,5.38477],[-75.54404,5.38477],[-75.54404,5.38477],[-75.54403,5.38477],[-75.54401,5.38479],[-75.544,5.38479],[-75.54399,5.38479],[-75.54398,5.38479],[-75.54398,5.38479],[-75.54398,5.38479],[-75.54397,5.38479],[-75.54397,5.38478],[-75.54396,5.38478],[-75.54396,5.38478],[-75.54395,5.38478],[-75.54395,5.38478],[-75.54394,5.38478],[-75.54393,5.38478],[-75.5439,5.38477],[-75.5439,5.38477],[-75.54389,5.38477],[-75.54388,5.38477],[-75.54388,5.38477],[-75.54388,5.38477],[-75.54385,5.38477],[-75.54385,5.38477],[-75.54384,5.38476],[-75.54383,5.38476],[-75.54383,5.38475],[-75.54382,5.38475],[-75.54382,5.38475],[-75.54381,5.38475],[-75.54381,5.38474],[-75.5438,5.38474],[-75.5438,5.38474],[-75.5438,5.38474],[-75.54379,5.38475],[-75.54379,5.38474],[-75.54378,5.38474],[-75.54378,5.38474],[-75.54376,5.38473],[-75.54376,5.38473],[-75.54376,5.38473],[-75.54374,5.38473],[-75.54373,5.38472],[-75.54373,5.38473],[-75.54371,5.38473],[-75.5437,5.38473],[-75.5437,5.38473],[-75.54367,5.38474],[-75.54367,5.38474],[-75.54367,5.38474],[-75.54365,5.38475],[-75.54363,5.38475],[-75.54362,5.38475],[-75.54361,5.38473],[-75.54361,5.38473],[-75.5436,5.38472],[-75.5436,5.38472],[-75.54359,5.38472],[-75.54359,5.38472],[-75.54359,5.38471],[-75.54358,5.38471],[-75.54358,5.38471],[-75.54358,5.38471],[-75.54357,5.3847],[-75.54356,5.3847],[-75.54356,5.3847],[-75.54356,5.3847],[-75.54355,5.38469],[-75.54355,5.38469],[-75.54354,5.38469],[-75.54354,5.38469],[-75.54353,5.38469],[-75.54353,5.38469],[-75.54352,5.38469],[-75.54351,5.38469],[-75.54351,5.38469],[-75.5435,5.38468],[-75.5435,5.38468],[-75.5435,5.38468],[-75.54348,5.38468],[-75.54348,5.38468],[-75.54348,5.38468],[-75.54346,5.38468],[-75.54346,5.38468],[-75.54346,5.38468],[-75.54345,5.38469],[-75.54344,5.38469],[-75.54344,5.38469],[-75.54344,5.3847],[-75.54343,5.3847],[-75.54342,5.3847],[-75.54342,5.3847],[-75.54341,5.38471],[-75.54341,5.38471],[-75.5434,5.38471],[-75.5434,5.38471],[-75.54339,5.38472],[-75.54339,5.38472],[-75.54339,5.38472],[-75.54338,5.38472],[-75.54333,5.38471],[-75.54333,5.38471],[-75.54333,5.38471],[-75.54331,5.38471],[-75.54331,5.38471],[-75.5433,5.38471],[-75.54329,5.38472],[-75.54329,5.38472],[-75.54329,5.38472],[-75.54328,5.38472],[-75.54328,5.38472],[-75.54328,5.38473],[-75.54327,5.38473],[-75.54327,5.38473],[-75.54327,5.38474],[-75.54324,5.38477],[-75.54324,5.38477],[-75.54323,5.38477],[-75.54323,5.38477],[-75.54323,5.38477],[-75.54322,5.38478],[-75.54322,5.38478],[-75.54321,5.38478],[-75.54321,5.38478],[-75.54321,5.38479],[-75.5432,5.38479],[-75.54317,5.38479],[-75.54316,5.38479],[-75.54316,5.38479],[-75.54315,5.38479],[-75.54315,5.38479],[-75.54315,5.38479],[-75.54314,5.3848],[-75.54314,5.3848],[-75.54313,5.3848],[-75.54312,5.38481],[-75.54312,5.38481],[-75.54311,5.38483],[-75.54311,5.38483],[-75.5431,5.38484],[-75.5431,5.38485],[-75.5431,5.38485]]],[[[-75.54312,5.38591],[-75.54312,5.38591],[-75.54311,5.38592],[-75.54311,5.38592],[-75.54311,5.38592],[-75.54311,5.38593],[-75.54312,5.38593],[-75.54312,5.38594],[-75.54312,5.38594],[-75.54312,5.38594],[-75.54313,5.38594],[-75.54313,5.38595],[-75.54315,5.38595],[-75.54315,5.38595],[-75.54317,5.38596],[-75.54317,5.38596],[-75.54317,5.38596],[-75.54319,5.38596],[-75.54319,5.38596],[-75.54319,5.38596],[-75.54321,5.38596],[-75.54321,5.38596],[-75.54322,5.38595],[-75.54322,5.38595],[-75.54323,5.38595],[-75.54323,5.38595],[-75.54323,5.38594],[-75.54324,5.38594],[-75.54324,5.38594],[-75.54326,5.38591],[-75.54326,5.3859],[-75.54327,5.3859],[-75.54331,5.38591],[-75.54331,5.38591],[-75.54332,5.38591],[-75.54333,5.38591],[-75.54333,5.38591],[-75.54333,5.38591],[-75.54334,5.3859],[-75.54334,5.3859],[-75.54335,5.3859],[-75.54336,5.38589],[-75.54336,5.38589],[-75.54336,5.38589],[-75.54337,5.38588],[-75.54337,5.38588],[-75.54337,5.38588],[-75.54337,5.38587],[-75.54337,5.38586],[-75.54337,5.38586],[-75.54337,5.38586],[-75.54337,5.38584],[-75.54337,5.38583],[-75.54338,5.38582],[-75.54338,5.38581],[-75.54339,5.3858],[-75.5434,5.3858],[-75.54341,5.38579],[-75.54342,5.38579],[-75.54343,5.38578],[-75.54344,5.38579],[-75.54344,5.38579],[-75.54344,5.38578],[-75.54345,5.38578],[-75.54345,5.38578],[-75.54346,5.38578],[-75.54346,5.38578],[-75.54346,5.38578],[-75.54346,5.38577],[-75.54347,5.38577],[-75.54347,5.38577],[-75.54348,5.38577],[-75.54348,5.38577],[-75.54349,5.38577],[-75.5435,5.38576],[-75.5435,5.38576],[-75.5435,5.38575],[-75.54351,5.38574],[-75.54351,5.38574],[-75.54351,5.38574],[-75.54352,5.38573],[-75.54352,5.38572],[-75.54352,5.38572],[-75.54352,5.38571],[-75.54352,5.38571],[-75.54352,5.3857],[-75.54353,5.38569],[-75.54355,5.38568],[-75.54355,5.38567],[-75.54356,5.38567],[-75.54358,5.38567],[-75.54358,5.38567],[-75.54359,5.38567],[-75.54359,5.38567],[-75.5436,5.38567],[-75.5436,5.38567],[-75.5436,5.38567],[-75.54361,5.38566],[-75.54361,5.38566],[-75.54362,5.38566],[-75.54362,5.38566],[-75.54363,5.38566],[-75.54363,5.38566],[-75.54364,5.38566],[-75.54364,5.38566],[-75.54364,5.38566],[-75.54366,5.38565],[-75.54366,5.38565],[-75.54367,5.38565],[-75.54368,5.38564],[-75.54368,5.38563],[-75.54369,5.38563],[-75.5437,5.38561],[-75.5437,5.38561],[-75.5437,5.38561],[-75.54371,5.38559],[-75.54371,5.38559],[-75.54371,5.38558],[-75.54371,5.38557],[-75.54371,5.38557],[-75.54371,5.38557],[-75.54371,5.38555],[-75.54372,5.38554],[-75.54372,5.38554],[-75.54372,5.38554],[-75.54372,5.38553],[-75.54372,5.38552],[-75.54372,5.38552],[-75.54373,5.38551],[-75.54373,5.38551],[-75.54373,5.38551],[-75.54372,5.38547],[-75.54372,5.38546],[-75.54373,5.38544],[-75.54374,5.38543],[-75.54375,5.38541],[-75.54375,5.38541],[-75.54376,5.38541],[-75.54377,5.38541],[-75.54377,5.38541],[-75.54378,5.38541],[-75.54378,5.38541],[-75.54378,5.3854],[-75.54379,5.3854],[-75.5438,5.38539],[-75.5438,5.38539],[-75.5438,5.38539],[-75.54381,5.38539],[-75.54382,5.38539],[-75.54383,5.3854],[-75.54383,5.3854],[-75.54383,5.3854],[-75.54384,5.3854],[-75.54384,5.3854],[-75.54385,5.3854],[-75.54385,5.3854],[-75.54386,5.3854],[-75.54386,5.38539],[-75.54386,5.38539],[-75.54387,5.38539],[-75.54387,5.38539],[-75.54387,5.38538],[-75.54389,5.38535],[-75.54389,5.38535],[-75.5439,5.38535],[-75.5439,5.38535],[-75.5439,5.38535],[-75.54391,5.38535],[-75.54392,5.38535],[-75.54392,5.38534],[-75.54394,5.38533],[-75.54394,5.38533],[-75.54395,5.38532],[-75.54395,5.38531],[-75.54396,5.3853],[-75.54397,5.3853],[-75.54397,5.3853],[-75.54398,5.38527],[-75.54399,5.38525],[-75.544,5.38524],[-75.54401,5.38523],[-75.54401,5.38523],[-75.54402,5.38523],[-75.54402,5.38523],[-75.54403,5.38523],[-75.54403,5.38523],[-75.54404,5.38523],[-75.54404,5.38522],[-75.54405,5.38522],[-75.54405,5.38522],[-75.54405,5.38522],[-75.54406,5.3852],[-75.54411,5.38516],[-75.54411,5.38516],[-75.54412,5.38516],[-75.54414,5.38513],[-75.54415,5.38512],[-75.54415,5.38512],[-75.54416,5.38512],[-75.54417,5.38512],[-75.54417,5.38512],[-75.54418,5.38512],[-75.54418,5.38512],[-75.54418,5.38511],[-75.54419,5.38511],[-75.54419,5.3851],[-75.54421,5.3851],[-75.54421,5.3851],[-75.54422,5.3851],[-75.54422,5.3851],[-75.54423,5.3851],[-75.54423,5.3851],[-75.54424,5.3851],[-75.54425,5.38509],[-75.54425,5.38509],[-75.54425,5.38508],[-75.54428,5.38504],[-75.54429,5.38504],[-75.54429,5.38504],[-75.54431,5.38504],[-75.54432,5.38503],[-75.54432,5.38503],[-75.54432,5.38503],[-75.54433,5.38503],[-75.54433,5.38503],[-75.54433,5.38502],[-75.54434,5.38501],[-75.54438,5.38501],[-75.54438,5.38501],[-75.54439,5.38501],[-75.5444,5.38501],[-75.5444,5.38501],[-75.5444,5.38501],[-75.54441,5.38501],[-75.54441,5.385],[-75.54441,5.385],[-75.54442,5.385],[-75.54442,5.38499],[-75.54443,5.38499],[-75.54443,5.38499],[-75.54444,5.38499],[-75.54444,5.38499],[-75.54445,5.38498],[-75.54445,5.38498],[-75.54445,5.38498],[-75.54445,5.38497],[-75.54446,5.38497],[-75.54446,5.38496],[-75.54446,5.38496],[-75.54445,5.38495],[-75.54445,5.38495],[-75.54445,5.38495],[-75.54445,5.38494],[-75.54444,5.38494],[-75.54444,5.38494],[-75.54443,5.38494],[-75.54443,5.38494],[-75.54441,5.38494],[-75.54441,5.38494],[-75.54441,5.38494],[-75.5444,5.38494],[-75.5444,5.38494],[-75.5444,5.38494],[-75.54439,5.38495],[-75.54439,5.38495],[-75.54438,5.38496],[-75.54435,5.38496],[-75.54434,5.38496],[-75.54434,5.38496],[-75.54433,5.38496],[-75.54433,5.38496],[-75.54433,5.38496],[-75.54432,5.38496],[-75.54432,5.38496],[-75.54431,5.38497],[-75.54431,5.38497],[-75.5443,5.38498],[-75.54428,5.38499],[-75.54427,5.38499],[-75.54427,5.38499],[-75.54426,5.38499],[-75.54426,5.38499],[-75.54425,5.385],[-75.54424,5.38501],[-75.54424,5.38501],[-75.54424,5.38501],[-75.54421,5.38505],[-75.54421,5.38505],[-75.54419,5.38505],[-75.54419,5.38505],[-75.54418,5.38505],[-75.54418,5.38505],[-75.54417,5.38505],[-75.54417,5.38505],[-75.54416,5.38506],[-75.54416,5.38506],[-75.54415,5.38507],[-75.54414,5.38507],[-75.54413,5.38507],[-75.54413,5.38507],[-75.54413,5.38507],[-75.54412,5.38508],[-75.54412,5.38508],[-75.54412,5.38508],[-75.54411,5.38509],[-75.5441,5.38509],[-75.54408,5.38512],[-75.54403,5.38516],[-75.54403,5.38516],[-75.54402,5.38516],[-75.54401,5.38518],[-75.54401,5.38518],[-75.544,5.38518],[-75.544,5.38518],[-75.54399,5.38518],[-75.54399,5.38518],[-75.54398,5.38518],[-75.54398,5.38519],[-75.54397,5.3852],[-75.54397,5.3852],[-75.54396,5.3852],[-75.54395,5.38522],[-75.54395,5.38522],[-75.54393,5.38524],[-75.54393,5.38525],[-75.54393,5.38525],[-75.54392,5.38527],[-75.54391,5.38528],[-75.5439,5.38529],[-75.54389,5.3853],[-75.54389,5.3853],[-75.54388,5.3853],[-75.54388,5.3853],[-75.54387,5.3853],[-75.54387,5.3853],[-75.54386,5.38531],[-75.54386,5.38531],[-75.54386,5.38531],[-75.54385,5.38532],[-75.54385,5.38532],[-75.54385,5.38532],[-75.54384,5.38534],[-75.54382,5.38534],[-75.54382,5.38534],[-75.54382,5.38534],[-75.5438,5.38534],[-75.5438,5.38533],[-75.5438,5.38534],[-75.54379,5.38534],[-75.54378,5.38534],[-75.54378,5.38534],[-75.54377,5.38534],[-75.54377,5.38534],[-75.54376,5.38535],[-75.54376,5.38535],[-75.54375,5.38536],[-75.54374,5.38536],[-75.54373,5.38536],[-75.54373,5.38536],[-75.54372,5.38536],[-75.54371,5.38537],[-75.54371,5.38538],[-75.54371,5.38538],[-75.54369,5.3854],[-75.54369,5.3854],[-75.54368,5.38542],[-75.54368,5.38542],[-75.54367,5.38544],[-75.54367,5.38545],[-75.54367,5.38545],[-75.54367,5.38547],[-75.54367,5.38547],[-75.54367,5.38547],[-75.54367,5.38551],[-75.54367,5.38551],[-75.54367,5.38551],[-75.54366,5.38552],[-75.54366,5.38553],[-75.54366,5.38553],[-75.54366,5.38553],[-75.54366,5.38554],[-75.54366,5.38555],[-75.54366,5.38555],[-75.54366,5.38557],[-75.54366,5.38557],[-75.54365,5.38558],[-75.54365,5.38559],[-75.54363,5.3856],[-75.54363,5.38561],[-75.54361,5.38561],[-75.5436,5.38561],[-75.5436,5.38561],[-75.5436,5.38561],[-75.54359,5.38561],[-75.54359,5.38561],[-75.54358,5.38561],[-75.54358,5.38561],[-75.54358,5.38562],[-75.54357,5.38562],[-75.54356,5.38562],[-75.54355,5.38562],[-75.54355,5.38562],[-75.54355,5.38562],[-75.54354,5.38562],[-75.54354,5.38562],[-75.54353,5.38562],[-75.54352,5.38563],[-75.54352,5.38563],[-75.54352,5.38563],[-75.5435,5.38565],[-75.54349,5.38565],[-75.54349,5.38565],[-75.54348,5.38567],[-75.54347,5.38567],[-75.54347,5.38568],[-75.54347,5.38569],[-75.54347,5.38569],[-75.54347,5.38569],[-75.54347,5.3857],[-75.54347,5.38571],[-75.54347,5.38571],[-75.54346,5.38571],[-75.54346,5.38572],[-75.54346,5.38572],[-75.54346,5.38572],[-75.54345,5.38572],[-75.54345,5.38572],[-75.54344,5.38572],[-75.54344,5.38572],[-75.54344,5.38573],[-75.54343,5.38573],[-75.54343,5.38573],[-75.54343,5.38573],[-75.54342,5.38573],[-75.54342,5.38573],[-75.54341,5.38573],[-75.5434,5.38573],[-75.5434,5.38574],[-75.54339,5.38574],[-75.54339,5.38574],[-75.54338,5.38574],[-75.54337,5.38575],[-75.54337,5.38575],[-75.54336,5.38576],[-75.54335,5.38577],[-75.54334,5.38578],[-75.54334,5.38578],[-75.54333,5.3858],[-75.54333,5.3858],[-75.54333,5.3858],[-75.54332,5.38581],[-75.54332,5.38582],[-75.54332,5.38582],[-75.54332,5.38583],[-75.54332,5.38584],[-75.54332,5.38584],[-75.54332,5.38585],[-75.54332,5.38586],[-75.54331,5.38586],[-75.54331,5.38586],[-75.54327,5.38585],[-75.54327,5.38585],[-75.54326,5.38585],[-75.54325,5.38585],[-75.54325,5.38585],[-75.54324,5.38585],[-75.54324,5.38586],[-75.54323,5.38586],[-75.54323,5.38586],[-75.54322,5.38587],[-75.54322,5.38587],[-75.54322,5.38587],[-75.5432,5.3859],[-75.54319,5.3859],[-75.54318,5.3859],[-75.54316,5.3859],[-75.54315,5.3859],[-75.54315,5.38589],[-75.54314,5.38589],[-75.54314,5.38589],[-75.54313,5.3859],[-75.54313,5.3859],[-75.54312,5.3859],[-75.54312,5.3859],[-75.54312,5.38591]]],[[[-75.54928,5.38643],[-75.54928,5.38643],[-75.54929,5.38644],[-75.54929,5.38645],[-75.54929,5.38645],[-75.5493,5.38646],[-75.5493,5.38646],[-75.5493,5.38646],[-75.54931,5.38647],[-75.54932,5.38647],[-75.54932,5.38648],[-75.54932,5.38648],[-75.54932,5.38648],[-75.54932,5.38648],[-75.54932,5.38649],[-75.54932,5.3865],[-75.54932,5.3865],[-75.54933,5.38651],[-75.54933,5.38651],[-75.54933,5.38651],[-75.54934,5.38652],[-75.54934,5.38654],[-75.54934,5.38654],[-75.54934,5.38655],[-75.54934,5.38655],[-75.54934,5.38656],[-75.54934,5.38656],[-75.54935,5.38656],[-75.54935,5.38657],[-75.54935,5.38657],[-75.54935,5.38658],[-75.54936,5.38658],[-75.54936,5.3866],[-75.54936,5.38661],[-75.54936,5.38661],[-75.54937,5.38662],[-75.54937,5.38662],[-75.54938,5.38663],[-75.54938,5.38663],[-75.54938,5.38663],[-75.5494,5.38665],[-75.5494,5.38665],[-75.5494,5.38665],[-75.5494,5.38666],[-75.5494,5.38666],[-75.5494,5.38666],[-75.54941,5.38667],[-75.54941,5.38667],[-75.54941,5.38667],[-75.54942,5.38668],[-75.54942,5.38668],[-75.54942,5.3867],[-75.54942,5.38672],[-75.54942,5.38672],[-75.54942,5.38673],[-75.54942,5.38673],[-75.54943,5.38673],[-75.54943,5.38674],[-75.54943,5.38675],[-75.54944,5.38675],[-75.54944,5.38675],[-75.54946,5.38677],[-75.54946,5.38677],[-75.54946,5.38678],[-75.54947,5.38678],[-75.54947,5.38679],[-75.54947,5.38679],[-75.54947,5.38679],[-75.54948,5.3868],[-75.54948,5.38681],[-75.54948,5.38681],[-75.54948,5.38682],[-75.54948,5.38682],[-75.54948,5.38683],[-75.54948,5.38683],[-75.54948,5.38683],[-75.54949,5.38685],[-75.54949,5.38685],[-75.54949,5.38685],[-75.54951,5.38687],[-75.54951,5.38687],[-75.54952,5.38687],[-75.54952,5.38687],[-75.54953,5.38687],[-75.54953,5.38687],[-75.54954,5.38687],[-75.54954,5.38687],[-75.54954,5.38687],[-75.54955,5.38686],[-75.54955,5.38686],[-75.54955,5.38686],[-75.54955,5.38685],[-75.54955,5.38685],[-75.54955,5.38684],[-75.54955,5.38684],[-75.54955,5.38683],[-75.54955,5.38683],[-75.54954,5.38683],[-75.54953,5.38682],[-75.54953,5.38681],[-75.54953,5.3868],[-75.54953,5.38679],[-75.54953,5.38679],[-75.54953,5.38678],[-75.54953,5.38678],[-75.54953,5.38678],[-75.54953,5.38677],[-75.54952,5.38677],[-75.54951,5.38676],[-75.54951,5.38675],[-75.54951,5.38675],[-75.54951,5.38674],[-75.54951,5.38674],[-75.5495,5.38673],[-75.5495,5.38673],[-75.54949,5.38673],[-75.54948,5.38671],[-75.54948,5.38669],[-75.54948,5.38669],[-75.54947,5.38667],[-75.54947,5.38666],[-75.54947,5.38666],[-75.54947,5.38665],[-75.54946,5.38665],[-75.54946,5.38664],[-75.54946,5.38664],[-75.54945,5.38664],[-75.54945,5.38663],[-75.54945,5.38663],[-75.54945,5.38663],[-75.54945,5.38662],[-75.54945,5.38662],[-75.54944,5.38661],[-75.54944,5.38661],[-75.54944,5.38661],[-75.54942,5.38659],[-75.54942,5.38658],[-75.54942,5.38657],[-75.54942,5.38657],[-75.54941,5.38656],[-75.54941,5.38656],[-75.54941,5.38655],[-75.54941,5.38655],[-75.54939,5.38654],[-75.54939,5.38654],[-75.54939,5.38652],[-75.54939,5.38651],[-75.54939,5.38651],[-75.54939,5.3865],[-75.54939,5.3865],[-75.54939,5.38649],[-75.54938,5.38649],[-75.54938,5.38648],[-75.54938,5.38647],[-75.54938,5.38646],[-75.54938,5.38646],[-75.54938,5.38645],[-75.54938,5.38645],[-75.54938,5.38645],[-75.54938,5.38644],[-75.54937,5.38644],[-75.54937,5.38644],[-75.54937,5.38643],[-75.54936,5.38643],[-75.54936,5.38643],[-75.54936,5.38643],[-75.54935,5.38643],[-75.54935,5.38643],[-75.54935,5.38643],[-75.54934,5.38643],[-75.54934,5.38642],[-75.54934,5.38642],[-75.54934,5.38642],[-75.54934,5.38641],[-75.54934,5.38641],[-75.54934,5.3864],[-75.54933,5.3864],[-75.54933,5.38638],[-75.54933,5.38636],[-75.54933,5.38636],[-75.54933,5.38635],[-75.54932,5.38635],[-75.54932,5.38634],[-75.54932,5.38634],[-75.54931,5.38633],[-75.54931,5.38633],[-75.54931,5.38633],[-75.54927,5.3863],[-75.54927,5.3863],[-75.54927,5.38625],[-75.54927,5.38624],[-75.54927,5.38624],[-75.54927,5.38624],[-75.54927,5.38623],[-75.54928,5.38623],[-75.54928,5.38623],[-75.54928,5.38623],[-75.54928,5.38622],[-75.54928,5.38621],[-75.54928,5.38621],[-75.54929,5.3862],[-75.54929,5.3862],[-75.54929,5.38619],[-75.54928,5.38618],[-75.54928,5.38618],[-75.54928,5.38618],[-75.54928,5.38616],[-75.54928,5.38616],[-75.54928,5.38616],[-75.54927,5.38614],[-75.54927,5.38614],[-75.54926,5.38614],[-75.54924,5.38611],[-75.54924,5.38611],[-75.54923,5.38611],[-75.54923,5.38611],[-75.54923,5.38609],[-75.54923,5.38609],[-75.54923,5.38608],[-75.54923,5.38608],[-75.54923,5.38607],[-75.54923,5.38607],[-75.54923,5.38607],[-75.54922,5.38606],[-75.54922,5.38605],[-75.54921,5.38605],[-75.54919,5.38603],[-75.54918,5.38603],[-75.54918,5.38601],[-75.54917,5.38599],[-75.54917,5.38596],[-75.54917,5.38596],[-75.54917,5.38595],[-75.54917,5.38595],[-75.54917,5.38594],[-75.54916,5.38594],[-75.54916,5.38594],[-75.54916,5.38593],[-75.54915,5.38593],[-75.54915,5.38592],[-75.54915,5.38592],[-75.54911,5.3859],[-75.54911,5.3859],[-75.5491,5.38589],[-75.5491,5.38588],[-75.5491,5.38588],[-75.5491,5.38587],[-75.5491,5.38587],[-75.5491,5.38587],[-75.5491,5.38586],[-75.5491,5.38585],[-75.5491,5.38585],[-75.54909,5.38585],[-75.54909,5.38583],[-75.54909,5.38583],[-75.54909,5.38582],[-75.54908,5.38581],[-75.54908,5.3858],[-75.54907,5.3858],[-75.54907,5.3858],[-75.54907,5.38579],[-75.54907,5.38579],[-75.54907,5.38578],[-75.54908,5.38575],[-75.54908,5.38574],[-75.54908,5.38574],[-75.54908,5.38573],[-75.54908,5.38572],[-75.54908,5.38572],[-75.54908,5.38571],[-75.54908,5.38571],[-75.54908,5.3857],[-75.54907,5.3857],[-75.54907,5.38569],[-75.54907,5.38569],[-75.54906,5.38569],[-75.54906,5.38568],[-75.54905,5.38567],[-75.54905,5.38567],[-75.54904,5.38567],[-75.54904,5.38567],[-75.54903,5.38566],[-75.54902,5.38566],[-75.54902,5.38566],[-75.54902,5.38566],[-75.54897,5.38567],[-75.54897,5.38567],[-75.54897,5.38567],[-75.54895,5.38566],[-75.54895,5.38565],[-75.54895,5.38565],[-75.54895,5.38564],[-75.54895,5.38563],[-75.54895,5.38563],[-75.54894,5.38563],[-75.54894,5.38562],[-75.54894,5.38562],[-75.54893,5.38562],[-75.5489,5.38559],[-75.5489,5.38559],[-75.5489,5.38559],[-75.54891,5.38558],[-75.54891,5.38557],[-75.54892,5.38556],[-75.54892,5.38556],[-75.54892,5.38556],[-75.54894,5.38552],[-75.54894,5.38552],[-75.54894,5.38552],[-75.54895,5.38548],[-75.54895,5.38548],[-75.54895,5.38548],[-75.54895,5.38544],[-75.54895,5.38544],[-75.54895,5.38544],[-75.54894,5.3854],[-75.54894,5.3854],[-75.54894,5.38539],[-75.54893,5.38536],[-75.54893,5.38535],[-75.54893,5.38535],[-75.54892,5.38532],[-75.54892,5.38532],[-75.54892,5.38532],[-75.54891,5.3853],[-75.5489,5.3853],[-75.5489,5.38529],[-75.5489,5.38529],[-75.5489,5.38528],[-75.5489,5.38528],[-75.5489,5.38527],[-75.54889,5.38527],[-75.54889,5.38526],[-75.54889,5.38526],[-75.54889,5.38525],[-75.54888,5.38525],[-75.54888,5.38525],[-75.54887,5.38524],[-75.54887,5.38523],[-75.54887,5.38523],[-75.54888,5.38522],[-75.54888,5.38522],[-75.54888,5.38521],[-75.54888,5.38521],[-75.54888,5.3852],[-75.54888,5.38519],[-75.54888,5.38518],[-75.54888,5.38518],[-75.54888,5.38518],[-75.54888,5.38517],[-75.54888,5.38517],[-75.54887,5.38516],[-75.54887,5.38516],[-75.54887,5.38516],[-75.54885,5.38513],[-75.54884,5.38513],[-75.54884,5.38513],[-75.54884,5.38512],[-75.54885,5.38508],[-75.54885,5.38508],[-75.54885,5.38507],[-75.54884,5.38506],[-75.54884,5.38506],[-75.54884,5.38506],[-75.54884,5.38505],[-75.54884,5.38505],[-75.54884,5.38504],[-75.54884,5.38504],[-75.54884,5.38504],[-75.54884,5.38503],[-75.54884,5.38503],[-75.54884,5.38502],[-75.54884,5.38502],[-75.54884,5.38501],[-75.54884,5.38501],[-75.54884,5.385],[-75.54884,5.385],[-75.54885,5.38499],[-75.54885,5.38498],[-75.54885,5.38498],[-75.54885,5.38498],[-75.54885,5.38496],[-75.54884,5.38496],[-75.54884,5.38496],[-75.54884,5.38495],[-75.54884,5.38495],[-75.54884,5.38494],[-75.54884,5.38493],[-75.54884,5.38493],[-75.54884,5.38493],[-75.54884,5.38492],[-75.54884,5.38491],[-75.54884,5.38491],[-75.54884,5.3849],[-75.54884,5.3849],[-75.54883,5.3849],[-75.54883,5.3849],[-75.54883,5.3849],[-75.54883,5.38489],[-75.54883,5.38488],[-75.54884,5.38485],[-75.54884,5.38485],[-75.54884,5.38485],[-75.54884,5.38483],[-75.54884,5.38483],[-75.54884,5.38483],[-75.54884,5.38481],[-75.54884,5.38481],[-75.54884,5.38481],[-75.54884,5.3848],[-75.54883,5.3848],[-75.54883,5.3848],[-75.54883,5.38479],[-75.54883,5.38479],[-75.54883,5.38478],[-75.54883,5.38478],[-75.54883,5.38477],[-75.54883,5.38477],[-75.54883,5.38477],[-75.54882,5.38476],[-75.54882,5.38476],[-75.54882,5.38476],[-75.54882,5.38474],[-75.54883,5.38472],[-75.54883,5.38472],[-75.54883,5.38472],[-75.54883,5.38471],[-75.54883,5.38471],[-75.54882,5.38469],[-75.54882,5.38469],[-75.54882,5.38469],[-75.54882,5.38469],[-75.54882,5.38468],[-75.54882,5.38468],[-75.54882,5.38467],[-75.54882,5.38467],[-75.54882,5.38467],[-75.54883,5.38466],[-75.54883,5.38465],[-75.54883,5.38465],[-75.54882,5.38463],[-75.54882,5.38463],[-75.54882,5.38462],[-75.54882,5.38462],[-75.54881,5.38461],[-75.54881,5.38461],[-75.54881,5.38461],[-75.5488,5.38461],[-75.5488,5.38461],[-75.54879,5.38461],[-75.54879,5.38461],[-75.54879,5.38461],[-75.54878,5.38461],[-75.54878,5.38461],[-75.54878,5.38462],[-75.54877,5.38462],[-75.54877,5.38463],[-75.54877,5.38463],[-75.54877,5.38463],[-75.54877,5.38464],[-75.54877,5.38465],[-75.54877,5.38466],[-75.54876,5.38466],[-75.54876,5.38467],[-75.54876,5.38467],[-75.54876,5.38467],[-75.54876,5.38468],[-75.54876,5.38468],[-75.54875,5.38469],[-75.54875,5.38469],[-75.54876,5.38469],[-75.54876,5.3847],[-75.54876,5.3847],[-75.54876,5.38471],[-75.54876,5.38471],[-75.54877,5.38471],[-75.54877,5.38472],[-75.54877,5.38472],[-75.54877,5.38472],[-75.54876,5.38475],[-75.54876,5.38476],[-75.54876,5.38476],[-75.54877,5.38477],[-75.54877,5.38477],[-75.54877,5.38478],[-75.54877,5.38479],[-75.54877,5.38479],[-75.54877,5.38479],[-75.54878,5.38479],[-75.54878,5.38479],[-75.54878,5.3848],[-75.54878,5.3848],[-75.54878,5.3848],[-75.54878,5.38481],[-75.54878,5.38481],[-75.54878,5.38482],[-75.54878,5.38482],[-75.54879,5.38482],[-75.54879,5.38483],[-75.54879,5.38483],[-75.54879,5.38483],[-75.54879,5.38484],[-75.54878,5.38487],[-75.54878,5.38487],[-75.54878,5.38489],[-75.54878,5.38489],[-75.54878,5.38489],[-75.54878,5.38491],[-75.54878,5.38491],[-75.54878,5.38491],[-75.54878,5.38492],[-75.54879,5.38493],[-75.54879,5.38493],[-75.54878,5.38493],[-75.54878,5.38493],[-75.54878,5.38494],[-75.54878,5.38495],[-75.54878,5.38495],[-75.54878,5.38495],[-75.54878,5.38496],[-75.54878,5.38496],[-75.54879,5.38497],[-75.54879,5.38497],[-75.54879,5.38497],[-75.54879,5.38498],[-75.54879,5.38498],[-75.54879,5.38498],[-75.54879,5.38498],[-75.54879,5.38498],[-75.54879,5.38499],[-75.54879,5.38499],[-75.54879,5.38499],[-75.54878,5.385],[-75.54878,5.385],[-75.54878,5.38501],[-75.54878,5.38501],[-75.54878,5.38502],[-75.54878,5.38503],[-75.54878,5.38503],[-75.54878,5.38504],[-75.54878,5.38504],[-75.54878,5.38505],[-75.54878,5.38505],[-75.54878,5.38505],[-75.54878,5.38506],[-75.54878,5.38506],[-75.54878,5.38506],[-75.54879,5.38507],[-75.54879,5.38507],[-75.54879,5.38507],[-75.54879,5.38508],[-75.54879,5.38512],[-75.54879,5.38512],[-75.54879,5.38512],[-75.54879,5.38513],[-75.54879,5.38514],[-75.54879,5.38514],[-75.54879,5.38515],[-75.54879,5.38515],[-75.5488,5.38515],[-75.5488,5.38517],[-75.54881,5.38517],[-75.54881,5.38517],[-75.54883,5.38519],[-75.54883,5.38519],[-75.54883,5.38519],[-75.54882,5.38521],[-75.54882,5.38521],[-75.54882,5.38521],[-75.54881,5.38522],[-75.54881,5.38523],[-75.54881,5.38523],[-75.54881,5.38523],[-75.54881,5.38524],[-75.54882,5.38524],[-75.54882,5.38525],[-75.54882,5.38526],[-75.54882,5.38526],[-75.54882,5.38527],[-75.54883,5.38527],[-75.54883,5.38528],[-75.54883,5.38528],[-75.54883,5.38528],[-75.54884,5.38529],[-75.54884,5.38529],[-75.54884,5.3853],[-75.54884,5.3853],[-75.54884,5.3853],[-75.54884,5.38531],[-75.54884,5.38531],[-75.54885,5.38532],[-75.54885,5.38532],[-75.54885,5.38533],[-75.54886,5.38534],[-75.54887,5.38535],[-75.54888,5.38537],[-75.54889,5.38541],[-75.54889,5.38544],[-75.54889,5.38547],[-75.54888,5.3855],[-75.54887,5.38553],[-75.54887,5.38554],[-75.54886,5.38555],[-75.54885,5.38555],[-75.54885,5.38556],[-75.54885,5.38556],[-75.54885,5.38557],[-75.54885,5.38558],[-75.54884,5.38558],[-75.54884,5.38558],[-75.54884,5.38559],[-75.54885,5.38561],[-75.54885,5.38561],[-75.54885,5.38561],[-75.54885,5.38562],[-75.54885,5.38562],[-75.54886,5.38563],[-75.54886,5.38563],[-75.54887,5.38564],[-75.54887,5.38564],[-75.5489,5.38566],[-75.5489,5.38567],[-75.5489,5.38567],[-75.5489,5.38568],[-75.5489,5.38568],[-75.5489,5.38569],[-75.54891,5.38569],[-75.54891,5.38569],[-75.54891,5.3857],[-75.54892,5.3857],[-75.54892,5.3857],[-75.54894,5.38572],[-75.54895,5.38572],[-75.54895,5.38572],[-75.54896,5.38572],[-75.54896,5.38572],[-75.54896,5.38572],[-75.54897,5.38572],[-75.54897,5.38572],[-75.54898,5.38572],[-75.54902,5.38572],[-75.54902,5.38572],[-75.54902,5.38572],[-75.54902,5.38572],[-75.54902,5.38572],[-75.54903,5.38573],[-75.54902,5.38573],[-75.54902,5.38577],[-75.54902,5.38577],[-75.54901,5.38578],[-75.54901,5.38579],[-75.54901,5.38579],[-75.54901,5.3858],[-75.54901,5.38581],[-75.54902,5.38581],[-75.54902,5.38581],[-75.54902,5.38583],[-75.54902,5.38583],[-75.54903,5.38583],[-75.54903,5.38584],[-75.54904,5.38585],[-75.54904,5.38586],[-75.54904,5.38587],[-75.54904,5.38587],[-75.54904,5.38588],[-75.54904,5.38588],[-75.54905,5.38588],[-75.54905,5.38589],[-75.54905,5.3859],[-75.54905,5.3859],[-75.54905,5.38591],[-75.54906,5.38592],[-75.54906,5.38592],[-75.54906,5.38592],[-75.54906,5.38592],[-75.54907,5.38593],[-75.54907,5.38594],[-75.54907,5.38594],[-75.54908,5.38594],[-75.54908,5.38595],[-75.54912,5.38597],[-75.54912,5.38597],[-75.54912,5.38599],[-75.54912,5.386],[-75.54912,5.38603],[-75.54913,5.38603],[-75.54913,5.38603],[-75.54913,5.38605],[-75.54914,5.38606],[-75.54914,5.38606],[-75.54914,5.38606],[-75.54915,5.38607],[-75.54915,5.38607],[-75.54915,5.38608],[-75.54918,5.38609],[-75.54918,5.3861],[-75.54918,5.38611],[-75.54918,5.38612],[-75.54918,5.38612],[-75.54918,5.38613],[-75.54918,5.38613],[-75.54919,5.38613],[-75.54919,5.38614],[-75.54919,5.38614],[-75.54919,5.38614],[-75.5492,5.38615],[-75.5492,5.38615],[-75.54923,5.38618],[-75.54923,5.38618],[-75.54923,5.38619],[-75.54923,5.3862],[-75.54923,5.3862],[-75.54923,5.3862],[-75.54922,5.38621],[-75.54922,5.38621],[-75.54922,5.38622],[-75.54922,5.38622],[-75.54921,5.38623],[-75.54921,5.38624],[-75.54921,5.38624],[-75.54921,5.38624],[-75.54921,5.38625],[-75.54921,5.38625],[-75.54921,5.38629],[-75.54921,5.3863],[-75.5492,5.3863],[-75.5492,5.3863],[-75.5492,5.3863],[-75.54917,5.3863],[-75.54917,5.3863],[-75.54917,5.38629],[-75.54917,5.38629],[-75.54916,5.38629],[-75.54916,5.38629],[-75.54916,5.38629],[-75.54915,5.38628],[-75.54914,5.38628],[-75.54914,5.38628],[-75.54912,5.38628],[-75.54912,5.38628],[-75.54911,5.38628],[-75.54909,5.38628],[-75.54909,5.38628],[-75.54908,5.38628],[-75.54908,5.38629],[-75.54907,5.38629],[-75.54907,5.38629],[-75.54907,5.38629],[-75.54907,5.38629],[-75.54906,5.38629],[-75.54906,5.38629],[-75.54906,5.38629],[-75.54906,5.38628],[-75.54905,5.38628],[-75.54905,5.38628],[-75.54904,5.38628],[-75.54904,5.38628],[-75.54903,5.38627],[-75.54903,5.38627],[-75.54903,5.38626],[-75.54902,5.38626],[-75.54902,5.38626],[-75.54901,5.38625],[-75.549,5.38625],[-75.549,5.38625],[-75.549,5.38625],[-75.54898,5.38624],[-75.54898,5.38624],[-75.54895,5.38624],[-75.54894,5.38624],[-75.54894,5.38624],[-75.54893,5.38624],[-75.54892,5.38624],[-75.54892,5.38624],[-75.54891,5.38624],[-75.54891,5.38624],[-75.5489,5.38624],[-75.54889,5.38625],[-75.54889,5.38625],[-75.54887,5.38625],[-75.54886,5.38624],[-75.54885,5.38624],[-75.54885,5.38624],[-75.54884,5.38624],[-75.54884,5.38624],[-75.54884,5.38624],[-75.54882,5.38624],[-75.54882,5.38624],[-75.54882,5.38624],[-75.54881,5.38623],[-75.54881,5.38623],[-75.5488,5.38623],[-75.5488,5.38623],[-75.54879,5.38623],[-75.54878,5.38622],[-75.54878,5.38622],[-75.54874,5.38623],[-75.54874,5.38623],[-75.54874,5.38623],[-75.54872,5.38621],[-75.54872,5.38621],[-75.54872,5.38621],[-75.54871,5.3862],[-75.5487,5.3862],[-75.5487,5.3862],[-75.5487,5.3862],[-75.54869,5.38619],[-75.54868,5.38619],[-75.54868,5.38619],[-75.54866,5.3862],[-75.54866,5.3862],[-75.54866,5.38619],[-75.54865,5.38618],[-75.54864,5.38618],[-75.54864,5.38618],[-75.54864,5.38618],[-75.54863,5.38618],[-75.54862,5.38618],[-75.54862,5.38617],[-75.54861,5.38618],[-75.5486,5.38618],[-75.54859,5.38618],[-75.54859,5.38617],[-75.54858,5.38617],[-75.54858,5.38617],[-75.54858,5.38617],[-75.54857,5.38616],[-75.54857,5.38616],[-75.54857,5.38616],[-75.54855,5.38614],[-75.54855,5.38614],[-75.54855,5.38614],[-75.54854,5.38613],[-75.54853,5.38613],[-75.54853,5.38613],[-75.54852,5.38613],[-75.54852,5.38613],[-75.5485,5.3861],[-75.54849,5.3861],[-75.54849,5.3861],[-75.54848,5.38609],[-75.54848,5.38609],[-75.54847,5.38609],[-75.54847,5.38609],[-75.54847,5.38609],[-75.54846,5.38609],[-75.54846,5.38609],[-75.54845,5.38608],[-75.54845,5.38606],[-75.54845,5.38605],[-75.54845,5.38605],[-75.54844,5.38604],[-75.54844,5.38604],[-75.54844,5.38604],[-75.54843,5.38603],[-75.54843,5.38603],[-75.54843,5.38602],[-75.54841,5.386],[-75.54841,5.386],[-75.5484,5.386],[-75.54838,5.38598],[-75.54838,5.38598],[-75.54832,5.38594],[-75.5483,5.38593],[-75.54829,5.38592],[-75.54828,5.38591],[-75.54828,5.3859],[-75.54828,5.3859],[-75.54828,5.38589],[-75.54828,5.38588],[-75.54828,5.38588],[-75.54828,5.38587],[-75.54828,5.38587],[-75.54828,5.38587],[-75.54827,5.38586],[-75.54827,5.38586],[-75.54827,5.38586],[-75.54827,5.38585],[-75.54827,5.38585],[-75.54827,5.38584],[-75.54827,5.38584],[-75.54826,5.38583],[-75.54826,5.38583],[-75.54825,5.38583],[-75.54823,5.38581],[-75.54823,5.38581],[-75.54823,5.38581],[-75.54823,5.38576],[-75.54823,5.38576],[-75.54823,5.38576],[-75.54823,5.38575],[-75.54823,5.38575],[-75.54823,5.38574],[-75.54823,5.38574],[-75.54823,5.38573],[-75.54823,5.38573],[-75.54822,5.38572],[-75.54822,5.38571],[-75.54821,5.38571],[-75.54819,5.38569],[-75.54819,5.38569],[-75.54818,5.38567],[-75.54818,5.38566],[-75.54818,5.38564],[-75.54819,5.38563],[-75.54819,5.38563],[-75.54821,5.38562],[-75.54821,5.38561],[-75.54822,5.3856],[-75.54822,5.3856],[-75.54822,5.3856],[-75.54823,5.38559],[-75.54823,5.38558],[-75.54823,5.38558],[-75.54823,5.38557],[-75.54823,5.38557],[-75.54823,5.38556],[-75.54824,5.38554],[-75.54824,5.38553],[-75.54824,5.38553],[-75.54823,5.3855],[-75.54823,5.3855],[-75.54823,5.38548],[-75.54822,5.38548],[-75.54822,5.38547],[-75.54822,5.38547],[-75.54821,5.38546],[-75.54821,5.38545],[-75.5482,5.38545],[-75.5482,5.38545],[-75.54818,5.38544],[-75.54818,5.38543],[-75.54818,5.38542],[-75.54818,5.38542],[-75.54818,5.38542],[-75.54818,5.38541],[-75.54817,5.3854],[-75.54817,5.3854],[-75.54817,5.3854],[-75.54816,5.3854],[-75.54814,5.38538],[-75.54814,5.38538],[-75.54814,5.38537],[-75.54814,5.38535],[-75.54814,5.38535],[-75.54814,5.38534],[-75.54814,5.38534],[-75.54813,5.38532],[-75.54813,5.38531],[-75.54813,5.38531],[-75.54813,5.38531],[-75.54814,5.38529],[-75.54815,5.38529],[-75.54815,5.38529],[-75.54815,5.38528],[-75.54815,5.38528],[-75.54816,5.38528],[-75.54816,5.38525],[-75.54816,5.38525],[-75.54817,5.38525],[-75.54817,5.38522],[-75.54817,5.38522],[-75.54817,5.3852],[-75.54817,5.38519],[-75.54817,5.38519],[-75.54816,5.38517],[-75.54816,5.38517],[-75.54816,5.38517],[-75.54816,5.38516],[-75.54815,5.38516],[-75.54815,5.38515],[-75.54815,5.38514],[-75.54815,5.38514],[-75.54815,5.38513],[-75.54815,5.38513],[-75.54815,5.38512],[-75.54815,5.38512],[-75.54814,5.38511],[-75.54814,5.38511],[-75.54814,5.38511],[-75.54815,5.3851],[-75.54815,5.3851],[-75.54815,5.38509],[-75.54815,5.38509],[-75.54815,5.38508],[-75.54815,5.38508],[-75.54815,5.38507],[-75.54815,5.38506],[-75.54815,5.38506],[-75.54815,5.38506],[-75.54815,5.38505],[-75.54815,5.38504],[-75.54814,5.38504],[-75.54814,5.38503],[-75.54814,5.38503],[-75.54813,5.38503],[-75.54812,5.38502],[-75.54812,5.38502],[-75.54812,5.38501],[-75.54811,5.38501],[-75.5481,5.385],[-75.5481,5.385],[-75.54809,5.385],[-75.54809,5.385],[-75.54809,5.385],[-75.54808,5.38501],[-75.54808,5.38501],[-75.54807,5.38501],[-75.54807,5.38501],[-75.54807,5.38502],[-75.54807,5.38502],[-75.54807,5.38503],[-75.54807,5.38503],[-75.54807,5.38504],[-75.54807,5.38504],[-75.54807,5.38504],[-75.54807,5.38505],[-75.54808,5.38505],[-75.54808,5.38505],[-75.54809,5.38506],[-75.54809,5.38506],[-75.5481,5.38507],[-75.5481,5.38507],[-75.5481,5.38507],[-75.54809,5.38508],[-75.54809,5.38509],[-75.54809,5.38509],[-75.54809,5.38509],[-75.54809,5.3851],[-75.54809,5.38511],[-75.54809,5.38511],[-75.54809,5.38512],[-75.54809,5.38513],[-75.54809,5.38513],[-75.54809,5.38514],[-75.5481,5.38514],[-75.5481,5.38516],[-75.5481,5.38516],[-75.5481,5.38517],[-75.5481,5.38517],[-75.5481,5.38518],[-75.5481,5.38518],[-75.5481,5.38518],[-75.5481,5.38519],[-75.54811,5.38519],[-75.54812,5.3852],[-75.54812,5.3852],[-75.54812,5.38522],[-75.54811,5.38524],[-75.54811,5.38525],[-75.5481,5.38525],[-75.54809,5.38527],[-75.54809,5.38527],[-75.54809,5.38527],[-75.54808,5.38528],[-75.54808,5.38529],[-75.54808,5.38529],[-75.54808,5.38529],[-75.54807,5.38531],[-75.54807,5.38531],[-75.54807,5.38532],[-75.54808,5.38534],[-75.54808,5.38534],[-75.54808,5.38535],[-75.54809,5.38536],[-75.54809,5.38538],[-75.54809,5.38538],[-75.54809,5.38539],[-75.54809,5.3854],[-75.54809,5.3854],[-75.54809,5.38541],[-75.5481,5.38541],[-75.5481,5.38542],[-75.54811,5.38542],[-75.54811,5.38542],[-75.54813,5.38544],[-75.54813,5.38545],[-75.54813,5.38545],[-75.54813,5.38545],[-75.54813,5.38546],[-75.54813,5.38546],[-75.54813,5.38547],[-75.54814,5.38547],[-75.54814,5.38548],[-75.54814,5.38548],[-75.54815,5.38548],[-75.54817,5.38549],[-75.54817,5.3855],[-75.54817,5.3855],[-75.54818,5.38551],[-75.54818,5.38554],[-75.54818,5.38556],[-75.54818,5.38557],[-75.54818,5.38557],[-75.54817,5.38558],[-75.54815,5.38559],[-75.54815,5.3856],[-75.54815,5.3856],[-75.54814,5.38561],[-75.54814,5.38561],[-75.54814,5.38561],[-75.54813,5.38563],[-75.54813,5.38563],[-75.54813,5.38564],[-75.54813,5.38566],[-75.54813,5.38566],[-75.54813,5.38566],[-75.54813,5.38568],[-75.54813,5.38568],[-75.54813,5.38569],[-75.54814,5.38571],[-75.54814,5.38571],[-75.54814,5.38571],[-75.54815,5.38572],[-75.54815,5.38573],[-75.54815,5.38573],[-75.54817,5.38575],[-75.54818,5.38576],[-75.54818,5.38576],[-75.54818,5.38576],[-75.54818,5.38581],[-75.54818,5.38581],[-75.54818,5.38581],[-75.54818,5.38582],[-75.54818,5.38583],[-75.54818,5.38583],[-75.54818,5.38584],[-75.54818,5.38584],[-75.54819,5.38584],[-75.54819,5.38584],[-75.5482,5.38585],[-75.5482,5.38585],[-75.5482,5.38586],[-75.54822,5.38587],[-75.54822,5.38588],[-75.54822,5.38588],[-75.54822,5.38589],[-75.54822,5.38589],[-75.54822,5.38589],[-75.54823,5.38589],[-75.54823,5.3859],[-75.54823,5.3859],[-75.54823,5.38591],[-75.54823,5.38592],[-75.54823,5.38592],[-75.54823,5.38593],[-75.54824,5.38594],[-75.54824,5.38594],[-75.54824,5.38595],[-75.54825,5.38595],[-75.54826,5.38596],[-75.54826,5.38597],[-75.54829,5.38599],[-75.54829,5.38599],[-75.54835,5.38603],[-75.54837,5.38604],[-75.54839,5.38606],[-75.54839,5.38607],[-75.5484,5.38607],[-75.5484,5.3861],[-75.54841,5.3861],[-75.54841,5.38611],[-75.54842,5.38612],[-75.54842,5.38613],[-75.54842,5.38613],[-75.54843,5.38613],[-75.54843,5.38614],[-75.54844,5.38614],[-75.54844,5.38614],[-75.54845,5.38614],[-75.54845,5.38614],[-75.54846,5.38614],[-75.54848,5.38617],[-75.54848,5.38617],[-75.54848,5.38617],[-75.54849,5.38618],[-75.54849,5.38618],[-75.54849,5.38618],[-75.5485,5.38618],[-75.5485,5.38618],[-75.54851,5.38619],[-75.54851,5.38619],[-75.54852,5.38619],[-75.54853,5.38619],[-75.54854,5.38621],[-75.54854,5.38621],[-75.54854,5.38621],[-75.54854,5.38622],[-75.54855,5.38622],[-75.54855,5.38622],[-75.54856,5.38623],[-75.54856,5.38623],[-75.54857,5.38623],[-75.54857,5.38623],[-75.54857,5.38623],[-75.54858,5.38623],[-75.54858,5.38623],[-75.54859,5.38623],[-75.54859,5.38623],[-75.5486,5.38623],[-75.54862,5.38623],[-75.54862,5.38624],[-75.54863,5.38624],[-75.54863,5.38624],[-75.54863,5.38624],[-75.54865,5.38625],[-75.54865,5.38625],[-75.54865,5.38625],[-75.54866,5.38625],[-75.54866,5.38625],[-75.54867,5.38625],[-75.54868,5.38625],[-75.54869,5.38626],[-75.5487,5.38626],[-75.5487,5.38627],[-75.54871,5.38627],[-75.54871,5.38628],[-75.54871,5.38628],[-75.54872,5.38628],[-75.54873,5.38628],[-75.54873,5.38628],[-75.54874,5.38628],[-75.54874,5.38628],[-75.54874,5.38628],[-75.54878,5.38628],[-75.54879,5.38628],[-75.54879,5.38628],[-75.54879,5.38629],[-75.54879,5.38629],[-75.54881,5.38629],[-75.54881,5.38629],[-75.54881,5.38629],[-75.54882,5.38629],[-75.54884,5.38629],[-75.54884,5.38629],[-75.54886,5.3863],[-75.54886,5.3863],[-75.54886,5.3863],[-75.54889,5.38631],[-75.54889,5.38631],[-75.54889,5.38631],[-75.54891,5.3863],[-75.54891,5.3863],[-75.54892,5.3863],[-75.54892,5.3863],[-75.54893,5.38629],[-75.54893,5.38629],[-75.54894,5.38629],[-75.54897,5.3863],[-75.54898,5.3863],[-75.54899,5.3863],[-75.54899,5.3863],[-75.549,5.38632],[-75.549,5.38632],[-75.54901,5.38632],[-75.54901,5.38633],[-75.54902,5.38633],[-75.54902,5.38633],[-75.54902,5.38633],[-75.54903,5.38633],[-75.54903,5.38634],[-75.54903,5.38634],[-75.54904,5.38634],[-75.54904,5.38634],[-75.54904,5.38634],[-75.54905,5.38634],[-75.54905,5.38634],[-75.54906,5.38634],[-75.54906,5.38634],[-75.54906,5.38635],[-75.54907,5.38635],[-75.54907,5.38635],[-75.54908,5.38635],[-75.54908,5.38635],[-75.54909,5.38634],[-75.54909,5.38634],[-75.54909,5.38634],[-75.5491,5.38634],[-75.5491,5.38633],[-75.5491,5.38633],[-75.54912,5.38633],[-75.54913,5.38633],[-75.54913,5.38633],[-75.54913,5.38634],[-75.54914,5.38634],[-75.54914,5.38634],[-75.54914,5.38634],[-75.54915,5.38635],[-75.54915,5.38635],[-75.54916,5.38635],[-75.54916,5.38635],[-75.54917,5.38635],[-75.54917,5.38635],[-75.5492,5.38635],[-75.54921,5.38635],[-75.54921,5.38635],[-75.54921,5.38635],[-75.54922,5.38635],[-75.54922,5.38635],[-75.54923,5.38634],[-75.54923,5.38634],[-75.54924,5.38635],[-75.54927,5.38637],[-75.54927,5.38639],[-75.54927,5.38639],[-75.54927,5.38639],[-75.54927,5.3864],[-75.54928,5.38641],[-75.54928,5.38642],[-75.54928,5.38643]]],[[[-75.5449,5.3887],[-75.5449,5.3887],[-75.5449,5.3887],[-75.54491,5.38871],[-75.54492,5.38871],[-75.54492,5.38871],[-75.54493,5.38872],[-75.54493,5.38872],[-75.54494,5.38872],[-75.54495,5.38872],[-75.54495,5.38872],[-75.54496,5.38872],[-75.54497,5.38872],[-75.54498,5.38872],[-75.54498,5.38871],[-75.54498,5.38871],[-75.54499,5.38871],[-75.54499,5.38871],[-75.54499,5.3887],[-75.545,5.3887],[-75.545,5.38869],[-75.545,5.38869],[-75.545,5.38868],[-75.545,5.38868],[-75.54499,5.38868],[-75.54499,5.38867],[-75.54499,5.38867],[-75.54498,5.38867],[-75.54498,5.38866],[-75.54498,5.38866],[-75.54497,5.38866],[-75.54497,5.38866],[-75.54495,5.38866],[-75.54494,5.38866],[-75.54493,5.38866],[-75.54492,5.38866],[-75.54491,5.38865],[-75.54491,5.38865],[-75.54491,5.38865],[-75.5449,5.38864],[-75.5449,5.38864],[-75.54489,5.38864],[-75.54487,5.38863],[-75.54487,5.38863],[-75.54487,5.38863],[-75.54486,5.38863],[-75.54484,5.38863],[-75.54483,5.38862],[-75.54482,5.38862],[-75.5448,5.38859],[-75.5448,5.38859],[-75.5448,5.38859],[-75.54478,5.38858],[-75.54478,5.38857],[-75.54478,5.38857],[-75.54474,5.38854],[-75.54473,5.38853],[-75.54473,5.38853],[-75.54473,5.38853],[-75.54473,5.38851],[-75.54473,5.38851],[-75.54473,5.3885],[-75.54473,5.3885],[-75.54473,5.38849],[-75.54473,5.38849],[-75.54473,5.38848],[-75.54472,5.38848],[-75.54472,5.38847],[-75.54472,5.38847],[-75.54471,5.38846],[-75.5447,5.38846],[-75.5447,5.38846],[-75.54469,5.38845],[-75.54468,5.38845],[-75.54468,5.38845],[-75.54465,5.38845],[-75.54465,5.38845],[-75.54465,5.38844],[-75.54464,5.38844],[-75.54464,5.38844],[-75.54463,5.38844],[-75.54463,5.38844],[-75.54463,5.38844],[-75.54462,5.38844],[-75.54462,5.38844],[-75.54462,5.38843],[-75.54462,5.38843],[-75.54461,5.38843],[-75.54461,5.38843],[-75.5446,5.38843],[-75.5446,5.38843],[-75.54459,5.38842],[-75.54459,5.38841],[-75.54459,5.38841],[-75.54457,5.3884],[-75.54457,5.3884],[-75.54457,5.3884],[-75.54453,5.38836],[-75.54452,5.38836],[-75.54452,5.38835],[-75.54452,5.38835],[-75.54452,5.38834],[-75.54452,5.3883],[-75.54452,5.3883],[-75.54452,5.38829],[-75.54452,5.38828],[-75.54452,5.38828],[-75.54452,5.38828],[-75.54452,5.38827],[-75.54451,5.38827],[-75.54451,5.38826],[-75.54451,5.38825],[-75.54451,5.38825],[-75.54451,5.38825],[-75.54451,5.38821],[-75.54451,5.38821],[-75.54451,5.3882],[-75.54451,5.38819],[-75.54451,5.38819],[-75.5445,5.38819],[-75.5445,5.38818],[-75.5445,5.38818],[-75.5445,5.38817],[-75.54449,5.38817],[-75.54449,5.38817],[-75.54449,5.38817],[-75.54449,5.38816],[-75.5445,5.38811],[-75.54451,5.38811],[-75.54451,5.3881],[-75.5445,5.38809],[-75.5445,5.38809],[-75.5445,5.38808],[-75.5445,5.38808],[-75.5445,5.38807],[-75.54449,5.38806],[-75.54449,5.38806],[-75.54448,5.38805],[-75.54449,5.38803],[-75.54449,5.38803],[-75.54449,5.38802],[-75.54449,5.38801],[-75.54448,5.38801],[-75.54448,5.38801],[-75.54448,5.388],[-75.54447,5.38799],[-75.54447,5.38799],[-75.54448,5.38797],[-75.54448,5.38797],[-75.54448,5.38797],[-75.54448,5.38797],[-75.54448,5.38797],[-75.54448,5.38797],[-75.5445,5.38797],[-75.54451,5.38798],[-75.54451,5.38798],[-75.54451,5.38798],[-75.54451,5.38798],[-75.54451,5.38798],[-75.54451,5.38798],[-75.54452,5.38798],[-75.54452,5.38798],[-75.54452,5.38799],[-75.54452,5.38799],[-75.54452,5.38799],[-75.54453,5.38799],[-75.54453,5.38799],[-75.54453,5.38799],[-75.54453,5.38799],[-75.54453,5.38799],[-75.54454,5.38799],[-75.54454,5.38799],[-75.54454,5.38799],[-75.54454,5.38799],[-75.54454,5.38799],[-75.54454,5.38799],[-75.54455,5.38799],[-75.54455,5.38799],[-75.54455,5.38799],[-75.54455,5.38799],[-75.54456,5.38799],[-75.54456,5.38799],[-75.54457,5.388],[-75.54457,5.388],[-75.54457,5.388],[-75.54457,5.388],[-75.54457,5.388],[-75.54457,5.388],[-75.54457,5.388],[-75.54458,5.388],[-75.54458,5.388],[-75.54458,5.388],[-75.54459,5.388],[-75.54459,5.388],[-75.54463,5.388],[-75.54463,5.388],[-75.54463,5.388],[-75.54464,5.38801],[-75.54466,5.38804],[-75.54466,5.38804],[-75.54467,5.38804],[-75.54467,5.38804],[-75.54467,5.38804],[-75.54467,5.38805],[-75.54467,5.38805],[-75.54468,5.38805],[-75.54468,5.38805],[-75.54468,5.38805],[-75.54469,5.38805],[-75.54469,5.38805],[-75.54469,5.38805],[-75.54469,5.38806],[-75.54469,5.38806],[-75.54469,5.38806],[-75.54471,5.38806],[-75.54471,5.38806],[-75.54472,5.38806],[-75.54472,5.38806],[-75.54472,5.38806],[-75.54472,5.38806],[-75.54472,5.38806],[-75.54472,5.38806],[-75.54473,5.38806],[-75.54473,5.38807],[-75.54473,5.38807],[-75.54473,5.38807],[-75.54473,5.38807],[-75.54473,5.38807],[-75.54473,5.38807],[-75.54474,5.38807],[-75.54474,5.38807],[-75.54474,5.38808],[-75.54474,5.38808],[-75.54474,5.38808],[-75.54475,5.38808],[-75.54476,5.38809],[-75.54476,5.38809],[-75.54476,5.38809],[-75.54476,5.38809],[-75.54476,5.38809],[-75.54476,5.3881],[-75.54476,5.3881],[-75.54476,5.3881],[-75.54476,5.3881],[-75.54476,5.3881],[-75.54476,5.38811],[-75.54476,5.38811],[-75.54476,5.38811],[-75.54476,5.38811],[-75.54477,5.38811],[-75.54477,5.38812],[-75.54477,5.38813],[-75.54477,5.38813],[-75.54477,5.38813],[-75.54477,5.38814],[-75.54477,5.38814],[-75.54477,5.38814],[-75.54477,5.38814],[-75.54478,5.38815],[-75.54478,5.38815],[-75.54478,5.38815],[-75.54478,5.38815],[-75.54478,5.38815],[-75.54478,5.38815],[-75.54478,5.38816],[-75.54478,5.38816],[-75.54479,5.38816],[-75.54479,5.38816],[-75.54479,5.38816],[-75.54479,5.38817],[-75.54479,5.38817],[-75.54479,5.38817],[-75.5448,5.38817],[-75.5448,5.38817],[-75.5448,5.38817],[-75.5448,5.38817],[-75.5448,5.38817],[-75.54481,5.38817],[-75.54481,5.38817],[-75.54481,5.38817],[-75.54481,5.38817],[-75.54481,5.38817],[-75.54481,5.38817],[-75.54482,5.38817],[-75.54483,5.38818],[-75.54483,5.38818],[-75.54483,5.38818],[-75.54484,5.38818],[-75.54484,5.38818],[-75.54484,5.38818],[-75.54484,5.38819],[-75.54484,5.38819],[-75.54484,5.38819],[-75.54484,5.38819],[-75.54485,5.38819],[-75.54485,5.38819],[-75.54486,5.38819],[-75.54486,5.38819],[-75.54488,5.38819],[-75.54491,5.3882],[-75.54491,5.3882],[-75.54491,5.3882],[-75.54491,5.3882],[-75.54494,5.38821],[-75.54494,5.38821],[-75.54494,5.38821],[-75.54495,5.38821],[-75.54495,5.38821],[-75.54495,5.38821],[-75.54496,5.38821],[-75.54496,5.38821],[-75.54496,5.38821],[-75.54496,5.38821],[-75.54496,5.38821],[-75.54497,5.38821],[-75.54497,5.38821],[-75.54497,5.38821],[-75.54498,5.38821],[-75.54498,5.38821],[-75.54498,5.38821],[-75.54498,5.38821],[-75.54498,5.3882],[-75.54498,5.3882],[-75.54498,5.3882],[-75.54499,5.3882],[-75.54499,5.3882],[-75.54499,5.3882],[-75.54501,5.3882],[-75.54501,5.3882],[-75.54501,5.3882],[-75.54503,5.3882],[-75.54503,5.3882],[-75.54503,5.38821],[-75.54503,5.38823],[-75.54503,5.38824],[-75.54503,5.38824],[-75.54503,5.38824],[-75.54504,5.38825],[-75.54504,5.38826],[-75.54504,5.38826],[-75.54505,5.38827],[-75.54505,5.38827],[-75.54506,5.38828],[-75.54507,5.38828],[-75.54507,5.38829],[-75.54507,5.38829],[-75.54508,5.38829],[-75.54509,5.38829],[-75.54509,5.3883],[-75.5451,5.3883],[-75.54511,5.3883],[-75.54512,5.38831],[-75.54515,5.38834],[-75.54523,5.38841],[-75.54523,5.38842],[-75.54527,5.38845],[-75.54529,5.38846],[-75.54529,5.38846],[-75.54529,5.38847],[-75.5453,5.38847],[-75.5453,5.38847],[-75.54531,5.38847],[-75.54532,5.38848],[-75.54532,5.38848],[-75.54534,5.3885],[-75.54534,5.38851],[-75.54534,5.38851],[-75.54535,5.38851],[-75.54535,5.38852],[-75.54535,5.38852],[-75.54536,5.38852],[-75.54536,5.38852],[-75.54537,5.38852],[-75.54537,5.38852],[-75.54537,5.38852],[-75.54539,5.38855],[-75.54539,5.38855],[-75.5454,5.38855],[-75.54541,5.38856],[-75.54541,5.38856],[-75.54541,5.38856],[-75.54542,5.38858],[-75.54542,5.38858],[-75.54542,5.38858],[-75.54543,5.3886],[-75.54543,5.3886],[-75.54543,5.38861],[-75.54545,5.38862],[-75.54545,5.38862],[-75.54545,5.38862],[-75.54546,5.38862],[-75.54547,5.38863],[-75.54547,5.38863],[-75.54548,5.38863],[-75.54548,5.38863],[-75.54549,5.38863],[-75.54549,5.38864],[-75.54549,5.38864],[-75.5455,5.38864],[-75.54551,5.38864],[-75.54551,5.38864],[-75.54551,5.38864],[-75.54553,5.38864],[-75.54553,5.38864],[-75.54553,5.38864],[-75.54554,5.38865],[-75.54555,5.38865],[-75.54555,5.38865],[-75.54555,5.38865],[-75.54557,5.38865],[-75.54557,5.38865],[-75.54558,5.38865],[-75.54559,5.38865],[-75.5456,5.38864],[-75.5456,5.38864],[-75.54561,5.38863],[-75.54562,5.38863],[-75.54562,5.38863],[-75.54562,5.38863],[-75.54562,5.38863],[-75.54563,5.38863],[-75.54564,5.38863],[-75.54564,5.38863],[-75.54565,5.38864],[-75.54566,5.38865],[-75.54566,5.38865],[-75.54566,5.38865],[-75.54567,5.38865],[-75.54568,5.38865],[-75.54568,5.38865],[-75.54569,5.38866],[-75.54569,5.38866],[-75.5457,5.38865],[-75.5457,5.38865],[-75.54571,5.38865],[-75.54571,5.38865],[-75.54571,5.38865],[-75.54572,5.38864],[-75.54572,5.38864],[-75.54572,5.38863],[-75.54572,5.38863],[-75.54572,5.38862],[-75.54572,5.38862],[-75.54571,5.38861],[-75.54571,5.38861],[-75.54571,5.38861],[-75.5457,5.3886],[-75.5457,5.3886],[-75.54569,5.3886],[-75.54569,5.3886],[-75.54567,5.38859],[-75.54567,5.38858],[-75.54567,5.38858],[-75.54566,5.38858],[-75.54565,5.38858],[-75.54565,5.38857],[-75.54565,5.38857],[-75.54563,5.38857],[-75.54563,5.38857],[-75.54562,5.38857],[-75.54561,5.38857],[-75.54561,5.38858],[-75.5456,5.38858],[-75.54559,5.38858],[-75.54559,5.38858],[-75.54559,5.38859],[-75.54558,5.38859],[-75.54558,5.38859],[-75.54557,5.3886],[-75.54556,5.38859],[-75.54556,5.38859],[-75.54556,5.38859],[-75.54555,5.38859],[-75.54555,5.38859],[-75.54555,5.38858],[-75.54554,5.38858],[-75.54553,5.38858],[-75.54553,5.38858],[-75.54553,5.38858],[-75.54551,5.38858],[-75.5455,5.38858],[-75.5455,5.38858],[-75.5455,5.38858],[-75.54549,5.38858],[-75.54549,5.38857],[-75.54548,5.38857],[-75.54548,5.38857],[-75.54547,5.38857],[-75.54547,5.38856],[-75.54547,5.38855],[-75.54547,5.38854],[-75.54547,5.38854],[-75.54546,5.38853],[-75.54546,5.38853],[-75.54546,5.38853],[-75.54546,5.38852],[-75.54545,5.38852],[-75.54545,5.38852],[-75.54545,5.38852],[-75.54544,5.38852],[-75.54544,5.38851],[-75.54544,5.38851],[-75.54543,5.38851],[-75.54541,5.38848],[-75.54541,5.38848],[-75.54541,5.38848],[-75.5454,5.38847],[-75.5454,5.38847],[-75.5454,5.38847],[-75.54539,5.38847],[-75.54539,5.38847],[-75.54538,5.38847],[-75.54538,5.38847],[-75.54538,5.38847],[-75.54536,5.38845],[-75.54536,5.38844],[-75.54536,5.38844],[-75.54535,5.38843],[-75.54534,5.38843],[-75.54534,5.38843],[-75.54534,5.38843],[-75.54532,5.38842],[-75.54532,5.38842],[-75.54531,5.38841],[-75.54527,5.38838],[-75.54519,5.3883],[-75.54519,5.3883],[-75.54516,5.38827],[-75.54514,5.38825],[-75.54514,5.38825],[-75.54514,5.38825],[-75.54513,5.38824],[-75.54513,5.38824],[-75.54512,5.38824],[-75.54512,5.38824],[-75.5451,5.38824],[-75.5451,5.38824],[-75.54509,5.38824],[-75.54509,5.38823],[-75.54509,5.38823],[-75.54509,5.38821],[-75.54509,5.38821],[-75.54509,5.38821],[-75.54509,5.38821],[-75.54509,5.38821],[-75.54509,5.38821],[-75.54509,5.38822],[-75.54509,5.38822],[-75.54509,5.38822],[-75.5451,5.38822],[-75.5451,5.38822],[-75.5451,5.38822],[-75.54511,5.38822],[-75.54511,5.38823],[-75.54511,5.38823],[-75.54511,5.38823],[-75.54511,5.38823],[-75.54511,5.38823],[-75.54512,5.38823],[-75.54512,5.38823],[-75.54514,5.38823],[-75.54514,5.38823],[-75.54514,5.38823],[-75.54514,5.38823],[-75.54514,5.38823],[-75.54514,5.38823],[-75.54515,5.38823],[-75.54515,5.38822],[-75.54515,5.38822],[-75.54516,5.38822],[-75.54516,5.38822],[-75.54516,5.38822],[-75.54516,5.38822],[-75.54516,5.38822],[-75.54517,5.38821],[-75.54517,5.38821],[-75.54517,5.38821],[-75.54518,5.38819],[-75.54519,5.38819],[-75.54522,5.38819],[-75.54522,5.38819],[-75.54522,5.38819],[-75.54522,5.38819],[-75.54522,5.38819],[-75.54522,5.38818],[-75.54522,5.38818],[-75.54522,5.38818],[-75.54523,5.38818],[-75.54523,5.38818],[-75.54523,5.38818],[-75.54524,5.38818],[-75.54524,5.38818],[-75.54524,5.38817],[-75.54524,5.38817],[-75.54525,5.38817],[-75.54525,5.38817],[-75.54525,5.38817],[-75.54527,5.38814],[-75.54527,5.38814],[-75.54529,5.38814],[-75.54529,5.38814],[-75.54529,5.38814],[-75.54529,5.38814],[-75.5453,5.38814],[-75.5453,5.38814],[-75.5453,5.38813],[-75.5453,5.38813],[-75.5453,5.38813],[-75.5453,5.38813],[-75.54531,5.38813],[-75.54531,5.38813],[-75.54531,5.38813],[-75.54531,5.38813],[-75.54531,5.38812],[-75.54531,5.38812],[-75.54532,5.38812],[-75.54532,5.38811],[-75.54533,5.38811],[-75.54533,5.38811],[-75.54534,5.38811],[-75.54535,5.38811],[-75.54535,5.38811],[-75.54535,5.38811],[-75.54535,5.38811],[-75.54535,5.38811],[-75.54536,5.38811],[-75.54536,5.38811],[-75.54536,5.38811],[-75.54536,5.38811],[-75.54536,5.38811],[-75.54539,5.38811],[-75.5454,5.38812],[-75.54543,5.38813],[-75.54543,5.38813],[-75.54543,5.38813],[-75.54543,5.38813],[-75.54545,5.38813],[-75.54545,5.38813],[-75.54545,5.38813],[-75.54545,5.38813],[-75.54546,5.38813],[-75.54547,5.38813],[-75.54547,5.38813],[-75.54547,5.38813],[-75.54547,5.38813],[-75.5455,5.38813],[-75.5455,5.38813],[-75.54551,5.38813],[-75.54551,5.38814],[-75.54551,5.38814],[-75.54551,5.38814],[-75.54551,5.38814],[-75.54551,5.38814],[-75.54551,5.38814],[-75.54552,5.38814],[-75.54552,5.38814],[-75.54553,5.38814],[-75.54553,5.38814],[-75.54553,5.38814],[-75.54553,5.38814],[-75.54553,5.38814],[-75.54553,5.38814],[-75.54554,5.38814],[-75.54554,5.38814],[-75.54555,5.38814],[-75.54555,5.38814],[-75.54555,5.38814],[-75.54555,5.38814],[-75.54556,5.38814],[-75.54556,5.38814],[-75.54556,5.38814],[-75.54556,5.38814],[-75.54557,5.38813],[-75.54557,5.38813],[-75.54557,5.38813],[-75.54557,5.38813],[-75.54557,5.38813],[-75.54557,5.38813],[-75.54557,5.38813],[-75.54558,5.38811],[-75.54559,5.38811],[-75.54559,5.38811],[-75.54559,5.38811],[-75.54559,5.38811],[-75.54559,5.38811],[-75.5456,5.38811],[-75.5456,5.38811],[-75.5456,5.38811],[-75.5456,5.38811],[-75.5456,5.38811],[-75.54561,5.38811],[-75.54561,5.38811],[-75.54561,5.38811],[-75.54561,5.38811],[-75.54561,5.38811],[-75.54561,5.38811],[-75.54561,5.38811],[-75.54562,5.3881],[-75.54563,5.3881],[-75.54563,5.38809],[-75.54565,5.38809],[-75.54566,5.38809],[-75.54567,5.38809],[-75.54568,5.38809],[-75.54569,5.38809],[-75.5457,5.3881],[-75.54571,5.38811],[-75.54571,5.38811],[-75.54571,5.38811],[-75.54571,5.38811],[-75.54571,5.38811],[-75.54571,5.38811],[-75.54572,5.38811],[-75.54572,5.38811],[-75.54572,5.38811],[-75.54572,5.38811],[-75.54572,5.38811],[-75.54572,5.38811],[-75.54572,5.38811],[-75.54573,5.38811],[-75.54573,5.38812],[-75.54573,5.38812],[-75.54573,5.38812],[-75.54573,5.38812],[-75.54573,5.38812],[-75.54573,5.38812],[-75.54574,5.38812],[-75.54574,5.38812],[-75.54575,5.38812],[-75.54575,5.38812],[-75.54575,5.38812],[-75.54576,5.38813],[-75.54576,5.38813],[-75.54577,5.38813],[-75.54577,5.38813],[-75.54577,5.38813],[-75.54577,5.38813],[-75.54577,5.38813],[-75.54578,5.38813],[-75.54578,5.38813],[-75.54578,5.38813],[-75.54578,5.38812],[-75.54578,5.38812],[-75.54578,5.38812],[-75.54579,5.38812],[-75.54579,5.38812],[-75.54579,5.38812],[-75.54579,5.38812],[-75.54579,5.38812],[-75.54579,5.38812],[-75.54579,5.38811],[-75.54579,5.38811],[-75.5458,5.38811],[-75.5458,5.38811],[-75.5458,5.38811],[-75.5458,5.38811],[-75.5458,5.3881],[-75.5458,5.3881],[-75.5458,5.3881],[-75.5458,5.3881],[-75.5458,5.3881],[-75.5458,5.3881],[-75.5458,5.38809],[-75.5458,5.38809],[-75.5458,5.38809],[-75.5458,5.38809],[-75.5458,5.38809],[-75.54579,5.38809],[-75.54579,5.38808],[-75.54579,5.38808],[-75.54579,5.38808],[-75.54579,5.38808],[-75.54579,5.38808],[-75.54579,5.38808],[-75.54579,5.38808],[-75.54578,5.38808],[-75.54578,5.38808],[-75.54578,5.38807],[-75.54578,5.38807],[-75.54578,5.38807],[-75.54578,5.38807],[-75.54577,5.38807],[-75.54577,5.38807],[-75.54576,5.38807],[-75.54576,5.38807],[-75.54576,5.38807],[-75.54576,5.38807],[-75.54576,5.38807],[-75.54576,5.38807],[-75.54576,5.38806],[-75.54575,5.38806],[-75.54575,5.38806],[-75.54575,5.38806],[-75.54575,5.38806],[-75.54575,5.38806],[-75.54575,5.38806],[-75.54575,5.38806],[-75.54574,5.38806],[-75.54574,5.38806],[-75.54574,5.38806],[-75.54574,5.38806],[-75.54574,5.38806],[-75.54573,5.38806],[-75.54573,5.38806],[-75.54573,5.38805],[-75.54572,5.38805],[-75.54572,5.38805],[-75.54572,5.38805],[-75.54572,5.38804],[-75.54572,5.38804],[-75.5457,5.38804],[-75.5457,5.38804],[-75.5457,5.38804],[-75.5457,5.38804],[-75.54568,5.38803],[-75.54568,5.38803],[-75.54568,5.38803],[-75.54568,5.38803],[-75.54566,5.38803],[-75.54566,5.38803],[-75.54566,5.38803],[-75.54566,5.38803],[-75.54564,5.38804],[-75.54564,5.38804],[-75.54564,5.38804],[-75.54563,5.38804],[-75.54563,5.38804],[-75.54562,5.38804],[-75.54562,5.38804],[-75.54561,5.38804],[-75.54561,5.38804],[-75.5456,5.38805],[-75.5456,5.38805],[-75.5456,5.38805],[-75.5456,5.38805],[-75.5456,5.38805],[-75.54558,5.38806],[-75.54558,5.38806],[-75.54558,5.38806],[-75.54558,5.38806],[-75.54558,5.38806],[-75.54557,5.38806],[-75.54557,5.38806],[-75.54557,5.38806],[-75.54557,5.38806],[-75.54557,5.38806],[-75.54557,5.38806],[-75.54556,5.38806],[-75.54556,5.38807],[-75.54556,5.38807],[-75.54555,5.38807],[-75.54555,5.38807],[-75.54555,5.38807],[-75.54555,5.38807],[-75.54555,5.38807],[-75.54555,5.38807],[-75.54554,5.38809],[-75.54554,5.38809],[-75.54554,5.38809],[-75.54553,5.38809],[-75.54553,5.38808],[-75.54553,5.38808],[-75.54553,5.38808],[-75.54553,5.38808],[-75.54553,5.38808],[-75.54552,5.38808],[-75.54552,5.38808],[-75.54552,5.38808],[-75.54552,5.38808],[-75.54551,5.38807],[-75.54551,5.38807],[-75.54551,5.38807],[-75.54551,5.38807],[-75.5455,5.38807],[-75.5455,5.38807],[-75.5455,5.38807],[-75.5455,5.38807],[-75.54549,5.38807],[-75.54549,5.38807],[-75.54546,5.38808],[-75.54546,5.38808],[-75.54545,5.38808],[-75.54542,5.38806],[-75.54542,5.38806],[-75.54541,5.38806],[-75.54541,5.38806],[-75.54541,5.38806],[-75.5454,5.38806],[-75.54541,5.38805],[-75.54542,5.38805],[-75.54544,5.38805],[-75.54544,5.38805],[-75.54545,5.38805],[-75.54545,5.38805],[-75.54545,5.38805],[-75.54545,5.38805],[-75.54546,5.38805],[-75.54546,5.38805],[-75.54546,5.38805],[-75.54546,5.38805],[-75.54546,5.38805],[-75.54547,5.38804],[-75.54547,5.38804],[-75.54547,5.38804],[-75.54547,5.38804],[-75.54548,5.38804],[-75.54548,5.38804],[-75.54548,5.38804],[-75.54549,5.38803],[-75.54549,5.38803],[-75.54549,5.38803],[-75.54549,5.38803],[-75.5455,5.38801],[-75.5455,5.38801],[-75.5455,5.38801],[-75.54551,5.38801],[-75.54551,5.38801],[-75.54551,5.38801],[-75.54551,5.388],[-75.54551,5.388],[-75.54551,5.388],[-75.54551,5.388],[-75.54551,5.388],[-75.54551,5.388],[-75.54551,5.38799],[-75.54551,5.38799],[-75.54551,5.38799],[-75.54551,5.38799],[-75.54551,5.38799],[-75.54551,5.38799],[-75.54551,5.38798],[-75.54551,5.38798],[-75.5455,5.38798],[-75.5455,5.38798],[-75.5455,5.38798],[-75.5455,5.38798],[-75.5455,5.38798],[-75.5455,5.38797],[-75.5455,5.38797],[-75.5455,5.38797],[-75.54549,5.38797],[-75.54549,5.38797],[-75.54549,5.38797],[-75.54549,5.38797],[-75.54549,5.38797],[-75.54549,5.38797],[-75.54548,5.38797],[-75.54548,5.38797],[-75.54548,5.38797],[-75.54548,5.38797],[-75.54548,5.38797],[-75.54548,5.38797],[-75.54547,5.38797],[-75.54547,5.38797],[-75.54547,5.38797],[-75.54547,5.38797],[-75.54547,5.38797],[-75.54547,5.38797],[-75.54546,5.38798],[-75.54546,5.38798],[-75.54546,5.38798],[-75.54546,5.38798],[-75.54545,5.38799],[-75.54545,5.388],[-75.54544,5.388],[-75.54544,5.388],[-75.54542,5.388],[-75.54542,5.388],[-75.54542,5.388],[-75.54542,5.388],[-75.54541,5.388],[-75.54541,5.388],[-75.54541,5.388],[-75.54541,5.388],[-75.54539,5.388],[-75.54539,5.38801],[-75.54539,5.38801],[-75.54539,5.38801],[-75.54539,5.38801],[-75.54538,5.38801],[-75.54537,5.38802],[-75.54537,5.38802],[-75.54537,5.38802],[-75.54537,5.38802],[-75.54537,5.38802],[-75.54536,5.38803],[-75.54535,5.38804],[-75.54535,5.38804],[-75.54535,5.38804],[-75.54535,5.38805],[-75.54535,5.38805],[-75.54534,5.38806],[-75.54533,5.38806],[-75.54533,5.38806],[-75.54533,5.38806],[-75.54533,5.38806],[-75.54533,5.38806],[-75.54532,5.38806],[-75.54532,5.38806],[-75.54532,5.38806],[-75.54531,5.38806],[-75.54531,5.38806],[-75.54531,5.38806],[-75.5453,5.38806],[-75.5453,5.38806],[-75.5453,5.38806],[-75.5453,5.38806],[-75.5453,5.38806],[-75.54529,5.38807],[-75.54529,5.38807],[-75.54529,5.38807],[-75.54529,5.38807],[-75.54529,5.38807],[-75.54529,5.38807],[-75.54528,5.38807],[-75.54528,5.38808],[-75.54527,5.38808],[-75.54526,5.38808],[-75.54526,5.38808],[-75.54526,5.38808],[-75.54526,5.38808],[-75.54526,5.38808],[-75.54526,5.38808],[-75.54525,5.38809],[-75.54525,5.38809],[-75.54525,5.38809],[-75.54525,5.38809],[-75.54524,5.38809],[-75.54524,5.38809],[-75.54524,5.3881],[-75.54524,5.3881],[-75.54523,5.3881],[-75.54523,5.3881],[-75.54523,5.3881],[-75.54523,5.3881],[-75.54521,5.38813],[-75.5452,5.38813],[-75.54517,5.38814],[-75.54517,5.38814],[-75.54517,5.38814],[-75.54517,5.38814],[-75.54517,5.38814],[-75.54517,5.38814],[-75.54516,5.38814],[-75.54516,5.38814],[-75.54516,5.38814],[-75.54516,5.38814],[-75.54515,5.38815],[-75.54515,5.38815],[-75.54515,5.38815],[-75.54515,5.38815],[-75.54515,5.38815],[-75.54515,5.38815],[-75.54513,5.38817],[-75.54513,5.38817],[-75.54513,5.38817],[-75.54512,5.38816],[-75.54512,5.38816],[-75.54511,5.38816],[-75.54511,5.38816],[-75.54511,5.38815],[-75.54511,5.38815],[-75.54511,5.38815],[-75.5451,5.38815],[-75.5451,5.38815],[-75.5451,5.38815],[-75.5451,5.38814],[-75.5451,5.38814],[-75.54509,5.38814],[-75.54509,5.38814],[-75.54509,5.38814],[-75.54508,5.38814],[-75.54508,5.38814],[-75.54508,5.38814],[-75.54508,5.38814],[-75.54508,5.38814],[-75.54507,5.38814],[-75.54507,5.38814],[-75.54506,5.38814],[-75.54506,5.38814],[-75.54506,5.38814],[-75.54506,5.38814],[-75.54504,5.38815],[-75.54501,5.38814],[-75.545,5.38814],[-75.545,5.38814],[-75.545,5.38814],[-75.54499,5.38814],[-75.54499,5.38814],[-75.54499,5.38814],[-75.54499,5.38814],[-75.54498,5.38814],[-75.54497,5.38814],[-75.54497,5.38814],[-75.54497,5.38815],[-75.54497,5.38815],[-75.54497,5.38815],[-75.54497,5.38815],[-75.54497,5.38815],[-75.54495,5.38815],[-75.54495,5.38816],[-75.54495,5.38816],[-75.54495,5.38816],[-75.54495,5.38816],[-75.54493,5.38815],[-75.5449,5.38814],[-75.5449,5.38814],[-75.5449,5.38814],[-75.54489,5.38814],[-75.54489,5.38814],[-75.54489,5.38814],[-75.54489,5.38814],[-75.54486,5.38814],[-75.54486,5.38814],[-75.54485,5.38813],[-75.54485,5.38813],[-75.54485,5.38812],[-75.54485,5.38812],[-75.54485,5.38812],[-75.54485,5.38812],[-75.54484,5.38812],[-75.54484,5.38812],[-75.54484,5.38812],[-75.54484,5.38812],[-75.54484,5.38812],[-75.54483,5.38812],[-75.54483,5.38812],[-75.54483,5.38812],[-75.54483,5.38812],[-75.54483,5.38812],[-75.54483,5.38812],[-75.54483,5.38812],[-75.54483,5.38811],[-75.54483,5.38811],[-75.54483,5.38811],[-75.54483,5.38811],[-75.54482,5.38811],[-75.54482,5.3881],[-75.54482,5.3881],[-75.54482,5.3881],[-75.54482,5.3881],[-75.54482,5.38809],[-75.54482,5.38809],[-75.54482,5.38809],[-75.54482,5.38809],[-75.54482,5.38809],[-75.54481,5.38808],[-75.54481,5.38807],[-75.54481,5.38807],[-75.54481,5.38807],[-75.54481,5.38807],[-75.54481,5.38807],[-75.54481,5.38807],[-75.54481,5.38806],[-75.54481,5.38806],[-75.54481,5.38806],[-75.54481,5.38806],[-75.5448,5.38806],[-75.5448,5.38806],[-75.5448,5.38805],[-75.5448,5.38805],[-75.5448,5.38805],[-75.5448,5.38805],[-75.5448,5.38805],[-75.5448,5.38805],[-75.54479,5.38805],[-75.54479,5.38804],[-75.54479,5.38804],[-75.54479,5.38804],[-75.54477,5.38803],[-75.54477,5.38803],[-75.54477,5.38802],[-75.54477,5.38802],[-75.54477,5.38802],[-75.54477,5.38802],[-75.54477,5.38801],[-75.54477,5.38801],[-75.54478,5.388],[-75.54479,5.388],[-75.54479,5.388],[-75.54481,5.388],[-75.54481,5.388],[-75.54481,5.388],[-75.54481,5.388],[-75.54482,5.388],[-75.54483,5.388],[-75.54483,5.388],[-75.54483,5.388],[-75.54483,5.388],[-75.54483,5.388],[-75.54483,5.388],[-75.54484,5.38799],[-75.54484,5.38799],[-75.54484,5.38799],[-75.54484,5.38799],[-75.54485,5.38798],[-75.54485,5.38798],[-75.54485,5.38798],[-75.54485,5.38798],[-75.54485,5.38798],[-75.54486,5.38798],[-75.54486,5.38798],[-75.54487,5.38796],[-75.54488,5.38796],[-75.54488,5.38796],[-75.54488,5.38796],[-75.54488,5.38796],[-75.54489,5.38796],[-75.54489,5.38796],[-75.54489,5.38796],[-75.54489,5.38796],[-75.5449,5.38796],[-75.5449,5.38795],[-75.5449,5.38795],[-75.5449,5.38795],[-75.5449,5.38795],[-75.5449,5.38795],[-75.54491,5.38795],[-75.54491,5.38795],[-75.54491,5.38794],[-75.54491,5.38794],[-75.54491,5.38794],[-75.54492,5.38794],[-75.54492,5.38794],[-75.54492,5.38793],[-75.54492,5.38793],[-75.54492,5.38793],[-75.54492,5.38793],[-75.54493,5.38793],[-75.54493,5.38792],[-75.54493,5.38792],[-75.54493,5.38792],[-75.54493,5.38792],[-75.54493,5.38792],[-75.54493,5.38792],[-75.54493,5.38791],[-75.54493,5.38791],[-75.54493,5.38791],[-75.54493,5.38791],[-75.54493,5.38791],[-75.54493,5.38791],[-75.54492,5.3879],[-75.54492,5.3879],[-75.54492,5.3879],[-75.54492,5.3879],[-75.54492,5.3879],[-75.54492,5.3879],[-75.54492,5.3879],[-75.54492,5.38789],[-75.54492,5.38789],[-75.54491,5.38789],[-75.54491,5.38789],[-75.54491,5.38789],[-75.54491,5.38789],[-75.54491,5.38789],[-75.54491,5.38789],[-75.5449,5.38789],[-75.5449,5.38789],[-75.5449,5.38789],[-75.5449,5.38789],[-75.5449,5.38789],[-75.54489,5.38789],[-75.54489,5.38789],[-75.54489,5.38789],[-75.54489,5.38789],[-75.54489,5.38789],[-75.54489,5.38789],[-75.54489,5.38789],[-75.54488,5.38789],[-75.54488,5.3879],[-75.54488,5.3879],[-75.54488,5.3879],[-75.54488,5.3879],[-75.54488,5.3879],[-75.54488,5.3879],[-75.54487,5.3879],[-75.54486,5.3879],[-75.54486,5.3879],[-75.54486,5.3879],[-75.54486,5.3879],[-75.54486,5.3879],[-75.54486,5.3879],[-75.54485,5.3879],[-75.54485,5.38791],[-75.54485,5.38791],[-75.54485,5.38791],[-75.54485,5.38791],[-75.54484,5.38791],[-75.54484,5.38791],[-75.54484,5.38791],[-75.54484,5.38792],[-75.54484,5.38792],[-75.54483,5.38792],[-75.54483,5.38792],[-75.54483,5.38792],[-75.54483,5.38792],[-75.54481,5.38794],[-75.54481,5.38794],[-75.54481,5.38794],[-75.54479,5.38794],[-75.54479,5.38794],[-75.54479,5.38794],[-75.54479,5.38794],[-75.54478,5.38794],[-75.54478,5.38794],[-75.54477,5.38794],[-75.54477,5.38794],[-75.54477,5.38794],[-75.54477,5.38795],[-75.54477,5.38795],[-75.54477,5.38795],[-75.54477,5.38795],[-75.54475,5.38795],[-75.54475,5.38795],[-75.54475,5.38796],[-75.54475,5.38796],[-75.54475,5.38796],[-75.54473,5.38797],[-75.54473,5.38797],[-75.54473,5.38797],[-75.54473,5.38797],[-75.54473,5.38797],[-75.54472,5.38798],[-75.54472,5.38798],[-75.54472,5.38799],[-75.54472,5.38799],[-75.54472,5.38799],[-75.54472,5.38799],[-75.54472,5.38799],[-75.54471,5.388],[-75.54471,5.388],[-75.54471,5.388],[-75.54471,5.388],[-75.54471,5.388],[-75.54471,5.388],[-75.54471,5.388],[-75.54471,5.388],[-75.5447,5.388],[-75.54468,5.38797],[-75.54468,5.38797],[-75.54468,5.38797],[-75.54468,5.38797],[-75.54468,5.38797],[-75.54466,5.38796],[-75.54466,5.38796],[-75.54466,5.38796],[-75.54466,5.38796],[-75.54466,5.38796],[-75.54466,5.38796],[-75.54466,5.38795],[-75.54465,5.38795],[-75.54465,5.38795],[-75.54465,5.38795],[-75.54465,5.38795],[-75.54464,5.38795],[-75.54464,5.38795],[-75.54463,5.38795],[-75.54463,5.38795],[-75.54463,5.38795],[-75.54459,5.38795],[-75.54459,5.38795],[-75.54459,5.38795],[-75.54458,5.38794],[-75.54458,5.38794],[-75.54458,5.38794],[-75.54458,5.38794],[-75.54458,5.38794],[-75.54457,5.38794],[-75.54457,5.38794],[-75.54457,5.38794],[-75.54457,5.38794],[-75.54457,5.38794],[-75.54456,5.38793],[-75.54456,5.38793],[-75.54456,5.38793],[-75.54456,5.38793],[-75.54456,5.38793],[-75.54455,5.38793],[-75.54455,5.38793],[-75.54455,5.38793],[-75.54455,5.38793],[-75.54454,5.38793],[-75.54454,5.38793],[-75.54454,5.38793],[-75.54454,5.38792],[-75.54453,5.38792],[-75.54453,5.38792],[-75.54453,5.38792],[-75.54453,5.38792],[-75.54453,5.38792],[-75.54452,5.38792],[-75.54452,5.38791],[-75.54452,5.38791],[-75.54452,5.38791],[-75.54452,5.38791],[-75.54452,5.38791],[-75.54451,5.38791],[-75.54451,5.38791],[-75.5445,5.38791],[-75.5445,5.38791],[-75.5445,5.38791],[-75.5445,5.38791],[-75.5445,5.38791],[-75.54448,5.38791],[-75.54448,5.38791],[-75.54448,5.38791],[-75.54448,5.3879],[-75.54448,5.3879],[-75.54447,5.3879],[-75.54447,5.3879],[-75.54447,5.3879],[-75.54447,5.3879],[-75.54447,5.3879],[-75.54446,5.3879],[-75.54446,5.3879],[-75.54446,5.3879],[-75.54446,5.3879],[-75.54446,5.3879],[-75.54445,5.38789],[-75.54445,5.38789],[-75.54445,5.38789],[-75.54445,5.38789],[-75.54444,5.38789],[-75.54444,5.38789],[-75.54444,5.38789],[-75.54443,5.3879],[-75.54443,5.3879],[-75.54443,5.3879],[-75.54443,5.3879],[-75.54443,5.3879],[-75.54442,5.3879],[-75.54441,5.3879],[-75.5444,5.3879],[-75.5444,5.3879],[-75.54439,5.38788],[-75.54438,5.38788],[-75.54438,5.38788],[-75.54438,5.38788],[-75.54437,5.38788],[-75.54436,5.38788],[-75.54436,5.38787],[-75.54436,5.38787],[-75.54434,5.38788],[-75.54434,5.38787],[-75.54433,5.38787],[-75.54433,5.38786],[-75.54433,5.38786],[-75.54432,5.38786],[-75.54432,5.38786],[-75.54431,5.38786],[-75.5443,5.38786],[-75.5443,5.38786],[-75.54429,5.38785],[-75.54428,5.38784],[-75.54426,5.3878],[-75.54426,5.3878],[-75.54425,5.38778],[-75.54425,5.38778],[-75.54424,5.38778],[-75.54423,5.38777],[-75.54423,5.38777],[-75.54422,5.38776],[-75.54422,5.38776],[-75.54421,5.38776],[-75.5442,5.38776],[-75.5442,5.38776],[-75.54419,5.38776],[-75.54418,5.38776],[-75.54417,5.38774],[-75.54417,5.38774],[-75.54417,5.38774],[-75.54414,5.38772],[-75.54414,5.38771],[-75.54414,5.38771],[-75.54412,5.3877],[-75.54411,5.3877],[-75.54411,5.38769],[-75.5441,5.38769],[-75.5441,5.38769],[-75.5441,5.38769],[-75.54408,5.38769],[-75.54408,5.38769],[-75.54408,5.38769],[-75.54405,5.38769],[-75.54405,5.38769],[-75.54404,5.38768],[-75.54403,5.38768],[-75.54403,5.38767],[-75.54403,5.38767],[-75.54402,5.38767],[-75.54402,5.38767],[-75.54402,5.38767],[-75.54399,5.38766],[-75.54398,5.38765],[-75.54398,5.38765],[-75.54397,5.38765],[-75.54397,5.38764],[-75.54396,5.38764],[-75.54396,5.38764],[-75.54395,5.38764],[-75.54394,5.38764],[-75.54393,5.38764],[-75.54392,5.38763],[-75.54391,5.38763],[-75.5439,5.38761],[-75.54389,5.38761],[-75.54389,5.38761],[-75.54388,5.3876],[-75.54387,5.3876],[-75.54387,5.3876],[-75.54387,5.3876],[-75.54385,5.3876],[-75.54384,5.38759],[-75.54384,5.38758],[-75.54384,5.38758],[-75.54384,5.38758],[-75.54384,5.38758],[-75.54385,5.38758],[-75.54385,5.38758],[-75.54385,5.38757],[-75.54385,5.38757],[-75.54385,5.38757],[-75.54385,5.38756],[-75.54385,5.38756],[-75.54387,5.38754],[-75.54387,5.38754],[-75.54387,5.38754],[-75.54387,5.38754],[-75.54387,5.38754],[-75.54387,5.38754],[-75.54388,5.38753],[-75.54388,5.38753],[-75.54388,5.38753],[-75.54388,5.38753],[-75.54388,5.38753],[-75.54388,5.38752],[-75.54388,5.38752],[-75.54388,5.38752],[-75.54388,5.3875],[-75.54388,5.3875],[-75.54392,5.38748],[-75.54392,5.38748],[-75.54392,5.38747],[-75.54392,5.38747],[-75.54392,5.38747],[-75.54392,5.38747],[-75.54392,5.38747],[-75.54393,5.38746],[-75.54393,5.38746],[-75.54393,5.38746],[-75.54393,5.38746],[-75.54393,5.38746],[-75.54393,5.38746],[-75.54393,5.38746],[-75.54393,5.38746],[-75.54394,5.38745],[-75.54394,5.38745],[-75.54394,5.38744],[-75.54394,5.38744],[-75.54394,5.38744],[-75.54394,5.38744],[-75.54394,5.38743],[-75.54394,5.38743],[-75.54394,5.38742],[-75.54395,5.38742],[-75.54395,5.38742],[-75.54396,5.38742],[-75.54396,5.38742],[-75.54396,5.38742],[-75.54396,5.38742],[-75.54396,5.38742],[-75.54397,5.38742],[-75.54397,5.38742],[-75.54397,5.38742],[-75.54397,5.38741],[-75.54397,5.38741],[-75.54397,5.38741],[-75.54398,5.38741],[-75.54398,5.38741],[-75.54398,5.38741],[-75.54398,5.38741],[-75.54399,5.38741],[-75.54399,5.38741],[-75.54399,5.38741],[-75.544,5.38741],[-75.544,5.38741],[-75.544,5.38741],[-75.544,5.38741],[-75.544,5.38741],[-75.544,5.38741],[-75.544,5.38741],[-75.54401,5.38741],[-75.54401,5.38741],[-75.54401,5.38741],[-75.54402,5.38741],[-75.54402,5.38741],[-75.54402,5.38741],[-75.54402,5.38741],[-75.54402,5.38741],[-75.54403,5.38741],[-75.54403,5.38741],[-75.54403,5.38741],[-75.54403,5.38741],[-75.54403,5.38741],[-75.54403,5.38741],[-75.54404,5.38741],[-75.54404,5.38741],[-75.54404,5.38741],[-75.54404,5.3874],[-75.54404,5.3874],[-75.54404,5.3874],[-75.54405,5.3874],[-75.54405,5.3874],[-75.54405,5.3874],[-75.54405,5.38739],[-75.54407,5.3874],[-75.54407,5.3874],[-75.54408,5.3874],[-75.54408,5.3874],[-75.54408,5.3874],[-75.54408,5.3874],[-75.54408,5.3874],[-75.54409,5.38739],[-75.54409,5.38739],[-75.54409,5.38739],[-75.5441,5.38739],[-75.5441,5.38739],[-75.5441,5.38739],[-75.5441,5.38739],[-75.5441,5.38739],[-75.5441,5.38739],[-75.5441,5.38739],[-75.54411,5.38738],[-75.54411,5.38738],[-75.54411,5.38738],[-75.54411,5.38738],[-75.54412,5.38738],[-75.54412,5.38738],[-75.54413,5.38736],[-75.54415,5.38734],[-75.54415,5.38734],[-75.54415,5.38734],[-75.54416,5.38734],[-75.54416,5.38734],[-75.54416,5.38734],[-75.54416,5.38734],[-75.54417,5.38734],[-75.54417,5.38734],[-75.54417,5.38734],[-75.54417,5.38734],[-75.54417,5.38734],[-75.54417,5.38734],[-75.54417,5.38734],[-75.54417,5.38734],[-75.54418,5.38734],[-75.54418,5.38734],[-75.54418,5.38735],[-75.54418,5.38735],[-75.54419,5.38735],[-75.54419,5.38735],[-75.54419,5.38735],[-75.5442,5.38735],[-75.5442,5.38735],[-75.5442,5.38735],[-75.5442,5.38735],[-75.5442,5.38735],[-75.5442,5.38735],[-75.54421,5.38735],[-75.54424,5.38734],[-75.54424,5.38734],[-75.54424,5.38734],[-75.54425,5.38735],[-75.54425,5.38735],[-75.54425,5.38735],[-75.54425,5.38735],[-75.54426,5.38735],[-75.54426,5.38735],[-75.54426,5.38735],[-75.54426,5.38735],[-75.54426,5.38735],[-75.54426,5.38735],[-75.54427,5.38735],[-75.54427,5.38735],[-75.54427,5.38735],[-75.54427,5.38735],[-75.54427,5.38735],[-75.54427,5.38735],[-75.54428,5.38734],[-75.54428,5.38734],[-75.54428,5.38734],[-75.54428,5.38734],[-75.54428,5.38734],[-75.54428,5.38734],[-75.54428,5.38734],[-75.54429,5.38734],[-75.54429,5.38733],[-75.54429,5.38733],[-75.54429,5.38733],[-75.54429,5.38733],[-75.54429,5.38733],[-75.54429,5.38733],[-75.54429,5.38732],[-75.54429,5.38732],[-75.54429,5.38732],[-75.54429,5.38732],[-75.54429,5.38732],[-75.54429,5.38732],[-75.54429,5.38731],[-75.54429,5.38731],[-75.54429,5.38731],[-75.54429,5.38731],[-75.54429,5.38731],[-75.54429,5.38731],[-75.54428,5.3873],[-75.54428,5.3873],[-75.54428,5.3873],[-75.54428,5.3873],[-75.54428,5.3873],[-75.54428,5.3873],[-75.54428,5.3873],[-75.54427,5.3873],[-75.54427,5.38729],[-75.54427,5.38729],[-75.54426,5.38729],[-75.54426,5.38729],[-75.54426,5.38729],[-75.54426,5.38729],[-75.54425,5.38729],[-75.54425,5.38729],[-75.54425,5.38729],[-75.54425,5.38729],[-75.54425,5.38729],[-75.54424,5.38729],[-75.54424,5.38729],[-75.54424,5.38729],[-75.54424,5.38729],[-75.54423,5.38729],[-75.5442,5.38729],[-75.5442,5.38729],[-75.5442,5.38729],[-75.5442,5.38729],[-75.54421,5.38727],[-75.54422,5.38725],[-75.54423,5.38723],[-75.54425,5.38722],[-75.54426,5.38722],[-75.54427,5.38721],[-75.54429,5.38721],[-75.5443,5.38721],[-75.5443,5.38721],[-75.5443,5.38721],[-75.5443,5.38721],[-75.54431,5.38721],[-75.54431,5.3872],[-75.54432,5.3872],[-75.54432,5.3872],[-75.54432,5.3872],[-75.54432,5.3872],[-75.54433,5.3872],[-75.54433,5.3872],[-75.54433,5.3872],[-75.54433,5.3872],[-75.54433,5.3872],[-75.54434,5.38719],[-75.54434,5.38719],[-75.54434,5.38719],[-75.54434,5.38719],[-75.54434,5.38719],[-75.54434,5.38719],[-75.54435,5.38718],[-75.54435,5.38718],[-75.54435,5.38718],[-75.54435,5.38717],[-75.54435,5.38717],[-75.54435,5.38717],[-75.54435,5.38717],[-75.54435,5.38717],[-75.54435,5.38716],[-75.54435,5.38716],[-75.54435,5.38716],[-75.54435,5.38716],[-75.54435,5.38716],[-75.54435,5.38715],[-75.54435,5.38715],[-75.54435,5.38714],[-75.54436,5.38713],[-75.54436,5.38713],[-75.54436,5.38713],[-75.54437,5.38713],[-75.54437,5.38713],[-75.54437,5.38712],[-75.54437,5.38712],[-75.54437,5.38712],[-75.54437,5.38712],[-75.54437,5.38711],[-75.54437,5.38711],[-75.54437,5.38711],[-75.54437,5.38711],[-75.54437,5.38711],[-75.54438,5.38711],[-75.54438,5.3871],[-75.54438,5.3871],[-75.54437,5.3871],[-75.54437,5.3871],[-75.54438,5.3871],[-75.54438,5.38709],[-75.54439,5.38709],[-75.54439,5.38709],[-75.5444,5.38708],[-75.54443,5.38708],[-75.54443,5.38708],[-75.54443,5.38708],[-75.54444,5.38708],[-75.54445,5.38708],[-75.54445,5.38707],[-75.54445,5.38707],[-75.54446,5.38707],[-75.54446,5.38707],[-75.54446,5.38706],[-75.54448,5.38705],[-75.54448,5.38705],[-75.54451,5.38704],[-75.54451,5.38704],[-75.54451,5.38704],[-75.54452,5.38703],[-75.54453,5.38702],[-75.54453,5.38702],[-75.54454,5.38701],[-75.54455,5.38701],[-75.54456,5.38701],[-75.54457,5.38701],[-75.54458,5.38701],[-75.54459,5.38702],[-75.54459,5.38702],[-75.5446,5.38703],[-75.5446,5.38703],[-75.54461,5.38703],[-75.54461,5.38703],[-75.54461,5.38703],[-75.54462,5.38704],[-75.54463,5.38704],[-75.54463,5.38704],[-75.54463,5.38704],[-75.54464,5.38704],[-75.54464,5.38703],[-75.54465,5.38703],[-75.54465,5.38703],[-75.54465,5.38702],[-75.54466,5.38702],[-75.54466,5.38702],[-75.54466,5.38701],[-75.54467,5.38701],[-75.54467,5.38701],[-75.54472,5.38702],[-75.54472,5.38702],[-75.54473,5.38702],[-75.54474,5.38702],[-75.54474,5.38702],[-75.54475,5.38702],[-75.54476,5.38702],[-75.54476,5.38701],[-75.54477,5.38701],[-75.54478,5.38701],[-75.54478,5.387],[-75.54478,5.387],[-75.54479,5.38699],[-75.5448,5.38699],[-75.54482,5.38699],[-75.54484,5.387],[-75.54485,5.387],[-75.54485,5.387],[-75.54486,5.387],[-75.54486,5.387],[-75.54487,5.38701],[-75.54487,5.38701],[-75.54487,5.38702],[-75.54489,5.38703],[-75.54489,5.38703],[-75.5449,5.38703],[-75.54491,5.38703],[-75.54491,5.38703],[-75.54491,5.38703],[-75.54494,5.38703],[-75.54498,5.38705],[-75.54499,5.38705],[-75.545,5.38705],[-75.545,5.38705],[-75.545,5.38705],[-75.54503,5.38706],[-75.54503,5.38706],[-75.54504,5.38706],[-75.54504,5.38706],[-75.54505,5.38705],[-75.54505,5.38705],[-75.54506,5.38705],[-75.54506,5.38705],[-75.54506,5.38705],[-75.54507,5.38704],[-75.54507,5.38704],[-75.54508,5.38704],[-75.54508,5.38703],[-75.54511,5.38703],[-75.54511,5.38703],[-75.54511,5.38704],[-75.54512,5.38704],[-75.54512,5.38704],[-75.54512,5.38704],[-75.54513,5.38704],[-75.54513,5.38704],[-75.54514,5.38704],[-75.54514,5.38705],[-75.54514,5.38704],[-75.54515,5.38704],[-75.54517,5.38706],[-75.54517,5.38706],[-75.54518,5.38706],[-75.54518,5.38706],[-75.5452,5.38706],[-75.5452,5.38706],[-75.54521,5.38706],[-75.54523,5.38706],[-75.54523,5.38706],[-75.54524,5.38706],[-75.54524,5.38705],[-75.54524,5.38705],[-75.54525,5.38705],[-75.54525,5.38704],[-75.54525,5.38704],[-75.54525,5.38703],[-75.54525,5.38703],[-75.54525,5.38702],[-75.54525,5.38702],[-75.54524,5.38702],[-75.54524,5.38701],[-75.54524,5.38701],[-75.54523,5.38701],[-75.54523,5.38701],[-75.54522,5.38701],[-75.54522,5.38701],[-75.5452,5.38701],[-75.5452,5.38701],[-75.54518,5.38699],[-75.54518,5.38699],[-75.54517,5.38699],[-75.54517,5.38699],[-75.54517,5.38699],[-75.54516,5.38699],[-75.54516,5.38699],[-75.54515,5.38699],[-75.54514,5.38699],[-75.54514,5.38699],[-75.54514,5.38699],[-75.54514,5.38698],[-75.54513,5.38698],[-75.54513,5.38698],[-75.54512,5.38698],[-75.54512,5.38698],[-75.54511,5.38698],[-75.54511,5.38698],[-75.5451,5.38698],[-75.54507,5.38698],[-75.54507,5.38698],[-75.54506,5.38699],[-75.54506,5.38699],[-75.54505,5.38699],[-75.54504,5.38699],[-75.54504,5.38699],[-75.54504,5.387],[-75.54503,5.387],[-75.54501,5.387],[-75.545,5.387],[-75.54495,5.38698],[-75.54495,5.38698],[-75.54494,5.38698],[-75.54492,5.38698],[-75.54491,5.38698],[-75.5449,5.38697],[-75.5449,5.38697],[-75.5449,5.38697],[-75.54492,5.38696],[-75.54492,5.38696],[-75.54492,5.38696],[-75.54493,5.38695],[-75.54493,5.38695],[-75.54493,5.38694],[-75.54494,5.38692],[-75.54494,5.38692],[-75.54495,5.38692],[-75.54495,5.38691],[-75.54496,5.38691],[-75.54497,5.38691],[-75.54499,5.38691],[-75.54506,5.38693],[-75.54506,5.38693],[-75.54509,5.38694],[-75.54509,5.38694],[-75.5451,5.38694],[-75.54511,5.38694],[-75.54512,5.38694],[-75.54512,5.38693],[-75.54513,5.38693],[-75.54514,5.38693],[-75.54514,5.38693],[-75.54514,5.38693],[-75.54515,5.38692],[-75.54515,5.38692],[-75.54516,5.38692],[-75.54518,5.38689],[-75.54518,5.38689],[-75.54518,5.38689],[-75.5452,5.38689],[-75.54521,5.38689],[-75.54521,5.38689],[-75.54522,5.38689],[-75.54522,5.38689],[-75.54523,5.38689],[-75.54525,5.38688],[-75.54526,5.38688],[-75.54529,5.38689],[-75.54529,5.38689],[-75.5453,5.38689],[-75.54531,5.38688],[-75.54531,5.38688],[-75.54532,5.38688],[-75.54532,5.38688],[-75.54533,5.38688],[-75.54534,5.38688],[-75.54534,5.38688],[-75.54534,5.38687],[-75.54535,5.38687],[-75.54535,5.38687],[-75.54535,5.38687],[-75.54536,5.38687],[-75.54537,5.38687],[-75.54537,5.38687],[-75.54537,5.38687],[-75.54538,5.38686],[-75.54538,5.38686],[-75.54539,5.38686],[-75.54539,5.38686],[-75.54539,5.38686],[-75.5454,5.38686],[-75.5454,5.38685],[-75.54541,5.38685],[-75.54541,5.38685],[-75.54542,5.38684],[-75.54543,5.38683],[-75.54544,5.38683],[-75.54544,5.38683],[-75.54544,5.38683],[-75.54545,5.38682],[-75.54545,5.38682],[-75.54546,5.38682],[-75.54546,5.38682],[-75.54546,5.38681],[-75.54547,5.38681],[-75.54547,5.38681],[-75.54548,5.38681],[-75.54548,5.3868],[-75.54549,5.3868],[-75.54549,5.3868],[-75.54549,5.3868],[-75.54551,5.38679],[-75.54551,5.38679],[-75.54552,5.38679],[-75.54552,5.38679],[-75.54553,5.38679],[-75.54553,5.38679],[-75.54553,5.38678],[-75.54554,5.38678],[-75.54554,5.38678],[-75.54555,5.38677],[-75.54555,5.38676],[-75.54556,5.38676],[-75.54556,5.38676],[-75.54556,5.38675],[-75.54557,5.38675],[-75.54557,5.38674],[-75.54557,5.38674],[-75.54557,5.38673],[-75.54557,5.38673],[-75.54557,5.38673],[-75.54557,5.38672],[-75.54556,5.38672],[-75.54556,5.38671],[-75.54556,5.38671],[-75.54555,5.38671],[-75.54555,5.38671],[-75.54554,5.38671],[-75.54554,5.38671],[-75.54553,5.38671],[-75.54553,5.38671],[-75.54553,5.38671],[-75.54552,5.38672],[-75.54552,5.38672],[-75.54551,5.38673],[-75.54551,5.38673],[-75.5455,5.38674],[-75.5455,5.38674],[-75.54548,5.38674],[-75.54548,5.38674],[-75.54548,5.38674],[-75.54547,5.38675],[-75.54547,5.38675],[-75.54546,5.38675],[-75.54546,5.38675],[-75.54546,5.38675],[-75.54546,5.38675],[-75.54545,5.38675],[-75.54545,5.38676],[-75.54544,5.38676],[-75.54544,5.38676],[-75.54544,5.38676],[-75.54544,5.38676],[-75.54543,5.38677],[-75.54543,5.38677],[-75.54542,5.38677],[-75.54542,5.38677],[-75.54541,5.38678],[-75.5454,5.38679],[-75.5454,5.38679],[-75.5454,5.38679],[-75.54538,5.3868],[-75.54538,5.3868],[-75.54538,5.3868],[-75.54537,5.3868],[-75.54537,5.38681],[-75.54537,5.38681],[-75.54536,5.38681],[-75.54535,5.38681],[-75.54535,5.38681],[-75.54534,5.38681],[-75.54534,5.38681],[-75.54533,5.38681],[-75.54533,5.38682],[-75.54533,5.38682],[-75.54532,5.38682],[-75.54532,5.38682],[-75.54532,5.38682],[-75.54531,5.38682],[-75.54531,5.38682],[-75.54531,5.38682],[-75.5453,5.38683],[-75.54529,5.38683],[-75.54529,5.38683],[-75.54526,5.38683],[-75.54526,5.38683],[-75.54526,5.38683],[-75.54525,5.38683],[-75.54524,5.38683],[-75.54524,5.38683],[-75.54521,5.38684],[-75.54521,5.38684],[-75.54518,5.38684],[-75.54518,5.38684],[-75.54518,5.38684],[-75.54516,5.38684],[-75.54516,5.38684],[-75.54516,5.38684],[-75.54515,5.38685],[-75.54514,5.38685],[-75.54514,5.38685],[-75.54514,5.38686],[-75.54512,5.38688],[-75.54512,5.38688],[-75.54511,5.38688],[-75.5451,5.38688],[-75.54509,5.38688],[-75.54507,5.38688],[-75.545,5.38686],[-75.545,5.38686],[-75.545,5.38686],[-75.54497,5.38686],[-75.54497,5.38686],[-75.54496,5.38686],[-75.54495,5.38686],[-75.54495,5.38686],[-75.54495,5.38686],[-75.54494,5.38686],[-75.54493,5.38686],[-75.54493,5.38686],[-75.54492,5.38687],[-75.54492,5.38687],[-75.54492,5.38687],[-75.54491,5.38688],[-75.54491,5.38688],[-75.54491,5.38688],[-75.5449,5.38689],[-75.54489,5.38689],[-75.54489,5.38689],[-75.54489,5.3869],[-75.54488,5.38692],[-75.54488,5.38692],[-75.54486,5.38693],[-75.54486,5.38693],[-75.54486,5.38694],[-75.54486,5.38694],[-75.54485,5.38694],[-75.54485,5.38695],[-75.54484,5.38694],[-75.54483,5.38694],[-75.54483,5.38694],[-75.54481,5.38694],[-75.5448,5.38694],[-75.5448,5.38694],[-75.54478,5.38694],[-75.54478,5.38694],[-75.54477,5.38694],[-75.54475,5.38695],[-75.54475,5.38696],[-75.54475,5.38696],[-75.54474,5.38696],[-75.54474,5.38697],[-75.54473,5.38697],[-75.54472,5.38697],[-75.54468,5.38696],[-75.54467,5.38696],[-75.54467,5.38696],[-75.54466,5.38696],[-75.54466,5.38696],[-75.54465,5.38696],[-75.54464,5.38696],[-75.54464,5.38697],[-75.54462,5.38697],[-75.54462,5.38697],[-75.54462,5.38697],[-75.54461,5.38697],[-75.54461,5.38697],[-75.54461,5.38697],[-75.5446,5.38696],[-75.5446,5.38696],[-75.54459,5.38696],[-75.54458,5.38696],[-75.54458,5.38696],[-75.54458,5.38696],[-75.54456,5.38696],[-75.54456,5.38696],[-75.54456,5.38696],[-75.54454,5.38696],[-75.54454,5.38696],[-75.54454,5.38696],[-75.54453,5.38696],[-75.54452,5.38696],[-75.54452,5.38696],[-75.54451,5.38697],[-75.54451,5.38697],[-75.54451,5.38697],[-75.5445,5.38698],[-75.54449,5.38698],[-75.54449,5.38698],[-75.54448,5.38699],[-75.54446,5.387],[-75.54446,5.387],[-75.54445,5.387],[-75.54445,5.38701],[-75.54444,5.38701],[-75.54444,5.38701],[-75.54443,5.38702],[-75.54443,5.38702],[-75.54442,5.38702],[-75.5444,5.38702],[-75.5444,5.38702],[-75.54439,5.38703],[-75.54439,5.38703],[-75.54439,5.38702],[-75.54439,5.38701],[-75.5444,5.38701],[-75.5444,5.38701],[-75.5444,5.387],[-75.5444,5.387],[-75.5444,5.38699],[-75.5444,5.38699],[-75.54439,5.38699],[-75.54439,5.38698],[-75.5444,5.38697],[-75.5444,5.38697],[-75.54439,5.38697],[-75.54439,5.38696],[-75.54439,5.38696],[-75.54439,5.38696],[-75.54439,5.38695],[-75.54439,5.38695],[-75.54438,5.38695],[-75.54439,5.38694],[-75.54439,5.38694],[-75.54439,5.38694],[-75.54439,5.38693],[-75.54439,5.38693],[-75.5444,5.38692],[-75.5444,5.38692],[-75.5444,5.38691],[-75.5444,5.38691],[-75.54441,5.38691],[-75.54441,5.3869],[-75.54441,5.38689],[-75.54441,5.38689],[-75.54441,5.38689],[-75.5444,5.38687],[-75.54441,5.38686],[-75.54441,5.38686],[-75.54442,5.38686],[-75.54442,5.38686],[-75.54444,5.38686],[-75.54444,5.38686],[-75.54445,5.38686],[-75.54447,5.38685],[-75.54447,5.38685],[-75.54447,5.38685],[-75.54449,5.38684],[-75.54449,5.38684],[-75.5445,5.38683],[-75.54452,5.38682],[-75.54452,5.38681],[-75.54453,5.3868],[-75.54454,5.3868],[-75.54454,5.38679],[-75.54455,5.38677],[-75.54455,5.38677],[-75.54455,5.38677],[-75.54457,5.38674],[-75.54457,5.38674],[-75.54458,5.38671],[-75.54459,5.38669],[-75.54459,5.38668],[-75.5446,5.38668],[-75.5446,5.38668],[-75.54461,5.38668],[-75.54462,5.38668],[-75.54462,5.38668],[-75.54462,5.38668],[-75.54463,5.38667],[-75.54464,5.38667],[-75.54464,5.38667],[-75.54465,5.38666],[-75.54465,5.38666],[-75.54465,5.38666],[-75.54466,5.38665],[-75.54466,5.38664],[-75.54467,5.38664],[-75.54467,5.38663],[-75.54467,5.38663],[-75.54467,5.38662],[-75.54467,5.38662],[-75.54467,5.38661],[-75.54467,5.38661],[-75.54468,5.38661],[-75.54468,5.38661],[-75.54468,5.3866],[-75.54468,5.3866],[-75.54468,5.38659],[-75.54468,5.38659],[-75.54468,5.38658],[-75.54468,5.38657],[-75.54469,5.38656],[-75.5447,5.38656],[-75.5447,5.38656],[-75.5447,5.38655],[-75.5447,5.38655],[-75.54471,5.38654],[-75.54471,5.38653],[-75.54471,5.38653],[-75.54471,5.38652],[-75.54471,5.38651],[-75.54471,5.38651],[-75.54471,5.38651],[-75.5447,5.38647],[-75.5447,5.38646],[-75.5447,5.38646],[-75.5447,5.38646],[-75.54471,5.38645],[-75.54471,5.38645],[-75.54471,5.38644],[-75.54471,5.38644],[-75.54472,5.38644],[-75.54472,5.38642],[-75.54473,5.3864],[-75.54474,5.38639],[-75.54475,5.38638],[-75.54475,5.38638],[-75.54476,5.38638],[-75.54476,5.38638],[-75.54476,5.38638],[-75.54477,5.38638],[-75.54477,5.38638],[-75.54478,5.38637],[-75.54478,5.38637],[-75.54478,5.38637],[-75.54479,5.38637],[-75.54479,5.38636],[-75.54481,5.38634],[-75.54481,5.38634],[-75.54482,5.38633],[-75.54482,5.38633],[-75.54483,5.38633],[-75.54483,5.38632],[-75.54484,5.38632],[-75.54484,5.38632],[-75.54484,5.38631],[-75.54484,5.38631],[-75.54485,5.38631],[-75.54485,5.38631],[-75.54486,5.38631],[-75.54486,5.38631],[-75.54487,5.3863],[-75.54487,5.3863],[-75.54488,5.3863],[-75.54488,5.3863],[-75.54489,5.38629],[-75.54489,5.38629],[-75.54489,5.38628],[-75.54492,5.38624],[-75.54492,5.38624],[-75.54493,5.38623],[-75.54493,5.38623],[-75.54494,5.38623],[-75.54494,5.38623],[-75.54494,5.38623],[-75.54495,5.38623],[-75.54496,5.38623],[-75.54496,5.38623],[-75.54497,5.38622],[-75.54497,5.38622],[-75.54497,5.38622],[-75.54499,5.38619],[-75.545,5.38619],[-75.54501,5.38618],[-75.54502,5.38618],[-75.54502,5.38618],[-75.54502,5.38618],[-75.54503,5.38617],[-75.54503,5.38617],[-75.54503,5.38616],[-75.54503,5.38616],[-75.54503,5.38616],[-75.54504,5.38616],[-75.54504,5.38615],[-75.54504,5.38615],[-75.54504,5.38614],[-75.54504,5.38614],[-75.54504,5.38613],[-75.54504,5.38613],[-75.54505,5.38612],[-75.54506,5.38611],[-75.54509,5.38609],[-75.54509,5.38609],[-75.54509,5.38609],[-75.5451,5.38607],[-75.5451,5.38607],[-75.54512,5.38606],[-75.54512,5.38606],[-75.54512,5.38605],[-75.54513,5.38604],[-75.54513,5.38604],[-75.54513,5.38604],[-75.54513,5.38603],[-75.54513,5.38602],[-75.54513,5.38602],[-75.54513,5.38602],[-75.54517,5.38599],[-75.54517,5.38599],[-75.54518,5.38599],[-75.54518,5.38599],[-75.54518,5.38599],[-75.54519,5.38599],[-75.54519,5.38599],[-75.54519,5.38598],[-75.5452,5.38598],[-75.5452,5.38598],[-75.5452,5.38598],[-75.5452,5.38597],[-75.54522,5.38597],[-75.54522,5.38597],[-75.54522,5.38597],[-75.54523,5.38597],[-75.54523,5.38597],[-75.54524,5.38596],[-75.54525,5.38596],[-75.54525,5.38595],[-75.54525,5.38595],[-75.54526,5.38594],[-75.54526,5.38594],[-75.54526,5.38593],[-75.54526,5.38593],[-75.54526,5.38593],[-75.54526,5.38592],[-75.54527,5.38591],[-75.54527,5.38591],[-75.54528,5.38591],[-75.54528,5.3859],[-75.54528,5.3859],[-75.54528,5.38589],[-75.54528,5.38589],[-75.54528,5.38588],[-75.54528,5.38586],[-75.54528,5.38586],[-75.54528,5.38586],[-75.54529,5.38585],[-75.54529,5.38585],[-75.5453,5.38585],[-75.5453,5.38585],[-75.5453,5.38585],[-75.54532,5.38585],[-75.54532,5.38584],[-75.54532,5.38584],[-75.54532,5.38584],[-75.54534,5.38583],[-75.54534,5.38583],[-75.54534,5.38583],[-75.54535,5.38582],[-75.54535,5.38581],[-75.54537,5.38579],[-75.54537,5.38578],[-75.54537,5.38578],[-75.54538,5.38578],[-75.54538,5.38578],[-75.54539,5.38578],[-75.54539,5.38578],[-75.54539,5.38577],[-75.5454,5.38577],[-75.5454,5.38577],[-75.54541,5.38576],[-75.54541,5.38576],[-75.54541,5.38575],[-75.54542,5.38575],[-75.54542,5.38574],[-75.54542,5.38574],[-75.54543,5.38572],[-75.54543,5.38572],[-75.54543,5.38571],[-75.54544,5.38571],[-75.54544,5.38571],[-75.54544,5.38571],[-75.54545,5.38571],[-75.54546,5.38571],[-75.54546,5.38571],[-75.54546,5.3857],[-75.54547,5.3857],[-75.54547,5.38569],[-75.54547,5.38569],[-75.54548,5.38568],[-75.54548,5.38568],[-75.54548,5.38568],[-75.54549,5.38566],[-75.54549,5.38566],[-75.54549,5.38566],[-75.54549,5.38565],[-75.54549,5.38564],[-75.5455,5.38563],[-75.5455,5.38562],[-75.5455,5.38562],[-75.5455,5.38561],[-75.5455,5.38561],[-75.54551,5.38559],[-75.54551,5.38559],[-75.54551,5.38558],[-75.54551,5.38558],[-75.54551,5.38558],[-75.54551,5.38557],[-75.54552,5.38557],[-75.54552,5.38557],[-75.54553,5.38557],[-75.54554,5.38557],[-75.54554,5.38557],[-75.54554,5.38557],[-75.54555,5.38556],[-75.54556,5.38556],[-75.54556,5.38555],[-75.54556,5.38555],[-75.54557,5.38554],[-75.54557,5.38554],[-75.54557,5.38554],[-75.54557,5.38553],[-75.54557,5.38553],[-75.54557,5.38551],[-75.54557,5.38551],[-75.5456,5.3855],[-75.5456,5.3855],[-75.5456,5.3855],[-75.54561,5.3855],[-75.54561,5.3855],[-75.54561,5.38549],[-75.54562,5.38549],[-75.54562,5.38549],[-75.54562,5.38549],[-75.54563,5.38548],[-75.54564,5.38548],[-75.54564,5.38548],[-75.54566,5.38546],[-75.54566,5.38546],[-75.54568,5.38544],[-75.54569,5.38543],[-75.54571,5.38543],[-75.54571,5.38543],[-75.54572,5.38542],[-75.54572,5.38542],[-75.54573,5.38541],[-75.54573,5.38541],[-75.54573,5.38541],[-75.54574,5.38539],[-75.54575,5.38539],[-75.54575,5.38539],[-75.54576,5.38539],[-75.54576,5.38539],[-75.54576,5.38539],[-75.54577,5.38538],[-75.54577,5.38538],[-75.54578,5.38538],[-75.5458,5.38535],[-75.5458,5.38535],[-75.54581,5.38535],[-75.54581,5.38535],[-75.54582,5.38535],[-75.54582,5.38534],[-75.54583,5.38534],[-75.54583,5.38534],[-75.54583,5.38534],[-75.54584,5.38533],[-75.54585,5.38533],[-75.54585,5.38533],[-75.54585,5.38533],[-75.54586,5.38533],[-75.54586,5.38532],[-75.54587,5.38532],[-75.54587,5.38532],[-75.54588,5.3853],[-75.54589,5.3853],[-75.54589,5.3853],[-75.5459,5.3853],[-75.5459,5.3853],[-75.54591,5.3853],[-75.54591,5.38529],[-75.54593,5.38529],[-75.54594,5.38529],[-75.54595,5.38529],[-75.54595,5.38529],[-75.54596,5.38529],[-75.54596,5.38529],[-75.54597,5.38528],[-75.54597,5.38528],[-75.54597,5.38528],[-75.54598,5.38527],[-75.54599,5.38527],[-75.54602,5.38528],[-75.54603,5.38528],[-75.54603,5.38528],[-75.54604,5.38528],[-75.54605,5.38528],[-75.54605,5.38528],[-75.54605,5.38528],[-75.54606,5.38527],[-75.54606,5.38527],[-75.54607,5.38527],[-75.54608,5.38526],[-75.54608,5.38526],[-75.54612,5.38528],[-75.54612,5.38528],[-75.54613,5.38528],[-75.54613,5.38528],[-75.54614,5.38527],[-75.54614,5.38527],[-75.54615,5.38527],[-75.54615,5.38527],[-75.54615,5.38527],[-75.54615,5.38526],[-75.54616,5.38526],[-75.54616,5.38526],[-75.54616,5.38526],[-75.54617,5.38525],[-75.54617,5.38525],[-75.54617,5.38525],[-75.54617,5.38525],[-75.54618,5.38525],[-75.54618,5.38524],[-75.54618,5.38524],[-75.54619,5.38524],[-75.54619,5.38524],[-75.54619,5.38524],[-75.5462,5.38523],[-75.5462,5.38523],[-75.54621,5.38522],[-75.54622,5.38522],[-75.54622,5.38522],[-75.54622,5.38522],[-75.54623,5.38522],[-75.54624,5.3852],[-75.54625,5.3852],[-75.54626,5.3852],[-75.54627,5.3852],[-75.54628,5.3852],[-75.54628,5.3852],[-75.54629,5.38519],[-75.54629,5.38519],[-75.5463,5.38519],[-75.5463,5.38519],[-75.54631,5.38518],[-75.54632,5.38517],[-75.54632,5.38517],[-75.54633,5.38516],[-75.54634,5.38516],[-75.54635,5.38514],[-75.54635,5.38514],[-75.54636,5.38514],[-75.54637,5.38511],[-75.54637,5.38511],[-75.5464,5.38507],[-75.5464,5.38506],[-75.54641,5.38506],[-75.54645,5.38503],[-75.54645,5.38503],[-75.54646,5.38501],[-75.54647,5.38501],[-75.54647,5.38501],[-75.54648,5.385],[-75.54648,5.38499],[-75.54648,5.38499],[-75.54649,5.38497],[-75.54649,5.38497],[-75.54649,5.38497],[-75.54649,5.38496],[-75.54649,5.38496],[-75.54649,5.38495],[-75.54649,5.38493],[-75.5465,5.38493],[-75.5465,5.38492],[-75.5465,5.38492],[-75.5465,5.38492],[-75.5465,5.38491],[-75.54651,5.38491],[-75.54651,5.3849],[-75.54651,5.3849],[-75.54651,5.38489],[-75.54651,5.38489],[-75.54651,5.38488],[-75.5465,5.38484],[-75.5465,5.38484],[-75.54651,5.38484],[-75.54651,5.38483],[-75.54651,5.38483],[-75.54651,5.38483],[-75.54651,5.38482],[-75.54651,5.38482],[-75.54651,5.38481],[-75.54651,5.38481],[-75.54651,5.38481],[-75.54651,5.3848],[-75.54651,5.3848],[-75.54651,5.3848],[-75.54652,5.38478],[-75.54653,5.38478],[-75.54653,5.38478],[-75.54653,5.38477],[-75.54654,5.38476],[-75.54654,5.38476],[-75.54654,5.38476],[-75.54654,5.38474],[-75.54654,5.38474],[-75.54654,5.38474],[-75.54654,5.38471],[-75.54654,5.38471],[-75.54655,5.3847],[-75.54655,5.38469],[-75.54655,5.38469],[-75.54655,5.38468],[-75.54655,5.38468],[-75.54655,5.38467],[-75.54655,5.38467],[-75.54655,5.38466],[-75.54656,5.38466],[-75.54656,5.38466],[-75.54656,5.38466],[-75.54657,5.38466],[-75.54657,5.38466],[-75.54658,5.38465],[-75.54658,5.38465],[-75.54658,5.38465],[-75.54658,5.38464],[-75.54658,5.38464],[-75.54658,5.38464],[-75.54658,5.38463],[-75.54658,5.38463],[-75.54658,5.38463],[-75.54659,5.38463],[-75.54659,5.38462],[-75.54659,5.38462],[-75.5466,5.38461],[-75.5466,5.38461],[-75.5466,5.38461],[-75.5466,5.3846],[-75.5466,5.3846],[-75.5466,5.38459],[-75.5466,5.38459],[-75.5466,5.38458],[-75.54659,5.38458],[-75.54659,5.38456],[-75.54659,5.38456],[-75.54659,5.38456],[-75.54659,5.38455],[-75.54659,5.38454],[-75.54659,5.38454],[-75.54659,5.38453],[-75.54658,5.38452],[-75.54658,5.38452],[-75.54658,5.38451],[-75.54658,5.38451],[-75.54657,5.38451],[-75.54656,5.3845],[-75.54656,5.38449],[-75.54656,5.38448],[-75.54656,5.38448],[-75.54656,5.38447],[-75.54656,5.38447],[-75.54655,5.38447],[-75.54655,5.38446],[-75.54655,5.38446],[-75.54654,5.38446],[-75.54654,5.38444],[-75.54654,5.38444],[-75.54654,5.38443],[-75.54654,5.38443],[-75.54654,5.38443],[-75.54653,5.38442],[-75.54653,5.38441],[-75.54653,5.38441],[-75.54651,5.3844],[-75.54651,5.3844],[-75.54651,5.38439],[-75.54651,5.38437],[-75.5465,5.38437],[-75.5465,5.38437],[-75.5465,5.38436],[-75.5465,5.38436],[-75.5465,5.38435],[-75.54648,5.38434],[-75.54648,5.38433],[-75.54648,5.38433],[-75.54647,5.38433],[-75.54647,5.38432],[-75.54647,5.38432],[-75.54646,5.38432],[-75.54646,5.38432],[-75.54646,5.38432],[-75.54646,5.38431],[-75.54646,5.3843],[-75.54646,5.3843],[-75.54646,5.38429],[-75.54646,5.38429],[-75.54645,5.38429],[-75.54645,5.38428],[-75.54645,5.38428],[-75.54644,5.38426],[-75.54644,5.38426],[-75.54643,5.38425],[-75.54643,5.38425],[-75.54643,5.38425],[-75.54642,5.38424],[-75.54642,5.38424],[-75.54641,5.38424],[-75.54641,5.38424],[-75.54641,5.38424],[-75.5464,5.38424],[-75.5464,5.38425],[-75.54639,5.38425],[-75.54639,5.38425],[-75.54639,5.38425],[-75.54639,5.38426],[-75.54638,5.38426],[-75.54638,5.38427],[-75.54638,5.38427],[-75.54638,5.38428],[-75.54639,5.38428],[-75.54639,5.38429],[-75.54639,5.38429],[-75.5464,5.38431],[-75.5464,5.38432],[-75.5464,5.38432],[-75.5464,5.38433],[-75.5464,5.38433],[-75.5464,5.38434],[-75.5464,5.38434],[-75.54641,5.38435],[-75.54641,5.38435],[-75.54641,5.38436],[-75.54642,5.38436],[-75.54642,5.38436],[-75.54642,5.38437],[-75.54643,5.38437],[-75.54643,5.38437],[-75.54644,5.38437],[-75.54644,5.38437],[-75.54644,5.38437],[-75.54644,5.38437],[-75.54645,5.38438],[-75.54645,5.38439],[-75.54646,5.38441],[-75.54646,5.38441],[-75.54646,5.38441],[-75.54646,5.38442],[-75.54646,5.38442],[-75.54647,5.38443],[-75.54647,5.38443],[-75.54647,5.38443],[-75.54648,5.38444],[-75.54649,5.38445],[-75.54649,5.38446],[-75.54649,5.38446],[-75.54649,5.38447],[-75.54649,5.38447],[-75.54649,5.38448],[-75.54649,5.38448],[-75.54649,5.38448],[-75.5465,5.38449],[-75.5465,5.38449],[-75.5465,5.38449],[-75.54651,5.3845],[-75.54651,5.3845],[-75.54651,5.38451],[-75.54651,5.38451],[-75.54651,5.38452],[-75.54651,5.38453],[-75.54652,5.38453],[-75.54652,5.38453],[-75.54653,5.38455],[-75.54654,5.38455],[-75.54654,5.38455],[-75.54654,5.38456],[-75.54654,5.38457],[-75.54654,5.38458],[-75.54654,5.38458],[-75.54654,5.38459],[-75.54654,5.38459],[-75.54654,5.3846],[-75.54654,5.3846],[-75.54653,5.3846],[-75.54653,5.3846],[-75.54653,5.38461],[-75.54653,5.38461],[-75.54653,5.38461],[-75.54653,5.38461],[-75.54652,5.38462],[-75.54652,5.38462],[-75.54651,5.38462],[-75.54651,5.38463],[-75.5465,5.38464],[-75.5465,5.38464],[-75.5465,5.38464],[-75.5465,5.38465],[-75.5465,5.38465],[-75.5465,5.38466],[-75.5465,5.38466],[-75.5465,5.38467],[-75.54649,5.38468],[-75.54649,5.38469],[-75.54649,5.38469],[-75.54649,5.38469],[-75.54648,5.3847],[-75.54648,5.38471],[-75.54648,5.38471],[-75.54649,5.38474],[-75.54649,5.38474],[-75.54649,5.38474],[-75.54647,5.38476],[-75.54646,5.38476],[-75.54646,5.38477],[-75.54646,5.38478],[-75.54645,5.38478],[-75.54645,5.38478],[-75.54645,5.3848],[-75.54645,5.38481],[-75.54645,5.38481],[-75.54645,5.38482],[-75.54645,5.38482],[-75.54645,5.38482],[-75.54645,5.38483],[-75.54645,5.38483],[-75.54645,5.38483],[-75.54644,5.38484],[-75.54644,5.38484],[-75.54644,5.38485],[-75.54645,5.38489],[-75.54644,5.3849],[-75.54644,5.3849],[-75.54644,5.38491],[-75.54644,5.38491],[-75.54644,5.38491],[-75.54643,5.38493],[-75.54643,5.38493],[-75.54643,5.38493],[-75.54643,5.38494],[-75.54644,5.38496],[-75.54644,5.38496],[-75.54643,5.38497],[-75.54643,5.38497],[-75.54642,5.38498],[-75.54637,5.38501],[-75.54637,5.38502],[-75.54637,5.38502],[-75.54636,5.38503],[-75.54636,5.38503],[-75.54636,5.38503],[-75.54635,5.38504],[-75.54635,5.38504],[-75.54633,5.38508],[-75.54631,5.3851],[-75.5463,5.38512],[-75.54628,5.38513],[-75.54627,5.38514],[-75.54627,5.38514],[-75.54625,5.38514],[-75.54625,5.38514],[-75.54624,5.38514],[-75.54623,5.38515],[-75.54623,5.38515],[-75.54622,5.38515],[-75.54621,5.38516],[-75.5462,5.38516],[-75.5462,5.38516],[-75.54619,5.38517],[-75.54618,5.38517],[-75.54618,5.38518],[-75.54617,5.38518],[-75.54617,5.38518],[-75.54617,5.38518],[-75.54616,5.38519],[-75.54616,5.38519],[-75.54616,5.38519],[-75.54616,5.38519],[-75.54615,5.38519],[-75.54615,5.3852],[-75.54614,5.3852],[-75.54614,5.3852],[-75.54614,5.3852],[-75.54613,5.38521],[-75.54613,5.38521],[-75.54613,5.38521],[-75.54612,5.38521],[-75.54612,5.38521],[-75.54612,5.38522],[-75.54612,5.38522],[-75.54609,5.38521],[-75.54609,5.38521],[-75.54609,5.38521],[-75.54608,5.38521],[-75.54607,5.38521],[-75.54607,5.38521],[-75.54606,5.38521],[-75.54606,5.38521],[-75.54605,5.38521],[-75.54605,5.38522],[-75.54604,5.38522],[-75.54603,5.38522],[-75.54601,5.38522],[-75.546,5.38522],[-75.546,5.38522],[-75.54598,5.38521],[-75.54598,5.38521],[-75.54598,5.38521],[-75.54597,5.38522],[-75.54596,5.38522],[-75.54596,5.38522],[-75.54596,5.38522],[-75.54595,5.38522],[-75.54594,5.38523],[-75.54593,5.38523],[-75.54593,5.38523],[-75.54592,5.38523],[-75.54591,5.38523],[-75.54591,5.38523],[-75.54591,5.38524],[-75.54591,5.38524],[-75.54589,5.38524],[-75.54589,5.38524],[-75.54588,5.38524],[-75.54588,5.38524],[-75.54588,5.38524],[-75.54587,5.38525],[-75.54586,5.38525],[-75.54586,5.38525],[-75.54585,5.38526],[-75.54585,5.38526],[-75.54584,5.38527],[-75.54583,5.38528],[-75.54582,5.38528],[-75.54581,5.38529],[-75.54581,5.38529],[-75.54581,5.38529],[-75.5458,5.38529],[-75.5458,5.3853],[-75.54579,5.3853],[-75.54578,5.3853],[-75.54578,5.3853],[-75.54578,5.3853],[-75.54576,5.38531],[-75.54576,5.38531],[-75.54576,5.38531],[-75.54574,5.38534],[-75.54573,5.38534],[-75.54573,5.38534],[-75.54572,5.38534],[-75.54572,5.38534],[-75.54571,5.38534],[-75.54571,5.38535],[-75.54571,5.38535],[-75.5457,5.38535],[-75.5457,5.38536],[-75.54569,5.38538],[-75.54569,5.38538],[-75.54567,5.38538],[-75.54566,5.38539],[-75.54566,5.38539],[-75.54565,5.3854],[-75.54565,5.3854],[-75.54564,5.3854],[-75.54562,5.38542],[-75.54561,5.38544],[-75.54561,5.38544],[-75.5456,5.38544],[-75.5456,5.38544],[-75.54559,5.38544],[-75.54559,5.38544],[-75.54559,5.38544],[-75.54558,5.38544],[-75.54558,5.38545],[-75.54558,5.38545],[-75.54557,5.38545],[-75.54555,5.38546],[-75.54555,5.38546],[-75.54555,5.38547],[-75.54553,5.38548],[-75.54553,5.38548],[-75.54553,5.38548],[-75.54552,5.38549],[-75.54552,5.38549],[-75.54552,5.3855],[-75.54552,5.3855],[-75.54552,5.38551],[-75.54552,5.38551],[-75.54551,5.38551],[-75.5455,5.38551],[-75.5455,5.38551],[-75.54549,5.38551],[-75.54549,5.38552],[-75.54548,5.38552],[-75.54548,5.38552],[-75.54548,5.38552],[-75.54548,5.38552],[-75.54547,5.38553],[-75.54546,5.38553],[-75.54546,5.38554],[-75.54546,5.38554],[-75.54546,5.38554],[-75.54546,5.38555],[-75.54546,5.38556],[-75.54546,5.38556],[-75.54546,5.38557],[-75.54545,5.38558],[-75.54545,5.38558],[-75.54545,5.38559],[-75.54545,5.38559],[-75.54545,5.38559],[-75.54545,5.3856],[-75.54544,5.3856],[-75.54544,5.38561],[-75.54544,5.38562],[-75.54544,5.38562],[-75.54544,5.38563],[-75.54544,5.38563],[-75.54544,5.38565],[-75.54543,5.38565],[-75.54543,5.38566],[-75.54543,5.38566],[-75.54542,5.38566],[-75.54542,5.38566],[-75.54541,5.38566],[-75.54541,5.38566],[-75.54541,5.38566],[-75.5454,5.38567],[-75.5454,5.38567],[-75.54539,5.38568],[-75.54538,5.38569],[-75.54538,5.38569],[-75.54538,5.38569],[-75.54538,5.3857],[-75.54538,5.3857],[-75.54537,5.38571],[-75.54537,5.38572],[-75.54537,5.38572],[-75.54537,5.38572],[-75.54536,5.38573],[-75.54535,5.38573],[-75.54535,5.38573],[-75.54535,5.38573],[-75.54534,5.38574],[-75.54534,5.38574],[-75.54533,5.38574],[-75.54532,5.38575],[-75.54532,5.38576],[-75.5453,5.38578],[-75.5453,5.38579],[-75.54529,5.38579],[-75.54529,5.3858],[-75.54529,5.3858],[-75.54528,5.3858],[-75.54528,5.3858],[-75.54527,5.3858],[-75.54527,5.3858],[-75.54526,5.3858],[-75.54526,5.38581],[-75.54525,5.38581],[-75.54525,5.38581],[-75.54524,5.38582],[-75.54524,5.38582],[-75.54524,5.38582],[-75.54523,5.38583],[-75.54523,5.38584],[-75.54523,5.38584],[-75.54523,5.38585],[-75.54523,5.38585],[-75.54523,5.38586],[-75.54523,5.38588],[-75.54522,5.38589],[-75.54521,5.3859],[-75.54521,5.3859],[-75.54521,5.38591],[-75.54521,5.38591],[-75.54521,5.38591],[-75.54521,5.38592],[-75.54519,5.38592],[-75.54519,5.38592],[-75.54518,5.38592],[-75.54518,5.38592],[-75.54518,5.38592],[-75.54517,5.38593],[-75.54517,5.38593],[-75.54517,5.38593],[-75.54516,5.38594],[-75.54516,5.38594],[-75.54516,5.38594],[-75.54515,5.38594],[-75.54515,5.38594],[-75.54514,5.38595],[-75.5451,5.38597],[-75.5451,5.38598],[-75.54509,5.38598],[-75.54509,5.38599],[-75.54508,5.38599],[-75.54508,5.386],[-75.54508,5.38601],[-75.54508,5.38601],[-75.54508,5.38602],[-75.54508,5.38602],[-75.54507,5.38603],[-75.54505,5.38605],[-75.54502,5.38607],[-75.54502,5.38607],[-75.54501,5.38608],[-75.54501,5.38608],[-75.54501,5.38608],[-75.545,5.3861],[-75.54499,5.3861],[-75.54499,5.3861],[-75.54499,5.38611],[-75.54499,5.38612],[-75.54499,5.38612],[-75.54499,5.38613],[-75.54499,5.38613],[-75.54499,5.38613],[-75.54498,5.38613],[-75.54498,5.38614],[-75.54498,5.38614],[-75.54497,5.38614],[-75.54497,5.38614],[-75.54496,5.38615],[-75.54495,5.38615],[-75.54495,5.38615],[-75.54495,5.38616],[-75.54493,5.38618],[-75.54492,5.38618],[-75.54492,5.38618],[-75.54492,5.38618],[-75.54491,5.38618],[-75.5449,5.38619],[-75.5449,5.38619],[-75.5449,5.38619],[-75.54489,5.3862],[-75.54489,5.3862],[-75.54488,5.3862],[-75.54488,5.3862],[-75.54488,5.38619],[-75.54488,5.38618],[-75.54489,5.38618],[-75.54489,5.38617],[-75.54489,5.38617],[-75.54489,5.38616],[-75.54489,5.38616],[-75.5449,5.38615],[-75.5449,5.38615],[-75.5449,5.38615],[-75.54489,5.38612],[-75.54489,5.38611],[-75.54489,5.38611],[-75.54491,5.38609],[-75.54491,5.38609],[-75.54491,5.38609],[-75.54492,5.38608],[-75.54492,5.38607],[-75.54492,5.38607],[-75.54493,5.38605],[-75.54493,5.38605],[-75.54493,5.38605],[-75.54493,5.38603],[-75.54493,5.38603],[-75.54493,5.38603],[-75.54493,5.38602],[-75.54493,5.38601],[-75.54492,5.38601],[-75.54492,5.386],[-75.54492,5.38599],[-75.54491,5.38599],[-75.54491,5.38598],[-75.54491,5.38598],[-75.54491,5.38598],[-75.54491,5.38597],[-75.54491,5.38596],[-75.54491,5.38596],[-75.54494,5.38594],[-75.54494,5.38593],[-75.54494,5.38593],[-75.54495,5.38592],[-75.54495,5.38592],[-75.54495,5.38591],[-75.54495,5.38591],[-75.54495,5.3859],[-75.54496,5.38589],[-75.54495,5.38589],[-75.54495,5.38587],[-75.54497,5.38586],[-75.54498,5.38585],[-75.54498,5.38585],[-75.54498,5.38585],[-75.54499,5.38584],[-75.54499,5.38584],[-75.54499,5.38583],[-75.54499,5.38583],[-75.54499,5.38582],[-75.545,5.38582],[-75.545,5.38582],[-75.545,5.38581],[-75.54501,5.38581],[-75.54501,5.3858],[-75.54501,5.3858],[-75.54501,5.3858],[-75.54501,5.38579],[-75.54501,5.38579],[-75.54501,5.38578],[-75.54501,5.38577],[-75.54502,5.38576],[-75.54503,5.38576],[-75.54503,5.38576],[-75.54503,5.38575],[-75.54504,5.38575],[-75.54504,5.38574],[-75.54504,5.38574],[-75.54504,5.38572],[-75.54504,5.38572],[-75.54506,5.3857],[-75.54507,5.3857],[-75.54507,5.3857],[-75.54507,5.3857],[-75.54508,5.38569],[-75.54508,5.38569],[-75.54508,5.38568],[-75.54508,5.38568],[-75.54508,5.38567],[-75.54508,5.38565],[-75.5451,5.38564],[-75.5451,5.38564],[-75.5451,5.38563],[-75.54511,5.38563],[-75.54511,5.38562],[-75.54511,5.38562],[-75.54511,5.38561],[-75.54512,5.38561],[-75.54512,5.38561],[-75.54512,5.3856],[-75.54512,5.38559],[-75.54512,5.38559],[-75.54512,5.38558],[-75.54513,5.38557],[-75.54514,5.38557],[-75.54515,5.38556],[-75.54516,5.38555],[-75.54517,5.38555],[-75.54518,5.38555],[-75.54519,5.38555],[-75.5452,5.38555],[-75.5452,5.38555],[-75.5452,5.38555],[-75.5452,5.38555],[-75.54521,5.38555],[-75.54521,5.38556],[-75.54522,5.38556],[-75.54522,5.38556],[-75.54522,5.38556],[-75.54523,5.38556],[-75.54523,5.38556],[-75.54524,5.38556],[-75.54526,5.38555],[-75.54526,5.38556],[-75.54527,5.38556],[-75.54527,5.38556],[-75.54527,5.38556],[-75.54528,5.38557],[-75.54528,5.38557],[-75.54529,5.38557],[-75.5453,5.38557],[-75.5453,5.38557],[-75.5453,5.38557],[-75.54532,5.38558],[-75.54532,5.38558],[-75.54532,5.38558],[-75.54534,5.38557],[-75.54534,5.38557],[-75.54534,5.38557],[-75.54535,5.38557],[-75.54536,5.38557],[-75.54536,5.38557],[-75.54537,5.38556],[-75.54537,5.38556],[-75.54537,5.38556],[-75.54538,5.38556],[-75.54539,5.38555],[-75.54539,5.38555],[-75.54539,5.38555],[-75.54542,5.38556],[-75.54543,5.38556],[-75.54543,5.38556],[-75.54543,5.38555],[-75.54544,5.38555],[-75.54544,5.38555],[-75.54545,5.38555],[-75.54545,5.38555],[-75.54545,5.38555],[-75.54545,5.38554],[-75.54546,5.38554],[-75.54546,5.38554],[-75.54546,5.38553],[-75.54546,5.38553],[-75.54546,5.38552],[-75.54546,5.38552],[-75.54546,5.38551],[-75.54546,5.3855],[-75.54546,5.3855],[-75.54547,5.3855],[-75.54547,5.38549],[-75.54547,5.38549],[-75.54547,5.38548],[-75.54547,5.38548],[-75.54547,5.38548],[-75.54547,5.38548],[-75.54547,5.38547],[-75.54547,5.38547],[-75.54547,5.38546],[-75.54547,5.38545],[-75.54547,5.38544],[-75.54548,5.38543],[-75.54548,5.38543],[-75.54548,5.38543],[-75.54548,5.38542],[-75.54548,5.38541],[-75.54548,5.38541],[-75.54548,5.38541],[-75.54548,5.38539],[-75.54548,5.38539],[-75.54548,5.38539],[-75.54547,5.38535],[-75.54547,5.38535],[-75.54547,5.38534],[-75.54549,5.38533],[-75.54549,5.38532],[-75.54549,5.3853],[-75.54549,5.3853],[-75.54549,5.3853],[-75.5455,5.38528],[-75.5455,5.38528],[-75.5455,5.38528],[-75.5455,5.38525],[-75.5455,5.38525],[-75.54549,5.38519],[-75.54549,5.38517],[-75.54549,5.38516],[-75.5455,5.38516],[-75.5455,5.38515],[-75.54556,5.3851],[-75.54556,5.3851],[-75.54558,5.38509],[-75.54558,5.38508],[-75.54558,5.38508],[-75.54559,5.38507],[-75.54559,5.38507],[-75.54559,5.38507],[-75.5456,5.38505],[-75.5456,5.38504],[-75.54562,5.38502],[-75.54563,5.38502],[-75.54563,5.38502],[-75.54564,5.38501],[-75.54564,5.385],[-75.54564,5.385],[-75.54565,5.38498],[-75.54565,5.38498],[-75.54565,5.38498],[-75.54565,5.38496],[-75.54565,5.38495],[-75.54565,5.38495],[-75.54565,5.38493],[-75.54565,5.38493],[-75.54564,5.38488],[-75.54564,5.38486],[-75.54564,5.38485],[-75.54564,5.38485],[-75.54566,5.38483],[-75.54567,5.38482],[-75.54569,5.38481],[-75.54569,5.38481],[-75.54569,5.38481],[-75.54571,5.3848],[-75.54571,5.3848],[-75.54571,5.3848],[-75.54573,5.38478],[-75.54573,5.38478],[-75.54573,5.38478],[-75.54577,5.38472],[-75.54579,5.3847],[-75.54579,5.38469],[-75.54579,5.38469],[-75.5458,5.38468],[-75.5458,5.38468],[-75.5458,5.38467],[-75.5458,5.38467],[-75.5458,5.38467],[-75.54581,5.38467],[-75.54581,5.38466],[-75.54581,5.38466],[-75.54581,5.38466],[-75.54581,5.38465],[-75.54582,5.38465],[-75.54582,5.38465],[-75.54582,5.38464],[-75.54583,5.38463],[-75.54583,5.38463],[-75.54583,5.38463],[-75.54584,5.38462],[-75.54584,5.38462],[-75.54584,5.38461],[-75.54584,5.38461],[-75.54584,5.3846],[-75.54585,5.3846],[-75.54585,5.38459],[-75.54584,5.38458],[-75.54584,5.38458],[-75.54585,5.38457],[-75.54585,5.38456],[-75.54586,5.38455],[-75.54588,5.38454],[-75.54589,5.38454],[-75.54589,5.38454],[-75.5459,5.38454],[-75.54591,5.38453],[-75.54591,5.38453],[-75.54591,5.38453],[-75.54593,5.38452],[-75.54593,5.38452],[-75.54593,5.38452],[-75.54594,5.38451],[-75.54594,5.3845],[-75.54594,5.3845],[-75.54595,5.38449],[-75.54595,5.38448],[-75.54595,5.38448],[-75.54595,5.38448],[-75.54595,5.38448],[-75.54595,5.38447],[-75.54595,5.38447],[-75.54595,5.38447],[-75.54596,5.38446],[-75.54596,5.38446],[-75.54596,5.38445],[-75.54596,5.38444],[-75.54596,5.38444],[-75.54596,5.38444],[-75.54596,5.38443],[-75.54596,5.38442],[-75.54596,5.38442],[-75.54596,5.38441],[-75.54595,5.38441],[-75.54595,5.3844],[-75.54595,5.3844],[-75.54596,5.3844],[-75.54597,5.3844],[-75.54597,5.3844],[-75.54598,5.3844],[-75.54598,5.38439],[-75.54598,5.38439],[-75.54599,5.38439],[-75.54599,5.38439],[-75.54599,5.38439],[-75.54599,5.38438],[-75.546,5.38438],[-75.546,5.38438],[-75.546,5.38438],[-75.54601,5.38437],[-75.54601,5.38437],[-75.54601,5.38437],[-75.54601,5.38436],[-75.54601,5.38436],[-75.54602,5.38436],[-75.54602,5.38436],[-75.54603,5.38435],[-75.54603,5.38435],[-75.54603,5.38435],[-75.54603,5.38434],[-75.54604,5.38434],[-75.54604,5.38434],[-75.54604,5.38433],[-75.54604,5.38433],[-75.54604,5.38433],[-75.54604,5.38432],[-75.54604,5.38432],[-75.54605,5.38432],[-75.54605,5.38431],[-75.54605,5.3843],[-75.54605,5.3843],[-75.54605,5.3843],[-75.54606,5.38429],[-75.54606,5.38429],[-75.54606,5.38428],[-75.54607,5.38428],[-75.54607,5.38428],[-75.54607,5.38427],[-75.54607,5.38426],[-75.54607,5.38426],[-75.54607,5.38423],[-75.54608,5.38421],[-75.54608,5.38421],[-75.54608,5.38421],[-75.54609,5.3842],[-75.54609,5.38419],[-75.54609,5.38419],[-75.54609,5.38417],[-75.54609,5.38417],[-75.5461,5.38417],[-75.54611,5.38415],[-75.54611,5.38415],[-75.54612,5.38414],[-75.54612,5.38414],[-75.54612,5.38413],[-75.54613,5.38413],[-75.54613,5.38412],[-75.54613,5.38411],[-75.54613,5.38411],[-75.54613,5.38411],[-75.54613,5.38409],[-75.54613,5.38408],[-75.54613,5.38408],[-75.54614,5.38408],[-75.54614,5.38408],[-75.54614,5.38407],[-75.54614,5.38407],[-75.54614,5.38406],[-75.54614,5.38406],[-75.54614,5.38406],[-75.54614,5.38405],[-75.54614,5.38405],[-75.54614,5.38404],[-75.54614,5.38404],[-75.54614,5.38403],[-75.54613,5.38403],[-75.54614,5.38401],[-75.54614,5.38401],[-75.54614,5.384],[-75.54614,5.384],[-75.54614,5.38399],[-75.54614,5.38399],[-75.54613,5.38398],[-75.54613,5.38398],[-75.54613,5.38398],[-75.54612,5.38398],[-75.54612,5.38398],[-75.54611,5.38398],[-75.54611,5.38398],[-75.5461,5.38398],[-75.5461,5.38398],[-75.54609,5.38398],[-75.54609,5.38399],[-75.54609,5.38399],[-75.54609,5.384],[-75.54608,5.38401],[-75.54608,5.38402],[-75.54608,5.38402],[-75.54608,5.38402],[-75.54608,5.38404],[-75.54608,5.38405],[-75.54608,5.38405],[-75.54608,5.38405],[-75.54608,5.38406],[-75.54608,5.38406],[-75.54608,5.38406],[-75.54607,5.38407],[-75.54607,5.38407],[-75.54607,5.38408],[-75.54607,5.38408],[-75.54607,5.38409],[-75.54607,5.38409],[-75.54607,5.38411],[-75.54607,5.38411],[-75.54607,5.38411],[-75.54606,5.38413],[-75.54605,5.38413],[-75.54605,5.38413],[-75.54605,5.38414],[-75.54604,5.38415],[-75.54604,5.38415],[-75.54604,5.38416],[-75.54604,5.38416],[-75.54604,5.38416],[-75.54604,5.38418],[-75.54604,5.38418],[-75.54602,5.3842],[-75.54602,5.38421],[-75.54602,5.38421],[-75.54602,5.38421],[-75.54601,5.38422],[-75.54601,5.38423],[-75.54601,5.38423],[-75.54601,5.38424],[-75.54602,5.38426],[-75.54601,5.38427],[-75.546,5.38427],[-75.546,5.38427],[-75.546,5.38428],[-75.54599,5.38428],[-75.54599,5.38429],[-75.54599,5.38429],[-75.54599,5.38429],[-75.54599,5.3843],[-75.54599,5.3843],[-75.54599,5.3843],[-75.54599,5.38431],[-75.54598,5.38431],[-75.54598,5.38432],[-75.54598,5.38432],[-75.54598,5.38432],[-75.54597,5.38432],[-75.54597,5.38433],[-75.54597,5.38433],[-75.54597,5.38433],[-75.54596,5.38434],[-75.54596,5.38434],[-75.54596,5.38434],[-75.54595,5.38434],[-75.54595,5.38434],[-75.54595,5.38435],[-75.54594,5.38435],[-75.54594,5.38435],[-75.54593,5.38435],[-75.54593,5.38435],[-75.54593,5.38435],[-75.54591,5.38436],[-75.54591,5.38437],[-75.5459,5.38437],[-75.5459,5.38438],[-75.5459,5.38438],[-75.5459,5.38438],[-75.5459,5.38438],[-75.54589,5.38439],[-75.54589,5.38439],[-75.54589,5.3844],[-75.54589,5.3844],[-75.54589,5.3844],[-75.5459,5.38441],[-75.5459,5.38441],[-75.5459,5.38442],[-75.5459,5.38443],[-75.54591,5.38443],[-75.54591,5.38444],[-75.54591,5.38444],[-75.5459,5.38445],[-75.5459,5.38445],[-75.5459,5.38445],[-75.54589,5.38446],[-75.54589,5.38446],[-75.54589,5.38447],[-75.54589,5.38447],[-75.54589,5.38448],[-75.54589,5.38448],[-75.54588,5.38449],[-75.54587,5.38449],[-75.54586,5.38449],[-75.54586,5.38449],[-75.54585,5.3845],[-75.54584,5.3845],[-75.54584,5.3845],[-75.54583,5.38451],[-75.54582,5.38452],[-75.54581,5.38452],[-75.5458,5.38454],[-75.5458,5.38454],[-75.5458,5.38454],[-75.54579,5.38456],[-75.54579,5.38456],[-75.54579,5.38457],[-75.54579,5.38458],[-75.54579,5.38458],[-75.54579,5.38458],[-75.54579,5.38459],[-75.54578,5.3846],[-75.54578,5.38461],[-75.54577,5.38461],[-75.54577,5.38461],[-75.54577,5.38462],[-75.54576,5.38462],[-75.54576,5.38463],[-75.54576,5.38463],[-75.54576,5.38463],[-75.54576,5.38463],[-75.54575,5.38464],[-75.54575,5.38464],[-75.54575,5.38465],[-75.54575,5.38465],[-75.54575,5.38465],[-75.54575,5.38466],[-75.54574,5.38466],[-75.54574,5.38466],[-75.54574,5.38467],[-75.54573,5.38468],[-75.54573,5.38468],[-75.54573,5.38469],[-75.54569,5.38474],[-75.54568,5.38476],[-75.54566,5.38476],[-75.54564,5.38477],[-75.54564,5.38477],[-75.54564,5.38477],[-75.54562,5.38479],[-75.54562,5.38479],[-75.54562,5.38479],[-75.5456,5.38481],[-75.5456,5.38482],[-75.54559,5.38482],[-75.54559,5.38483],[-75.54559,5.38484],[-75.54559,5.38484],[-75.54558,5.38486],[-75.54558,5.38486],[-75.54558,5.38486],[-75.54558,5.38489],[-75.54558,5.38489],[-75.54559,5.38494],[-75.5456,5.38495],[-75.54559,5.38497],[-75.54559,5.38498],[-75.54559,5.38498],[-75.54556,5.38501],[-75.54556,5.38501],[-75.54556,5.38501],[-75.54555,5.38502],[-75.54555,5.38502],[-75.54555,5.38502],[-75.54554,5.38504],[-75.54554,5.38505],[-75.54553,5.38506],[-75.54547,5.38511],[-75.54546,5.38511],[-75.54545,5.38512],[-75.54545,5.38513],[-75.54544,5.38514],[-75.54544,5.38514],[-75.54544,5.38515],[-75.54544,5.38516],[-75.54543,5.38516],[-75.54543,5.38517],[-75.54543,5.38519],[-75.54543,5.38519],[-75.54543,5.38519],[-75.54544,5.38526],[-75.54544,5.38528],[-75.54544,5.38529],[-75.54544,5.3853],[-75.54543,5.38532],[-75.54542,5.38532],[-75.54542,5.38533],[-75.54542,5.38534],[-75.54542,5.38534],[-75.54542,5.38534],[-75.54542,5.38536],[-75.54542,5.38536],[-75.54542,5.38536],[-75.54543,5.3854],[-75.54543,5.38541],[-75.54543,5.38541],[-75.54543,5.38541],[-75.54543,5.38541],[-75.54542,5.38542],[-75.54542,5.38542],[-75.54542,5.38543],[-75.54542,5.38543],[-75.54541,5.38544],[-75.54541,5.38544],[-75.54542,5.38545],[-75.54542,5.38547],[-75.54542,5.38547],[-75.54541,5.38547],[-75.54541,5.38547],[-75.54541,5.38548],[-75.54541,5.38548],[-75.54541,5.38549],[-75.54541,5.38549],[-75.54541,5.3855],[-75.54541,5.3855],[-75.54539,5.3855],[-75.54539,5.3855],[-75.54538,5.3855],[-75.54538,5.3855],[-75.54537,5.3855],[-75.54537,5.3855],[-75.54537,5.3855],[-75.54536,5.3855],[-75.54536,5.38551],[-75.54535,5.38551],[-75.54535,5.38551],[-75.54535,5.38552],[-75.54534,5.38552],[-75.54533,5.38552],[-75.54532,5.38552],[-75.54531,5.38552],[-75.5453,5.38552],[-75.5453,5.38552],[-75.54529,5.38551],[-75.54529,5.38551],[-75.54528,5.38551],[-75.54528,5.3855],[-75.54528,5.3855],[-75.54527,5.3855],[-75.54526,5.3855],[-75.54526,5.3855],[-75.54525,5.3855],[-75.54523,5.3855],[-75.54523,5.3855],[-75.54523,5.3855],[-75.54522,5.3855],[-75.54522,5.38549],[-75.54521,5.38549],[-75.54521,5.38549],[-75.5452,5.38549],[-75.54519,5.38549],[-75.54519,5.38549],[-75.54518,5.38549],[-75.54518,5.38549],[-75.54517,5.38549],[-75.54515,5.3855],[-75.54515,5.3855],[-75.54514,5.3855],[-75.54514,5.38551],[-75.54512,5.38551],[-75.54512,5.38551],[-75.54512,5.38551],[-75.54511,5.38552],[-75.5451,5.38552],[-75.5451,5.38552],[-75.54509,5.38553],[-75.54509,5.38554],[-75.54508,5.38555],[-75.54508,5.38555],[-75.54507,5.38556],[-75.54507,5.38556],[-75.54507,5.38557],[-75.54507,5.38558],[-75.54506,5.38558],[-75.54506,5.38558],[-75.54506,5.38559],[-75.54506,5.3856],[-75.54506,5.3856],[-75.54504,5.38561],[-75.54504,5.38561],[-75.54504,5.38562],[-75.54503,5.38563],[-75.54503,5.38563],[-75.54503,5.38563],[-75.54503,5.38564],[-75.54503,5.38564],[-75.54503,5.38567],[-75.54501,5.38568],[-75.545,5.38568],[-75.545,5.38568],[-75.545,5.38569],[-75.54499,5.3857],[-75.54499,5.3857],[-75.54499,5.3857],[-75.54499,5.38572],[-75.54497,5.38573],[-75.54497,5.38573],[-75.54497,5.38574],[-75.54496,5.38574],[-75.54496,5.38575],[-75.54496,5.38575],[-75.54496,5.38576],[-75.54496,5.38576],[-75.54496,5.38577],[-75.54496,5.38577],[-75.54496,5.38578],[-75.54495,5.38579],[-75.54495,5.38579],[-75.54494,5.38579],[-75.54494,5.38579],[-75.54494,5.3858],[-75.54494,5.38581],[-75.54494,5.38581],[-75.54494,5.38581],[-75.54494,5.38582],[-75.54492,5.38583],[-75.54491,5.38583],[-75.54491,5.38583],[-75.54491,5.38584],[-75.5449,5.38585],[-75.5449,5.38585],[-75.5449,5.38586],[-75.5449,5.38586],[-75.5449,5.38587],[-75.5449,5.38587],[-75.5449,5.38589],[-75.5449,5.3859],[-75.5449,5.3859],[-75.54488,5.38592],[-75.54487,5.38592],[-75.54487,5.38592],[-75.54486,5.38594],[-75.54486,5.38594],[-75.54486,5.38594],[-75.54486,5.38596],[-75.54486,5.38596],[-75.54486,5.38596],[-75.54485,5.38598],[-75.54485,5.38598],[-75.54485,5.38598],[-75.54486,5.38599],[-75.54486,5.386],[-75.54486,5.386],[-75.54486,5.38601],[-75.54486,5.38601],[-75.54487,5.38602],[-75.54487,5.38602],[-75.54487,5.38602],[-75.54487,5.38603],[-75.54487,5.38603],[-75.54487,5.38604],[-75.54487,5.38605],[-75.54487,5.38606],[-75.54485,5.38607],[-75.54485,5.38608],[-75.54485,5.38608],[-75.54484,5.38609],[-75.54484,5.38609],[-75.54484,5.3861],[-75.54484,5.3861],[-75.54484,5.38611],[-75.54484,5.38612],[-75.54484,5.38612],[-75.54484,5.38615],[-75.54484,5.38615],[-75.54483,5.38616],[-75.54483,5.38616],[-75.54483,5.38616],[-75.54483,5.38617],[-75.54483,5.38617],[-75.54483,5.38618],[-75.54483,5.38618],[-75.54483,5.38619],[-75.54483,5.38621],[-75.54481,5.38622],[-75.54481,5.38623],[-75.54481,5.38623],[-75.5448,5.38624],[-75.5448,5.38624],[-75.5448,5.38625],[-75.5448,5.38625],[-75.5448,5.38626],[-75.5448,5.38626],[-75.5448,5.38626],[-75.5448,5.38627],[-75.54479,5.38627],[-75.54479,5.38628],[-75.54479,5.38628],[-75.54479,5.38629],[-75.54478,5.38629],[-75.54478,5.38629],[-75.54477,5.3863],[-75.54477,5.3863],[-75.54476,5.38631],[-75.54476,5.38631],[-75.54475,5.38633],[-75.54475,5.38633],[-75.54474,5.38633],[-75.54474,5.38633],[-75.54472,5.38633],[-75.54472,5.38633],[-75.54472,5.38633],[-75.54472,5.38634],[-75.5447,5.38635],[-75.5447,5.38635],[-75.5447,5.38635],[-75.54468,5.38637],[-75.54468,5.38637],[-75.54468,5.38638],[-75.54467,5.3864],[-75.54467,5.3864],[-75.54467,5.38641],[-75.54466,5.38642],[-75.54466,5.38642],[-75.54466,5.38642],[-75.54466,5.38643],[-75.54465,5.38643],[-75.54465,5.38644],[-75.54465,5.38644],[-75.54465,5.38644],[-75.54465,5.38645],[-75.54465,5.38646],[-75.54465,5.38646],[-75.54465,5.38647],[-75.54465,5.38648],[-75.54465,5.38648],[-75.54466,5.38651],[-75.54466,5.38652],[-75.54466,5.38652],[-75.54465,5.38652],[-75.54464,5.38654],[-75.54464,5.38654],[-75.54464,5.38654],[-75.54463,5.38655],[-75.54463,5.38656],[-75.54463,5.38656],[-75.54463,5.38656],[-75.54463,5.38657],[-75.54463,5.38658],[-75.54463,5.38658],[-75.54462,5.38659],[-75.54462,5.38659],[-75.54462,5.38659],[-75.54462,5.3866],[-75.54462,5.3866],[-75.54462,5.38661],[-75.54462,5.38662],[-75.54461,5.38662],[-75.54461,5.38662],[-75.54461,5.38662],[-75.54459,5.38662],[-75.54459,5.38662],[-75.54459,5.38663],[-75.54457,5.38663],[-75.54457,5.38663],[-75.54456,5.38664],[-75.54455,5.38664],[-75.54455,5.38665],[-75.54455,5.38665],[-75.54454,5.38666],[-75.54454,5.38667],[-75.54454,5.38667],[-75.54453,5.38669],[-75.54453,5.38669],[-75.54452,5.38672],[-75.54451,5.38674],[-75.54449,5.38676],[-75.54448,5.38678],[-75.54446,5.38679],[-75.54445,5.3868],[-75.54443,5.3868],[-75.54441,5.38681],[-75.54441,5.38681],[-75.5444,5.38681],[-75.5444,5.38681],[-75.5444,5.38681],[-75.54439,5.38681],[-75.54438,5.38682],[-75.54437,5.38682],[-75.54437,5.38683],[-75.54436,5.38684],[-75.54436,5.38684],[-75.54435,5.38685],[-75.54435,5.38685],[-75.54435,5.38686],[-75.54435,5.38687],[-75.54435,5.38687],[-75.54435,5.38689],[-75.54435,5.38689],[-75.54434,5.3869],[-75.54434,5.3869],[-75.54434,5.3869],[-75.54434,5.38691],[-75.54434,5.38691],[-75.54433,5.38691],[-75.54433,5.38692],[-75.54433,5.38692],[-75.54433,5.38692],[-75.54433,5.38693],[-75.54433,5.38694],[-75.54433,5.38694],[-75.54433,5.38694],[-75.54433,5.38696],[-75.54433,5.38696],[-75.54433,5.38697],[-75.54433,5.38697],[-75.54433,5.38698],[-75.54433,5.38698],[-75.54434,5.38698],[-75.54434,5.38699],[-75.54434,5.38699],[-75.54434,5.387],[-75.54434,5.387],[-75.54434,5.38701],[-75.54434,5.38701],[-75.54434,5.38701],[-75.54434,5.38702],[-75.54434,5.38704],[-75.54434,5.38704],[-75.54434,5.38705],[-75.54433,5.38706],[-75.54433,5.38706],[-75.54433,5.38706],[-75.54433,5.38706],[-75.54433,5.38706],[-75.54433,5.38706],[-75.54433,5.38706],[-75.54433,5.38706],[-75.54432,5.38707],[-75.54432,5.38707],[-75.54432,5.38707],[-75.54432,5.38707],[-75.54432,5.38707],[-75.54432,5.38707],[-75.54432,5.38708],[-75.54432,5.38708],[-75.54432,5.38708],[-75.54432,5.38708],[-75.54432,5.38708],[-75.54432,5.38708],[-75.54432,5.38709],[-75.54432,5.38709],[-75.54432,5.38709],[-75.54432,5.3871],[-75.54431,5.3871],[-75.54431,5.38711],[-75.54431,5.38711],[-75.54431,5.38711],[-75.54431,5.38711],[-75.54431,5.38711],[-75.5443,5.38712],[-75.5443,5.38712],[-75.5443,5.38712],[-75.5443,5.38712],[-75.5443,5.38712],[-75.5443,5.38712],[-75.5443,5.38713],[-75.5443,5.38713],[-75.5443,5.38713],[-75.5443,5.38714],[-75.5443,5.38714],[-75.5443,5.38714],[-75.5443,5.38714],[-75.5443,5.38714],[-75.5443,5.38715],[-75.5443,5.38715],[-75.5443,5.38715],[-75.5443,5.38715],[-75.54429,5.38715],[-75.54429,5.38715],[-75.54429,5.38715],[-75.54426,5.38716],[-75.54426,5.38716],[-75.54426,5.38716],[-75.54426,5.38716],[-75.54426,5.38716],[-75.54424,5.38716],[-75.54424,5.38716],[-75.54424,5.38717],[-75.54424,5.38717],[-75.54423,5.38717],[-75.54422,5.38718],[-75.54422,5.38718],[-75.54421,5.38718],[-75.54421,5.38718],[-75.54421,5.38718],[-75.5442,5.3872],[-75.5442,5.3872],[-75.54419,5.3872],[-75.54419,5.3872],[-75.54419,5.3872],[-75.54418,5.38722],[-75.54418,5.38722],[-75.54418,5.38722],[-75.54418,5.38722],[-75.54416,5.38724],[-75.54416,5.38724],[-75.54416,5.38724],[-75.54416,5.38725],[-75.54415,5.38727],[-75.54415,5.38727],[-75.54415,5.38727],[-75.54415,5.38727],[-75.54414,5.38728],[-75.54414,5.38729],[-75.54414,5.38729],[-75.54414,5.38729],[-75.54413,5.38729],[-75.54413,5.38729],[-75.54413,5.38729],[-75.54413,5.38729],[-75.54413,5.38729],[-75.54411,5.3873],[-75.54411,5.3873],[-75.54411,5.3873],[-75.54411,5.3873],[-75.54411,5.3873],[-75.54411,5.3873],[-75.54411,5.3873],[-75.54409,5.38732],[-75.54409,5.38732],[-75.54409,5.38732],[-75.54409,5.38732],[-75.54408,5.38734],[-75.54406,5.38734],[-75.54405,5.38734],[-75.54405,5.38734],[-75.54405,5.38734],[-75.54405,5.38734],[-75.54405,5.38734],[-75.54405,5.38734],[-75.54404,5.38734],[-75.54404,5.38734],[-75.54403,5.38734],[-75.54403,5.38734],[-75.54403,5.38734],[-75.54403,5.38734],[-75.54403,5.38734],[-75.54403,5.38734],[-75.54403,5.38735],[-75.54402,5.38735],[-75.54402,5.38735],[-75.54402,5.38735],[-75.54402,5.38735],[-75.54402,5.38735],[-75.54401,5.38735],[-75.54401,5.38735],[-75.54401,5.38735],[-75.54401,5.38735],[-75.54401,5.38735],[-75.544,5.38735],[-75.544,5.38735],[-75.544,5.38735],[-75.544,5.38736],[-75.544,5.38736],[-75.544,5.38736],[-75.544,5.38736],[-75.54399,5.38735],[-75.54398,5.38735],[-75.54398,5.38735],[-75.54398,5.38735],[-75.54398,5.38735],[-75.54398,5.38735],[-75.54398,5.38735],[-75.54398,5.38735],[-75.54397,5.38735],[-75.54397,5.38735],[-75.54396,5.38735],[-75.54396,5.38735],[-75.54396,5.38735],[-75.54396,5.38736],[-75.54396,5.38736],[-75.54396,5.38736],[-75.54395,5.38736],[-75.54395,5.38736],[-75.54395,5.38736],[-75.54395,5.38736],[-75.54395,5.38736],[-75.54394,5.38736],[-75.54394,5.38736],[-75.54394,5.38736],[-75.54393,5.38736],[-75.54393,5.38736],[-75.54393,5.38736],[-75.54393,5.38736],[-75.54393,5.38736],[-75.54393,5.38737],[-75.54393,5.38737],[-75.54392,5.38737],[-75.54392,5.38737],[-75.54391,5.38737],[-75.54391,5.38737],[-75.54391,5.38737],[-75.54391,5.38738],[-75.54391,5.38738],[-75.5439,5.38738],[-75.5439,5.38739],[-75.5439,5.38739],[-75.5439,5.38739],[-75.5439,5.38739],[-75.54389,5.3874],[-75.54389,5.3874],[-75.54389,5.3874],[-75.54389,5.3874],[-75.54389,5.38741],[-75.54389,5.38741],[-75.54389,5.38742],[-75.54389,5.38742],[-75.54388,5.38742],[-75.54388,5.38742],[-75.54388,5.38742],[-75.54388,5.38743],[-75.54388,5.38743],[-75.54385,5.38745],[-75.54385,5.38745],[-75.54385,5.38745],[-75.54385,5.38746],[-75.54385,5.38746],[-75.54384,5.38746],[-75.54384,5.38746],[-75.54384,5.38746],[-75.54384,5.38747],[-75.54384,5.38747],[-75.54384,5.38747],[-75.54384,5.38747],[-75.54383,5.38748],[-75.54383,5.38748],[-75.54383,5.38748],[-75.54383,5.38748],[-75.54383,5.38748],[-75.54383,5.38748],[-75.54383,5.38748],[-75.54383,5.38751],[-75.54381,5.38752],[-75.54381,5.38752],[-75.54381,5.38752],[-75.54381,5.38752],[-75.54381,5.38752],[-75.5438,5.38753],[-75.5438,5.38753],[-75.5438,5.38753],[-75.5438,5.38754],[-75.5438,5.38754],[-75.5438,5.38754],[-75.5438,5.38754],[-75.5438,5.38754],[-75.5438,5.38755],[-75.54379,5.38756],[-75.54378,5.38757],[-75.54377,5.38757],[-75.54376,5.38757],[-75.54376,5.38757],[-75.54376,5.38757],[-75.54376,5.38757],[-75.54376,5.38757],[-75.54375,5.38757],[-75.54375,5.38757],[-75.54375,5.38757],[-75.54375,5.38757],[-75.54375,5.38757],[-75.54375,5.38757],[-75.54374,5.38757],[-75.54374,5.38757],[-75.54374,5.38758],[-75.54374,5.38758],[-75.54374,5.38758],[-75.54374,5.38758],[-75.54374,5.38758],[-75.54374,5.38758],[-75.54373,5.38758],[-75.54373,5.38758],[-75.54373,5.38758],[-75.54373,5.38758],[-75.54373,5.38758],[-75.54373,5.38758],[-75.54372,5.38758],[-75.54372,5.38758],[-75.54372,5.38758],[-75.54372,5.38759],[-75.54372,5.38759],[-75.54372,5.38759],[-75.54372,5.38759],[-75.54372,5.38759],[-75.54371,5.38759],[-75.54371,5.38759],[-75.54371,5.3876],[-75.54371,5.3876],[-75.54371,5.3876],[-75.54371,5.3876],[-75.54371,5.38761],[-75.54369,5.38761],[-75.54369,5.38761],[-75.54369,5.38761],[-75.54369,5.38761],[-75.54369,5.38761],[-75.54368,5.38761],[-75.54368,5.38761],[-75.54368,5.38762],[-75.54368,5.38762],[-75.54367,5.38762],[-75.54367,5.38762],[-75.54367,5.38762],[-75.54366,5.38764],[-75.54364,5.38765],[-75.54364,5.38765],[-75.54362,5.38764],[-75.54362,5.38764],[-75.54362,5.38764],[-75.54362,5.38764],[-75.54362,5.38764],[-75.54361,5.38764],[-75.54361,5.38764],[-75.54361,5.38764],[-75.54361,5.38764],[-75.5436,5.38764],[-75.5436,5.38764],[-75.5436,5.38764],[-75.5436,5.38765],[-75.54359,5.38765],[-75.54359,5.38765],[-75.54359,5.38765],[-75.54359,5.38765],[-75.54359,5.38765],[-75.54359,5.38765],[-75.54359,5.38765],[-75.54358,5.38765],[-75.54358,5.38765],[-75.54358,5.38765],[-75.54358,5.38765],[-75.54358,5.38765],[-75.54358,5.38765],[-75.54358,5.38765],[-75.54357,5.38765],[-75.54357,5.38765],[-75.54357,5.38765],[-75.54357,5.38765],[-75.54357,5.38765],[-75.54356,5.38765],[-75.54356,5.38765],[-75.54356,5.38765],[-75.54356,5.38765],[-75.54356,5.38766],[-75.54356,5.38766],[-75.54355,5.38766],[-75.54355,5.38766],[-75.54355,5.38766],[-75.54355,5.38766],[-75.54355,5.38766],[-75.54353,5.38767],[-75.54353,5.38767],[-75.54353,5.38767],[-75.54353,5.38767],[-75.54353,5.38767],[-75.54352,5.38767],[-75.54352,5.38767],[-75.54352,5.38767],[-75.54352,5.38767],[-75.54352,5.38767],[-75.5435,5.38769],[-75.5435,5.38769],[-75.54349,5.38769],[-75.54348,5.3877],[-75.54347,5.3877],[-75.54346,5.38769],[-75.54345,5.38769],[-75.54344,5.38769],[-75.54344,5.38768],[-75.54343,5.38767],[-75.54343,5.38767],[-75.54343,5.38767],[-75.54343,5.38767],[-75.54342,5.38767],[-75.54342,5.38767],[-75.54342,5.38767],[-75.54342,5.38767],[-75.54342,5.38767],[-75.54342,5.38767],[-75.54341,5.38767],[-75.54341,5.38767],[-75.54341,5.38767],[-75.54341,5.38767],[-75.5434,5.38766],[-75.5434,5.38766],[-75.5434,5.38766],[-75.5434,5.38766],[-75.5434,5.38766],[-75.54339,5.38766],[-75.54339,5.38765],[-75.54339,5.38765],[-75.54339,5.38765],[-75.54339,5.38765],[-75.54338,5.38765],[-75.54338,5.38765],[-75.54338,5.38765],[-75.54338,5.38765],[-75.54337,5.38765],[-75.54337,5.38765],[-75.54337,5.38765],[-75.54336,5.38765],[-75.54336,5.38765],[-75.54336,5.38765],[-75.54336,5.38765],[-75.54336,5.38765],[-75.54335,5.38765],[-75.54335,5.38765],[-75.54335,5.38765],[-75.54335,5.38765],[-75.54335,5.38765],[-75.54334,5.38765],[-75.54334,5.38765],[-75.54334,5.38765],[-75.54334,5.38766],[-75.54334,5.38766],[-75.54334,5.38766],[-75.54334,5.38766],[-75.54333,5.38766],[-75.54333,5.38766],[-75.54333,5.38767],[-75.54331,5.38766],[-75.54331,5.38766],[-75.54331,5.38766],[-75.54331,5.38766],[-75.5433,5.38766],[-75.5433,5.38766],[-75.5433,5.38766],[-75.54329,5.38766],[-75.54328,5.38766],[-75.54328,5.38766],[-75.54328,5.38767],[-75.54328,5.38767],[-75.54328,5.38767],[-75.54328,5.38767],[-75.54327,5.38767],[-75.54327,5.38767],[-75.54327,5.38767],[-75.54327,5.38767],[-75.54327,5.38767],[-75.54327,5.38767],[-75.54327,5.38767],[-75.54326,5.38768],[-75.54326,5.38768],[-75.54326,5.38768],[-75.54326,5.38768],[-75.54326,5.38768],[-75.54326,5.38768],[-75.54326,5.38769],[-75.54326,5.38769],[-75.54326,5.38769],[-75.54326,5.38769],[-75.54326,5.38769],[-75.54326,5.38769],[-75.54325,5.38769],[-75.54325,5.38769],[-75.54325,5.38769],[-75.54325,5.38769],[-75.54324,5.38769],[-75.54324,5.3877],[-75.54324,5.3877],[-75.54324,5.3877],[-75.54324,5.3877],[-75.54324,5.3877],[-75.54323,5.3877],[-75.54323,5.3877],[-75.54323,5.3877],[-75.54322,5.3877],[-75.54322,5.38771],[-75.54322,5.38771],[-75.54322,5.38771],[-75.54322,5.38771],[-75.54322,5.38771],[-75.54322,5.38771],[-75.54321,5.38772],[-75.54321,5.38772],[-75.54321,5.38771],[-75.5432,5.38771],[-75.5432,5.38771],[-75.5432,5.38771],[-75.54319,5.3877],[-75.54318,5.3877],[-75.54317,5.3877],[-75.54316,5.38769],[-75.54315,5.38768],[-75.54315,5.38767],[-75.54315,5.38766],[-75.54315,5.38765],[-75.54316,5.38765],[-75.54316,5.38765],[-75.54316,5.38764],[-75.54316,5.38764],[-75.54317,5.38764],[-75.54317,5.38763],[-75.54317,5.38763],[-75.54317,5.38762],[-75.54317,5.38762],[-75.54316,5.38761],[-75.54316,5.38759],[-75.54316,5.38758],[-75.54317,5.38752],[-75.54317,5.38752],[-75.54317,5.3875],[-75.54317,5.3875],[-75.54317,5.3875],[-75.54317,5.38748],[-75.54317,5.38747],[-75.54317,5.38747],[-75.54316,5.38746],[-75.54316,5.38745],[-75.54316,5.38745],[-75.54315,5.38744],[-75.54315,5.38744],[-75.54315,5.38743],[-75.54316,5.38743],[-75.54316,5.38743],[-75.54316,5.38742],[-75.54317,5.38742],[-75.54317,5.38741],[-75.54317,5.3874],[-75.54317,5.3874],[-75.54317,5.38739],[-75.54317,5.38738],[-75.54317,5.38738],[-75.54317,5.38738],[-75.54317,5.38734],[-75.54317,5.38733],[-75.54317,5.38733],[-75.54319,5.38731],[-75.54319,5.38731],[-75.54319,5.3873],[-75.5432,5.38729],[-75.5432,5.38728],[-75.5432,5.38728],[-75.5432,5.38726],[-75.5432,5.38726],[-75.5432,5.38726],[-75.5432,5.38724],[-75.5432,5.38724],[-75.5432,5.38723],[-75.54319,5.38721],[-75.54319,5.38721],[-75.54319,5.3872],[-75.54319,5.3872],[-75.54318,5.3872],[-75.54318,5.3872],[-75.54317,5.38719],[-75.54317,5.38719],[-75.54317,5.38719],[-75.54316,5.38719],[-75.54316,5.38719],[-75.54315,5.3872],[-75.54315,5.3872],[-75.54315,5.3872],[-75.54314,5.38721],[-75.54314,5.38721],[-75.54314,5.38721],[-75.54314,5.38722],[-75.54314,5.38722],[-75.54314,5.38723],[-75.54315,5.38725],[-75.54315,5.38726],[-75.54315,5.38727],[-75.54314,5.38728],[-75.54313,5.3873],[-75.54313,5.3873],[-75.54312,5.3873],[-75.54312,5.38731],[-75.54312,5.38732],[-75.54312,5.38732],[-75.54312,5.38733],[-75.54312,5.38734],[-75.54312,5.38734],[-75.54312,5.38738],[-75.54312,5.38739],[-75.54312,5.38739],[-75.54311,5.3874],[-75.54311,5.3874],[-75.5431,5.38741],[-75.5431,5.38741],[-75.5431,5.38741],[-75.5431,5.38742],[-75.5431,5.38743],[-75.5431,5.38743],[-75.5431,5.38743],[-75.5431,5.38744],[-75.5431,5.38745],[-75.5431,5.38745],[-75.5431,5.38746],[-75.54311,5.38747],[-75.54311,5.38748],[-75.54311,5.3875],[-75.54311,5.38752],[-75.54311,5.38757],[-75.54311,5.38758],[-75.54311,5.3876],[-75.54311,5.3876],[-75.54311,5.38762],[-75.54311,5.38762],[-75.54311,5.38762],[-75.54311,5.38762],[-75.5431,5.38763],[-75.5431,5.38763],[-75.5431,5.38764],[-75.5431,5.38764],[-75.54309,5.38765],[-75.54309,5.38766],[-75.54309,5.38766],[-75.5431,5.38768],[-75.5431,5.38768],[-75.5431,5.38769],[-75.5431,5.3877],[-75.54311,5.3877],[-75.54311,5.38771],[-75.54312,5.38772],[-75.54312,5.38772],[-75.54312,5.38773],[-75.54314,5.38774],[-75.54314,5.38774],[-75.54314,5.38774],[-75.54316,5.38775],[-75.54316,5.38775],[-75.54316,5.38775],[-75.54316,5.38775],[-75.54316,5.38775],[-75.54316,5.38775],[-75.54315,5.38776],[-75.54315,5.38776],[-75.54315,5.38776],[-75.54315,5.38776],[-75.54315,5.38776],[-75.54315,5.38776],[-75.54314,5.38776],[-75.54314,5.38776],[-75.54314,5.38777],[-75.54314,5.38777],[-75.54314,5.38778],[-75.54314,5.38778],[-75.54312,5.38778],[-75.54312,5.38778],[-75.54312,5.38778],[-75.54312,5.38778],[-75.54312,5.38778],[-75.54311,5.38778],[-75.54311,5.38778],[-75.54311,5.38778],[-75.54311,5.38778],[-75.54311,5.38778],[-75.54311,5.38778],[-75.5431,5.38778],[-75.5431,5.38778],[-75.5431,5.38778],[-75.5431,5.38778],[-75.5431,5.38778],[-75.5431,5.38779],[-75.5431,5.38779],[-75.5431,5.38779],[-75.5431,5.38779],[-75.54309,5.38779],[-75.54309,5.38779],[-75.54309,5.38779],[-75.54309,5.3878],[-75.54309,5.3878],[-75.54309,5.3878],[-75.54309,5.3878],[-75.54309,5.3878],[-75.54309,5.3878],[-75.54309,5.38781],[-75.54309,5.38781],[-75.54309,5.38781],[-75.54309,5.38781],[-75.54309,5.38781],[-75.54309,5.38782],[-75.5431,5.38782],[-75.5431,5.38782],[-75.5431,5.38782],[-75.5431,5.38782],[-75.5431,5.38782],[-75.5431,5.38782],[-75.5431,5.38782],[-75.5431,5.38783],[-75.54311,5.38783],[-75.54311,5.38783],[-75.54311,5.38783],[-75.54311,5.38783],[-75.54311,5.38783],[-75.54311,5.38783],[-75.54311,5.38783],[-75.54313,5.38783],[-75.54313,5.38783],[-75.54313,5.38783],[-75.54314,5.38783],[-75.54314,5.38783],[-75.54314,5.38783],[-75.54314,5.38783],[-75.54316,5.38783],[-75.54316,5.38783],[-75.54316,5.38783],[-75.54316,5.38783],[-75.54316,5.38783],[-75.54316,5.38783],[-75.54317,5.38783],[-75.54317,5.38782],[-75.54317,5.38782],[-75.54317,5.38782],[-75.54317,5.38782],[-75.54317,5.38782],[-75.54318,5.38782],[-75.54318,5.38781],[-75.54318,5.38781],[-75.54318,5.38781],[-75.54318,5.38781],[-75.54318,5.3878],[-75.54319,5.38781],[-75.54319,5.38781],[-75.54319,5.38781],[-75.54319,5.38781],[-75.5432,5.38781],[-75.5432,5.38781],[-75.5432,5.3878],[-75.54321,5.3878],[-75.54321,5.3878],[-75.54322,5.3878],[-75.54322,5.3878],[-75.54322,5.3878],[-75.54322,5.3878],[-75.54322,5.3878],[-75.54323,5.38779],[-75.54323,5.38779],[-75.54323,5.38779],[-75.54323,5.38779],[-75.54324,5.38779],[-75.54324,5.38778],[-75.54324,5.38778],[-75.54325,5.38778],[-75.54325,5.38778],[-75.54325,5.38778],[-75.54325,5.38777],[-75.54325,5.38777],[-75.54326,5.38777],[-75.54326,5.38777],[-75.54326,5.38777],[-75.54326,5.38777],[-75.54326,5.38777],[-75.54326,5.38776],[-75.54326,5.38776],[-75.54326,5.38776],[-75.54326,5.38775],[-75.54326,5.38775],[-75.54326,5.38775],[-75.54326,5.38775],[-75.54326,5.38775],[-75.54326,5.38775],[-75.54327,5.38775],[-75.54327,5.38775],[-75.54328,5.38774],[-75.54328,5.38774],[-75.54328,5.38774],[-75.54328,5.38774],[-75.54328,5.38774],[-75.54328,5.38774],[-75.54329,5.38774],[-75.54329,5.38774],[-75.54329,5.38773],[-75.54329,5.38773],[-75.5433,5.38773],[-75.5433,5.38773],[-75.5433,5.38772],[-75.5433,5.38772],[-75.5433,5.38772],[-75.54331,5.38772],[-75.54331,5.38772],[-75.54331,5.38772],[-75.54331,5.38772],[-75.54331,5.38772],[-75.54333,5.38772],[-75.54333,5.38772],[-75.54334,5.38772],[-75.54334,5.38772],[-75.54334,5.38772],[-75.54334,5.38772],[-75.54334,5.38772],[-75.54335,5.38772],[-75.54335,5.38772],[-75.54335,5.38772],[-75.54335,5.38772],[-75.54335,5.38772],[-75.54336,5.38772],[-75.54336,5.38772],[-75.54336,5.38772],[-75.54336,5.38771],[-75.54336,5.38771],[-75.54336,5.38771],[-75.54337,5.38771],[-75.54337,5.38771],[-75.54337,5.38771],[-75.54337,5.38771],[-75.54337,5.38771],[-75.54337,5.38771],[-75.54337,5.38771],[-75.54338,5.38771],[-75.54338,5.38771],[-75.54338,5.38771],[-75.54338,5.38772],[-75.54339,5.38772],[-75.54339,5.38772],[-75.54339,5.38772],[-75.54339,5.38772],[-75.54339,5.38772],[-75.54339,5.38772],[-75.54339,5.38772],[-75.5434,5.38772],[-75.5434,5.38772],[-75.5434,5.38772],[-75.5434,5.38772],[-75.5434,5.38772],[-75.5434,5.38772],[-75.5434,5.38773],[-75.54342,5.38773],[-75.54342,5.38773],[-75.54342,5.38773],[-75.54342,5.38773],[-75.54342,5.38773],[-75.54343,5.38774],[-75.54343,5.38774],[-75.54343,5.38774],[-75.54343,5.38774],[-75.54345,5.38775],[-75.54345,5.38775],[-75.54345,5.38775],[-75.54345,5.38775],[-75.54347,5.38775],[-75.54347,5.38775],[-75.54347,5.38775],[-75.54347,5.38775],[-75.54348,5.38775],[-75.54349,5.38775],[-75.54349,5.38775],[-75.54349,5.38775],[-75.5435,5.38775],[-75.5435,5.38775],[-75.5435,5.38775],[-75.54351,5.38775],[-75.54351,5.38775],[-75.54352,5.38774],[-75.54352,5.38774],[-75.54352,5.38774],[-75.54352,5.38774],[-75.54352,5.38774],[-75.54353,5.38774],[-75.54353,5.38774],[-75.54353,5.38773],[-75.54354,5.38773],[-75.54354,5.38773],[-75.54354,5.38773],[-75.54355,5.38772],[-75.54357,5.38772],[-75.54357,5.38772],[-75.54357,5.38771],[-75.54357,5.38771],[-75.54357,5.38771],[-75.54357,5.38771],[-75.54358,5.38771],[-75.54358,5.38771],[-75.54358,5.38771],[-75.54358,5.38771],[-75.54358,5.38771],[-75.54358,5.38771],[-75.54358,5.38771],[-75.54358,5.38771],[-75.54359,5.38771],[-75.54359,5.38771],[-75.54359,5.38771],[-75.54359,5.38771],[-75.5436,5.38771],[-75.5436,5.38771],[-75.5436,5.38771],[-75.5436,5.38771],[-75.5436,5.38771],[-75.5436,5.38771],[-75.54361,5.38771],[-75.54361,5.38771],[-75.54361,5.38771],[-75.54361,5.3877],[-75.54361,5.3877],[-75.54362,5.3877],[-75.54363,5.3877],[-75.54363,5.3877],[-75.54363,5.3877],[-75.54363,5.3877],[-75.54363,5.3877],[-75.54363,5.3877],[-75.54364,5.3877],[-75.54364,5.3877],[-75.54364,5.3877],[-75.54364,5.3877],[-75.54365,5.3877],[-75.54365,5.3877],[-75.54365,5.3877],[-75.54365,5.3877],[-75.54367,5.38769],[-75.54367,5.38769],[-75.54367,5.38769],[-75.54367,5.38769],[-75.54367,5.38769],[-75.54367,5.38769],[-75.54369,5.38768],[-75.54369,5.38768],[-75.54369,5.38768],[-75.54369,5.38768],[-75.54371,5.38766],[-75.54371,5.38766],[-75.54373,5.38766],[-75.54373,5.38766],[-75.54373,5.38766],[-75.54373,5.38766],[-75.54373,5.38765],[-75.54373,5.38765],[-75.54373,5.38765],[-75.54374,5.38765],[-75.54374,5.38765],[-75.54374,5.38765],[-75.54374,5.38765],[-75.54375,5.38764],[-75.54375,5.38764],[-75.54375,5.38764],[-75.54375,5.38764],[-75.54375,5.38764],[-75.54375,5.38764],[-75.54375,5.38764],[-75.54375,5.38763],[-75.54375,5.38763],[-75.54376,5.38763],[-75.54376,5.38763],[-75.54376,5.38763],[-75.54376,5.38763],[-75.54376,5.38763],[-75.54376,5.38763],[-75.54377,5.38763],[-75.54377,5.38763],[-75.54377,5.38763],[-75.54377,5.38763],[-75.54377,5.38763],[-75.54377,5.38763],[-75.54377,5.38762],[-75.54378,5.38762],[-75.54378,5.38762],[-75.54378,5.38762],[-75.54378,5.38762],[-75.54379,5.38762],[-75.54379,5.38762],[-75.54379,5.38762],[-75.54379,5.38762],[-75.5438,5.38762],[-75.54381,5.38764],[-75.54381,5.38764],[-75.54382,5.38764],[-75.54382,5.38765],[-75.54382,5.38765],[-75.54383,5.38765],[-75.54383,5.38765],[-75.54384,5.38766],[-75.54384,5.38766],[-75.54384,5.38766],[-75.54386,5.38766],[-75.54386,5.38766],[-75.54388,5.38767],[-75.54388,5.38767],[-75.54389,5.38768],[-75.54389,5.38768],[-75.5439,5.38768],[-75.54391,5.38769],[-75.54391,5.38769],[-75.54392,5.38769],[-75.54393,5.38769],[-75.54393,5.38769],[-75.54393,5.38769],[-75.54394,5.38769],[-75.54395,5.3877],[-75.54396,5.3877],[-75.54396,5.38771],[-75.54396,5.38771],[-75.54397,5.38771],[-75.54397,5.38771],[-75.54398,5.38771],[-75.544,5.38772],[-75.54401,5.38773],[-75.54401,5.38773],[-75.54402,5.38773],[-75.54402,5.38774],[-75.54403,5.38774],[-75.54403,5.38774],[-75.54403,5.38774],[-75.54404,5.38774],[-75.54405,5.38774],[-75.54405,5.38774],[-75.54408,5.38774],[-75.54408,5.38774],[-75.54409,5.38774],[-75.5441,5.38775],[-75.54413,5.38778],[-75.54414,5.38779],[-75.54414,5.38779],[-75.54414,5.3878],[-75.54415,5.3878],[-75.54415,5.38781],[-75.54416,5.38781],[-75.54416,5.38781],[-75.54417,5.38781],[-75.54417,5.38781],[-75.54418,5.38781],[-75.54419,5.38781],[-75.5442,5.38781],[-75.5442,5.38782],[-75.54421,5.38783],[-75.54424,5.38787],[-75.54424,5.38787],[-75.54425,5.38789],[-75.54425,5.38789],[-75.54426,5.38789],[-75.54427,5.3879],[-75.54427,5.38791],[-75.54428,5.38791],[-75.54428,5.38791],[-75.54429,5.38791],[-75.5443,5.38791],[-75.5443,5.38791],[-75.5443,5.38791],[-75.5443,5.38792],[-75.54431,5.38792],[-75.54431,5.38792],[-75.54431,5.38792],[-75.54432,5.38793],[-75.54433,5.38793],[-75.54433,5.38793],[-75.54433,5.38793],[-75.54435,5.38793],[-75.54436,5.38794],[-75.54437,5.38794],[-75.54437,5.38794],[-75.54438,5.38795],[-75.54438,5.38795],[-75.54439,5.38795],[-75.5444,5.38795],[-75.5444,5.38795],[-75.54441,5.38795],[-75.54442,5.38795],[-75.54442,5.38795],[-75.54442,5.38795],[-75.54442,5.38798],[-75.54442,5.38799],[-75.54442,5.38799],[-75.54442,5.388],[-75.54442,5.388],[-75.54442,5.388],[-75.54442,5.38801],[-75.54443,5.38802],[-75.54443,5.38802],[-75.54443,5.38803],[-75.54443,5.38803],[-75.54443,5.38805],[-75.54443,5.38806],[-75.54443,5.38806],[-75.54443,5.38806],[-75.54443,5.38807],[-75.54443,5.38808],[-75.54444,5.38808],[-75.54444,5.38808],[-75.54444,5.38809],[-75.54445,5.3881],[-75.54445,5.3881],[-75.54445,5.3881],[-75.54444,5.38815],[-75.54444,5.38815],[-75.54444,5.38815],[-75.54444,5.38816],[-75.54444,5.38817],[-75.54444,5.38817],[-75.54444,5.38818],[-75.54444,5.38819],[-75.54444,5.38819],[-75.54444,5.38819],[-75.54445,5.3882],[-75.54445,5.38821],[-75.54445,5.38821],[-75.54446,5.38821],[-75.54445,5.38825],[-75.54445,5.38825],[-75.54445,5.38825],[-75.54445,5.38826],[-75.54445,5.38826],[-75.54445,5.38827],[-75.54446,5.38827],[-75.54446,5.38828],[-75.54446,5.38828],[-75.54447,5.38829],[-75.54447,5.38829],[-75.54447,5.3883],[-75.54446,5.38834],[-75.54446,5.38834],[-75.54446,5.38835],[-75.54446,5.38836],[-75.54446,5.38836],[-75.54446,5.38837],[-75.54447,5.38837],[-75.54447,5.38837],[-75.54447,5.38839],[-75.54448,5.38839],[-75.54448,5.38839],[-75.54449,5.3884],[-75.54449,5.3884],[-75.54449,5.38841],[-75.54454,5.38844],[-75.54455,5.38845],[-75.54456,5.38847],[-75.54456,5.38847],[-75.54456,5.38847],[-75.54457,5.38848],[-75.54457,5.38848],[-75.54458,5.38848],[-75.54458,5.38848],[-75.54458,5.38849],[-75.54459,5.38849],[-75.54459,5.38849],[-75.5446,5.38849],[-75.5446,5.38849],[-75.5446,5.38849],[-75.54461,5.38849],[-75.54461,5.38849],[-75.54462,5.38849],[-75.54462,5.38849],[-75.54462,5.38849],[-75.54462,5.3885],[-75.54463,5.3885],[-75.54464,5.3885],[-75.54464,5.3885],[-75.54464,5.3885],[-75.54465,5.3885],[-75.54467,5.3885],[-75.54468,5.38851],[-75.54468,5.38851],[-75.54468,5.38852],[-75.54468,5.38853],[-75.54468,5.38853],[-75.54468,5.38854],[-75.54468,5.38854],[-75.54468,5.38855],[-75.54468,5.38856],[-75.54469,5.38856],[-75.54469,5.38857],[-75.5447,5.38858],[-75.5447,5.38858],[-75.5447,5.38858],[-75.54475,5.38862],[-75.54476,5.38863],[-75.54478,5.38865],[-75.54478,5.38865],[-75.54478,5.38865],[-75.54479,5.38866],[-75.5448,5.38867],[-75.5448,5.38867],[-75.54482,5.38868],[-75.54482,5.38868],[-75.54483,5.38868],[-75.54485,5.38868],[-75.54486,5.38869],[-75.54486,5.38869],[-75.54486,5.38869],[-75.54487,5.3887],[-75.54487,5.3887],[-75.54488,5.3887],[-75.54488,5.3887],[-75.54489,5.3887],[-75.5449,5.3887]]],[[[-75.55004,5.38897],[-75.55005,5.38897],[-75.55006,5.38898],[-75.55006,5.38898],[-75.55006,5.38898],[-75.55007,5.38899],[-75.55008,5.38899],[-75.55008,5.38899],[-75.55008,5.38899],[-75.55009,5.389],[-75.5501,5.389],[-75.5501,5.38901],[-75.5501,5.38901],[-75.55011,5.38901],[-75.55012,5.38901],[-75.55012,5.38901],[-75.55012,5.38901],[-75.55013,5.38901],[-75.55014,5.38901],[-75.55014,5.38901],[-75.55015,5.38901],[-75.55015,5.389],[-75.55016,5.389],[-75.55016,5.389],[-75.55016,5.38899],[-75.55016,5.38899],[-75.55016,5.38898],[-75.55016,5.38898],[-75.55016,5.38897],[-75.55016,5.38897],[-75.55016,5.38896],[-75.55015,5.38896],[-75.55015,5.38896],[-75.55014,5.38896],[-75.55014,5.38896],[-75.55013,5.38896],[-75.55013,5.38896],[-75.55012,5.38896],[-75.55012,5.38895],[-75.55011,5.38895],[-75.55011,5.38894],[-75.55011,5.38894],[-75.5501,5.38894],[-75.55009,5.38894],[-75.55008,5.38893],[-75.55005,5.38889],[-75.55005,5.38889],[-75.55004,5.38889],[-75.55003,5.38888],[-75.55003,5.38888],[-75.55003,5.38888],[-75.55002,5.38887],[-75.55002,5.38887],[-75.55001,5.38887],[-75.54999,5.38887],[-75.54999,5.38886],[-75.54997,5.38883],[-75.54997,5.38883],[-75.54997,5.38883],[-75.54996,5.38882],[-75.54996,5.38882],[-75.54995,5.38882],[-75.54995,5.38882],[-75.54994,5.38882],[-75.54994,5.38882],[-75.54993,5.38882],[-75.54993,5.38881],[-75.54992,5.38882],[-75.54991,5.38882],[-75.54989,5.38881],[-75.54989,5.38881],[-75.54989,5.3888],[-75.54988,5.3888],[-75.54987,5.3888],[-75.54987,5.3888],[-75.54986,5.3888],[-75.54986,5.3888],[-75.54985,5.3888],[-75.54985,5.3888],[-75.54985,5.38881],[-75.54984,5.38881],[-75.54984,5.38881],[-75.54984,5.38881],[-75.54983,5.38882],[-75.54982,5.38882],[-75.5498,5.38882],[-75.54978,5.38881],[-75.54977,5.38881],[-75.54977,5.3888],[-75.54974,5.38876],[-75.54974,5.38875],[-75.54973,5.38874],[-75.54973,5.38874],[-75.54972,5.38874],[-75.54971,5.38873],[-75.54971,5.38872],[-75.54971,5.38872],[-75.5497,5.38872],[-75.54969,5.38872],[-75.54969,5.38872],[-75.54968,5.38872],[-75.54968,5.38872],[-75.54966,5.38869],[-75.54966,5.38869],[-75.54965,5.38869],[-75.54965,5.38868],[-75.54965,5.38868],[-75.54964,5.38868],[-75.54964,5.38867],[-75.54963,5.38867],[-75.54963,5.38867],[-75.54963,5.38867],[-75.54962,5.38867],[-75.54962,5.38867],[-75.54961,5.38867],[-75.5496,5.38867],[-75.5496,5.38867],[-75.54959,5.38867],[-75.54959,5.38866],[-75.54959,5.38865],[-75.54959,5.38865],[-75.54958,5.38865],[-75.54958,5.38864],[-75.54958,5.38864],[-75.54957,5.38864],[-75.54957,5.38864],[-75.54956,5.38864],[-75.54956,5.38863],[-75.54955,5.38863],[-75.54953,5.38864],[-75.54953,5.38864],[-75.54952,5.38863],[-75.5495,5.38861],[-75.54949,5.3886],[-75.54949,5.3886],[-75.54948,5.3886],[-75.54948,5.3886],[-75.54948,5.38859],[-75.54947,5.38859],[-75.54947,5.38859],[-75.54947,5.38859],[-75.54947,5.38859],[-75.54946,5.38858],[-75.54946,5.38858],[-75.54946,5.38857],[-75.54944,5.38856],[-75.54942,5.38853],[-75.54941,5.38853],[-75.54941,5.38853],[-75.5494,5.38852],[-75.5494,5.38852],[-75.5494,5.38852],[-75.54939,5.38852],[-75.54939,5.38851],[-75.54938,5.38851],[-75.54938,5.38851],[-75.54937,5.38851],[-75.54936,5.38851],[-75.54936,5.38851],[-75.54936,5.3885],[-75.54935,5.3885],[-75.54935,5.3885],[-75.54933,5.3885],[-75.54932,5.38849],[-75.54932,5.38849],[-75.54931,5.38849],[-75.5493,5.38848],[-75.5493,5.38848],[-75.5493,5.38848],[-75.54928,5.38847],[-75.54927,5.38847],[-75.54926,5.38846],[-75.54926,5.38846],[-75.54925,5.38845],[-75.54925,5.38845],[-75.54925,5.38845],[-75.54924,5.38845],[-75.54924,5.38845],[-75.54923,5.38845],[-75.54923,5.38845],[-75.54922,5.38845],[-75.54921,5.38845],[-75.54921,5.38844],[-75.54921,5.38844],[-75.54921,5.38844],[-75.5492,5.38844],[-75.5492,5.38844],[-75.54919,5.38843],[-75.54919,5.38843],[-75.54919,5.38843],[-75.54918,5.38842],[-75.54918,5.38841],[-75.54917,5.38841],[-75.54917,5.38841],[-75.54917,5.38841],[-75.54916,5.3884],[-75.54916,5.3884],[-75.54916,5.3884],[-75.54915,5.3884],[-75.54915,5.3884],[-75.54915,5.3884],[-75.54914,5.3884],[-75.54913,5.38839],[-75.54913,5.38838],[-75.54912,5.38838],[-75.54912,5.38838],[-75.54911,5.38837],[-75.54911,5.38837],[-75.54911,5.38837],[-75.5491,5.38837],[-75.5491,5.38837],[-75.54909,5.38836],[-75.54909,5.38836],[-75.54909,5.38836],[-75.54908,5.38836],[-75.54908,5.38836],[-75.54906,5.38835],[-75.54905,5.38835],[-75.54904,5.38834],[-75.54903,5.38832],[-75.54903,5.38832],[-75.54903,5.3883],[-75.54903,5.3883],[-75.54903,5.38829],[-75.54903,5.38829],[-75.54903,5.38828],[-75.54902,5.38828],[-75.54902,5.38828],[-75.54902,5.38827],[-75.54902,5.38827],[-75.54901,5.38827],[-75.549,5.38826],[-75.549,5.38826],[-75.549,5.38826],[-75.54899,5.38825],[-75.54899,5.38825],[-75.54898,5.38825],[-75.54897,5.38825],[-75.54897,5.38825],[-75.54896,5.38825],[-75.54893,5.38825],[-75.54893,5.38825],[-75.54893,5.38825],[-75.5489,5.38822],[-75.5489,5.38822],[-75.5489,5.38822],[-75.54889,5.38821],[-75.54889,5.38821],[-75.54889,5.38821],[-75.54888,5.38821],[-75.54888,5.38821],[-75.54887,5.38821],[-75.54886,5.38821],[-75.54886,5.38821],[-75.54885,5.38821],[-75.54884,5.38821],[-75.54884,5.38821],[-75.54883,5.38821],[-75.54883,5.38821],[-75.54883,5.38822],[-75.54883,5.38822],[-75.54882,5.38821],[-75.54882,5.3882],[-75.54881,5.3882],[-75.54881,5.3882],[-75.5488,5.38819],[-75.5488,5.38819],[-75.5488,5.38819],[-75.54879,5.38819],[-75.54879,5.38819],[-75.54878,5.38819],[-75.54878,5.38819],[-75.54875,5.38818],[-75.54875,5.38817],[-75.54875,5.38817],[-75.54874,5.38817],[-75.54872,5.38817],[-75.54872,5.38817],[-75.5487,5.38815],[-75.5487,5.38815],[-75.5487,5.38815],[-75.54869,5.38814],[-75.54868,5.38814],[-75.54868,5.38814],[-75.54868,5.38814],[-75.54867,5.38814],[-75.54867,5.38814],[-75.54867,5.38814],[-75.54866,5.38814],[-75.54866,5.38813],[-75.54866,5.38813],[-75.54865,5.38813],[-75.54865,5.38813],[-75.54865,5.38813],[-75.54864,5.38813],[-75.54864,5.38813],[-75.54863,5.38813],[-75.54862,5.38813],[-75.54862,5.38812],[-75.54861,5.38812],[-75.54861,5.38811],[-75.5486,5.38811],[-75.5486,5.38811],[-75.5486,5.3881],[-75.5486,5.3881],[-75.54859,5.3881],[-75.54859,5.38809],[-75.54859,5.38809],[-75.54858,5.38809],[-75.54858,5.38809],[-75.54858,5.38809],[-75.54856,5.38807],[-75.54856,5.38806],[-75.54856,5.38806],[-75.54852,5.38803],[-75.54852,5.38802],[-75.54852,5.38802],[-75.54851,5.38801],[-75.5485,5.38801],[-75.5485,5.38801],[-75.54849,5.388],[-75.54849,5.388],[-75.54849,5.388],[-75.54848,5.388],[-75.54847,5.38799],[-75.54847,5.38799],[-75.54846,5.38799],[-75.54846,5.38798],[-75.54846,5.38798],[-75.54845,5.38798],[-75.54844,5.38798],[-75.54844,5.38798],[-75.54844,5.38798],[-75.54842,5.38798],[-75.54842,5.38798],[-75.54841,5.38798],[-75.54841,5.38798],[-75.54839,5.38796],[-75.54839,5.38795],[-75.54839,5.38795],[-75.54838,5.38795],[-75.54838,5.38794],[-75.54838,5.38794],[-75.54837,5.38794],[-75.54837,5.38794],[-75.54836,5.38794],[-75.54836,5.38794],[-75.54836,5.38794],[-75.54836,5.38793],[-75.54835,5.38793],[-75.54835,5.38793],[-75.54835,5.38793],[-75.54834,5.38793],[-75.54834,5.38793],[-75.54833,5.38793],[-75.54833,5.38793],[-75.54833,5.38793],[-75.54832,5.38793],[-75.54832,5.38794],[-75.54832,5.38794],[-75.54831,5.38793],[-75.54831,5.38793],[-75.5483,5.38793],[-75.5483,5.38793],[-75.54829,5.38793],[-75.54829,5.38793],[-75.54828,5.38793],[-75.54827,5.38793],[-75.54827,5.38793],[-75.54827,5.38793],[-75.54823,5.38794],[-75.54823,5.38794],[-75.54822,5.38794],[-75.54821,5.38793],[-75.54821,5.38792],[-75.5482,5.38792],[-75.5482,5.38792],[-75.54819,5.38792],[-75.54818,5.38792],[-75.54818,5.38792],[-75.54816,5.38792],[-75.54816,5.38792],[-75.54815,5.38792],[-75.54815,5.38792],[-75.54814,5.38792],[-75.54814,5.38791],[-75.54814,5.38791],[-75.54813,5.38791],[-75.54812,5.38792],[-75.54812,5.38792],[-75.54811,5.38791],[-75.54811,5.38791],[-75.5481,5.38791],[-75.54809,5.3879],[-75.54809,5.3879],[-75.54809,5.3879],[-75.54804,5.38791],[-75.54803,5.38791],[-75.54802,5.3879],[-75.54801,5.3879],[-75.54801,5.3879],[-75.548,5.38789],[-75.548,5.38789],[-75.54799,5.38789],[-75.54798,5.38789],[-75.54797,5.38788],[-75.54797,5.38788],[-75.54796,5.38788],[-75.54796,5.38787],[-75.54795,5.38787],[-75.54795,5.38787],[-75.54795,5.38787],[-75.54794,5.38787],[-75.54794,5.38787],[-75.54793,5.38787],[-75.54792,5.38787],[-75.54792,5.38787],[-75.54792,5.38787],[-75.54789,5.38787],[-75.54789,5.38787],[-75.54789,5.38787],[-75.54788,5.38787],[-75.54788,5.38786],[-75.54788,5.38786],[-75.54787,5.38786],[-75.54787,5.38786],[-75.54786,5.38786],[-75.54785,5.38786],[-75.54785,5.38786],[-75.54785,5.38785],[-75.54784,5.38785],[-75.54782,5.38781],[-75.54781,5.38781],[-75.54781,5.38781],[-75.5478,5.3878],[-75.54779,5.38779],[-75.54779,5.38779],[-75.54777,5.38778],[-75.54776,5.38777],[-75.54775,5.38777],[-75.54775,5.38777],[-75.54774,5.38776],[-75.54773,5.38776],[-75.54773,5.38776],[-75.54773,5.38776],[-75.54771,5.38776],[-75.54771,5.38776],[-75.54771,5.38775],[-75.5477,5.38775],[-75.5477,5.38774],[-75.5477,5.38774],[-75.54768,5.38773],[-75.54768,5.38773],[-75.54768,5.38773],[-75.54767,5.38773],[-75.54767,5.38773],[-75.54766,5.38773],[-75.54766,5.38773],[-75.54765,5.38773],[-75.54765,5.38772],[-75.54764,5.38772],[-75.54764,5.38772],[-75.54764,5.38772],[-75.54763,5.38771],[-75.54763,5.38771],[-75.54763,5.38771],[-75.54762,5.38771],[-75.54762,5.38771],[-75.54761,5.38771],[-75.54761,5.38771],[-75.54761,5.38771],[-75.5476,5.3877],[-75.5476,5.38769],[-75.5476,5.38769],[-75.5476,5.38769],[-75.54759,5.38768],[-75.54759,5.38768],[-75.54759,5.38767],[-75.54758,5.38767],[-75.54758,5.38767],[-75.54757,5.38766],[-75.54757,5.38766],[-75.54756,5.38766],[-75.54756,5.38766],[-75.54755,5.38766],[-75.54755,5.38766],[-75.54754,5.38765],[-75.54754,5.38764],[-75.54753,5.38763],[-75.54753,5.38761],[-75.54753,5.38759],[-75.54754,5.38757],[-75.54754,5.38756],[-75.54755,5.38754],[-75.54756,5.38754],[-75.54756,5.38753],[-75.54756,5.38752],[-75.54756,5.38752],[-75.54757,5.3875],[-75.54757,5.38749],[-75.54757,5.38749],[-75.54758,5.38743],[-75.54758,5.38741],[-75.54758,5.38741],[-75.54758,5.38739],[-75.54758,5.38739],[-75.54758,5.38739],[-75.54758,5.38737],[-75.54758,5.38737],[-75.54758,5.38737],[-75.54758,5.38735],[-75.54758,5.38735],[-75.54758,5.38735],[-75.54757,5.38734],[-75.54757,5.38733],[-75.54757,5.38733],[-75.54756,5.38732],[-75.54756,5.38732],[-75.54756,5.38732],[-75.54752,5.38728],[-75.54751,5.38728],[-75.54751,5.38727],[-75.54751,5.38727],[-75.54751,5.38726],[-75.54751,5.38722],[-75.54751,5.38722],[-75.54752,5.38721],[-75.54752,5.3872],[-75.54752,5.3872],[-75.54751,5.38719],[-75.54751,5.38718],[-75.54751,5.38718],[-75.54751,5.38717],[-75.54751,5.38717],[-75.5475,5.38716],[-75.5475,5.38715],[-75.5475,5.38713],[-75.5475,5.38713],[-75.5475,5.38712],[-75.5475,5.38711],[-75.5475,5.38711],[-75.54749,5.38711],[-75.54749,5.3871],[-75.54749,5.3871],[-75.54749,5.38709],[-75.54749,5.38709],[-75.54747,5.38708],[-75.54747,5.38707],[-75.54748,5.38703],[-75.54748,5.38702],[-75.54748,5.38702],[-75.54748,5.38701],[-75.54748,5.387],[-75.54747,5.387],[-75.54747,5.38699],[-75.54747,5.38699],[-75.54747,5.38699],[-75.54746,5.38698],[-75.54746,5.38696],[-75.54746,5.38695],[-75.54746,5.38695],[-75.54746,5.38694],[-75.54746,5.38694],[-75.54746,5.38693],[-75.54745,5.38692],[-75.54745,5.38692],[-75.54745,5.38691],[-75.54744,5.3869],[-75.54744,5.3869],[-75.54744,5.38689],[-75.54742,5.38688],[-75.54742,5.38688],[-75.54742,5.38688],[-75.5474,5.38688],[-75.5474,5.38687],[-75.5474,5.38687],[-75.54738,5.38687],[-75.54738,5.38687],[-75.54738,5.38687],[-75.54737,5.38687],[-75.54736,5.38688],[-75.54736,5.38688],[-75.54735,5.38688],[-75.54735,5.38688],[-75.54735,5.38688],[-75.54734,5.38688],[-75.54734,5.38688],[-75.54733,5.38687],[-75.54733,5.38687],[-75.54732,5.38686],[-75.54732,5.38686],[-75.54732,5.38685],[-75.54732,5.38685],[-75.54732,5.38685],[-75.54731,5.38684],[-75.54731,5.38684],[-75.54731,5.38684],[-75.5473,5.38683],[-75.5473,5.38683],[-75.54729,5.38683],[-75.54729,5.38683],[-75.54727,5.38681],[-75.54725,5.38679],[-75.54725,5.38678],[-75.54725,5.38678],[-75.54724,5.38677],[-75.54724,5.38677],[-75.54724,5.38677],[-75.54722,5.38676],[-75.54722,5.38675],[-75.54722,5.38674],[-75.54721,5.38671],[-75.54721,5.38671],[-75.54721,5.38671],[-75.5472,5.38668],[-75.5472,5.38667],[-75.5472,5.38667],[-75.54718,5.38664],[-75.54718,5.38664],[-75.54716,5.38661],[-75.54715,5.38661],[-75.54713,5.38659],[-75.54712,5.38658],[-75.54709,5.38656],[-75.54709,5.38656],[-75.54709,5.38656],[-75.54705,5.38654],[-75.54704,5.38654],[-75.547,5.38653],[-75.54699,5.38653],[-75.54699,5.38653],[-75.54698,5.38653],[-75.54698,5.38653],[-75.54698,5.38653],[-75.54697,5.38653],[-75.54697,5.38654],[-75.54697,5.38654],[-75.54696,5.38654],[-75.54696,5.38655],[-75.54696,5.38655],[-75.54696,5.38656],[-75.54696,5.38656],[-75.54697,5.38657],[-75.54697,5.38657],[-75.54697,5.38657],[-75.54698,5.38658],[-75.54698,5.38658],[-75.54703,5.38659],[-75.54706,5.38661],[-75.54709,5.38663],[-75.54712,5.38665],[-75.54714,5.38667],[-75.54715,5.3867],[-75.54716,5.38672],[-75.54716,5.38675],[-75.54716,5.38676],[-75.54716,5.38677],[-75.54716,5.38677],[-75.54717,5.38678],[-75.54717,5.38678],[-75.54717,5.38679],[-75.54718,5.38679],[-75.54718,5.38679],[-75.54718,5.3868],[-75.5472,5.38681],[-75.54721,5.38682],[-75.54723,5.38684],[-75.54723,5.38685],[-75.54724,5.38687],[-75.54725,5.38687],[-75.54725,5.38687],[-75.54726,5.38688],[-75.54726,5.38688],[-75.54726,5.38688],[-75.54727,5.38689],[-75.54727,5.38689],[-75.54727,5.38689],[-75.54728,5.3869],[-75.54728,5.3869],[-75.54729,5.38691],[-75.54729,5.38691],[-75.5473,5.38692],[-75.54731,5.38692],[-75.54732,5.38693],[-75.54732,5.38693],[-75.54734,5.38694],[-75.54734,5.38694],[-75.54735,5.38694],[-75.54735,5.38694],[-75.54736,5.38694],[-75.54736,5.38694],[-75.54736,5.38694],[-75.54737,5.38694],[-75.54737,5.38693],[-75.54737,5.38693],[-75.54738,5.38693],[-75.54738,5.38693],[-75.54738,5.38693],[-75.54738,5.38693],[-75.54739,5.38693],[-75.54739,5.38693],[-75.5474,5.38693],[-75.5474,5.38694],[-75.54741,5.38695],[-75.54741,5.38695],[-75.5474,5.38698],[-75.5474,5.38698],[-75.5474,5.38698],[-75.5474,5.38699],[-75.54741,5.387],[-75.54741,5.387],[-75.54741,5.387],[-75.54741,5.38701],[-75.54741,5.38701],[-75.54742,5.38702],[-75.54742,5.38702],[-75.54742,5.38707],[-75.54742,5.38707],[-75.54742,5.38707],[-75.54742,5.38708],[-75.54742,5.38709],[-75.54742,5.38709],[-75.54742,5.3871],[-75.54742,5.3871],[-75.54742,5.38711],[-75.54743,5.38711],[-75.54744,5.38713],[-75.54744,5.38713],[-75.54744,5.38715],[-75.54744,5.38715],[-75.54744,5.38716],[-75.54744,5.38717],[-75.54744,5.38717],[-75.54745,5.38718],[-75.54745,5.38718],[-75.54746,5.38719],[-75.54746,5.3872],[-75.54746,5.3872],[-75.54746,5.38722],[-75.54745,5.38726],[-75.54745,5.38726],[-75.54745,5.38727],[-75.54745,5.38728],[-75.54745,5.38728],[-75.54746,5.38729],[-75.54746,5.38729],[-75.54746,5.3873],[-75.54747,5.38731],[-75.54747,5.38731],[-75.54747,5.38731],[-75.54748,5.38732],[-75.54748,5.38732],[-75.54752,5.38736],[-75.54752,5.38736],[-75.54753,5.38737],[-75.54753,5.38738],[-75.54753,5.38739],[-75.54753,5.3874],[-75.54752,5.38742],[-75.54752,5.38742],[-75.54752,5.38748],[-75.54751,5.3875],[-75.54751,5.38751],[-75.54749,5.38753],[-75.54749,5.38753],[-75.54749,5.38753],[-75.54749,5.38754],[-75.54749,5.38755],[-75.54749,5.38755],[-75.54748,5.38757],[-75.54748,5.38758],[-75.54748,5.38758],[-75.54747,5.3876],[-75.54747,5.38761],[-75.54747,5.38761],[-75.54748,5.38763],[-75.54748,5.38764],[-75.54748,5.38764],[-75.54749,5.38766],[-75.54749,5.38766],[-75.54749,5.38767],[-75.5475,5.38768],[-75.5475,5.38768],[-75.54751,5.38769],[-75.54751,5.3877],[-75.54751,5.3877],[-75.54751,5.3877],[-75.5475,5.3877],[-75.5475,5.3877],[-75.54749,5.38771],[-75.54749,5.38771],[-75.54748,5.38771],[-75.54747,5.38772],[-75.54747,5.38772],[-75.54746,5.38772],[-75.54746,5.38772],[-75.54745,5.38772],[-75.54745,5.38772],[-75.54745,5.38773],[-75.54744,5.38773],[-75.54744,5.38773],[-75.54743,5.38773],[-75.54743,5.38773],[-75.54742,5.38774],[-75.54742,5.38774],[-75.54741,5.38774],[-75.54741,5.38774],[-75.54741,5.38775],[-75.5474,5.38776],[-75.5474,5.38776],[-75.54739,5.38776],[-75.54739,5.38776],[-75.54739,5.38776],[-75.54738,5.38776],[-75.54737,5.38777],[-75.54737,5.38777],[-75.54737,5.38777],[-75.54736,5.38779],[-75.54734,5.38779],[-75.54733,5.38779],[-75.54733,5.38779],[-75.54732,5.38779],[-75.54732,5.38779],[-75.54732,5.3878],[-75.54731,5.3878],[-75.5473,5.38781],[-75.5473,5.38781],[-75.54729,5.38781],[-75.54729,5.38781],[-75.54729,5.38782],[-75.54728,5.38783],[-75.54727,5.38783],[-75.54727,5.38783],[-75.54727,5.38784],[-75.54726,5.38785],[-75.54726,5.38785],[-75.54726,5.38787],[-75.54726,5.38787],[-75.54726,5.38787],[-75.54726,5.38788],[-75.54726,5.38788],[-75.54726,5.38789],[-75.54726,5.3879],[-75.54726,5.38791],[-75.54726,5.38791],[-75.54725,5.38791],[-75.54725,5.38792],[-75.54725,5.38792],[-75.54725,5.38793],[-75.54725,5.38793],[-75.54725,5.38793],[-75.54724,5.38793],[-75.54724,5.38793],[-75.54723,5.38793],[-75.54723,5.38793],[-75.54723,5.38794],[-75.54722,5.38794],[-75.54722,5.38794],[-75.54722,5.38795],[-75.54721,5.38795],[-75.5472,5.38795],[-75.5472,5.38795],[-75.54719,5.38795],[-75.54719,5.38795],[-75.54718,5.38795],[-75.54718,5.38796],[-75.54718,5.38796],[-75.54717,5.38796],[-75.54717,5.38797],[-75.54717,5.38797],[-75.54715,5.388],[-75.54714,5.388],[-75.54714,5.388],[-75.54713,5.38801],[-75.54713,5.38801],[-75.54713,5.38801],[-75.54712,5.38801],[-75.54712,5.38802],[-75.54711,5.38802],[-75.54711,5.38803],[-75.54711,5.38803],[-75.5471,5.38804],[-75.5471,5.38804],[-75.54709,5.38805],[-75.54709,5.38806],[-75.54709,5.38806],[-75.54709,5.38808],[-75.54709,5.38808],[-75.54709,5.38808],[-75.54705,5.38811],[-75.54705,5.38811],[-75.54705,5.38811],[-75.54704,5.38812],[-75.54704,5.38812],[-75.54704,5.38813],[-75.54703,5.38813],[-75.54703,5.38814],[-75.54703,5.38814],[-75.54702,5.38816],[-75.54702,5.38816],[-75.54702,5.38816],[-75.54702,5.38816],[-75.54702,5.38817],[-75.54702,5.38818],[-75.54702,5.38818],[-75.54702,5.38819],[-75.54701,5.3882],[-75.54701,5.3882],[-75.54701,5.3882],[-75.547,5.38821],[-75.547,5.38821],[-75.547,5.38822],[-75.54699,5.38825],[-75.54698,5.38825],[-75.54697,5.38827],[-75.54697,5.38827],[-75.54697,5.38827],[-75.54696,5.38827],[-75.54696,5.38828],[-75.54696,5.38829],[-75.54695,5.38831],[-75.54694,5.38831],[-75.54694,5.38831],[-75.54694,5.38832],[-75.54694,5.38832],[-75.54693,5.38834],[-75.54692,5.38834],[-75.54692,5.38834],[-75.54692,5.38835],[-75.54691,5.38838],[-75.54689,5.38839],[-75.54689,5.3884],[-75.54689,5.3884],[-75.54689,5.3884],[-75.54688,5.38842],[-75.54688,5.38842],[-75.54688,5.38843],[-75.54688,5.38844],[-75.54688,5.38844],[-75.54688,5.38845],[-75.54688,5.38845],[-75.54689,5.38845],[-75.54689,5.38846],[-75.54689,5.38846],[-75.5469,5.38846],[-75.5469,5.38847],[-75.5469,5.38847],[-75.5469,5.38848],[-75.54689,5.38849],[-75.54689,5.3885],[-75.54689,5.3885],[-75.54688,5.38851],[-75.54688,5.38851],[-75.54688,5.38851],[-75.54688,5.38851],[-75.54687,5.38853],[-75.54686,5.38854],[-75.54686,5.38854],[-75.54686,5.38855],[-75.54686,5.38855],[-75.54685,5.38856],[-75.54685,5.38856],[-75.54685,5.38856],[-75.54685,5.38857],[-75.54685,5.38857],[-75.54685,5.38857],[-75.54684,5.38858],[-75.54684,5.38858],[-75.54684,5.38858],[-75.54684,5.38859],[-75.54684,5.38859],[-75.54684,5.3886],[-75.54684,5.3886],[-75.54683,5.38861],[-75.54682,5.38862],[-75.54682,5.38862],[-75.54682,5.38862],[-75.54681,5.38863],[-75.5468,5.38865],[-75.5468,5.38865],[-75.5468,5.38865],[-75.5468,5.38866],[-75.5468,5.38866],[-75.54678,5.38868],[-75.54678,5.38868],[-75.54677,5.38869],[-75.54677,5.38869],[-75.54677,5.3887],[-75.54677,5.3887],[-75.54677,5.3887],[-75.54677,5.38871],[-75.54676,5.38871],[-75.54676,5.38872],[-75.54676,5.38872],[-75.54676,5.38872],[-75.54676,5.38873],[-75.54676,5.38873],[-75.54676,5.38874],[-75.54676,5.38874],[-75.54676,5.38875],[-75.54677,5.38875],[-75.54677,5.38875],[-75.54677,5.38875],[-75.54678,5.38875],[-75.54678,5.38876],[-75.54679,5.38876],[-75.54679,5.38875],[-75.54679,5.38875],[-75.5468,5.38875],[-75.5468,5.38875],[-75.54681,5.38874],[-75.54681,5.38874],[-75.54681,5.38874],[-75.54682,5.38873],[-75.54682,5.38873],[-75.54682,5.38873],[-75.54682,5.38872],[-75.54682,5.38872],[-75.54682,5.38872],[-75.54684,5.3887],[-75.54684,5.3887],[-75.54684,5.3887],[-75.54685,5.38869],[-75.54685,5.38869],[-75.54685,5.38868],[-75.54685,5.38868],[-75.54685,5.38867],[-75.54686,5.38866],[-75.54686,5.38866],[-75.54686,5.38866],[-75.54687,5.38865],[-75.54687,5.38865],[-75.54687,5.38865],[-75.54688,5.38863],[-75.54689,5.38861],[-75.54689,5.38861],[-75.54689,5.38861],[-75.5469,5.3886],[-75.5469,5.3886],[-75.5469,5.3886],[-75.5469,5.38859],[-75.5469,5.38859],[-75.5469,5.38859],[-75.5469,5.38858],[-75.5469,5.38858],[-75.5469,5.38858],[-75.54691,5.38857],[-75.54692,5.38857],[-75.54692,5.38856],[-75.54692,5.38856],[-75.54692,5.38856],[-75.54693,5.38855],[-75.54693,5.38855],[-75.54693,5.38853],[-75.54694,5.38852],[-75.54694,5.38852],[-75.54695,5.38851],[-75.54695,5.38851],[-75.54695,5.3885],[-75.54695,5.3885],[-75.54696,5.38848],[-75.54696,5.38847],[-75.54696,5.38847],[-75.54696,5.38846],[-75.54696,5.38846],[-75.54696,5.38846],[-75.54695,5.38845],[-75.54695,5.38845],[-75.54695,5.38844],[-75.54695,5.38844],[-75.54694,5.38844],[-75.54694,5.38843],[-75.54694,5.38843],[-75.54694,5.38843],[-75.54694,5.38842],[-75.54695,5.38841],[-75.54695,5.3884],[-75.54696,5.3884],[-75.54697,5.38837],[-75.54698,5.38836],[-75.54698,5.38836],[-75.54699,5.38835],[-75.54699,5.38835],[-75.54699,5.38834],[-75.54701,5.38832],[-75.54701,5.38832],[-75.54701,5.38831],[-75.54701,5.38831],[-75.54701,5.3883],[-75.54702,5.38829],[-75.54702,5.38829],[-75.54703,5.38829],[-75.54703,5.38827],[-75.54703,5.38827],[-75.54704,5.38827],[-75.54705,5.38824],[-75.54705,5.38823],[-75.54706,5.38822],[-75.54707,5.38822],[-75.54707,5.38822],[-75.54707,5.38821],[-75.54707,5.38821],[-75.54707,5.3882],[-75.54707,5.3882],[-75.54707,5.38819],[-75.54707,5.38819],[-75.54707,5.38817],[-75.54708,5.38816],[-75.54708,5.38816],[-75.54708,5.38816],[-75.54712,5.38813],[-75.54713,5.38813],[-75.54713,5.38812],[-75.54714,5.38811],[-75.54714,5.38811],[-75.54714,5.3881],[-75.54715,5.38809],[-75.54715,5.38809],[-75.54715,5.38809],[-75.54715,5.38807],[-75.54715,5.38806],[-75.54715,5.38806],[-75.54715,5.38806],[-75.54716,5.38806],[-75.54716,5.38805],[-75.54717,5.38805],[-75.54717,5.38805],[-75.54718,5.38805],[-75.54718,5.38804],[-75.54718,5.38804],[-75.54719,5.38804],[-75.54719,5.38803],[-75.54719,5.38803],[-75.54721,5.388],[-75.54722,5.388],[-75.54723,5.388],[-75.54723,5.388],[-75.54724,5.388],[-75.54724,5.388],[-75.54724,5.388],[-75.54725,5.38799],[-75.54725,5.38799],[-75.54725,5.38799],[-75.54726,5.38799],[-75.54726,5.38799],[-75.54726,5.38799],[-75.54727,5.38799],[-75.54727,5.38798],[-75.54728,5.38798],[-75.54728,5.38798],[-75.54728,5.38798],[-75.54729,5.38797],[-75.54729,5.38797],[-75.5473,5.38797],[-75.5473,5.38796],[-75.5473,5.38795],[-75.5473,5.38795],[-75.5473,5.38794],[-75.5473,5.38794],[-75.5473,5.38794],[-75.54731,5.38794],[-75.54731,5.38793],[-75.54731,5.38793],[-75.54731,5.38792],[-75.54732,5.38792],[-75.54732,5.38792],[-75.54732,5.38791],[-75.54732,5.38791],[-75.54732,5.3879],[-75.54731,5.38788],[-75.54731,5.38788],[-75.54732,5.38787],[-75.54732,5.38786],[-75.54732,5.38786],[-75.54733,5.38786],[-75.54733,5.38786],[-75.54733,5.38785],[-75.54734,5.38785],[-75.54735,5.38784],[-75.54736,5.38784],[-75.54736,5.38784],[-75.54737,5.38784],[-75.54737,5.38784],[-75.54738,5.38784],[-75.54738,5.38784],[-75.54738,5.38784],[-75.54739,5.38783],[-75.5474,5.38783],[-75.5474,5.38782],[-75.54741,5.38781],[-75.54741,5.38781],[-75.54742,5.38781],[-75.54742,5.38781],[-75.54742,5.38781],[-75.54743,5.38781],[-75.54743,5.3878],[-75.54744,5.3878],[-75.54744,5.3878],[-75.54744,5.38779],[-75.54745,5.38779],[-75.54745,5.38779],[-75.54746,5.38779],[-75.54746,5.38779],[-75.54747,5.38778],[-75.54747,5.38778],[-75.54747,5.38778],[-75.54748,5.38777],[-75.54748,5.38777],[-75.54748,5.38777],[-75.54749,5.38777],[-75.54749,5.38777],[-75.5475,5.38777],[-75.5475,5.38777],[-75.54751,5.38776],[-75.54751,5.38775],[-75.54752,5.38775],[-75.54752,5.38775],[-75.54752,5.38775],[-75.54753,5.38775],[-75.54753,5.38775],[-75.54753,5.38775],[-75.54754,5.38775],[-75.54754,5.38774],[-75.54755,5.38774],[-75.54755,5.38774],[-75.54755,5.38774],[-75.54756,5.38774],[-75.54756,5.38774],[-75.54756,5.38774],[-75.54756,5.38774],[-75.54757,5.38774],[-75.54757,5.38775],[-75.54757,5.38775],[-75.54758,5.38775],[-75.54758,5.38776],[-75.54759,5.38776],[-75.54759,5.38776],[-75.5476,5.38776],[-75.5476,5.38776],[-75.54761,5.38776],[-75.54761,5.38776],[-75.54761,5.38777],[-75.54761,5.38777],[-75.54762,5.38777],[-75.54762,5.38778],[-75.54762,5.38778],[-75.54763,5.38778],[-75.54763,5.38778],[-75.54764,5.38778],[-75.54765,5.38778],[-75.54765,5.38778],[-75.54766,5.38778],[-75.54766,5.38778],[-75.54766,5.38779],[-75.54766,5.38779],[-75.54766,5.38779],[-75.54767,5.3878],[-75.54767,5.3878],[-75.54767,5.38781],[-75.54768,5.38781],[-75.54768,5.38781],[-75.54768,5.38781],[-75.54769,5.38781],[-75.54769,5.38781],[-75.5477,5.38782],[-75.54772,5.38781],[-75.54772,5.38781],[-75.54773,5.38782],[-75.54774,5.38783],[-75.54774,5.38783],[-75.54776,5.38784],[-75.54777,5.38785],[-75.5478,5.38788],[-75.5478,5.38788],[-75.5478,5.38788],[-75.54781,5.38789],[-75.54781,5.38789],[-75.54781,5.3879],[-75.54782,5.3879],[-75.54783,5.38791],[-75.54783,5.38791],[-75.54784,5.38791],[-75.54785,5.38791],[-75.54785,5.38791],[-75.54785,5.38791],[-75.54786,5.38792],[-75.54786,5.38792],[-75.54786,5.38792],[-75.54787,5.38792],[-75.54787,5.38793],[-75.54788,5.38793],[-75.54788,5.38793],[-75.54789,5.38793],[-75.54789,5.38793],[-75.5479,5.38793],[-75.54793,5.38792],[-75.54794,5.38793],[-75.54795,5.38794],[-75.54795,5.38794],[-75.54796,5.38794],[-75.54796,5.38795],[-75.54797,5.38795],[-75.54797,5.38795],[-75.54799,5.38795],[-75.54799,5.38795],[-75.54801,5.38796],[-75.54802,5.38796],[-75.54802,5.38796],[-75.54804,5.38796],[-75.54804,5.38796],[-75.54805,5.38796],[-75.54809,5.38796],[-75.54809,5.38796],[-75.54809,5.38796],[-75.54809,5.38796],[-75.5481,5.38797],[-75.5481,5.38797],[-75.5481,5.38797],[-75.54811,5.38797],[-75.54811,5.38797],[-75.54812,5.38797],[-75.54812,5.38797],[-75.54813,5.38797],[-75.54813,5.38797],[-75.54814,5.38797],[-75.54814,5.38797],[-75.54814,5.38798],[-75.54815,5.38798],[-75.54815,5.38798],[-75.54815,5.38798],[-75.54816,5.38798],[-75.54816,5.38798],[-75.54818,5.38797],[-75.5482,5.38798],[-75.5482,5.38798],[-75.5482,5.38799],[-75.54821,5.38799],[-75.54822,5.38799],[-75.54822,5.38799],[-75.54823,5.38799],[-75.54824,5.38799],[-75.54824,5.38799],[-75.54828,5.38798],[-75.54829,5.38798],[-75.54829,5.38798],[-75.54829,5.38798],[-75.54829,5.38798],[-75.54829,5.38799],[-75.5483,5.38799],[-75.5483,5.38799],[-75.5483,5.38799],[-75.54831,5.38799],[-75.54832,5.38799],[-75.54832,5.38799],[-75.54832,5.38799],[-75.54833,5.38799],[-75.54834,5.38799],[-75.54834,5.38799],[-75.54834,5.38799],[-75.54835,5.38799],[-75.54835,5.38799],[-75.54835,5.38799],[-75.54837,5.38801],[-75.54837,5.38802],[-75.54837,5.38802],[-75.54838,5.38803],[-75.54839,5.38803],[-75.54839,5.38803],[-75.54839,5.38803],[-75.54841,5.38804],[-75.54841,5.38804],[-75.54841,5.38804],[-75.54842,5.38804],[-75.54842,5.38804],[-75.54843,5.38804],[-75.54844,5.38804],[-75.54844,5.38804],[-75.54845,5.38805],[-75.54845,5.38805],[-75.54846,5.38805],[-75.54847,5.38805],[-75.54847,5.38806],[-75.54848,5.38806],[-75.54851,5.3881],[-75.54853,5.38813],[-75.54854,5.38813],[-75.54854,5.38813],[-75.54854,5.38814],[-75.54855,5.38814],[-75.54855,5.38814],[-75.54856,5.38814],[-75.54856,5.38814],[-75.54856,5.38814],[-75.54856,5.38815],[-75.54857,5.38816],[-75.54857,5.38816],[-75.54858,5.38816],[-75.54859,5.38817],[-75.54859,5.38817],[-75.54859,5.38817],[-75.5486,5.38818],[-75.54861,5.38818],[-75.54861,5.38818],[-75.54862,5.38818],[-75.54862,5.38818],[-75.54863,5.38818],[-75.54863,5.38818],[-75.54863,5.38818],[-75.54864,5.38819],[-75.54864,5.38819],[-75.54864,5.38819],[-75.54865,5.38819],[-75.54865,5.38819],[-75.54866,5.38819],[-75.54866,5.38819],[-75.54867,5.38819],[-75.54868,5.38821],[-75.54868,5.38821],[-75.54868,5.38821],[-75.54869,5.38822],[-75.5487,5.38822],[-75.5487,5.38822],[-75.5487,5.38822],[-75.54873,5.38823],[-75.54875,5.38824],[-75.54876,5.38824],[-75.54876,5.38824],[-75.54877,5.38824],[-75.54877,5.38824],[-75.54878,5.38824],[-75.54878,5.38824],[-75.54879,5.38826],[-75.54879,5.38826],[-75.54879,5.38826],[-75.5488,5.38827],[-75.5488,5.38827],[-75.54881,5.38827],[-75.54881,5.38827],[-75.54883,5.38827],[-75.54883,5.38827],[-75.54883,5.38827],[-75.54884,5.38827],[-75.54884,5.38827],[-75.54885,5.38827],[-75.54885,5.38827],[-75.54886,5.38827],[-75.54886,5.38826],[-75.54886,5.38826],[-75.54886,5.38826],[-75.54887,5.38826],[-75.54887,5.38826],[-75.54889,5.38829],[-75.54889,5.38829],[-75.54889,5.38829],[-75.54891,5.3883],[-75.54891,5.3883],[-75.54891,5.3883],[-75.54892,5.3883],[-75.54893,5.3883],[-75.54893,5.3883],[-75.54894,5.3883],[-75.54896,5.3883],[-75.54897,5.3883],[-75.54897,5.3883],[-75.54897,5.3883],[-75.54897,5.38831],[-75.54897,5.38832],[-75.54897,5.38832],[-75.54897,5.38833],[-75.54898,5.38833],[-75.54898,5.38834],[-75.54898,5.38835],[-75.54898,5.38835],[-75.54898,5.38835],[-75.549,5.38837],[-75.549,5.38837],[-75.549,5.38837],[-75.54901,5.38839],[-75.54902,5.38839],[-75.54902,5.38839],[-75.54903,5.3884],[-75.54903,5.3884],[-75.54904,5.38841],[-75.54904,5.38841],[-75.54906,5.38841],[-75.54907,5.38842],[-75.54907,5.38842],[-75.54908,5.38842],[-75.54908,5.38842],[-75.54908,5.38842],[-75.54909,5.38842],[-75.54909,5.38842],[-75.5491,5.38844],[-75.5491,5.38844],[-75.5491,5.38844],[-75.54911,5.38844],[-75.54911,5.38845],[-75.54912,5.38845],[-75.54912,5.38845],[-75.54912,5.38845],[-75.54913,5.38845],[-75.54914,5.38845],[-75.54915,5.38847],[-75.54915,5.38847],[-75.54915,5.38848],[-75.54916,5.38848],[-75.54916,5.38848],[-75.54916,5.38848],[-75.54917,5.38849],[-75.54917,5.38849],[-75.54918,5.38849],[-75.54918,5.38849],[-75.54918,5.38849],[-75.54918,5.3885],[-75.54919,5.3885],[-75.54919,5.3885],[-75.54919,5.3885],[-75.5492,5.3885],[-75.5492,5.38851],[-75.54921,5.38851],[-75.54921,5.38851],[-75.54922,5.38851],[-75.54923,5.3885],[-75.54924,5.38851],[-75.54924,5.38851],[-75.54924,5.38852],[-75.54925,5.38852],[-75.54926,5.38852],[-75.54926,5.38852],[-75.54928,5.38853],[-75.54929,5.38853],[-75.54931,5.38855],[-75.54931,5.38855],[-75.54931,5.38855],[-75.54932,5.38855],[-75.54933,5.38855],[-75.54934,5.38856],[-75.54934,5.38856],[-75.54935,5.38857],[-75.54935,5.38857],[-75.54935,5.38857],[-75.54936,5.38857],[-75.54936,5.38857],[-75.54937,5.38857],[-75.54938,5.38857],[-75.54938,5.38857],[-75.5494,5.3886],[-75.5494,5.3886],[-75.54942,5.38861],[-75.54942,5.38862],[-75.54942,5.38862],[-75.54942,5.38863],[-75.54942,5.38863],[-75.54943,5.38863],[-75.54943,5.38864],[-75.54943,5.38864],[-75.54944,5.38864],[-75.54944,5.38864],[-75.54944,5.38864],[-75.54945,5.38865],[-75.54946,5.38865],[-75.54946,5.38865],[-75.54948,5.38867],[-75.54949,5.38868],[-75.54949,5.38868],[-75.5495,5.38869],[-75.54951,5.38869],[-75.54951,5.38869],[-75.54951,5.38869],[-75.54952,5.38869],[-75.54953,5.38869],[-75.54953,5.38869],[-75.54955,5.38869],[-75.54955,5.38869],[-75.54955,5.3887],[-75.54956,5.38871],[-75.54956,5.38871],[-75.54956,5.38871],[-75.54957,5.38872],[-75.54958,5.38872],[-75.54958,5.38872],[-75.54958,5.38873],[-75.54959,5.38873],[-75.5496,5.38873],[-75.5496,5.38873],[-75.54962,5.38873],[-75.54964,5.38875],[-75.54964,5.38876],[-75.54964,5.38876],[-75.54965,5.38876],[-75.54965,5.38877],[-75.54966,5.38877],[-75.54966,5.38877],[-75.54967,5.38877],[-75.54967,5.38877],[-75.54968,5.38877],[-75.54968,5.38877],[-75.54969,5.38878],[-75.5497,5.38879],[-75.54972,5.38883],[-75.54973,5.38883],[-75.54973,5.38884],[-75.54974,5.38885],[-75.54974,5.38885],[-75.54975,5.38885],[-75.54976,5.38886],[-75.54976,5.38886],[-75.54976,5.38886],[-75.54979,5.38887],[-75.54979,5.38887],[-75.5498,5.38887],[-75.54982,5.38887],[-75.54982,5.38887],[-75.54983,5.38887],[-75.54984,5.38887],[-75.54985,5.38887],[-75.54985,5.38887],[-75.54985,5.38887],[-75.54987,5.38886],[-75.54987,5.38886],[-75.54988,5.38886],[-75.54988,5.38887],[-75.54989,5.38887],[-75.54989,5.38887],[-75.5499,5.38887],[-75.5499,5.38887],[-75.54991,5.38887],[-75.54993,5.38887],[-75.54993,5.38887],[-75.54995,5.3889],[-75.54995,5.3889],[-75.54995,5.3889],[-75.54996,5.38891],[-75.54996,5.38891],[-75.54997,5.38891],[-75.54997,5.38892],[-75.54998,5.38892],[-75.54998,5.38892],[-75.55,5.38892],[-75.55,5.38892],[-75.55001,5.38893],[-75.55004,5.38897]]],[[[-75.54506,5.39052],[-75.54507,5.39052],[-75.54508,5.39052],[-75.54508,5.39052],[-75.54509,5.39052],[-75.54509,5.39052],[-75.54509,5.39052],[-75.5451,5.39052],[-75.5451,5.39052],[-75.54511,5.39051],[-75.54511,5.39051],[-75.54511,5.39051],[-75.54511,5.3905],[-75.54511,5.3905],[-75.54511,5.39049],[-75.54511,5.39049],[-75.54511,5.39049],[-75.54511,5.39048],[-75.5451,5.39048],[-75.5451,5.39048],[-75.5451,5.39047],[-75.54509,5.39047],[-75.54508,5.39047],[-75.54508,5.39047],[-75.54507,5.39046],[-75.54507,5.39046],[-75.54506,5.39046],[-75.54504,5.39046],[-75.54503,5.39046],[-75.54502,5.39045],[-75.54501,5.39044],[-75.54501,5.39042],[-75.54501,5.3904],[-75.54501,5.3904],[-75.54501,5.3904],[-75.545,5.39038],[-75.545,5.39038],[-75.545,5.39038],[-75.545,5.39037],[-75.545,5.39036],[-75.545,5.39036],[-75.54499,5.39035],[-75.54499,5.39035],[-75.54498,5.39034],[-75.54497,5.39034],[-75.54496,5.39033],[-75.54496,5.39032],[-75.54495,5.39032],[-75.54495,5.39032],[-75.54494,5.39032],[-75.54493,5.39031],[-75.54493,5.39031],[-75.54493,5.39031],[-75.54492,5.39031],[-75.54491,5.39031],[-75.54491,5.3903],[-75.5449,5.3903],[-75.5449,5.3903],[-75.54489,5.39029],[-75.54489,5.39029],[-75.54489,5.39029],[-75.54488,5.39029],[-75.54488,5.39029],[-75.54488,5.39029],[-75.54488,5.39029],[-75.54487,5.39029],[-75.54486,5.39028],[-75.54486,5.39027],[-75.54486,5.39027],[-75.54484,5.39027],[-75.54484,5.39027],[-75.54484,5.39026],[-75.54482,5.39026],[-75.54482,5.39026],[-75.54481,5.39026],[-75.54479,5.39026],[-75.54479,5.39026],[-75.54479,5.39026],[-75.54477,5.39026],[-75.54476,5.39026],[-75.54474,5.39026],[-75.54474,5.39027],[-75.54472,5.39027],[-75.54472,5.39027],[-75.54471,5.39027],[-75.54469,5.39028],[-75.54469,5.39028],[-75.54469,5.39029],[-75.54468,5.39029],[-75.54468,5.39029],[-75.54466,5.39028],[-75.54466,5.39028],[-75.54465,5.39028],[-75.54465,5.39028],[-75.54464,5.39028],[-75.54463,5.39028],[-75.54463,5.39028],[-75.54463,5.39027],[-75.54462,5.39027],[-75.54462,5.39027],[-75.54462,5.39027],[-75.5446,5.39027],[-75.5446,5.39026],[-75.54458,5.39025],[-75.54458,5.39024],[-75.54458,5.39024],[-75.54457,5.39024],[-75.54456,5.39023],[-75.54456,5.39023],[-75.54456,5.39023],[-75.54455,5.39023],[-75.54454,5.39023],[-75.54454,5.39023],[-75.54451,5.39023],[-75.54451,5.39023],[-75.54449,5.39022],[-75.54448,5.39022],[-75.54448,5.39021],[-75.54446,5.39021],[-75.54446,5.39021],[-75.54445,5.3902],[-75.54442,5.39016],[-75.54442,5.39016],[-75.54442,5.39016],[-75.54441,5.39015],[-75.54441,5.39015],[-75.5444,5.39015],[-75.54439,5.39014],[-75.54439,5.39014],[-75.54439,5.39013],[-75.54438,5.39013],[-75.54437,5.39013],[-75.54437,5.39013],[-75.54437,5.39013],[-75.54436,5.39013],[-75.54436,5.39012],[-75.54436,5.39012],[-75.54436,5.39011],[-75.54435,5.39011],[-75.54435,5.3901],[-75.54434,5.39009],[-75.54434,5.39009],[-75.54432,5.39007],[-75.54432,5.39006],[-75.54432,5.39006],[-75.54432,5.39005],[-75.54431,5.39005],[-75.54431,5.39004],[-75.54431,5.39004],[-75.54431,5.39004],[-75.5443,5.39003],[-75.5443,5.39003],[-75.54429,5.39002],[-75.54429,5.39002],[-75.54429,5.39002],[-75.54428,5.39001],[-75.54428,5.39001],[-75.54427,5.39001],[-75.54427,5.39001],[-75.54426,5.39001],[-75.54424,5.38999],[-75.54424,5.38998],[-75.54424,5.38998],[-75.54423,5.38998],[-75.54423,5.38998],[-75.54423,5.38997],[-75.54422,5.38997],[-75.54422,5.38997],[-75.54421,5.38997],[-75.54421,5.38997],[-75.54421,5.38997],[-75.54421,5.38995],[-75.54421,5.38995],[-75.54421,5.38995],[-75.54421,5.38994],[-75.54421,5.38994],[-75.54421,5.38993],[-75.54421,5.38993],[-75.5442,5.38993],[-75.5442,5.38992],[-75.5442,5.38992],[-75.5442,5.38992],[-75.5442,5.38992],[-75.5442,5.38991],[-75.5442,5.38991],[-75.5442,5.3899],[-75.54419,5.3899],[-75.54419,5.38989],[-75.54419,5.38989],[-75.54418,5.38989],[-75.54416,5.38987],[-75.54416,5.38986],[-75.54416,5.38985],[-75.54416,5.38985],[-75.54415,5.38984],[-75.54415,5.38983],[-75.54415,5.38983],[-75.54415,5.38983],[-75.54414,5.38982],[-75.54414,5.38982],[-75.54414,5.38981],[-75.54412,5.3898],[-75.54412,5.3898],[-75.54408,5.38978],[-75.54407,5.38977],[-75.54407,5.38976],[-75.54406,5.38976],[-75.54406,5.38975],[-75.54407,5.38973],[-75.54407,5.38973],[-75.54407,5.38972],[-75.54406,5.38971],[-75.54406,5.38971],[-75.54406,5.3897],[-75.54406,5.3897],[-75.54405,5.3897],[-75.54405,5.38969],[-75.54405,5.38969],[-75.54405,5.38968],[-75.54404,5.38968],[-75.54404,5.38967],[-75.54404,5.38967],[-75.54403,5.38966],[-75.54403,5.38966],[-75.54403,5.38965],[-75.54403,5.38965],[-75.54402,5.38965],[-75.54402,5.38965],[-75.54402,5.38964],[-75.54401,5.38964],[-75.54401,5.38964],[-75.544,5.38964],[-75.544,5.38964],[-75.544,5.38964],[-75.54398,5.38961],[-75.54398,5.38961],[-75.54397,5.38961],[-75.54397,5.3896],[-75.54396,5.3896],[-75.54396,5.3896],[-75.54396,5.3896],[-75.54395,5.38959],[-75.54395,5.38959],[-75.54394,5.38959],[-75.54393,5.38959],[-75.54393,5.38959],[-75.54391,5.38958],[-75.54391,5.38957],[-75.54391,5.38957],[-75.5439,5.38956],[-75.5439,5.38956],[-75.5439,5.38956],[-75.5439,5.38956],[-75.54389,5.38955],[-75.54389,5.38954],[-75.54389,5.38954],[-75.54388,5.38953],[-75.54388,5.38953],[-75.54387,5.38953],[-75.54387,5.38952],[-75.54387,5.38952],[-75.54386,5.38952],[-75.54386,5.38952],[-75.54385,5.38952],[-75.54384,5.38951],[-75.54383,5.3895],[-75.54381,5.38947],[-75.54381,5.38947],[-75.5438,5.38946],[-75.54379,5.38945],[-75.54379,5.38945],[-75.54378,5.38944],[-75.54378,5.38944],[-75.54377,5.38944],[-75.54376,5.38943],[-75.54376,5.38943],[-75.54375,5.38943],[-75.54374,5.38943],[-75.54373,5.38942],[-75.54373,5.38941],[-75.54373,5.38941],[-75.54372,5.38941],[-75.54372,5.3894],[-75.54371,5.3894],[-75.54371,5.3894],[-75.5437,5.3894],[-75.5437,5.3894],[-75.5437,5.3894],[-75.54369,5.3894],[-75.54367,5.38937],[-75.54366,5.38936],[-75.54366,5.38936],[-75.54366,5.38935],[-75.54365,5.38935],[-75.54365,5.38935],[-75.54365,5.38935],[-75.54364,5.38935],[-75.54364,5.38934],[-75.54363,5.38934],[-75.54363,5.38934],[-75.54362,5.38934],[-75.54361,5.38933],[-75.54361,5.38933],[-75.54361,5.38933],[-75.54361,5.38933],[-75.5436,5.38932],[-75.5436,5.38932],[-75.54359,5.38932],[-75.54359,5.38932],[-75.54358,5.38932],[-75.54357,5.38932],[-75.54356,5.38931],[-75.54353,5.38928],[-75.54353,5.38927],[-75.54348,5.38923],[-75.54347,5.38922],[-75.54345,5.38919],[-75.54345,5.38918],[-75.54344,5.38917],[-75.54343,5.38917],[-75.54343,5.38917],[-75.54342,5.38916],[-75.54341,5.38915],[-75.54341,5.38915],[-75.54341,5.38915],[-75.54339,5.38915],[-75.54339,5.38915],[-75.54339,5.38914],[-75.54339,5.38914],[-75.54339,5.38914],[-75.54339,5.38913],[-75.54339,5.38913],[-75.54339,5.38912],[-75.54339,5.38912],[-75.54338,5.38912],[-75.54338,5.38911],[-75.54337,5.3891],[-75.54337,5.3891],[-75.54337,5.3891],[-75.54335,5.38908],[-75.54334,5.38907],[-75.54334,5.38907],[-75.54334,5.38906],[-75.54334,5.38905],[-75.54334,5.38901],[-75.54334,5.38901],[-75.54336,5.38901],[-75.54336,5.38901],[-75.54336,5.38901],[-75.54336,5.38901],[-75.54336,5.38901],[-75.54338,5.389],[-75.54338,5.389],[-75.54338,5.389],[-75.54339,5.389],[-75.54339,5.389],[-75.54339,5.389],[-75.54339,5.389],[-75.5434,5.389],[-75.5434,5.389],[-75.5434,5.389],[-75.5434,5.389],[-75.5434,5.389],[-75.54341,5.389],[-75.54341,5.389],[-75.54343,5.389],[-75.54343,5.389],[-75.54345,5.38901],[-75.54345,5.38901],[-75.54345,5.38901],[-75.54345,5.38901],[-75.54345,5.38901],[-75.54345,5.38901],[-75.54345,5.38901],[-75.54346,5.38901],[-75.54346,5.38901],[-75.54346,5.38901],[-75.54347,5.38901],[-75.54347,5.38901],[-75.54347,5.38901],[-75.54348,5.38901],[-75.54348,5.38901],[-75.54349,5.38901],[-75.54349,5.38901],[-75.5435,5.38901],[-75.5435,5.38902],[-75.5435,5.38903],[-75.5435,5.38903],[-75.54351,5.38904],[-75.54351,5.38905],[-75.54351,5.38905],[-75.54352,5.38907],[-75.54353,5.38907],[-75.54353,5.38907],[-75.54354,5.38908],[-75.54355,5.38908],[-75.54355,5.38909],[-75.54357,5.38909],[-75.54357,5.38909],[-75.54357,5.38909],[-75.54358,5.38909],[-75.5436,5.38909],[-75.5436,5.3891],[-75.54361,5.3891],[-75.54361,5.38911],[-75.54361,5.38911],[-75.54361,5.38912],[-75.54361,5.38912],[-75.54361,5.38912],[-75.54361,5.38913],[-75.54362,5.38914],[-75.54362,5.38914],[-75.54362,5.38914],[-75.54363,5.38915],[-75.54363,5.38916],[-75.54364,5.38916],[-75.54365,5.38917],[-75.54365,5.38917],[-75.54365,5.38917],[-75.54367,5.38918],[-75.54367,5.38918],[-75.54368,5.38918],[-75.54369,5.38918],[-75.54369,5.38918],[-75.5437,5.38918],[-75.54372,5.38918],[-75.54373,5.38918],[-75.54373,5.38918],[-75.54373,5.38919],[-75.54374,5.38919],[-75.54374,5.38919],[-75.54375,5.38919],[-75.54375,5.38919],[-75.54376,5.38919],[-75.54376,5.38919],[-75.54378,5.38919],[-75.54378,5.38919],[-75.5438,5.38923],[-75.5438,5.38923],[-75.54381,5.38923],[-75.54381,5.38924],[-75.54382,5.38924],[-75.54382,5.38924],[-75.54383,5.38925],[-75.54383,5.38925],[-75.54384,5.38925],[-75.54385,5.38925],[-75.54385,5.38925],[-75.54386,5.38926],[-75.54389,5.38929],[-75.54389,5.3893],[-75.5439,5.3893],[-75.54391,5.3893],[-75.54391,5.38931],[-75.54391,5.38931],[-75.54392,5.38931],[-75.54392,5.38931],[-75.54393,5.38931],[-75.54394,5.38932],[-75.54394,5.38932],[-75.54394,5.38932],[-75.54395,5.38933],[-75.54395,5.38933],[-75.54395,5.38933],[-75.54396,5.38933],[-75.54396,5.38933],[-75.54397,5.38933],[-75.54398,5.38933],[-75.54399,5.38934],[-75.54399,5.38934],[-75.54401,5.38936],[-75.54401,5.38936],[-75.54401,5.38937],[-75.54403,5.38937],[-75.54403,5.38938],[-75.54403,5.38938],[-75.54403,5.38938],[-75.54404,5.38938],[-75.54406,5.38939],[-75.54406,5.3894],[-75.54406,5.3894],[-75.54407,5.3894],[-75.54407,5.3894],[-75.54408,5.3894],[-75.54409,5.3894],[-75.54409,5.3894],[-75.5441,5.3894],[-75.54411,5.3894],[-75.54411,5.3894],[-75.54411,5.38941],[-75.54412,5.38941],[-75.54412,5.38941],[-75.54413,5.38941],[-75.54413,5.38941],[-75.54413,5.38941],[-75.54415,5.38944],[-75.54416,5.38944],[-75.54417,5.38945],[-75.54417,5.38945],[-75.54417,5.38945],[-75.54419,5.38946],[-75.5442,5.38947],[-75.5442,5.38948],[-75.54421,5.38948],[-75.54421,5.38948],[-75.54422,5.38949],[-75.54422,5.38949],[-75.54422,5.38949],[-75.54423,5.38949],[-75.54423,5.3895],[-75.54423,5.3895],[-75.54424,5.3895],[-75.54424,5.3895],[-75.54425,5.38951],[-75.54425,5.38951],[-75.54426,5.38951],[-75.54426,5.38951],[-75.54427,5.38951],[-75.54428,5.38952],[-75.54428,5.38952],[-75.54428,5.38953],[-75.54429,5.38953],[-75.5443,5.38953],[-75.5443,5.38954],[-75.5443,5.38954],[-75.54431,5.38954],[-75.54432,5.38954],[-75.54432,5.38954],[-75.54433,5.38954],[-75.54434,5.38953],[-75.54434,5.38953],[-75.54435,5.38953],[-75.54435,5.38953],[-75.54435,5.38952],[-75.54435,5.38952],[-75.54436,5.38952],[-75.54436,5.38951],[-75.54436,5.38951],[-75.54436,5.3895],[-75.54435,5.3895],[-75.54435,5.3895],[-75.54435,5.38949],[-75.54435,5.38949],[-75.54434,5.38949],[-75.54434,5.38948],[-75.54434,5.38948],[-75.54433,5.38948],[-75.54433,5.38948],[-75.54432,5.38948],[-75.54432,5.38948],[-75.5443,5.38947],[-75.5443,5.38947],[-75.5443,5.38946],[-75.5443,5.38946],[-75.54429,5.38946],[-75.54428,5.38946],[-75.54428,5.38946],[-75.54428,5.38945],[-75.54427,5.38945],[-75.54426,5.38945],[-75.54426,5.38945],[-75.54426,5.38945],[-75.54426,5.38944],[-75.54425,5.38944],[-75.54424,5.38944],[-75.54424,5.38944],[-75.54424,5.38943],[-75.54423,5.38942],[-75.54423,5.38942],[-75.54423,5.38942],[-75.54422,5.38942],[-75.5442,5.38941],[-75.54419,5.3894],[-75.54417,5.38937],[-75.54417,5.38937],[-75.54417,5.38937],[-75.54416,5.38936],[-75.54415,5.38936],[-75.54415,5.38936],[-75.54414,5.38936],[-75.54414,5.38936],[-75.54414,5.38936],[-75.54414,5.38935],[-75.54413,5.38935],[-75.54413,5.38935],[-75.54412,5.38935],[-75.54412,5.38935],[-75.54411,5.38934],[-75.54411,5.38934],[-75.5441,5.38934],[-75.54409,5.38935],[-75.54408,5.38934],[-75.54407,5.38933],[-75.54407,5.38933],[-75.54407,5.38933],[-75.54407,5.38933],[-75.54405,5.38933],[-75.54405,5.38932],[-75.54403,5.38931],[-75.54403,5.3893],[-75.54402,5.3893],[-75.54402,5.38929],[-75.54402,5.38929],[-75.54401,5.38928],[-75.544,5.38928],[-75.544,5.38928],[-75.54399,5.38928],[-75.54399,5.38928],[-75.54398,5.38927],[-75.54398,5.38927],[-75.54397,5.38928],[-75.54397,5.38927],[-75.54397,5.38927],[-75.54396,5.38927],[-75.54396,5.38927],[-75.54396,5.38927],[-75.54394,5.38926],[-75.54394,5.38926],[-75.54393,5.38926],[-75.5439,5.38922],[-75.5439,5.38922],[-75.54389,5.38921],[-75.54389,5.38921],[-75.54388,5.38921],[-75.54387,5.3892],[-75.54387,5.3892],[-75.54386,5.38919],[-75.54386,5.38919],[-75.54386,5.38919],[-75.54384,5.38919],[-75.54382,5.38916],[-75.54382,5.38916],[-75.54382,5.38915],[-75.54381,5.38915],[-75.54381,5.38914],[-75.5438,5.38914],[-75.54379,5.38914],[-75.54379,5.38914],[-75.54379,5.38914],[-75.54378,5.38913],[-75.54378,5.38913],[-75.54378,5.38913],[-75.54377,5.38913],[-75.54376,5.38914],[-75.54376,5.38913],[-75.54375,5.38913],[-75.54375,5.38913],[-75.54374,5.38913],[-75.54374,5.38912],[-75.54374,5.38912],[-75.54373,5.38912],[-75.54372,5.38912],[-75.54372,5.38912],[-75.54369,5.38913],[-75.54369,5.38913],[-75.54368,5.38912],[-75.54367,5.38912],[-75.54367,5.38911],[-75.54367,5.38911],[-75.54367,5.3891],[-75.54367,5.3891],[-75.54366,5.38909],[-75.54366,5.38908],[-75.54366,5.38908],[-75.54366,5.38908],[-75.54365,5.38907],[-75.54365,5.38906],[-75.54364,5.38906],[-75.54363,5.38905],[-75.54363,5.38905],[-75.54363,5.38905],[-75.54361,5.38904],[-75.54361,5.38904],[-75.54361,5.38904],[-75.5436,5.38904],[-75.54358,5.38904],[-75.54357,5.38904],[-75.54356,5.38903],[-75.54356,5.38902],[-75.54355,5.38901],[-75.54355,5.38901],[-75.54356,5.38901],[-75.54356,5.38901],[-75.54356,5.38901],[-75.54356,5.38901],[-75.54356,5.38901],[-75.54357,5.38901],[-75.54357,5.38901],[-75.54357,5.38901],[-75.54357,5.389],[-75.54357,5.389],[-75.54358,5.389],[-75.54358,5.389],[-75.54358,5.389],[-75.54358,5.389],[-75.54358,5.38899],[-75.54358,5.38899],[-75.54359,5.38899],[-75.54359,5.38899],[-75.54359,5.38899],[-75.54359,5.38899],[-75.54359,5.38898],[-75.54359,5.38898],[-75.54359,5.38898],[-75.54359,5.38898],[-75.54359,5.38898],[-75.54359,5.38898],[-75.54359,5.38897],[-75.54359,5.38897],[-75.5436,5.38897],[-75.5436,5.38897],[-75.5436,5.38897],[-75.5436,5.38897],[-75.5436,5.38897],[-75.54361,5.38897],[-75.54361,5.38897],[-75.54361,5.38897],[-75.54361,5.38897],[-75.54361,5.38897],[-75.54362,5.38897],[-75.54362,5.38897],[-75.54362,5.38896],[-75.54362,5.38896],[-75.54362,5.38896],[-75.54362,5.38896],[-75.54362,5.38896],[-75.54362,5.38896],[-75.54363,5.38895],[-75.54364,5.38895],[-75.54364,5.38895],[-75.54364,5.38895],[-75.54364,5.38895],[-75.54365,5.38895],[-75.54365,5.38895],[-75.54365,5.38895],[-75.54365,5.38895],[-75.54365,5.38895],[-75.54365,5.38895],[-75.5437,5.38895],[-75.54371,5.38895],[-75.54371,5.38895],[-75.54372,5.38895],[-75.54373,5.38895],[-75.54374,5.38895],[-75.54374,5.38895],[-75.54375,5.38895],[-75.54376,5.38895],[-75.54377,5.38895],[-75.54378,5.38895],[-75.54378,5.38895],[-75.54379,5.38895],[-75.54379,5.38895],[-75.5438,5.38895],[-75.54381,5.38897],[-75.54381,5.38897],[-75.54382,5.38897],[-75.54383,5.38898],[-75.54383,5.38898],[-75.54383,5.38898],[-75.54384,5.38898],[-75.54385,5.38898],[-75.54385,5.38898],[-75.54386,5.38899],[-75.54386,5.38899],[-75.54387,5.38898],[-75.54392,5.38898],[-75.54392,5.38898],[-75.54393,5.38898],[-75.54393,5.38898],[-75.54394,5.38899],[-75.54394,5.38899],[-75.54394,5.38899],[-75.54395,5.389],[-75.54396,5.38901],[-75.54396,5.38901],[-75.54397,5.38902],[-75.54398,5.38902],[-75.54398,5.38902],[-75.544,5.38902],[-75.544,5.38902],[-75.544,5.38902],[-75.54403,5.38903],[-75.54403,5.38903],[-75.54403,5.38903],[-75.54405,5.38902],[-75.54406,5.38902],[-75.54406,5.38902],[-75.54408,5.38902],[-75.54408,5.38902],[-75.54408,5.38902],[-75.5441,5.38901],[-75.54411,5.38901],[-75.54411,5.389],[-75.54412,5.38899],[-75.54412,5.38899],[-75.54414,5.38899],[-75.54414,5.389],[-75.54414,5.389],[-75.54414,5.389],[-75.54415,5.38901],[-75.54415,5.38901],[-75.54416,5.38902],[-75.54417,5.38902],[-75.54417,5.38902],[-75.54418,5.38903],[-75.54419,5.38903],[-75.54419,5.38903],[-75.5442,5.38903],[-75.54422,5.38902],[-75.54422,5.38903],[-75.54422,5.38903],[-75.54423,5.38903],[-75.54423,5.38903],[-75.54423,5.38903],[-75.54424,5.38904],[-75.54425,5.38904],[-75.54425,5.38903],[-75.54425,5.38903],[-75.54425,5.38904],[-75.54426,5.38904],[-75.54426,5.38904],[-75.54427,5.38904],[-75.54427,5.38904],[-75.54428,5.38904],[-75.54431,5.38906],[-75.54431,5.38907],[-75.54431,5.38907],[-75.54432,5.38907],[-75.54432,5.38907],[-75.54433,5.38907],[-75.54434,5.38907],[-75.54434,5.38907],[-75.54434,5.38907],[-75.54436,5.3891],[-75.54436,5.3891],[-75.54436,5.3891],[-75.54438,5.38911],[-75.54438,5.38911],[-75.54438,5.38911],[-75.54439,5.38911],[-75.54439,5.38912],[-75.54441,5.38912],[-75.54441,5.38912],[-75.54442,5.38912],[-75.54442,5.38913],[-75.54443,5.38913],[-75.54443,5.38913],[-75.54444,5.38913],[-75.54444,5.38913],[-75.54445,5.38913],[-75.54447,5.38913],[-75.54448,5.38913],[-75.54448,5.38914],[-75.54448,5.38914],[-75.54449,5.38914],[-75.54451,5.38914],[-75.54451,5.38914],[-75.54451,5.38915],[-75.54452,5.38915],[-75.54452,5.38915],[-75.54452,5.38915],[-75.54453,5.38915],[-75.54453,5.38915],[-75.54456,5.38918],[-75.54456,5.38919],[-75.54456,5.38919],[-75.54457,5.38919],[-75.54457,5.38919],[-75.54458,5.3892],[-75.54459,5.3892],[-75.54459,5.3892],[-75.54459,5.3892],[-75.54461,5.3892],[-75.54462,5.38921],[-75.54462,5.38921],[-75.54462,5.38921],[-75.54463,5.38921],[-75.54463,5.38921],[-75.54465,5.38921],[-75.54466,5.38924],[-75.54467,5.38924],[-75.54467,5.38924],[-75.54468,5.38925],[-75.54468,5.38925],[-75.54468,5.38925],[-75.54469,5.38925],[-75.54469,5.38925],[-75.5447,5.38925],[-75.5447,5.38925],[-75.54472,5.38926],[-75.54472,5.38927],[-75.54473,5.38927],[-75.54473,5.38927],[-75.54473,5.38927],[-75.54474,5.38927],[-75.54475,5.38927],[-75.54475,5.38928],[-75.54475,5.38928],[-75.54476,5.38928],[-75.54476,5.38928],[-75.54476,5.38928],[-75.54477,5.38928],[-75.54477,5.38928],[-75.54477,5.38928],[-75.54478,5.38928],[-75.54478,5.38928],[-75.54478,5.38929],[-75.54478,5.3893],[-75.54478,5.3893],[-75.54478,5.3893],[-75.54478,5.38931],[-75.54478,5.38931],[-75.54478,5.38931],[-75.54478,5.38931],[-75.54478,5.38932],[-75.54478,5.38932],[-75.54478,5.38932],[-75.54478,5.38932],[-75.54478,5.38932],[-75.54479,5.38933],[-75.54479,5.38933],[-75.54479,5.38933],[-75.54479,5.38933],[-75.54479,5.38934],[-75.54479,5.38934],[-75.5448,5.38934],[-75.5448,5.38934],[-75.5448,5.38934],[-75.5448,5.38934],[-75.5448,5.38935],[-75.5448,5.38935],[-75.54481,5.38935],[-75.54481,5.38935],[-75.54481,5.38935],[-75.54481,5.38935],[-75.54481,5.38935],[-75.54481,5.38935],[-75.54482,5.38935],[-75.54482,5.38935],[-75.54484,5.38938],[-75.54485,5.38938],[-75.54485,5.38938],[-75.54485,5.38938],[-75.54485,5.38938],[-75.54485,5.38939],[-75.54486,5.38939],[-75.54486,5.38939],[-75.54486,5.38939],[-75.54486,5.38939],[-75.54486,5.38939],[-75.54487,5.3894],[-75.54487,5.3894],[-75.54487,5.3894],[-75.54487,5.3894],[-75.54487,5.3894],[-75.54487,5.3894],[-75.54488,5.3894],[-75.54488,5.3894],[-75.54491,5.3894],[-75.54491,5.3894],[-75.54492,5.38941],[-75.54493,5.38942],[-75.54496,5.38946],[-75.54496,5.38946],[-75.54497,5.38946],[-75.54497,5.38947],[-75.54497,5.38947],[-75.54498,5.38948],[-75.54498,5.38948],[-75.54498,5.38948],[-75.54498,5.38948],[-75.54499,5.38948],[-75.54499,5.38948],[-75.545,5.38949],[-75.545,5.38949],[-75.545,5.38949],[-75.545,5.38949],[-75.545,5.38949],[-75.54502,5.38949],[-75.54502,5.38949],[-75.54504,5.38951],[-75.54504,5.38951],[-75.54504,5.38951],[-75.54504,5.38951],[-75.54504,5.38951],[-75.54505,5.38951],[-75.54505,5.38951],[-75.54506,5.38951],[-75.54506,5.38952],[-75.54506,5.38952],[-75.54506,5.38952],[-75.54506,5.38952],[-75.54506,5.38952],[-75.54507,5.38952],[-75.54507,5.38952],[-75.54507,5.38952],[-75.54507,5.38952],[-75.54508,5.38952],[-75.54508,5.38951],[-75.54508,5.38951],[-75.54509,5.38952],[-75.54509,5.38952],[-75.54509,5.38952],[-75.54509,5.38952],[-75.54509,5.38952],[-75.54509,5.38952],[-75.5451,5.38952],[-75.5451,5.38952],[-75.5451,5.38952],[-75.5451,5.38952],[-75.5451,5.38952],[-75.5451,5.38952],[-75.54511,5.38952],[-75.54511,5.38952],[-75.54511,5.38952],[-75.54511,5.38952],[-75.54511,5.38952],[-75.54511,5.38952],[-75.54512,5.38952],[-75.54512,5.38951],[-75.54512,5.38951],[-75.54512,5.38951],[-75.54512,5.38951],[-75.54512,5.38951],[-75.54512,5.38951],[-75.54512,5.38951],[-75.54513,5.38951],[-75.54513,5.3895],[-75.54513,5.3895],[-75.54513,5.3895],[-75.54513,5.3895],[-75.54513,5.3895],[-75.54513,5.3895],[-75.54513,5.38949],[-75.54513,5.38949],[-75.54513,5.38949],[-75.54513,5.38949],[-75.54513,5.38949],[-75.54513,5.38948],[-75.54513,5.38948],[-75.54512,5.38948],[-75.54512,5.38948],[-75.54512,5.38948],[-75.54512,5.38948],[-75.54512,5.38948],[-75.54512,5.38947],[-75.54512,5.38947],[-75.54511,5.38947],[-75.54511,5.38947],[-75.54511,5.38947],[-75.54511,5.38947],[-75.54511,5.38946],[-75.54511,5.38946],[-75.5451,5.38946],[-75.5451,5.38946],[-75.5451,5.38946],[-75.5451,5.38946],[-75.54509,5.38946],[-75.54509,5.38946],[-75.54509,5.38946],[-75.54509,5.38946],[-75.54509,5.38946],[-75.54508,5.38946],[-75.54508,5.38946],[-75.54507,5.38946],[-75.54507,5.38946],[-75.54505,5.38945],[-75.54505,5.38945],[-75.54505,5.38945],[-75.54505,5.38945],[-75.54504,5.38944],[-75.54504,5.38944],[-75.54504,5.38944],[-75.54504,5.38944],[-75.54504,5.38944],[-75.54503,5.38944],[-75.54502,5.38944],[-75.54501,5.38943],[-75.545,5.38943],[-75.54497,5.38939],[-75.54497,5.38938],[-75.54497,5.38938],[-75.54496,5.38937],[-75.54496,5.38937],[-75.54496,5.38937],[-75.54496,5.38937],[-75.54495,5.38937],[-75.54494,5.38936],[-75.54494,5.38936],[-75.54494,5.38936],[-75.54494,5.38936],[-75.54494,5.38936],[-75.54493,5.38935],[-75.54492,5.38935],[-75.54492,5.38935],[-75.54492,5.38935],[-75.54492,5.38935],[-75.54492,5.38935],[-75.54489,5.38935],[-75.54489,5.38934],[-75.54487,5.38931],[-75.54486,5.38931],[-75.54486,5.38931],[-75.54486,5.38931],[-75.54486,5.38931],[-75.54486,5.38931],[-75.54486,5.38931],[-75.54485,5.3893],[-75.54485,5.3893],[-75.54485,5.3893],[-75.54485,5.3893],[-75.54485,5.3893],[-75.54485,5.3893],[-75.54484,5.3893],[-75.54484,5.3893],[-75.54484,5.3893],[-75.54483,5.3893],[-75.54483,5.3893],[-75.54483,5.38929],[-75.54484,5.38929],[-75.54484,5.38929],[-75.54485,5.38929],[-75.54486,5.38928],[-75.54486,5.38928],[-75.54487,5.38928],[-75.54487,5.38928],[-75.54487,5.38927],[-75.54487,5.38927],[-75.54488,5.38927],[-75.54488,5.38927],[-75.54489,5.38927],[-75.54489,5.38927],[-75.54489,5.38926],[-75.5449,5.38926],[-75.5449,5.38926],[-75.5449,5.38926],[-75.54491,5.38927],[-75.54491,5.38927],[-75.54491,5.38927],[-75.54492,5.38928],[-75.54492,5.38928],[-75.54493,5.38928],[-75.54493,5.38928],[-75.54494,5.38928],[-75.54494,5.38928],[-75.54495,5.38928],[-75.54495,5.38928],[-75.54495,5.38928],[-75.54496,5.38928],[-75.54496,5.38928],[-75.54497,5.38928],[-75.54497,5.38928],[-75.54498,5.38928],[-75.545,5.38928],[-75.54501,5.38929],[-75.54501,5.38929],[-75.54501,5.38929],[-75.54502,5.38929],[-75.54502,5.3893],[-75.54503,5.3893],[-75.54503,5.3893],[-75.54504,5.3893],[-75.54504,5.3893],[-75.54505,5.3893],[-75.54508,5.38929],[-75.54508,5.38929],[-75.5451,5.3893],[-75.5451,5.3893],[-75.5451,5.3893],[-75.54511,5.38931],[-75.54511,5.38931],[-75.54512,5.38931],[-75.54512,5.38931],[-75.54513,5.38931],[-75.54513,5.38931],[-75.54514,5.38932],[-75.54514,5.38932],[-75.54515,5.38932],[-75.54515,5.38932],[-75.54515,5.38932],[-75.54516,5.38932],[-75.54516,5.38933],[-75.54517,5.38933],[-75.54517,5.38933],[-75.54517,5.38933],[-75.54518,5.38933],[-75.54518,5.38933],[-75.54519,5.38934],[-75.54519,5.38934],[-75.54519,5.38934],[-75.5452,5.38934],[-75.54521,5.38935],[-75.54521,5.38935],[-75.54522,5.38935],[-75.54525,5.38935],[-75.5453,5.38937],[-75.5453,5.38937],[-75.5453,5.38937],[-75.54532,5.38937],[-75.54532,5.38937],[-75.54533,5.38937],[-75.54534,5.38937],[-75.54539,5.38936],[-75.5454,5.38937],[-75.54541,5.38937],[-75.54541,5.38937],[-75.54543,5.3894],[-75.54544,5.3894],[-75.54544,5.3894],[-75.54545,5.38941],[-75.54545,5.38941],[-75.54546,5.38941],[-75.54546,5.38942],[-75.54547,5.38942],[-75.54548,5.38942],[-75.54548,5.38942],[-75.5455,5.38941],[-75.5455,5.38941],[-75.54551,5.38942],[-75.54552,5.38942],[-75.54552,5.38943],[-75.54553,5.38944],[-75.54553,5.38945],[-75.54552,5.38946],[-75.54552,5.38947],[-75.54553,5.38947],[-75.54553,5.38947],[-75.54553,5.38948],[-75.54553,5.38948],[-75.54553,5.38949],[-75.54554,5.38949],[-75.54554,5.38949],[-75.54555,5.38949],[-75.54555,5.38949],[-75.54555,5.38949],[-75.54556,5.38949],[-75.54556,5.38949],[-75.54557,5.38949],[-75.54557,5.38948],[-75.54557,5.38948],[-75.54558,5.38948],[-75.54558,5.38947],[-75.54558,5.38947],[-75.54558,5.38945],[-75.54558,5.38945],[-75.54558,5.38944],[-75.54558,5.38943],[-75.54558,5.38942],[-75.54558,5.38942],[-75.54557,5.38941],[-75.54557,5.3894],[-75.54557,5.3894],[-75.54556,5.38939],[-75.54555,5.38938],[-75.54554,5.38937],[-75.54554,5.38937],[-75.54554,5.38937],[-75.54552,5.38936],[-75.54552,5.38936],[-75.54551,5.38936],[-75.54551,5.38936],[-75.5455,5.38936],[-75.5455,5.38936],[-75.54548,5.38936],[-75.54548,5.38936],[-75.54547,5.38936],[-75.54545,5.38934],[-75.54545,5.38934],[-75.54545,5.38933],[-75.54544,5.38932],[-75.54543,5.38932],[-75.54543,5.38932],[-75.54542,5.38931],[-75.54541,5.38931],[-75.54541,5.38931],[-75.5454,5.38931],[-75.54539,5.38931],[-75.54539,5.38931],[-75.54533,5.38932],[-75.54532,5.38932],[-75.54531,5.38932],[-75.54527,5.3893],[-75.54526,5.3893],[-75.54526,5.3893],[-75.54522,5.38929],[-75.54522,5.38929],[-75.54521,5.38929],[-75.5452,5.38928],[-75.5452,5.38928],[-75.5452,5.38928],[-75.54519,5.38928],[-75.54519,5.38928],[-75.54519,5.38928],[-75.54518,5.38928],[-75.54518,5.38927],[-75.54517,5.38927],[-75.54517,5.38927],[-75.54516,5.38926],[-75.54516,5.38926],[-75.54515,5.38926],[-75.54515,5.38926],[-75.54515,5.38926],[-75.54514,5.38926],[-75.54514,5.38925],[-75.54514,5.38925],[-75.54513,5.38925],[-75.54512,5.38925],[-75.54512,5.38925],[-75.5451,5.38924],[-75.5451,5.38924],[-75.5451,5.38924],[-75.54509,5.38924],[-75.54508,5.38924],[-75.54508,5.38924],[-75.54507,5.38924],[-75.54504,5.38924],[-75.54503,5.38923],[-75.54503,5.38923],[-75.54503,5.38923],[-75.54502,5.38923],[-75.54502,5.38923],[-75.54501,5.38923],[-75.54501,5.38922],[-75.545,5.38922],[-75.545,5.38922],[-75.545,5.38922],[-75.54497,5.38923],[-75.54497,5.38923],[-75.54497,5.38923],[-75.54496,5.38922],[-75.54496,5.38922],[-75.54495,5.38922],[-75.54495,5.38922],[-75.54494,5.38922],[-75.54494,5.38922],[-75.54493,5.38922],[-75.54493,5.38922],[-75.54493,5.38922],[-75.54493,5.38922],[-75.54492,5.38921],[-75.54491,5.38921],[-75.54491,5.38921],[-75.5449,5.38921],[-75.5449,5.38921],[-75.54489,5.38921],[-75.54488,5.38921],[-75.54488,5.38921],[-75.54487,5.38921],[-75.54487,5.38922],[-75.54487,5.38922],[-75.54486,5.38922],[-75.54486,5.38922],[-75.54486,5.38922],[-75.54485,5.38922],[-75.54485,5.38922],[-75.54485,5.38922],[-75.54484,5.38923],[-75.54484,5.38923],[-75.54484,5.38923],[-75.54483,5.38924],[-75.54483,5.38924],[-75.54482,5.38924],[-75.54482,5.38924],[-75.54481,5.38924],[-75.54481,5.38923],[-75.5448,5.38923],[-75.5448,5.38923],[-75.5448,5.38923],[-75.54479,5.38923],[-75.54479,5.38923],[-75.54478,5.38923],[-75.54478,5.38923],[-75.54478,5.38923],[-75.54477,5.38922],[-75.54477,5.38922],[-75.54477,5.38922],[-75.54476,5.38922],[-75.54476,5.38921],[-75.54475,5.38921],[-75.54474,5.38921],[-75.54473,5.3892],[-75.54472,5.3892],[-75.54472,5.3892],[-75.54472,5.3892],[-75.54471,5.3892],[-75.54471,5.3892],[-75.54469,5.38918],[-75.54469,5.38917],[-75.54468,5.38917],[-75.54468,5.38917],[-75.54467,5.38916],[-75.54467,5.38916],[-75.54466,5.38916],[-75.54466,5.38916],[-75.54466,5.38916],[-75.54465,5.38916],[-75.54464,5.38916],[-75.54463,5.38915],[-75.54463,5.38915],[-75.54463,5.38915],[-75.54462,5.38915],[-75.54462,5.38915],[-75.5446,5.38915],[-75.5446,5.38915],[-75.54457,5.38911],[-75.54457,5.38911],[-75.54457,5.38911],[-75.54456,5.3891],[-75.54455,5.3891],[-75.54455,5.3891],[-75.54454,5.3891],[-75.54454,5.3891],[-75.54454,5.38909],[-75.54453,5.38909],[-75.54453,5.38909],[-75.54452,5.38909],[-75.5445,5.38908],[-75.54449,5.38908],[-75.54449,5.38908],[-75.54449,5.38908],[-75.54448,5.38907],[-75.54447,5.38907],[-75.54447,5.38907],[-75.54446,5.38907],[-75.54445,5.38908],[-75.54444,5.38907],[-75.54444,5.38907],[-75.54444,5.38907],[-75.54443,5.38907],[-75.54442,5.38906],[-75.54442,5.38906],[-75.54442,5.38906],[-75.5444,5.38906],[-75.5444,5.38906],[-75.54438,5.38904],[-75.54438,5.38903],[-75.54438,5.38903],[-75.54437,5.38903],[-75.54437,5.38903],[-75.54437,5.38902],[-75.54436,5.38902],[-75.54436,5.38902],[-75.54436,5.38902],[-75.54435,5.38902],[-75.54434,5.38902],[-75.54434,5.38902],[-75.54434,5.38902],[-75.54431,5.38899],[-75.5443,5.38899],[-75.5443,5.38899],[-75.54428,5.38899],[-75.54428,5.38898],[-75.54428,5.38898],[-75.54427,5.38898],[-75.54427,5.38898],[-75.54427,5.38898],[-75.54426,5.38898],[-75.54426,5.38898],[-75.54426,5.38898],[-75.54425,5.38898],[-75.54425,5.38898],[-75.54424,5.38898],[-75.54424,5.38897],[-75.54424,5.38897],[-75.54423,5.38897],[-75.54422,5.38897],[-75.54422,5.38897],[-75.54421,5.38897],[-75.54419,5.38897],[-75.54418,5.38897],[-75.54418,5.38896],[-75.54418,5.38896],[-75.54418,5.38895],[-75.54418,5.38895],[-75.54418,5.38895],[-75.54417,5.38894],[-75.54417,5.38894],[-75.54417,5.38894],[-75.54416,5.38894],[-75.54416,5.38894],[-75.54415,5.38894],[-75.54415,5.38894],[-75.54414,5.38894],[-75.54414,5.38894],[-75.54412,5.38894],[-75.54412,5.38894],[-75.54412,5.38894],[-75.54411,5.38894],[-75.5441,5.38894],[-75.5441,5.38894],[-75.5441,5.38894],[-75.54409,5.38895],[-75.54409,5.38895],[-75.54408,5.38896],[-75.54406,5.38897],[-75.54405,5.38897],[-75.54403,5.38897],[-75.54401,5.38897],[-75.544,5.38897],[-75.54399,5.38896],[-75.54398,5.38895],[-75.54397,5.38894],[-75.54397,5.38894],[-75.54397,5.38894],[-75.54396,5.38893],[-75.54396,5.38893],[-75.54394,5.38893],[-75.54394,5.38893],[-75.54393,5.38893],[-75.54393,5.38892],[-75.54391,5.38892],[-75.54391,5.38892],[-75.54386,5.38893],[-75.54386,5.38893],[-75.54386,5.38893],[-75.54386,5.38893],[-75.54386,5.38893],[-75.54387,5.38893],[-75.54387,5.38893],[-75.54387,5.38893],[-75.54388,5.38892],[-75.54388,5.38892],[-75.54388,5.38892],[-75.54388,5.38892],[-75.54388,5.38892],[-75.54388,5.38892],[-75.54389,5.38891],[-75.5439,5.38889],[-75.54391,5.38889],[-75.54392,5.38888],[-75.54392,5.38888],[-75.54392,5.38888],[-75.54392,5.38888],[-75.54392,5.38888],[-75.54393,5.38888],[-75.54393,5.38888],[-75.54393,5.38888],[-75.54393,5.38888],[-75.54393,5.38888],[-75.54393,5.38887],[-75.54394,5.38887],[-75.54394,5.38887],[-75.54394,5.38887],[-75.54394,5.38886],[-75.54394,5.38886],[-75.54397,5.38883],[-75.54397,5.38883],[-75.54397,5.38882],[-75.54399,5.38882],[-75.544,5.38882],[-75.54402,5.38882],[-75.54405,5.38883],[-75.54405,5.38883],[-75.54405,5.38883],[-75.54405,5.38883],[-75.54405,5.38883],[-75.54405,5.38883],[-75.54406,5.38883],[-75.54406,5.38883],[-75.54406,5.38883],[-75.54406,5.38883],[-75.54406,5.38882],[-75.54406,5.38882],[-75.54407,5.38882],[-75.54407,5.38882],[-75.54407,5.38882],[-75.54407,5.38882],[-75.54407,5.38882],[-75.54407,5.38882],[-75.54407,5.38882],[-75.54408,5.38881],[-75.54408,5.38881],[-75.54408,5.38881],[-75.54408,5.38881],[-75.54408,5.38881],[-75.54408,5.38881],[-75.54408,5.38881],[-75.54408,5.3888],[-75.54408,5.3888],[-75.54408,5.3888],[-75.54408,5.3888],[-75.54408,5.3888],[-75.54408,5.38879],[-75.54408,5.38879],[-75.54408,5.38879],[-75.54408,5.38879],[-75.54408,5.38879],[-75.54408,5.38879],[-75.54408,5.38878],[-75.54407,5.38878],[-75.54407,5.38878],[-75.54407,5.38878],[-75.54407,5.38878],[-75.54407,5.38878],[-75.54407,5.38878],[-75.54407,5.38878],[-75.54406,5.38878],[-75.54406,5.38877],[-75.54406,5.38877],[-75.54406,5.38877],[-75.54406,5.38877],[-75.54403,5.38877],[-75.54403,5.38877],[-75.54403,5.38877],[-75.54403,5.38877],[-75.54401,5.38876],[-75.54401,5.38876],[-75.544,5.38876],[-75.544,5.38876],[-75.544,5.38876],[-75.54398,5.38877],[-75.54398,5.38877],[-75.54398,5.38877],[-75.54398,5.38877],[-75.54397,5.38877],[-75.54395,5.38877],[-75.54395,5.38877],[-75.54395,5.38878],[-75.54395,5.38878],[-75.54395,5.38878],[-75.54395,5.38878],[-75.54394,5.38878],[-75.54394,5.38878],[-75.54394,5.38878],[-75.54394,5.38878],[-75.54394,5.38879],[-75.54394,5.38879],[-75.54393,5.38879],[-75.54393,5.38879],[-75.54393,5.3888],[-75.54393,5.3888],[-75.5439,5.38883],[-75.5439,5.38883],[-75.5439,5.38883],[-75.54389,5.38884],[-75.54389,5.38884],[-75.54388,5.38884],[-75.54388,5.38884],[-75.54388,5.38884],[-75.54388,5.38884],[-75.54388,5.38884],[-75.54387,5.38885],[-75.54387,5.38885],[-75.54386,5.38885],[-75.54386,5.38885],[-75.54386,5.38886],[-75.54385,5.38888],[-75.54383,5.38887],[-75.54383,5.38887],[-75.54383,5.38887],[-75.54382,5.38887],[-75.54382,5.38887],[-75.54382,5.38887],[-75.54382,5.38887],[-75.54382,5.38888],[-75.54382,5.38888],[-75.54381,5.38888],[-75.54381,5.38888],[-75.5438,5.38888],[-75.5438,5.38888],[-75.5438,5.38888],[-75.5438,5.38888],[-75.5438,5.38888],[-75.54379,5.38888],[-75.54379,5.38888],[-75.54379,5.38888],[-75.54379,5.38888],[-75.54379,5.38888],[-75.54379,5.38888],[-75.54378,5.38888],[-75.54378,5.38889],[-75.54378,5.38889],[-75.54378,5.38889],[-75.54378,5.38889],[-75.54377,5.38889],[-75.54377,5.38889],[-75.54377,5.38889],[-75.54377,5.38889],[-75.54377,5.3889],[-75.54376,5.3889],[-75.54375,5.3889],[-75.54374,5.3889],[-75.54374,5.3889],[-75.54373,5.3889],[-75.54372,5.3889],[-75.54371,5.3889],[-75.54371,5.3889],[-75.5437,5.3889],[-75.54365,5.3889],[-75.54365,5.3889],[-75.54365,5.3889],[-75.54364,5.3889],[-75.54364,5.3889],[-75.54364,5.3889],[-75.54364,5.3889],[-75.54364,5.3889],[-75.54364,5.3889],[-75.54363,5.3889],[-75.54363,5.3889],[-75.54362,5.3889],[-75.54361,5.3889],[-75.54361,5.3889],[-75.54361,5.3889],[-75.54361,5.3889],[-75.54361,5.3889],[-75.54361,5.3889],[-75.5436,5.3889],[-75.5436,5.3889],[-75.5436,5.3889],[-75.5436,5.38891],[-75.54359,5.38891],[-75.54359,5.38891],[-75.54359,5.38891],[-75.54359,5.38891],[-75.54359,5.38891],[-75.54359,5.38891],[-75.54359,5.38891],[-75.54359,5.38892],[-75.54358,5.38892],[-75.54358,5.38892],[-75.54358,5.38892],[-75.54358,5.38892],[-75.54358,5.38892],[-75.54358,5.38892],[-75.54357,5.38892],[-75.54357,5.38892],[-75.54357,5.38892],[-75.54357,5.38892],[-75.54356,5.38893],[-75.54356,5.38893],[-75.54356,5.38893],[-75.54355,5.38893],[-75.54355,5.38893],[-75.54355,5.38893],[-75.54355,5.38894],[-75.54355,5.38894],[-75.54355,5.38894],[-75.54355,5.38894],[-75.54354,5.38894],[-75.54354,5.38895],[-75.54354,5.38895],[-75.54354,5.38895],[-75.54354,5.38895],[-75.54354,5.38896],[-75.54354,5.38896],[-75.54354,5.38896],[-75.54353,5.38896],[-75.54353,5.38896],[-75.54353,5.38896],[-75.54353,5.38895],[-75.54353,5.38895],[-75.54353,5.38895],[-75.54351,5.38895],[-75.5435,5.38895],[-75.54349,5.38895],[-75.54349,5.38895],[-75.54348,5.38895],[-75.54348,5.38895],[-75.54347,5.38895],[-75.54347,5.38896],[-75.54347,5.38896],[-75.54347,5.38896],[-75.54345,5.38895],[-75.54345,5.38895],[-75.54345,5.38895],[-75.54345,5.38895],[-75.54345,5.38895],[-75.54345,5.38895],[-75.54344,5.38895],[-75.54344,5.38895],[-75.54343,5.38895],[-75.54343,5.38895],[-75.54343,5.38895],[-75.54343,5.38895],[-75.54343,5.38895],[-75.54342,5.38895],[-75.5434,5.38895],[-75.5434,5.38895],[-75.5434,5.38895],[-75.5434,5.38895],[-75.5434,5.38895],[-75.5434,5.38894],[-75.5434,5.38894],[-75.54339,5.38894],[-75.54339,5.38894],[-75.54339,5.38894],[-75.54339,5.38894],[-75.54339,5.38894],[-75.54339,5.38894],[-75.54338,5.38894],[-75.54338,5.38894],[-75.54338,5.38894],[-75.54338,5.38894],[-75.54338,5.38894],[-75.54338,5.38894],[-75.54337,5.38894],[-75.54337,5.38894],[-75.54337,5.38895],[-75.54335,5.38895],[-75.54333,5.38896],[-75.54331,5.38895],[-75.5433,5.38895],[-75.54329,5.38895],[-75.54329,5.38894],[-75.54329,5.38894],[-75.54329,5.38894],[-75.54329,5.38894],[-75.54329,5.38894],[-75.54328,5.38894],[-75.54328,5.38894],[-75.54327,5.38893],[-75.54327,5.38893],[-75.54327,5.38893],[-75.54327,5.38893],[-75.54327,5.38893],[-75.54326,5.38893],[-75.54326,5.38893],[-75.54326,5.38893],[-75.54326,5.38893],[-75.54326,5.38893],[-75.54325,5.38893],[-75.54324,5.38893],[-75.54323,5.38891],[-75.54323,5.38891],[-75.54323,5.38891],[-75.54322,5.38891],[-75.54322,5.38891],[-75.54322,5.38891],[-75.54322,5.38891],[-75.54321,5.3889],[-75.54321,5.3889],[-75.54321,5.3889],[-75.54321,5.3889],[-75.54321,5.3889],[-75.5432,5.3889],[-75.5432,5.3889],[-75.5432,5.3889],[-75.54319,5.38889],[-75.54319,5.38889],[-75.54319,5.38889],[-75.54319,5.38889],[-75.54318,5.38889],[-75.54317,5.38889],[-75.54317,5.38889],[-75.54317,5.38889],[-75.54317,5.38889],[-75.54317,5.3889],[-75.54315,5.3889],[-75.54315,5.3889],[-75.54315,5.3889],[-75.54315,5.3889],[-75.54315,5.3889],[-75.54315,5.3889],[-75.54314,5.3889],[-75.54314,5.38891],[-75.54314,5.38891],[-75.54313,5.38891],[-75.54313,5.38891],[-75.54313,5.38891],[-75.54312,5.38892],[-75.54312,5.38892],[-75.54312,5.38892],[-75.54312,5.38892],[-75.54312,5.38892],[-75.54312,5.38893],[-75.54312,5.38893],[-75.54312,5.38893],[-75.54312,5.38893],[-75.54312,5.38893],[-75.54312,5.38893],[-75.54312,5.38894],[-75.54312,5.38894],[-75.54312,5.38894],[-75.54312,5.38894],[-75.54312,5.38894],[-75.54312,5.38894],[-75.54312,5.38895],[-75.54312,5.38895],[-75.54312,5.38895],[-75.54312,5.38895],[-75.54312,5.38895],[-75.54312,5.38895],[-75.54312,5.38896],[-75.54312,5.38896],[-75.54312,5.38896],[-75.54313,5.38896],[-75.54313,5.38896],[-75.54313,5.38896],[-75.54313,5.38896],[-75.54313,5.38896],[-75.54313,5.38896],[-75.54314,5.38896],[-75.54314,5.38896],[-75.54314,5.38896],[-75.54314,5.38896],[-75.54314,5.38896],[-75.54314,5.38896],[-75.54315,5.38896],[-75.54315,5.38896],[-75.54315,5.38896],[-75.54315,5.38896],[-75.54315,5.38896],[-75.54315,5.38896],[-75.54316,5.38896],[-75.54316,5.38896],[-75.54316,5.38896],[-75.54316,5.38896],[-75.54316,5.38896],[-75.54317,5.38895],[-75.54317,5.38895],[-75.54317,5.38895],[-75.54318,5.38895],[-75.54319,5.38895],[-75.54319,5.38895],[-75.5432,5.38897],[-75.5432,5.38897],[-75.5432,5.38897],[-75.5432,5.38897],[-75.54321,5.38897],[-75.54321,5.38898],[-75.54321,5.38898],[-75.54321,5.38898],[-75.54322,5.38898],[-75.54322,5.38898],[-75.54322,5.38898],[-75.54322,5.38899],[-75.54322,5.38899],[-75.54323,5.38899],[-75.54323,5.38899],[-75.54323,5.38899],[-75.54323,5.38899],[-75.54324,5.38899],[-75.54324,5.38899],[-75.54324,5.38899],[-75.54324,5.38899],[-75.54324,5.38899],[-75.54326,5.38899],[-75.54326,5.38899],[-75.54326,5.38899],[-75.54326,5.38899],[-75.54326,5.38899],[-75.54326,5.389],[-75.54327,5.389],[-75.54327,5.38901],[-75.54327,5.38901],[-75.54328,5.38901],[-75.54328,5.38902],[-75.54328,5.38902],[-75.54328,5.38902],[-75.54329,5.38902],[-75.54328,5.38904],[-75.54328,5.38905],[-75.54328,5.38905],[-75.54328,5.38907],[-75.54328,5.38907],[-75.54328,5.38907],[-75.54328,5.38907],[-75.54329,5.38909],[-75.54329,5.38909],[-75.5433,5.3891],[-75.5433,5.38911],[-75.5433,5.38911],[-75.54331,5.38912],[-75.54331,5.38912],[-75.54331,5.38912],[-75.54333,5.38914],[-75.54333,5.38915],[-75.54333,5.38916],[-75.54333,5.38916],[-75.54333,5.38916],[-75.54333,5.38917],[-75.54333,5.38917],[-75.54334,5.38918],[-75.54334,5.38918],[-75.54334,5.38918],[-75.54335,5.38919],[-75.54335,5.38919],[-75.54335,5.38919],[-75.54336,5.3892],[-75.54336,5.3892],[-75.54337,5.3892],[-75.54337,5.3892],[-75.54338,5.3892],[-75.54339,5.3892],[-75.5434,5.38921],[-75.5434,5.38922],[-75.54343,5.38925],[-75.54343,5.38926],[-75.54343,5.38926],[-75.54344,5.38927],[-75.54345,5.38927],[-75.54349,5.38931],[-75.54352,5.38935],[-75.54353,5.38935],[-75.54353,5.38935],[-75.54354,5.38936],[-75.54354,5.38936],[-75.54354,5.38937],[-75.54355,5.38937],[-75.54356,5.38937],[-75.54356,5.38937],[-75.54357,5.38937],[-75.54358,5.38938],[-75.54358,5.38938],[-75.54358,5.38939],[-75.54359,5.38939],[-75.54359,5.38939],[-75.5436,5.3894],[-75.5436,5.3894],[-75.54361,5.3894],[-75.54362,5.3894],[-75.54364,5.38943],[-75.54365,5.38943],[-75.54365,5.38944],[-75.54366,5.38944],[-75.54366,5.38945],[-75.54366,5.38945],[-75.54367,5.38945],[-75.54368,5.38945],[-75.54368,5.38945],[-75.54369,5.38945],[-75.5437,5.38947],[-75.54371,5.38947],[-75.54371,5.38948],[-75.54371,5.38948],[-75.54372,5.38948],[-75.54372,5.38949],[-75.54373,5.38949],[-75.54373,5.38949],[-75.54373,5.38949],[-75.54375,5.38949],[-75.54375,5.38949],[-75.54376,5.38949],[-75.54376,5.3895],[-75.54379,5.38953],[-75.54379,5.38953],[-75.54379,5.38953],[-75.5438,5.38955],[-75.5438,5.38955],[-75.54382,5.38956],[-75.54382,5.38956],[-75.54382,5.38957],[-75.54383,5.38957],[-75.54383,5.38957],[-75.54384,5.38957],[-75.54384,5.38957],[-75.54384,5.38958],[-75.54384,5.38958],[-75.54385,5.38959],[-75.54385,5.3896],[-75.54385,5.3896],[-75.54386,5.3896],[-75.54386,5.3896],[-75.54388,5.38962],[-75.54389,5.38963],[-75.5439,5.38964],[-75.5439,5.38964],[-75.54391,5.38964],[-75.54392,5.38964],[-75.54392,5.38965],[-75.54392,5.38965],[-75.54394,5.38965],[-75.54396,5.38968],[-75.54396,5.38968],[-75.54396,5.38968],[-75.54397,5.38969],[-75.54397,5.38969],[-75.54397,5.38969],[-75.54398,5.38969],[-75.54398,5.38969],[-75.54399,5.38969],[-75.54399,5.38969],[-75.54399,5.3897],[-75.54399,5.3897],[-75.54399,5.38971],[-75.54399,5.38971],[-75.544,5.38971],[-75.544,5.38972],[-75.544,5.38972],[-75.544,5.38973],[-75.54401,5.38973],[-75.54401,5.38975],[-75.54401,5.38975],[-75.54401,5.38975],[-75.54401,5.38976],[-75.54401,5.38977],[-75.54401,5.38977],[-75.54401,5.38977],[-75.54402,5.38979],[-75.54402,5.38979],[-75.54402,5.38979],[-75.54403,5.38981],[-75.54404,5.38981],[-75.54404,5.38981],[-75.54405,5.38982],[-75.54405,5.38982],[-75.54409,5.38984],[-75.5441,5.38985],[-75.5441,5.38986],[-75.5441,5.38986],[-75.5441,5.38988],[-75.54411,5.38988],[-75.54411,5.38988],[-75.54411,5.38989],[-75.54411,5.3899],[-75.54411,5.3899],[-75.54412,5.3899],[-75.54412,5.38991],[-75.54412,5.38991],[-75.54415,5.38993],[-75.54415,5.38993],[-75.54415,5.38994],[-75.54415,5.38994],[-75.54415,5.38995],[-75.54415,5.38995],[-75.54415,5.38995],[-75.54416,5.38996],[-75.54415,5.38997],[-75.54415,5.38997],[-75.54415,5.38998],[-75.54416,5.38998],[-75.54416,5.38999],[-75.54416,5.38999],[-75.54416,5.38999],[-75.54417,5.39001],[-75.54417,5.39001],[-75.54417,5.39001],[-75.54418,5.39001],[-75.54419,5.39002],[-75.54419,5.39002],[-75.54419,5.39002],[-75.5442,5.39002],[-75.5442,5.39002],[-75.5442,5.39002],[-75.54422,5.39005],[-75.54422,5.39005],[-75.54422,5.39005],[-75.54423,5.39006],[-75.54423,5.39006],[-75.54423,5.39006],[-75.54423,5.39006],[-75.54424,5.39006],[-75.54424,5.39006],[-75.54425,5.39006],[-75.54425,5.39006],[-75.54426,5.39006],[-75.54426,5.39007],[-75.54426,5.39007],[-75.54426,5.39008],[-75.54426,5.39008],[-75.54426,5.39009],[-75.54427,5.39009],[-75.54427,5.3901],[-75.54427,5.3901],[-75.54427,5.39011],[-75.54428,5.39011],[-75.54428,5.39011],[-75.5443,5.39013],[-75.5443,5.39013],[-75.54431,5.39015],[-75.54431,5.39015],[-75.54431,5.39016],[-75.54431,5.39016],[-75.54431,5.39016],[-75.54431,5.39017],[-75.54432,5.39017],[-75.54432,5.39017],[-75.54432,5.39018],[-75.54433,5.39018],[-75.54434,5.39018],[-75.54434,5.39018],[-75.54434,5.39018],[-75.54436,5.39018],[-75.54436,5.39018],[-75.54437,5.39019],[-75.54438,5.3902],[-75.54441,5.39024],[-75.54441,5.39024],[-75.54441,5.39024],[-75.54442,5.39025],[-75.54443,5.39025],[-75.54443,5.39025],[-75.54444,5.39026],[-75.54444,5.39026],[-75.54445,5.39026],[-75.54446,5.39027],[-75.54448,5.39028],[-75.54449,5.39028],[-75.54449,5.39028],[-75.54449,5.39029],[-75.54451,5.39029],[-75.54451,5.39029],[-75.54451,5.39029],[-75.54454,5.39028],[-75.54454,5.39028],[-75.54454,5.39029],[-75.54456,5.3903],[-75.54456,5.3903],[-75.54456,5.39031],[-75.54457,5.39031],[-75.54458,5.39031],[-75.54458,5.39032],[-75.54458,5.39032],[-75.5446,5.39032],[-75.54461,5.39033],[-75.54461,5.39033],[-75.54461,5.39033],[-75.54461,5.39033],[-75.54462,5.39033],[-75.54463,5.39034],[-75.54463,5.39034],[-75.54463,5.39034],[-75.54465,5.39034],[-75.54466,5.39034],[-75.54467,5.39034],[-75.54467,5.39034],[-75.54468,5.39035],[-75.54468,5.39035],[-75.54469,5.39034],[-75.5447,5.39034],[-75.5447,5.39034],[-75.5447,5.39034],[-75.54471,5.39034],[-75.54472,5.39033],[-75.54474,5.39032],[-75.54475,5.39032],[-75.54477,5.39031],[-75.54479,5.39031],[-75.54481,5.39031],[-75.54482,5.39032],[-75.54483,5.39032],[-75.54484,5.39033],[-75.54485,5.39034],[-75.54485,5.39034],[-75.54486,5.39034],[-75.54486,5.39034],[-75.54486,5.39034],[-75.54487,5.39034],[-75.54487,5.39034],[-75.54488,5.39035],[-75.54488,5.39035],[-75.54488,5.39035],[-75.54489,5.39036],[-75.54489,5.39036],[-75.5449,5.39036],[-75.5449,5.39036],[-75.5449,5.39036],[-75.54491,5.39036],[-75.54492,5.39036],[-75.54492,5.39037],[-75.54493,5.39037],[-75.54494,5.39038],[-75.54494,5.39038],[-75.54495,5.39039],[-75.54495,5.3904],[-75.54495,5.39041],[-75.54495,5.39043],[-75.54495,5.39043],[-75.54496,5.39044],[-75.54496,5.39046],[-75.54497,5.39046],[-75.54497,5.39047],[-75.54498,5.39048],[-75.54498,5.39049],[-75.54499,5.39049],[-75.545,5.3905],[-75.54501,5.3905],[-75.54501,5.39051],[-75.54503,5.39051],[-75.54504,5.39051],[-75.54504,5.39052],[-75.54506,5.39051],[-75.54506,5.39052]]],[[[-75.54754,5.39089],[-75.54754,5.39089],[-75.54755,5.39089],[-75.54755,5.3909],[-75.54755,5.3909],[-75.54756,5.3909],[-75.54756,5.3909],[-75.54756,5.39091],[-75.54757,5.39091],[-75.54757,5.39091],[-75.54758,5.39091],[-75.5476,5.39092],[-75.54761,5.39092],[-75.54761,5.39092],[-75.54763,5.39091],[-75.54764,5.39091],[-75.54764,5.39091],[-75.54765,5.39091],[-75.54765,5.39091],[-75.54765,5.39091],[-75.54767,5.3909],[-75.54767,5.3909],[-75.54767,5.3909],[-75.54769,5.39089],[-75.54769,5.39089],[-75.5477,5.39088],[-75.54772,5.39088],[-75.54778,5.39089],[-75.54778,5.39089],[-75.54778,5.39089],[-75.5478,5.39089],[-75.54781,5.39089],[-75.54781,5.39089],[-75.54782,5.39089],[-75.54783,5.39089],[-75.54783,5.39088],[-75.54784,5.39088],[-75.54785,5.39087],[-75.54789,5.39087],[-75.5479,5.39087],[-75.5479,5.39087],[-75.54792,5.39087],[-75.54792,5.39087],[-75.54792,5.39087],[-75.54794,5.39086],[-75.54796,5.39086],[-75.54796,5.39086],[-75.54796,5.39086],[-75.54797,5.39086],[-75.54797,5.39085],[-75.54798,5.39085],[-75.54798,5.39085],[-75.54799,5.39084],[-75.548,5.39084],[-75.54802,5.39085],[-75.54803,5.39085],[-75.54803,5.39085],[-75.54804,5.39084],[-75.54804,5.39084],[-75.54804,5.39084],[-75.54805,5.39084],[-75.54805,5.39084],[-75.54805,5.39084],[-75.54806,5.39083],[-75.54806,5.39083],[-75.54809,5.39084],[-75.54809,5.39084],[-75.54809,5.39084],[-75.5481,5.39084],[-75.54811,5.39083],[-75.54811,5.39083],[-75.54812,5.39083],[-75.54812,5.39083],[-75.54812,5.39083],[-75.54813,5.39082],[-75.54813,5.39082],[-75.54813,5.39082],[-75.54814,5.39082],[-75.54814,5.39082],[-75.54815,5.39082],[-75.54815,5.39082],[-75.54815,5.39081],[-75.54817,5.3908],[-75.54819,5.39081],[-75.54819,5.39081],[-75.54819,5.39081],[-75.5482,5.3908],[-75.5482,5.3908],[-75.54821,5.3908],[-75.54821,5.3908],[-75.54822,5.3908],[-75.54822,5.39079],[-75.54822,5.39079],[-75.54823,5.39078],[-75.54824,5.39078],[-75.54824,5.39078],[-75.54825,5.39078],[-75.54825,5.39078],[-75.54826,5.39077],[-75.54826,5.39077],[-75.54827,5.39077],[-75.54829,5.39075],[-75.54829,5.39075],[-75.5483,5.39075],[-75.54835,5.39077],[-75.54836,5.39077],[-75.54836,5.39077],[-75.54838,5.39077],[-75.54838,5.39077],[-75.54838,5.39077],[-75.5484,5.39077],[-75.5484,5.39077],[-75.5484,5.39076],[-75.54841,5.39076],[-75.54842,5.39076],[-75.54842,5.39075],[-75.54843,5.39075],[-75.54843,5.39075],[-75.54843,5.39075],[-75.54843,5.39075],[-75.54844,5.39075],[-75.54844,5.39075],[-75.54844,5.39075],[-75.54845,5.39074],[-75.54846,5.39075],[-75.54847,5.39075],[-75.54847,5.39075],[-75.54848,5.39075],[-75.54849,5.39074],[-75.54849,5.39074],[-75.5485,5.39074],[-75.54851,5.39073],[-75.54851,5.39073],[-75.54851,5.39073],[-75.54852,5.39072],[-75.54852,5.39071],[-75.54854,5.39072],[-75.54854,5.39072],[-75.54855,5.39072],[-75.54856,5.39072],[-75.54856,5.39072],[-75.54856,5.39072],[-75.54857,5.39072],[-75.54857,5.39072],[-75.54858,5.39072],[-75.54858,5.39071],[-75.54858,5.39071],[-75.54858,5.39071],[-75.5486,5.39072],[-75.5486,5.39072],[-75.5486,5.39072],[-75.54861,5.39072],[-75.54861,5.39072],[-75.54862,5.39072],[-75.54863,5.39072],[-75.54863,5.39072],[-75.54863,5.39072],[-75.54864,5.39071],[-75.54865,5.39071],[-75.54865,5.39071],[-75.54866,5.3907],[-75.54866,5.3907],[-75.54867,5.3907],[-75.54869,5.39068],[-75.5487,5.39067],[-75.54871,5.39066],[-75.54873,5.39066],[-75.54875,5.39066],[-75.54877,5.39066],[-75.54879,5.39066],[-75.54881,5.39067],[-75.54883,5.39068],[-75.54884,5.39068],[-75.54884,5.39068],[-75.54885,5.39068],[-75.54885,5.39068],[-75.54886,5.39068],[-75.54886,5.39068],[-75.54886,5.39068],[-75.54887,5.39068],[-75.54887,5.39068],[-75.54888,5.39067],[-75.54888,5.39067],[-75.54889,5.39067],[-75.54889,5.39067],[-75.54889,5.39066],[-75.5489,5.39065],[-75.54891,5.39066],[-75.54892,5.39066],[-75.54892,5.39066],[-75.54892,5.39066],[-75.54893,5.39065],[-75.54894,5.39065],[-75.54894,5.39065],[-75.54894,5.39065],[-75.54895,5.39065],[-75.54895,5.39065],[-75.54895,5.39065],[-75.54896,5.39065],[-75.54896,5.39065],[-75.54897,5.39065],[-75.54897,5.39065],[-75.54898,5.39064],[-75.54898,5.39064],[-75.54898,5.39064],[-75.54899,5.39064],[-75.54899,5.39063],[-75.549,5.39063],[-75.549,5.39063],[-75.54901,5.39062],[-75.54901,5.39062],[-75.54902,5.39062],[-75.54902,5.39062],[-75.54903,5.39061],[-75.54903,5.39061],[-75.54903,5.39061],[-75.54906,5.39057],[-75.54906,5.39056],[-75.54907,5.39056],[-75.54908,5.39055],[-75.54909,5.39055],[-75.5491,5.39055],[-75.54911,5.39055],[-75.54912,5.39055],[-75.54913,5.39057],[-75.54914,5.39057],[-75.54914,5.39057],[-75.54915,5.39057],[-75.54916,5.39058],[-75.54916,5.39058],[-75.54917,5.39058],[-75.54918,5.39058],[-75.54918,5.39058],[-75.54922,5.39057],[-75.54923,5.39057],[-75.54923,5.39057],[-75.54923,5.39057],[-75.54924,5.39058],[-75.54925,5.39058],[-75.54925,5.39058],[-75.54926,5.39058],[-75.54927,5.39059],[-75.54927,5.39059],[-75.54927,5.39059],[-75.54929,5.39059],[-75.5493,5.39059],[-75.5493,5.39059],[-75.54931,5.39059],[-75.54932,5.39059],[-75.54932,5.39059],[-75.54932,5.39058],[-75.54934,5.39058],[-75.54934,5.39058],[-75.54935,5.39058],[-75.54935,5.39058],[-75.54936,5.39058],[-75.54936,5.39058],[-75.54937,5.39057],[-75.54937,5.39057],[-75.54937,5.39057],[-75.54938,5.39057],[-75.54938,5.39056],[-75.54939,5.39056],[-75.54939,5.39056],[-75.5494,5.39056],[-75.54943,5.39056],[-75.5495,5.39058],[-75.5495,5.39058],[-75.54953,5.39059],[-75.54954,5.39059],[-75.54955,5.39059],[-75.54955,5.39059],[-75.54956,5.39059],[-75.54957,5.39059],[-75.54957,5.39058],[-75.54957,5.39058],[-75.54959,5.39058],[-75.54959,5.39058],[-75.54959,5.39058],[-75.5496,5.39057],[-75.54961,5.39057],[-75.54961,5.39057],[-75.54962,5.39056],[-75.54962,5.39056],[-75.54962,5.39055],[-75.54964,5.39052],[-75.54965,5.39052],[-75.54965,5.39052],[-75.54966,5.39052],[-75.54966,5.39052],[-75.54969,5.39052],[-75.54969,5.39052],[-75.5497,5.39052],[-75.5497,5.39052],[-75.54971,5.39052],[-75.54971,5.39052],[-75.54972,5.39051],[-75.54972,5.39051],[-75.54972,5.39051],[-75.54973,5.39051],[-75.54975,5.39051],[-75.54976,5.39051],[-75.54976,5.39051],[-75.54977,5.39051],[-75.54978,5.39051],[-75.54978,5.39051],[-75.54979,5.39051],[-75.54979,5.3905],[-75.5498,5.3905],[-75.5498,5.3905],[-75.54981,5.39049],[-75.54982,5.39049],[-75.54982,5.39049],[-75.54983,5.39049],[-75.54983,5.39049],[-75.54984,5.39049],[-75.54984,5.39049],[-75.54984,5.39049],[-75.54984,5.39048],[-75.54984,5.39048],[-75.54985,5.39048],[-75.54986,5.39048],[-75.54988,5.39047],[-75.5499,5.39047],[-75.54992,5.39047],[-75.54993,5.39048],[-75.54994,5.39049],[-75.54994,5.39049],[-75.54995,5.39049],[-75.54995,5.39049],[-75.54995,5.3905],[-75.54996,5.3905],[-75.54996,5.3905],[-75.54996,5.3905],[-75.54996,5.3905],[-75.54996,5.3905],[-75.54996,5.3905],[-75.54998,5.3905],[-75.54998,5.3905],[-75.54998,5.3905],[-75.54998,5.3905],[-75.54998,5.3905],[-75.54999,5.3905],[-75.55001,5.3905],[-75.55001,5.3905],[-75.55001,5.3905],[-75.55001,5.3905],[-75.55001,5.3905],[-75.55001,5.3905],[-75.55004,5.39049],[-75.55004,5.39049],[-75.55004,5.39049],[-75.55004,5.39049],[-75.55004,5.39048],[-75.55006,5.39047],[-75.55007,5.39047],[-75.55007,5.39047],[-75.55007,5.39047],[-75.55007,5.39047],[-75.55008,5.39046],[-75.55008,5.39046],[-75.55008,5.39046],[-75.55008,5.39045],[-75.55009,5.39045],[-75.55009,5.39044],[-75.55009,5.39044],[-75.55009,5.39044],[-75.55009,5.39044],[-75.55009,5.39043],[-75.55009,5.39043],[-75.55009,5.39043],[-75.55009,5.39043],[-75.5501,5.39043],[-75.5501,5.39042],[-75.5501,5.39042],[-75.5501,5.39042],[-75.5501,5.39041],[-75.5501,5.39041],[-75.5501,5.39041],[-75.55011,5.3904],[-75.55011,5.39039],[-75.55011,5.39039],[-75.55011,5.39039],[-75.55011,5.39039],[-75.55011,5.39038],[-75.55011,5.39038],[-75.55011,5.39038],[-75.55011,5.39038],[-75.55012,5.39038],[-75.55012,5.39037],[-75.55012,5.39037],[-75.55012,5.39037],[-75.55012,5.39036],[-75.55012,5.39035],[-75.55013,5.39033],[-75.55015,5.39032],[-75.55016,5.39031],[-75.55016,5.39031],[-75.55016,5.39031],[-75.55017,5.39031],[-75.55017,5.39031],[-75.55017,5.3903],[-75.55017,5.3903],[-75.55018,5.39029],[-75.55018,5.39029],[-75.55018,5.39029],[-75.55018,5.39029],[-75.55018,5.39028],[-75.55019,5.39028],[-75.55019,5.39028],[-75.55019,5.39026],[-75.5502,5.39025],[-75.55021,5.39024],[-75.55023,5.39024],[-75.55024,5.39023],[-75.55026,5.39024],[-75.55029,5.39024],[-75.55029,5.39024],[-75.55029,5.39024],[-75.55029,5.39024],[-75.55029,5.39024],[-75.5503,5.39024],[-75.5503,5.39024],[-75.5503,5.39024],[-75.5503,5.39024],[-75.5503,5.39024],[-75.5503,5.39024],[-75.55031,5.39024],[-75.55031,5.39024],[-75.55031,5.39024],[-75.55031,5.39024],[-75.55031,5.39024],[-75.55031,5.39024],[-75.55031,5.39024],[-75.55032,5.39023],[-75.55032,5.39023],[-75.55032,5.39023],[-75.55032,5.39023],[-75.55032,5.39023],[-75.55032,5.39023],[-75.55032,5.39023],[-75.55032,5.39022],[-75.55032,5.39022],[-75.55032,5.39022],[-75.55032,5.39022],[-75.55032,5.39022],[-75.55032,5.39022],[-75.55032,5.39021],[-75.55032,5.39021],[-75.55032,5.39021],[-75.55032,5.39021],[-75.55032,5.39021],[-75.55032,5.39021],[-75.55032,5.3902],[-75.55032,5.3902],[-75.55032,5.3902],[-75.55032,5.3902],[-75.55031,5.3902],[-75.55031,5.3902],[-75.55031,5.3902],[-75.55031,5.39019],[-75.55031,5.39019],[-75.55031,5.39019],[-75.55031,5.39019],[-75.5503,5.39019],[-75.5503,5.39019],[-75.55028,5.39018],[-75.55028,5.39018],[-75.55027,5.39018],[-75.55027,5.39018],[-75.55027,5.39018],[-75.55025,5.39018],[-75.55025,5.39018],[-75.55024,5.39018],[-75.55024,5.39018],[-75.55024,5.39018],[-75.55022,5.39018],[-75.55022,5.39018],[-75.55022,5.39018],[-75.55021,5.39018],[-75.55021,5.39018],[-75.55021,5.39018],[-75.55021,5.39018],[-75.55019,5.39019],[-75.55019,5.39019],[-75.55019,5.39019],[-75.55019,5.39019],[-75.55018,5.3902],[-75.55018,5.3902],[-75.55017,5.39021],[-75.55016,5.39021],[-75.55016,5.39021],[-75.55016,5.39021],[-75.55016,5.39021],[-75.55015,5.39023],[-75.55015,5.39023],[-75.55015,5.39023],[-75.55015,5.39024],[-75.55015,5.39024],[-75.55014,5.39024],[-75.55014,5.39024],[-75.55014,5.39026],[-75.55013,5.39027],[-75.55013,5.39027],[-75.55013,5.39027],[-75.55013,5.39025],[-75.55013,5.39025],[-75.55013,5.39025],[-75.55013,5.39025],[-75.55013,5.39025],[-75.55013,5.39024],[-75.55013,5.39024],[-75.55013,5.39024],[-75.55013,5.39024],[-75.55012,5.39024],[-75.55012,5.39024],[-75.55012,5.39023],[-75.55012,5.39023],[-75.55012,5.39023],[-75.55012,5.39023],[-75.55011,5.39022],[-75.55011,5.39022],[-75.5501,5.39021],[-75.5501,5.39021],[-75.5501,5.39021],[-75.5501,5.39021],[-75.5501,5.39021],[-75.55009,5.39021],[-75.55009,5.39021],[-75.55009,5.39021],[-75.55008,5.39021],[-75.55008,5.39021],[-75.55008,5.39021],[-75.55008,5.39021],[-75.55008,5.39021],[-75.55007,5.3902],[-75.55007,5.3902],[-75.55007,5.3902],[-75.55007,5.3902],[-75.55006,5.3902],[-75.55006,5.3902],[-75.55002,5.39021],[-75.55002,5.39021],[-75.55001,5.39021],[-75.55001,5.39021],[-75.54999,5.39019],[-75.54999,5.39019],[-75.54999,5.39019],[-75.54999,5.39019],[-75.54998,5.39019],[-75.54998,5.39018],[-75.54998,5.39018],[-75.54998,5.39018],[-75.54996,5.39017],[-75.54996,5.39017],[-75.54994,5.39016],[-75.54994,5.39016],[-75.54994,5.39016],[-75.54994,5.39016],[-75.54994,5.39016],[-75.54994,5.39016],[-75.54994,5.39016],[-75.54993,5.39016],[-75.54993,5.39016],[-75.54993,5.39016],[-75.54993,5.39015],[-75.54993,5.39015],[-75.54993,5.39015],[-75.54992,5.39015],[-75.54992,5.39015],[-75.54992,5.39016],[-75.54992,5.39016],[-75.54992,5.39016],[-75.54992,5.39016],[-75.54991,5.39016],[-75.54991,5.39016],[-75.54991,5.39016],[-75.54991,5.39016],[-75.54991,5.39016],[-75.54991,5.39016],[-75.54991,5.39016],[-75.5499,5.39017],[-75.5499,5.39017],[-75.5499,5.39017],[-75.5499,5.39017],[-75.5499,5.39017],[-75.5499,5.39017],[-75.5499,5.39017],[-75.5499,5.39018],[-75.5499,5.39018],[-75.5499,5.39018],[-75.5499,5.39018],[-75.5499,5.39018],[-75.5499,5.39019],[-75.5499,5.39019],[-75.5499,5.39019],[-75.5499,5.39019],[-75.5499,5.39019],[-75.5499,5.39019],[-75.5499,5.3902],[-75.5499,5.3902],[-75.5499,5.3902],[-75.54991,5.3902],[-75.54991,5.3902],[-75.54992,5.39021],[-75.54992,5.39022],[-75.54992,5.39022],[-75.54992,5.39022],[-75.54993,5.39022],[-75.54993,5.39022],[-75.54993,5.39022],[-75.54993,5.39022],[-75.54994,5.39022],[-75.54994,5.39022],[-75.54996,5.39023],[-75.54998,5.39025],[-75.54998,5.39025],[-75.54998,5.39025],[-75.54998,5.39025],[-75.54999,5.39026],[-75.54999,5.39026],[-75.54999,5.39026],[-75.54999,5.39026],[-75.54999,5.39026],[-75.54999,5.39026],[-75.54999,5.39026],[-75.55,5.39026],[-75.55,5.39026],[-75.55001,5.39027],[-75.55001,5.39027],[-75.55001,5.39027],[-75.55001,5.39027],[-75.55002,5.39027],[-75.55002,5.39027],[-75.55002,5.39027],[-75.55002,5.39027],[-75.55003,5.39027],[-75.55007,5.39026],[-75.55007,5.39026],[-75.55007,5.39026],[-75.55007,5.39026],[-75.55007,5.39027],[-75.55007,5.39027],[-75.55007,5.39028],[-75.55008,5.39028],[-75.55008,5.39028],[-75.55008,5.39028],[-75.55008,5.39028],[-75.55008,5.39029],[-75.55008,5.39029],[-75.55008,5.39029],[-75.55008,5.39029],[-75.55008,5.3903],[-75.55008,5.3903],[-75.55008,5.3903],[-75.55009,5.3903],[-75.55008,5.39032],[-75.55007,5.39032],[-75.55007,5.39032],[-75.55007,5.39032],[-75.55006,5.39034],[-75.55006,5.39034],[-75.55006,5.39034],[-75.55006,5.39034],[-75.55006,5.39035],[-75.55006,5.39035],[-75.55006,5.39035],[-75.55006,5.39035],[-75.55006,5.39035],[-75.55006,5.39037],[-75.55005,5.39038],[-75.55005,5.39038],[-75.55005,5.39038],[-75.55005,5.39038],[-75.55005,5.39039],[-75.55005,5.39039],[-75.55004,5.39039],[-75.55004,5.39039],[-75.55004,5.3904],[-75.55004,5.3904],[-75.55004,5.3904],[-75.55004,5.3904],[-75.55004,5.3904],[-75.55004,5.39041],[-75.55004,5.39041],[-75.55004,5.39042],[-75.55004,5.39042],[-75.55003,5.39043],[-75.55002,5.39044],[-75.55,5.39044],[-75.54998,5.39045],[-75.54997,5.39044],[-75.54997,5.39044],[-75.54996,5.39043],[-75.54995,5.39043],[-75.54995,5.39043],[-75.54995,5.39043],[-75.54995,5.39043],[-75.54995,5.39043],[-75.54995,5.39043],[-75.54993,5.39042],[-75.54993,5.39042],[-75.54993,5.39042],[-75.54993,5.39042],[-75.54992,5.39042],[-75.5499,5.39042],[-75.5499,5.39042],[-75.5499,5.39042],[-75.5499,5.39042],[-75.5499,5.39042],[-75.54987,5.39042],[-75.54987,5.39042],[-75.54987,5.39042],[-75.54987,5.39042],[-75.54986,5.39042],[-75.54986,5.39042],[-75.54986,5.39041],[-75.54986,5.39041],[-75.54986,5.3904],[-75.54985,5.39039],[-75.54985,5.39039],[-75.54985,5.39039],[-75.54984,5.39037],[-75.54984,5.39035],[-75.54983,5.39035],[-75.54983,5.39034],[-75.54983,5.39033],[-75.54982,5.39033],[-75.54982,5.39033],[-75.54981,5.39032],[-75.54981,5.39031],[-75.54981,5.39031],[-75.54979,5.3903],[-75.54979,5.3903],[-75.54979,5.3903],[-75.54977,5.39029],[-75.54976,5.39029],[-75.54976,5.39029],[-75.54975,5.39028],[-75.54975,5.39028],[-75.54975,5.39028],[-75.54973,5.39028],[-75.54973,5.39028],[-75.54973,5.39028],[-75.54966,5.39029],[-75.54965,5.39029],[-75.54965,5.39029],[-75.54964,5.39029],[-75.54964,5.39028],[-75.54961,5.39024],[-75.54961,5.39023],[-75.54959,5.39022],[-75.54959,5.39022],[-75.54959,5.39022],[-75.54958,5.39021],[-75.54957,5.3902],[-75.54957,5.3902],[-75.54955,5.3902],[-75.54955,5.3902],[-75.54955,5.3902],[-75.54955,5.3902],[-75.54954,5.3902],[-75.54953,5.39019],[-75.54953,5.39019],[-75.54952,5.39019],[-75.54952,5.39018],[-75.54952,5.39018],[-75.54951,5.39018],[-75.5495,5.39018],[-75.5495,5.39018],[-75.5495,5.39018],[-75.54949,5.39018],[-75.54949,5.39018],[-75.54948,5.39017],[-75.54948,5.39017],[-75.54948,5.39016],[-75.54947,5.39016],[-75.54947,5.39015],[-75.54946,5.39015],[-75.54946,5.39015],[-75.54945,5.39014],[-75.54945,5.39014],[-75.54945,5.39014],[-75.54944,5.39013],[-75.54944,5.39013],[-75.54944,5.39013],[-75.54943,5.39013],[-75.54943,5.39012],[-75.54943,5.39012],[-75.54943,5.39011],[-75.54943,5.39011],[-75.54943,5.3901],[-75.54943,5.3901],[-75.54942,5.3901],[-75.54941,5.39008],[-75.54941,5.39007],[-75.54941,5.39007],[-75.5494,5.39006],[-75.54939,5.39006],[-75.54939,5.39005],[-75.54938,5.39004],[-75.54937,5.39004],[-75.54937,5.39004],[-75.54935,5.39003],[-75.54935,5.39003],[-75.54935,5.39003],[-75.54933,5.39003],[-75.54932,5.39002],[-75.54931,5.39002],[-75.54931,5.39002],[-75.5493,5.39001],[-75.5493,5.39001],[-75.54929,5.39001],[-75.54929,5.39001],[-75.54929,5.39001],[-75.54929,5.39001],[-75.54928,5.39001],[-75.54928,5.39],[-75.54927,5.39],[-75.54927,5.39],[-75.54927,5.39],[-75.54926,5.39],[-75.54925,5.39],[-75.54924,5.38999],[-75.54923,5.38999],[-75.54923,5.38999],[-75.54922,5.38999],[-75.54922,5.38999],[-75.54921,5.38999],[-75.5492,5.38999],[-75.5492,5.38999],[-75.54919,5.38998],[-75.54918,5.38998],[-75.54918,5.38997],[-75.54918,5.38996],[-75.54918,5.38995],[-75.54918,5.38995],[-75.54918,5.38995],[-75.54917,5.38993],[-75.54917,5.38992],[-75.54917,5.38992],[-75.54917,5.38991],[-75.54917,5.3899],[-75.54917,5.3899],[-75.54917,5.3899],[-75.54915,5.38988],[-75.54915,5.38988],[-75.54915,5.38985],[-75.54915,5.38985],[-75.54915,5.38984],[-75.54915,5.38984],[-75.54915,5.38983],[-75.54915,5.38983],[-75.54914,5.38982],[-75.54914,5.38982],[-75.54913,5.38981],[-75.54913,5.38981],[-75.54911,5.3898],[-75.54911,5.38979],[-75.54911,5.38979],[-75.54911,5.38979],[-75.54912,5.38977],[-75.54912,5.38976],[-75.54912,5.38976],[-75.54912,5.38975],[-75.54911,5.38975],[-75.54911,5.38974],[-75.54911,5.38974],[-75.54911,5.38974],[-75.54911,5.38974],[-75.54911,5.38973],[-75.54911,5.38973],[-75.54911,5.38972],[-75.5491,5.38971],[-75.5491,5.38971],[-75.5491,5.38971],[-75.5491,5.3897],[-75.54909,5.3897],[-75.54909,5.38969],[-75.54908,5.38969],[-75.54908,5.38969],[-75.54908,5.38968],[-75.54907,5.38968],[-75.54907,5.38967],[-75.54906,5.38967],[-75.54906,5.38967],[-75.54905,5.38966],[-75.54904,5.38966],[-75.54904,5.38966],[-75.54904,5.38966],[-75.54903,5.38966],[-75.54902,5.38965],[-75.54901,5.38964],[-75.54899,5.38962],[-75.54899,5.38962],[-75.54898,5.38962],[-75.54897,5.38961],[-75.54897,5.38961],[-75.54897,5.38961],[-75.54896,5.38961],[-75.54895,5.38961],[-75.54895,5.38961],[-75.54895,5.38961],[-75.54895,5.3896],[-75.54894,5.3896],[-75.54894,5.3896],[-75.54894,5.3896],[-75.54893,5.3896],[-75.54893,5.3896],[-75.54892,5.3896],[-75.54892,5.3896],[-75.54892,5.3896],[-75.5489,5.3896],[-75.5489,5.3896],[-75.54889,5.3896],[-75.54889,5.3896],[-75.54888,5.38959],[-75.54888,5.38959],[-75.54887,5.38959],[-75.54887,5.38959],[-75.54886,5.38959],[-75.54884,5.3896],[-75.54883,5.3896],[-75.54881,5.38959],[-75.5488,5.38958],[-75.54879,5.38957],[-75.54879,5.38957],[-75.54878,5.38957],[-75.54877,5.38956],[-75.54876,5.38956],[-75.54876,5.38956],[-75.54874,5.38955],[-75.54874,5.38955],[-75.54873,5.38955],[-75.54872,5.38955],[-75.54871,5.38954],[-75.54871,5.38954],[-75.5487,5.38954],[-75.5487,5.38954],[-75.54869,5.38954],[-75.54869,5.38954],[-75.54868,5.38954],[-75.54867,5.38954],[-75.54865,5.38953],[-75.54864,5.38953],[-75.54864,5.38953],[-75.54864,5.38953],[-75.54863,5.38953],[-75.54862,5.38953],[-75.54862,5.38952],[-75.54859,5.38951],[-75.54858,5.38951],[-75.54858,5.38951],[-75.54858,5.38951],[-75.54854,5.3895],[-75.54854,5.3895],[-75.54852,5.38949],[-75.54852,5.38949],[-75.54852,5.38949],[-75.54851,5.38949],[-75.54851,5.38949],[-75.5485,5.38948],[-75.5485,5.38948],[-75.54848,5.38948],[-75.54847,5.38948],[-75.54846,5.38948],[-75.54845,5.38947],[-75.54843,5.38945],[-75.54842,5.38945],[-75.54842,5.38944],[-75.54841,5.38944],[-75.54841,5.38943],[-75.5484,5.38943],[-75.54839,5.38943],[-75.54839,5.38943],[-75.54838,5.38943],[-75.54837,5.38943],[-75.54837,5.38942],[-75.54836,5.38943],[-75.54833,5.38943],[-75.54833,5.38943],[-75.54831,5.38942],[-75.54831,5.38942],[-75.54831,5.38942],[-75.5483,5.38942],[-75.54828,5.38942],[-75.54826,5.3894],[-75.54826,5.3894],[-75.54826,5.3894],[-75.54825,5.3894],[-75.54825,5.3894],[-75.54824,5.38939],[-75.54824,5.38939],[-75.54823,5.38939],[-75.54821,5.3894],[-75.54821,5.38939],[-75.54821,5.38939],[-75.5482,5.38939],[-75.5482,5.38939],[-75.5482,5.38939],[-75.54819,5.38939],[-75.54819,5.38939],[-75.54818,5.38938],[-75.54818,5.38938],[-75.54818,5.38938],[-75.54817,5.38938],[-75.54817,5.38938],[-75.54816,5.38938],[-75.54816,5.38938],[-75.54814,5.38938],[-75.54813,5.38937],[-75.54813,5.38936],[-75.54813,5.38936],[-75.54813,5.38936],[-75.54813,5.38935],[-75.54813,5.38935],[-75.54812,5.38934],[-75.54812,5.38934],[-75.54812,5.38934],[-75.54811,5.38932],[-75.54811,5.38932],[-75.54812,5.38928],[-75.54812,5.38927],[-75.54812,5.38927],[-75.54812,5.38926],[-75.54812,5.38926],[-75.54812,5.38925],[-75.54811,5.38925],[-75.54811,5.38924],[-75.54811,5.38924],[-75.54811,5.38923],[-75.54811,5.38922],[-75.5481,5.38921],[-75.5481,5.38921],[-75.54807,5.38918],[-75.54807,5.38918],[-75.54806,5.38916],[-75.54805,5.38916],[-75.54805,5.38916],[-75.54804,5.38916],[-75.54804,5.38916],[-75.54803,5.38916],[-75.54803,5.38916],[-75.54802,5.38916],[-75.54802,5.38916],[-75.54802,5.38917],[-75.54801,5.38917],[-75.54801,5.38918],[-75.54801,5.38918],[-75.54801,5.38919],[-75.54801,5.38919],[-75.54801,5.38919],[-75.54802,5.3892],[-75.54802,5.3892],[-75.54802,5.38921],[-75.54803,5.38922],[-75.54805,5.38924],[-75.54806,5.38925],[-75.54806,5.38926],[-75.54806,5.38926],[-75.54806,5.38927],[-75.54805,5.38932],[-75.54805,5.38932],[-75.54805,5.38932],[-75.54805,5.38933],[-75.54805,5.38934],[-75.54805,5.38934],[-75.54806,5.38935],[-75.54806,5.38936],[-75.54806,5.38936],[-75.54807,5.38936],[-75.54808,5.38937],[-75.54808,5.38938],[-75.54808,5.38939],[-75.54808,5.38939],[-75.54808,5.38939],[-75.54808,5.3894],[-75.54809,5.3894],[-75.54809,5.38941],[-75.54809,5.38941],[-75.5481,5.38941],[-75.5481,5.38942],[-75.54811,5.38943],[-75.54812,5.38943],[-75.54812,5.38943],[-75.54812,5.38943],[-75.54813,5.38943],[-75.54814,5.38943],[-75.54814,5.38943],[-75.54816,5.38943],[-75.54817,5.38944],[-75.54817,5.38944],[-75.54817,5.38944],[-75.54818,5.38944],[-75.54818,5.38944],[-75.54818,5.38944],[-75.54819,5.38944],[-75.54819,5.38945],[-75.54819,5.38945],[-75.5482,5.38945],[-75.54821,5.38945],[-75.54821,5.38945],[-75.54822,5.38945],[-75.54824,5.38945],[-75.54825,5.38946],[-75.54825,5.38946],[-75.54826,5.38947],[-75.54826,5.38947],[-75.54827,5.38947],[-75.54827,5.38947],[-75.54827,5.38947],[-75.54829,5.38947],[-75.54831,5.38948],[-75.54831,5.38948],[-75.54831,5.38948],[-75.54833,5.38948],[-75.54833,5.38948],[-75.54834,5.38948],[-75.54837,5.38948],[-75.54838,5.38948],[-75.54838,5.38948],[-75.54839,5.38949],[-75.54841,5.38951],[-75.54841,5.38951],[-75.54842,5.38952],[-75.54843,5.38952],[-75.54843,5.38953],[-75.54843,5.38953],[-75.54845,5.38953],[-75.54845,5.38953],[-75.54845,5.38954],[-75.54847,5.38954],[-75.54847,5.38954],[-75.54847,5.38954],[-75.54849,5.38954],[-75.54849,5.38954],[-75.54852,5.38955],[-75.54852,5.38955],[-75.54852,5.38956],[-75.54853,5.38956],[-75.54854,5.38956],[-75.54854,5.38956],[-75.54854,5.38956],[-75.54857,5.38956],[-75.54859,5.38957],[-75.5486,5.38957],[-75.5486,5.38958],[-75.54861,5.38958],[-75.54861,5.38958],[-75.54862,5.38958],[-75.54863,5.38958],[-75.54864,5.38959],[-75.54865,5.38959],[-75.54865,5.38959],[-75.54865,5.38959],[-75.54866,5.38959],[-75.54867,5.38959],[-75.54867,5.38959],[-75.54868,5.38959],[-75.54869,5.3896],[-75.5487,5.3896],[-75.5487,5.3896],[-75.54871,5.38961],[-75.54871,5.38961],[-75.54873,5.38961],[-75.54874,5.38961],[-75.54875,5.38961],[-75.54876,5.38963],[-75.54877,5.38963],[-75.54877,5.38963],[-75.54879,5.38964],[-75.54879,5.38964],[-75.54879,5.38964],[-75.54882,5.38965],[-75.54882,5.38965],[-75.54883,5.38965],[-75.54884,5.38965],[-75.54884,5.38965],[-75.54884,5.38965],[-75.54887,5.38965],[-75.54887,5.38965],[-75.54887,5.38965],[-75.54888,5.38965],[-75.54889,5.38966],[-75.54889,5.38966],[-75.5489,5.38966],[-75.5489,5.38966],[-75.54892,5.38965],[-75.54892,5.38966],[-75.54893,5.38966],[-75.54893,5.38966],[-75.54894,5.38966],[-75.54895,5.38966],[-75.54895,5.38966],[-75.54895,5.38966],[-75.54898,5.38968],[-75.54899,5.3897],[-75.54899,5.3897],[-75.549,5.3897],[-75.549,5.38971],[-75.54901,5.38971],[-75.54901,5.38971],[-75.54901,5.38971],[-75.54902,5.38971],[-75.54903,5.38971],[-75.54903,5.38972],[-75.54904,5.38972],[-75.54904,5.38972],[-75.54905,5.38973],[-75.54905,5.38973],[-75.54905,5.38973],[-75.54905,5.38974],[-75.54905,5.38975],[-75.54905,5.38975],[-75.54906,5.38975],[-75.54906,5.38976],[-75.54906,5.38976],[-75.54906,5.38976],[-75.54906,5.38977],[-75.54905,5.38978],[-75.54905,5.38978],[-75.54905,5.38979],[-75.54905,5.38979],[-75.54905,5.3898],[-75.54905,5.3898],[-75.54905,5.38981],[-75.54905,5.38981],[-75.54905,5.38982],[-75.54906,5.38982],[-75.54906,5.38983],[-75.54906,5.38983],[-75.54906,5.38983],[-75.5491,5.38986],[-75.5491,5.38986],[-75.5491,5.38988],[-75.5491,5.38989],[-75.5491,5.38989],[-75.5491,5.3899],[-75.54911,5.3899],[-75.54912,5.38992],[-75.54912,5.38993],[-75.54912,5.38994],[-75.54912,5.38994],[-75.54912,5.38995],[-75.54912,5.38995],[-75.54913,5.38996],[-75.54913,5.38998],[-75.54913,5.38998],[-75.54913,5.38999],[-75.54913,5.38999],[-75.54913,5.39],[-75.54913,5.39],[-75.54914,5.39001],[-75.54914,5.39001],[-75.54915,5.39002],[-75.54915,5.39002],[-75.54914,5.39002],[-75.54914,5.39002],[-75.54914,5.39002],[-75.54912,5.39002],[-75.54912,5.39002],[-75.54912,5.39003],[-75.54911,5.39003],[-75.5491,5.39003],[-75.5491,5.39004],[-75.54909,5.39004],[-75.54909,5.39004],[-75.54908,5.39004],[-75.54908,5.39004],[-75.54908,5.39004],[-75.54907,5.39004],[-75.54907,5.39004],[-75.54906,5.39005],[-75.54906,5.39005],[-75.54906,5.39005],[-75.54905,5.39005],[-75.54905,5.39005],[-75.54904,5.39005],[-75.54904,5.39005],[-75.54903,5.39005],[-75.54903,5.39006],[-75.54903,5.39006],[-75.54903,5.39006],[-75.54902,5.39006],[-75.54902,5.39006],[-75.54901,5.39006],[-75.54901,5.39006],[-75.54901,5.39006],[-75.549,5.39006],[-75.549,5.39007],[-75.54899,5.39008],[-75.54897,5.39009],[-75.54895,5.3901],[-75.54893,5.39011],[-75.54891,5.39012],[-75.54889,5.39013],[-75.54886,5.39013],[-75.54884,5.39014],[-75.54881,5.39014],[-75.54878,5.39014],[-75.54876,5.39013],[-75.54873,5.39013],[-75.54871,5.39012],[-75.54868,5.39011],[-75.54866,5.3901],[-75.54865,5.39009],[-75.54863,5.39008],[-75.54862,5.39007],[-75.54862,5.39006],[-75.54861,5.39006],[-75.54861,5.39006],[-75.54861,5.39006],[-75.5486,5.39006],[-75.54859,5.39006],[-75.54859,5.39006],[-75.54857,5.39006],[-75.54857,5.39006],[-75.54856,5.39005],[-75.54856,5.39004],[-75.54855,5.39004],[-75.54855,5.39004],[-75.54854,5.39004],[-75.54854,5.39004],[-75.54854,5.39004],[-75.54853,5.39004],[-75.54853,5.39004],[-75.54853,5.39004],[-75.54852,5.39004],[-75.54852,5.39004],[-75.54851,5.39004],[-75.54851,5.39004],[-75.54851,5.39004],[-75.5485,5.39004],[-75.5485,5.39003],[-75.54849,5.39003],[-75.54849,5.39003],[-75.54849,5.39003],[-75.54848,5.39003],[-75.54848,5.39003],[-75.54847,5.39003],[-75.54844,5.39003],[-75.54843,5.39003],[-75.54843,5.39002],[-75.54843,5.39002],[-75.54842,5.39002],[-75.54842,5.39002],[-75.54841,5.39002],[-75.54841,5.39002],[-75.5484,5.39002],[-75.54839,5.39001],[-75.54838,5.39],[-75.54838,5.39],[-75.54838,5.39],[-75.54837,5.38999],[-75.54837,5.38999],[-75.54836,5.38999],[-75.54836,5.38999],[-75.54834,5.38999],[-75.54833,5.38998],[-75.54833,5.38998],[-75.54833,5.38998],[-75.54832,5.38998],[-75.54832,5.38997],[-75.54831,5.38997],[-75.54831,5.38997],[-75.5483,5.38997],[-75.54829,5.38997],[-75.54829,5.38997],[-75.54828,5.38998],[-75.54828,5.38998],[-75.54828,5.38998],[-75.54827,5.38999],[-75.54827,5.38999],[-75.54827,5.39],[-75.54827,5.39],[-75.54827,5.39001],[-75.54827,5.39001],[-75.54827,5.39001],[-75.54828,5.39002],[-75.54828,5.39002],[-75.54828,5.39002],[-75.54829,5.39003],[-75.54829,5.39003],[-75.5483,5.39003],[-75.5483,5.39003],[-75.54831,5.39004],[-75.54832,5.39004],[-75.54832,5.39004],[-75.54833,5.39004],[-75.54833,5.39004],[-75.54833,5.39005],[-75.54834,5.39005],[-75.54835,5.39005],[-75.54836,5.39005],[-75.54836,5.39005],[-75.54836,5.39006],[-75.54837,5.39006],[-75.54837,5.39006],[-75.54837,5.39007],[-75.54838,5.39007],[-75.54838,5.39007],[-75.54839,5.39007],[-75.54839,5.39007],[-75.5484,5.39007],[-75.54841,5.39008],[-75.54841,5.39008],[-75.54841,5.39008],[-75.54842,5.39008],[-75.54842,5.39009],[-75.54843,5.39009],[-75.54843,5.39009],[-75.54844,5.39009],[-75.54844,5.39009],[-75.54845,5.39009],[-75.54847,5.39008],[-75.54848,5.39009],[-75.54848,5.39009],[-75.54848,5.39009],[-75.54849,5.39009],[-75.54849,5.39009],[-75.5485,5.3901],[-75.5485,5.3901],[-75.54851,5.3901],[-75.54851,5.3901],[-75.54852,5.39009],[-75.54852,5.39009],[-75.54853,5.39009],[-75.54853,5.39009],[-75.54854,5.3901],[-75.54854,5.3901],[-75.54854,5.3901],[-75.54856,5.39011],[-75.54856,5.39011],[-75.54856,5.39011],[-75.54857,5.39011],[-75.54857,5.39011],[-75.54858,5.39011],[-75.54858,5.39011],[-75.54859,5.39011],[-75.54859,5.39012],[-75.5486,5.39012],[-75.54861,5.39013],[-75.54862,5.39014],[-75.54864,5.39015],[-75.54864,5.39015],[-75.54864,5.39015],[-75.54866,5.39016],[-75.54866,5.39016],[-75.54869,5.39017],[-75.54869,5.39017],[-75.54869,5.39017],[-75.54872,5.39018],[-75.54872,5.39018],[-75.54875,5.39019],[-75.54875,5.39019],[-75.54875,5.39019],[-75.54878,5.39019],[-75.54878,5.39019],[-75.54881,5.39019],[-75.54881,5.39019],[-75.54881,5.39019],[-75.54884,5.39019],[-75.54884,5.39019],[-75.54887,5.39019],[-75.54887,5.39019],[-75.54887,5.39019],[-75.5489,5.39018],[-75.5489,5.39018],[-75.54893,5.39017],[-75.54893,5.39017],[-75.54893,5.39017],[-75.54895,5.39016],[-75.54896,5.39016],[-75.54898,5.39015],[-75.54898,5.39015],[-75.54898,5.39015],[-75.549,5.39014],[-75.549,5.39013],[-75.54902,5.39012],[-75.54902,5.39012],[-75.54903,5.39011],[-75.54903,5.39011],[-75.54904,5.39011],[-75.54904,5.39011],[-75.54904,5.39011],[-75.54905,5.39011],[-75.54905,5.39011],[-75.54905,5.39011],[-75.54906,5.39011],[-75.54906,5.3901],[-75.54906,5.3901],[-75.54907,5.3901],[-75.54907,5.3901],[-75.54908,5.3901],[-75.54908,5.3901],[-75.54908,5.3901],[-75.54908,5.3901],[-75.54909,5.3901],[-75.54909,5.3901],[-75.5491,5.3901],[-75.5491,5.3901],[-75.54911,5.3901],[-75.54911,5.3901],[-75.54912,5.39009],[-75.54912,5.39009],[-75.54913,5.39008],[-75.54913,5.39008],[-75.54914,5.39008],[-75.54916,5.39008],[-75.5492,5.39009],[-75.5492,5.39009],[-75.54922,5.39009],[-75.54923,5.39009],[-75.54923,5.39009],[-75.54925,5.39009],[-75.54925,5.39009],[-75.54925,5.39009],[-75.54926,5.39009],[-75.54927,5.39008],[-75.54927,5.39008],[-75.54928,5.39008],[-75.54929,5.39007],[-75.54929,5.39007],[-75.5493,5.39007],[-75.5493,5.39008],[-75.54931,5.39008],[-75.54931,5.39008],[-75.54934,5.39008],[-75.54935,5.39009],[-75.54936,5.3901],[-75.54937,5.39011],[-75.54938,5.39012],[-75.54938,5.39013],[-75.54938,5.39014],[-75.54938,5.39015],[-75.54938,5.39015],[-75.54938,5.39016],[-75.54939,5.39016],[-75.54939,5.39016],[-75.54939,5.39017],[-75.54939,5.39017],[-75.5494,5.39017],[-75.5494,5.39018],[-75.54941,5.39018],[-75.54941,5.39018],[-75.54941,5.39018],[-75.54942,5.39018],[-75.54942,5.39018],[-75.54942,5.39019],[-75.54943,5.39019],[-75.54943,5.3902],[-75.54944,5.3902],[-75.54944,5.39021],[-75.54945,5.39021],[-75.54945,5.39022],[-75.54946,5.39022],[-75.54946,5.39022],[-75.54946,5.39023],[-75.54947,5.39023],[-75.54948,5.39023],[-75.54948,5.39024],[-75.54948,5.39024],[-75.54949,5.39024],[-75.54949,5.39024],[-75.5495,5.39024],[-75.54951,5.39024],[-75.54951,5.39025],[-75.54951,5.39025],[-75.54952,5.39025],[-75.54952,5.39025],[-75.54953,5.39025],[-75.54953,5.39025],[-75.54953,5.39025],[-75.54954,5.39025],[-75.54955,5.39025],[-75.54955,5.39026],[-75.54956,5.39027],[-75.54959,5.39031],[-75.54959,5.39031],[-75.5496,5.39032],[-75.54961,5.39033],[-75.54961,5.39033],[-75.54961,5.39033],[-75.54962,5.39034],[-75.54963,5.39034],[-75.54963,5.39034],[-75.54964,5.39034],[-75.54964,5.39034],[-75.54965,5.39034],[-75.54966,5.39034],[-75.54966,5.39034],[-75.54967,5.39034],[-75.54973,5.39034],[-75.54974,5.39034],[-75.54974,5.39034],[-75.54976,5.39035],[-75.54977,5.39036],[-75.54978,5.39036],[-75.54978,5.39037],[-75.54979,5.39039],[-75.54979,5.39039],[-75.54979,5.3904],[-75.54979,5.3904],[-75.5498,5.39042],[-75.54981,5.39042],[-75.54981,5.39043],[-75.54981,5.39044],[-75.5498,5.39044],[-75.5498,5.39044],[-75.5498,5.39044],[-75.54979,5.39044],[-75.54978,5.39044],[-75.54978,5.39044],[-75.54978,5.39045],[-75.54976,5.39046],[-75.54976,5.39046],[-75.54973,5.39045],[-75.54973,5.39045],[-75.54973,5.39045],[-75.54972,5.39045],[-75.54971,5.39045],[-75.54971,5.39045],[-75.54971,5.39045],[-75.5497,5.39046],[-75.5497,5.39046],[-75.5497,5.39046],[-75.5497,5.39046],[-75.54969,5.39047],[-75.54967,5.39046],[-75.54966,5.39046],[-75.54966,5.39046],[-75.54965,5.39046],[-75.54965,5.39046],[-75.54964,5.39046],[-75.54963,5.39047],[-75.54963,5.39047],[-75.54962,5.39047],[-75.54962,5.39048],[-75.54961,5.39048],[-75.54961,5.39048],[-75.5496,5.39049],[-75.5496,5.39049],[-75.5496,5.39049],[-75.54958,5.39052],[-75.54957,5.39053],[-75.54957,5.39053],[-75.54956,5.39053],[-75.54955,5.39053],[-75.54954,5.39053],[-75.54951,5.39053],[-75.54944,5.39051],[-75.54944,5.39051],[-75.54944,5.39051],[-75.54941,5.3905],[-75.5494,5.3905],[-75.5494,5.3905],[-75.54939,5.3905],[-75.54939,5.3905],[-75.54938,5.3905],[-75.54937,5.39051],[-75.54937,5.39051],[-75.54937,5.39051],[-75.54936,5.39051],[-75.54935,5.39051],[-75.54935,5.39052],[-75.54934,5.39052],[-75.54934,5.39052],[-75.54933,5.39052],[-75.54933,5.39052],[-75.54932,5.39052],[-75.54932,5.39052],[-75.54932,5.39052],[-75.54931,5.39053],[-75.54931,5.39053],[-75.5493,5.39054],[-75.54929,5.39054],[-75.54928,5.39054],[-75.54928,5.39053],[-75.54927,5.39053],[-75.54927,5.39052],[-75.54926,5.39052],[-75.54925,5.39052],[-75.54925,5.39051],[-75.54924,5.39051],[-75.54923,5.39051],[-75.54923,5.39051],[-75.54923,5.39051],[-75.54921,5.39051],[-75.54921,5.39051],[-75.54921,5.39051],[-75.54917,5.39052],[-75.54917,5.39052],[-75.54916,5.39052],[-75.54915,5.39051],[-75.54914,5.3905],[-75.54914,5.3905],[-75.54914,5.3905],[-75.54913,5.3905],[-75.54912,5.3905],[-75.54912,5.3905],[-75.54911,5.3905],[-75.5491,5.3905],[-75.5491,5.3905],[-75.54909,5.3905],[-75.54908,5.3905],[-75.54908,5.3905],[-75.54907,5.3905],[-75.54906,5.3905],[-75.54906,5.3905],[-75.54905,5.39051],[-75.54905,5.39051],[-75.54903,5.39052],[-75.54903,5.39052],[-75.54903,5.39052],[-75.54902,5.39053],[-75.54901,5.39054],[-75.54901,5.39054],[-75.54899,5.39057],[-75.54899,5.39057],[-75.54898,5.39057],[-75.54898,5.39057],[-75.54898,5.39057],[-75.54897,5.39057],[-75.54897,5.39058],[-75.54896,5.39058],[-75.54896,5.39058],[-75.54896,5.39059],[-75.54895,5.3906],[-75.54894,5.39059],[-75.54894,5.39059],[-75.54893,5.39059],[-75.54893,5.39059],[-75.54892,5.3906],[-75.54892,5.3906],[-75.54892,5.3906],[-75.54891,5.3906],[-75.5489,5.3906],[-75.54889,5.3906],[-75.54889,5.3906],[-75.54888,5.3906],[-75.54888,5.3906],[-75.54887,5.3906],[-75.54887,5.3906],[-75.54887,5.39061],[-75.54886,5.39061],[-75.54886,5.39061],[-75.54886,5.39062],[-75.54885,5.39062],[-75.54885,5.39062],[-75.54885,5.39062],[-75.54884,5.39062],[-75.54883,5.39062],[-75.54883,5.39062],[-75.54883,5.39062],[-75.5488,5.39061],[-75.5488,5.39061],[-75.54877,5.3906],[-75.54877,5.3906],[-75.54875,5.3906],[-75.54875,5.3906],[-75.54874,5.3906],[-75.54872,5.3906],[-75.54872,5.3906],[-75.54872,5.39061],[-75.5487,5.39061],[-75.5487,5.39061],[-75.54869,5.39061],[-75.54868,5.39062],[-75.54867,5.39062],[-75.54867,5.39062],[-75.54865,5.39063],[-75.54865,5.39063],[-75.54865,5.39064],[-75.54863,5.39066],[-75.54863,5.39066],[-75.54862,5.39066],[-75.54861,5.39066],[-75.54861,5.39066],[-75.5486,5.39066],[-75.54859,5.39066],[-75.54859,5.39066],[-75.54859,5.39066],[-75.54858,5.39066],[-75.54858,5.39066],[-75.54857,5.39066],[-75.54857,5.39066],[-75.54857,5.39066],[-75.54856,5.39066],[-75.54856,5.39067],[-75.54855,5.39067],[-75.54851,5.39066],[-75.54851,5.39066],[-75.5485,5.39066],[-75.5485,5.39066],[-75.54849,5.39066],[-75.54849,5.39066],[-75.54849,5.39066],[-75.54848,5.39067],[-75.54848,5.39067],[-75.54848,5.39067],[-75.54847,5.39068],[-75.54847,5.39068],[-75.54847,5.39069],[-75.54847,5.39069],[-75.54847,5.39069],[-75.54845,5.39069],[-75.54844,5.39069],[-75.54844,5.39069],[-75.54844,5.39069],[-75.54843,5.39069],[-75.54842,5.39069],[-75.54842,5.39069],[-75.54842,5.3907],[-75.54842,5.3907],[-75.54841,5.3907],[-75.54841,5.3907],[-75.5484,5.3907],[-75.5484,5.3907],[-75.5484,5.3907],[-75.54839,5.39071],[-75.54839,5.39071],[-75.54838,5.39071],[-75.54837,5.39071],[-75.54831,5.3907],[-75.54831,5.3907],[-75.54831,5.3907],[-75.54829,5.3907],[-75.54829,5.3907],[-75.54828,5.3907],[-75.54827,5.3907],[-75.54827,5.3907],[-75.54826,5.3907],[-75.54826,5.39071],[-75.54824,5.39072],[-75.54824,5.39072],[-75.54823,5.39072],[-75.54822,5.39072],[-75.54822,5.39073],[-75.54821,5.39073],[-75.54821,5.39073],[-75.5482,5.39073],[-75.5482,5.39073],[-75.5482,5.39074],[-75.54819,5.39075],[-75.54817,5.39075],[-75.54817,5.39075],[-75.54817,5.39075],[-75.54816,5.39075],[-75.54815,5.39075],[-75.54815,5.39075],[-75.54815,5.39075],[-75.54813,5.39076],[-75.54812,5.39076],[-75.54811,5.39077],[-75.54811,5.39077],[-75.54811,5.39077],[-75.5481,5.39077],[-75.5481,5.39077],[-75.5481,5.39077],[-75.54809,5.39078],[-75.54809,5.39078],[-75.54806,5.39078],[-75.54805,5.39078],[-75.54805,5.39078],[-75.54804,5.39078],[-75.54804,5.39078],[-75.54803,5.39078],[-75.54803,5.39079],[-75.54802,5.39079],[-75.54802,5.39079],[-75.548,5.39079],[-75.548,5.39079],[-75.54799,5.39079],[-75.54798,5.39079],[-75.54798,5.39079],[-75.54797,5.39079],[-75.54797,5.39079],[-75.54796,5.3908],[-75.54794,5.3908],[-75.54793,5.3908],[-75.54793,5.3908],[-75.54793,5.3908],[-75.5479,5.39082],[-75.54789,5.39082],[-75.54785,5.39082],[-75.54785,5.39082],[-75.54784,5.39082],[-75.54783,5.39083],[-75.54783,5.39083],[-75.54782,5.39083],[-75.54781,5.39084],[-75.5478,5.39084],[-75.54778,5.39084],[-75.54773,5.39083],[-75.54772,5.39083],[-75.5477,5.39083],[-75.5477,5.39083],[-75.5477,5.39083],[-75.54768,5.39083],[-75.54768,5.39083],[-75.54768,5.39083],[-75.54766,5.39084],[-75.54766,5.39084],[-75.54766,5.39084],[-75.54764,5.39086],[-75.54763,5.39086],[-75.54763,5.39086],[-75.54761,5.39086],[-75.54759,5.39086],[-75.54759,5.39086],[-75.54758,5.39085],[-75.54758,5.39085],[-75.54758,5.39085],[-75.54757,5.39085],[-75.54756,5.39084],[-75.54756,5.39084],[-75.54756,5.39084],[-75.54755,5.39084],[-75.54754,5.39083],[-75.54753,5.39083],[-75.54753,5.39083],[-75.54752,5.39084],[-75.54751,5.39084],[-75.54751,5.39084],[-75.54747,5.39084],[-75.54746,5.39085],[-75.54746,5.39084],[-75.54744,5.39084],[-75.54744,5.39084],[-75.54743,5.39083],[-75.54742,5.39083],[-75.54742,5.39083],[-75.54741,5.39083],[-75.54739,5.39083],[-75.54739,5.39083],[-75.54739,5.39083],[-75.54733,5.39084],[-75.54731,5.39084],[-75.5473,5.39084],[-75.54729,5.39083],[-75.54726,5.39082],[-75.54726,5.39081],[-75.54726,5.39081],[-75.54725,5.39081],[-75.54725,5.39081],[-75.54724,5.39081],[-75.54724,5.39082],[-75.54723,5.39082],[-75.54723,5.39082],[-75.54723,5.39083],[-75.54723,5.39083],[-75.54722,5.39084],[-75.54722,5.39084],[-75.54722,5.39084],[-75.54723,5.39085],[-75.54723,5.39085],[-75.54723,5.39086],[-75.54723,5.39086],[-75.54724,5.39086],[-75.54727,5.39088],[-75.54727,5.39088],[-75.54727,5.39088],[-75.54729,5.39089],[-75.54729,5.39089],[-75.54729,5.39089],[-75.54731,5.39089],[-75.54731,5.39089],[-75.54731,5.39089],[-75.54733,5.39089],[-75.54733,5.39089],[-75.54739,5.39088],[-75.54741,5.39088],[-75.54742,5.39089],[-75.54744,5.3909],[-75.54744,5.3909],[-75.54745,5.3909],[-75.54746,5.3909],[-75.54746,5.3909],[-75.54746,5.3909],[-75.54748,5.3909],[-75.54748,5.3909],[-75.54748,5.3909],[-75.54752,5.39089],[-75.54753,5.39089],[-75.54754,5.39089]]],[[[-75.54472,5.39121],[-75.54472,5.39121],[-75.54472,5.39121],[-75.54473,5.39122],[-75.54473,5.39122],[-75.54474,5.39122],[-75.54474,5.39122],[-75.54476,5.39123],[-75.54476,5.39123],[-75.54476,5.39123],[-75.54476,5.39124],[-75.54477,5.39128],[-75.54477,5.39128],[-75.54477,5.39129],[-75.54478,5.39131],[-75.54478,5.39131],[-75.54479,5.39131],[-75.54479,5.39131],[-75.54481,5.39133],[-75.54481,5.39134],[-75.54481,5.39134],[-75.54481,5.39134],[-75.54481,5.39135],[-75.5448,5.39135],[-75.5448,5.39136],[-75.5448,5.39136],[-75.54481,5.39137],[-75.54481,5.39137],[-75.54481,5.39137],[-75.54481,5.39138],[-75.54482,5.39138],[-75.54482,5.39138],[-75.54482,5.39138],[-75.54483,5.39139],[-75.54483,5.39138],[-75.54484,5.39138],[-75.54484,5.39138],[-75.54485,5.39138],[-75.54485,5.39138],[-75.54485,5.39137],[-75.54486,5.39137],[-75.54486,5.39137],[-75.54486,5.39136],[-75.54486,5.39135],[-75.54486,5.39135],[-75.54487,5.39134],[-75.54486,5.39134],[-75.54486,5.39132],[-75.54486,5.39132],[-75.54486,5.39131],[-75.54485,5.3913],[-75.54485,5.3913],[-75.54485,5.3913],[-75.54483,5.39128],[-75.54482,5.39127],[-75.54482,5.39123],[-75.54482,5.39122],[-75.54481,5.39121],[-75.54481,5.39121],[-75.54481,5.3912],[-75.5448,5.39119],[-75.5448,5.39119],[-75.5448,5.39119],[-75.54479,5.39118],[-75.54478,5.39118],[-75.54478,5.39118],[-75.54478,5.39117],[-75.54477,5.39117],[-75.54476,5.39117],[-75.54475,5.39116],[-75.54474,5.39116],[-75.54474,5.39115],[-75.54474,5.39115],[-75.54473,5.39115],[-75.54473,5.39115],[-75.54472,5.39114],[-75.54471,5.39114],[-75.54471,5.39114],[-75.54471,5.39114],[-75.54468,5.39115],[-75.54466,5.39114],[-75.54464,5.39112],[-75.54464,5.39111],[-75.54464,5.39109],[-75.54463,5.39109],[-75.54463,5.39108],[-75.54463,5.39108],[-75.54462,5.39107],[-75.54462,5.39107],[-75.54462,5.39106],[-75.54461,5.39105],[-75.5446,5.39105],[-75.5446,5.39105],[-75.5446,5.39104],[-75.54457,5.39104],[-75.54456,5.39103],[-75.54456,5.39103],[-75.54456,5.39102],[-75.54456,5.39101],[-75.54456,5.39101],[-75.54456,5.391],[-75.54455,5.39098],[-75.54455,5.39098],[-75.54455,5.39098],[-75.54454,5.39096],[-75.54453,5.39096],[-75.54453,5.39096],[-75.54452,5.39095],[-75.54451,5.39095],[-75.54451,5.39094],[-75.5445,5.39094],[-75.54449,5.39094],[-75.54449,5.39094],[-75.54448,5.39094],[-75.54447,5.39094],[-75.54446,5.39094],[-75.54446,5.39095],[-75.54445,5.39095],[-75.54444,5.39095],[-75.54444,5.39095],[-75.54443,5.39096],[-75.54443,5.39097],[-75.54442,5.39097],[-75.54442,5.39098],[-75.54441,5.39098],[-75.54441,5.39098],[-75.54441,5.391],[-75.54441,5.391],[-75.54441,5.391],[-75.54441,5.39101],[-75.54441,5.39103],[-75.54441,5.39103],[-75.5444,5.39103],[-75.54437,5.39106],[-75.54437,5.39107],[-75.54437,5.39107],[-75.54437,5.39108],[-75.54436,5.39108],[-75.54436,5.39108],[-75.54436,5.39109],[-75.54436,5.39109],[-75.54436,5.3911],[-75.54436,5.3911],[-75.54436,5.39111],[-75.54435,5.39112],[-75.54434,5.39113],[-75.54432,5.39114],[-75.54429,5.39116],[-75.54428,5.39116],[-75.54428,5.39116],[-75.54428,5.39117],[-75.54426,5.39118],[-75.54425,5.39119],[-75.54425,5.39119],[-75.54425,5.39118],[-75.54425,5.39118],[-75.54425,5.39117],[-75.54425,5.39117],[-75.54424,5.39116],[-75.54424,5.39115],[-75.54424,5.39115],[-75.54423,5.39115],[-75.54422,5.39114],[-75.54422,5.39114],[-75.54422,5.39114],[-75.54421,5.39113],[-75.5442,5.39113],[-75.5442,5.39113],[-75.54419,5.39113],[-75.54419,5.39113],[-75.54418,5.39113],[-75.54417,5.39113],[-75.54416,5.39113],[-75.54416,5.39113],[-75.54416,5.39112],[-75.54416,5.3911],[-75.54416,5.3911],[-75.54416,5.39109],[-75.54416,5.39109],[-75.54415,5.39109],[-75.54415,5.39107],[-75.54414,5.39107],[-75.54414,5.39107],[-75.54412,5.39106],[-75.54412,5.39106],[-75.54412,5.39105],[-75.54412,5.39105],[-75.54411,5.39105],[-75.5441,5.39105],[-75.5441,5.39105],[-75.54408,5.39105],[-75.54408,5.39105],[-75.54406,5.39104],[-75.54406,5.39104],[-75.54405,5.39104],[-75.54404,5.39103],[-75.54404,5.39103],[-75.54404,5.39103],[-75.54403,5.39103],[-75.54402,5.39103],[-75.54402,5.39103],[-75.54401,5.39103],[-75.54401,5.39103],[-75.544,5.39103],[-75.54399,5.39104],[-75.54399,5.39104],[-75.54399,5.39104],[-75.54398,5.39104],[-75.54397,5.39105],[-75.54396,5.39105],[-75.54396,5.39105],[-75.54395,5.39105],[-75.54395,5.39105],[-75.54395,5.39105],[-75.54394,5.39106],[-75.54394,5.39106],[-75.54394,5.39106],[-75.54393,5.39107],[-75.54393,5.39107],[-75.54392,5.39107],[-75.54391,5.39106],[-75.54391,5.39106],[-75.54389,5.39105],[-75.54389,5.39104],[-75.54389,5.39104],[-75.54389,5.39104],[-75.54388,5.39102],[-75.54388,5.39101],[-75.54388,5.39101],[-75.54386,5.39099],[-75.54386,5.39099],[-75.54386,5.39099],[-75.54384,5.39097],[-75.54384,5.39097],[-75.54383,5.39097],[-75.54382,5.39096],[-75.54381,5.39096],[-75.54381,5.39096],[-75.5438,5.39096],[-75.54379,5.39096],[-75.54379,5.39096],[-75.54378,5.39096],[-75.54378,5.39096],[-75.54377,5.39096],[-75.54377,5.39096],[-75.54376,5.39097],[-75.54375,5.39097],[-75.54375,5.39097],[-75.54375,5.39097],[-75.54375,5.39095],[-75.54375,5.39095],[-75.54375,5.39095],[-75.54375,5.39094],[-75.54375,5.39093],[-75.54374,5.39093],[-75.54374,5.39092],[-75.54373,5.39091],[-75.54373,5.39091],[-75.54373,5.3909],[-75.54372,5.3909],[-75.54372,5.3909],[-75.54371,5.3909],[-75.54371,5.39089],[-75.5437,5.39089],[-75.5437,5.39089],[-75.5437,5.39089],[-75.54368,5.39089],[-75.54368,5.39089],[-75.54368,5.39089],[-75.54367,5.39089],[-75.54367,5.39089],[-75.54366,5.3909],[-75.54366,5.3909],[-75.54366,5.3909],[-75.54365,5.39091],[-75.54364,5.39091],[-75.54363,5.39091],[-75.54363,5.39091],[-75.54362,5.39091],[-75.54362,5.39092],[-75.54362,5.39092],[-75.54362,5.39092],[-75.5436,5.39092],[-75.5436,5.39093],[-75.5436,5.39093],[-75.54359,5.39093],[-75.54358,5.39092],[-75.54358,5.39092],[-75.54357,5.3909],[-75.54356,5.3909],[-75.54356,5.3909],[-75.54355,5.39089],[-75.54355,5.39089],[-75.54355,5.39089],[-75.54354,5.39089],[-75.54353,5.39088],[-75.54353,5.39088],[-75.54353,5.39088],[-75.54351,5.39088],[-75.54351,5.39088],[-75.54351,5.39088],[-75.5435,5.39088],[-75.54349,5.39088],[-75.54349,5.39088],[-75.54348,5.39089],[-75.54348,5.39089],[-75.54347,5.39089],[-75.54347,5.39089],[-75.54346,5.3909],[-75.54346,5.3909],[-75.54345,5.3909],[-75.54345,5.39091],[-75.54345,5.39091],[-75.54343,5.39094],[-75.54343,5.39094],[-75.54342,5.39094],[-75.54341,5.39094],[-75.54341,5.39093],[-75.5434,5.39093],[-75.54339,5.39093],[-75.54339,5.39093],[-75.54338,5.39093],[-75.54335,5.39093],[-75.54334,5.39093],[-75.54334,5.39093],[-75.54333,5.39091],[-75.54332,5.3909],[-75.54332,5.3909],[-75.54331,5.3909],[-75.54331,5.3909],[-75.54331,5.39089],[-75.54328,5.39088],[-75.54328,5.39088],[-75.54327,5.39088],[-75.54325,5.39088],[-75.54325,5.39088],[-75.54324,5.39088],[-75.54323,5.39088],[-75.54323,5.39088],[-75.54323,5.39088],[-75.54322,5.39088],[-75.54322,5.39089],[-75.54321,5.39089],[-75.54321,5.39089],[-75.54321,5.39089],[-75.5432,5.3909],[-75.5432,5.3909],[-75.5432,5.39091],[-75.5432,5.39091],[-75.5432,5.39091],[-75.5432,5.39092],[-75.5432,5.39092],[-75.5432,5.39093],[-75.5432,5.39093],[-75.5432,5.39094],[-75.5432,5.39094],[-75.54321,5.39094],[-75.54321,5.39095],[-75.54321,5.39095],[-75.54322,5.39095],[-75.54322,5.39095],[-75.54323,5.39095],[-75.54323,5.39095],[-75.54324,5.39095],[-75.54324,5.39094],[-75.54324,5.39094],[-75.54325,5.39094],[-75.54325,5.39093],[-75.54326,5.39094],[-75.54328,5.39094],[-75.54329,5.39094],[-75.5433,5.39096],[-75.54331,5.39097],[-75.54331,5.39097],[-75.54332,5.39098],[-75.54332,5.39098],[-75.54332,5.39098],[-75.54333,5.39098],[-75.54334,5.39098],[-75.54334,5.39098],[-75.54335,5.39099],[-75.54338,5.39098],[-75.54338,5.39098],[-75.54339,5.39099],[-75.5434,5.39099],[-75.5434,5.39099],[-75.54341,5.391],[-75.54341,5.391],[-75.54342,5.391],[-75.54342,5.391],[-75.54343,5.391],[-75.54344,5.39099],[-75.54344,5.39099],[-75.54345,5.39099],[-75.54345,5.39099],[-75.54346,5.39099],[-75.54346,5.39098],[-75.54347,5.39098],[-75.54347,5.39098],[-75.54349,5.39094],[-75.54349,5.39094],[-75.5435,5.39094],[-75.5435,5.39094],[-75.54351,5.39094],[-75.54352,5.39094],[-75.54352,5.39094],[-75.54353,5.39094],[-75.54354,5.39096],[-75.54354,5.39096],[-75.54355,5.39097],[-75.54356,5.39097],[-75.54356,5.39097],[-75.54356,5.39098],[-75.54358,5.39098],[-75.54358,5.39098],[-75.54358,5.39098],[-75.54359,5.39098],[-75.5436,5.39098],[-75.5436,5.39098],[-75.54361,5.39098],[-75.54361,5.39098],[-75.54361,5.39098],[-75.54362,5.39098],[-75.54363,5.39097],[-75.54363,5.39097],[-75.54364,5.39097],[-75.54364,5.39097],[-75.54366,5.39097],[-75.54366,5.39096],[-75.54367,5.39096],[-75.54367,5.39096],[-75.54368,5.39096],[-75.54368,5.39096],[-75.54368,5.39096],[-75.54369,5.39095],[-75.54369,5.39095],[-75.54369,5.39095],[-75.54369,5.39097],[-75.54369,5.39098],[-75.54369,5.39098],[-75.54369,5.39098],[-75.54369,5.39099],[-75.5437,5.391],[-75.5437,5.391],[-75.5437,5.391],[-75.54371,5.39101],[-75.54371,5.39102],[-75.54372,5.39102],[-75.54372,5.39102],[-75.54373,5.39102],[-75.54373,5.39102],[-75.54373,5.39103],[-75.54374,5.39103],[-75.54375,5.39103],[-75.54375,5.39103],[-75.54376,5.39102],[-75.54376,5.39102],[-75.54377,5.39102],[-75.54378,5.39102],[-75.54378,5.39102],[-75.54379,5.39102],[-75.54379,5.39101],[-75.5438,5.39101],[-75.54381,5.39102],[-75.54382,5.39103],[-75.54383,5.39104],[-75.54383,5.39105],[-75.54383,5.39106],[-75.54383,5.39106],[-75.54383,5.39106],[-75.54384,5.39107],[-75.54384,5.39107],[-75.54384,5.39108],[-75.54384,5.39108],[-75.54385,5.39109],[-75.54385,5.39109],[-75.54385,5.39109],[-75.54388,5.39111],[-75.54388,5.39111],[-75.54388,5.39111],[-75.54389,5.39111],[-75.54389,5.39111],[-75.54389,5.39112],[-75.54391,5.39112],[-75.54391,5.39112],[-75.54391,5.39112],[-75.54392,5.39112],[-75.54393,5.39112],[-75.54393,5.39112],[-75.54394,5.39112],[-75.54395,5.39112],[-75.54395,5.39112],[-75.54396,5.39111],[-75.54396,5.39111],[-75.54396,5.39111],[-75.54397,5.39111],[-75.54397,5.39111],[-75.54398,5.39111],[-75.54398,5.39111],[-75.54398,5.39111],[-75.54399,5.39111],[-75.54399,5.3911],[-75.544,5.3911],[-75.544,5.3911],[-75.544,5.3911],[-75.54401,5.39109],[-75.54402,5.39109],[-75.54402,5.39108],[-75.54403,5.39109],[-75.54403,5.39109],[-75.54405,5.3911],[-75.54405,5.3911],[-75.54405,5.3911],[-75.54406,5.3911],[-75.54407,5.3911],[-75.54407,5.3911],[-75.54407,5.3911],[-75.5441,5.3911],[-75.5441,5.39111],[-75.5441,5.39111],[-75.5441,5.39113],[-75.5441,5.39113],[-75.54411,5.39114],[-75.54411,5.39114],[-75.54411,5.39115],[-75.54411,5.39115],[-75.54411,5.39115],[-75.54412,5.39116],[-75.54412,5.39117],[-75.54413,5.39117],[-75.54414,5.39118],[-75.54414,5.39118],[-75.54415,5.39118],[-75.54415,5.39118],[-75.54415,5.39118],[-75.54416,5.39118],[-75.54417,5.39118],[-75.54417,5.39118],[-75.54419,5.39118],[-75.54419,5.39118],[-75.54419,5.39118],[-75.5442,5.39119],[-75.5442,5.39119],[-75.5442,5.3912],[-75.5442,5.3912],[-75.5442,5.3912],[-75.5442,5.39121],[-75.5442,5.39121],[-75.54421,5.39122],[-75.54421,5.39122],[-75.54421,5.39122],[-75.54421,5.39123],[-75.54422,5.39123],[-75.54423,5.39123],[-75.54423,5.39124],[-75.54423,5.39124],[-75.54425,5.39124],[-75.54425,5.39124],[-75.54426,5.39124],[-75.54426,5.39124],[-75.54428,5.39124],[-75.54428,5.39124],[-75.54428,5.39123],[-75.54429,5.39123],[-75.54429,5.39123],[-75.5443,5.39123],[-75.5443,5.39122],[-75.54432,5.3912],[-75.54435,5.39119],[-75.54435,5.39119],[-75.54435,5.39119],[-75.54437,5.39117],[-75.54438,5.39117],[-75.54438,5.39117],[-75.54439,5.39115],[-75.5444,5.39115],[-75.5444,5.39115],[-75.54441,5.39114],[-75.54441,5.39113],[-75.54441,5.39113],[-75.54441,5.39111],[-75.54441,5.39111],[-75.54442,5.39111],[-75.54442,5.3911],[-75.54442,5.3911],[-75.54442,5.3911],[-75.54445,5.39106],[-75.54445,5.39106],[-75.54445,5.39106],[-75.54445,5.39105],[-75.54446,5.39105],[-75.54446,5.39105],[-75.54446,5.39104],[-75.54446,5.39103],[-75.54446,5.39103],[-75.54446,5.39101],[-75.54446,5.39101],[-75.54447,5.391],[-75.54447,5.391],[-75.54448,5.391],[-75.54449,5.391],[-75.54449,5.391],[-75.54449,5.391],[-75.5445,5.39101],[-75.54451,5.39102],[-75.54451,5.39104],[-75.54451,5.39104],[-75.54451,5.39105],[-75.54451,5.39105],[-75.54451,5.39105],[-75.54452,5.39106],[-75.54452,5.39107],[-75.54453,5.39107],[-75.54454,5.39108],[-75.54455,5.39108],[-75.54455,5.39109],[-75.54457,5.39109],[-75.54458,5.3911],[-75.54458,5.39111],[-75.54459,5.39113],[-75.54459,5.39113],[-75.54459,5.39113],[-75.54459,5.39114],[-75.5446,5.39115],[-75.5446,5.39116],[-75.54461,5.39116],[-75.54463,5.39118],[-75.54463,5.39118],[-75.54463,5.39118],[-75.54465,5.39119],[-75.54465,5.3912],[-75.54466,5.3912],[-75.54466,5.3912],[-75.54466,5.3912],[-75.54467,5.3912],[-75.54468,5.3912],[-75.54468,5.3912],[-75.54468,5.3912],[-75.54471,5.3912],[-75.54472,5.39121]]],[[[-75.5485,5.39299],[-75.54842,5.39308],[-75.54828,5.39321],[-75.54828,5.39321],[-75.54804,5.3935],[-75.54803,5.3935],[-75.54803,5.3935],[-75.54803,5.39351],[-75.54803,5.39351],[-75.54803,5.39352],[-75.54803,5.39352],[-75.54803,5.39353],[-75.54803,5.39353],[-75.54804,5.39353],[-75.54804,5.39354],[-75.54805,5.39354],[-75.54805,5.39354],[-75.54806,5.39354],[-75.54806,5.39354],[-75.54806,5.39354],[-75.54807,5.39354],[-75.54807,5.39353],[-75.54808,5.39353],[-75.54832,5.39325],[-75.54846,5.39312],[-75.54846,5.39311],[-75.54854,5.39303],[-75.54854,5.39303],[-75.54854,5.39303],[-75.54874,5.39276],[-75.54874,5.39276],[-75.54874,5.39275],[-75.54874,5.39275],[-75.54874,5.39275],[-75.54874,5.39275],[-75.54875,5.39275],[-75.54875,5.39275],[-75.54875,5.39273],[-75.54875,5.39273],[-75.54876,5.39271],[-75.54876,5.39271],[-75.54876,5.3927],[-75.54876,5.3927],[-75.54875,5.3927],[-75.54877,5.39269],[-75.54877,5.39269],[-75.54877,5.39269],[-75.54878,5.39269],[-75.54879,5.39268],[-75.54879,5.39268],[-75.54879,5.39268],[-75.5488,5.39266],[-75.5488,5.39266],[-75.54882,5.39263],[-75.54883,5.39262],[-75.54886,5.39261],[-75.54886,5.39261],[-75.54886,5.39261],[-75.54888,5.3926],[-75.54888,5.39259],[-75.54888,5.39259],[-75.54889,5.39257],[-75.5489,5.39257],[-75.5489,5.39257],[-75.5489,5.39255],[-75.5489,5.39255],[-75.5489,5.39254],[-75.5489,5.39253],[-75.54891,5.39252],[-75.54892,5.3925],[-75.54892,5.3925],[-75.54892,5.39249],[-75.54893,5.39248],[-75.54893,5.39248],[-75.54893,5.39247],[-75.54893,5.39246],[-75.54893,5.39246],[-75.54893,5.39246],[-75.54893,5.39244],[-75.54893,5.39244],[-75.54894,5.39243],[-75.54894,5.39242],[-75.54894,5.39242],[-75.54894,5.39241],[-75.54894,5.3924],[-75.54894,5.3924],[-75.54894,5.39238],[-75.54894,5.39238],[-75.54894,5.39238],[-75.54894,5.39236],[-75.54894,5.39236],[-75.54893,5.39232],[-75.54893,5.39231],[-75.54893,5.39231],[-75.54893,5.3923],[-75.54893,5.3923],[-75.54893,5.3923],[-75.54894,5.39229],[-75.54894,5.39229],[-75.54894,5.39229],[-75.54894,5.39228],[-75.54894,5.39228],[-75.54894,5.39227],[-75.54894,5.39227],[-75.54894,5.39226],[-75.54895,5.39226],[-75.54896,5.39226],[-75.54896,5.39225],[-75.54897,5.39224],[-75.54898,5.39224],[-75.54898,5.39224],[-75.54899,5.39222],[-75.54899,5.39222],[-75.54899,5.39222],[-75.54901,5.3922],[-75.54901,5.3922],[-75.54902,5.39218],[-75.54903,5.39217],[-75.54903,5.39217],[-75.54904,5.39216],[-75.54904,5.39216],[-75.54904,5.39216],[-75.54905,5.39215],[-75.54905,5.39215],[-75.54905,5.39214],[-75.54906,5.39214],[-75.54906,5.39213],[-75.54906,5.39213],[-75.54906,5.39213],[-75.54906,5.39212],[-75.54906,5.39212],[-75.54908,5.39212],[-75.54908,5.39211],[-75.54908,5.39211],[-75.5491,5.3921],[-75.5491,5.3921],[-75.54911,5.3921],[-75.54912,5.39208],[-75.54912,5.39207],[-75.54912,5.39207],[-75.54913,5.39205],[-75.54914,5.39205],[-75.54914,5.39205],[-75.54914,5.39204],[-75.54915,5.39203],[-75.54916,5.39203],[-75.54916,5.39203],[-75.54916,5.39202],[-75.54917,5.39202],[-75.54917,5.39202],[-75.54917,5.39201],[-75.54917,5.39201],[-75.54918,5.392],[-75.54919,5.39198],[-75.54919,5.39198],[-75.54919,5.39198],[-75.54919,5.39197],[-75.5492,5.39197],[-75.5492,5.39196],[-75.5492,5.39194],[-75.54921,5.39193],[-75.54927,5.39188],[-75.54929,5.39187],[-75.54934,5.39183],[-75.54934,5.39183],[-75.54936,5.39182],[-75.54936,5.39182],[-75.54936,5.39181],[-75.54937,5.3918],[-75.54937,5.3918],[-75.54937,5.3918],[-75.54938,5.39179],[-75.54938,5.39179],[-75.54938,5.39179],[-75.54939,5.39178],[-75.54939,5.39178],[-75.54939,5.39177],[-75.54939,5.39176],[-75.54939,5.39176],[-75.54939,5.39175],[-75.54939,5.39175],[-75.5494,5.39175],[-75.5494,5.39174],[-75.5494,5.39174],[-75.5494,5.39174],[-75.54941,5.39173],[-75.54941,5.39173],[-75.54941,5.39172],[-75.54941,5.39172],[-75.54941,5.39172],[-75.54941,5.39172],[-75.54941,5.39172],[-75.54941,5.39171],[-75.54942,5.39171],[-75.54942,5.39171],[-75.54942,5.3917],[-75.54942,5.3917],[-75.54942,5.3917],[-75.54942,5.39169],[-75.54942,5.39168],[-75.54942,5.39168],[-75.54943,5.39167],[-75.54944,5.39166],[-75.54945,5.39165],[-75.54946,5.39165],[-75.54947,5.39164],[-75.54947,5.39164],[-75.54949,5.39164],[-75.54949,5.39164],[-75.5495,5.39164],[-75.5495,5.39164],[-75.5495,5.39164],[-75.54951,5.39164],[-75.54951,5.39163],[-75.54951,5.39163],[-75.54952,5.39163],[-75.54952,5.39162],[-75.54953,5.39162],[-75.54953,5.39162],[-75.54954,5.39162],[-75.54955,5.39161],[-75.54955,5.39161],[-75.54955,5.39161],[-75.54956,5.3916],[-75.54957,5.39159],[-75.54957,5.39159],[-75.5496,5.39155],[-75.5496,5.39154],[-75.54961,5.39154],[-75.54961,5.39154],[-75.54962,5.39154],[-75.54962,5.39154],[-75.54963,5.39154],[-75.54963,5.39153],[-75.54964,5.39153],[-75.54964,5.39153],[-75.54964,5.39153],[-75.54965,5.39152],[-75.54965,5.39152],[-75.54965,5.39152],[-75.54967,5.39149],[-75.54967,5.39149],[-75.54968,5.39149],[-75.54968,5.39149],[-75.54969,5.39149],[-75.54969,5.39149],[-75.5497,5.39148],[-75.5497,5.39148],[-75.54971,5.39148],[-75.54971,5.39147],[-75.54971,5.39147],[-75.54972,5.39146],[-75.54972,5.39146],[-75.54972,5.39146],[-75.54973,5.39144],[-75.54973,5.39144],[-75.54973,5.39144],[-75.54973,5.39143],[-75.54973,5.39141],[-75.54973,5.39141],[-75.54974,5.3914],[-75.54974,5.3914],[-75.54976,5.3914],[-75.54976,5.3914],[-75.54977,5.3914],[-75.54978,5.3914],[-75.54978,5.3914],[-75.54978,5.3914],[-75.54979,5.3914],[-75.54979,5.39139],[-75.5498,5.39138],[-75.5498,5.39138],[-75.5498,5.39138],[-75.54981,5.39138],[-75.54981,5.39138],[-75.54981,5.39138],[-75.54982,5.39138],[-75.54982,5.39137],[-75.54983,5.39137],[-75.54984,5.39137],[-75.54984,5.39137],[-75.54985,5.39137],[-75.54985,5.39137],[-75.54986,5.39136],[-75.54986,5.39136],[-75.54986,5.39135],[-75.54987,5.39134],[-75.54988,5.39134],[-75.54988,5.39134],[-75.54988,5.39134],[-75.54989,5.39134],[-75.54989,5.39134],[-75.5499,5.39134],[-75.54991,5.39133],[-75.54991,5.39133],[-75.54991,5.39133],[-75.54994,5.39131],[-75.54998,5.39127],[-75.54999,5.39127],[-75.55,5.39125],[-75.55,5.39125],[-75.55002,5.39123],[-75.55002,5.39123],[-75.55004,5.39121],[-75.55005,5.39119],[-75.55006,5.39119],[-75.55006,5.39119],[-75.55006,5.39118],[-75.55007,5.39117],[-75.55007,5.39117],[-75.55007,5.39117],[-75.55007,5.39116],[-75.55007,5.39116],[-75.55007,5.39115],[-75.55007,5.39114],[-75.55007,5.39113],[-75.55008,5.39112],[-75.55009,5.39112],[-75.5501,5.39111],[-75.5501,5.39111],[-75.55011,5.39111],[-75.55012,5.39111],[-75.55012,5.39111],[-75.55013,5.39111],[-75.55014,5.3911],[-75.55014,5.3911],[-75.55014,5.3911],[-75.55014,5.3911],[-75.55014,5.3911],[-75.55015,5.3911],[-75.55015,5.3911],[-75.55016,5.3911],[-75.55017,5.3911],[-75.55017,5.3911],[-75.55017,5.3911],[-75.55017,5.3911],[-75.55017,5.3911],[-75.55017,5.3911],[-75.55019,5.3911],[-75.55019,5.3911],[-75.55019,5.3911],[-75.55019,5.3911],[-75.55019,5.3911],[-75.55019,5.3911],[-75.5502,5.39109],[-75.5502,5.39109],[-75.55021,5.39109],[-75.55021,5.39109],[-75.55025,5.39109],[-75.55025,5.39109],[-75.55025,5.39109],[-75.55025,5.39109],[-75.55025,5.39109],[-75.55025,5.39109],[-75.55026,5.39109],[-75.55026,5.39109],[-75.55026,5.39109],[-75.55026,5.39109],[-75.55027,5.39109],[-75.55027,5.39109],[-75.55027,5.39109],[-75.55027,5.39109],[-75.55027,5.39109],[-75.55028,5.39109],[-75.55028,5.39108],[-75.55028,5.39108],[-75.55028,5.39108],[-75.55028,5.39108],[-75.55029,5.39107],[-75.5503,5.39107],[-75.5503,5.39107],[-75.5503,5.39107],[-75.55031,5.39107],[-75.55031,5.39107],[-75.55031,5.39107],[-75.55031,5.39107],[-75.55031,5.39107],[-75.55032,5.39106],[-75.55032,5.39106],[-75.55032,5.39106],[-75.55032,5.39106],[-75.55032,5.39106],[-75.55032,5.39106],[-75.55032,5.39106],[-75.55032,5.39106],[-75.55033,5.39105],[-75.55033,5.39105],[-75.55033,5.39105],[-75.55034,5.39105],[-75.55035,5.39106],[-75.55036,5.39106],[-75.55038,5.39107],[-75.55038,5.39107],[-75.55038,5.39107],[-75.55038,5.39108],[-75.55038,5.39108],[-75.55038,5.39108],[-75.55038,5.39108],[-75.55038,5.39108],[-75.55039,5.39108],[-75.55039,5.39108],[-75.55039,5.39108],[-75.55039,5.39108],[-75.55039,5.39108],[-75.5504,5.39108],[-75.5504,5.39108],[-75.5504,5.39108],[-75.5504,5.39108],[-75.5504,5.39108],[-75.5504,5.39108],[-75.55041,5.39108],[-75.55041,5.39108],[-75.55041,5.39108],[-75.55041,5.39107],[-75.55041,5.39107],[-75.55041,5.39107],[-75.55041,5.39107],[-75.55042,5.39107],[-75.55042,5.39107],[-75.55042,5.39107],[-75.55042,5.39106],[-75.55042,5.39106],[-75.55042,5.39106],[-75.55042,5.39106],[-75.55042,5.39106],[-75.55042,5.39106],[-75.55042,5.39105],[-75.55042,5.39105],[-75.55042,5.39105],[-75.55042,5.39105],[-75.55042,5.39105],[-75.55042,5.39105],[-75.55042,5.39104],[-75.55042,5.39104],[-75.55042,5.39104],[-75.55042,5.39104],[-75.55042,5.39104],[-75.55042,5.39104],[-75.55041,5.39103],[-75.55041,5.39103],[-75.55041,5.39103],[-75.5504,5.39102],[-75.5504,5.39102],[-75.5504,5.39102],[-75.55039,5.39102],[-75.55039,5.39102],[-75.55039,5.39102],[-75.55037,5.39101],[-75.55037,5.39101],[-75.55037,5.39101],[-75.55037,5.391],[-75.55037,5.391],[-75.55037,5.391],[-75.55035,5.391],[-75.55035,5.391],[-75.55034,5.391],[-75.55034,5.391],[-75.55034,5.391],[-75.55034,5.391],[-75.55032,5.391],[-75.55032,5.391],[-75.55032,5.391],[-75.55032,5.391],[-75.55032,5.391],[-75.55031,5.391],[-75.55031,5.391],[-75.5503,5.391],[-75.5503,5.391],[-75.5503,5.391],[-75.5503,5.391],[-75.55029,5.39101],[-75.55029,5.39101],[-75.55029,5.39101],[-75.55029,5.39101],[-75.55029,5.39101],[-75.55029,5.39101],[-75.55029,5.39101],[-75.55029,5.39101],[-75.55029,5.39102],[-75.55028,5.39102],[-75.55028,5.39102],[-75.55028,5.39102],[-75.55028,5.39102],[-75.55027,5.39102],[-75.55027,5.39102],[-75.55027,5.39102],[-75.55027,5.39102],[-75.55027,5.39102],[-75.55027,5.39102],[-75.55026,5.39102],[-75.55026,5.39102],[-75.55026,5.39102],[-75.55025,5.39104],[-75.55022,5.39103],[-75.55021,5.39103],[-75.55021,5.39103],[-75.55021,5.39103],[-75.5502,5.39103],[-75.5502,5.39103],[-75.5502,5.39103],[-75.5502,5.39103],[-75.5502,5.39103],[-75.55019,5.39103],[-75.55019,5.39104],[-75.55019,5.39104],[-75.55018,5.39104],[-75.55018,5.39104],[-75.55018,5.39104],[-75.55018,5.39104],[-75.55017,5.39105],[-75.55017,5.39105],[-75.55016,5.39104],[-75.55016,5.39104],[-75.55016,5.39104],[-75.55015,5.39104],[-75.55015,5.39104],[-75.55014,5.39104],[-75.55014,5.39104],[-75.55013,5.39104],[-75.55013,5.39104],[-75.55012,5.39105],[-75.55012,5.39105],[-75.55012,5.39105],[-75.55011,5.39105],[-75.55011,5.39106],[-75.55009,5.39106],[-75.55009,5.39106],[-75.55008,5.39106],[-75.55008,5.39106],[-75.55007,5.39106],[-75.55006,5.39107],[-75.55006,5.39107],[-75.55005,5.39107],[-75.55004,5.39108],[-75.55004,5.39109],[-75.55003,5.3911],[-75.55002,5.3911],[-75.55002,5.39111],[-75.55002,5.39112],[-75.55002,5.39112],[-75.55002,5.39113],[-75.55001,5.39114],[-75.55001,5.39114],[-75.55001,5.39114],[-75.55002,5.39115],[-75.55,5.39117],[-75.54999,5.39117],[-75.54999,5.39117],[-75.54998,5.3912],[-75.54996,5.39121],[-75.54995,5.39123],[-75.54991,5.39126],[-75.54988,5.39129],[-75.54988,5.39129],[-75.54987,5.39129],[-75.54986,5.39129],[-75.54986,5.39129],[-75.54985,5.39129],[-75.54985,5.39129],[-75.54985,5.39129],[-75.54984,5.3913],[-75.54984,5.3913],[-75.54984,5.3913],[-75.54983,5.3913],[-75.54983,5.39132],[-75.54982,5.39132],[-75.54982,5.39132],[-75.54981,5.39132],[-75.54981,5.39132],[-75.5498,5.39132],[-75.5498,5.39132],[-75.5498,5.39132],[-75.54979,5.39132],[-75.54979,5.39133],[-75.54979,5.39133],[-75.54978,5.39133],[-75.54978,5.39133],[-75.54977,5.39133],[-75.54977,5.39133],[-75.54977,5.39134],[-75.54976,5.39134],[-75.54976,5.39134],[-75.54975,5.39135],[-75.54974,5.39135],[-75.54973,5.39135],[-75.54973,5.39135],[-75.54972,5.39135],[-75.54972,5.39135],[-75.54971,5.39136],[-75.54971,5.39136],[-75.54969,5.39137],[-75.54969,5.39137],[-75.54969,5.39138],[-75.54968,5.39138],[-75.54968,5.39139],[-75.54968,5.39139],[-75.54968,5.39139],[-75.54967,5.3914],[-75.54967,5.3914],[-75.54967,5.39141],[-75.54967,5.39143],[-75.54967,5.39143],[-75.54967,5.39144],[-75.54967,5.39144],[-75.54966,5.39144],[-75.54966,5.39144],[-75.54966,5.39144],[-75.54965,5.39144],[-75.54965,5.39144],[-75.54964,5.39144],[-75.54964,5.39145],[-75.54964,5.39145],[-75.54963,5.39145],[-75.54963,5.39146],[-75.54961,5.39148],[-75.54961,5.39148],[-75.54961,5.39148],[-75.5496,5.39148],[-75.54959,5.39149],[-75.54959,5.39149],[-75.54958,5.39149],[-75.54958,5.39149],[-75.54957,5.3915],[-75.54957,5.3915],[-75.54957,5.3915],[-75.54956,5.39152],[-75.54955,5.39152],[-75.54953,5.39156],[-75.54952,5.39156],[-75.54952,5.39157],[-75.5495,5.39157],[-75.5495,5.39157],[-75.5495,5.39157],[-75.54949,5.39157],[-75.54949,5.39157],[-75.54949,5.39158],[-75.54948,5.39158],[-75.54948,5.39158],[-75.54948,5.39158],[-75.54947,5.39159],[-75.54947,5.39159],[-75.54947,5.39159],[-75.54947,5.39159],[-75.54946,5.39159],[-75.54945,5.39159],[-75.54945,5.39159],[-75.54945,5.39159],[-75.54943,5.3916],[-75.54943,5.3916],[-75.54942,5.39161],[-75.54941,5.39161],[-75.5494,5.39162],[-75.5494,5.39162],[-75.54939,5.39163],[-75.54939,5.39164],[-75.54939,5.39164],[-75.54938,5.39165],[-75.54938,5.39165],[-75.54938,5.39165],[-75.54937,5.39167],[-75.54937,5.39167],[-75.54937,5.39167],[-75.54937,5.39168],[-75.54937,5.39169],[-75.54936,5.39169],[-75.54936,5.39169],[-75.54936,5.39169],[-75.54936,5.3917],[-75.54935,5.3917],[-75.54935,5.39171],[-75.54935,5.39171],[-75.54935,5.39171],[-75.54935,5.39172],[-75.54935,5.39172],[-75.54934,5.39172],[-75.54934,5.39172],[-75.54934,5.39173],[-75.54934,5.39173],[-75.54934,5.39173],[-75.54934,5.39174],[-75.54934,5.39174],[-75.54934,5.39175],[-75.54933,5.39176],[-75.54933,5.39176],[-75.54933,5.39177],[-75.54932,5.39178],[-75.54931,5.39179],[-75.54926,5.39182],[-75.54926,5.39182],[-75.54924,5.39184],[-75.54918,5.39189],[-75.54917,5.3919],[-75.54917,5.3919],[-75.54916,5.39191],[-75.54916,5.39192],[-75.54916,5.39192],[-75.54915,5.39193],[-75.54915,5.39194],[-75.54915,5.39194],[-75.54914,5.39195],[-75.54913,5.39196],[-75.54913,5.39197],[-75.54913,5.39197],[-75.54913,5.39197],[-75.54912,5.39198],[-75.54912,5.39199],[-75.54911,5.39199],[-75.54911,5.39199],[-75.5491,5.392],[-75.5491,5.392],[-75.54909,5.39201],[-75.54909,5.39201],[-75.54909,5.39201],[-75.54909,5.39202],[-75.54909,5.39203],[-75.54908,5.39205],[-75.54907,5.39206],[-75.54906,5.39207],[-75.54905,5.39207],[-75.54904,5.39207],[-75.54903,5.39207],[-75.54903,5.39207],[-75.54903,5.39207],[-75.54902,5.39207],[-75.54902,5.39208],[-75.54901,5.39208],[-75.54901,5.39208],[-75.54901,5.39209],[-75.54901,5.39209],[-75.549,5.3921],[-75.549,5.3921],[-75.549,5.39211],[-75.549,5.39212],[-75.549,5.39212],[-75.549,5.39212],[-75.549,5.39212],[-75.549,5.39213],[-75.54899,5.39213],[-75.54899,5.39213],[-75.54898,5.39213],[-75.54898,5.39213],[-75.54897,5.39213],[-75.54897,5.39213],[-75.54896,5.39213],[-75.54896,5.39213],[-75.54896,5.39212],[-75.54895,5.39212],[-75.54895,5.39212],[-75.54895,5.39212],[-75.54894,5.39212],[-75.54893,5.39212],[-75.54893,5.39212],[-75.54893,5.39212],[-75.54891,5.39212],[-75.54891,5.39212],[-75.54888,5.39208],[-75.54887,5.39208],[-75.54887,5.39207],[-75.54886,5.39207],[-75.54886,5.39207],[-75.54886,5.39206],[-75.54885,5.39206],[-75.54884,5.39206],[-75.54884,5.39206],[-75.54882,5.39206],[-75.54882,5.39206],[-75.54881,5.39206],[-75.5488,5.39206],[-75.5488,5.39206],[-75.5488,5.39206],[-75.54879,5.39207],[-75.54879,5.39207],[-75.54878,5.39207],[-75.54878,5.39208],[-75.54875,5.39207],[-75.54875,5.39207],[-75.54875,5.39207],[-75.54874,5.39207],[-75.54873,5.39207],[-75.54873,5.39207],[-75.54872,5.39207],[-75.54872,5.39207],[-75.54871,5.39207],[-75.54871,5.39207],[-75.5487,5.39208],[-75.5487,5.39208],[-75.5487,5.39208],[-75.5487,5.39208],[-75.5487,5.39208],[-75.5487,5.39208],[-75.54865,5.39208],[-75.54865,5.39208],[-75.54865,5.39208],[-75.54864,5.39208],[-75.54864,5.39208],[-75.54863,5.39208],[-75.54862,5.39208],[-75.54862,5.39209],[-75.54862,5.39209],[-75.5486,5.3921],[-75.54859,5.39211],[-75.54857,5.39211],[-75.54856,5.39211],[-75.54856,5.39211],[-75.54856,5.3921],[-75.54855,5.3921],[-75.54855,5.3921],[-75.54855,5.3921],[-75.54854,5.3921],[-75.54854,5.3921],[-75.54853,5.3921],[-75.54853,5.3921],[-75.54853,5.3921],[-75.54852,5.3921],[-75.54852,5.3921],[-75.54851,5.3921],[-75.54851,5.3921],[-75.54851,5.3921],[-75.5485,5.39211],[-75.54849,5.39211],[-75.54849,5.39211],[-75.54849,5.39211],[-75.54848,5.39211],[-75.54848,5.39211],[-75.54847,5.39211],[-75.54846,5.39212],[-75.54846,5.39212],[-75.54846,5.39212],[-75.54845,5.39213],[-75.54845,5.39213],[-75.54845,5.39213],[-75.54845,5.39214],[-75.54844,5.39214],[-75.54844,5.39215],[-75.54844,5.39215],[-75.54844,5.39215],[-75.54844,5.39216],[-75.54844,5.39216],[-75.54844,5.39217],[-75.54843,5.39217],[-75.54843,5.39217],[-75.54842,5.39217],[-75.54841,5.39217],[-75.54841,5.39217],[-75.54841,5.39218],[-75.5484,5.39218],[-75.54839,5.39218],[-75.54839,5.39219],[-75.54839,5.39219],[-75.54838,5.39219],[-75.54837,5.39221],[-75.54836,5.39221],[-75.54835,5.39221],[-75.54835,5.39221],[-75.54834,5.39222],[-75.54834,5.39222],[-75.54834,5.39222],[-75.54833,5.39222],[-75.54833,5.39222],[-75.54832,5.39223],[-75.54832,5.39223],[-75.54829,5.39223],[-75.54829,5.39223],[-75.54829,5.39224],[-75.54827,5.39224],[-75.54827,5.39224],[-75.54827,5.39224],[-75.54826,5.39224],[-75.54826,5.39225],[-75.54825,5.39225],[-75.54824,5.39227],[-75.54822,5.39227],[-75.54821,5.39227],[-75.54821,5.39227],[-75.5482,5.39227],[-75.5482,5.39227],[-75.5482,5.39227],[-75.54819,5.39228],[-75.54818,5.39228],[-75.54818,5.39229],[-75.54818,5.39229],[-75.54817,5.3923],[-75.54817,5.3923],[-75.54816,5.3923],[-75.54816,5.3923],[-75.54815,5.39231],[-75.54815,5.39231],[-75.54814,5.39231],[-75.54813,5.39232],[-75.54812,5.39232],[-75.54812,5.39233],[-75.54809,5.39232],[-75.54808,5.39232],[-75.54808,5.39232],[-75.54807,5.39232],[-75.54806,5.39232],[-75.54806,5.39233],[-75.54804,5.39233],[-75.54803,5.39233],[-75.54803,5.39233],[-75.54803,5.39233],[-75.54802,5.39234],[-75.54801,5.39234],[-75.54801,5.39234],[-75.54801,5.39235],[-75.54799,5.39236],[-75.54799,5.39236],[-75.54795,5.39236],[-75.54795,5.39236],[-75.54795,5.39237],[-75.54793,5.39237],[-75.54793,5.39237],[-75.54793,5.39238],[-75.54792,5.39238],[-75.54791,5.39239],[-75.54791,5.39239],[-75.54791,5.39239],[-75.54791,5.3924],[-75.54791,5.3924],[-75.5479,5.3924],[-75.5479,5.3924],[-75.5479,5.39241],[-75.5479,5.39241],[-75.5479,5.39241],[-75.5479,5.39242],[-75.54789,5.39242],[-75.54789,5.39242],[-75.54789,5.39243],[-75.54788,5.39244],[-75.54788,5.39244],[-75.54787,5.39244],[-75.54786,5.39244],[-75.54786,5.39244],[-75.54785,5.39244],[-75.54785,5.39244],[-75.54784,5.39244],[-75.54784,5.39244],[-75.54784,5.39244],[-75.54783,5.39245],[-75.54783,5.39245],[-75.54783,5.39245],[-75.54782,5.39245],[-75.54782,5.39245],[-75.54782,5.39245],[-75.54781,5.39245],[-75.54781,5.39245],[-75.5478,5.39246],[-75.5478,5.39246],[-75.5478,5.39246],[-75.54779,5.39247],[-75.54778,5.39249],[-75.54778,5.39249],[-75.54776,5.39249],[-75.54775,5.39249],[-75.54775,5.3925],[-75.54774,5.3925],[-75.54774,5.3925],[-75.54774,5.3925],[-75.54772,5.39252],[-75.54772,5.39252],[-75.5477,5.39252],[-75.5477,5.39252],[-75.54769,5.39252],[-75.54769,5.39252],[-75.54768,5.39252],[-75.54768,5.39252],[-75.54768,5.39252],[-75.54767,5.39253],[-75.54766,5.39253],[-75.54766,5.39253],[-75.54765,5.39253],[-75.54765,5.39253],[-75.54764,5.39253],[-75.54764,5.39254],[-75.54764,5.39254],[-75.54763,5.39254],[-75.54763,5.39254],[-75.54763,5.39254],[-75.54762,5.39254],[-75.54761,5.39255],[-75.54761,5.39255],[-75.5476,5.39256],[-75.54759,5.39256],[-75.54759,5.39256],[-75.54756,5.39256],[-75.54755,5.39256],[-75.54755,5.39256],[-75.54753,5.39256],[-75.54753,5.39256],[-75.54753,5.39256],[-75.54752,5.39256],[-75.54749,5.39257],[-75.54749,5.39257],[-75.54746,5.39257],[-75.54745,5.39257],[-75.54745,5.39258],[-75.54743,5.39258],[-75.54743,5.39258],[-75.54743,5.39258],[-75.54741,5.3926],[-75.5474,5.3926],[-75.54739,5.3926],[-75.54739,5.3926],[-75.54738,5.3926],[-75.54738,5.3926],[-75.54738,5.39259],[-75.54737,5.39259],[-75.54737,5.39259],[-75.54736,5.39259],[-75.54736,5.39259],[-75.54735,5.39259],[-75.54735,5.39259],[-75.54733,5.39259],[-75.54731,5.39258],[-75.54731,5.39258],[-75.54731,5.39258],[-75.54729,5.39258],[-75.54728,5.39258],[-75.54728,5.39258],[-75.54728,5.39258],[-75.54727,5.39258],[-75.54726,5.39258],[-75.54726,5.39258],[-75.54726,5.39258],[-75.54725,5.39259],[-75.54725,5.39259],[-75.54725,5.39259],[-75.54725,5.39259],[-75.54724,5.39259],[-75.54724,5.39259],[-75.54723,5.39259],[-75.54723,5.3926],[-75.54723,5.3926],[-75.54722,5.39261],[-75.54721,5.39261],[-75.5472,5.39262],[-75.54718,5.39262],[-75.54717,5.39262],[-75.54716,5.39261],[-75.54714,5.39261],[-75.54712,5.3926],[-75.54712,5.3926],[-75.54711,5.39259],[-75.54711,5.39259],[-75.54711,5.39259],[-75.5471,5.39259],[-75.5471,5.39259],[-75.54709,5.39259],[-75.54709,5.39259],[-75.54708,5.39259],[-75.54708,5.39259],[-75.54708,5.39259],[-75.54707,5.3926],[-75.54707,5.3926],[-75.54707,5.3926],[-75.54706,5.3926],[-75.54706,5.39261],[-75.54706,5.39261],[-75.54705,5.39261],[-75.54704,5.39262],[-75.54704,5.39262],[-75.54703,5.39262],[-75.54703,5.39262],[-75.54702,5.39262],[-75.54701,5.39261],[-75.54701,5.39261],[-75.54701,5.39261],[-75.547,5.39261],[-75.54699,5.39261],[-75.54699,5.39261],[-75.54699,5.3926],[-75.54698,5.3926],[-75.54698,5.3926],[-75.54697,5.3926],[-75.54697,5.3926],[-75.54697,5.3926],[-75.54696,5.3926],[-75.54696,5.39259],[-75.54695,5.3926],[-75.54692,5.3926],[-75.54692,5.39259],[-75.54691,5.39259],[-75.54691,5.39259],[-75.54691,5.39259],[-75.5469,5.39259],[-75.5469,5.39258],[-75.54689,5.39258],[-75.54689,5.39258],[-75.54687,5.39258],[-75.54687,5.39258],[-75.54685,5.39257],[-75.54684,5.39257],[-75.54684,5.39256],[-75.54683,5.39256],[-75.54683,5.39256],[-75.54682,5.39256],[-75.54682,5.39256],[-75.5468,5.39256],[-75.5468,5.39256],[-75.54679,5.39255],[-75.54679,5.39255],[-75.54678,5.39255],[-75.54672,5.39255],[-75.54672,5.39255],[-75.54671,5.39255],[-75.54671,5.39256],[-75.54671,5.39256],[-75.5467,5.39256],[-75.54668,5.39256],[-75.54668,5.39256],[-75.54668,5.39256],[-75.54667,5.39256],[-75.54666,5.39256],[-75.54666,5.39256],[-75.54666,5.39256],[-75.54665,5.39256],[-75.54665,5.39256],[-75.54664,5.39257],[-75.54664,5.39257],[-75.54664,5.39257],[-75.54663,5.39258],[-75.54663,5.39258],[-75.54663,5.39259],[-75.54663,5.39259],[-75.54663,5.3926],[-75.54663,5.3926],[-75.54664,5.3926],[-75.54664,5.39261],[-75.54664,5.39261],[-75.54665,5.39261],[-75.54665,5.39262],[-75.54666,5.39262],[-75.54666,5.39262],[-75.54666,5.39262],[-75.54667,5.39261],[-75.54667,5.39261],[-75.54668,5.39261],[-75.54671,5.39262],[-75.54671,5.39262],[-75.54672,5.39262],[-75.54672,5.39262],[-75.54673,5.39262],[-75.54673,5.39261],[-75.54673,5.39261],[-75.54674,5.39261],[-75.54674,5.39261],[-75.54678,5.39261],[-75.54678,5.39261],[-75.54679,5.39261],[-75.54679,5.39261],[-75.5468,5.39261],[-75.5468,5.39261],[-75.5468,5.39261],[-75.54682,5.39261],[-75.54683,5.39263],[-75.54684,5.39263],[-75.54684,5.39263],[-75.54685,5.39264],[-75.54685,5.39264],[-75.54686,5.39264],[-75.54686,5.39264],[-75.54687,5.39264],[-75.54687,5.39264],[-75.54687,5.39264],[-75.54689,5.39264],[-75.54689,5.39264],[-75.5469,5.39265],[-75.5469,5.39265],[-75.5469,5.39265],[-75.54692,5.39265],[-75.54692,5.39266],[-75.54692,5.39266],[-75.54693,5.39265],[-75.54696,5.39265],[-75.54696,5.39266],[-75.54697,5.39266],[-75.54697,5.39266],[-75.54698,5.39266],[-75.54698,5.39267],[-75.54698,5.39267],[-75.54699,5.39267],[-75.547,5.39267],[-75.547,5.39267],[-75.54701,5.39267],[-75.54702,5.39268],[-75.54702,5.39268],[-75.54702,5.39268],[-75.54703,5.39268],[-75.54704,5.39268],[-75.54704,5.39268],[-75.54705,5.39268],[-75.54705,5.39268],[-75.54706,5.39268],[-75.54706,5.39267],[-75.54707,5.39267],[-75.54707,5.39267],[-75.54707,5.39267],[-75.54709,5.39266],[-75.5471,5.39266],[-75.5471,5.39266],[-75.54711,5.39266],[-75.54711,5.39265],[-75.54711,5.39265],[-75.54712,5.39265],[-75.54712,5.39266],[-75.54714,5.39266],[-75.54714,5.39266],[-75.54716,5.39267],[-75.54716,5.39267],[-75.54716,5.39267],[-75.54718,5.39267],[-75.54718,5.39267],[-75.54719,5.39267],[-75.5472,5.39267],[-75.54721,5.39267],[-75.54721,5.39267],[-75.54722,5.39266],[-75.54723,5.39266],[-75.54723,5.39266],[-75.54724,5.39265],[-75.54725,5.39265],[-75.54725,5.39265],[-75.54726,5.39264],[-75.54726,5.39264],[-75.54727,5.39264],[-75.54727,5.39264],[-75.54728,5.39264],[-75.54728,5.39264],[-75.54728,5.39263],[-75.54729,5.39263],[-75.5473,5.39263],[-75.54732,5.39264],[-75.54733,5.39264],[-75.54733,5.39264],[-75.54733,5.39264],[-75.54735,5.39264],[-75.54735,5.39264],[-75.54735,5.39264],[-75.54736,5.39265],[-75.54737,5.39265],[-75.54737,5.39265],[-75.54737,5.39265],[-75.54739,5.39265],[-75.54739,5.39265],[-75.5474,5.39265],[-75.54741,5.39265],[-75.54741,5.39265],[-75.54742,5.39265],[-75.54743,5.39264],[-75.54744,5.39264],[-75.54744,5.39264],[-75.54746,5.39263],[-75.54746,5.39263],[-75.54749,5.39263],[-75.54749,5.39263],[-75.54751,5.39262],[-75.54751,5.39262],[-75.54751,5.39262],[-75.54754,5.39261],[-75.54755,5.39261],[-75.54758,5.39262],[-75.54759,5.39262],[-75.54759,5.39262],[-75.5476,5.39262],[-75.5476,5.39262],[-75.54761,5.39262],[-75.54761,5.39261],[-75.54762,5.39261],[-75.54762,5.39261],[-75.54763,5.39261],[-75.54763,5.3926],[-75.54763,5.3926],[-75.54764,5.39259],[-75.54765,5.39259],[-75.54765,5.39259],[-75.54765,5.39259],[-75.54766,5.39259],[-75.54766,5.39259],[-75.54767,5.39258],[-75.54768,5.39258],[-75.54768,5.39258],[-75.54769,5.39258],[-75.54769,5.39258],[-75.54769,5.39258],[-75.5477,5.39257],[-75.54772,5.39257],[-75.54772,5.39257],[-75.54772,5.39257],[-75.54773,5.39257],[-75.54773,5.39257],[-75.54774,5.39257],[-75.54774,5.39257],[-75.54775,5.39257],[-75.54775,5.39256],[-75.54775,5.39256],[-75.54777,5.39255],[-75.54777,5.39254],[-75.5478,5.39254],[-75.5478,5.39254],[-75.5478,5.39254],[-75.5478,5.39254],[-75.54781,5.39254],[-75.54782,5.39253],[-75.54782,5.39252],[-75.54782,5.39252],[-75.54784,5.3925],[-75.54784,5.3925],[-75.54785,5.3925],[-75.54785,5.3925],[-75.54786,5.3925],[-75.54786,5.3925],[-75.54786,5.39249],[-75.54787,5.39249],[-75.54788,5.39249],[-75.54788,5.39249],[-75.54788,5.39249],[-75.54789,5.39249],[-75.5479,5.39249],[-75.5479,5.39249],[-75.5479,5.39249],[-75.54791,5.39248],[-75.54791,5.39248],[-75.54791,5.39248],[-75.54793,5.39247],[-75.54793,5.39247],[-75.54794,5.39247],[-75.54794,5.39246],[-75.54794,5.39246],[-75.54794,5.39245],[-75.54795,5.39245],[-75.54795,5.39244],[-75.54795,5.39244],[-75.54795,5.39244],[-75.54795,5.39243],[-75.54796,5.39243],[-75.54796,5.39242],[-75.54796,5.39242],[-75.54796,5.39242],[-75.54796,5.39242],[-75.54799,5.39241],[-75.548,5.39241],[-75.548,5.39241],[-75.54801,5.39241],[-75.54802,5.39241],[-75.54802,5.3924],[-75.54803,5.3924],[-75.54804,5.39239],[-75.54805,5.39239],[-75.54805,5.39239],[-75.54805,5.39239],[-75.54806,5.39239],[-75.54808,5.39238],[-75.54808,5.39238],[-75.54812,5.39238],[-75.54812,5.39238],[-75.54812,5.39238],[-75.54814,5.39238],[-75.54814,5.39238],[-75.54814,5.39238],[-75.54815,5.39237],[-75.54815,5.39237],[-75.54815,5.39237],[-75.54816,5.39237],[-75.54817,5.39236],[-75.54817,5.39236],[-75.54818,5.39236],[-75.54818,5.39235],[-75.54819,5.39235],[-75.54819,5.39235],[-75.5482,5.39235],[-75.5482,5.39235],[-75.5482,5.39234],[-75.54821,5.39234],[-75.54821,5.39234],[-75.54822,5.39232],[-75.54822,5.39232],[-75.54825,5.39232],[-75.54825,5.39232],[-75.54825,5.39232],[-75.54826,5.39232],[-75.54826,5.39232],[-75.54827,5.39232],[-75.54827,5.39231],[-75.54828,5.39231],[-75.54828,5.39231],[-75.54828,5.3923],[-75.54829,5.39229],[-75.54829,5.39229],[-75.5483,5.39229],[-75.54833,5.39229],[-75.54833,5.39229],[-75.54833,5.39229],[-75.54835,5.39228],[-75.54835,5.39228],[-75.54835,5.39228],[-75.54835,5.39227],[-75.54836,5.39227],[-75.54837,5.39227],[-75.54838,5.39227],[-75.54838,5.39227],[-75.54839,5.39227],[-75.54839,5.39226],[-75.5484,5.39226],[-75.5484,5.39226],[-75.54841,5.39225],[-75.54841,5.39225],[-75.54841,5.39225],[-75.54842,5.39223],[-75.54844,5.39223],[-75.54844,5.39223],[-75.54845,5.39223],[-75.54845,5.39223],[-75.54846,5.39222],[-75.54846,5.39222],[-75.54847,5.39222],[-75.54848,5.39221],[-75.54848,5.3922],[-75.54848,5.3922],[-75.54849,5.39219],[-75.54849,5.39219],[-75.54849,5.39219],[-75.5485,5.39217],[-75.5485,5.39217],[-75.5485,5.39217],[-75.5485,5.39217],[-75.54851,5.39217],[-75.54851,5.39217],[-75.54852,5.39216],[-75.54852,5.39216],[-75.54852,5.39216],[-75.54853,5.39216],[-75.54853,5.39216],[-75.54853,5.39215],[-75.54854,5.39216],[-75.54855,5.39216],[-75.54855,5.39216],[-75.54855,5.39216],[-75.54857,5.39216],[-75.54857,5.39216],[-75.54858,5.39216],[-75.5486,5.39216],[-75.5486,5.39216],[-75.5486,5.39216],[-75.54862,5.39215],[-75.54862,5.39215],[-75.54863,5.39215],[-75.54865,5.39213],[-75.54865,5.39213],[-75.54869,5.39214],[-75.5487,5.39214],[-75.5487,5.39214],[-75.54871,5.39214],[-75.54871,5.39214],[-75.54872,5.39213],[-75.54872,5.39213],[-75.54873,5.39213],[-75.54873,5.39213],[-75.54873,5.39212],[-75.54873,5.39212],[-75.54874,5.39212],[-75.54877,5.39213],[-75.54878,5.39213],[-75.54878,5.39213],[-75.54879,5.39213],[-75.54879,5.39213],[-75.5488,5.39213],[-75.5488,5.39213],[-75.54881,5.39213],[-75.54881,5.39212],[-75.54881,5.39212],[-75.54882,5.39211],[-75.54882,5.39211],[-75.54884,5.39211],[-75.54884,5.39211],[-75.54887,5.39215],[-75.54887,5.39215],[-75.54887,5.39216],[-75.54888,5.39216],[-75.54888,5.39217],[-75.54888,5.39217],[-75.54889,5.39217],[-75.5489,5.39217],[-75.5489,5.39217],[-75.5489,5.39217],[-75.54891,5.39217],[-75.54891,5.39217],[-75.54891,5.39217],[-75.54893,5.39217],[-75.54893,5.39217],[-75.54893,5.39218],[-75.54894,5.39218],[-75.54895,5.39218],[-75.54895,5.39219],[-75.54895,5.39219],[-75.54894,5.3922],[-75.54893,5.39221],[-75.54892,5.39222],[-75.5489,5.39222],[-75.5489,5.39222],[-75.5489,5.39222],[-75.54889,5.39223],[-75.54889,5.39223],[-75.54889,5.39223],[-75.54889,5.39224],[-75.54888,5.39224],[-75.54888,5.39225],[-75.54888,5.39225],[-75.54888,5.39226],[-75.54889,5.39227],[-75.54888,5.39227],[-75.54888,5.39228],[-75.54888,5.39229],[-75.54888,5.39229],[-75.54887,5.39229],[-75.54887,5.39231],[-75.54887,5.39231],[-75.54887,5.39232],[-75.54888,5.39233],[-75.54888,5.39233],[-75.54888,5.39234],[-75.54889,5.39237],[-75.54889,5.39239],[-75.54889,5.3924],[-75.54889,5.3924],[-75.54888,5.39241],[-75.54888,5.39241],[-75.54888,5.39242],[-75.54888,5.39242],[-75.54888,5.39243],[-75.54887,5.39244],[-75.54888,5.39244],[-75.54888,5.39246],[-75.54888,5.39247],[-75.54887,5.39247],[-75.54886,5.3925],[-75.54886,5.3925],[-75.54886,5.3925],[-75.54885,5.39252],[-75.54885,5.39252],[-75.54885,5.39253],[-75.54885,5.39254],[-75.54885,5.39255],[-75.54884,5.39256],[-75.54883,5.39256],[-75.5488,5.39258],[-75.5488,5.39258],[-75.5488,5.39258],[-75.54878,5.3926],[-75.54878,5.3926],[-75.54878,5.3926],[-75.54876,5.39263],[-75.54875,5.39264],[-75.54875,5.39264],[-75.54874,5.39264],[-75.54873,5.39264],[-75.54873,5.39264],[-75.54873,5.39264],[-75.54872,5.39265],[-75.54871,5.39265],[-75.54871,5.39265],[-75.54871,5.39265],[-75.5487,5.39266],[-75.5487,5.39266],[-75.5487,5.39267],[-75.54869,5.39267],[-75.54869,5.39267],[-75.54869,5.39268],[-75.54869,5.39268],[-75.54869,5.39269],[-75.54869,5.39269],[-75.5487,5.3927],[-75.5487,5.39271],[-75.5487,5.39272],[-75.54844,5.39283],[-75.54841,5.39284],[-75.54826,5.39286],[-75.54826,5.39286],[-75.54816,5.39287],[-75.54816,5.39287],[-75.54815,5.39287],[-75.54811,5.39288],[-75.5481,5.39289],[-75.5481,5.39289],[-75.54809,5.39289],[-75.54809,5.39289],[-75.54809,5.3929],[-75.54809,5.3929],[-75.54809,5.39291],[-75.54809,5.39291],[-75.54809,5.39292],[-75.54809,5.39292],[-75.54809,5.39292],[-75.54809,5.39293],[-75.5481,5.39293],[-75.5481,5.39293],[-75.5481,5.39294],[-75.54811,5.39294],[-75.54811,5.39294],[-75.54812,5.39294],[-75.54812,5.39294],[-75.54817,5.39292],[-75.54827,5.39291],[-75.54841,5.3929],[-75.54842,5.3929],[-75.54842,5.3929],[-75.54846,5.39288],[-75.54846,5.39288],[-75.54864,5.3928],[-75.5485,5.39299]]],[[[-75.54852,5.39365],[-75.54852,5.39365],[-75.54852,5.39365],[-75.54847,5.39368],[-75.54847,5.39368],[-75.54846,5.39368],[-75.54845,5.39368],[-75.54845,5.39368],[-75.54845,5.39368],[-75.54844,5.39368],[-75.54843,5.39369],[-75.54843,5.39369],[-75.54843,5.39369],[-75.54841,5.39371],[-75.54839,5.39371],[-75.54839,5.39372],[-75.54838,5.39372],[-75.54838,5.39372],[-75.54838,5.39373],[-75.54837,5.39373],[-75.54836,5.39374],[-75.54835,5.39376],[-75.54831,5.39379],[-75.5483,5.39379],[-75.5483,5.39379],[-75.54829,5.3938],[-75.54829,5.39381],[-75.54829,5.39381],[-75.54828,5.39382],[-75.54828,5.39382],[-75.54828,5.39383],[-75.54828,5.39383],[-75.54828,5.39384],[-75.54828,5.39384],[-75.54828,5.39385],[-75.54829,5.39385],[-75.54829,5.39385],[-75.54829,5.39385],[-75.5483,5.39386],[-75.5483,5.39386],[-75.54831,5.39386],[-75.54831,5.39386],[-75.54832,5.39386],[-75.54832,5.39386],[-75.54832,5.39385],[-75.54833,5.39385],[-75.54833,5.39385],[-75.54833,5.39384],[-75.54833,5.39384],[-75.54834,5.39383],[-75.54838,5.3938],[-75.54838,5.3938],[-75.54839,5.3938],[-75.5484,5.39378],[-75.5484,5.39378],[-75.5484,5.39378],[-75.54841,5.39376],[-75.54842,5.39376],[-75.54844,5.39376],[-75.54844,5.39375],[-75.54844,5.39375],[-75.54845,5.39375],[-75.54846,5.39373],[-75.54846,5.39373],[-75.54847,5.39373],[-75.54848,5.39373],[-75.54848,5.39373],[-75.54848,5.39373],[-75.5485,5.39373],[-75.5485,5.39372],[-75.5485,5.39372],[-75.54855,5.39369],[-75.54856,5.39369],[-75.54859,5.39368],[-75.5486,5.39368],[-75.5486,5.39368],[-75.54861,5.39368],[-75.54861,5.39368],[-75.54861,5.39367],[-75.54862,5.39367],[-75.54867,5.39364],[-75.54867,5.39364],[-75.54867,5.39364],[-75.54868,5.39364],[-75.54869,5.39364],[-75.54869,5.39364],[-75.54869,5.39364],[-75.5487,5.39364],[-75.54871,5.39363],[-75.54871,5.39363],[-75.54871,5.39363],[-75.54873,5.39361],[-75.54873,5.39361],[-75.54875,5.39361],[-75.54875,5.39361],[-75.54876,5.39361],[-75.54876,5.39361],[-75.54877,5.39361],[-75.54877,5.39361],[-75.54877,5.3936],[-75.54879,5.39359],[-75.54879,5.39359],[-75.54881,5.39359],[-75.54882,5.39359],[-75.54882,5.39359],[-75.54883,5.39359],[-75.54883,5.39359],[-75.54884,5.39358],[-75.54884,5.39358],[-75.54884,5.39358],[-75.54887,5.39358],[-75.54887,5.39358],[-75.54887,5.39358],[-75.54888,5.39357],[-75.54889,5.39357],[-75.54889,5.39357],[-75.54889,5.39357],[-75.54891,5.39356],[-75.54891,5.39356],[-75.54894,5.39356],[-75.54894,5.39356],[-75.54894,5.39356],[-75.54896,5.39355],[-75.54896,5.39355],[-75.54897,5.39355],[-75.54897,5.39354],[-75.54897,5.39354],[-75.549,5.39355],[-75.549,5.39355],[-75.549,5.39355],[-75.54901,5.39354],[-75.54901,5.39354],[-75.54902,5.39354],[-75.54902,5.39354],[-75.54902,5.39354],[-75.54903,5.39354],[-75.54904,5.39352],[-75.54906,5.39353],[-75.54906,5.39353],[-75.54906,5.39353],[-75.54907,5.39353],[-75.54908,5.39352],[-75.54908,5.39352],[-75.54908,5.39352],[-75.5491,5.39352],[-75.5491,5.39351],[-75.5491,5.39351],[-75.54913,5.39349],[-75.54913,5.39349],[-75.54914,5.39348],[-75.54918,5.39347],[-75.54918,5.39347],[-75.54919,5.39347],[-75.5492,5.39346],[-75.5492,5.39346],[-75.54921,5.39346],[-75.54922,5.39345],[-75.54923,5.39345],[-75.54923,5.39345],[-75.54924,5.39345],[-75.54924,5.39344],[-75.54925,5.39344],[-75.54925,5.39344],[-75.54926,5.39344],[-75.54926,5.39344],[-75.54926,5.39344],[-75.54927,5.39343],[-75.54927,5.39343],[-75.54927,5.39343],[-75.54928,5.39343],[-75.54929,5.39342],[-75.54929,5.39342],[-75.54931,5.39341],[-75.54931,5.39341],[-75.54931,5.39341],[-75.54932,5.3934],[-75.54932,5.3934],[-75.54933,5.3934],[-75.54933,5.39339],[-75.54935,5.39339],[-75.54935,5.39339],[-75.54935,5.39339],[-75.54936,5.39339],[-75.54937,5.39339],[-75.54937,5.39339],[-75.54937,5.39338],[-75.54937,5.39338],[-75.54939,5.39337],[-75.5494,5.39337],[-75.5494,5.39337],[-75.5494,5.39337],[-75.54941,5.39337],[-75.54942,5.39337],[-75.54942,5.39337],[-75.54942,5.39337],[-75.54944,5.39336],[-75.54944,5.39335],[-75.54944,5.39335],[-75.54945,5.39335],[-75.54945,5.39334],[-75.54945,5.39334],[-75.54945,5.39333],[-75.54945,5.39333],[-75.54945,5.39332],[-75.54945,5.39332],[-75.54946,5.39332],[-75.54947,5.39331],[-75.54951,5.39331],[-75.54952,5.39331],[-75.54952,5.39331],[-75.54952,5.3933],[-75.54953,5.3933],[-75.54953,5.3933],[-75.54954,5.3933],[-75.54955,5.39328],[-75.54956,5.39328],[-75.54957,5.39328],[-75.54958,5.39328],[-75.54958,5.39328],[-75.54959,5.39328],[-75.54959,5.39328],[-75.5496,5.39328],[-75.5496,5.39327],[-75.5496,5.39327],[-75.54962,5.39326],[-75.54963,5.39326],[-75.54963,5.39326],[-75.54964,5.39326],[-75.54964,5.39326],[-75.54965,5.39325],[-75.54965,5.39325],[-75.54965,5.39325],[-75.54966,5.39324],[-75.54966,5.39324],[-75.54968,5.39324],[-75.54968,5.39324],[-75.54968,5.39324],[-75.54969,5.39323],[-75.5497,5.39322],[-75.54971,5.39322],[-75.54972,5.39322],[-75.54972,5.39322],[-75.54973,5.39322],[-75.54973,5.39322],[-75.54974,5.39321],[-75.54975,5.39321],[-75.54975,5.39321],[-75.54975,5.3932],[-75.54976,5.39319],[-75.54976,5.39319],[-75.54978,5.39316],[-75.54979,5.39315],[-75.5498,5.39315],[-75.5498,5.39315],[-75.54981,5.39315],[-75.54981,5.39315],[-75.54982,5.39315],[-75.54982,5.39315],[-75.54982,5.39315],[-75.54983,5.39315],[-75.54983,5.39314],[-75.54985,5.39313],[-75.54986,5.39313],[-75.54986,5.39313],[-75.54986,5.39313],[-75.54987,5.39312],[-75.54987,5.39312],[-75.54987,5.39312],[-75.54988,5.39312],[-75.54989,5.3931],[-75.54989,5.3931],[-75.54989,5.3931],[-75.5499,5.3931],[-75.5499,5.3931],[-75.5499,5.3931],[-75.54991,5.3931],[-75.54991,5.39309],[-75.54992,5.39309],[-75.54993,5.39308],[-75.54996,5.39307],[-75.54997,5.39307],[-75.54997,5.39307],[-75.54998,5.39306],[-75.54999,5.39306],[-75.54999,5.39306],[-75.54999,5.39306],[-75.55,5.39306],[-75.55,5.39306],[-75.55001,5.39305],[-75.55001,5.39305],[-75.55001,5.39305],[-75.55002,5.39305],[-75.55002,5.39304],[-75.55002,5.39304],[-75.55003,5.39303],[-75.55003,5.39303],[-75.55003,5.39303],[-75.55003,5.39302],[-75.55004,5.39301],[-75.55005,5.39301],[-75.55007,5.393],[-75.55008,5.393],[-75.55008,5.393],[-75.55009,5.39299],[-75.5501,5.39299],[-75.55011,5.39298],[-75.55011,5.39298],[-75.55011,5.39297],[-75.55015,5.39294],[-75.55015,5.39294],[-75.55018,5.39291],[-75.55018,5.39291],[-75.55018,5.39291],[-75.55022,5.39285],[-75.55024,5.39284],[-75.55025,5.39282],[-75.55027,5.39281],[-75.5503,5.3928],[-75.5503,5.3928],[-75.5503,5.3928],[-75.55031,5.3928],[-75.55031,5.39279],[-75.55031,5.39279],[-75.55032,5.39279],[-75.55032,5.39279],[-75.55033,5.39279],[-75.55033,5.39278],[-75.55033,5.39278],[-75.55034,5.39278],[-75.55034,5.39278],[-75.55034,5.39277],[-75.55034,5.39277],[-75.55034,5.39276],[-75.55034,5.39276],[-75.55035,5.39275],[-75.55037,5.39274],[-75.55037,5.39274],[-75.55038,5.39274],[-75.55038,5.39274],[-75.55038,5.39273],[-75.55039,5.39272],[-75.55039,5.39272],[-75.5504,5.39272],[-75.5504,5.39271],[-75.5504,5.39271],[-75.55041,5.39271],[-75.55041,5.3927],[-75.55041,5.3927],[-75.55041,5.39269],[-75.55041,5.39269],[-75.55041,5.39269],[-75.55041,5.39269],[-75.55042,5.39268],[-75.55043,5.39268],[-75.55043,5.39268],[-75.55043,5.39268],[-75.55044,5.39267],[-75.55046,5.39267],[-75.55046,5.39267],[-75.55047,5.39267],[-75.55047,5.39267],[-75.55048,5.39267],[-75.55048,5.39267],[-75.55049,5.39266],[-75.55049,5.39266],[-75.5505,5.39266],[-75.55051,5.39265],[-75.55051,5.39265],[-75.55051,5.39265],[-75.55054,5.39261],[-75.55054,5.39261],[-75.55054,5.39261],[-75.55054,5.39261],[-75.55055,5.39261],[-75.5506,5.39261],[-75.5506,5.39261],[-75.5506,5.39261],[-75.55062,5.39261],[-75.55062,5.39261],[-75.55062,5.39261],[-75.55063,5.39261],[-75.55064,5.3926],[-75.55064,5.3926],[-75.55065,5.39259],[-75.55066,5.39258],[-75.55066,5.39258],[-75.55066,5.39258],[-75.55066,5.39257],[-75.55066,5.39257],[-75.55066,5.39256],[-75.55066,5.39256],[-75.55066,5.39255],[-75.55066,5.39255],[-75.55065,5.39255],[-75.55065,5.39254],[-75.55064,5.39254],[-75.55064,5.39254],[-75.55064,5.39254],[-75.55063,5.39254],[-75.55063,5.39254],[-75.55062,5.39254],[-75.55062,5.39255],[-75.55062,5.39255],[-75.5506,5.39256],[-75.5506,5.39256],[-75.5506,5.39256],[-75.55055,5.39255],[-75.55055,5.39255],[-75.55054,5.39255],[-75.55053,5.39255],[-75.55053,5.39255],[-75.55052,5.39256],[-75.55052,5.39256],[-75.55052,5.39256],[-75.55051,5.39256],[-75.55051,5.39257],[-75.5505,5.39257],[-75.5505,5.39257],[-75.5505,5.39258],[-75.55049,5.39258],[-75.55047,5.39261],[-75.55047,5.39261],[-75.55046,5.39261],[-75.55044,5.39261],[-75.55044,5.39261],[-75.55044,5.39261],[-75.55043,5.39261],[-75.55042,5.39262],[-75.55042,5.39262],[-75.55042,5.39262],[-75.55041,5.39262],[-75.5504,5.39264],[-75.55039,5.39264],[-75.55039,5.39264],[-75.55039,5.39264],[-75.55038,5.39264],[-75.55037,5.39265],[-75.55037,5.39266],[-75.55037,5.39266],[-75.55036,5.39266],[-75.55036,5.39267],[-75.55036,5.39268],[-75.55035,5.39268],[-75.55035,5.39268],[-75.55035,5.39268],[-75.55034,5.3927],[-75.55032,5.39271],[-75.55032,5.39271],[-75.55032,5.39271],[-75.55031,5.39272],[-75.5503,5.39272],[-75.5503,5.39272],[-75.5503,5.39273],[-75.5503,5.39273],[-75.55029,5.39274],[-75.55029,5.39274],[-75.55029,5.39274],[-75.55029,5.39274],[-75.55028,5.39275],[-75.55027,5.39275],[-75.55025,5.39276],[-75.55025,5.39276],[-75.55025,5.39276],[-75.55023,5.39277],[-75.55022,5.39278],[-75.5502,5.3928],[-75.5502,5.3928],[-75.55018,5.39282],[-75.55018,5.39282],[-75.55014,5.39287],[-75.55012,5.3929],[-75.55008,5.39293],[-75.55007,5.39294],[-75.55006,5.39295],[-75.55003,5.39295],[-75.55003,5.39296],[-75.55003,5.39296],[-75.55002,5.39296],[-75.55001,5.39296],[-75.55001,5.39296],[-75.54999,5.39298],[-75.54999,5.39298],[-75.54999,5.39298],[-75.54998,5.39299],[-75.54998,5.39299],[-75.54998,5.393],[-75.54997,5.393],[-75.54997,5.393],[-75.54997,5.393],[-75.54996,5.393],[-75.54996,5.39301],[-75.54996,5.39301],[-75.54994,5.39302],[-75.54991,5.39303],[-75.5499,5.39303],[-75.5499,5.39304],[-75.5499,5.39304],[-75.54988,5.39305],[-75.54988,5.39305],[-75.54988,5.39305],[-75.54987,5.39305],[-75.54987,5.39305],[-75.54987,5.39305],[-75.54986,5.39305],[-75.54986,5.39306],[-75.54985,5.39306],[-75.54985,5.39307],[-75.54984,5.39308],[-75.54983,5.39308],[-75.54982,5.39308],[-75.54982,5.39308],[-75.54982,5.39309],[-75.5498,5.3931],[-75.54978,5.3931],[-75.54978,5.3931],[-75.54978,5.3931],[-75.54977,5.3931],[-75.54976,5.3931],[-75.54976,5.39311],[-75.54976,5.39311],[-75.54975,5.39312],[-75.54974,5.39312],[-75.54974,5.39312],[-75.54972,5.39316],[-75.54971,5.39316],[-75.54971,5.39317],[-75.54971,5.39317],[-75.5497,5.39317],[-75.54969,5.39317],[-75.54969,5.39317],[-75.54969,5.39317],[-75.54968,5.39317],[-75.54968,5.39317],[-75.54967,5.39318],[-75.54966,5.39319],[-75.54964,5.39319],[-75.54964,5.39319],[-75.54964,5.39319],[-75.54963,5.3932],[-75.54963,5.3932],[-75.54962,5.3932],[-75.54962,5.39321],[-75.54961,5.39321],[-75.54961,5.39321],[-75.5496,5.39321],[-75.5496,5.39321],[-75.54959,5.39321],[-75.54959,5.39321],[-75.54958,5.39322],[-75.54957,5.39323],[-75.54956,5.39323],[-75.54956,5.39323],[-75.54956,5.39323],[-75.54955,5.39323],[-75.54954,5.39323],[-75.54954,5.39323],[-75.54954,5.39323],[-75.54953,5.39323],[-75.54953,5.39323],[-75.54952,5.39324],[-75.5495,5.39325],[-75.5495,5.39325],[-75.54947,5.39326],[-75.54946,5.39326],[-75.54946,5.39326],[-75.54944,5.39327],[-75.54943,5.39327],[-75.54943,5.39327],[-75.54942,5.39328],[-75.54941,5.39328],[-75.54941,5.39328],[-75.5494,5.39329],[-75.5494,5.3933],[-75.5494,5.3933],[-75.5494,5.3933],[-75.5494,5.39331],[-75.54939,5.39332],[-75.54939,5.39332],[-75.54938,5.39332],[-75.54938,5.39332],[-75.54938,5.39332],[-75.54937,5.39332],[-75.54936,5.39332],[-75.54936,5.39332],[-75.54936,5.39332],[-75.54935,5.39332],[-75.54934,5.39334],[-75.54933,5.39334],[-75.54932,5.39334],[-75.54932,5.39334],[-75.54931,5.39334],[-75.54931,5.39334],[-75.5493,5.39334],[-75.5493,5.39335],[-75.54929,5.39336],[-75.54929,5.39336],[-75.54927,5.39336],[-75.54927,5.39336],[-75.54927,5.39337],[-75.54926,5.39337],[-75.54925,5.39337],[-75.54925,5.39337],[-75.54925,5.39338],[-75.54924,5.39338],[-75.54924,5.39338],[-75.54923,5.39339],[-75.54923,5.39339],[-75.54923,5.39339],[-75.54922,5.39339],[-75.54921,5.3934],[-75.5492,5.3934],[-75.54919,5.3934],[-75.54919,5.3934],[-75.54919,5.3934],[-75.54918,5.39341],[-75.54917,5.39342],[-75.54916,5.39342],[-75.54913,5.39343],[-75.54913,5.39343],[-75.54911,5.39344],[-75.54911,5.39344],[-75.54911,5.39344],[-75.5491,5.39345],[-75.54909,5.39345],[-75.54907,5.39347],[-75.54906,5.39347],[-75.54906,5.39347],[-75.54904,5.39347],[-75.54904,5.39347],[-75.54903,5.39347],[-75.54902,5.39347],[-75.54902,5.39347],[-75.54901,5.39347],[-75.54901,5.39348],[-75.54901,5.39348],[-75.549,5.39349],[-75.54898,5.39349],[-75.54897,5.39349],[-75.54897,5.39349],[-75.54896,5.39349],[-75.54896,5.39349],[-75.54895,5.39349],[-75.54895,5.39349],[-75.54894,5.3935],[-75.54893,5.3935],[-75.54891,5.3935],[-75.5489,5.3935],[-75.5489,5.39351],[-75.54889,5.39351],[-75.54888,5.39351],[-75.54888,5.39351],[-75.54887,5.39352],[-75.54886,5.39352],[-75.54884,5.39352],[-75.54884,5.39352],[-75.54883,5.39352],[-75.54883,5.39352],[-75.54882,5.39353],[-75.54882,5.39353],[-75.54881,5.39353],[-75.54881,5.39353],[-75.54881,5.39354],[-75.54879,5.39354],[-75.54879,5.39354],[-75.54878,5.39354],[-75.54877,5.39354],[-75.54877,5.39354],[-75.54875,5.39355],[-75.54874,5.39355],[-75.54873,5.39355],[-75.54873,5.39355],[-75.54872,5.39355],[-75.54872,5.39355],[-75.54872,5.39356],[-75.54871,5.39356],[-75.5487,5.39356],[-75.5487,5.39356],[-75.5487,5.39357],[-75.54868,5.39358],[-75.54867,5.39359],[-75.54867,5.39359],[-75.54866,5.39359],[-75.54866,5.39359],[-75.54865,5.39359],[-75.54865,5.39359],[-75.54865,5.39359],[-75.54859,5.39363],[-75.54859,5.39363],[-75.54858,5.39363],[-75.54855,5.39364],[-75.54855,5.39364],[-75.54854,5.39364],[-75.54852,5.39365]]],[[[-75.55052,5.39344],[-75.55051,5.39346],[-75.55051,5.39348],[-75.5505,5.39349],[-75.55049,5.39349],[-75.55049,5.3935],[-75.55049,5.3935],[-75.55049,5.39351],[-75.55049,5.39351],[-75.55049,5.39352],[-75.55049,5.39352],[-75.55049,5.39353],[-75.55049,5.39356],[-75.55049,5.39357],[-75.55049,5.39358],[-75.55048,5.39358],[-75.55047,5.39359],[-75.55047,5.39359],[-75.55046,5.3936],[-75.55046,5.39361],[-75.55046,5.39361],[-75.55045,5.39361],[-75.55045,5.39362],[-75.55045,5.39362],[-75.55045,5.39363],[-75.55044,5.39365],[-75.55044,5.39365],[-75.55044,5.39365],[-75.55043,5.39366],[-75.55043,5.39366],[-75.55042,5.39367],[-75.55042,5.39368],[-75.55042,5.39368],[-75.55042,5.39369],[-75.55042,5.3937],[-75.55042,5.39371],[-75.55042,5.39371],[-75.55042,5.39373],[-75.55042,5.39373],[-75.55042,5.39373],[-75.55042,5.39375],[-75.55042,5.39375],[-75.55042,5.39375],[-75.55041,5.39375],[-75.55041,5.39377],[-75.5504,5.39377],[-75.5504,5.39377],[-75.5504,5.39378],[-75.5504,5.39379],[-75.55039,5.3938],[-75.55039,5.3938],[-75.55039,5.3938],[-75.55038,5.3938],[-75.55038,5.3938],[-75.55037,5.3938],[-75.55036,5.39381],[-75.55036,5.39382],[-75.55035,5.39382],[-75.55035,5.39383],[-75.55035,5.39383],[-75.55035,5.39383],[-75.55034,5.39384],[-75.55034,5.39385],[-75.55034,5.39385],[-75.55034,5.39386],[-75.55034,5.39386],[-75.55034,5.39386],[-75.55033,5.39386],[-75.55033,5.39387],[-75.55033,5.39387],[-75.55033,5.39388],[-75.55033,5.39388],[-75.55033,5.39388],[-75.55033,5.39389],[-75.55033,5.39389],[-75.5503,5.39391],[-75.55029,5.39392],[-75.55029,5.39392],[-75.55029,5.39392],[-75.55028,5.39393],[-75.55028,5.39393],[-75.55028,5.39394],[-75.55028,5.39394],[-75.55027,5.39395],[-75.55027,5.39396],[-75.55027,5.39396],[-75.55027,5.39398],[-75.55027,5.39399],[-75.55027,5.39399],[-75.55024,5.39401],[-75.55024,5.39401],[-75.55023,5.39401],[-75.55023,5.39402],[-75.55022,5.39403],[-75.55022,5.39403],[-75.55022,5.39404],[-75.55022,5.39405],[-75.55021,5.39405],[-75.55018,5.39408],[-75.55017,5.39408],[-75.55017,5.39408],[-75.55016,5.39409],[-75.55016,5.3941],[-75.55016,5.3941],[-75.55016,5.39411],[-75.55016,5.39411],[-75.55016,5.39412],[-75.55016,5.39412],[-75.55014,5.39414],[-75.55014,5.39414],[-75.55013,5.39414],[-75.55013,5.39415],[-75.55012,5.39416],[-75.55012,5.39416],[-75.55012,5.39416],[-75.55012,5.39417],[-75.55012,5.39419],[-75.55012,5.3942],[-75.55011,5.3942],[-75.5501,5.39422],[-75.55007,5.39424],[-75.55007,5.39424],[-75.55002,5.39429],[-75.55002,5.39429],[-75.55002,5.39429],[-75.55001,5.39431],[-75.55001,5.39431],[-75.55,5.39431],[-75.55,5.39433],[-75.55,5.39433],[-75.55,5.39434],[-75.54999,5.39436],[-75.54999,5.39436],[-75.54998,5.39437],[-75.54997,5.39437],[-75.54997,5.39437],[-75.54997,5.39437],[-75.54995,5.39438],[-75.54995,5.39438],[-75.54995,5.39438],[-75.54994,5.39439],[-75.54994,5.39439],[-75.54994,5.39439],[-75.54993,5.3944],[-75.54992,5.39441],[-75.54992,5.39441],[-75.54992,5.39442],[-75.54991,5.39442],[-75.54991,5.39443],[-75.54991,5.39443],[-75.54991,5.39444],[-75.54991,5.39444],[-75.54991,5.39444],[-75.54991,5.39445],[-75.54992,5.39445],[-75.54992,5.39446],[-75.54992,5.39446],[-75.54993,5.39446],[-75.54993,5.39446],[-75.54994,5.39446],[-75.54994,5.39446],[-75.54994,5.39446],[-75.54995,5.39446],[-75.54995,5.39446],[-75.54996,5.39445],[-75.54996,5.39445],[-75.54997,5.39444],[-75.54997,5.39443],[-75.54998,5.39443],[-75.54999,5.39442],[-75.55,5.39442],[-75.55,5.39442],[-75.55001,5.39442],[-75.55002,5.3944],[-75.55003,5.3944],[-75.55003,5.3944],[-75.55004,5.39438],[-75.55004,5.39438],[-75.55004,5.39438],[-75.55004,5.39437],[-75.55005,5.39435],[-75.55005,5.39434],[-75.55006,5.39433],[-75.55011,5.39428],[-75.55014,5.39426],[-75.55014,5.39425],[-75.55016,5.39424],[-75.55016,5.39424],[-75.55016,5.39424],[-75.55017,5.39422],[-75.55017,5.39422],[-75.55017,5.39422],[-75.55017,5.39421],[-75.55017,5.39421],[-75.55018,5.3942],[-75.55018,5.3942],[-75.55018,5.39418],[-75.55019,5.39416],[-75.5502,5.39416],[-75.5502,5.39416],[-75.5502,5.39415],[-75.55021,5.39414],[-75.55021,5.39414],[-75.55021,5.39414],[-75.55021,5.39413],[-75.55021,5.39412],[-75.55021,5.39412],[-75.55021,5.39412],[-75.55025,5.39409],[-75.55025,5.39409],[-75.55025,5.39409],[-75.55026,5.39408],[-75.55026,5.39408],[-75.55026,5.39408],[-75.55027,5.39407],[-75.55027,5.39406],[-75.55027,5.39406],[-75.55027,5.39405],[-75.55027,5.39405],[-75.5503,5.39403],[-75.5503,5.39403],[-75.55031,5.39403],[-75.55031,5.39402],[-75.55031,5.39402],[-75.55032,5.39402],[-75.55032,5.39401],[-75.55032,5.394],[-75.55032,5.394],[-75.55033,5.39399],[-75.55033,5.39399],[-75.55033,5.39399],[-75.55033,5.39396],[-75.55033,5.39396],[-75.55033,5.39396],[-75.55033,5.39396],[-75.55036,5.39393],[-75.55037,5.39393],[-75.55037,5.39392],[-75.55038,5.39392],[-75.55038,5.39391],[-75.55038,5.39391],[-75.55038,5.3939],[-75.55038,5.3939],[-75.55038,5.39389],[-75.55039,5.39389],[-75.55039,5.39389],[-75.55039,5.39388],[-75.55039,5.39388],[-75.5504,5.39387],[-75.5504,5.39387],[-75.5504,5.39386],[-75.5504,5.39385],[-75.5504,5.39385],[-75.55041,5.39385],[-75.55041,5.39385],[-75.55042,5.39385],[-75.55042,5.39384],[-75.55042,5.39384],[-75.55043,5.39384],[-75.55043,5.39384],[-75.55043,5.39383],[-75.55045,5.39382],[-75.55045,5.39381],[-75.55045,5.39381],[-75.55045,5.39381],[-75.55045,5.39379],[-75.55045,5.39379],[-75.55046,5.39379],[-75.55046,5.39379],[-75.55047,5.39379],[-75.55047,5.39379],[-75.55047,5.39378],[-75.55048,5.39378],[-75.55048,5.39378],[-75.55048,5.39377],[-75.55048,5.39377],[-75.55048,5.39376],[-75.55048,5.39376],[-75.55048,5.39375],[-75.55048,5.39375],[-75.55048,5.39374],[-75.55047,5.39372],[-75.55047,5.39371],[-75.55047,5.39369],[-75.55047,5.39369],[-75.55047,5.39369],[-75.55049,5.39367],[-75.55049,5.39367],[-75.5505,5.39367],[-75.5505,5.39367],[-75.5505,5.39366],[-75.55051,5.39365],[-75.55051,5.39365],[-75.55051,5.39365],[-75.55051,5.39364],[-75.55051,5.39363],[-75.55052,5.39362],[-75.55052,5.39362],[-75.55052,5.39362],[-75.55053,5.39361],[-75.55053,5.39361],[-75.55053,5.3936],[-75.55054,5.39359],[-75.55054,5.39358],[-75.55054,5.39358],[-75.55055,5.39356],[-75.55055,5.39356],[-75.55055,5.39356],[-75.55054,5.39352],[-75.55054,5.39352],[-75.55055,5.3935],[-75.55055,5.3935],[-75.55056,5.3935],[-75.55056,5.39348],[-75.55057,5.39347],[-75.55057,5.39347],[-75.55057,5.39344],[-75.55057,5.39344],[-75.55057,5.39344],[-75.55057,5.39341],[-75.55057,5.39341],[-75.55057,5.39341],[-75.55056,5.39339],[-75.55057,5.39339],[-75.55057,5.39338],[-75.55057,5.39338],[-75.55057,5.39338],[-75.55057,5.39338],[-75.55057,5.39338],[-75.55058,5.39337],[-75.55058,5.39336],[-75.55059,5.39336],[-75.55059,5.39336],[-75.5506,5.39335],[-75.55063,5.39336],[-75.55063,5.39336],[-75.55063,5.39336],[-75.55063,5.39336],[-75.55063,5.39335],[-75.55065,5.39335],[-75.55065,5.39335],[-75.55065,5.39335],[-75.55065,5.39335],[-75.55065,5.39335],[-75.55065,5.39335],[-75.55066,5.39335],[-75.55069,5.39333],[-75.55069,5.39333],[-75.55069,5.39333],[-75.55069,5.39335],[-75.55069,5.39337],[-75.55069,5.39339],[-75.55068,5.3934],[-75.55068,5.3934],[-75.55067,5.39341],[-75.55067,5.39341],[-75.55067,5.39342],[-75.55067,5.39342],[-75.55067,5.39343],[-75.55067,5.39343],[-75.55067,5.39343],[-75.55066,5.39344],[-75.55066,5.39345],[-75.55066,5.39345],[-75.55066,5.39345],[-75.55066,5.39346],[-75.55066,5.39347],[-75.55066,5.39347],[-75.55066,5.39348],[-75.55066,5.39348],[-75.55066,5.39348],[-75.55067,5.39352],[-75.55067,5.39352],[-75.55067,5.39353],[-75.55066,5.39354],[-75.55066,5.39354],[-75.55066,5.39354],[-75.55065,5.39356],[-75.55065,5.39356],[-75.55065,5.39357],[-75.55065,5.39359],[-75.55065,5.39359],[-75.55065,5.39359],[-75.55065,5.39361],[-75.55065,5.39361],[-75.55065,5.39361],[-75.55066,5.39366],[-75.55066,5.39368],[-75.55066,5.39368],[-75.55066,5.39369],[-75.55065,5.39371],[-75.55064,5.39371],[-75.55064,5.39371],[-75.55064,5.39372],[-75.55064,5.39372],[-75.55063,5.39373],[-75.55063,5.39373],[-75.55063,5.39374],[-75.55063,5.39375],[-75.55063,5.39375],[-75.55062,5.39376],[-75.55062,5.39376],[-75.55062,5.39376],[-75.55062,5.39377],[-75.55062,5.39377],[-75.55062,5.39378],[-75.55062,5.39378],[-75.55063,5.39379],[-75.55063,5.39379],[-75.55063,5.39379],[-75.55064,5.39379],[-75.55064,5.3938],[-75.55065,5.3938],[-75.55065,5.3938],[-75.55066,5.39379],[-75.55066,5.39379],[-75.55066,5.39379],[-75.55067,5.39379],[-75.55068,5.39378],[-75.55068,5.39378],[-75.55068,5.39377],[-75.55069,5.39376],[-75.55069,5.39376],[-75.55069,5.39375],[-75.55069,5.39375],[-75.55069,5.39374],[-75.5507,5.39372],[-75.55071,5.39372],[-75.55071,5.39372],[-75.55071,5.39372],[-75.55071,5.3937],[-75.55072,5.3937],[-75.55072,5.39369],[-75.55072,5.39368],[-75.55072,5.39368],[-75.55072,5.39367],[-75.55072,5.39365],[-75.55072,5.39365],[-75.55072,5.39365],[-75.55071,5.3936],[-75.5507,5.39359],[-75.5507,5.39357],[-75.55071,5.39356],[-75.55072,5.39355],[-75.55072,5.39355],[-75.55072,5.39355],[-75.55072,5.39354],[-75.55072,5.39353],[-75.55072,5.39353],[-75.55072,5.39352],[-75.55072,5.39351],[-75.55072,5.39351],[-75.55071,5.39347],[-75.55071,5.39347],[-75.55071,5.39347],[-75.55071,5.39346],[-75.55072,5.39346],[-75.55072,5.39346],[-75.55072,5.39346],[-75.55072,5.39345],[-75.55072,5.39345],[-75.55072,5.39345],[-75.55073,5.39344],[-75.55073,5.39344],[-75.55072,5.39343],[-75.55073,5.39342],[-75.55073,5.39341],[-75.55074,5.39341],[-75.55074,5.39339],[-75.55075,5.39338],[-75.55075,5.39338],[-75.55075,5.39336],[-75.55075,5.39335],[-75.55075,5.39335],[-75.55075,5.39332],[-75.55074,5.39332],[-75.55074,5.39332],[-75.55074,5.39331],[-75.55074,5.39331],[-75.55074,5.39331],[-75.55075,5.39331],[-75.55075,5.39331],[-75.55075,5.3933],[-75.55075,5.3933],[-75.55075,5.3933],[-75.55075,5.3933],[-75.55075,5.3933],[-75.55075,5.3933],[-75.55075,5.3933],[-75.55075,5.39329],[-75.55076,5.39329],[-75.55076,5.39329],[-75.55076,5.39329],[-75.55076,5.39329],[-75.55076,5.39329],[-75.55075,5.39328],[-75.55075,5.39328],[-75.55075,5.39328],[-75.55075,5.39328],[-75.55075,5.39328],[-75.55075,5.39328],[-75.55075,5.39327],[-75.55075,5.39327],[-75.55075,5.39327],[-75.55075,5.39327],[-75.55075,5.39327],[-75.55074,5.39327],[-75.55074,5.39327],[-75.55074,5.39327],[-75.55074,5.39327],[-75.55074,5.39326],[-75.55074,5.39326],[-75.55074,5.39326],[-75.55073,5.39326],[-75.55073,5.39326],[-75.55073,5.39326],[-75.55073,5.39326],[-75.55073,5.39326],[-75.55072,5.39326],[-75.55072,5.39326],[-75.55072,5.39326],[-75.55072,5.39326],[-75.55072,5.39326],[-75.55072,5.39327],[-75.55071,5.39327],[-75.55071,5.39327],[-75.55071,5.39327],[-75.55071,5.39327],[-75.55071,5.39327],[-75.55071,5.39327],[-75.55071,5.39327],[-75.55071,5.39327],[-75.55071,5.39327],[-75.55071,5.39327],[-75.5507,5.39327],[-75.55069,5.39328],[-75.55069,5.39328],[-75.55068,5.39328],[-75.55068,5.39328],[-75.55067,5.39328],[-75.55067,5.39328],[-75.55066,5.39328],[-75.55066,5.39328],[-75.55066,5.39328],[-75.55063,5.3933],[-75.55063,5.3933],[-75.55059,5.3933],[-75.55059,5.3933],[-75.55059,5.3933],[-75.55059,5.3933],[-75.55059,5.3933],[-75.55059,5.3933],[-75.55057,5.3933],[-75.55057,5.3933],[-75.55057,5.3933],[-75.55057,5.39331],[-75.55057,5.39331],[-75.55057,5.39331],[-75.55056,5.39331],[-75.55055,5.39331],[-75.55055,5.39331],[-75.55055,5.39332],[-75.55055,5.39332],[-75.55055,5.39332],[-75.55054,5.39332],[-75.55054,5.39332],[-75.55054,5.39333],[-75.55054,5.39333],[-75.55054,5.39333],[-75.55054,5.39333],[-75.55053,5.39334],[-75.55053,5.39334],[-75.55053,5.39335],[-75.55053,5.39335],[-75.55052,5.39336],[-75.5505,5.39336],[-75.5505,5.39336],[-75.5505,5.39336],[-75.5505,5.39336],[-75.5505,5.39336],[-75.5505,5.39337],[-75.55049,5.39337],[-75.55049,5.39337],[-75.55048,5.39338],[-75.55048,5.39338],[-75.55048,5.39338],[-75.55048,5.39338],[-75.55046,5.39339],[-75.55046,5.39339],[-75.55046,5.3934],[-75.55046,5.3934],[-75.55046,5.3934],[-75.55045,5.39341],[-75.55045,5.39341],[-75.55045,5.39341],[-75.55045,5.39342],[-75.55045,5.39342],[-75.55045,5.39342],[-75.55044,5.39344],[-75.55043,5.39346],[-75.55042,5.39347],[-75.55041,5.39348],[-75.55039,5.39349],[-75.55039,5.39349],[-75.55039,5.39349],[-75.55039,5.3935],[-75.55038,5.3935],[-75.55038,5.3935],[-75.55038,5.3935],[-75.55038,5.3935],[-75.55038,5.3935],[-75.55038,5.3935],[-75.55038,5.39351],[-75.55038,5.39351],[-75.55038,5.39351],[-75.55038,5.39351],[-75.55038,5.39351],[-75.55038,5.39351],[-75.55038,5.39352],[-75.55038,5.39352],[-75.55038,5.39352],[-75.55038,5.39352],[-75.55038,5.39352],[-75.55038,5.39352],[-75.55038,5.39353],[-75.55038,5.39353],[-75.55038,5.39353],[-75.55038,5.39353],[-75.55038,5.39353],[-75.55038,5.39353],[-75.55038,5.39354],[-75.55039,5.39354],[-75.55039,5.39354],[-75.55039,5.39354],[-75.55039,5.39354],[-75.55039,5.39354],[-75.55039,5.39354],[-75.5504,5.39354],[-75.5504,5.39354],[-75.5504,5.39354],[-75.5504,5.39354],[-75.5504,5.39354],[-75.5504,5.39354],[-75.55041,5.39354],[-75.55041,5.39354],[-75.55041,5.39354],[-75.55041,5.39354],[-75.55041,5.39354],[-75.55041,5.39354],[-75.55042,5.39354],[-75.55042,5.39354],[-75.55042,5.39354],[-75.55044,5.39353],[-75.55044,5.39353],[-75.55044,5.39352],[-75.55044,5.39352],[-75.55046,5.39351],[-75.55046,5.39351],[-75.55046,5.39351],[-75.55046,5.39351],[-75.55046,5.39351],[-75.55048,5.39349],[-75.55048,5.39349],[-75.55048,5.39349],[-75.55048,5.39349],[-75.55048,5.39349],[-75.55049,5.39347],[-75.55049,5.39346],[-75.55049,5.39346],[-75.55049,5.39346],[-75.55049,5.39346],[-75.5505,5.39344],[-75.55051,5.39343],[-75.55051,5.39342],[-75.55052,5.39344]]],[[[-75.55078,5.39574],[-75.55078,5.39574],[-75.55078,5.39575],[-75.55079,5.39575],[-75.5508,5.39575],[-75.5508,5.39575],[-75.55082,5.39577],[-75.55082,5.39578],[-75.55082,5.39578],[-75.55083,5.39579],[-75.55084,5.39579],[-75.55084,5.39579],[-75.55088,5.3958],[-75.55091,5.39582],[-75.55094,5.39584],[-75.55096,5.39586],[-75.55098,5.39587],[-75.551,5.39589],[-75.55101,5.39591],[-75.55102,5.39592],[-75.55102,5.39594],[-75.55102,5.39596],[-75.55102,5.39596],[-75.55102,5.39596],[-75.55102,5.39597],[-75.55102,5.39597],[-75.55103,5.39598],[-75.55103,5.39598],[-75.55103,5.39598],[-75.55104,5.39599],[-75.55106,5.396],[-75.55105,5.39602],[-75.55105,5.39602],[-75.55105,5.39602],[-75.55105,5.39603],[-75.55106,5.39603],[-75.55106,5.39604],[-75.55106,5.39604],[-75.55106,5.39604],[-75.55106,5.39605],[-75.55106,5.39605],[-75.55106,5.39605],[-75.55106,5.39605],[-75.55107,5.39606],[-75.55107,5.39606],[-75.55107,5.39607],[-75.55107,5.39607],[-75.55107,5.39607],[-75.55107,5.39611],[-75.55107,5.39611],[-75.55107,5.39612],[-75.55107,5.39612],[-75.55107,5.39613],[-75.55107,5.39613],[-75.55108,5.39614],[-75.55108,5.39614],[-75.55108,5.39614],[-75.55108,5.39617],[-75.55107,5.39617],[-75.55107,5.39617],[-75.55108,5.39618],[-75.55108,5.39619],[-75.55108,5.39619],[-75.55108,5.39619],[-75.55108,5.3962],[-75.55108,5.3962],[-75.55108,5.3962],[-75.55109,5.3962],[-75.55109,5.39621],[-75.55109,5.39625],[-75.55109,5.39625],[-75.55109,5.39626],[-75.55109,5.39626],[-75.55109,5.39627],[-75.55109,5.39627],[-75.5511,5.39628],[-75.5511,5.39628],[-75.5511,5.39628],[-75.55109,5.39629],[-75.55109,5.39629],[-75.5511,5.39629],[-75.5511,5.3963],[-75.5511,5.3963],[-75.5511,5.39631],[-75.5511,5.39631],[-75.5511,5.39631],[-75.55111,5.39632],[-75.55111,5.39632],[-75.55111,5.39633],[-75.55111,5.39635],[-75.55111,5.39635],[-75.5511,5.39635],[-75.5511,5.39635],[-75.5511,5.39635],[-75.5511,5.39635],[-75.55109,5.39636],[-75.55109,5.39636],[-75.55109,5.39636],[-75.55109,5.39637],[-75.55109,5.39637],[-75.55109,5.39638],[-75.55109,5.39638],[-75.55109,5.39639],[-75.55109,5.39639],[-75.55109,5.3964],[-75.55109,5.3964],[-75.55109,5.3964],[-75.5511,5.39641],[-75.5511,5.39641],[-75.55111,5.39642],[-75.55111,5.39642],[-75.55111,5.39643],[-75.55111,5.39645],[-75.55111,5.39645],[-75.5511,5.39646],[-75.55109,5.39647],[-75.55109,5.39647],[-75.55109,5.39647],[-75.55109,5.39648],[-75.55109,5.39649],[-75.55109,5.39649],[-75.55109,5.3965],[-75.55109,5.3965],[-75.55109,5.39652],[-75.55109,5.39652],[-75.55109,5.39652],[-75.55109,5.39653],[-75.5511,5.39654],[-75.55111,5.39656],[-75.55111,5.39656],[-75.55111,5.39656],[-75.55111,5.39657],[-75.55111,5.39657],[-75.55112,5.39658],[-75.55112,5.39658],[-75.55113,5.39659],[-75.55112,5.39661],[-75.55112,5.39661],[-75.55112,5.39662],[-75.55112,5.39663],[-75.55113,5.39663],[-75.55113,5.39664],[-75.55113,5.39664],[-75.55113,5.39664],[-75.55115,5.39666],[-75.55116,5.39667],[-75.55116,5.39668],[-75.55116,5.39669],[-75.55116,5.39671],[-75.55116,5.39672],[-75.55116,5.39674],[-75.55115,5.39676],[-75.55114,5.39678],[-75.55114,5.39679],[-75.55114,5.39679],[-75.55114,5.39679],[-75.55114,5.3968],[-75.55115,5.3968],[-75.55115,5.39681],[-75.55115,5.39681],[-75.55115,5.39681],[-75.55116,5.39682],[-75.55116,5.39682],[-75.55117,5.39682],[-75.55117,5.39682],[-75.55118,5.39682],[-75.55118,5.39682],[-75.55119,5.39681],[-75.55119,5.39681],[-75.55119,5.39681],[-75.55119,5.3968],[-75.5512,5.39678],[-75.5512,5.39678],[-75.55121,5.39678],[-75.55121,5.39676],[-75.55121,5.39675],[-75.55122,5.39673],[-75.55122,5.39673],[-75.55122,5.39673],[-75.55122,5.39671],[-75.55122,5.39671],[-75.55122,5.39671],[-75.55122,5.39669],[-75.55122,5.39668],[-75.55122,5.39668],[-75.55121,5.39667],[-75.55121,5.39666],[-75.55121,5.39666],[-75.5512,5.39665],[-75.5512,5.39664],[-75.5512,5.39664],[-75.55119,5.39663],[-75.55119,5.39662],[-75.55119,5.39662],[-75.55118,5.39661],[-75.55118,5.39659],[-75.55118,5.39658],[-75.55118,5.39658],[-75.55118,5.39658],[-75.55118,5.39657],[-75.55118,5.39656],[-75.55117,5.39656],[-75.55117,5.39656],[-75.55117,5.39656],[-75.55116,5.39655],[-75.55115,5.39652],[-75.55115,5.39652],[-75.55115,5.39652],[-75.55115,5.39651],[-75.55114,5.3965],[-75.55114,5.3965],[-75.55115,5.39649],[-75.55115,5.39649],[-75.55115,5.39648],[-75.55115,5.39648],[-75.55116,5.39647],[-75.55116,5.39646],[-75.55116,5.39646],[-75.55117,5.39644],[-75.55117,5.39643],[-75.55117,5.39643],[-75.55116,5.39641],[-75.55116,5.39641],[-75.55116,5.3964],[-75.55115,5.39639],[-75.55115,5.39638],[-75.55115,5.39638],[-75.55115,5.39638],[-75.55116,5.39637],[-75.55116,5.39637],[-75.55116,5.39636],[-75.55116,5.39636],[-75.55116,5.39636],[-75.55117,5.39634],[-75.55117,5.39633],[-75.55117,5.39633],[-75.55116,5.39631],[-75.55116,5.39631],[-75.55116,5.3963],[-75.55115,5.39629],[-75.55115,5.39629],[-75.55115,5.39628],[-75.55115,5.39628],[-75.55115,5.39627],[-75.55115,5.39627],[-75.55115,5.39626],[-75.55115,5.39626],[-75.55115,5.39626],[-75.55115,5.39625],[-75.55114,5.39625],[-75.55114,5.39625],[-75.55115,5.39621],[-75.55115,5.39621],[-75.55115,5.39621],[-75.55114,5.3962],[-75.55114,5.39619],[-75.55114,5.39619],[-75.55114,5.39619],[-75.55114,5.39618],[-75.55114,5.39618],[-75.55113,5.39618],[-75.55113,5.39617],[-75.55114,5.39614],[-75.55114,5.39614],[-75.55114,5.39613],[-75.55113,5.39613],[-75.55113,5.39612],[-75.55113,5.39612],[-75.55113,5.39612],[-75.55113,5.39611],[-75.55113,5.39611],[-75.55112,5.39611],[-75.55112,5.39611],[-75.55113,5.39607],[-75.55113,5.39607],[-75.55113,5.39607],[-75.55113,5.39606],[-75.55113,5.39605],[-75.55112,5.39605],[-75.55112,5.39605],[-75.55112,5.39604],[-75.55112,5.39604],[-75.55112,5.39604],[-75.55112,5.39603],[-75.55112,5.39603],[-75.55112,5.39602],[-75.55111,5.39602],[-75.55111,5.39602],[-75.55111,5.39602],[-75.55111,5.396],[-75.55111,5.396],[-75.55111,5.396],[-75.55111,5.39599],[-75.55111,5.39599],[-75.55111,5.39598],[-75.55111,5.39598],[-75.5511,5.39598],[-75.5511,5.39597],[-75.55109,5.39596],[-75.55109,5.39596],[-75.55107,5.39595],[-75.55107,5.39594],[-75.55107,5.39593],[-75.55107,5.39591],[-75.55107,5.39591],[-75.55107,5.39591],[-75.55106,5.39588],[-75.55106,5.39588],[-75.55106,5.39588],[-75.55104,5.39586],[-75.55104,5.39586],[-75.55102,5.39584],[-75.55102,5.39583],[-75.551,5.39581],[-75.551,5.39581],[-75.551,5.39581],[-75.55097,5.39579],[-75.55097,5.39579],[-75.55094,5.39577],[-75.55093,5.39577],[-75.5509,5.39576],[-75.5509,5.39575],[-75.55087,5.39574],[-75.55086,5.39574],[-75.55084,5.39572],[-75.55084,5.39571],[-75.55084,5.39571],[-75.55083,5.3957],[-75.55082,5.3957],[-75.55082,5.3957],[-75.55082,5.3957],[-75.55081,5.3957],[-75.5508,5.39569],[-75.55079,5.39569],[-75.55079,5.39569],[-75.55079,5.39568],[-75.55078,5.39568],[-75.55078,5.39568],[-75.55077,5.39568],[-75.55077,5.39568],[-75.55074,5.39565],[-75.55074,5.39564],[-75.55074,5.39564],[-75.55073,5.39563],[-75.55073,5.39563],[-75.55072,5.39563],[-75.55072,5.39563],[-75.55071,5.39563],[-75.55071,5.39563],[-75.55071,5.39563],[-75.5507,5.39562],[-75.5507,5.39562],[-75.5507,5.39562],[-75.55069,5.39561],[-75.55068,5.39561],[-75.55068,5.39561],[-75.55067,5.39561],[-75.55067,5.39561],[-75.55065,5.39561],[-75.55065,5.39561],[-75.55065,5.39561],[-75.55064,5.3956],[-75.55064,5.3956],[-75.55063,5.3956],[-75.55063,5.3956],[-75.55063,5.39561],[-75.55062,5.39561],[-75.55062,5.39561],[-75.55061,5.39561],[-75.55061,5.39561],[-75.5506,5.39561],[-75.55059,5.39561],[-75.55059,5.39561],[-75.55059,5.39561],[-75.55057,5.39559],[-75.55057,5.39559],[-75.55057,5.39559],[-75.55056,5.39558],[-75.55056,5.39558],[-75.55055,5.39558],[-75.55055,5.39558],[-75.55054,5.39558],[-75.55054,5.39558],[-75.55053,5.39558],[-75.55051,5.39558],[-75.55048,5.39557],[-75.55048,5.39556],[-75.55047,5.39556],[-75.55046,5.39556],[-75.55045,5.39556],[-75.55045,5.39556],[-75.55045,5.39556],[-75.55044,5.39555],[-75.55043,5.39555],[-75.55043,5.39555],[-75.55042,5.39555],[-75.55042,5.39555],[-75.55042,5.39555],[-75.55039,5.39555],[-75.55038,5.39555],[-75.55038,5.39555],[-75.55038,5.39554],[-75.55037,5.39554],[-75.55037,5.39554],[-75.55036,5.39554],[-75.55036,5.39554],[-75.55034,5.39552],[-75.55034,5.39551],[-75.55033,5.39551],[-75.55032,5.3955],[-75.55032,5.3955],[-75.55032,5.3955],[-75.55032,5.3955],[-75.5503,5.39549],[-75.5503,5.39549],[-75.55029,5.39549],[-75.55027,5.39549],[-75.55027,5.39549],[-75.55027,5.39549],[-75.55025,5.39549],[-75.55025,5.39549],[-75.5502,5.3955],[-75.55019,5.3955],[-75.55018,5.3955],[-75.55017,5.3955],[-75.55016,5.39549],[-75.55015,5.39548],[-75.55015,5.39548],[-75.55015,5.39547],[-75.55014,5.39547],[-75.55014,5.39547],[-75.55013,5.39547],[-75.55013,5.39547],[-75.55012,5.39547],[-75.55012,5.39547],[-75.55012,5.39548],[-75.55011,5.39548],[-75.55011,5.39548],[-75.55011,5.39549],[-75.55011,5.39549],[-75.55011,5.3955],[-75.55011,5.3955],[-75.55011,5.39551],[-75.55011,5.39551],[-75.55011,5.39551],[-75.55012,5.39553],[-75.55013,5.39553],[-75.55014,5.39554],[-75.55014,5.39554],[-75.55014,5.39554],[-75.55016,5.39555],[-75.55016,5.39555],[-75.55017,5.39555],[-75.55018,5.39556],[-75.55019,5.39556],[-75.55019,5.39556],[-75.55021,5.39555],[-75.55021,5.39555],[-75.55026,5.39555],[-75.55027,5.39554],[-75.55028,5.39554],[-75.55029,5.39555],[-75.55029,5.39555],[-75.55031,5.39558],[-75.55032,5.39558],[-75.55032,5.39558],[-75.55033,5.39559],[-75.55033,5.39559],[-75.55033,5.39559],[-75.55034,5.39559],[-75.55035,5.3956],[-75.55035,5.3956],[-75.55035,5.3956],[-75.55035,5.3956],[-75.55036,5.3956],[-75.55036,5.3956],[-75.55037,5.3956],[-75.55037,5.39561],[-75.55037,5.39561],[-75.55038,5.39561],[-75.55039,5.39561],[-75.55039,5.39561],[-75.55042,5.39561],[-75.55042,5.39561],[-75.55043,5.39561],[-75.55044,5.39562],[-75.55044,5.39562],[-75.55045,5.39562],[-75.55045,5.39562],[-75.55047,5.39562],[-75.5505,5.39563],[-75.5505,5.39563],[-75.55051,5.39563],[-75.55051,5.39563],[-75.55053,5.39563],[-75.55055,5.39565],[-75.55055,5.39565],[-75.55055,5.39565],[-75.55056,5.39566],[-75.55056,5.39566],[-75.55057,5.39566],[-75.55058,5.39567],[-75.55058,5.39567],[-75.55059,5.39567],[-75.5506,5.39567],[-75.5506,5.39567],[-75.55061,5.39567],[-75.55062,5.39567],[-75.55062,5.39567],[-75.55063,5.39567],[-75.55064,5.39566],[-75.55064,5.39566],[-75.55065,5.39566],[-75.55065,5.39566],[-75.55065,5.39566],[-75.55067,5.39566],[-75.55067,5.39566],[-75.55067,5.39567],[-75.55068,5.39567],[-75.55068,5.39567],[-75.55068,5.39568],[-75.55069,5.39568],[-75.55069,5.39568],[-75.55069,5.39568],[-75.5507,5.39568],[-75.5507,5.39568],[-75.55072,5.39571],[-75.55073,5.39572],[-75.55073,5.39572],[-75.55074,5.39573],[-75.55074,5.39573],[-75.55074,5.39573],[-75.55074,5.39573],[-75.55075,5.39573],[-75.55076,5.39573],[-75.55076,5.39573],[-75.55077,5.39573],[-75.55078,5.39574]]],[[[-75.54501,5.3975],[-75.54502,5.39751],[-75.54502,5.39751],[-75.54504,5.39751],[-75.54504,5.39751],[-75.54505,5.39751],[-75.54506,5.39751],[-75.54507,5.3975],[-75.54507,5.3975],[-75.54508,5.3975],[-75.54508,5.3975],[-75.54509,5.3975],[-75.5451,5.39748],[-75.5451,5.39748],[-75.54511,5.39748],[-75.54512,5.39748],[-75.54512,5.39748],[-75.54512,5.39748],[-75.54512,5.39748],[-75.54512,5.39749],[-75.54513,5.39749],[-75.54514,5.39749],[-75.54514,5.39749],[-75.54514,5.39749],[-75.54515,5.39749],[-75.54516,5.39749],[-75.54516,5.39749],[-75.54516,5.39749],[-75.54517,5.39749],[-75.54518,5.39749],[-75.54518,5.3975],[-75.54518,5.3975],[-75.54519,5.3975],[-75.5452,5.3975],[-75.5452,5.3975],[-75.54523,5.39749],[-75.54524,5.39749],[-75.54524,5.39749],[-75.54524,5.39749],[-75.54524,5.39749],[-75.54525,5.3975],[-75.54525,5.3975],[-75.54526,5.3975],[-75.54527,5.3975],[-75.54527,5.3975],[-75.54527,5.39751],[-75.54528,5.39751],[-75.54529,5.39751],[-75.5453,5.39751],[-75.5453,5.39751],[-75.54533,5.3975],[-75.54533,5.3975],[-75.54533,5.3975],[-75.54535,5.3975],[-75.54535,5.39749],[-75.54535,5.39749],[-75.54536,5.39749],[-75.54536,5.39749],[-75.54536,5.39748],[-75.54537,5.39748],[-75.5454,5.39748],[-75.5454,5.39748],[-75.54541,5.39748],[-75.54542,5.39747],[-75.54542,5.39747],[-75.54543,5.39747],[-75.54543,5.39747],[-75.54543,5.39747],[-75.54545,5.39745],[-75.54545,5.39745],[-75.54546,5.39745],[-75.54548,5.39745],[-75.54548,5.39745],[-75.5455,5.39747],[-75.5455,5.39747],[-75.54551,5.39747],[-75.54552,5.39748],[-75.54553,5.39749],[-75.54554,5.39749],[-75.54555,5.39749],[-75.54557,5.3975],[-75.54557,5.3975],[-75.54557,5.3975],[-75.54559,5.3975],[-75.54559,5.3975],[-75.54559,5.3975],[-75.54561,5.3975],[-75.54562,5.3975],[-75.54562,5.3975],[-75.54564,5.39749],[-75.54564,5.39749],[-75.54564,5.39749],[-75.54566,5.39748],[-75.54566,5.39748],[-75.54566,5.39748],[-75.54568,5.39747],[-75.54568,5.39747],[-75.54568,5.39747],[-75.54568,5.39747],[-75.54568,5.39747],[-75.54569,5.39747],[-75.54569,5.39747],[-75.54569,5.39747],[-75.5457,5.39746],[-75.54571,5.39746],[-75.54571,5.39746],[-75.54572,5.39745],[-75.54574,5.39745],[-75.54574,5.39745],[-75.54574,5.39744],[-75.54575,5.39744],[-75.54576,5.39744],[-75.54576,5.39744],[-75.54576,5.39744],[-75.54578,5.39742],[-75.54579,5.39742],[-75.54579,5.39742],[-75.5458,5.39742],[-75.5458,5.39742],[-75.5458,5.39742],[-75.54581,5.39741],[-75.54581,5.39741],[-75.54582,5.39741],[-75.54582,5.39741],[-75.54583,5.3974],[-75.54584,5.3974],[-75.54584,5.3974],[-75.54584,5.3974],[-75.54585,5.3974],[-75.54586,5.3974],[-75.54586,5.39739],[-75.54586,5.39739],[-75.54587,5.39739],[-75.54588,5.39739],[-75.54589,5.39739],[-75.54589,5.39739],[-75.54589,5.39738],[-75.5459,5.39738],[-75.5459,5.39738],[-75.54591,5.39738],[-75.54591,5.39737],[-75.54591,5.39737],[-75.54593,5.39735],[-75.54594,5.39735],[-75.54594,5.39735],[-75.54595,5.39735],[-75.54595,5.39735],[-75.54596,5.39735],[-75.54596,5.39735],[-75.54597,5.39735],[-75.54597,5.39734],[-75.54597,5.39734],[-75.54598,5.39734],[-75.54598,5.39734],[-75.54598,5.39734],[-75.54599,5.39734],[-75.54599,5.39733],[-75.54601,5.39733],[-75.54602,5.39733],[-75.54603,5.39733],[-75.54603,5.39733],[-75.54604,5.39733],[-75.54604,5.39732],[-75.54605,5.39732],[-75.54605,5.39732],[-75.54606,5.39731],[-75.54607,5.39731],[-75.54607,5.39731],[-75.54608,5.39731],[-75.54608,5.39731],[-75.54609,5.3973],[-75.54609,5.3973],[-75.54609,5.3973],[-75.54609,5.3973],[-75.5461,5.3973],[-75.5461,5.3973],[-75.5461,5.3973],[-75.54611,5.3973],[-75.54611,5.39729],[-75.54612,5.39729],[-75.54612,5.39729],[-75.54612,5.39729],[-75.54613,5.39729],[-75.54613,5.39729],[-75.54614,5.39728],[-75.54614,5.39728],[-75.54615,5.39727],[-75.54617,5.39727],[-75.54617,5.39727],[-75.54618,5.39727],[-75.54618,5.39726],[-75.54619,5.39726],[-75.54619,5.39726],[-75.54619,5.39725],[-75.54621,5.39724],[-75.54621,5.39724],[-75.54623,5.39723],[-75.54624,5.39723],[-75.54624,5.39723],[-75.54624,5.39723],[-75.54625,5.39722],[-75.54626,5.39722],[-75.54626,5.39721],[-75.54628,5.39719],[-75.54629,5.39719],[-75.54629,5.39719],[-75.54629,5.39719],[-75.54631,5.39719],[-75.54631,5.39719],[-75.54632,5.39718],[-75.54633,5.39718],[-75.54633,5.39718],[-75.54634,5.39717],[-75.54635,5.39716],[-75.54635,5.39716],[-75.54635,5.39716],[-75.54637,5.39714],[-75.54637,5.39714],[-75.54637,5.39713],[-75.54637,5.39713],[-75.54637,5.39712],[-75.54637,5.39712],[-75.54637,5.39711],[-75.54637,5.39711],[-75.54636,5.39711],[-75.54636,5.3971],[-75.54636,5.3971],[-75.54635,5.3971],[-75.54635,5.3971],[-75.54634,5.3971],[-75.54634,5.3971],[-75.54633,5.3971],[-75.54633,5.3971],[-75.54633,5.3971],[-75.54632,5.39711],[-75.54631,5.39712],[-75.5463,5.39713],[-75.54629,5.39713],[-75.54628,5.39714],[-75.54627,5.39714],[-75.54626,5.39714],[-75.54626,5.39714],[-75.54625,5.39714],[-75.54625,5.39714],[-75.54625,5.39715],[-75.54624,5.39715],[-75.54624,5.39715],[-75.54624,5.39715],[-75.54622,5.39718],[-75.54622,5.39718],[-75.5462,5.39718],[-75.54619,5.39718],[-75.54619,5.39719],[-75.54619,5.39719],[-75.54618,5.39719],[-75.54617,5.39719],[-75.54617,5.3972],[-75.54616,5.39721],[-75.54615,5.39722],[-75.54613,5.39722],[-75.54613,5.39722],[-75.54613,5.39722],[-75.54612,5.39722],[-75.54612,5.39723],[-75.54611,5.39724],[-75.54611,5.39724],[-75.5461,5.39724],[-75.5461,5.39724],[-75.54609,5.39724],[-75.54609,5.39724],[-75.54608,5.39725],[-75.54608,5.39725],[-75.54607,5.39725],[-75.54607,5.39725],[-75.54607,5.39725],[-75.54606,5.39725],[-75.54606,5.39725],[-75.54606,5.39726],[-75.54606,5.39726],[-75.54605,5.39726],[-75.54605,5.39726],[-75.54604,5.39726],[-75.54604,5.39726],[-75.54603,5.39726],[-75.54602,5.39727],[-75.546,5.39727],[-75.546,5.39727],[-75.546,5.39727],[-75.54599,5.39728],[-75.54597,5.39728],[-75.54597,5.39728],[-75.54596,5.39728],[-75.54596,5.39728],[-75.54595,5.39729],[-75.54595,5.39729],[-75.54595,5.39729],[-75.54594,5.3973],[-75.54593,5.3973],[-75.54592,5.3973],[-75.54592,5.3973],[-75.54591,5.3973],[-75.54591,5.3973],[-75.54591,5.3973],[-75.5459,5.3973],[-75.5459,5.3973],[-75.54589,5.39731],[-75.54589,5.39731],[-75.54589,5.39731],[-75.54587,5.39733],[-75.54587,5.39733],[-75.54586,5.39733],[-75.54586,5.39733],[-75.54585,5.39734],[-75.54584,5.39734],[-75.54583,5.39734],[-75.54582,5.39734],[-75.54582,5.39734],[-75.54581,5.39734],[-75.54581,5.39734],[-75.5458,5.39734],[-75.5458,5.39735],[-75.54579,5.39735],[-75.54579,5.39735],[-75.54579,5.39736],[-75.54578,5.39737],[-75.54577,5.39737],[-75.54577,5.39737],[-75.54577,5.39737],[-75.54576,5.39737],[-75.54575,5.39737],[-75.54575,5.39738],[-75.54575,5.39738],[-75.54573,5.39739],[-75.54573,5.39739],[-75.54571,5.39739],[-75.54571,5.39739],[-75.54571,5.39739],[-75.5457,5.39739],[-75.54569,5.3974],[-75.54569,5.3974],[-75.54569,5.3974],[-75.54568,5.39741],[-75.54567,5.39741],[-75.54566,5.39741],[-75.54566,5.39742],[-75.54566,5.39742],[-75.54565,5.39742],[-75.54565,5.39742],[-75.54564,5.39743],[-75.54563,5.39744],[-75.54562,5.39744],[-75.54561,5.39744],[-75.54559,5.39744],[-75.54558,5.39744],[-75.54556,5.39744],[-75.54555,5.39744],[-75.54554,5.39743],[-75.54552,5.39741],[-75.54551,5.39741],[-75.54551,5.3974],[-75.54551,5.3974],[-75.54549,5.3974],[-75.54549,5.3974],[-75.54548,5.3974],[-75.54547,5.39739],[-75.54546,5.39739],[-75.54546,5.39739],[-75.54544,5.3974],[-75.54544,5.3974],[-75.54543,5.3974],[-75.54542,5.3974],[-75.54542,5.39741],[-75.54541,5.39741],[-75.54541,5.39741],[-75.5454,5.39742],[-75.5454,5.39742],[-75.54537,5.39742],[-75.54537,5.39742],[-75.54536,5.39742],[-75.54536,5.39742],[-75.54535,5.39743],[-75.54535,5.39743],[-75.54534,5.39743],[-75.54534,5.39743],[-75.54533,5.39744],[-75.54532,5.39745],[-75.54532,5.39745],[-75.5453,5.39745],[-75.54529,5.39745],[-75.54528,5.39745],[-75.54528,5.39745],[-75.54528,5.39745],[-75.54527,5.39745],[-75.54527,5.39744],[-75.54527,5.39744],[-75.54526,5.39744],[-75.54526,5.39744],[-75.54526,5.39744],[-75.54525,5.39743],[-75.54524,5.39743],[-75.54524,5.39743],[-75.54524,5.39743],[-75.54523,5.39743],[-75.54522,5.39743],[-75.54522,5.39744],[-75.54519,5.39744],[-75.54519,5.39744],[-75.54519,5.39744],[-75.54519,5.39744],[-75.54518,5.39744],[-75.54518,5.39743],[-75.54517,5.39743],[-75.54517,5.39743],[-75.54516,5.39743],[-75.54516,5.39743],[-75.54515,5.39743],[-75.54515,5.39743],[-75.54514,5.39743],[-75.54514,5.39743],[-75.54513,5.39743],[-75.54513,5.39743],[-75.54512,5.39742],[-75.54512,5.39742],[-75.54511,5.39742],[-75.5451,5.39743],[-75.5451,5.39743],[-75.5451,5.39743],[-75.54508,5.39743],[-75.54508,5.39743],[-75.54508,5.39743],[-75.54507,5.39744],[-75.54507,5.39744],[-75.54507,5.39744],[-75.54505,5.39745],[-75.54504,5.39745],[-75.54503,5.39745],[-75.54502,5.39745],[-75.54501,5.39744],[-75.54501,5.39744],[-75.54501,5.39744],[-75.545,5.39744],[-75.545,5.39744],[-75.545,5.39744],[-75.54499,5.39744],[-75.54499,5.39744],[-75.54499,5.39743],[-75.54498,5.39743],[-75.54497,5.39743],[-75.54497,5.39743],[-75.54497,5.39743],[-75.54496,5.39743],[-75.54495,5.39743],[-75.54494,5.39741],[-75.54493,5.39741],[-75.54493,5.39741],[-75.54492,5.3974],[-75.54492,5.3974],[-75.54491,5.3974],[-75.54491,5.3974],[-75.54491,5.3974],[-75.54489,5.3974],[-75.54488,5.39739],[-75.54488,5.39739],[-75.54488,5.39739],[-75.54487,5.39738],[-75.54487,5.39738],[-75.54487,5.39738],[-75.54486,5.39738],[-75.54485,5.39737],[-75.54485,5.39737],[-75.54485,5.39737],[-75.54483,5.39738],[-75.54483,5.39737],[-75.54481,5.39734],[-75.54481,5.39734],[-75.5448,5.39733],[-75.5448,5.39732],[-75.5448,5.39732],[-75.54479,5.39732],[-75.54478,5.39731],[-75.54478,5.39731],[-75.54478,5.39731],[-75.54477,5.39731],[-75.54477,5.39731],[-75.54476,5.39731],[-75.54476,5.39731],[-75.54475,5.3973],[-75.54475,5.3973],[-75.54475,5.3973],[-75.54474,5.39729],[-75.54474,5.39729],[-75.54474,5.39729],[-75.54473,5.39729],[-75.54472,5.39728],[-75.54472,5.39728],[-75.54471,5.39728],[-75.54468,5.39729],[-75.54466,5.39728],[-75.54465,5.39728],[-75.54464,5.39726],[-75.54463,5.39726],[-75.54463,5.39726],[-75.54462,5.39725],[-75.54462,5.39725],[-75.54462,5.39725],[-75.54461,5.39725],[-75.54461,5.39725],[-75.5446,5.39725],[-75.5446,5.39725],[-75.54459,5.39725],[-75.54457,5.39723],[-75.54457,5.39722],[-75.54457,5.39722],[-75.54456,5.39722],[-75.54456,5.39721],[-75.54456,5.39721],[-75.54455,5.39721],[-75.54455,5.39721],[-75.54455,5.39721],[-75.54454,5.39721],[-75.54454,5.39721],[-75.54452,5.3972],[-75.54452,5.3972],[-75.54452,5.3972],[-75.54451,5.3972],[-75.5445,5.39719],[-75.5445,5.39719],[-75.5445,5.39719],[-75.54448,5.3972],[-75.54447,5.39719],[-75.54447,5.39719],[-75.54446,5.39719],[-75.54446,5.39718],[-75.54446,5.39718],[-75.54445,5.39718],[-75.54445,5.39718],[-75.54444,5.39718],[-75.54443,5.39718],[-75.54443,5.39717],[-75.54442,5.39717],[-75.54442,5.39717],[-75.54441,5.39716],[-75.54441,5.39716],[-75.5444,5.39716],[-75.5444,5.39716],[-75.54439,5.39715],[-75.54439,5.39715],[-75.54439,5.39715],[-75.54437,5.39716],[-75.54437,5.39715],[-75.54434,5.39712],[-75.54434,5.39711],[-75.54434,5.39711],[-75.54433,5.39711],[-75.54433,5.3971],[-75.54432,5.3971],[-75.54432,5.3971],[-75.54431,5.3971],[-75.54431,5.3971],[-75.5443,5.3971],[-75.54429,5.3971],[-75.54429,5.3971],[-75.54429,5.39709],[-75.54428,5.39709],[-75.54428,5.39709],[-75.54428,5.39708],[-75.54427,5.39708],[-75.54427,5.39708],[-75.54427,5.39708],[-75.54419,5.39706],[-75.54419,5.39706],[-75.54418,5.39706],[-75.54416,5.39706],[-75.54415,5.39706],[-75.54414,5.39706],[-75.54413,5.39705],[-75.5441,5.39701],[-75.5441,5.39701],[-75.5441,5.39701],[-75.54408,5.397],[-75.54408,5.397],[-75.54408,5.39699],[-75.54407,5.39699],[-75.54406,5.39698],[-75.54406,5.39698],[-75.54405,5.39698],[-75.54405,5.39698],[-75.54405,5.39697],[-75.54405,5.39697],[-75.54404,5.39697],[-75.54403,5.39696],[-75.54402,5.39696],[-75.54402,5.39696],[-75.54401,5.39696],[-75.54401,5.39696],[-75.54401,5.39696],[-75.54399,5.39695],[-75.54399,5.39695],[-75.54398,5.39695],[-75.54397,5.39694],[-75.54396,5.39694],[-75.54396,5.39693],[-75.54395,5.39693],[-75.54395,5.39693],[-75.54394,5.39693],[-75.54394,5.39693],[-75.54392,5.39693],[-75.5439,5.39692],[-75.5439,5.39692],[-75.54388,5.39691],[-75.54388,5.39691],[-75.54386,5.3969],[-75.54385,5.3969],[-75.54383,5.3969],[-75.54383,5.3969],[-75.54381,5.3969],[-75.54381,5.3969],[-75.54381,5.3969],[-75.54379,5.3969],[-75.54379,5.3969],[-75.54379,5.3969],[-75.54377,5.3969],[-75.54377,5.3969],[-75.54378,5.39689],[-75.54379,5.39689],[-75.54379,5.39689],[-75.5438,5.39689],[-75.5438,5.39689],[-75.5438,5.39689],[-75.5438,5.39688],[-75.5438,5.39688],[-75.5438,5.39688],[-75.5438,5.39688],[-75.54381,5.39688],[-75.54381,5.39688],[-75.54381,5.39688],[-75.54381,5.39688],[-75.54382,5.39688],[-75.54382,5.39688],[-75.54382,5.39688],[-75.54382,5.39687],[-75.54382,5.39687],[-75.54383,5.39687],[-75.54383,5.39687],[-75.54383,5.39687],[-75.54384,5.39685],[-75.54384,5.39685],[-75.54384,5.39685],[-75.54384,5.39685],[-75.54384,5.39685],[-75.54385,5.39685],[-75.54385,5.39685],[-75.54385,5.39685],[-75.54385,5.39685],[-75.54385,5.39685],[-75.54385,5.39685],[-75.54386,5.39685],[-75.54386,5.39685],[-75.54386,5.39684],[-75.54386,5.39684],[-75.54386,5.39684],[-75.54386,5.39684],[-75.54386,5.39684],[-75.54386,5.39684],[-75.54386,5.39684],[-75.54387,5.39683],[-75.54387,5.39683],[-75.54387,5.39683],[-75.54387,5.39683],[-75.54387,5.39683],[-75.54387,5.39682],[-75.54387,5.39682],[-75.54387,5.3968],[-75.54387,5.3968],[-75.54388,5.39679],[-75.54389,5.39677],[-75.5439,5.39677],[-75.54398,5.39674],[-75.54411,5.39675],[-75.54411,5.39675],[-75.54411,5.39675],[-75.54427,5.39675],[-75.54428,5.39675],[-75.54428,5.39675],[-75.54432,5.39674],[-75.54433,5.39674],[-75.54433,5.39674],[-75.54441,5.3967],[-75.54442,5.3967],[-75.54451,5.39665],[-75.54451,5.39665],[-75.54451,5.39665],[-75.54461,5.39659],[-75.54465,5.39657],[-75.54465,5.39657],[-75.54465,5.39657],[-75.54492,5.39645],[-75.54506,5.39641],[-75.54517,5.3964],[-75.54528,5.39639],[-75.54528,5.39639],[-75.54528,5.39639],[-75.54533,5.39637],[-75.54543,5.39635],[-75.54544,5.39635],[-75.54549,5.39633],[-75.54549,5.39633],[-75.54553,5.39631],[-75.54553,5.39631],[-75.54553,5.39631],[-75.54557,5.39629],[-75.54557,5.39628],[-75.54557,5.39628],[-75.54558,5.39628],[-75.54558,5.39627],[-75.54558,5.39627],[-75.54558,5.39626],[-75.54558,5.39626],[-75.54558,5.39625],[-75.54558,5.39625],[-75.54557,5.39625],[-75.54557,5.39624],[-75.54557,5.39624],[-75.54556,5.39624],[-75.54556,5.39624],[-75.54555,5.39624],[-75.54555,5.39624],[-75.54555,5.39624],[-75.54554,5.39624],[-75.54554,5.39624],[-75.54551,5.39626],[-75.54547,5.39628],[-75.54542,5.39629],[-75.54532,5.39632],[-75.54531,5.39632],[-75.54527,5.39634],[-75.54517,5.39634],[-75.54516,5.39634],[-75.54505,5.39636],[-75.54505,5.39636],[-75.54505,5.39636],[-75.5449,5.3964],[-75.5449,5.3964],[-75.5449,5.3964],[-75.54463,5.39652],[-75.54459,5.39654],[-75.54459,5.39654],[-75.54458,5.39654],[-75.54449,5.3966],[-75.54439,5.39665],[-75.54431,5.39669],[-75.54427,5.3967],[-75.54411,5.3967],[-75.54397,5.39669],[-75.54397,5.39669],[-75.54396,5.39669],[-75.54394,5.3967],[-75.54395,5.39669],[-75.54395,5.39668],[-75.54396,5.39668],[-75.54396,5.39668],[-75.54396,5.39667],[-75.54396,5.39667],[-75.54396,5.39666],[-75.54396,5.39665],[-75.54396,5.39665],[-75.54397,5.39664],[-75.54399,5.39662],[-75.54399,5.39662],[-75.54399,5.39662],[-75.54399,5.39661],[-75.54399,5.39661],[-75.544,5.3966],[-75.544,5.39659],[-75.544,5.39659],[-75.544,5.39659],[-75.54399,5.39656],[-75.54399,5.39655],[-75.544,5.39655],[-75.54403,5.39653],[-75.54403,5.39653],[-75.54403,5.39652],[-75.54405,5.39651],[-75.54405,5.39651],[-75.54405,5.3965],[-75.54405,5.3965],[-75.54405,5.39649],[-75.54406,5.39649],[-75.54406,5.39648],[-75.54406,5.39647],[-75.54406,5.39647],[-75.54406,5.39647],[-75.54406,5.39645],[-75.54406,5.39645],[-75.54405,5.3964],[-75.54405,5.39639],[-75.54405,5.39638],[-75.54406,5.39637],[-75.54406,5.39636],[-75.54406,5.39636],[-75.54406,5.39635],[-75.54406,5.39634],[-75.54406,5.39634],[-75.54406,5.39634],[-75.54406,5.39633],[-75.54406,5.39633],[-75.54406,5.39632],[-75.54405,5.39632],[-75.54405,5.39632],[-75.54405,5.39631],[-75.54404,5.39631],[-75.54404,5.39631],[-75.54403,5.39631],[-75.54403,5.39631],[-75.54403,5.39631],[-75.54403,5.39631],[-75.54403,5.3963],[-75.54403,5.39629],[-75.54404,5.39629],[-75.54404,5.39628],[-75.54405,5.39628],[-75.54405,5.39627],[-75.54406,5.39627],[-75.54406,5.39627],[-75.54406,5.39627],[-75.54406,5.39626],[-75.54407,5.39626],[-75.54407,5.39625],[-75.54407,5.39625],[-75.54407,5.39625],[-75.54407,5.39624],[-75.54407,5.39624],[-75.54407,5.39623],[-75.54407,5.39623],[-75.54408,5.39622],[-75.54408,5.39622],[-75.54408,5.39622],[-75.54408,5.39621],[-75.54408,5.3962],[-75.54409,5.39619],[-75.54409,5.39619],[-75.54409,5.39618],[-75.5441,5.39618],[-75.5441,5.39616],[-75.5441,5.39616],[-75.5441,5.39616],[-75.5441,5.39615],[-75.54411,5.39615],[-75.54411,5.39615],[-75.54411,5.39614],[-75.54412,5.39614],[-75.54412,5.39614],[-75.54412,5.39613],[-75.54413,5.39612],[-75.54414,5.39611],[-75.54415,5.39611],[-75.54415,5.39611],[-75.54415,5.39611],[-75.54418,5.3961],[-75.54418,5.3961],[-75.54418,5.39609],[-75.54421,5.39607],[-75.54421,5.39607],[-75.54423,5.39605],[-75.54423,5.39604],[-75.54425,5.39601],[-75.54425,5.39601],[-75.54425,5.39601],[-75.54426,5.39598],[-75.54426,5.39597],[-75.54427,5.39597],[-75.54428,5.39596],[-75.54428,5.39595],[-75.54429,5.39595],[-75.54429,5.39595],[-75.54429,5.39594],[-75.5443,5.39594],[-75.5443,5.39593],[-75.5443,5.39593],[-75.5443,5.39593],[-75.5443,5.39591],[-75.54431,5.3959],[-75.54432,5.3959],[-75.54432,5.3959],[-75.54432,5.39589],[-75.54433,5.39589],[-75.54433,5.39588],[-75.54433,5.39588],[-75.54433,5.39588],[-75.54433,5.39587],[-75.54433,5.39586],[-75.54434,5.39586],[-75.54434,5.39585],[-75.54435,5.39585],[-75.54435,5.39585],[-75.54435,5.39584],[-75.54436,5.39584],[-75.54436,5.39583],[-75.54436,5.39583],[-75.54436,5.39583],[-75.54436,5.39582],[-75.54438,5.3958],[-75.54441,5.39577],[-75.54444,5.39575],[-75.54445,5.39575],[-75.54446,5.39575],[-75.54446,5.39575],[-75.54447,5.39575],[-75.54447,5.39574],[-75.54447,5.39574],[-75.54448,5.39574],[-75.54448,5.39573],[-75.54448,5.39573],[-75.54449,5.39573],[-75.5445,5.3957],[-75.54451,5.3957],[-75.54451,5.3957],[-75.54451,5.3957],[-75.54452,5.3957],[-75.54452,5.3957],[-75.54452,5.3957],[-75.54454,5.3957],[-75.54454,5.3957],[-75.54455,5.3957],[-75.54455,5.3957],[-75.54456,5.3957],[-75.54457,5.39569],[-75.54458,5.39569],[-75.54458,5.39569],[-75.54459,5.39569],[-75.5446,5.39569],[-75.5446,5.39569],[-75.54461,5.39568],[-75.54461,5.39567],[-75.54461,5.39567],[-75.54462,5.39567],[-75.54462,5.39567],[-75.54462,5.39566],[-75.54463,5.39566],[-75.54463,5.39565],[-75.54463,5.39565],[-75.54463,5.39564],[-75.54463,5.39564],[-75.54463,5.39563],[-75.54463,5.39562],[-75.54463,5.39562],[-75.54464,5.39561],[-75.54467,5.39558],[-75.54467,5.39558],[-75.54468,5.39558],[-75.54469,5.39556],[-75.5447,5.39556],[-75.5447,5.39556],[-75.54471,5.39553],[-75.54471,5.39553],[-75.54471,5.39552],[-75.54471,5.39552],[-75.54472,5.39552],[-75.54472,5.39552],[-75.54473,5.39552],[-75.54473,5.39552],[-75.54473,5.39551],[-75.54474,5.39551],[-75.54474,5.39551],[-75.54474,5.39551],[-75.54474,5.39551],[-75.54475,5.39551],[-75.54476,5.39551],[-75.54476,5.39551],[-75.54477,5.39551],[-75.54478,5.39551],[-75.54478,5.39551],[-75.54479,5.39551],[-75.54479,5.39551],[-75.5448,5.3955],[-75.5448,5.3955],[-75.54481,5.3955],[-75.54481,5.39549],[-75.54483,5.39547],[-75.54484,5.39547],[-75.54485,5.39547],[-75.54485,5.39547],[-75.54486,5.39547],[-75.54486,5.39547],[-75.54487,5.39547],[-75.54487,5.39546],[-75.54487,5.39546],[-75.54488,5.39546],[-75.54488,5.39546],[-75.54488,5.39546],[-75.54488,5.39546],[-75.54489,5.39546],[-75.54489,5.39546],[-75.54489,5.39545],[-75.5449,5.39545],[-75.5449,5.39545],[-75.5449,5.39545],[-75.54491,5.39544],[-75.54494,5.39543],[-75.54494,5.39543],[-75.54494,5.39543],[-75.54494,5.39542],[-75.54496,5.39541],[-75.54497,5.39541],[-75.54497,5.39541],[-75.54498,5.39541],[-75.54499,5.3954],[-75.54499,5.3954],[-75.545,5.3954],[-75.545,5.39539],[-75.54501,5.39539],[-75.54502,5.39537],[-75.54504,5.39537],[-75.54504,5.39537],[-75.54504,5.39537],[-75.54505,5.39537],[-75.54505,5.39537],[-75.54506,5.39536],[-75.54506,5.39536],[-75.54507,5.39535],[-75.54509,5.39535],[-75.54509,5.39534],[-75.54509,5.39534],[-75.5451,5.39534],[-75.54511,5.39534],[-75.54511,5.39533],[-75.54511,5.39533],[-75.54513,5.39531],[-75.54513,5.39531],[-75.54514,5.39531],[-75.54514,5.39531],[-75.54514,5.39531],[-75.54515,5.39531],[-75.54516,5.39531],[-75.54516,5.39531],[-75.54517,5.3953],[-75.54517,5.3953],[-75.54517,5.3953],[-75.54519,5.39528],[-75.54519,5.39527],[-75.54519,5.39527],[-75.5452,5.39526],[-75.5452,5.39526],[-75.5452,5.39526],[-75.54521,5.39524],[-75.54521,5.39523],[-75.54522,5.39522],[-75.54523,5.39521],[-75.54523,5.39521],[-75.54523,5.3952],[-75.54524,5.3952],[-75.54524,5.3952],[-75.54524,5.39518],[-75.54525,5.39518],[-75.54525,5.39518],[-75.54525,5.39518],[-75.54526,5.39518],[-75.54526,5.39517],[-75.54526,5.39517],[-75.54527,5.39517],[-75.54527,5.39517],[-75.54528,5.39517],[-75.54528,5.39517],[-75.54529,5.39516],[-75.5453,5.39516],[-75.5453,5.39516],[-75.5453,5.39515],[-75.54531,5.39514],[-75.54531,5.39514],[-75.54531,5.39513],[-75.54532,5.39513],[-75.54532,5.39512],[-75.54532,5.39512],[-75.54532,5.39511],[-75.54532,5.3951],[-75.54532,5.39509],[-75.54532,5.39509],[-75.54533,5.39509],[-75.54533,5.39509],[-75.54533,5.39508],[-75.54534,5.39508],[-75.54534,5.39508],[-75.54534,5.39507],[-75.54535,5.39507],[-75.54535,5.39507],[-75.54535,5.39506],[-75.54535,5.39506],[-75.54535,5.39505],[-75.54535,5.39505],[-75.54535,5.39504],[-75.54535,5.39504],[-75.54534,5.39503],[-75.54534,5.39503],[-75.54534,5.39503],[-75.54534,5.39502],[-75.54533,5.39502],[-75.54533,5.39502],[-75.54533,5.39501],[-75.54533,5.395],[-75.54533,5.39499],[-75.54533,5.39498],[-75.54533,5.39498],[-75.54534,5.39497],[-75.54534,5.39497],[-75.54535,5.39496],[-75.54535,5.39496],[-75.54535,5.39496],[-75.54535,5.39495],[-75.54535,5.39495],[-75.54535,5.39494],[-75.54535,5.39494],[-75.54535,5.39492],[-75.54535,5.39492],[-75.54536,5.39491],[-75.54536,5.39491],[-75.54536,5.39491],[-75.54536,5.39491],[-75.54537,5.3949],[-75.54537,5.3949],[-75.54537,5.39489],[-75.54537,5.39488],[-75.54538,5.39487],[-75.54538,5.39487],[-75.54539,5.39487],[-75.54539,5.39486],[-75.5454,5.39486],[-75.54541,5.39486],[-75.54541,5.39486],[-75.54542,5.39485],[-75.54542,5.39485],[-75.54543,5.39484],[-75.54544,5.39483],[-75.54544,5.39483],[-75.54544,5.39482],[-75.54544,5.39481],[-75.54545,5.39481],[-75.54545,5.3948],[-75.54545,5.3948],[-75.54545,5.3948],[-75.54546,5.3948],[-75.54547,5.39479],[-75.54547,5.39479],[-75.54547,5.39479],[-75.54549,5.39477],[-75.54549,5.39477],[-75.54551,5.39476],[-75.54551,5.39476],[-75.54551,5.39475],[-75.54553,5.39474],[-75.54553,5.39474],[-75.54553,5.39474],[-75.54555,5.39471],[-75.54556,5.39471],[-75.54557,5.39471],[-75.54557,5.39471],[-75.54558,5.39471],[-75.54558,5.39471],[-75.54559,5.3947],[-75.54559,5.3947],[-75.5456,5.39469],[-75.5456,5.39469],[-75.54562,5.3947],[-75.54562,5.3947],[-75.54566,5.3947],[-75.54566,5.3947],[-75.54566,5.3947],[-75.5457,5.3947],[-75.5457,5.3947],[-75.5457,5.3947],[-75.54574,5.39469],[-75.54574,5.39469],[-75.54577,5.39468],[-75.54577,5.39468],[-75.54579,5.39468],[-75.54579,5.39468],[-75.5458,5.39468],[-75.5458,5.39468],[-75.54581,5.39468],[-75.54581,5.39468],[-75.54582,5.39467],[-75.54582,5.39467],[-75.54583,5.39466],[-75.54583,5.39466],[-75.54583,5.39466],[-75.54584,5.39466],[-75.54588,5.39467],[-75.54588,5.39467],[-75.54588,5.39467],[-75.5459,5.39467],[-75.5459,5.39466],[-75.5459,5.39466],[-75.54591,5.39466],[-75.54592,5.39466],[-75.54592,5.39465],[-75.54594,5.39463],[-75.54595,5.39463],[-75.54596,5.39462],[-75.54597,5.39462],[-75.54598,5.39462],[-75.54599,5.39462],[-75.54601,5.39462],[-75.54603,5.39463],[-75.54604,5.39464],[-75.54605,5.39464],[-75.54605,5.39464],[-75.54606,5.39464],[-75.54606,5.39464],[-75.54607,5.39464],[-75.54607,5.39463],[-75.54607,5.39463],[-75.54608,5.39463],[-75.54608,5.39462],[-75.54608,5.39462],[-75.54608,5.39461],[-75.54608,5.39461],[-75.54608,5.39461],[-75.54608,5.3946],[-75.54608,5.3946],[-75.54608,5.39459],[-75.54607,5.39459],[-75.54607,5.39459],[-75.54606,5.39459],[-75.54604,5.39458],[-75.54604,5.39458],[-75.54604,5.39458],[-75.54602,5.39457],[-75.54602,5.39457],[-75.546,5.39457],[-75.546,5.39457],[-75.54598,5.39457],[-75.54598,5.39457],[-75.54598,5.39457],[-75.54596,5.39457],[-75.54596,5.39457],[-75.54596,5.39457],[-75.54594,5.39457],[-75.54594,5.39457],[-75.54594,5.39457],[-75.54593,5.39458],[-75.54592,5.39458],[-75.54592,5.39458],[-75.54591,5.39459],[-75.54591,5.39459],[-75.5459,5.39459],[-75.54589,5.39461],[-75.54588,5.39461],[-75.54588,5.39461],[-75.54584,5.39461],[-75.54584,5.39461],[-75.54583,5.39461],[-75.54582,5.39461],[-75.54582,5.39461],[-75.54581,5.39461],[-75.54581,5.39461],[-75.54581,5.39462],[-75.5458,5.39462],[-75.54579,5.39462],[-75.54579,5.39462],[-75.54579,5.39463],[-75.54577,5.39463],[-75.54577,5.39463],[-75.54577,5.39463],[-75.54576,5.39463],[-75.54576,5.39463],[-75.54575,5.39463],[-75.54573,5.39464],[-75.54569,5.39464],[-75.54567,5.39464],[-75.54568,5.39463],[-75.54568,5.39463],[-75.54572,5.39459],[-75.54579,5.39451],[-75.54579,5.39451],[-75.54579,5.3945],[-75.54579,5.3945],[-75.5458,5.3945],[-75.5458,5.39449],[-75.54581,5.39448],[-75.54582,5.39447],[-75.54583,5.39447],[-75.54583,5.39447],[-75.54583,5.39447],[-75.54587,5.39447],[-75.54587,5.39447],[-75.54588,5.39447],[-75.54589,5.39447],[-75.5459,5.39447],[-75.5459,5.39447],[-75.5459,5.39447],[-75.54593,5.39446],[-75.54593,5.39446],[-75.54593,5.39445],[-75.54595,5.39444],[-75.54596,5.39443],[-75.54597,5.39441],[-75.54598,5.39441],[-75.54598,5.39441],[-75.54599,5.39438],[-75.54599,5.39438],[-75.54599,5.39438],[-75.54599,5.39437],[-75.546,5.39436],[-75.54602,5.39435],[-75.54602,5.39434],[-75.54602,5.39434],[-75.54603,5.39434],[-75.54603,5.39433],[-75.54603,5.39433],[-75.54603,5.39432],[-75.54604,5.39432],[-75.54604,5.39431],[-75.54604,5.3943],[-75.54604,5.3943],[-75.54604,5.39429],[-75.54605,5.39428],[-75.54605,5.39427],[-75.54605,5.39427],[-75.54606,5.39427],[-75.54606,5.39427],[-75.54606,5.39427],[-75.54607,5.39425],[-75.54608,5.39424],[-75.54609,5.39423],[-75.5461,5.39423],[-75.54612,5.39422],[-75.54612,5.39422],[-75.54613,5.39422],[-75.54614,5.39421],[-75.54614,5.39421],[-75.54616,5.39419],[-75.54621,5.39416],[-75.54621,5.39416],[-75.54621,5.39416],[-75.54625,5.39411],[-75.54627,5.3941],[-75.54629,5.39409],[-75.54629,5.39408],[-75.54629,5.39408],[-75.5463,5.39408],[-75.5463,5.39407],[-75.5463,5.39407],[-75.5463,5.39406],[-75.5463,5.39406],[-75.5463,5.39406],[-75.5463,5.39405],[-75.5463,5.39405],[-75.54629,5.39404],[-75.54629,5.39404],[-75.54629,5.39404],[-75.54628,5.39404],[-75.54628,5.39404],[-75.54627,5.39404],[-75.54627,5.39404],[-75.54626,5.39404],[-75.54626,5.39404],[-75.54624,5.39405],[-75.54624,5.39405],[-75.54622,5.39407],[-75.54622,5.39407],[-75.54621,5.39407],[-75.54617,5.39412],[-75.54613,5.39415],[-75.54611,5.39417],[-75.5461,5.39417],[-75.54609,5.39417],[-75.54608,5.39417],[-75.54608,5.39418],[-75.54606,5.39418],[-75.54606,5.39418],[-75.54606,5.39419],[-75.54604,5.3942],[-75.54604,5.3942],[-75.54604,5.3942],[-75.54603,5.39422],[-75.54603,5.39422],[-75.54602,5.39422],[-75.54602,5.39423],[-75.54602,5.39423],[-75.54601,5.39423],[-75.54601,5.39424],[-75.54601,5.39424],[-75.54601,5.39424],[-75.546,5.39425],[-75.546,5.39425],[-75.54599,5.39426],[-75.54599,5.39426],[-75.54599,5.39426],[-75.54599,5.39428],[-75.54599,5.39428],[-75.54598,5.39428],[-75.54598,5.39429],[-75.54598,5.39429],[-75.54598,5.3943],[-75.54598,5.39431],[-75.54596,5.39432],[-75.54596,5.39432],[-75.54595,5.39433],[-75.54595,5.39434],[-75.54594,5.39434],[-75.54594,5.39434],[-75.54594,5.39435],[-75.54594,5.39436],[-75.54593,5.39438],[-75.54592,5.3944],[-75.5459,5.39441],[-75.54588,5.39442],[-75.54587,5.39442],[-75.54583,5.39441],[-75.54583,5.39441],[-75.54583,5.39441],[-75.54582,5.39441],[-75.54582,5.39442],[-75.54581,5.39442],[-75.54581,5.39442],[-75.54581,5.3944],[-75.54581,5.3944],[-75.54581,5.39439],[-75.5458,5.39434],[-75.54579,5.39433],[-75.5458,5.39431],[-75.5458,5.3943],[-75.54581,5.39428],[-75.54581,5.39428],[-75.54581,5.39428],[-75.54581,5.39427],[-75.54581,5.39427],[-75.54581,5.39425],[-75.54585,5.39422],[-75.54585,5.39422],[-75.54585,5.39422],[-75.54586,5.39421],[-75.54586,5.39421],[-75.54586,5.39421],[-75.54587,5.3942],[-75.54587,5.39419],[-75.54587,5.39419],[-75.54587,5.39417],[-75.54587,5.39417],[-75.54587,5.39416],[-75.54587,5.39415],[-75.54587,5.39414],[-75.54587,5.39414],[-75.54586,5.39414],[-75.54586,5.39413],[-75.54586,5.39412],[-75.54586,5.39412],[-75.54586,5.39412],[-75.54586,5.39411],[-75.54585,5.39411],[-75.54585,5.3941],[-75.54587,5.39409],[-75.54587,5.39409],[-75.54587,5.39408],[-75.54588,5.39407],[-75.54588,5.39407],[-75.54588,5.39407],[-75.54589,5.39405],[-75.54589,5.39405],[-75.54589,5.39404],[-75.54589,5.39404],[-75.54589,5.39403],[-75.54589,5.39403],[-75.54588,5.39403],[-75.54588,5.39402],[-75.54588,5.39401],[-75.54588,5.39401],[-75.54588,5.39401],[-75.54588,5.39401],[-75.54588,5.39401],[-75.54589,5.394],[-75.54589,5.39399],[-75.5459,5.39399],[-75.5459,5.39399],[-75.5459,5.39397],[-75.54591,5.39397],[-75.54591,5.39397],[-75.54591,5.39395],[-75.54591,5.39395],[-75.54591,5.39394],[-75.54591,5.39392],[-75.54591,5.39392],[-75.54591,5.39392],[-75.54591,5.3939],[-75.54591,5.3939],[-75.54591,5.3939],[-75.54591,5.39388],[-75.5459,5.39388],[-75.5459,5.39387],[-75.5459,5.39386],[-75.5459,5.39386],[-75.54589,5.39385],[-75.54589,5.39384],[-75.54588,5.39384],[-75.54588,5.39384],[-75.54588,5.39383],[-75.54587,5.39383],[-75.54587,5.39383],[-75.54587,5.39383],[-75.54586,5.39383],[-75.54586,5.39383],[-75.54585,5.39383],[-75.54585,5.39383],[-75.54585,5.39383],[-75.54584,5.39383],[-75.54584,5.39383],[-75.54584,5.39384],[-75.54583,5.39384],[-75.54583,5.39385],[-75.54583,5.39385],[-75.54583,5.39386],[-75.54583,5.39386],[-75.54583,5.39386],[-75.54584,5.39387],[-75.54584,5.39387],[-75.54584,5.39387],[-75.54585,5.39388],[-75.54585,5.39389],[-75.54586,5.39391],[-75.54586,5.39392],[-75.54586,5.39394],[-75.54585,5.39395],[-75.54585,5.39396],[-75.54584,5.39397],[-75.54584,5.39397],[-75.54584,5.39397],[-75.54584,5.39398],[-75.54583,5.39399],[-75.54583,5.39399],[-75.54583,5.394],[-75.54583,5.39401],[-75.54583,5.39401],[-75.54583,5.39402],[-75.54583,5.39403],[-75.54583,5.39403],[-75.54583,5.39403],[-75.54583,5.39404],[-75.54583,5.39405],[-75.54583,5.39405],[-75.54581,5.39407],[-75.54581,5.39407],[-75.54581,5.39408],[-75.5458,5.39408],[-75.5458,5.39409],[-75.5458,5.39409],[-75.5458,5.3941],[-75.5458,5.3941],[-75.5458,5.39411],[-75.5458,5.39412],[-75.5458,5.39412],[-75.5458,5.39413],[-75.5458,5.39413],[-75.5458,5.39413],[-75.54581,5.39413],[-75.54581,5.39414],[-75.54581,5.39414],[-75.54581,5.39414],[-75.54581,5.39415],[-75.54581,5.39415],[-75.54582,5.39416],[-75.54582,5.39417],[-75.54582,5.39418],[-75.54581,5.39418],[-75.54578,5.39421],[-75.54578,5.39421],[-75.54577,5.39421],[-75.54577,5.39422],[-75.54577,5.39422],[-75.54576,5.39422],[-75.54576,5.39423],[-75.54576,5.39424],[-75.54576,5.39424],[-75.54576,5.39426],[-75.54575,5.39428],[-75.54575,5.39428],[-75.54574,5.3943],[-75.54574,5.3943],[-75.54574,5.39431],[-75.54574,5.39432],[-75.54574,5.39433],[-75.54574,5.39433],[-75.54574,5.39435],[-75.54574,5.39435],[-75.54574,5.39436],[-75.54575,5.39441],[-75.54576,5.39442],[-75.54576,5.39444],[-75.54575,5.39446],[-75.54575,5.39447],[-75.54568,5.39455],[-75.54568,5.39455],[-75.54564,5.3946],[-75.54563,5.39461],[-75.54562,5.39462],[-75.54561,5.39462],[-75.5456,5.39462],[-75.5456,5.39462],[-75.54559,5.39462],[-75.54559,5.39462],[-75.54559,5.39462],[-75.54558,5.39462],[-75.54558,5.39463],[-75.54558,5.39463],[-75.54557,5.39463],[-75.54557,5.39464],[-75.54557,5.39464],[-75.54556,5.39464],[-75.54556,5.39465],[-75.54556,5.39465],[-75.54555,5.39465],[-75.54554,5.39465],[-75.54554,5.39465],[-75.54553,5.39466],[-75.54553,5.39466],[-75.54552,5.39466],[-75.54552,5.39466],[-75.54551,5.39467],[-75.54551,5.39467],[-75.54551,5.39467],[-75.54549,5.39471],[-75.54548,5.39471],[-75.54547,5.39472],[-75.54546,5.39472],[-75.54546,5.39472],[-75.54545,5.39473],[-75.54545,5.39473],[-75.54545,5.39473],[-75.54543,5.39475],[-75.54543,5.39475],[-75.54542,5.39475],[-75.54542,5.39476],[-75.54541,5.39476],[-75.54541,5.39476],[-75.5454,5.39477],[-75.5454,5.39477],[-75.54539,5.39478],[-75.54539,5.39478],[-75.54539,5.39478],[-75.54539,5.39479],[-75.54539,5.3948],[-75.54539,5.3948],[-75.54539,5.39481],[-75.54538,5.39481],[-75.54538,5.39481],[-75.54537,5.39481],[-75.54537,5.39481],[-75.54536,5.39481],[-75.54536,5.39482],[-75.54535,5.39482],[-75.54535,5.39482],[-75.54534,5.39482],[-75.54534,5.39483],[-75.54534,5.39483],[-75.54532,5.39485],[-75.54532,5.39485],[-75.54532,5.39486],[-75.54532,5.39486],[-75.54532,5.39487],[-75.54532,5.39487],[-75.54531,5.39488],[-75.54531,5.39488],[-75.54531,5.39488],[-75.5453,5.39489],[-75.5453,5.39489],[-75.5453,5.3949],[-75.5453,5.39491],[-75.5453,5.39491],[-75.5453,5.39491],[-75.5453,5.39492],[-75.5453,5.39493],[-75.5453,5.39494],[-75.54529,5.39494],[-75.54529,5.39494],[-75.54529,5.39495],[-75.54529,5.39495],[-75.54528,5.39495],[-75.54528,5.39497],[-75.54528,5.39497],[-75.54528,5.39497],[-75.54528,5.39498],[-75.54528,5.39498],[-75.54528,5.39499],[-75.54528,5.395],[-75.54528,5.395],[-75.54528,5.395],[-75.54528,5.39501],[-75.54528,5.39502],[-75.54528,5.39502],[-75.54528,5.39503],[-75.54528,5.39503],[-75.54528,5.39503],[-75.54529,5.39504],[-75.54529,5.39505],[-75.54528,5.39505],[-75.54528,5.39505],[-75.54528,5.39505],[-75.54527,5.39506],[-75.54527,5.39507],[-75.54527,5.39507],[-75.54526,5.39508],[-75.54526,5.39509],[-75.54526,5.39509],[-75.54526,5.3951],[-75.54526,5.3951],[-75.54526,5.3951],[-75.54526,5.39511],[-75.54526,5.39512],[-75.54526,5.39512],[-75.54525,5.39512],[-75.54525,5.39512],[-75.54524,5.39512],[-75.54524,5.39512],[-75.54524,5.39512],[-75.54523,5.39512],[-75.54523,5.39512],[-75.54522,5.39513],[-75.54522,5.39513],[-75.54522,5.39513],[-75.54522,5.39513],[-75.54521,5.39514],[-75.54521,5.39514],[-75.54521,5.39514],[-75.5452,5.39514],[-75.5452,5.39515],[-75.5452,5.39515],[-75.5452,5.39516],[-75.54519,5.39517],[-75.54519,5.39518],[-75.54517,5.3952],[-75.54517,5.3952],[-75.54517,5.3952],[-75.54516,5.39521],[-75.54516,5.39521],[-75.54516,5.39521],[-75.54515,5.39524],[-75.54514,5.39524],[-75.54513,5.39526],[-75.54513,5.39526],[-75.54512,5.39526],[-75.54512,5.39526],[-75.54511,5.39526],[-75.54511,5.39526],[-75.5451,5.39527],[-75.5451,5.39527],[-75.54509,5.39527],[-75.54509,5.39527],[-75.54507,5.39529],[-75.54507,5.39529],[-75.54505,5.3953],[-75.54505,5.3953],[-75.54505,5.3953],[-75.54504,5.3953],[-75.54504,5.3953],[-75.54503,5.39532],[-75.54502,5.39532],[-75.54501,5.39532],[-75.54501,5.39532],[-75.545,5.39532],[-75.545,5.39532],[-75.545,5.39532],[-75.54499,5.39532],[-75.54499,5.39533],[-75.54498,5.39533],[-75.54498,5.39533],[-75.54497,5.39535],[-75.54497,5.39535],[-75.54496,5.39535],[-75.54495,5.39536],[-75.54494,5.39536],[-75.54494,5.39536],[-75.54493,5.39536],[-75.54493,5.39536],[-75.54493,5.39537],[-75.54492,5.39537],[-75.54491,5.39538],[-75.54488,5.39539],[-75.54488,5.3954],[-75.54488,5.3954],[-75.54487,5.3954],[-75.54487,5.3954],[-75.54487,5.3954],[-75.54486,5.39541],[-75.54486,5.39541],[-75.54485,5.39541],[-75.54485,5.39541],[-75.54485,5.39541],[-75.54484,5.39542],[-75.54483,5.39541],[-75.54483,5.39541],[-75.54483,5.39541],[-75.54482,5.39541],[-75.54482,5.39541],[-75.54481,5.39542],[-75.54481,5.39542],[-75.5448,5.39542],[-75.5448,5.39542],[-75.5448,5.39542],[-75.54479,5.39543],[-75.54479,5.39543],[-75.54477,5.39545],[-75.54477,5.39546],[-75.54477,5.39546],[-75.54476,5.39545],[-75.54476,5.39545],[-75.54476,5.39545],[-75.54475,5.39545],[-75.54475,5.39545],[-75.54475,5.39545],[-75.54475,5.39543],[-75.54475,5.39543],[-75.54475,5.39542],[-75.54476,5.39542],[-75.5448,5.39539],[-75.5448,5.39539],[-75.54481,5.39538],[-75.54482,5.39537],[-75.54482,5.39537],[-75.54483,5.39536],[-75.54483,5.39535],[-75.54483,5.39535],[-75.54483,5.39535],[-75.54483,5.39534],[-75.54483,5.39534],[-75.54483,5.39533],[-75.54483,5.39533],[-75.54483,5.39532],[-75.54483,5.39532],[-75.54482,5.39532],[-75.54482,5.39531],[-75.54482,5.39531],[-75.54482,5.39528],[-75.54482,5.39528],[-75.54482,5.39527],[-75.54482,5.39526],[-75.54482,5.39526],[-75.54482,5.39526],[-75.54482,5.39525],[-75.54481,5.39524],[-75.54481,5.39522],[-75.5448,5.39521],[-75.54481,5.39519],[-75.54481,5.39518],[-75.54482,5.39516],[-75.54482,5.39516],[-75.54485,5.39514],[-75.54485,5.39514],[-75.54485,5.39513],[-75.54486,5.39512],[-75.54486,5.39512],[-75.54486,5.39512],[-75.54486,5.39511],[-75.54487,5.3951],[-75.54487,5.3951],[-75.54487,5.39509],[-75.54486,5.39507],[-75.54486,5.39506],[-75.54486,5.39506],[-75.5449,5.39504],[-75.5449,5.39504],[-75.5449,5.39503],[-75.54491,5.39503],[-75.54491,5.39502],[-75.54491,5.39502],[-75.54491,5.39502],[-75.54491,5.39501],[-75.54491,5.39501],[-75.54491,5.395],[-75.54491,5.395],[-75.54491,5.395],[-75.54492,5.39499],[-75.54495,5.39497],[-75.54495,5.39497],[-75.54496,5.39496],[-75.54496,5.39496],[-75.54497,5.39495],[-75.54497,5.39495],[-75.54497,5.39495],[-75.54497,5.39494],[-75.54497,5.39494],[-75.54498,5.39493],[-75.54498,5.39493],[-75.54498,5.39493],[-75.54498,5.39492],[-75.54498,5.39491],[-75.54499,5.3949],[-75.54499,5.3949],[-75.545,5.3949],[-75.545,5.3949],[-75.545,5.39489],[-75.545,5.39489],[-75.545,5.39488],[-75.545,5.39488],[-75.54501,5.39487],[-75.54501,5.39487],[-75.54502,5.39487],[-75.54502,5.39486],[-75.54502,5.39486],[-75.54502,5.39485],[-75.54503,5.39485],[-75.54503,5.39485],[-75.54503,5.39485],[-75.54503,5.39484],[-75.54503,5.39484],[-75.54504,5.39483],[-75.54504,5.39483],[-75.54504,5.39482],[-75.54504,5.39481],[-75.54504,5.39481],[-75.54504,5.39481],[-75.54505,5.3948],[-75.54505,5.39479],[-75.54505,5.39479],[-75.54504,5.39478],[-75.54504,5.39477],[-75.54504,5.39477],[-75.54504,5.39477],[-75.54504,5.39476],[-75.54503,5.39476],[-75.54503,5.39476],[-75.54503,5.39476],[-75.54502,5.39475],[-75.54502,5.39475],[-75.54501,5.39475],[-75.54501,5.39476],[-75.545,5.39476],[-75.545,5.39476],[-75.545,5.39476],[-75.54499,5.39477],[-75.54499,5.39477],[-75.54499,5.39477],[-75.54499,5.39478],[-75.54499,5.39478],[-75.54499,5.39479],[-75.54499,5.3948],[-75.54499,5.39481],[-75.54499,5.39481],[-75.54498,5.39482],[-75.54498,5.39482],[-75.54498,5.39482],[-75.54497,5.39483],[-75.54497,5.39483],[-75.54497,5.39483],[-75.54496,5.39484],[-75.54496,5.39484],[-75.54496,5.39484],[-75.54496,5.39485],[-75.54495,5.39485],[-75.54495,5.39486],[-75.54495,5.39486],[-75.54495,5.39487],[-75.54494,5.39487],[-75.54494,5.39487],[-75.54494,5.39488],[-75.54493,5.39488],[-75.54493,5.39489],[-75.54493,5.39489],[-75.54493,5.39489],[-75.54493,5.3949],[-75.54493,5.39491],[-75.54493,5.39492],[-75.54492,5.39492],[-75.54492,5.39492],[-75.54488,5.39495],[-75.54488,5.39495],[-75.54488,5.39496],[-75.54487,5.39497],[-75.54487,5.39497],[-75.54487,5.39497],[-75.54486,5.39498],[-75.54486,5.39499],[-75.54486,5.39499],[-75.54486,5.39499],[-75.54486,5.395],[-75.54483,5.39502],[-75.54483,5.39502],[-75.54483,5.39502],[-75.54482,5.39503],[-75.54482,5.39503],[-75.54482,5.39503],[-75.54481,5.39504],[-75.54481,5.39504],[-75.54481,5.39505],[-75.54481,5.39505],[-75.54481,5.39506],[-75.54481,5.39507],[-75.54481,5.39507],[-75.54481,5.39509],[-75.54481,5.3951],[-75.54481,5.3951],[-75.54479,5.39512],[-75.54479,5.39512],[-75.54478,5.39513],[-75.54478,5.39513],[-75.54477,5.39513],[-75.54476,5.39516],[-75.54476,5.39516],[-75.54476,5.39516],[-75.54475,5.39518],[-75.54475,5.39518],[-75.54475,5.39519],[-75.54475,5.39521],[-75.54475,5.39521],[-75.54475,5.39521],[-75.54475,5.39523],[-75.54475,5.39523],[-75.54475,5.39524],[-75.54476,5.39525],[-75.54476,5.39526],[-75.54476,5.39526],[-75.54477,5.39527],[-75.54477,5.39528],[-75.54476,5.3953],[-75.54476,5.39531],[-75.54476,5.39531],[-75.54477,5.39532],[-75.54477,5.39533],[-75.54477,5.39533],[-75.54477,5.39533],[-75.54477,5.39534],[-75.54477,5.39534],[-75.54472,5.39537],[-75.54472,5.39538],[-75.54472,5.39538],[-75.54471,5.39539],[-75.54471,5.39539],[-75.5447,5.3954],[-75.5447,5.39541],[-75.5447,5.39541],[-75.54469,5.39541],[-75.54469,5.39542],[-75.54469,5.39543],[-75.54469,5.39545],[-75.54469,5.39545],[-75.54468,5.39546],[-75.54468,5.39546],[-75.54467,5.39547],[-75.54467,5.39547],[-75.54467,5.39548],[-75.54466,5.39548],[-75.54466,5.39549],[-75.54466,5.39549],[-75.54466,5.39549],[-75.54466,5.3955],[-75.54466,5.3955],[-75.54466,5.39551],[-75.54466,5.39551],[-75.54466,5.39551],[-75.54465,5.39553],[-75.54464,5.39554],[-75.54461,5.39557],[-75.54461,5.39557],[-75.54461,5.39557],[-75.54459,5.39558],[-75.54459,5.39558],[-75.54459,5.39558],[-75.54458,5.39559],[-75.54458,5.3956],[-75.54458,5.3956],[-75.54457,5.39561],[-75.54457,5.39562],[-75.54457,5.39562],[-75.54457,5.39563],[-75.54457,5.39564],[-75.54457,5.39564],[-75.54456,5.39564],[-75.54455,5.39565],[-75.54454,5.39565],[-75.54452,5.39564],[-75.54451,5.39564],[-75.54451,5.39564],[-75.54451,5.39564],[-75.5445,5.39564],[-75.5445,5.39564],[-75.54449,5.39564],[-75.54449,5.39565],[-75.54449,5.39565],[-75.54449,5.39565],[-75.54448,5.39565],[-75.54448,5.39565],[-75.54448,5.39566],[-75.54447,5.39566],[-75.54447,5.39566],[-75.54447,5.39566],[-75.54446,5.39567],[-75.54444,5.3957],[-75.54444,5.3957],[-75.54443,5.3957],[-75.54443,5.3957],[-75.54443,5.3957],[-75.54442,5.3957],[-75.54442,5.3957],[-75.54438,5.39573],[-75.54438,5.39573],[-75.54437,5.39573],[-75.54434,5.39576],[-75.54432,5.39578],[-75.54432,5.39578],[-75.54431,5.39579],[-75.54431,5.39579],[-75.54431,5.39579],[-75.54431,5.3958],[-75.5443,5.3958],[-75.5443,5.39581],[-75.5443,5.39581],[-75.5443,5.39582],[-75.54429,5.39582],[-75.54429,5.39583],[-75.54429,5.39583],[-75.54429,5.39583],[-75.54428,5.39584],[-75.54428,5.39584],[-75.54428,5.39585],[-75.54428,5.39585],[-75.54428,5.39585],[-75.54428,5.39586],[-75.54427,5.39587],[-75.54426,5.39587],[-75.54426,5.39587],[-75.54426,5.39588],[-75.54425,5.39588],[-75.54425,5.39588],[-75.54425,5.39589],[-75.54425,5.3959],[-75.54424,5.3959],[-75.54424,5.3959],[-75.54424,5.39592],[-75.54423,5.39593],[-75.54423,5.39593],[-75.54423,5.39593],[-75.54422,5.39594],[-75.54422,5.39594],[-75.54422,5.39595],[-75.54421,5.39596],[-75.54421,5.39596],[-75.54421,5.39596],[-75.5442,5.39599],[-75.54419,5.39601],[-75.54417,5.39603],[-75.54415,5.39605],[-75.54413,5.39606],[-75.54412,5.39606],[-75.54411,5.39606],[-75.54411,5.39607],[-75.54411,5.39607],[-75.5441,5.39608],[-75.54409,5.39608],[-75.54409,5.39608],[-75.54408,5.3961],[-75.54407,5.3961],[-75.54407,5.39611],[-75.54407,5.39611],[-75.54406,5.39611],[-75.54406,5.39611],[-75.54405,5.39612],[-75.54405,5.39612],[-75.54405,5.39612],[-75.54405,5.39613],[-75.54405,5.39613],[-75.54405,5.39613],[-75.54405,5.39614],[-75.54405,5.39615],[-75.54405,5.39616],[-75.54404,5.39616],[-75.54403,5.39617],[-75.54403,5.39617],[-75.54403,5.39617],[-75.54403,5.39618],[-75.54403,5.39618],[-75.54402,5.39618],[-75.54402,5.39619],[-75.54402,5.3962],[-75.54402,5.39621],[-75.54402,5.39621],[-75.54401,5.39621],[-75.54401,5.39622],[-75.54401,5.39622],[-75.54401,5.39623],[-75.54401,5.39623],[-75.54401,5.39624],[-75.54401,5.39624],[-75.544,5.39625],[-75.54399,5.39625],[-75.54399,5.39626],[-75.54398,5.39627],[-75.54398,5.39627],[-75.54398,5.39628],[-75.54398,5.39629],[-75.54398,5.39629],[-75.54398,5.39629],[-75.54398,5.3963],[-75.54398,5.39631],[-75.54398,5.39631],[-75.54398,5.39632],[-75.54398,5.39632],[-75.54398,5.39633],[-75.54398,5.39633],[-75.54398,5.39634],[-75.54398,5.39634],[-75.54399,5.39635],[-75.54399,5.39635],[-75.544,5.39636],[-75.544,5.39636],[-75.544,5.39636],[-75.544,5.39637],[-75.544,5.39637],[-75.544,5.39638],[-75.54399,5.39638],[-75.54399,5.39639],[-75.54399,5.3964],[-75.54399,5.3964],[-75.54399,5.39641],[-75.544,5.39646],[-75.544,5.39647],[-75.544,5.39648],[-75.544,5.39648],[-75.54399,5.39649],[-75.54396,5.39651],[-75.54396,5.39651],[-75.54396,5.39651],[-75.54395,5.39652],[-75.54395,5.39652],[-75.54395,5.39653],[-75.54394,5.39653],[-75.54394,5.39654],[-75.54394,5.39654],[-75.54394,5.39654],[-75.54394,5.39656],[-75.54394,5.39656],[-75.54394,5.39656],[-75.54394,5.39659],[-75.54394,5.39659],[-75.54392,5.39661],[-75.54392,5.39661],[-75.54392,5.39662],[-75.54391,5.39663],[-75.54391,5.39663],[-75.54391,5.39663],[-75.54391,5.39664],[-75.54391,5.39665],[-75.54391,5.39665],[-75.54391,5.39665],[-75.5439,5.39666],[-75.5439,5.39666],[-75.5439,5.39666],[-75.5439,5.39667],[-75.5439,5.39667],[-75.54389,5.39668],[-75.54388,5.39669],[-75.54388,5.39669],[-75.54388,5.3967],[-75.54388,5.3967],[-75.54387,5.3967],[-75.54387,5.39671],[-75.54387,5.39671],[-75.54387,5.39671],[-75.54387,5.39672],[-75.54387,5.39672],[-75.54386,5.39672],[-75.54386,5.39672],[-75.54386,5.39672],[-75.54386,5.39672],[-75.54386,5.39673],[-75.54385,5.39674],[-75.54385,5.39674],[-75.54385,5.39674],[-75.54385,5.39674],[-75.54384,5.39675],[-75.54384,5.39676],[-75.54383,5.39676],[-75.54383,5.39676],[-75.54383,5.39677],[-75.54383,5.39677],[-75.54382,5.39678],[-75.54382,5.39678],[-75.54382,5.39678],[-75.54382,5.39679],[-75.54382,5.39679],[-75.54382,5.39679],[-75.54382,5.39679],[-75.54382,5.3968],[-75.54382,5.3968],[-75.54382,5.3968],[-75.54382,5.3968],[-75.54381,5.3968],[-75.54381,5.39681],[-75.54381,5.39681],[-75.5438,5.39681],[-75.5438,5.39681],[-75.5438,5.39681],[-75.5438,5.39681],[-75.5438,5.39681],[-75.5438,5.39681],[-75.5438,5.39682],[-75.54379,5.39683],[-75.54378,5.39683],[-75.54378,5.39683],[-75.54378,5.39683],[-75.54378,5.39683],[-75.54378,5.39683],[-75.54377,5.39684],[-75.54377,5.39684],[-75.54376,5.39684],[-75.54376,5.39684],[-75.54376,5.39684],[-75.54376,5.39684],[-75.54376,5.39684],[-75.54375,5.39685],[-75.54375,5.39685],[-75.54374,5.39685],[-75.54374,5.39685],[-75.54374,5.39685],[-75.54374,5.39685],[-75.54373,5.39687],[-75.54373,5.39687],[-75.54373,5.39687],[-75.54373,5.39687],[-75.54371,5.3969],[-75.54371,5.3969],[-75.54371,5.3969],[-75.5437,5.39692],[-75.5437,5.39692],[-75.5437,5.39692],[-75.54369,5.39693],[-75.54369,5.39693],[-75.54369,5.39693],[-75.54369,5.39694],[-75.54369,5.39694],[-75.54369,5.39694],[-75.54369,5.39694],[-75.54369,5.39694],[-75.54369,5.39694],[-75.54368,5.39694],[-75.54368,5.39694],[-75.54368,5.39694],[-75.54368,5.39694],[-75.54368,5.39694],[-75.54368,5.39694],[-75.54367,5.39695],[-75.54367,5.39695],[-75.54367,5.39695],[-75.54367,5.39695],[-75.54367,5.39695],[-75.54367,5.39696],[-75.54366,5.39696],[-75.54366,5.39696],[-75.54366,5.39696],[-75.54366,5.39697],[-75.54366,5.39697],[-75.54366,5.39698],[-75.54366,5.39698],[-75.54366,5.39698],[-75.54365,5.39698],[-75.54365,5.39698],[-75.54365,5.39698],[-75.54365,5.39698],[-75.54365,5.39698],[-75.54365,5.39698],[-75.54363,5.39698],[-75.54363,5.39698],[-75.54363,5.39698],[-75.54362,5.39698],[-75.54361,5.39699],[-75.54361,5.39699],[-75.54361,5.39699],[-75.54361,5.39699],[-75.54361,5.39699],[-75.54359,5.397],[-75.54359,5.397],[-75.54359,5.397],[-75.54355,5.39699],[-75.54355,5.39699],[-75.54354,5.39699],[-75.54354,5.39699],[-75.54354,5.39699],[-75.54354,5.39699],[-75.54354,5.39699],[-75.54353,5.39699],[-75.54353,5.39699],[-75.54353,5.39699],[-75.54352,5.39699],[-75.54352,5.39699],[-75.54352,5.39699],[-75.54352,5.39699],[-75.54351,5.397],[-75.54351,5.397],[-75.54351,5.397],[-75.54351,5.397],[-75.54351,5.397],[-75.54351,5.397],[-75.5435,5.39701],[-75.5435,5.39701],[-75.5435,5.397],[-75.5435,5.397],[-75.5435,5.397],[-75.5435,5.397],[-75.5435,5.397],[-75.54349,5.397],[-75.54349,5.397],[-75.54349,5.397],[-75.54349,5.397],[-75.54349,5.397],[-75.54349,5.397],[-75.54348,5.397],[-75.54348,5.397],[-75.54348,5.397],[-75.54348,5.397],[-75.54348,5.397],[-75.54347,5.397],[-75.54347,5.397],[-75.54347,5.397],[-75.54347,5.397],[-75.54347,5.397],[-75.54347,5.39701],[-75.54347,5.39701],[-75.54346,5.39701],[-75.54346,5.39701],[-75.54346,5.39701],[-75.54346,5.39701],[-75.54346,5.39701],[-75.54346,5.39702],[-75.54346,5.39702],[-75.54346,5.39702],[-75.54346,5.39702],[-75.54346,5.39702],[-75.54346,5.39702],[-75.54346,5.39703],[-75.54346,5.39703],[-75.54346,5.39703],[-75.54346,5.39703],[-75.54346,5.39703],[-75.54346,5.39704],[-75.54346,5.39704],[-75.54346,5.39704],[-75.54346,5.39704],[-75.54346,5.39704],[-75.54346,5.39704],[-75.54346,5.39704],[-75.54347,5.39705],[-75.54347,5.39705],[-75.54347,5.39705],[-75.54347,5.39705],[-75.54347,5.39705],[-75.54348,5.39705],[-75.54348,5.39706],[-75.54348,5.39706],[-75.54348,5.39706],[-75.54348,5.39706],[-75.54349,5.39706],[-75.54349,5.39706],[-75.54349,5.39706],[-75.54349,5.39706],[-75.54349,5.39706],[-75.5435,5.39706],[-75.5435,5.39706],[-75.5435,5.39706],[-75.5435,5.39706],[-75.54351,5.39706],[-75.54351,5.39706],[-75.54351,5.39706],[-75.54352,5.39706],[-75.54352,5.39706],[-75.54352,5.39706],[-75.54352,5.39706],[-75.54353,5.39706],[-75.54353,5.39706],[-75.54353,5.39706],[-75.54353,5.39705],[-75.54353,5.39705],[-75.54353,5.39705],[-75.54353,5.39705],[-75.54354,5.39705],[-75.54354,5.39704],[-75.54358,5.39705],[-75.54358,5.39705],[-75.54359,5.39705],[-75.54359,5.39705],[-75.5436,5.39705],[-75.5436,5.39705],[-75.5436,5.39705],[-75.5436,5.39705],[-75.54361,5.39705],[-75.54361,5.39705],[-75.54362,5.39705],[-75.54362,5.39705],[-75.54362,5.39705],[-75.54362,5.39705],[-75.54362,5.39705],[-75.54362,5.39704],[-75.54363,5.39704],[-75.54364,5.39703],[-75.54365,5.39703],[-75.54367,5.39703],[-75.54367,5.39703],[-75.54367,5.39703],[-75.54367,5.39703],[-75.54368,5.39703],[-75.54368,5.39703],[-75.54368,5.39703],[-75.54368,5.39703],[-75.54369,5.39703],[-75.54369,5.39703],[-75.54369,5.39703],[-75.54369,5.39703],[-75.54369,5.39703],[-75.54369,5.39703],[-75.5437,5.39702],[-75.5437,5.39702],[-75.5437,5.39702],[-75.5437,5.39702],[-75.5437,5.39702],[-75.5437,5.39702],[-75.54371,5.39701],[-75.54371,5.39701],[-75.54371,5.39701],[-75.54371,5.39701],[-75.54371,5.39701],[-75.54371,5.39701],[-75.54371,5.397],[-75.54371,5.397],[-75.54371,5.397],[-75.54371,5.397],[-75.54371,5.39699],[-75.54371,5.39699],[-75.54371,5.39699],[-75.54371,5.39699],[-75.54371,5.39699],[-75.54371,5.39699],[-75.54371,5.39699],[-75.54371,5.39699],[-75.54372,5.39699],[-75.54372,5.39699],[-75.54372,5.39699],[-75.54373,5.39698],[-75.54373,5.39698],[-75.54373,5.39698],[-75.54374,5.39698],[-75.54375,5.39698],[-75.54375,5.39698],[-75.54376,5.39698],[-75.54376,5.39698],[-75.54376,5.39697],[-75.54377,5.39697],[-75.54378,5.39696],[-75.54378,5.39696],[-75.5438,5.39695],[-75.54381,5.39695],[-75.54383,5.39695],[-75.54384,5.39696],[-75.54386,5.39696],[-75.54388,5.39697],[-75.5439,5.39698],[-75.5439,5.39698],[-75.5439,5.39698],[-75.54391,5.39698],[-75.54393,5.39698],[-75.54395,5.39699],[-75.54395,5.397],[-75.54395,5.397],[-75.54396,5.397],[-75.54397,5.39701],[-75.54397,5.39701],[-75.54398,5.39701],[-75.54398,5.39701],[-75.54398,5.39701],[-75.544,5.39701],[-75.544,5.39701],[-75.54401,5.39701],[-75.54401,5.39702],[-75.54401,5.39702],[-75.54402,5.39703],[-75.54402,5.39703],[-75.54402,5.39703],[-75.54403,5.39703],[-75.54403,5.39703],[-75.54403,5.39704],[-75.54404,5.39704],[-75.54404,5.39704],[-75.54405,5.39703],[-75.54405,5.39704],[-75.54406,5.39705],[-75.54409,5.39708],[-75.54409,5.39709],[-75.54409,5.39709],[-75.54411,5.3971],[-75.54411,5.3971],[-75.54412,5.3971],[-75.54413,5.39711],[-75.54414,5.39711],[-75.54416,5.39712],[-75.54416,5.39712],[-75.54418,5.39712],[-75.54425,5.39713],[-75.54425,5.39714],[-75.54426,5.39714],[-75.54426,5.39714],[-75.54426,5.39715],[-75.54427,5.39715],[-75.54427,5.39715],[-75.54427,5.39715],[-75.54428,5.39715],[-75.54429,5.39715],[-75.54429,5.39715],[-75.5443,5.39715],[-75.54433,5.39719],[-75.54433,5.39719],[-75.54433,5.39719],[-75.54434,5.3972],[-75.54434,5.3972],[-75.54435,5.3972],[-75.54435,5.39721],[-75.54436,5.39721],[-75.54436,5.39721],[-75.54437,5.39721],[-75.54439,5.39721],[-75.5444,5.39722],[-75.5444,5.39723],[-75.5444,5.39723],[-75.54441,5.39723],[-75.54441,5.39723],[-75.54442,5.39724],[-75.54442,5.39724],[-75.54443,5.39724],[-75.54443,5.39724],[-75.54443,5.39724],[-75.54444,5.39724],[-75.54445,5.39724],[-75.54445,5.39724],[-75.54445,5.39725],[-75.54445,5.39725],[-75.54446,5.39725],[-75.54447,5.39725],[-75.54447,5.39725],[-75.54447,5.39725],[-75.54448,5.39725],[-75.5445,5.39725],[-75.54451,5.39726],[-75.54451,5.39726],[-75.54452,5.39726],[-75.54452,5.39726],[-75.54453,5.39726],[-75.54453,5.39726],[-75.54453,5.39726],[-75.54455,5.39729],[-75.54455,5.39729],[-75.54455,5.39729],[-75.54456,5.39729],[-75.54456,5.3973],[-75.54456,5.3973],[-75.54457,5.3973],[-75.54457,5.3973],[-75.54458,5.3973],[-75.54458,5.3973],[-75.5446,5.3973],[-75.54461,5.39732],[-75.54461,5.39732],[-75.54462,5.39732],[-75.54462,5.39732],[-75.54464,5.39733],[-75.54464,5.39733],[-75.54465,5.39733],[-75.54468,5.39734],[-75.54468,5.39734],[-75.54468,5.39734],[-75.54471,5.39734],[-75.54471,5.39734],[-75.54472,5.39735],[-75.54472,5.39735],[-75.54473,5.39735],[-75.54473,5.39735],[-75.54473,5.39736],[-75.54474,5.39736],[-75.54474,5.39736],[-75.54475,5.39736],[-75.54475,5.39736],[-75.54476,5.39736],[-75.54476,5.39736],[-75.54477,5.39737],[-75.54479,5.39741],[-75.54479,5.39741],[-75.54479,5.39741],[-75.5448,5.39742],[-75.5448,5.39742],[-75.54481,5.39742],[-75.54481,5.39742],[-75.54482,5.39743],[-75.54482,5.39743],[-75.54483,5.39743],[-75.54483,5.39743],[-75.54485,5.39743],[-75.54485,5.39744],[-75.54486,5.39744],[-75.54486,5.39744],[-75.54486,5.39745],[-75.54487,5.39745],[-75.54487,5.39745],[-75.54488,5.39745],[-75.54488,5.39745],[-75.54489,5.39745],[-75.54489,5.39745],[-75.5449,5.39745],[-75.54492,5.39747],[-75.54492,5.39748],[-75.54492,5.39748],[-75.54493,5.39748],[-75.54494,5.39749],[-75.54494,5.39749],[-75.54495,5.39749],[-75.54495,5.39749],[-75.54495,5.39749],[-75.54496,5.39749],[-75.54497,5.39749],[-75.54497,5.39749],[-75.54497,5.39749],[-75.54498,5.39749],[-75.54498,5.3975],[-75.54498,5.3975],[-75.54499,5.3975],[-75.545,5.3975],[-75.54501,5.3975]]],[[[-75.5482,5.39792],[-75.54819,5.39793],[-75.54819,5.39793],[-75.54818,5.39798],[-75.54818,5.39798],[-75.54817,5.39802],[-75.54815,5.39808],[-75.54809,5.39812],[-75.54809,5.39812],[-75.54804,5.39816],[-75.54804,5.39816],[-75.54803,5.39817],[-75.54803,5.39817],[-75.54803,5.39818],[-75.54799,5.39829],[-75.54799,5.39829],[-75.54799,5.3983],[-75.54799,5.3983],[-75.548,5.3983],[-75.548,5.39831],[-75.548,5.39831],[-75.548,5.39832],[-75.54801,5.39832],[-75.54801,5.39832],[-75.54801,5.39832],[-75.54802,5.39832],[-75.54802,5.39832],[-75.54803,5.39832],[-75.54803,5.39832],[-75.54804,5.39832],[-75.54804,5.39831],[-75.54804,5.39831],[-75.54804,5.39831],[-75.54805,5.3983],[-75.54808,5.3982],[-75.54812,5.39817],[-75.54819,5.39812],[-75.5482,5.39812],[-75.5482,5.39812],[-75.5482,5.39812],[-75.5482,5.39811],[-75.5482,5.39811],[-75.54822,5.39804],[-75.54822,5.39803],[-75.54823,5.39799],[-75.54824,5.39795],[-75.54828,5.39792],[-75.54828,5.39792],[-75.54828,5.39792],[-75.54832,5.39792],[-75.54832,5.39792],[-75.54833,5.39792],[-75.54834,5.39792],[-75.54835,5.39792],[-75.54835,5.39792],[-75.54835,5.39792],[-75.54836,5.39791],[-75.54837,5.39791],[-75.54837,5.39791],[-75.54838,5.3979],[-75.54839,5.3979],[-75.54839,5.39789],[-75.5484,5.39788],[-75.5484,5.39788],[-75.54842,5.39784],[-75.54843,5.39783],[-75.54844,5.39783],[-75.54844,5.39782],[-75.54845,5.39782],[-75.54845,5.39782],[-75.54845,5.39782],[-75.54846,5.39782],[-75.54846,5.39782],[-75.54847,5.39782],[-75.54847,5.39782],[-75.54847,5.39782],[-75.54847,5.39781],[-75.54848,5.39781],[-75.54848,5.39781],[-75.54849,5.39781],[-75.54851,5.39781],[-75.54857,5.39782],[-75.54857,5.39783],[-75.54859,5.39783],[-75.5486,5.39783],[-75.54861,5.39783],[-75.54861,5.39783],[-75.54863,5.39783],[-75.54863,5.39783],[-75.54863,5.39783],[-75.54864,5.39782],[-75.54864,5.39782],[-75.54865,5.39782],[-75.54865,5.39781],[-75.54865,5.39781],[-75.54866,5.39781],[-75.54867,5.3978],[-75.54868,5.39779],[-75.54868,5.39779],[-75.54868,5.39778],[-75.54869,5.39777],[-75.54869,5.39777],[-75.54869,5.39777],[-75.54869,5.39776],[-75.54869,5.39776],[-75.54869,5.39775],[-75.54869,5.39775],[-75.54869,5.39774],[-75.54868,5.39774],[-75.54868,5.39773],[-75.54868,5.39773],[-75.54867,5.39773],[-75.54867,5.39772],[-75.54867,5.39772],[-75.54867,5.3977],[-75.54868,5.39769],[-75.54869,5.39767],[-75.54869,5.39767],[-75.54869,5.39766],[-75.54869,5.39766],[-75.54869,5.39766],[-75.54869,5.39764],[-75.5487,5.39763],[-75.5487,5.39763],[-75.54871,5.39762],[-75.54871,5.39762],[-75.54871,5.39761],[-75.54871,5.39761],[-75.54871,5.3976],[-75.54871,5.3976],[-75.54871,5.39759],[-75.54871,5.39757],[-75.54871,5.39756],[-75.54872,5.39756],[-75.54872,5.39756],[-75.54872,5.39755],[-75.54872,5.39755],[-75.54872,5.39754],[-75.54872,5.39754],[-75.54872,5.39753],[-75.54872,5.39752],[-75.54873,5.3975],[-75.54876,5.39746],[-75.54878,5.39744],[-75.54879,5.39743],[-75.54881,5.39742],[-75.54883,5.39742],[-75.54883,5.39741],[-75.54883,5.39741],[-75.54884,5.39741],[-75.54884,5.39741],[-75.54885,5.39741],[-75.54885,5.3974],[-75.54886,5.3974],[-75.54888,5.39737],[-75.54888,5.39737],[-75.54889,5.39737],[-75.5489,5.39737],[-75.5489,5.39736],[-75.54891,5.39736],[-75.54891,5.39746],[-75.54889,5.39749],[-75.54889,5.3975],[-75.54888,5.3975],[-75.54884,5.39769],[-75.54883,5.39774],[-75.54883,5.39774],[-75.54882,5.39775],[-75.54881,5.39788],[-75.54881,5.39788],[-75.54881,5.39793],[-75.5488,5.39798],[-75.5488,5.39798],[-75.54879,5.39803],[-75.54879,5.39804],[-75.54879,5.39804],[-75.54879,5.39809],[-75.54878,5.39824],[-75.54878,5.39824],[-75.54878,5.39825],[-75.54878,5.39825],[-75.54878,5.39826],[-75.54878,5.39826],[-75.54879,5.39826],[-75.54879,5.39826],[-75.5488,5.39827],[-75.5488,5.39827],[-75.54881,5.39827],[-75.54881,5.39827],[-75.54881,5.39826],[-75.54882,5.39826],[-75.54882,5.39826],[-75.54883,5.39825],[-75.54883,5.39825],[-75.54883,5.39825],[-75.54883,5.39824],[-75.54884,5.39809],[-75.54884,5.39809],[-75.54884,5.39809],[-75.54884,5.39804],[-75.54885,5.39799],[-75.54886,5.39794],[-75.54886,5.39794],[-75.54886,5.39793],[-75.54887,5.39788],[-75.54888,5.39775],[-75.54889,5.3977],[-75.5489,5.3977],[-75.54894,5.39752],[-75.54896,5.39748],[-75.54896,5.39748],[-75.54896,5.39748],[-75.54896,5.39747],[-75.54896,5.39747],[-75.54896,5.39734],[-75.54896,5.39734],[-75.54896,5.39734],[-75.54896,5.39734],[-75.54898,5.3973],[-75.54899,5.3973],[-75.54899,5.3973],[-75.54899,5.3973],[-75.54899,5.3973],[-75.549,5.3973],[-75.549,5.3973],[-75.549,5.3973],[-75.549,5.3973],[-75.549,5.3973],[-75.54901,5.3973],[-75.54901,5.3973],[-75.54901,5.3973],[-75.54901,5.39729],[-75.54901,5.39729],[-75.54902,5.39729],[-75.54903,5.39728],[-75.54903,5.39728],[-75.54903,5.39728],[-75.54904,5.39727],[-75.54904,5.39727],[-75.54904,5.39727],[-75.54904,5.39727],[-75.54904,5.39726],[-75.54904,5.39726],[-75.54904,5.39726],[-75.54904,5.39726],[-75.54905,5.39726],[-75.54905,5.39726],[-75.54905,5.39725],[-75.54905,5.39725],[-75.54905,5.39725],[-75.54905,5.39725],[-75.54905,5.39724],[-75.54905,5.39724],[-75.54905,5.39724],[-75.54905,5.39724],[-75.54905,5.39723],[-75.54908,5.39721],[-75.54909,5.39721],[-75.54909,5.39721],[-75.5491,5.3972],[-75.5491,5.3972],[-75.5491,5.3972],[-75.54911,5.39719],[-75.54911,5.39719],[-75.54911,5.39718],[-75.54911,5.39717],[-75.54911,5.39717],[-75.54911,5.39715],[-75.54911,5.39714],[-75.54914,5.39713],[-75.54914,5.39713],[-75.54914,5.39712],[-75.54915,5.39712],[-75.54915,5.39711],[-75.54915,5.39711],[-75.54915,5.39711],[-75.54916,5.39711],[-75.54916,5.39711],[-75.54917,5.39711],[-75.54917,5.39711],[-75.54918,5.39711],[-75.54919,5.39711],[-75.54919,5.39711],[-75.54919,5.39711],[-75.54921,5.3971],[-75.54922,5.3971],[-75.54922,5.3971],[-75.54923,5.3971],[-75.54924,5.3971],[-75.54924,5.3971],[-75.54924,5.3971],[-75.54925,5.39709],[-75.54925,5.39709],[-75.54926,5.39709],[-75.54926,5.39709],[-75.54926,5.39708],[-75.54927,5.39708],[-75.54927,5.39708],[-75.54928,5.39708],[-75.54928,5.39708],[-75.54929,5.39707],[-75.54929,5.39707],[-75.5493,5.39705],[-75.5493,5.39705],[-75.54931,5.39705],[-75.54931,5.39705],[-75.54932,5.39705],[-75.54932,5.39705],[-75.54933,5.39704],[-75.54933,5.39704],[-75.54933,5.39704],[-75.54934,5.39703],[-75.54935,5.39701],[-75.54938,5.39701],[-75.54938,5.39701],[-75.54939,5.39701],[-75.5494,5.39701],[-75.5494,5.39701],[-75.5494,5.39701],[-75.54941,5.397],[-75.54941,5.397],[-75.54942,5.397],[-75.54943,5.39698],[-75.54944,5.39698],[-75.54944,5.39698],[-75.54945,5.39696],[-75.54945,5.39696],[-75.54948,5.39691],[-75.54949,5.39689],[-75.5495,5.39689],[-75.54951,5.39689],[-75.54953,5.39689],[-75.54953,5.39689],[-75.54954,5.39688],[-75.54955,5.39688],[-75.54955,5.39688],[-75.54955,5.39688],[-75.54956,5.39687],[-75.54956,5.39687],[-75.54957,5.39687],[-75.54957,5.39686],[-75.54957,5.39685],[-75.54959,5.39682],[-75.5496,5.39682],[-75.5496,5.39682],[-75.54962,5.39682],[-75.54962,5.39682],[-75.54962,5.39682],[-75.54963,5.39682],[-75.54964,5.39682],[-75.54964,5.39682],[-75.54964,5.39682],[-75.54965,5.39681],[-75.54965,5.39681],[-75.54965,5.39681],[-75.54966,5.3968],[-75.54966,5.3968],[-75.54967,5.3968],[-75.54969,5.3968],[-75.5497,5.3968],[-75.5497,5.3968],[-75.54971,5.3968],[-75.54971,5.3968],[-75.54972,5.3968],[-75.54972,5.3968],[-75.54973,5.3968],[-75.54973,5.3968],[-75.54973,5.39679],[-75.54973,5.39679],[-75.54974,5.39678],[-75.54977,5.39679],[-75.54977,5.39679],[-75.54978,5.39679],[-75.54979,5.39679],[-75.54979,5.39678],[-75.5498,5.39678],[-75.5498,5.39678],[-75.5498,5.39678],[-75.54981,5.39677],[-75.54981,5.39677],[-75.54982,5.39677],[-75.54983,5.39675],[-75.54983,5.39675],[-75.54984,5.39675],[-75.54984,5.39675],[-75.54985,5.39675],[-75.54985,5.39674],[-75.54985,5.39674],[-75.54985,5.39674],[-75.54987,5.39674],[-75.54987,5.39674],[-75.54987,5.39674],[-75.54988,5.39674],[-75.54988,5.39674],[-75.54988,5.39674],[-75.54988,5.39674],[-75.54988,5.39674],[-75.5499,5.39673],[-75.54992,5.39672],[-75.54992,5.39672],[-75.54993,5.39672],[-75.54993,5.39673],[-75.54993,5.39673],[-75.54994,5.39673],[-75.54994,5.39673],[-75.54994,5.39673],[-75.54994,5.39674],[-75.54994,5.39674],[-75.54994,5.39674],[-75.54995,5.39674],[-75.54995,5.39674],[-75.54995,5.39674],[-75.54995,5.39674],[-75.54995,5.39674],[-75.54995,5.39674],[-75.54995,5.39674],[-75.54996,5.39674],[-75.54996,5.39674],[-75.54996,5.39674],[-75.54996,5.39674],[-75.54996,5.39674],[-75.54996,5.39674],[-75.54996,5.39674],[-75.54997,5.39674],[-75.54997,5.39674],[-75.54997,5.39674],[-75.54997,5.39675],[-75.54997,5.39674],[-75.54998,5.39674],[-75.54998,5.39674],[-75.55001,5.39674],[-75.55002,5.39674],[-75.55003,5.39674],[-75.55003,5.39674],[-75.55004,5.39675],[-75.55004,5.39675],[-75.55004,5.39675],[-75.55004,5.39675],[-75.55004,5.39675],[-75.55004,5.39675],[-75.55006,5.39676],[-75.55006,5.39676],[-75.55006,5.39676],[-75.55006,5.39676],[-75.55006,5.39676],[-75.55007,5.39677],[-75.55007,5.39677],[-75.55009,5.39677],[-75.55009,5.3968],[-75.55006,5.39694],[-75.55001,5.39702],[-75.55,5.39704],[-75.54996,5.39706],[-75.54996,5.39706],[-75.54996,5.39707],[-75.54986,5.39716],[-75.54986,5.39716],[-75.54986,5.39716],[-75.54986,5.39717],[-75.54986,5.39717],[-75.54986,5.39718],[-75.54986,5.39718],[-75.54986,5.39718],[-75.54986,5.39719],[-75.54986,5.39719],[-75.54987,5.3972],[-75.54987,5.3972],[-75.54987,5.3972],[-75.54988,5.3972],[-75.54988,5.3972],[-75.54989,5.3972],[-75.54989,5.3972],[-75.54989,5.3972],[-75.5499,5.3972],[-75.5499,5.39719],[-75.54999,5.39711],[-75.55003,5.39708],[-75.55004,5.39708],[-75.55004,5.39708],[-75.55006,5.39706],[-75.55006,5.39706],[-75.55006,5.39705],[-75.55011,5.39696],[-75.55011,5.39696],[-75.55011,5.39696],[-75.55014,5.3968],[-75.55014,5.3968],[-75.55014,5.3968],[-75.55014,5.39676],[-75.55015,5.39676],[-75.55015,5.39676],[-75.55016,5.39675],[-75.55017,5.39675],[-75.55017,5.39674],[-75.55017,5.39674],[-75.5502,5.39671],[-75.55021,5.39671],[-75.55022,5.3967],[-75.55024,5.3967],[-75.55026,5.3967],[-75.55027,5.3967],[-75.55029,5.39671],[-75.5503,5.39672],[-75.5503,5.39672],[-75.5503,5.39673],[-75.5503,5.39673],[-75.55031,5.39674],[-75.55031,5.39674],[-75.55031,5.39675],[-75.55032,5.39676],[-75.55032,5.39676],[-75.55033,5.39676],[-75.55034,5.39677],[-75.55034,5.39678],[-75.55034,5.39678],[-75.55036,5.39678],[-75.55036,5.39678],[-75.55036,5.39678],[-75.55037,5.39678],[-75.55038,5.39678],[-75.55039,5.39679],[-75.55039,5.3968],[-75.55039,5.3968],[-75.5504,5.3968],[-75.5504,5.3968],[-75.55041,5.39681],[-75.55041,5.39681],[-75.55043,5.39681],[-75.55044,5.39681],[-75.55044,5.39681],[-75.55045,5.39681],[-75.55045,5.39681],[-75.55046,5.39681],[-75.55046,5.3968],[-75.55047,5.3968],[-75.55047,5.3968],[-75.55047,5.3968],[-75.55048,5.39681],[-75.55048,5.39682],[-75.55049,5.39682],[-75.5505,5.39682],[-75.5505,5.39683],[-75.5505,5.39683],[-75.55051,5.39683],[-75.55051,5.39683],[-75.55053,5.39683],[-75.55054,5.39683],[-75.55055,5.39684],[-75.55056,5.39685],[-75.55056,5.39686],[-75.55057,5.39687],[-75.55057,5.39687],[-75.55057,5.39687],[-75.55057,5.39688],[-75.55058,5.39688],[-75.55058,5.39688],[-75.55058,5.39688],[-75.55058,5.39689],[-75.55059,5.3969],[-75.55059,5.3969],[-75.55059,5.3969],[-75.55061,5.39691],[-75.55061,5.39691],[-75.55061,5.39691],[-75.55064,5.39693],[-75.55066,5.39694],[-75.55066,5.39695],[-75.55067,5.39695],[-75.55068,5.39695],[-75.55068,5.39695],[-75.55068,5.39695],[-75.55069,5.39696],[-75.5507,5.39696],[-75.55071,5.39697],[-75.55071,5.39697],[-75.55072,5.39697],[-75.55072,5.39697],[-75.55074,5.39698],[-75.55074,5.39698],[-75.55074,5.39698],[-75.55077,5.39699],[-75.55078,5.39699],[-75.55078,5.397],[-75.55078,5.397],[-75.55078,5.39701],[-75.55078,5.39701],[-75.55079,5.39701],[-75.55079,5.39701],[-75.55079,5.39702],[-75.5508,5.39702],[-75.5508,5.39702],[-75.55081,5.39702],[-75.55081,5.39703],[-75.55081,5.39703],[-75.55082,5.39703],[-75.55082,5.39703],[-75.55083,5.39703],[-75.55083,5.39703],[-75.55083,5.39703],[-75.55085,5.39703],[-75.55087,5.39704],[-75.55088,5.39704],[-75.55088,5.39704],[-75.55088,5.39704],[-75.5509,5.39704],[-75.5509,5.39705],[-75.5509,5.39705],[-75.5509,5.39705],[-75.55091,5.39705],[-75.55093,5.39706],[-75.55096,5.39708],[-75.55099,5.3971],[-75.55102,5.39713],[-75.55104,5.39716],[-75.55104,5.39717],[-75.55105,5.3972],[-75.55105,5.39721],[-75.55106,5.39722],[-75.55105,5.39723],[-75.55105,5.39724],[-75.55105,5.39725],[-75.55105,5.39725],[-75.55104,5.39726],[-75.55104,5.39726],[-75.55104,5.39726],[-75.55104,5.39727],[-75.55103,5.39727],[-75.55103,5.39727],[-75.55103,5.39728],[-75.55103,5.39728],[-75.55103,5.39729],[-75.55103,5.39729],[-75.55104,5.39732],[-75.55103,5.39733],[-75.55103,5.39734],[-75.55103,5.39734],[-75.55103,5.39734],[-75.55103,5.39734],[-75.55103,5.39734],[-75.55102,5.39734],[-75.55102,5.39734],[-75.55101,5.39733],[-75.551,5.39733],[-75.551,5.39732],[-75.55099,5.39732],[-75.55099,5.39732],[-75.55099,5.39731],[-75.55098,5.39731],[-75.55097,5.39731],[-75.55097,5.39731],[-75.55097,5.39731],[-75.55096,5.39731],[-75.55095,5.39731],[-75.55095,5.39731],[-75.55095,5.39731],[-75.55094,5.39731],[-75.55094,5.39731],[-75.55093,5.39731],[-75.55093,5.39731],[-75.55093,5.39732],[-75.55092,5.39732],[-75.55092,5.39733],[-75.5509,5.39735],[-75.5509,5.39735],[-75.55089,5.39736],[-75.55085,5.39735],[-75.55085,5.39735],[-75.55085,5.39735],[-75.55084,5.39735],[-75.55084,5.39735],[-75.55083,5.39735],[-75.55083,5.39735],[-75.55082,5.39735],[-75.55082,5.39736],[-75.5508,5.39737],[-75.5508,5.39737],[-75.5508,5.39737],[-75.55078,5.39738],[-75.55078,5.39739],[-75.55077,5.39739],[-75.55076,5.3974],[-75.55076,5.39741],[-75.55076,5.39741],[-75.55075,5.39742],[-75.55075,5.39743],[-75.55075,5.39743],[-75.55075,5.39745],[-75.55074,5.39746],[-75.55074,5.39746],[-75.55074,5.39747],[-75.55073,5.39747],[-75.55073,5.39748],[-75.55073,5.39748],[-75.55073,5.39748],[-75.55073,5.39749],[-75.55073,5.3975],[-75.55073,5.3975],[-75.55073,5.3975],[-75.55072,5.3975],[-75.55071,5.39751],[-75.55071,5.39751],[-75.5507,5.39752],[-75.5507,5.39752],[-75.55069,5.39752],[-75.55069,5.39753],[-75.55069,5.39754],[-75.55068,5.39754],[-75.55068,5.39755],[-75.55061,5.39761],[-75.55061,5.39761],[-75.55061,5.39761],[-75.5506,5.39761],[-75.55059,5.39763],[-75.55058,5.39765],[-75.55057,5.39766],[-75.55055,5.39767],[-75.55055,5.39767],[-75.55052,5.39767],[-75.55051,5.39767],[-75.55051,5.39767],[-75.5505,5.39767],[-75.55049,5.39767],[-75.55049,5.39767],[-75.55049,5.39767],[-75.55048,5.39768],[-75.55047,5.39768],[-75.55047,5.39768],[-75.55046,5.39769],[-75.55044,5.3977],[-75.55042,5.39771],[-75.55039,5.39771],[-75.55037,5.39771],[-75.55035,5.39771],[-75.55033,5.39771],[-75.55032,5.3977],[-75.5503,5.39769],[-75.5503,5.39768],[-75.55029,5.39768],[-75.55029,5.39767],[-75.55029,5.39767],[-75.55028,5.39767],[-75.55028,5.39767],[-75.55027,5.39766],[-75.55027,5.39766],[-75.55026,5.39766],[-75.55026,5.39767],[-75.55025,5.39767],[-75.55023,5.39767],[-75.55022,5.39767],[-75.55022,5.39767],[-75.55022,5.39767],[-75.55021,5.39767],[-75.55021,5.39767],[-75.5502,5.39766],[-75.5502,5.39766],[-75.5502,5.39766],[-75.5502,5.39766],[-75.5502,5.39766],[-75.5502,5.39766],[-75.55019,5.39766],[-75.55019,5.39765],[-75.55018,5.39765],[-75.55018,5.39765],[-75.55018,5.39765],[-75.55018,5.39765],[-75.55017,5.39764],[-75.55017,5.39764],[-75.55016,5.39764],[-75.55016,5.39763],[-75.55016,5.39763],[-75.55015,5.39763],[-75.55014,5.39763],[-75.55014,5.39763],[-75.55013,5.39763],[-75.55012,5.39762],[-75.55012,5.39762],[-75.55011,5.39762],[-75.55011,5.39762],[-75.5501,5.39761],[-75.5501,5.39761],[-75.5501,5.39761],[-75.55009,5.39761],[-75.55009,5.39761],[-75.55008,5.39761],[-75.55006,5.39762],[-75.55005,5.39761],[-75.55005,5.39761],[-75.55004,5.39761],[-75.55003,5.39759],[-75.55002,5.39759],[-75.55002,5.39759],[-75.55,5.39758],[-75.55,5.39758],[-75.54999,5.39758],[-75.54997,5.39757],[-75.54996,5.39757],[-75.54996,5.39757],[-75.54994,5.39757],[-75.54993,5.39757],[-75.54993,5.39757],[-75.5499,5.39757],[-75.5499,5.39757],[-75.5499,5.39757],[-75.54988,5.39758],[-75.54987,5.39758],[-75.54987,5.39758],[-75.54985,5.39759],[-75.54985,5.39759],[-75.54984,5.39759],[-75.54983,5.3976],[-75.54983,5.3976],[-75.54982,5.39761],[-75.54982,5.39761],[-75.54982,5.39761],[-75.5498,5.39761],[-75.54979,5.39761],[-75.54978,5.39761],[-75.54978,5.39761],[-75.54977,5.39761],[-75.54975,5.39763],[-75.54974,5.39763],[-75.5497,5.39762],[-75.5497,5.39762],[-75.54969,5.39762],[-75.54968,5.39763],[-75.54968,5.39763],[-75.54968,5.39763],[-75.54967,5.39763],[-75.54966,5.39764],[-75.54966,5.39764],[-75.54965,5.39765],[-75.54965,5.39765],[-75.54965,5.39765],[-75.54965,5.39766],[-75.54965,5.39766],[-75.54965,5.39767],[-75.54965,5.39767],[-75.54965,5.39768],[-75.54965,5.39768],[-75.54965,5.39769],[-75.54966,5.39769],[-75.54966,5.39769],[-75.54967,5.39769],[-75.54967,5.39769],[-75.54968,5.39769],[-75.54968,5.39769],[-75.54968,5.39769],[-75.54969,5.39769],[-75.54969,5.39769],[-75.5497,5.39768],[-75.5497,5.39768],[-75.5497,5.39768],[-75.54974,5.39768],[-75.54974,5.39768],[-75.54974,5.39768],[-75.54976,5.39768],[-75.54976,5.39768],[-75.54976,5.39768],[-75.54979,5.39766],[-75.5498,5.39766],[-75.54983,5.39766],[-75.54983,5.39766],[-75.54983,5.39766],[-75.54984,5.39766],[-75.54984,5.39766],[-75.54985,5.39766],[-75.54985,5.39765],[-75.54986,5.39765],[-75.54986,5.39765],[-75.54986,5.39765],[-75.54987,5.39764],[-75.54989,5.39763],[-75.54991,5.39762],[-75.54993,5.39762],[-75.54996,5.39763],[-75.54998,5.39763],[-75.55,5.39764],[-75.55001,5.39765],[-75.55002,5.39766],[-75.55003,5.39766],[-75.55003,5.39767],[-75.55003,5.39767],[-75.55004,5.39767],[-75.55004,5.39767],[-75.55004,5.39767],[-75.55005,5.39767],[-75.55005,5.39767],[-75.55006,5.39767],[-75.55009,5.39767],[-75.5501,5.39768],[-75.5501,5.39768],[-75.55011,5.39768],[-75.55011,5.39769],[-75.55011,5.39769],[-75.55012,5.39769],[-75.55013,5.39769],[-75.55013,5.39769],[-75.55014,5.39769],[-75.55014,5.39769],[-75.55014,5.39769],[-75.55015,5.3977],[-75.55015,5.3977],[-75.55016,5.3977],[-75.55016,5.3977],[-75.55016,5.3977],[-75.55017,5.39771],[-75.55017,5.39771],[-75.55017,5.39771],[-75.55018,5.39771],[-75.55018,5.39772],[-75.55018,5.39772],[-75.55019,5.39772],[-75.55019,5.39772],[-75.55019,5.39772],[-75.5502,5.39772],[-75.5502,5.39772],[-75.5502,5.39772],[-75.55021,5.39773],[-75.55021,5.39773],[-75.55021,5.39773],[-75.55022,5.39773],[-75.55023,5.39773],[-75.55023,5.39773],[-75.55026,5.39772],[-75.55026,5.39772],[-75.55027,5.39773],[-75.55027,5.39773],[-75.55027,5.39773],[-75.55029,5.39775],[-75.55029,5.39775],[-75.55029,5.39775],[-75.55031,5.39776],[-75.55032,5.39776],[-75.55032,5.39776],[-75.55034,5.39777],[-75.55034,5.39777],[-75.55034,5.39777],[-75.55037,5.39777],[-75.55037,5.39777],[-75.55037,5.39777],[-75.5504,5.39777],[-75.5504,5.39777],[-75.55043,5.39776],[-75.55043,5.39776],[-75.55046,5.39775],[-75.55046,5.39775],[-75.55046,5.39775],[-75.55049,5.39774],[-75.55049,5.39774],[-75.5505,5.39774],[-75.5505,5.39773],[-75.55051,5.39772],[-75.55051,5.39772],[-75.55052,5.39772],[-75.55055,5.39772],[-75.55055,5.39772],[-75.55055,5.39772],[-75.55056,5.39772],[-75.55057,5.39772],[-75.55057,5.39772],[-75.55057,5.39772],[-75.55059,5.39771],[-75.55059,5.39771],[-75.5506,5.39771],[-75.55062,5.39769],[-75.55062,5.39769],[-75.55062,5.39768],[-75.55062,5.3977],[-75.55062,5.3977],[-75.5506,5.39772],[-75.5506,5.39772],[-75.5506,5.39772],[-75.5506,5.39772],[-75.55059,5.39773],[-75.55059,5.39773],[-75.55059,5.39773],[-75.55059,5.39773],[-75.55058,5.39774],[-75.55058,5.39775],[-75.55057,5.39775],[-75.55057,5.39775],[-75.55057,5.39775],[-75.55057,5.39775],[-75.55057,5.39776],[-75.55057,5.39776],[-75.55057,5.39776],[-75.55057,5.39776],[-75.55057,5.39777],[-75.55057,5.39777],[-75.55057,5.39777],[-75.55056,5.39777],[-75.55056,5.39777],[-75.55056,5.39777],[-75.55056,5.39778],[-75.55056,5.39778],[-75.55056,5.39778],[-75.55056,5.39778],[-75.55056,5.39778],[-75.55056,5.39778],[-75.55056,5.39778],[-75.55055,5.39779],[-75.55055,5.39779],[-75.55055,5.39779],[-75.55055,5.39779],[-75.55055,5.39781],[-75.55055,5.39781],[-75.55055,5.39781],[-75.55052,5.39784],[-75.55052,5.39784],[-75.55052,5.39784],[-75.55052,5.39784],[-75.55052,5.39784],[-75.55051,5.39785],[-75.55051,5.39785],[-75.55051,5.39785],[-75.55051,5.39785],[-75.55051,5.39785],[-75.5505,5.39786],[-75.5505,5.39786],[-75.5505,5.39786],[-75.5505,5.39786],[-75.5505,5.39786],[-75.5505,5.39788],[-75.5505,5.39788],[-75.5505,5.39788],[-75.5505,5.39788],[-75.5505,5.39788],[-75.5505,5.39789],[-75.5505,5.3979],[-75.5505,5.3979],[-75.5505,5.3979],[-75.5505,5.3979],[-75.5505,5.39792],[-75.5505,5.39792],[-75.55049,5.39793],[-75.55049,5.39793],[-75.55049,5.39793],[-75.55049,5.39794],[-75.55049,5.39794],[-75.55049,5.39794],[-75.55049,5.39794],[-75.55049,5.39794],[-75.55049,5.39794],[-75.55049,5.39795],[-75.55049,5.39795],[-75.55049,5.39795],[-75.55049,5.39795],[-75.55049,5.39795],[-75.55049,5.39795],[-75.55049,5.39796],[-75.55049,5.39796],[-75.55049,5.39796],[-75.55049,5.39796],[-75.55049,5.39796],[-75.55049,5.39796],[-75.55049,5.39796],[-75.5505,5.39797],[-75.5505,5.39797],[-75.5505,5.39797],[-75.5505,5.39797],[-75.5505,5.39797],[-75.5505,5.39797],[-75.55051,5.39797],[-75.55051,5.39797],[-75.55051,5.39797],[-75.55051,5.39797],[-75.55051,5.39797],[-75.55051,5.39797],[-75.55052,5.39797],[-75.55052,5.39797],[-75.55052,5.39797],[-75.55052,5.39797],[-75.55052,5.39797],[-75.55052,5.39797],[-75.55053,5.39797],[-75.55053,5.39797],[-75.55053,5.39797],[-75.55053,5.39797],[-75.55053,5.39797],[-75.55053,5.39796],[-75.55053,5.39796],[-75.55054,5.39796],[-75.55054,5.39796],[-75.55054,5.39796],[-75.55055,5.39795],[-75.55055,5.39795],[-75.55055,5.39794],[-75.55055,5.39794],[-75.55055,5.39794],[-75.55055,5.39794],[-75.55055,5.39794],[-75.55055,5.39794],[-75.55055,5.39793],[-75.55055,5.39792],[-75.55055,5.39792],[-75.55055,5.39792],[-75.55055,5.39792],[-75.55055,5.39792],[-75.55055,5.3979],[-75.55055,5.39789],[-75.55055,5.39788],[-75.55055,5.39788],[-75.55056,5.39788],[-75.55059,5.39785],[-75.55059,5.39785],[-75.55059,5.39785],[-75.55059,5.39785],[-75.55059,5.39784],[-75.5506,5.39784],[-75.5506,5.39783],[-75.5506,5.39783],[-75.5506,5.39783],[-75.5506,5.39783],[-75.5506,5.39783],[-75.5506,5.39783],[-75.55061,5.39782],[-75.55061,5.39782],[-75.55061,5.39781],[-75.55061,5.39781],[-75.55061,5.39781],[-75.55061,5.39781],[-75.55061,5.3978],[-75.55061,5.3978],[-75.55061,5.3978],[-75.55061,5.3978],[-75.55061,5.3978],[-75.55062,5.3978],[-75.55062,5.3978],[-75.55062,5.39779],[-75.55062,5.39779],[-75.55062,5.39779],[-75.55062,5.39779],[-75.55062,5.39779],[-75.55062,5.39778],[-75.55062,5.39778],[-75.55062,5.39778],[-75.55062,5.39778],[-75.55062,5.39778],[-75.55062,5.39777],[-75.55062,5.39777],[-75.55063,5.39776],[-75.55064,5.39776],[-75.55066,5.39774],[-75.55066,5.39774],[-75.55066,5.39774],[-75.55066,5.39774],[-75.55066,5.39773],[-75.55066,5.39773],[-75.55067,5.39772],[-75.55067,5.39772],[-75.55067,5.39772],[-75.55067,5.39772],[-75.55067,5.39772],[-75.55067,5.39771],[-75.55067,5.39771],[-75.55068,5.39771],[-75.55068,5.39771],[-75.55068,5.39769],[-75.55069,5.39767],[-75.55069,5.39766],[-75.5507,5.39765],[-75.55071,5.39765],[-75.55071,5.39765],[-75.55071,5.39765],[-75.55071,5.39765],[-75.55071,5.39765],[-75.55071,5.39765],[-75.55072,5.39765],[-75.55072,5.39765],[-75.55072,5.39765],[-75.55072,5.39765],[-75.55072,5.39765],[-75.55072,5.39765],[-75.55072,5.39764],[-75.55073,5.39764],[-75.55073,5.39764],[-75.55073,5.39764],[-75.55073,5.39764],[-75.55073,5.39764],[-75.55073,5.39764],[-75.55073,5.39763],[-75.55073,5.39763],[-75.55073,5.39763],[-75.55073,5.39763],[-75.55073,5.39763],[-75.55073,5.39763],[-75.55073,5.39762],[-75.55073,5.39762],[-75.55073,5.39762],[-75.55073,5.39762],[-75.55073,5.39762],[-75.55073,5.39762],[-75.55073,5.39761],[-75.55073,5.39761],[-75.55073,5.39761],[-75.55073,5.39761],[-75.55073,5.3976],[-75.55073,5.39759],[-75.55073,5.39759],[-75.55073,5.39758],[-75.55073,5.39758],[-75.55073,5.39757],[-75.55073,5.39757],[-75.55073,5.39757],[-75.55073,5.39756],[-75.55074,5.39756],[-75.55074,5.39755],[-75.55074,5.39755],[-75.55075,5.39755],[-75.55076,5.39755],[-75.55076,5.39755],[-75.55077,5.39755],[-75.55077,5.39755],[-75.55077,5.39754],[-75.55077,5.39754],[-75.55078,5.39754],[-75.55078,5.39753],[-75.55078,5.39753],[-75.55078,5.39753],[-75.55078,5.39752],[-75.55078,5.39752],[-75.55078,5.3975],[-75.55078,5.3975],[-75.5508,5.39748],[-75.5508,5.39748],[-75.5508,5.39748],[-75.5508,5.39747],[-75.5508,5.39746],[-75.55081,5.39746],[-75.55081,5.39746],[-75.55081,5.39744],[-75.55081,5.39743],[-75.55082,5.39742],[-75.55083,5.39741],[-75.55084,5.39741],[-75.55084,5.3974],[-75.55085,5.3974],[-75.55089,5.39741],[-75.55089,5.39741],[-75.5509,5.39741],[-75.55091,5.39741],[-75.55092,5.3974],[-75.55092,5.3974],[-75.55093,5.3974],[-75.55094,5.39739],[-75.55094,5.39739],[-75.55094,5.39739],[-75.55096,5.39736],[-75.55096,5.39736],[-75.55097,5.39736],[-75.55098,5.39738],[-75.55098,5.39738],[-75.55098,5.39739],[-75.55099,5.39739],[-75.551,5.39739],[-75.551,5.3974],[-75.551,5.3974],[-75.55101,5.3974],[-75.55101,5.3974],[-75.55101,5.3974],[-75.55101,5.3974],[-75.55102,5.3974],[-75.55102,5.3974],[-75.55102,5.39741],[-75.55103,5.39741],[-75.55104,5.39741],[-75.55104,5.39741],[-75.55104,5.39741],[-75.55105,5.39741],[-75.55105,5.39741],[-75.55105,5.39741],[-75.55105,5.39741],[-75.55105,5.39741],[-75.55105,5.39741],[-75.55106,5.39742],[-75.55106,5.39742],[-75.55106,5.39742],[-75.55107,5.39742],[-75.55107,5.39742],[-75.55107,5.39742],[-75.55107,5.39742],[-75.55107,5.39742],[-75.55107,5.39742],[-75.55108,5.39743],[-75.55108,5.39743],[-75.55109,5.39743],[-75.55109,5.39743],[-75.55109,5.39743],[-75.55109,5.39743],[-75.55111,5.39742],[-75.55111,5.39742],[-75.55111,5.39742],[-75.55111,5.39743],[-75.55111,5.39743],[-75.55112,5.39743],[-75.55112,5.39743],[-75.55112,5.39743],[-75.55112,5.39743],[-75.55112,5.39743],[-75.55112,5.39743],[-75.55113,5.39743],[-75.55113,5.39743],[-75.55113,5.39743],[-75.55113,5.39743],[-75.55113,5.39743],[-75.55113,5.39743],[-75.55114,5.39743],[-75.55114,5.39743],[-75.55114,5.39744],[-75.55114,5.39744],[-75.55114,5.39744],[-75.55114,5.39744],[-75.55115,5.39744],[-75.55115,5.39744],[-75.55115,5.39744],[-75.55115,5.39744],[-75.55115,5.39744],[-75.55115,5.39744],[-75.55116,5.39744],[-75.55116,5.39744],[-75.55116,5.39744],[-75.55116,5.39743],[-75.55116,5.39743],[-75.55116,5.39743],[-75.55117,5.39743],[-75.55117,5.39743],[-75.55117,5.39743],[-75.55117,5.39743],[-75.55117,5.39743],[-75.55117,5.39743],[-75.55117,5.39742],[-75.55117,5.39742],[-75.55117,5.39742],[-75.55117,5.39742],[-75.55117,5.39742],[-75.55118,5.39742],[-75.55118,5.39741],[-75.55118,5.39741],[-75.55118,5.39741],[-75.55118,5.39741],[-75.55118,5.39741],[-75.55118,5.39741],[-75.55117,5.3974],[-75.55117,5.3974],[-75.55117,5.3974],[-75.55117,5.3974],[-75.55117,5.3974],[-75.55117,5.3974],[-75.55117,5.39739],[-75.55117,5.39739],[-75.55117,5.39739],[-75.55116,5.39739],[-75.55116,5.39739],[-75.55116,5.39738],[-75.55116,5.39738],[-75.55116,5.39738],[-75.55115,5.39738],[-75.55115,5.39738],[-75.55115,5.39738],[-75.55115,5.39738],[-75.55115,5.39738],[-75.55115,5.39738],[-75.55115,5.39738],[-75.55114,5.39737],[-75.55114,5.39737],[-75.55114,5.39737],[-75.55114,5.39737],[-75.55114,5.39737],[-75.55113,5.39737],[-75.55113,5.39737],[-75.55113,5.39737],[-75.55113,5.39737],[-75.55113,5.39737],[-75.55113,5.39737],[-75.55112,5.39737],[-75.55112,5.39737],[-75.55112,5.39737],[-75.55112,5.39737],[-75.55112,5.39737],[-75.55111,5.39737],[-75.55111,5.39737],[-75.55111,5.39737],[-75.55111,5.39737],[-75.55111,5.39737],[-75.55109,5.39737],[-75.55109,5.39737],[-75.55108,5.39737],[-75.55108,5.39737],[-75.55108,5.39736],[-75.55108,5.39736],[-75.55109,5.39735],[-75.55109,5.39735],[-75.55109,5.39734],[-75.55109,5.39734],[-75.55109,5.39733],[-75.55109,5.39733],[-75.55109,5.39732],[-75.55109,5.39732],[-75.55109,5.39729],[-75.55109,5.39729],[-75.55109,5.39729],[-75.5511,5.39728],[-75.5511,5.39727],[-75.5511,5.39727],[-75.5511,5.39726],[-75.5511,5.39726],[-75.5511,5.39726],[-75.55111,5.39724],[-75.55111,5.39724],[-75.55111,5.39724],[-75.55111,5.39723],[-75.55111,5.39722],[-75.55111,5.39722],[-75.55111,5.39721],[-75.55111,5.3972],[-75.5511,5.39719],[-75.5511,5.39718],[-75.55109,5.39715],[-75.55109,5.39715],[-75.55109,5.39714],[-75.55109,5.39713],[-75.55108,5.39713],[-75.55106,5.3971],[-75.55106,5.3971],[-75.55106,5.3971],[-75.55103,5.39706],[-75.55103,5.39706],[-75.55103,5.39706],[-75.55099,5.39704],[-75.55099,5.39703],[-75.55095,5.39701],[-75.55095,5.39701],[-75.55093,5.397],[-75.55093,5.397],[-75.55092,5.397],[-75.55092,5.39699],[-75.55092,5.39699],[-75.55091,5.39699],[-75.55091,5.39699],[-75.5509,5.39699],[-75.5509,5.39699],[-75.55089,5.39699],[-75.55086,5.39698],[-75.55086,5.39698],[-75.55085,5.39698],[-75.55085,5.39698],[-75.55084,5.39698],[-75.55084,5.39698],[-75.55083,5.39697],[-75.55083,5.39697],[-75.55083,5.39697],[-75.55083,5.39697],[-75.55083,5.39697],[-75.55083,5.39696],[-75.55082,5.39696],[-75.55082,5.39696],[-75.55082,5.39696],[-75.55081,5.39695],[-75.55081,5.39695],[-75.5508,5.39695],[-75.55079,5.39694],[-75.55079,5.39694],[-75.55076,5.39693],[-75.55075,5.39693],[-75.55074,5.39692],[-75.55073,5.39691],[-75.55073,5.39691],[-75.55072,5.39691],[-75.55072,5.3969],[-75.55072,5.3969],[-75.55071,5.3969],[-75.55071,5.3969],[-75.55069,5.3969],[-75.55068,5.39689],[-75.55068,5.39688],[-75.55067,5.39688],[-75.55064,5.39686],[-75.55063,5.39686],[-75.55063,5.39686],[-75.55062,5.39685],[-75.55062,5.39684],[-75.55062,5.39684],[-75.55062,5.39684],[-75.55061,5.39683],[-75.55061,5.39683],[-75.55061,5.39683],[-75.5506,5.39682],[-75.5506,5.39682],[-75.5506,5.39682],[-75.55059,5.3968],[-75.55059,5.3968],[-75.55058,5.3968],[-75.55057,5.39679],[-75.55057,5.39678],[-75.55056,5.39678],[-75.55055,5.39678],[-75.55054,5.39678],[-75.55054,5.39677],[-75.55052,5.39677],[-75.55051,5.39676],[-75.55051,5.39676],[-75.5505,5.39675],[-75.5505,5.39675],[-75.55049,5.39675],[-75.55049,5.39675],[-75.55049,5.39674],[-75.55048,5.39674],[-75.55047,5.39674],[-75.55047,5.39674],[-75.55046,5.39674],[-75.55046,5.39674],[-75.55045,5.39674],[-75.55045,5.39675],[-75.55045,5.39675],[-75.55044,5.39675],[-75.55044,5.39676],[-75.55043,5.39675],[-75.55042,5.39674],[-75.55041,5.39674],[-75.55041,5.39674],[-75.5504,5.39673],[-75.5504,5.39673],[-75.55039,5.39673],[-75.55039,5.39673],[-75.55037,5.39673],[-75.55037,5.39673],[-75.55036,5.39672],[-75.55036,5.39672],[-75.55036,5.39672],[-75.55036,5.39671],[-75.55036,5.39671],[-75.55036,5.3967],[-75.55035,5.3967],[-75.55035,5.39669],[-75.55035,5.39669],[-75.55035,5.39668],[-75.55033,5.39665],[-75.55033,5.39664],[-75.55032,5.39664],[-75.55031,5.39662],[-75.55023,5.39647],[-75.5502,5.39637],[-75.55019,5.39637],[-75.55019,5.39636],[-75.55006,5.39613],[-75.55006,5.39613],[-75.55004,5.3961],[-75.55003,5.3961],[-75.55003,5.39609],[-75.55003,5.39609],[-75.55002,5.39609],[-75.55002,5.39609],[-75.55001,5.39609],[-75.55001,5.39609],[-75.55001,5.39609],[-75.55,5.39609],[-75.55,5.3961],[-75.54999,5.3961],[-75.54999,5.3961],[-75.54999,5.39611],[-75.54999,5.39611],[-75.54999,5.39612],[-75.54999,5.39612],[-75.54999,5.39612],[-75.54999,5.39613],[-75.54999,5.39613],[-75.55002,5.39616],[-75.55014,5.39639],[-75.55018,5.39649],[-75.55018,5.39649],[-75.55018,5.39649],[-75.55026,5.39665],[-75.55024,5.39664],[-75.55024,5.39664],[-75.55024,5.39664],[-75.55022,5.39665],[-75.55021,5.39665],[-75.55021,5.39665],[-75.55019,5.39665],[-75.55019,5.39666],[-75.55018,5.39666],[-75.55017,5.39667],[-75.55017,5.39667],[-75.55016,5.39667],[-75.55014,5.3967],[-75.55013,5.39671],[-75.55011,5.39671],[-75.55009,5.39671],[-75.55008,5.39671],[-75.55007,5.39671],[-75.55007,5.3967],[-75.55006,5.3967],[-75.55006,5.3967],[-75.55006,5.3967],[-75.55006,5.3967],[-75.55006,5.3967],[-75.55005,5.39669],[-75.55005,5.39669],[-75.55005,5.39669],[-75.55005,5.39669],[-75.55004,5.39669],[-75.55004,5.39669],[-75.55003,5.39669],[-75.55002,5.39669],[-75.55002,5.39669],[-75.55002,5.39669],[-75.55002,5.39669],[-75.55001,5.39669],[-75.55001,5.39669],[-75.55,5.39669],[-75.55,5.39669],[-75.55,5.39669],[-75.54999,5.39669],[-75.54998,5.39661],[-75.54998,5.3966],[-75.54998,5.3966],[-75.54993,5.39644],[-75.54993,5.39644],[-75.54992,5.39643],[-75.5499,5.39639],[-75.54989,5.39638],[-75.54989,5.39638],[-75.54989,5.39638],[-75.54988,5.39637],[-75.54988,5.39637],[-75.54988,5.39637],[-75.54987,5.39637],[-75.54987,5.39637],[-75.54986,5.39637],[-75.54986,5.39638],[-75.54986,5.39638],[-75.54985,5.39638],[-75.54985,5.39638],[-75.54985,5.39639],[-75.54985,5.39639],[-75.54985,5.3964],[-75.54985,5.3964],[-75.54985,5.39641],[-75.54985,5.39641],[-75.54987,5.39646],[-75.54992,5.39662],[-75.54993,5.39667],[-75.54993,5.39667],[-75.54993,5.39667],[-75.54993,5.39667],[-75.54992,5.39667],[-75.54992,5.39667],[-75.54991,5.39667],[-75.54991,5.39667],[-75.54991,5.39667],[-75.54991,5.39667],[-75.54989,5.39667],[-75.54989,5.39667],[-75.54989,5.39668],[-75.54988,5.39668],[-75.54988,5.39668],[-75.54986,5.39669],[-75.54985,5.39669],[-75.54984,5.39669],[-75.54984,5.39669],[-75.54984,5.39669],[-75.54984,5.39669],[-75.54983,5.39669],[-75.54983,5.39669],[-75.54983,5.39669],[-75.54983,5.39669],[-75.5498,5.3967],[-75.54978,5.3967],[-75.54976,5.3967],[-75.54974,5.39669],[-75.54974,5.39669],[-75.54972,5.39666],[-75.54972,5.39666],[-75.54971,5.39666],[-75.54971,5.39666],[-75.54971,5.39666],[-75.54971,5.39665],[-75.5497,5.39665],[-75.5497,5.39665],[-75.5497,5.39665],[-75.5497,5.39665],[-75.5497,5.39665],[-75.5497,5.39665],[-75.5497,5.39665],[-75.54969,5.39664],[-75.54969,5.39664],[-75.54969,5.39664],[-75.54969,5.39664],[-75.54968,5.39664],[-75.54968,5.39664],[-75.54968,5.39664],[-75.54968,5.39664],[-75.54968,5.39664],[-75.54968,5.39664],[-75.54968,5.39664],[-75.54967,5.39663],[-75.54967,5.39663],[-75.54967,5.39663],[-75.54967,5.39662],[-75.54967,5.39662],[-75.54966,5.39661],[-75.54966,5.39661],[-75.54966,5.39661],[-75.54966,5.39661],[-75.54966,5.39661],[-75.54966,5.39661],[-75.54965,5.3966],[-75.54965,5.3966],[-75.54965,5.3966],[-75.54965,5.3966],[-75.54965,5.3966],[-75.54964,5.39659],[-75.54964,5.39659],[-75.54964,5.39659],[-75.54964,5.39659],[-75.54964,5.39659],[-75.54964,5.39659],[-75.54963,5.39659],[-75.54963,5.39659],[-75.54962,5.39658],[-75.54962,5.39658],[-75.54961,5.39657],[-75.54961,5.39656],[-75.54961,5.39656],[-75.54961,5.39656],[-75.54961,5.39639],[-75.5496,5.39639],[-75.5496,5.39638],[-75.54959,5.39632],[-75.54959,5.39632],[-75.54959,5.39632],[-75.54951,5.39616],[-75.54951,5.39616],[-75.5495,5.39615],[-75.5495,5.39615],[-75.5495,5.39615],[-75.54949,5.39615],[-75.54949,5.39615],[-75.54948,5.39615],[-75.54948,5.39615],[-75.54948,5.39615],[-75.54947,5.39615],[-75.54947,5.39615],[-75.54946,5.39615],[-75.54946,5.39616],[-75.54946,5.39616],[-75.54946,5.39617],[-75.54946,5.39617],[-75.54946,5.39618],[-75.54946,5.39618],[-75.54946,5.39618],[-75.54954,5.39634],[-75.54955,5.39639],[-75.54956,5.39655],[-75.54956,5.39655],[-75.54954,5.39656],[-75.54954,5.39656],[-75.54954,5.39656],[-75.54952,5.39653],[-75.54952,5.39653],[-75.54952,5.39653],[-75.54951,5.39653],[-75.54951,5.39652],[-75.54951,5.39652],[-75.54951,5.39652],[-75.54951,5.39652],[-75.5495,5.39652],[-75.5495,5.39652],[-75.5495,5.39652],[-75.5495,5.39651],[-75.5495,5.39651],[-75.5495,5.39651],[-75.54949,5.39651],[-75.54949,5.39651],[-75.54949,5.39651],[-75.54949,5.39651],[-75.54948,5.39651],[-75.54948,5.39651],[-75.54947,5.39651],[-75.54947,5.39651],[-75.54947,5.39651],[-75.54946,5.39651],[-75.54946,5.39651],[-75.54946,5.39651],[-75.54946,5.39651],[-75.54946,5.39651],[-75.54946,5.39651],[-75.54945,5.39652],[-75.54945,5.39652],[-75.54945,5.39652],[-75.54945,5.39652],[-75.54945,5.39652],[-75.54942,5.39652],[-75.54942,5.39652],[-75.54942,5.39652],[-75.54942,5.39652],[-75.54941,5.39652],[-75.54941,5.39652],[-75.54941,5.39652],[-75.54941,5.39652],[-75.54941,5.39652],[-75.5494,5.39652],[-75.5494,5.39652],[-75.5494,5.39652],[-75.54939,5.39652],[-75.54939,5.39652],[-75.54939,5.39652],[-75.54939,5.39653],[-75.54939,5.39653],[-75.54939,5.39653],[-75.54939,5.39653],[-75.54938,5.39653],[-75.54938,5.39653],[-75.54938,5.39653],[-75.54938,5.39653],[-75.54938,5.39653],[-75.54938,5.39653],[-75.54937,5.39653],[-75.54937,5.39653],[-75.54937,5.39653],[-75.54937,5.39653],[-75.54937,5.39653],[-75.54936,5.39653],[-75.54936,5.39653],[-75.54936,5.39653],[-75.54936,5.39653],[-75.54936,5.39653],[-75.54936,5.39654],[-75.54935,5.39654],[-75.54935,5.39654],[-75.54934,5.39653],[-75.54932,5.39653],[-75.54932,5.39653],[-75.54932,5.39652],[-75.54932,5.39652],[-75.54932,5.39652],[-75.54931,5.39652],[-75.54931,5.39652],[-75.54931,5.39652],[-75.54931,5.39652],[-75.5493,5.39652],[-75.5493,5.39652],[-75.54929,5.39652],[-75.54929,5.39652],[-75.54929,5.39652],[-75.54926,5.39643],[-75.54926,5.39643],[-75.54924,5.39639],[-75.54924,5.39639],[-75.54923,5.39638],[-75.54922,5.39636],[-75.54921,5.39628],[-75.54919,5.39598],[-75.54919,5.39598],[-75.54919,5.39597],[-75.54917,5.39591],[-75.54917,5.39591],[-75.54916,5.39586],[-75.54916,5.39586],[-75.54916,5.39586],[-75.54911,5.39577],[-75.54911,5.39577],[-75.54911,5.39577],[-75.54909,5.39572],[-75.54908,5.39572],[-75.54903,5.39565],[-75.54903,5.39565],[-75.54902,5.39565],[-75.54894,5.39558],[-75.54894,5.39558],[-75.54894,5.39558],[-75.5489,5.39556],[-75.5489,5.39555],[-75.54876,5.39551],[-75.54869,5.39546],[-75.54869,5.39546],[-75.54869,5.39546],[-75.54865,5.39544],[-75.54864,5.39544],[-75.54864,5.39543],[-75.54863,5.39543],[-75.54863,5.39543],[-75.54863,5.39544],[-75.54862,5.39544],[-75.54862,5.39544],[-75.54861,5.39544],[-75.54861,5.39545],[-75.54861,5.39545],[-75.54861,5.39545],[-75.54861,5.39546],[-75.54861,5.39546],[-75.54861,5.39547],[-75.54861,5.39547],[-75.54861,5.39548],[-75.54861,5.39548],[-75.54862,5.39548],[-75.54862,5.39549],[-75.54866,5.39551],[-75.54873,5.39555],[-75.54874,5.39555],[-75.54874,5.39556],[-75.54888,5.39561],[-75.54891,5.39562],[-75.54899,5.39569],[-75.54904,5.39575],[-75.54907,5.3958],[-75.54911,5.39588],[-75.54912,5.39593],[-75.54913,5.39598],[-75.54915,5.39628],[-75.54915,5.39628],[-75.54916,5.3963],[-75.54912,5.39627],[-75.54911,5.39626],[-75.54911,5.39624],[-75.5491,5.39623],[-75.5491,5.39623],[-75.54906,5.39618],[-75.54899,5.39607],[-75.54899,5.39606],[-75.54898,5.39606],[-75.54898,5.39606],[-75.54898,5.39606],[-75.54897,5.39606],[-75.54897,5.39605],[-75.54896,5.39606],[-75.54896,5.39606],[-75.54895,5.39606],[-75.54895,5.39606],[-75.54895,5.39606],[-75.54894,5.39607],[-75.54894,5.39607],[-75.54894,5.39607],[-75.54894,5.39608],[-75.54894,5.39608],[-75.54894,5.39609],[-75.54894,5.39609],[-75.54894,5.3961],[-75.54901,5.39621],[-75.54901,5.39621],[-75.54906,5.39626],[-75.54906,5.39628],[-75.54907,5.39628],[-75.54907,5.39629],[-75.54908,5.3963],[-75.54908,5.39631],[-75.54908,5.39631],[-75.54917,5.39639],[-75.54919,5.39641],[-75.54921,5.39645],[-75.54923,5.3965],[-75.54922,5.3965],[-75.54922,5.3965],[-75.54921,5.3965],[-75.54921,5.3965],[-75.54921,5.3965],[-75.54921,5.39651],[-75.54921,5.39651],[-75.54921,5.39651],[-75.54921,5.39651],[-75.5492,5.39651],[-75.54919,5.39651],[-75.54919,5.39652],[-75.54919,5.39652],[-75.54919,5.39652],[-75.54919,5.39652],[-75.54917,5.39654],[-75.54917,5.39654],[-75.54916,5.39654],[-75.54916,5.39654],[-75.54916,5.39654],[-75.54916,5.39654],[-75.54916,5.39654],[-75.54916,5.39654],[-75.54915,5.39654],[-75.54915,5.39654],[-75.54915,5.39654],[-75.54915,5.39654],[-75.54915,5.39655],[-75.54915,5.39655],[-75.54914,5.39655],[-75.54914,5.39655],[-75.54914,5.39655],[-75.54913,5.39655],[-75.54913,5.39655],[-75.54911,5.39654],[-75.54911,5.39654],[-75.54911,5.39654],[-75.54911,5.39654],[-75.5491,5.39654],[-75.5491,5.39654],[-75.5491,5.39654],[-75.54909,5.39654],[-75.54909,5.39654],[-75.54909,5.39654],[-75.54909,5.39654],[-75.54909,5.39654],[-75.54909,5.39654],[-75.54908,5.39654],[-75.54908,5.39654],[-75.54908,5.39654],[-75.54908,5.39654],[-75.54908,5.39654],[-75.54908,5.39654],[-75.54908,5.39654],[-75.54907,5.39654],[-75.54907,5.39654],[-75.54906,5.39654],[-75.54906,5.39654],[-75.54906,5.39654],[-75.54906,5.39654],[-75.54906,5.39654],[-75.54906,5.39653],[-75.54905,5.39653],[-75.54905,5.39653],[-75.54905,5.39653],[-75.54905,5.39653],[-75.54905,5.39653],[-75.54904,5.39653],[-75.54904,5.39653],[-75.54904,5.39653],[-75.54904,5.39653],[-75.54904,5.39653],[-75.54903,5.39653],[-75.54903,5.39653],[-75.54903,5.39653],[-75.54903,5.39653],[-75.54903,5.39653],[-75.54903,5.39653],[-75.54902,5.39653],[-75.54902,5.39653],[-75.54902,5.39653],[-75.54902,5.39653],[-75.54902,5.39653],[-75.54902,5.39653],[-75.54901,5.39653],[-75.54901,5.39653],[-75.54901,5.39653],[-75.54901,5.39653],[-75.54901,5.39653],[-75.54901,5.39653],[-75.549,5.39653],[-75.549,5.39653],[-75.54898,5.39653],[-75.54898,5.39653],[-75.54898,5.39653],[-75.54898,5.39653],[-75.54898,5.39653],[-75.54898,5.39653],[-75.54898,5.39653],[-75.54896,5.39653],[-75.54896,5.39653],[-75.54896,5.39653],[-75.54896,5.39653],[-75.54896,5.39653],[-75.54896,5.39653],[-75.54895,5.39653],[-75.54895,5.39653],[-75.54895,5.39653],[-75.54895,5.39653],[-75.54895,5.39653],[-75.54895,5.39653],[-75.54895,5.39653],[-75.54894,5.39652],[-75.54894,5.39652],[-75.54894,5.39652],[-75.54894,5.39652],[-75.54894,5.39652],[-75.54893,5.39651],[-75.54893,5.39651],[-75.54893,5.39651],[-75.54893,5.39651],[-75.54893,5.3965],[-75.54892,5.3965],[-75.54892,5.3965],[-75.54892,5.3965],[-75.54891,5.3965],[-75.54891,5.3965],[-75.54891,5.3965],[-75.54891,5.3965],[-75.54891,5.3965],[-75.54891,5.3965],[-75.5489,5.3965],[-75.5489,5.3965],[-75.5489,5.3965],[-75.5489,5.3965],[-75.5489,5.3965],[-75.5489,5.3965],[-75.5489,5.3965],[-75.54889,5.3965],[-75.54889,5.3965],[-75.54889,5.3965],[-75.54889,5.3965],[-75.54888,5.39651],[-75.54888,5.39651],[-75.54888,5.39651],[-75.54887,5.39652],[-75.54887,5.39652],[-75.54886,5.39652],[-75.54886,5.39652],[-75.54886,5.39651],[-75.54886,5.39651],[-75.54886,5.39651],[-75.54886,5.39651],[-75.54885,5.39651],[-75.54885,5.39651],[-75.54885,5.39651],[-75.54885,5.39651],[-75.54885,5.39651],[-75.54885,5.39651],[-75.54884,5.39651],[-75.54884,5.39651],[-75.54884,5.39651],[-75.54882,5.39649],[-75.54882,5.39649],[-75.54882,5.39649],[-75.54882,5.39649],[-75.54882,5.39649],[-75.54882,5.39648],[-75.54881,5.39648],[-75.54881,5.39648],[-75.54881,5.39648],[-75.54881,5.39648],[-75.5488,5.39647],[-75.5488,5.39647],[-75.5488,5.39647],[-75.5488,5.39647],[-75.5488,5.39647],[-75.5488,5.39647],[-75.54879,5.39647],[-75.54879,5.39647],[-75.54878,5.39647],[-75.54878,5.39647],[-75.54878,5.39647],[-75.54878,5.39647],[-75.54876,5.39647],[-75.54875,5.39647],[-75.54873,5.39646],[-75.54873,5.39646],[-75.54873,5.39646],[-75.54873,5.39646],[-75.54873,5.39646],[-75.54873,5.39646],[-75.54872,5.39646],[-75.54872,5.39646],[-75.54872,5.39646],[-75.54872,5.39646],[-75.54871,5.39645],[-75.54871,5.39645],[-75.54871,5.39645],[-75.54871,5.39645],[-75.54871,5.39645],[-75.5487,5.39645],[-75.5487,5.39644],[-75.5487,5.39644],[-75.5487,5.39644],[-75.5487,5.39644],[-75.5487,5.39644],[-75.5487,5.39644],[-75.54869,5.39644],[-75.54866,5.39618],[-75.54867,5.39615],[-75.54867,5.39615],[-75.54867,5.39615],[-75.54867,5.39614],[-75.54867,5.39612],[-75.54867,5.39612],[-75.54867,5.39611],[-75.54866,5.39611],[-75.54866,5.39611],[-75.54865,5.39608],[-75.54865,5.39608],[-75.54866,5.39606],[-75.54866,5.39605],[-75.54866,5.39605],[-75.54866,5.39604],[-75.54866,5.39602],[-75.54866,5.39602],[-75.54866,5.39602],[-75.54861,5.3959],[-75.5486,5.39585],[-75.5486,5.39585],[-75.54859,5.39585],[-75.54856,5.39578],[-75.54856,5.39577],[-75.54856,5.39577],[-75.54851,5.3957],[-75.54851,5.3957],[-75.54851,5.3957],[-75.5485,5.39569],[-75.5485,5.39569],[-75.5485,5.39569],[-75.54849,5.39569],[-75.54849,5.39569],[-75.54848,5.39569],[-75.54848,5.39569],[-75.54848,5.3957],[-75.54847,5.3957],[-75.54847,5.3957],[-75.54847,5.39571],[-75.54847,5.39571],[-75.54847,5.39572],[-75.54847,5.39572],[-75.54847,5.39572],[-75.54847,5.39573],[-75.54847,5.39573],[-75.54851,5.3958],[-75.54854,5.39587],[-75.54856,5.39591],[-75.54856,5.39592],[-75.54856,5.39592],[-75.54861,5.39603],[-75.54861,5.39604],[-75.54859,5.39607],[-75.54859,5.39607],[-75.54859,5.39608],[-75.54859,5.39608],[-75.54859,5.3961],[-75.54859,5.3961],[-75.5486,5.3961],[-75.5486,5.39611],[-75.54861,5.39613],[-75.54861,5.39614],[-75.5486,5.39617],[-75.5486,5.39617],[-75.5486,5.39618],[-75.5486,5.39618],[-75.54863,5.3964],[-75.54863,5.3964],[-75.54863,5.3964],[-75.54863,5.3964],[-75.54862,5.3964],[-75.54862,5.3964],[-75.54862,5.3964],[-75.54862,5.39639],[-75.54862,5.39639],[-75.54862,5.39639],[-75.54862,5.39639],[-75.54861,5.39639],[-75.54861,5.39639],[-75.54861,5.39639],[-75.5486,5.39639],[-75.5486,5.39639],[-75.5486,5.39639],[-75.5486,5.39639],[-75.54859,5.39639],[-75.54859,5.39639],[-75.54859,5.39639],[-75.54859,5.39639],[-75.54858,5.39639],[-75.54854,5.39639],[-75.54853,5.39638],[-75.54853,5.39638],[-75.54853,5.39636],[-75.54854,5.39633],[-75.54856,5.3963],[-75.54856,5.3963],[-75.54856,5.3963],[-75.54856,5.3963],[-75.54856,5.3963],[-75.54856,5.3963],[-75.54856,5.39629],[-75.54856,5.39629],[-75.54856,5.39629],[-75.54856,5.39629],[-75.54857,5.39628],[-75.54857,5.39627],[-75.54857,5.39627],[-75.54857,5.39627],[-75.54857,5.39625],[-75.54859,5.39619],[-75.54859,5.39619],[-75.54859,5.39619],[-75.54859,5.39618],[-75.54859,5.39618],[-75.54857,5.39609],[-75.54857,5.39599],[-75.54857,5.39598],[-75.54856,5.39598],[-75.54856,5.39598],[-75.54856,5.39597],[-75.54856,5.39597],[-75.54855,5.39597],[-75.54855,5.39596],[-75.54854,5.39596],[-75.54854,5.39596],[-75.54853,5.39596],[-75.54853,5.39596],[-75.54853,5.39597],[-75.54852,5.39597],[-75.54852,5.39597],[-75.54852,5.39597],[-75.54851,5.39598],[-75.54851,5.39598],[-75.54851,5.39599],[-75.54851,5.39599],[-75.54851,5.39609],[-75.54851,5.3961],[-75.54851,5.3961],[-75.54853,5.39618],[-75.54853,5.3962],[-75.54852,5.39618],[-75.54849,5.39608],[-75.54849,5.39604],[-75.54849,5.39603],[-75.54848,5.39601],[-75.54848,5.39601],[-75.54848,5.39601],[-75.54847,5.39599],[-75.54847,5.39598],[-75.54847,5.39598],[-75.54847,5.39598],[-75.54843,5.39594],[-75.54843,5.39594],[-75.54843,5.39594],[-75.54842,5.39593],[-75.54842,5.39593],[-75.54842,5.39593],[-75.54841,5.39593],[-75.54841,5.39594],[-75.5484,5.39594],[-75.5484,5.39594],[-75.5484,5.39594],[-75.54839,5.39595],[-75.54839,5.39595],[-75.54839,5.39595],[-75.54839,5.39596],[-75.54839,5.39596],[-75.54839,5.39597],[-75.54839,5.39597],[-75.54839,5.39598],[-75.5484,5.39598],[-75.54842,5.39601],[-75.54843,5.39602],[-75.54843,5.39604],[-75.54843,5.39609],[-75.54843,5.39609],[-75.54843,5.3961],[-75.54847,5.3962],[-75.54847,5.3962],[-75.54847,5.3962],[-75.54849,5.39624],[-75.54848,5.39622],[-75.54847,5.39622],[-75.54847,5.39622],[-75.54844,5.3962],[-75.54844,5.39619],[-75.54844,5.39619],[-75.54844,5.39619],[-75.54838,5.39617],[-75.54838,5.39617],[-75.54836,5.39611],[-75.54836,5.3961],[-75.54836,5.3961],[-75.54833,5.39605],[-75.54833,5.39605],[-75.54829,5.396],[-75.54826,5.39596],[-75.54826,5.39596],[-75.54825,5.39596],[-75.54825,5.39595],[-75.54825,5.39595],[-75.54824,5.39595],[-75.54824,5.39595],[-75.54823,5.39595],[-75.54823,5.39595],[-75.54822,5.39595],[-75.54822,5.39596],[-75.54822,5.39596],[-75.54821,5.39596],[-75.54821,5.39597],[-75.54821,5.39597],[-75.54821,5.39597],[-75.54821,5.39598],[-75.54821,5.39598],[-75.54821,5.39599],[-75.54821,5.39599],[-75.54824,5.39604],[-75.54824,5.39604],[-75.54828,5.39609],[-75.54831,5.39613],[-75.54833,5.39619],[-75.54833,5.39619],[-75.54833,5.3962],[-75.54833,5.3962],[-75.54834,5.3962],[-75.54835,5.39621],[-75.54835,5.39622],[-75.54836,5.39622],[-75.54836,5.39622],[-75.54841,5.39624],[-75.54843,5.39626],[-75.54844,5.39627],[-75.54845,5.39629],[-75.54845,5.39629],[-75.54845,5.39629],[-75.54846,5.39631],[-75.54847,5.39631],[-75.54847,5.39632],[-75.54848,5.39633],[-75.54848,5.39635],[-75.54848,5.39635],[-75.54848,5.39635],[-75.54847,5.39637],[-75.54846,5.39637],[-75.54846,5.39637],[-75.54846,5.39637],[-75.54846,5.39637],[-75.54846,5.39637],[-75.54844,5.39637],[-75.54844,5.39637],[-75.54844,5.39638],[-75.54844,5.39638],[-75.54844,5.39638],[-75.54844,5.39638],[-75.54842,5.39639],[-75.54842,5.39639],[-75.54839,5.39638],[-75.54839,5.39638],[-75.54839,5.39638],[-75.54839,5.39638],[-75.54839,5.39638],[-75.54838,5.39638],[-75.54838,5.39638],[-75.54838,5.39638],[-75.54838,5.39638],[-75.54837,5.39638],[-75.54837,5.39639],[-75.54837,5.39639],[-75.54837,5.39639],[-75.54837,5.39639],[-75.54837,5.39639],[-75.54837,5.39639],[-75.54837,5.39639],[-75.54836,5.39639],[-75.54836,5.39639],[-75.54836,5.39639],[-75.54835,5.39639],[-75.54835,5.39639],[-75.54835,5.39639],[-75.54834,5.39639],[-75.54834,5.39639],[-75.54834,5.39639],[-75.54834,5.39638],[-75.54834,5.39638],[-75.54833,5.39638],[-75.54833,5.39638],[-75.54833,5.39638],[-75.54833,5.39638],[-75.54833,5.39638],[-75.54833,5.39638],[-75.54833,5.39638],[-75.54832,5.39638],[-75.54832,5.39638],[-75.54832,5.39638],[-75.54832,5.39638],[-75.54832,5.39638],[-75.54829,5.39634],[-75.54827,5.3963],[-75.54827,5.3963],[-75.54826,5.3963],[-75.5482,5.39624],[-75.5482,5.39624],[-75.5482,5.39624],[-75.5482,5.39624],[-75.54818,5.39621],[-75.54816,5.39617],[-75.54815,5.39613],[-75.54813,5.39605],[-75.54813,5.39605],[-75.54812,5.39601],[-75.54812,5.39601],[-75.54812,5.39601],[-75.54811,5.39599],[-75.5481,5.39599],[-75.5481,5.39599],[-75.5481,5.39599],[-75.54809,5.39598],[-75.54809,5.39598],[-75.54808,5.39598],[-75.54808,5.39598],[-75.54807,5.39598],[-75.54807,5.39599],[-75.54807,5.39599],[-75.54806,5.39599],[-75.54806,5.39599],[-75.54806,5.396],[-75.54806,5.396],[-75.54806,5.39601],[-75.54806,5.39601],[-75.54806,5.39602],[-75.54806,5.39602],[-75.54806,5.39602],[-75.54807,5.39604],[-75.54808,5.39607],[-75.54808,5.39609],[-75.54808,5.39609],[-75.54808,5.39608],[-75.54808,5.39608],[-75.54807,5.39608],[-75.54807,5.39608],[-75.54806,5.39608],[-75.54806,5.39608],[-75.54805,5.39608],[-75.54805,5.39608],[-75.54805,5.39608],[-75.54804,5.39608],[-75.54804,5.39609],[-75.54804,5.39609],[-75.54804,5.3961],[-75.54804,5.3961],[-75.54804,5.3961],[-75.54804,5.39611],[-75.54804,5.39611],[-75.54805,5.39616],[-75.54805,5.39616],[-75.54806,5.39616],[-75.54806,5.39617],[-75.54808,5.39619],[-75.54809,5.39621],[-75.54809,5.39622],[-75.54809,5.39622],[-75.5481,5.39624],[-75.5481,5.39624],[-75.5481,5.39624],[-75.54812,5.39626],[-75.54812,5.39626],[-75.54811,5.39626],[-75.54811,5.39627],[-75.54811,5.39627],[-75.54811,5.39628],[-75.54811,5.39628],[-75.54811,5.39629],[-75.54811,5.39629],[-75.54812,5.39629],[-75.54812,5.3963],[-75.5482,5.39636],[-75.5482,5.39636],[-75.5482,5.39636],[-75.5482,5.39636],[-75.54819,5.39636],[-75.54819,5.39636],[-75.54819,5.39636],[-75.54818,5.39637],[-75.54818,5.39637],[-75.54818,5.39637],[-75.54818,5.39637],[-75.54818,5.39637],[-75.54817,5.39637],[-75.54817,5.39637],[-75.54817,5.39637],[-75.54817,5.39638],[-75.54817,5.39638],[-75.54817,5.39638],[-75.54816,5.39638],[-75.54816,5.39638],[-75.54816,5.39638],[-75.54816,5.39639],[-75.54816,5.39639],[-75.54816,5.39639],[-75.54815,5.39639],[-75.54815,5.39639],[-75.54814,5.39639],[-75.54814,5.39639],[-75.54813,5.39639],[-75.54813,5.39639],[-75.54813,5.39639],[-75.54813,5.39639],[-75.54812,5.39639],[-75.54812,5.39639],[-75.54812,5.39639],[-75.54812,5.39639],[-75.54812,5.39639],[-75.54812,5.39639],[-75.54812,5.39639],[-75.54811,5.3964],[-75.54811,5.3964],[-75.54811,5.3964],[-75.54811,5.3964],[-75.54811,5.3964],[-75.54811,5.3964],[-75.54811,5.3964],[-75.54809,5.39642],[-75.54807,5.39638],[-75.54806,5.39637],[-75.54806,5.39637],[-75.548,5.3963],[-75.548,5.3963],[-75.54795,5.39626],[-75.54794,5.39623],[-75.54792,5.39618],[-75.54792,5.39618],[-75.54792,5.39618],[-75.54792,5.39617],[-75.54789,5.39614],[-75.54788,5.39614],[-75.54783,5.39608],[-75.54783,5.39608],[-75.54782,5.39608],[-75.54782,5.39608],[-75.5478,5.39606],[-75.5478,5.39606],[-75.54779,5.39606],[-75.54775,5.39605],[-75.54774,5.39604],[-75.54773,5.39604],[-75.54773,5.39604],[-75.54772,5.39604],[-75.54772,5.39604],[-75.54772,5.39604],[-75.54771,5.39605],[-75.54771,5.39605],[-75.5477,5.39605],[-75.5477,5.39605],[-75.5477,5.39606],[-75.5477,5.39606],[-75.5477,5.39607],[-75.5477,5.39607],[-75.5477,5.39608],[-75.5477,5.39608],[-75.5477,5.39608],[-75.54771,5.39609],[-75.54771,5.39609],[-75.54771,5.39609],[-75.54773,5.3961],[-75.54773,5.3961],[-75.54774,5.3961],[-75.54778,5.39611],[-75.5478,5.39612],[-75.54785,5.39617],[-75.54787,5.3962],[-75.54789,5.39625],[-75.54789,5.39625],[-75.54789,5.39625],[-75.54791,5.39629],[-75.54791,5.3963],[-75.54791,5.3963],[-75.54791,5.3963],[-75.54797,5.39634],[-75.54802,5.39641],[-75.54804,5.39645],[-75.54804,5.39645],[-75.54804,5.39645],[-75.54804,5.39645],[-75.54804,5.39645],[-75.54803,5.39645],[-75.54803,5.39645],[-75.54803,5.39645],[-75.54803,5.39645],[-75.54803,5.39645],[-75.54802,5.39645],[-75.54802,5.39645],[-75.54802,5.39645],[-75.54802,5.39645],[-75.54802,5.39645],[-75.54802,5.39645],[-75.54802,5.39645],[-75.54801,5.39646],[-75.548,5.39647],[-75.548,5.39647],[-75.54799,5.39647],[-75.54798,5.39646],[-75.54797,5.39646],[-75.54797,5.39646],[-75.54797,5.39646],[-75.54797,5.39646],[-75.54797,5.39646],[-75.54794,5.39646],[-75.54791,5.39645],[-75.54791,5.39645],[-75.5479,5.39645],[-75.54787,5.39644],[-75.54787,5.39644],[-75.54787,5.39644],[-75.54783,5.39644],[-75.54783,5.39644],[-75.54783,5.39644],[-75.5478,5.39645],[-75.5478,5.39645],[-75.54779,5.39645],[-75.54778,5.39646],[-75.54776,5.39646],[-75.54776,5.39646],[-75.54776,5.39646],[-75.54775,5.39646],[-75.54775,5.39646],[-75.54774,5.39646],[-75.54774,5.39647],[-75.54773,5.39647],[-75.54773,5.39647],[-75.54773,5.39647],[-75.54772,5.39649],[-75.54771,5.39649],[-75.54769,5.39649],[-75.54768,5.39649],[-75.54768,5.39649],[-75.54767,5.39649],[-75.54767,5.39649],[-75.54767,5.39648],[-75.54766,5.39648],[-75.54766,5.39648],[-75.54765,5.39648],[-75.54765,5.39648],[-75.54765,5.39648],[-75.54764,5.39648],[-75.54764,5.39648],[-75.54762,5.39646],[-75.54762,5.39646],[-75.54762,5.39646],[-75.54761,5.39645],[-75.5476,5.39645],[-75.5476,5.39645],[-75.5476,5.39645],[-75.54759,5.39645],[-75.54759,5.39645],[-75.54758,5.39644],[-75.54758,5.39644],[-75.54758,5.39644],[-75.54757,5.39644],[-75.54757,5.39644],[-75.54756,5.39644],[-75.54756,5.39644],[-75.54755,5.39644],[-75.54754,5.39644],[-75.54754,5.39643],[-75.54751,5.39639],[-75.54751,5.39639],[-75.54751,5.39639],[-75.54749,5.39638],[-75.54749,5.39638],[-75.54749,5.39638],[-75.54746,5.39636],[-75.54746,5.39636],[-75.54746,5.39635],[-75.54743,5.39635],[-75.54743,5.39634],[-75.54743,5.39634],[-75.5474,5.39634],[-75.5474,5.39634],[-75.5474,5.39634],[-75.54737,5.39634],[-75.54736,5.39634],[-75.54736,5.39634],[-75.54733,5.39635],[-75.54731,5.39635],[-75.5473,5.39635],[-75.5473,5.39636],[-75.5473,5.39636],[-75.54729,5.39636],[-75.54729,5.39637],[-75.54729,5.39637],[-75.54729,5.39638],[-75.54729,5.39638],[-75.54729,5.39638],[-75.54729,5.39639],[-75.54729,5.39639],[-75.54729,5.3964],[-75.5473,5.3964],[-75.5473,5.3964],[-75.5473,5.39641],[-75.54731,5.39641],[-75.54731,5.39641],[-75.54732,5.39641],[-75.54734,5.3964],[-75.54735,5.3964],[-75.54737,5.3964],[-75.5474,5.39639],[-75.54742,5.3964],[-75.54744,5.3964],[-75.54746,5.39642],[-75.54747,5.39643],[-75.5475,5.39647],[-75.5475,5.39647],[-75.5475,5.39647],[-75.54751,5.39648],[-75.54752,5.39648],[-75.54752,5.39649],[-75.54753,5.39649],[-75.54754,5.39649],[-75.54754,5.39649],[-75.54754,5.39649],[-75.54756,5.39649],[-75.54757,5.3965],[-75.54757,5.3965],[-75.54758,5.3965],[-75.54758,5.3965],[-75.54758,5.3965],[-75.54759,5.3965],[-75.5476,5.39652],[-75.5476,5.39652],[-75.54761,5.39652],[-75.54761,5.39653],[-75.54762,5.39653],[-75.54762,5.39653],[-75.54763,5.39653],[-75.54763,5.39653],[-75.54764,5.39653],[-75.54764,5.39653],[-75.54765,5.39654],[-75.54765,5.39654],[-75.54765,5.39654],[-75.54764,5.39654],[-75.54764,5.39654],[-75.54763,5.39656],[-75.54763,5.39656],[-75.54763,5.39656],[-75.54763,5.39657],[-75.54762,5.39658],[-75.54762,5.39658],[-75.54762,5.39659],[-75.54762,5.39659],[-75.54761,5.3966],[-75.54761,5.3966],[-75.54761,5.3966],[-75.54758,5.39664],[-75.54748,5.39673],[-75.54735,5.39683],[-75.54735,5.39683],[-75.54734,5.39684],[-75.54734,5.39684],[-75.54729,5.39693],[-75.54722,5.39704],[-75.54721,5.39704],[-75.54721,5.39705],[-75.54721,5.39705],[-75.54721,5.39706],[-75.54721,5.39706],[-75.54721,5.39707],[-75.54721,5.39707],[-75.54722,5.39707],[-75.54722,5.39708],[-75.54723,5.39708],[-75.54723,5.39708],[-75.54723,5.39708],[-75.54724,5.39708],[-75.54724,5.39708],[-75.54725,5.39708],[-75.54725,5.39708],[-75.54726,5.39707],[-75.54726,5.39707],[-75.54734,5.39696],[-75.54734,5.39696],[-75.54734,5.39696],[-75.54739,5.39687],[-75.54751,5.39678],[-75.54751,5.39678],[-75.54752,5.39678],[-75.54762,5.39668],[-75.54762,5.39668],[-75.54762,5.39667],[-75.54765,5.39664],[-75.54766,5.39663],[-75.54766,5.39663],[-75.54766,5.39662],[-75.54767,5.39662],[-75.54767,5.39661],[-75.54767,5.39661],[-75.54767,5.3966],[-75.54767,5.3966],[-75.54767,5.3966],[-75.54767,5.39659],[-75.54768,5.39659],[-75.54768,5.39658],[-75.54769,5.39657],[-75.54772,5.39656],[-75.54772,5.39656],[-75.54773,5.39655],[-75.54779,5.39656],[-75.54779,5.39657],[-75.54781,5.39657],[-75.54782,5.39657],[-75.54782,5.39657],[-75.54784,5.39656],[-75.54784,5.39656],[-75.54784,5.39656],[-75.54785,5.39656],[-75.54786,5.39655],[-75.54786,5.39655],[-75.54787,5.39655],[-75.54787,5.39655],[-75.54787,5.39655],[-75.54788,5.39655],[-75.54788,5.39655],[-75.54788,5.39655],[-75.54789,5.39654],[-75.54791,5.39654],[-75.54791,5.39654],[-75.54792,5.39654],[-75.54792,5.39654],[-75.54793,5.39653],[-75.54793,5.39653],[-75.54793,5.39653],[-75.54794,5.39652],[-75.54794,5.39652],[-75.54794,5.39652],[-75.54795,5.39651],[-75.54796,5.39651],[-75.54797,5.39652],[-75.54798,5.39652],[-75.54798,5.39652],[-75.54798,5.39652],[-75.54798,5.39652],[-75.54799,5.39652],[-75.548,5.39652],[-75.548,5.39652],[-75.548,5.39652],[-75.548,5.39652],[-75.548,5.39652],[-75.54801,5.39652],[-75.54801,5.39652],[-75.54802,5.39652],[-75.54802,5.39652],[-75.54802,5.39652],[-75.54802,5.39652],[-75.54803,5.39651],[-75.54803,5.39651],[-75.54803,5.39651],[-75.54804,5.39651],[-75.54804,5.39651],[-75.54804,5.39651],[-75.54804,5.39651],[-75.54805,5.3965],[-75.54805,5.3965],[-75.54805,5.3965],[-75.54806,5.3965],[-75.54806,5.3965],[-75.54806,5.3965],[-75.54806,5.3965],[-75.54807,5.3965],[-75.54807,5.3965],[-75.54807,5.3965],[-75.54807,5.3965],[-75.54807,5.3965],[-75.54807,5.3965],[-75.54808,5.3965],[-75.54808,5.3965],[-75.54808,5.39649],[-75.54808,5.39649],[-75.54808,5.39649],[-75.54808,5.39649],[-75.54809,5.39649],[-75.54809,5.39649],[-75.54809,5.39649],[-75.54809,5.39648],[-75.5481,5.39648],[-75.5481,5.39648],[-75.5481,5.39648],[-75.5481,5.39648],[-75.5481,5.39648],[-75.54811,5.39648],[-75.54811,5.39648],[-75.54811,5.39648],[-75.54811,5.39648],[-75.54811,5.39648],[-75.54807,5.39659],[-75.54803,5.39662],[-75.54803,5.39662],[-75.54803,5.39662],[-75.54798,5.39668],[-75.54798,5.39669],[-75.54797,5.39669],[-75.54797,5.3967],[-75.54797,5.3967],[-75.54797,5.39671],[-75.54797,5.39671],[-75.54798,5.39671],[-75.54798,5.39672],[-75.54798,5.39672],[-75.54799,5.39672],[-75.54799,5.39673],[-75.54799,5.39673],[-75.548,5.39673],[-75.548,5.39673],[-75.54801,5.39673],[-75.54801,5.39673],[-75.54801,5.39672],[-75.54802,5.39672],[-75.54802,5.39672],[-75.54807,5.39666],[-75.5481,5.39663],[-75.54811,5.39663],[-75.54811,5.39662],[-75.54811,5.39662],[-75.54816,5.3965],[-75.54819,5.39646],[-75.54819,5.39646],[-75.54819,5.39645],[-75.54819,5.39645],[-75.54819,5.39644],[-75.54819,5.39644],[-75.54819,5.39644],[-75.54819,5.39644],[-75.5482,5.39643],[-75.5482,5.39643],[-75.5482,5.39643],[-75.5482,5.39643],[-75.5482,5.39643],[-75.5482,5.39643],[-75.5482,5.39643],[-75.54821,5.39642],[-75.54821,5.39642],[-75.54821,5.39642],[-75.54821,5.39642],[-75.54821,5.39642],[-75.54821,5.39642],[-75.54821,5.39642],[-75.54821,5.39642],[-75.54822,5.39642],[-75.54824,5.39642],[-75.54825,5.39642],[-75.54825,5.39643],[-75.54825,5.39643],[-75.54826,5.39643],[-75.54826,5.39643],[-75.54826,5.39643],[-75.54826,5.39643],[-75.54826,5.39643],[-75.54827,5.39644],[-75.54827,5.39644],[-75.54827,5.39644],[-75.54827,5.39644],[-75.54828,5.39644],[-75.54828,5.39644],[-75.54828,5.39644],[-75.54829,5.39644],[-75.54829,5.39644],[-75.54829,5.39644],[-75.54829,5.39644],[-75.5483,5.39644],[-75.5483,5.39644],[-75.5483,5.39644],[-75.54831,5.39644],[-75.54831,5.39644],[-75.54831,5.39644],[-75.54831,5.39644],[-75.54832,5.39644],[-75.54832,5.39644],[-75.54832,5.39644],[-75.54832,5.39644],[-75.54832,5.39644],[-75.54832,5.39644],[-75.54833,5.39644],[-75.54833,5.39644],[-75.54833,5.39644],[-75.54833,5.39644],[-75.54834,5.39644],[-75.54834,5.39644],[-75.54834,5.39644],[-75.54834,5.39644],[-75.54836,5.39644],[-75.54836,5.39644],[-75.54836,5.39644],[-75.54836,5.39644],[-75.54836,5.39644],[-75.54837,5.39644],[-75.54837,5.39644],[-75.54837,5.39645],[-75.54837,5.39645],[-75.54837,5.39645],[-75.54837,5.39645],[-75.54838,5.39645],[-75.54838,5.39644],[-75.54838,5.39644],[-75.54838,5.39644],[-75.54838,5.39644],[-75.54838,5.39644],[-75.54839,5.39644],[-75.54839,5.39644],[-75.54839,5.39644],[-75.54839,5.39644],[-75.54839,5.39644],[-75.54841,5.39644],[-75.54841,5.39644],[-75.54841,5.39644],[-75.54842,5.39644],[-75.54842,5.39644],[-75.54842,5.39644],[-75.54843,5.39644],[-75.54843,5.39644],[-75.54843,5.39644],[-75.54843,5.39644],[-75.54844,5.39644],[-75.54844,5.39644],[-75.54844,5.39644],[-75.54844,5.39644],[-75.54844,5.39644],[-75.54846,5.39643],[-75.54847,5.39642],[-75.54848,5.39642],[-75.54849,5.39642],[-75.54849,5.39642],[-75.54851,5.39644],[-75.54851,5.39644],[-75.54851,5.39644],[-75.54851,5.39644],[-75.54851,5.39644],[-75.54851,5.39644],[-75.54851,5.39644],[-75.54852,5.39645],[-75.54852,5.39645],[-75.54852,5.39645],[-75.54853,5.39645],[-75.54853,5.39645],[-75.54853,5.39645],[-75.54853,5.39645],[-75.54854,5.39645],[-75.54854,5.39645],[-75.54854,5.39645],[-75.54854,5.39645],[-75.54855,5.39645],[-75.54855,5.39645],[-75.54859,5.39644],[-75.54859,5.39644],[-75.5486,5.39645],[-75.5486,5.39645],[-75.5486,5.39646],[-75.5486,5.39646],[-75.54861,5.39646],[-75.54861,5.39646],[-75.54861,5.39646],[-75.54861,5.39646],[-75.54862,5.39646],[-75.54862,5.39646],[-75.54862,5.39647],[-75.54862,5.39647],[-75.54862,5.39647],[-75.54862,5.39647],[-75.54863,5.39647],[-75.54863,5.39647],[-75.54863,5.39647],[-75.54863,5.39647],[-75.54864,5.39647],[-75.54864,5.39647],[-75.54865,5.39648],[-75.54865,5.39648],[-75.54865,5.39648],[-75.54865,5.39648],[-75.54865,5.39648],[-75.54865,5.39648],[-75.54865,5.39648],[-75.54865,5.39648],[-75.54865,5.39648],[-75.54865,5.39648],[-75.54865,5.39648],[-75.54865,5.39648],[-75.54866,5.39649],[-75.54866,5.39649],[-75.54866,5.39649],[-75.54867,5.39649],[-75.54867,5.39649],[-75.54867,5.39649],[-75.54868,5.3965],[-75.54868,5.3965],[-75.54868,5.3965],[-75.54869,5.39651],[-75.54869,5.39651],[-75.54869,5.39651],[-75.54869,5.39651],[-75.54869,5.39651],[-75.5487,5.39651],[-75.5487,5.39651],[-75.5487,5.39651],[-75.5487,5.39651],[-75.5487,5.39652],[-75.5487,5.39652],[-75.54871,5.39652],[-75.54871,5.39652],[-75.54871,5.39652],[-75.54871,5.39652],[-75.54872,5.39652],[-75.54874,5.39652],[-75.54874,5.39652],[-75.54874,5.39653],[-75.54874,5.39653],[-75.54874,5.39653],[-75.54874,5.39653],[-75.54876,5.39653],[-75.54876,5.39653],[-75.54876,5.39653],[-75.54876,5.39653],[-75.54876,5.39653],[-75.54878,5.39652],[-75.54878,5.39652],[-75.5488,5.39655],[-75.5488,5.39655],[-75.5488,5.39655],[-75.5488,5.39655],[-75.5488,5.39655],[-75.5488,5.39655],[-75.54881,5.39655],[-75.54881,5.39655],[-75.54881,5.39656],[-75.54881,5.39656],[-75.54881,5.39656],[-75.54881,5.39656],[-75.54881,5.39656],[-75.54882,5.39656],[-75.54882,5.39656],[-75.54882,5.39656],[-75.54882,5.39656],[-75.54882,5.39656],[-75.54883,5.39656],[-75.54883,5.39656],[-75.54883,5.39656],[-75.54883,5.39656],[-75.54883,5.39656],[-75.54883,5.39657],[-75.54884,5.39657],[-75.54884,5.39657],[-75.54884,5.39657],[-75.54884,5.39657],[-75.54884,5.39657],[-75.54884,5.39657],[-75.54884,5.39657],[-75.54886,5.39657],[-75.54886,5.39657],[-75.54886,5.39657],[-75.54886,5.39657],[-75.54886,5.39657],[-75.54886,5.39657],[-75.54887,5.39657],[-75.54887,5.39657],[-75.54888,5.39657],[-75.54888,5.39657],[-75.54889,5.39657],[-75.54889,5.39657],[-75.54889,5.39657],[-75.54889,5.39657],[-75.54889,5.39657],[-75.5489,5.39656],[-75.5489,5.39656],[-75.5489,5.39656],[-75.5489,5.39656],[-75.5489,5.39656],[-75.5489,5.39656],[-75.54891,5.39656],[-75.54891,5.39657],[-75.54891,5.39657],[-75.54891,5.39657],[-75.54891,5.39658],[-75.54891,5.39658],[-75.54891,5.39658],[-75.54891,5.39658],[-75.54891,5.39658],[-75.54891,5.39658],[-75.54891,5.39659],[-75.54891,5.39659],[-75.54891,5.39659],[-75.54891,5.39659],[-75.54891,5.39659],[-75.54892,5.39659],[-75.54892,5.39659],[-75.54892,5.39659],[-75.54892,5.39659],[-75.54892,5.3966],[-75.54892,5.3966],[-75.54892,5.3966],[-75.54893,5.3966],[-75.54893,5.3966],[-75.54893,5.3966],[-75.54893,5.3966],[-75.54893,5.3966],[-75.54894,5.3966],[-75.54894,5.3966],[-75.54894,5.3966],[-75.54894,5.3966],[-75.54894,5.3966],[-75.54895,5.3966],[-75.54895,5.3966],[-75.54895,5.3966],[-75.54896,5.39659],[-75.54897,5.39659],[-75.54897,5.39659],[-75.54897,5.39659],[-75.54897,5.39659],[-75.54898,5.39658],[-75.54898,5.39658],[-75.549,5.39659],[-75.549,5.39659],[-75.54901,5.39659],[-75.54901,5.39659],[-75.54901,5.39659],[-75.54901,5.39659],[-75.54901,5.39659],[-75.54902,5.39659],[-75.54902,5.39659],[-75.54902,5.39659],[-75.54902,5.39659],[-75.54902,5.39658],[-75.54902,5.39658],[-75.54903,5.39658],[-75.54903,5.39658],[-75.54903,5.39658],[-75.54904,5.39658],[-75.54904,5.39659],[-75.54904,5.39659],[-75.54904,5.39659],[-75.54904,5.39659],[-75.54904,5.39659],[-75.54904,5.3966],[-75.54904,5.3966],[-75.54904,5.3966],[-75.54904,5.3966],[-75.54904,5.3966],[-75.54904,5.3966],[-75.54904,5.39661],[-75.54904,5.39661],[-75.54904,5.39661],[-75.54904,5.39661],[-75.54905,5.39661],[-75.54905,5.39661],[-75.54905,5.39661],[-75.54905,5.39661],[-75.54905,5.39661],[-75.54905,5.39661],[-75.54905,5.39661],[-75.54906,5.39662],[-75.54906,5.39662],[-75.54906,5.39662],[-75.54906,5.39662],[-75.54906,5.39662],[-75.54906,5.39662],[-75.54907,5.39662],[-75.54907,5.39662],[-75.54907,5.39662],[-75.54907,5.39662],[-75.54907,5.39662],[-75.54907,5.39661],[-75.54908,5.39661],[-75.54908,5.39661],[-75.54908,5.39661],[-75.54908,5.39661],[-75.54908,5.39661],[-75.54908,5.39661],[-75.54908,5.39661],[-75.54909,5.39661],[-75.54909,5.39661],[-75.5491,5.3966],[-75.5491,5.3966],[-75.5491,5.3966],[-75.5491,5.3966],[-75.54911,5.3966],[-75.54911,5.3966],[-75.54911,5.3966],[-75.54911,5.39661],[-75.54912,5.39661],[-75.54912,5.39661],[-75.54912,5.39661],[-75.54913,5.39661],[-75.54914,5.39661],[-75.54914,5.39661],[-75.54914,5.39661],[-75.54914,5.39661],[-75.54914,5.39661],[-75.54915,5.39661],[-75.54915,5.39661],[-75.54916,5.39661],[-75.54916,5.3966],[-75.54916,5.3966],[-75.54916,5.3966],[-75.54916,5.3966],[-75.54916,5.3966],[-75.54917,5.3966],[-75.54917,5.3966],[-75.54917,5.39659],[-75.54918,5.39659],[-75.54918,5.39659],[-75.54918,5.39659],[-75.54919,5.39659],[-75.54919,5.39659],[-75.54919,5.39659],[-75.54919,5.39659],[-75.54919,5.39659],[-75.5492,5.39659],[-75.5492,5.39659],[-75.5492,5.39659],[-75.5492,5.39659],[-75.5492,5.39659],[-75.54921,5.39658],[-75.54921,5.39658],[-75.54921,5.39658],[-75.54921,5.39658],[-75.54921,5.39658],[-75.54921,5.39658],[-75.54923,5.39656],[-75.54923,5.39656],[-75.54924,5.39655],[-75.54925,5.39655],[-75.54926,5.39656],[-75.54926,5.39656],[-75.54926,5.39656],[-75.54926,5.39656],[-75.54926,5.39656],[-75.54926,5.39656],[-75.54926,5.39656],[-75.54926,5.39657],[-75.54926,5.39657],[-75.54928,5.39657],[-75.54928,5.39657],[-75.54928,5.39657],[-75.54928,5.39657],[-75.54928,5.39657],[-75.54928,5.39657],[-75.54929,5.39657],[-75.54929,5.39657],[-75.5493,5.39657],[-75.5493,5.39657],[-75.54932,5.39658],[-75.54932,5.39659],[-75.54932,5.39659],[-75.54932,5.39659],[-75.54932,5.39659],[-75.54932,5.39659],[-75.54932,5.39659],[-75.54935,5.39659],[-75.54935,5.39659],[-75.54935,5.39659],[-75.54935,5.39659],[-75.54936,5.39659],[-75.54936,5.39659],[-75.54937,5.39659],[-75.54937,5.39659],[-75.54937,5.39659],[-75.54937,5.39659],[-75.54937,5.39659],[-75.54937,5.39659],[-75.54937,5.39659],[-75.54938,5.39659],[-75.54938,5.39658],[-75.54938,5.39658],[-75.54938,5.39658],[-75.54939,5.39658],[-75.54939,5.39658],[-75.54939,5.39658],[-75.54939,5.39658],[-75.54939,5.39658],[-75.5494,5.39658],[-75.5494,5.39658],[-75.5494,5.39658],[-75.5494,5.39658],[-75.5494,5.39658],[-75.54941,5.39658],[-75.54941,5.39658],[-75.54941,5.39658],[-75.54941,5.39658],[-75.54941,5.39658],[-75.54941,5.39658],[-75.54941,5.39658],[-75.54942,5.39658],[-75.54942,5.39657],[-75.54944,5.39658],[-75.54944,5.39658],[-75.54945,5.39658],[-75.54945,5.39658],[-75.54946,5.39658],[-75.54946,5.39658],[-75.54946,5.39658],[-75.54946,5.39658],[-75.54946,5.39657],[-75.54946,5.39657],[-75.54947,5.39657],[-75.54947,5.39657],[-75.54947,5.39657],[-75.54947,5.39657],[-75.54947,5.39657],[-75.54948,5.39657],[-75.54948,5.39657],[-75.54948,5.39657],[-75.54949,5.39659],[-75.54949,5.39659],[-75.5495,5.39659],[-75.5495,5.39659],[-75.5495,5.39659],[-75.5495,5.3966],[-75.5495,5.3966],[-75.54951,5.3966],[-75.54951,5.3966],[-75.54951,5.3966],[-75.54951,5.3966],[-75.54951,5.39661],[-75.54952,5.39661],[-75.54952,5.39661],[-75.54952,5.39661],[-75.54952,5.39661],[-75.54952,5.39661],[-75.54952,5.39661],[-75.54952,5.39661],[-75.54954,5.39661],[-75.54954,5.39661],[-75.54954,5.39661],[-75.54954,5.39661],[-75.54954,5.39661],[-75.54957,5.39661],[-75.54957,5.39661],[-75.54957,5.39661],[-75.54958,5.39662],[-75.54958,5.39662],[-75.54958,5.39663],[-75.54958,5.39663],[-75.54959,5.39663],[-75.54959,5.39663],[-75.54959,5.39663],[-75.5496,5.39663],[-75.5496,5.39663],[-75.5496,5.39663],[-75.5496,5.39664],[-75.5496,5.39664],[-75.5496,5.39664],[-75.54962,5.39664],[-75.54962,5.39664],[-75.54962,5.39664],[-75.54962,5.39665],[-75.54962,5.39665],[-75.54962,5.39666],[-75.54962,5.39666],[-75.54962,5.39666],[-75.54962,5.39666],[-75.54962,5.39666],[-75.54962,5.39666],[-75.54962,5.39667],[-75.54962,5.39667],[-75.54962,5.39667],[-75.54962,5.39667],[-75.54962,5.39667],[-75.54963,5.39668],[-75.54963,5.39668],[-75.54963,5.39668],[-75.54963,5.39668],[-75.54963,5.39668],[-75.54963,5.39668],[-75.54963,5.39668],[-75.54963,5.39669],[-75.54963,5.39669],[-75.54964,5.39669],[-75.54964,5.39669],[-75.54965,5.39669],[-75.54965,5.39669],[-75.54965,5.39669],[-75.54965,5.39669],[-75.54965,5.39669],[-75.54965,5.39669],[-75.54966,5.3967],[-75.54966,5.3967],[-75.54966,5.3967],[-75.54968,5.3967],[-75.54969,5.39672],[-75.54969,5.39672],[-75.5497,5.39672],[-75.5497,5.39672],[-75.5497,5.39672],[-75.5497,5.39673],[-75.54971,5.39673],[-75.54971,5.39673],[-75.54971,5.39674],[-75.54971,5.39674],[-75.54971,5.39674],[-75.54971,5.39674],[-75.5497,5.39675],[-75.5497,5.39675],[-75.5497,5.39675],[-75.54967,5.39674],[-75.54967,5.39674],[-75.54967,5.39674],[-75.54966,5.39674],[-75.54965,5.39674],[-75.54965,5.39674],[-75.54964,5.39675],[-75.54964,5.39675],[-75.54964,5.39675],[-75.54963,5.39675],[-75.54963,5.39676],[-75.54963,5.39676],[-75.54962,5.39676],[-75.54962,5.39677],[-75.5496,5.39677],[-75.5496,5.39677],[-75.5496,5.39677],[-75.54959,5.39677],[-75.54959,5.39677],[-75.54958,5.39677],[-75.54958,5.39677],[-75.54957,5.39677],[-75.54957,5.39678],[-75.54956,5.39678],[-75.54956,5.39679],[-75.54955,5.39679],[-75.54955,5.39679],[-75.54953,5.39682],[-75.54953,5.39683],[-75.54952,5.39683],[-75.54951,5.39683],[-75.5495,5.39683],[-75.5495,5.39683],[-75.54948,5.39684],[-75.54948,5.39684],[-75.54948,5.39684],[-75.54947,5.39684],[-75.54946,5.39685],[-75.54945,5.39686],[-75.54945,5.39686],[-75.54944,5.39688],[-75.54943,5.39688],[-75.54941,5.39693],[-75.54939,5.39695],[-75.54938,5.39696],[-75.54938,5.39696],[-75.54938,5.39696],[-75.54935,5.39696],[-75.54935,5.39696],[-75.54935,5.39696],[-75.54933,5.39696],[-75.54933,5.39696],[-75.54933,5.39696],[-75.54932,5.39696],[-75.54932,5.39696],[-75.54931,5.39697],[-75.54931,5.39698],[-75.54931,5.39698],[-75.54929,5.397],[-75.54929,5.397],[-75.54929,5.397],[-75.54928,5.397],[-75.54928,5.397],[-75.54927,5.397],[-75.54927,5.397],[-75.54927,5.39701],[-75.54927,5.39701],[-75.54926,5.39701],[-75.54926,5.39701],[-75.54926,5.39702],[-75.54925,5.39703],[-75.54924,5.39703],[-75.54924,5.39703],[-75.54924,5.39703],[-75.54923,5.39704],[-75.54923,5.39704],[-75.54923,5.39704],[-75.54922,5.39705],[-75.54921,5.39704],[-75.54921,5.39704],[-75.5492,5.39704],[-75.5492,5.39704],[-75.54919,5.39705],[-75.54919,5.39705],[-75.54919,5.39705],[-75.54917,5.39706],[-75.54916,5.39706],[-75.54916,5.39706],[-75.54915,5.39706],[-75.54913,5.39705],[-75.54913,5.39705],[-75.54912,5.39705],[-75.54912,5.39705],[-75.54912,5.39706],[-75.54911,5.39706],[-75.54911,5.39706],[-75.54911,5.39706],[-75.5491,5.39707],[-75.5491,5.39707],[-75.5491,5.39708],[-75.5491,5.39708],[-75.5491,5.39709],[-75.54908,5.3971],[-75.54908,5.39711],[-75.54907,5.39711],[-75.54907,5.39712],[-75.54906,5.39712],[-75.54906,5.39713],[-75.54906,5.39713],[-75.54906,5.39714],[-75.54906,5.39714],[-75.54906,5.39714],[-75.54906,5.39716],[-75.54906,5.39717],[-75.54905,5.39717],[-75.54902,5.39719],[-75.54902,5.39719],[-75.54901,5.3972],[-75.54901,5.3972],[-75.54901,5.3972],[-75.549,5.39721],[-75.549,5.39721],[-75.549,5.39722],[-75.549,5.39722],[-75.54899,5.39722],[-75.54899,5.39722],[-75.54898,5.39723],[-75.54896,5.39723],[-75.54894,5.39723],[-75.54894,5.39723],[-75.54894,5.39723],[-75.54893,5.39722],[-75.54893,5.39722],[-75.54893,5.39722],[-75.54892,5.39722],[-75.54892,5.39722],[-75.54891,5.39721],[-75.54891,5.39721],[-75.5489,5.39721],[-75.5489,5.39721],[-75.54888,5.39722],[-75.54888,5.39722],[-75.54888,5.39722],[-75.54887,5.39722],[-75.54887,5.39723],[-75.54886,5.39723],[-75.54885,5.39723],[-75.54885,5.39723],[-75.54884,5.39723],[-75.54884,5.39723],[-75.54883,5.39724],[-75.54882,5.39724],[-75.54882,5.39724],[-75.54881,5.39725],[-75.54881,5.39725],[-75.5488,5.39725],[-75.54877,5.39729],[-75.54876,5.3973],[-75.54876,5.39731],[-75.54875,5.39731],[-75.54874,5.39731],[-75.54872,5.39731],[-75.54869,5.39731],[-75.5486,5.39729],[-75.5486,5.39729],[-75.5486,5.39729],[-75.54856,5.39728],[-75.54856,5.39728],[-75.54856,5.39728],[-75.54854,5.39729],[-75.54854,5.39729],[-75.54852,5.39729],[-75.54852,5.39729],[-75.54851,5.39729],[-75.5485,5.3973],[-75.54849,5.3973],[-75.54849,5.39731],[-75.54849,5.39731],[-75.54848,5.39731],[-75.54848,5.39732],[-75.54846,5.39734],[-75.54846,5.39734],[-75.54845,5.39734],[-75.54844,5.39734],[-75.54844,5.39734],[-75.54844,5.39734],[-75.54843,5.39734],[-75.54843,5.39735],[-75.54842,5.39735],[-75.54842,5.39735],[-75.54841,5.39736],[-75.54838,5.39736],[-75.54838,5.39736],[-75.54837,5.39736],[-75.54836,5.39736],[-75.54836,5.39736],[-75.54835,5.39736],[-75.54834,5.39736],[-75.54834,5.39737],[-75.54833,5.39737],[-75.54832,5.39737],[-75.54832,5.39737],[-75.54832,5.39738],[-75.54831,5.39739],[-75.54831,5.39739],[-75.54831,5.39739],[-75.54826,5.39739],[-75.54826,5.39739],[-75.54826,5.39739],[-75.54825,5.39739],[-75.54824,5.39739],[-75.54824,5.39739],[-75.54823,5.39739],[-75.54823,5.39739],[-75.54822,5.3974],[-75.54821,5.3974],[-75.54821,5.39741],[-75.5482,5.39741],[-75.5482,5.39741],[-75.5482,5.39742],[-75.5482,5.39742],[-75.5482,5.39743],[-75.5482,5.39743],[-75.5482,5.39744],[-75.5482,5.39744],[-75.54821,5.39744],[-75.54821,5.39745],[-75.54821,5.39745],[-75.54822,5.39745],[-75.54822,5.39745],[-75.54822,5.39745],[-75.54823,5.39745],[-75.54823,5.39745],[-75.54824,5.39745],[-75.54824,5.39745],[-75.54825,5.39744],[-75.54825,5.39744],[-75.54826,5.39744],[-75.5483,5.39745],[-75.54831,5.39745],[-75.54831,5.39745],[-75.54832,5.39745],[-75.54832,5.39745],[-75.54832,5.39745],[-75.54833,5.39744],[-75.54833,5.39744],[-75.54834,5.39744],[-75.54834,5.39743],[-75.54835,5.39743],[-75.54836,5.39742],[-75.54836,5.39741],[-75.54837,5.39741],[-75.54838,5.39741],[-75.54841,5.39742],[-75.54841,5.39742],[-75.54842,5.39742],[-75.54843,5.39742],[-75.54843,5.39741],[-75.54843,5.39741],[-75.54844,5.39741],[-75.54844,5.39741],[-75.54845,5.39741],[-75.54845,5.3974],[-75.54846,5.39739],[-75.54846,5.39739],[-75.54847,5.39739],[-75.54847,5.39739],[-75.54848,5.39739],[-75.54848,5.39739],[-75.54848,5.39739],[-75.54849,5.39738],[-75.54849,5.39738],[-75.5485,5.39738],[-75.54852,5.39735],[-75.54852,5.39735],[-75.54853,5.39734],[-75.54854,5.39734],[-75.54855,5.39734],[-75.54856,5.39734],[-75.54859,5.39734],[-75.54868,5.39736],[-75.54868,5.39736],[-75.54868,5.39736],[-75.54871,5.39737],[-75.54872,5.39737],[-75.54874,5.39737],[-75.54874,5.39737],[-75.54876,5.39736],[-75.54876,5.39736],[-75.54876,5.39736],[-75.54878,5.39736],[-75.54878,5.39736],[-75.54878,5.39736],[-75.54879,5.39735],[-75.5488,5.39735],[-75.5488,5.39735],[-75.54881,5.39733],[-75.54882,5.39733],[-75.54882,5.39733],[-75.54885,5.39729],[-75.54885,5.39729],[-75.54885,5.39729],[-75.54887,5.39729],[-75.54887,5.39729],[-75.54887,5.39729],[-75.54888,5.39728],[-75.54888,5.39728],[-75.54889,5.39728],[-75.54889,5.39728],[-75.54889,5.39728],[-75.5489,5.39727],[-75.5489,5.39727],[-75.5489,5.39727],[-75.54891,5.39728],[-75.54891,5.39728],[-75.54892,5.39728],[-75.54893,5.39728],[-75.54893,5.39728],[-75.54893,5.39728],[-75.54892,5.3973],[-75.54891,5.3973],[-75.54891,5.3973],[-75.5489,5.3973],[-75.5489,5.3973],[-75.54889,5.3973],[-75.54889,5.39731],[-75.54889,5.39731],[-75.54888,5.39731],[-75.54888,5.39731],[-75.54888,5.39731],[-75.54888,5.39731],[-75.54887,5.39731],[-75.54886,5.39732],[-75.54886,5.39732],[-75.54886,5.39732],[-75.54885,5.39732],[-75.54885,5.39733],[-75.54884,5.39733],[-75.54882,5.39736],[-75.54881,5.39736],[-75.54881,5.39736],[-75.54879,5.39737],[-75.54879,5.39737],[-75.54879,5.39737],[-75.54877,5.39738],[-75.54876,5.39738],[-75.54876,5.39738],[-75.54874,5.3974],[-75.54874,5.3974],[-75.54871,5.39743],[-75.54871,5.39743],[-75.54869,5.39747],[-75.54867,5.39749],[-75.54867,5.39749],[-75.54867,5.3975],[-75.54867,5.39751],[-75.54866,5.39751],[-75.54866,5.39752],[-75.54866,5.39752],[-75.54866,5.39754],[-75.54866,5.39755],[-75.54866,5.39755],[-75.54866,5.39755],[-75.54866,5.39756],[-75.54865,5.39757],[-75.54865,5.39757],[-75.54865,5.39757],[-75.54866,5.3976],[-75.54866,5.3976],[-75.54865,5.39761],[-75.54864,5.39761],[-75.54864,5.39762],[-75.54864,5.39762],[-75.54864,5.39763],[-75.54864,5.39763],[-75.54864,5.39763],[-75.54864,5.39765],[-75.54863,5.39767],[-75.54863,5.39767],[-75.54862,5.39767],[-75.54862,5.39769],[-75.54862,5.39769],[-75.54862,5.39769],[-75.54862,5.39771],[-75.54862,5.39772],[-75.54862,5.39772],[-75.54862,5.39773],[-75.54862,5.39774],[-75.54862,5.39774],[-75.54863,5.39775],[-75.54863,5.39776],[-75.54863,5.39776],[-75.54862,5.39777],[-75.54862,5.39777],[-75.54861,5.39777],[-75.54861,5.39778],[-75.5486,5.39778],[-75.54858,5.39777],[-75.54852,5.39776],[-75.54852,5.39776],[-75.54852,5.39776],[-75.54849,5.39775],[-75.54849,5.39775],[-75.54849,5.39775],[-75.54847,5.39776],[-75.54846,5.39776],[-75.54846,5.39776],[-75.54845,5.39776],[-75.54845,5.39776],[-75.54845,5.39777],[-75.54844,5.39777],[-75.54844,5.39777],[-75.54844,5.39777],[-75.54843,5.39777],[-75.54842,5.39777],[-75.54841,5.39778],[-75.54841,5.39778],[-75.54841,5.39778],[-75.5484,5.39779],[-75.54839,5.39779],[-75.54839,5.39779],[-75.54838,5.39781],[-75.54838,5.39781],[-75.54835,5.39785],[-75.54834,5.39786],[-75.54834,5.39787],[-75.54833,5.39787],[-75.54832,5.39787],[-75.54828,5.39787],[-75.54828,5.39787],[-75.54828,5.39787],[-75.54827,5.39787],[-75.54827,5.39787],[-75.54826,5.39787],[-75.54825,5.39787],[-75.54825,5.39787],[-75.54825,5.39787],[-75.54825,5.39788],[-75.54824,5.39788],[-75.54824,5.39788],[-75.5482,5.39792],[-75.5482,5.39792],[-75.5482,5.39792]],[[-75.54784,5.3965],[-75.54784,5.3965],[-75.54784,5.3965],[-75.54784,5.3965],[-75.54783,5.3965],[-75.54783,5.3965],[-75.54783,5.39651],[-75.54782,5.39651],[-75.54781,5.39651],[-75.5478,5.39651],[-75.5478,5.39651],[-75.54781,5.3965],[-75.54784,5.3965]]],[[[-75.54976,5.39967],[-75.54976,5.39967],[-75.54976,5.39968],[-75.54978,5.39968],[-75.54978,5.39968],[-75.54978,5.39968],[-75.54979,5.39968],[-75.5498,5.39968],[-75.5498,5.39968],[-75.54981,5.39968],[-75.54982,5.39968],[-75.54982,5.39968],[-75.54983,5.39968],[-75.54983,5.39967],[-75.54984,5.39967],[-75.54984,5.39967],[-75.54985,5.39967],[-75.54985,5.39967],[-75.54986,5.39967],[-75.54986,5.39967],[-75.54987,5.39967],[-75.54987,5.39967],[-75.54987,5.39966],[-75.54988,5.39966],[-75.54989,5.39966],[-75.5499,5.39966],[-75.5499,5.39966],[-75.54991,5.39966],[-75.54991,5.39966],[-75.54993,5.39966],[-75.54993,5.39966],[-75.54993,5.39966],[-75.54994,5.39965],[-75.54995,5.39965],[-75.54995,5.39965],[-75.54996,5.39964],[-75.54996,5.39963],[-75.54997,5.39963],[-75.54998,5.39963],[-75.54998,5.39963],[-75.54999,5.39964],[-75.54999,5.39964],[-75.54999,5.39964],[-75.55,5.39964],[-75.55,5.39964],[-75.55,5.39964],[-75.55001,5.39964],[-75.55001,5.39964],[-75.55002,5.39964],[-75.55002,5.39964],[-75.55002,5.39964],[-75.55003,5.39964],[-75.55003,5.39963],[-75.55003,5.39963],[-75.55004,5.39963],[-75.55004,5.39963],[-75.55005,5.39963],[-75.55005,5.39963],[-75.55006,5.39963],[-75.55006,5.39963],[-75.55006,5.39963],[-75.55007,5.39962],[-75.55007,5.39962],[-75.55007,5.39962],[-75.55007,5.39961],[-75.55008,5.3996],[-75.55008,5.3996],[-75.55009,5.39959],[-75.5501,5.39959],[-75.55011,5.39958],[-75.55012,5.39958],[-75.55012,5.39958],[-75.55013,5.39958],[-75.55013,5.39957],[-75.55013,5.39957],[-75.55015,5.39956],[-75.55015,5.39956],[-75.55015,5.39955],[-75.55016,5.39955],[-75.55016,5.39955],[-75.55016,5.39954],[-75.55016,5.39954],[-75.55016,5.39953],[-75.55016,5.39953],[-75.55016,5.39953],[-75.55016,5.39952],[-75.55016,5.39952],[-75.55017,5.39951],[-75.55018,5.39951],[-75.55018,5.39951],[-75.55021,5.39951],[-75.55021,5.39951],[-75.55022,5.39951],[-75.55022,5.39951],[-75.55023,5.39951],[-75.55024,5.39951],[-75.55024,5.3995],[-75.55024,5.3995],[-75.55025,5.3995],[-75.55025,5.3995],[-75.55025,5.39949],[-75.55027,5.39948],[-75.55027,5.39948],[-75.55028,5.39948],[-75.55029,5.39948],[-75.55033,5.39949],[-75.55033,5.39949],[-75.55034,5.39949],[-75.55035,5.39949],[-75.55036,5.39949],[-75.55036,5.39949],[-75.55037,5.39949],[-75.55038,5.39949],[-75.55038,5.39949],[-75.55038,5.39948],[-75.55039,5.39948],[-75.5504,5.39947],[-75.5504,5.39947],[-75.5504,5.39947],[-75.55043,5.39947],[-75.55043,5.39947],[-75.55044,5.39947],[-75.55045,5.39947],[-75.55045,5.39947],[-75.55045,5.39947],[-75.55046,5.39947],[-75.55046,5.39947],[-75.55047,5.39946],[-75.55048,5.39946],[-75.55048,5.39945],[-75.5505,5.39942],[-75.5505,5.39942],[-75.55051,5.39942],[-75.55053,5.39942],[-75.55054,5.39942],[-75.55054,5.39942],[-75.55055,5.39942],[-75.55055,5.39942],[-75.55056,5.39942],[-75.55057,5.39941],[-75.55057,5.39941],[-75.55057,5.39941],[-75.55058,5.3994],[-75.55059,5.3994],[-75.55059,5.3994],[-75.55063,5.39935],[-75.55064,5.39935],[-75.55064,5.39934],[-75.55066,5.39934],[-75.55067,5.39934],[-75.55069,5.39934],[-75.55071,5.39934],[-75.55071,5.39934],[-75.55072,5.39934],[-75.55072,5.39934],[-75.55073,5.39934],[-75.55073,5.39934],[-75.55074,5.39934],[-75.55074,5.39934],[-75.55075,5.39934],[-75.55075,5.39934],[-75.55075,5.39933],[-75.55078,5.39932],[-75.55078,5.39932],[-75.55078,5.39931],[-75.55079,5.3993],[-75.55079,5.3993],[-75.5508,5.39928],[-75.5508,5.39928],[-75.55081,5.39928],[-75.55082,5.39927],[-75.55082,5.39927],[-75.55082,5.39927],[-75.55084,5.39926],[-75.55086,5.39926],[-75.55087,5.39926],[-75.55087,5.39926],[-75.55087,5.39926],[-75.55088,5.39926],[-75.55089,5.39926],[-75.55089,5.39925],[-75.55089,5.39925],[-75.5509,5.39925],[-75.5509,5.39924],[-75.55091,5.39924],[-75.55093,5.39924],[-75.55093,5.39924],[-75.55093,5.39923],[-75.55093,5.39923],[-75.55093,5.39923],[-75.55093,5.39923],[-75.55093,5.39923],[-75.55093,5.39923],[-75.55093,5.39923],[-75.55093,5.39923],[-75.55094,5.39923],[-75.55094,5.39923],[-75.55094,5.39923],[-75.55094,5.39923],[-75.55094,5.39923],[-75.55094,5.39923],[-75.55094,5.39923],[-75.55094,5.39922],[-75.55094,5.39922],[-75.55094,5.39922],[-75.55094,5.39922],[-75.55094,5.39922],[-75.55094,5.39922],[-75.55094,5.39922],[-75.55094,5.39922],[-75.55094,5.39922],[-75.55094,5.39922],[-75.55094,5.39921],[-75.55095,5.39921],[-75.55095,5.39921],[-75.55095,5.39921],[-75.55095,5.39921],[-75.55095,5.39921],[-75.55095,5.39921],[-75.55095,5.39921],[-75.55095,5.39921],[-75.55094,5.3992],[-75.55094,5.3992],[-75.55094,5.3992],[-75.55094,5.3992],[-75.55094,5.3992],[-75.55094,5.3992],[-75.55094,5.3992],[-75.55094,5.3992],[-75.55094,5.3992],[-75.55094,5.39919],[-75.55094,5.39919],[-75.55094,5.39919],[-75.55094,5.39919],[-75.55094,5.39919],[-75.55094,5.39919],[-75.55093,5.39918],[-75.55093,5.39918],[-75.55092,5.39918],[-75.55091,5.39917],[-75.55091,5.39917],[-75.5509,5.39917],[-75.5509,5.39916],[-75.55089,5.39916],[-75.55089,5.39916],[-75.55088,5.39916],[-75.55087,5.39917],[-75.55087,5.39916],[-75.55087,5.39916],[-75.55087,5.39916],[-75.55087,5.39913],[-75.55087,5.39913],[-75.55087,5.39912],[-75.55086,5.3991],[-75.55085,5.39909],[-75.55085,5.39909],[-75.55084,5.39907],[-75.55084,5.39907],[-75.55081,5.39904],[-75.55081,5.39904],[-75.55079,5.39902],[-75.55078,5.39902],[-75.55076,5.399],[-75.55076,5.399],[-75.55075,5.399],[-75.55073,5.39899],[-75.55073,5.39899],[-75.55072,5.39898],[-75.5507,5.39898],[-75.55069,5.39898],[-75.55069,5.39898],[-75.55068,5.39898],[-75.55067,5.39898],[-75.55067,5.39897],[-75.55064,5.39894],[-75.55064,5.39894],[-75.55064,5.39894],[-75.55063,5.39893],[-75.55063,5.39893],[-75.55062,5.39893],[-75.55062,5.39892],[-75.55061,5.39892],[-75.55061,5.39892],[-75.5506,5.39892],[-75.5506,5.39892],[-75.55059,5.39892],[-75.55058,5.39892],[-75.55058,5.39892],[-75.55058,5.39892],[-75.55057,5.39893],[-75.55057,5.39893],[-75.55056,5.39894],[-75.55053,5.39893],[-75.55053,5.39893],[-75.55052,5.39893],[-75.55051,5.39893],[-75.55051,5.39894],[-75.5505,5.39894],[-75.55049,5.39894],[-75.55049,5.39894],[-75.55048,5.39894],[-75.55048,5.39895],[-75.55047,5.39895],[-75.55047,5.39895],[-75.55047,5.39895],[-75.55046,5.39895],[-75.55046,5.39895],[-75.55045,5.39895],[-75.55045,5.39895],[-75.55044,5.39895],[-75.55044,5.39896],[-75.55043,5.39896],[-75.55043,5.39896],[-75.55043,5.39896],[-75.55042,5.39897],[-75.55042,5.39897],[-75.55041,5.39897],[-75.55039,5.39897],[-75.55039,5.39897],[-75.55039,5.39896],[-75.55038,5.39896],[-75.55038,5.39896],[-75.55038,5.39896],[-75.55037,5.39895],[-75.55037,5.39895],[-75.55036,5.39895],[-75.55036,5.39895],[-75.55035,5.39895],[-75.55035,5.39895],[-75.55034,5.39895],[-75.55033,5.39895],[-75.55033,5.39895],[-75.55033,5.39895],[-75.55033,5.39896],[-75.55032,5.39896],[-75.55032,5.39896],[-75.55032,5.39896],[-75.55032,5.39896],[-75.55032,5.39896],[-75.55032,5.39896],[-75.55032,5.39896],[-75.55032,5.39896],[-75.55032,5.39896],[-75.55032,5.39896],[-75.55032,5.39896],[-75.55031,5.39896],[-75.55031,5.39896],[-75.55031,5.39896],[-75.55031,5.39897],[-75.55031,5.39897],[-75.55031,5.39897],[-75.5503,5.39898],[-75.5503,5.39899],[-75.55029,5.399],[-75.55028,5.399],[-75.55028,5.399],[-75.55026,5.39901],[-75.55026,5.39901],[-75.55026,5.39901],[-75.55025,5.39901],[-75.55024,5.39901],[-75.55024,5.39901],[-75.55024,5.39902],[-75.55022,5.39903],[-75.55019,5.39902],[-75.55019,5.39902],[-75.55018,5.39902],[-75.55018,5.39902],[-75.55017,5.39902],[-75.55017,5.39903],[-75.55016,5.39903],[-75.55016,5.39903],[-75.55016,5.39903],[-75.55015,5.39903],[-75.55015,5.39903],[-75.55014,5.39903],[-75.55013,5.39902],[-75.55013,5.39902],[-75.55011,5.39903],[-75.5501,5.39902],[-75.5501,5.39902],[-75.55009,5.39901],[-75.55008,5.39901],[-75.55008,5.39901],[-75.55007,5.39901],[-75.55006,5.39901],[-75.55006,5.39901],[-75.55005,5.39901],[-75.55001,5.39901],[-75.54999,5.39901],[-75.54999,5.39901],[-75.54999,5.39901],[-75.54997,5.399],[-75.54997,5.39899],[-75.54997,5.39899],[-75.54996,5.39898],[-75.54995,5.39898],[-75.54995,5.39898],[-75.54994,5.39898],[-75.54994,5.39898],[-75.54994,5.39898],[-75.54993,5.39898],[-75.54993,5.39898],[-75.54992,5.39897],[-75.54992,5.39897],[-75.54991,5.39896],[-75.5499,5.39896],[-75.5499,5.39896],[-75.54987,5.39896],[-75.54987,5.39896],[-75.54987,5.39896],[-75.54984,5.39896],[-75.54983,5.39896],[-75.54977,5.39897],[-75.54975,5.39897],[-75.54973,5.39897],[-75.54971,5.39897],[-75.5497,5.39897],[-75.54969,5.39896],[-75.54969,5.39896],[-75.54969,5.39895],[-75.54968,5.39895],[-75.54968,5.39895],[-75.54967,5.39895],[-75.54967,5.39895],[-75.54966,5.39895],[-75.54966,5.39895],[-75.54962,5.39895],[-75.54962,5.39895],[-75.54961,5.39894],[-75.54961,5.39893],[-75.5496,5.39893],[-75.5496,5.39893],[-75.54959,5.39893],[-75.54959,5.39892],[-75.54959,5.39892],[-75.54958,5.39892],[-75.54958,5.39892],[-75.54958,5.39892],[-75.54958,5.39892],[-75.54957,5.39892],[-75.54957,5.39892],[-75.54956,5.39891],[-75.54956,5.39891],[-75.54956,5.39891],[-75.54955,5.39891],[-75.54955,5.3989],[-75.54955,5.3989],[-75.54954,5.3989],[-75.54954,5.39889],[-75.54953,5.39889],[-75.54953,5.39889],[-75.54952,5.39889],[-75.54951,5.39889],[-75.5495,5.39889],[-75.5495,5.39889],[-75.54949,5.39889],[-75.54949,5.39889],[-75.54948,5.39889],[-75.54948,5.39889],[-75.54948,5.39889],[-75.54947,5.3989],[-75.54947,5.3989],[-75.54947,5.3989],[-75.54947,5.39891],[-75.54947,5.39891],[-75.54947,5.39892],[-75.54947,5.39892],[-75.54947,5.39893],[-75.54947,5.39893],[-75.54947,5.39893],[-75.54948,5.39894],[-75.54948,5.39894],[-75.5495,5.39894],[-75.5495,5.39895],[-75.5495,5.39895],[-75.54951,5.39895],[-75.54951,5.39895],[-75.54952,5.39895],[-75.54952,5.39896],[-75.54952,5.39896],[-75.54953,5.39896],[-75.54953,5.39897],[-75.54954,5.39897],[-75.54954,5.39897],[-75.54954,5.39897],[-75.54955,5.39897],[-75.54955,5.39897],[-75.54955,5.39897],[-75.54955,5.39897],[-75.54956,5.39897],[-75.54956,5.39898],[-75.54957,5.39898],[-75.54957,5.39898],[-75.54957,5.39898],[-75.54958,5.39899],[-75.54958,5.39899],[-75.54959,5.39899],[-75.54959,5.39899],[-75.5496,5.399],[-75.5496,5.399],[-75.5496,5.399],[-75.54961,5.399],[-75.54962,5.399],[-75.54962,5.399],[-75.54966,5.399],[-75.54967,5.39901],[-75.54967,5.39901],[-75.54967,5.39902],[-75.54968,5.39902],[-75.54969,5.39902],[-75.54969,5.39902],[-75.54972,5.39903],[-75.54972,5.39903],[-75.54972,5.39903],[-75.54975,5.39903],[-75.54975,5.39903],[-75.54978,5.39902],[-75.54978,5.39902],[-75.54984,5.39901],[-75.54987,5.39901],[-75.54989,5.39902],[-75.5499,5.39902],[-75.54991,5.39902],[-75.54992,5.39903],[-75.54992,5.39903],[-75.54993,5.39903],[-75.54993,5.39904],[-75.54993,5.39904],[-75.54994,5.39904],[-75.54995,5.39905],[-75.54995,5.39906],[-75.54996,5.39906],[-75.54996,5.39906],[-75.54997,5.39906],[-75.54997,5.39907],[-75.54998,5.39907],[-75.54999,5.39907],[-75.54999,5.39907],[-75.54999,5.39907],[-75.55001,5.39907],[-75.55001,5.39907],[-75.55006,5.39906],[-75.55007,5.39906],[-75.55007,5.39906],[-75.55009,5.39908],[-75.55009,5.39908],[-75.55009,5.39908],[-75.5501,5.39908],[-75.55011,5.39908],[-75.55011,5.39908],[-75.55011,5.39908],[-75.55013,5.39908],[-75.55014,5.39908],[-75.55014,5.39908],[-75.55014,5.39909],[-75.55015,5.39909],[-75.55015,5.39909],[-75.55015,5.39909],[-75.55016,5.39909],[-75.55016,5.39909],[-75.55017,5.39909],[-75.55017,5.39909],[-75.55017,5.39908],[-75.55018,5.39908],[-75.55018,5.39908],[-75.55018,5.39908],[-75.55022,5.39908],[-75.55022,5.39908],[-75.55023,5.39908],[-75.55023,5.39908],[-75.55024,5.39908],[-75.55024,5.39908],[-75.55025,5.39908],[-75.55025,5.39908],[-75.55025,5.39907],[-75.55026,5.39907],[-75.55027,5.39906],[-75.55028,5.39906],[-75.55029,5.39906],[-75.55029,5.39906],[-75.5503,5.39906],[-75.5503,5.39906],[-75.5503,5.39905],[-75.55032,5.39905],[-75.55032,5.39905],[-75.55032,5.39904],[-75.55033,5.39903],[-75.55034,5.39903],[-75.55034,5.39903],[-75.55035,5.39901],[-75.55035,5.39901],[-75.55035,5.39901],[-75.55035,5.39901],[-75.55036,5.39901],[-75.55036,5.39901],[-75.55036,5.39902],[-75.55037,5.39902],[-75.55038,5.39902],[-75.55038,5.39902],[-75.5504,5.39902],[-75.55041,5.39902],[-75.55041,5.39902],[-75.55043,5.39902],[-75.55044,5.39902],[-75.55044,5.39902],[-75.55045,5.39901],[-75.55045,5.39901],[-75.55045,5.39901],[-75.55046,5.39901],[-75.55047,5.39901],[-75.55047,5.39901],[-75.55048,5.39901],[-75.55049,5.39901],[-75.55049,5.39901],[-75.55049,5.399],[-75.5505,5.399],[-75.5505,5.399],[-75.55051,5.39899],[-75.55051,5.39899],[-75.55052,5.39899],[-75.55052,5.39899],[-75.55056,5.39899],[-75.55056,5.39899],[-75.55056,5.39899],[-75.55057,5.39899],[-75.55058,5.39899],[-75.55058,5.39899],[-75.55059,5.39899],[-75.55059,5.39898],[-75.55059,5.39898],[-75.55059,5.39898],[-75.5506,5.39897],[-75.5506,5.39898],[-75.5506,5.39898],[-75.55062,5.399],[-75.55063,5.39901],[-75.55063,5.39901],[-75.55064,5.39902],[-75.55064,5.39902],[-75.55064,5.39902],[-75.55065,5.39903],[-75.55066,5.39903],[-75.55066,5.39903],[-75.55067,5.39903],[-75.55067,5.39903],[-75.55068,5.39903],[-75.55068,5.39903],[-75.55069,5.39903],[-75.55071,5.39904],[-75.55073,5.39905],[-75.55075,5.39906],[-75.55077,5.39908],[-75.55079,5.3991],[-75.55081,5.39912],[-75.55082,5.39914],[-75.55082,5.39916],[-75.55082,5.39917],[-75.55082,5.39918],[-75.55082,5.39918],[-75.55082,5.39919],[-75.55082,5.39919],[-75.55082,5.39919],[-75.55083,5.3992],[-75.55083,5.3992],[-75.55082,5.3992],[-75.55082,5.39921],[-75.55082,5.39921],[-75.55081,5.39921],[-75.55081,5.39921],[-75.55079,5.39923],[-75.55078,5.39923],[-75.55078,5.39923],[-75.55078,5.39923],[-75.55077,5.39923],[-75.55076,5.39924],[-75.55076,5.39925],[-75.55076,5.39925],[-75.55074,5.39927],[-75.55074,5.39928],[-75.55073,5.39929],[-75.55072,5.39929],[-75.55072,5.39929],[-75.55072,5.39929],[-75.5507,5.39928],[-75.55069,5.39928],[-75.55067,5.39928],[-75.55067,5.39928],[-75.55065,5.39929],[-75.55065,5.39929],[-75.55065,5.39929],[-75.55063,5.39929],[-75.55062,5.39929],[-75.55062,5.39929],[-75.55061,5.3993],[-75.55061,5.3993],[-75.55061,5.3993],[-75.55059,5.39931],[-75.55059,5.39931],[-75.55059,5.39931],[-75.55055,5.39936],[-75.55055,5.39936],[-75.55054,5.39936],[-75.55054,5.39936],[-75.55051,5.39936],[-75.55051,5.39936],[-75.5505,5.39936],[-75.55049,5.39936],[-75.55049,5.39936],[-75.55048,5.39937],[-75.55048,5.39937],[-75.55047,5.39937],[-75.55047,5.39937],[-75.55047,5.39938],[-75.55046,5.39938],[-75.55046,5.39938],[-75.55046,5.39939],[-75.55044,5.39942],[-75.55043,5.39942],[-75.55043,5.39942],[-75.55041,5.39941],[-75.5504,5.39941],[-75.5504,5.39941],[-75.55039,5.39942],[-75.55039,5.39942],[-75.55038,5.39942],[-75.55038,5.39942],[-75.55037,5.39942],[-75.55037,5.39943],[-75.55036,5.39943],[-75.55036,5.39943],[-75.55036,5.39943],[-75.55034,5.39943],[-75.55031,5.39942],[-75.5503,5.39942],[-75.55029,5.39942],[-75.55028,5.39942],[-75.55028,5.39942],[-75.55027,5.39942],[-75.55026,5.39942],[-75.55026,5.39942],[-75.55026,5.39942],[-75.55024,5.39943],[-75.55024,5.39943],[-75.55024,5.39943],[-75.55023,5.39944],[-75.55022,5.39946],[-75.55022,5.39946],[-75.55021,5.39946],[-75.55018,5.39945],[-75.55018,5.39945],[-75.55018,5.39945],[-75.55017,5.39945],[-75.55017,5.39945],[-75.55016,5.39945],[-75.55016,5.39946],[-75.55016,5.39946],[-75.55015,5.39946],[-75.55014,5.39947],[-75.55014,5.39947],[-75.55013,5.39948],[-75.55012,5.39948],[-75.55012,5.39949],[-75.55011,5.39949],[-75.55011,5.39949],[-75.55011,5.3995],[-75.55011,5.39951],[-75.55011,5.39951],[-75.55011,5.39952],[-75.55011,5.39952],[-75.5501,5.39953],[-75.5501,5.39953],[-75.55008,5.39954],[-75.55008,5.39954],[-75.55008,5.39954],[-75.55006,5.39954],[-75.55006,5.39955],[-75.55006,5.39955],[-75.55005,5.39955],[-75.55005,5.39956],[-75.55005,5.39956],[-75.55004,5.39956],[-75.55004,5.39957],[-75.55003,5.39958],[-75.55003,5.39958],[-75.55002,5.39958],[-75.55002,5.39958],[-75.55002,5.39958],[-75.55001,5.39958],[-75.55,5.39958],[-75.55,5.39958],[-75.55,5.39958],[-75.54999,5.39958],[-75.54999,5.39958],[-75.54998,5.39958],[-75.54997,5.39958],[-75.54996,5.39958],[-75.54996,5.39958],[-75.54995,5.39958],[-75.54995,5.39958],[-75.54994,5.39958],[-75.54993,5.39959],[-75.54993,5.39959],[-75.54992,5.39959],[-75.54991,5.3996],[-75.54991,5.39961],[-75.5499,5.39961],[-75.5499,5.39961],[-75.54988,5.39961],[-75.54987,5.39961],[-75.54987,5.39961],[-75.54986,5.39961],[-75.54986,5.39961],[-75.54986,5.39961],[-75.54985,5.39961],[-75.54985,5.39961],[-75.54985,5.39961],[-75.54985,5.39961],[-75.54984,5.39961],[-75.54983,5.39961],[-75.54983,5.39961],[-75.54982,5.39962],[-75.54982,5.39962],[-75.54981,5.39962],[-75.54981,5.39963],[-75.5498,5.39963],[-75.54979,5.39963],[-75.54978,5.39963],[-75.54977,5.39962],[-75.54977,5.39962],[-75.54977,5.39961],[-75.54976,5.39961],[-75.54976,5.39961],[-75.54976,5.39961],[-75.54976,5.39961],[-75.54975,5.39961],[-75.54975,5.39961],[-75.54974,5.39961],[-75.54974,5.39961],[-75.54973,5.3996],[-75.54973,5.3996],[-75.54971,5.39957],[-75.54971,5.39957],[-75.5497,5.39956],[-75.5497,5.39955],[-75.54969,5.39955],[-75.54969,5.39955],[-75.54968,5.39954],[-75.54968,5.39954],[-75.54968,5.39954],[-75.54967,5.39954],[-75.54966,5.39954],[-75.54966,5.39954],[-75.54966,5.39954],[-75.54966,5.39954],[-75.54965,5.39953],[-75.54965,5.39953],[-75.54964,5.39953],[-75.54964,5.39953],[-75.54964,5.39953],[-75.54963,5.39952],[-75.54963,5.39952],[-75.54962,5.39952],[-75.54959,5.39952],[-75.54958,5.39952],[-75.54958,5.39952],[-75.54957,5.39951],[-75.54957,5.3995],[-75.54957,5.3995],[-75.54956,5.3995],[-75.54956,5.3995],[-75.54955,5.39949],[-75.54955,5.39949],[-75.54955,5.39949],[-75.54954,5.39949],[-75.54954,5.39949],[-75.54954,5.39949],[-75.54954,5.39949],[-75.54953,5.39949],[-75.54953,5.39948],[-75.54952,5.39948],[-75.54952,5.39948],[-75.54951,5.39948],[-75.5495,5.39948],[-75.5495,5.39948],[-75.5495,5.39948],[-75.54949,5.39947],[-75.54949,5.39947],[-75.54949,5.39947],[-75.54947,5.39946],[-75.54947,5.39945],[-75.54947,5.39945],[-75.54946,5.39944],[-75.54946,5.39944],[-75.54945,5.39944],[-75.54945,5.39944],[-75.54943,5.39944],[-75.54943,5.39943],[-75.54942,5.39942],[-75.54942,5.39942],[-75.54941,5.39942],[-75.54941,5.39941],[-75.54941,5.39941],[-75.5494,5.39941],[-75.5494,5.39941],[-75.54938,5.39941],[-75.54937,5.3994],[-75.54937,5.3994],[-75.54936,5.3994],[-75.54936,5.3994],[-75.54935,5.3994],[-75.54935,5.3994],[-75.54935,5.3994],[-75.54935,5.3994],[-75.54934,5.39939],[-75.54934,5.39939],[-75.54934,5.39939],[-75.54934,5.39939],[-75.54933,5.39939],[-75.54933,5.39939],[-75.54932,5.39938],[-75.54932,5.39938],[-75.54931,5.39938],[-75.54931,5.39938],[-75.5493,5.39939],[-75.5493,5.39939],[-75.5493,5.39939],[-75.54929,5.39939],[-75.54929,5.3994],[-75.54929,5.3994],[-75.54929,5.39941],[-75.54929,5.39941],[-75.54929,5.39941],[-75.54929,5.39942],[-75.54929,5.39942],[-75.54929,5.39943],[-75.54929,5.39943],[-75.5493,5.39943],[-75.5493,5.39944],[-75.5493,5.39944],[-75.54931,5.39944],[-75.54931,5.39944],[-75.54932,5.39944],[-75.54932,5.39945],[-75.54932,5.39945],[-75.54933,5.39945],[-75.54933,5.39945],[-75.54933,5.39945],[-75.54934,5.39945],[-75.54935,5.39946],[-75.54936,5.39946],[-75.54936,5.39946],[-75.54937,5.39946],[-75.54937,5.39946],[-75.54938,5.39947],[-75.54939,5.39947],[-75.54939,5.39947],[-75.5494,5.39948],[-75.5494,5.39948],[-75.5494,5.39948],[-75.54941,5.39948],[-75.54941,5.39949],[-75.54942,5.39949],[-75.54943,5.39949],[-75.54943,5.39949],[-75.54945,5.39951],[-75.54945,5.39951],[-75.54945,5.39952],[-75.54946,5.39952],[-75.54946,5.39952],[-75.54947,5.39953],[-75.54947,5.39953],[-75.54947,5.39953],[-75.54948,5.39953],[-75.54948,5.39953],[-75.54949,5.39953],[-75.54949,5.39953],[-75.54949,5.39954],[-75.5495,5.39954],[-75.5495,5.39954],[-75.54951,5.39954],[-75.54951,5.39954],[-75.54951,5.39954],[-75.54952,5.39954],[-75.54952,5.39955],[-75.54952,5.39955],[-75.54953,5.39955],[-75.54953,5.39955],[-75.54954,5.39956],[-75.54954,5.39956],[-75.54955,5.39956],[-75.54955,5.39957],[-75.54956,5.39957],[-75.54956,5.39957],[-75.54957,5.39957],[-75.54957,5.39957],[-75.54957,5.39958],[-75.54958,5.39958],[-75.54958,5.39958],[-75.54962,5.39958],[-75.54963,5.39958],[-75.54963,5.39959],[-75.54963,5.39959],[-75.54964,5.39959],[-75.54964,5.39959],[-75.54965,5.39959],[-75.54966,5.39959],[-75.54966,5.39959],[-75.54966,5.39959],[-75.54967,5.3996],[-75.54969,5.39963],[-75.54969,5.39964],[-75.54969,5.39964],[-75.5497,5.39965],[-75.5497,5.39965],[-75.54971,5.39965],[-75.54971,5.39966],[-75.54972,5.39966],[-75.54972,5.39966],[-75.54972,5.39966],[-75.54973,5.39966],[-75.54973,5.39966],[-75.54973,5.39966],[-75.54973,5.39966],[-75.54974,5.39967],[-75.54974,5.39967],[-75.54974,5.39967],[-75.54975,5.39967],[-75.54975,5.39967],[-75.54975,5.39967],[-75.54976,5.39967]]],[[[-75.54409,5.39958],[-75.54409,5.39958],[-75.54409,5.39958],[-75.54409,5.39959],[-75.5441,5.39959],[-75.5441,5.39959],[-75.5441,5.39959],[-75.5441,5.39959],[-75.5441,5.39959],[-75.5441,5.3996],[-75.5441,5.3996],[-75.5441,5.3996],[-75.5441,5.3996],[-75.54411,5.3996],[-75.54411,5.39961],[-75.54411,5.39961],[-75.54412,5.39961],[-75.54411,5.39964],[-75.54411,5.39964],[-75.54411,5.39964],[-75.54411,5.39965],[-75.54411,5.39965],[-75.54411,5.39965],[-75.54411,5.39966],[-75.54411,5.39966],[-75.54412,5.39966],[-75.54412,5.39966],[-75.54412,5.39966],[-75.54412,5.39966],[-75.54412,5.39967],[-75.54412,5.39967],[-75.54412,5.39967],[-75.54412,5.39967],[-75.54412,5.39967],[-75.54412,5.39967],[-75.54413,5.39968],[-75.54413,5.39969],[-75.54413,5.39969],[-75.54412,5.39969],[-75.54412,5.39969],[-75.54412,5.39969],[-75.54413,5.3997],[-75.54413,5.3997],[-75.54413,5.3997],[-75.54413,5.39971],[-75.54413,5.39971],[-75.54413,5.39971],[-75.54413,5.39971],[-75.54413,5.39971],[-75.54413,5.39971],[-75.54413,5.39972],[-75.54413,5.39972],[-75.54414,5.39972],[-75.54414,5.39972],[-75.54414,5.39973],[-75.54414,5.39973],[-75.54414,5.39973],[-75.54414,5.39973],[-75.54415,5.39974],[-75.54416,5.39974],[-75.54416,5.39975],[-75.54416,5.39975],[-75.54416,5.39975],[-75.54416,5.39976],[-75.54416,5.39976],[-75.54416,5.39976],[-75.54416,5.39976],[-75.54416,5.39976],[-75.54416,5.39976],[-75.54417,5.39977],[-75.54417,5.39977],[-75.54417,5.39977],[-75.54417,5.39977],[-75.54417,5.39977],[-75.54417,5.39977],[-75.54417,5.39977],[-75.54418,5.39977],[-75.54418,5.39977],[-75.54418,5.39977],[-75.54418,5.39977],[-75.54418,5.39977],[-75.54418,5.39977],[-75.54419,5.39977],[-75.54419,5.39977],[-75.54419,5.39977],[-75.54419,5.39977],[-75.54419,5.39977],[-75.54419,5.39977],[-75.5442,5.39977],[-75.5442,5.39977],[-75.5442,5.39977],[-75.5442,5.39977],[-75.5442,5.39977],[-75.5442,5.39977],[-75.5442,5.39976],[-75.54421,5.39976],[-75.54421,5.39976],[-75.54421,5.39976],[-75.54421,5.39976],[-75.54421,5.39976],[-75.54421,5.39975],[-75.54421,5.39975],[-75.54421,5.39975],[-75.54421,5.39975],[-75.54421,5.39975],[-75.54421,5.39975],[-75.54421,5.39974],[-75.54421,5.39974],[-75.54421,5.39974],[-75.54421,5.39974],[-75.54421,5.39972],[-75.54421,5.39972],[-75.54421,5.39972],[-75.5442,5.39972],[-75.5442,5.39972],[-75.5442,5.39971],[-75.5442,5.39971],[-75.5442,5.39971],[-75.5442,5.3997],[-75.54419,5.3997],[-75.54419,5.3997],[-75.54419,5.3997],[-75.54419,5.3997],[-75.54418,5.39969],[-75.54418,5.39968],[-75.54418,5.39968],[-75.54418,5.39967],[-75.54418,5.39967],[-75.54418,5.39967],[-75.54418,5.39967],[-75.54418,5.39967],[-75.54418,5.39967],[-75.54418,5.39966],[-75.54418,5.39966],[-75.54418,5.39966],[-75.54418,5.39965],[-75.54418,5.39965],[-75.54418,5.39965],[-75.54418,5.39965],[-75.54417,5.39965],[-75.54417,5.39965],[-75.54417,5.39965],[-75.54417,5.39964],[-75.54417,5.39961],[-75.54417,5.39961],[-75.54417,5.39961],[-75.54417,5.39961],[-75.54417,5.39961],[-75.54417,5.3996],[-75.54417,5.3996],[-75.54417,5.3996],[-75.54417,5.3996],[-75.54417,5.39959],[-75.54417,5.39959],[-75.54417,5.39959],[-75.54416,5.39959],[-75.54416,5.39958],[-75.54416,5.39958],[-75.54416,5.39958],[-75.54416,5.39958],[-75.54416,5.39958],[-75.54416,5.39958],[-75.54416,5.39958],[-75.54416,5.39958],[-75.54417,5.39958],[-75.54417,5.39958],[-75.54418,5.39959],[-75.54418,5.39959],[-75.54419,5.39959],[-75.54419,5.39959],[-75.54419,5.3996],[-75.54419,5.3996],[-75.54419,5.3996],[-75.5442,5.3996],[-75.5442,5.3996],[-75.5442,5.3996],[-75.54422,5.39961],[-75.54422,5.39961],[-75.54422,5.39961],[-75.54422,5.39961],[-75.54422,5.39961],[-75.54422,5.39961],[-75.54423,5.39961],[-75.54423,5.39961],[-75.54423,5.39961],[-75.54424,5.39961],[-75.54425,5.39962],[-75.54425,5.39962],[-75.54425,5.39963],[-75.54426,5.39963],[-75.54426,5.39963],[-75.54426,5.39963],[-75.54426,5.39963],[-75.54427,5.39963],[-75.54427,5.39963],[-75.54427,5.39964],[-75.54427,5.39964],[-75.54427,5.39964],[-75.54427,5.39964],[-75.54427,5.39964],[-75.54429,5.39964],[-75.54429,5.39964],[-75.54429,5.39964],[-75.54429,5.39964],[-75.5443,5.39964],[-75.5443,5.39964],[-75.5443,5.39964],[-75.54431,5.39964],[-75.54432,5.39964],[-75.54432,5.39964],[-75.54432,5.39964],[-75.54432,5.39964],[-75.54432,5.39963],[-75.54432,5.39963],[-75.54433,5.39963],[-75.54433,5.39963],[-75.54433,5.39963],[-75.54433,5.39963],[-75.54433,5.39963],[-75.54433,5.39963],[-75.54433,5.39963],[-75.54433,5.39962],[-75.54433,5.39962],[-75.54434,5.39962],[-75.54434,5.39962],[-75.54434,5.39962],[-75.54434,5.39962],[-75.54434,5.39961],[-75.54434,5.39961],[-75.54434,5.39961],[-75.54434,5.39961],[-75.54434,5.39961],[-75.54434,5.3996],[-75.54434,5.3996],[-75.54434,5.3996],[-75.54434,5.3996],[-75.54433,5.3996],[-75.54433,5.3996],[-75.54433,5.39959],[-75.54433,5.39959],[-75.54433,5.39959],[-75.54433,5.39959],[-75.54433,5.39959],[-75.54433,5.39959],[-75.54433,5.39959],[-75.54432,5.39959],[-75.54432,5.39959],[-75.54432,5.39959],[-75.54432,5.39958],[-75.54432,5.39958],[-75.54432,5.39958],[-75.54431,5.39958],[-75.54431,5.39958],[-75.54431,5.39958],[-75.54431,5.39958],[-75.54431,5.39958],[-75.54431,5.39958],[-75.54429,5.39959],[-75.54429,5.39958],[-75.54428,5.39957],[-75.54428,5.39957],[-75.54428,5.39957],[-75.54427,5.39957],[-75.54427,5.39957],[-75.54427,5.39957],[-75.54427,5.39957],[-75.54426,5.39956],[-75.54426,5.39956],[-75.54426,5.39956],[-75.54426,5.39956],[-75.54426,5.39956],[-75.54426,5.39956],[-75.54426,5.39956],[-75.54425,5.39956],[-75.54425,5.39956],[-75.54424,5.39956],[-75.54423,5.39956],[-75.54422,5.39955],[-75.54421,5.39954],[-75.54421,5.39954],[-75.54421,5.39954],[-75.54421,5.39954],[-75.54421,5.39954],[-75.54421,5.39953],[-75.54421,5.39953],[-75.5442,5.39953],[-75.5442,5.39953],[-75.5442,5.39953],[-75.54419,5.39953],[-75.54419,5.39953],[-75.54419,5.39953],[-75.54419,5.39953],[-75.54419,5.39952],[-75.54419,5.39952],[-75.54418,5.39952],[-75.54418,5.39952],[-75.54418,5.39952],[-75.54418,5.39952],[-75.54417,5.39952],[-75.54417,5.39952],[-75.54416,5.39952],[-75.54416,5.39952],[-75.54416,5.39952],[-75.54416,5.39952],[-75.54416,5.39952],[-75.54416,5.39951],[-75.54416,5.39951],[-75.54415,5.39951],[-75.54415,5.39951],[-75.54415,5.39951],[-75.54415,5.39951],[-75.54415,5.39951],[-75.54415,5.39951],[-75.54414,5.39951],[-75.54414,5.39951],[-75.54414,5.39951],[-75.54414,5.39951],[-75.54413,5.39951],[-75.54412,5.39949],[-75.54412,5.39949],[-75.54412,5.39949],[-75.54412,5.39949],[-75.54412,5.39949],[-75.54412,5.39949],[-75.54412,5.39949],[-75.54411,5.39949],[-75.54411,5.39949],[-75.54411,5.39948],[-75.54411,5.39948],[-75.5441,5.39948],[-75.5441,5.39948],[-75.5441,5.39948],[-75.5441,5.39948],[-75.5441,5.39947],[-75.5441,5.39947],[-75.5441,5.39947],[-75.54409,5.39946],[-75.54409,5.39946],[-75.54409,5.39946],[-75.54409,5.39946],[-75.54408,5.39945],[-75.54408,5.39945],[-75.54408,5.39945],[-75.54407,5.39944],[-75.54407,5.39944],[-75.54407,5.39944],[-75.54407,5.39944],[-75.54406,5.39944],[-75.54406,5.39944],[-75.54406,5.39944],[-75.54405,5.39944],[-75.54405,5.39944],[-75.54404,5.39943],[-75.54404,5.39943],[-75.54404,5.39943],[-75.54404,5.39943],[-75.54403,5.39943],[-75.54403,5.39943],[-75.54403,5.39943],[-75.54402,5.39942],[-75.54401,5.39941],[-75.54401,5.39941],[-75.54401,5.39941],[-75.54402,5.39937],[-75.54402,5.39937],[-75.54402,5.39936],[-75.54402,5.39936],[-75.54402,5.39935],[-75.54402,5.39935],[-75.54402,5.39935],[-75.54402,5.39934],[-75.54402,5.39934],[-75.54402,5.39934],[-75.54402,5.39933],[-75.54402,5.39933],[-75.54402,5.39933],[-75.54402,5.39933],[-75.54402,5.39932],[-75.54402,5.39932],[-75.54402,5.39932],[-75.54401,5.39931],[-75.54401,5.39931],[-75.54401,5.39931],[-75.54401,5.39931],[-75.54401,5.39931],[-75.54401,5.39931],[-75.54401,5.39931],[-75.54401,5.3993],[-75.54401,5.3993],[-75.54401,5.3993],[-75.54401,5.3993],[-75.54401,5.3993],[-75.54401,5.39929],[-75.54401,5.39929],[-75.544,5.39929],[-75.544,5.39929],[-75.544,5.39929],[-75.544,5.39929],[-75.544,5.39929],[-75.544,5.39928],[-75.544,5.39928],[-75.544,5.39926],[-75.544,5.39926],[-75.544,5.39926],[-75.544,5.39926],[-75.544,5.39926],[-75.544,5.39925],[-75.544,5.39925],[-75.544,5.39925],[-75.544,5.39925],[-75.544,5.39924],[-75.544,5.39924],[-75.54399,5.39924],[-75.54399,5.39924],[-75.54399,5.39923],[-75.54399,5.39923],[-75.54399,5.39923],[-75.54399,5.39923],[-75.54399,5.39923],[-75.54397,5.39921],[-75.54397,5.3992],[-75.54396,5.3992],[-75.54397,5.39918],[-75.54397,5.39918],[-75.54396,5.39918],[-75.54396,5.39917],[-75.54396,5.39917],[-75.54396,5.39917],[-75.54396,5.39917],[-75.54396,5.39916],[-75.54396,5.39916],[-75.54396,5.39916],[-75.54396,5.39916],[-75.54396,5.39916],[-75.54398,5.39916],[-75.54399,5.39916],[-75.54401,5.39918],[-75.54401,5.39918],[-75.54401,5.39918],[-75.54402,5.39918],[-75.54402,5.39918],[-75.54403,5.39919],[-75.54403,5.39919],[-75.54404,5.39919],[-75.54404,5.39919],[-75.54406,5.39919],[-75.54407,5.39919],[-75.54408,5.39919],[-75.54408,5.39919],[-75.54408,5.39919],[-75.54409,5.39919],[-75.5441,5.39921],[-75.5441,5.39921],[-75.54411,5.39921],[-75.54411,5.39921],[-75.54412,5.39922],[-75.54412,5.39922],[-75.54412,5.39922],[-75.54413,5.39922],[-75.54414,5.39922],[-75.54414,5.39922],[-75.54417,5.39922],[-75.54418,5.39922],[-75.54421,5.39923],[-75.54421,5.39923],[-75.54421,5.39923],[-75.54422,5.39924],[-75.54423,5.39924],[-75.54424,5.39924],[-75.54424,5.39924],[-75.54428,5.39923],[-75.54429,5.39925],[-75.54429,5.39925],[-75.5443,5.39925],[-75.5443,5.39925],[-75.54431,5.39925],[-75.54432,5.39925],[-75.54432,5.39925],[-75.54432,5.39925],[-75.54434,5.39925],[-75.54434,5.39925],[-75.54435,5.39926],[-75.54435,5.39926],[-75.54436,5.39926],[-75.54436,5.39926],[-75.54436,5.39926],[-75.54437,5.39926],[-75.54438,5.39926],[-75.54438,5.39926],[-75.54439,5.39926],[-75.54439,5.39926],[-75.54439,5.39925],[-75.5444,5.39925],[-75.5444,5.39924],[-75.5444,5.39924],[-75.5444,5.39924],[-75.5444,5.39923],[-75.5444,5.39923],[-75.5444,5.39922],[-75.54439,5.39922],[-75.54439,5.39922],[-75.54439,5.39921],[-75.54438,5.39921],[-75.54438,5.39921],[-75.54438,5.39921],[-75.54437,5.39921],[-75.54437,5.3992],[-75.54437,5.3992],[-75.54436,5.3992],[-75.54435,5.3992],[-75.54435,5.3992],[-75.54434,5.3992],[-75.54434,5.3992],[-75.54432,5.3992],[-75.54431,5.39919],[-75.54431,5.39919],[-75.54431,5.39918],[-75.5443,5.39918],[-75.5443,5.39918],[-75.54429,5.39918],[-75.54429,5.39918],[-75.54428,5.39918],[-75.54428,5.39918],[-75.54427,5.39918],[-75.54423,5.39918],[-75.54423,5.39918],[-75.5442,5.39917],[-75.5442,5.39917],[-75.5442,5.39917],[-75.54418,5.39917],[-75.54418,5.39917],[-75.54417,5.39917],[-75.54414,5.39917],[-75.54414,5.39917],[-75.54412,5.39915],[-75.54412,5.39915],[-75.54412,5.39915],[-75.54411,5.39914],[-75.54411,5.39914],[-75.5441,5.39914],[-75.5441,5.39914],[-75.5441,5.39914],[-75.54409,5.39914],[-75.54407,5.39913],[-75.54407,5.39913],[-75.54406,5.39913],[-75.54406,5.39913],[-75.54404,5.39913],[-75.54403,5.39912],[-75.54402,5.39912],[-75.54402,5.39912],[-75.544,5.39911],[-75.54399,5.39911],[-75.54399,5.39911],[-75.54397,5.3991],[-75.54396,5.3991],[-75.54396,5.3991],[-75.54394,5.39911],[-75.54393,5.39911],[-75.54393,5.39911],[-75.54391,5.39911],[-75.54391,5.39911],[-75.5439,5.39911],[-75.5439,5.39911],[-75.5439,5.39911],[-75.54389,5.39911],[-75.54389,5.39911],[-75.54389,5.3991],[-75.54389,5.3991],[-75.54389,5.3991],[-75.54388,5.39907],[-75.54388,5.39907],[-75.54388,5.39907],[-75.54387,5.39907],[-75.54387,5.39907],[-75.54386,5.39905],[-75.54386,5.39905],[-75.54385,5.39904],[-75.54385,5.39904],[-75.54385,5.39904],[-75.54383,5.39903],[-75.54383,5.39903],[-75.54383,5.39903],[-75.54383,5.39903],[-75.54383,5.39902],[-75.54383,5.39902],[-75.54382,5.39902],[-75.54382,5.39902],[-75.54381,5.39902],[-75.54381,5.39902],[-75.54381,5.39902],[-75.5438,5.39902],[-75.5438,5.39902],[-75.5438,5.39901],[-75.5438,5.39901],[-75.54379,5.39901],[-75.54378,5.39901],[-75.54378,5.39901],[-75.54375,5.39898],[-75.54375,5.39898],[-75.54375,5.39898],[-75.54375,5.39898],[-75.54375,5.39898],[-75.54374,5.39897],[-75.54374,5.39897],[-75.54374,5.39897],[-75.54374,5.39897],[-75.54374,5.39897],[-75.54373,5.39896],[-75.54373,5.39896],[-75.54373,5.39896],[-75.54373,5.39896],[-75.54373,5.39896],[-75.54373,5.39896],[-75.54372,5.39896],[-75.54371,5.39895],[-75.54371,5.39895],[-75.54371,5.39895],[-75.54371,5.39895],[-75.54373,5.39895],[-75.54373,5.39895],[-75.54373,5.39895],[-75.54375,5.39895],[-75.54375,5.39894],[-75.54375,5.39894],[-75.54376,5.39894],[-75.54376,5.39893],[-75.54377,5.39893],[-75.54378,5.39893],[-75.54378,5.39893],[-75.54378,5.39893],[-75.54379,5.39893],[-75.54379,5.39892],[-75.5438,5.39892],[-75.5438,5.39892],[-75.54381,5.39891],[-75.54381,5.39891],[-75.54381,5.39891],[-75.54382,5.39891],[-75.54382,5.39891],[-75.54383,5.39892],[-75.54384,5.39892],[-75.54384,5.39891],[-75.54387,5.39891],[-75.54388,5.39891],[-75.54388,5.39891],[-75.5439,5.39893],[-75.5439,5.39893],[-75.54391,5.39893],[-75.54393,5.39894],[-75.54393,5.39894],[-75.54394,5.39894],[-75.54397,5.39895],[-75.54397,5.39895],[-75.54397,5.39895],[-75.54401,5.39895],[-75.54401,5.39895],[-75.54401,5.39895],[-75.54405,5.39895],[-75.54405,5.39895],[-75.54405,5.39895],[-75.54408,5.39894],[-75.54409,5.39894],[-75.54409,5.39894],[-75.54412,5.39893],[-75.54412,5.39893],[-75.54412,5.39893],[-75.54414,5.39891],[-75.54415,5.39891],[-75.54415,5.39891],[-75.54415,5.3989],[-75.54417,5.3989],[-75.54417,5.3989],[-75.54417,5.3989],[-75.54418,5.3989],[-75.54419,5.3989],[-75.54419,5.3989],[-75.54419,5.3989],[-75.5442,5.39889],[-75.54421,5.39889],[-75.54421,5.39888],[-75.54422,5.39886],[-75.54423,5.39886],[-75.54424,5.39886],[-75.54424,5.39886],[-75.54424,5.39886],[-75.54425,5.39885],[-75.54425,5.39885],[-75.54425,5.39885],[-75.54426,5.39885],[-75.54426,5.39884],[-75.54426,5.39884],[-75.54427,5.39884],[-75.54427,5.39884],[-75.54428,5.39884],[-75.54428,5.39883],[-75.54429,5.39882],[-75.54429,5.39882],[-75.5443,5.39882],[-75.54431,5.39882],[-75.54432,5.39882],[-75.54433,5.39882],[-75.54434,5.39882],[-75.54434,5.39882],[-75.54435,5.39882],[-75.54435,5.39882],[-75.54435,5.39882],[-75.54436,5.39882],[-75.54436,5.39881],[-75.54436,5.39881],[-75.54437,5.39881],[-75.54437,5.3988],[-75.54437,5.3988],[-75.54437,5.39879],[-75.54437,5.39879],[-75.54436,5.39878],[-75.54436,5.39878],[-75.54436,5.39878],[-75.54436,5.39877],[-75.54435,5.39877],[-75.54435,5.39877],[-75.54433,5.39877],[-75.54433,5.39876],[-75.54433,5.39876],[-75.54431,5.39876],[-75.54431,5.39876],[-75.5443,5.39876],[-75.54429,5.39876],[-75.54429,5.39876],[-75.54428,5.39877],[-75.54427,5.39877],[-75.54426,5.39877],[-75.54426,5.39877],[-75.54425,5.39878],[-75.54425,5.39878],[-75.54425,5.39878],[-75.54424,5.39879],[-75.54424,5.39879],[-75.54424,5.39879],[-75.54423,5.39879],[-75.54423,5.39879],[-75.54423,5.3988],[-75.54422,5.3988],[-75.54422,5.3988],[-75.54422,5.3988],[-75.54421,5.39881],[-75.54421,5.39881],[-75.5442,5.39881],[-75.5442,5.39882],[-75.54419,5.39882],[-75.54419,5.39882],[-75.54418,5.39883],[-75.54417,5.39885],[-75.54417,5.39885],[-75.54415,5.39885],[-75.54414,5.39885],[-75.54414,5.39885],[-75.54413,5.39885],[-75.54412,5.39885],[-75.54412,5.39886],[-75.54412,5.39886],[-75.54411,5.39887],[-75.54409,5.39888],[-75.54407,5.39889],[-75.54404,5.3989],[-75.54401,5.3989],[-75.54398,5.3989],[-75.54395,5.39889],[-75.54393,5.39888],[-75.54391,5.39887],[-75.54391,5.39886],[-75.54391,5.39886],[-75.5439,5.39886],[-75.5439,5.39886],[-75.54389,5.39886],[-75.54389,5.39885],[-75.54389,5.39885],[-75.54388,5.39885],[-75.54388,5.39885],[-75.54387,5.39885],[-75.54387,5.39885],[-75.54383,5.39886],[-75.54383,5.39886],[-75.54383,5.39886],[-75.54383,5.39886],[-75.54382,5.39885],[-75.54382,5.39885],[-75.54381,5.39885],[-75.54381,5.39885],[-75.54381,5.39885],[-75.5438,5.39885],[-75.5438,5.39885],[-75.54379,5.39885],[-75.54379,5.39885],[-75.54378,5.39886],[-75.54378,5.39886],[-75.54377,5.39886],[-75.54377,5.39886],[-75.54376,5.39887],[-75.54375,5.39887],[-75.54375,5.39888],[-75.54375,5.39888],[-75.54374,5.39888],[-75.54374,5.39888],[-75.54373,5.39888],[-75.54373,5.39888],[-75.54373,5.39889],[-75.54372,5.3989],[-75.54372,5.3989],[-75.54371,5.3989],[-75.5437,5.3989],[-75.5437,5.3989],[-75.5437,5.39889],[-75.54369,5.39889],[-75.54369,5.39889],[-75.54368,5.39888],[-75.54368,5.39888],[-75.54367,5.39888],[-75.54366,5.39888],[-75.54366,5.39888],[-75.54366,5.39888],[-75.54365,5.39888],[-75.54365,5.39888],[-75.54364,5.39888],[-75.54363,5.39888],[-75.54362,5.39889],[-75.54362,5.39889],[-75.54362,5.39889],[-75.54362,5.39888],[-75.54362,5.39888],[-75.54362,5.39888],[-75.54363,5.39888],[-75.54363,5.39888],[-75.54363,5.39887],[-75.54363,5.39887],[-75.54363,5.39887],[-75.54364,5.39887],[-75.54364,5.39887],[-75.54364,5.39887],[-75.54364,5.39887],[-75.54364,5.39887],[-75.54364,5.39887],[-75.54364,5.39887],[-75.54364,5.39886],[-75.54365,5.39886],[-75.54365,5.39886],[-75.54365,5.39886],[-75.54365,5.39886],[-75.54365,5.39886],[-75.54365,5.39885],[-75.54365,5.39885],[-75.54365,5.39885],[-75.54365,5.39885],[-75.54365,5.39885],[-75.54365,5.39884],[-75.54365,5.39884],[-75.54367,5.39882],[-75.54367,5.39882],[-75.54367,5.39882],[-75.54367,5.39881],[-75.54367,5.39881],[-75.54367,5.39881],[-75.54368,5.3988],[-75.54368,5.3988],[-75.54368,5.3988],[-75.54368,5.3988],[-75.54368,5.3988],[-75.54368,5.39879],[-75.54368,5.39878],[-75.54369,5.39878],[-75.54371,5.39876],[-75.54371,5.39876],[-75.54372,5.39875],[-75.54372,5.39875],[-75.54372,5.39875],[-75.54372,5.39875],[-75.54372,5.39874],[-75.54372,5.39874],[-75.54373,5.39874],[-75.54373,5.39874],[-75.54373,5.39874],[-75.54373,5.39874],[-75.54373,5.39874],[-75.54373,5.39873],[-75.54373,5.39873],[-75.54373,5.39873],[-75.54373,5.39872],[-75.54373,5.39872],[-75.54373,5.39872],[-75.54373,5.39872],[-75.54374,5.39871],[-75.54374,5.39871],[-75.54374,5.39871],[-75.54374,5.3987],[-75.54374,5.3987],[-75.54375,5.3987],[-75.54375,5.39869],[-75.54375,5.39869],[-75.54375,5.39869],[-75.54375,5.39869],[-75.54375,5.39869],[-75.54375,5.39869],[-75.54375,5.39869],[-75.54375,5.39868],[-75.54375,5.39868],[-75.54375,5.39868],[-75.54375,5.39867],[-75.54377,5.39865],[-75.54378,5.39865],[-75.54378,5.39865],[-75.54378,5.39865],[-75.54378,5.39865],[-75.54378,5.39864],[-75.54379,5.39863],[-75.54379,5.39863],[-75.54379,5.39863],[-75.54379,5.39863],[-75.54379,5.39863],[-75.54379,5.39863],[-75.54379,5.39863],[-75.54379,5.39863],[-75.5438,5.39861],[-75.5438,5.39861],[-75.5438,5.39861],[-75.54383,5.39858],[-75.54384,5.39858],[-75.54384,5.39858],[-75.54384,5.39858],[-75.54385,5.39856],[-75.54385,5.39856],[-75.54385,5.39856],[-75.54385,5.39856],[-75.54385,5.39856],[-75.54385,5.39856],[-75.54386,5.39855],[-75.54386,5.39855],[-75.54386,5.39855],[-75.54386,5.39855],[-75.54387,5.39855],[-75.54387,5.39855],[-75.54387,5.39855],[-75.54387,5.39855],[-75.54387,5.39855],[-75.54388,5.39855],[-75.54388,5.39855],[-75.54388,5.39855],[-75.54388,5.39855],[-75.54388,5.39855],[-75.54388,5.39855],[-75.54389,5.39854],[-75.54389,5.39854],[-75.54389,5.39854],[-75.54389,5.39854],[-75.54389,5.39854],[-75.54389,5.39854],[-75.54389,5.39854],[-75.5439,5.39854],[-75.5439,5.39854],[-75.5439,5.39854],[-75.5439,5.39854],[-75.5439,5.39854],[-75.54391,5.39853],[-75.54391,5.39853],[-75.54391,5.39853],[-75.54391,5.39853],[-75.54392,5.39853],[-75.54392,5.39853],[-75.54392,5.39853],[-75.54392,5.39852],[-75.54392,5.39852],[-75.54393,5.3985],[-75.54393,5.3985],[-75.54394,5.3985],[-75.54394,5.3985],[-75.54394,5.3985],[-75.54394,5.3985],[-75.54394,5.3985],[-75.54394,5.3985],[-75.54395,5.3985],[-75.54395,5.3985],[-75.54395,5.3985],[-75.54395,5.3985],[-75.54395,5.3985],[-75.54395,5.3985],[-75.54396,5.39849],[-75.54396,5.39849],[-75.54396,5.39849],[-75.54396,5.39849],[-75.54396,5.39849],[-75.54396,5.39849],[-75.54397,5.39849],[-75.54397,5.39849],[-75.54397,5.39849],[-75.54397,5.39848],[-75.54397,5.39848],[-75.54397,5.39848],[-75.54398,5.39848],[-75.54398,5.39848],[-75.54398,5.39848],[-75.54398,5.39848],[-75.54398,5.39848],[-75.54398,5.39848],[-75.54398,5.39848],[-75.54399,5.39847],[-75.54399,5.39847],[-75.544,5.39847],[-75.544,5.39847],[-75.544,5.39847],[-75.544,5.39847],[-75.544,5.39847],[-75.544,5.39847],[-75.54401,5.39847],[-75.54401,5.39847],[-75.54401,5.39847],[-75.54401,5.39847],[-75.54401,5.39846],[-75.54401,5.39846],[-75.54401,5.39846],[-75.54401,5.39846],[-75.54402,5.39846],[-75.54402,5.39846],[-75.54402,5.39846],[-75.54402,5.39845],[-75.54402,5.39845],[-75.54402,5.39845],[-75.54402,5.39845],[-75.54402,5.39845],[-75.54402,5.39844],[-75.54402,5.39844],[-75.54402,5.39844],[-75.54402,5.39844],[-75.54402,5.39844],[-75.54402,5.39844],[-75.54402,5.39843],[-75.54402,5.39843],[-75.54402,5.39843],[-75.54401,5.39843],[-75.54401,5.39843],[-75.54401,5.39843],[-75.54401,5.39843],[-75.54401,5.39842],[-75.54401,5.39842],[-75.54401,5.39842],[-75.54401,5.39842],[-75.544,5.39842],[-75.544,5.39842],[-75.544,5.39842],[-75.544,5.39842],[-75.544,5.39842],[-75.544,5.39842],[-75.54399,5.39842],[-75.54399,5.39842],[-75.54399,5.39842],[-75.54399,5.39842],[-75.54398,5.39842],[-75.54398,5.39842],[-75.54398,5.39842],[-75.54398,5.39842],[-75.54397,5.39842],[-75.54397,5.39842],[-75.54397,5.39842],[-75.54396,5.39842],[-75.54396,5.39842],[-75.54396,5.39843],[-75.54396,5.39843],[-75.54396,5.39843],[-75.54396,5.39843],[-75.54395,5.39843],[-75.54395,5.39843],[-75.54395,5.39843],[-75.54395,5.39843],[-75.54395,5.39843],[-75.54395,5.39843],[-75.54394,5.39843],[-75.54394,5.39843],[-75.54394,5.39843],[-75.54394,5.39843],[-75.54394,5.39843],[-75.54394,5.39844],[-75.54394,5.39844],[-75.54393,5.39844],[-75.54393,5.39844],[-75.54393,5.39844],[-75.54393,5.39844],[-75.54393,5.39844],[-75.54393,5.39845],[-75.54392,5.39845],[-75.54392,5.39845],[-75.54392,5.39845],[-75.54392,5.39845],[-75.54392,5.39845],[-75.54392,5.39845],[-75.54392,5.39845],[-75.54391,5.39845],[-75.54391,5.39845],[-75.54391,5.39845],[-75.54391,5.39845],[-75.5439,5.39846],[-75.5439,5.39846],[-75.5439,5.39846],[-75.5439,5.39846],[-75.5439,5.39846],[-75.5439,5.39846],[-75.54389,5.39846],[-75.54389,5.39847],[-75.54389,5.39847],[-75.54388,5.39849],[-75.54388,5.39849],[-75.54388,5.39849],[-75.54388,5.39849],[-75.54387,5.39849],[-75.54387,5.39849],[-75.54387,5.39849],[-75.54387,5.39849],[-75.54387,5.39849],[-75.54387,5.39849],[-75.54386,5.39849],[-75.54386,5.39849],[-75.54386,5.39849],[-75.54386,5.39849],[-75.54386,5.39849],[-75.54385,5.39849],[-75.54385,5.39849],[-75.54385,5.39849],[-75.54385,5.39849],[-75.54385,5.39849],[-75.54385,5.39849],[-75.54384,5.39849],[-75.54384,5.3985],[-75.54384,5.3985],[-75.54384,5.3985],[-75.54383,5.3985],[-75.54383,5.3985],[-75.54383,5.3985],[-75.54383,5.3985],[-75.54383,5.3985],[-75.54383,5.3985],[-75.54383,5.3985],[-75.54382,5.3985],[-75.54382,5.3985],[-75.54382,5.39851],[-75.54382,5.39851],[-75.54382,5.39851],[-75.54382,5.39851],[-75.54381,5.39851],[-75.54381,5.39852],[-75.54381,5.39853],[-75.5438,5.39854],[-75.54377,5.39856],[-75.54377,5.39857],[-75.54376,5.39857],[-75.54376,5.39857],[-75.54376,5.39857],[-75.54376,5.39858],[-75.54375,5.39858],[-75.54375,5.39858],[-75.54375,5.39858],[-75.54375,5.39858],[-75.54375,5.39859],[-75.54375,5.39859],[-75.54375,5.39859],[-75.54375,5.39859],[-75.54375,5.39859],[-75.54374,5.3986],[-75.54374,5.39861],[-75.54372,5.39863],[-75.54372,5.39863],[-75.54371,5.39863],[-75.54371,5.39863],[-75.54371,5.39863],[-75.54371,5.39863],[-75.54371,5.39864],[-75.54371,5.39864],[-75.54371,5.39864],[-75.54371,5.39864],[-75.5437,5.39864],[-75.5437,5.39864],[-75.5437,5.39864],[-75.5437,5.39865],[-75.5437,5.39865],[-75.5437,5.39865],[-75.5437,5.39865],[-75.5437,5.39865],[-75.5437,5.39866],[-75.5437,5.39866],[-75.5437,5.39867],[-75.54369,5.39868],[-75.54369,5.39868],[-75.54369,5.39868],[-75.54369,5.39868],[-75.54368,5.39869],[-75.54368,5.39869],[-75.54368,5.39869],[-75.54368,5.3987],[-75.54368,5.3987],[-75.54368,5.3987],[-75.54368,5.3987],[-75.54368,5.3987],[-75.54368,5.3987],[-75.54368,5.3987],[-75.54368,5.39871],[-75.54368,5.39871],[-75.54368,5.39871],[-75.54365,5.39873],[-75.54365,5.39873],[-75.54365,5.39873],[-75.54365,5.39874],[-75.54365,5.39874],[-75.54364,5.39874],[-75.54364,5.39874],[-75.54364,5.39874],[-75.54364,5.39875],[-75.54364,5.39875],[-75.54364,5.39875],[-75.54364,5.39875],[-75.54363,5.39875],[-75.54363,5.39876],[-75.54363,5.39876],[-75.54363,5.39876],[-75.54363,5.39876],[-75.54363,5.39878],[-75.54363,5.39878],[-75.54362,5.39879],[-75.54362,5.39878],[-75.54362,5.39878],[-75.5436,5.39877],[-75.5436,5.39877],[-75.5436,5.39877],[-75.5436,5.39877],[-75.5436,5.39876],[-75.5436,5.39876],[-75.5436,5.39875],[-75.54359,5.39874],[-75.54359,5.39874],[-75.54359,5.39874],[-75.54359,5.39873],[-75.54359,5.39873],[-75.54359,5.39873],[-75.54359,5.39873],[-75.54359,5.39872],[-75.54359,5.39871],[-75.54359,5.39871],[-75.54359,5.3987],[-75.54359,5.3987],[-75.54359,5.39869],[-75.54359,5.39868],[-75.54359,5.39868],[-75.54359,5.39868],[-75.54358,5.39868],[-75.54358,5.39867],[-75.54357,5.39866],[-75.54357,5.39866],[-75.54357,5.39865],[-75.54357,5.39864],[-75.54357,5.39863],[-75.54357,5.39862],[-75.54357,5.39861],[-75.54358,5.3986],[-75.54358,5.3986],[-75.54359,5.39859],[-75.54359,5.39859],[-75.54359,5.39859],[-75.54359,5.39858],[-75.54359,5.39858],[-75.54359,5.39857],[-75.54359,5.39857],[-75.54359,5.39856],[-75.54359,5.39856],[-75.54359,5.39856],[-75.54359,5.39854],[-75.54359,5.39854],[-75.54359,5.39854],[-75.5436,5.39854],[-75.5436,5.39853],[-75.54361,5.39853],[-75.54361,5.39853],[-75.54361,5.39853],[-75.54362,5.39853],[-75.54362,5.39852],[-75.54362,5.39852],[-75.54363,5.39852],[-75.54363,5.39852],[-75.54363,5.39852],[-75.54364,5.39851],[-75.54364,5.39851],[-75.54365,5.39851],[-75.54365,5.39851],[-75.54365,5.39851],[-75.54367,5.39851],[-75.54368,5.3985],[-75.54369,5.3985],[-75.5437,5.3985],[-75.5437,5.3985],[-75.54371,5.39849],[-75.54372,5.39848],[-75.54373,5.39847],[-75.54373,5.39847],[-75.54376,5.39844],[-75.54376,5.39843],[-75.54382,5.39836],[-75.54383,5.39834],[-75.54384,5.39833],[-75.54386,5.39831],[-75.54387,5.39831],[-75.54391,5.39829],[-75.54391,5.39829],[-75.54391,5.39829],[-75.54392,5.39829],[-75.54392,5.39828],[-75.54392,5.39828],[-75.54393,5.39827],[-75.54393,5.39827],[-75.54393,5.39827],[-75.54396,5.39823],[-75.54397,5.39823],[-75.54397,5.39823],[-75.54398,5.39823],[-75.544,5.39823],[-75.544,5.39823],[-75.54401,5.39823],[-75.54401,5.39823],[-75.54401,5.39823],[-75.54402,5.39823],[-75.54402,5.39822],[-75.54402,5.39822],[-75.54403,5.39821],[-75.54403,5.39821],[-75.54403,5.39821],[-75.54403,5.3982],[-75.54403,5.3982],[-75.54402,5.39819],[-75.54402,5.39819],[-75.54402,5.39819],[-75.54402,5.39818],[-75.54401,5.39818],[-75.54401,5.39818],[-75.544,5.39818],[-75.54398,5.39818],[-75.54398,5.39818],[-75.54398,5.39818],[-75.54396,5.39818],[-75.54395,5.39818],[-75.54395,5.39818],[-75.54394,5.39818],[-75.54394,5.39819],[-75.54393,5.39819],[-75.54393,5.3982],[-75.54392,5.3982],[-75.54392,5.3982],[-75.54389,5.39824],[-75.54389,5.39824],[-75.54388,5.39824],[-75.54385,5.39826],[-75.54384,5.39826],[-75.54384,5.39826],[-75.54383,5.39827],[-75.54383,5.39827],[-75.54383,5.39827],[-75.54381,5.39829],[-75.54379,5.3983],[-75.54379,5.39831],[-75.54378,5.39832],[-75.54377,5.39832],[-75.54372,5.3984],[-75.5437,5.39843],[-75.54368,5.39844],[-75.54367,5.39845],[-75.54366,5.39845],[-75.54365,5.39845],[-75.54363,5.39845],[-75.54363,5.39845],[-75.54363,5.39845],[-75.54362,5.39846],[-75.54362,5.39846],[-75.54361,5.39846],[-75.54361,5.39846],[-75.54361,5.39846],[-75.5436,5.39847],[-75.5436,5.39847],[-75.5436,5.39847],[-75.5436,5.39847],[-75.54359,5.39847],[-75.54359,5.39847],[-75.54358,5.39848],[-75.54358,5.39848],[-75.54358,5.39848],[-75.54357,5.39849],[-75.54357,5.39849],[-75.54357,5.39849],[-75.54356,5.39849],[-75.54356,5.39849],[-75.54355,5.39849],[-75.54355,5.39849],[-75.54355,5.39849],[-75.54354,5.39849],[-75.54354,5.3985],[-75.54354,5.3985],[-75.54354,5.39851],[-75.54353,5.39851],[-75.54353,5.39851],[-75.54353,5.39852],[-75.54353,5.39852],[-75.54353,5.39853],[-75.54353,5.39853],[-75.54353,5.39853],[-75.54353,5.39854],[-75.54354,5.39856],[-75.54354,5.39857],[-75.54353,5.39857],[-75.54353,5.39857],[-75.54353,5.39858],[-75.54352,5.39858],[-75.54352,5.39859],[-75.54352,5.3986],[-75.54352,5.3986],[-75.54352,5.3986],[-75.54351,5.39862],[-75.54351,5.39862],[-75.54351,5.39862],[-75.54351,5.39863],[-75.54351,5.39864],[-75.54351,5.39864],[-75.54351,5.39865],[-75.54351,5.39865],[-75.54351,5.39866],[-75.54352,5.39867],[-75.54352,5.39867],[-75.54352,5.39867],[-75.54352,5.39869],[-75.54353,5.39869],[-75.54353,5.39869],[-75.54353,5.3987],[-75.54353,5.3987],[-75.54354,5.3987],[-75.54354,5.39871],[-75.54354,5.39871],[-75.54353,5.39871],[-75.54353,5.39871],[-75.54353,5.39873],[-75.54353,5.39873],[-75.54353,5.39873],[-75.54353,5.39874],[-75.54353,5.39875],[-75.54353,5.39875],[-75.54354,5.39876],[-75.54354,5.39876],[-75.54354,5.39876],[-75.54354,5.39876],[-75.54354,5.39878],[-75.54354,5.39878],[-75.54354,5.39879],[-75.54354,5.39879],[-75.54354,5.39879],[-75.54354,5.3988],[-75.54355,5.3988],[-75.54355,5.39881],[-75.54355,5.39881],[-75.54355,5.39881],[-75.54356,5.39881],[-75.54356,5.39882],[-75.54358,5.39882],[-75.54358,5.39882],[-75.54358,5.39883],[-75.54358,5.39883],[-75.54358,5.39884],[-75.54356,5.39887],[-75.54356,5.39887],[-75.54356,5.39887],[-75.54355,5.39887],[-75.54355,5.39887],[-75.54355,5.39887],[-75.54355,5.39887],[-75.54355,5.39887],[-75.54355,5.39887],[-75.54355,5.39887],[-75.54354,5.39888],[-75.54354,5.39888],[-75.54354,5.39888],[-75.54354,5.39888],[-75.54354,5.39888],[-75.54354,5.39888],[-75.54354,5.39888],[-75.54354,5.39889],[-75.54354,5.39889],[-75.54354,5.39889],[-75.54354,5.39889],[-75.54354,5.39889],[-75.54354,5.3989],[-75.54354,5.3989],[-75.54354,5.3989],[-75.54354,5.3989],[-75.54354,5.3989],[-75.54354,5.3989],[-75.54354,5.39891],[-75.54354,5.39891],[-75.54354,5.39891],[-75.54354,5.39891],[-75.54354,5.39891],[-75.54355,5.39891],[-75.54355,5.39891],[-75.54355,5.39891],[-75.54355,5.39892],[-75.54355,5.39892],[-75.54355,5.39892],[-75.54355,5.39892],[-75.54356,5.39892],[-75.54356,5.39892],[-75.54356,5.39892],[-75.54356,5.39892],[-75.54356,5.39892],[-75.54356,5.39892],[-75.54357,5.39892],[-75.54357,5.39892],[-75.54357,5.39892],[-75.54357,5.39892],[-75.54357,5.39892],[-75.54357,5.39892],[-75.54357,5.39892],[-75.54358,5.39892],[-75.54358,5.39892],[-75.54358,5.39892],[-75.54359,5.39893],[-75.54359,5.39893],[-75.54359,5.39894],[-75.54359,5.39894],[-75.5436,5.39894],[-75.5436,5.39894],[-75.5436,5.39894],[-75.54362,5.39894],[-75.54362,5.39894],[-75.54362,5.39894],[-75.54362,5.39894],[-75.54362,5.39894],[-75.54362,5.39894],[-75.54363,5.39894],[-75.54363,5.39895],[-75.54363,5.39895],[-75.54363,5.39895],[-75.54363,5.39895],[-75.54363,5.39895],[-75.54364,5.39897],[-75.54365,5.39897],[-75.54365,5.39897],[-75.54365,5.39898],[-75.54365,5.39898],[-75.54367,5.39899],[-75.54367,5.39899],[-75.54367,5.39899],[-75.54367,5.39899],[-75.54367,5.399],[-75.54367,5.399],[-75.54369,5.39901],[-75.54369,5.39901],[-75.54369,5.39901],[-75.5437,5.39901],[-75.5437,5.39901],[-75.54371,5.39901],[-75.54371,5.39901],[-75.54371,5.39902],[-75.54374,5.39905],[-75.54374,5.39905],[-75.54374,5.39905],[-75.54374,5.39905],[-75.54374,5.39905],[-75.54374,5.39906],[-75.54375,5.39906],[-75.54375,5.39906],[-75.54375,5.39906],[-75.54375,5.39906],[-75.54375,5.39906],[-75.54375,5.39906],[-75.54376,5.39906],[-75.54376,5.39907],[-75.54376,5.39907],[-75.54377,5.39907],[-75.54377,5.39907],[-75.54377,5.39907],[-75.54377,5.39907],[-75.54377,5.39907],[-75.54379,5.39907],[-75.5438,5.39907],[-75.5438,5.39907],[-75.54382,5.39908],[-75.54383,5.3991],[-75.54384,5.39912],[-75.54385,5.39914],[-75.54385,5.39914],[-75.54385,5.39914],[-75.54385,5.39914],[-75.54385,5.39914],[-75.54385,5.39914],[-75.54385,5.39914],[-75.54385,5.39915],[-75.54385,5.39915],[-75.54386,5.39915],[-75.54386,5.39915],[-75.54386,5.39916],[-75.54386,5.39916],[-75.54386,5.39916],[-75.54387,5.39916],[-75.54387,5.39916],[-75.54388,5.39917],[-75.54388,5.39917],[-75.54388,5.39917],[-75.54388,5.39917],[-75.54388,5.39917],[-75.54388,5.39917],[-75.54389,5.39917],[-75.54389,5.39917],[-75.54389,5.39917],[-75.54389,5.39917],[-75.5439,5.39917],[-75.5439,5.39917],[-75.54391,5.39918],[-75.54391,5.39918],[-75.54391,5.3992],[-75.54391,5.3992],[-75.54391,5.3992],[-75.54391,5.39921],[-75.54391,5.39921],[-75.54391,5.39922],[-75.54391,5.39922],[-75.54391,5.39922],[-75.54391,5.39922],[-75.54391,5.39922],[-75.54392,5.39923],[-75.54392,5.39923],[-75.54392,5.39923],[-75.54392,5.39924],[-75.54392,5.39924],[-75.54392,5.39924],[-75.54393,5.39924],[-75.54393,5.39924],[-75.54394,5.39926],[-75.54395,5.39926],[-75.54395,5.39927],[-75.54394,5.39929],[-75.54394,5.39929],[-75.54394,5.39929],[-75.54395,5.39929],[-75.54395,5.39929],[-75.54395,5.3993],[-75.54395,5.3993],[-75.54395,5.3993],[-75.54395,5.39931],[-75.54395,5.39931],[-75.54395,5.39931],[-75.54395,5.39931],[-75.54395,5.39931],[-75.54395,5.39932],[-75.54395,5.39932],[-75.54395,5.39932],[-75.54395,5.39932],[-75.54395,5.39932],[-75.54395,5.39933],[-75.54396,5.39933],[-75.54396,5.39933],[-75.54396,5.39933],[-75.54396,5.39933],[-75.54396,5.39933],[-75.54396,5.39934],[-75.54396,5.39934],[-75.54397,5.39934],[-75.54397,5.39934],[-75.54397,5.39935],[-75.54397,5.39936],[-75.54396,5.3994],[-75.54396,5.3994],[-75.54396,5.3994],[-75.54396,5.3994],[-75.54396,5.3994],[-75.54396,5.3994],[-75.54396,5.39942],[-75.54396,5.39942],[-75.54396,5.39942],[-75.54396,5.39942],[-75.54396,5.39942],[-75.54396,5.39942],[-75.54396,5.39943],[-75.54396,5.39944],[-75.54396,5.39944],[-75.54397,5.39944],[-75.54397,5.39944],[-75.54397,5.39944],[-75.54397,5.39944],[-75.54398,5.39946],[-75.54398,5.39946],[-75.54398,5.39946],[-75.54398,5.39946],[-75.54399,5.39947],[-75.54399,5.39947],[-75.54399,5.39947],[-75.54399,5.39947],[-75.544,5.39947],[-75.54401,5.39948],[-75.54401,5.39948],[-75.54401,5.39948],[-75.54401,5.39948],[-75.54401,5.39948],[-75.54401,5.39948],[-75.54401,5.39948],[-75.54402,5.39949],[-75.54402,5.39949],[-75.54403,5.39949],[-75.54403,5.39949],[-75.54403,5.39949],[-75.54403,5.39949],[-75.54404,5.39949],[-75.54404,5.39949],[-75.54405,5.39949],[-75.54405,5.3995],[-75.54406,5.39952],[-75.54406,5.39953],[-75.54406,5.39953],[-75.54406,5.39953],[-75.54406,5.39953],[-75.54406,5.39953],[-75.54407,5.39954],[-75.54407,5.39954],[-75.54407,5.39954],[-75.54407,5.39955],[-75.54407,5.39955],[-75.54407,5.39955],[-75.54409,5.39956],[-75.54409,5.39957],[-75.54409,5.39957],[-75.54409,5.39958],[-75.54409,5.39958]]],[[[-75.54429,5.40165],[-75.5443,5.40166],[-75.54431,5.40166],[-75.54431,5.40166],[-75.54432,5.40167],[-75.54432,5.40167],[-75.54432,5.40167],[-75.54433,5.40167],[-75.54434,5.40167],[-75.54434,5.40167],[-75.54435,5.40167],[-75.54436,5.40166],[-75.54436,5.40166],[-75.54436,5.40166],[-75.54437,5.40165],[-75.54438,5.40165],[-75.54438,5.40165],[-75.5444,5.40163],[-75.5444,5.40163],[-75.54441,5.40163],[-75.54442,5.40163],[-75.54447,5.40164],[-75.54447,5.40164],[-75.54448,5.40164],[-75.54449,5.40164],[-75.54449,5.40164],[-75.5445,5.40164],[-75.54451,5.40164],[-75.54452,5.40164],[-75.54455,5.40163],[-75.54457,5.40163],[-75.54457,5.40163],[-75.54457,5.40163],[-75.54458,5.40163],[-75.54459,5.40162],[-75.54459,5.40162],[-75.54459,5.40162],[-75.54459,5.40162],[-75.5446,5.40161],[-75.54463,5.40162],[-75.54463,5.40162],[-75.54464,5.40162],[-75.54465,5.40162],[-75.54465,5.40162],[-75.54466,5.40162],[-75.54466,5.40161],[-75.54467,5.40161],[-75.54468,5.40161],[-75.54469,5.40161],[-75.54469,5.40161],[-75.54469,5.40161],[-75.5447,5.40161],[-75.5447,5.40161],[-75.5447,5.4016],[-75.54471,5.4016],[-75.54472,5.4016],[-75.54472,5.4016],[-75.54472,5.40161],[-75.54473,5.40161],[-75.54473,5.4016],[-75.54474,5.4016],[-75.54474,5.4016],[-75.54475,5.4016],[-75.54475,5.4016],[-75.54475,5.4016],[-75.54476,5.40159],[-75.54476,5.40159],[-75.54476,5.40158],[-75.54476,5.40158],[-75.54476,5.40157],[-75.54476,5.40157],[-75.54476,5.40157],[-75.54476,5.40156],[-75.54476,5.40156],[-75.54476,5.40155],[-75.54475,5.40155],[-75.54475,5.40155],[-75.54475,5.40155],[-75.54474,5.40155],[-75.54474,5.40155],[-75.54473,5.40155],[-75.54473,5.40155],[-75.54472,5.40155],[-75.54471,5.40155],[-75.54471,5.40154],[-75.54471,5.40154],[-75.5447,5.40154],[-75.54469,5.40155],[-75.54469,5.40155],[-75.54469,5.40155],[-75.54468,5.40155],[-75.54468,5.40155],[-75.54468,5.40155],[-75.54467,5.40155],[-75.54466,5.40155],[-75.54466,5.40155],[-75.54466,5.40156],[-75.54465,5.40156],[-75.54464,5.40156],[-75.54463,5.40156],[-75.5446,5.40156],[-75.5446,5.40156],[-75.54459,5.40156],[-75.54459,5.40156],[-75.54458,5.40156],[-75.54458,5.40156],[-75.54457,5.40157],[-75.54457,5.40157],[-75.54457,5.40157],[-75.54456,5.40157],[-75.54455,5.40157],[-75.54454,5.40157],[-75.54454,5.40157],[-75.54453,5.40157],[-75.5445,5.40159],[-75.54449,5.40159],[-75.54448,5.40159],[-75.54443,5.40158],[-75.54443,5.40158],[-75.54443,5.40158],[-75.54441,5.40158],[-75.54441,5.40158],[-75.54441,5.40158],[-75.54439,5.40158],[-75.54439,5.40158],[-75.54439,5.40158],[-75.54437,5.40158],[-75.54437,5.40159],[-75.54437,5.40159],[-75.54436,5.40159],[-75.54434,5.40161],[-75.54434,5.40161],[-75.54433,5.40161],[-75.54432,5.4016],[-75.54432,5.4016],[-75.54432,5.4016],[-75.54431,5.4016],[-75.5443,5.40159],[-75.5443,5.40159],[-75.54429,5.40159],[-75.54427,5.40159],[-75.54426,5.40158],[-75.54426,5.40158],[-75.54426,5.40158],[-75.54425,5.40157],[-75.54425,5.40157],[-75.54424,5.40157],[-75.54424,5.40157],[-75.54423,5.40156],[-75.54421,5.40156],[-75.54421,5.40156],[-75.54421,5.40156],[-75.5442,5.40155],[-75.5442,5.40155],[-75.54419,5.40155],[-75.54418,5.40156],[-75.54416,5.40155],[-75.54416,5.40155],[-75.54416,5.40154],[-75.54415,5.40154],[-75.54414,5.40154],[-75.54414,5.40154],[-75.54414,5.40154],[-75.54411,5.40154],[-75.54411,5.40154],[-75.5441,5.40154],[-75.54408,5.40151],[-75.54408,5.4015],[-75.54407,5.4015],[-75.54407,5.4015],[-75.54406,5.40149],[-75.54406,5.40149],[-75.54405,5.40149],[-75.54405,5.40149],[-75.54404,5.40149],[-75.54403,5.40149],[-75.54403,5.40149],[-75.54402,5.40148],[-75.54401,5.40148],[-75.54401,5.40147],[-75.54399,5.40147],[-75.54399,5.40147],[-75.54397,5.40145],[-75.54397,5.40145],[-75.54397,5.40145],[-75.54396,5.40145],[-75.54395,5.40144],[-75.54395,5.40144],[-75.54394,5.40144],[-75.54393,5.40144],[-75.54393,5.40144],[-75.54392,5.40144],[-75.54388,5.40145],[-75.54387,5.40145],[-75.54386,5.40145],[-75.54386,5.40144],[-75.54386,5.40144],[-75.54386,5.40144],[-75.54385,5.40144],[-75.54385,5.40144],[-75.54384,5.40143],[-75.54384,5.40143],[-75.54384,5.40143],[-75.54383,5.40142],[-75.54383,5.40142],[-75.54382,5.40142],[-75.54382,5.40141],[-75.54381,5.40141],[-75.54381,5.40141],[-75.54381,5.40141],[-75.54379,5.4014],[-75.54378,5.40139],[-75.54377,5.40139],[-75.54377,5.40139],[-75.54377,5.40139],[-75.54376,5.40138],[-75.54375,5.40138],[-75.54375,5.40138],[-75.54374,5.40138],[-75.54373,5.40139],[-75.54372,5.40138],[-75.54372,5.40138],[-75.54372,5.40138],[-75.54371,5.40138],[-75.54371,5.40138],[-75.5437,5.40138],[-75.54369,5.40137],[-75.54368,5.40137],[-75.54368,5.40137],[-75.54366,5.40136],[-75.54366,5.40136],[-75.54365,5.40136],[-75.54363,5.40136],[-75.54363,5.40136],[-75.54363,5.40136],[-75.54361,5.40136],[-75.54361,5.40136],[-75.5436,5.40136],[-75.54359,5.40137],[-75.54359,5.40137],[-75.54359,5.40137],[-75.54358,5.40137],[-75.54358,5.40137],[-75.54357,5.40137],[-75.54356,5.40137],[-75.54356,5.40137],[-75.54356,5.40137],[-75.54354,5.40137],[-75.54354,5.40137],[-75.54354,5.40137],[-75.54353,5.40137],[-75.54352,5.40137],[-75.54352,5.40138],[-75.54351,5.40138],[-75.54351,5.40138],[-75.54351,5.40139],[-75.54349,5.4014],[-75.54349,5.4014],[-75.54347,5.40141],[-75.54345,5.40141],[-75.54344,5.40141],[-75.54343,5.40141],[-75.54343,5.40141],[-75.54342,5.4014],[-75.54342,5.4014],[-75.54342,5.40139],[-75.5434,5.40139],[-75.5434,5.40138],[-75.54339,5.40138],[-75.54339,5.40138],[-75.54337,5.40138],[-75.54337,5.40138],[-75.54337,5.40138],[-75.54335,5.40138],[-75.54335,5.40138],[-75.54335,5.40138],[-75.5433,5.40139],[-75.54329,5.4014],[-75.54328,5.40139],[-75.54328,5.40139],[-75.54327,5.40139],[-75.54327,5.40139],[-75.54327,5.40138],[-75.54326,5.40138],[-75.54325,5.40138],[-75.54325,5.40138],[-75.54325,5.40138],[-75.54324,5.40138],[-75.54323,5.40138],[-75.54321,5.40137],[-75.5432,5.40137],[-75.5432,5.40137],[-75.5432,5.40137],[-75.54318,5.40137],[-75.54318,5.40137],[-75.54318,5.40137],[-75.54315,5.40137],[-75.54314,5.40137],[-75.54313,5.40136],[-75.54313,5.40136],[-75.54312,5.40136],[-75.54312,5.40136],[-75.54312,5.40136],[-75.54311,5.40136],[-75.54311,5.40136],[-75.5431,5.40135],[-75.5431,5.40135],[-75.5431,5.40135],[-75.54309,5.40135],[-75.54309,5.40134],[-75.54308,5.40134],[-75.54308,5.40135],[-75.54307,5.40135],[-75.54307,5.40135],[-75.54307,5.40135],[-75.54306,5.40136],[-75.54306,5.40136],[-75.54306,5.40137],[-75.54306,5.40137],[-75.54305,5.40138],[-75.54305,5.40138],[-75.54305,5.40138],[-75.54305,5.40139],[-75.54305,5.4014],[-75.54305,5.4014],[-75.54305,5.4014],[-75.54305,5.40141],[-75.54305,5.40141],[-75.54305,5.40142],[-75.54305,5.40142],[-75.54306,5.40143],[-75.54306,5.40143],[-75.54306,5.40143],[-75.54307,5.40143],[-75.54307,5.40143],[-75.54308,5.40143],[-75.54308,5.40143],[-75.54309,5.40143],[-75.54309,5.40143],[-75.54309,5.40143],[-75.5431,5.40143],[-75.5431,5.40143],[-75.54311,5.40143],[-75.54311,5.40142],[-75.54311,5.40142],[-75.54312,5.40142],[-75.54312,5.40142],[-75.54313,5.40142],[-75.54313,5.40142],[-75.54314,5.40142],[-75.54315,5.40142],[-75.54315,5.40142],[-75.54318,5.40142],[-75.54319,5.40142],[-75.54321,5.40143],[-75.54321,5.40143],[-75.54322,5.40144],[-75.54322,5.40144],[-75.54323,5.40144],[-75.54323,5.40144],[-75.54323,5.40144],[-75.54324,5.40143],[-75.54324,5.40144],[-75.54326,5.40144],[-75.54326,5.40144],[-75.54326,5.40145],[-75.54327,5.40145],[-75.54328,5.40145],[-75.54329,5.40145],[-75.54329,5.40145],[-75.54331,5.40145],[-75.54331,5.40145],[-75.54331,5.40145],[-75.54336,5.40144],[-75.54337,5.40144],[-75.54338,5.40144],[-75.54339,5.40144],[-75.54339,5.40145],[-75.54339,5.40145],[-75.5434,5.40145],[-75.5434,5.40145],[-75.54341,5.40145],[-75.54341,5.40146],[-75.54342,5.40146],[-75.54342,5.40146],[-75.54343,5.40146],[-75.54345,5.40147],[-75.54345,5.40147],[-75.54346,5.40147],[-75.54348,5.40146],[-75.54348,5.40146],[-75.54349,5.40146],[-75.54351,5.40145],[-75.54352,5.40145],[-75.54352,5.40145],[-75.54353,5.40144],[-75.54353,5.40144],[-75.54353,5.40144],[-75.54354,5.40143],[-75.54354,5.40142],[-75.54355,5.40142],[-75.54356,5.40142],[-75.54357,5.40142],[-75.54357,5.40142],[-75.54358,5.40143],[-75.54358,5.40143],[-75.54359,5.40143],[-75.54359,5.40143],[-75.5436,5.40143],[-75.5436,5.40143],[-75.54361,5.40143],[-75.54361,5.40143],[-75.54361,5.40142],[-75.54362,5.40142],[-75.54362,5.40142],[-75.54362,5.40141],[-75.54363,5.40141],[-75.54365,5.40141],[-75.54366,5.40142],[-75.54367,5.40143],[-75.54368,5.40143],[-75.54368,5.40143],[-75.54369,5.40143],[-75.54369,5.40143],[-75.54369,5.40143],[-75.5437,5.40143],[-75.5437,5.40143],[-75.5437,5.40144],[-75.5437,5.40144],[-75.54371,5.40144],[-75.54371,5.40144],[-75.54371,5.40144],[-75.54371,5.40144],[-75.54372,5.40144],[-75.54372,5.40144],[-75.54373,5.40144],[-75.54375,5.40144],[-75.54376,5.40145],[-75.54377,5.40145],[-75.54377,5.40145],[-75.54377,5.40146],[-75.54379,5.40146],[-75.5438,5.40147],[-75.5438,5.40148],[-75.5438,5.40148],[-75.54381,5.40148],[-75.54381,5.40148],[-75.54382,5.40149],[-75.54382,5.40149],[-75.54382,5.40149],[-75.54383,5.40149],[-75.54383,5.40149],[-75.54383,5.40149],[-75.54384,5.40149],[-75.54384,5.4015],[-75.54385,5.4015],[-75.54385,5.4015],[-75.54386,5.4015],[-75.54387,5.4015],[-75.54387,5.4015],[-75.54388,5.4015],[-75.54389,5.4015],[-75.54393,5.40149],[-75.54394,5.40149],[-75.54394,5.40149],[-75.54395,5.40151],[-75.54395,5.40151],[-75.54396,5.40151],[-75.54396,5.40152],[-75.54397,5.40152],[-75.54397,5.40152],[-75.54397,5.40152],[-75.54399,5.40153],[-75.54401,5.40154],[-75.54401,5.40154],[-75.54401,5.40154],[-75.54402,5.40154],[-75.54403,5.40154],[-75.54403,5.40154],[-75.54404,5.40154],[-75.54406,5.40157],[-75.54406,5.40157],[-75.54407,5.40158],[-75.54407,5.40158],[-75.54408,5.40158],[-75.54408,5.40158],[-75.54408,5.40159],[-75.54409,5.40159],[-75.54409,5.40159],[-75.5441,5.40159],[-75.54411,5.40159],[-75.54413,5.40159],[-75.54414,5.40159],[-75.54415,5.4016],[-75.54415,5.40161],[-75.54416,5.40161],[-75.54416,5.40161],[-75.54417,5.40161],[-75.54417,5.40161],[-75.54418,5.40161],[-75.5442,5.40161],[-75.5442,5.40161],[-75.54421,5.40161],[-75.54422,5.40162],[-75.54423,5.40163],[-75.54423,5.40163],[-75.54423,5.40163],[-75.54424,5.40164],[-75.54424,5.40164],[-75.54424,5.40164],[-75.54425,5.40164],[-75.54426,5.40165],[-75.54426,5.40165],[-75.54427,5.40165],[-75.54429,5.40165],[-75.54429,5.40165]]],[[[-75.55029,5.40333],[-75.55029,5.40333],[-75.55029,5.40333],[-75.5503,5.40334],[-75.5503,5.40335],[-75.55031,5.40335],[-75.55031,5.40335],[-75.55031,5.40335],[-75.55033,5.40337],[-75.55033,5.40338],[-75.55033,5.40338],[-75.55033,5.40339],[-75.55033,5.40339],[-75.55033,5.40339],[-75.55033,5.40339],[-75.55033,5.40339],[-75.55033,5.4034],[-75.55033,5.4034],[-75.55033,5.4034],[-75.55033,5.40341],[-75.55034,5.40341],[-75.55034,5.40341],[-75.55034,5.40341],[-75.55034,5.40341],[-75.55034,5.40341],[-75.55034,5.40341],[-75.55034,5.40342],[-75.55034,5.40342],[-75.55034,5.40342],[-75.55034,5.40342],[-75.55034,5.40342],[-75.55034,5.40342],[-75.55034,5.40342],[-75.55034,5.40342],[-75.55034,5.40342],[-75.55034,5.40343],[-75.55034,5.40343],[-75.55034,5.40343],[-75.55034,5.40343],[-75.55034,5.40343],[-75.55033,5.40343],[-75.55033,5.40344],[-75.55033,5.40344],[-75.55033,5.40344],[-75.55033,5.40344],[-75.55033,5.40344],[-75.55033,5.40344],[-75.55033,5.40345],[-75.55033,5.40345],[-75.55033,5.40345],[-75.55033,5.40345],[-75.55033,5.40345],[-75.55033,5.40346],[-75.55033,5.40346],[-75.55032,5.40347],[-75.55032,5.40347],[-75.55032,5.40347],[-75.55031,5.40348],[-75.55031,5.40348],[-75.55031,5.40348],[-75.55031,5.40348],[-75.55031,5.40349],[-75.55031,5.40349],[-75.55031,5.40349],[-75.5503,5.40349],[-75.5503,5.40349],[-75.5503,5.40349],[-75.5503,5.40349],[-75.5503,5.4035],[-75.5503,5.4035],[-75.5503,5.4035],[-75.5503,5.4035],[-75.5503,5.4035],[-75.5503,5.4035],[-75.5503,5.40351],[-75.5503,5.40351],[-75.5503,5.40352],[-75.5503,5.40352],[-75.5503,5.40352],[-75.55031,5.40352],[-75.55031,5.40352],[-75.55031,5.40352],[-75.55031,5.40353],[-75.55031,5.40353],[-75.55031,5.40353],[-75.55032,5.40354],[-75.55032,5.40354],[-75.55032,5.40354],[-75.55032,5.40354],[-75.55032,5.40354],[-75.55032,5.40354],[-75.55034,5.40355],[-75.55034,5.40355],[-75.55034,5.40355],[-75.55034,5.40355],[-75.55034,5.40355],[-75.55036,5.40356],[-75.55036,5.40356],[-75.55036,5.40356],[-75.55036,5.40356],[-75.55036,5.40356],[-75.55037,5.40356],[-75.55037,5.40356],[-75.55037,5.40356],[-75.55037,5.40356],[-75.55037,5.40356],[-75.55037,5.40356],[-75.55038,5.40356],[-75.55038,5.40356],[-75.55038,5.40356],[-75.55038,5.40356],[-75.55038,5.40356],[-75.55038,5.40356],[-75.55039,5.40356],[-75.55039,5.40356],[-75.55039,5.40356],[-75.55039,5.40355],[-75.55039,5.40355],[-75.55039,5.40355],[-75.55039,5.40355],[-75.55039,5.40355],[-75.55039,5.40355],[-75.5504,5.40355],[-75.5504,5.40354],[-75.5504,5.40354],[-75.5504,5.40354],[-75.5504,5.40354],[-75.5504,5.40354],[-75.5504,5.40354],[-75.5504,5.40353],[-75.5504,5.40353],[-75.5504,5.40353],[-75.5504,5.40353],[-75.55039,5.40353],[-75.55039,5.40352],[-75.55039,5.40352],[-75.55039,5.40352],[-75.55039,5.40352],[-75.55039,5.40352],[-75.55039,5.40352],[-75.55039,5.40352],[-75.55039,5.40352],[-75.55038,5.40351],[-75.55038,5.40351],[-75.55038,5.40351],[-75.55038,5.40351],[-75.55036,5.4035],[-75.55037,5.4035],[-75.55037,5.4035],[-75.55037,5.4035],[-75.55037,5.4035],[-75.55037,5.4035],[-75.55037,5.4035],[-75.55037,5.4035],[-75.55037,5.4035],[-75.55038,5.40349],[-75.55038,5.40349],[-75.55038,5.40349],[-75.55038,5.40348],[-75.55038,5.40348],[-75.55038,5.40348],[-75.55038,5.40348],[-75.55038,5.40348],[-75.55038,5.40348],[-75.55038,5.40347],[-75.55038,5.40346],[-75.55038,5.40346],[-75.55039,5.40346],[-75.55039,5.40346],[-75.55039,5.40346],[-75.55039,5.40346],[-75.55039,5.40346],[-75.55039,5.40346],[-75.55039,5.40345],[-75.55039,5.40345],[-75.55039,5.40345],[-75.55039,5.40345],[-75.5504,5.40345],[-75.5504,5.40344],[-75.5504,5.40344],[-75.5504,5.40344],[-75.5504,5.40344],[-75.5504,5.40344],[-75.5504,5.40343],[-75.5504,5.40342],[-75.55041,5.40342],[-75.55041,5.40342],[-75.55042,5.40341],[-75.55042,5.4034],[-75.55042,5.4034],[-75.55042,5.40339],[-75.55042,5.40339],[-75.55042,5.40339],[-75.55042,5.40338],[-75.55042,5.40337],[-75.55042,5.40337],[-75.55042,5.40336],[-75.55042,5.40336],[-75.55043,5.40336],[-75.55043,5.40335],[-75.55043,5.40335],[-75.55043,5.40334],[-75.55043,5.40334],[-75.55042,5.40331],[-75.55042,5.40331],[-75.55043,5.40331],[-75.55043,5.4033],[-75.55043,5.40329],[-75.55043,5.40329],[-75.55044,5.40329],[-75.55044,5.40328],[-75.55044,5.40327],[-75.55044,5.40327],[-75.55044,5.40327],[-75.55044,5.40325],[-75.55044,5.40325],[-75.55044,5.40325],[-75.55043,5.40321],[-75.55043,5.40321],[-75.55043,5.4032],[-75.55043,5.4032],[-75.55044,5.4032],[-75.55044,5.40319],[-75.55044,5.40319],[-75.55044,5.40319],[-75.55044,5.40318],[-75.55044,5.40317],[-75.55044,5.40317],[-75.55044,5.40316],[-75.55044,5.40315],[-75.55044,5.40315],[-75.55044,5.40315],[-75.55044,5.40315],[-75.55044,5.40314],[-75.55044,5.40313],[-75.55044,5.40313],[-75.55043,5.40312],[-75.55043,5.40312],[-75.55043,5.40311],[-75.55042,5.40311],[-75.55042,5.40311],[-75.55041,5.4031],[-75.55042,5.40307],[-75.55042,5.40306],[-75.55042,5.40306],[-75.55042,5.40305],[-75.55042,5.40305],[-75.55041,5.40304],[-75.55041,5.40304],[-75.55041,5.40303],[-75.55041,5.40303],[-75.5504,5.40303],[-75.55039,5.40302],[-75.55039,5.40301],[-75.55038,5.403],[-75.55038,5.403],[-75.55038,5.403],[-75.55038,5.40299],[-75.55037,5.40299],[-75.55038,5.40299],[-75.55038,5.40298],[-75.55038,5.40298],[-75.55038,5.40297],[-75.55038,5.40297],[-75.55038,5.40297],[-75.55038,5.40296],[-75.55038,5.40296],[-75.55039,5.40295],[-75.55039,5.40295],[-75.5504,5.40295],[-75.5504,5.40294],[-75.5504,5.40293],[-75.5504,5.40293],[-75.5504,5.40293],[-75.5504,5.40292],[-75.5504,5.40291],[-75.5504,5.40291],[-75.5504,5.4029],[-75.55039,5.40286],[-75.55039,5.40285],[-75.55039,5.40285],[-75.55039,5.40284],[-75.5504,5.40284],[-75.5504,5.40284],[-75.5504,5.40284],[-75.5504,5.40283],[-75.55041,5.40282],[-75.55041,5.40282],[-75.55041,5.40282],[-75.55041,5.40281],[-75.55041,5.4028],[-75.55042,5.40278],[-75.55042,5.40278],[-75.55042,5.40277],[-75.55042,5.40276],[-75.55043,5.40276],[-75.55043,5.40276],[-75.55043,5.40276],[-75.55043,5.40275],[-75.55043,5.40275],[-75.55043,5.40275],[-75.55043,5.40274],[-75.55044,5.40274],[-75.55044,5.40273],[-75.55044,5.40273],[-75.55045,5.40273],[-75.55045,5.40272],[-75.55045,5.40272],[-75.55045,5.4027],[-75.55046,5.40269],[-75.55047,5.40269],[-75.55047,5.40269],[-75.55047,5.40268],[-75.55047,5.40268],[-75.55047,5.40267],[-75.55047,5.40267],[-75.55047,5.40266],[-75.55047,5.40266],[-75.55048,5.40265],[-75.55048,5.40265],[-75.55048,5.40265],[-75.55048,5.40265],[-75.55049,5.40264],[-75.55049,5.40264],[-75.55049,5.40264],[-75.55049,5.40263],[-75.55049,5.40263],[-75.55049,5.40261],[-75.55049,5.40261],[-75.55049,5.40261],[-75.55049,5.4026],[-75.55048,5.4026],[-75.55048,5.40259],[-75.55048,5.40259],[-75.55047,5.40259],[-75.55047,5.40259],[-75.55046,5.40259],[-75.55046,5.40259],[-75.55045,5.40259],[-75.55045,5.40259],[-75.55045,5.40259],[-75.55044,5.4026],[-75.55044,5.4026],[-75.55044,5.4026],[-75.55044,5.40261],[-75.55044,5.40261],[-75.55044,5.40261],[-75.55044,5.40262],[-75.55043,5.40262],[-75.55043,5.40262],[-75.55043,5.40263],[-75.55042,5.40263],[-75.55042,5.40263],[-75.55042,5.40264],[-75.55042,5.40264],[-75.55042,5.40265],[-75.55042,5.40265],[-75.55042,5.40266],[-75.55042,5.40266],[-75.55041,5.40267],[-75.5504,5.40268],[-75.5504,5.40268],[-75.5504,5.40268],[-75.5504,5.40269],[-75.5504,5.4027],[-75.55039,5.4027],[-75.55039,5.40271],[-75.55039,5.40271],[-75.55039,5.40271],[-75.55038,5.40272],[-75.55038,5.40272],[-75.55038,5.40273],[-75.55038,5.40273],[-75.55038,5.40273],[-75.55038,5.40273],[-75.55037,5.40274],[-75.55037,5.40274],[-75.55037,5.40275],[-75.55037,5.40275],[-75.55037,5.40275],[-75.55036,5.40277],[-75.55036,5.40278],[-75.55036,5.40278],[-75.55035,5.40278],[-75.55035,5.40279],[-75.55035,5.40279],[-75.55035,5.40281],[-75.55035,5.40281],[-75.55035,5.40281],[-75.55034,5.40282],[-75.55034,5.40283],[-75.55034,5.40283],[-75.55034,5.40283],[-75.55034,5.40284],[-75.55034,5.40285],[-75.55034,5.40285],[-75.55034,5.40287],[-75.55034,5.40287],[-75.55034,5.40287],[-75.55035,5.40291],[-75.55035,5.40291],[-75.55034,5.40292],[-75.55034,5.40293],[-75.55034,5.40293],[-75.55033,5.40293],[-75.55033,5.40294],[-75.55033,5.40294],[-75.55033,5.40295],[-75.55033,5.40295],[-75.55033,5.40295],[-75.55033,5.40296],[-75.55033,5.40296],[-75.55033,5.40296],[-75.55033,5.40296],[-75.55032,5.40297],[-75.55032,5.40297],[-75.55032,5.40298],[-75.55032,5.40299],[-75.55032,5.40299],[-75.55032,5.40299],[-75.55032,5.403],[-75.55032,5.403],[-75.55032,5.40301],[-75.55033,5.40301],[-75.55033,5.40302],[-75.55033,5.40302],[-75.55033,5.40302],[-75.55033,5.40303],[-75.55034,5.40304],[-75.55034,5.40304],[-75.55034,5.40305],[-75.55034,5.40305],[-75.55035,5.40305],[-75.55035,5.40306],[-75.55035,5.40306],[-75.55036,5.40306],[-75.55036,5.40309],[-75.55036,5.4031],[-75.55036,5.4031],[-75.55036,5.40311],[-75.55036,5.40311],[-75.55036,5.40311],[-75.55036,5.40312],[-75.55036,5.40313],[-75.55037,5.40313],[-75.55037,5.40314],[-75.55037,5.40314],[-75.55037,5.40314],[-75.55038,5.40314],[-75.55038,5.40315],[-75.55038,5.40315],[-75.55038,5.40316],[-75.55038,5.40316],[-75.55038,5.40316],[-75.55038,5.40317],[-75.55039,5.40317],[-75.55038,5.40317],[-75.55038,5.40318],[-75.55038,5.40319],[-75.55037,5.40319],[-75.55037,5.40319],[-75.55037,5.4032],[-75.55037,5.40321],[-75.55037,5.40321],[-75.55037,5.40322],[-75.55038,5.40326],[-75.55038,5.40327],[-75.55038,5.40327],[-75.55038,5.40327],[-75.55038,5.40327],[-75.55038,5.40328],[-75.55038,5.40328],[-75.55037,5.40328],[-75.55037,5.40329],[-75.55037,5.40329],[-75.55037,5.4033],[-75.55037,5.4033],[-75.55037,5.40331],[-75.55037,5.40333],[-75.55037,5.40333],[-75.55037,5.40333],[-75.55037,5.40333],[-75.55034,5.40331],[-75.55034,5.4033],[-75.55034,5.40329],[-75.55034,5.40329],[-75.55034,5.40329],[-75.55033,5.40328],[-75.55033,5.40328],[-75.55033,5.40328],[-75.55033,5.40328],[-75.55033,5.40327],[-75.55033,5.40327],[-75.55033,5.40327],[-75.55033,5.40327],[-75.55032,5.40327],[-75.55032,5.40327],[-75.55032,5.40327],[-75.55032,5.40327],[-75.55032,5.40327],[-75.55032,5.40326],[-75.55032,5.40326],[-75.55032,5.40326],[-75.55031,5.40326],[-75.55031,5.40326],[-75.55031,5.40326],[-75.55031,5.40326],[-75.5503,5.40326],[-75.55029,5.40326],[-75.55029,5.40326],[-75.55028,5.40325],[-75.55028,5.40325],[-75.55028,5.40325],[-75.55028,5.40325],[-75.55028,5.40324],[-75.55028,5.40324],[-75.55028,5.40324],[-75.55028,5.40324],[-75.55028,5.40323],[-75.55028,5.40323],[-75.55028,5.40323],[-75.55028,5.40323],[-75.55028,5.40323],[-75.55028,5.40322],[-75.55027,5.40322],[-75.55027,5.40322],[-75.55027,5.40322],[-75.55027,5.40321],[-75.55027,5.40321],[-75.55026,5.40321],[-75.55026,5.40321],[-75.55026,5.40321],[-75.55026,5.40321],[-75.55026,5.40321],[-75.55023,5.40319],[-75.55022,5.40319],[-75.55022,5.40318],[-75.55022,5.40318],[-75.55022,5.40318],[-75.55022,5.40318],[-75.55022,5.40317],[-75.55022,5.40317],[-75.55022,5.40317],[-75.55022,5.40317],[-75.55022,5.40317],[-75.55022,5.40316],[-75.55022,5.40316],[-75.55022,5.40316],[-75.55022,5.40316],[-75.55022,5.40315],[-75.55021,5.40315],[-75.55021,5.40315],[-75.5502,5.40314],[-75.5502,5.40314],[-75.5502,5.40314],[-75.5502,5.40314],[-75.5502,5.40313],[-75.5502,5.40313],[-75.55018,5.40312],[-75.55018,5.40312],[-75.55018,5.40312],[-75.55014,5.4031],[-75.55013,5.40309],[-75.55013,5.40308],[-75.55012,5.40308],[-75.55012,5.40307],[-75.55012,5.40307],[-75.55012,5.40307],[-75.55012,5.40307],[-75.55012,5.40306],[-75.55012,5.40306],[-75.55012,5.40306],[-75.55012,5.40306],[-75.55012,5.40306],[-75.55012,5.40306],[-75.55012,5.40306],[-75.55012,5.40305],[-75.55012,5.40305],[-75.55012,5.40305],[-75.55012,5.40305],[-75.55012,5.40305],[-75.55011,5.40305],[-75.55011,5.40305],[-75.55011,5.40304],[-75.55011,5.40304],[-75.55011,5.40302],[-75.55011,5.40302],[-75.55011,5.40302],[-75.55011,5.40302],[-75.55011,5.40302],[-75.55011,5.40302],[-75.55011,5.40301],[-75.55011,5.40301],[-75.55011,5.403],[-75.55011,5.403],[-75.55011,5.403],[-75.55011,5.403],[-75.55011,5.403],[-75.5501,5.40298],[-75.5501,5.40298],[-75.5501,5.40298],[-75.5501,5.40298],[-75.5501,5.40298],[-75.55009,5.40297],[-75.55009,5.40297],[-75.5501,5.40295],[-75.5501,5.40295],[-75.55011,5.40294],[-75.55011,5.40294],[-75.55011,5.40293],[-75.55011,5.40293],[-75.55011,5.40292],[-75.55011,5.40291],[-75.55011,5.40291],[-75.55011,5.4029],[-75.55012,5.4029],[-75.55012,5.40288],[-75.55013,5.40288],[-75.55013,5.40287],[-75.55013,5.40286],[-75.55013,5.40285],[-75.55013,5.40285],[-75.55013,5.40282],[-75.55013,5.40282],[-75.55013,5.40282],[-75.55012,5.40279],[-75.55012,5.40279],[-75.55011,5.40277],[-75.55011,5.40277],[-75.55011,5.40277],[-75.55011,5.40276],[-75.55011,5.40276],[-75.5501,5.40276],[-75.5501,5.40274],[-75.55009,5.40274],[-75.55004,5.4027],[-75.55004,5.40269],[-75.55003,5.40269],[-75.55003,5.40268],[-75.55003,5.40267],[-75.55004,5.40263],[-75.55004,5.40263],[-75.55004,5.40261],[-75.55004,5.40261],[-75.55004,5.40261],[-75.55004,5.40259],[-75.55004,5.40259],[-75.55004,5.40259],[-75.55003,5.40257],[-75.55003,5.40257],[-75.55003,5.40257],[-75.55002,5.40256],[-75.55002,5.40255],[-75.54999,5.40254],[-75.54999,5.40253],[-75.54999,5.40253],[-75.55,5.4025],[-75.55,5.40249],[-75.55,5.40249],[-75.55,5.40248],[-75.55,5.40248],[-75.54999,5.40247],[-75.54999,5.40247],[-75.54999,5.40246],[-75.54999,5.40246],[-75.54999,5.40246],[-75.54999,5.40245],[-75.54999,5.40245],[-75.54999,5.40244],[-75.54999,5.40244],[-75.54999,5.40244],[-75.54998,5.40243],[-75.54998,5.40243],[-75.54997,5.40242],[-75.54997,5.40241],[-75.54997,5.40241],[-75.54997,5.40241],[-75.54997,5.4024],[-75.54996,5.4024],[-75.54996,5.4024],[-75.54996,5.40239],[-75.54995,5.40239],[-75.54995,5.40239],[-75.54994,5.40239],[-75.54994,5.40239],[-75.54993,5.40239],[-75.54993,5.40239],[-75.54993,5.4024],[-75.54992,5.4024],[-75.54992,5.4024],[-75.54992,5.40241],[-75.54992,5.40241],[-75.54992,5.40242],[-75.54992,5.40242],[-75.54992,5.40243],[-75.54992,5.40243],[-75.54992,5.40244],[-75.54992,5.40245],[-75.54992,5.40245],[-75.54993,5.40245],[-75.54993,5.40245],[-75.54993,5.40246],[-75.54993,5.40246],[-75.54993,5.40247],[-75.54993,5.40247],[-75.54993,5.40247],[-75.54994,5.40248],[-75.54994,5.40248],[-75.54994,5.40249],[-75.54994,5.40249],[-75.54994,5.40249],[-75.54994,5.40252],[-75.54994,5.40253],[-75.54994,5.40254],[-75.54994,5.40254],[-75.54994,5.40254],[-75.54994,5.40255],[-75.54994,5.40255],[-75.54994,5.40256],[-75.54994,5.40256],[-75.54995,5.40257],[-75.54995,5.40257],[-75.54996,5.40257],[-75.54998,5.40259],[-75.54998,5.4026],[-75.54998,5.4026],[-75.54999,5.40261],[-75.54998,5.40262],[-75.54998,5.40267],[-75.54998,5.40267],[-75.54998,5.40269],[-75.54998,5.40269],[-75.54998,5.40269],[-75.54998,5.4027],[-75.54998,5.40271],[-75.54998,5.40271],[-75.54999,5.40272],[-75.54999,5.40272],[-75.54999,5.40273],[-75.55,5.40274],[-75.55001,5.40274],[-75.55005,5.40278],[-75.55006,5.40279],[-75.55006,5.40279],[-75.55007,5.4028],[-75.55007,5.40283],[-75.55008,5.40285],[-75.55007,5.40286],[-75.55007,5.40287],[-75.55006,5.40288],[-75.55006,5.40288],[-75.55006,5.40289],[-75.55005,5.40289],[-75.55005,5.40289],[-75.55005,5.4029],[-75.55005,5.40291],[-75.55005,5.40291],[-75.55005,5.40291],[-75.55005,5.40293],[-75.55005,5.40293],[-75.55004,5.40293],[-75.55004,5.40293],[-75.55004,5.40292],[-75.55003,5.40292],[-75.55002,5.40292],[-75.55002,5.40292],[-75.55,5.40292],[-75.55,5.40292],[-75.55,5.40292],[-75.54995,5.40293],[-75.54994,5.40293],[-75.54993,5.40293],[-75.54993,5.40293],[-75.54992,5.40291],[-75.54991,5.40291],[-75.54991,5.40291],[-75.54991,5.40291],[-75.5499,5.4029],[-75.5499,5.4029],[-75.5499,5.4029],[-75.54988,5.4029],[-75.54988,5.4029],[-75.54988,5.4029],[-75.54988,5.4029],[-75.54985,5.4029],[-75.54985,5.4029],[-75.54983,5.40289],[-75.54983,5.40288],[-75.54983,5.40288],[-75.54983,5.40288],[-75.54982,5.40287],[-75.54981,5.40287],[-75.54981,5.40287],[-75.54981,5.40287],[-75.5498,5.40287],[-75.54979,5.40287],[-75.54979,5.40287],[-75.54978,5.40287],[-75.54977,5.40286],[-75.54977,5.40285],[-75.54976,5.40283],[-75.54976,5.40283],[-75.54976,5.40282],[-75.54976,5.40282],[-75.54976,5.40282],[-75.54976,5.40281],[-75.54975,5.40281],[-75.54975,5.4028],[-75.54975,5.4028],[-75.54974,5.4028],[-75.54974,5.40279],[-75.54974,5.40279],[-75.54974,5.40278],[-75.54973,5.40278],[-75.54973,5.40278],[-75.54973,5.40277],[-75.54973,5.40277],[-75.54973,5.40277],[-75.54973,5.40276],[-75.54973,5.40276],[-75.54972,5.40275],[-75.54972,5.40275],[-75.54972,5.40275],[-75.54972,5.40274],[-75.54971,5.40273],[-75.54971,5.40272],[-75.54971,5.40272],[-75.54971,5.40271],[-75.54971,5.40271],[-75.54971,5.4027],[-75.54971,5.4027],[-75.5497,5.4027],[-75.5497,5.40269],[-75.5497,5.40269],[-75.54969,5.40269],[-75.54969,5.40268],[-75.54969,5.40268],[-75.54968,5.40268],[-75.54968,5.40267],[-75.54968,5.40266],[-75.54968,5.40266],[-75.54968,5.40265],[-75.54968,5.40265],[-75.54967,5.40264],[-75.54967,5.40264],[-75.54966,5.40263],[-75.54966,5.40262],[-75.54966,5.40261],[-75.54966,5.40261],[-75.54966,5.40261],[-75.54965,5.4026],[-75.54965,5.4026],[-75.54965,5.40259],[-75.54965,5.40259],[-75.54964,5.40258],[-75.54964,5.40258],[-75.54964,5.40257],[-75.54964,5.40257],[-75.54964,5.40256],[-75.54965,5.40256],[-75.54965,5.40255],[-75.54966,5.40255],[-75.54968,5.40254],[-75.54968,5.40254],[-75.54968,5.40254],[-75.54969,5.40254],[-75.54969,5.40254],[-75.5497,5.40253],[-75.5497,5.40253],[-75.5497,5.40253],[-75.5497,5.40252],[-75.5497,5.40252],[-75.5497,5.40252],[-75.5497,5.40251],[-75.5497,5.40251],[-75.54973,5.40249],[-75.54973,5.40249],[-75.54973,5.40249],[-75.54974,5.40248],[-75.54975,5.40247],[-75.54975,5.40247],[-75.54975,5.40247],[-75.54975,5.40245],[-75.54975,5.40245],[-75.54975,5.40244],[-75.54976,5.40243],[-75.54976,5.40242],[-75.54976,5.40242],[-75.54975,5.4024],[-75.54975,5.4024],[-75.54975,5.4024],[-75.54975,5.40238],[-75.54975,5.40238],[-75.54975,5.40238],[-75.54975,5.40237],[-75.54975,5.40237],[-75.54975,5.40236],[-75.54975,5.40236],[-75.54975,5.40235],[-75.54975,5.40235],[-75.54975,5.40235],[-75.54975,5.40234],[-75.54975,5.40234],[-75.54975,5.40234],[-75.54976,5.40233],[-75.54976,5.40232],[-75.54976,5.40231],[-75.54976,5.40231],[-75.54976,5.4023],[-75.54976,5.40229],[-75.54976,5.40229],[-75.54975,5.40224],[-75.54975,5.40222],[-75.54975,5.40222],[-75.54975,5.40222],[-75.54977,5.4022],[-75.54977,5.40219],[-75.54978,5.40219],[-75.54978,5.40219],[-75.54978,5.40218],[-75.54978,5.40217],[-75.54978,5.40217],[-75.54978,5.40217],[-75.54978,5.40214],[-75.54979,5.40213],[-75.54979,5.40213],[-75.5498,5.40213],[-75.5498,5.40212],[-75.5498,5.40212],[-75.5498,5.40211],[-75.5498,5.40211],[-75.5498,5.40211],[-75.5498,5.4021],[-75.5498,5.4021],[-75.5498,5.4021],[-75.5498,5.40209],[-75.5498,5.40209],[-75.54981,5.40208],[-75.54981,5.40208],[-75.5498,5.40207],[-75.5498,5.40205],[-75.5498,5.40205],[-75.54981,5.40204],[-75.54981,5.40204],[-75.54981,5.40203],[-75.54981,5.40203],[-75.54982,5.40202],[-75.54982,5.40202],[-75.54982,5.40202],[-75.54982,5.40201],[-75.54983,5.402],[-75.54983,5.402],[-75.54984,5.402],[-75.54985,5.402],[-75.54987,5.402],[-75.54988,5.402],[-75.54989,5.402],[-75.5499,5.402],[-75.5499,5.402],[-75.54992,5.402],[-75.54992,5.402],[-75.54992,5.40199],[-75.54994,5.40199],[-75.54994,5.40199],[-75.54994,5.40199],[-75.54994,5.40199],[-75.54994,5.40199],[-75.54994,5.40198],[-75.54994,5.40198],[-75.54995,5.40197],[-75.54996,5.40197],[-75.54997,5.40196],[-75.54997,5.40196],[-75.54999,5.40194],[-75.54999,5.40194],[-75.55,5.40193],[-75.55,5.40193],[-75.55,5.40192],[-75.55,5.40191],[-75.55001,5.40191],[-75.55001,5.4019],[-75.55001,5.40189],[-75.55001,5.40188],[-75.55001,5.40188],[-75.55003,5.40186],[-75.55003,5.40186],[-75.55003,5.40185],[-75.55003,5.40185],[-75.55004,5.40184],[-75.55004,5.40184],[-75.55004,5.40183],[-75.55004,5.40183],[-75.55004,5.40182],[-75.55004,5.40182],[-75.55004,5.40181],[-75.55005,5.40181],[-75.55005,5.4018],[-75.55006,5.4018],[-75.55006,5.40179],[-75.55007,5.40179],[-75.55007,5.40179],[-75.55008,5.40179],[-75.55009,5.40179],[-75.55009,5.40179],[-75.55009,5.40179],[-75.55017,5.40175],[-75.55017,5.40175],[-75.55017,5.40175],[-75.55018,5.40174],[-75.55018,5.40174],[-75.55018,5.40174],[-75.55018,5.40173],[-75.55019,5.40171],[-75.55027,5.40165],[-75.55043,5.40159],[-75.55055,5.40159],[-75.55056,5.40159],[-75.55056,5.40159],[-75.55057,5.40159],[-75.55057,5.40159],[-75.55057,5.40159],[-75.55058,5.40158],[-75.55058,5.40158],[-75.55058,5.40157],[-75.55058,5.40157],[-75.55058,5.40156],[-75.55058,5.40156],[-75.55058,5.40155],[-75.55057,5.40155],[-75.55057,5.40155],[-75.55057,5.40154],[-75.55056,5.40154],[-75.55056,5.40154],[-75.55055,5.40154],[-75.55043,5.40154],[-75.55043,5.40154],[-75.55042,5.40154],[-75.55042,5.40154],[-75.55025,5.4016],[-75.55024,5.40161],[-75.55024,5.40161],[-75.55015,5.40167],[-75.55014,5.40167],[-75.55014,5.40168],[-75.55014,5.40168],[-75.55014,5.40169],[-75.55014,5.40169],[-75.55013,5.40171],[-75.55007,5.40173],[-75.55007,5.40173],[-75.55007,5.40173],[-75.55006,5.40174],[-75.55005,5.40174],[-75.55005,5.40174],[-75.55004,5.40174],[-75.55004,5.40174],[-75.55004,5.40174],[-75.55003,5.40175],[-75.55003,5.40175],[-75.55002,5.40176],[-75.55001,5.40176],[-75.55001,5.40177],[-75.55,5.40178],[-75.55,5.40179],[-75.55,5.40179],[-75.54999,5.40179],[-75.54999,5.4018],[-75.54999,5.4018],[-75.54999,5.40181],[-75.54999,5.40182],[-75.54999,5.40182],[-75.54999,5.40182],[-75.54997,5.40184],[-75.54997,5.40184],[-75.54997,5.40184],[-75.54996,5.40185],[-75.54996,5.40185],[-75.54996,5.40186],[-75.54996,5.40186],[-75.54996,5.40187],[-75.54996,5.40187],[-75.54996,5.40188],[-75.54995,5.40189],[-75.54995,5.4019],[-75.54994,5.40191],[-75.54993,5.40192],[-75.54993,5.40192],[-75.54992,5.40191],[-75.5499,5.40187],[-75.54989,5.40181],[-75.54989,5.40181],[-75.54989,5.40181],[-75.54988,5.40177],[-75.54988,5.40173],[-75.54988,5.40166],[-75.54988,5.40166],[-75.54987,5.4016],[-75.54987,5.4016],[-75.54987,5.4016],[-75.54985,5.40154],[-75.54983,5.40147],[-75.54983,5.40147],[-75.54983,5.40146],[-75.54978,5.40138],[-75.54977,5.4013],[-75.54977,5.4013],[-75.54977,5.4013],[-75.54975,5.40126],[-75.54978,5.40123],[-75.54994,5.40108],[-75.55008,5.40095],[-75.55021,5.40088],[-75.55021,5.40088],[-75.55022,5.40088],[-75.55022,5.40087],[-75.55022,5.40087],[-75.55022,5.40086],[-75.55022,5.40086],[-75.55022,5.40086],[-75.55022,5.40085],[-75.55022,5.40085],[-75.55022,5.40084],[-75.55021,5.40084],[-75.55021,5.40084],[-75.55021,5.40083],[-75.5502,5.40083],[-75.5502,5.40083],[-75.55019,5.40083],[-75.55019,5.40083],[-75.55019,5.40083],[-75.55018,5.40083],[-75.55005,5.40091],[-75.55005,5.40091],[-75.55004,5.40091],[-75.5499,5.40104],[-75.54975,5.40119],[-75.54974,5.40119],[-75.5497,5.40124],[-75.5497,5.40124],[-75.5497,5.40125],[-75.5497,5.40125],[-75.5497,5.40125],[-75.5497,5.40126],[-75.5497,5.40126],[-75.5497,5.40127],[-75.54972,5.40131],[-75.54973,5.4014],[-75.54973,5.4014],[-75.54973,5.4014],[-75.54973,5.4014],[-75.54973,5.4014],[-75.54973,5.4014],[-75.54973,5.4014],[-75.54973,5.4014],[-75.54973,5.4014],[-75.54973,5.40141],[-75.54973,5.40141],[-75.54978,5.40149],[-75.5498,5.40155],[-75.5498,5.40156],[-75.54982,5.40161],[-75.54982,5.40167],[-75.54982,5.40173],[-75.54982,5.40177],[-75.54982,5.40178],[-75.54983,5.40178],[-75.54984,5.40182],[-75.54985,5.40188],[-75.54985,5.40189],[-75.54985,5.40189],[-75.54987,5.40194],[-75.54987,5.40194],[-75.54988,5.40194],[-75.54988,5.40195],[-75.54985,5.40194],[-75.54985,5.40194],[-75.54984,5.40194],[-75.54983,5.40194],[-75.54983,5.40194],[-75.54982,5.40195],[-75.54981,5.40195],[-75.54981,5.40195],[-75.5498,5.40195],[-75.54979,5.40196],[-75.54979,5.40196],[-75.54979,5.40197],[-75.54978,5.40198],[-75.54978,5.40198],[-75.54978,5.40198],[-75.54977,5.402],[-75.54976,5.402],[-75.54976,5.402],[-75.54976,5.402],[-75.54976,5.40201],[-75.54976,5.40201],[-75.54975,5.40201],[-75.54975,5.40202],[-75.54975,5.40203],[-75.54975,5.40203],[-75.54974,5.40203],[-75.54974,5.40204],[-75.54974,5.40205],[-75.54974,5.40205],[-75.54974,5.40206],[-75.54975,5.40208],[-75.54975,5.40208],[-75.54975,5.40209],[-75.54974,5.40209],[-75.54974,5.40209],[-75.54974,5.4021],[-75.54974,5.4021],[-75.54974,5.4021],[-75.54974,5.40211],[-75.54974,5.40211],[-75.54973,5.40212],[-75.54973,5.40212],[-75.54973,5.40213],[-75.54973,5.40213],[-75.54973,5.40214],[-75.54973,5.40214],[-75.54973,5.40216],[-75.54971,5.40218],[-75.54971,5.40218],[-75.54971,5.40219],[-75.5497,5.4022],[-75.5497,5.4022],[-75.5497,5.40221],[-75.5497,5.40222],[-75.5497,5.40222],[-75.5497,5.40223],[-75.5497,5.40224],[-75.5497,5.40225],[-75.54971,5.4023],[-75.54971,5.4023],[-75.54971,5.40231],[-75.5497,5.40232],[-75.5497,5.40232],[-75.5497,5.40233],[-75.5497,5.40233],[-75.54969,5.40234],[-75.54969,5.40234],[-75.54969,5.40235],[-75.54969,5.40235],[-75.54969,5.40235],[-75.54969,5.40236],[-75.54969,5.40236],[-75.54969,5.40237],[-75.54969,5.40237],[-75.54969,5.40238],[-75.54969,5.40238],[-75.54969,5.40239],[-75.5497,5.40239],[-75.5497,5.40239],[-75.5497,5.40241],[-75.5497,5.40242],[-75.5497,5.40244],[-75.5497,5.40245],[-75.54969,5.40245],[-75.54967,5.40247],[-75.54967,5.40247],[-75.54966,5.40247],[-75.54966,5.40248],[-75.54966,5.40248],[-75.54965,5.40249],[-75.54965,5.40249],[-75.54965,5.40249],[-75.54964,5.4025],[-75.54964,5.4025],[-75.54964,5.4025],[-75.54964,5.4025],[-75.54962,5.40251],[-75.54962,5.40251],[-75.54961,5.40252],[-75.54961,5.40252],[-75.5496,5.40253],[-75.5496,5.40253],[-75.5496,5.40254],[-75.54959,5.40255],[-75.54959,5.40255],[-75.54959,5.40255],[-75.54959,5.40256],[-75.54958,5.40256],[-75.54958,5.40257],[-75.54958,5.40258],[-75.54958,5.40258],[-75.54958,5.40258],[-75.54958,5.40259],[-75.54958,5.4026],[-75.54959,5.4026],[-75.54959,5.40261],[-75.54959,5.40261],[-75.54959,5.40262],[-75.5496,5.40262],[-75.54961,5.40263],[-75.54961,5.40263],[-75.54961,5.40264],[-75.54961,5.40264],[-75.54961,5.40265],[-75.54961,5.40265],[-75.54961,5.40266],[-75.54962,5.40266],[-75.54963,5.40267],[-75.54963,5.40269],[-75.54963,5.40269],[-75.54963,5.40269],[-75.54963,5.4027],[-75.54963,5.40271],[-75.54963,5.40271],[-75.54963,5.40271],[-75.54964,5.40271],[-75.54964,5.40272],[-75.54965,5.40272],[-75.54965,5.40272],[-75.54966,5.40273],[-75.54966,5.40274],[-75.54966,5.40274],[-75.54966,5.40274],[-75.54966,5.40275],[-75.54966,5.40275],[-75.54966,5.40276],[-75.54966,5.40276],[-75.54967,5.40276],[-75.54967,5.40277],[-75.54967,5.40278],[-75.54967,5.40279],[-75.54967,5.40279],[-75.54968,5.4028],[-75.54968,5.4028],[-75.54968,5.4028],[-75.54969,5.40281],[-75.54969,5.40281],[-75.54969,5.40282],[-75.54969,5.40282],[-75.5497,5.40283],[-75.5497,5.40283],[-75.5497,5.40283],[-75.5497,5.40283],[-75.54971,5.40284],[-75.54971,5.40284],[-75.54971,5.40284],[-75.54972,5.40286],[-75.54972,5.40287],[-75.54972,5.40287],[-75.54973,5.40289],[-75.54973,5.40289],[-75.54974,5.4029],[-75.54975,5.40291],[-75.54975,5.40291],[-75.54976,5.40291],[-75.54977,5.40292],[-75.54977,5.40292],[-75.54977,5.40292],[-75.54978,5.40292],[-75.54978,5.40292],[-75.54979,5.40292],[-75.5498,5.40292],[-75.54981,5.40294],[-75.54981,5.40294],[-75.54981,5.40294],[-75.54982,5.40295],[-75.54982,5.40295],[-75.54983,5.40295],[-75.54983,5.40295],[-75.54983,5.40295],[-75.54984,5.40296],[-75.54985,5.40296],[-75.54985,5.40296],[-75.54988,5.40295],[-75.54989,5.40297],[-75.5499,5.40297],[-75.5499,5.40297],[-75.5499,5.40297],[-75.54991,5.40298],[-75.54992,5.40298],[-75.54992,5.40298],[-75.54993,5.40298],[-75.54994,5.40298],[-75.54994,5.40298],[-75.54996,5.40298],[-75.54996,5.40298],[-75.55001,5.40297],[-75.55001,5.40297],[-75.55002,5.40298],[-75.55003,5.40298],[-75.55005,5.403],[-75.55005,5.40301],[-75.55006,5.40302],[-75.55006,5.40302],[-75.55005,5.40304],[-75.55005,5.40304],[-75.55005,5.40304],[-75.55005,5.40304],[-75.55005,5.40305],[-75.55005,5.40305],[-75.55005,5.40305],[-75.55006,5.40305],[-75.55006,5.40305],[-75.55006,5.40306],[-75.55006,5.40306],[-75.55006,5.40306],[-75.55006,5.40307],[-75.55006,5.40307],[-75.55006,5.40307],[-75.55006,5.40307],[-75.55006,5.40307],[-75.55007,5.40307],[-75.55007,5.40307],[-75.55007,5.40308],[-75.55007,5.40308],[-75.55007,5.40308],[-75.55007,5.40308],[-75.55007,5.40308],[-75.55007,5.40308],[-75.55007,5.40309],[-75.55007,5.40309],[-75.55007,5.40309],[-75.55007,5.4031],[-75.55008,5.4031],[-75.55008,5.4031],[-75.55008,5.4031],[-75.55008,5.40311],[-75.55008,5.40311],[-75.55008,5.40311],[-75.55008,5.40311],[-75.55009,5.40312],[-75.55009,5.40312],[-75.55009,5.40312],[-75.55009,5.40313],[-75.55009,5.40313],[-75.55009,5.40313],[-75.55011,5.40314],[-75.55011,5.40314],[-75.55011,5.40314],[-75.55011,5.40314],[-75.55015,5.40317],[-75.55016,5.40318],[-75.55017,5.40318],[-75.55017,5.40318],[-75.55017,5.40319],[-75.55017,5.40319],[-75.55017,5.4032],[-75.55017,5.4032],[-75.55017,5.4032],[-75.55017,5.4032],[-75.55017,5.4032],[-75.55017,5.40321],[-75.55017,5.40321],[-75.55017,5.40321],[-75.55018,5.40321],[-75.55018,5.40321],[-75.55018,5.40322],[-75.55018,5.40322],[-75.55018,5.40322],[-75.55018,5.40322],[-75.55018,5.40323],[-75.55019,5.40323],[-75.55019,5.40323],[-75.55019,5.40323],[-75.55019,5.40323],[-75.5502,5.40324],[-75.5502,5.40324],[-75.5502,5.40324],[-75.5502,5.40324],[-75.55023,5.40325],[-75.55023,5.40326],[-75.55023,5.40326],[-75.55023,5.40326],[-75.55023,5.40326],[-75.55023,5.40326],[-75.55023,5.40327],[-75.55023,5.40327],[-75.55023,5.40327],[-75.55023,5.40327],[-75.55023,5.40328],[-75.55024,5.40328],[-75.55024,5.40328],[-75.55024,5.40328],[-75.55024,5.40328],[-75.55024,5.40329],[-75.55024,5.40329],[-75.55025,5.40329],[-75.55025,5.40329],[-75.55025,5.40329],[-75.55026,5.4033],[-75.55026,5.4033],[-75.55026,5.4033],[-75.55026,5.4033],[-75.55026,5.4033],[-75.55027,5.40331],[-75.55027,5.40331],[-75.55027,5.40331],[-75.55027,5.40331],[-75.55028,5.40331],[-75.55028,5.40331],[-75.55028,5.40331],[-75.55029,5.40331],[-75.55029,5.40332],[-75.55029,5.40332],[-75.55029,5.40332],[-75.55029,5.40333],[-75.55029,5.40333],[-75.55029,5.40333],[-75.55029,5.40333]]],[[[-75.54247,5.40428],[-75.54247,5.40429],[-75.54247,5.40429],[-75.54246,5.4043],[-75.54246,5.40431],[-75.54245,5.40431],[-75.54245,5.40432],[-75.54243,5.40432],[-75.54243,5.40432],[-75.54243,5.40432],[-75.54243,5.40432],[-75.54243,5.40432],[-75.54243,5.40432],[-75.54242,5.40432],[-75.54242,5.40432],[-75.54242,5.40432],[-75.54242,5.40432],[-75.54242,5.40432],[-75.54242,5.40432],[-75.54241,5.40432],[-75.54241,5.40432],[-75.54241,5.40433],[-75.54241,5.40433],[-75.54241,5.40433],[-75.54241,5.40433],[-75.54241,5.40433],[-75.54241,5.40433],[-75.54241,5.40434],[-75.54241,5.40434],[-75.54241,5.40434],[-75.54241,5.40434],[-75.54241,5.40434],[-75.54241,5.40434],[-75.54241,5.40435],[-75.54241,5.40435],[-75.54241,5.40435],[-75.54241,5.40435],[-75.54241,5.40435],[-75.54241,5.40435],[-75.54241,5.40436],[-75.54241,5.40436],[-75.54241,5.40436],[-75.54241,5.40436],[-75.54241,5.40436],[-75.54242,5.40436],[-75.54242,5.40436],[-75.54242,5.40436],[-75.54242,5.40437],[-75.54242,5.40437],[-75.54242,5.40437],[-75.54243,5.40437],[-75.54243,5.40437],[-75.54243,5.40437],[-75.54243,5.40437],[-75.54243,5.40437],[-75.54243,5.40437],[-75.54245,5.40437],[-75.54245,5.40437],[-75.54246,5.40437],[-75.54246,5.40437],[-75.54246,5.40437],[-75.54246,5.40437],[-75.54246,5.40437],[-75.54248,5.40436],[-75.54248,5.40436],[-75.54248,5.40436],[-75.54248,5.40436],[-75.54248,5.40436],[-75.54248,5.40436],[-75.54248,5.40436],[-75.5425,5.40435],[-75.5425,5.40435],[-75.5425,5.40434],[-75.5425,5.40434],[-75.5425,5.40434],[-75.5425,5.40434],[-75.5425,5.40434],[-75.54251,5.40432],[-75.54251,5.40432],[-75.54251,5.40432],[-75.54251,5.40432],[-75.54252,5.40432],[-75.54252,5.40431],[-75.54252,5.40431],[-75.54253,5.4043],[-75.54253,5.4043],[-75.54253,5.4043],[-75.54254,5.40429],[-75.54254,5.40428],[-75.54255,5.40428],[-75.54255,5.40428],[-75.54255,5.40428],[-75.54259,5.40429],[-75.5426,5.40429],[-75.5426,5.40429],[-75.54261,5.40429],[-75.54261,5.40428],[-75.54261,5.40428],[-75.54262,5.40428],[-75.54262,5.40428],[-75.54263,5.40428],[-75.54263,5.40427],[-75.54264,5.40426],[-75.54266,5.40426],[-75.54267,5.40425],[-75.54267,5.40425],[-75.54268,5.40425],[-75.54268,5.40424],[-75.54269,5.40424],[-75.54269,5.40424],[-75.54269,5.40423],[-75.5427,5.40423],[-75.5427,5.40423],[-75.5427,5.40423],[-75.54271,5.40423],[-75.54272,5.40422],[-75.54272,5.40422],[-75.54272,5.40422],[-75.54273,5.4042],[-75.54274,5.4042],[-75.54275,5.40419],[-75.54275,5.40419],[-75.54276,5.40419],[-75.54277,5.40419],[-75.54277,5.40418],[-75.54277,5.40418],[-75.54278,5.40417],[-75.54278,5.40417],[-75.54282,5.40413],[-75.54283,5.40412],[-75.54283,5.40412],[-75.54285,5.40411],[-75.54286,5.40411],[-75.54288,5.4041],[-75.54288,5.40409],[-75.5429,5.40408],[-75.5429,5.40408],[-75.5429,5.40408],[-75.54292,5.40406],[-75.54292,5.40406],[-75.54292,5.40406],[-75.54293,5.40405],[-75.54293,5.40405],[-75.54293,5.40405],[-75.54294,5.40405],[-75.54294,5.40404],[-75.54295,5.40404],[-75.54295,5.40404],[-75.54296,5.40404],[-75.54297,5.40402],[-75.543,5.40401],[-75.543,5.404],[-75.543,5.404],[-75.54301,5.40399],[-75.54301,5.40399],[-75.54301,5.40399],[-75.54301,5.40398],[-75.54301,5.40397],[-75.54301,5.40397],[-75.54301,5.40397],[-75.54302,5.40396],[-75.54303,5.40396],[-75.54304,5.40396],[-75.54304,5.40396],[-75.54304,5.40395],[-75.54305,5.40395],[-75.54307,5.40395],[-75.54307,5.40395],[-75.54308,5.40395],[-75.54308,5.40395],[-75.54309,5.40395],[-75.54309,5.40394],[-75.5431,5.40394],[-75.5431,5.40394],[-75.54311,5.40394],[-75.54312,5.40393],[-75.54312,5.40393],[-75.54312,5.40393],[-75.54314,5.40392],[-75.54314,5.40392],[-75.54314,5.40392],[-75.54316,5.40391],[-75.54316,5.40391],[-75.54316,5.4039],[-75.54317,5.40389],[-75.54317,5.40389],[-75.54318,5.40388],[-75.54318,5.40387],[-75.54318,5.40387],[-75.54318,5.40386],[-75.54318,5.40385],[-75.5432,5.40384],[-75.54321,5.40383],[-75.54323,5.40383],[-75.54323,5.40383],[-75.54324,5.40383],[-75.54324,5.40382],[-75.54324,5.40382],[-75.54325,5.40382],[-75.54325,5.40381],[-75.54325,5.40381],[-75.54326,5.40381],[-75.54326,5.40381],[-75.54327,5.4038],[-75.54327,5.4038],[-75.54328,5.4038],[-75.54328,5.40379],[-75.54329,5.40379],[-75.5433,5.40379],[-75.5433,5.40379],[-75.5433,5.40379],[-75.54331,5.40379],[-75.54332,5.40379],[-75.54332,5.40378],[-75.54333,5.40378],[-75.54333,5.40378],[-75.54333,5.40377],[-75.54334,5.40376],[-75.54334,5.40376],[-75.54334,5.40376],[-75.54335,5.40375],[-75.54335,5.40374],[-75.54335,5.40374],[-75.54336,5.40372],[-75.54336,5.40372],[-75.54338,5.40371],[-75.54338,5.4037],[-75.54339,5.40369],[-75.54339,5.40369],[-75.5434,5.40368],[-75.5434,5.40367],[-75.5434,5.40367],[-75.5434,5.40366],[-75.5434,5.40366],[-75.5434,5.40365],[-75.54342,5.40364],[-75.54342,5.40363],[-75.54342,5.40363],[-75.54343,5.40363],[-75.54343,5.40362],[-75.54343,5.40362],[-75.54343,5.40361],[-75.54343,5.40361],[-75.54343,5.4036],[-75.54343,5.4036],[-75.54343,5.4036],[-75.54344,5.4036],[-75.54345,5.40359],[-75.54345,5.40359],[-75.54346,5.40359],[-75.54347,5.40358],[-75.54347,5.40358],[-75.54347,5.40358],[-75.54348,5.40357],[-75.54348,5.40357],[-75.54349,5.40356],[-75.54349,5.40356],[-75.54349,5.40356],[-75.54349,5.40356],[-75.5435,5.40355],[-75.5435,5.40355],[-75.5435,5.40355],[-75.54351,5.40353],[-75.54352,5.40351],[-75.54354,5.4035],[-75.54355,5.4035],[-75.54357,5.40349],[-75.54357,5.40349],[-75.54357,5.40349],[-75.54358,5.40349],[-75.54358,5.40349],[-75.54358,5.40348],[-75.54359,5.40348],[-75.54361,5.40347],[-75.54364,5.40346],[-75.54366,5.40346],[-75.54368,5.40346],[-75.54368,5.40346],[-75.54369,5.40346],[-75.54369,5.40347],[-75.54369,5.40347],[-75.5437,5.40347],[-75.5437,5.40347],[-75.54371,5.40348],[-75.54371,5.40348],[-75.54372,5.40348],[-75.54372,5.40348],[-75.54373,5.40348],[-75.54375,5.40348],[-75.54375,5.40348],[-75.54375,5.40348],[-75.54376,5.40349],[-75.54377,5.40349],[-75.54377,5.40349],[-75.54378,5.40349],[-75.54378,5.40348],[-75.54379,5.40348],[-75.54379,5.40348],[-75.54379,5.40348],[-75.54379,5.40348],[-75.5438,5.40347],[-75.5438,5.40347],[-75.54381,5.40347],[-75.54382,5.40347],[-75.54383,5.40348],[-75.54384,5.40348],[-75.54384,5.40349],[-75.54384,5.40349],[-75.54385,5.40349],[-75.54386,5.40349],[-75.54386,5.40349],[-75.54387,5.40349],[-75.54389,5.40349],[-75.5439,5.40349],[-75.5439,5.40349],[-75.54392,5.40351],[-75.54392,5.40351],[-75.54392,5.40351],[-75.54393,5.40352],[-75.54393,5.40352],[-75.54394,5.40352],[-75.54395,5.40352],[-75.54395,5.40352],[-75.54395,5.40353],[-75.54397,5.40353],[-75.54397,5.40353],[-75.54397,5.40353],[-75.54398,5.40353],[-75.544,5.40353],[-75.544,5.40353],[-75.54401,5.40353],[-75.54401,5.40353],[-75.54402,5.40353],[-75.54402,5.40353],[-75.54403,5.40352],[-75.54403,5.40352],[-75.54403,5.40352],[-75.54403,5.40351],[-75.54404,5.40351],[-75.54404,5.40351],[-75.54404,5.4035],[-75.54404,5.4035],[-75.54404,5.40349],[-75.54403,5.40349],[-75.54403,5.40348],[-75.54403,5.40348],[-75.54402,5.40348],[-75.54402,5.40348],[-75.54401,5.40347],[-75.54401,5.40347],[-75.544,5.40347],[-75.544,5.40347],[-75.54398,5.40347],[-75.54397,5.40347],[-75.54396,5.40347],[-75.54395,5.40347],[-75.54394,5.40345],[-75.54393,5.40345],[-75.54393,5.40344],[-75.54392,5.40344],[-75.54392,5.40344],[-75.54391,5.40344],[-75.54391,5.40343],[-75.5439,5.40343],[-75.54389,5.40343],[-75.54389,5.40343],[-75.54387,5.40344],[-75.54386,5.40344],[-75.54385,5.40343],[-75.54385,5.40343],[-75.54385,5.40343],[-75.54383,5.40342],[-75.54383,5.40342],[-75.54383,5.40342],[-75.54381,5.40342],[-75.54381,5.40342],[-75.5438,5.40342],[-75.54379,5.40342],[-75.54378,5.40342],[-75.54378,5.40342],[-75.54378,5.40342],[-75.54377,5.40343],[-75.54377,5.40343],[-75.54376,5.40343],[-75.54375,5.40342],[-75.54375,5.40342],[-75.54374,5.40342],[-75.54374,5.40342],[-75.54373,5.40342],[-75.54373,5.40342],[-75.54373,5.40342],[-75.54372,5.40342],[-75.54372,5.40342],[-75.54371,5.40342],[-75.54371,5.40341],[-75.54371,5.40341],[-75.5437,5.40341],[-75.54369,5.40341],[-75.54369,5.40341],[-75.54367,5.4034],[-75.54366,5.4034],[-75.54366,5.4034],[-75.54363,5.40341],[-75.54363,5.40341],[-75.54363,5.40341],[-75.54363,5.40341],[-75.54364,5.4034],[-75.54364,5.4034],[-75.54367,5.40335],[-75.54368,5.40333],[-75.54368,5.40332],[-75.54369,5.40332],[-75.5437,5.40332],[-75.5437,5.40332],[-75.54371,5.40332],[-75.54372,5.40332],[-75.54372,5.40331],[-75.54373,5.40331],[-75.54374,5.4033],[-75.54374,5.4033],[-75.54375,5.4033],[-75.54377,5.4033],[-75.54377,5.4033],[-75.54378,5.4033],[-75.54379,5.40329],[-75.54379,5.40329],[-75.54379,5.40329],[-75.5438,5.40329],[-75.5438,5.40328],[-75.54381,5.40328],[-75.54381,5.40328],[-75.54381,5.40327],[-75.54382,5.40327],[-75.54382,5.40327],[-75.54382,5.40327],[-75.54383,5.40327],[-75.54383,5.40327],[-75.54384,5.40326],[-75.54385,5.40325],[-75.54386,5.40325],[-75.54388,5.40324],[-75.54388,5.40324],[-75.54388,5.40324],[-75.54389,5.40324],[-75.54389,5.40324],[-75.5439,5.40324],[-75.5439,5.40324],[-75.54391,5.40324],[-75.54391,5.40324],[-75.54391,5.40324],[-75.54392,5.40324],[-75.54392,5.40323],[-75.54392,5.40323],[-75.54392,5.40322],[-75.54392,5.40322],[-75.54392,5.40321],[-75.54392,5.40321],[-75.54392,5.4032],[-75.54392,5.4032],[-75.54392,5.4032],[-75.54392,5.40319],[-75.54391,5.40319],[-75.54391,5.40319],[-75.5439,5.40319],[-75.5439,5.40319],[-75.54389,5.40319],[-75.54389,5.40319],[-75.54389,5.40319],[-75.54388,5.40319],[-75.54388,5.40319],[-75.54387,5.40319],[-75.54387,5.40319],[-75.54385,5.40319],[-75.54385,5.4032],[-75.54383,5.4032],[-75.54382,5.4032],[-75.54382,5.40321],[-75.54381,5.40322],[-75.5438,5.40322],[-75.5438,5.40322],[-75.54379,5.40322],[-75.54379,5.40322],[-75.54378,5.40323],[-75.54378,5.40323],[-75.54378,5.40323],[-75.54377,5.40323],[-75.54377,5.40324],[-75.54374,5.40324],[-75.54374,5.40324],[-75.54373,5.40325],[-75.54373,5.40325],[-75.54372,5.40325],[-75.54371,5.40325],[-75.54371,5.40325],[-75.54371,5.40326],[-75.5437,5.40327],[-75.54369,5.40327],[-75.54369,5.40327],[-75.54368,5.40327],[-75.54368,5.40327],[-75.54367,5.40327],[-75.54366,5.40327],[-75.54366,5.40328],[-75.54366,5.40328],[-75.54364,5.40329],[-75.54364,5.40329],[-75.54364,5.40329],[-75.54362,5.40331],[-75.54362,5.40332],[-75.54359,5.40337],[-75.54358,5.40338],[-75.54357,5.40339],[-75.54357,5.40339],[-75.54357,5.40339],[-75.54356,5.40339],[-75.54355,5.40339],[-75.54355,5.4034],[-75.54354,5.4034],[-75.54354,5.4034],[-75.54353,5.4034],[-75.54353,5.4034],[-75.54353,5.4034],[-75.54352,5.4034],[-75.54352,5.4034],[-75.54351,5.4034],[-75.54351,5.40341],[-75.5435,5.40341],[-75.54349,5.40341],[-75.54349,5.40342],[-75.54348,5.40343],[-75.54348,5.40343],[-75.54347,5.40343],[-75.54346,5.40344],[-75.54346,5.40345],[-75.54346,5.40345],[-75.54345,5.40346],[-75.54345,5.40347],[-75.54345,5.40347],[-75.54344,5.40348],[-75.54344,5.40348],[-75.54344,5.40349],[-75.54344,5.4035],[-75.54344,5.4035],[-75.54344,5.4035],[-75.54344,5.40352],[-75.54344,5.40352],[-75.54344,5.40353],[-75.54344,5.40353],[-75.54344,5.40354],[-75.54344,5.40354],[-75.54343,5.40354],[-75.54342,5.40355],[-75.54341,5.40355],[-75.54341,5.40355],[-75.5434,5.40356],[-75.5434,5.40356],[-75.5434,5.40356],[-75.54339,5.40357],[-75.54339,5.40357],[-75.54338,5.40358],[-75.54338,5.40358],[-75.54338,5.40359],[-75.54338,5.40359],[-75.54338,5.4036],[-75.54338,5.4036],[-75.54336,5.40361],[-75.54336,5.40362],[-75.54336,5.40362],[-75.54336,5.40362],[-75.54335,5.40363],[-75.54335,5.40363],[-75.54335,5.40363],[-75.54335,5.40364],[-75.54335,5.40364],[-75.54335,5.40365],[-75.54334,5.40366],[-75.54334,5.40366],[-75.54332,5.40368],[-75.54332,5.40368],[-75.54331,5.40369],[-75.54331,5.4037],[-75.54331,5.4037],[-75.5433,5.4037],[-75.5433,5.40371],[-75.5433,5.40373],[-75.5433,5.40373],[-75.54329,5.40374],[-75.54329,5.40374],[-75.54328,5.40374],[-75.54327,5.40374],[-75.54327,5.40374],[-75.54326,5.40374],[-75.54326,5.40374],[-75.54326,5.40375],[-75.54325,5.40375],[-75.54325,5.40375],[-75.54324,5.40375],[-75.54324,5.40375],[-75.54324,5.40375],[-75.54323,5.40376],[-75.54322,5.40376],[-75.54322,5.40376],[-75.54322,5.40376],[-75.54322,5.40377],[-75.54321,5.40378],[-75.54319,5.40378],[-75.54319,5.40378],[-75.54319,5.40378],[-75.54318,5.40378],[-75.54317,5.40379],[-75.54317,5.40379],[-75.54315,5.40381],[-75.54314,5.40381],[-75.54314,5.40382],[-75.54314,5.40382],[-75.54313,5.40383],[-75.54313,5.40383],[-75.54313,5.40384],[-75.54313,5.40384],[-75.54313,5.40385],[-75.54313,5.40386],[-75.54313,5.40386],[-75.54312,5.40387],[-75.54311,5.40388],[-75.5431,5.40388],[-75.54308,5.40388],[-75.54308,5.40389],[-75.54308,5.40389],[-75.54307,5.40389],[-75.54307,5.40389],[-75.54307,5.40389],[-75.54305,5.40389],[-75.54305,5.40389],[-75.54304,5.40389],[-75.54303,5.40389],[-75.54303,5.40389],[-75.54302,5.4039],[-75.54302,5.4039],[-75.54302,5.4039],[-75.54301,5.40391],[-75.543,5.40391],[-75.543,5.40391],[-75.54299,5.40392],[-75.54298,5.40393],[-75.54298,5.40393],[-75.54298,5.40392],[-75.54298,5.40392],[-75.54298,5.40392],[-75.54298,5.4039],[-75.54298,5.4039],[-75.54298,5.4039],[-75.54297,5.40388],[-75.54297,5.40388],[-75.54297,5.40387],[-75.54296,5.40386],[-75.54296,5.40386],[-75.54296,5.40385],[-75.54295,5.40384],[-75.54295,5.40383],[-75.54295,5.40383],[-75.54295,5.40382],[-75.54295,5.40382],[-75.54295,5.40382],[-75.54294,5.40381],[-75.54294,5.4038],[-75.54293,5.4038],[-75.54292,5.40379],[-75.54291,5.40378],[-75.54291,5.40378],[-75.54291,5.40377],[-75.54291,5.40376],[-75.54291,5.40375],[-75.54291,5.40372],[-75.54291,5.40371],[-75.54292,5.4037],[-75.54293,5.40369],[-75.54296,5.40366],[-75.54297,5.40365],[-75.54301,5.40361],[-75.54301,5.40361],[-75.54305,5.40356],[-75.54305,5.40356],[-75.54306,5.40356],[-75.54306,5.40355],[-75.54306,5.40355],[-75.54306,5.40354],[-75.54306,5.40354],[-75.54306,5.40353],[-75.54305,5.40353],[-75.54305,5.40353],[-75.54305,5.40352],[-75.54304,5.40352],[-75.54304,5.40352],[-75.54304,5.40352],[-75.54303,5.40352],[-75.54303,5.40352],[-75.54302,5.40352],[-75.54302,5.40352],[-75.54301,5.40352],[-75.54301,5.40353],[-75.54297,5.40357],[-75.54293,5.40362],[-75.54289,5.40365],[-75.54289,5.40365],[-75.54287,5.40367],[-75.54287,5.40367],[-75.54287,5.40367],[-75.54286,5.40369],[-75.54286,5.40369],[-75.54286,5.40369],[-75.54286,5.4037],[-75.54286,5.40371],[-75.54286,5.40371],[-75.54285,5.40374],[-75.54285,5.40374],[-75.54285,5.40375],[-75.54285,5.40376],[-75.54285,5.40376],[-75.54286,5.40378],[-75.54286,5.40378],[-75.54286,5.4038],[-75.54286,5.4038],[-75.54286,5.4038],[-75.54287,5.40381],[-75.54287,5.40381],[-75.54287,5.40382],[-75.54288,5.40382],[-75.54288,5.40383],[-75.54288,5.40383],[-75.5429,5.40384],[-75.5429,5.40385],[-75.5429,5.40385],[-75.5429,5.40385],[-75.5429,5.40385],[-75.5429,5.40386],[-75.5429,5.40386],[-75.5429,5.40387],[-75.54291,5.40387],[-75.54291,5.40388],[-75.54291,5.40388],[-75.54292,5.40389],[-75.54292,5.40391],[-75.54292,5.40392],[-75.54292,5.40394],[-75.54292,5.40396],[-75.54291,5.40397],[-75.54291,5.40399],[-75.54289,5.404],[-75.54289,5.404],[-75.54288,5.40402],[-75.54287,5.40404],[-75.54285,5.40405],[-75.54283,5.40406],[-75.54281,5.40407],[-75.54281,5.40407],[-75.5428,5.40408],[-75.54279,5.40408],[-75.54278,5.40409],[-75.54278,5.40409],[-75.54274,5.40413],[-75.54273,5.40414],[-75.54273,5.40415],[-75.54271,5.40415],[-75.54271,5.40416],[-75.5427,5.40416],[-75.5427,5.40416],[-75.5427,5.40417],[-75.54268,5.40418],[-75.54268,5.40418],[-75.54268,5.40418],[-75.54267,5.40418],[-75.54267,5.40418],[-75.54266,5.40419],[-75.54266,5.40419],[-75.54266,5.40419],[-75.54265,5.40419],[-75.54265,5.4042],[-75.54263,5.40421],[-75.54262,5.40421],[-75.54262,5.40421],[-75.54262,5.40421],[-75.54261,5.40422],[-75.54261,5.40422],[-75.54261,5.40422],[-75.54259,5.40423],[-75.54256,5.40423],[-75.54255,5.40423],[-75.54255,5.40423],[-75.54254,5.40423],[-75.54254,5.40423],[-75.54254,5.40423],[-75.54254,5.40423],[-75.54256,5.40421],[-75.54256,5.40421],[-75.54256,5.40421],[-75.54257,5.4042],[-75.54257,5.40419],[-75.54258,5.40419],[-75.54258,5.40419],[-75.54258,5.40418],[-75.54258,5.40417],[-75.54258,5.40417],[-75.54258,5.40416],[-75.54258,5.40414],[-75.54258,5.40414],[-75.54258,5.40414],[-75.54258,5.40413],[-75.54258,5.40413],[-75.54259,5.40413],[-75.54259,5.40412],[-75.54259,5.40412],[-75.54259,5.40411],[-75.54259,5.40411],[-75.54259,5.4041],[-75.54259,5.4041],[-75.54259,5.4041],[-75.54259,5.4041],[-75.5426,5.40409],[-75.5426,5.40409],[-75.5426,5.40408],[-75.5426,5.40408],[-75.5426,5.40407],[-75.5426,5.40407],[-75.54261,5.40405],[-75.54261,5.40404],[-75.54261,5.40404],[-75.5426,5.40402],[-75.5426,5.40402],[-75.5426,5.40401],[-75.54259,5.40396],[-75.54259,5.40394],[-75.54259,5.40393],[-75.54259,5.40392],[-75.5426,5.40392],[-75.54261,5.4039],[-75.54261,5.4039],[-75.54262,5.40389],[-75.54262,5.40388],[-75.54263,5.40388],[-75.54263,5.40387],[-75.54263,5.40386],[-75.54263,5.40385],[-75.54263,5.40385],[-75.54263,5.40382],[-75.54263,5.40382],[-75.54263,5.40382],[-75.54265,5.4038],[-75.54265,5.4038],[-75.54266,5.4038],[-75.54266,5.4038],[-75.54266,5.40379],[-75.54266,5.40378],[-75.54267,5.40378],[-75.54267,5.40378],[-75.54267,5.40377],[-75.54267,5.40376],[-75.54268,5.40375],[-75.54268,5.40375],[-75.54268,5.40374],[-75.54268,5.40374],[-75.54269,5.40373],[-75.54269,5.40373],[-75.54269,5.40372],[-75.5427,5.40371],[-75.54271,5.40371],[-75.54272,5.4037],[-75.54272,5.4037],[-75.54272,5.4037],[-75.54273,5.4037],[-75.54273,5.40369],[-75.54274,5.40369],[-75.54275,5.40369],[-75.54275,5.40369],[-75.54275,5.40369],[-75.54276,5.40369],[-75.54277,5.40368],[-75.54277,5.40368],[-75.54278,5.40367],[-75.54279,5.40366],[-75.54279,5.40365],[-75.54279,5.40365],[-75.54279,5.40364],[-75.5428,5.40364],[-75.5428,5.40363],[-75.5428,5.40362],[-75.5428,5.40362],[-75.5428,5.40362],[-75.54279,5.40358],[-75.54279,5.40358],[-75.54279,5.40357],[-75.54279,5.40357],[-75.5428,5.40357],[-75.5428,5.40356],[-75.5428,5.40356],[-75.5428,5.40355],[-75.54279,5.40355],[-75.54279,5.40354],[-75.54279,5.40354],[-75.54279,5.40354],[-75.54278,5.40353],[-75.54278,5.40353],[-75.54277,5.40353],[-75.54277,5.40353],[-75.54276,5.40353],[-75.54276,5.40353],[-75.54275,5.40354],[-75.54275,5.40354],[-75.54275,5.40354],[-75.54274,5.40355],[-75.54274,5.40355],[-75.54274,5.40356],[-75.54274,5.40356],[-75.54274,5.40356],[-75.54274,5.40357],[-75.54273,5.40358],[-75.54273,5.40358],[-75.54273,5.40358],[-75.54274,5.40363],[-75.54274,5.40363],[-75.54274,5.40364],[-75.54273,5.40364],[-75.54273,5.40364],[-75.54272,5.40364],[-75.54272,5.40364],[-75.54271,5.40364],[-75.54271,5.40364],[-75.5427,5.40364],[-75.5427,5.40364],[-75.54269,5.40365],[-75.54269,5.40366],[-75.54268,5.40366],[-75.54268,5.40366],[-75.54266,5.40367],[-75.54266,5.40367],[-75.54266,5.40368],[-75.54264,5.40369],[-75.54264,5.4037],[-75.54264,5.4037],[-75.54264,5.40371],[-75.54264,5.40371],[-75.54263,5.40372],[-75.54262,5.40373],[-75.54262,5.40373],[-75.54262,5.40374],[-75.54261,5.40374],[-75.54261,5.40375],[-75.54261,5.40375],[-75.54261,5.40376],[-75.54259,5.40378],[-75.54259,5.40378],[-75.54259,5.40378],[-75.54258,5.40379],[-75.54258,5.40379],[-75.54258,5.4038],[-75.54258,5.4038],[-75.54257,5.40381],[-75.54257,5.40382],[-75.54257,5.40382],[-75.54257,5.40385],[-75.54257,5.40386],[-75.54257,5.40386],[-75.54255,5.40388],[-75.54255,5.40388],[-75.54255,5.40388],[-75.54255,5.40389],[-75.54254,5.40389],[-75.54254,5.4039],[-75.54254,5.40392],[-75.54254,5.40392],[-75.54254,5.40392],[-75.54253,5.40395],[-75.54253,5.40395],[-75.54254,5.40395],[-75.54254,5.40397],[-75.54254,5.40397],[-75.54255,5.40402],[-75.54255,5.40404],[-75.54255,5.40406],[-75.54255,5.40406],[-75.54255,5.40406],[-75.54254,5.40407],[-75.54254,5.40407],[-75.54254,5.40408],[-75.54253,5.40408],[-75.54253,5.40408],[-75.54253,5.40409],[-75.54253,5.40409],[-75.54253,5.4041],[-75.54253,5.4041],[-75.54253,5.40411],[-75.54253,5.40411],[-75.54253,5.40411],[-75.54253,5.40412],[-75.54252,5.40412],[-75.54252,5.40413],[-75.54252,5.40413],[-75.54252,5.40414],[-75.54252,5.40414],[-75.54252,5.40414],[-75.54252,5.40417],[-75.54252,5.40417],[-75.5425,5.40419],[-75.5425,5.40419],[-75.54249,5.40419],[-75.54249,5.4042],[-75.54249,5.4042],[-75.54249,5.4042],[-75.54249,5.40421],[-75.54248,5.40421],[-75.54248,5.40422],[-75.54248,5.40422],[-75.54248,5.40422],[-75.54248,5.40422],[-75.54247,5.40423],[-75.54247,5.40423],[-75.54247,5.40423],[-75.54247,5.40424],[-75.54247,5.40424],[-75.54246,5.40426],[-75.54246,5.40426],[-75.54246,5.40427],[-75.54247,5.40428]]],[[[-75.54922,5.40371],[-75.54923,5.40372],[-75.54923,5.40372],[-75.54923,5.40374],[-75.54923,5.40375],[-75.54923,5.40375],[-75.54923,5.40375],[-75.54923,5.40376],[-75.54924,5.40376],[-75.54924,5.40377],[-75.54924,5.40377],[-75.54924,5.40377],[-75.54925,5.40378],[-75.54927,5.4038],[-75.54928,5.4038],[-75.54928,5.40381],[-75.54928,5.40383],[-75.54928,5.40384],[-75.54928,5.40384],[-75.54928,5.40385],[-75.54928,5.40385],[-75.54928,5.40386],[-75.54928,5.40386],[-75.54929,5.40387],[-75.54929,5.40387],[-75.54931,5.40388],[-75.5493,5.40391],[-75.5493,5.40391],[-75.5493,5.40392],[-75.5493,5.40392],[-75.5493,5.40393],[-75.54931,5.40393],[-75.54931,5.40394],[-75.54931,5.40394],[-75.54931,5.40394],[-75.54932,5.40394],[-75.54931,5.40397],[-75.54931,5.40397],[-75.54931,5.40398],[-75.54931,5.40398],[-75.54931,5.40398],[-75.54931,5.40399],[-75.54931,5.40399],[-75.54931,5.40399],[-75.54931,5.404],[-75.54932,5.404],[-75.54932,5.40401],[-75.54932,5.40401],[-75.54932,5.40403],[-75.54932,5.40404],[-75.54932,5.40405],[-75.54932,5.40405],[-75.54932,5.40406],[-75.54932,5.40408],[-75.54932,5.40411],[-75.54932,5.40411],[-75.54932,5.40411],[-75.54932,5.40412],[-75.54933,5.40413],[-75.54933,5.40413],[-75.54933,5.40413],[-75.54933,5.40414],[-75.54933,5.40414],[-75.54934,5.40414],[-75.54934,5.40414],[-75.54933,5.40415],[-75.54933,5.40419],[-75.54933,5.40419],[-75.54933,5.40419],[-75.54933,5.4042],[-75.54933,5.40421],[-75.54933,5.40421],[-75.54933,5.40422],[-75.54933,5.40423],[-75.54933,5.40423],[-75.54934,5.40424],[-75.54934,5.40427],[-75.54934,5.40427],[-75.54934,5.40427],[-75.54934,5.40428],[-75.54934,5.40428],[-75.54934,5.40429],[-75.54934,5.40429],[-75.54935,5.40429],[-75.54935,5.4043],[-75.54934,5.40432],[-75.54934,5.40432],[-75.54934,5.40433],[-75.54934,5.40433],[-75.54934,5.40434],[-75.54934,5.40434],[-75.54934,5.40434],[-75.54934,5.40435],[-75.54935,5.40435],[-75.54935,5.40435],[-75.54935,5.40436],[-75.54935,5.40437],[-75.54935,5.40437],[-75.54935,5.40438],[-75.54935,5.40438],[-75.54935,5.40439],[-75.54935,5.40439],[-75.54935,5.4044],[-75.54935,5.4044],[-75.54936,5.4044],[-75.54936,5.4044],[-75.54936,5.40441],[-75.54936,5.40441],[-75.54936,5.40442],[-75.54936,5.40443],[-75.54936,5.40443],[-75.54937,5.40444],[-75.54938,5.40446],[-75.54938,5.40446],[-75.54938,5.40448],[-75.54938,5.40448],[-75.54938,5.40448],[-75.54938,5.40449],[-75.54939,5.40449],[-75.54939,5.4045],[-75.5494,5.40451],[-75.5494,5.40452],[-75.5494,5.40452],[-75.54941,5.40452],[-75.54941,5.40453],[-75.54941,5.40453],[-75.54941,5.40453],[-75.54941,5.40453],[-75.54941,5.40454],[-75.54941,5.40454],[-75.54941,5.40455],[-75.54941,5.40455],[-75.54941,5.40456],[-75.54941,5.40456],[-75.54942,5.40457],[-75.54942,5.40457],[-75.54942,5.40457],[-75.54944,5.40458],[-75.54944,5.40458],[-75.54944,5.4046],[-75.54944,5.40461],[-75.54944,5.40463],[-75.54944,5.40465],[-75.54942,5.40467],[-75.54942,5.40467],[-75.54942,5.40467],[-75.54942,5.40467],[-75.54941,5.40469],[-75.54941,5.40469],[-75.54941,5.4047],[-75.54941,5.40473],[-75.54941,5.40473],[-75.54939,5.40476],[-75.54939,5.40476],[-75.54939,5.40476],[-75.54939,5.40477],[-75.54939,5.40478],[-75.54939,5.40478],[-75.54938,5.40479],[-75.54938,5.40479],[-75.54938,5.40479],[-75.54938,5.4048],[-75.54939,5.4048],[-75.54939,5.40481],[-75.54939,5.40481],[-75.54939,5.40481],[-75.54939,5.40482],[-75.54939,5.40482],[-75.5494,5.40482],[-75.54939,5.40483],[-75.54939,5.40484],[-75.54939,5.40485],[-75.54938,5.40485],[-75.54938,5.40486],[-75.54938,5.40486],[-75.54938,5.40486],[-75.54937,5.40487],[-75.54937,5.40487],[-75.54937,5.40488],[-75.54937,5.40488],[-75.54936,5.40488],[-75.54936,5.40489],[-75.54936,5.40489],[-75.54936,5.40489],[-75.54936,5.40491],[-75.54936,5.40491],[-75.54936,5.40492],[-75.54936,5.40494],[-75.54936,5.40494],[-75.54936,5.40494],[-75.54937,5.40495],[-75.54937,5.40496],[-75.54937,5.40496],[-75.54939,5.40498],[-75.54939,5.40499],[-75.54939,5.40501],[-75.54939,5.40501],[-75.54939,5.40502],[-75.54939,5.40502],[-75.54939,5.40503],[-75.54939,5.40503],[-75.54939,5.40504],[-75.54939,5.40504],[-75.54939,5.40504],[-75.54939,5.40505],[-75.54939,5.40505],[-75.54939,5.40505],[-75.5494,5.40506],[-75.5494,5.40506],[-75.54941,5.40506],[-75.54941,5.40507],[-75.54941,5.40507],[-75.54942,5.40507],[-75.54942,5.40507],[-75.54943,5.40506],[-75.54943,5.40506],[-75.54944,5.40506],[-75.54944,5.40506],[-75.54944,5.40505],[-75.54944,5.40505],[-75.54944,5.40504],[-75.54944,5.40504],[-75.54944,5.40503],[-75.54945,5.40502],[-75.54945,5.40502],[-75.54945,5.40502],[-75.54945,5.40501],[-75.54945,5.40501],[-75.54945,5.405],[-75.54944,5.40498],[-75.54944,5.40497],[-75.54944,5.40497],[-75.54944,5.40496],[-75.54943,5.40496],[-75.54943,5.40495],[-75.54941,5.40493],[-75.54941,5.40492],[-75.54941,5.40491],[-75.54941,5.40491],[-75.54942,5.40491],[-75.54942,5.4049],[-75.54942,5.4049],[-75.54942,5.4049],[-75.54943,5.40489],[-75.54943,5.40489],[-75.54943,5.40488],[-75.54943,5.40488],[-75.54943,5.40488],[-75.54944,5.40488],[-75.54944,5.40487],[-75.54944,5.40486],[-75.54944,5.40486],[-75.54945,5.40484],[-75.54945,5.40484],[-75.54945,5.40483],[-75.54945,5.40482],[-75.54945,5.40482],[-75.54945,5.40482],[-75.54945,5.4048],[-75.54945,5.4048],[-75.54945,5.4048],[-75.54944,5.4048],[-75.54944,5.40479],[-75.54944,5.40479],[-75.54944,5.40479],[-75.54944,5.40478],[-75.54946,5.40476],[-75.54946,5.40476],[-75.54946,5.40476],[-75.54946,5.40475],[-75.54946,5.40474],[-75.54946,5.40474],[-75.54946,5.40473],[-75.54947,5.4047],[-75.54947,5.4047],[-75.54948,5.40468],[-75.54948,5.40467],[-75.54949,5.40467],[-75.54949,5.40465],[-75.5495,5.40464],[-75.5495,5.40464],[-75.5495,5.40462],[-75.5495,5.40461],[-75.5495,5.40461],[-75.5495,5.40459],[-75.5495,5.40458],[-75.54949,5.40458],[-75.54949,5.40456],[-75.54948,5.40456],[-75.54948,5.40455],[-75.54948,5.40455],[-75.54947,5.40454],[-75.54946,5.40453],[-75.54946,5.40452],[-75.54946,5.40451],[-75.54946,5.40451],[-75.54946,5.40451],[-75.54946,5.4045],[-75.54946,5.4045],[-75.54946,5.40449],[-75.54946,5.40449],[-75.54945,5.40449],[-75.54945,5.40448],[-75.54945,5.40448],[-75.54944,5.40448],[-75.54944,5.40448],[-75.54944,5.40448],[-75.54944,5.40445],[-75.54944,5.40445],[-75.54944,5.40445],[-75.54944,5.40444],[-75.54943,5.40443],[-75.54943,5.40443],[-75.54943,5.40442],[-75.54941,5.4044],[-75.54941,5.4044],[-75.54941,5.40439],[-75.54941,5.40439],[-75.54941,5.40439],[-75.54941,5.40438],[-75.54941,5.40438],[-75.5494,5.40437],[-75.5494,5.40437],[-75.5494,5.40436],[-75.5494,5.40435],[-75.5494,5.40435],[-75.5494,5.40434],[-75.5494,5.40434],[-75.5494,5.40433],[-75.5494,5.40433],[-75.5494,5.40433],[-75.5494,5.40431],[-75.5494,5.4043],[-75.5494,5.4043],[-75.5494,5.40429],[-75.5494,5.40429],[-75.5494,5.40428],[-75.5494,5.40428],[-75.5494,5.40427],[-75.5494,5.40427],[-75.54939,5.40427],[-75.5494,5.40425],[-75.5494,5.40424],[-75.5494,5.40424],[-75.5494,5.40423],[-75.5494,5.40422],[-75.54939,5.40422],[-75.54939,5.40421],[-75.54938,5.4042],[-75.54938,5.4042],[-75.54938,5.4042],[-75.54939,5.40416],[-75.54939,5.40416],[-75.54939,5.40416],[-75.54939,5.40414],[-75.54939,5.40414],[-75.54939,5.40414],[-75.54939,5.40413],[-75.54939,5.40412],[-75.54939,5.40412],[-75.54938,5.40412],[-75.54938,5.40411],[-75.54938,5.40411],[-75.54938,5.4041],[-75.54938,5.40408],[-75.54938,5.40408],[-75.54938,5.40408],[-75.54938,5.40407],[-75.54937,5.40405],[-75.54937,5.40404],[-75.54937,5.40401],[-75.54937,5.40401],[-75.54937,5.404],[-75.54937,5.40399],[-75.54937,5.40399],[-75.54937,5.40399],[-75.54937,5.40398],[-75.54937,5.40398],[-75.54936,5.40397],[-75.54937,5.40395],[-75.54937,5.40395],[-75.54937,5.40395],[-75.54937,5.40394],[-75.54937,5.40393],[-75.54937,5.40393],[-75.54937,5.40393],[-75.54937,5.40392],[-75.54937,5.40392],[-75.54936,5.40392],[-75.54936,5.40391],[-75.54936,5.40391],[-75.54936,5.40389],[-75.54936,5.40388],[-75.54936,5.40388],[-75.54936,5.40387],[-75.54936,5.40386],[-75.54936,5.40386],[-75.54935,5.40385],[-75.54935,5.40385],[-75.54935,5.40385],[-75.54935,5.40384],[-75.54933,5.40383],[-75.54933,5.40383],[-75.54933,5.40383],[-75.54933,5.4038],[-75.54933,5.4038],[-75.54933,5.40379],[-75.54933,5.40378],[-75.54933,5.40378],[-75.54932,5.40378],[-75.54931,5.40376],[-75.54931,5.40376],[-75.54931,5.40376],[-75.54928,5.40374],[-75.54928,5.40372],[-75.54928,5.40372],[-75.54928,5.40372],[-75.54928,5.40371],[-75.54928,5.40371],[-75.54928,5.4037],[-75.54928,5.40369],[-75.54927,5.40369],[-75.54927,5.40369],[-75.54926,5.40368],[-75.54926,5.40367],[-75.54926,5.40367],[-75.54924,5.40366],[-75.54924,5.40366],[-75.54924,5.40366],[-75.54923,5.40366],[-75.54923,5.40366],[-75.54922,5.40366],[-75.54922,5.40366],[-75.5492,5.40366],[-75.5492,5.40366],[-75.54919,5.40366],[-75.54919,5.40365],[-75.54918,5.40364],[-75.54918,5.40364],[-75.54918,5.40363],[-75.54918,5.4036],[-75.54918,5.4036],[-75.54918,5.4036],[-75.54917,5.40358],[-75.54917,5.40358],[-75.54917,5.40358],[-75.54916,5.40356],[-75.54916,5.40356],[-75.54915,5.40355],[-75.54915,5.40355],[-75.54914,5.40354],[-75.54913,5.40353],[-75.54912,5.40353],[-75.54912,5.40353],[-75.54912,5.40352],[-75.5491,5.40352],[-75.5491,5.4035],[-75.5491,5.4035],[-75.5491,5.4035],[-75.5491,5.40347],[-75.5491,5.40347],[-75.5491,5.40347],[-75.5491,5.40345],[-75.5491,5.40344],[-75.5491,5.40344],[-75.54909,5.40342],[-75.54909,5.40342],[-75.54909,5.40341],[-75.54908,5.40339],[-75.54908,5.40336],[-75.54908,5.40336],[-75.54908,5.40336],[-75.54908,5.40335],[-75.54907,5.40334],[-75.54907,5.40334],[-75.54907,5.40334],[-75.54906,5.40332],[-75.54906,5.4033],[-75.54905,5.4033],[-75.54905,5.4033],[-75.54905,5.40329],[-75.54905,5.40329],[-75.54905,5.40328],[-75.54904,5.40328],[-75.54904,5.40328],[-75.54904,5.40327],[-75.54905,5.40325],[-75.54907,5.40323],[-75.54907,5.40323],[-75.54907,5.40323],[-75.54909,5.40321],[-75.54909,5.40321],[-75.54909,5.4032],[-75.5491,5.40318],[-75.5491,5.40318],[-75.5491,5.40317],[-75.54911,5.40314],[-75.54911,5.40314],[-75.54911,5.40314],[-75.54911,5.40311],[-75.54911,5.40311],[-75.54911,5.4031],[-75.54911,5.40307],[-75.54911,5.40307],[-75.54911,5.40307],[-75.5491,5.40304],[-75.5491,5.40304],[-75.5491,5.40304],[-75.54909,5.40301],[-75.54909,5.40301],[-75.54909,5.40301],[-75.54907,5.40299],[-75.54907,5.40299],[-75.54907,5.40298],[-75.54907,5.40298],[-75.54907,5.40298],[-75.54907,5.40297],[-75.54907,5.40297],[-75.54907,5.40296],[-75.54907,5.40296],[-75.54906,5.40295],[-75.54906,5.40295],[-75.54905,5.40295],[-75.54906,5.40294],[-75.54907,5.40289],[-75.54907,5.40289],[-75.54907,5.40289],[-75.54907,5.40287],[-75.54907,5.40287],[-75.54907,5.40286],[-75.54906,5.40285],[-75.54906,5.40285],[-75.54906,5.40285],[-75.54906,5.40284],[-75.54905,5.40284],[-75.54905,5.40283],[-75.54903,5.40282],[-75.54903,5.40281],[-75.54902,5.4028],[-75.54902,5.40278],[-75.54902,5.40277],[-75.54903,5.40275],[-75.54903,5.40275],[-75.54905,5.40273],[-75.54906,5.40273],[-75.54906,5.40273],[-75.54906,5.40272],[-75.54907,5.40271],[-75.54907,5.40271],[-75.54907,5.40269],[-75.54907,5.40269],[-75.54907,5.40269],[-75.54907,5.40267],[-75.54907,5.40267],[-75.54907,5.40267],[-75.54907,5.40265],[-75.54907,5.40265],[-75.54907,5.40265],[-75.54907,5.40264],[-75.54907,5.40264],[-75.54907,5.40263],[-75.54907,5.40263],[-75.54906,5.40262],[-75.54906,5.40261],[-75.54907,5.40258],[-75.54907,5.40257],[-75.54907,5.40257],[-75.54907,5.40256],[-75.54907,5.40256],[-75.54907,5.40256],[-75.54907,5.40255],[-75.54907,5.40255],[-75.54907,5.40255],[-75.54907,5.40254],[-75.54907,5.40253],[-75.54907,5.40253],[-75.54907,5.40252],[-75.54907,5.40251],[-75.54907,5.40251],[-75.54907,5.4025],[-75.54906,5.40249],[-75.54906,5.40249],[-75.54906,5.40249],[-75.54906,5.40249],[-75.54905,5.40248],[-75.54905,5.40248],[-75.54905,5.40248],[-75.54905,5.40247],[-75.54905,5.40247],[-75.54904,5.40247],[-75.54905,5.40245],[-75.54905,5.40245],[-75.54905,5.40245],[-75.54904,5.40244],[-75.54904,5.40243],[-75.54904,5.40243],[-75.54904,5.40243],[-75.54903,5.40242],[-75.54903,5.40241],[-75.54903,5.40241],[-75.54902,5.4024],[-75.54902,5.4024],[-75.54901,5.40239],[-75.54901,5.40238],[-75.549,5.40238],[-75.549,5.40237],[-75.54899,5.40237],[-75.54899,5.40237],[-75.54898,5.40236],[-75.54897,5.40236],[-75.54897,5.40236],[-75.54897,5.40236],[-75.54896,5.40236],[-75.54895,5.40236],[-75.54894,5.40236],[-75.54894,5.40236],[-75.54894,5.40235],[-75.54891,5.40233],[-75.54891,5.40233],[-75.54881,5.40227],[-75.54879,5.40225],[-75.54877,5.40223],[-75.54875,5.40221],[-75.54874,5.4022],[-75.54874,5.40218],[-75.54873,5.40217],[-75.54873,5.40216],[-75.54873,5.40215],[-75.54873,5.40215],[-75.54873,5.40214],[-75.54873,5.40214],[-75.54873,5.40213],[-75.54872,5.40213],[-75.54872,5.40212],[-75.54871,5.40212],[-75.54871,5.40212],[-75.5487,5.40211],[-75.5487,5.40211],[-75.54869,5.40211],[-75.54869,5.40211],[-75.54869,5.40211],[-75.54868,5.40211],[-75.54868,5.40209],[-75.54868,5.40209],[-75.54868,5.40209],[-75.54868,5.40208],[-75.54868,5.40207],[-75.54868,5.40207],[-75.54867,5.40207],[-75.54867,5.40206],[-75.54866,5.40206],[-75.54866,5.40206],[-75.54863,5.40204],[-75.54863,5.40203],[-75.54863,5.40202],[-75.54862,5.40202],[-75.54862,5.40201],[-75.54862,5.402],[-75.54862,5.402],[-75.54862,5.40199],[-75.54861,5.40199],[-75.5486,5.40198],[-75.5486,5.40197],[-75.5486,5.40197],[-75.54858,5.40196],[-75.54858,5.40196],[-75.54854,5.40194],[-75.54853,5.40193],[-75.54853,5.40192],[-75.54853,5.40192],[-75.54853,5.40191],[-75.54853,5.40191],[-75.54852,5.40191],[-75.54852,5.40189],[-75.54852,5.40189],[-75.54852,5.40189],[-75.54852,5.40188],[-75.54851,5.40187],[-75.54851,5.40187],[-75.5485,5.40187],[-75.54849,5.40185],[-75.54848,5.40185],[-75.54845,5.40183],[-75.54843,5.40182],[-75.54843,5.40181],[-75.54843,5.40181],[-75.54843,5.40178],[-75.54843,5.40178],[-75.54843,5.40178],[-75.54843,5.40177],[-75.54843,5.40177],[-75.54842,5.40177],[-75.54842,5.40175],[-75.54842,5.40175],[-75.54842,5.40175],[-75.54842,5.40174],[-75.54841,5.40174],[-75.54841,5.40174],[-75.54841,5.40173],[-75.5484,5.40173],[-75.5484,5.40173],[-75.5484,5.40173],[-75.5484,5.40172],[-75.5484,5.40172],[-75.5484,5.40171],[-75.5484,5.40171],[-75.54839,5.40171],[-75.54839,5.4017],[-75.54839,5.4017],[-75.54839,5.40169],[-75.54839,5.40168],[-75.54839,5.40168],[-75.54839,5.40168],[-75.54838,5.40167],[-75.54838,5.40167],[-75.54838,5.40166],[-75.54837,5.40166],[-75.54837,5.40166],[-75.54836,5.40165],[-75.54835,5.40165],[-75.54835,5.40165],[-75.54835,5.40164],[-75.54834,5.40164],[-75.54834,5.40164],[-75.54833,5.40164],[-75.54833,5.40165],[-75.54832,5.40165],[-75.54832,5.40165],[-75.54832,5.40166],[-75.54832,5.40166],[-75.54831,5.40166],[-75.54831,5.40167],[-75.54831,5.40167],[-75.54831,5.40168],[-75.54832,5.40168],[-75.54832,5.40169],[-75.54832,5.40169],[-75.54833,5.40169],[-75.54833,5.4017],[-75.54834,5.4017],[-75.54834,5.40171],[-75.54834,5.40171],[-75.54834,5.40172],[-75.54834,5.40172],[-75.54834,5.40173],[-75.54834,5.40173],[-75.54835,5.40174],[-75.54835,5.40174],[-75.54835,5.40174],[-75.54835,5.40174],[-75.54835,5.40175],[-75.54835,5.40175],[-75.54835,5.40175],[-75.54835,5.40176],[-75.54836,5.40176],[-75.54836,5.40176],[-75.54836,5.40177],[-75.54836,5.40177],[-75.54837,5.40178],[-75.54837,5.40178],[-75.54837,5.40178],[-75.54837,5.40181],[-75.54837,5.40181],[-75.54837,5.40182],[-75.54837,5.40182],[-75.54838,5.40183],[-75.54838,5.40184],[-75.54838,5.40184],[-75.5484,5.40186],[-75.5484,5.40186],[-75.5484,5.40186],[-75.54842,5.40187],[-75.54842,5.40187],[-75.54845,5.4019],[-75.54847,5.40191],[-75.54847,5.40191],[-75.54847,5.40192],[-75.54847,5.40192],[-75.54847,5.40193],[-75.54847,5.40193],[-75.54848,5.40194],[-75.54848,5.40195],[-75.54848,5.40195],[-75.54848,5.40195],[-75.54849,5.40196],[-75.54849,5.40197],[-75.54849,5.40197],[-75.54851,5.40198],[-75.54851,5.40198],[-75.54855,5.40201],[-75.54856,5.40201],[-75.54857,5.40202],[-75.54857,5.40203],[-75.54857,5.40204],[-75.54857,5.40204],[-75.54857,5.40204],[-75.54857,5.40205],[-75.54858,5.40205],[-75.54858,5.40206],[-75.54858,5.40206],[-75.54858,5.40207],[-75.54859,5.40207],[-75.54859,5.40207],[-75.5486,5.40208],[-75.5486,5.40208],[-75.54863,5.4021],[-75.54863,5.4021],[-75.54863,5.40211],[-75.54863,5.40212],[-75.54863,5.40212],[-75.54863,5.40213],[-75.54864,5.40214],[-75.54864,5.40214],[-75.54864,5.40214],[-75.54865,5.40215],[-75.54866,5.40216],[-75.54866,5.40216],[-75.54866,5.40216],[-75.54867,5.40216],[-75.54867,5.40216],[-75.54868,5.40216],[-75.54868,5.40216],[-75.54868,5.40216],[-75.54868,5.40216],[-75.54868,5.40217],[-75.54868,5.40217],[-75.54868,5.40219],[-75.54868,5.40219],[-75.54868,5.4022],[-75.54869,5.40222],[-75.54869,5.40222],[-75.54869,5.40222],[-75.54871,5.40224],[-75.54871,5.40225],[-75.54873,5.40227],[-75.54873,5.40227],[-75.54875,5.40229],[-75.54875,5.40229],[-75.54875,5.40229],[-75.54878,5.40231],[-75.54878,5.40231],[-75.54888,5.40237],[-75.54891,5.4024],[-75.54891,5.4024],[-75.54891,5.4024],[-75.54892,5.40241],[-75.54892,5.40241],[-75.54893,5.40241],[-75.54894,5.40241],[-75.54894,5.40241],[-75.54894,5.40241],[-75.54895,5.40241],[-75.54895,5.40241],[-75.54896,5.40241],[-75.54897,5.40242],[-75.54897,5.40242],[-75.54898,5.40243],[-75.54899,5.40244],[-75.54899,5.40245],[-75.54899,5.40245],[-75.54899,5.40247],[-75.54899,5.40248],[-75.54899,5.40248],[-75.54899,5.40248],[-75.54899,5.40249],[-75.54899,5.40249],[-75.54899,5.40249],[-75.549,5.4025],[-75.549,5.4025],[-75.549,5.4025],[-75.549,5.4025],[-75.549,5.40251],[-75.549,5.40251],[-75.54901,5.40251],[-75.54901,5.40252],[-75.54901,5.40252],[-75.54902,5.40252],[-75.54902,5.40253],[-75.54902,5.40253],[-75.54901,5.40253],[-75.54901,5.40254],[-75.54901,5.40254],[-75.54901,5.40254],[-75.54901,5.40255],[-75.54901,5.40255],[-75.54901,5.40256],[-75.54901,5.40256],[-75.54901,5.40257],[-75.54901,5.40257],[-75.54901,5.40257],[-75.54901,5.40258],[-75.54901,5.4026],[-75.54901,5.40261],[-75.54901,5.40261],[-75.54901,5.40262],[-75.54901,5.40263],[-75.54901,5.40263],[-75.54901,5.40264],[-75.54901,5.40265],[-75.54902,5.40265],[-75.54902,5.40266],[-75.54902,5.40267],[-75.54902,5.40268],[-75.54902,5.40269],[-75.54901,5.40269],[-75.54899,5.40271],[-75.54899,5.40271],[-75.54898,5.40272],[-75.54898,5.40273],[-75.54898,5.40273],[-75.54897,5.40275],[-75.54897,5.40276],[-75.54897,5.40276],[-75.54897,5.40278],[-75.54896,5.40278],[-75.54897,5.40279],[-75.54897,5.40281],[-75.54897,5.40281],[-75.54897,5.40282],[-75.54898,5.40284],[-75.54898,5.40284],[-75.54898,5.40284],[-75.54899,5.40285],[-75.54899,5.40285],[-75.54899,5.40286],[-75.54901,5.40287],[-75.54901,5.40288],[-75.54901,5.40288],[-75.54901,5.40288],[-75.549,5.40292],[-75.549,5.40293],[-75.549,5.40293],[-75.549,5.40294],[-75.549,5.40295],[-75.549,5.40295],[-75.549,5.40296],[-75.549,5.40296],[-75.549,5.40297],[-75.549,5.40297],[-75.54901,5.40298],[-75.54901,5.40298],[-75.54901,5.40299],[-75.54902,5.40299],[-75.54902,5.40299],[-75.54902,5.403],[-75.54902,5.403],[-75.54902,5.403],[-75.54902,5.40301],[-75.54902,5.40301],[-75.54902,5.40302],[-75.54903,5.40302],[-75.54903,5.40302],[-75.54904,5.40304],[-75.54905,5.40306],[-75.54906,5.40308],[-75.54906,5.40311],[-75.54906,5.40313],[-75.54905,5.40316],[-75.54904,5.40318],[-75.54903,5.4032],[-75.54901,5.40322],[-75.54901,5.40322],[-75.54901,5.40322],[-75.54899,5.40324],[-75.54899,5.40325],[-75.54899,5.40325],[-75.54899,5.40327],[-75.54898,5.40327],[-75.54898,5.40327],[-75.54898,5.40329],[-75.54898,5.40329],[-75.54899,5.4033],[-75.54899,5.4033],[-75.54899,5.4033],[-75.54899,5.40331],[-75.54899,5.40331],[-75.549,5.40331],[-75.549,5.40332],[-75.54901,5.40334],[-75.54901,5.40334],[-75.54901,5.40335],[-75.54902,5.40337],[-75.54903,5.40337],[-75.54903,5.4034],[-75.54903,5.4034],[-75.54903,5.40341],[-75.54903,5.40341],[-75.54904,5.40344],[-75.54904,5.40343],[-75.54903,5.40343],[-75.54903,5.40343],[-75.54903,5.40343],[-75.54902,5.40343],[-75.54901,5.40342],[-75.549,5.40342],[-75.549,5.40342],[-75.54899,5.40341],[-75.54899,5.40341],[-75.54899,5.40341],[-75.54898,5.40341],[-75.54898,5.40341],[-75.54898,5.40341],[-75.54898,5.40341],[-75.54897,5.4034],[-75.54897,5.4034],[-75.54897,5.4034],[-75.54895,5.40339],[-75.54894,5.40338],[-75.54894,5.40338],[-75.54893,5.40338],[-75.54893,5.40338],[-75.54892,5.40338],[-75.5489,5.40338],[-75.5489,5.40338],[-75.5489,5.40338],[-75.54889,5.40338],[-75.54887,5.40335],[-75.54886,5.40333],[-75.54886,5.40332],[-75.54886,5.40332],[-75.54885,5.40332],[-75.54885,5.40331],[-75.54884,5.40331],[-75.54884,5.40331],[-75.54884,5.40331],[-75.54883,5.4033],[-75.54883,5.4033],[-75.54883,5.40329],[-75.54883,5.40329],[-75.54883,5.40329],[-75.54882,5.40328],[-75.54882,5.40328],[-75.54881,5.40327],[-75.54881,5.40327],[-75.5488,5.40327],[-75.5488,5.40326],[-75.5488,5.40326],[-75.54879,5.40326],[-75.54878,5.40326],[-75.54877,5.40326],[-75.54877,5.40326],[-75.54877,5.40326],[-75.54876,5.40326],[-75.54876,5.40326],[-75.54876,5.40325],[-75.54875,5.40325],[-75.54875,5.40325],[-75.54875,5.40325],[-75.54873,5.40325],[-75.54873,5.40325],[-75.54872,5.40324],[-75.54872,5.40324],[-75.54852,5.40301],[-75.54845,5.40284],[-75.54833,5.40248],[-75.54826,5.40223],[-75.54825,5.40222],[-75.54825,5.40222],[-75.54825,5.40222],[-75.54825,5.40221],[-75.54824,5.40221],[-75.54824,5.40221],[-75.54823,5.40221],[-75.54823,5.40221],[-75.54822,5.40221],[-75.54822,5.40221],[-75.54821,5.40222],[-75.54821,5.40222],[-75.54821,5.40222],[-75.54821,5.40223],[-75.5482,5.40223],[-75.5482,5.40224],[-75.5482,5.40224],[-75.5482,5.40224],[-75.54828,5.4025],[-75.5484,5.40286],[-75.5484,5.40286],[-75.54847,5.40303],[-75.54847,5.40304],[-75.54847,5.40304],[-75.54847,5.40304],[-75.54868,5.40327],[-75.54869,5.40329],[-75.5487,5.40329],[-75.5487,5.40329],[-75.5487,5.4033],[-75.54871,5.4033],[-75.54871,5.4033],[-75.54872,5.4033],[-75.54872,5.40331],[-75.54873,5.40331],[-75.54873,5.40331],[-75.54873,5.40331],[-75.54874,5.40331],[-75.54874,5.40331],[-75.54874,5.40332],[-75.54875,5.40332],[-75.54875,5.40332],[-75.54876,5.40332],[-75.54876,5.40332],[-75.54876,5.40332],[-75.54877,5.40332],[-75.54877,5.40332],[-75.54878,5.40331],[-75.54878,5.40331],[-75.54878,5.40331],[-75.54878,5.40332],[-75.54878,5.40332],[-75.54878,5.40333],[-75.54878,5.40333],[-75.54878,5.40333],[-75.54878,5.40334],[-75.54878,5.40334],[-75.54879,5.40335],[-75.54879,5.40335],[-75.54879,5.40335],[-75.54879,5.40336],[-75.5488,5.40336],[-75.5488,5.40336],[-75.54881,5.40336],[-75.54881,5.40336],[-75.54881,5.40336],[-75.54882,5.40336],[-75.54883,5.40338],[-75.54883,5.40338],[-75.54885,5.40341],[-75.54885,5.40341],[-75.54886,5.40342],[-75.54887,5.40343],[-75.54887,5.40343],[-75.54887,5.40343],[-75.54888,5.40343],[-75.54889,5.40344],[-75.54889,5.40344],[-75.5489,5.40344],[-75.5489,5.40344],[-75.54891,5.40344],[-75.54893,5.40344],[-75.54893,5.40344],[-75.54894,5.40344],[-75.54894,5.40344],[-75.54894,5.40345],[-75.54894,5.40345],[-75.54894,5.40345],[-75.54895,5.40346],[-75.54895,5.40346],[-75.54895,5.40346],[-75.54896,5.40346],[-75.54896,5.40346],[-75.54896,5.40347],[-75.54897,5.40347],[-75.54897,5.40346],[-75.54898,5.40347],[-75.54898,5.40348],[-75.54899,5.40348],[-75.54899,5.40348],[-75.549,5.40348],[-75.549,5.40349],[-75.54901,5.40349],[-75.54902,5.40349],[-75.54902,5.40349],[-75.54903,5.40349],[-75.54903,5.40349],[-75.54902,5.40351],[-75.54902,5.40351],[-75.54902,5.40352],[-75.54902,5.40352],[-75.54903,5.40353],[-75.54903,5.40353],[-75.54903,5.40353],[-75.54903,5.40354],[-75.54904,5.40354],[-75.54904,5.40354],[-75.54905,5.40354],[-75.54905,5.40355],[-75.54905,5.40355],[-75.54905,5.40355],[-75.54906,5.40356],[-75.54907,5.40356],[-75.54907,5.40357],[-75.54909,5.40357],[-75.5491,5.40358],[-75.54911,5.40359],[-75.54912,5.40359],[-75.54912,5.4036],[-75.54912,5.40361],[-75.54912,5.40364],[-75.54912,5.40364],[-75.54912,5.40364],[-75.54913,5.40366],[-75.54913,5.40366],[-75.54913,5.40366],[-75.54914,5.40367],[-75.54914,5.40368],[-75.54915,5.40369],[-75.54915,5.40369],[-75.54916,5.4037],[-75.54917,5.4037],[-75.54917,5.4037],[-75.54918,5.40371],[-75.54918,5.40371],[-75.54918,5.40371],[-75.54919,5.40371],[-75.54919,5.40371],[-75.5492,5.40371],[-75.5492,5.40371],[-75.54922,5.40371],[-75.54922,5.40371]]],[[[-75.54834,5.40626],[-75.54835,5.40626],[-75.54835,5.40626],[-75.54836,5.40626],[-75.54836,5.40627],[-75.54837,5.40627],[-75.54838,5.40627],[-75.54838,5.40627],[-75.54839,5.40627],[-75.54842,5.40627],[-75.54842,5.40627],[-75.54842,5.40628],[-75.54843,5.40628],[-75.54843,5.40628],[-75.54843,5.40628],[-75.54844,5.40628],[-75.54845,5.40629],[-75.54845,5.40629],[-75.54845,5.40629],[-75.54846,5.40629],[-75.54847,5.40628],[-75.54847,5.40628],[-75.54848,5.40628],[-75.54849,5.40628],[-75.54849,5.40628],[-75.5485,5.40628],[-75.54851,5.40627],[-75.54852,5.40627],[-75.54852,5.40626],[-75.54853,5.40625],[-75.54854,5.40626],[-75.54854,5.40626],[-75.54854,5.40626],[-75.54854,5.40626],[-75.54854,5.40626],[-75.54855,5.40627],[-75.54855,5.40627],[-75.54855,5.40627],[-75.54855,5.40627],[-75.54855,5.40627],[-75.54855,5.40627],[-75.54856,5.40627],[-75.54856,5.40627],[-75.54856,5.40627],[-75.54856,5.40627],[-75.54856,5.40627],[-75.54856,5.40626],[-75.54857,5.40626],[-75.54857,5.40626],[-75.54857,5.40626],[-75.54857,5.40626],[-75.54857,5.40626],[-75.54857,5.40626],[-75.54857,5.40626],[-75.54858,5.40626],[-75.54858,5.40625],[-75.54858,5.40625],[-75.54858,5.40625],[-75.54858,5.40625],[-75.54858,5.40625],[-75.54858,5.40625],[-75.54858,5.40625],[-75.54858,5.40624],[-75.54858,5.40624],[-75.54858,5.40624],[-75.54858,5.40624],[-75.54858,5.40624],[-75.54858,5.40623],[-75.54858,5.40623],[-75.54858,5.40623],[-75.54858,5.40623],[-75.54858,5.40623],[-75.54858,5.40623],[-75.54858,5.40622],[-75.54858,5.40622],[-75.54857,5.40622],[-75.54857,5.40622],[-75.54857,5.40622],[-75.54857,5.40622],[-75.54857,5.40622],[-75.54855,5.40621],[-75.54855,5.4062],[-75.54855,5.40619],[-75.54855,5.40618],[-75.54855,5.40618],[-75.54855,5.40617],[-75.54854,5.40617],[-75.54854,5.40616],[-75.54854,5.40616],[-75.54854,5.40615],[-75.54853,5.40615],[-75.54851,5.40613],[-75.5485,5.40613],[-75.5485,5.40612],[-75.54851,5.40608],[-75.54851,5.40608],[-75.54851,5.40607],[-75.54851,5.40607],[-75.54851,5.40606],[-75.54851,5.40606],[-75.54851,5.40605],[-75.5485,5.40605],[-75.5485,5.40605],[-75.5485,5.40604],[-75.54849,5.40604],[-75.54849,5.40603],[-75.54849,5.40603],[-75.54849,5.40603],[-75.54848,5.40602],[-75.54848,5.40601],[-75.54848,5.40601],[-75.54847,5.406],[-75.54847,5.406],[-75.54847,5.406],[-75.54846,5.40599],[-75.54846,5.40597],[-75.54846,5.40597],[-75.54846,5.40597],[-75.54846,5.40595],[-75.54846,5.40595],[-75.54846,5.40594],[-75.54845,5.40593],[-75.54844,5.40592],[-75.54844,5.40592],[-75.54843,5.40591],[-75.54843,5.40591],[-75.54843,5.40588],[-75.54843,5.40588],[-75.54843,5.40587],[-75.54843,5.40587],[-75.54843,5.40586],[-75.54842,5.40585],[-75.54842,5.40585],[-75.54842,5.40585],[-75.54842,5.40584],[-75.54841,5.40584],[-75.54841,5.40584],[-75.54841,5.40583],[-75.54841,5.40583],[-75.54841,5.40583],[-75.54841,5.40582],[-75.54841,5.40582],[-75.54841,5.40582],[-75.5484,5.4058],[-75.54839,5.40578],[-75.54839,5.40576],[-75.54839,5.40573],[-75.5484,5.40569],[-75.5484,5.40568],[-75.5484,5.40568],[-75.5484,5.40567],[-75.5484,5.40566],[-75.5484,5.40566],[-75.5484,5.40566],[-75.5484,5.40565],[-75.5484,5.40564],[-75.5484,5.40564],[-75.54839,5.40563],[-75.54839,5.40563],[-75.54839,5.40563],[-75.54838,5.40562],[-75.54838,5.40561],[-75.54836,5.4056],[-75.54836,5.40559],[-75.54832,5.40557],[-75.5483,5.40556],[-75.5483,5.40556],[-75.5483,5.40555],[-75.54829,5.40555],[-75.54828,5.40555],[-75.54828,5.40555],[-75.54828,5.40555],[-75.54826,5.40555],[-75.54823,5.40554],[-75.54823,5.40554],[-75.54822,5.40554],[-75.54822,5.40554],[-75.5482,5.40554],[-75.5482,5.40554],[-75.5482,5.40554],[-75.54817,5.40555],[-75.54817,5.40555],[-75.54816,5.40555],[-75.54816,5.40554],[-75.54816,5.40554],[-75.54815,5.40554],[-75.54815,5.40554],[-75.54815,5.40554],[-75.54816,5.40552],[-75.54816,5.40552],[-75.54816,5.40552],[-75.54816,5.4055],[-75.54816,5.40549],[-75.54816,5.40549],[-75.54815,5.40547],[-75.54815,5.40546],[-75.54815,5.40546],[-75.54814,5.40544],[-75.54814,5.40544],[-75.54814,5.40544],[-75.54813,5.40542],[-75.54813,5.40542],[-75.54813,5.4054],[-75.54813,5.4054],[-75.54813,5.4054],[-75.54813,5.40539],[-75.54813,5.40538],[-75.54812,5.40538],[-75.54812,5.40537],[-75.54812,5.40537],[-75.54812,5.40534],[-75.54812,5.40534],[-75.54812,5.40534],[-75.54812,5.40532],[-75.54812,5.40532],[-75.54812,5.40532],[-75.54811,5.40531],[-75.54811,5.40531],[-75.5481,5.4053],[-75.5481,5.40528],[-75.5481,5.40528],[-75.5481,5.40528],[-75.5481,5.40527],[-75.5481,5.40527],[-75.5481,5.40526],[-75.5481,5.40526],[-75.54809,5.40524],[-75.54809,5.40524],[-75.54809,5.40522],[-75.54808,5.40521],[-75.54808,5.40521],[-75.54808,5.4052],[-75.54808,5.4052],[-75.54808,5.40519],[-75.54808,5.40519],[-75.54806,5.40517],[-75.54806,5.40517],[-75.54806,5.40517],[-75.54804,5.40515],[-75.54804,5.40514],[-75.54804,5.40513],[-75.54804,5.40513],[-75.54803,5.40512],[-75.54803,5.40511],[-75.54803,5.40511],[-75.54802,5.4051],[-75.54802,5.40509],[-75.54801,5.40509],[-75.548,5.40508],[-75.548,5.40508],[-75.54796,5.40505],[-75.54795,5.40504],[-75.54795,5.40504],[-75.54794,5.40503],[-75.54794,5.40501],[-75.54794,5.40501],[-75.54794,5.405],[-75.54794,5.405],[-75.54794,5.40499],[-75.54794,5.40499],[-75.54794,5.40498],[-75.54793,5.40498],[-75.54793,5.40498],[-75.54793,5.40497],[-75.54793,5.40497],[-75.54793,5.40497],[-75.54793,5.40496],[-75.54793,5.40494],[-75.54795,5.40488],[-75.54795,5.40488],[-75.54795,5.40488],[-75.54795,5.40486],[-75.54795,5.40485],[-75.54795,5.40485],[-75.54795,5.40484],[-75.54795,5.40484],[-75.54795,5.40484],[-75.54795,5.40483],[-75.54795,5.40483],[-75.54794,5.40482],[-75.54794,5.40482],[-75.54794,5.40482],[-75.54793,5.40481],[-75.54793,5.40481],[-75.54793,5.40481],[-75.54793,5.4048],[-75.54793,5.4048],[-75.54793,5.40479],[-75.54793,5.40479],[-75.54793,5.40478],[-75.54793,5.40477],[-75.54792,5.40477],[-75.54792,5.40477],[-75.54792,5.40476],[-75.54792,5.40476],[-75.54793,5.40475],[-75.54793,5.40474],[-75.54793,5.40474],[-75.54793,5.40473],[-75.54793,5.40472],[-75.54793,5.40472],[-75.54793,5.40472],[-75.54793,5.40472],[-75.54793,5.40471],[-75.54794,5.40471],[-75.54794,5.40471],[-75.54795,5.40471],[-75.54795,5.40471],[-75.54796,5.40471],[-75.54796,5.40471],[-75.54798,5.4047],[-75.54798,5.4047],[-75.54799,5.4047],[-75.54801,5.40468],[-75.54801,5.40468],[-75.54801,5.40468],[-75.54802,5.40466],[-75.54803,5.40466],[-75.54803,5.40466],[-75.54804,5.40464],[-75.54804,5.40464],[-75.54804,5.40463],[-75.54804,5.40462],[-75.54804,5.40462],[-75.54804,5.40462],[-75.54804,5.4046],[-75.54806,5.4046],[-75.54807,5.4046],[-75.54807,5.4046],[-75.54809,5.4046],[-75.54809,5.4046],[-75.54809,5.4046],[-75.5481,5.4046],[-75.54811,5.40458],[-75.54811,5.40458],[-75.54812,5.40458],[-75.54812,5.40457],[-75.54812,5.40457],[-75.54813,5.40457],[-75.54813,5.40456],[-75.54813,5.40456],[-75.54813,5.40455],[-75.54813,5.40455],[-75.54813,5.40454],[-75.54814,5.40453],[-75.54815,5.40453],[-75.54815,5.40453],[-75.54815,5.40452],[-75.54816,5.40452],[-75.54816,5.40452],[-75.54817,5.4045],[-75.54817,5.4045],[-75.54817,5.4045],[-75.54817,5.40448],[-75.54818,5.40448],[-75.54818,5.40447],[-75.54818,5.40447],[-75.5482,5.40445],[-75.5482,5.40445],[-75.5482,5.40445],[-75.54821,5.40444],[-75.54821,5.40444],[-75.54821,5.40444],[-75.54821,5.40443],[-75.54821,5.40443],[-75.54822,5.40442],[-75.54822,5.40442],[-75.54822,5.40442],[-75.54822,5.40441],[-75.54823,5.40441],[-75.54823,5.40439],[-75.54824,5.40439],[-75.54824,5.40439],[-75.54824,5.40436],[-75.54824,5.40436],[-75.54824,5.40436],[-75.54824,5.40434],[-75.54824,5.40433],[-75.54823,5.40427],[-75.54823,5.40426],[-75.54823,5.40425],[-75.54824,5.40423],[-75.54824,5.40422],[-75.54825,5.40421],[-75.54825,5.40421],[-75.54825,5.40421],[-75.54825,5.4042],[-75.54825,5.40419],[-75.54825,5.40419],[-75.54825,5.40418],[-75.54825,5.40418],[-75.54824,5.40417],[-75.54824,5.40416],[-75.54824,5.40416],[-75.54823,5.40416],[-75.54823,5.40415],[-75.54823,5.40415],[-75.54823,5.40415],[-75.54823,5.4041],[-75.54823,5.4041],[-75.54823,5.4041],[-75.54823,5.40408],[-75.54823,5.40408],[-75.54823,5.40407],[-75.54823,5.40406],[-75.54823,5.40405],[-75.54822,5.40405],[-75.54822,5.40405],[-75.54822,5.40404],[-75.54822,5.40404],[-75.54821,5.40403],[-75.54821,5.40403],[-75.54821,5.40403],[-75.54821,5.40402],[-75.54821,5.40401],[-75.54821,5.404],[-75.54821,5.404],[-75.54821,5.404],[-75.54821,5.40399],[-75.54821,5.40398],[-75.54821,5.40398],[-75.54821,5.40398],[-75.5482,5.40398],[-75.5482,5.40397],[-75.5482,5.40396],[-75.5482,5.40396],[-75.5482,5.40395],[-75.5482,5.40395],[-75.5482,5.40394],[-75.5482,5.40394],[-75.5482,5.40394],[-75.5482,5.40393],[-75.54819,5.40393],[-75.54819,5.40392],[-75.54819,5.40392],[-75.54818,5.40392],[-75.54818,5.4039],[-75.54818,5.4039],[-75.54818,5.40389],[-75.54818,5.40389],[-75.54817,5.40388],[-75.54817,5.40388],[-75.54817,5.40387],[-75.54816,5.40387],[-75.54815,5.40386],[-75.54815,5.40386],[-75.54815,5.40385],[-75.54815,5.40384],[-75.54815,5.40383],[-75.54815,5.40383],[-75.54815,5.40382],[-75.54815,5.40382],[-75.54814,5.40381],[-75.54814,5.40381],[-75.54814,5.40381],[-75.54813,5.40381],[-75.54813,5.4038],[-75.54812,5.4038],[-75.54812,5.40381],[-75.54811,5.40381],[-75.54811,5.40381],[-75.54811,5.40381],[-75.5481,5.40381],[-75.5481,5.40382],[-75.5481,5.40382],[-75.5481,5.40383],[-75.54809,5.40385],[-75.54809,5.40385],[-75.54809,5.40386],[-75.54809,5.40387],[-75.5481,5.40387],[-75.5481,5.40387],[-75.5481,5.40388],[-75.5481,5.40388],[-75.5481,5.40389],[-75.5481,5.40389],[-75.54811,5.4039],[-75.54811,5.4039],[-75.54811,5.4039],[-75.54812,5.40391],[-75.54812,5.40393],[-75.54812,5.40393],[-75.54813,5.40393],[-75.54813,5.40394],[-75.54813,5.40394],[-75.54813,5.40395],[-75.54814,5.40395],[-75.54814,5.40395],[-75.54815,5.40396],[-75.54815,5.40397],[-75.54815,5.40398],[-75.54815,5.40398],[-75.54815,5.40398],[-75.54815,5.40399],[-75.54815,5.404],[-75.54815,5.404],[-75.54815,5.404],[-75.54816,5.404],[-75.54816,5.40401],[-75.54815,5.40402],[-75.54815,5.40403],[-75.54815,5.40403],[-75.54816,5.40404],[-75.54816,5.40404],[-75.54816,5.40405],[-75.54816,5.40405],[-75.54816,5.40405],[-75.54816,5.40405],[-75.54816,5.40406],[-75.54816,5.40406],[-75.54816,5.40407],[-75.54817,5.40407],[-75.54817,5.40407],[-75.54818,5.40408],[-75.54818,5.40409],[-75.54818,5.4041],[-75.54817,5.40414],[-75.54817,5.40415],[-75.54817,5.40415],[-75.54817,5.40416],[-75.54818,5.40416],[-75.54818,5.40417],[-75.54818,5.40417],[-75.54818,5.40418],[-75.54818,5.40418],[-75.54819,5.40419],[-75.54819,5.40419],[-75.54819,5.40419],[-75.54819,5.40419],[-75.54819,5.4042],[-75.54819,5.40421],[-75.54818,5.40423],[-75.54818,5.40423],[-75.54818,5.40423],[-75.54818,5.40425],[-75.54818,5.40425],[-75.54818,5.40425],[-75.54818,5.40427],[-75.54818,5.40428],[-75.54819,5.40434],[-75.54819,5.40436],[-75.54819,5.40437],[-75.54818,5.40438],[-75.54817,5.40438],[-75.54817,5.40439],[-75.54817,5.40439],[-75.54817,5.4044],[-75.54816,5.4044],[-75.54816,5.4044],[-75.54816,5.40441],[-75.54816,5.40441],[-75.54814,5.40442],[-75.54814,5.40442],[-75.54814,5.40443],[-75.54813,5.40443],[-75.54813,5.40443],[-75.54813,5.40444],[-75.54813,5.40444],[-75.54812,5.40444],[-75.54812,5.40445],[-75.54812,5.40445],[-75.54812,5.40446],[-75.54812,5.40447],[-75.54812,5.40448],[-75.54811,5.40449],[-75.54811,5.40449],[-75.54809,5.40451],[-75.54809,5.40451],[-75.54809,5.40451],[-75.54809,5.40451],[-75.54808,5.40452],[-75.54808,5.40453],[-75.54808,5.40453],[-75.54808,5.40454],[-75.54808,5.40454],[-75.54807,5.40455],[-75.54807,5.40455],[-75.54804,5.40454],[-75.54804,5.40454],[-75.54803,5.40454],[-75.54803,5.40454],[-75.54802,5.40454],[-75.54802,5.40455],[-75.54801,5.40455],[-75.54801,5.40455],[-75.54801,5.40455],[-75.548,5.40456],[-75.548,5.40457],[-75.54799,5.40457],[-75.54799,5.40457],[-75.54799,5.40458],[-75.54799,5.40459],[-75.54799,5.40459],[-75.54799,5.40459],[-75.54799,5.40462],[-75.54799,5.40462],[-75.54798,5.40463],[-75.54797,5.40464],[-75.54796,5.40465],[-75.54794,5.40466],[-75.54794,5.40466],[-75.54792,5.40466],[-75.54792,5.40466],[-75.54791,5.40466],[-75.54791,5.40466],[-75.5479,5.40466],[-75.5479,5.40466],[-75.5479,5.40467],[-75.54789,5.40467],[-75.54789,5.40466],[-75.54787,5.40464],[-75.54787,5.40463],[-75.54786,5.4046],[-75.54786,5.40459],[-75.54786,5.40457],[-75.54786,5.40457],[-75.54787,5.40456],[-75.54787,5.40456],[-75.54788,5.40455],[-75.54788,5.40455],[-75.54788,5.40455],[-75.54788,5.40454],[-75.54788,5.40453],[-75.54788,5.40452],[-75.54788,5.40452],[-75.54787,5.40451],[-75.54787,5.40451],[-75.54787,5.4045],[-75.54787,5.4045],[-75.54786,5.40449],[-75.54786,5.40449],[-75.54786,5.40449],[-75.54785,5.40448],[-75.54785,5.40448],[-75.54781,5.40446],[-75.54781,5.40445],[-75.54781,5.40445],[-75.54781,5.40441],[-75.54781,5.40441],[-75.54781,5.40441],[-75.54781,5.4044],[-75.54781,5.40439],[-75.54781,5.40439],[-75.54781,5.40438],[-75.54781,5.40438],[-75.5478,5.40437],[-75.5478,5.40437],[-75.5478,5.40435],[-75.5478,5.40435],[-75.5478,5.40434],[-75.5478,5.40433],[-75.5478,5.40433],[-75.54779,5.40433],[-75.54779,5.40432],[-75.54779,5.40432],[-75.54778,5.40432],[-75.54778,5.40431],[-75.54778,5.40431],[-75.54777,5.4043],[-75.54776,5.4043],[-75.54776,5.40429],[-75.54776,5.40428],[-75.54775,5.40428],[-75.54775,5.40427],[-75.54775,5.40427],[-75.54773,5.40425],[-75.54772,5.40424],[-75.54771,5.40424],[-75.54771,5.40423],[-75.54771,5.40423],[-75.54771,5.40422],[-75.54771,5.40422],[-75.54771,5.40421],[-75.54771,5.40421],[-75.5477,5.40421],[-75.5477,5.40421],[-75.54769,5.4042],[-75.54769,5.4042],[-75.54769,5.4042],[-75.54768,5.4042],[-75.54768,5.4042],[-75.54768,5.4042],[-75.54767,5.4042],[-75.54767,5.4042],[-75.54766,5.40419],[-75.54766,5.40419],[-75.54766,5.40419],[-75.54765,5.40419],[-75.54765,5.40419],[-75.54765,5.40419],[-75.54764,5.40419],[-75.54763,5.40418],[-75.54763,5.40418],[-75.54763,5.40417],[-75.54762,5.40417],[-75.54762,5.40417],[-75.54761,5.40416],[-75.54761,5.40416],[-75.54761,5.40416],[-75.5476,5.40416],[-75.54759,5.40416],[-75.54759,5.40416],[-75.54759,5.40416],[-75.54758,5.40415],[-75.54757,5.40414],[-75.54757,5.40413],[-75.54757,5.4041],[-75.54757,5.4041],[-75.54757,5.4041],[-75.54756,5.40409],[-75.54756,5.40408],[-75.54756,5.40408],[-75.54755,5.40407],[-75.54755,5.40407],[-75.54755,5.40407],[-75.54754,5.40406],[-75.54754,5.40405],[-75.54754,5.40404],[-75.54754,5.40404],[-75.54754,5.40404],[-75.54753,5.40403],[-75.54753,5.40403],[-75.54753,5.40402],[-75.54753,5.40402],[-75.54752,5.40402],[-75.54752,5.40401],[-75.54752,5.40401],[-75.54749,5.40399],[-75.54749,5.40399],[-75.54749,5.40398],[-75.54749,5.40398],[-75.54749,5.40398],[-75.54749,5.40397],[-75.54749,5.40397],[-75.54748,5.40396],[-75.54748,5.40396],[-75.54748,5.40396],[-75.54747,5.40395],[-75.54747,5.40393],[-75.54747,5.40393],[-75.54747,5.40392],[-75.54747,5.40391],[-75.54747,5.40391],[-75.54747,5.4039],[-75.54746,5.40388],[-75.54746,5.40388],[-75.54746,5.40388],[-75.54744,5.40386],[-75.54744,5.40386],[-75.54744,5.40385],[-75.54742,5.40384],[-75.54741,5.40384],[-75.54741,5.40384],[-75.54739,5.40383],[-75.54739,5.40383],[-75.54738,5.40383],[-75.54738,5.40383],[-75.54738,5.40382],[-75.5474,5.40376],[-75.5474,5.40376],[-75.5474,5.40376],[-75.5474,5.40373],[-75.5474,5.40373],[-75.5474,5.40371],[-75.5474,5.40371],[-75.5474,5.4037],[-75.5474,5.40369],[-75.54739,5.40368],[-75.54739,5.40368],[-75.54739,5.40368],[-75.54738,5.40367],[-75.54738,5.40366],[-75.54738,5.40366],[-75.54738,5.40366],[-75.54738,5.40365],[-75.54738,5.40365],[-75.54738,5.40364],[-75.54737,5.40364],[-75.54738,5.40364],[-75.54738,5.40363],[-75.54738,5.40363],[-75.54738,5.40363],[-75.54738,5.40363],[-75.54738,5.40363],[-75.54738,5.40363],[-75.54738,5.40362],[-75.54738,5.40362],[-75.54738,5.40362],[-75.54738,5.40362],[-75.54738,5.40362],[-75.54738,5.40361],[-75.54738,5.40361],[-75.54738,5.40361],[-75.54738,5.40361],[-75.54738,5.40361],[-75.54738,5.4036],[-75.54738,5.40359],[-75.5474,5.40357],[-75.5474,5.40357],[-75.5474,5.40357],[-75.5474,5.40357],[-75.54741,5.40356],[-75.54741,5.40356],[-75.54741,5.40356],[-75.54741,5.40356],[-75.54741,5.40355],[-75.54741,5.40355],[-75.54741,5.40355],[-75.54741,5.40354],[-75.54741,5.40353],[-75.54742,5.40353],[-75.54742,5.40353],[-75.54742,5.40353],[-75.54742,5.40353],[-75.54742,5.40351],[-75.54742,5.40351],[-75.54742,5.40351],[-75.54742,5.4035],[-75.54742,5.4035],[-75.54741,5.40348],[-75.54741,5.40348],[-75.54741,5.40348],[-75.54741,5.40348],[-75.54741,5.40348],[-75.54741,5.40346],[-75.54741,5.40346],[-75.54741,5.40345],[-75.54741,5.40345],[-75.54742,5.40345],[-75.54742,5.40342],[-75.54745,5.40338],[-75.54745,5.40337],[-75.54747,5.40332],[-75.54751,5.40329],[-75.54752,5.40327],[-75.54753,5.40327],[-75.54753,5.40327],[-75.54753,5.40326],[-75.54754,5.40323],[-75.54754,5.40323],[-75.54754,5.40323],[-75.54755,5.40313],[-75.54755,5.40311],[-75.54755,5.4031],[-75.54755,5.4031],[-75.54756,5.40307],[-75.54756,5.40307],[-75.54756,5.40307],[-75.54755,5.40303],[-75.54756,5.40297],[-75.54758,5.4029],[-75.54758,5.4029],[-75.54758,5.40285],[-75.54758,5.40284],[-75.54758,5.40284],[-75.54758,5.40284],[-75.54758,5.40283],[-75.54758,5.40283],[-75.54757,5.40282],[-75.54757,5.40282],[-75.54757,5.40282],[-75.54756,5.40282],[-75.54756,5.40282],[-75.54755,5.40282],[-75.54755,5.40282],[-75.54754,5.40282],[-75.54754,5.40282],[-75.54754,5.40283],[-75.54754,5.40283],[-75.54753,5.40283],[-75.54753,5.40284],[-75.54753,5.40284],[-75.54752,5.40289],[-75.5475,5.40295],[-75.5475,5.40296],[-75.5475,5.40296],[-75.5475,5.40303],[-75.5475,5.40303],[-75.5475,5.40304],[-75.5475,5.40307],[-75.5475,5.40309],[-75.54749,5.40312],[-75.54749,5.40312],[-75.54749,5.40313],[-75.54749,5.40322],[-75.54748,5.40324],[-75.54747,5.40325],[-75.54743,5.40329],[-75.54743,5.40329],[-75.54743,5.40329],[-75.54742,5.4033],[-75.5474,5.40335],[-75.54737,5.4034],[-75.54737,5.4034],[-75.54737,5.4034],[-75.54737,5.40341],[-75.54736,5.4034],[-75.54736,5.4034],[-75.54735,5.40338],[-75.54735,5.40336],[-75.54735,5.40335],[-75.54736,5.40334],[-75.54736,5.40334],[-75.54736,5.40334],[-75.54736,5.40333],[-75.54737,5.40333],[-75.54737,5.40333],[-75.54737,5.40333],[-75.54737,5.40333],[-75.54737,5.40333],[-75.54737,5.40333],[-75.54737,5.40332],[-75.54737,5.40331],[-75.54738,5.4033],[-75.54738,5.4033],[-75.54738,5.4033],[-75.54738,5.4033],[-75.54738,5.4033],[-75.54739,5.40329],[-75.54739,5.40329],[-75.54739,5.40329],[-75.54739,5.40328],[-75.54739,5.40328],[-75.54739,5.40328],[-75.54739,5.40328],[-75.54739,5.40328],[-75.54739,5.40328],[-75.54739,5.40327],[-75.54739,5.40327],[-75.54739,5.40326],[-75.54739,5.40326],[-75.54739,5.40326],[-75.54739,5.40325],[-75.54739,5.40325],[-75.54739,5.40325],[-75.54739,5.40325],[-75.54739,5.40325],[-75.54739,5.40325],[-75.54739,5.40324],[-75.54739,5.40324],[-75.54739,5.40324],[-75.54738,5.40324],[-75.54738,5.40324],[-75.54738,5.40323],[-75.54738,5.40323],[-75.54738,5.40323],[-75.54738,5.40323],[-75.54738,5.40323],[-75.54738,5.40322],[-75.54738,5.40322],[-75.54738,5.40322],[-75.54738,5.40322],[-75.54738,5.40322],[-75.54738,5.40322],[-75.54737,5.40321],[-75.54737,5.40321],[-75.54737,5.40321],[-75.54737,5.40321],[-75.54737,5.40321],[-75.54737,5.4032],[-75.54737,5.4032],[-75.54736,5.4032],[-75.54736,5.4032],[-75.54736,5.4032],[-75.54736,5.4032],[-75.54736,5.40319],[-75.54736,5.40319],[-75.54736,5.40318],[-75.54736,5.40318],[-75.54736,5.40318],[-75.54735,5.40318],[-75.54735,5.40318],[-75.54735,5.40318],[-75.54735,5.40317],[-75.54735,5.40317],[-75.54734,5.40317],[-75.54734,5.40316],[-75.54734,5.40316],[-75.54734,5.40316],[-75.54734,5.40316],[-75.54734,5.40316],[-75.54734,5.40316],[-75.5473,5.40314],[-75.5473,5.40313],[-75.5473,5.40313],[-75.5473,5.40313],[-75.5473,5.40301],[-75.5473,5.40301],[-75.5473,5.40301],[-75.5473,5.40297],[-75.5473,5.40297],[-75.5473,5.40297],[-75.54729,5.40296],[-75.54728,5.40294],[-75.54727,5.40294],[-75.54727,5.40293],[-75.54721,5.40287],[-75.54718,5.40281],[-75.54716,5.40277],[-75.54714,5.4027],[-75.54713,5.40263],[-75.54713,5.40258],[-75.54713,5.40258],[-75.54713,5.40257],[-75.5471,5.4025],[-75.5471,5.4025],[-75.5471,5.4025],[-75.54709,5.40247],[-75.54709,5.40244],[-75.5471,5.40238],[-75.5471,5.40237],[-75.5471,5.40237],[-75.5471,5.40236],[-75.5471,5.40236],[-75.54709,5.40236],[-75.54709,5.40235],[-75.54709,5.40235],[-75.54708,5.40235],[-75.54708,5.40235],[-75.54708,5.40235],[-75.54707,5.40234],[-75.54707,5.40235],[-75.54706,5.40235],[-75.54706,5.40235],[-75.54706,5.40235],[-75.54705,5.40235],[-75.54705,5.40236],[-75.54705,5.40236],[-75.54705,5.40237],[-75.54703,5.40243],[-75.54703,5.40243],[-75.54703,5.40248],[-75.54704,5.40248],[-75.54704,5.40249],[-75.54704,5.40249],[-75.54705,5.40252],[-75.54707,5.40259],[-75.54708,5.40263],[-75.54708,5.40264],[-75.54709,5.40271],[-75.54709,5.40271],[-75.54711,5.40279],[-75.54711,5.40279],[-75.54713,5.40283],[-75.54713,5.40283],[-75.54716,5.40289],[-75.54716,5.4029],[-75.54717,5.4029],[-75.54723,5.40297],[-75.54725,5.40299],[-75.54725,5.40301],[-75.54725,5.40309],[-75.54724,5.40309],[-75.54724,5.40309],[-75.54724,5.40309],[-75.54723,5.40309],[-75.54723,5.40309],[-75.54723,5.40309],[-75.54721,5.40309],[-75.54721,5.40309],[-75.5472,5.40307],[-75.54719,5.40307],[-75.54719,5.40307],[-75.54719,5.40307],[-75.54719,5.40307],[-75.54718,5.40306],[-75.54718,5.40306],[-75.54718,5.40306],[-75.54718,5.40306],[-75.54718,5.40306],[-75.54717,5.40306],[-75.54717,5.40306],[-75.54717,5.40306],[-75.54716,5.40306],[-75.54716,5.40306],[-75.54716,5.40305],[-75.54716,5.40305],[-75.54714,5.40305],[-75.54714,5.40305],[-75.54713,5.40304],[-75.54713,5.40304],[-75.54713,5.40304],[-75.54713,5.40304],[-75.54712,5.40304],[-75.54712,5.40304],[-75.54712,5.40304],[-75.54712,5.40303],[-75.54712,5.40303],[-75.54712,5.40303],[-75.54711,5.40303],[-75.54711,5.40303],[-75.54711,5.40303],[-75.54711,5.40303],[-75.54711,5.40303],[-75.5471,5.40303],[-75.5471,5.40303],[-75.54709,5.40303],[-75.54709,5.40303],[-75.54709,5.40303],[-75.54709,5.40303],[-75.54709,5.40303],[-75.54707,5.40303],[-75.54707,5.40302],[-75.54707,5.40302],[-75.54707,5.40302],[-75.54706,5.40302],[-75.54706,5.40302],[-75.54706,5.40302],[-75.54706,5.40302],[-75.54706,5.40301],[-75.54706,5.40301],[-75.54706,5.40301],[-75.54705,5.40301],[-75.54705,5.40301],[-75.54705,5.40301],[-75.54705,5.40301],[-75.54705,5.40301],[-75.54705,5.40301],[-75.54704,5.40301],[-75.54704,5.40301],[-75.54704,5.40301],[-75.54703,5.40301],[-75.54703,5.40301],[-75.54703,5.40301],[-75.54703,5.40301],[-75.54702,5.40301],[-75.547,5.40298],[-75.547,5.40298],[-75.547,5.40298],[-75.547,5.40298],[-75.547,5.40298],[-75.547,5.40298],[-75.547,5.40298],[-75.54699,5.40297],[-75.54699,5.40297],[-75.54699,5.40297],[-75.54699,5.40297],[-75.54699,5.40297],[-75.54698,5.40297],[-75.54698,5.40297],[-75.54698,5.40296],[-75.54698,5.40296],[-75.54697,5.40296],[-75.54697,5.40296],[-75.54697,5.40296],[-75.54697,5.40296],[-75.54697,5.40296],[-75.54695,5.40296],[-75.54695,5.40296],[-75.54695,5.40296],[-75.54694,5.40295],[-75.54694,5.40294],[-75.54694,5.40293],[-75.54694,5.40293],[-75.54694,5.40293],[-75.54693,5.40292],[-75.54693,5.40292],[-75.54693,5.40291],[-75.54693,5.40291],[-75.54692,5.40291],[-75.54692,5.4029],[-75.54692,5.40289],[-75.54692,5.40288],[-75.54691,5.40288],[-75.54691,5.40288],[-75.5469,5.40286],[-75.5469,5.40286],[-75.5469,5.40286],[-75.54687,5.40283],[-75.54686,5.40283],[-75.54686,5.40281],[-75.54686,5.4028],[-75.54686,5.4028],[-75.54686,5.4028],[-75.54686,5.40279],[-75.54685,5.40279],[-75.54685,5.40278],[-75.54685,5.40278],[-75.54685,5.40278],[-75.54683,5.40276],[-75.54683,5.40276],[-75.54682,5.40275],[-75.54682,5.40274],[-75.54682,5.40274],[-75.54682,5.40274],[-75.54681,5.40273],[-75.54681,5.40273],[-75.54681,5.40273],[-75.54679,5.40271],[-75.54679,5.40271],[-75.54678,5.40267],[-75.54677,5.40267],[-75.54677,5.40267],[-75.54676,5.40264],[-75.54675,5.40264],[-75.54673,5.40262],[-75.54673,5.40261],[-75.54671,5.40259],[-75.54671,5.40259],[-75.5467,5.40259],[-75.54667,5.40257],[-75.54666,5.40255],[-75.54666,5.40255],[-75.54665,5.40251],[-75.54663,5.40245],[-75.54663,5.40244],[-75.54663,5.40242],[-75.54663,5.40239],[-75.54665,5.40235],[-75.54665,5.40235],[-75.54665,5.40235],[-75.54665,5.40234],[-75.54665,5.40227],[-75.54665,5.40226],[-75.54665,5.40226],[-75.54664,5.40222],[-75.54663,5.4022],[-75.54665,5.40212],[-75.54665,5.40211],[-75.54666,5.40211],[-75.54666,5.40211],[-75.54666,5.40211],[-75.54669,5.40208],[-75.54669,5.40208],[-75.54669,5.40208],[-75.54676,5.40198],[-75.54676,5.40197],[-75.54677,5.40197],[-75.54677,5.40197],[-75.54677,5.40196],[-75.54677,5.40196],[-75.54676,5.40195],[-75.54676,5.40195],[-75.54676,5.40194],[-75.54676,5.40194],[-75.54675,5.40194],[-75.54675,5.40194],[-75.54674,5.40194],[-75.54674,5.40194],[-75.54673,5.40194],[-75.54673,5.40194],[-75.54673,5.40194],[-75.54672,5.40194],[-75.54672,5.40194],[-75.54672,5.40195],[-75.54665,5.40204],[-75.54664,5.40205],[-75.54663,5.40204],[-75.54663,5.40203],[-75.54665,5.40197],[-75.54667,5.40194],[-75.54667,5.40194],[-75.54667,5.40193],[-75.54668,5.40188],[-75.54668,5.40187],[-75.54668,5.40187],[-75.54668,5.40186],[-75.54668,5.40186],[-75.54668,5.40186],[-75.54668,5.40185],[-75.54667,5.40185],[-75.54667,5.40185],[-75.54667,5.40185],[-75.54666,5.40184],[-75.54666,5.40184],[-75.54665,5.40184],[-75.54665,5.40185],[-75.54664,5.40185],[-75.54664,5.40185],[-75.54664,5.40185],[-75.54663,5.40186],[-75.54663,5.40186],[-75.54663,5.40186],[-75.54662,5.40192],[-75.5466,5.40194],[-75.5466,5.40195],[-75.54659,5.40198],[-75.54656,5.40195],[-75.54651,5.40181],[-75.54651,5.40181],[-75.54651,5.4018],[-75.54651,5.4018],[-75.5465,5.4018],[-75.5465,5.4018],[-75.5465,5.40179],[-75.54649,5.40179],[-75.54649,5.40179],[-75.54648,5.40179],[-75.54648,5.40179],[-75.54648,5.4018],[-75.54647,5.4018],[-75.54647,5.4018],[-75.54647,5.40181],[-75.54646,5.40181],[-75.54646,5.40181],[-75.54646,5.40182],[-75.54646,5.40182],[-75.54646,5.40183],[-75.54651,5.40197],[-75.54652,5.40197],[-75.54652,5.40198],[-75.54658,5.40206],[-75.54659,5.40208],[-75.54659,5.4021],[-75.54658,5.40219],[-75.54658,5.40219],[-75.54658,5.4022],[-75.54658,5.40223],[-75.54658,5.40223],[-75.54658,5.40224],[-75.54659,5.40227],[-75.54659,5.40234],[-75.54658,5.40238],[-75.54658,5.40238],[-75.54657,5.40239],[-75.54657,5.40242],[-75.54657,5.40242],[-75.54657,5.40243],[-75.54657,5.40243],[-75.54658,5.40246],[-75.54659,5.40252],[-75.54654,5.4025],[-75.54651,5.40248],[-75.54651,5.40248],[-75.54645,5.40245],[-75.54643,5.40244],[-75.54638,5.40238],[-75.54637,5.40235],[-75.54637,5.40232],[-75.54637,5.40231],[-75.54637,5.40231],[-75.54635,5.40223],[-75.54635,5.40223],[-75.54635,5.40223],[-75.54635,5.40222],[-75.54634,5.40222],[-75.54634,5.40222],[-75.54633,5.40222],[-75.54633,5.40222],[-75.54633,5.40221],[-75.54632,5.40222],[-75.54632,5.40222],[-75.54631,5.40222],[-75.54631,5.40222],[-75.54631,5.40222],[-75.5463,5.40223],[-75.5463,5.40223],[-75.5463,5.40224],[-75.5463,5.40224],[-75.5463,5.40224],[-75.5463,5.40225],[-75.54632,5.40232],[-75.54632,5.40234],[-75.54626,5.4023],[-75.54621,5.40226],[-75.54621,5.40225],[-75.5462,5.40225],[-75.5462,5.40225],[-75.54619,5.40225],[-75.54619,5.40225],[-75.54619,5.40225],[-75.54618,5.40225],[-75.54618,5.40225],[-75.54617,5.40226],[-75.54617,5.40226],[-75.54617,5.40226],[-75.54617,5.40227],[-75.54616,5.40227],[-75.54616,5.40228],[-75.54616,5.40228],[-75.54616,5.40228],[-75.54617,5.40229],[-75.54617,5.40229],[-75.54617,5.4023],[-75.54622,5.40234],[-75.54622,5.40234],[-75.54623,5.40235],[-75.54634,5.40241],[-75.54639,5.40248],[-75.54639,5.40248],[-75.5464,5.40248],[-75.5464,5.40249],[-75.54642,5.4025],[-75.54643,5.4025],[-75.54643,5.4025],[-75.54648,5.40253],[-75.54651,5.40254],[-75.54651,5.40254],[-75.54658,5.40257],[-75.54661,5.40259],[-75.54663,5.40261],[-75.54663,5.40261],[-75.54663,5.40261],[-75.54663,5.40261],[-75.54663,5.40261],[-75.54663,5.40261],[-75.54663,5.40261],[-75.54667,5.40263],[-75.54669,5.40265],[-75.54671,5.40267],[-75.54673,5.4027],[-75.54674,5.40273],[-75.54674,5.40273],[-75.54675,5.40275],[-75.54675,5.40275],[-75.54676,5.40275],[-75.54677,5.40277],[-75.54677,5.40278],[-75.54678,5.40278],[-75.54678,5.40279],[-75.54678,5.40279],[-75.54679,5.4028],[-75.54679,5.4028],[-75.54679,5.4028],[-75.54681,5.40282],[-75.54681,5.40284],[-75.54681,5.40284],[-75.54681,5.40285],[-75.54681,5.40285],[-75.54682,5.40286],[-75.54682,5.40286],[-75.54682,5.40287],[-75.54682,5.40287],[-75.54683,5.40287],[-75.54686,5.4029],[-75.54687,5.40291],[-75.54687,5.40292],[-75.54687,5.40292],[-75.54687,5.40293],[-75.54687,5.40293],[-75.54684,5.40293],[-75.54683,5.40293],[-75.54683,5.40293],[-75.54677,5.40294],[-75.54671,5.40295],[-75.54659,5.40293],[-75.54659,5.40293],[-75.54659,5.40293],[-75.54652,5.40294],[-75.54651,5.40294],[-75.5464,5.40289],[-75.54634,5.40286],[-75.54634,5.40286],[-75.54633,5.40286],[-75.54631,5.40285],[-75.54629,5.40283],[-75.54627,5.40281],[-75.54627,5.40281],[-75.54627,5.40281],[-75.54624,5.40279],[-75.54624,5.40279],[-75.54624,5.40279],[-75.54621,5.40278],[-75.54619,5.40276],[-75.54614,5.40271],[-75.54614,5.4027],[-75.54613,5.4027],[-75.54613,5.4027],[-75.54613,5.4027],[-75.54612,5.4027],[-75.54612,5.4027],[-75.54611,5.4027],[-75.54611,5.4027],[-75.5461,5.4027],[-75.5461,5.40271],[-75.5461,5.40271],[-75.5461,5.40272],[-75.54609,5.40272],[-75.54609,5.40273],[-75.54609,5.40273],[-75.5461,5.40273],[-75.5461,5.40274],[-75.5461,5.40274],[-75.54615,5.4028],[-75.54615,5.4028],[-75.54615,5.4028],[-75.54618,5.40282],[-75.54618,5.40282],[-75.54619,5.40283],[-75.54621,5.40284],[-75.54623,5.40285],[-75.54625,5.40287],[-75.54625,5.40288],[-75.54626,5.40288],[-75.54628,5.4029],[-75.54629,5.4029],[-75.54629,5.4029],[-75.54632,5.40291],[-75.54637,5.40294],[-75.54638,5.40294],[-75.54649,5.40299],[-75.5465,5.40299],[-75.5465,5.40299],[-75.54652,5.403],[-75.54652,5.403],[-75.54652,5.403],[-75.54659,5.40299],[-75.5467,5.403],[-75.5467,5.403],[-75.54671,5.403],[-75.54678,5.403],[-75.54678,5.40299],[-75.54678,5.40299],[-75.54684,5.40298],[-75.5469,5.40298],[-75.5469,5.40298],[-75.5469,5.40298],[-75.5469,5.40298],[-75.54691,5.40299],[-75.54691,5.403],[-75.54691,5.403],[-75.54691,5.403],[-75.54691,5.403],[-75.54692,5.40301],[-75.54692,5.40301],[-75.54692,5.40301],[-75.54693,5.40301],[-75.54693,5.40301],[-75.54693,5.40301],[-75.54693,5.40301],[-75.54694,5.40301],[-75.54694,5.40302],[-75.54694,5.40302],[-75.54694,5.40302],[-75.54695,5.40302],[-75.54695,5.40302],[-75.54695,5.40302],[-75.54696,5.40302],[-75.54697,5.40304],[-75.54698,5.40304],[-75.54698,5.40304],[-75.54698,5.40304],[-75.54698,5.40305],[-75.54698,5.40305],[-75.54698,5.40305],[-75.54699,5.40305],[-75.54699,5.40305],[-75.54699,5.40305],[-75.54699,5.40306],[-75.54699,5.40306],[-75.547,5.40306],[-75.547,5.40306],[-75.547,5.40306],[-75.547,5.40306],[-75.547,5.40306],[-75.547,5.40306],[-75.547,5.40306],[-75.54701,5.40306],[-75.54701,5.40306],[-75.54701,5.40306],[-75.54702,5.40306],[-75.54702,5.40306],[-75.54702,5.40306],[-75.54703,5.40306],[-75.54703,5.40307],[-75.54703,5.40307],[-75.54703,5.40307],[-75.54703,5.40307],[-75.54703,5.40307],[-75.54703,5.40307],[-75.54704,5.40308],[-75.54704,5.40308],[-75.54704,5.40308],[-75.54704,5.40308],[-75.54704,5.40308],[-75.54705,5.40308],[-75.54705,5.40308],[-75.54705,5.40308],[-75.54705,5.40308],[-75.54705,5.40308],[-75.54706,5.40309],[-75.54706,5.40309],[-75.54706,5.40309],[-75.54707,5.40309],[-75.54707,5.40309],[-75.54707,5.40309],[-75.54707,5.40309],[-75.54707,5.40309],[-75.54709,5.40308],[-75.5471,5.40309],[-75.5471,5.40309],[-75.5471,5.40309],[-75.5471,5.40309],[-75.5471,5.4031],[-75.54711,5.4031],[-75.54711,5.4031],[-75.54711,5.4031],[-75.54711,5.4031],[-75.54711,5.4031],[-75.54712,5.4031],[-75.54712,5.4031],[-75.54712,5.40311],[-75.54713,5.40311],[-75.54713,5.40311],[-75.54713,5.40311],[-75.54713,5.40311],[-75.54713,5.40311],[-75.54713,5.40311],[-75.54715,5.40311],[-75.54716,5.40311],[-75.54716,5.40311],[-75.54718,5.40313],[-75.54718,5.40313],[-75.54718,5.40313],[-75.54718,5.40313],[-75.54718,5.40313],[-75.54718,5.40313],[-75.54719,5.40314],[-75.5472,5.40314],[-75.5472,5.40314],[-75.5472,5.40314],[-75.5472,5.40314],[-75.5472,5.40314],[-75.5472,5.40314],[-75.5472,5.40314],[-75.54721,5.40314],[-75.54721,5.40314],[-75.54722,5.40314],[-75.54722,5.40314],[-75.54722,5.40314],[-75.54723,5.40314],[-75.54724,5.40315],[-75.54724,5.40315],[-75.54724,5.40315],[-75.54724,5.40315],[-75.54724,5.40315],[-75.54724,5.40315],[-75.54725,5.40315],[-75.54725,5.40315],[-75.54725,5.40315],[-75.54725,5.40316],[-75.54725,5.40316],[-75.54725,5.40316],[-75.54725,5.40316],[-75.54725,5.40316],[-75.54726,5.40317],[-75.54726,5.40317],[-75.54726,5.40317],[-75.54726,5.40317],[-75.54726,5.40317],[-75.54726,5.40317],[-75.54727,5.40318],[-75.54727,5.40318],[-75.54727,5.40318],[-75.54727,5.40318],[-75.54731,5.4032],[-75.54731,5.4032],[-75.54731,5.40321],[-75.54731,5.40321],[-75.54731,5.40321],[-75.54731,5.40322],[-75.54731,5.40322],[-75.54731,5.40322],[-75.54731,5.40322],[-75.54731,5.40322],[-75.54731,5.40322],[-75.54731,5.40323],[-75.54731,5.40323],[-75.54731,5.40323],[-75.54732,5.40323],[-75.54732,5.40323],[-75.54732,5.40323],[-75.54732,5.40324],[-75.54732,5.40324],[-75.54732,5.40324],[-75.54733,5.40324],[-75.54733,5.40325],[-75.54733,5.40325],[-75.54733,5.40325],[-75.54733,5.40325],[-75.54733,5.40325],[-75.54733,5.40325],[-75.54733,5.40326],[-75.54733,5.40326],[-75.54733,5.40326],[-75.54733,5.40326],[-75.54733,5.40326],[-75.54734,5.40326],[-75.54734,5.40327],[-75.54734,5.40327],[-75.54734,5.40327],[-75.54733,5.40328],[-75.54733,5.40328],[-75.54733,5.40328],[-75.54732,5.40328],[-75.54732,5.40328],[-75.54732,5.40328],[-75.54732,5.40329],[-75.54732,5.40329],[-75.54732,5.40329],[-75.54732,5.40329],[-75.54732,5.40331],[-75.54731,5.40331],[-75.54731,5.40331],[-75.54731,5.40331],[-75.54731,5.40331],[-75.54731,5.40331],[-75.54731,5.40332],[-75.5473,5.40333],[-75.5473,5.40333],[-75.5473,5.40333],[-75.5473,5.40333],[-75.5473,5.40334],[-75.5473,5.40334],[-75.5473,5.40334],[-75.5473,5.40336],[-75.5473,5.40336],[-75.5473,5.40336],[-75.5473,5.40336],[-75.5473,5.40337],[-75.5473,5.40337],[-75.5473,5.40339],[-75.5473,5.40339],[-75.5473,5.40339],[-75.5473,5.40339],[-75.5473,5.4034],[-75.5473,5.4034],[-75.54731,5.40342],[-75.54731,5.40342],[-75.54731,5.40342],[-75.54731,5.40342],[-75.54731,5.40342],[-75.54731,5.40343],[-75.54731,5.40343],[-75.54732,5.40343],[-75.54732,5.40343],[-75.54732,5.40344],[-75.54732,5.40344],[-75.54732,5.40344],[-75.54734,5.40345],[-75.54734,5.40346],[-75.54735,5.40347],[-75.54736,5.40349],[-75.54736,5.40351],[-75.54736,5.40352],[-75.54736,5.40353],[-75.54736,5.40354],[-75.54734,5.40356],[-75.54734,5.40356],[-75.54734,5.40356],[-75.54733,5.40356],[-75.54733,5.40356],[-75.54733,5.40356],[-75.54732,5.40358],[-75.54732,5.40358],[-75.54732,5.40358],[-75.54732,5.40359],[-75.54732,5.40359],[-75.54732,5.40359],[-75.54732,5.40359],[-75.54732,5.40359],[-75.54732,5.4036],[-75.54732,5.4036],[-75.54732,5.4036],[-75.54732,5.4036],[-75.54732,5.40361],[-75.54732,5.40361],[-75.54732,5.40361],[-75.54732,5.40361],[-75.54732,5.40362],[-75.54732,5.40362],[-75.54732,5.40362],[-75.54732,5.40362],[-75.54731,5.40362],[-75.5473,5.40363],[-75.54728,5.40362],[-75.54727,5.40362],[-75.54726,5.40362],[-75.54726,5.40361],[-75.54726,5.40361],[-75.54726,5.40361],[-75.54726,5.40361],[-75.54726,5.40361],[-75.54726,5.40361],[-75.54726,5.4036],[-75.54726,5.4036],[-75.54725,5.4036],[-75.54725,5.4036],[-75.54725,5.4036],[-75.54725,5.4036],[-75.54725,5.4036],[-75.54725,5.4036],[-75.54725,5.4036],[-75.54724,5.4036],[-75.54724,5.4036],[-75.54724,5.40359],[-75.54724,5.40359],[-75.54724,5.40359],[-75.54724,5.40359],[-75.54723,5.40359],[-75.54723,5.40359],[-75.54723,5.40359],[-75.54723,5.40359],[-75.54722,5.40358],[-75.54722,5.40358],[-75.54722,5.40358],[-75.54722,5.40358],[-75.54722,5.40357],[-75.5472,5.40356],[-75.5472,5.40356],[-75.5472,5.40356],[-75.54719,5.40355],[-75.54719,5.40355],[-75.54719,5.40355],[-75.54719,5.40355],[-75.54719,5.40355],[-75.54719,5.40355],[-75.54719,5.40354],[-75.54719,5.40354],[-75.54719,5.40354],[-75.54718,5.40354],[-75.54718,5.40354],[-75.54718,5.40354],[-75.54718,5.40354],[-75.54718,5.40354],[-75.54718,5.40354],[-75.54717,5.40354],[-75.54717,5.40354],[-75.54717,5.40354],[-75.54717,5.40354],[-75.54717,5.40354],[-75.54716,5.40354],[-75.54716,5.40354],[-75.54715,5.40353],[-75.54714,5.40353],[-75.54713,5.40352],[-75.54712,5.40352],[-75.54712,5.40351],[-75.54712,5.40351],[-75.54712,5.40351],[-75.54712,5.40351],[-75.54712,5.40351],[-75.54712,5.4035],[-75.54712,5.4035],[-75.54712,5.4035],[-75.54712,5.4035],[-75.54711,5.4035],[-75.54711,5.4035],[-75.54711,5.4035],[-75.54711,5.4035],[-75.54711,5.40349],[-75.54711,5.40349],[-75.54711,5.40349],[-75.5471,5.40349],[-75.5471,5.40349],[-75.5471,5.40349],[-75.5471,5.40349],[-75.5471,5.40349],[-75.5471,5.40349],[-75.54709,5.40349],[-75.54709,5.40349],[-75.54708,5.40349],[-75.54706,5.40347],[-75.54706,5.40347],[-75.54706,5.40347],[-75.54705,5.40347],[-75.54705,5.40347],[-75.54705,5.40347],[-75.54705,5.40347],[-75.54705,5.40346],[-75.54705,5.40346],[-75.54704,5.40346],[-75.54704,5.40346],[-75.54704,5.40346],[-75.54704,5.40346],[-75.54704,5.40346],[-75.54704,5.40346],[-75.54703,5.40347],[-75.54702,5.40347],[-75.54702,5.40346],[-75.54702,5.40346],[-75.547,5.40345],[-75.547,5.40345],[-75.547,5.40345],[-75.547,5.40345],[-75.547,5.40344],[-75.54699,5.40344],[-75.54699,5.40344],[-75.54699,5.40344],[-75.54699,5.40344],[-75.54699,5.40344],[-75.54698,5.40344],[-75.54698,5.40344],[-75.54698,5.40344],[-75.54698,5.40344],[-75.54697,5.40344],[-75.54697,5.40344],[-75.54697,5.40344],[-75.54695,5.40344],[-75.54695,5.40344],[-75.54694,5.40344],[-75.54694,5.40344],[-75.54694,5.40343],[-75.54694,5.40343],[-75.54694,5.40343],[-75.54693,5.40343],[-75.54693,5.40343],[-75.54693,5.40343],[-75.54693,5.40343],[-75.54692,5.40343],[-75.54691,5.40343],[-75.54691,5.40343],[-75.54691,5.40343],[-75.54691,5.40343],[-75.54691,5.40342],[-75.54691,5.40342],[-75.54691,5.40342],[-75.54691,5.40342],[-75.5469,5.40342],[-75.5469,5.40342],[-75.5469,5.40342],[-75.5469,5.40342],[-75.5469,5.40342],[-75.54689,5.40342],[-75.54689,5.40341],[-75.54689,5.40341],[-75.54689,5.40341],[-75.54689,5.40341],[-75.54688,5.40341],[-75.54688,5.40341],[-75.54688,5.40341],[-75.54686,5.40338],[-75.54686,5.40338],[-75.54685,5.40338],[-75.54685,5.40338],[-75.54685,5.40338],[-75.54685,5.40337],[-75.54685,5.40337],[-75.54684,5.40337],[-75.54684,5.40336],[-75.54684,5.40336],[-75.54683,5.40336],[-75.54683,5.40336],[-75.54683,5.40336],[-75.54683,5.40336],[-75.54683,5.40336],[-75.54683,5.40336],[-75.54682,5.40335],[-75.54681,5.40335],[-75.5468,5.40334],[-75.5468,5.40334],[-75.5468,5.40334],[-75.5468,5.40334],[-75.5468,5.40334],[-75.5468,5.40334],[-75.5468,5.40334],[-75.54679,5.40334],[-75.54679,5.40333],[-75.54679,5.40333],[-75.54679,5.40333],[-75.54679,5.40333],[-75.54679,5.40333],[-75.54678,5.40333],[-75.54678,5.40333],[-75.54678,5.40333],[-75.54678,5.40333],[-75.54678,5.40333],[-75.54677,5.40333],[-75.54677,5.40334],[-75.54677,5.40334],[-75.54677,5.40334],[-75.54677,5.40334],[-75.54677,5.40334],[-75.54677,5.40334],[-75.54676,5.40334],[-75.54676,5.40334],[-75.54676,5.40334],[-75.54676,5.40335],[-75.54676,5.40335],[-75.54676,5.40335],[-75.54676,5.40335],[-75.54676,5.40335],[-75.54676,5.40335],[-75.54676,5.40336],[-75.54676,5.40336],[-75.54676,5.40336],[-75.54676,5.40336],[-75.54676,5.40336],[-75.54676,5.40336],[-75.54676,5.40337],[-75.54676,5.40337],[-75.54676,5.40337],[-75.54676,5.40337],[-75.54676,5.40337],[-75.54676,5.40337],[-75.54676,5.40338],[-75.54676,5.40338],[-75.54676,5.40338],[-75.54676,5.40338],[-75.54678,5.40339],[-75.54678,5.40339],[-75.54678,5.40339],[-75.54678,5.40339],[-75.54678,5.40339],[-75.54678,5.40339],[-75.54679,5.4034],[-75.54679,5.4034],[-75.54679,5.4034],[-75.5468,5.4034],[-75.5468,5.4034],[-75.5468,5.4034],[-75.54681,5.40341],[-75.54681,5.40341],[-75.54681,5.40341],[-75.54684,5.40345],[-75.54684,5.40345],[-75.54684,5.40345],[-75.54684,5.40345],[-75.54684,5.40345],[-75.54685,5.40345],[-75.54685,5.40345],[-75.54685,5.40346],[-75.54685,5.40346],[-75.54686,5.40346],[-75.54686,5.40346],[-75.54686,5.40346],[-75.54686,5.40346],[-75.54686,5.40347],[-75.54687,5.40347],[-75.54687,5.40347],[-75.54687,5.40347],[-75.54688,5.40347],[-75.54688,5.40347],[-75.54688,5.40347],[-75.54688,5.40347],[-75.54688,5.40347],[-75.54688,5.40348],[-75.54688,5.40348],[-75.54688,5.40348],[-75.54688,5.40348],[-75.54689,5.40348],[-75.54689,5.40348],[-75.54689,5.40348],[-75.54689,5.40348],[-75.5469,5.40348],[-75.5469,5.40349],[-75.5469,5.40349],[-75.5469,5.40349],[-75.5469,5.40349],[-75.5469,5.40349],[-75.54691,5.40349],[-75.54692,5.40349],[-75.54693,5.40349],[-75.54693,5.40349],[-75.54694,5.40349],[-75.54694,5.40349],[-75.54694,5.40349],[-75.54694,5.4035],[-75.54694,5.4035],[-75.54694,5.4035],[-75.54695,5.4035],[-75.54695,5.4035],[-75.54695,5.4035],[-75.54696,5.4035],[-75.54696,5.4035],[-75.54697,5.40349],[-75.54698,5.40351],[-75.54698,5.40351],[-75.54698,5.40351],[-75.54699,5.40351],[-75.54699,5.40351],[-75.54699,5.40351],[-75.54699,5.40351],[-75.547,5.40352],[-75.547,5.40352],[-75.547,5.40352],[-75.547,5.40352],[-75.547,5.40352],[-75.54701,5.40352],[-75.54701,5.40352],[-75.54702,5.40352],[-75.54702,5.40352],[-75.54702,5.40352],[-75.54703,5.40352],[-75.54703,5.40352],[-75.54703,5.40352],[-75.54703,5.40352],[-75.54705,5.40353],[-75.54705,5.40353],[-75.54705,5.40353],[-75.54705,5.40354],[-75.54705,5.40354],[-75.54705,5.40354],[-75.54705,5.40354],[-75.54705,5.40354],[-75.54705,5.40354],[-75.54706,5.40354],[-75.54706,5.40354],[-75.54706,5.40355],[-75.54706,5.40355],[-75.54706,5.40355],[-75.54706,5.40355],[-75.54707,5.40355],[-75.54707,5.40355],[-75.54707,5.40355],[-75.54707,5.40355],[-75.54707,5.40355],[-75.54708,5.40355],[-75.54708,5.40355],[-75.54708,5.40355],[-75.54708,5.40355],[-75.54708,5.40355],[-75.54709,5.40355],[-75.54709,5.40355],[-75.5471,5.40356],[-75.5471,5.40356],[-75.5471,5.40357],[-75.5471,5.40357],[-75.54711,5.40357],[-75.54711,5.40358],[-75.54711,5.40358],[-75.54712,5.40358],[-75.54712,5.40358],[-75.54713,5.40358],[-75.54713,5.40358],[-75.54713,5.40358],[-75.54713,5.40358],[-75.54713,5.40358],[-75.54714,5.40359],[-75.54714,5.40359],[-75.54714,5.40359],[-75.54714,5.40359],[-75.54714,5.40359],[-75.54715,5.40359],[-75.54715,5.40359],[-75.54715,5.40359],[-75.54715,5.40359],[-75.54715,5.40359],[-75.54715,5.40359],[-75.54716,5.40359],[-75.54716,5.40359],[-75.54716,5.40359],[-75.54717,5.4036],[-75.54718,5.40361],[-75.54719,5.40363],[-75.54719,5.40363],[-75.54719,5.40363],[-75.54719,5.40364],[-75.5472,5.40364],[-75.5472,5.40364],[-75.5472,5.40364],[-75.54721,5.40364],[-75.54721,5.40364],[-75.54721,5.40364],[-75.54721,5.40365],[-75.54721,5.40365],[-75.54721,5.40365],[-75.54721,5.40365],[-75.54722,5.40365],[-75.54722,5.40365],[-75.54722,5.40365],[-75.54722,5.40365],[-75.54722,5.40365],[-75.54722,5.40365],[-75.54722,5.40366],[-75.54723,5.40366],[-75.54723,5.40366],[-75.54723,5.40366],[-75.54724,5.40367],[-75.54725,5.40367],[-75.54725,5.40367],[-75.54725,5.40367],[-75.54727,5.40368],[-75.54727,5.40368],[-75.54727,5.40368],[-75.54727,5.40368],[-75.54727,5.40368],[-75.54727,5.40368],[-75.54729,5.40368],[-75.5473,5.40368],[-75.5473,5.40368],[-75.5473,5.40368],[-75.5473,5.40368],[-75.54732,5.40368],[-75.54732,5.40368],[-75.54732,5.40368],[-75.54733,5.40368],[-75.54733,5.40368],[-75.54733,5.40368],[-75.54733,5.40368],[-75.54733,5.40368],[-75.54733,5.40369],[-75.54733,5.40369],[-75.54733,5.40369],[-75.54734,5.4037],[-75.54734,5.4037],[-75.54734,5.4037],[-75.54734,5.4037],[-75.54734,5.40371],[-75.54735,5.40371],[-75.54735,5.40372],[-75.54734,5.40375],[-75.54733,5.40381],[-75.54733,5.40381],[-75.54733,5.40381],[-75.54733,5.40383],[-75.54733,5.40384],[-75.54733,5.40384],[-75.54733,5.40385],[-75.54733,5.40385],[-75.54733,5.40386],[-75.54733,5.40386],[-75.54734,5.40387],[-75.54734,5.40387],[-75.54734,5.40387],[-75.54735,5.40388],[-75.54735,5.40388],[-75.54735,5.40388],[-75.54736,5.40388],[-75.54737,5.40388],[-75.54737,5.40388],[-75.54737,5.40388],[-75.54738,5.40388],[-75.54739,5.40389],[-75.5474,5.40389],[-75.54741,5.40391],[-75.54742,5.40392],[-75.54742,5.40393],[-75.54741,5.40395],[-75.54741,5.40395],[-75.54741,5.40396],[-75.54742,5.40397],[-75.54742,5.40397],[-75.54742,5.40398],[-75.54742,5.40398],[-75.54743,5.40399],[-75.54743,5.40399],[-75.54743,5.40399],[-75.54744,5.404],[-75.54744,5.404],[-75.54744,5.40401],[-75.54744,5.40401],[-75.54744,5.40401],[-75.54744,5.40402],[-75.54745,5.40402],[-75.54745,5.40403],[-75.54745,5.40403],[-75.54746,5.40403],[-75.54748,5.40405],[-75.54748,5.40406],[-75.54748,5.40407],[-75.54749,5.40407],[-75.54749,5.40408],[-75.54749,5.40409],[-75.5475,5.40409],[-75.5475,5.40409],[-75.54751,5.40411],[-75.54751,5.40411],[-75.54752,5.40411],[-75.54752,5.40414],[-75.54752,5.40414],[-75.54752,5.40414],[-75.54752,5.40416],[-75.54752,5.40416],[-75.54752,5.40416],[-75.54753,5.40418],[-75.54754,5.40418],[-75.54755,5.4042],[-75.54755,5.4042],[-75.54755,5.4042],[-75.54756,5.40421],[-75.54756,5.40421],[-75.54757,5.40421],[-75.54758,5.40422],[-75.54758,5.40422],[-75.54759,5.40422],[-75.54759,5.40422],[-75.5476,5.40423],[-75.5476,5.40423],[-75.54761,5.40423],[-75.54761,5.40424],[-75.54762,5.40424],[-75.54762,5.40424],[-75.54763,5.40424],[-75.54763,5.40424],[-75.54764,5.40424],[-75.54765,5.40425],[-75.54765,5.40425],[-75.54765,5.40426],[-75.54766,5.40426],[-75.54766,5.40426],[-75.54766,5.40426],[-75.54767,5.40427],[-75.54767,5.40427],[-75.54767,5.40427],[-75.54769,5.40429],[-75.54769,5.40429],[-75.54771,5.40431],[-75.54771,5.40431],[-75.54772,5.40433],[-75.54772,5.40433],[-75.54772,5.40434],[-75.54773,5.40434],[-75.54773,5.40434],[-75.54773,5.40434],[-75.54774,5.40435],[-75.54774,5.40437],[-75.54774,5.40437],[-75.54774,5.40437],[-75.54774,5.40438],[-75.54774,5.40439],[-75.54774,5.40439],[-75.54775,5.40439],[-75.54775,5.4044],[-75.54775,5.4044],[-75.54776,5.40441],[-75.54776,5.40444],[-75.54775,5.40445],[-75.54775,5.40445],[-75.54776,5.40446],[-75.54776,5.40447],[-75.54776,5.40447],[-75.54776,5.40447],[-75.54776,5.40448],[-75.54777,5.40449],[-75.54777,5.40449],[-75.54778,5.4045],[-75.54778,5.4045],[-75.54778,5.4045],[-75.54781,5.40452],[-75.54782,5.40453],[-75.54782,5.40453],[-75.54782,5.40453],[-75.54782,5.40454],[-75.54782,5.40454],[-75.54781,5.40455],[-75.54781,5.40456],[-75.54781,5.40456],[-75.54781,5.40458],[-75.5478,5.40459],[-75.54781,5.40459],[-75.54781,5.40461],[-75.54781,5.40461],[-75.54781,5.40462],[-75.54782,5.40464],[-75.54782,5.40465],[-75.54782,5.40465],[-75.54783,5.40467],[-75.54783,5.40467],[-75.54783,5.40467],[-75.54784,5.40469],[-75.54784,5.40469],[-75.54784,5.40469],[-75.54786,5.40471],[-75.54786,5.40471],[-75.54786,5.40471],[-75.54788,5.40472],[-75.54787,5.40473],[-75.54787,5.40474],[-75.54787,5.40475],[-75.54787,5.40475],[-75.54786,5.40476],[-75.54786,5.40477],[-75.54786,5.40477],[-75.54786,5.40477],[-75.54787,5.40478],[-75.54787,5.40479],[-75.54787,5.40479],[-75.54787,5.40479],[-75.54787,5.4048],[-75.54788,5.4048],[-75.54787,5.40481],[-75.54787,5.40482],[-75.54787,5.40482],[-75.54787,5.40483],[-75.54787,5.40483],[-75.54788,5.40484],[-75.54788,5.40484],[-75.54788,5.40485],[-75.54788,5.40485],[-75.54788,5.40485],[-75.54789,5.40485],[-75.54789,5.40486],[-75.54789,5.40486],[-75.5479,5.40486],[-75.5479,5.40486],[-75.5479,5.40487],[-75.54788,5.40492],[-75.54788,5.40493],[-75.54788,5.40495],[-75.54788,5.40495],[-75.54788,5.40495],[-75.54787,5.40497],[-75.54787,5.40497],[-75.54787,5.40497],[-75.54788,5.40498],[-75.54788,5.40498],[-75.54788,5.40499],[-75.54788,5.405],[-75.54788,5.405],[-75.54788,5.405],[-75.54789,5.40501],[-75.54789,5.40501],[-75.54789,5.40502],[-75.54789,5.40503],[-75.54789,5.40503],[-75.54789,5.40504],[-75.54789,5.40504],[-75.54789,5.40504],[-75.54789,5.40505],[-75.5479,5.40506],[-75.5479,5.40507],[-75.5479,5.40507],[-75.54791,5.40508],[-75.54791,5.40508],[-75.54791,5.40508],[-75.54792,5.40509],[-75.54792,5.40509],[-75.54793,5.40509],[-75.54797,5.40512],[-75.54798,5.40513],[-75.54798,5.40514],[-75.54798,5.40514],[-75.54798,5.40516],[-75.54798,5.40517],[-75.54798,5.40517],[-75.54799,5.40517],[-75.54799,5.40518],[-75.54799,5.40519],[-75.548,5.40519],[-75.548,5.40519],[-75.54802,5.40521],[-75.54803,5.40522],[-75.54803,5.40522],[-75.54803,5.40524],[-75.54803,5.40525],[-75.54803,5.40526],[-75.54803,5.40526],[-75.54804,5.40526],[-75.54805,5.40528],[-75.54805,5.4053],[-75.54805,5.4053],[-75.54805,5.4053],[-75.54805,5.40531],[-75.54805,5.40531],[-75.54805,5.40532],[-75.54805,5.40532],[-75.54806,5.40533],[-75.54807,5.40534],[-75.54807,5.40534],[-75.54806,5.40537],[-75.54806,5.40537],[-75.54806,5.40538],[-75.54807,5.40539],[-75.54807,5.40539],[-75.54807,5.40539],[-75.54807,5.4054],[-75.54808,5.40541],[-75.54808,5.40543],[-75.54808,5.40543],[-75.54808,5.40543],[-75.54808,5.40544],[-75.54808,5.40545],[-75.54808,5.40545],[-75.54808,5.40545],[-75.5481,5.40547],[-75.5481,5.40548],[-75.5481,5.4055],[-75.5481,5.40551],[-75.5481,5.40552],[-75.54805,5.40554],[-75.54801,5.40554],[-75.548,5.40554],[-75.548,5.40554],[-75.548,5.40554],[-75.54798,5.40551],[-75.54798,5.40551],[-75.54797,5.40551],[-75.54797,5.4055],[-75.54796,5.4055],[-75.54796,5.4055],[-75.54795,5.4055],[-75.54795,5.4055],[-75.54794,5.4055],[-75.54794,5.4055],[-75.54793,5.4055],[-75.54792,5.40548],[-75.54788,5.40544],[-75.54788,5.40544],[-75.54787,5.40543],[-75.54787,5.40543],[-75.54786,5.40543],[-75.54786,5.40542],[-75.54785,5.40542],[-75.54785,5.40542],[-75.54784,5.40542],[-75.54784,5.40542],[-75.54783,5.40542],[-75.54783,5.40542],[-75.54781,5.40542],[-75.54781,5.40542],[-75.5478,5.40541],[-75.5478,5.4054],[-75.5478,5.4054],[-75.5478,5.40539],[-75.54779,5.40538],[-75.54779,5.40537],[-75.54779,5.40537],[-75.54778,5.40536],[-75.54777,5.40535],[-75.54777,5.40535],[-75.54775,5.40534],[-75.54775,5.40534],[-75.54775,5.40534],[-75.54773,5.40532],[-75.54772,5.40532],[-75.54772,5.40532],[-75.54771,5.40532],[-75.5477,5.40532],[-75.5477,5.40531],[-75.5477,5.40531],[-75.5477,5.40531],[-75.5477,5.4053],[-75.5477,5.4053],[-75.54769,5.40529],[-75.54769,5.40529],[-75.54769,5.40529],[-75.54768,5.40528],[-75.54768,5.40527],[-75.54768,5.40526],[-75.54768,5.40526],[-75.54767,5.40524],[-75.54767,5.40524],[-75.54766,5.40524],[-75.54765,5.40522],[-75.54765,5.40522],[-75.54763,5.40521],[-75.54763,5.40521],[-75.54763,5.40521],[-75.54761,5.4052],[-75.54761,5.4052],[-75.5476,5.4052],[-75.54759,5.4052],[-75.54759,5.40519],[-75.54759,5.4052],[-75.54757,5.4052],[-75.54756,5.40519],[-75.54755,5.40518],[-75.54755,5.40518],[-75.54754,5.40518],[-75.54754,5.40518],[-75.54753,5.40517],[-75.54753,5.40517],[-75.54752,5.40517],[-75.54751,5.40516],[-75.54751,5.40516],[-75.5475,5.40516],[-75.5475,5.40515],[-75.54749,5.40515],[-75.54749,5.40515],[-75.54749,5.40515],[-75.54748,5.40514],[-75.54748,5.40514],[-75.54748,5.40514],[-75.54747,5.40514],[-75.54747,5.40514],[-75.54746,5.40514],[-75.54746,5.40514],[-75.54745,5.40514],[-75.54744,5.40514],[-75.54744,5.40514],[-75.54744,5.40514],[-75.54743,5.40513],[-75.54742,5.40513],[-75.54742,5.40513],[-75.54741,5.40513],[-75.54741,5.40513],[-75.54741,5.40513],[-75.5474,5.40513],[-75.54739,5.40513],[-75.54739,5.40513],[-75.54738,5.40512],[-75.54738,5.40512],[-75.54737,5.40512],[-75.54737,5.40512],[-75.54736,5.40512],[-75.54735,5.40512],[-75.54735,5.40512],[-75.54733,5.40512],[-75.54733,5.40512],[-75.54729,5.40513],[-75.54728,5.40514],[-75.54728,5.40514],[-75.54728,5.40513],[-75.54728,5.40513],[-75.54727,5.40513],[-75.54727,5.40513],[-75.54727,5.40512],[-75.54726,5.40512],[-75.54726,5.40512],[-75.54726,5.40512],[-75.54725,5.40512],[-75.54725,5.40512],[-75.54724,5.40512],[-75.54722,5.40513],[-75.54722,5.40512],[-75.5472,5.40511],[-75.5472,5.40511],[-75.5472,5.40511],[-75.54719,5.40511],[-75.54717,5.40511],[-75.54717,5.4051],[-75.54716,5.4051],[-75.54714,5.40511],[-75.54714,5.40511],[-75.54714,5.40511],[-75.54711,5.40512],[-75.54711,5.40512],[-75.5471,5.40512],[-75.5471,5.40512],[-75.5471,5.40513],[-75.54706,5.40512],[-75.54706,5.40512],[-75.54706,5.40512],[-75.54704,5.40512],[-75.54704,5.40512],[-75.54703,5.40512],[-75.54703,5.40512],[-75.54701,5.40514],[-75.54699,5.40514],[-75.54698,5.40514],[-75.54696,5.40514],[-75.54693,5.40514],[-75.54689,5.40513],[-75.54688,5.40513],[-75.54688,5.40513],[-75.54685,5.40513],[-75.54684,5.40513],[-75.54684,5.40513],[-75.54683,5.40511],[-75.54682,5.4051],[-75.54682,5.4051],[-75.54681,5.40509],[-75.54681,5.40509],[-75.54679,5.40508],[-75.54678,5.40508],[-75.54678,5.40508],[-75.54675,5.40508],[-75.54675,5.40508],[-75.54675,5.40508],[-75.54672,5.40508],[-75.54672,5.40508],[-75.54672,5.40508],[-75.54669,5.40509],[-75.54669,5.40509],[-75.54668,5.40509],[-75.54666,5.4051],[-75.54666,5.4051],[-75.54666,5.4051],[-75.54665,5.4051],[-75.54665,5.40509],[-75.54665,5.40509],[-75.54664,5.40509],[-75.54664,5.40509],[-75.54663,5.40508],[-75.54663,5.40508],[-75.54662,5.40508],[-75.54661,5.40508],[-75.54661,5.40508],[-75.54661,5.40508],[-75.54659,5.40509],[-75.54658,5.40508],[-75.54658,5.40508],[-75.54658,5.40508],[-75.54657,5.40508],[-75.54657,5.40508],[-75.54656,5.40507],[-75.54656,5.40507],[-75.54655,5.40507],[-75.54652,5.40508],[-75.54652,5.40508],[-75.54652,5.40508],[-75.54652,5.40507],[-75.54651,5.40507],[-75.54651,5.40507],[-75.5465,5.40507],[-75.5465,5.40507],[-75.54649,5.40507],[-75.54648,5.40505],[-75.54648,5.40505],[-75.54648,5.40505],[-75.54647,5.40504],[-75.54646,5.40504],[-75.54646,5.40504],[-75.54646,5.40504],[-75.54644,5.40503],[-75.54643,5.40502],[-75.54642,5.40502],[-75.54642,5.40502],[-75.54641,5.40502],[-75.54641,5.40501],[-75.54641,5.40501],[-75.5464,5.40501],[-75.5464,5.40501],[-75.5464,5.405],[-75.54639,5.405],[-75.54639,5.405],[-75.54638,5.405],[-75.54638,5.40499],[-75.54638,5.40499],[-75.54637,5.40499],[-75.54637,5.40499],[-75.54637,5.40499],[-75.54636,5.40499],[-75.54636,5.40498],[-75.54636,5.40498],[-75.54635,5.40498],[-75.54635,5.40498],[-75.54634,5.40498],[-75.54633,5.40498],[-75.54632,5.40497],[-75.54632,5.40497],[-75.54632,5.40497],[-75.54631,5.40496],[-75.5463,5.40496],[-75.54629,5.40496],[-75.54627,5.40496],[-75.54627,5.40496],[-75.54626,5.40496],[-75.54626,5.40495],[-75.54625,5.40495],[-75.54625,5.40495],[-75.54625,5.40495],[-75.54624,5.40495],[-75.54624,5.40494],[-75.54623,5.40494],[-75.54623,5.40494],[-75.54623,5.40494],[-75.54622,5.40494],[-75.54621,5.40494],[-75.54621,5.40494],[-75.54621,5.40494],[-75.5462,5.40494],[-75.5462,5.40493],[-75.5462,5.40493],[-75.54619,5.40493],[-75.54619,5.40493],[-75.54618,5.40493],[-75.54618,5.40493],[-75.54617,5.40493],[-75.54617,5.40493],[-75.54614,5.40493],[-75.54614,5.40492],[-75.54613,5.40492],[-75.54613,5.40492],[-75.54613,5.40492],[-75.54612,5.40492],[-75.54612,5.40491],[-75.54611,5.40491],[-75.54611,5.40491],[-75.54611,5.40491],[-75.5461,5.40491],[-75.5461,5.40491],[-75.54609,5.4049],[-75.54608,5.4049],[-75.54608,5.4049],[-75.54605,5.4049],[-75.54605,5.4049],[-75.54605,5.4049],[-75.54603,5.40488],[-75.54602,5.40488],[-75.54602,5.40488],[-75.54601,5.40487],[-75.54601,5.40487],[-75.54601,5.40487],[-75.546,5.40487],[-75.54599,5.40487],[-75.54599,5.40487],[-75.54598,5.40487],[-75.54596,5.40487],[-75.54596,5.40487],[-75.54594,5.40486],[-75.54594,5.40486],[-75.54594,5.40486],[-75.54593,5.40485],[-75.54593,5.40485],[-75.54592,5.40485],[-75.54592,5.40485],[-75.54591,5.40485],[-75.54591,5.40485],[-75.5459,5.40485],[-75.5459,5.40485],[-75.5459,5.40484],[-75.54589,5.40484],[-75.54589,5.40484],[-75.54589,5.40484],[-75.54588,5.40484],[-75.54588,5.40484],[-75.54588,5.40484],[-75.54587,5.40484],[-75.54587,5.40484],[-75.54587,5.40484],[-75.54586,5.40483],[-75.54586,5.40483],[-75.54585,5.40483],[-75.54585,5.40483],[-75.54584,5.40483],[-75.54584,5.40483],[-75.54581,5.40483],[-75.5458,5.40483],[-75.54579,5.40483],[-75.54579,5.40483],[-75.54578,5.40482],[-75.54577,5.40481],[-75.54577,5.40481],[-75.54577,5.40481],[-75.54576,5.40481],[-75.54576,5.40481],[-75.54575,5.4048],[-75.54575,5.4048],[-75.54574,5.4048],[-75.54574,5.4048],[-75.54573,5.4048],[-75.54569,5.40481],[-75.54569,5.40481],[-75.54569,5.40481],[-75.54569,5.40481],[-75.54569,5.4048],[-75.54568,5.4048],[-75.54568,5.4048],[-75.54567,5.4048],[-75.54567,5.4048],[-75.54567,5.4048],[-75.54566,5.4048],[-75.54566,5.4048],[-75.54566,5.4048],[-75.54565,5.40479],[-75.54564,5.40479],[-75.54564,5.40479],[-75.54562,5.40479],[-75.54561,5.40478],[-75.54561,5.40478],[-75.54561,5.40478],[-75.5456,5.40478],[-75.5456,5.40478],[-75.5456,5.40478],[-75.5456,5.40478],[-75.54559,5.40477],[-75.54559,5.40477],[-75.54558,5.40477],[-75.54558,5.40477],[-75.54558,5.40477],[-75.54558,5.40477],[-75.54557,5.40477],[-75.54557,5.40477],[-75.54557,5.40476],[-75.54556,5.40476],[-75.54555,5.40476],[-75.54553,5.40474],[-75.54552,5.40474],[-75.54552,5.40474],[-75.5455,5.40473],[-75.54549,5.40473],[-75.54549,5.40473],[-75.54548,5.40472],[-75.54548,5.40472],[-75.54548,5.40472],[-75.54547,5.40472],[-75.54547,5.40472],[-75.54546,5.40471],[-75.54546,5.40471],[-75.54545,5.40471],[-75.54545,5.40471],[-75.54544,5.40471],[-75.54544,5.40472],[-75.54543,5.40472],[-75.54543,5.40472],[-75.54542,5.40472],[-75.54542,5.40472],[-75.54542,5.40473],[-75.54541,5.40474],[-75.5454,5.40474],[-75.5454,5.40474],[-75.54538,5.40473],[-75.54537,5.40473],[-75.54536,5.40472],[-75.54534,5.4047],[-75.54534,5.4047],[-75.54534,5.40469],[-75.54533,5.40469],[-75.54533,5.40469],[-75.54532,5.40469],[-75.54532,5.40469],[-75.54531,5.40469],[-75.54531,5.40469],[-75.54531,5.4047],[-75.5453,5.4047],[-75.5453,5.4047],[-75.5453,5.40471],[-75.5453,5.40471],[-75.5453,5.40472],[-75.5453,5.40472],[-75.5453,5.40473],[-75.5453,5.40473],[-75.5453,5.40473],[-75.54532,5.40475],[-75.54532,5.40476],[-75.54532,5.40476],[-75.54534,5.40477],[-75.54534,5.40477],[-75.54534,5.40477],[-75.54536,5.40478],[-75.54536,5.40478],[-75.54537,5.40478],[-75.54539,5.40479],[-75.54539,5.40479],[-75.54539,5.40479],[-75.54541,5.40479],[-75.54541,5.40479],[-75.54542,5.40479],[-75.54543,5.40478],[-75.54544,5.40478],[-75.54544,5.40478],[-75.54544,5.40478],[-75.54545,5.40477],[-75.54545,5.40477],[-75.54546,5.40477],[-75.54546,5.40478],[-75.54546,5.40478],[-75.54547,5.40478],[-75.54548,5.40478],[-75.54548,5.40478],[-75.5455,5.40479],[-75.54552,5.40481],[-75.54553,5.40481],[-75.54553,5.40481],[-75.54554,5.40481],[-75.54555,5.40482],[-75.54555,5.40482],[-75.54555,5.40482],[-75.54556,5.40482],[-75.54556,5.40483],[-75.54557,5.40483],[-75.54557,5.40483],[-75.54557,5.40483],[-75.54557,5.40483],[-75.54558,5.40483],[-75.54558,5.40483],[-75.54558,5.40483],[-75.54559,5.40483],[-75.54559,5.40483],[-75.5456,5.40484],[-75.5456,5.40484],[-75.5456,5.40484],[-75.54561,5.40484],[-75.54561,5.40484],[-75.54562,5.40485],[-75.54562,5.40485],[-75.54563,5.40485],[-75.54564,5.40485],[-75.54564,5.40485],[-75.54565,5.40485],[-75.54565,5.40486],[-75.54565,5.40486],[-75.54566,5.40486],[-75.54566,5.40486],[-75.54567,5.40486],[-75.54567,5.40486],[-75.54568,5.40486],[-75.54568,5.40486],[-75.54568,5.40487],[-75.54569,5.40487],[-75.5457,5.40487],[-75.5457,5.40487],[-75.54574,5.40486],[-75.54575,5.40487],[-75.54575,5.40487],[-75.54576,5.40487],[-75.54577,5.40488],[-75.54577,5.40488],[-75.54577,5.40488],[-75.54579,5.40488],[-75.54579,5.40488],[-75.54579,5.40488],[-75.54581,5.40488],[-75.54581,5.40489],[-75.54581,5.40489],[-75.54584,5.40488],[-75.54584,5.40488],[-75.54585,5.40489],[-75.54585,5.40489],[-75.54585,5.40489],[-75.54586,5.4049],[-75.54586,5.4049],[-75.54586,5.4049],[-75.54587,5.4049],[-75.54587,5.4049],[-75.54588,5.4049],[-75.54588,5.4049],[-75.54588,5.4049],[-75.54588,5.4049],[-75.54589,5.4049],[-75.54589,5.40491],[-75.5459,5.40491],[-75.5459,5.40491],[-75.5459,5.40491],[-75.54591,5.40491],[-75.54593,5.40492],[-75.54593,5.40492],[-75.54594,5.40492],[-75.54594,5.40492],[-75.54595,5.40493],[-75.54596,5.40493],[-75.54596,5.40493],[-75.54599,5.40492],[-75.54599,5.40492],[-75.546,5.40493],[-75.54601,5.40494],[-75.54602,5.40494],[-75.54603,5.40495],[-75.54603,5.40495],[-75.54603,5.40495],[-75.54604,5.40495],[-75.54605,5.40495],[-75.54605,5.40495],[-75.54607,5.40495],[-75.54607,5.40496],[-75.54608,5.40496],[-75.54608,5.40496],[-75.54609,5.40497],[-75.54609,5.40497],[-75.54609,5.40497],[-75.5461,5.40497],[-75.54611,5.40497],[-75.54611,5.40497],[-75.54611,5.40498],[-75.54612,5.40498],[-75.54612,5.40498],[-75.54613,5.40498],[-75.54613,5.40498],[-75.54613,5.40498],[-75.54614,5.40499],[-75.54614,5.40499],[-75.54615,5.40498],[-75.54617,5.40498],[-75.54617,5.40498],[-75.54618,5.40499],[-75.54618,5.40499],[-75.54618,5.40499],[-75.54619,5.40499],[-75.54619,5.40499],[-75.5462,5.40499],[-75.5462,5.40499],[-75.5462,5.40499],[-75.54621,5.40499],[-75.54621,5.40499],[-75.54621,5.405],[-75.54622,5.405],[-75.54622,5.405],[-75.54622,5.405],[-75.54623,5.405],[-75.54623,5.405],[-75.54623,5.405],[-75.54624,5.405],[-75.54624,5.40501],[-75.54625,5.40501],[-75.54625,5.40501],[-75.54626,5.40502],[-75.54626,5.40502],[-75.54627,5.40502],[-75.54629,5.40502],[-75.5463,5.40502],[-75.54631,5.40502],[-75.54631,5.40503],[-75.54631,5.40503],[-75.54632,5.40503],[-75.54632,5.40503],[-75.54633,5.40503],[-75.54633,5.40503],[-75.54633,5.40503],[-75.54634,5.40504],[-75.54634,5.40504],[-75.54635,5.40504],[-75.54635,5.40504],[-75.54635,5.40504],[-75.54636,5.40504],[-75.54636,5.40505],[-75.54636,5.40505],[-75.54637,5.40506],[-75.54637,5.40506],[-75.54637,5.40506],[-75.54638,5.40506],[-75.54638,5.40507],[-75.54639,5.40507],[-75.54639,5.40507],[-75.54639,5.40507],[-75.54641,5.40508],[-75.54641,5.40508],[-75.54641,5.40508],[-75.54642,5.40508],[-75.54642,5.40509],[-75.54644,5.40509],[-75.54644,5.40509],[-75.54646,5.40511],[-75.54646,5.40511],[-75.54646,5.40512],[-75.54646,5.40512],[-75.54647,5.40512],[-75.54648,5.40512],[-75.54648,5.40513],[-75.54649,5.40513],[-75.54649,5.40513],[-75.54649,5.40513],[-75.5465,5.40513],[-75.5465,5.40513],[-75.54651,5.40513],[-75.54651,5.40513],[-75.54651,5.40513],[-75.54652,5.40513],[-75.54652,5.40513],[-75.54653,5.40513],[-75.54656,5.40513],[-75.54657,5.40514],[-75.54657,5.40514],[-75.54657,5.40514],[-75.54658,5.40514],[-75.54659,5.40514],[-75.54659,5.40514],[-75.54659,5.40514],[-75.5466,5.40514],[-75.54661,5.40514],[-75.54662,5.40514],[-75.54662,5.40514],[-75.54663,5.40515],[-75.54663,5.40515],[-75.54664,5.40515],[-75.54664,5.40515],[-75.54664,5.40515],[-75.54665,5.40515],[-75.54666,5.40515],[-75.54666,5.40515],[-75.54667,5.40515],[-75.54667,5.40515],[-75.54668,5.40515],[-75.54668,5.40515],[-75.54669,5.40515],[-75.5467,5.40514],[-75.54673,5.40513],[-75.54675,5.40513],[-75.54677,5.40513],[-75.54678,5.40514],[-75.54679,5.40514],[-75.5468,5.40516],[-75.54681,5.40517],[-75.54681,5.40517],[-75.54682,5.40517],[-75.54682,5.40518],[-75.54683,5.40518],[-75.54683,5.40518],[-75.54684,5.40518],[-75.54685,5.40518],[-75.54685,5.40518],[-75.54688,5.40518],[-75.54692,5.40519],[-75.54692,5.40519],[-75.54693,5.40519],[-75.54695,5.4052],[-75.54695,5.4052],[-75.54698,5.4052],[-75.54698,5.4052],[-75.547,5.40519],[-75.547,5.40519],[-75.547,5.40519],[-75.54702,5.40519],[-75.54702,5.40519],[-75.54703,5.40519],[-75.54705,5.40517],[-75.54706,5.40517],[-75.54709,5.40518],[-75.5471,5.40518],[-75.5471,5.40518],[-75.54711,5.40518],[-75.54711,5.40518],[-75.54712,5.40518],[-75.54712,5.40518],[-75.54713,5.40517],[-75.54713,5.40517],[-75.54713,5.40517],[-75.54715,5.40516],[-75.54717,5.40516],[-75.54718,5.40516],[-75.54719,5.40517],[-75.54719,5.40517],[-75.54719,5.40517],[-75.5472,5.40518],[-75.5472,5.40518],[-75.54721,5.40518],[-75.54721,5.40518],[-75.54722,5.40518],[-75.54722,5.40518],[-75.54725,5.40518],[-75.54725,5.40518],[-75.54726,5.40519],[-75.54726,5.40519],[-75.54727,5.40519],[-75.54727,5.40519],[-75.54728,5.40519],[-75.54728,5.40519],[-75.54729,5.40519],[-75.54731,5.40519],[-75.54731,5.40519],[-75.54735,5.40517],[-75.54736,5.40517],[-75.54736,5.40517],[-75.54736,5.40517],[-75.54737,5.40518],[-75.54737,5.40518],[-75.54737,5.40518],[-75.54738,5.40518],[-75.54738,5.40518],[-75.54739,5.40518],[-75.54739,5.40518],[-75.5474,5.40518],[-75.54741,5.40518],[-75.54741,5.40518],[-75.54741,5.40519],[-75.54741,5.40519],[-75.54741,5.40519],[-75.54742,5.4052],[-75.54742,5.4052],[-75.54743,5.4052],[-75.54743,5.4052],[-75.54743,5.4052],[-75.54744,5.4052],[-75.54744,5.4052],[-75.54746,5.4052],[-75.54746,5.4052],[-75.54746,5.4052],[-75.54747,5.4052],[-75.54747,5.4052],[-75.54748,5.40521],[-75.54748,5.40521],[-75.54748,5.40522],[-75.54749,5.40522],[-75.54749,5.40522],[-75.5475,5.40523],[-75.5475,5.40523],[-75.54751,5.40523],[-75.54752,5.40523],[-75.54753,5.40524],[-75.54753,5.40524],[-75.54753,5.40524],[-75.54754,5.40525],[-75.54754,5.40525],[-75.54755,5.40525],[-75.54755,5.40525],[-75.54756,5.40525],[-75.54757,5.40525],[-75.54757,5.40525],[-75.54759,5.40525],[-75.54759,5.40525],[-75.5476,5.40525],[-75.54761,5.40526],[-75.54762,5.40527],[-75.54763,5.40528],[-75.54763,5.4053],[-75.54763,5.4053],[-75.54763,5.4053],[-75.54763,5.40531],[-75.54764,5.40531],[-75.54764,5.40531],[-75.54764,5.40532],[-75.54765,5.40532],[-75.54765,5.40532],[-75.54765,5.40533],[-75.54765,5.40533],[-75.54765,5.40534],[-75.54765,5.40534],[-75.54765,5.40535],[-75.54766,5.40535],[-75.54766,5.40535],[-75.54767,5.40536],[-75.54768,5.40537],[-75.54768,5.40537],[-75.54769,5.40537],[-75.54769,5.40537],[-75.54771,5.40538],[-75.54772,5.40538],[-75.54774,5.40539],[-75.54774,5.4054],[-75.54775,5.40541],[-75.54775,5.40542],[-75.54775,5.40542],[-75.54775,5.40542],[-75.54775,5.40543],[-75.54775,5.40543],[-75.54775,5.40544],[-75.54775,5.40544],[-75.54776,5.40545],[-75.54776,5.40545],[-75.54776,5.40545],[-75.54778,5.40546],[-75.54778,5.40546],[-75.54778,5.40546],[-75.54779,5.40547],[-75.5478,5.40547],[-75.5478,5.40547],[-75.54781,5.40547],[-75.54781,5.40547],[-75.54782,5.40547],[-75.54783,5.40547],[-75.54783,5.40547],[-75.54784,5.40548],[-75.54788,5.40552],[-75.54788,5.40552],[-75.5479,5.40554],[-75.5479,5.40554],[-75.54791,5.40554],[-75.54792,5.40555],[-75.54792,5.40555],[-75.54793,5.40555],[-75.54793,5.40555],[-75.54794,5.40555],[-75.54796,5.40558],[-75.54796,5.40558],[-75.54796,5.40558],[-75.54797,5.40559],[-75.54798,5.40559],[-75.54798,5.40559],[-75.54798,5.40559],[-75.54799,5.40559],[-75.54799,5.40559],[-75.548,5.4056],[-75.54801,5.4056],[-75.54801,5.4056],[-75.54801,5.4056],[-75.54806,5.40559],[-75.54806,5.40559],[-75.54806,5.40559],[-75.54811,5.40557],[-75.54811,5.40558],[-75.54812,5.40558],[-75.54812,5.40558],[-75.54812,5.40558],[-75.54812,5.40559],[-75.54812,5.40559],[-75.54813,5.4056],[-75.54813,5.4056],[-75.54813,5.4056],[-75.54814,5.40561],[-75.54814,5.40561],[-75.54814,5.40561],[-75.54815,5.40561],[-75.54816,5.40561],[-75.54816,5.40561],[-75.54816,5.40561],[-75.54817,5.40561],[-75.54821,5.4056],[-75.54822,5.40559],[-75.54825,5.4056],[-75.54825,5.4056],[-75.54825,5.4056],[-75.54827,5.4056],[-75.54827,5.4056],[-75.54828,5.40561],[-75.54829,5.40561],[-75.54833,5.40564],[-75.54834,5.40565],[-75.54835,5.40566],[-75.54835,5.40566],[-75.54835,5.40566],[-75.54835,5.40567],[-75.54835,5.40568],[-75.54835,5.40568],[-75.54834,5.40572],[-75.54834,5.40572],[-75.54834,5.40572],[-75.54833,5.40576],[-75.54833,5.40576],[-75.54833,5.40576],[-75.54834,5.40579],[-75.54834,5.40579],[-75.54834,5.4058],[-75.54835,5.40582],[-75.54835,5.40583],[-75.54835,5.40583],[-75.54836,5.40584],[-75.54836,5.40585],[-75.54836,5.40586],[-75.54836,5.40586],[-75.54836,5.40586],[-75.54836,5.40587],[-75.54837,5.40587],[-75.54837,5.40587],[-75.54837,5.40588],[-75.54837,5.40588],[-75.54837,5.4059],[-75.54837,5.40591],[-75.54837,5.40591],[-75.54837,5.40592],[-75.54837,5.40593],[-75.54838,5.40593],[-75.54838,5.40594],[-75.54838,5.40594],[-75.54838,5.40594],[-75.54839,5.40594],[-75.5484,5.40596],[-75.54841,5.40597],[-75.54841,5.40598],[-75.54841,5.406],[-75.54841,5.406],[-75.54841,5.406],[-75.54841,5.40601],[-75.54841,5.40601],[-75.54842,5.40602],[-75.54842,5.40603],[-75.54842,5.40603],[-75.54842,5.40604],[-75.54843,5.40604],[-75.54843,5.40605],[-75.54843,5.40605],[-75.54843,5.40605],[-75.54844,5.40606],[-75.54845,5.40606],[-75.54845,5.40607],[-75.54845,5.40607],[-75.54845,5.40608],[-75.54845,5.40608],[-75.54845,5.40608],[-75.54846,5.40608],[-75.54845,5.40611],[-75.54845,5.40612],[-75.54845,5.40612],[-75.54845,5.40613],[-75.54845,5.40613],[-75.54845,5.40613],[-75.54845,5.40614],[-75.54845,5.40615],[-75.54845,5.40615],[-75.54846,5.40615],[-75.54846,5.40616],[-75.54847,5.40617],[-75.54847,5.40617],[-75.5485,5.40619],[-75.5485,5.40621],[-75.5485,5.40621],[-75.54848,5.40622],[-75.54847,5.40623],[-75.54846,5.40623],[-75.54845,5.40623],[-75.54845,5.40623],[-75.54845,5.40623],[-75.54845,5.40623],[-75.54844,5.40622],[-75.54843,5.40622],[-75.54843,5.40622],[-75.54842,5.40622],[-75.54839,5.40622],[-75.54838,5.40622],[-75.54837,5.40621],[-75.54836,5.4062],[-75.54835,5.40619],[-75.54833,5.40617],[-75.54829,5.40612],[-75.54829,5.40612],[-75.54828,5.40611],[-75.54828,5.4061],[-75.54828,5.4061],[-75.54828,5.4061],[-75.54828,5.40609],[-75.54828,5.40609],[-75.54827,5.40608],[-75.54827,5.40607],[-75.54826,5.40607],[-75.54826,5.40607],[-75.54825,5.40606],[-75.54824,5.40606],[-75.54823,5.40605],[-75.54823,5.40604],[-75.54822,5.40604],[-75.54822,5.40604],[-75.54821,5.40604],[-75.54821,5.40604],[-75.5482,5.40604],[-75.54819,5.40604],[-75.54819,5.40604],[-75.54818,5.40604],[-75.54817,5.40603],[-75.54817,5.40603],[-75.54817,5.40602],[-75.54817,5.40602],[-75.54817,5.40601],[-75.54816,5.40601],[-75.54816,5.406],[-75.54816,5.406],[-75.54816,5.406],[-75.54815,5.40599],[-75.54815,5.40599],[-75.54815,5.40599],[-75.54813,5.40597],[-75.54813,5.40597],[-75.54811,5.40596],[-75.54811,5.40596],[-75.5481,5.40595],[-75.54809,5.40595],[-75.54809,5.40595],[-75.54808,5.40595],[-75.54808,5.40595],[-75.54807,5.40595],[-75.54806,5.40595],[-75.54806,5.40595],[-75.54805,5.40595],[-75.54804,5.40595],[-75.54803,5.40595],[-75.54802,5.40595],[-75.54801,5.40595],[-75.54798,5.40597],[-75.54798,5.40597],[-75.54797,5.40597],[-75.54797,5.40597],[-75.54796,5.40597],[-75.54796,5.40597],[-75.54795,5.40597],[-75.54795,5.40597],[-75.54794,5.40597],[-75.54794,5.40597],[-75.54794,5.40597],[-75.54793,5.40597],[-75.54793,5.40597],[-75.54792,5.40597],[-75.54792,5.40597],[-75.54791,5.40595],[-75.5479,5.40595],[-75.5479,5.40594],[-75.54788,5.40593],[-75.54788,5.40592],[-75.54788,5.40592],[-75.54786,5.40592],[-75.54786,5.40591],[-75.54786,5.40591],[-75.54784,5.40591],[-75.54784,5.40591],[-75.54782,5.4059],[-75.54781,5.4059],[-75.54779,5.4059],[-75.54779,5.4059],[-75.54779,5.4059],[-75.54777,5.4059],[-75.54777,5.4059],[-75.54777,5.4059],[-75.54775,5.40591],[-75.54775,5.40591],[-75.54775,5.40591],[-75.54773,5.40592],[-75.54773,5.40592],[-75.54773,5.40592],[-75.54772,5.40593],[-75.54772,5.40593],[-75.54771,5.40593],[-75.5477,5.40594],[-75.54767,5.40593],[-75.54766,5.40593],[-75.54766,5.40593],[-75.54765,5.40593],[-75.54765,5.40593],[-75.54765,5.40593],[-75.54764,5.40594],[-75.54764,5.40594],[-75.54763,5.40594],[-75.54763,5.40595],[-75.54761,5.40595],[-75.54761,5.40595],[-75.54761,5.40595],[-75.5476,5.40595],[-75.54759,5.40595],[-75.54759,5.40595],[-75.54759,5.40595],[-75.54758,5.40596],[-75.54758,5.40596],[-75.54758,5.40596],[-75.54756,5.40597],[-75.54756,5.40597],[-75.54756,5.40598],[-75.54755,5.40598],[-75.54754,5.40598],[-75.54753,5.40597],[-75.5475,5.40596],[-75.54749,5.40596],[-75.54749,5.40595],[-75.54749,5.40595],[-75.54747,5.40595],[-75.54746,5.40595],[-75.54746,5.40595],[-75.54743,5.40595],[-75.54743,5.40595],[-75.54743,5.40595],[-75.54741,5.40596],[-75.54741,5.40596],[-75.54741,5.40596],[-75.5474,5.40597],[-75.54739,5.40597],[-75.54739,5.40597],[-75.54739,5.40597],[-75.54738,5.40598],[-75.54738,5.40598],[-75.54738,5.40598],[-75.54737,5.40598],[-75.54736,5.40598],[-75.54736,5.40599],[-75.54735,5.406],[-75.54733,5.406],[-75.54731,5.406],[-75.5473,5.406],[-75.54729,5.406],[-75.54728,5.40599],[-75.54728,5.40599],[-75.54728,5.40598],[-75.54726,5.40598],[-75.54726,5.40598],[-75.54726,5.40597],[-75.54725,5.40597],[-75.54723,5.40597],[-75.54723,5.40597],[-75.54723,5.40597],[-75.54721,5.40598],[-75.54721,5.40598],[-75.54716,5.40599],[-75.54715,5.40599],[-75.54714,5.40599],[-75.54714,5.40599],[-75.54713,5.40598],[-75.54713,5.40598],[-75.54713,5.40598],[-75.54712,5.40597],[-75.54712,5.40597],[-75.54711,5.40597],[-75.54711,5.40597],[-75.54711,5.40597],[-75.54711,5.40597],[-75.5471,5.40597],[-75.54708,5.40593],[-75.54708,5.40593],[-75.54707,5.40593],[-75.54706,5.40592],[-75.54706,5.40592],[-75.54706,5.40592],[-75.54705,5.40591],[-75.54704,5.40591],[-75.54704,5.40591],[-75.54703,5.40591],[-75.54701,5.40589],[-75.547,5.40589],[-75.547,5.40589],[-75.547,5.40588],[-75.54699,5.40588],[-75.54699,5.40588],[-75.54698,5.40588],[-75.54698,5.40588],[-75.54697,5.40588],[-75.54696,5.40588],[-75.54696,5.40587],[-75.54695,5.40587],[-75.54695,5.40587],[-75.54695,5.40587],[-75.54694,5.40587],[-75.54694,5.40587],[-75.54694,5.40587],[-75.54693,5.40587],[-75.54693,5.40586],[-75.54693,5.40585],[-75.54692,5.40585],[-75.54692,5.40585],[-75.54692,5.40584],[-75.54691,5.40584],[-75.54691,5.40584],[-75.54691,5.40584],[-75.5469,5.40584],[-75.5469,5.40584],[-75.54689,5.40584],[-75.54689,5.40584],[-75.54688,5.40584],[-75.54688,5.40585],[-75.54688,5.40585],[-75.54688,5.40586],[-75.54688,5.40586],[-75.54688,5.40587],[-75.54688,5.40587],[-75.54688,5.40588],[-75.54688,5.40589],[-75.54689,5.40589],[-75.54689,5.40589],[-75.54689,5.4059],[-75.5469,5.40591],[-75.5469,5.40591],[-75.54691,5.40591],[-75.54691,5.40592],[-75.54692,5.40592],[-75.54693,5.40592],[-75.54693,5.40592],[-75.54693,5.40592],[-75.54694,5.40592],[-75.54694,5.40593],[-75.54695,5.40593],[-75.54695,5.40593],[-75.54695,5.40593],[-75.54696,5.40593],[-75.54697,5.40593],[-75.54699,5.40595],[-75.54699,5.40596],[-75.54699,5.40596],[-75.547,5.40596],[-75.54701,5.40597],[-75.54701,5.40597],[-75.54702,5.40597],[-75.54702,5.40597],[-75.54703,5.40597],[-75.54703,5.40597],[-75.54704,5.40597],[-75.54706,5.406],[-75.54706,5.406],[-75.54706,5.406],[-75.54707,5.40601],[-75.54707,5.40601],[-75.54707,5.40601],[-75.54708,5.40602],[-75.54709,5.40602],[-75.54709,5.40602],[-75.5471,5.40603],[-75.5471,5.40603],[-75.5471,5.40603],[-75.5471,5.40603],[-75.54711,5.40603],[-75.54711,5.40603],[-75.54712,5.40604],[-75.54713,5.40604],[-75.54713,5.40604],[-75.54713,5.40604],[-75.54715,5.40604],[-75.54715,5.40604],[-75.54715,5.40604],[-75.54717,5.40604],[-75.54717,5.40604],[-75.54718,5.40604],[-75.54722,5.40603],[-75.54723,5.40603],[-75.54724,5.40603],[-75.54725,5.40603],[-75.54726,5.40604],[-75.54726,5.40604],[-75.54727,5.40605],[-75.54728,5.40605],[-75.54729,5.40605],[-75.54729,5.40606],[-75.54731,5.40606],[-75.54731,5.40606],[-75.54732,5.40606],[-75.54734,5.40606],[-75.54734,5.40606],[-75.54734,5.40605],[-75.54737,5.40605],[-75.54737,5.40605],[-75.54738,5.40604],[-75.54739,5.40603],[-75.54739,5.40603],[-75.5474,5.40603],[-75.5474,5.40603],[-75.54741,5.40603],[-75.54741,5.40603],[-75.54741,5.40602],[-75.54742,5.40602],[-75.54742,5.40602],[-75.54742,5.40601],[-75.54743,5.40601],[-75.54744,5.40601],[-75.54746,5.406],[-75.54748,5.40601],[-75.5475,5.40602],[-75.54751,5.40602],[-75.54751,5.40602],[-75.54753,5.40603],[-75.54753,5.40603],[-75.54753,5.40603],[-75.54755,5.40603],[-75.54755,5.40603],[-75.54755,5.40603],[-75.54757,5.40603],[-75.54757,5.40603],[-75.54757,5.40603],[-75.54758,5.40602],[-75.54759,5.40602],[-75.54759,5.40602],[-75.5476,5.40602],[-75.5476,5.40601],[-75.5476,5.40601],[-75.54761,5.406],[-75.54763,5.406],[-75.54763,5.406],[-75.54763,5.406],[-75.54764,5.406],[-75.54764,5.406],[-75.54765,5.406],[-75.54765,5.406],[-75.54765,5.406],[-75.54766,5.40599],[-75.54767,5.40599],[-75.5477,5.40599],[-75.5477,5.40599],[-75.54771,5.40599],[-75.54771,5.40599],[-75.54772,5.40599],[-75.54772,5.40599],[-75.54772,5.40599],[-75.54773,5.40599],[-75.54773,5.40598],[-75.54774,5.40598],[-75.54774,5.40598],[-75.54775,5.40597],[-75.54776,5.40596],[-75.54777,5.40596],[-75.54778,5.40596],[-75.54779,5.40596],[-75.54781,5.40596],[-75.54782,5.40596],[-75.54784,5.40597],[-75.54785,5.40597],[-75.54786,5.40598],[-75.54783,5.406],[-75.54782,5.40601],[-75.5478,5.40601],[-75.5478,5.40601],[-75.5478,5.40601],[-75.54779,5.40602],[-75.54779,5.40602],[-75.54778,5.40603],[-75.54777,5.40603],[-75.54776,5.40603],[-75.54776,5.40603],[-75.54775,5.40603],[-75.54774,5.40604],[-75.54774,5.40604],[-75.54772,5.40605],[-75.54772,5.40605],[-75.54771,5.40606],[-75.5477,5.40606],[-75.5477,5.40606],[-75.54767,5.40609],[-75.54767,5.40609],[-75.54767,5.40609],[-75.54765,5.40609],[-75.54764,5.40609],[-75.54764,5.40609],[-75.54763,5.4061],[-75.54763,5.4061],[-75.54763,5.4061],[-75.54761,5.40611],[-75.5476,5.40611],[-75.54757,5.4061],[-75.54757,5.4061],[-75.54757,5.4061],[-75.54755,5.40611],[-75.54755,5.40611],[-75.54755,5.40611],[-75.54754,5.40611],[-75.54754,5.40612],[-75.54753,5.40612],[-75.54752,5.40612],[-75.54752,5.40612],[-75.54751,5.40612],[-75.54751,5.40612],[-75.5475,5.40613],[-75.5475,5.40613],[-75.54749,5.40614],[-75.54747,5.40614],[-75.54747,5.40614],[-75.54746,5.40614],[-75.54745,5.40614],[-75.54745,5.40615],[-75.54745,5.40615],[-75.54745,5.40615],[-75.54744,5.40615],[-75.54744,5.40616],[-75.54743,5.40616],[-75.54743,5.40617],[-75.54743,5.40617],[-75.54742,5.40617],[-75.54742,5.40618],[-75.54742,5.40618],[-75.54742,5.40619],[-75.54742,5.40619],[-75.54743,5.4062],[-75.54743,5.4062],[-75.54743,5.4062],[-75.54744,5.40621],[-75.54744,5.40621],[-75.54744,5.40621],[-75.54745,5.40621],[-75.54745,5.40621],[-75.54746,5.40621],[-75.54746,5.40621],[-75.54747,5.4062],[-75.54747,5.4062],[-75.54747,5.4062],[-75.54748,5.40619],[-75.54749,5.40619],[-75.5475,5.40619],[-75.5475,5.40619],[-75.5475,5.40619],[-75.54751,5.40619],[-75.54751,5.40619],[-75.54751,5.40619],[-75.54752,5.40618],[-75.54752,5.40618],[-75.54752,5.40618],[-75.54753,5.40617],[-75.54754,5.40617],[-75.54755,5.40617],[-75.54755,5.40617],[-75.54756,5.40617],[-75.54756,5.40617],[-75.54757,5.40616],[-75.54757,5.40616],[-75.5476,5.40616],[-75.5476,5.40616],[-75.5476,5.40616],[-75.54762,5.40616],[-75.54762,5.40616],[-75.54762,5.40616],[-75.54763,5.40616],[-75.54765,5.40615],[-75.54765,5.40615],[-75.54767,5.40615],[-75.54767,5.40615],[-75.54768,5.40615],[-75.54769,5.40614],[-75.54769,5.40614],[-75.54769,5.40614],[-75.5477,5.40613],[-75.54771,5.40613],[-75.54771,5.40613],[-75.54774,5.4061],[-75.54775,5.4061],[-75.54777,5.40609],[-75.54777,5.40608],[-75.54778,5.40608],[-75.54779,5.40608],[-75.54779,5.40608],[-75.54779,5.40608],[-75.5478,5.40608],[-75.5478,5.40608],[-75.54781,5.40607],[-75.54782,5.40606],[-75.54784,5.40606],[-75.54784,5.40606],[-75.54784,5.40606],[-75.54786,5.40605],[-75.54786,5.40605],[-75.54786,5.40605],[-75.54789,5.40602],[-75.5479,5.40602],[-75.5479,5.40602],[-75.5479,5.40602],[-75.54791,5.40602],[-75.54791,5.40602],[-75.54791,5.40602],[-75.54791,5.40602],[-75.54792,5.40602],[-75.54792,5.40602],[-75.54793,5.40602],[-75.54793,5.40602],[-75.54794,5.40602],[-75.54794,5.40602],[-75.54794,5.40602],[-75.54795,5.40602],[-75.54795,5.40602],[-75.54796,5.40602],[-75.54796,5.40602],[-75.54797,5.40602],[-75.54797,5.40602],[-75.54798,5.40602],[-75.54798,5.40602],[-75.54799,5.40602],[-75.54799,5.40602],[-75.54799,5.40602],[-75.54803,5.40601],[-75.54804,5.406],[-75.54806,5.406],[-75.54807,5.406],[-75.54808,5.40601],[-75.54809,5.40601],[-75.5481,5.40601],[-75.54811,5.40603],[-75.54811,5.40603],[-75.54811,5.40603],[-75.54811,5.40604],[-75.54812,5.40605],[-75.54812,5.40605],[-75.54812,5.40606],[-75.54813,5.40607],[-75.54813,5.40607],[-75.54813,5.40607],[-75.54815,5.40608],[-75.54815,5.40609],[-75.54815,5.40609],[-75.54817,5.40609],[-75.54817,5.4061],[-75.54818,5.4061],[-75.54818,5.4061],[-75.54819,5.4061],[-75.54819,5.4061],[-75.54821,5.40609],[-75.54821,5.4061],[-75.54822,5.40611],[-75.54822,5.40611],[-75.54822,5.40611],[-75.54823,5.40612],[-75.54823,5.40612],[-75.54823,5.40613],[-75.54823,5.40613],[-75.54823,5.40614],[-75.54825,5.40615],[-75.54828,5.4062],[-75.54828,5.4062],[-75.54829,5.4062],[-75.54831,5.40623],[-75.54832,5.40623],[-75.54833,5.40625],[-75.54833,5.40625],[-75.54834,5.40626]]],[[[-75.54312,5.40662],[-75.54313,5.40663],[-75.54314,5.40663],[-75.54315,5.40664],[-75.54316,5.40666],[-75.54317,5.40669],[-75.54318,5.40669],[-75.54318,5.40669],[-75.54318,5.4067],[-75.54319,5.4067],[-75.54319,5.4067],[-75.54319,5.4067],[-75.5432,5.4067],[-75.5432,5.4067],[-75.54321,5.4067],[-75.54321,5.4067],[-75.54321,5.4067],[-75.54322,5.40669],[-75.54322,5.40669],[-75.54322,5.40668],[-75.54322,5.40668],[-75.54322,5.40668],[-75.54322,5.40667],[-75.54322,5.40667],[-75.54322,5.40666],[-75.54321,5.40663],[-75.54321,5.40663],[-75.54321,5.40663],[-75.54319,5.4066],[-75.54319,5.4066],[-75.54318,5.4066],[-75.54317,5.40659],[-75.54317,5.40659],[-75.54317,5.40659],[-75.54316,5.40658],[-75.54316,5.40658],[-75.54316,5.40658],[-75.54314,5.40657],[-75.54314,5.40657],[-75.54314,5.40657],[-75.54313,5.40657],[-75.54312,5.40657],[-75.54312,5.40657],[-75.5431,5.40657],[-75.54309,5.40657],[-75.54309,5.40656],[-75.54308,5.40656],[-75.54308,5.40656],[-75.54308,5.40654],[-75.54308,5.40653],[-75.54308,5.40653],[-75.54307,5.40652],[-75.54307,5.40652],[-75.54307,5.40651],[-75.54307,5.40651],[-75.54305,5.4065],[-75.54305,5.40648],[-75.54305,5.40648],[-75.54305,5.40647],[-75.54305,5.40646],[-75.54305,5.40646],[-75.54304,5.40644],[-75.54304,5.40643],[-75.54304,5.40643],[-75.54302,5.40641],[-75.54301,5.40641],[-75.54299,5.40639],[-75.54299,5.40639],[-75.54299,5.40638],[-75.54296,5.40637],[-75.54296,5.40637],[-75.54296,5.40637],[-75.54293,5.40637],[-75.54293,5.40637],[-75.54292,5.40636],[-75.54291,5.40635],[-75.54289,5.40631],[-75.54289,5.40631],[-75.54288,5.40629],[-75.54288,5.40629],[-75.54287,5.40629],[-75.54286,5.40628],[-75.54286,5.40628],[-75.54286,5.40627],[-75.54285,5.40627],[-75.54284,5.40627],[-75.54284,5.40627],[-75.54283,5.40627],[-75.54283,5.40627],[-75.54283,5.40627],[-75.54283,5.40627],[-75.54283,5.40626],[-75.54283,5.40626],[-75.54282,5.40625],[-75.54282,5.40625],[-75.54281,5.40623],[-75.54281,5.40623],[-75.54281,5.40621],[-75.54281,5.40621],[-75.54281,5.40621],[-75.54281,5.4062],[-75.54281,5.40619],[-75.54281,5.40619],[-75.54281,5.40618],[-75.54281,5.40618],[-75.5428,5.40617],[-75.5428,5.40616],[-75.5428,5.40616],[-75.54279,5.40616],[-75.54278,5.40615],[-75.54278,5.40615],[-75.54274,5.40612],[-75.54274,5.40612],[-75.54273,5.40611],[-75.54273,5.4061],[-75.54273,5.4061],[-75.54273,5.40609],[-75.54272,5.40608],[-75.54272,5.40608],[-75.54271,5.40605],[-75.5427,5.40605],[-75.54268,5.40602],[-75.54268,5.40601],[-75.54268,5.40601],[-75.54265,5.40599],[-75.54265,5.40599],[-75.54263,5.40597],[-75.54262,5.40596],[-75.54262,5.40596],[-75.5426,5.40595],[-75.5426,5.40595],[-75.5426,5.40595],[-75.54259,5.40595],[-75.54258,5.40594],[-75.54258,5.40593],[-75.54258,5.40593],[-75.54258,5.40593],[-75.54258,5.40592],[-75.54258,5.40592],[-75.54257,5.40591],[-75.54257,5.40591],[-75.54257,5.40591],[-75.54257,5.40591],[-75.54256,5.4059],[-75.54256,5.40589],[-75.54256,5.40589],[-75.54256,5.40589],[-75.54256,5.40587],[-75.54255,5.40587],[-75.54255,5.40587],[-75.54255,5.40587],[-75.54254,5.40586],[-75.54254,5.40585],[-75.54254,5.40585],[-75.5425,5.40582],[-75.54249,5.40582],[-75.54249,5.40581],[-75.54249,5.40581],[-75.54249,5.4058],[-75.54249,5.4058],[-75.54249,5.40579],[-75.54249,5.40578],[-75.54249,5.40578],[-75.54249,5.40578],[-75.5425,5.40578],[-75.5425,5.40578],[-75.54251,5.40578],[-75.54251,5.40578],[-75.54251,5.40578],[-75.54252,5.40577],[-75.54252,5.40577],[-75.54252,5.40577],[-75.54253,5.40577],[-75.54253,5.40576],[-75.54254,5.40575],[-75.54255,5.40575],[-75.54256,5.40575],[-75.54257,5.40576],[-75.54258,5.40576],[-75.54258,5.40576],[-75.54258,5.40576],[-75.54259,5.40577],[-75.54259,5.40577],[-75.54259,5.40578],[-75.54259,5.40578],[-75.5426,5.40578],[-75.5426,5.40579],[-75.5426,5.40579],[-75.54261,5.40579],[-75.54261,5.40579],[-75.54261,5.4058],[-75.54262,5.4058],[-75.54262,5.4058],[-75.54262,5.4058],[-75.54263,5.40581],[-75.54263,5.40581],[-75.54264,5.40581],[-75.54264,5.40581],[-75.54264,5.40581],[-75.54265,5.40581],[-75.54266,5.40581],[-75.54266,5.40581],[-75.54267,5.40582],[-75.54267,5.40582],[-75.54267,5.40582],[-75.54268,5.40582],[-75.54268,5.40582],[-75.5427,5.40582],[-75.54272,5.40582],[-75.54274,5.40583],[-75.54277,5.40585],[-75.54279,5.40587],[-75.54281,5.40589],[-75.54282,5.40591],[-75.54283,5.40593],[-75.54284,5.40595],[-75.54284,5.40597],[-75.54284,5.40597],[-75.54284,5.40597],[-75.54284,5.40598],[-75.54284,5.40598],[-75.54284,5.40599],[-75.54285,5.40599],[-75.54285,5.40599],[-75.54286,5.406],[-75.54286,5.406],[-75.54286,5.406],[-75.54288,5.40601],[-75.54288,5.40601],[-75.5429,5.40603],[-75.5429,5.40604],[-75.54291,5.40604],[-75.54292,5.40605],[-75.54292,5.40605],[-75.54294,5.40606],[-75.54294,5.40606],[-75.54294,5.40606],[-75.54296,5.40606],[-75.54296,5.40606],[-75.54296,5.40606],[-75.54299,5.40606],[-75.54299,5.40606],[-75.54301,5.40607],[-75.54301,5.40607],[-75.54302,5.40608],[-75.54302,5.40608],[-75.54303,5.40608],[-75.54304,5.40608],[-75.54304,5.40608],[-75.54306,5.40608],[-75.54306,5.40608],[-75.54307,5.40608],[-75.54307,5.40607],[-75.54308,5.40607],[-75.54308,5.40607],[-75.54309,5.40606],[-75.54309,5.40606],[-75.54309,5.40606],[-75.54312,5.40603],[-75.54313,5.40603],[-75.54313,5.40603],[-75.54314,5.40603],[-75.54314,5.40603],[-75.54315,5.40603],[-75.54315,5.40602],[-75.54315,5.40602],[-75.54316,5.40602],[-75.54316,5.40602],[-75.54316,5.40602],[-75.54317,5.40602],[-75.54317,5.40602],[-75.54317,5.40602],[-75.54318,5.40602],[-75.54318,5.40602],[-75.54319,5.40603],[-75.54319,5.40603],[-75.54319,5.40603],[-75.5432,5.40604],[-75.5432,5.40604],[-75.5432,5.40604],[-75.54321,5.40604],[-75.54322,5.40605],[-75.54322,5.40605],[-75.54322,5.40605],[-75.54324,5.40605],[-75.54324,5.40605],[-75.54325,5.40605],[-75.54328,5.40605],[-75.54329,5.40605],[-75.54333,5.40606],[-75.54334,5.40606],[-75.54334,5.40606],[-75.54335,5.40606],[-75.54335,5.40606],[-75.54336,5.40606],[-75.54338,5.40606],[-75.54339,5.40606],[-75.5434,5.40608],[-75.54341,5.40608],[-75.54341,5.40608],[-75.54342,5.40608],[-75.54342,5.40608],[-75.54342,5.40608],[-75.54344,5.40609],[-75.54345,5.40609],[-75.54347,5.40611],[-75.54347,5.40611],[-75.54347,5.40611],[-75.54347,5.40611],[-75.54348,5.40612],[-75.54348,5.40612],[-75.54349,5.40612],[-75.5435,5.40612],[-75.5435,5.40612],[-75.54353,5.40612],[-75.54354,5.40612],[-75.54354,5.40612],[-75.54355,5.40614],[-75.54355,5.40614],[-75.54356,5.40615],[-75.54358,5.40616],[-75.54358,5.40617],[-75.54358,5.40617],[-75.54359,5.40617],[-75.54359,5.40617],[-75.5436,5.40617],[-75.54361,5.40618],[-75.54361,5.40618],[-75.54361,5.40618],[-75.54362,5.40619],[-75.54362,5.40619],[-75.54363,5.4062],[-75.54364,5.4062],[-75.54364,5.4062],[-75.54364,5.40621],[-75.54365,5.40621],[-75.54366,5.40621],[-75.54366,5.40621],[-75.54367,5.40621],[-75.54368,5.40621],[-75.54369,5.40621],[-75.54369,5.4062],[-75.54369,5.4062],[-75.5437,5.4062],[-75.5437,5.4062],[-75.5437,5.40619],[-75.54371,5.40619],[-75.54371,5.40618],[-75.54371,5.40618],[-75.54371,5.40617],[-75.5437,5.40617],[-75.5437,5.40617],[-75.5437,5.40616],[-75.5437,5.40616],[-75.54369,5.40616],[-75.54369,5.40615],[-75.54368,5.40615],[-75.54368,5.40615],[-75.54368,5.40615],[-75.54367,5.40615],[-75.54366,5.40615],[-75.54365,5.40614],[-75.54365,5.40613],[-75.54365,5.40613],[-75.54364,5.40613],[-75.54363,5.40612],[-75.54363,5.40612],[-75.54362,5.40612],[-75.54362,5.40612],[-75.54361,5.40612],[-75.54361,5.40612],[-75.54361,5.40612],[-75.54359,5.40611],[-75.54358,5.40609],[-75.54358,5.40609],[-75.54358,5.40609],[-75.54357,5.40608],[-75.54357,5.40608],[-75.54357,5.40608],[-75.54356,5.40607],[-75.54355,5.40607],[-75.54354,5.40607],[-75.54354,5.40607],[-75.5435,5.40607],[-75.5435,5.40607],[-75.54348,5.40605],[-75.54348,5.40605],[-75.54347,5.40604],[-75.54347,5.40604],[-75.54346,5.40604],[-75.54346,5.40604],[-75.54344,5.40603],[-75.54344,5.40603],[-75.54342,5.40601],[-75.54341,5.40601],[-75.54341,5.40601],[-75.5434,5.40601],[-75.54339,5.40601],[-75.54339,5.40601],[-75.54338,5.40601],[-75.54335,5.40601],[-75.54335,5.40601],[-75.54331,5.406],[-75.5433,5.406],[-75.5433,5.406],[-75.54328,5.40599],[-75.54328,5.40599],[-75.54328,5.40599],[-75.54324,5.406],[-75.54323,5.406],[-75.54323,5.40599],[-75.54322,5.40598],[-75.54322,5.40598],[-75.54321,5.40598],[-75.54321,5.40598],[-75.54321,5.40597],[-75.5432,5.40597],[-75.5432,5.40597],[-75.5432,5.40597],[-75.54319,5.40597],[-75.54319,5.40597],[-75.54319,5.40597],[-75.54319,5.40597],[-75.54318,5.40596],[-75.54318,5.40596],[-75.54317,5.40596],[-75.54316,5.40596],[-75.54316,5.40596],[-75.54316,5.40596],[-75.54315,5.40596],[-75.54315,5.40596],[-75.54314,5.40596],[-75.54314,5.40597],[-75.54313,5.40597],[-75.54313,5.40597],[-75.54313,5.40597],[-75.54313,5.40597],[-75.54311,5.40597],[-75.54311,5.40597],[-75.5431,5.40597],[-75.5431,5.40598],[-75.54309,5.40598],[-75.54309,5.40598],[-75.54309,5.40598],[-75.54308,5.40599],[-75.54308,5.40599],[-75.54308,5.40599],[-75.54305,5.40602],[-75.54305,5.40602],[-75.54304,5.40603],[-75.54304,5.40602],[-75.54302,5.40602],[-75.54302,5.40601],[-75.54302,5.40601],[-75.54301,5.40601],[-75.543,5.40601],[-75.543,5.40601],[-75.54299,5.40601],[-75.54296,5.40601],[-75.54296,5.40601],[-75.54295,5.406],[-75.54294,5.406],[-75.54292,5.40598],[-75.54292,5.40597],[-75.54291,5.40597],[-75.54291,5.40596],[-75.54291,5.40596],[-75.54289,5.40596],[-75.54289,5.40595],[-75.54289,5.40595],[-75.54289,5.40595],[-75.54288,5.40592],[-75.54288,5.40592],[-75.54288,5.40592],[-75.54287,5.40589],[-75.54287,5.40588],[-75.54287,5.40588],[-75.54285,5.40586],[-75.54285,5.40585],[-75.54285,5.40585],[-75.54283,5.40583],[-75.54283,5.40583],[-75.5428,5.4058],[-75.5428,5.4058],[-75.54277,5.40579],[-75.54276,5.40578],[-75.54274,5.40577],[-75.54273,5.40577],[-75.5427,5.40577],[-75.5427,5.40577],[-75.54269,5.40577],[-75.54269,5.40576],[-75.54268,5.40576],[-75.54268,5.40576],[-75.54268,5.40575],[-75.54267,5.40575],[-75.54266,5.40575],[-75.54266,5.40575],[-75.54266,5.40575],[-75.54265,5.40575],[-75.54265,5.40575],[-75.54265,5.40575],[-75.54264,5.40575],[-75.54264,5.40575],[-75.54264,5.40574],[-75.54264,5.40574],[-75.54263,5.40574],[-75.54263,5.40573],[-75.54263,5.40573],[-75.54263,5.40572],[-75.54262,5.40572],[-75.54262,5.40572],[-75.54262,5.40571],[-75.54261,5.40571],[-75.54261,5.40571],[-75.54262,5.40571],[-75.54262,5.40571],[-75.54263,5.4057],[-75.54263,5.4057],[-75.54264,5.4057],[-75.54267,5.40566],[-75.54269,5.40564],[-75.54269,5.40564],[-75.54271,5.40562],[-75.54271,5.40562],[-75.54272,5.4056],[-75.54275,5.40555],[-75.54278,5.40552],[-75.54279,5.40551],[-75.5428,5.4055],[-75.54281,5.4055],[-75.54282,5.40549],[-75.54283,5.40549],[-75.54287,5.4055],[-75.54287,5.4055],[-75.54287,5.4055],[-75.54289,5.40549],[-75.54289,5.40549],[-75.54289,5.40549],[-75.54292,5.40549],[-75.54293,5.40549],[-75.54293,5.40549],[-75.54294,5.40548],[-75.54294,5.40548],[-75.54294,5.40548],[-75.54295,5.40548],[-75.54295,5.40548],[-75.54295,5.40547],[-75.54296,5.40547],[-75.54296,5.40546],[-75.54297,5.40546],[-75.54297,5.40546],[-75.54299,5.40546],[-75.54299,5.40546],[-75.543,5.40546],[-75.543,5.40546],[-75.54301,5.40546],[-75.54301,5.40546],[-75.54301,5.40545],[-75.54302,5.40545],[-75.54302,5.40545],[-75.54302,5.40545],[-75.54303,5.40545],[-75.54304,5.40545],[-75.54304,5.40545],[-75.54304,5.40545],[-75.54305,5.40545],[-75.54306,5.40544],[-75.54306,5.40544],[-75.54307,5.40544],[-75.54307,5.40543],[-75.54307,5.40543],[-75.54308,5.40542],[-75.54308,5.40542],[-75.54308,5.40542],[-75.54309,5.40542],[-75.5431,5.40542],[-75.5431,5.40542],[-75.5431,5.40542],[-75.54311,5.40541],[-75.54311,5.40541],[-75.54311,5.40541],[-75.54311,5.40541],[-75.54311,5.40542],[-75.54312,5.40542],[-75.54313,5.40542],[-75.54313,5.40543],[-75.54313,5.40543],[-75.54314,5.40543],[-75.54315,5.40543],[-75.54315,5.40543],[-75.54316,5.40543],[-75.54317,5.40543],[-75.54317,5.40543],[-75.54318,5.40543],[-75.54321,5.40542],[-75.54322,5.40542],[-75.54323,5.40542],[-75.54323,5.40542],[-75.54323,5.40542],[-75.54324,5.40542],[-75.54324,5.40543],[-75.54325,5.40543],[-75.54325,5.40543],[-75.54325,5.40543],[-75.54326,5.40544],[-75.54326,5.40544],[-75.54326,5.40544],[-75.54327,5.40544],[-75.54328,5.40544],[-75.54328,5.40544],[-75.54329,5.40544],[-75.54329,5.40544],[-75.5433,5.40544],[-75.54332,5.40544],[-75.54333,5.40544],[-75.54333,5.40544],[-75.54339,5.40543],[-75.54341,5.40542],[-75.54343,5.40542],[-75.54343,5.40542],[-75.54344,5.40543],[-75.54347,5.40546],[-75.54347,5.40546],[-75.54348,5.40546],[-75.54349,5.40547],[-75.5435,5.40547],[-75.5435,5.40547],[-75.54352,5.40547],[-75.54353,5.40547],[-75.54353,5.40547],[-75.54355,5.40546],[-75.54355,5.40546],[-75.5436,5.40545],[-75.54362,5.40545],[-75.54363,5.40545],[-75.54363,5.40545],[-75.54364,5.40545],[-75.54364,5.40546],[-75.54364,5.40546],[-75.54365,5.40546],[-75.54365,5.40546],[-75.54365,5.40547],[-75.54366,5.40547],[-75.54366,5.40547],[-75.54367,5.40547],[-75.54367,5.40547],[-75.54369,5.40547],[-75.54369,5.40546],[-75.54369,5.40546],[-75.54372,5.40545],[-75.54373,5.40545],[-75.54373,5.40545],[-75.54374,5.40545],[-75.54374,5.40545],[-75.54375,5.40545],[-75.54375,5.40545],[-75.54375,5.40545],[-75.54376,5.40545],[-75.54376,5.40545],[-75.54376,5.40546],[-75.54377,5.40546],[-75.54378,5.40546],[-75.54378,5.40546],[-75.54379,5.40546],[-75.54382,5.40545],[-75.54382,5.40545],[-75.54384,5.40545],[-75.54384,5.40545],[-75.54384,5.40545],[-75.54385,5.40544],[-75.54386,5.40544],[-75.54386,5.40543],[-75.54386,5.40543],[-75.54388,5.40543],[-75.54388,5.40543],[-75.54389,5.40543],[-75.5439,5.40542],[-75.5439,5.40542],[-75.5439,5.40542],[-75.54392,5.40541],[-75.54392,5.40541],[-75.54392,5.4054],[-75.54393,5.4054],[-75.54393,5.4054],[-75.54393,5.40539],[-75.54393,5.40539],[-75.54393,5.40538],[-75.54393,5.40538],[-75.54393,5.40538],[-75.54392,5.40537],[-75.54392,5.40537],[-75.54392,5.40537],[-75.54391,5.40536],[-75.54391,5.40536],[-75.5439,5.40536],[-75.5439,5.40536],[-75.5439,5.40536],[-75.54389,5.40536],[-75.54389,5.40537],[-75.54388,5.40537],[-75.54387,5.40537],[-75.54385,5.40538],[-75.54385,5.40538],[-75.54385,5.40538],[-75.54384,5.40538],[-75.54383,5.40538],[-75.54383,5.40539],[-75.54383,5.40539],[-75.54382,5.40539],[-75.54382,5.4054],[-75.54381,5.4054],[-75.54378,5.4054],[-75.54378,5.4054],[-75.54378,5.4054],[-75.54377,5.4054],[-75.54377,5.4054],[-75.54377,5.4054],[-75.54376,5.40539],[-75.54376,5.40539],[-75.54375,5.40539],[-75.54375,5.40539],[-75.54375,5.40539],[-75.54374,5.40539],[-75.54373,5.4054],[-75.54373,5.4054],[-75.54373,5.4054],[-75.54372,5.4054],[-75.54371,5.4054],[-75.54371,5.4054],[-75.5437,5.4054],[-75.54367,5.40541],[-75.54367,5.40541],[-75.54366,5.40541],[-75.54366,5.40541],[-75.54366,5.4054],[-75.54365,5.4054],[-75.54365,5.4054],[-75.54364,5.4054],[-75.54362,5.4054],[-75.54362,5.4054],[-75.54362,5.4054],[-75.54359,5.4054],[-75.54359,5.4054],[-75.54359,5.4054],[-75.54354,5.40541],[-75.54352,5.40541],[-75.54351,5.40541],[-75.5435,5.40541],[-75.54347,5.40538],[-75.54347,5.40538],[-75.54346,5.40538],[-75.54346,5.40537],[-75.54345,5.40537],[-75.54345,5.40537],[-75.54344,5.40537],[-75.54344,5.40537],[-75.54343,5.40537],[-75.54341,5.40537],[-75.54341,5.40537],[-75.5434,5.40537],[-75.54338,5.40537],[-75.54338,5.40537],[-75.54332,5.40539],[-75.54329,5.40539],[-75.54329,5.40539],[-75.54328,5.40539],[-75.54328,5.40539],[-75.54327,5.40538],[-75.54326,5.40538],[-75.54326,5.40537],[-75.54326,5.40537],[-75.54325,5.40536],[-75.54324,5.40536],[-75.54324,5.40536],[-75.54324,5.40536],[-75.54322,5.40536],[-75.54322,5.40536],[-75.54321,5.40536],[-75.5432,5.40536],[-75.5432,5.40536],[-75.54317,5.40537],[-75.54319,5.40535],[-75.5432,5.40535],[-75.5432,5.40534],[-75.5432,5.40534],[-75.5432,5.40534],[-75.54321,5.40534],[-75.54321,5.40534],[-75.54321,5.40534],[-75.54321,5.40534],[-75.54321,5.40534],[-75.54321,5.40534],[-75.54322,5.40534],[-75.54322,5.40534],[-75.54323,5.40534],[-75.54323,5.40534],[-75.54324,5.40534],[-75.54324,5.40534],[-75.54324,5.40534],[-75.54324,5.40534],[-75.54324,5.40534],[-75.54325,5.40534],[-75.54325,5.40534],[-75.54325,5.40534],[-75.54325,5.40534],[-75.54325,5.40534],[-75.54325,5.40534],[-75.54326,5.40534],[-75.54326,5.40534],[-75.54326,5.40534],[-75.54326,5.40534],[-75.54326,5.40534],[-75.54327,5.40533],[-75.54327,5.40533],[-75.54327,5.40533],[-75.54328,5.40534],[-75.54328,5.40534],[-75.54328,5.40534],[-75.54329,5.40534],[-75.54329,5.40534],[-75.5433,5.40534],[-75.5433,5.40534],[-75.5433,5.40534],[-75.5433,5.40533],[-75.5433,5.40533],[-75.5433,5.40533],[-75.54332,5.40533],[-75.54332,5.40533],[-75.54332,5.40533],[-75.54332,5.40533],[-75.54332,5.40532],[-75.54333,5.40532],[-75.54333,5.40532],[-75.54334,5.40531],[-75.54334,5.40531],[-75.54334,5.40531],[-75.54335,5.40531],[-75.54335,5.40531],[-75.54336,5.40529],[-75.54336,5.40529],[-75.54336,5.40529],[-75.54339,5.40525],[-75.5434,5.40523],[-75.54344,5.4052],[-75.54344,5.4052],[-75.54344,5.4052],[-75.54344,5.4052],[-75.54345,5.40519],[-75.54345,5.40519],[-75.54346,5.40519],[-75.54346,5.40519],[-75.54348,5.40515],[-75.54348,5.40515],[-75.54349,5.40515],[-75.5435,5.40515],[-75.5435,5.40515],[-75.5435,5.40515],[-75.5435,5.40515],[-75.5435,5.40515],[-75.5435,5.40515],[-75.54351,5.40515],[-75.54351,5.40515],[-75.54351,5.40515],[-75.54351,5.40515],[-75.54352,5.40514],[-75.54352,5.40514],[-75.54352,5.40514],[-75.54352,5.40514],[-75.54352,5.40514],[-75.54352,5.40514],[-75.54352,5.40514],[-75.54352,5.40514],[-75.54353,5.40513],[-75.54355,5.40513],[-75.54355,5.40513],[-75.54355,5.40513],[-75.54355,5.40513],[-75.54355,5.40513],[-75.54355,5.40513],[-75.54356,5.40513],[-75.54356,5.40513],[-75.54356,5.40513],[-75.54356,5.40512],[-75.54356,5.40512],[-75.54357,5.40512],[-75.54357,5.40512],[-75.54357,5.40512],[-75.54357,5.40512],[-75.54357,5.40512],[-75.54357,5.40512],[-75.54357,5.40512],[-75.54357,5.40512],[-75.54358,5.40511],[-75.54358,5.40511],[-75.54358,5.40511],[-75.54358,5.40511],[-75.54358,5.40511],[-75.54358,5.40511],[-75.54359,5.40511],[-75.54359,5.40511],[-75.54359,5.4051],[-75.54359,5.4051],[-75.5436,5.4051],[-75.5436,5.4051],[-75.5436,5.4051],[-75.5436,5.4051],[-75.5436,5.4051],[-75.5436,5.4051],[-75.5436,5.40509],[-75.5436,5.40509],[-75.54361,5.40509],[-75.54361,5.40509],[-75.54361,5.40509],[-75.54361,5.40509],[-75.54361,5.40509],[-75.54362,5.40508],[-75.54362,5.40508],[-75.54362,5.40508],[-75.54362,5.40508],[-75.54362,5.40508],[-75.54362,5.40508],[-75.54363,5.40507],[-75.54365,5.40506],[-75.54365,5.40505],[-75.54366,5.40505],[-75.54366,5.40505],[-75.54366,5.40505],[-75.54367,5.40504],[-75.54367,5.40504],[-75.54368,5.40504],[-75.54368,5.40504],[-75.54368,5.40504],[-75.54368,5.40504],[-75.54368,5.40503],[-75.54369,5.40503],[-75.54369,5.40503],[-75.54369,5.40502],[-75.54369,5.40502],[-75.54369,5.40502],[-75.54369,5.40502],[-75.54369,5.40502],[-75.54369,5.40502],[-75.54369,5.40501],[-75.54369,5.40501],[-75.54369,5.40501],[-75.54369,5.405],[-75.54369,5.405],[-75.54369,5.405],[-75.54369,5.405],[-75.54369,5.40499],[-75.54369,5.40499],[-75.54369,5.40499],[-75.54369,5.40499],[-75.54369,5.40499],[-75.54369,5.40499],[-75.54369,5.40498],[-75.54369,5.40498],[-75.54369,5.40498],[-75.54369,5.40498],[-75.54369,5.40498],[-75.54369,5.40498],[-75.54369,5.40498],[-75.54368,5.40497],[-75.54368,5.40497],[-75.54368,5.40497],[-75.54368,5.40497],[-75.54368,5.40497],[-75.54368,5.40497],[-75.54367,5.40497],[-75.54367,5.40497],[-75.54367,5.40497],[-75.54367,5.40497],[-75.54367,5.40497],[-75.54367,5.40497],[-75.54366,5.40497],[-75.54366,5.40497],[-75.54366,5.40497],[-75.54366,5.40497],[-75.54366,5.40497],[-75.54366,5.40497],[-75.54365,5.40497],[-75.54365,5.40497],[-75.54365,5.40497],[-75.54365,5.40498],[-75.54365,5.40498],[-75.54365,5.40498],[-75.54365,5.40498],[-75.54364,5.40498],[-75.54364,5.40498],[-75.54364,5.40498],[-75.54364,5.40499],[-75.54364,5.40499],[-75.54364,5.40499],[-75.54364,5.40499],[-75.54364,5.40499],[-75.54364,5.40499],[-75.54364,5.405],[-75.54364,5.405],[-75.54364,5.405],[-75.54364,5.405],[-75.54362,5.40501],[-75.54362,5.40501],[-75.54362,5.40501],[-75.54362,5.40501],[-75.54362,5.40501],[-75.54361,5.40501],[-75.54361,5.40501],[-75.54361,5.40501],[-75.54361,5.40501],[-75.54361,5.40501],[-75.54361,5.40501],[-75.54361,5.40501],[-75.54361,5.40502],[-75.54359,5.40503],[-75.54359,5.40504],[-75.54359,5.40504],[-75.54359,5.40504],[-75.54358,5.40504],[-75.54358,5.40504],[-75.54358,5.40504],[-75.54358,5.40504],[-75.54358,5.40504],[-75.54358,5.40504],[-75.54357,5.40504],[-75.54357,5.40504],[-75.54357,5.40504],[-75.54357,5.40505],[-75.54357,5.40505],[-75.54357,5.40505],[-75.54357,5.40505],[-75.54356,5.40505],[-75.54356,5.40505],[-75.54356,5.40505],[-75.54356,5.40506],[-75.54355,5.40506],[-75.54355,5.40506],[-75.54355,5.40506],[-75.54355,5.40506],[-75.54355,5.40506],[-75.54354,5.40506],[-75.54354,5.40506],[-75.54354,5.40507],[-75.54354,5.40507],[-75.54354,5.40507],[-75.54354,5.40507],[-75.54354,5.40507],[-75.54353,5.40507],[-75.54353,5.40507],[-75.54353,5.40507],[-75.54353,5.40507],[-75.54353,5.40507],[-75.54352,5.40507],[-75.54352,5.40507],[-75.54352,5.40507],[-75.54351,5.40507],[-75.54351,5.40507],[-75.54351,5.40507],[-75.54351,5.40507],[-75.54351,5.40508],[-75.54351,5.40508],[-75.54351,5.40508],[-75.5435,5.40508],[-75.5435,5.40508],[-75.5435,5.40508],[-75.5435,5.40508],[-75.5435,5.40508],[-75.54349,5.40509],[-75.54349,5.40509],[-75.54349,5.40509],[-75.54349,5.40509],[-75.54349,5.4051],[-75.54348,5.4051],[-75.54348,5.4051],[-75.54348,5.4051],[-75.54348,5.4051],[-75.54348,5.4051],[-75.54347,5.4051],[-75.54346,5.4051],[-75.54346,5.4051],[-75.54346,5.4051],[-75.54346,5.4051],[-75.54346,5.4051],[-75.54346,5.4051],[-75.54346,5.4051],[-75.54345,5.40511],[-75.54345,5.40511],[-75.54344,5.40511],[-75.54344,5.40512],[-75.54344,5.40512],[-75.54344,5.40512],[-75.54344,5.40512],[-75.54341,5.40515],[-75.54341,5.40516],[-75.54337,5.40519],[-75.54337,5.40519],[-75.54336,5.40519],[-75.54336,5.4052],[-75.54335,5.40521],[-75.54335,5.40521],[-75.54335,5.40522],[-75.54334,5.40522],[-75.54332,5.40526],[-75.54331,5.40527],[-75.5433,5.40528],[-75.54329,5.40528],[-75.54329,5.40528],[-75.54327,5.40528],[-75.54327,5.40528],[-75.54327,5.40528],[-75.54326,5.40528],[-75.54326,5.40528],[-75.54326,5.40528],[-75.54326,5.40528],[-75.54325,5.40528],[-75.54325,5.40528],[-75.54325,5.40528],[-75.54325,5.40528],[-75.54325,5.40528],[-75.54325,5.40528],[-75.54324,5.40528],[-75.54324,5.40528],[-75.54324,5.40529],[-75.54324,5.40529],[-75.54324,5.40529],[-75.54324,5.40529],[-75.54322,5.40528],[-75.54322,5.40528],[-75.54322,5.40528],[-75.54321,5.40528],[-75.54321,5.40528],[-75.54321,5.40528],[-75.54321,5.40528],[-75.54321,5.40528],[-75.5432,5.40528],[-75.5432,5.40528],[-75.5432,5.40529],[-75.54319,5.40529],[-75.54319,5.40529],[-75.54319,5.40529],[-75.54319,5.40529],[-75.54319,5.40529],[-75.54319,5.40529],[-75.54318,5.40529],[-75.54318,5.40529],[-75.54318,5.40529],[-75.54318,5.40529],[-75.54318,5.40529],[-75.54317,5.40529],[-75.54317,5.40529],[-75.54317,5.4053],[-75.54317,5.4053],[-75.54316,5.4053],[-75.54316,5.4053],[-75.54316,5.4053],[-75.54316,5.4053],[-75.54316,5.4053],[-75.54315,5.4053],[-75.54315,5.40531],[-75.54315,5.40531],[-75.54315,5.40531],[-75.54315,5.40531],[-75.54313,5.40534],[-75.54313,5.40535],[-75.54311,5.40535],[-75.54311,5.40535],[-75.54311,5.40535],[-75.54311,5.40535],[-75.54311,5.40535],[-75.5431,5.40535],[-75.5431,5.40535],[-75.5431,5.40535],[-75.5431,5.40535],[-75.5431,5.40535],[-75.5431,5.40535],[-75.5431,5.40535],[-75.54309,5.40535],[-75.54309,5.40535],[-75.54309,5.40536],[-75.54309,5.40536],[-75.54309,5.40536],[-75.54309,5.40536],[-75.54309,5.40536],[-75.54309,5.40536],[-75.54308,5.40536],[-75.54308,5.40536],[-75.54308,5.40537],[-75.54307,5.40537],[-75.54307,5.40537],[-75.54307,5.40537],[-75.54306,5.40537],[-75.54306,5.40537],[-75.54306,5.40537],[-75.54305,5.40537],[-75.54305,5.40538],[-75.54304,5.40538],[-75.54304,5.40539],[-75.54304,5.40539],[-75.54303,5.40539],[-75.54303,5.40539],[-75.54302,5.40539],[-75.54302,5.40539],[-75.54301,5.40539],[-75.543,5.4054],[-75.543,5.4054],[-75.543,5.4054],[-75.54299,5.4054],[-75.54299,5.4054],[-75.54299,5.40541],[-75.54298,5.4054],[-75.54297,5.4054],[-75.54297,5.4054],[-75.54296,5.4054],[-75.54296,5.4054],[-75.54296,5.40541],[-75.54294,5.40541],[-75.54294,5.40541],[-75.54294,5.40541],[-75.54293,5.40542],[-75.54293,5.40542],[-75.54292,5.40542],[-75.54292,5.40542],[-75.54292,5.40543],[-75.54291,5.40543],[-75.54291,5.40543],[-75.5429,5.40543],[-75.54288,5.40544],[-75.54287,5.40544],[-75.54283,5.40544],[-75.54283,5.40544],[-75.54283,5.40544],[-75.54281,5.40544],[-75.54281,5.40544],[-75.54281,5.40544],[-75.54279,5.40545],[-75.54279,5.40545],[-75.54279,5.40545],[-75.54278,5.40546],[-75.54277,5.40546],[-75.54277,5.40546],[-75.54276,5.40547],[-75.54276,5.40547],[-75.54274,5.40548],[-75.54274,5.40548],[-75.54271,5.40552],[-75.54271,5.40552],[-75.54271,5.40552],[-75.54268,5.40557],[-75.54268,5.40557],[-75.54266,5.40559],[-75.54265,5.4056],[-75.54263,5.40562],[-75.54263,5.40562],[-75.5426,5.40566],[-75.54259,5.40566],[-75.54259,5.40566],[-75.54258,5.40566],[-75.54258,5.40566],[-75.54258,5.40566],[-75.54257,5.40566],[-75.54257,5.40566],[-75.54256,5.40567],[-75.54256,5.40567],[-75.54256,5.40567],[-75.54255,5.40568],[-75.54255,5.40568],[-75.54255,5.40568],[-75.54254,5.40569],[-75.54254,5.40569],[-75.54254,5.4057],[-75.54253,5.40569],[-75.54253,5.40569],[-75.54252,5.40569],[-75.54252,5.40569],[-75.54251,5.4057],[-75.54251,5.4057],[-75.5425,5.4057],[-75.54249,5.40571],[-75.54249,5.40571],[-75.54249,5.40571],[-75.54248,5.40573],[-75.54247,5.40573],[-75.54246,5.40573],[-75.54246,5.40573],[-75.54245,5.40573],[-75.54244,5.40571],[-75.54244,5.40571],[-75.54244,5.40571],[-75.54243,5.40571],[-75.54243,5.40571],[-75.54243,5.40571],[-75.54243,5.40571],[-75.54243,5.40571],[-75.54243,5.40571],[-75.54241,5.4057],[-75.54241,5.4057],[-75.54238,5.40569],[-75.54238,5.40569],[-75.54238,5.40569],[-75.54238,5.40569],[-75.54238,5.40569],[-75.54237,5.40569],[-75.54237,5.40569],[-75.54237,5.40569],[-75.54237,5.40569],[-75.54237,5.40569],[-75.54237,5.40569],[-75.54237,5.40569],[-75.54237,5.40569],[-75.54237,5.40569],[-75.54237,5.40569],[-75.54237,5.40569],[-75.54236,5.40569],[-75.54236,5.40569],[-75.54235,5.40569],[-75.54234,5.40569],[-75.54234,5.40569],[-75.54234,5.40569],[-75.54234,5.40569],[-75.54234,5.40569],[-75.54233,5.40569],[-75.54233,5.40569],[-75.54233,5.40569],[-75.54233,5.40569],[-75.54233,5.40569],[-75.54233,5.40569],[-75.54233,5.40569],[-75.54233,5.40569],[-75.54232,5.4057],[-75.54231,5.4057],[-75.54231,5.4057],[-75.5423,5.40571],[-75.54229,5.40571],[-75.54228,5.4057],[-75.54227,5.4057],[-75.54227,5.4057],[-75.54227,5.4057],[-75.54227,5.40569],[-75.54227,5.40569],[-75.54227,5.40569],[-75.54227,5.40569],[-75.54227,5.40569],[-75.54227,5.40568],[-75.54227,5.40568],[-75.54227,5.40568],[-75.54226,5.40567],[-75.54226,5.40567],[-75.54226,5.40567],[-75.54225,5.40565],[-75.54224,5.40564],[-75.54224,5.40564],[-75.54224,5.40564],[-75.54222,5.40562],[-75.54222,5.40562],[-75.54222,5.40562],[-75.54222,5.40562],[-75.54222,5.40562],[-75.54219,5.40559],[-75.54219,5.40559],[-75.54219,5.40559],[-75.54219,5.40559],[-75.54216,5.40557],[-75.54216,5.40557],[-75.54216,5.40557],[-75.54216,5.40557],[-75.54216,5.40557],[-75.54216,5.40557],[-75.54215,5.40557],[-75.54215,5.40557],[-75.54215,5.40557],[-75.54215,5.40557],[-75.54215,5.40557],[-75.54215,5.40557],[-75.54214,5.40557],[-75.54214,5.40557],[-75.54214,5.40557],[-75.54214,5.40557],[-75.54214,5.40557],[-75.54214,5.40557],[-75.54213,5.40557],[-75.54213,5.40557],[-75.54213,5.40558],[-75.54213,5.40558],[-75.54213,5.40558],[-75.54213,5.40558],[-75.54213,5.40558],[-75.54213,5.40558],[-75.54212,5.40558],[-75.54212,5.40559],[-75.54212,5.40559],[-75.54212,5.40559],[-75.54212,5.40559],[-75.54212,5.40559],[-75.54212,5.40559],[-75.54212,5.4056],[-75.54212,5.4056],[-75.54212,5.4056],[-75.54212,5.4056],[-75.54212,5.4056],[-75.54212,5.4056],[-75.54212,5.40561],[-75.54212,5.40561],[-75.54213,5.40561],[-75.54213,5.40561],[-75.54213,5.40561],[-75.54213,5.40561],[-75.54213,5.40562],[-75.54213,5.40562],[-75.54213,5.40562],[-75.54213,5.40562],[-75.54213,5.40562],[-75.54216,5.40564],[-75.54218,5.40565],[-75.5422,5.40568],[-75.54222,5.4057],[-75.54222,5.4057],[-75.54221,5.40571],[-75.54221,5.40571],[-75.54221,5.40571],[-75.54221,5.40572],[-75.54222,5.40572],[-75.54222,5.40572],[-75.54222,5.40572],[-75.54222,5.40572],[-75.54222,5.40572],[-75.54222,5.40573],[-75.54222,5.40573],[-75.54222,5.40573],[-75.54222,5.40573],[-75.54222,5.40573],[-75.54222,5.40573],[-75.54222,5.40574],[-75.54222,5.40574],[-75.54223,5.40574],[-75.54223,5.40574],[-75.54223,5.40574],[-75.54223,5.40574],[-75.54223,5.40574],[-75.54223,5.40574],[-75.54224,5.40574],[-75.54224,5.40574],[-75.54224,5.40574],[-75.54224,5.40574],[-75.54224,5.40575],[-75.54224,5.40575],[-75.54224,5.40575],[-75.54225,5.40575],[-75.54225,5.40575],[-75.54225,5.40575],[-75.54226,5.40575],[-75.54226,5.40575],[-75.54227,5.40576],[-75.54227,5.40576],[-75.54227,5.40576],[-75.54227,5.40576],[-75.54228,5.40576],[-75.54228,5.40576],[-75.54229,5.40576],[-75.54229,5.40576],[-75.5423,5.40576],[-75.5423,5.40576],[-75.5423,5.40576],[-75.54231,5.40576],[-75.54232,5.40576],[-75.54232,5.40576],[-75.54232,5.40576],[-75.54232,5.40576],[-75.54232,5.40576],[-75.54233,5.40575],[-75.54234,5.40575],[-75.54234,5.40575],[-75.54234,5.40575],[-75.54234,5.40575],[-75.54235,5.40574],[-75.54235,5.40574],[-75.54235,5.40574],[-75.54235,5.40574],[-75.54235,5.40574],[-75.54235,5.40574],[-75.54235,5.40574],[-75.54236,5.40574],[-75.54236,5.40575],[-75.54236,5.40575],[-75.54237,5.40575],[-75.54237,5.40576],[-75.54237,5.40576],[-75.54241,5.40577],[-75.54242,5.40577],[-75.54242,5.40578],[-75.54243,5.40579],[-75.54243,5.40579],[-75.54244,5.4058],[-75.54244,5.40581],[-75.54244,5.40582],[-75.54244,5.40582],[-75.54244,5.40582],[-75.54244,5.40583],[-75.54244,5.40584],[-75.54245,5.40584],[-75.54245,5.40585],[-75.54245,5.40585],[-75.54246,5.40586],[-75.54247,5.40587],[-75.54247,5.40587],[-75.54247,5.40587],[-75.5425,5.40589],[-75.54251,5.4059],[-75.54251,5.4059],[-75.54251,5.40591],[-75.54251,5.40592],[-75.54251,5.40592],[-75.54251,5.40592],[-75.54251,5.40593],[-75.54252,5.40593],[-75.54252,5.40594],[-75.54252,5.40594],[-75.54253,5.40595],[-75.54253,5.40595],[-75.54253,5.40596],[-75.54253,5.40596],[-75.54253,5.40596],[-75.54253,5.40597],[-75.54254,5.40598],[-75.54254,5.40598],[-75.54254,5.40598],[-75.54255,5.40598],[-75.54256,5.40599],[-75.54256,5.40599],[-75.54257,5.406],[-75.54258,5.406],[-75.5426,5.40601],[-75.54262,5.40603],[-75.54264,5.40605],[-75.54266,5.40608],[-75.54268,5.40611],[-75.54268,5.40612],[-75.54268,5.40613],[-75.54268,5.40613],[-75.54269,5.40614],[-75.54269,5.40615],[-75.54269,5.40615],[-75.5427,5.40615],[-75.5427,5.40616],[-75.54271,5.40617],[-75.54271,5.40617],[-75.54275,5.40619],[-75.54276,5.4062],[-75.54276,5.4062],[-75.54276,5.40621],[-75.54276,5.40621],[-75.54276,5.40623],[-75.54276,5.40623],[-75.54276,5.40624],[-75.54276,5.40624],[-75.54276,5.40625],[-75.54276,5.40625],[-75.54276,5.40625],[-75.54277,5.40627],[-75.54277,5.40628],[-75.54277,5.40628],[-75.54277,5.40629],[-75.54277,5.40629],[-75.54277,5.4063],[-75.54278,5.4063],[-75.54278,5.4063],[-75.54278,5.40631],[-75.54279,5.40631],[-75.54279,5.40632],[-75.5428,5.40632],[-75.5428,5.40632],[-75.5428,5.40632],[-75.54281,5.40632],[-75.54281,5.40632],[-75.54282,5.40632],[-75.54283,5.40632],[-75.54283,5.40632],[-75.54284,5.40633],[-75.54285,5.40634],[-75.54287,5.40637],[-75.54287,5.40638],[-75.54288,5.40639],[-75.54288,5.40639],[-75.54288,5.4064],[-75.54289,5.40641],[-75.5429,5.40641],[-75.5429,5.40641],[-75.54291,5.40642],[-75.54292,5.40642],[-75.54292,5.40642],[-75.54295,5.40642],[-75.54296,5.40643],[-75.54298,5.40645],[-75.54299,5.40646],[-75.543,5.40648],[-75.543,5.40648],[-75.543,5.4065],[-75.543,5.40651],[-75.543,5.40651],[-75.543,5.40652],[-75.54301,5.40652],[-75.54301,5.40653],[-75.54301,5.40653],[-75.54303,5.40655],[-75.54303,5.40655],[-75.54303,5.40657],[-75.54303,5.40658],[-75.54303,5.40658],[-75.54304,5.40659],[-75.54304,5.40659],[-75.54304,5.40659],[-75.54305,5.4066],[-75.54306,5.40661],[-75.54306,5.40661],[-75.54307,5.40662],[-75.54308,5.40662],[-75.54308,5.40662],[-75.54309,5.40662],[-75.54309,5.40662],[-75.5431,5.40662],[-75.54312,5.40662],[-75.54312,5.40662]]],[[[-75.54703,5.40783],[-75.54703,5.40783],[-75.54702,5.40783],[-75.54702,5.40785],[-75.54702,5.40785],[-75.54702,5.40786],[-75.54702,5.40786],[-75.54701,5.40787],[-75.54698,5.40791],[-75.54691,5.40798],[-75.54681,5.40809],[-75.5467,5.40819],[-75.5467,5.40819],[-75.5467,5.4082],[-75.5467,5.4082],[-75.54669,5.40821],[-75.54669,5.40821],[-75.5467,5.40822],[-75.5467,5.40822],[-75.5467,5.40823],[-75.5467,5.40823],[-75.54671,5.40823],[-75.54671,5.40823],[-75.54671,5.40824],[-75.54672,5.40824],[-75.54672,5.40824],[-75.54673,5.40824],[-75.54673,5.40824],[-75.54674,5.40823],[-75.54674,5.40823],[-75.54685,5.40813],[-75.54685,5.40813],[-75.54695,5.40802],[-75.54702,5.40795],[-75.54702,5.40795],[-75.54702,5.40795],[-75.54706,5.4079],[-75.54706,5.4079],[-75.54707,5.40789],[-75.54707,5.40788],[-75.54707,5.40788],[-75.54707,5.40787],[-75.54707,5.40787],[-75.54707,5.40786],[-75.54707,5.40785],[-75.54708,5.40785],[-75.5471,5.40783],[-75.54712,5.40782],[-75.54713,5.40782],[-75.54716,5.40781],[-75.54718,5.40782],[-75.5472,5.40782],[-75.54734,5.40796],[-75.54735,5.40796],[-75.54735,5.40796],[-75.54735,5.40796],[-75.54736,5.40796],[-75.54736,5.40796],[-75.54737,5.40796],[-75.54737,5.40796],[-75.54738,5.40796],[-75.54738,5.40796],[-75.54738,5.40795],[-75.54739,5.40795],[-75.54739,5.40794],[-75.54739,5.40794],[-75.54739,5.40793],[-75.54739,5.40793],[-75.54739,5.40793],[-75.54738,5.40792],[-75.54738,5.40792],[-75.54724,5.40778],[-75.54723,5.40776],[-75.54723,5.40776],[-75.54723,5.40776],[-75.54721,5.40774],[-75.54721,5.40773],[-75.54721,5.40773],[-75.54719,5.40772],[-75.54719,5.40771],[-75.54718,5.40771],[-75.54716,5.4077],[-75.54716,5.4077],[-75.54715,5.4077],[-75.54715,5.4077],[-75.54713,5.4077],[-75.54713,5.4077],[-75.54713,5.4077],[-75.54712,5.4077],[-75.54712,5.4077],[-75.54711,5.4077],[-75.54711,5.4077],[-75.54711,5.4077],[-75.5471,5.4077],[-75.5471,5.40769],[-75.5471,5.40769],[-75.54709,5.40768],[-75.54709,5.40768],[-75.54708,5.40768],[-75.54708,5.40767],[-75.54708,5.40767],[-75.54707,5.40767],[-75.54707,5.40767],[-75.54706,5.40767],[-75.54704,5.40765],[-75.54704,5.40765],[-75.54704,5.40765],[-75.54703,5.40765],[-75.54702,5.40764],[-75.54702,5.40764],[-75.54701,5.40764],[-75.547,5.40764],[-75.547,5.40764],[-75.54699,5.40764],[-75.54697,5.40764],[-75.54697,5.40764],[-75.54697,5.40764],[-75.54693,5.40765],[-75.54691,5.40765],[-75.5469,5.40765],[-75.5469,5.40765],[-75.54688,5.40764],[-75.54688,5.40764],[-75.54688,5.40763],[-75.54687,5.40763],[-75.54687,5.40763],[-75.54687,5.40763],[-75.54686,5.40763],[-75.54686,5.40763],[-75.54685,5.40763],[-75.54685,5.40763],[-75.54684,5.40762],[-75.54684,5.40762],[-75.54684,5.40762],[-75.54683,5.40762],[-75.54683,5.40762],[-75.54682,5.40761],[-75.54682,5.40761],[-75.54682,5.40761],[-75.54682,5.4076],[-75.54681,5.4076],[-75.54681,5.4076],[-75.5468,5.4076],[-75.5468,5.4076],[-75.5468,5.4076],[-75.54679,5.4076],[-75.54678,5.40759],[-75.54678,5.40758],[-75.54677,5.40758],[-75.54677,5.40758],[-75.54676,5.40758],[-75.54676,5.40758],[-75.54674,5.40755],[-75.54674,5.40755],[-75.54673,5.40754],[-75.54673,5.40754],[-75.54672,5.40754],[-75.54672,5.40753],[-75.54672,5.40753],[-75.54671,5.40753],[-75.54671,5.40753],[-75.5467,5.40753],[-75.54669,5.40753],[-75.54669,5.40753],[-75.54667,5.40753],[-75.54665,5.40753],[-75.54665,5.40752],[-75.54663,5.4075],[-75.54662,5.40749],[-75.54662,5.40749],[-75.54661,5.40749],[-75.5466,5.40748],[-75.5466,5.40748],[-75.5466,5.40748],[-75.54659,5.40748],[-75.54659,5.40748],[-75.54658,5.40748],[-75.54657,5.40748],[-75.54656,5.40747],[-75.54656,5.40747],[-75.54656,5.40747],[-75.54654,5.40745],[-75.54653,5.40744],[-75.54653,5.40744],[-75.54653,5.40743],[-75.54651,5.40742],[-75.54651,5.40742],[-75.54651,5.40741],[-75.54649,5.4074],[-75.54649,5.4074],[-75.54648,5.4074],[-75.54648,5.4074],[-75.54647,5.4074],[-75.54647,5.4074],[-75.54646,5.4074],[-75.54645,5.4074],[-75.54644,5.40739],[-75.54643,5.40739],[-75.54643,5.40739],[-75.54643,5.40739],[-75.54642,5.40739],[-75.54641,5.40739],[-75.5464,5.40738],[-75.5464,5.40738],[-75.5464,5.40738],[-75.54639,5.40738],[-75.54638,5.40737],[-75.54638,5.40737],[-75.54637,5.40737],[-75.54635,5.40737],[-75.54635,5.40737],[-75.54634,5.40737],[-75.54632,5.40734],[-75.54632,5.40734],[-75.54632,5.40734],[-75.54631,5.40733],[-75.5463,5.40733],[-75.5463,5.40733],[-75.5463,5.40733],[-75.54629,5.40732],[-75.54629,5.40732],[-75.54628,5.40732],[-75.54627,5.40732],[-75.54627,5.40732],[-75.54623,5.40733],[-75.54623,5.40733],[-75.54622,5.40733],[-75.54622,5.40733],[-75.54622,5.40732],[-75.54622,5.40732],[-75.54621,5.40732],[-75.54621,5.40732],[-75.5462,5.40732],[-75.5462,5.40732],[-75.54619,5.40732],[-75.54619,5.40732],[-75.54618,5.40732],[-75.54617,5.40732],[-75.54617,5.40731],[-75.54616,5.40731],[-75.54615,5.40731],[-75.54615,5.40731],[-75.54615,5.40731],[-75.54612,5.40731],[-75.54612,5.40731],[-75.54611,5.40729],[-75.54611,5.40729],[-75.5461,5.40729],[-75.5461,5.40729],[-75.54609,5.40728],[-75.54609,5.40728],[-75.54609,5.40728],[-75.54608,5.40728],[-75.54608,5.40728],[-75.54607,5.40728],[-75.54607,5.40728],[-75.54607,5.40727],[-75.54606,5.40727],[-75.54606,5.40727],[-75.54605,5.40727],[-75.54605,5.40727],[-75.54604,5.40726],[-75.54603,5.40726],[-75.54603,5.40726],[-75.54601,5.40727],[-75.54601,5.40727],[-75.54601,5.40727],[-75.54599,5.40727],[-75.54599,5.40727],[-75.54599,5.40727],[-75.54599,5.40727],[-75.54598,5.40726],[-75.54598,5.40726],[-75.54597,5.40726],[-75.54597,5.40726],[-75.54596,5.40725],[-75.54596,5.40725],[-75.54595,5.40725],[-75.54595,5.40725],[-75.54595,5.40725],[-75.54594,5.40725],[-75.54594,5.40725],[-75.54593,5.40726],[-75.54593,5.40726],[-75.54593,5.40726],[-75.54592,5.40726],[-75.54592,5.40726],[-75.54592,5.40726],[-75.54591,5.40726],[-75.54587,5.40725],[-75.54587,5.40725],[-75.54586,5.40725],[-75.54585,5.40725],[-75.54584,5.40725],[-75.54584,5.40725],[-75.54584,5.40725],[-75.54583,5.40726],[-75.54582,5.40726],[-75.54582,5.40726],[-75.54582,5.40726],[-75.54582,5.40726],[-75.54581,5.40726],[-75.54581,5.40726],[-75.5458,5.40726],[-75.5458,5.40726],[-75.54579,5.40726],[-75.54579,5.40726],[-75.54579,5.40726],[-75.54577,5.40726],[-75.54577,5.40726],[-75.54577,5.40726],[-75.54576,5.40725],[-75.54576,5.40725],[-75.54575,5.40725],[-75.54575,5.40725],[-75.54574,5.40725],[-75.54574,5.40725],[-75.54573,5.40725],[-75.54571,5.40724],[-75.54571,5.40724],[-75.54571,5.40724],[-75.5457,5.40723],[-75.54569,5.40723],[-75.54569,5.40723],[-75.54568,5.40723],[-75.54567,5.40723],[-75.54563,5.40724],[-75.54562,5.40724],[-75.54562,5.40724],[-75.54561,5.40723],[-75.5456,5.40722],[-75.5456,5.40722],[-75.54558,5.40721],[-75.54558,5.40721],[-75.54557,5.40721],[-75.54555,5.40721],[-75.54555,5.40721],[-75.54554,5.40721],[-75.54554,5.40721],[-75.54553,5.40721],[-75.54553,5.40721],[-75.54552,5.40721],[-75.54552,5.40721],[-75.54552,5.40722],[-75.54551,5.40722],[-75.54551,5.40722],[-75.54551,5.40722],[-75.5455,5.40723],[-75.54549,5.40722],[-75.54546,5.40722],[-75.54544,5.40721],[-75.54544,5.40721],[-75.54542,5.40719],[-75.54542,5.40718],[-75.54542,5.40718],[-75.5454,5.40717],[-75.5454,5.40717],[-75.5454,5.40717],[-75.54539,5.40717],[-75.54539,5.40717],[-75.54538,5.40717],[-75.54538,5.40716],[-75.54537,5.40716],[-75.54537,5.40715],[-75.54536,5.40715],[-75.54536,5.40715],[-75.54536,5.40715],[-75.54535,5.40714],[-75.54535,5.40714],[-75.54534,5.40714],[-75.54534,5.40714],[-75.54533,5.40714],[-75.54533,5.40714],[-75.54532,5.40715],[-75.54531,5.40715],[-75.54526,5.40714],[-75.54526,5.40714],[-75.54526,5.40714],[-75.54524,5.40714],[-75.54524,5.40714],[-75.54524,5.40714],[-75.54523,5.40715],[-75.54523,5.40715],[-75.54522,5.40714],[-75.54522,5.40714],[-75.54521,5.40714],[-75.54521,5.40714],[-75.5452,5.40714],[-75.5452,5.40714],[-75.5452,5.40714],[-75.54519,5.40713],[-75.54518,5.40713],[-75.54518,5.40713],[-75.54517,5.40714],[-75.54517,5.40714],[-75.54516,5.40714],[-75.54515,5.40714],[-75.54515,5.40714],[-75.54515,5.40714],[-75.54513,5.40715],[-75.54512,5.40715],[-75.54511,5.40715],[-75.54511,5.40715],[-75.54511,5.40715],[-75.5451,5.40715],[-75.54509,5.40716],[-75.54509,5.40715],[-75.54509,5.40715],[-75.54508,5.40715],[-75.54508,5.40715],[-75.54507,5.40714],[-75.54507,5.40714],[-75.54507,5.40714],[-75.54506,5.40714],[-75.54506,5.40714],[-75.54505,5.40714],[-75.54501,5.40715],[-75.545,5.40713],[-75.545,5.40713],[-75.545,5.40713],[-75.54499,5.40712],[-75.54498,5.40712],[-75.54497,5.40712],[-75.54497,5.40712],[-75.54495,5.40711],[-75.54495,5.40711],[-75.54495,5.40711],[-75.54494,5.40711],[-75.54493,5.40711],[-75.54493,5.40711],[-75.54492,5.40711],[-75.54492,5.40711],[-75.54492,5.40711],[-75.5449,5.40712],[-75.5449,5.40712],[-75.5449,5.40712],[-75.54489,5.40712],[-75.54489,5.40712],[-75.54488,5.40712],[-75.54488,5.40713],[-75.54488,5.40712],[-75.54488,5.40712],[-75.54488,5.40712],[-75.54488,5.4071],[-75.54488,5.4071],[-75.54488,5.4071],[-75.54487,5.40709],[-75.54487,5.40708],[-75.54487,5.40708],[-75.54486,5.40707],[-75.54486,5.40707],[-75.54486,5.40707],[-75.54486,5.40707],[-75.54486,5.40706],[-75.54486,5.40706],[-75.54486,5.40706],[-75.54487,5.40706],[-75.54487,5.40705],[-75.54487,5.40704],[-75.54487,5.40704],[-75.54487,5.40704],[-75.54487,5.40703],[-75.54487,5.40702],[-75.54488,5.407],[-75.54488,5.407],[-75.54488,5.40699],[-75.54488,5.40699],[-75.54488,5.40698],[-75.54489,5.40697],[-75.54489,5.40697],[-75.54489,5.40697],[-75.54489,5.40696],[-75.5449,5.40696],[-75.5449,5.40694],[-75.54491,5.40693],[-75.54491,5.40693],[-75.54491,5.40692],[-75.54491,5.40691],[-75.54491,5.40691],[-75.54491,5.40691],[-75.54492,5.40689],[-75.54492,5.40689],[-75.54492,5.40687],[-75.54492,5.40687],[-75.54492,5.40686],[-75.54492,5.40685],[-75.54492,5.40685],[-75.54492,5.40684],[-75.54492,5.40684],[-75.54492,5.40683],[-75.54492,5.40682],[-75.54492,5.40682],[-75.54492,5.40682],[-75.54491,5.40681],[-75.54491,5.4068],[-75.54491,5.4068],[-75.54491,5.40679],[-75.54491,5.40679],[-75.54491,5.40679],[-75.5449,5.40678],[-75.5449,5.40678],[-75.5449,5.40678],[-75.5449,5.40677],[-75.5449,5.40677],[-75.5449,5.40677],[-75.5449,5.40676],[-75.5449,5.40676],[-75.5449,5.40675],[-75.54489,5.40673],[-75.54489,5.40671],[-75.54489,5.4067],[-75.54488,5.4067],[-75.54487,5.40667],[-75.54487,5.40666],[-75.54487,5.40663],[-75.54487,5.40663],[-75.54487,5.40663],[-75.54486,5.40662],[-75.54486,5.40661],[-75.54486,5.40661],[-75.54484,5.40659],[-75.54484,5.40658],[-75.54484,5.40654],[-75.54484,5.40654],[-75.54484,5.40654],[-75.54484,5.40652],[-75.54484,5.40652],[-75.54484,5.40652],[-75.54483,5.40651],[-75.54483,5.4065],[-75.54483,5.4065],[-75.54483,5.4065],[-75.54482,5.4065],[-75.54482,5.40649],[-75.54481,5.40649],[-75.54481,5.40649],[-75.5448,5.40649],[-75.5448,5.40649],[-75.5448,5.4065],[-75.54479,5.4065],[-75.54479,5.4065],[-75.54479,5.40651],[-75.54478,5.40651],[-75.54478,5.40651],[-75.54478,5.40652],[-75.54478,5.40652],[-75.54478,5.40653],[-75.54479,5.40653],[-75.54479,5.40654],[-75.54479,5.40655],[-75.54479,5.40658],[-75.54479,5.40658],[-75.54479,5.40659],[-75.54479,5.4066],[-75.54479,5.40661],[-75.54479,5.40661],[-75.5448,5.40661],[-75.54481,5.40664],[-75.54481,5.40664],[-75.54482,5.40667],[-75.54482,5.40667],[-75.54482,5.40667],[-75.54482,5.40668],[-75.54482,5.40669],[-75.54482,5.40669],[-75.54483,5.40672],[-75.54484,5.40675],[-75.54484,5.40675],[-75.54484,5.40675],[-75.54485,5.40677],[-75.54485,5.40677],[-75.54485,5.40678],[-75.54485,5.40678],[-75.54485,5.40679],[-75.54485,5.40679],[-75.54485,5.40679],[-75.54485,5.4068],[-75.54485,5.4068],[-75.54485,5.4068],[-75.54485,5.40681],[-75.54485,5.40681],[-75.54485,5.40681],[-75.54485,5.40682],[-75.54486,5.40682],[-75.54486,5.40682],[-75.54486,5.40683],[-75.54487,5.40683],[-75.54487,5.40684],[-75.54487,5.40685],[-75.54487,5.40685],[-75.54487,5.40687],[-75.54487,5.40688],[-75.54486,5.40689],[-75.54486,5.4069],[-75.54485,5.40691],[-75.54485,5.40691],[-75.54485,5.40692],[-75.54485,5.40692],[-75.54484,5.40694],[-75.54484,5.40695],[-75.54483,5.40695],[-75.54483,5.40695],[-75.54483,5.40696],[-75.54483,5.40696],[-75.54483,5.40696],[-75.54482,5.40697],[-75.54482,5.40697],[-75.54482,5.40698],[-75.54482,5.407],[-75.54482,5.40701],[-75.54482,5.40701],[-75.54482,5.40702],[-75.54482,5.40703],[-75.54481,5.40704],[-75.54481,5.40704],[-75.54481,5.40704],[-75.54481,5.40705],[-75.54481,5.40705],[-75.54481,5.40706],[-75.54481,5.40707],[-75.54481,5.40707],[-75.54481,5.40708],[-75.54481,5.40709],[-75.54481,5.40709],[-75.54481,5.4071],[-75.54481,5.4071],[-75.54482,5.40711],[-75.54482,5.40711],[-75.54482,5.40711],[-75.54482,5.40711],[-75.54482,5.40711],[-75.54481,5.40709],[-75.5448,5.40709],[-75.5448,5.40709],[-75.5448,5.40709],[-75.5448,5.40709],[-75.5448,5.40709],[-75.5448,5.40709],[-75.54479,5.40708],[-75.54479,5.40708],[-75.54479,5.40708],[-75.54479,5.40708],[-75.54478,5.40708],[-75.54478,5.40708],[-75.54478,5.40708],[-75.54478,5.40708],[-75.54478,5.40708],[-75.54477,5.40707],[-75.54477,5.40707],[-75.54476,5.40707],[-75.54476,5.40707],[-75.54476,5.40707],[-75.54477,5.40706],[-75.54477,5.40706],[-75.54477,5.40706],[-75.54477,5.40706],[-75.54477,5.40706],[-75.54477,5.40706],[-75.54476,5.40705],[-75.54476,5.40705],[-75.54476,5.40704],[-75.54476,5.40704],[-75.54476,5.40704],[-75.54476,5.40704],[-75.54476,5.40703],[-75.54476,5.40703],[-75.54476,5.40703],[-75.54476,5.40703],[-75.54476,5.40703],[-75.54476,5.40703],[-75.54476,5.40703],[-75.54476,5.40703],[-75.54476,5.40702],[-75.54476,5.40702],[-75.54476,5.40702],[-75.54476,5.40702],[-75.54476,5.40702],[-75.54476,5.40702],[-75.54477,5.40702],[-75.54477,5.40701],[-75.54477,5.40701],[-75.54477,5.40701],[-75.54477,5.40701],[-75.54477,5.40701],[-75.54477,5.407],[-75.54477,5.407],[-75.54477,5.407],[-75.54477,5.407],[-75.54477,5.407],[-75.54477,5.407],[-75.54477,5.40699],[-75.54477,5.40699],[-75.54477,5.40699],[-75.54477,5.40699],[-75.54477,5.40699],[-75.54477,5.40698],[-75.54477,5.40698],[-75.54477,5.40698],[-75.54477,5.40698],[-75.54477,5.40697],[-75.54477,5.40697],[-75.54478,5.40697],[-75.54478,5.40697],[-75.54478,5.40696],[-75.54478,5.40696],[-75.54478,5.40694],[-75.54478,5.40694],[-75.54479,5.40694],[-75.54479,5.40694],[-75.54479,5.40694],[-75.54479,5.40694],[-75.54479,5.40691],[-75.54479,5.40691],[-75.54479,5.40691],[-75.54479,5.40691],[-75.54479,5.40691],[-75.54479,5.40688],[-75.54479,5.40688],[-75.54479,5.40688],[-75.54479,5.40688],[-75.54478,5.40684],[-75.54478,5.40684],[-75.54478,5.40684],[-75.54477,5.40682],[-75.54477,5.40682],[-75.54477,5.40682],[-75.54476,5.4068],[-75.54476,5.4068],[-75.54476,5.40679],[-75.54476,5.40679],[-75.54475,5.40677],[-75.54475,5.40677],[-75.54475,5.40677],[-75.54473,5.40675],[-75.54473,5.40675],[-75.54473,5.40675],[-75.54473,5.40675],[-75.54473,5.40674],[-75.54473,5.40674],[-75.54473,5.40674],[-75.54472,5.40674],[-75.54472,5.40674],[-75.54472,5.40674],[-75.54472,5.40674],[-75.54472,5.40674],[-75.54472,5.40674],[-75.54471,5.40674],[-75.54471,5.40674],[-75.54471,5.40674],[-75.54471,5.40674],[-75.54471,5.40674],[-75.54471,5.40674],[-75.5447,5.40674],[-75.5447,5.40674],[-75.5447,5.40674],[-75.5447,5.40674],[-75.5447,5.40674],[-75.5447,5.40674],[-75.54469,5.40674],[-75.54469,5.40674],[-75.54469,5.40675],[-75.54469,5.40675],[-75.54469,5.40675],[-75.54469,5.40675],[-75.54469,5.40675],[-75.54469,5.40675],[-75.54469,5.40675],[-75.54469,5.40676],[-75.54468,5.40676],[-75.54468,5.40676],[-75.54468,5.40676],[-75.54468,5.40676],[-75.54468,5.40676],[-75.54468,5.40677],[-75.54468,5.40677],[-75.54468,5.40677],[-75.54468,5.40677],[-75.54469,5.40677],[-75.54469,5.40677],[-75.54469,5.40678],[-75.54469,5.40678],[-75.54469,5.40678],[-75.5447,5.4068],[-75.54471,5.40682],[-75.54472,5.40684],[-75.54473,5.40686],[-75.54473,5.40689],[-75.54473,5.40691],[-75.54473,5.40693],[-75.54473,5.40694],[-75.54472,5.40695],[-75.54472,5.40695],[-75.54472,5.40696],[-75.54472,5.40696],[-75.54472,5.40696],[-75.54472,5.40696],[-75.54472,5.40696],[-75.54472,5.40696],[-75.54472,5.40697],[-75.54472,5.40697],[-75.54472,5.40697],[-75.54472,5.40697],[-75.54472,5.40697],[-75.54472,5.40698],[-75.54472,5.40698],[-75.54471,5.40698],[-75.54471,5.40698],[-75.54471,5.40698],[-75.54471,5.40698],[-75.54471,5.40698],[-75.54471,5.40699],[-75.54471,5.40699],[-75.54471,5.40699],[-75.54471,5.40699],[-75.54471,5.40699],[-75.54471,5.40699],[-75.54471,5.407],[-75.5447,5.407],[-75.5447,5.407],[-75.5447,5.407],[-75.5447,5.407],[-75.5447,5.40701],[-75.5447,5.40701],[-75.5447,5.40701],[-75.5447,5.40701],[-75.5447,5.40701],[-75.5447,5.40701],[-75.5447,5.40702],[-75.5447,5.40702],[-75.5447,5.40703],[-75.5447,5.40703],[-75.5447,5.40703],[-75.5447,5.40703],[-75.5447,5.40703],[-75.5447,5.40704],[-75.5447,5.40704],[-75.5447,5.40704],[-75.5447,5.40705],[-75.5447,5.40705],[-75.5447,5.40705],[-75.5447,5.40705],[-75.5447,5.40705],[-75.5447,5.40705],[-75.5447,5.40705],[-75.5447,5.40705],[-75.54469,5.40705],[-75.54469,5.40705],[-75.54469,5.40705],[-75.54469,5.40705],[-75.54469,5.40704],[-75.54469,5.40704],[-75.54468,5.40704],[-75.54467,5.40704],[-75.54466,5.40704],[-75.54466,5.40704],[-75.54466,5.40704],[-75.54466,5.40704],[-75.54466,5.40704],[-75.54466,5.40704],[-75.54465,5.40704],[-75.54465,5.40703],[-75.54465,5.40703],[-75.54464,5.40703],[-75.54464,5.40703],[-75.54464,5.40703],[-75.54463,5.40703],[-75.54463,5.40703],[-75.54463,5.40703],[-75.54463,5.40703],[-75.54462,5.40704],[-75.54462,5.40704],[-75.54462,5.40704],[-75.54461,5.40704],[-75.54461,5.40704],[-75.54461,5.40704],[-75.54461,5.40704],[-75.5446,5.40704],[-75.5446,5.40704],[-75.5446,5.40704],[-75.5446,5.40705],[-75.5446,5.40705],[-75.5446,5.40705],[-75.5446,5.40705],[-75.54459,5.40705],[-75.54458,5.40705],[-75.54457,5.40705],[-75.54457,5.40705],[-75.54456,5.40705],[-75.54456,5.40705],[-75.54456,5.40705],[-75.54456,5.40704],[-75.54456,5.40704],[-75.54456,5.40704],[-75.54456,5.40704],[-75.54455,5.40704],[-75.54455,5.40704],[-75.54455,5.40704],[-75.54454,5.40704],[-75.54454,5.40704],[-75.54454,5.40704],[-75.54454,5.40704],[-75.54454,5.40704],[-75.54454,5.40704],[-75.54454,5.40704],[-75.54453,5.40704],[-75.54453,5.40704],[-75.54453,5.40704],[-75.54453,5.40704],[-75.54452,5.40703],[-75.54452,5.40703],[-75.54452,5.40703],[-75.54451,5.40703],[-75.54451,5.40703],[-75.54451,5.40703],[-75.54451,5.40703],[-75.5445,5.40703],[-75.5445,5.40703],[-75.5445,5.40703],[-75.54449,5.40703],[-75.54449,5.40703],[-75.54449,5.40703],[-75.54448,5.40703],[-75.54448,5.40703],[-75.54448,5.40703],[-75.54447,5.40703],[-75.54447,5.40703],[-75.54446,5.40704],[-75.54446,5.40704],[-75.54446,5.40704],[-75.54446,5.40704],[-75.54445,5.40704],[-75.54445,5.40704],[-75.54445,5.40704],[-75.54445,5.40704],[-75.54444,5.40706],[-75.54443,5.40706],[-75.54443,5.40706],[-75.54442,5.40705],[-75.54442,5.40704],[-75.54442,5.40704],[-75.54442,5.40704],[-75.54442,5.40704],[-75.54441,5.40704],[-75.54441,5.40704],[-75.54441,5.40704],[-75.54441,5.40704],[-75.54441,5.40704],[-75.54441,5.40704],[-75.5444,5.40704],[-75.54439,5.40703],[-75.54439,5.40703],[-75.54439,5.40703],[-75.54439,5.40703],[-75.54439,5.40703],[-75.54439,5.40703],[-75.54439,5.40704],[-75.54437,5.40704],[-75.54437,5.40704],[-75.54437,5.40704],[-75.54436,5.40704],[-75.54436,5.40703],[-75.54436,5.40703],[-75.54436,5.40703],[-75.54436,5.40703],[-75.54436,5.40703],[-75.54435,5.40703],[-75.54435,5.40703],[-75.54435,5.40703],[-75.54435,5.40703],[-75.54435,5.40703],[-75.54435,5.40703],[-75.54434,5.40703],[-75.54434,5.40703],[-75.54434,5.40703],[-75.54434,5.40703],[-75.54434,5.40704],[-75.54434,5.40704],[-75.54433,5.40704],[-75.54433,5.40704],[-75.54433,5.40704],[-75.54433,5.40704],[-75.54433,5.40704],[-75.54433,5.40704],[-75.54433,5.40705],[-75.54433,5.40705],[-75.54433,5.40705],[-75.54433,5.40705],[-75.54432,5.40705],[-75.54432,5.40705],[-75.54432,5.40706],[-75.54432,5.40706],[-75.54432,5.40706],[-75.54432,5.40706],[-75.54432,5.40706],[-75.54432,5.40706],[-75.54432,5.40707],[-75.54433,5.40707],[-75.54433,5.40707],[-75.54433,5.40707],[-75.54433,5.40707],[-75.54433,5.40707],[-75.54433,5.40708],[-75.54433,5.40708],[-75.54433,5.40708],[-75.54434,5.40708],[-75.54434,5.40708],[-75.54434,5.40708],[-75.54434,5.40709],[-75.54434,5.40709],[-75.54434,5.40709],[-75.54435,5.40709],[-75.54435,5.40709],[-75.54435,5.40709],[-75.54436,5.40709],[-75.54436,5.40709],[-75.54436,5.40709],[-75.54436,5.40709],[-75.54436,5.40709],[-75.54436,5.40709],[-75.54437,5.40709],[-75.54437,5.40709],[-75.54437,5.40709],[-75.54439,5.40709],[-75.54439,5.4071],[-75.54439,5.4071],[-75.5444,5.4071],[-75.5444,5.4071],[-75.5444,5.4071],[-75.5444,5.4071],[-75.5444,5.4071],[-75.54441,5.4071],[-75.54441,5.40711],[-75.54441,5.40711],[-75.54441,5.40711],[-75.54441,5.40711],[-75.54441,5.40711],[-75.54441,5.40711],[-75.54443,5.40711],[-75.54443,5.40711],[-75.54443,5.40711],[-75.54443,5.40711],[-75.54443,5.40711],[-75.54443,5.40711],[-75.54444,5.40711],[-75.54445,5.40711],[-75.54445,5.40711],[-75.54445,5.40711],[-75.54445,5.40711],[-75.54446,5.40711],[-75.54446,5.40711],[-75.54446,5.4071],[-75.54446,5.4071],[-75.54446,5.4071],[-75.54447,5.4071],[-75.54447,5.4071],[-75.54447,5.4071],[-75.54448,5.40709],[-75.54449,5.40709],[-75.54449,5.40708],[-75.5445,5.40709],[-75.5445,5.40709],[-75.5445,5.40709],[-75.5445,5.40709],[-75.5445,5.40709],[-75.5445,5.40709],[-75.5445,5.40709],[-75.54451,5.40709],[-75.54451,5.40709],[-75.54451,5.40709],[-75.54451,5.40709],[-75.54452,5.4071],[-75.54452,5.4071],[-75.54452,5.4071],[-75.54452,5.4071],[-75.54452,5.4071],[-75.54452,5.4071],[-75.54452,5.4071],[-75.54453,5.4071],[-75.54453,5.4071],[-75.54453,5.40709],[-75.54453,5.40709],[-75.54454,5.4071],[-75.54454,5.4071],[-75.54455,5.4071],[-75.54455,5.4071],[-75.54455,5.4071],[-75.54455,5.40711],[-75.54456,5.40711],[-75.54456,5.40711],[-75.54456,5.40711],[-75.54458,5.40711],[-75.54458,5.40711],[-75.54458,5.40711],[-75.54458,5.40711],[-75.54458,5.40711],[-75.54458,5.40711],[-75.54458,5.40711],[-75.5446,5.40711],[-75.5446,5.40711],[-75.54461,5.40711],[-75.54461,5.40711],[-75.54461,5.4071],[-75.54461,5.4071],[-75.54461,5.4071],[-75.54463,5.4071],[-75.54463,5.4071],[-75.54463,5.40709],[-75.54463,5.40709],[-75.54463,5.40709],[-75.54463,5.40709],[-75.54463,5.40709],[-75.54463,5.40709],[-75.54464,5.40709],[-75.54464,5.40709],[-75.54465,5.40709],[-75.54465,5.4071],[-75.54465,5.4071],[-75.54465,5.4071],[-75.54465,5.4071],[-75.54466,5.4071],[-75.54466,5.4071],[-75.54466,5.4071],[-75.54466,5.4071],[-75.54466,5.4071],[-75.54468,5.4071],[-75.54468,5.4071],[-75.54468,5.4071],[-75.54469,5.40711],[-75.54469,5.40711],[-75.54469,5.40711],[-75.54469,5.40711],[-75.54469,5.40711],[-75.54471,5.40711],[-75.54471,5.40711],[-75.54471,5.40711],[-75.54471,5.40711],[-75.54472,5.40711],[-75.54472,5.40711],[-75.54472,5.40711],[-75.54472,5.40711],[-75.54472,5.40711],[-75.54473,5.40712],[-75.54473,5.40712],[-75.54473,5.40712],[-75.54473,5.40712],[-75.54473,5.40712],[-75.54473,5.40712],[-75.54474,5.40712],[-75.54474,5.40713],[-75.54474,5.40713],[-75.54474,5.40713],[-75.54474,5.40713],[-75.54474,5.40713],[-75.54475,5.40713],[-75.54475,5.40713],[-75.54475,5.40713],[-75.54475,5.40713],[-75.54475,5.40713],[-75.54475,5.40713],[-75.54475,5.40713],[-75.54475,5.40713],[-75.54476,5.40713],[-75.54476,5.40713],[-75.54476,5.40713],[-75.54477,5.40713],[-75.54477,5.40713],[-75.54478,5.40714],[-75.54478,5.40715],[-75.54478,5.40715],[-75.54478,5.40715],[-75.54479,5.40715],[-75.54479,5.40716],[-75.54479,5.40716],[-75.54479,5.40716],[-75.54479,5.40716],[-75.54481,5.40717],[-75.54481,5.40717],[-75.54481,5.40717],[-75.54481,5.40717],[-75.54481,5.40717],[-75.54481,5.40717],[-75.54483,5.40717],[-75.54483,5.40717],[-75.54483,5.40717],[-75.54483,5.40718],[-75.54483,5.40718],[-75.54483,5.40718],[-75.54484,5.40718],[-75.54485,5.40718],[-75.54485,5.40718],[-75.54486,5.40718],[-75.54486,5.40718],[-75.54487,5.40719],[-75.54487,5.40719],[-75.54488,5.40719],[-75.54488,5.40719],[-75.54489,5.40719],[-75.54489,5.40719],[-75.54489,5.40718],[-75.5449,5.40718],[-75.5449,5.40718],[-75.5449,5.40718],[-75.54491,5.40718],[-75.54491,5.40717],[-75.54491,5.40717],[-75.54492,5.40717],[-75.54493,5.40717],[-75.54493,5.40717],[-75.54494,5.40717],[-75.54495,5.40717],[-75.54496,5.40717],[-75.54497,5.40717],[-75.54498,5.40719],[-75.54498,5.40719],[-75.54499,5.40719],[-75.54499,5.4072],[-75.545,5.4072],[-75.545,5.4072],[-75.54501,5.4072],[-75.54501,5.4072],[-75.54502,5.4072],[-75.54502,5.4072],[-75.54505,5.40719],[-75.54506,5.4072],[-75.54506,5.40721],[-75.54507,5.40721],[-75.54507,5.40721],[-75.54508,5.40721],[-75.54508,5.40721],[-75.54508,5.40722],[-75.54509,5.40722],[-75.5451,5.40722],[-75.5451,5.40721],[-75.5451,5.40721],[-75.54511,5.40721],[-75.54511,5.40721],[-75.54512,5.40721],[-75.54513,5.4072],[-75.54514,5.4072],[-75.54514,5.4072],[-75.54515,5.4072],[-75.54515,5.4072],[-75.54517,5.40719],[-75.54517,5.40719],[-75.54518,5.40719],[-75.54519,5.40719],[-75.54519,5.40719],[-75.5452,5.4072],[-75.5452,5.4072],[-75.5452,5.4072],[-75.54521,5.4072],[-75.54521,5.4072],[-75.54522,5.40721],[-75.54523,5.40721],[-75.54523,5.40721],[-75.54523,5.40721],[-75.54524,5.40721],[-75.54524,5.40721],[-75.54524,5.4072],[-75.54525,5.4072],[-75.54525,5.4072],[-75.54525,5.4072],[-75.54526,5.4072],[-75.54526,5.4072],[-75.54526,5.40719],[-75.5453,5.4072],[-75.54531,5.4072],[-75.54531,5.4072],[-75.54533,5.4072],[-75.54533,5.4072],[-75.54533,5.4072],[-75.54534,5.40721],[-75.54534,5.40721],[-75.54535,5.40721],[-75.54535,5.40722],[-75.54536,5.40722],[-75.54536,5.40722],[-75.54536,5.40722],[-75.54537,5.40722],[-75.54537,5.40722],[-75.54538,5.40722],[-75.54538,5.40723],[-75.5454,5.40725],[-75.5454,5.40725],[-75.5454,5.40725],[-75.54541,5.40725],[-75.54542,5.40726],[-75.54542,5.40726],[-75.54544,5.40727],[-75.54544,5.40727],[-75.54544,5.40727],[-75.54547,5.40728],[-75.54547,5.40728],[-75.54549,5.40728],[-75.5455,5.40728],[-75.5455,5.40728],[-75.54551,5.40728],[-75.54552,5.40728],[-75.54552,5.40728],[-75.54552,5.40728],[-75.54554,5.40727],[-75.54554,5.40727],[-75.54554,5.40727],[-75.54555,5.40726],[-75.54556,5.40726],[-75.54557,5.40727],[-75.54559,5.40728],[-75.54559,5.40729],[-75.54559,5.40729],[-75.5456,5.40729],[-75.54561,5.40729],[-75.54561,5.4073],[-75.54562,5.4073],[-75.54563,5.4073],[-75.54563,5.4073],[-75.54568,5.40729],[-75.54569,5.40729],[-75.54569,5.40729],[-75.54571,5.4073],[-75.54571,5.4073],[-75.54572,5.4073],[-75.54572,5.4073],[-75.54572,5.4073],[-75.54573,5.4073],[-75.54574,5.4073],[-75.54574,5.40731],[-75.54575,5.40731],[-75.54575,5.40732],[-75.54576,5.40732],[-75.54576,5.40732],[-75.54577,5.40732],[-75.54577,5.40732],[-75.54578,5.40732],[-75.54578,5.40732],[-75.54579,5.40731],[-75.5458,5.40731],[-75.5458,5.40732],[-75.5458,5.40732],[-75.54581,5.40732],[-75.54582,5.40732],[-75.54582,5.40732],[-75.54582,5.40732],[-75.54584,5.40732],[-75.54584,5.40732],[-75.54584,5.40731],[-75.54585,5.40731],[-75.54585,5.40731],[-75.54586,5.4073],[-75.54586,5.4073],[-75.5459,5.40732],[-75.5459,5.40732],[-75.54592,5.40732],[-75.54592,5.40732],[-75.54592,5.40732],[-75.54593,5.40732],[-75.54594,5.40732],[-75.54594,5.40732],[-75.54594,5.40731],[-75.54595,5.40731],[-75.54595,5.40731],[-75.54595,5.40732],[-75.54596,5.40732],[-75.54596,5.40733],[-75.54596,5.40733],[-75.54597,5.40733],[-75.54597,5.40733],[-75.54598,5.40733],[-75.54598,5.40734],[-75.54599,5.40734],[-75.54599,5.40733],[-75.546,5.40733],[-75.546,5.40733],[-75.546,5.40733],[-75.54601,5.40732],[-75.54602,5.40732],[-75.54603,5.40732],[-75.54604,5.40732],[-75.54604,5.40732],[-75.54604,5.40732],[-75.54604,5.40732],[-75.54605,5.40733],[-75.54605,5.40733],[-75.54605,5.40733],[-75.54606,5.40733],[-75.54606,5.40733],[-75.54607,5.40733],[-75.54607,5.40733],[-75.54608,5.40734],[-75.54608,5.40735],[-75.54608,5.40735],[-75.54609,5.40735],[-75.54609,5.40736],[-75.54609,5.40736],[-75.5461,5.40736],[-75.54611,5.40736],[-75.54611,5.40737],[-75.54612,5.40737],[-75.54615,5.40736],[-75.54615,5.40737],[-75.54617,5.40737],[-75.54617,5.40737],[-75.54617,5.40738],[-75.54618,5.40738],[-75.54619,5.40738],[-75.54619,5.40738],[-75.5462,5.40738],[-75.5462,5.40738],[-75.54621,5.40738],[-75.54621,5.40738],[-75.54621,5.40738],[-75.54622,5.40739],[-75.54623,5.40739],[-75.54623,5.40739],[-75.54628,5.40738],[-75.54628,5.40738],[-75.54628,5.40738],[-75.5463,5.40741],[-75.54631,5.40741],[-75.54631,5.40741],[-75.54632,5.40742],[-75.54632,5.40742],[-75.54633,5.40742],[-75.54633,5.40742],[-75.54634,5.40743],[-75.54635,5.40743],[-75.54637,5.40743],[-75.54637,5.40743],[-75.54639,5.40744],[-75.54639,5.40744],[-75.5464,5.40744],[-75.5464,5.40744],[-75.5464,5.40744],[-75.54641,5.40744],[-75.54642,5.40745],[-75.54643,5.40745],[-75.54643,5.40745],[-75.54644,5.40746],[-75.54644,5.40746],[-75.54645,5.40746],[-75.54645,5.40746],[-75.54647,5.40746],[-75.54648,5.40746],[-75.54649,5.40747],[-75.54649,5.40748],[-75.54649,5.40749],[-75.5465,5.40749],[-75.5465,5.40749],[-75.54652,5.40751],[-75.54653,5.40752],[-75.54653,5.40752],[-75.54653,5.40753],[-75.54654,5.40753],[-75.54654,5.40753],[-75.54655,5.40754],[-75.54655,5.40754],[-75.54656,5.40754],[-75.54656,5.40754],[-75.54657,5.40754],[-75.54659,5.40754],[-75.54659,5.40754],[-75.54661,5.40756],[-75.54661,5.40756],[-75.54662,5.40757],[-75.54662,5.40757],[-75.54661,5.40759],[-75.5466,5.40759],[-75.5466,5.40759],[-75.54659,5.40759],[-75.54659,5.40759],[-75.54659,5.40759],[-75.54659,5.40759],[-75.54659,5.40759],[-75.54659,5.40759],[-75.54658,5.40759],[-75.54658,5.40759],[-75.54658,5.4076],[-75.54657,5.4076],[-75.54657,5.4076],[-75.54657,5.4076],[-75.54657,5.4076],[-75.54657,5.4076],[-75.54657,5.4076],[-75.54657,5.4076],[-75.54655,5.40762],[-75.54654,5.40762],[-75.54653,5.40762],[-75.54653,5.40762],[-75.54653,5.40762],[-75.54653,5.40762],[-75.54653,5.40762],[-75.54652,5.40763],[-75.54652,5.40763],[-75.54652,5.40763],[-75.54652,5.40763],[-75.54652,5.40763],[-75.54651,5.40763],[-75.54651,5.40763],[-75.54651,5.40764],[-75.54651,5.40764],[-75.54651,5.40764],[-75.54651,5.40764],[-75.54651,5.40764],[-75.5465,5.40765],[-75.5465,5.40765],[-75.5465,5.40765],[-75.54649,5.40765],[-75.54649,5.40765],[-75.54649,5.40765],[-75.54648,5.40765],[-75.54648,5.40766],[-75.54648,5.40766],[-75.54647,5.40766],[-75.54647,5.40766],[-75.54647,5.40766],[-75.54647,5.40766],[-75.54646,5.40767],[-75.54646,5.40767],[-75.54646,5.40767],[-75.54646,5.40767],[-75.54645,5.40767],[-75.54645,5.40767],[-75.54644,5.40768],[-75.54644,5.40769],[-75.54644,5.40769],[-75.54642,5.40772],[-75.54641,5.40773],[-75.5464,5.40774],[-75.5464,5.40774],[-75.5464,5.40774],[-75.54639,5.40774],[-75.54639,5.40774],[-75.54639,5.40774],[-75.54639,5.40774],[-75.54638,5.40775],[-75.54638,5.40775],[-75.54637,5.40775],[-75.54637,5.40775],[-75.54637,5.40775],[-75.54637,5.40775],[-75.54637,5.40775],[-75.54636,5.40776],[-75.54636,5.40776],[-75.54636,5.40776],[-75.54635,5.40776],[-75.54635,5.40776],[-75.54635,5.40776],[-75.54635,5.40776],[-75.54634,5.40777],[-75.54634,5.40777],[-75.54634,5.40777],[-75.54634,5.40778],[-75.54634,5.40778],[-75.54633,5.40779],[-75.54633,5.40779],[-75.54633,5.40779],[-75.54633,5.4078],[-75.54633,5.4078],[-75.54633,5.4078],[-75.54633,5.4078],[-75.54633,5.4078],[-75.54633,5.4078],[-75.54633,5.40781],[-75.54633,5.40781],[-75.54633,5.40781],[-75.54633,5.40781],[-75.54633,5.40781],[-75.54633,5.40781],[-75.54633,5.40782],[-75.54633,5.40782],[-75.54633,5.40782],[-75.54633,5.40782],[-75.54633,5.40782],[-75.54634,5.40782],[-75.54634,5.40782],[-75.54634,5.40783],[-75.54634,5.40783],[-75.54634,5.40783],[-75.54634,5.40783],[-75.54634,5.40783],[-75.54635,5.40783],[-75.54635,5.40783],[-75.54635,5.40783],[-75.54635,5.40783],[-75.54635,5.40783],[-75.54636,5.40783],[-75.54636,5.40783],[-75.54636,5.40783],[-75.54636,5.40783],[-75.54636,5.40783],[-75.54636,5.40783],[-75.54637,5.40783],[-75.54637,5.40783],[-75.54637,5.40783],[-75.54637,5.40783],[-75.54637,5.40783],[-75.54637,5.40782],[-75.54637,5.40782],[-75.54638,5.40782],[-75.54638,5.40782],[-75.54638,5.40782],[-75.54638,5.40782],[-75.54638,5.40782],[-75.54639,5.4078],[-75.54639,5.4078],[-75.54639,5.4078],[-75.5464,5.4078],[-75.5464,5.4078],[-75.54641,5.4078],[-75.54641,5.40779],[-75.54641,5.40779],[-75.54641,5.40779],[-75.54641,5.40779],[-75.54642,5.40779],[-75.54642,5.40779],[-75.54643,5.40779],[-75.54643,5.40779],[-75.54643,5.40779],[-75.54643,5.40779],[-75.54643,5.40778],[-75.54643,5.40778],[-75.54643,5.40778],[-75.54643,5.40778],[-75.54645,5.40776],[-75.54645,5.40776],[-75.54646,5.40775],[-75.54646,5.40775],[-75.54646,5.40775],[-75.54647,5.40775],[-75.54649,5.40772],[-75.54649,5.40771],[-75.5465,5.40771],[-75.5465,5.4077],[-75.54651,5.4077],[-75.54651,5.4077],[-75.54651,5.4077],[-75.54651,5.4077],[-75.54652,5.4077],[-75.54652,5.4077],[-75.54652,5.4077],[-75.54652,5.4077],[-75.54652,5.4077],[-75.54653,5.4077],[-75.54653,5.4077],[-75.54653,5.4077],[-75.54653,5.40769],[-75.54653,5.40769],[-75.54653,5.40769],[-75.54654,5.40769],[-75.54654,5.40769],[-75.54654,5.40769],[-75.54655,5.40768],[-75.54656,5.40768],[-75.54656,5.40768],[-75.54657,5.40768],[-75.54657,5.40768],[-75.54657,5.40768],[-75.54657,5.40768],[-75.54657,5.40768],[-75.54657,5.40767],[-75.54658,5.40767],[-75.54658,5.40767],[-75.54658,5.40767],[-75.54659,5.40767],[-75.54659,5.40766],[-75.54659,5.40766],[-75.54659,5.40766],[-75.54659,5.40766],[-75.54659,5.40766],[-75.54659,5.40766],[-75.54661,5.40764],[-75.54662,5.40764],[-75.54662,5.40764],[-75.54662,5.40764],[-75.54663,5.40764],[-75.54663,5.40764],[-75.54663,5.40764],[-75.54663,5.40764],[-75.54663,5.40764],[-75.54664,5.40764],[-75.54664,5.40764],[-75.54664,5.40763],[-75.54664,5.40763],[-75.54664,5.40763],[-75.54664,5.40763],[-75.54665,5.40763],[-75.54665,5.40763],[-75.54665,5.40762],[-75.54665,5.40762],[-75.54665,5.40762],[-75.54666,5.40762],[-75.54667,5.4076],[-75.54668,5.4076],[-75.54668,5.4076],[-75.54668,5.4076],[-75.54668,5.4076],[-75.54669,5.40759],[-75.54669,5.40759],[-75.54669,5.40759],[-75.54669,5.40759],[-75.54669,5.40759],[-75.54669,5.40759],[-75.5467,5.40759],[-75.5467,5.40759],[-75.5467,5.40759],[-75.5467,5.40759],[-75.54672,5.40762],[-75.54672,5.40762],[-75.54672,5.40762],[-75.54673,5.40763],[-75.54673,5.40763],[-75.54673,5.40763],[-75.54674,5.40763],[-75.54674,5.40763],[-75.54675,5.40764],[-75.54675,5.40764],[-75.54676,5.40764],[-75.54677,5.40764],[-75.54677,5.40765],[-75.54677,5.40765],[-75.54678,5.40765],[-75.54678,5.40765],[-75.54679,5.40765],[-75.54679,5.40766],[-75.54679,5.40766],[-75.5468,5.40766],[-75.5468,5.40767],[-75.54681,5.40767],[-75.54681,5.40767],[-75.54681,5.40767],[-75.54682,5.40767],[-75.54682,5.40767],[-75.54682,5.40768],[-75.54682,5.40768],[-75.54683,5.40768],[-75.54683,5.40768],[-75.54684,5.40768],[-75.54684,5.40768],[-75.54684,5.40768],[-75.54685,5.40768],[-75.54686,5.40769],[-75.54687,5.40769],[-75.54687,5.4077],[-75.54687,5.4077],[-75.54689,5.4077],[-75.54689,5.4077],[-75.5469,5.4077],[-75.54691,5.40771],[-75.54691,5.40771],[-75.54692,5.40771],[-75.54694,5.4077],[-75.54694,5.4077],[-75.54694,5.4077],[-75.54698,5.40769],[-75.54699,5.40769],[-75.547,5.40769],[-75.54701,5.40769],[-75.54702,5.40771],[-75.54702,5.40771],[-75.54703,5.40772],[-75.54704,5.40772],[-75.54704,5.40772],[-75.54704,5.40772],[-75.54705,5.40773],[-75.54705,5.40773],[-75.54705,5.40773],[-75.54706,5.40773],[-75.54706,5.40773],[-75.54706,5.40774],[-75.54706,5.40774],[-75.54706,5.40774],[-75.54707,5.40775],[-75.54707,5.40775],[-75.54707,5.40775],[-75.54708,5.40775],[-75.54708,5.40775],[-75.54708,5.40775],[-75.54709,5.40775],[-75.5471,5.40775],[-75.54711,5.40775],[-75.54711,5.40775],[-75.54711,5.40776],[-75.54712,5.40776],[-75.54713,5.40776],[-75.54713,5.40776],[-75.54713,5.40776],[-75.54715,5.40776],[-75.54715,5.40776],[-75.54715,5.40776],[-75.54713,5.40776],[-75.54712,5.40776],[-75.54712,5.40776],[-75.54709,5.40777],[-75.54709,5.40777],[-75.54707,5.40779],[-75.54706,5.40779],[-75.54704,5.40781],[-75.54704,5.40781],[-75.54704,5.40781],[-75.54703,5.40783]]]]},"properties":{"OBJECTID":0,"Shape_Leng":0,"Shape_Area":101039.28348968613,"OBJECTID_1":1,"ID_DS":0,"CODDEP":" ","CODCUENCA":" ","CODDS":0,"TIPO":" ","NOMBRE":" ","ORDEN":" ","N_ORDEN":0,"FP":0,"ORD_STRAHL":1,"FR_STRAHLE":15,"ZPHAMIN":10,"ZPSMIN":5,"BUFF_DIST":3,"Shape_Length":33342.63117266455,"Municipio":"La Merced"}}]}