{"type":"FeatureCollection","name":"ZonificacionEstrategiasdeManejo","crs":{"type":"name","properties":{"name":"urn:ogc:def:crs:OGC:1.3:CRS84"}},"features":[{"type":"Feature","id":1,"geometry":{"type":"Polygon","coordinates":[[[-75.86704,5.04824],[-75.86683,5.04849],[-75.86682,5.04859],[-75.86684,5.0487],[-75.86682,5.04896],[-75.86679,5.04911],[-75.86672,5.04943],[-75.86805,5.04984],[-75.86807,5.04982],[-75.86808,5.0498],[-75.8681,5.04976],[-75.8681,5.04974],[-75.8681,5.04971],[-75.86808,5.04952],[-75.86806,5.04926],[-75.86807,5.04908],[-75.86815,5.04854],[-75.86773,5.04831],[-75.8676,5.04825],[-75.86755,5.04823],[-75.86721,5.04816],[-75.86704,5.04824]]]},"properties":{"OBJECTID":1,"Zonificacion":"Preservación","Resolucion":"2025-1740","Municipio":"Viterbo","SHAPE_Length":575.7938081531223,"SHAPE_Area":21390.055134956263}},{"type":"Feature","id":2,"geometry":{"type":"Polygon","coordinates":[[[-75.8593,5.0523],[-75.85928,5.05233],[-75.85927,5.05238],[-75.85919,5.05262],[-75.85911,5.05286],[-75.85906,5.05302],[-75.85897,5.0533],[-75.85887,5.05362],[-75.85882,5.05377],[-75.85882,5.05382],[-75.85941,5.05387],[-75.85978,5.05391],[-75.8598,5.05389],[-75.85983,5.05383],[-75.85987,5.05371],[-75.85988,5.05362],[-75.8599,5.05339],[-75.85993,5.05327],[-75.85996,5.05317],[-75.85996,5.05308],[-75.85998,5.05298],[-75.86003,5.05283],[-75.86007,5.05273],[-75.86015,5.05263],[-75.86018,5.05256],[-75.86019,5.0525],[-75.8602,5.05244],[-75.8602,5.05239],[-75.86015,5.05238],[-75.85996,5.05235],[-75.85966,5.05233],[-75.85946,5.0523],[-75.85932,5.05229],[-75.8593,5.0523]]]},"properties":{"OBJECTID":2,"Zonificacion":"Preservación","Resolucion":"2025-1740","Municipio":"Viterbo","SHAPE_Length":561.7663543847168,"SHAPE_Area":17967.06505186728}},{"type":"Feature","id":3,"geometry":{"type":"Polygon","coordinates":[[[-75.86541,5.05459],[-75.86534,5.05464],[-75.86515,5.05475],[-75.86501,5.05482],[-75.86475,5.05494],[-75.8646,5.055],[-75.86449,5.05506],[-75.86439,5.05511],[-75.8642,5.05518],[-75.86409,5.05524],[-75.86397,5.05531],[-75.86391,5.05535],[-75.8639,5.0554],[-75.86389,5.05547],[-75.86384,5.05554],[-75.86379,5.05563],[-75.86376,5.0557],[-75.86372,5.05579],[-75.86372,5.05588],[-75.86371,5.05597],[-75.86371,5.05606],[-75.86373,5.05614],[-75.86376,5.05626],[-75.8638,5.05635],[-75.86383,5.05642],[-75.86383,5.05644],[-75.86389,5.0565],[-75.86397,5.05658],[-75.86402,5.05664],[-75.86408,5.05671],[-75.86412,5.05675],[-75.86419,5.0568],[-75.86423,5.05683],[-75.86426,5.05685],[-75.86433,5.05687],[-75.86439,5.05689],[-75.86446,5.05691],[-75.86452,5.05693],[-75.86457,5.05693],[-75.86465,5.05694],[-75.8647,5.05694],[-75.86472,5.05695],[-75.86475,5.05696],[-75.86478,5.05684],[-75.86485,5.05659],[-75.86507,5.05591],[-75.86516,5.05561],[-75.86524,5.05535],[-75.86529,5.05515],[-75.86533,5.05502],[-75.86538,5.05488],[-75.86542,5.05476],[-75.86545,5.05466],[-75.86546,5.05461],[-75.86546,5.05459],[-75.86544,5.05458],[-75.86541,5.05459]]]},"properties":{"OBJECTID":3,"Zonificacion":"Preservación","Resolucion":"2025-1740","Municipio":"Viterbo","SHAPE_Length":716.5447886108976,"SHAPE_Area":28087.019741378735}},{"type":"Feature","id":4,"geometry":{"type":"Polygon","coordinates":[[[-75.86484,5.05685],[-75.86482,5.05685],[-75.86481,5.05687],[-75.86479,5.05691],[-75.86477,5.05696],[-75.86478,5.05697],[-75.86487,5.05699],[-75.86497,5.05702],[-75.86502,5.05702],[-75.86506,5.05703],[-75.86511,5.05703],[-75.86515,5.05704],[-75.86518,5.05704],[-75.8652,5.05704],[-75.86521,5.05704],[-75.8652,5.05703],[-75.86517,5.05702],[-75.86515,5.057],[-75.8651,5.05696],[-75.86506,5.05692],[-75.865,5.05689],[-75.86491,5.05686],[-75.86487,5.05684],[-75.86484,5.05685]]]},"properties":{"OBJECTID":4,"Zonificacion":"Preservación","Resolucion":"2025-1740","Municipio":"Viterbo","SHAPE_Length":112.78775378730471,"SHAPE_Area":538.7768022457153}},{"type":"Feature","id":5,"geometry":{"type":"Polygon","coordinates":[[[-75.8652,5.05565],[-75.86514,5.05583],[-75.86509,5.05596],[-75.86503,5.05616],[-75.86501,5.05621],[-75.86496,5.05638],[-75.8649,5.05658],[-75.86486,5.05668],[-75.86484,5.05679],[-75.86486,5.05681],[-75.86489,5.05682],[-75.86497,5.05684],[-75.86505,5.05688],[-75.8651,5.05692],[-75.86516,5.05698],[-75.86521,5.05702],[-75.8653,5.05705],[-75.86537,5.05707],[-75.86545,5.05708],[-75.86553,5.0571],[-75.86559,5.05711],[-75.86564,5.05711],[-75.86569,5.05712],[-75.86572,5.05714],[-75.86575,5.05716],[-75.86582,5.05699],[-75.86588,5.05684],[-75.86592,5.05671],[-75.86593,5.05665],[-75.86594,5.05662],[-75.86597,5.05655],[-75.86602,5.05646],[-75.86607,5.05639],[-75.86614,5.05629],[-75.86619,5.05623],[-75.86622,5.05617],[-75.86625,5.0561],[-75.86629,5.05601],[-75.86635,5.0559],[-75.86637,5.05585],[-75.86522,5.05557],[-75.8652,5.05565]]]},"properties":{"OBJECTID":5,"Zonificacion":"Preservación","Resolucion":"2025-1740","Municipio":"Viterbo","SHAPE_Length":546.239222691717,"SHAPE_Area":18021.34849522744}},{"type":"Feature","id":6,"geometry":{"type":"Polygon","coordinates":[[[-75.86094,5.05787],[-75.86217,5.05806],[-75.86273,5.05815],[-75.86329,5.05824],[-75.86381,5.05831],[-75.86377,5.05823],[-75.86376,5.05818],[-75.86376,5.05804],[-75.86375,5.05789],[-75.86374,5.0578],[-75.86372,5.0577],[-75.8637,5.05759],[-75.86368,5.0575],[-75.86364,5.05739],[-75.86361,5.05733],[-75.86344,5.05701],[-75.86342,5.05698],[-75.86338,5.05695],[-75.86335,5.05694],[-75.86329,5.05693],[-75.86315,5.05692],[-75.86218,5.05681],[-75.8611,5.05668],[-75.86094,5.05787]]]},"properties":{"OBJECTID":6,"Zonificacion":"Preservación","Resolucion":"2025-1740","Municipio":"Viterbo","SHAPE_Length":872.3037975340812,"SHAPE_Area":41093.973888263856}},{"type":"Feature","id":7,"geometry":{"type":"Polygon","coordinates":[[[-75.86588,5.05693],[-75.86583,5.05706],[-75.86579,5.05719],[-75.86579,5.05723],[-75.86581,5.05727],[-75.86583,5.05734],[-75.86585,5.0574],[-75.86586,5.05745],[-75.86586,5.05749],[-75.86585,5.05755],[-75.86584,5.05761],[-75.86584,5.05767],[-75.86583,5.05772],[-75.86583,5.05777],[-75.86584,5.05782],[-75.86585,5.05788],[-75.86586,5.05792],[-75.86586,5.05796],[-75.86587,5.05799],[-75.86588,5.05801],[-75.86589,5.05802],[-75.86592,5.05803],[-75.86597,5.05805],[-75.86601,5.05808],[-75.86605,5.0581],[-75.86609,5.05813],[-75.86612,5.05815],[-75.86615,5.05817],[-75.86618,5.05818],[-75.86623,5.05819],[-75.8663,5.05821],[-75.86636,5.05822],[-75.86647,5.05825],[-75.86657,5.05828],[-75.86665,5.0583],[-75.86673,5.05832],[-75.86678,5.05833],[-75.86685,5.05834],[-75.86687,5.05831],[-75.86689,5.05829],[-75.8669,5.05825],[-75.86691,5.0582],[-75.8669,5.05817],[-75.86682,5.0581],[-75.86676,5.05803],[-75.86672,5.05796],[-75.86665,5.05779],[-75.86664,5.05772],[-75.86664,5.05756],[-75.86663,5.05743],[-75.86662,5.05737],[-75.86659,5.0573],[-75.86653,5.05724],[-75.86646,5.05718],[-75.86637,5.05713],[-75.86626,5.05709],[-75.86617,5.05706],[-75.8661,5.05705],[-75.86604,5.057],[-75.86599,5.05692],[-75.86596,5.05681],[-75.86594,5.05674],[-75.86588,5.05693]]]},"properties":{"OBJECTID":7,"Zonificacion":"Preservación","Resolucion":"2025-1740","Municipio":"Viterbo","SHAPE_Length":490.1724581645146,"SHAPE_Area":11691.207993599044}},{"type":"Feature","id":8,"geometry":{"type":"Polygon","coordinates":[[[-75.86656,5.05911],[-75.86657,5.05905],[-75.86658,5.05904],[-75.86659,5.05905],[-75.86661,5.05901],[-75.86657,5.05899],[-75.86658,5.05898],[-75.86658,5.05898],[-75.8666,5.05895],[-75.8666,5.05895],[-75.8666,5.05894],[-75.86658,5.05893],[-75.86659,5.05893],[-75.86657,5.05892],[-75.86658,5.0589],[-75.86651,5.05888],[-75.86652,5.05885],[-75.86648,5.05884],[-75.86648,5.05884],[-75.86647,5.05887],[-75.86645,5.05893],[-75.86643,5.05899],[-75.8664,5.05906],[-75.8664,5.05906],[-75.86651,5.0591],[-75.86651,5.05909],[-75.86656,5.05911]]]},"properties":{"OBJECTID":8,"Zonificacion":"Preservación","Resolucion":"2025-1740","Municipio":"Viterbo","SHAPE_Length":93.63906641871691,"SHAPE_Area":403.59198004201505}},{"type":"Feature","id":9,"geometry":{"type":"Polygon","coordinates":[[[-75.8667,5.0593],[-75.86674,5.05932],[-75.86677,5.05933],[-75.86679,5.05934],[-75.8668,5.05935],[-75.86685,5.05936],[-75.86687,5.05937],[-75.86691,5.05938],[-75.86695,5.0594],[-75.86697,5.0594],[-75.867,5.05941],[-75.867,5.0594],[-75.86697,5.05937],[-75.86696,5.05935],[-75.86696,5.05935],[-75.86696,5.05934],[-75.86694,5.05934],[-75.86692,5.05933],[-75.86691,5.05932],[-75.8669,5.05931],[-75.8669,5.0593],[-75.86691,5.0593],[-75.86693,5.0593],[-75.86695,5.0593],[-75.86694,5.05928],[-75.86693,5.05925],[-75.86691,5.05924],[-75.86684,5.05922],[-75.86682,5.05922],[-75.8668,5.05922],[-75.86675,5.0592],[-75.86671,5.05919],[-75.86668,5.05918],[-75.8666,5.05915],[-75.86656,5.05914],[-75.86652,5.05912],[-75.86649,5.05911],[-75.86646,5.0591],[-75.86642,5.05909],[-75.86641,5.05908],[-75.8664,5.05906],[-75.8664,5.05906],[-75.86636,5.05907],[-75.8663,5.05905],[-75.86624,5.05904],[-75.86624,5.05904],[-75.86621,5.05903],[-75.86621,5.05903],[-75.86618,5.05905],[-75.86617,5.05918],[-75.86616,5.05919],[-75.86616,5.05919],[-75.86617,5.0592],[-75.86621,5.05922],[-75.86623,5.05921],[-75.86624,5.05919],[-75.86627,5.05919],[-75.86629,5.05918],[-75.86634,5.05919],[-75.86638,5.0592],[-75.86643,5.05921],[-75.86648,5.05922],[-75.86652,5.05924],[-75.86655,5.05925],[-75.86657,5.05925],[-75.86658,5.05926],[-75.86658,5.05927],[-75.86657,5.05928],[-75.86657,5.05929],[-75.86656,5.0593],[-75.86659,5.05931],[-75.8666,5.0593],[-75.86662,5.05929],[-75.86663,5.05928],[-75.86666,5.05929],[-75.8667,5.0593]],[[-75.86626,5.05907],[-75.86641,5.05911],[-75.86642,5.05912],[-75.86645,5.05912],[-75.86649,5.05914],[-75.86652,5.05916],[-75.86652,5.05918],[-75.86651,5.05919],[-75.86649,5.05919],[-75.86643,5.05917],[-75.86635,5.05915],[-75.8663,5.05914],[-75.86628,5.05914],[-75.86625,5.05913],[-75.86623,5.05912],[-75.86622,5.0591],[-75.86622,5.05908],[-75.86623,5.05907],[-75.86626,5.05907]]]},"properties":{"OBJECTID":9,"Zonificacion":"Preservación","Resolucion":"2025-1740","Municipio":"Viterbo","SHAPE_Length":317.12797097244777,"SHAPE_Area":1015.0975229828107}},{"type":"Feature","id":10,"geometry":{"type":"Polygon","coordinates":[[[-75.8626,5.05944],[-75.86295,5.05949],[-75.86302,5.05951],[-75.86309,5.0595],[-75.86312,5.05949],[-75.86315,5.05948],[-75.86319,5.05947],[-75.86323,5.05945],[-75.86328,5.05943],[-75.86334,5.05942],[-75.86339,5.05941],[-75.86343,5.05941],[-75.86348,5.0594],[-75.86353,5.0594],[-75.86359,5.0594],[-75.86363,5.05941],[-75.86367,5.05942],[-75.86374,5.05942],[-75.86376,5.05942],[-75.86379,5.05942],[-75.86381,5.05942],[-75.86383,5.05941],[-75.86385,5.05939],[-75.86385,5.05938],[-75.86386,5.05937],[-75.86386,5.05934],[-75.86387,5.05932],[-75.86387,5.05929],[-75.86389,5.05905],[-75.86392,5.05872],[-75.86391,5.05866],[-75.86384,5.05839],[-75.86308,5.05825],[-75.86295,5.05823],[-75.8627,5.05819],[-75.86211,5.05811],[-75.86198,5.05935],[-75.86215,5.05937],[-75.8626,5.05944]]]},"properties":{"OBJECTID":10,"Zonificacion":"Preservación","Resolucion":"2025-1740","Municipio":"Viterbo","SHAPE_Length":657.2110019867565,"SHAPE_Area":26953.22478410865}},{"type":"Feature","id":11,"geometry":{"type":"Polygon","coordinates":[[[-75.85758,5.06278],[-75.85761,5.0628],[-75.85762,5.06282],[-75.85762,5.06282],[-75.85766,5.06289],[-75.85769,5.06298],[-75.85771,5.06305],[-75.85771,5.06306],[-75.85773,5.06315],[-75.85774,5.06319],[-75.85778,5.06343],[-75.85784,5.06365],[-75.85784,5.06366],[-75.85785,5.06368],[-75.85813,5.06368],[-75.85813,5.06366],[-75.85812,5.06361],[-75.85799,5.06339],[-75.85797,5.06335],[-75.85797,5.06334],[-75.85794,5.06325],[-75.8579,5.06314],[-75.85784,5.06294],[-75.85783,5.06286],[-75.85782,5.0628],[-75.85774,5.06238],[-75.85776,5.06224],[-75.85777,5.06221],[-75.85777,5.06219],[-75.85778,5.06212],[-75.85784,5.06182],[-75.85789,5.06156],[-75.8579,5.06151],[-75.8579,5.06148],[-75.85796,5.06124],[-75.85797,5.0612],[-75.858,5.06109],[-75.85801,5.06094],[-75.85803,5.06087],[-75.85808,5.06071],[-75.85839,5.06039],[-75.85843,5.06034],[-75.85851,5.06026],[-75.85858,5.06018],[-75.85885,5.0599],[-75.85897,5.0596],[-75.859,5.05955],[-75.85901,5.05952],[-75.85902,5.0593],[-75.85902,5.05928],[-75.85895,5.05892],[-75.85895,5.05888],[-75.85894,5.05882],[-75.8591,5.05833],[-75.85911,5.0583],[-75.85913,5.05823],[-75.85914,5.0582],[-75.85919,5.05805],[-75.85926,5.05767],[-75.85926,5.05764],[-75.85926,5.05762],[-75.85926,5.05746],[-75.85926,5.05742],[-75.85926,5.05739],[-75.85932,5.05721],[-75.85949,5.05713],[-75.85949,5.05713],[-75.85951,5.05711],[-75.85961,5.05705],[-75.85967,5.05698],[-75.85967,5.05682],[-75.85962,5.05668],[-75.85957,5.05658],[-75.8595,5.05652],[-75.85942,5.05649],[-75.85924,5.05645],[-75.8592,5.05645],[-75.85881,5.05641],[-75.85879,5.05641],[-75.85876,5.0564],[-75.85876,5.0564],[-75.85872,5.05652],[-75.85869,5.05687],[-75.85868,5.0569],[-75.85867,5.057],[-75.85868,5.05729],[-75.85868,5.05733],[-75.85866,5.05739],[-75.85866,5.05743],[-75.85864,5.05746],[-75.85863,5.05748],[-75.85862,5.05751],[-75.85862,5.05753],[-75.85862,5.05756],[-75.85863,5.0576],[-75.85863,5.05763],[-75.85863,5.05769],[-75.85864,5.05778],[-75.85865,5.05782],[-75.85867,5.05788],[-75.85869,5.05793],[-75.85869,5.05795],[-75.85869,5.05796],[-75.85869,5.05798],[-75.85867,5.058],[-75.85866,5.05801],[-75.85862,5.05806],[-75.85853,5.05829],[-75.8585,5.05837],[-75.85849,5.05843],[-75.8585,5.05853],[-75.8585,5.0586],[-75.85852,5.05869],[-75.85853,5.05872],[-75.85854,5.05875],[-75.85854,5.05877],[-75.85854,5.05879],[-75.85853,5.05882],[-75.85852,5.05884],[-75.85851,5.05888],[-75.8585,5.0589],[-75.8585,5.0589],[-75.85847,5.05901],[-75.85845,5.05909],[-75.85845,5.05913],[-75.85847,5.05918],[-75.8585,5.05921],[-75.85852,5.05924],[-75.85853,5.05928],[-75.85853,5.05929],[-75.85853,5.05931],[-75.85854,5.05934],[-75.85854,5.05936],[-75.85854,5.05939],[-75.85855,5.05942],[-75.85854,5.05944],[-75.85853,5.05948],[-75.85852,5.05953],[-75.85851,5.05957],[-75.85851,5.05961],[-75.85849,5.05963],[-75.85848,5.05968],[-75.85846,5.05975],[-75.85837,5.05997],[-75.85826,5.06016],[-75.85824,5.06019],[-75.85811,5.06031],[-75.85803,5.06034],[-75.85795,5.06037],[-75.85782,5.06042],[-75.85771,5.06047],[-75.85766,5.0605],[-75.85761,5.06057],[-75.8576,5.06058],[-75.8576,5.06059],[-75.85759,5.06061],[-75.85758,5.06069],[-75.85758,5.06075],[-75.85759,5.06081],[-75.85759,5.06085],[-75.85759,5.06089],[-75.85759,5.0609],[-75.85759,5.06094],[-75.85757,5.06099],[-75.85756,5.061],[-75.85751,5.06108],[-75.85742,5.06122],[-75.8574,5.06132],[-75.85739,5.0614],[-75.8574,5.06146],[-75.85738,5.06156],[-75.85737,5.06167],[-75.85729,5.06183],[-75.85723,5.06193],[-75.8572,5.06198],[-75.85717,5.06203],[-75.85712,5.06217],[-75.85707,5.06234],[-75.85706,5.06244],[-75.85704,5.06254],[-75.85704,5.0626],[-75.85705,5.06267],[-75.85707,5.06271],[-75.85712,5.06274],[-75.85719,5.06277],[-75.85725,5.06278],[-75.85734,5.06278],[-75.85739,5.06277],[-75.85747,5.06275],[-75.85754,5.06275],[-75.85758,5.06278]]]},"properties":{"OBJECTID":11,"Zonificacion":"Preservación","Resolucion":"2025-1740","Municipio":"Viterbo","SHAPE_Length":1930.2015528083869,"SHAPE_Area":47209.78446341018}},{"type":"Feature","id":12,"geometry":{"type":"Polygon","coordinates":[[[-75.8628,5.06367],[-75.86301,5.06366],[-75.86302,5.06366],[-75.86303,5.06366],[-75.86303,5.06366],[-75.86311,5.06366],[-75.86313,5.0636],[-75.86319,5.06341],[-75.86322,5.0632],[-75.86322,5.06316],[-75.86322,5.06312],[-75.86322,5.06301],[-75.8633,5.06284],[-75.86339,5.06272],[-75.86354,5.06253],[-75.86383,5.06221],[-75.86412,5.06183],[-75.86419,5.06171],[-75.8641,5.06166],[-75.86401,5.06162],[-75.86398,5.06165],[-75.86393,5.06169],[-75.86388,5.06167],[-75.86387,5.06162],[-75.86383,5.06157],[-75.86378,5.06153],[-75.86375,5.06151],[-75.86367,5.06145],[-75.86361,5.06143],[-75.86354,5.06145],[-75.86346,5.0615],[-75.86342,5.06156],[-75.86339,5.06159],[-75.86331,5.06162],[-75.86326,5.06165],[-75.86325,5.06163],[-75.86324,5.06162],[-75.86324,5.06162],[-75.86323,5.06157],[-75.86323,5.06156],[-75.86323,5.06156],[-75.86322,5.06153],[-75.86322,5.06153],[-75.86322,5.06151],[-75.86321,5.06149],[-75.86321,5.06148],[-75.8632,5.06146],[-75.8632,5.06145],[-75.86319,5.06144],[-75.86319,5.06143],[-75.86319,5.06142],[-75.86319,5.06142],[-75.86319,5.0614],[-75.86319,5.06139],[-75.86318,5.06137],[-75.86318,5.06136],[-75.86318,5.06134],[-75.86316,5.06128],[-75.86316,5.06128],[-75.86315,5.06126],[-75.86315,5.06125],[-75.86314,5.06123],[-75.86314,5.06122],[-75.86313,5.06118],[-75.86313,5.06115],[-75.86312,5.06112],[-75.86312,5.06112],[-75.86312,5.06108],[-75.86312,5.06105],[-75.86312,5.06104],[-75.86311,5.06102],[-75.86311,5.06102],[-75.8631,5.06098],[-75.8631,5.06097],[-75.86309,5.06095],[-75.86309,5.06095],[-75.86309,5.06093],[-75.86308,5.06092],[-75.86308,5.06091],[-75.86308,5.06089],[-75.86308,5.06089],[-75.86308,5.06086],[-75.86308,5.06085],[-75.86308,5.06084],[-75.86308,5.06083],[-75.86308,5.06083],[-75.86308,5.06082],[-75.86309,5.0608],[-75.86309,5.0608],[-75.86309,5.0608],[-75.86309,5.0608],[-75.86309,5.06079],[-75.8631,5.06078],[-75.8631,5.06078],[-75.8631,5.06077],[-75.8631,5.06077],[-75.8631,5.06077],[-75.86311,5.06076],[-75.86312,5.06074],[-75.86312,5.06074],[-75.86312,5.06073],[-75.86312,5.06073],[-75.86312,5.06073],[-75.86313,5.06072],[-75.86313,5.06072],[-75.86313,5.06071],[-75.86313,5.06071],[-75.86313,5.06071],[-75.86314,5.06069],[-75.86314,5.06068],[-75.86315,5.06066],[-75.86315,5.06065],[-75.86315,5.06065],[-75.86315,5.06065],[-75.86315,5.06065],[-75.86316,5.06064],[-75.86318,5.06064],[-75.86319,5.06063],[-75.86321,5.06063],[-75.86323,5.06062],[-75.86327,5.0606],[-75.86328,5.0606],[-75.86329,5.0606],[-75.86329,5.06059],[-75.8633,5.06059],[-75.86331,5.06059],[-75.86332,5.06058],[-75.86334,5.06058],[-75.86335,5.06057],[-75.86336,5.06056],[-75.86337,5.06056],[-75.86338,5.06056],[-75.86338,5.06055],[-75.86339,5.06055],[-75.8634,5.06054],[-75.86341,5.06054],[-75.86341,5.06054],[-75.86341,5.06054],[-75.86343,5.06054],[-75.86345,5.06054],[-75.86346,5.06053],[-75.86348,5.06053],[-75.8635,5.06052],[-75.8635,5.06052],[-75.86351,5.06052],[-75.86351,5.06051],[-75.86352,5.06051],[-75.86353,5.06051],[-75.86355,5.06051],[-75.86355,5.06051],[-75.86356,5.06051],[-75.86356,5.06051],[-75.86356,5.06051],[-75.86356,5.06051],[-75.86357,5.06051],[-75.86357,5.0605],[-75.86359,5.0605],[-75.8636,5.0605],[-75.86361,5.0605],[-75.86363,5.06049],[-75.86365,5.06049],[-75.86366,5.06048],[-75.86366,5.06048],[-75.86366,5.06048],[-75.86366,5.06048],[-75.86367,5.06048],[-75.86367,5.06048],[-75.86367,5.06048],[-75.86368,5.06048],[-75.86368,5.06048],[-75.86368,5.06048],[-75.86368,5.06048],[-75.86369,5.06047],[-75.86369,5.06047],[-75.8637,5.06047],[-75.86371,5.06047],[-75.86372,5.06046],[-75.86373,5.06046],[-75.86373,5.06046],[-75.86374,5.06046],[-75.86375,5.06046],[-75.86377,5.06046],[-75.86377,5.06046],[-75.86377,5.06046],[-75.86377,5.06045],[-75.86379,5.06045],[-75.8638,5.06045],[-75.86381,5.06044],[-75.86383,5.06044],[-75.86383,5.06044],[-75.86384,5.06044],[-75.86384,5.06044],[-75.86384,5.06044],[-75.86385,5.06044],[-75.86386,5.06044],[-75.86388,5.06044],[-75.86389,5.06043],[-75.86389,5.06043],[-75.86389,5.06043],[-75.8639,5.06043],[-75.8639,5.06043],[-75.86391,5.06043],[-75.86391,5.06043],[-75.86392,5.06043],[-75.86392,5.06043],[-75.86394,5.06043],[-75.86394,5.06043],[-75.86395,5.06042],[-75.86395,5.06042],[-75.86395,5.06042],[-75.86397,5.06042],[-75.86397,5.06042],[-75.86397,5.06042],[-75.86398,5.06042],[-75.86399,5.06042],[-75.864,5.06042],[-75.86401,5.06042],[-75.86401,5.06042],[-75.86403,5.06041],[-75.86404,5.06041],[-75.86404,5.06041],[-75.86404,5.06041],[-75.86405,5.06041],[-75.86407,5.06041],[-75.8641,5.06041],[-75.86411,5.0604],[-75.86412,5.0604],[-75.86412,5.0604],[-75.86412,5.0604],[-75.86413,5.0604],[-75.86413,5.0604],[-75.86414,5.0604],[-75.86414,5.0604],[-75.86415,5.0604],[-75.86415,5.0604],[-75.86415,5.0604],[-75.86416,5.0604],[-75.86417,5.0604],[-75.86418,5.0604],[-75.86418,5.0604],[-75.86419,5.0604],[-75.86419,5.0604],[-75.8642,5.0604],[-75.86421,5.06039],[-75.86422,5.06039],[-75.86422,5.06039],[-75.86424,5.06039],[-75.86425,5.06039],[-75.86427,5.06039],[-75.86427,5.06039],[-75.86427,5.06038],[-75.86428,5.06038],[-75.86429,5.06038],[-75.86431,5.06037],[-75.86431,5.06037],[-75.86431,5.06037],[-75.86431,5.06037],[-75.86432,5.06037],[-75.86433,5.06036],[-75.86434,5.06036],[-75.86434,5.06036],[-75.86434,5.06036],[-75.86434,5.06036],[-75.86435,5.06036],[-75.86436,5.06036],[-75.86437,5.06035],[-75.86437,5.06035],[-75.86438,5.06035],[-75.8644,5.06034],[-75.86441,5.06033],[-75.86441,5.06033],[-75.86441,5.06033],[-75.86442,5.06033],[-75.86443,5.06033],[-75.86444,5.06032],[-75.86446,5.06031],[-75.86446,5.06031],[-75.86448,5.06031],[-75.8645,5.06031],[-75.8645,5.0603],[-75.8645,5.0603],[-75.8645,5.0603],[-75.86451,5.0603],[-75.86451,5.0603],[-75.86452,5.0603],[-75.86452,5.0603],[-75.86452,5.0603],[-75.86453,5.0603],[-75.86454,5.06029],[-75.86455,5.06029],[-75.86458,5.06028],[-75.86459,5.06028],[-75.86461,5.06028],[-75.86462,5.06028],[-75.86463,5.06027],[-75.86464,5.06027],[-75.86465,5.06027],[-75.86466,5.06027],[-75.8647,5.06025],[-75.86471,5.06025],[-75.86471,5.06025],[-75.86473,5.06024],[-75.86474,5.06024],[-75.86476,5.06023],[-75.86477,5.06022],[-75.86477,5.06022],[-75.86478,5.06022],[-75.86479,5.06021],[-75.8648,5.06021],[-75.8648,5.06021],[-75.86482,5.06021],[-75.86483,5.0602],[-75.86487,5.0602],[-75.86487,5.0602],[-75.86489,5.06019],[-75.86489,5.06019],[-75.86491,5.06019],[-75.86493,5.06018],[-75.86493,5.06018],[-75.86495,5.06018],[-75.86496,5.06017],[-75.86497,5.06016],[-75.86498,5.06016],[-75.86499,5.06016],[-75.86501,5.06016],[-75.86502,5.06015],[-75.86503,5.06015],[-75.86505,5.06015],[-75.86506,5.06015],[-75.86508,5.06014],[-75.8651,5.06014],[-75.8651,5.06014],[-75.86512,5.06013],[-75.86513,5.06013],[-75.86515,5.06012],[-75.86516,5.06011],[-75.8652,5.06009],[-75.8652,5.06009],[-75.86521,5.06008],[-75.86522,5.06008],[-75.86524,5.06007],[-75.86525,5.06006],[-75.86529,5.06004],[-75.8653,5.06004],[-75.86531,5.06002],[-75.86532,5.06002],[-75.86533,5.06001],[-75.86534,5.06001],[-75.86534,5.06001],[-75.86535,5.06],[-75.86535,5.06],[-75.86536,5.06],[-75.86537,5.05999],[-75.86537,5.05999],[-75.86539,5.05998],[-75.8654,5.05997],[-75.86541,5.05996],[-75.86543,5.05995],[-75.86543,5.05994],[-75.86543,5.05994],[-75.86543,5.05994],[-75.86543,5.05994],[-75.86543,5.05994],[-75.86543,5.05994],[-75.86544,5.05994],[-75.86545,5.05992],[-75.86546,5.05992],[-75.86546,5.05992],[-75.86546,5.05992],[-75.86546,5.05991],[-75.86548,5.0599],[-75.86548,5.05989],[-75.86548,5.05989],[-75.86548,5.05989],[-75.86549,5.05988],[-75.8655,5.05987],[-75.86552,5.05986],[-75.86553,5.05985],[-75.86554,5.05984],[-75.86555,5.05982],[-75.86555,5.05982],[-75.86556,5.05982],[-75.86556,5.05981],[-75.86556,5.05981],[-75.86556,5.05981],[-75.86558,5.0598],[-75.86558,5.05979],[-75.86558,5.05979],[-75.86558,5.05979],[-75.86559,5.05979],[-75.86561,5.05978],[-75.86562,5.05977],[-75.86563,5.05976],[-75.86565,5.05975],[-75.86566,5.05973],[-75.86567,5.05973],[-75.86567,5.05972],[-75.86567,5.05972],[-75.86568,5.0597],[-75.86569,5.05969],[-75.8657,5.05968],[-75.8657,5.05968],[-75.86571,5.05967],[-75.86572,5.05965],[-75.86573,5.05964],[-75.86574,5.05963],[-75.86575,5.05962],[-75.86575,5.05962],[-75.86576,5.0596],[-75.86576,5.0596],[-75.86576,5.05958],[-75.86577,5.05957],[-75.86577,5.05956],[-75.86578,5.05953],[-75.86579,5.05951],[-75.86579,5.0595],[-75.8658,5.05949],[-75.8658,5.05948],[-75.86581,5.05946],[-75.86581,5.05945],[-75.86582,5.05943],[-75.86583,5.05942],[-75.86583,5.0594],[-75.86584,5.05938],[-75.86584,5.05937],[-75.86584,5.05936],[-75.86584,5.05936],[-75.86584,5.05934],[-75.86585,5.05932],[-75.86585,5.05932],[-75.86585,5.05931],[-75.86585,5.0593],[-75.86585,5.05928],[-75.86585,5.05927],[-75.86585,5.05926],[-75.86585,5.05925],[-75.86585,5.05925],[-75.86586,5.05923],[-75.86586,5.05923],[-75.86586,5.05923],[-75.86586,5.05921],[-75.86587,5.05919],[-75.86587,5.05919],[-75.86587,5.05919],[-75.86587,5.05919],[-75.86587,5.05918],[-75.86587,5.05918],[-75.86587,5.05917],[-75.86588,5.05916],[-75.86588,5.05916],[-75.86588,5.05916],[-75.86588,5.05914],[-75.86589,5.05913],[-75.86589,5.05912],[-75.86589,5.05911],[-75.86589,5.0591],[-75.86589,5.05908],[-75.86589,5.05908],[-75.86589,5.05908],[-75.86589,5.05908],[-75.8659,5.05907],[-75.8659,5.05905],[-75.8659,5.05905],[-75.86591,5.05903],[-75.86591,5.05902],[-75.86591,5.059],[-75.86591,5.059],[-75.86592,5.05899],[-75.86593,5.05898],[-75.86593,5.05897],[-75.86593,5.05897],[-75.86594,5.05895],[-75.86595,5.05893],[-75.86595,5.05892],[-75.86596,5.05889],[-75.86596,5.05888],[-75.86596,5.05888],[-75.86597,5.05888],[-75.86597,5.05888],[-75.86597,5.05886],[-75.86598,5.05884],[-75.86599,5.05883],[-75.86599,5.05882],[-75.866,5.05879],[-75.86601,5.05878],[-75.86601,5.05876],[-75.86602,5.05875],[-75.86602,5.05872],[-75.86603,5.0587],[-75.86603,5.05869],[-75.86604,5.05867],[-75.86604,5.05867],[-75.86604,5.05866],[-75.86604,5.05865],[-75.86604,5.05865],[-75.86604,5.05865],[-75.86604,5.05864],[-75.86604,5.05862],[-75.86605,5.05861],[-75.86605,5.05859],[-75.86605,5.05858],[-75.86605,5.05857],[-75.86605,5.05857],[-75.86605,5.05857],[-75.86605,5.05857],[-75.86605,5.05855],[-75.86606,5.05853],[-75.86606,5.05852],[-75.86606,5.0585],[-75.86607,5.05848],[-75.86607,5.05846],[-75.86607,5.05845],[-75.86607,5.05844],[-75.86606,5.05842],[-75.86606,5.05842],[-75.86606,5.05841],[-75.86606,5.0584],[-75.86606,5.05839],[-75.86606,5.05837],[-75.86606,5.05836],[-75.86606,5.05835],[-75.86606,5.05835],[-75.86606,5.05834],[-75.86606,5.05833],[-75.86606,5.05832],[-75.86607,5.05829],[-75.86607,5.05827],[-75.86607,5.05827],[-75.86607,5.05826],[-75.86607,5.05825],[-75.86608,5.05824],[-75.86608,5.05822],[-75.86608,5.0582],[-75.86608,5.05819],[-75.86608,5.05818],[-75.86608,5.05816],[-75.86608,5.05816],[-75.86608,5.05816],[-75.86606,5.05815],[-75.866,5.05811],[-75.86592,5.05806],[-75.8659,5.05806],[-75.86589,5.05808],[-75.86589,5.05811],[-75.8659,5.05815],[-75.86588,5.05816],[-75.86588,5.05813],[-75.86586,5.05808],[-75.86584,5.05803],[-75.86583,5.05797],[-75.86582,5.05791],[-75.86582,5.0579],[-75.86581,5.05786],[-75.8658,5.05782],[-75.8658,5.05778],[-75.86581,5.05766],[-75.86582,5.05757],[-75.86582,5.05752],[-75.86583,5.05749],[-75.86583,5.05746],[-75.86581,5.05735],[-75.86578,5.05728],[-75.86575,5.05722],[-75.86571,5.05717],[-75.86566,5.05715],[-75.86558,5.05714],[-75.86549,5.05712],[-75.86544,5.05712],[-75.86542,5.05712],[-75.86538,5.05712],[-75.8653,5.0571],[-75.86523,5.05709],[-75.86515,5.05707],[-75.86504,5.05705],[-75.86501,5.05705],[-75.86499,5.05705],[-75.86497,5.05706],[-75.86497,5.05705],[-75.86497,5.05705],[-75.86496,5.05705],[-75.86496,5.05705],[-75.86496,5.05705],[-75.86495,5.05705],[-75.86495,5.05705],[-75.86494,5.05705],[-75.86494,5.05704],[-75.86493,5.05704],[-75.86493,5.05704],[-75.86492,5.05704],[-75.86492,5.05704],[-75.86491,5.05704],[-75.86491,5.05704],[-75.86491,5.05703],[-75.8649,5.05703],[-75.8649,5.05703],[-75.86489,5.05703],[-75.86489,5.05703],[-75.86488,5.05702],[-75.86488,5.05702],[-75.86487,5.05702],[-75.86487,5.05702],[-75.86487,5.05702],[-75.86487,5.05702],[-75.86486,5.05702],[-75.86486,5.05702],[-75.86486,5.05702],[-75.86485,5.05701],[-75.86485,5.05701],[-75.86484,5.05701],[-75.86484,5.05701],[-75.86484,5.05701],[-75.86483,5.05701],[-75.86483,5.05701],[-75.86482,5.05701],[-75.86482,5.057],[-75.86482,5.057],[-75.86481,5.057],[-75.86481,5.057],[-75.86481,5.057],[-75.8648,5.057],[-75.8648,5.057],[-75.8648,5.057],[-75.8648,5.057],[-75.8648,5.057],[-75.86479,5.057],[-75.86479,5.057],[-75.86479,5.05699],[-75.86478,5.05699],[-75.86478,5.05699],[-75.86478,5.05699],[-75.86478,5.05699],[-75.86477,5.05699],[-75.86477,5.05699],[-75.86476,5.05699],[-75.86476,5.05699],[-75.86476,5.05699],[-75.86475,5.05699],[-75.86475,5.05699],[-75.86475,5.05699],[-75.86475,5.05699],[-75.86474,5.05699],[-75.86474,5.05699],[-75.86474,5.05699],[-75.86474,5.05699],[-75.86473,5.05699],[-75.86473,5.05699],[-75.86473,5.05699],[-75.86472,5.05699],[-75.86472,5.05699],[-75.86472,5.05699],[-75.86472,5.05699],[-75.86471,5.05699],[-75.86471,5.05699],[-75.86471,5.05699],[-75.86471,5.05699],[-75.8647,5.05698],[-75.86468,5.05698],[-75.86466,5.05697],[-75.86465,5.05697],[-75.86464,5.05697],[-75.86463,5.05697],[-75.86462,5.05697],[-75.86459,5.05697],[-75.86459,5.05697],[-75.86458,5.05697],[-75.86458,5.05697],[-75.86458,5.05697],[-75.86458,5.05697],[-75.86457,5.05697],[-75.86457,5.05697],[-75.86455,5.05696],[-75.86455,5.05696],[-75.86454,5.05696],[-75.86453,5.05696],[-75.86452,5.05696],[-75.8645,5.05696],[-75.8645,5.05696],[-75.86436,5.05692],[-75.86425,5.05688],[-75.86415,5.05683],[-75.86409,5.05677],[-75.86399,5.05666],[-75.86391,5.05658],[-75.86385,5.05651],[-75.8638,5.05644],[-75.86376,5.05636],[-75.8637,5.05622],[-75.86368,5.05612],[-75.86367,5.05597],[-75.86367,5.05587],[-75.86368,5.0558],[-75.86369,5.05575],[-75.86371,5.05566],[-75.86375,5.05553],[-75.86382,5.05541],[-75.86387,5.05534],[-75.8639,5.0553],[-75.864,5.05524],[-75.86408,5.05519],[-75.86414,5.05516],[-75.86427,5.0551],[-75.86436,5.05507],[-75.86445,5.05502],[-75.86453,5.05498],[-75.86463,5.05494],[-75.8647,5.05491],[-75.86476,5.05488],[-75.86485,5.05484],[-75.86491,5.05481],[-75.865,5.05478],[-75.86508,5.05474],[-75.86513,5.05472],[-75.8652,5.05468],[-75.86531,5.05461],[-75.86537,5.05453],[-75.86545,5.0545],[-75.86564,5.05445],[-75.86569,5.05442],[-75.86577,5.05438],[-75.86588,5.05433],[-75.86597,5.05427],[-75.86603,5.05422],[-75.86606,5.05422],[-75.86609,5.05424],[-75.86612,5.05428],[-75.86614,5.05433],[-75.86614,5.05435],[-75.86612,5.05442],[-75.86611,5.05448],[-75.86613,5.05456],[-75.86613,5.05459],[-75.86614,5.0546],[-75.86614,5.0546],[-75.86614,5.05461],[-75.86614,5.05461],[-75.86614,5.05461],[-75.86613,5.05461],[-75.86613,5.05461],[-75.86613,5.05461],[-75.86613,5.05461],[-75.86612,5.05462],[-75.86612,5.05462],[-75.86612,5.05462],[-75.86612,5.05462],[-75.86612,5.05462],[-75.86612,5.05463],[-75.86611,5.05463],[-75.86611,5.05463],[-75.86611,5.05463],[-75.86611,5.05463],[-75.86611,5.05463],[-75.86611,5.05463],[-75.86611,5.05463],[-75.86611,5.05463],[-75.86611,5.05463],[-75.86611,5.05463],[-75.8661,5.05464],[-75.8661,5.05464],[-75.8661,5.05464],[-75.8661,5.05464],[-75.8661,5.05464],[-75.8661,5.05464],[-75.8661,5.05464],[-75.8661,5.05464],[-75.8661,5.05464],[-75.86609,5.05465],[-75.86609,5.05465],[-75.86609,5.05465],[-75.86609,5.05465],[-75.86609,5.05465],[-75.86609,5.05465],[-75.86609,5.05465],[-75.86609,5.05465],[-75.86609,5.05465],[-75.86609,5.05465],[-75.86609,5.05465],[-75.86609,5.05465],[-75.86608,5.05466],[-75.86608,5.05466],[-75.86608,5.05466],[-75.86608,5.05466],[-75.86608,5.05466],[-75.86608,5.05466],[-75.86608,5.05466],[-75.86608,5.05466],[-75.86608,5.05466],[-75.86608,5.05466],[-75.86608,5.05466],[-75.86608,5.05466],[-75.86607,5.05466],[-75.86607,5.05466],[-75.86607,5.05467],[-75.86607,5.05467],[-75.86607,5.05467],[-75.86607,5.05467],[-75.86607,5.05467],[-75.86607,5.05467],[-75.86607,5.05467],[-75.86607,5.05467],[-75.86607,5.05467],[-75.86607,5.05467],[-75.86607,5.05467],[-75.86607,5.05467],[-75.86606,5.05467],[-75.86606,5.05468],[-75.86606,5.05468],[-75.86606,5.05468],[-75.86606,5.05468],[-75.86606,5.05468],[-75.86606,5.05468],[-75.86606,5.05468],[-75.86606,5.05468],[-75.86606,5.05468],[-75.86606,5.05469],[-75.86605,5.05469],[-75.86605,5.05469],[-75.86605,5.05469],[-75.86605,5.05469],[-75.86605,5.05469],[-75.86605,5.05469],[-75.86605,5.0547],[-75.86605,5.0547],[-75.86605,5.0547],[-75.86605,5.0547],[-75.86605,5.0547],[-75.86605,5.0547],[-75.86605,5.0547],[-75.86605,5.0547],[-75.86605,5.0547],[-75.86605,5.0547],[-75.86605,5.0547],[-75.86605,5.0547],[-75.86605,5.05471],[-75.86605,5.05471],[-75.86605,5.05471],[-75.86604,5.05471],[-75.86604,5.05471],[-75.86604,5.05471],[-75.86604,5.05471],[-75.86604,5.05471],[-75.86604,5.05471],[-75.86604,5.05472],[-75.86604,5.05472],[-75.86604,5.05472],[-75.86604,5.05472],[-75.86604,5.05472],[-75.86604,5.05472],[-75.86604,5.05472],[-75.86604,5.05472],[-75.86604,5.05472],[-75.86604,5.05472],[-75.86604,5.05472],[-75.86604,5.05473],[-75.86604,5.05473],[-75.86604,5.05473],[-75.86604,5.05473],[-75.86604,5.05473],[-75.86604,5.05473],[-75.86604,5.05473],[-75.86604,5.05473],[-75.86604,5.05473],[-75.86604,5.05473],[-75.86604,5.05473],[-75.86604,5.05473],[-75.86604,5.05473],[-75.86604,5.05473],[-75.86604,5.05474],[-75.86604,5.05474],[-75.86604,5.05474],[-75.86604,5.05474],[-75.86604,5.05474],[-75.86604,5.05474],[-75.86604,5.05474],[-75.86604,5.05474],[-75.86604,5.05474],[-75.86604,5.05474],[-75.86604,5.05474],[-75.86604,5.05474],[-75.86604,5.05474],[-75.86604,5.05475],[-75.86604,5.05475],[-75.86604,5.05475],[-75.86604,5.05475],[-75.86604,5.05475],[-75.86604,5.05475],[-75.86604,5.05475],[-75.86604,5.05475],[-75.86604,5.05475],[-75.86604,5.05475],[-75.86604,5.05475],[-75.86604,5.05475],[-75.86604,5.05475],[-75.86604,5.05475],[-75.86604,5.05475],[-75.86604,5.05476],[-75.86605,5.05476],[-75.86605,5.05476],[-75.86605,5.05476],[-75.86605,5.05476],[-75.86605,5.05476],[-75.86605,5.05476],[-75.86605,5.05476],[-75.86605,5.05476],[-75.86605,5.05476],[-75.86605,5.05476],[-75.86605,5.05476],[-75.86605,5.05476],[-75.86605,5.05476],[-75.86605,5.05476],[-75.86605,5.05476],[-75.86605,5.05477],[-75.86605,5.05477],[-75.86605,5.05477],[-75.86605,5.05477],[-75.86605,5.05477],[-75.86605,5.05477],[-75.86605,5.05477],[-75.86605,5.05477],[-75.86605,5.05477],[-75.86605,5.05477],[-75.86605,5.05477],[-75.86605,5.05478],[-75.86606,5.05478],[-75.86606,5.05478],[-75.86606,5.05478],[-75.86606,5.05478],[-75.86606,5.05478],[-75.86606,5.05478],[-75.86606,5.05478],[-75.86606,5.05479],[-75.86606,5.05479],[-75.86606,5.05479],[-75.86606,5.05479],[-75.86606,5.05479],[-75.86606,5.05479],[-75.86606,5.05479],[-75.86606,5.05479],[-75.86606,5.05479],[-75.86606,5.05479],[-75.86606,5.05479],[-75.86606,5.05479],[-75.86606,5.05479],[-75.86606,5.05479],[-75.86607,5.0548],[-75.86607,5.0548],[-75.86607,5.0548],[-75.86607,5.0548],[-75.86607,5.0548],[-75.86607,5.0548],[-75.86607,5.0548],[-75.86607,5.05481],[-75.86607,5.05481],[-75.86607,5.05481],[-75.86607,5.05481],[-75.86607,5.05481],[-75.86608,5.05481],[-75.86608,5.05481],[-75.86608,5.05481],[-75.86608,5.05481],[-75.86608,5.05481],[-75.86608,5.05482],[-75.86609,5.05482],[-75.86609,5.05482],[-75.86609,5.05483],[-75.8661,5.05483],[-75.8661,5.05483],[-75.8661,5.05483],[-75.8661,5.05483],[-75.8661,5.05483],[-75.8661,5.05483],[-75.8661,5.05483],[-75.8661,5.05483],[-75.8661,5.05483],[-75.8661,5.05483],[-75.8661,5.05483],[-75.8661,5.05483],[-75.8661,5.05483],[-75.8661,5.05483],[-75.8661,5.05483],[-75.8661,5.05484],[-75.8661,5.05484],[-75.8661,5.05484],[-75.8661,5.05484],[-75.8661,5.05484],[-75.8661,5.05484],[-75.8661,5.05484],[-75.8661,5.05484],[-75.8661,5.05484],[-75.8661,5.05484],[-75.8661,5.05484],[-75.8661,5.05484],[-75.86611,5.05484],[-75.86611,5.05484],[-75.86611,5.05484],[-75.86611,5.05484],[-75.86611,5.05484],[-75.86611,5.05484],[-75.86611,5.05484],[-75.86611,5.05484],[-75.86611,5.05484],[-75.86611,5.05484],[-75.86611,5.05484],[-75.86611,5.05484],[-75.86611,5.05484],[-75.86611,5.05484],[-75.86611,5.05484],[-75.86611,5.05484],[-75.86611,5.05484],[-75.86611,5.05484],[-75.86611,5.05484],[-75.86611,5.05484],[-75.86611,5.05484],[-75.86611,5.05484],[-75.86611,5.05484],[-75.86611,5.05484],[-75.86611,5.05484],[-75.86611,5.05484],[-75.86611,5.05484],[-75.86611,5.05484],[-75.86611,5.05484],[-75.86611,5.05484],[-75.86611,5.05484],[-75.86611,5.05484],[-75.86611,5.05484],[-75.86611,5.05484],[-75.86611,5.05484],[-75.86611,5.05484],[-75.86611,5.05484],[-75.86611,5.05484],[-75.86611,5.05484],[-75.86611,5.05484],[-75.86611,5.05484],[-75.86611,5.05484],[-75.86611,5.05484],[-75.86611,5.05484],[-75.86611,5.05484],[-75.86611,5.05484],[-75.86611,5.05484],[-75.86611,5.05485],[-75.86611,5.05485],[-75.86611,5.05485],[-75.86612,5.05485],[-75.86612,5.05485],[-75.86612,5.05485],[-75.86612,5.05485],[-75.86612,5.05485],[-75.86612,5.05485],[-75.86612,5.05485],[-75.86612,5.05485],[-75.86612,5.05485],[-75.86612,5.05485],[-75.86612,5.05485],[-75.86612,5.05485],[-75.86612,5.05485],[-75.86612,5.05485],[-75.86612,5.05485],[-75.86612,5.05485],[-75.86612,5.05485],[-75.86612,5.05485],[-75.86612,5.05485],[-75.86612,5.05485],[-75.86612,5.05485],[-75.86612,5.05485],[-75.86612,5.05485],[-75.86612,5.05485],[-75.86612,5.05485],[-75.86612,5.05485],[-75.86612,5.05485],[-75.86612,5.05485],[-75.86612,5.05485],[-75.86612,5.05485],[-75.86612,5.05485],[-75.86612,5.05485],[-75.86612,5.05485],[-75.86612,5.05485],[-75.86612,5.05485],[-75.86612,5.05485],[-75.86612,5.05485],[-75.86612,5.05485],[-75.86612,5.05485],[-75.86612,5.05485],[-75.86612,5.05485],[-75.86612,5.05485],[-75.86612,5.05485],[-75.86612,5.05485],[-75.86612,5.05485],[-75.86612,5.05485],[-75.86613,5.05485],[-75.86613,5.05485],[-75.86613,5.05485],[-75.86613,5.05485],[-75.86613,5.05485],[-75.86613,5.05485],[-75.86613,5.05485],[-75.86613,5.05485],[-75.86613,5.05485],[-75.86613,5.05485],[-75.86613,5.05485],[-75.86613,5.05486],[-75.86613,5.05486],[-75.86613,5.05486],[-75.86613,5.05486],[-75.86613,5.05486],[-75.86613,5.05486],[-75.86613,5.05486],[-75.86613,5.05486],[-75.86613,5.05486],[-75.86613,5.05486],[-75.86613,5.05486],[-75.86613,5.05486],[-75.86613,5.05486],[-75.86613,5.05486],[-75.86613,5.05486],[-75.86613,5.05486],[-75.86613,5.05486],[-75.86613,5.05486],[-75.86613,5.05486],[-75.86613,5.05486],[-75.86613,5.05486],[-75.86613,5.05486],[-75.86613,5.05486],[-75.86613,5.05486],[-75.86613,5.05486],[-75.86613,5.05486],[-75.86613,5.05486],[-75.86613,5.05486],[-75.86613,5.05486],[-75.86613,5.05486],[-75.86614,5.05486],[-75.86614,5.05486],[-75.86614,5.05486],[-75.86614,5.05486],[-75.86614,5.05486],[-75.86614,5.05486],[-75.86614,5.05486],[-75.86614,5.05486],[-75.86614,5.05486],[-75.86614,5.05486],[-75.86614,5.05486],[-75.86614,5.05486],[-75.86614,5.05486],[-75.86614,5.05486],[-75.86614,5.05486],[-75.86614,5.05486],[-75.86614,5.05487],[-75.86614,5.05487],[-75.86614,5.05487],[-75.86614,5.05487],[-75.86614,5.05487],[-75.86614,5.05487],[-75.86614,5.05487],[-75.86614,5.05487],[-75.86614,5.05487],[-75.86614,5.05487],[-75.86614,5.05487],[-75.86614,5.05487],[-75.86614,5.05487],[-75.86614,5.05487],[-75.86614,5.05487],[-75.86614,5.05487],[-75.86615,5.05487],[-75.86615,5.05487],[-75.86615,5.05487],[-75.86615,5.05487],[-75.86615,5.05487],[-75.86615,5.05487],[-75.86615,5.05487],[-75.86615,5.05487],[-75.86615,5.05487],[-75.86615,5.05487],[-75.86615,5.05487],[-75.86615,5.05487],[-75.86615,5.05487],[-75.86615,5.05487],[-75.86615,5.05487],[-75.86615,5.05487],[-75.86615,5.05487],[-75.86615,5.05487],[-75.86615,5.05487],[-75.86615,5.05487],[-75.86615,5.05487],[-75.86615,5.05487],[-75.86615,5.05487],[-75.86615,5.05487],[-75.86615,5.05488],[-75.86615,5.05488],[-75.86615,5.05488],[-75.86615,5.05488],[-75.86615,5.05488],[-75.86615,5.05488],[-75.86615,5.05488],[-75.86615,5.05488],[-75.86615,5.05488],[-75.86615,5.05488],[-75.86615,5.05488],[-75.86615,5.05488],[-75.86615,5.05488],[-75.86615,5.05488],[-75.86615,5.05488],[-75.86615,5.05488],[-75.86615,5.05488],[-75.86615,5.05488],[-75.86615,5.05488],[-75.86615,5.05488],[-75.86615,5.05488],[-75.86615,5.05488],[-75.86615,5.05488],[-75.86615,5.05488],[-75.86615,5.05488],[-75.86615,5.05488],[-75.86615,5.05488],[-75.86615,5.05488],[-75.86615,5.05488],[-75.86615,5.05488],[-75.86615,5.05488],[-75.86615,5.05488],[-75.86615,5.05488],[-75.86615,5.05488],[-75.86615,5.05488],[-75.86616,5.05489],[-75.86616,5.05489],[-75.86616,5.05489],[-75.86616,5.05489],[-75.86616,5.05489],[-75.86616,5.05489],[-75.86616,5.05489],[-75.86616,5.05489],[-75.86616,5.05489],[-75.86616,5.05489],[-75.86616,5.05489],[-75.86616,5.05489],[-75.86616,5.05489],[-75.86616,5.05489],[-75.86616,5.05489],[-75.86616,5.05489],[-75.86616,5.05489],[-75.86616,5.05489],[-75.86616,5.05489],[-75.86616,5.05489],[-75.86616,5.05489],[-75.86616,5.05489],[-75.86616,5.05489],[-75.86616,5.05489],[-75.86616,5.05489],[-75.86616,5.05489],[-75.86616,5.05489],[-75.86616,5.05489],[-75.86616,5.05489],[-75.86616,5.05489],[-75.86616,5.05489],[-75.86616,5.05489],[-75.86616,5.05489],[-75.86616,5.05489],[-75.86616,5.05489],[-75.86616,5.05489],[-75.86616,5.05489],[-75.86616,5.05489],[-75.86616,5.05489],[-75.86616,5.05489],[-75.86616,5.05489],[-75.86616,5.05489],[-75.86616,5.05489],[-75.86616,5.0549],[-75.86616,5.0549],[-75.86616,5.0549],[-75.86616,5.0549],[-75.86616,5.0549],[-75.86616,5.0549],[-75.86616,5.0549],[-75.86616,5.0549],[-75.86616,5.0549],[-75.86616,5.0549],[-75.86616,5.0549],[-75.86616,5.0549],[-75.86616,5.0549],[-75.86616,5.0549],[-75.86616,5.0549],[-75.86616,5.0549],[-75.86616,5.0549],[-75.86616,5.0549],[-75.86616,5.0549],[-75.86616,5.0549],[-75.86616,5.0549],[-75.86616,5.0549],[-75.86616,5.0549],[-75.86616,5.0549],[-75.86616,5.0549],[-75.86616,5.0549],[-75.86616,5.0549],[-75.86616,5.0549],[-75.86616,5.0549],[-75.86616,5.0549],[-75.86616,5.0549],[-75.86616,5.0549],[-75.86616,5.0549],[-75.86616,5.0549],[-75.86616,5.0549],[-75.86616,5.0549],[-75.86616,5.0549],[-75.86616,5.0549],[-75.86616,5.0549],[-75.86616,5.0549],[-75.86616,5.0549],[-75.86616,5.0549],[-75.86616,5.0549],[-75.86616,5.0549],[-75.86616,5.0549],[-75.86616,5.0549],[-75.86616,5.05491],[-75.86616,5.05491],[-75.86616,5.05491],[-75.86616,5.05491],[-75.86616,5.05491],[-75.86616,5.05491],[-75.86616,5.05491],[-75.86616,5.05491],[-75.86616,5.05491],[-75.86616,5.05491],[-75.86616,5.05491],[-75.86616,5.05491],[-75.86616,5.05491],[-75.86616,5.05491],[-75.86616,5.05491],[-75.86616,5.05491],[-75.86616,5.05491],[-75.86616,5.05491],[-75.86616,5.05491],[-75.86616,5.05492],[-75.86616,5.05492],[-75.86616,5.05492],[-75.86616,5.05492],[-75.86616,5.05492],[-75.86616,5.05492],[-75.86616,5.05492],[-75.86616,5.05492],[-75.86616,5.05492],[-75.86616,5.05492],[-75.86616,5.05492],[-75.86616,5.05492],[-75.86616,5.05492],[-75.86616,5.05492],[-75.86616,5.05492],[-75.86616,5.05492],[-75.86616,5.05492],[-75.86616,5.05492],[-75.86616,5.05492],[-75.86616,5.05492],[-75.86616,5.05492],[-75.86616,5.05492],[-75.86617,5.05492],[-75.86617,5.05492],[-75.86617,5.05492],[-75.86617,5.05492],[-75.86617,5.05492],[-75.86617,5.05492],[-75.86617,5.05492],[-75.86617,5.05492],[-75.86617,5.05492],[-75.86617,5.05493],[-75.86617,5.05493],[-75.86617,5.05493],[-75.86617,5.05493],[-75.86617,5.05493],[-75.86617,5.05493],[-75.86617,5.05493],[-75.86617,5.05493],[-75.86617,5.05493],[-75.86617,5.05493],[-75.86617,5.05493],[-75.86617,5.05493],[-75.86617,5.05493],[-75.86617,5.05493],[-75.86617,5.05493],[-75.86617,5.05493],[-75.86617,5.05493],[-75.86617,5.05493],[-75.86617,5.05493],[-75.86617,5.05493],[-75.86617,5.05493],[-75.86617,5.05493],[-75.86617,5.05493],[-75.86617,5.05493],[-75.86617,5.05493],[-75.86617,5.05493],[-75.86617,5.05493],[-75.86617,5.05493],[-75.86617,5.05493],[-75.86617,5.05493],[-75.86617,5.05493],[-75.86617,5.05493],[-75.86617,5.05493],[-75.86617,5.05493],[-75.86617,5.05493],[-75.86617,5.05493],[-75.86617,5.05493],[-75.86617,5.05493],[-75.86616,5.05493],[-75.86616,5.05493],[-75.86616,5.05493],[-75.86616,5.05493],[-75.86616,5.05493],[-75.86616,5.05493],[-75.86616,5.05493],[-75.86616,5.05493],[-75.86616,5.05493],[-75.86616,5.05493],[-75.86616,5.05494],[-75.86616,5.05494],[-75.86616,5.05494],[-75.86616,5.05494],[-75.86616,5.05494],[-75.86616,5.05494],[-75.86616,5.05494],[-75.86616,5.05494],[-75.86616,5.05494],[-75.86616,5.05494],[-75.86616,5.05494],[-75.86616,5.05494],[-75.86616,5.05494],[-75.86616,5.05494],[-75.86616,5.05494],[-75.86616,5.05494],[-75.86616,5.05494],[-75.86616,5.05494],[-75.86616,5.05494],[-75.86616,5.05495],[-75.86615,5.05497],[-75.86615,5.05498],[-75.86614,5.05499],[-75.86614,5.055],[-75.86612,5.05501],[-75.86611,5.05502],[-75.86611,5.05502],[-75.8661,5.05503],[-75.86607,5.05505],[-75.86607,5.05505],[-75.86607,5.05505],[-75.86607,5.05505],[-75.86607,5.05505],[-75.86607,5.05505],[-75.86607,5.05505],[-75.86607,5.05506],[-75.86607,5.05506],[-75.86607,5.05506],[-75.86607,5.05506],[-75.86607,5.05506],[-75.86607,5.05506],[-75.86607,5.05506],[-75.86607,5.05506],[-75.86607,5.05506],[-75.86607,5.05506],[-75.86607,5.05506],[-75.86606,5.05507],[-75.86606,5.05507],[-75.86606,5.05507],[-75.86606,5.05507],[-75.86606,5.05507],[-75.86606,5.05507],[-75.86606,5.05507],[-75.86606,5.05507],[-75.86606,5.05507],[-75.86606,5.05507],[-75.86606,5.05508],[-75.86606,5.05508],[-75.86606,5.05508],[-75.86606,5.05508],[-75.86606,5.05509],[-75.86606,5.05509],[-75.86606,5.05509],[-75.86606,5.05509],[-75.86606,5.05509],[-75.86606,5.0551],[-75.86605,5.0551],[-75.86605,5.0551],[-75.86605,5.0551],[-75.86605,5.0551],[-75.86605,5.0551],[-75.86605,5.0551],[-75.86605,5.0551],[-75.86605,5.0551],[-75.86605,5.0551],[-75.86605,5.0551],[-75.86605,5.0551],[-75.86606,5.05511],[-75.86606,5.05511],[-75.86606,5.05511],[-75.86606,5.05511],[-75.86606,5.05512],[-75.86606,5.05512],[-75.86606,5.05513],[-75.86606,5.05513],[-75.86606,5.05513],[-75.86606,5.05513],[-75.86606,5.05513],[-75.86606,5.05513],[-75.86606,5.05513],[-75.86606,5.05514],[-75.86606,5.05514],[-75.86607,5.05514],[-75.86607,5.05515],[-75.86607,5.05515],[-75.86608,5.05516],[-75.86608,5.05516],[-75.86608,5.05517],[-75.86608,5.05517],[-75.86609,5.05518],[-75.86609,5.05518],[-75.86609,5.05518],[-75.86609,5.05518],[-75.86609,5.05518],[-75.86609,5.05518],[-75.86609,5.05518],[-75.86609,5.05518],[-75.86609,5.05519],[-75.86609,5.05519],[-75.8661,5.05519],[-75.8661,5.05519],[-75.8661,5.05519],[-75.8661,5.05519],[-75.8661,5.05519],[-75.86611,5.05521],[-75.86611,5.05522],[-75.86612,5.05522],[-75.86612,5.05523],[-75.86612,5.05523],[-75.86612,5.05523],[-75.86612,5.05523],[-75.86612,5.05523],[-75.86612,5.05523],[-75.86612,5.05523],[-75.86612,5.05523],[-75.86613,5.05523],[-75.86613,5.05523],[-75.86613,5.05523],[-75.86613,5.05524],[-75.86613,5.05524],[-75.86613,5.05524],[-75.86613,5.05524],[-75.86613,5.05524],[-75.86613,5.05524],[-75.86613,5.05524],[-75.86613,5.05524],[-75.86614,5.05524],[-75.86614,5.05524],[-75.86614,5.05525],[-75.86614,5.05525],[-75.86614,5.05525],[-75.86614,5.05525],[-75.86614,5.05525],[-75.86614,5.05525],[-75.86614,5.05525],[-75.86614,5.05525],[-75.86614,5.05525],[-75.86614,5.05525],[-75.86614,5.05525],[-75.86614,5.05525],[-75.86615,5.05526],[-75.86615,5.05526],[-75.86615,5.05526],[-75.86615,5.05526],[-75.86615,5.05526],[-75.86615,5.05526],[-75.86615,5.05526],[-75.86615,5.05526],[-75.86615,5.05526],[-75.86615,5.05526],[-75.86615,5.05526],[-75.86615,5.05526],[-75.86615,5.05526],[-75.86615,5.05526],[-75.86615,5.05526],[-75.86615,5.05526],[-75.86615,5.05526],[-75.86615,5.05527],[-75.86615,5.05527],[-75.86615,5.05527],[-75.86615,5.05527],[-75.86615,5.05527],[-75.86615,5.05527],[-75.86615,5.05527],[-75.86615,5.05527],[-75.86615,5.05527],[-75.86615,5.05527],[-75.86615,5.05527],[-75.86615,5.05528],[-75.86615,5.05528],[-75.86615,5.05528],[-75.86615,5.05528],[-75.86615,5.05528],[-75.86615,5.05528],[-75.86615,5.05528],[-75.86616,5.05528],[-75.86616,5.05528],[-75.86616,5.05528],[-75.86616,5.05528],[-75.86616,5.05528],[-75.86616,5.05528],[-75.86616,5.05528],[-75.86616,5.05528],[-75.86616,5.05528],[-75.86616,5.05529],[-75.86616,5.05529],[-75.86617,5.05529],[-75.86617,5.05529],[-75.86617,5.0553],[-75.86617,5.0553],[-75.86617,5.0553],[-75.86617,5.0553],[-75.86617,5.0553],[-75.86617,5.0553],[-75.86617,5.0553],[-75.86617,5.0553],[-75.86618,5.0553],[-75.86618,5.0553],[-75.86618,5.05531],[-75.86618,5.05531],[-75.86618,5.05531],[-75.86618,5.05531],[-75.86618,5.05531],[-75.86618,5.05531],[-75.86618,5.05531],[-75.86618,5.05531],[-75.86618,5.05531],[-75.86618,5.05531],[-75.86618,5.05531],[-75.86618,5.05531],[-75.86618,5.05532],[-75.86619,5.05532],[-75.86619,5.05532],[-75.8662,5.05533],[-75.8662,5.05533],[-75.8662,5.05534],[-75.86621,5.05535],[-75.86621,5.05535],[-75.86621,5.05536],[-75.86621,5.05537],[-75.86622,5.05538],[-75.86622,5.05538],[-75.86622,5.05538],[-75.86622,5.05538],[-75.86622,5.05538],[-75.86622,5.05538],[-75.86622,5.05538],[-75.86622,5.05538],[-75.86622,5.05539],[-75.86622,5.05539],[-75.86622,5.05539],[-75.86622,5.05539],[-75.86622,5.05539],[-75.86623,5.05539],[-75.86623,5.05539],[-75.86623,5.0554],[-75.86623,5.0554],[-75.86623,5.0554],[-75.86623,5.0554],[-75.86623,5.05541],[-75.86623,5.05542],[-75.86624,5.05543],[-75.86625,5.05543],[-75.86625,5.05544],[-75.86626,5.05545],[-75.86627,5.05545],[-75.86627,5.05546],[-75.86628,5.05546],[-75.86628,5.05546],[-75.86629,5.05547],[-75.86629,5.05547],[-75.86629,5.05547],[-75.8663,5.05548],[-75.86631,5.05548],[-75.86631,5.05548],[-75.86631,5.05548],[-75.86633,5.05549],[-75.86633,5.05549],[-75.86634,5.05549],[-75.86634,5.0555],[-75.86635,5.0555],[-75.86636,5.0555],[-75.86636,5.05551],[-75.86637,5.05551],[-75.86642,5.05555],[-75.86643,5.05555],[-75.86644,5.05556],[-75.86644,5.05557],[-75.86645,5.05557],[-75.86646,5.05557],[-75.86646,5.05558],[-75.86647,5.05558],[-75.86647,5.05559],[-75.86648,5.05559],[-75.86649,5.0556],[-75.86649,5.05561],[-75.8665,5.05562],[-75.8665,5.05562],[-75.8665,5.05562],[-75.86651,5.05563],[-75.86651,5.05563],[-75.86651,5.05563],[-75.86652,5.05564],[-75.86652,5.05565],[-75.86652,5.05565],[-75.86652,5.05566],[-75.86652,5.05567],[-75.86652,5.05567],[-75.86652,5.05568],[-75.86652,5.05568],[-75.86652,5.05569],[-75.86652,5.0557],[-75.86651,5.05571],[-75.86651,5.05572],[-75.86651,5.05572],[-75.8665,5.05573],[-75.8665,5.05575],[-75.86649,5.05576],[-75.86649,5.05577],[-75.86648,5.05578],[-75.86648,5.05579],[-75.86648,5.0558],[-75.86647,5.05582],[-75.86646,5.05582],[-75.86646,5.05583],[-75.86645,5.05585],[-75.86645,5.05585],[-75.86644,5.05586],[-75.86643,5.05587],[-75.86643,5.05588],[-75.86642,5.05589],[-75.86642,5.0559],[-75.86642,5.0559],[-75.86641,5.0559],[-75.86641,5.05591],[-75.8664,5.05593],[-75.86639,5.05594],[-75.86639,5.05596],[-75.86638,5.05597],[-75.86638,5.05597],[-75.86637,5.05598],[-75.86636,5.05602],[-75.86635,5.05603],[-75.86635,5.05604],[-75.86635,5.05606],[-75.86634,5.05607],[-75.86634,5.05608],[-75.86633,5.05609],[-75.86633,5.0561],[-75.86633,5.0561],[-75.86633,5.05611],[-75.86633,5.05612],[-75.86632,5.05613],[-75.86632,5.05614],[-75.86631,5.05615],[-75.86631,5.05616],[-75.86631,5.05616],[-75.86631,5.05618],[-75.8663,5.05619],[-75.8663,5.05619],[-75.8663,5.0562],[-75.8663,5.05621],[-75.86629,5.05622],[-75.86629,5.05623],[-75.86629,5.05623],[-75.86628,5.05625],[-75.86628,5.05625],[-75.86628,5.05625],[-75.86628,5.05627],[-75.86627,5.05628],[-75.86627,5.05628],[-75.86627,5.05629],[-75.86627,5.05629],[-75.86626,5.0563],[-75.86626,5.05631],[-75.86625,5.05631],[-75.86625,5.05632],[-75.86624,5.05632],[-75.86624,5.05633],[-75.86623,5.05633],[-75.86623,5.05633],[-75.86622,5.05634],[-75.86622,5.05634],[-75.86622,5.05634],[-75.86622,5.05635],[-75.86622,5.05635],[-75.86621,5.05636],[-75.86621,5.05636],[-75.8662,5.05637],[-75.86619,5.05638],[-75.86619,5.05638],[-75.86618,5.05639],[-75.86618,5.05639],[-75.86618,5.05639],[-75.86617,5.05638],[-75.86617,5.05639],[-75.86616,5.05639],[-75.86615,5.0564],[-75.86615,5.05641],[-75.86615,5.05641],[-75.86615,5.05642],[-75.86615,5.05642],[-75.86615,5.05642],[-75.86615,5.05643],[-75.86614,5.05643],[-75.86613,5.05644],[-75.86613,5.05645],[-75.86612,5.05645],[-75.86612,5.05646],[-75.86611,5.05647],[-75.86611,5.05647],[-75.8661,5.05648],[-75.8661,5.05649],[-75.86609,5.05649],[-75.86609,5.05649],[-75.86608,5.05649],[-75.86608,5.0565],[-75.86608,5.05651],[-75.86607,5.05651],[-75.86607,5.05651],[-75.86606,5.05654],[-75.86606,5.05654],[-75.86606,5.05654],[-75.86605,5.05655],[-75.86605,5.05656],[-75.86605,5.05656],[-75.86604,5.05657],[-75.86604,5.05657],[-75.86604,5.05658],[-75.86604,5.05658],[-75.86603,5.05658],[-75.86603,5.05658],[-75.86602,5.05659],[-75.86602,5.05659],[-75.86602,5.05659],[-75.86602,5.0566],[-75.86601,5.05662],[-75.86601,5.05663],[-75.86601,5.05664],[-75.86601,5.05664],[-75.86601,5.05665],[-75.86601,5.05665],[-75.86601,5.05666],[-75.86601,5.05666],[-75.86601,5.05667],[-75.86601,5.05667],[-75.86601,5.05667],[-75.86601,5.05667],[-75.86601,5.05668],[-75.866,5.05668],[-75.866,5.05668],[-75.866,5.05669],[-75.866,5.05669],[-75.866,5.0567],[-75.866,5.0567],[-75.866,5.0567],[-75.866,5.05671],[-75.86601,5.05671],[-75.86601,5.05672],[-75.86601,5.05672],[-75.86601,5.05672],[-75.86601,5.05673],[-75.86601,5.05673],[-75.86601,5.05674],[-75.86601,5.05674],[-75.86602,5.05674],[-75.86602,5.05675],[-75.86602,5.05675],[-75.86602,5.05675],[-75.86602,5.05675],[-75.86602,5.05676],[-75.86602,5.05676],[-75.86602,5.05677],[-75.86602,5.05677],[-75.86602,5.05677],[-75.86602,5.05678],[-75.86602,5.05678],[-75.86602,5.05678],[-75.86602,5.05679],[-75.86602,5.05679],[-75.86602,5.05679],[-75.86602,5.0568],[-75.86602,5.0568],[-75.86602,5.0568],[-75.86602,5.0568],[-75.86602,5.05681],[-75.86603,5.05681],[-75.86603,5.05681],[-75.86603,5.05681],[-75.86603,5.05682],[-75.86603,5.05682],[-75.86603,5.05682],[-75.86603,5.05682],[-75.86604,5.05682],[-75.86604,5.05683],[-75.86604,5.05683],[-75.86604,5.05683],[-75.86604,5.05684],[-75.86604,5.05684],[-75.86604,5.05684],[-75.86604,5.05685],[-75.86604,5.05685],[-75.86604,5.05685],[-75.86604,5.05686],[-75.86605,5.05686],[-75.86605,5.05687],[-75.86605,5.05687],[-75.86605,5.05687],[-75.86605,5.05688],[-75.86605,5.05688],[-75.86605,5.05688],[-75.86605,5.05688],[-75.86606,5.05689],[-75.86606,5.0569],[-75.86606,5.0569],[-75.86606,5.0569],[-75.86606,5.0569],[-75.86606,5.05691],[-75.86606,5.05692],[-75.86606,5.05692],[-75.86607,5.05692],[-75.86607,5.05693],[-75.86607,5.05693],[-75.86607,5.05693],[-75.86607,5.05693],[-75.86607,5.05694],[-75.86607,5.05694],[-75.86607,5.05694],[-75.86607,5.05694],[-75.86607,5.05695],[-75.86607,5.05695],[-75.86607,5.05695],[-75.86607,5.05696],[-75.86608,5.05696],[-75.86608,5.05696],[-75.86608,5.05697],[-75.86608,5.05697],[-75.86608,5.05697],[-75.86609,5.05698],[-75.86609,5.05698],[-75.86609,5.05698],[-75.8661,5.05698],[-75.8661,5.05698],[-75.8661,5.05698],[-75.8661,5.05698],[-75.86611,5.05699],[-75.86611,5.05699],[-75.86611,5.05699],[-75.86611,5.05699],[-75.86612,5.05699],[-75.86612,5.05699],[-75.86612,5.05699],[-75.86612,5.05699],[-75.86612,5.057],[-75.86613,5.057],[-75.86613,5.057],[-75.86613,5.057],[-75.86613,5.057],[-75.86614,5.057],[-75.86614,5.057],[-75.86614,5.057],[-75.86614,5.057],[-75.86615,5.05701],[-75.86615,5.05701],[-75.86615,5.05701],[-75.86615,5.05701],[-75.86616,5.05701],[-75.86616,5.05701],[-75.86616,5.05701],[-75.86617,5.05701],[-75.86617,5.05701],[-75.86618,5.05701],[-75.86618,5.05701],[-75.86618,5.05701],[-75.86618,5.05701],[-75.86618,5.05701],[-75.86619,5.05701],[-75.8662,5.05701],[-75.8662,5.05701],[-75.8662,5.05701],[-75.8662,5.05702],[-75.86621,5.05702],[-75.86621,5.05702],[-75.86621,5.05702],[-75.86622,5.05702],[-75.86622,5.05702],[-75.86623,5.05702],[-75.86624,5.05702],[-75.86624,5.05702],[-75.86624,5.05702],[-75.86625,5.05702],[-75.86626,5.05702],[-75.86627,5.05702],[-75.86628,5.05702],[-75.86628,5.05702],[-75.86629,5.05703],[-75.8663,5.05703],[-75.8663,5.05703],[-75.86631,5.05703],[-75.86632,5.05703],[-75.86633,5.05703],[-75.86633,5.05703],[-75.86633,5.05703],[-75.86633,5.05703],[-75.86634,5.05703],[-75.86634,5.05703],[-75.86635,5.05703],[-75.86635,5.05704],[-75.86636,5.05704],[-75.86636,5.05704],[-75.86636,5.05704],[-75.86637,5.05704],[-75.86637,5.05705],[-75.86637,5.05705],[-75.86638,5.05705],[-75.86638,5.05705],[-75.86639,5.05706],[-75.86639,5.05706],[-75.86639,5.05706],[-75.86639,5.05706],[-75.86639,5.05706],[-75.8664,5.05707],[-75.8664,5.05707],[-75.8664,5.05707],[-75.86641,5.05707],[-75.86641,5.05708],[-75.86641,5.05708],[-75.86641,5.05708],[-75.86641,5.05708],[-75.86642,5.05709],[-75.86642,5.05709],[-75.86643,5.05709],[-75.86643,5.0571],[-75.86643,5.0571],[-75.86644,5.0571],[-75.86644,5.0571],[-75.86644,5.0571],[-75.86645,5.0571],[-75.86645,5.05711],[-75.86646,5.05711],[-75.86646,5.05711],[-75.86646,5.05711],[-75.86647,5.05711],[-75.86647,5.05711],[-75.86648,5.05711],[-75.86648,5.05711],[-75.86648,5.05711],[-75.86648,5.05711],[-75.86648,5.05712],[-75.86649,5.05712],[-75.86649,5.05712],[-75.86649,5.05712],[-75.8665,5.05712],[-75.86651,5.05712],[-75.86652,5.05713],[-75.86652,5.05713],[-75.86653,5.05713],[-75.86653,5.05713],[-75.86653,5.05713],[-75.86653,5.05713],[-75.86654,5.05713],[-75.86654,5.05713],[-75.86654,5.05714],[-75.86655,5.05714],[-75.86656,5.05715],[-75.86656,5.05715],[-75.86658,5.05716],[-75.86658,5.05716],[-75.86658,5.05716],[-75.86658,5.05717],[-75.86659,5.05717],[-75.86659,5.05717],[-75.86659,5.05718],[-75.8666,5.05718],[-75.8666,5.05718],[-75.8666,5.05719],[-75.8666,5.05719],[-75.86661,5.05719],[-75.86661,5.0572],[-75.86662,5.0572],[-75.86662,5.0572],[-75.86662,5.05721],[-75.86662,5.05721],[-75.86662,5.05721],[-75.86663,5.05722],[-75.86664,5.05723],[-75.86664,5.05724],[-75.86665,5.05725],[-75.86665,5.05725],[-75.86666,5.05726],[-75.86666,5.05727],[-75.86666,5.05727],[-75.86667,5.05728],[-75.86667,5.05729],[-75.86668,5.0573],[-75.86668,5.05731],[-75.86668,5.05731],[-75.86668,5.05731],[-75.86668,5.05732],[-75.86669,5.05732],[-75.86669,5.05733],[-75.86669,5.05735],[-75.8667,5.05736],[-75.8667,5.05736],[-75.8667,5.05736],[-75.8667,5.05737],[-75.8667,5.05737],[-75.8667,5.05738],[-75.8667,5.05738],[-75.86671,5.0574],[-75.86671,5.05741],[-75.86671,5.05744],[-75.86671,5.05745],[-75.86671,5.05746],[-75.86671,5.05747],[-75.86671,5.05747],[-75.86671,5.05748],[-75.86671,5.05748],[-75.86671,5.05748],[-75.86671,5.05749],[-75.86671,5.0575],[-75.86671,5.0575],[-75.86671,5.05751],[-75.86671,5.05751],[-75.86671,5.05753],[-75.86671,5.05753],[-75.86671,5.05754],[-75.86672,5.05754],[-75.86672,5.05755],[-75.86672,5.05755],[-75.86672,5.05756],[-75.86672,5.05757],[-75.86672,5.05757],[-75.86672,5.05758],[-75.86672,5.05759],[-75.86672,5.05759],[-75.86672,5.05759],[-75.86672,5.0576],[-75.86672,5.05761],[-75.86672,5.05762],[-75.86672,5.05762],[-75.86673,5.05763],[-75.86673,5.05763],[-75.86673,5.05764],[-75.86673,5.05764],[-75.86672,5.05764],[-75.86672,5.05764],[-75.86672,5.05765],[-75.86672,5.05765],[-75.86672,5.05766],[-75.86672,5.05766],[-75.86672,5.05767],[-75.86672,5.05767],[-75.86671,5.05767],[-75.86671,5.05767],[-75.86671,5.05768],[-75.8667,5.05771],[-75.8667,5.05771],[-75.8667,5.05772],[-75.86669,5.05772],[-75.86669,5.05772],[-75.86669,5.05773],[-75.86669,5.05773],[-75.86669,5.05773],[-75.86669,5.05774],[-75.86669,5.05774],[-75.86669,5.05774],[-75.86669,5.05774],[-75.86669,5.05775],[-75.86669,5.05775],[-75.8667,5.05775],[-75.8667,5.05776],[-75.8667,5.05777],[-75.8667,5.05777],[-75.8667,5.05778],[-75.8667,5.05778],[-75.8667,5.05778],[-75.8667,5.05779],[-75.86671,5.05779],[-75.86671,5.05779],[-75.86671,5.0578],[-75.86671,5.0578],[-75.86671,5.0578],[-75.86671,5.0578],[-75.86672,5.05781],[-75.86672,5.05781],[-75.86672,5.05781],[-75.86672,5.05781],[-75.86672,5.05781],[-75.86673,5.05782],[-75.86673,5.05782],[-75.86673,5.05782],[-75.86673,5.05782],[-75.86673,5.05782],[-75.86673,5.05782],[-75.86673,5.05782],[-75.86674,5.05781],[-75.86674,5.05781],[-75.86674,5.05781],[-75.86674,5.05781],[-75.86674,5.05781],[-75.86674,5.05781],[-75.86674,5.05781],[-75.86674,5.0578],[-75.86674,5.0578],[-75.86674,5.05778],[-75.86674,5.05777],[-75.86673,5.05776],[-75.86673,5.05775],[-75.86673,5.05774],[-75.86673,5.05771],[-75.86674,5.0577],[-75.86675,5.05768],[-75.86675,5.05767],[-75.86675,5.05766],[-75.86676,5.05765],[-75.86676,5.05763],[-75.86675,5.05755],[-75.86675,5.05748],[-75.86675,5.05747],[-75.86674,5.05738],[-75.86673,5.05736],[-75.86673,5.05734],[-75.86673,5.05732],[-75.86671,5.0573],[-75.86669,5.05726],[-75.86668,5.05725],[-75.86668,5.05723],[-75.86667,5.05722],[-75.86666,5.05721],[-75.86665,5.05719],[-75.86665,5.05718],[-75.86664,5.05718],[-75.86664,5.05717],[-75.86663,5.05717],[-75.86661,5.05715],[-75.8666,5.05714],[-75.86659,5.05713],[-75.86658,5.05712],[-75.86657,5.05711],[-75.86656,5.0571],[-75.86656,5.0571],[-75.86655,5.05709],[-75.86654,5.05708],[-75.86652,5.05708],[-75.86652,5.05708],[-75.86651,5.05709],[-75.86651,5.05709],[-75.8665,5.05709],[-75.86648,5.05709],[-75.86646,5.05708],[-75.86645,5.05708],[-75.86645,5.05707],[-75.86645,5.05707],[-75.86644,5.05706],[-75.86643,5.05705],[-75.86641,5.05704],[-75.86638,5.05702],[-75.86637,5.05702],[-75.86637,5.05701],[-75.86636,5.057],[-75.86635,5.05699],[-75.86634,5.05699],[-75.86633,5.05698],[-75.8663,5.05698],[-75.86627,5.05698],[-75.86624,5.05698],[-75.86623,5.05698],[-75.86622,5.05697],[-75.8662,5.05697],[-75.86618,5.05696],[-75.86617,5.05696],[-75.86617,5.05696],[-75.86616,5.05696],[-75.86615,5.05697],[-75.86615,5.05697],[-75.86614,5.05697],[-75.86613,5.05695],[-75.86612,5.05695],[-75.86611,5.05693],[-75.8661,5.05692],[-75.8661,5.0569],[-75.8661,5.05689],[-75.86609,5.05687],[-75.86609,5.05686],[-75.86608,5.05684],[-75.86608,5.05682],[-75.86608,5.05682],[-75.86608,5.05682],[-75.86607,5.0568],[-75.86607,5.05679],[-75.86606,5.05677],[-75.86606,5.05675],[-75.86606,5.05675],[-75.86606,5.05673],[-75.86606,5.05672],[-75.86605,5.05669],[-75.86605,5.05668],[-75.86605,5.05666],[-75.86605,5.05664],[-75.86606,5.05662],[-75.86606,5.05661],[-75.86607,5.0566],[-75.86608,5.05658],[-75.86609,5.05656],[-75.8661,5.05655],[-75.8661,5.05654],[-75.86612,5.05651],[-75.86613,5.0565],[-75.86614,5.05648],[-75.86615,5.05646],[-75.86615,5.05646],[-75.86617,5.05644],[-75.86617,5.05644],[-75.86619,5.05642],[-75.86622,5.0564],[-75.86627,5.05634],[-75.86628,5.05633],[-75.86629,5.05632],[-75.8663,5.05631],[-75.8663,5.0563],[-75.8663,5.0563],[-75.86631,5.05629],[-75.86631,5.05628],[-75.86632,5.05624],[-75.86633,5.05622],[-75.86634,5.05621],[-75.86634,5.05618],[-75.86635,5.05615],[-75.86636,5.05613],[-75.86636,5.05612],[-75.86637,5.0561],[-75.86638,5.05609],[-75.86638,5.05608],[-75.86638,5.05607],[-75.86638,5.05605],[-75.86639,5.05601],[-75.86641,5.05598],[-75.86641,5.05597],[-75.86645,5.0559],[-75.86645,5.05589],[-75.86646,5.05587],[-75.86649,5.05583],[-75.86653,5.05576],[-75.86654,5.05573],[-75.86656,5.05571],[-75.86657,5.05569],[-75.86657,5.05567],[-75.86657,5.05566],[-75.86656,5.05564],[-75.86656,5.05563],[-75.86655,5.05563],[-75.86655,5.05563],[-75.86654,5.05561],[-75.86651,5.05557],[-75.8665,5.05555],[-75.86649,5.05555],[-75.86646,5.05551],[-75.86645,5.0555],[-75.86644,5.0555],[-75.86643,5.05548],[-75.86641,5.05547],[-75.8664,5.05547],[-75.86639,5.05547],[-75.86637,5.05546],[-75.86636,5.05546],[-75.86635,5.05545],[-75.86634,5.05545],[-75.86632,5.05544],[-75.86631,5.05544],[-75.8663,5.05543],[-75.86629,5.05542],[-75.86628,5.05541],[-75.86627,5.05539],[-75.86627,5.05539],[-75.86626,5.05537],[-75.86624,5.05534],[-75.86624,5.05532],[-75.86623,5.0553],[-75.86621,5.05528],[-75.86618,5.05524],[-75.86618,5.05524],[-75.86616,5.05521],[-75.86616,5.0552],[-75.86614,5.05517],[-75.86611,5.05512],[-75.86611,5.05511],[-75.86611,5.0551],[-75.86611,5.05509],[-75.86612,5.05508],[-75.86612,5.05508],[-75.86613,5.05507],[-75.86614,5.05507],[-75.86615,5.05506],[-75.86615,5.05505],[-75.86616,5.05504],[-75.86617,5.05504],[-75.86619,5.05501],[-75.8662,5.055],[-75.86621,5.05499],[-75.86622,5.05498],[-75.86622,5.05498],[-75.86622,5.05497],[-75.86623,5.05496],[-75.86624,5.05495],[-75.86624,5.05494],[-75.86625,5.05493],[-75.86625,5.05492],[-75.86625,5.0549],[-75.86625,5.0549],[-75.86624,5.05488],[-75.86624,5.05488],[-75.86624,5.05487],[-75.86624,5.05485],[-75.86623,5.05484],[-75.86623,5.05483],[-75.86622,5.05482],[-75.86622,5.05481],[-75.86621,5.0548],[-75.86621,5.0548],[-75.8662,5.0548],[-75.86619,5.0548],[-75.86619,5.05479],[-75.86618,5.05479],[-75.86618,5.05479],[-75.86617,5.05479],[-75.86617,5.05479],[-75.86616,5.05479],[-75.86616,5.05479],[-75.86616,5.05479],[-75.86615,5.05479],[-75.86615,5.05479],[-75.86614,5.05479],[-75.86614,5.05478],[-75.86613,5.05478],[-75.86613,5.05477],[-75.86613,5.05477],[-75.86612,5.05477],[-75.86612,5.05476],[-75.86612,5.05476],[-75.86613,5.05475],[-75.86613,5.05474],[-75.86614,5.05473],[-75.86614,5.05472],[-75.86615,5.05471],[-75.86616,5.0547],[-75.86617,5.05468],[-75.86619,5.05466],[-75.86619,5.05465],[-75.8662,5.05464],[-75.86621,5.05463],[-75.86622,5.05461],[-75.86622,5.05461],[-75.86623,5.05461],[-75.86623,5.0546],[-75.86624,5.05459],[-75.86625,5.05457],[-75.86625,5.05455],[-75.86625,5.05454],[-75.86626,5.05453],[-75.86626,5.05452],[-75.86626,5.05451],[-75.86626,5.0545],[-75.86626,5.05449],[-75.86626,5.05443],[-75.86626,5.05442],[-75.86626,5.05441],[-75.86626,5.0544],[-75.86626,5.05439],[-75.86626,5.05437],[-75.86626,5.05437],[-75.86626,5.05436],[-75.86627,5.05435],[-75.86627,5.05434],[-75.86628,5.05433],[-75.86628,5.05432],[-75.86629,5.05432],[-75.86629,5.05431],[-75.8663,5.0543],[-75.86631,5.05429],[-75.86633,5.05427],[-75.86633,5.05426],[-75.86634,5.05424],[-75.86635,5.05422],[-75.86636,5.05421],[-75.86639,5.05416],[-75.86641,5.05414],[-75.86642,5.05412],[-75.86643,5.05411],[-75.86643,5.0541],[-75.86644,5.05408],[-75.86645,5.05407],[-75.86645,5.05406],[-75.86646,5.05404],[-75.86647,5.05403],[-75.86647,5.05402],[-75.86648,5.05401],[-75.86648,5.05401],[-75.86648,5.05399],[-75.86648,5.05398],[-75.86648,5.05398],[-75.86649,5.05397],[-75.86649,5.05396],[-75.86648,5.05392],[-75.86647,5.0539],[-75.86647,5.05388],[-75.86647,5.05388],[-75.86647,5.05387],[-75.86648,5.05386],[-75.86648,5.05386],[-75.86649,5.05385],[-75.86649,5.05385],[-75.86651,5.05385],[-75.86651,5.05384],[-75.86652,5.05384],[-75.86653,5.05383],[-75.86653,5.05382],[-75.86653,5.05381],[-75.86654,5.0538],[-75.86655,5.0538],[-75.86655,5.05379],[-75.86657,5.05376],[-75.86659,5.05374],[-75.86662,5.0537],[-75.86663,5.05369],[-75.86665,5.05368],[-75.86665,5.05368],[-75.86665,5.05368],[-75.86665,5.05368],[-75.86666,5.05367],[-75.86666,5.05367],[-75.86666,5.05367],[-75.86666,5.05366],[-75.86667,5.05366],[-75.86667,5.05366],[-75.86667,5.05366],[-75.86667,5.05366],[-75.86667,5.05365],[-75.86668,5.05365],[-75.86668,5.05365],[-75.86668,5.05365],[-75.86668,5.05364],[-75.86668,5.05364],[-75.86669,5.05364],[-75.86669,5.05364],[-75.86669,5.05363],[-75.8667,5.05363],[-75.8667,5.05363],[-75.8667,5.05363],[-75.86671,5.05363],[-75.86671,5.05362],[-75.86672,5.05362],[-75.86672,5.05362],[-75.86672,5.05362],[-75.86673,5.05362],[-75.86673,5.05362],[-75.86673,5.05362],[-75.86674,5.05362],[-75.86674,5.05362],[-75.86674,5.05362],[-75.86675,5.05362],[-75.86675,5.05361],[-75.86675,5.05361],[-75.86676,5.05362],[-75.86677,5.05362],[-75.86677,5.05362],[-75.86678,5.05362],[-75.86681,5.05361],[-75.86685,5.05362],[-75.86687,5.05362],[-75.86689,5.05363],[-75.8669,5.05363],[-75.86691,5.05364],[-75.86695,5.05365],[-75.86696,5.05366],[-75.86696,5.05366],[-75.86696,5.05366],[-75.86696,5.05366],[-75.86696,5.05366],[-75.86697,5.05367],[-75.86697,5.05367],[-75.86697,5.05367],[-75.86697,5.05367],[-75.86697,5.05367],[-75.86698,5.05367],[-75.86698,5.05368],[-75.86698,5.05368],[-75.86698,5.05368],[-75.867,5.05369],[-75.867,5.0537],[-75.867,5.0537],[-75.867,5.0537],[-75.867,5.0537],[-75.867,5.0537],[-75.867,5.0537],[-75.867,5.0537],[-75.867,5.0537],[-75.867,5.05371],[-75.867,5.05371],[-75.867,5.05371],[-75.867,5.05371],[-75.867,5.05371],[-75.867,5.05372],[-75.867,5.05372],[-75.86699,5.05372],[-75.86699,5.05373],[-75.86699,5.05373],[-75.86699,5.05373],[-75.86699,5.05373],[-75.86699,5.05373],[-75.86699,5.05373],[-75.867,5.05373],[-75.867,5.05373],[-75.867,5.05373],[-75.867,5.05373],[-75.867,5.05374],[-75.867,5.05374],[-75.867,5.05374],[-75.867,5.05374],[-75.867,5.05374],[-75.867,5.05374],[-75.867,5.05374],[-75.867,5.05375],[-75.86701,5.05375],[-75.86701,5.05375],[-75.86701,5.05375],[-75.86701,5.05375],[-75.86701,5.05375],[-75.86701,5.05375],[-75.86702,5.05376],[-75.86702,5.05376],[-75.86703,5.05376],[-75.86703,5.05376],[-75.86703,5.05377],[-75.86703,5.05377],[-75.86703,5.05377],[-75.86704,5.05378],[-75.86705,5.05378],[-75.86706,5.05379],[-75.86706,5.0538],[-75.86706,5.0538],[-75.86707,5.0538],[-75.86707,5.0538],[-75.86707,5.05381],[-75.86707,5.05381],[-75.86707,5.05381],[-75.86708,5.05381],[-75.86708,5.05382],[-75.86708,5.05382],[-75.86708,5.05382],[-75.86708,5.05382],[-75.86708,5.05382],[-75.86709,5.05382],[-75.86709,5.05382],[-75.86709,5.05382],[-75.86709,5.05382],[-75.86709,5.05382],[-75.8671,5.05383],[-75.8671,5.05383],[-75.8671,5.05383],[-75.8671,5.05383],[-75.8671,5.05383],[-75.8671,5.05383],[-75.8671,5.05383],[-75.8671,5.05383],[-75.8671,5.05384],[-75.86711,5.05384],[-75.86711,5.05384],[-75.86711,5.05384],[-75.86711,5.05384],[-75.86711,5.05384],[-75.86711,5.05385],[-75.86711,5.05385],[-75.86711,5.05385],[-75.86712,5.05385],[-75.86712,5.05386],[-75.86712,5.05386],[-75.86712,5.05387],[-75.86713,5.05387],[-75.86714,5.05388],[-75.86714,5.05388],[-75.86714,5.05389],[-75.86715,5.05389],[-75.86715,5.05389],[-75.86715,5.05389],[-75.86715,5.05389],[-75.86716,5.0539],[-75.86716,5.0539],[-75.86716,5.0539],[-75.86716,5.0539],[-75.86716,5.0539],[-75.86716,5.0539],[-75.86716,5.0539],[-75.86716,5.0539],[-75.86716,5.0539],[-75.86716,5.0539],[-75.86717,5.0539],[-75.86717,5.0539],[-75.86717,5.0539],[-75.86717,5.0539],[-75.86717,5.0539],[-75.86717,5.05391],[-75.86717,5.05391],[-75.86717,5.05391],[-75.86717,5.05391],[-75.86718,5.05391],[-75.86718,5.05391],[-75.86718,5.05391],[-75.86718,5.05391],[-75.86718,5.05391],[-75.86718,5.05391],[-75.86718,5.05391],[-75.86718,5.05392],[-75.86718,5.05392],[-75.86718,5.05392],[-75.86718,5.05392],[-75.86718,5.05392],[-75.86718,5.05392],[-75.86718,5.05392],[-75.86718,5.05392],[-75.86719,5.05392],[-75.86719,5.05392],[-75.86719,5.05392],[-75.86719,5.05392],[-75.86719,5.05392],[-75.86719,5.05393],[-75.86719,5.05393],[-75.86719,5.05393],[-75.8672,5.05393],[-75.8672,5.05393],[-75.8672,5.05393],[-75.8672,5.05393],[-75.8672,5.05393],[-75.8672,5.05393],[-75.8672,5.05393],[-75.8672,5.05393],[-75.8672,5.05393],[-75.8672,5.05393],[-75.86721,5.05394],[-75.86721,5.05394],[-75.86721,5.05394],[-75.86721,5.05394],[-75.86721,5.05394],[-75.86721,5.05394],[-75.86721,5.05394],[-75.86721,5.05394],[-75.86722,5.05394],[-75.86722,5.05394],[-75.86722,5.05394],[-75.86722,5.05394],[-75.86722,5.05394],[-75.86722,5.05394],[-75.86722,5.05394],[-75.86722,5.05394],[-75.86722,5.05394],[-75.86723,5.05394],[-75.86723,5.05394],[-75.86723,5.05394],[-75.86723,5.05394],[-75.86723,5.05394],[-75.86723,5.05394],[-75.86723,5.05394],[-75.86724,5.05394],[-75.86724,5.05394],[-75.86724,5.05394],[-75.86724,5.05394],[-75.86724,5.05394],[-75.86724,5.05394],[-75.86724,5.05394],[-75.86725,5.05394],[-75.86725,5.05394],[-75.86725,5.05394],[-75.86725,5.05394],[-75.86725,5.05394],[-75.86725,5.05394],[-75.86725,5.05394],[-75.86725,5.05394],[-75.86725,5.05394],[-75.86725,5.05394],[-75.86725,5.05394],[-75.86725,5.05394],[-75.86725,5.05394],[-75.86725,5.05394],[-75.86725,5.05395],[-75.86725,5.05395],[-75.86725,5.05395],[-75.86725,5.05395],[-75.86725,5.05395],[-75.86726,5.05395],[-75.86726,5.05395],[-75.86726,5.05395],[-75.86726,5.05395],[-75.86726,5.05395],[-75.86727,5.05395],[-75.8673,5.05394],[-75.86731,5.05394],[-75.86731,5.05394],[-75.86731,5.05394],[-75.86731,5.05394],[-75.86731,5.05394],[-75.86732,5.05394],[-75.86732,5.05394],[-75.86732,5.05395],[-75.86732,5.05395],[-75.86732,5.05395],[-75.86732,5.05395],[-75.86733,5.05395],[-75.86733,5.05395],[-75.86733,5.05395],[-75.86733,5.05395],[-75.86733,5.05395],[-75.86734,5.05395],[-75.86734,5.05395],[-75.86734,5.05395],[-75.86734,5.05395],[-75.86734,5.05395],[-75.86734,5.05395],[-75.86735,5.05395],[-75.86735,5.05395],[-75.86735,5.05396],[-75.86735,5.05396],[-75.86735,5.05396],[-75.86736,5.05396],[-75.86736,5.05396],[-75.86736,5.05396],[-75.86736,5.05396],[-75.86736,5.05396],[-75.86736,5.05396],[-75.86737,5.05396],[-75.86737,5.05396],[-75.86737,5.05396],[-75.86737,5.05396],[-75.86738,5.05396],[-75.86738,5.05396],[-75.86738,5.05397],[-75.86738,5.05397],[-75.86738,5.05397],[-75.86739,5.05397],[-75.86739,5.05397],[-75.86739,5.05397],[-75.8674,5.05397],[-75.8674,5.05398],[-75.8674,5.05398],[-75.86742,5.05399],[-75.86742,5.05399],[-75.86742,5.05399],[-75.86742,5.05399],[-75.86742,5.05399],[-75.86743,5.05399],[-75.86743,5.05399],[-75.86743,5.05399],[-75.86743,5.05399],[-75.86744,5.054],[-75.86744,5.054],[-75.86744,5.054],[-75.86744,5.054],[-75.86744,5.054],[-75.86744,5.054],[-75.86745,5.054],[-75.86745,5.054],[-75.86745,5.054],[-75.86745,5.054],[-75.86745,5.05401],[-75.86746,5.05401],[-75.86746,5.05401],[-75.86746,5.05401],[-75.86746,5.05401],[-75.86747,5.05401],[-75.86747,5.05401],[-75.86747,5.05401],[-75.86747,5.05401],[-75.86747,5.05401],[-75.86748,5.05401],[-75.86748,5.05401],[-75.86748,5.05402],[-75.86748,5.05402],[-75.86748,5.05402],[-75.86749,5.05402],[-75.86749,5.05402],[-75.86749,5.05402],[-75.86749,5.05402],[-75.86749,5.05402],[-75.8675,5.05402],[-75.8675,5.05402],[-75.8675,5.05402],[-75.8675,5.05403],[-75.8675,5.05403],[-75.86751,5.05403],[-75.86751,5.05403],[-75.86751,5.05403],[-75.86752,5.05404],[-75.86754,5.05406],[-75.86755,5.05407],[-75.86755,5.05407],[-75.86755,5.05408],[-75.86755,5.05408],[-75.86755,5.05408],[-75.86755,5.05408],[-75.86755,5.05409],[-75.86755,5.05409],[-75.86756,5.05409],[-75.86756,5.0541],[-75.86756,5.0541],[-75.86756,5.05411],[-75.86756,5.05411],[-75.86756,5.05411],[-75.86757,5.05412],[-75.86757,5.05412],[-75.86757,5.05412],[-75.86757,5.05413],[-75.86757,5.05414],[-75.86757,5.05414],[-75.86757,5.05414],[-75.86757,5.05415],[-75.86757,5.05415],[-75.86757,5.05415],[-75.86757,5.05416],[-75.86757,5.05416],[-75.86757,5.05416],[-75.86757,5.05416],[-75.86757,5.05417],[-75.86757,5.05417],[-75.86758,5.05417],[-75.86758,5.05418],[-75.86758,5.05418],[-75.86758,5.05419],[-75.86758,5.05419],[-75.86758,5.0542],[-75.86758,5.0542],[-75.86758,5.0542],[-75.86759,5.0542],[-75.86759,5.05421],[-75.86759,5.05421],[-75.86759,5.05421],[-75.86759,5.05422],[-75.8676,5.05422],[-75.8676,5.05422],[-75.8676,5.05423],[-75.8676,5.05423],[-75.8676,5.05423],[-75.8676,5.05424],[-75.8676,5.05424],[-75.8676,5.05425],[-75.8676,5.05425],[-75.8676,5.05426],[-75.8676,5.05426],[-75.8676,5.05426],[-75.8676,5.05426],[-75.8676,5.05427],[-75.86759,5.05427],[-75.86759,5.05428],[-75.86759,5.05428],[-75.86758,5.05428],[-75.86758,5.05429],[-75.86758,5.05429],[-75.86757,5.05429],[-75.86757,5.0543],[-75.86757,5.0543],[-75.86757,5.0543],[-75.86756,5.0543],[-75.86756,5.05431],[-75.86756,5.05431],[-75.86756,5.05431],[-75.86756,5.05431],[-75.86755,5.05432],[-75.86755,5.05432],[-75.86755,5.05432],[-75.86754,5.05433],[-75.86754,5.05434],[-75.86754,5.05434],[-75.86753,5.05434],[-75.86753,5.05434],[-75.86753,5.05434],[-75.86753,5.05434],[-75.86753,5.05435],[-75.86753,5.05435],[-75.86753,5.05435],[-75.86753,5.05435],[-75.86752,5.05435],[-75.86752,5.05435],[-75.86752,5.05435],[-75.86752,5.05435],[-75.86752,5.05435],[-75.86752,5.05435],[-75.86751,5.05435],[-75.86751,5.05435],[-75.86751,5.05435],[-75.86751,5.05434],[-75.86751,5.05434],[-75.8675,5.05434],[-75.8675,5.05434],[-75.8675,5.05434],[-75.8675,5.05434],[-75.8675,5.05433],[-75.86749,5.05433],[-75.86749,5.05433],[-75.86749,5.05433],[-75.86749,5.05432],[-75.86749,5.05432],[-75.86748,5.05432],[-75.86748,5.05431],[-75.86748,5.05431],[-75.86748,5.05431],[-75.86748,5.05431],[-75.86748,5.05431],[-75.86748,5.05431],[-75.86747,5.05431],[-75.86747,5.05431],[-75.86747,5.05431],[-75.86747,5.05431],[-75.86746,5.05431],[-75.86746,5.05431],[-75.86746,5.05431],[-75.86746,5.05431],[-75.86745,5.0543],[-75.86745,5.0543],[-75.86745,5.0543],[-75.86744,5.0543],[-75.86742,5.05429],[-75.86741,5.05428],[-75.86741,5.05428],[-75.86739,5.05427],[-75.86739,5.05427],[-75.86739,5.05427],[-75.86738,5.05427],[-75.86738,5.05427],[-75.86737,5.05427],[-75.86737,5.05427],[-75.86737,5.05427],[-75.86737,5.05427],[-75.86736,5.05427],[-75.86736,5.05427],[-75.86736,5.05427],[-75.86735,5.05427],[-75.86735,5.05427],[-75.86735,5.05427],[-75.86735,5.05427],[-75.86734,5.05427],[-75.86734,5.05427],[-75.86734,5.05427],[-75.86734,5.05427],[-75.86734,5.05427],[-75.86734,5.05427],[-75.86733,5.05427],[-75.86733,5.05427],[-75.86733,5.05426],[-75.86733,5.05426],[-75.86732,5.05426],[-75.86732,5.05426],[-75.86732,5.05426],[-75.86732,5.05426],[-75.86732,5.05426],[-75.86732,5.05426],[-75.86731,5.05426],[-75.86731,5.05426],[-75.86731,5.05426],[-75.86731,5.05426],[-75.8673,5.05426],[-75.8673,5.05426],[-75.8673,5.05426],[-75.8673,5.05426],[-75.8673,5.05426],[-75.86729,5.05426],[-75.86729,5.05426],[-75.86729,5.05426],[-75.86729,5.05426],[-75.86728,5.05426],[-75.86728,5.05426],[-75.86728,5.05426],[-75.86728,5.05426],[-75.86728,5.05426],[-75.86728,5.05426],[-75.86727,5.05427],[-75.86727,5.05427],[-75.86727,5.05427],[-75.86727,5.05427],[-75.86727,5.05427],[-75.86727,5.05427],[-75.86726,5.05427],[-75.86726,5.05427],[-75.86726,5.05427],[-75.86726,5.05427],[-75.86725,5.05427],[-75.86725,5.05427],[-75.86725,5.05427],[-75.86725,5.05427],[-75.86725,5.05427],[-75.86724,5.05427],[-75.86724,5.05427],[-75.86723,5.05428],[-75.86723,5.05428],[-75.86723,5.05428],[-75.86723,5.05428],[-75.86723,5.05428],[-75.86723,5.05428],[-75.86722,5.05428],[-75.86722,5.05428],[-75.86722,5.05428],[-75.86722,5.05428],[-75.86722,5.05428],[-75.86722,5.05429],[-75.86721,5.05429],[-75.86721,5.05429],[-75.86721,5.05429],[-75.86721,5.05429],[-75.86721,5.05429],[-75.8672,5.05429],[-75.8672,5.05429],[-75.8672,5.05429],[-75.8672,5.05429],[-75.86719,5.05429],[-75.86719,5.05429],[-75.86719,5.05429],[-75.86719,5.05429],[-75.86718,5.0543],[-75.86718,5.0543],[-75.86718,5.0543],[-75.86718,5.0543],[-75.86717,5.0543],[-75.86717,5.0543],[-75.86717,5.0543],[-75.86717,5.0543],[-75.86717,5.0543],[-75.86717,5.0543],[-75.86716,5.0543],[-75.86716,5.0543],[-75.86716,5.0543],[-75.86716,5.0543],[-75.86716,5.0543],[-75.86716,5.0543],[-75.86715,5.0543],[-75.86715,5.0543],[-75.86715,5.05431],[-75.86715,5.05431],[-75.86714,5.05431],[-75.86714,5.05431],[-75.86714,5.05431],[-75.86714,5.05431],[-75.86714,5.05431],[-75.86713,5.05431],[-75.86713,5.05431],[-75.86713,5.05431],[-75.86713,5.05431],[-75.86713,5.05431],[-75.86712,5.05432],[-75.86712,5.05432],[-75.8671,5.05433],[-75.8671,5.05433],[-75.86709,5.05433],[-75.86709,5.05433],[-75.86708,5.05434],[-75.86707,5.05435],[-75.86706,5.05435],[-75.86705,5.05436],[-75.86705,5.05436],[-75.86704,5.05436],[-75.86704,5.05436],[-75.86703,5.05437],[-75.86703,5.05437],[-75.86703,5.05437],[-75.86703,5.05437],[-75.86702,5.05437],[-75.86702,5.05437],[-75.86702,5.05437],[-75.86702,5.05437],[-75.86702,5.05437],[-75.86702,5.05437],[-75.86702,5.05437],[-75.86702,5.05438],[-75.86702,5.05438],[-75.86701,5.05438],[-75.86701,5.05438],[-75.86701,5.05438],[-75.86701,5.05438],[-75.86701,5.05438],[-75.86701,5.05438],[-75.86701,5.05439],[-75.86701,5.05439],[-75.867,5.0544],[-75.867,5.0544],[-75.867,5.0544],[-75.867,5.0544],[-75.867,5.0544],[-75.867,5.0544],[-75.867,5.05441],[-75.867,5.05441],[-75.867,5.05441],[-75.867,5.05441],[-75.867,5.05441],[-75.867,5.05441],[-75.86699,5.05442],[-75.86699,5.05442],[-75.86699,5.05442],[-75.86699,5.05443],[-75.86699,5.05443],[-75.86699,5.05443],[-75.86699,5.05443],[-75.86699,5.05443],[-75.86699,5.05443],[-75.86699,5.05443],[-75.86699,5.05443],[-75.86699,5.05444],[-75.86699,5.05444],[-75.86699,5.05444],[-75.86699,5.05444],[-75.86699,5.05444],[-75.86699,5.05444],[-75.86699,5.05445],[-75.86699,5.05445],[-75.86699,5.05445],[-75.86698,5.05445],[-75.86698,5.05445],[-75.86698,5.05445],[-75.86698,5.05446],[-75.86698,5.05446],[-75.86698,5.05448],[-75.86698,5.05449],[-75.86698,5.05449],[-75.86697,5.05449],[-75.86697,5.05449],[-75.86697,5.0545],[-75.86697,5.0545],[-75.86697,5.0545],[-75.86697,5.0545],[-75.86697,5.0545],[-75.86697,5.05451],[-75.86697,5.05451],[-75.86697,5.05451],[-75.86697,5.05451],[-75.86697,5.05452],[-75.86697,5.05452],[-75.86697,5.05452],[-75.86697,5.05452],[-75.86697,5.05453],[-75.86697,5.05453],[-75.86697,5.05453],[-75.86697,5.05453],[-75.86698,5.05453],[-75.86698,5.05453],[-75.86698,5.05454],[-75.86698,5.05454],[-75.86698,5.05454],[-75.86698,5.05455],[-75.86698,5.05455],[-75.86698,5.05455],[-75.86698,5.05455],[-75.86698,5.05455],[-75.86698,5.05455],[-75.86698,5.05456],[-75.86698,5.05456],[-75.86698,5.05456],[-75.86698,5.05456],[-75.86698,5.05457],[-75.86698,5.05457],[-75.86698,5.05457],[-75.86698,5.05458],[-75.86698,5.05458],[-75.86698,5.05458],[-75.86698,5.05458],[-75.86698,5.05459],[-75.86698,5.05459],[-75.86698,5.05459],[-75.86698,5.05459],[-75.86698,5.05459],[-75.86698,5.05459],[-75.86698,5.0546],[-75.86698,5.0546],[-75.86698,5.0546],[-75.86698,5.0546],[-75.86698,5.0546],[-75.86699,5.05462],[-75.86699,5.05462],[-75.86699,5.05462],[-75.86699,5.05463],[-75.86699,5.05463],[-75.86699,5.05463],[-75.867,5.05463],[-75.867,5.05463],[-75.867,5.05463],[-75.867,5.05464],[-75.867,5.05464],[-75.867,5.05464],[-75.867,5.05464],[-75.867,5.05464],[-75.867,5.05465],[-75.867,5.05465],[-75.867,5.05465],[-75.867,5.05465],[-75.867,5.05465],[-75.86701,5.05465],[-75.86701,5.05466],[-75.86701,5.05466],[-75.86701,5.05466],[-75.86701,5.05466],[-75.86701,5.05466],[-75.86701,5.05467],[-75.86701,5.05467],[-75.86702,5.05467],[-75.86702,5.05467],[-75.86702,5.05467],[-75.86702,5.05467],[-75.86702,5.05468],[-75.86702,5.05468],[-75.86702,5.05468],[-75.86702,5.05468],[-75.86702,5.05468],[-75.86702,5.05468],[-75.86703,5.05468],[-75.86703,5.05469],[-75.86703,5.05469],[-75.86703,5.05469],[-75.86703,5.05469],[-75.86703,5.05469],[-75.86703,5.05469],[-75.86703,5.05469],[-75.86703,5.0547],[-75.86703,5.0547],[-75.86703,5.0547],[-75.86703,5.0547],[-75.86704,5.0547],[-75.86704,5.0547],[-75.86704,5.0547],[-75.86704,5.0547],[-75.86704,5.0547],[-75.86704,5.0547],[-75.86704,5.05471],[-75.86704,5.05471],[-75.86704,5.05471],[-75.86704,5.05471],[-75.86704,5.05471],[-75.86704,5.05472],[-75.86704,5.05472],[-75.86704,5.05472],[-75.86704,5.05472],[-75.86704,5.05472],[-75.86705,5.05472],[-75.86705,5.05472],[-75.86705,5.05473],[-75.86705,5.05473],[-75.86705,5.05473],[-75.86705,5.05473],[-75.86705,5.05473],[-75.86705,5.05473],[-75.86705,5.05473],[-75.86705,5.05474],[-75.86705,5.05474],[-75.86706,5.05474],[-75.86706,5.05474],[-75.86706,5.05475],[-75.86706,5.05475],[-75.86706,5.05475],[-75.86706,5.05475],[-75.86706,5.05476],[-75.86706,5.05476],[-75.86706,5.05476],[-75.86706,5.05476],[-75.86706,5.05476],[-75.86706,5.05476],[-75.86706,5.05476],[-75.86706,5.05476],[-75.86706,5.05476],[-75.86706,5.05477],[-75.86707,5.05477],[-75.86707,5.05477],[-75.86707,5.05477],[-75.86707,5.05477],[-75.86707,5.05477],[-75.86707,5.05478],[-75.86707,5.05478],[-75.86707,5.05478],[-75.86708,5.05478],[-75.86708,5.05478],[-75.86708,5.05478],[-75.86708,5.05478],[-75.86708,5.05478],[-75.86708,5.05478],[-75.86708,5.05479],[-75.86709,5.05479],[-75.86709,5.05479],[-75.86709,5.05479],[-75.86709,5.05479],[-75.86709,5.05479],[-75.86709,5.05479],[-75.86709,5.05479],[-75.86709,5.05479],[-75.86709,5.05479],[-75.8671,5.05479],[-75.8671,5.05479],[-75.8671,5.05479],[-75.8671,5.05479],[-75.8671,5.0548],[-75.8671,5.0548],[-75.8671,5.0548],[-75.8671,5.0548],[-75.8671,5.0548],[-75.86711,5.0548],[-75.86711,5.0548],[-75.86711,5.0548],[-75.86711,5.05481],[-75.86711,5.05481],[-75.86711,5.05481],[-75.86711,5.05481],[-75.86711,5.05481],[-75.86711,5.05481],[-75.86711,5.05481],[-75.86711,5.05482],[-75.86711,5.05482],[-75.86711,5.05482],[-75.86712,5.05482],[-75.86712,5.05482],[-75.86712,5.05482],[-75.86712,5.05482],[-75.86712,5.05482],[-75.86712,5.05483],[-75.86712,5.05483],[-75.86712,5.05483],[-75.86712,5.05483],[-75.86713,5.05483],[-75.86713,5.05483],[-75.86713,5.05483],[-75.86713,5.05483],[-75.86713,5.05483],[-75.86713,5.05483],[-75.86713,5.05484],[-75.86713,5.05484],[-75.86713,5.05484],[-75.86713,5.05484],[-75.86713,5.05484],[-75.86714,5.05484],[-75.86714,5.05484],[-75.86714,5.05484],[-75.86714,5.05484],[-75.86714,5.05485],[-75.86714,5.05485],[-75.86714,5.05485],[-75.86714,5.05485],[-75.86715,5.05485],[-75.86715,5.05485],[-75.86715,5.05485],[-75.86715,5.05485],[-75.86715,5.05485],[-75.86715,5.05485],[-75.86715,5.05485],[-75.86716,5.05485],[-75.86716,5.05485],[-75.86716,5.05485],[-75.86716,5.05485],[-75.86716,5.05485],[-75.86716,5.05485],[-75.86716,5.05486],[-75.86716,5.05486],[-75.86716,5.05486],[-75.86716,5.05486],[-75.86717,5.05486],[-75.86717,5.05486],[-75.86717,5.05486],[-75.86717,5.05486],[-75.86717,5.05487],[-75.86718,5.05487],[-75.86718,5.05487],[-75.86718,5.05487],[-75.86718,5.05487],[-75.86718,5.05487],[-75.86718,5.05487],[-75.86718,5.05487],[-75.86718,5.05487],[-75.86718,5.05487],[-75.86719,5.05487],[-75.86719,5.05487],[-75.86719,5.05487],[-75.86719,5.05487],[-75.86719,5.05488],[-75.86719,5.05488],[-75.8672,5.05488],[-75.8672,5.05488],[-75.8672,5.05488],[-75.86721,5.05488],[-75.86721,5.05488],[-75.86721,5.05488],[-75.86721,5.05488],[-75.86721,5.05488],[-75.86721,5.05489],[-75.86721,5.05489],[-75.86721,5.05489],[-75.86721,5.05489],[-75.86722,5.05489],[-75.86722,5.05489],[-75.86722,5.05489],[-75.86722,5.05489],[-75.86722,5.05489],[-75.86722,5.05489],[-75.86722,5.05489],[-75.86722,5.05489],[-75.86723,5.05489],[-75.86723,5.0549],[-75.86724,5.0549],[-75.86724,5.0549],[-75.86724,5.0549],[-75.86724,5.0549],[-75.86724,5.0549],[-75.86724,5.0549],[-75.86724,5.0549],[-75.86724,5.0549],[-75.86725,5.05491],[-75.86725,5.05491],[-75.86725,5.05491],[-75.86725,5.05491],[-75.86725,5.05491],[-75.86725,5.05491],[-75.86725,5.05491],[-75.86725,5.05491],[-75.86726,5.05491],[-75.86726,5.05491],[-75.86726,5.05491],[-75.86726,5.05492],[-75.86726,5.05492],[-75.86726,5.05492],[-75.86726,5.05492],[-75.86727,5.05492],[-75.86727,5.05492],[-75.86727,5.05492],[-75.86727,5.05492],[-75.86727,5.05492],[-75.86727,5.05492],[-75.86728,5.05492],[-75.86728,5.05492],[-75.86728,5.05492],[-75.86728,5.05493],[-75.86728,5.05493],[-75.86729,5.05493],[-75.8673,5.05493],[-75.8673,5.05493],[-75.8673,5.05493],[-75.8673,5.05493],[-75.8673,5.05493],[-75.8673,5.05493],[-75.8673,5.05494],[-75.86731,5.05494],[-75.86731,5.05494],[-75.86732,5.05494],[-75.86734,5.05494],[-75.86735,5.05495],[-75.86735,5.05495],[-75.86736,5.05495],[-75.86736,5.05495],[-75.86736,5.05496],[-75.86737,5.05496],[-75.86738,5.05497],[-75.86739,5.05497],[-75.86739,5.05497],[-75.86739,5.05497],[-75.8674,5.05497],[-75.86742,5.05498],[-75.86743,5.05499],[-75.86744,5.055],[-75.86745,5.05501],[-75.86747,5.05503],[-75.86748,5.05504],[-75.86749,5.05505],[-75.8675,5.05506],[-75.86751,5.05506],[-75.86753,5.05506],[-75.86754,5.05507],[-75.86755,5.05507],[-75.86755,5.05508],[-75.86756,5.05508],[-75.86757,5.05509],[-75.86758,5.05509],[-75.8676,5.05511],[-75.8676,5.05511],[-75.8676,5.05512],[-75.86761,5.05512],[-75.86762,5.05513],[-75.86763,5.05513],[-75.86764,5.05513],[-75.86764,5.05514],[-75.86765,5.05514],[-75.86766,5.05515],[-75.86766,5.05516],[-75.86767,5.05517],[-75.86768,5.05517],[-75.86769,5.05518],[-75.8677,5.05518],[-75.86771,5.05519],[-75.86772,5.0552],[-75.86773,5.0552],[-75.86774,5.0552],[-75.86775,5.05521],[-75.86776,5.05521],[-75.86777,5.05522],[-75.86778,5.05522],[-75.8678,5.05523],[-75.86781,5.05523],[-75.86782,5.05523],[-75.86783,5.05523],[-75.86784,5.05524],[-75.86785,5.05524],[-75.86787,5.05525],[-75.86788,5.05525],[-75.86789,5.05525],[-75.8679,5.05525],[-75.8679,5.05525],[-75.86791,5.05525],[-75.86791,5.05525],[-75.86792,5.05525],[-75.86794,5.05526],[-75.86794,5.05526],[-75.86795,5.05526],[-75.86796,5.05526],[-75.86796,5.05526],[-75.86796,5.05526],[-75.86797,5.05526],[-75.86798,5.05527],[-75.86799,5.05527],[-75.868,5.05527],[-75.86801,5.05527],[-75.86802,5.05527],[-75.86803,5.05527],[-75.86803,5.05527],[-75.86804,5.05527],[-75.86805,5.05527],[-75.86807,5.05527],[-75.86808,5.05528],[-75.86808,5.05528],[-75.86809,5.05528],[-75.8681,5.05528],[-75.86811,5.05528],[-75.86813,5.05528],[-75.86813,5.05528],[-75.8681,5.05524],[-75.86809,5.05524],[-75.86806,5.05524],[-75.86803,5.05524],[-75.86799,5.05524],[-75.86792,5.05522],[-75.86787,5.05521],[-75.86784,5.0552],[-75.86781,5.05519],[-75.86779,5.05518],[-75.86775,5.05517],[-75.86771,5.05515],[-75.86769,5.05513],[-75.86766,5.05511],[-75.8676,5.05506],[-75.86755,5.05502],[-75.86752,5.055],[-75.86751,5.05499],[-75.86749,5.05498],[-75.86748,5.05498],[-75.86747,5.05497],[-75.86744,5.05496],[-75.86742,5.05494],[-75.86741,5.05494],[-75.86739,5.05493],[-75.86738,5.05492],[-75.86736,5.05491],[-75.86736,5.05491],[-75.86731,5.05489],[-75.86727,5.05487],[-75.86718,5.05482],[-75.86713,5.05479],[-75.8671,5.05476],[-75.86708,5.05472],[-75.86706,5.05468],[-75.86705,5.05464],[-75.86704,5.05462],[-75.86702,5.0546],[-75.86702,5.05459],[-75.86701,5.05459],[-75.86701,5.05459],[-75.86701,5.05459],[-75.86701,5.05458],[-75.86701,5.05458],[-75.867,5.05457],[-75.867,5.05456],[-75.867,5.05456],[-75.867,5.05455],[-75.867,5.05454],[-75.867,5.05454],[-75.867,5.05454],[-75.867,5.05452],[-75.867,5.05452],[-75.867,5.05451],[-75.867,5.05451],[-75.867,5.0545],[-75.867,5.0545],[-75.867,5.05449],[-75.867,5.05449],[-75.867,5.05449],[-75.86701,5.05448],[-75.86701,5.05447],[-75.86701,5.05447],[-75.86701,5.05446],[-75.86701,5.05446],[-75.86701,5.05445],[-75.86702,5.05445],[-75.86702,5.05444],[-75.86702,5.05443],[-75.86702,5.05443],[-75.86702,5.05443],[-75.86703,5.05442],[-75.86703,5.05442],[-75.86703,5.05442],[-75.86703,5.05442],[-75.86703,5.05442],[-75.86703,5.05441],[-75.86703,5.05441],[-75.86703,5.0544],[-75.86704,5.05439],[-75.86705,5.05438],[-75.86705,5.05438],[-75.86706,5.05438],[-75.86706,5.05438],[-75.86707,5.05438],[-75.86707,5.05437],[-75.86707,5.05437],[-75.86708,5.05437],[-75.8671,5.05436],[-75.8671,5.05436],[-75.86711,5.05435],[-75.86712,5.05435],[-75.86712,5.05435],[-75.86713,5.05435],[-75.86713,5.05434],[-75.86714,5.05434],[-75.86715,5.05433],[-75.86716,5.05433],[-75.86716,5.05434],[-75.86717,5.05434],[-75.86717,5.05433],[-75.86717,5.05433],[-75.86718,5.05433],[-75.86719,5.05433],[-75.86719,5.05433],[-75.8672,5.05433],[-75.8672,5.05433],[-75.86721,5.05433],[-75.86722,5.05433],[-75.86722,5.05433],[-75.86723,5.05433],[-75.86723,5.05433],[-75.86724,5.05433],[-75.86724,5.05433],[-75.86724,5.05433],[-75.86725,5.05433],[-75.86726,5.05433],[-75.86726,5.05432],[-75.86727,5.05432],[-75.86728,5.05432],[-75.86729,5.05431],[-75.86729,5.05431],[-75.86729,5.05431],[-75.8673,5.05431],[-75.8673,5.0543],[-75.8673,5.0543],[-75.8673,5.0543],[-75.8673,5.0543],[-75.8673,5.0543],[-75.86731,5.05431],[-75.86733,5.0543],[-75.86733,5.0543],[-75.86733,5.0543],[-75.86734,5.0543],[-75.86735,5.0543],[-75.86735,5.0543],[-75.86735,5.0543],[-75.86736,5.0543],[-75.86736,5.0543],[-75.86736,5.0543],[-75.86737,5.05431],[-75.86737,5.05431],[-75.86738,5.05431],[-75.86738,5.05431],[-75.86739,5.05431],[-75.8674,5.05431],[-75.8674,5.05431],[-75.86741,5.05431],[-75.86741,5.05431],[-75.86742,5.05431],[-75.86742,5.05431],[-75.86742,5.05432],[-75.86743,5.05432],[-75.86743,5.05432],[-75.86744,5.05433],[-75.86744,5.05433],[-75.86744,5.05433],[-75.86745,5.05434],[-75.86745,5.05434],[-75.86745,5.05434],[-75.86746,5.05435],[-75.86746,5.05435],[-75.86747,5.05436],[-75.86747,5.05436],[-75.86747,5.05436],[-75.86747,5.05436],[-75.86747,5.05436],[-75.86747,5.05436],[-75.86748,5.05436],[-75.86748,5.05437],[-75.86748,5.05437],[-75.86748,5.05437],[-75.86748,5.05437],[-75.86748,5.05437],[-75.86749,5.05437],[-75.86749,5.05437],[-75.86749,5.05437],[-75.86749,5.05437],[-75.86749,5.05437],[-75.8675,5.05437],[-75.8675,5.05437],[-75.8675,5.05437],[-75.8675,5.05437],[-75.8675,5.05437],[-75.86751,5.05437],[-75.86751,5.05437],[-75.86751,5.05437],[-75.86751,5.05437],[-75.86752,5.05437],[-75.86752,5.05437],[-75.86752,5.05437],[-75.86752,5.05437],[-75.86753,5.05437],[-75.86753,5.05437],[-75.86753,5.05437],[-75.86753,5.05437],[-75.86754,5.05437],[-75.86754,5.05437],[-75.86755,5.05436],[-75.86755,5.05436],[-75.86755,5.05436],[-75.86755,5.05436],[-75.86755,5.05436],[-75.86755,5.05436],[-75.86755,5.05436],[-75.86755,5.05436],[-75.86755,5.05435],[-75.86756,5.05435],[-75.86756,5.05435],[-75.86756,5.05435],[-75.86756,5.05435],[-75.86756,5.05434],[-75.86757,5.05434],[-75.86757,5.05434],[-75.86757,5.05433],[-75.86758,5.05433],[-75.86758,5.05433],[-75.86758,5.05433],[-75.86758,5.05432],[-75.86759,5.05432],[-75.86759,5.05432],[-75.8676,5.05431],[-75.8676,5.05431],[-75.8676,5.05431],[-75.8676,5.05431],[-75.86761,5.0543],[-75.86761,5.0543],[-75.86761,5.0543],[-75.86761,5.0543],[-75.86761,5.05429],[-75.86761,5.05429],[-75.86761,5.05429],[-75.86761,5.05429],[-75.86761,5.05428],[-75.86761,5.05428],[-75.86762,5.05428],[-75.86762,5.05428],[-75.86762,5.05428],[-75.86762,5.05427],[-75.86762,5.05427],[-75.86762,5.05427],[-75.86762,5.05426],[-75.86762,5.05426],[-75.86762,5.05424],[-75.86762,5.05423],[-75.86762,5.05423],[-75.86762,5.05423],[-75.86762,5.05422],[-75.86762,5.05422],[-75.86762,5.05422],[-75.86762,5.05421],[-75.86762,5.05421],[-75.86762,5.05421],[-75.86762,5.0542],[-75.86762,5.0542],[-75.86761,5.0542],[-75.86761,5.0542],[-75.86761,5.0542],[-75.86761,5.05419],[-75.86761,5.05419],[-75.86761,5.05418],[-75.86761,5.05416],[-75.86761,5.05415],[-75.8676,5.05414],[-75.86759,5.0541],[-75.86757,5.05405],[-75.86757,5.05404],[-75.86756,5.05403],[-75.86756,5.05403],[-75.86756,5.05403],[-75.86756,5.05403],[-75.86756,5.05402],[-75.86756,5.05402],[-75.86756,5.05402],[-75.86756,5.05402],[-75.86756,5.05402],[-75.86755,5.05402],[-75.86755,5.05401],[-75.86755,5.05401],[-75.86754,5.05401],[-75.86754,5.05401],[-75.86754,5.054],[-75.86753,5.054],[-75.86753,5.054],[-75.86753,5.054],[-75.86752,5.05399],[-75.86752,5.05399],[-75.86752,5.05399],[-75.86751,5.05399],[-75.86751,5.05399],[-75.86751,5.05398],[-75.86751,5.05398],[-75.8675,5.05398],[-75.8675,5.05398],[-75.86749,5.05397],[-75.86749,5.05397],[-75.86748,5.05397],[-75.86748,5.05397],[-75.86747,5.05396],[-75.86747,5.05396],[-75.86746,5.05395],[-75.86745,5.05395],[-75.86745,5.05395],[-75.86745,5.05395],[-75.86744,5.05394],[-75.86743,5.05393],[-75.86742,5.05393],[-75.86742,5.05393],[-75.86741,5.05393],[-75.86741,5.05392],[-75.86741,5.05392],[-75.8674,5.05392],[-75.86739,5.05391],[-75.86738,5.05391],[-75.86738,5.05391],[-75.86737,5.05391],[-75.86737,5.0539],[-75.86736,5.0539],[-75.86735,5.05389],[-75.86735,5.05389],[-75.86735,5.05389],[-75.86734,5.05389],[-75.86734,5.05388],[-75.86733,5.05388],[-75.86733,5.05388],[-75.86733,5.05388],[-75.86733,5.05388],[-75.86732,5.05387],[-75.86732,5.05387],[-75.86732,5.05387],[-75.86732,5.05387],[-75.86731,5.05387],[-75.86731,5.05387],[-75.86731,5.05387],[-75.86731,5.05387],[-75.8673,5.05386],[-75.86729,5.05385],[-75.86729,5.05384],[-75.86718,5.05376],[-75.8671,5.05368],[-75.86701,5.05357],[-75.86698,5.05358],[-75.86695,5.05358],[-75.86688,5.05355],[-75.86684,5.05349],[-75.86684,5.05337],[-75.86689,5.05313],[-75.86692,5.05295],[-75.86692,5.05285],[-75.86694,5.0527],[-75.86696,5.05257],[-75.86699,5.05242],[-75.86701,5.05224],[-75.86706,5.05212],[-75.86711,5.05202],[-75.86717,5.05191],[-75.86723,5.05182],[-75.86742,5.0517],[-75.8676,5.05159],[-75.8678,5.05154],[-75.8679,5.05151],[-75.868,5.0515],[-75.86816,5.05149],[-75.86798,5.0514],[-75.86768,5.05129],[-75.86745,5.0512],[-75.86745,5.0512],[-75.86738,5.05117],[-75.86731,5.05115],[-75.86709,5.05106],[-75.86677,5.05094],[-75.86656,5.05088],[-75.86647,5.05089],[-75.8664,5.05088],[-75.86628,5.0508],[-75.8661,5.05075],[-75.86596,5.05072],[-75.86587,5.05075],[-75.86594,5.05061],[-75.86594,5.05059],[-75.866,5.05052],[-75.86608,5.05036],[-75.86612,5.05027],[-75.86616,5.05015],[-75.86617,5.04995],[-75.86616,5.04991],[-75.86623,5.04989],[-75.86627,5.04988],[-75.86642,5.04974],[-75.86648,5.04966],[-75.86655,5.04957],[-75.86665,5.04942],[-75.86668,5.04935],[-75.86672,5.04924],[-75.86673,5.04914],[-75.86673,5.0491],[-75.86673,5.04896],[-75.86678,5.04887],[-75.86679,5.0488],[-75.8668,5.0487],[-75.86678,5.04853],[-75.86685,5.04838],[-75.86704,5.04814],[-75.86712,5.04808],[-75.86744,5.04816],[-75.8671,5.04798],[-75.86699,5.0479],[-75.86687,5.04782],[-75.86568,5.04699],[-75.86567,5.04697],[-75.86566,5.04696],[-75.86565,5.04694],[-75.86564,5.04693],[-75.86563,5.04691],[-75.86561,5.0469],[-75.8656,5.04689],[-75.86558,5.04688],[-75.86557,5.04687],[-75.86554,5.04686],[-75.86554,5.04685],[-75.86553,5.04685],[-75.86516,5.04666],[-75.86516,5.04666],[-75.86514,5.04665],[-75.86513,5.04665],[-75.86511,5.04664],[-75.86509,5.04664],[-75.86508,5.04664],[-75.86506,5.04663],[-75.86504,5.04663],[-75.86502,5.04663],[-75.86501,5.04664],[-75.86499,5.04664],[-75.86498,5.04664],[-75.86496,5.04665],[-75.86496,5.04665],[-75.86495,5.04665],[-75.86488,5.04667],[-75.86487,5.04667],[-75.86486,5.04668],[-75.86474,5.04672],[-75.86473,5.04672],[-75.86463,5.04676],[-75.86456,5.04678],[-75.86455,5.04678],[-75.86454,5.04679],[-75.86449,5.04681],[-75.86448,5.04681],[-75.86448,5.04681],[-75.86446,5.04681],[-75.86444,5.04681],[-75.86443,5.04682],[-75.86435,5.04685],[-75.86435,5.04685],[-75.86433,5.04685],[-75.86424,5.04689],[-75.86424,5.04689],[-75.86423,5.0469],[-75.86419,5.04691],[-75.86418,5.04692],[-75.86417,5.04693],[-75.86415,5.04694],[-75.86412,5.04696],[-75.86409,5.04697],[-75.86408,5.04698],[-75.86403,5.047],[-75.86402,5.04701],[-75.86399,5.04703],[-75.86398,5.04703],[-75.86397,5.04704],[-75.86395,5.04705],[-75.86395,5.04705],[-75.86391,5.04708],[-75.86391,5.04709],[-75.86384,5.04714],[-75.86384,5.04715],[-75.86383,5.04715],[-75.8638,5.04718],[-75.86375,5.04722],[-75.86371,5.04725],[-75.8637,5.04726],[-75.86369,5.04727],[-75.86364,5.04732],[-75.86361,5.04734],[-75.86357,5.04738],[-75.86356,5.04738],[-75.86355,5.04739],[-75.86353,5.0474],[-75.86352,5.04741],[-75.86349,5.04745],[-75.86349,5.04745],[-75.86348,5.04747],[-75.86347,5.04748],[-75.86346,5.0475],[-75.86345,5.04751],[-75.86344,5.04753],[-75.86343,5.04756],[-75.86343,5.04757],[-75.86342,5.04758],[-75.86341,5.0476],[-75.86341,5.04761],[-75.8634,5.04766],[-75.8634,5.04767],[-75.8634,5.04768],[-75.8634,5.0477],[-75.8634,5.04772],[-75.8634,5.04773],[-75.8634,5.04781],[-75.8634,5.04782],[-75.8634,5.04785],[-75.8634,5.04786],[-75.8634,5.04787],[-75.8634,5.04788],[-75.86341,5.04793],[-75.86341,5.04795],[-75.86341,5.04795],[-75.86342,5.04799],[-75.86343,5.048],[-75.86343,5.04802],[-75.86343,5.04803],[-75.86345,5.04807],[-75.86346,5.04808],[-75.86346,5.0481],[-75.86347,5.0481],[-75.86348,5.04814],[-75.86349,5.04815],[-75.8635,5.04817],[-75.8635,5.04817],[-75.86353,5.04821],[-75.86356,5.04825],[-75.86356,5.04825],[-75.86357,5.04827],[-75.86358,5.04828],[-75.86358,5.04828],[-75.86361,5.04831],[-75.86368,5.0484],[-75.86374,5.04848],[-75.86355,5.04862],[-75.86354,5.04863],[-75.86368,5.04865],[-75.86368,5.04865],[-75.8638,5.04867],[-75.86366,5.04879],[-75.86356,5.04886],[-75.86328,5.04907],[-75.86328,5.04907],[-75.86328,5.04909],[-75.86328,5.04911],[-75.86328,5.04912],[-75.86327,5.04912],[-75.86327,5.04914],[-75.86326,5.04916],[-75.86326,5.04917],[-75.86326,5.04919],[-75.86326,5.04921],[-75.86326,5.04921],[-75.86326,5.04921],[-75.86326,5.04921],[-75.86325,5.04922],[-75.86325,5.04923],[-75.86325,5.04923],[-75.86324,5.04925],[-75.86324,5.04927],[-75.86324,5.04929],[-75.86324,5.0493],[-75.86324,5.04932],[-75.86324,5.04934],[-75.86324,5.04934],[-75.86324,5.04936],[-75.86325,5.04937],[-75.86325,5.04938],[-75.86325,5.04941],[-75.86326,5.04942],[-75.86326,5.04943],[-75.86326,5.04944],[-75.86326,5.04945],[-75.86326,5.04947],[-75.86326,5.04948],[-75.86326,5.04949],[-75.86326,5.0495],[-75.86326,5.04951],[-75.86326,5.04953],[-75.86326,5.04954],[-75.86326,5.04956],[-75.86326,5.04957],[-75.86325,5.04962],[-75.86325,5.04965],[-75.86322,5.04975],[-75.86316,5.0499],[-75.86313,5.04997],[-75.86312,5.05],[-75.8631,5.05004],[-75.86309,5.05006],[-75.86308,5.05007],[-75.86308,5.05008],[-75.86304,5.05022],[-75.86304,5.05023],[-75.86303,5.05024],[-75.86303,5.05024],[-75.863,5.05026],[-75.86299,5.05027],[-75.86298,5.05027],[-75.86296,5.05029],[-75.86295,5.0503],[-75.86294,5.05031],[-75.86289,5.05035],[-75.86289,5.05036],[-75.86283,5.05042],[-75.86283,5.05043],[-75.86282,5.05044],[-75.8628,5.05045],[-75.8628,5.05047],[-75.86279,5.05048],[-75.86279,5.05049],[-75.86276,5.05054],[-75.86275,5.05057],[-75.86274,5.05058],[-75.86274,5.0506],[-75.86273,5.05061],[-75.86273,5.05063],[-75.86272,5.05065],[-75.86272,5.05067],[-75.86272,5.05067],[-75.86272,5.05072],[-75.86272,5.05077],[-75.86272,5.05078],[-75.86271,5.05078],[-75.86264,5.05087],[-75.86256,5.05096],[-75.86256,5.05096],[-75.86255,5.05097],[-75.86254,5.05099],[-75.86253,5.051],[-75.86253,5.05101],[-75.8625,5.05105],[-75.86247,5.05108],[-75.86245,5.05109],[-75.86245,5.05109],[-75.86245,5.05109],[-75.86244,5.0511],[-75.86243,5.0511],[-75.86239,5.05113],[-75.86238,5.05113],[-75.86237,5.05114],[-75.86235,5.05115],[-75.86234,5.05115],[-75.86233,5.05116],[-75.86232,5.05116],[-75.86232,5.05116],[-75.8623,5.05116],[-75.86228,5.05117],[-75.86227,5.05118],[-75.86225,5.05119],[-75.86224,5.05119],[-75.86224,5.05119],[-75.86222,5.0512],[-75.86221,5.05121],[-75.86221,5.05121],[-75.86221,5.05121],[-75.8622,5.05122],[-75.86219,5.05122],[-75.86219,5.05122],[-75.86217,5.05123],[-75.86217,5.05125],[-75.86217,5.05131],[-75.86215,5.05137],[-75.86213,5.05142],[-75.86206,5.05145],[-75.86202,5.05147],[-75.86195,5.05149],[-75.86187,5.05151],[-75.86177,5.05154],[-75.86164,5.0516],[-75.86152,5.05164],[-75.86142,5.05168],[-75.86134,5.05171],[-75.86128,5.05173],[-75.86121,5.05175],[-75.86109,5.05179],[-75.86099,5.05183],[-75.86096,5.05185],[-75.8609,5.05189],[-75.86086,5.05195],[-75.86081,5.05201],[-75.86075,5.05214],[-75.86074,5.05215],[-75.86073,5.05216],[-75.86072,5.05217],[-75.86071,5.05217],[-75.8607,5.05218],[-75.86067,5.05219],[-75.86067,5.05219],[-75.86066,5.05219],[-75.86064,5.05219],[-75.86063,5.0522],[-75.86062,5.05221],[-75.8606,5.05221],[-75.86059,5.05222],[-75.86058,5.05223],[-75.86057,5.05224],[-75.86056,5.05224],[-75.86056,5.05224],[-75.86055,5.05225],[-75.86053,5.05226],[-75.86052,5.05227],[-75.86051,5.05228],[-75.86042,5.05236],[-75.8604,5.05238],[-75.86039,5.05239],[-75.86039,5.05239],[-75.86038,5.0524],[-75.86038,5.0524],[-75.86038,5.05241],[-75.86037,5.05241],[-75.86037,5.05241],[-75.86037,5.05241],[-75.86037,5.05242],[-75.86036,5.05242],[-75.86035,5.05243],[-75.86035,5.05243],[-75.86035,5.05243],[-75.86034,5.05244],[-75.86034,5.05244],[-75.86034,5.05244],[-75.86034,5.05245],[-75.86034,5.05245],[-75.86034,5.05245],[-75.86033,5.05247],[-75.86033,5.05247],[-75.86031,5.05249],[-75.86031,5.0525],[-75.8603,5.05252],[-75.86028,5.05254],[-75.86027,5.05256],[-75.86026,5.05257],[-75.86025,5.05259],[-75.86025,5.0526],[-75.86024,5.05261],[-75.86023,5.05262],[-75.86022,5.05263],[-75.86021,5.05265],[-75.86021,5.05266],[-75.86021,5.05266],[-75.8602,5.05267],[-75.8602,5.05269],[-75.86019,5.05271],[-75.86019,5.05272],[-75.86018,5.05273],[-75.86018,5.05274],[-75.86017,5.05276],[-75.86016,5.05279],[-75.86016,5.0528],[-75.86016,5.05282],[-75.86015,5.05283],[-75.86014,5.05284],[-75.86014,5.05285],[-75.86013,5.05286],[-75.86013,5.05287],[-75.86012,5.05289],[-75.86011,5.05291],[-75.86011,5.05292],[-75.86011,5.05294],[-75.86011,5.05295],[-75.8601,5.05297],[-75.8601,5.05299],[-75.86008,5.05304],[-75.86008,5.05305],[-75.86008,5.05307],[-75.86007,5.05312],[-75.86007,5.05312],[-75.86007,5.05314],[-75.86006,5.05316],[-75.86006,5.05318],[-75.86006,5.05321],[-75.86006,5.05323],[-75.86005,5.05324],[-75.86006,5.05326],[-75.86006,5.05327],[-75.86006,5.0533],[-75.86006,5.0533],[-75.86005,5.05332],[-75.86005,5.05334],[-75.86005,5.05336],[-75.86005,5.05337],[-75.86005,5.05339],[-75.86005,5.0534],[-75.86004,5.05343],[-75.86004,5.05344],[-75.86005,5.05346],[-75.86005,5.05348],[-75.86004,5.05349],[-75.86004,5.0535],[-75.86004,5.05351],[-75.86004,5.05352],[-75.86004,5.05358],[-75.86004,5.05361],[-75.86005,5.05361],[-75.86005,5.05366],[-75.86005,5.0537],[-75.86005,5.05376],[-75.86006,5.05377],[-75.86006,5.05379],[-75.86006,5.05379],[-75.86007,5.05382],[-75.86008,5.05384],[-75.86008,5.05386],[-75.8601,5.05389],[-75.8601,5.05392],[-75.86012,5.05394],[-75.86012,5.05395],[-75.86011,5.05395],[-75.86004,5.05395],[-75.85985,5.05396],[-75.85979,5.05397],[-75.85975,5.05398],[-75.85942,5.05398],[-75.85938,5.05398],[-75.85939,5.054],[-75.8594,5.05415],[-75.85948,5.05463],[-75.85989,5.05468],[-75.85992,5.05469],[-75.86013,5.05473],[-75.86106,5.05492],[-75.86184,5.05505],[-75.86184,5.05512],[-75.86182,5.05569],[-75.86171,5.05568],[-75.86153,5.05566],[-75.86148,5.05611],[-75.86166,5.05613],[-75.86184,5.05615],[-75.86201,5.05617],[-75.8622,5.05618],[-75.86238,5.05621],[-75.86255,5.05623],[-75.86274,5.05625],[-75.86296,5.05627],[-75.86297,5.05631],[-75.86273,5.05628],[-75.86255,5.05626],[-75.86219,5.05622],[-75.86201,5.0562],[-75.86198,5.05655],[-75.86196,5.05666],[-75.86207,5.05668],[-75.86208,5.05668],[-75.86208,5.05668],[-75.8621,5.05671],[-75.8621,5.05671],[-75.8621,5.05672],[-75.86211,5.05672],[-75.86213,5.05676],[-75.86214,5.05676],[-75.86224,5.05677],[-75.86247,5.05679],[-75.86258,5.05681],[-75.86275,5.05682],[-75.8631,5.05686],[-75.86313,5.05687],[-75.86342,5.05692],[-75.86346,5.05696],[-75.86348,5.05703],[-75.86355,5.05714],[-75.8636,5.0572],[-75.86364,5.05729],[-75.8637,5.05742],[-75.86373,5.0575],[-75.86374,5.05764],[-75.86376,5.05782],[-75.86379,5.0582],[-75.86384,5.05832],[-75.86387,5.05839],[-75.8639,5.05848],[-75.86394,5.05862],[-75.86395,5.0587],[-75.86395,5.05876],[-75.86393,5.05898],[-75.86392,5.05909],[-75.8639,5.05934],[-75.86389,5.05937],[-75.86388,5.0594],[-75.86386,5.05943],[-75.86384,5.05945],[-75.86381,5.05946],[-75.86378,5.05946],[-75.86374,5.05946],[-75.86367,5.05946],[-75.8636,5.05945],[-75.86353,5.05944],[-75.86349,5.05945],[-75.86346,5.05945],[-75.86342,5.05945],[-75.86337,5.05946],[-75.86328,5.05947],[-75.86312,5.05953],[-75.8631,5.05954],[-75.86308,5.05956],[-75.86295,5.05963],[-75.86291,5.05967],[-75.86288,5.0597],[-75.86282,5.05976],[-75.86277,5.05981],[-75.86274,5.05985],[-75.86259,5.06003],[-75.86255,5.06008],[-75.86242,5.06029],[-75.86233,5.06059],[-75.86236,5.06059],[-75.86233,5.06071],[-75.86232,5.06079],[-75.8623,5.06093],[-75.86228,5.06106],[-75.86225,5.06126],[-75.86224,5.06137],[-75.86223,5.06148],[-75.86223,5.06153],[-75.86221,5.06163],[-75.8622,5.06173],[-75.86222,5.06174],[-75.86232,5.06177],[-75.86239,5.06182],[-75.86238,5.06187],[-75.86238,5.06192],[-75.86237,5.06197],[-75.86235,5.06206],[-75.86232,5.06219],[-75.86229,5.06226],[-75.86223,5.06246],[-75.86219,5.06254],[-75.86214,5.06265],[-75.86209,5.06275],[-75.86201,5.06285],[-75.86193,5.06296],[-75.86192,5.06297],[-75.86183,5.06312],[-75.86175,5.06325],[-75.86166,5.06342],[-75.86162,5.06366],[-75.86162,5.06367],[-75.86251,5.06367],[-75.86251,5.06367],[-75.86276,5.06367],[-75.86278,5.06367],[-75.8628,5.06367]],[[-75.86633,5.05385],[-75.86632,5.05386],[-75.86632,5.05386],[-75.86631,5.05386],[-75.86631,5.05387],[-75.86629,5.05386],[-75.86628,5.05386],[-75.86627,5.05385],[-75.86627,5.05384],[-75.86626,5.05382],[-75.86625,5.05381],[-75.86625,5.05379],[-75.86626,5.05379],[-75.86628,5.0538],[-75.86629,5.0538],[-75.86631,5.05381],[-75.86633,5.05381],[-75.86635,5.05381],[-75.86635,5.05381],[-75.86637,5.05381],[-75.86637,5.05382],[-75.86637,5.05384],[-75.86636,5.05384],[-75.86636,5.05384],[-75.86635,5.05384],[-75.86635,5.05384],[-75.86634,5.05385],[-75.86634,5.05385],[-75.86633,5.05385]]]},"properties":{"OBJECTID":12,"Zonificacion":"Preservación","Resolucion":"2025-1740","Municipio":"Viterbo","SHAPE_Length":8274.254780819958,"SHAPE_Area":661214.036785612}},{"type":"Feature","id":13,"geometry":{"type":"Polygon","coordinates":[[[-75.86677,5.05094],[-75.86709,5.05106],[-75.86731,5.05115],[-75.86738,5.05117],[-75.86745,5.0512],[-75.86745,5.0512],[-75.86768,5.05129],[-75.86798,5.0514],[-75.86816,5.05149],[-75.86823,5.05154],[-75.8683,5.05162],[-75.86846,5.05167],[-75.86849,5.05169],[-75.86848,5.05159],[-75.86844,5.05145],[-75.86842,5.05143],[-75.8684,5.05141],[-75.86832,5.05131],[-75.86819,5.05121],[-75.86818,5.0512],[-75.86817,5.0512],[-75.86807,5.05114],[-75.86777,5.05107],[-75.86769,5.05105],[-75.86768,5.05105],[-75.86764,5.05103],[-75.86761,5.05098],[-75.86762,5.0509],[-75.86764,5.05063],[-75.86762,5.0505],[-75.86759,5.05037],[-75.86754,5.05022],[-75.86747,5.05008],[-75.86741,5.04995],[-75.86737,5.04984],[-75.86736,5.04977],[-75.86742,5.04975],[-75.86763,5.0498],[-75.86795,5.04989],[-75.86801,5.04986],[-75.86805,5.04984],[-75.86805,5.04984],[-75.86672,5.04943],[-75.86679,5.04911],[-75.86682,5.04896],[-75.86684,5.0487],[-75.86682,5.04859],[-75.86683,5.04849],[-75.86704,5.04824],[-75.86721,5.04816],[-75.86755,5.04823],[-75.8676,5.04825],[-75.86744,5.04816],[-75.86712,5.04808],[-75.86704,5.04814],[-75.86685,5.04838],[-75.86678,5.04853],[-75.8668,5.0487],[-75.86679,5.0488],[-75.86678,5.04887],[-75.86673,5.04896],[-75.86673,5.0491],[-75.86673,5.04914],[-75.86672,5.04924],[-75.86668,5.04935],[-75.86665,5.04942],[-75.86655,5.04957],[-75.86648,5.04966],[-75.86642,5.04974],[-75.86627,5.04988],[-75.86623,5.04989],[-75.86616,5.04991],[-75.86617,5.04995],[-75.86616,5.05015],[-75.86612,5.05027],[-75.86608,5.05036],[-75.866,5.05052],[-75.86594,5.05059],[-75.86594,5.05061],[-75.86587,5.05075],[-75.86596,5.05072],[-75.8661,5.05075],[-75.86628,5.0508],[-75.8664,5.05088],[-75.86647,5.05089],[-75.86656,5.05088],[-75.86677,5.05094]]]},"properties":{"OBJECTID":13,"Zonificacion":"Restauración","Resolucion":"2025-1740","Municipio":"Viterbo","SHAPE_Length":1434.6977418200895,"SHAPE_Area":29308.44075934136}},{"type":"Feature","id":14,"geometry":{"type":"Polygon","coordinates":[[[-75.85938,5.05215],[-75.85936,5.05217],[-75.85936,5.05219],[-75.85937,5.0522],[-75.8594,5.05222],[-75.85944,5.05223],[-75.85949,5.05223],[-75.86025,5.05233],[-75.86028,5.05237],[-75.86028,5.05239],[-75.86028,5.05241],[-75.86028,5.05244],[-75.86027,5.05247],[-75.86025,5.05251],[-75.86023,5.05256],[-75.86021,5.0526],[-75.86019,5.05266],[-75.86011,5.05282],[-75.86008,5.05286],[-75.86007,5.05291],[-75.86004,5.05296],[-75.86003,5.05299],[-75.86002,5.05304],[-75.86001,5.05312],[-75.86,5.05315],[-75.86,5.0532],[-75.85999,5.05324],[-75.85997,5.05334],[-75.85996,5.05339],[-75.85994,5.05343],[-75.85994,5.05349],[-75.85993,5.05351],[-75.85993,5.05354],[-75.85993,5.05359],[-75.85992,5.05363],[-75.85992,5.05366],[-75.85991,5.0537],[-75.8599,5.05373],[-75.85989,5.05377],[-75.85988,5.0538],[-75.85987,5.05383],[-75.85987,5.05386],[-75.85986,5.0539],[-75.85985,5.05396],[-75.86004,5.05395],[-75.86011,5.05395],[-75.86012,5.05395],[-75.86012,5.05394],[-75.8601,5.05392],[-75.8601,5.05389],[-75.86008,5.05386],[-75.86008,5.05384],[-75.86007,5.05382],[-75.86006,5.05379],[-75.86006,5.05379],[-75.86006,5.05377],[-75.86005,5.05376],[-75.86005,5.0537],[-75.86005,5.05366],[-75.86005,5.05361],[-75.86004,5.05361],[-75.86004,5.05358],[-75.86004,5.05352],[-75.86004,5.05351],[-75.86004,5.0535],[-75.86004,5.05349],[-75.86005,5.05348],[-75.86005,5.05346],[-75.86004,5.05344],[-75.86004,5.05343],[-75.86005,5.0534],[-75.86005,5.05339],[-75.86005,5.05337],[-75.86005,5.05336],[-75.86005,5.05334],[-75.86005,5.05332],[-75.86006,5.0533],[-75.86006,5.0533],[-75.86006,5.05327],[-75.86006,5.05326],[-75.86005,5.05324],[-75.86006,5.05323],[-75.86006,5.05321],[-75.86006,5.05318],[-75.86006,5.05316],[-75.86007,5.05314],[-75.86007,5.05312],[-75.86007,5.05312],[-75.86008,5.05307],[-75.86008,5.05305],[-75.86008,5.05304],[-75.8601,5.05299],[-75.8601,5.05297],[-75.86011,5.05295],[-75.86011,5.05294],[-75.86011,5.05292],[-75.86011,5.05291],[-75.86012,5.05289],[-75.86013,5.05287],[-75.86013,5.05286],[-75.86014,5.05285],[-75.86014,5.05284],[-75.86015,5.05283],[-75.86016,5.05282],[-75.86016,5.0528],[-75.86016,5.05279],[-75.86017,5.05276],[-75.86018,5.05274],[-75.86018,5.05273],[-75.86019,5.05272],[-75.86019,5.05271],[-75.8602,5.05269],[-75.8602,5.05267],[-75.86021,5.05266],[-75.86021,5.05266],[-75.86021,5.05265],[-75.86022,5.05263],[-75.86023,5.05262],[-75.86024,5.05261],[-75.86025,5.0526],[-75.86025,5.05259],[-75.86026,5.05257],[-75.86027,5.05256],[-75.86028,5.05254],[-75.8603,5.05252],[-75.86031,5.0525],[-75.86031,5.05249],[-75.86033,5.05247],[-75.86033,5.05247],[-75.86034,5.05245],[-75.86034,5.05245],[-75.86034,5.05245],[-75.86034,5.05244],[-75.86034,5.05244],[-75.86034,5.05244],[-75.86035,5.05243],[-75.86035,5.05243],[-75.86035,5.05243],[-75.86036,5.05242],[-75.86037,5.05242],[-75.86037,5.05241],[-75.86037,5.05241],[-75.86037,5.05241],[-75.86038,5.05241],[-75.86038,5.0524],[-75.86038,5.0524],[-75.86039,5.05239],[-75.86039,5.05239],[-75.8604,5.05238],[-75.86042,5.05236],[-75.86051,5.05228],[-75.86051,5.05228],[-75.85951,5.05216],[-75.85946,5.05216],[-75.85942,5.05215],[-75.8594,5.05215],[-75.85938,5.05215]]]},"properties":{"OBJECTID":14,"Zonificacion":"Restauración","Resolucion":"2025-1740","Municipio":"Viterbo","SHAPE_Length":653.3965666938773,"SHAPE_Area":2893.0377430047934}},{"type":"Feature","id":15,"geometry":{"type":"Polygon","coordinates":[[[-75.85826,5.05388],[-75.85835,5.05389],[-75.85862,5.05392],[-75.85873,5.05392],[-75.85875,5.05393],[-75.85882,5.05394],[-75.85896,5.05395],[-75.85934,5.05399],[-75.85938,5.05398],[-75.85942,5.05398],[-75.85975,5.05398],[-75.85979,5.05397],[-75.85912,5.05393],[-75.85823,5.05384],[-75.85826,5.05388]]]},"properties":{"OBJECTID":15,"Zonificacion":"Restauración","Resolucion":"2025-1740","Municipio":"Viterbo","SHAPE_Length":350.18144013358966,"SHAPE_Area":640.0715272169444}},{"type":"Feature","id":16,"geometry":{"type":"Polygon","coordinates":[[[-75.86255,5.05626],[-75.86273,5.05628],[-75.86297,5.05631],[-75.86296,5.05627],[-75.86274,5.05625],[-75.86255,5.05623],[-75.86238,5.05621],[-75.8622,5.05618],[-75.86201,5.05617],[-75.86184,5.05615],[-75.86166,5.05613],[-75.86148,5.05611],[-75.86131,5.05609],[-75.8613,5.05609],[-75.86112,5.05607],[-75.86095,5.05605],[-75.86076,5.05603],[-75.86057,5.05601],[-75.86039,5.05599],[-75.86005,5.05595],[-75.8599,5.05593],[-75.85987,5.0559],[-75.85992,5.05549],[-75.85992,5.05549],[-75.85993,5.05528],[-75.85982,5.05526],[-75.85975,5.05525],[-75.85957,5.05523],[-75.85933,5.0552],[-75.85916,5.05518],[-75.85916,5.05519],[-75.85916,5.05519],[-75.85916,5.0552],[-75.85915,5.0552],[-75.85915,5.05521],[-75.85915,5.05521],[-75.85915,5.05521],[-75.85915,5.05522],[-75.85914,5.05523],[-75.85914,5.05524],[-75.85914,5.05524],[-75.85918,5.05525],[-75.85968,5.05531],[-75.85973,5.05531],[-75.85981,5.05532],[-75.85986,5.05533],[-75.85987,5.05535],[-75.85988,5.05537],[-75.85981,5.05598],[-75.86005,5.05601],[-75.86023,5.05602],[-75.86058,5.05606],[-75.86076,5.05608],[-75.86113,5.05612],[-75.8613,5.05613],[-75.86138,5.05614],[-75.86148,5.05615],[-75.86166,5.05617],[-75.86183,5.05619],[-75.86201,5.0562],[-75.86219,5.05622],[-75.86255,5.05626]],[[-75.86256,5.05626],[-75.86256,5.05626],[-75.86255,5.05626],[-75.86255,5.05626],[-75.86256,5.05626]],[[-75.8622,5.05622],[-75.86219,5.05622],[-75.86219,5.05622],[-75.8622,5.05622],[-75.8622,5.05622]],[[-75.86184,5.05618],[-75.86184,5.05618],[-75.86184,5.05618],[-75.86184,5.05618],[-75.86184,5.05618],[-75.86184,5.05618]],[[-75.86158,5.05615],[-75.86158,5.05616],[-75.86157,5.05616],[-75.86157,5.05615],[-75.86158,5.05615]]]},"properties":{"OBJECTID":16,"Zonificacion":"Restauración","Resolucion":"2025-1740","Municipio":"Viterbo","SHAPE_Length":1026.1265716756573,"SHAPE_Area":2659.7048171795705}},{"type":"Feature","id":17,"geometry":{"type":"Polygon","coordinates":[[[-75.86674,5.05834],[-75.8668,5.05836],[-75.8668,5.05836],[-75.86694,5.05836],[-75.86701,5.05838],[-75.86705,5.05844],[-75.86706,5.05847],[-75.86706,5.05848],[-75.86706,5.05848],[-75.86707,5.05851],[-75.86709,5.0585],[-75.86708,5.05845],[-75.86705,5.05838],[-75.86708,5.05837],[-75.86714,5.05836],[-75.86727,5.05832],[-75.86741,5.05829],[-75.86756,5.05827],[-75.86767,5.05827],[-75.86772,5.05826],[-75.86781,5.05827],[-75.86791,5.05828],[-75.86801,5.05828],[-75.86807,5.05826],[-75.86808,5.05826],[-75.86813,5.05822],[-75.86815,5.05822],[-75.86821,5.0582],[-75.86828,5.05817],[-75.86837,5.05816],[-75.86843,5.05813],[-75.8685,5.05808],[-75.86856,5.05805],[-75.86861,5.05801],[-75.86865,5.05797],[-75.86869,5.05792],[-75.86872,5.05786],[-75.8688,5.0577],[-75.86883,5.05764],[-75.86887,5.05757],[-75.86893,5.05747],[-75.86899,5.05739],[-75.86906,5.05727],[-75.86911,5.05718],[-75.86912,5.05709],[-75.86915,5.05697],[-75.86917,5.05684],[-75.86917,5.05677],[-75.86914,5.05666],[-75.86912,5.05659],[-75.8691,5.05653],[-75.8691,5.0565],[-75.86906,5.05641],[-75.869,5.05632],[-75.86892,5.05623],[-75.86884,5.05618],[-75.86871,5.0561],[-75.86855,5.05601],[-75.86852,5.05599],[-75.86848,5.05595],[-75.86835,5.05577],[-75.86828,5.0557],[-75.86823,5.05564],[-75.86823,5.0556],[-75.86822,5.05557],[-75.8682,5.05552],[-75.86819,5.05548],[-75.86818,5.05545],[-75.86817,5.05542],[-75.86814,5.0553],[-75.86813,5.05528],[-75.86813,5.05528],[-75.86811,5.05528],[-75.8681,5.05528],[-75.86809,5.05528],[-75.86808,5.05528],[-75.86808,5.05528],[-75.86807,5.05527],[-75.86805,5.05527],[-75.86804,5.05527],[-75.86803,5.05527],[-75.86803,5.05527],[-75.86802,5.05527],[-75.86801,5.05527],[-75.868,5.05527],[-75.86799,5.05527],[-75.86798,5.05527],[-75.86797,5.05526],[-75.86796,5.05526],[-75.86796,5.05526],[-75.86796,5.05526],[-75.86795,5.05526],[-75.86794,5.05526],[-75.86794,5.05526],[-75.86792,5.05525],[-75.86791,5.05525],[-75.86791,5.05525],[-75.8679,5.05525],[-75.8679,5.05525],[-75.86789,5.05525],[-75.86788,5.05525],[-75.86787,5.05525],[-75.86785,5.05524],[-75.86784,5.05524],[-75.86783,5.05523],[-75.86782,5.05523],[-75.86781,5.05523],[-75.8678,5.05523],[-75.86778,5.05522],[-75.86777,5.05522],[-75.86776,5.05521],[-75.86775,5.05521],[-75.86774,5.0552],[-75.86773,5.0552],[-75.86772,5.0552],[-75.86771,5.05519],[-75.8677,5.05518],[-75.86769,5.05518],[-75.86768,5.05517],[-75.86767,5.05517],[-75.86766,5.05516],[-75.86766,5.05515],[-75.86765,5.05514],[-75.86764,5.05514],[-75.86764,5.05513],[-75.86763,5.05513],[-75.86762,5.05513],[-75.86761,5.05512],[-75.8676,5.05512],[-75.8676,5.05511],[-75.8676,5.05511],[-75.86758,5.05509],[-75.86757,5.05509],[-75.86756,5.05508],[-75.86755,5.05508],[-75.86755,5.05507],[-75.86754,5.05507],[-75.86753,5.05506],[-75.86751,5.05506],[-75.8675,5.05506],[-75.86749,5.05505],[-75.86748,5.05504],[-75.86747,5.05503],[-75.86745,5.05501],[-75.86744,5.055],[-75.86743,5.05499],[-75.86742,5.05498],[-75.8674,5.05497],[-75.86739,5.05497],[-75.86739,5.05497],[-75.86739,5.05497],[-75.86738,5.05497],[-75.86737,5.05496],[-75.86736,5.05496],[-75.86736,5.05495],[-75.86736,5.05495],[-75.86735,5.05495],[-75.86735,5.05495],[-75.86734,5.05494],[-75.86732,5.05494],[-75.86731,5.05494],[-75.86731,5.05494],[-75.8673,5.05494],[-75.8673,5.05493],[-75.8673,5.05493],[-75.8673,5.05493],[-75.8673,5.05493],[-75.8673,5.05493],[-75.8673,5.05493],[-75.86729,5.05493],[-75.86728,5.05493],[-75.86728,5.05493],[-75.86728,5.05492],[-75.86728,5.05492],[-75.86728,5.05492],[-75.86727,5.05492],[-75.86727,5.05492],[-75.86727,5.05492],[-75.86727,5.05492],[-75.86727,5.05492],[-75.86727,5.05492],[-75.86726,5.05492],[-75.86726,5.05492],[-75.86726,5.05492],[-75.86726,5.05492],[-75.86726,5.05491],[-75.86726,5.05491],[-75.86726,5.05491],[-75.86725,5.05491],[-75.86725,5.05491],[-75.86725,5.05491],[-75.86725,5.05491],[-75.86725,5.05491],[-75.86725,5.05491],[-75.86725,5.05491],[-75.86725,5.05491],[-75.86724,5.0549],[-75.86724,5.0549],[-75.86724,5.0549],[-75.86724,5.0549],[-75.86724,5.0549],[-75.86724,5.0549],[-75.86724,5.0549],[-75.86724,5.0549],[-75.86723,5.0549],[-75.86723,5.05489],[-75.86722,5.05489],[-75.86722,5.05489],[-75.86722,5.05489],[-75.86722,5.05489],[-75.86722,5.05489],[-75.86722,5.05489],[-75.86722,5.05489],[-75.86722,5.05489],[-75.86721,5.05489],[-75.86721,5.05489],[-75.86721,5.05489],[-75.86721,5.05489],[-75.86721,5.05488],[-75.86721,5.05488],[-75.86721,5.05488],[-75.86721,5.05488],[-75.86721,5.05488],[-75.8672,5.05488],[-75.8672,5.05488],[-75.8672,5.05488],[-75.86719,5.05488],[-75.86719,5.05488],[-75.86719,5.05487],[-75.86719,5.05487],[-75.86719,5.05487],[-75.86719,5.05487],[-75.86718,5.05487],[-75.86718,5.05487],[-75.86718,5.05487],[-75.86718,5.05487],[-75.86718,5.05487],[-75.86718,5.05487],[-75.86718,5.05487],[-75.86718,5.05487],[-75.86718,5.05487],[-75.86717,5.05487],[-75.86717,5.05486],[-75.86717,5.05486],[-75.86717,5.05486],[-75.86717,5.05486],[-75.86716,5.05486],[-75.86716,5.05486],[-75.86716,5.05486],[-75.86716,5.05486],[-75.86716,5.05485],[-75.86716,5.05485],[-75.86716,5.05485],[-75.86716,5.05485],[-75.86716,5.05485],[-75.86716,5.05485],[-75.86715,5.05485],[-75.86715,5.05485],[-75.86715,5.05485],[-75.86715,5.05485],[-75.86715,5.05485],[-75.86715,5.05485],[-75.86715,5.05485],[-75.86714,5.05485],[-75.86714,5.05485],[-75.86714,5.05485],[-75.86714,5.05485],[-75.86714,5.05484],[-75.86714,5.05484],[-75.86714,5.05484],[-75.86714,5.05484],[-75.86713,5.05484],[-75.86713,5.05484],[-75.86713,5.05484],[-75.86713,5.05484],[-75.86713,5.05484],[-75.86713,5.05483],[-75.86713,5.05483],[-75.86713,5.05483],[-75.86713,5.05483],[-75.86713,5.05483],[-75.86713,5.05483],[-75.86712,5.05483],[-75.86712,5.05483],[-75.86712,5.05483],[-75.86712,5.05483],[-75.86712,5.05482],[-75.86712,5.05482],[-75.86712,5.05482],[-75.86712,5.05482],[-75.86712,5.05482],[-75.86711,5.05482],[-75.86711,5.05482],[-75.86711,5.05482],[-75.86711,5.05481],[-75.86711,5.05481],[-75.86711,5.05481],[-75.86711,5.05481],[-75.86711,5.05481],[-75.86711,5.05481],[-75.86711,5.05481],[-75.86711,5.0548],[-75.86711,5.0548],[-75.86711,5.0548],[-75.8671,5.0548],[-75.8671,5.0548],[-75.8671,5.0548],[-75.8671,5.0548],[-75.8671,5.0548],[-75.8671,5.05479],[-75.8671,5.05479],[-75.8671,5.05479],[-75.8671,5.05479],[-75.86709,5.05479],[-75.86709,5.05479],[-75.86709,5.05479],[-75.86709,5.05479],[-75.86709,5.05479],[-75.86709,5.05479],[-75.86709,5.05479],[-75.86709,5.05479],[-75.86709,5.05479],[-75.86708,5.05479],[-75.86708,5.05478],[-75.86708,5.05478],[-75.86708,5.05478],[-75.86708,5.05478],[-75.86708,5.05478],[-75.86708,5.05478],[-75.86707,5.05478],[-75.86707,5.05478],[-75.86707,5.05478],[-75.86707,5.05477],[-75.86707,5.05477],[-75.86707,5.05477],[-75.86707,5.05477],[-75.86707,5.05477],[-75.86706,5.05477],[-75.86706,5.05476],[-75.86706,5.05476],[-75.86706,5.05476],[-75.86706,5.05476],[-75.86706,5.05476],[-75.86706,5.05476],[-75.86706,5.05476],[-75.86706,5.05476],[-75.86706,5.05476],[-75.86706,5.05475],[-75.86706,5.05475],[-75.86706,5.05475],[-75.86706,5.05475],[-75.86706,5.05474],[-75.86706,5.05474],[-75.86705,5.05474],[-75.86705,5.05474],[-75.86705,5.05473],[-75.86705,5.05473],[-75.86705,5.05473],[-75.86705,5.05473],[-75.86705,5.05473],[-75.86705,5.05473],[-75.86705,5.05473],[-75.86705,5.05472],[-75.86705,5.05472],[-75.86704,5.05472],[-75.86704,5.05472],[-75.86704,5.05472],[-75.86704,5.05472],[-75.86704,5.05472],[-75.86704,5.05471],[-75.86704,5.05471],[-75.86704,5.05471],[-75.86704,5.05471],[-75.86704,5.05471],[-75.86704,5.0547],[-75.86704,5.0547],[-75.86704,5.0547],[-75.86704,5.0547],[-75.86704,5.0547],[-75.86704,5.0547],[-75.86703,5.0547],[-75.86703,5.0547],[-75.86703,5.0547],[-75.86703,5.0547],[-75.86703,5.05469],[-75.86703,5.05469],[-75.86703,5.05469],[-75.86703,5.05469],[-75.86703,5.05469],[-75.86703,5.05469],[-75.86703,5.05469],[-75.86703,5.05468],[-75.86702,5.05468],[-75.86702,5.05468],[-75.86702,5.05468],[-75.86702,5.05468],[-75.86702,5.05468],[-75.86702,5.05468],[-75.86702,5.05467],[-75.86702,5.05467],[-75.86702,5.05467],[-75.86702,5.05467],[-75.86701,5.05467],[-75.86701,5.05467],[-75.86701,5.05466],[-75.86701,5.05466],[-75.86701,5.05466],[-75.86701,5.05466],[-75.86701,5.05466],[-75.86701,5.05465],[-75.867,5.05465],[-75.867,5.05465],[-75.867,5.05465],[-75.867,5.05465],[-75.867,5.05465],[-75.867,5.05464],[-75.867,5.05464],[-75.867,5.05464],[-75.867,5.05464],[-75.867,5.05464],[-75.867,5.05463],[-75.867,5.05463],[-75.867,5.05463],[-75.86699,5.05463],[-75.86699,5.05463],[-75.86699,5.05463],[-75.86699,5.05462],[-75.86699,5.05462],[-75.86701,5.05468],[-75.86704,5.05474],[-75.86708,5.0548],[-75.86712,5.05484],[-75.86717,5.05487],[-75.86722,5.0549],[-75.86728,5.05496],[-75.86737,5.05505],[-75.86753,5.05517],[-75.86757,5.05522],[-75.86758,5.05528],[-75.86757,5.05535],[-75.86733,5.05593],[-75.86732,5.05596],[-75.86708,5.05587],[-75.86673,5.05574],[-75.86662,5.0557],[-75.86664,5.05569],[-75.86663,5.05568],[-75.8666,5.05562],[-75.86654,5.05552],[-75.8665,5.05547],[-75.86643,5.05544],[-75.86636,5.05542],[-75.86631,5.05538],[-75.86629,5.05536],[-75.86623,5.05525],[-75.8662,5.05519],[-75.86618,5.05514],[-75.86622,5.05505],[-75.86627,5.05493],[-75.86628,5.05482],[-75.86626,5.05476],[-75.86626,5.05467],[-75.8663,5.05449],[-75.86632,5.05438],[-75.86643,5.05419],[-75.8665,5.05409],[-75.86651,5.05401],[-75.86654,5.05396],[-75.86653,5.05389],[-75.86653,5.05384],[-75.86653,5.05383],[-75.86652,5.05384],[-75.86651,5.05384],[-75.86651,5.05385],[-75.86649,5.05385],[-75.86649,5.05385],[-75.86648,5.05386],[-75.86648,5.05386],[-75.86647,5.05387],[-75.86647,5.05388],[-75.86647,5.05388],[-75.86647,5.0539],[-75.86648,5.05392],[-75.86649,5.05396],[-75.86649,5.05397],[-75.86648,5.05398],[-75.86648,5.05398],[-75.86648,5.05399],[-75.86648,5.05401],[-75.86648,5.05401],[-75.86647,5.05402],[-75.86647,5.05403],[-75.86646,5.05404],[-75.86645,5.05406],[-75.86645,5.05407],[-75.86644,5.05408],[-75.86643,5.0541],[-75.86643,5.05411],[-75.86642,5.05412],[-75.86641,5.05414],[-75.86639,5.05416],[-75.86636,5.05421],[-75.86635,5.05422],[-75.86634,5.05424],[-75.86633,5.05426],[-75.86633,5.05427],[-75.86631,5.05429],[-75.8663,5.0543],[-75.86629,5.05431],[-75.86629,5.05432],[-75.86628,5.05432],[-75.86628,5.05433],[-75.86627,5.05434],[-75.86627,5.05435],[-75.86626,5.05436],[-75.86626,5.05437],[-75.86626,5.05437],[-75.86626,5.05439],[-75.86626,5.0544],[-75.86626,5.05441],[-75.86626,5.05442],[-75.86626,5.05443],[-75.86626,5.05449],[-75.86626,5.0545],[-75.86626,5.05451],[-75.86626,5.05452],[-75.86626,5.05453],[-75.86625,5.05454],[-75.86625,5.05455],[-75.86625,5.05457],[-75.86624,5.05459],[-75.86623,5.0546],[-75.86623,5.05461],[-75.86622,5.05461],[-75.86622,5.05461],[-75.86621,5.05463],[-75.8662,5.05464],[-75.86619,5.05465],[-75.86619,5.05466],[-75.86617,5.05468],[-75.86616,5.0547],[-75.86615,5.05471],[-75.86614,5.05472],[-75.86614,5.05473],[-75.86613,5.05474],[-75.86613,5.05475],[-75.86612,5.05476],[-75.86612,5.05476],[-75.86612,5.05477],[-75.86613,5.05477],[-75.86613,5.05477],[-75.86613,5.05478],[-75.86614,5.05478],[-75.86614,5.05479],[-75.86615,5.05479],[-75.86615,5.05479],[-75.86616,5.05479],[-75.86616,5.05479],[-75.86616,5.05479],[-75.86617,5.05479],[-75.86617,5.05479],[-75.86618,5.05479],[-75.86618,5.05479],[-75.86619,5.05479],[-75.86619,5.0548],[-75.8662,5.0548],[-75.86621,5.0548],[-75.86621,5.0548],[-75.86622,5.05481],[-75.86622,5.05482],[-75.86623,5.05483],[-75.86623,5.05484],[-75.86624,5.05485],[-75.86624,5.05487],[-75.86624,5.05488],[-75.86624,5.05488],[-75.86625,5.0549],[-75.86625,5.0549],[-75.86625,5.05492],[-75.86625,5.05493],[-75.86624,5.05494],[-75.86624,5.05495],[-75.86623,5.05496],[-75.86622,5.05497],[-75.86622,5.05498],[-75.86622,5.05498],[-75.86621,5.05499],[-75.8662,5.055],[-75.86619,5.05501],[-75.86617,5.05504],[-75.86616,5.05504],[-75.86615,5.05505],[-75.86615,5.05506],[-75.86614,5.05507],[-75.86613,5.05507],[-75.86612,5.05508],[-75.86612,5.05508],[-75.86611,5.05509],[-75.86611,5.0551],[-75.86611,5.05511],[-75.86611,5.05512],[-75.86614,5.05517],[-75.86616,5.0552],[-75.86616,5.05521],[-75.86618,5.05524],[-75.86618,5.05524],[-75.86621,5.05528],[-75.86623,5.0553],[-75.86624,5.05532],[-75.86624,5.05534],[-75.86626,5.05537],[-75.86627,5.05539],[-75.86627,5.05539],[-75.86628,5.05541],[-75.86629,5.05542],[-75.8663,5.05543],[-75.86631,5.05544],[-75.86632,5.05544],[-75.86634,5.05545],[-75.86635,5.05545],[-75.86636,5.05546],[-75.86637,5.05546],[-75.86639,5.05547],[-75.8664,5.05547],[-75.86641,5.05547],[-75.86643,5.05548],[-75.86644,5.0555],[-75.86645,5.0555],[-75.86646,5.05551],[-75.86649,5.05555],[-75.8665,5.05555],[-75.86651,5.05557],[-75.86654,5.05561],[-75.86655,5.05563],[-75.86655,5.05563],[-75.86656,5.05563],[-75.86656,5.05564],[-75.86657,5.05566],[-75.86657,5.05567],[-75.86657,5.05569],[-75.86656,5.05571],[-75.86654,5.05573],[-75.86653,5.05576],[-75.86649,5.05583],[-75.86646,5.05587],[-75.86645,5.05589],[-75.86645,5.0559],[-75.86641,5.05597],[-75.86641,5.05598],[-75.86639,5.05601],[-75.86638,5.05605],[-75.86638,5.05607],[-75.86638,5.05608],[-75.86638,5.05609],[-75.86637,5.0561],[-75.86636,5.05612],[-75.86636,5.05613],[-75.86635,5.05615],[-75.86634,5.05618],[-75.86634,5.05621],[-75.86633,5.05622],[-75.86632,5.05624],[-75.86631,5.05628],[-75.86631,5.05629],[-75.8663,5.0563],[-75.8663,5.0563],[-75.8663,5.05631],[-75.86629,5.05632],[-75.86628,5.05633],[-75.86627,5.05634],[-75.86622,5.0564],[-75.86619,5.05642],[-75.86617,5.05644],[-75.86617,5.05644],[-75.86615,5.05646],[-75.86615,5.05646],[-75.86614,5.05648],[-75.86613,5.0565],[-75.86612,5.05651],[-75.8661,5.05654],[-75.8661,5.05655],[-75.86609,5.05656],[-75.86608,5.05658],[-75.86607,5.0566],[-75.86606,5.05661],[-75.86606,5.05662],[-75.86605,5.05664],[-75.86605,5.05666],[-75.86605,5.05668],[-75.86605,5.05669],[-75.86606,5.05672],[-75.86606,5.05673],[-75.86606,5.05675],[-75.86606,5.05675],[-75.86606,5.05677],[-75.86607,5.05679],[-75.86607,5.0568],[-75.86608,5.05682],[-75.86608,5.05682],[-75.86608,5.05682],[-75.86608,5.05684],[-75.86609,5.05686],[-75.86609,5.05687],[-75.8661,5.05689],[-75.8661,5.0569],[-75.8661,5.05692],[-75.86611,5.05693],[-75.86612,5.05695],[-75.86613,5.05695],[-75.86614,5.05697],[-75.86615,5.05697],[-75.86615,5.05697],[-75.86616,5.05696],[-75.86617,5.05696],[-75.86617,5.05696],[-75.86618,5.05696],[-75.8662,5.05697],[-75.86622,5.05697],[-75.86623,5.05698],[-75.86624,5.05698],[-75.86627,5.05698],[-75.8663,5.05698],[-75.86633,5.05698],[-75.86634,5.05699],[-75.86635,5.05699],[-75.86636,5.057],[-75.86637,5.05701],[-75.86637,5.05702],[-75.86638,5.05702],[-75.86641,5.05704],[-75.86643,5.05705],[-75.86644,5.05706],[-75.86645,5.05707],[-75.86645,5.05707],[-75.86645,5.05708],[-75.86646,5.05708],[-75.86648,5.05709],[-75.8665,5.05709],[-75.86651,5.05709],[-75.86651,5.05709],[-75.86652,5.05708],[-75.86652,5.05708],[-75.86654,5.05708],[-75.86655,5.05709],[-75.86656,5.0571],[-75.86656,5.0571],[-75.86657,5.05711],[-75.86658,5.05712],[-75.86659,5.05713],[-75.8666,5.05714],[-75.86661,5.05715],[-75.86663,5.05717],[-75.86664,5.05717],[-75.86664,5.05718],[-75.86665,5.05718],[-75.86665,5.05719],[-75.86666,5.05721],[-75.86667,5.05722],[-75.86668,5.05723],[-75.86668,5.05725],[-75.86669,5.05726],[-75.86671,5.0573],[-75.86673,5.05732],[-75.86673,5.05734],[-75.86673,5.05736],[-75.86674,5.05738],[-75.86675,5.05747],[-75.86675,5.05748],[-75.86675,5.05755],[-75.86676,5.05763],[-75.86676,5.05765],[-75.86675,5.05766],[-75.86675,5.05767],[-75.86675,5.05768],[-75.86674,5.0577],[-75.86673,5.05771],[-75.86673,5.05774],[-75.86673,5.05775],[-75.86673,5.05776],[-75.86674,5.05777],[-75.86674,5.05778],[-75.86674,5.0578],[-75.86674,5.0578],[-75.86674,5.05781],[-75.86674,5.05781],[-75.86674,5.05781],[-75.86674,5.05781],[-75.86674,5.05781],[-75.86674,5.05781],[-75.86674,5.05781],[-75.86673,5.05782],[-75.86673,5.05782],[-75.86673,5.05782],[-75.86673,5.05782],[-75.86673,5.05782],[-75.86673,5.05782],[-75.86673,5.05782],[-75.86672,5.05781],[-75.86672,5.05781],[-75.86672,5.05781],[-75.86672,5.05781],[-75.86672,5.05781],[-75.86671,5.0578],[-75.86671,5.0578],[-75.86671,5.0578],[-75.86671,5.0578],[-75.86671,5.05779],[-75.86671,5.05779],[-75.8667,5.05779],[-75.8667,5.05778],[-75.8667,5.05778],[-75.8667,5.05778],[-75.8667,5.05777],[-75.8667,5.05777],[-75.8667,5.05776],[-75.8667,5.05775],[-75.86669,5.05775],[-75.86669,5.05775],[-75.86669,5.05774],[-75.86669,5.05774],[-75.86669,5.05774],[-75.86669,5.05774],[-75.86669,5.05773],[-75.86669,5.05773],[-75.86669,5.05773],[-75.86669,5.05772],[-75.86669,5.05772],[-75.8667,5.05772],[-75.8667,5.05771],[-75.8667,5.05771],[-75.86671,5.05768],[-75.86671,5.05767],[-75.86671,5.05767],[-75.86672,5.05767],[-75.86672,5.05767],[-75.86672,5.05766],[-75.86672,5.05766],[-75.86672,5.05765],[-75.86672,5.05765],[-75.86672,5.05764],[-75.86672,5.05764],[-75.86673,5.05764],[-75.86673,5.05764],[-75.86673,5.05763],[-75.86673,5.05763],[-75.86672,5.05762],[-75.86672,5.05762],[-75.86672,5.05761],[-75.86672,5.0576],[-75.86672,5.05759],[-75.86672,5.05759],[-75.86672,5.05759],[-75.86672,5.05758],[-75.86672,5.05757],[-75.86672,5.05757],[-75.86672,5.05756],[-75.86672,5.05755],[-75.86672,5.05755],[-75.86672,5.05754],[-75.86671,5.05754],[-75.86671,5.05753],[-75.86671,5.05753],[-75.86671,5.05751],[-75.86671,5.05751],[-75.86671,5.0575],[-75.86671,5.0575],[-75.86671,5.05749],[-75.86671,5.05748],[-75.86671,5.05748],[-75.86671,5.05748],[-75.86671,5.05747],[-75.86671,5.05747],[-75.86671,5.05746],[-75.86671,5.05745],[-75.86671,5.05744],[-75.86671,5.05741],[-75.86671,5.0574],[-75.8667,5.05738],[-75.8667,5.05738],[-75.8667,5.05737],[-75.8667,5.05737],[-75.8667,5.05736],[-75.8667,5.05736],[-75.8667,5.05736],[-75.86669,5.05735],[-75.86669,5.05733],[-75.86669,5.05732],[-75.86668,5.05732],[-75.86668,5.05731],[-75.86668,5.05731],[-75.86668,5.05731],[-75.86668,5.0573],[-75.86667,5.05729],[-75.86667,5.05728],[-75.86666,5.05727],[-75.86666,5.05727],[-75.86666,5.05726],[-75.86665,5.05725],[-75.86665,5.05725],[-75.86664,5.05724],[-75.86664,5.05723],[-75.86663,5.05722],[-75.86662,5.05721],[-75.86662,5.05721],[-75.86662,5.05721],[-75.86662,5.0572],[-75.86662,5.0572],[-75.86661,5.0572],[-75.86661,5.05719],[-75.8666,5.05719],[-75.8666,5.05719],[-75.8666,5.05718],[-75.8666,5.05718],[-75.86659,5.05718],[-75.86659,5.05717],[-75.86659,5.05717],[-75.86658,5.05717],[-75.86658,5.05716],[-75.86658,5.05716],[-75.86658,5.05716],[-75.86656,5.05715],[-75.86656,5.05715],[-75.86655,5.05714],[-75.86654,5.05714],[-75.86654,5.05713],[-75.86654,5.05713],[-75.86653,5.05713],[-75.86653,5.05713],[-75.86653,5.05713],[-75.86653,5.05713],[-75.86652,5.05713],[-75.86652,5.05713],[-75.86651,5.05712],[-75.8665,5.05712],[-75.86649,5.05712],[-75.86649,5.05712],[-75.86649,5.05712],[-75.86648,5.05712],[-75.86648,5.05711],[-75.86648,5.05711],[-75.86648,5.05711],[-75.86648,5.05711],[-75.86647,5.05711],[-75.86647,5.05711],[-75.86646,5.05711],[-75.86646,5.05711],[-75.86646,5.05711],[-75.86645,5.05711],[-75.86645,5.0571],[-75.86644,5.0571],[-75.86644,5.0571],[-75.86644,5.0571],[-75.86643,5.0571],[-75.86643,5.0571],[-75.86643,5.05709],[-75.86642,5.05709],[-75.86642,5.05709],[-75.86641,5.05708],[-75.86641,5.05708],[-75.86641,5.05708],[-75.86641,5.05708],[-75.86641,5.05707],[-75.8664,5.05707],[-75.8664,5.05707],[-75.8664,5.05707],[-75.86639,5.05706],[-75.86639,5.05706],[-75.86639,5.05706],[-75.86639,5.05706],[-75.86639,5.05706],[-75.86638,5.05705],[-75.86638,5.05705],[-75.86637,5.05705],[-75.86637,5.05705],[-75.86637,5.05704],[-75.86636,5.05704],[-75.86636,5.05704],[-75.86636,5.05704],[-75.86635,5.05704],[-75.86635,5.05703],[-75.86634,5.05703],[-75.86634,5.05703],[-75.86633,5.05703],[-75.86633,5.05703],[-75.86633,5.05703],[-75.86633,5.05703],[-75.86632,5.05703],[-75.86631,5.05703],[-75.8663,5.05703],[-75.8663,5.05703],[-75.86629,5.05703],[-75.86628,5.05702],[-75.86628,5.05702],[-75.86627,5.05702],[-75.86626,5.05702],[-75.86625,5.05702],[-75.86624,5.05702],[-75.86624,5.05702],[-75.86624,5.05702],[-75.86623,5.05702],[-75.86622,5.05702],[-75.86622,5.05702],[-75.86621,5.05702],[-75.86621,5.05702],[-75.86621,5.05702],[-75.8662,5.05702],[-75.8662,5.05701],[-75.8662,5.05701],[-75.8662,5.05701],[-75.86619,5.05701],[-75.86618,5.05701],[-75.86618,5.05701],[-75.86618,5.05701],[-75.86618,5.05701],[-75.86618,5.05701],[-75.86617,5.05701],[-75.86617,5.05701],[-75.86616,5.05701],[-75.86616,5.05701],[-75.86616,5.05701],[-75.86615,5.05701],[-75.86615,5.05701],[-75.86615,5.05701],[-75.86615,5.05701],[-75.86614,5.057],[-75.86614,5.057],[-75.86614,5.057],[-75.86614,5.057],[-75.86613,5.057],[-75.86613,5.057],[-75.86613,5.057],[-75.86613,5.057],[-75.86612,5.057],[-75.86612,5.05699],[-75.86612,5.05699],[-75.86612,5.05699],[-75.86612,5.05699],[-75.86611,5.05699],[-75.86611,5.05699],[-75.86611,5.05699],[-75.86611,5.05699],[-75.8661,5.05698],[-75.8661,5.05698],[-75.8661,5.05698],[-75.8661,5.05698],[-75.86609,5.05698],[-75.86609,5.05698],[-75.86609,5.05698],[-75.86608,5.05697],[-75.86608,5.05697],[-75.86608,5.05697],[-75.86608,5.05696],[-75.86608,5.05696],[-75.86607,5.05696],[-75.86607,5.05695],[-75.86607,5.05695],[-75.86607,5.05695],[-75.86607,5.05694],[-75.86607,5.05694],[-75.86607,5.05694],[-75.86607,5.05694],[-75.86607,5.05693],[-75.86607,5.05693],[-75.86607,5.05693],[-75.86607,5.05693],[-75.86607,5.05692],[-75.86606,5.05692],[-75.86606,5.05692],[-75.86606,5.05691],[-75.86606,5.0569],[-75.86606,5.0569],[-75.86606,5.0569],[-75.86606,5.0569],[-75.86606,5.05689],[-75.86605,5.05688],[-75.86605,5.05688],[-75.86605,5.05688],[-75.86605,5.05688],[-75.86605,5.05687],[-75.86605,5.05687],[-75.86605,5.05687],[-75.86605,5.05686],[-75.86604,5.05686],[-75.86604,5.05685],[-75.86604,5.05685],[-75.86604,5.05685],[-75.86604,5.05684],[-75.86604,5.05684],[-75.86604,5.05684],[-75.86604,5.05683],[-75.86604,5.05683],[-75.86604,5.05683],[-75.86604,5.05682],[-75.86603,5.05682],[-75.86603,5.05682],[-75.86603,5.05682],[-75.86603,5.05682],[-75.86603,5.05681],[-75.86603,5.05681],[-75.86603,5.05681],[-75.86602,5.05681],[-75.86602,5.0568],[-75.86602,5.0568],[-75.86602,5.0568],[-75.86602,5.0568],[-75.86602,5.05679],[-75.86602,5.05679],[-75.86602,5.05679],[-75.86602,5.05678],[-75.86602,5.05678],[-75.86602,5.05678],[-75.86602,5.05677],[-75.86602,5.05677],[-75.86602,5.05677],[-75.86602,5.05676],[-75.86602,5.05676],[-75.86602,5.05675],[-75.86602,5.05675],[-75.86602,5.05675],[-75.86602,5.05675],[-75.86602,5.05674],[-75.86601,5.05674],[-75.86601,5.05674],[-75.86601,5.05673],[-75.86601,5.05673],[-75.86601,5.05672],[-75.86601,5.05672],[-75.86601,5.05672],[-75.86601,5.05671],[-75.866,5.05671],[-75.866,5.0567],[-75.866,5.0567],[-75.866,5.0567],[-75.866,5.05669],[-75.866,5.05669],[-75.866,5.05668],[-75.866,5.05668],[-75.86601,5.05668],[-75.86601,5.05667],[-75.86601,5.05667],[-75.86601,5.05667],[-75.86601,5.05667],[-75.86601,5.05666],[-75.86601,5.05666],[-75.86601,5.05665],[-75.86601,5.05665],[-75.86601,5.05664],[-75.86601,5.05664],[-75.86601,5.05663],[-75.86601,5.05662],[-75.86602,5.0566],[-75.86602,5.05659],[-75.86602,5.05659],[-75.86602,5.05659],[-75.86603,5.05658],[-75.86603,5.05658],[-75.86604,5.05658],[-75.86604,5.05658],[-75.86604,5.05657],[-75.86604,5.05657],[-75.86605,5.05656],[-75.86605,5.05656],[-75.86605,5.05655],[-75.86606,5.05654],[-75.86606,5.05654],[-75.86606,5.05654],[-75.86607,5.05651],[-75.86607,5.05651],[-75.86608,5.05651],[-75.86608,5.0565],[-75.86608,5.05649],[-75.86609,5.05649],[-75.86609,5.05649],[-75.8661,5.05649],[-75.8661,5.05648],[-75.86611,5.05647],[-75.86611,5.05647],[-75.86612,5.05646],[-75.86612,5.05645],[-75.86613,5.05645],[-75.86613,5.05644],[-75.86614,5.05643],[-75.86615,5.05643],[-75.86615,5.05642],[-75.86615,5.05642],[-75.86615,5.05642],[-75.86615,5.05641],[-75.86615,5.05641],[-75.86615,5.0564],[-75.86616,5.05639],[-75.86617,5.05639],[-75.86617,5.05638],[-75.86618,5.05639],[-75.86618,5.05639],[-75.86618,5.05639],[-75.86619,5.05638],[-75.86619,5.05638],[-75.8662,5.05637],[-75.86621,5.05636],[-75.86621,5.05636],[-75.86622,5.05635],[-75.86622,5.05635],[-75.86622,5.05634],[-75.86622,5.05634],[-75.86622,5.05634],[-75.86623,5.05633],[-75.86623,5.05633],[-75.86624,5.05633],[-75.86624,5.05632],[-75.86625,5.05632],[-75.86625,5.05631],[-75.86626,5.05631],[-75.86626,5.0563],[-75.86627,5.05629],[-75.86627,5.05629],[-75.86627,5.05628],[-75.86627,5.05628],[-75.86628,5.05627],[-75.86628,5.05625],[-75.86628,5.05625],[-75.86628,5.05625],[-75.86629,5.05623],[-75.86629,5.05623],[-75.86629,5.05622],[-75.8663,5.05621],[-75.8663,5.0562],[-75.8663,5.05619],[-75.8663,5.05619],[-75.86631,5.05618],[-75.86631,5.05616],[-75.86631,5.05616],[-75.86631,5.05615],[-75.86632,5.05614],[-75.86632,5.05613],[-75.86633,5.05612],[-75.86633,5.05611],[-75.86633,5.0561],[-75.86633,5.0561],[-75.86633,5.05609],[-75.86634,5.05608],[-75.86634,5.05607],[-75.86635,5.05606],[-75.86635,5.05604],[-75.86635,5.05603],[-75.86636,5.05602],[-75.86637,5.05598],[-75.86638,5.05597],[-75.86638,5.05597],[-75.86639,5.05596],[-75.86639,5.05594],[-75.8664,5.05593],[-75.86641,5.05591],[-75.86641,5.0559],[-75.86642,5.0559],[-75.86642,5.0559],[-75.86642,5.05589],[-75.86643,5.05588],[-75.86643,5.05587],[-75.86644,5.05586],[-75.86645,5.05585],[-75.86645,5.05585],[-75.86646,5.05583],[-75.86646,5.05582],[-75.86647,5.05582],[-75.86648,5.0558],[-75.86648,5.05579],[-75.86648,5.05578],[-75.86649,5.05577],[-75.86649,5.05576],[-75.8665,5.05575],[-75.8665,5.05573],[-75.86651,5.05572],[-75.86651,5.05572],[-75.86651,5.05571],[-75.86652,5.0557],[-75.86652,5.05569],[-75.86652,5.05568],[-75.86652,5.05568],[-75.86652,5.05567],[-75.86652,5.05567],[-75.86652,5.05566],[-75.86652,5.05565],[-75.86652,5.05565],[-75.86652,5.05564],[-75.86651,5.05563],[-75.86651,5.05563],[-75.86651,5.05563],[-75.8665,5.05562],[-75.8665,5.05562],[-75.8665,5.05562],[-75.86649,5.05561],[-75.86649,5.0556],[-75.86648,5.05559],[-75.86647,5.05559],[-75.86647,5.05558],[-75.86646,5.05558],[-75.86646,5.05557],[-75.86645,5.05557],[-75.86644,5.05557],[-75.86644,5.05556],[-75.86643,5.05555],[-75.86642,5.05555],[-75.86637,5.05551],[-75.86636,5.05551],[-75.86636,5.0555],[-75.86635,5.0555],[-75.86634,5.0555],[-75.86634,5.05549],[-75.86633,5.05549],[-75.86633,5.05549],[-75.86631,5.05548],[-75.86631,5.05548],[-75.86631,5.05548],[-75.8663,5.05548],[-75.86629,5.05547],[-75.86629,5.05547],[-75.86629,5.05547],[-75.86628,5.05546],[-75.86628,5.05546],[-75.86627,5.05546],[-75.86627,5.05545],[-75.86626,5.05545],[-75.86625,5.05544],[-75.86625,5.05543],[-75.86624,5.05543],[-75.86623,5.05542],[-75.86623,5.05541],[-75.86623,5.0554],[-75.86623,5.0554],[-75.86623,5.0554],[-75.86623,5.0554],[-75.86623,5.05539],[-75.86623,5.05539],[-75.86622,5.05539],[-75.86622,5.05539],[-75.86622,5.05539],[-75.86622,5.05539],[-75.86622,5.05539],[-75.86622,5.05538],[-75.86622,5.05538],[-75.86622,5.05538],[-75.86622,5.05538],[-75.86622,5.05538],[-75.86622,5.05538],[-75.86622,5.05538],[-75.86622,5.05538],[-75.86621,5.05537],[-75.86621,5.05536],[-75.86621,5.05535],[-75.86621,5.05535],[-75.8662,5.05534],[-75.8662,5.05533],[-75.8662,5.05533],[-75.86619,5.05532],[-75.86619,5.05532],[-75.86618,5.05532],[-75.86618,5.05531],[-75.86618,5.05531],[-75.86618,5.05531],[-75.86618,5.05531],[-75.86618,5.05531],[-75.86618,5.05531],[-75.86618,5.05531],[-75.86618,5.05531],[-75.86618,5.05531],[-75.86618,5.05531],[-75.86618,5.05531],[-75.86618,5.05531],[-75.86618,5.0553],[-75.86618,5.0553],[-75.86617,5.0553],[-75.86617,5.0553],[-75.86617,5.0553],[-75.86617,5.0553],[-75.86617,5.0553],[-75.86617,5.0553],[-75.86617,5.0553],[-75.86617,5.0553],[-75.86617,5.05529],[-75.86617,5.05529],[-75.86616,5.05529],[-75.86616,5.05529],[-75.86616,5.05528],[-75.86616,5.05528],[-75.86616,5.05528],[-75.86616,5.05528],[-75.86616,5.05528],[-75.86616,5.05528],[-75.86616,5.05528],[-75.86616,5.05528],[-75.86616,5.05528],[-75.86615,5.05528],[-75.86615,5.05528],[-75.86615,5.05528],[-75.86615,5.05528],[-75.86615,5.05528],[-75.86615,5.05528],[-75.86615,5.05528],[-75.86615,5.05527],[-75.86615,5.05527],[-75.86615,5.05527],[-75.86615,5.05527],[-75.86615,5.05527],[-75.86615,5.05527],[-75.86615,5.05527],[-75.86615,5.05527],[-75.86615,5.05527],[-75.86615,5.05527],[-75.86615,5.05527],[-75.86615,5.05526],[-75.86615,5.05526],[-75.86615,5.05526],[-75.86615,5.05526],[-75.86615,5.05526],[-75.86615,5.05526],[-75.86615,5.05526],[-75.86615,5.05526],[-75.86615,5.05526],[-75.86615,5.05526],[-75.86615,5.05526],[-75.86615,5.05526],[-75.86615,5.05526],[-75.86615,5.05526],[-75.86615,5.05526],[-75.86615,5.05526],[-75.86615,5.05526],[-75.86614,5.05525],[-75.86614,5.05525],[-75.86614,5.05525],[-75.86614,5.05525],[-75.86614,5.05525],[-75.86614,5.05525],[-75.86614,5.05525],[-75.86614,5.05525],[-75.86614,5.05525],[-75.86614,5.05525],[-75.86614,5.05525],[-75.86614,5.05525],[-75.86614,5.05524],[-75.86614,5.05524],[-75.86613,5.05524],[-75.86613,5.05524],[-75.86613,5.05524],[-75.86613,5.05524],[-75.86613,5.05524],[-75.86613,5.05524],[-75.86613,5.05524],[-75.86613,5.05524],[-75.86613,5.05523],[-75.86613,5.05523],[-75.86613,5.05523],[-75.86612,5.05523],[-75.86612,5.05523],[-75.86612,5.05523],[-75.86612,5.05523],[-75.86612,5.05523],[-75.86612,5.05523],[-75.86612,5.05523],[-75.86612,5.05523],[-75.86612,5.05522],[-75.86611,5.05522],[-75.86611,5.05521],[-75.8661,5.05519],[-75.8661,5.05519],[-75.8661,5.05519],[-75.8661,5.05519],[-75.8661,5.05519],[-75.86609,5.05519],[-75.86609,5.05519],[-75.86609,5.05518],[-75.86609,5.05518],[-75.86609,5.05518],[-75.86609,5.05518],[-75.86609,5.05518],[-75.86609,5.05518],[-75.86609,5.05518],[-75.86609,5.05518],[-75.86608,5.05517],[-75.86608,5.05517],[-75.86608,5.05516],[-75.86608,5.05516],[-75.86607,5.05515],[-75.86607,5.05515],[-75.86607,5.05514],[-75.86606,5.05514],[-75.86606,5.05514],[-75.86606,5.05513],[-75.86606,5.05513],[-75.86606,5.05513],[-75.86606,5.05513],[-75.86606,5.05513],[-75.86606,5.05513],[-75.86606,5.05513],[-75.86606,5.05512],[-75.86606,5.05512],[-75.86606,5.05511],[-75.86606,5.05511],[-75.86606,5.05511],[-75.86606,5.05511],[-75.86605,5.0551],[-75.86605,5.0551],[-75.86605,5.0551],[-75.86605,5.0551],[-75.86605,5.0551],[-75.86605,5.0551],[-75.86605,5.0551],[-75.86605,5.0551],[-75.86605,5.0551],[-75.86605,5.0551],[-75.86605,5.0551],[-75.86606,5.0551],[-75.86606,5.05509],[-75.86606,5.05509],[-75.86606,5.05509],[-75.86606,5.05509],[-75.86606,5.05509],[-75.86606,5.05508],[-75.86606,5.05508],[-75.86606,5.05508],[-75.86606,5.05508],[-75.86606,5.05507],[-75.86606,5.05507],[-75.86606,5.05507],[-75.86606,5.05507],[-75.86606,5.05507],[-75.86606,5.05507],[-75.86606,5.05507],[-75.86606,5.05507],[-75.86606,5.05507],[-75.86606,5.05507],[-75.86607,5.05506],[-75.86607,5.05506],[-75.86607,5.05506],[-75.86607,5.05506],[-75.86607,5.05506],[-75.86607,5.05506],[-75.86607,5.05506],[-75.86607,5.05506],[-75.86607,5.05506],[-75.86607,5.05506],[-75.86607,5.05506],[-75.86607,5.05505],[-75.86607,5.05505],[-75.86607,5.05505],[-75.86607,5.05505],[-75.86607,5.05505],[-75.86607,5.05505],[-75.86607,5.05505],[-75.8661,5.05503],[-75.86611,5.05502],[-75.86611,5.05502],[-75.86612,5.05501],[-75.86614,5.055],[-75.86614,5.05499],[-75.86615,5.05498],[-75.86615,5.05497],[-75.86616,5.05495],[-75.86616,5.05494],[-75.86616,5.05494],[-75.86616,5.05494],[-75.86616,5.05494],[-75.86616,5.05494],[-75.86616,5.05494],[-75.86616,5.05494],[-75.86616,5.05494],[-75.86616,5.05494],[-75.86616,5.05494],[-75.86616,5.05494],[-75.86616,5.05494],[-75.86616,5.05494],[-75.86616,5.05494],[-75.86616,5.05494],[-75.86616,5.05494],[-75.86616,5.05494],[-75.86616,5.05494],[-75.86616,5.05494],[-75.86616,5.05493],[-75.86616,5.05493],[-75.86616,5.05493],[-75.86616,5.05493],[-75.86616,5.05493],[-75.86616,5.05493],[-75.86616,5.05493],[-75.86616,5.05493],[-75.86616,5.05493],[-75.86616,5.05493],[-75.86617,5.05493],[-75.86617,5.05493],[-75.86617,5.05493],[-75.86617,5.05493],[-75.86617,5.05493],[-75.86617,5.05493],[-75.86617,5.05493],[-75.86617,5.05493],[-75.86617,5.05493],[-75.86617,5.05493],[-75.86617,5.05493],[-75.86617,5.05493],[-75.86617,5.05493],[-75.86617,5.05493],[-75.86617,5.05493],[-75.86617,5.05493],[-75.86617,5.05493],[-75.86617,5.05493],[-75.86617,5.05493],[-75.86617,5.05493],[-75.86617,5.05493],[-75.86617,5.05493],[-75.86617,5.05493],[-75.86617,5.05493],[-75.86617,5.05493],[-75.86617,5.05493],[-75.86617,5.05493],[-75.86617,5.05493],[-75.86617,5.05493],[-75.86617,5.05493],[-75.86617,5.05493],[-75.86617,5.05493],[-75.86617,5.05493],[-75.86617,5.05493],[-75.86617,5.05493],[-75.86617,5.05493],[-75.86617,5.05493],[-75.86617,5.05493],[-75.86617,5.05492],[-75.86617,5.05492],[-75.86617,5.05492],[-75.86617,5.05492],[-75.86617,5.05492],[-75.86617,5.05492],[-75.86617,5.05492],[-75.86617,5.05492],[-75.86617,5.05492],[-75.86616,5.05492],[-75.86616,5.05492],[-75.86616,5.05492],[-75.86616,5.05492],[-75.86616,5.05492],[-75.86616,5.05492],[-75.86616,5.05492],[-75.86616,5.05492],[-75.86616,5.05492],[-75.86616,5.05492],[-75.86616,5.05492],[-75.86616,5.05492],[-75.86616,5.05492],[-75.86616,5.05492],[-75.86616,5.05492],[-75.86616,5.05492],[-75.86616,5.05492],[-75.86616,5.05492],[-75.86616,5.05492],[-75.86616,5.05492],[-75.86616,5.05492],[-75.86616,5.05492],[-75.86616,5.05491],[-75.86616,5.05491],[-75.86616,5.05491],[-75.86616,5.05491],[-75.86616,5.05491],[-75.86616,5.05491],[-75.86616,5.05491],[-75.86616,5.05491],[-75.86616,5.05491],[-75.86616,5.05491],[-75.86616,5.05491],[-75.86616,5.05491],[-75.86616,5.05491],[-75.86616,5.05491],[-75.86616,5.05491],[-75.86616,5.05491],[-75.86616,5.05491],[-75.86616,5.05491],[-75.86616,5.05491],[-75.86616,5.0549],[-75.86616,5.0549],[-75.86616,5.0549],[-75.86616,5.0549],[-75.86616,5.0549],[-75.86616,5.0549],[-75.86616,5.0549],[-75.86616,5.0549],[-75.86616,5.0549],[-75.86616,5.0549],[-75.86616,5.0549],[-75.86616,5.0549],[-75.86616,5.0549],[-75.86616,5.0549],[-75.86616,5.0549],[-75.86616,5.0549],[-75.86616,5.0549],[-75.86616,5.0549],[-75.86616,5.0549],[-75.86616,5.0549],[-75.86616,5.0549],[-75.86616,5.0549],[-75.86616,5.0549],[-75.86616,5.0549],[-75.86616,5.0549],[-75.86616,5.0549],[-75.86616,5.0549],[-75.86616,5.0549],[-75.86616,5.0549],[-75.86616,5.0549],[-75.86616,5.0549],[-75.86616,5.0549],[-75.86616,5.0549],[-75.86616,5.0549],[-75.86616,5.0549],[-75.86616,5.0549],[-75.86616,5.0549],[-75.86616,5.0549],[-75.86616,5.0549],[-75.86616,5.0549],[-75.86616,5.0549],[-75.86616,5.0549],[-75.86616,5.0549],[-75.86616,5.0549],[-75.86616,5.0549],[-75.86616,5.0549],[-75.86616,5.05489],[-75.86616,5.05489],[-75.86616,5.05489],[-75.86616,5.05489],[-75.86616,5.05489],[-75.86616,5.05489],[-75.86616,5.05489],[-75.86616,5.05489],[-75.86616,5.05489],[-75.86616,5.05489],[-75.86616,5.05489],[-75.86616,5.05489],[-75.86616,5.05489],[-75.86616,5.05489],[-75.86616,5.05489],[-75.86616,5.05489],[-75.86616,5.05489],[-75.86616,5.05489],[-75.86616,5.05489],[-75.86616,5.05489],[-75.86616,5.05489],[-75.86616,5.05489],[-75.86616,5.05489],[-75.86616,5.05489],[-75.86616,5.05489],[-75.86616,5.05489],[-75.86616,5.05489],[-75.86616,5.05489],[-75.86616,5.05489],[-75.86616,5.05489],[-75.86616,5.05489],[-75.86616,5.05489],[-75.86616,5.05489],[-75.86616,5.05489],[-75.86616,5.05489],[-75.86616,5.05489],[-75.86616,5.05489],[-75.86616,5.05489],[-75.86616,5.05489],[-75.86616,5.05489],[-75.86616,5.05489],[-75.86616,5.05489],[-75.86616,5.05489],[-75.86615,5.05488],[-75.86615,5.05488],[-75.86615,5.05488],[-75.86615,5.05488],[-75.86615,5.05488],[-75.86615,5.05488],[-75.86615,5.05488],[-75.86615,5.05488],[-75.86615,5.05488],[-75.86615,5.05488],[-75.86615,5.05488],[-75.86615,5.05488],[-75.86615,5.05488],[-75.86615,5.05488],[-75.86615,5.05488],[-75.86615,5.05488],[-75.86615,5.05488],[-75.86615,5.05488],[-75.86615,5.05488],[-75.86615,5.05488],[-75.86615,5.05488],[-75.86615,5.05488],[-75.86615,5.05488],[-75.86615,5.05488],[-75.86615,5.05488],[-75.86615,5.05488],[-75.86615,5.05488],[-75.86615,5.05488],[-75.86615,5.05488],[-75.86615,5.05488],[-75.86615,5.05488],[-75.86615,5.05488],[-75.86615,5.05488],[-75.86615,5.05488],[-75.86615,5.05488],[-75.86615,5.05487],[-75.86615,5.05487],[-75.86615,5.05487],[-75.86615,5.05487],[-75.86615,5.05487],[-75.86615,5.05487],[-75.86615,5.05487],[-75.86615,5.05487],[-75.86615,5.05487],[-75.86615,5.05487],[-75.86615,5.05487],[-75.86615,5.05487],[-75.86615,5.05487],[-75.86615,5.05487],[-75.86615,5.05487],[-75.86615,5.05487],[-75.86615,5.05487],[-75.86615,5.05487],[-75.86615,5.05487],[-75.86615,5.05487],[-75.86615,5.05487],[-75.86615,5.05487],[-75.86615,5.05487],[-75.86615,5.05487],[-75.86614,5.05487],[-75.86614,5.05487],[-75.86614,5.05487],[-75.86614,5.05487],[-75.86614,5.05487],[-75.86614,5.05487],[-75.86614,5.05487],[-75.86614,5.05487],[-75.86614,5.05487],[-75.86614,5.05487],[-75.86614,5.05487],[-75.86614,5.05487],[-75.86614,5.05487],[-75.86614,5.05487],[-75.86614,5.05487],[-75.86614,5.05487],[-75.86614,5.05486],[-75.86614,5.05486],[-75.86614,5.05486],[-75.86614,5.05486],[-75.86614,5.05486],[-75.86614,5.05486],[-75.86614,5.05486],[-75.86614,5.05486],[-75.86614,5.05486],[-75.86614,5.05486],[-75.86614,5.05486],[-75.86614,5.05486],[-75.86614,5.05486],[-75.86614,5.05486],[-75.86614,5.05486],[-75.86614,5.05486],[-75.86613,5.05486],[-75.86613,5.05486],[-75.86613,5.05486],[-75.86613,5.05486],[-75.86613,5.05486],[-75.86613,5.05486],[-75.86613,5.05486],[-75.86613,5.05486],[-75.86613,5.05486],[-75.86613,5.05486],[-75.86613,5.05486],[-75.86613,5.05486],[-75.86613,5.05486],[-75.86613,5.05486],[-75.86613,5.05486],[-75.86613,5.05486],[-75.86613,5.05486],[-75.86613,5.05486],[-75.86613,5.05486],[-75.86613,5.05486],[-75.86613,5.05486],[-75.86613,5.05486],[-75.86613,5.05486],[-75.86613,5.05486],[-75.86613,5.05486],[-75.86613,5.05486],[-75.86613,5.05486],[-75.86613,5.05486],[-75.86613,5.05486],[-75.86613,5.05486],[-75.86613,5.05485],[-75.86613,5.05485],[-75.86613,5.05485],[-75.86613,5.05485],[-75.86613,5.05485],[-75.86613,5.05485],[-75.86613,5.05485],[-75.86613,5.05485],[-75.86613,5.05485],[-75.86613,5.05485],[-75.86613,5.05485],[-75.86612,5.05485],[-75.86612,5.05485],[-75.86612,5.05485],[-75.86612,5.05485],[-75.86612,5.05485],[-75.86612,5.05485],[-75.86612,5.05485],[-75.86612,5.05485],[-75.86612,5.05485],[-75.86612,5.05485],[-75.86612,5.05485],[-75.86612,5.05485],[-75.86612,5.05485],[-75.86612,5.05485],[-75.86612,5.05485],[-75.86612,5.05485],[-75.86612,5.05485],[-75.86612,5.05485],[-75.86612,5.05485],[-75.86612,5.05485],[-75.86612,5.05485],[-75.86612,5.05485],[-75.86612,5.05485],[-75.86612,5.05485],[-75.86612,5.05485],[-75.86612,5.05485],[-75.86612,5.05485],[-75.86612,5.05485],[-75.86612,5.05485],[-75.86612,5.05485],[-75.86612,5.05485],[-75.86612,5.05485],[-75.86612,5.05485],[-75.86612,5.05485],[-75.86612,5.05485],[-75.86612,5.05485],[-75.86612,5.05485],[-75.86612,5.05485],[-75.86612,5.05485],[-75.86612,5.05485],[-75.86612,5.05485],[-75.86612,5.05485],[-75.86612,5.05485],[-75.86612,5.05485],[-75.86612,5.05485],[-75.86612,5.05485],[-75.86611,5.05485],[-75.86611,5.05485],[-75.86611,5.05485],[-75.86611,5.05484],[-75.86611,5.05484],[-75.86611,5.05484],[-75.86611,5.05484],[-75.86611,5.05484],[-75.86611,5.05484],[-75.86611,5.05484],[-75.86611,5.05484],[-75.86611,5.05484],[-75.86611,5.05484],[-75.86611,5.05484],[-75.86611,5.05484],[-75.86611,5.05484],[-75.86611,5.05484],[-75.86611,5.05484],[-75.86611,5.05484],[-75.86611,5.05484],[-75.86611,5.05484],[-75.86611,5.05484],[-75.86611,5.05484],[-75.86611,5.05484],[-75.86611,5.05484],[-75.86611,5.05484],[-75.86611,5.05484],[-75.86611,5.05484],[-75.86611,5.05484],[-75.86611,5.05484],[-75.86611,5.05484],[-75.86611,5.05484],[-75.86611,5.05484],[-75.86611,5.05484],[-75.86611,5.05484],[-75.86611,5.05484],[-75.86611,5.05484],[-75.86611,5.05484],[-75.86611,5.05484],[-75.86611,5.05484],[-75.86611,5.05484],[-75.86611,5.05484],[-75.86611,5.05484],[-75.86611,5.05484],[-75.86611,5.05484],[-75.86611,5.05484],[-75.86611,5.05484],[-75.86611,5.05484],[-75.86611,5.05484],[-75.86611,5.05484],[-75.8661,5.05484],[-75.8661,5.05484],[-75.8661,5.05484],[-75.8661,5.05484],[-75.8661,5.05484],[-75.8661,5.05484],[-75.8661,5.05484],[-75.8661,5.05484],[-75.8661,5.05484],[-75.8661,5.05484],[-75.8661,5.05484],[-75.8661,5.05484],[-75.8661,5.05483],[-75.8661,5.05483],[-75.8661,5.05483],[-75.8661,5.05483],[-75.8661,5.05483],[-75.8661,5.05483],[-75.8661,5.05483],[-75.8661,5.05483],[-75.8661,5.05483],[-75.8661,5.05483],[-75.8661,5.05483],[-75.8661,5.05483],[-75.8661,5.05483],[-75.8661,5.05483],[-75.8661,5.05483],[-75.86609,5.05483],[-75.86609,5.05482],[-75.86609,5.05482],[-75.86608,5.05482],[-75.86608,5.05481],[-75.86608,5.05481],[-75.86608,5.05481],[-75.86608,5.05481],[-75.86608,5.05481],[-75.86607,5.05481],[-75.86607,5.05481],[-75.86607,5.05481],[-75.86607,5.05481],[-75.86607,5.05481],[-75.86607,5.0548],[-75.86607,5.0548],[-75.86607,5.0548],[-75.86607,5.0548],[-75.86607,5.0548],[-75.86607,5.0548],[-75.86607,5.0548],[-75.86606,5.05479],[-75.86606,5.05479],[-75.86606,5.05479],[-75.86606,5.05479],[-75.86606,5.05479],[-75.86606,5.05479],[-75.86606,5.05479],[-75.86606,5.05479],[-75.86606,5.05479],[-75.86606,5.05479],[-75.86606,5.05479],[-75.86606,5.05479],[-75.86606,5.05479],[-75.86606,5.05479],[-75.86606,5.05478],[-75.86606,5.05478],[-75.86606,5.05478],[-75.86606,5.05478],[-75.86606,5.05478],[-75.86606,5.05478],[-75.86606,5.05478],[-75.86605,5.05478],[-75.86605,5.05477],[-75.86605,5.05477],[-75.86605,5.05477],[-75.86605,5.05477],[-75.86605,5.05477],[-75.86605,5.05477],[-75.86605,5.05477],[-75.86605,5.05477],[-75.86605,5.05477],[-75.86605,5.05477],[-75.86605,5.05477],[-75.86605,5.05476],[-75.86605,5.05476],[-75.86605,5.05476],[-75.86605,5.05476],[-75.86605,5.05476],[-75.86605,5.05476],[-75.86605,5.05476],[-75.86605,5.05476],[-75.86605,5.05476],[-75.86605,5.05476],[-75.86605,5.05476],[-75.86605,5.05476],[-75.86605,5.05476],[-75.86605,5.05476],[-75.86605,5.05476],[-75.86604,5.05476],[-75.86604,5.05475],[-75.86604,5.05475],[-75.86604,5.05475],[-75.86604,5.05475],[-75.86604,5.05475],[-75.86604,5.05475],[-75.86604,5.05475],[-75.86604,5.05475],[-75.86604,5.05475],[-75.86604,5.05475],[-75.86604,5.05475],[-75.86604,5.05475],[-75.86604,5.05475],[-75.86604,5.05475],[-75.86604,5.05475],[-75.86604,5.05474],[-75.86604,5.05474],[-75.86604,5.05474],[-75.86604,5.05474],[-75.86604,5.05474],[-75.86604,5.05474],[-75.86604,5.05474],[-75.86604,5.05474],[-75.86604,5.05474],[-75.86604,5.05474],[-75.86604,5.05474],[-75.86604,5.05474],[-75.86604,5.05474],[-75.86604,5.05473],[-75.86604,5.05473],[-75.86604,5.05473],[-75.86604,5.05473],[-75.86604,5.05473],[-75.86604,5.05473],[-75.86604,5.05473],[-75.86604,5.05473],[-75.86604,5.05473],[-75.86604,5.05473],[-75.86604,5.05473],[-75.86604,5.05473],[-75.86604,5.05473],[-75.86604,5.05473],[-75.86604,5.05472],[-75.86604,5.05472],[-75.86604,5.05472],[-75.86604,5.05472],[-75.86604,5.05472],[-75.86604,5.05472],[-75.86604,5.05472],[-75.86604,5.05472],[-75.86604,5.05472],[-75.86604,5.05472],[-75.86604,5.05472],[-75.86604,5.05471],[-75.86604,5.05471],[-75.86604,5.05471],[-75.86604,5.05471],[-75.86604,5.05471],[-75.86604,5.05471],[-75.86605,5.05471],[-75.86605,5.05471],[-75.86605,5.05471],[-75.86605,5.0547],[-75.86605,5.0547],[-75.86605,5.0547],[-75.86605,5.0547],[-75.86605,5.0547],[-75.86605,5.0547],[-75.86605,5.0547],[-75.86605,5.0547],[-75.86605,5.0547],[-75.86605,5.0547],[-75.86605,5.0547],[-75.86605,5.0547],[-75.86605,5.05469],[-75.86605,5.05469],[-75.86605,5.05469],[-75.86605,5.05469],[-75.86605,5.05469],[-75.86605,5.05469],[-75.86606,5.05469],[-75.86606,5.05468],[-75.86606,5.05468],[-75.86606,5.05468],[-75.86606,5.05468],[-75.86606,5.05468],[-75.86606,5.05468],[-75.86606,5.05468],[-75.86606,5.05468],[-75.86606,5.05468],[-75.86606,5.05467],[-75.86607,5.05467],[-75.86607,5.05467],[-75.86607,5.05467],[-75.86607,5.05467],[-75.86607,5.05467],[-75.86607,5.05467],[-75.86607,5.05467],[-75.86607,5.05467],[-75.86607,5.05467],[-75.86607,5.05467],[-75.86607,5.05467],[-75.86607,5.05467],[-75.86607,5.05466],[-75.86607,5.05466],[-75.86608,5.05466],[-75.86608,5.05466],[-75.86608,5.05466],[-75.86608,5.05466],[-75.86608,5.05466],[-75.86608,5.05466],[-75.86608,5.05466],[-75.86608,5.05466],[-75.86608,5.05466],[-75.86608,5.05466],[-75.86608,5.05466],[-75.86608,5.05466],[-75.86609,5.05465],[-75.86609,5.05465],[-75.86609,5.05465],[-75.86609,5.05465],[-75.86609,5.05465],[-75.86609,5.05465],[-75.86609,5.05465],[-75.86609,5.05465],[-75.86609,5.05465],[-75.86609,5.05465],[-75.86609,5.05465],[-75.86609,5.05465],[-75.8661,5.05464],[-75.8661,5.05464],[-75.8661,5.05464],[-75.8661,5.05464],[-75.8661,5.05464],[-75.8661,5.05464],[-75.8661,5.05464],[-75.8661,5.05464],[-75.8661,5.05464],[-75.86611,5.05463],[-75.86611,5.05463],[-75.86611,5.05463],[-75.86611,5.05463],[-75.86611,5.05463],[-75.86611,5.05463],[-75.86611,5.05463],[-75.86611,5.05463],[-75.86611,5.05463],[-75.86611,5.05463],[-75.86612,5.05463],[-75.86612,5.05462],[-75.86612,5.05462],[-75.86612,5.05462],[-75.86612,5.05462],[-75.86612,5.05462],[-75.86613,5.05461],[-75.86613,5.05461],[-75.86613,5.05461],[-75.86613,5.05461],[-75.86614,5.05461],[-75.86614,5.05461],[-75.86614,5.05461],[-75.86614,5.0546],[-75.86614,5.0546],[-75.86613,5.05459],[-75.86613,5.05456],[-75.86611,5.05448],[-75.86612,5.05442],[-75.86614,5.05435],[-75.86614,5.05433],[-75.86612,5.05428],[-75.86609,5.05424],[-75.86606,5.05422],[-75.86603,5.05422],[-75.86597,5.05427],[-75.86588,5.05433],[-75.86577,5.05438],[-75.86569,5.05442],[-75.86564,5.05445],[-75.86545,5.0545],[-75.86537,5.05453],[-75.86531,5.05461],[-75.8652,5.05468],[-75.86513,5.05472],[-75.86508,5.05474],[-75.865,5.05478],[-75.86491,5.05481],[-75.86485,5.05484],[-75.86476,5.05488],[-75.8647,5.05491],[-75.86463,5.05494],[-75.86453,5.05498],[-75.86445,5.05502],[-75.86436,5.05507],[-75.86427,5.0551],[-75.86414,5.05516],[-75.86408,5.05519],[-75.864,5.05524],[-75.8639,5.0553],[-75.86387,5.05534],[-75.86382,5.05541],[-75.86375,5.05553],[-75.86371,5.05566],[-75.86369,5.05575],[-75.86368,5.0558],[-75.86367,5.05587],[-75.86367,5.05597],[-75.86368,5.05612],[-75.8637,5.05622],[-75.86376,5.05636],[-75.8638,5.05644],[-75.86385,5.05651],[-75.86391,5.05658],[-75.86399,5.05666],[-75.86409,5.05677],[-75.86415,5.05683],[-75.86425,5.05688],[-75.86436,5.05692],[-75.8645,5.05696],[-75.8645,5.05696],[-75.86452,5.05696],[-75.86453,5.05696],[-75.86454,5.05696],[-75.86455,5.05696],[-75.86455,5.05696],[-75.86457,5.05697],[-75.86457,5.05697],[-75.86458,5.05697],[-75.86458,5.05697],[-75.86458,5.05697],[-75.86458,5.05697],[-75.86459,5.05697],[-75.86459,5.05697],[-75.86462,5.05697],[-75.86463,5.05697],[-75.86464,5.05697],[-75.86465,5.05697],[-75.86466,5.05697],[-75.86468,5.05698],[-75.8647,5.05698],[-75.86471,5.05699],[-75.86471,5.05699],[-75.86471,5.05699],[-75.86471,5.05699],[-75.86472,5.05699],[-75.86472,5.05699],[-75.86472,5.05699],[-75.86472,5.05699],[-75.86473,5.05699],[-75.86473,5.05699],[-75.86473,5.05699],[-75.86474,5.05699],[-75.86474,5.05699],[-75.86474,5.05699],[-75.86474,5.05699],[-75.86475,5.05699],[-75.86475,5.05699],[-75.86475,5.05699],[-75.86475,5.05699],[-75.86476,5.05699],[-75.86476,5.05699],[-75.86476,5.05699],[-75.86477,5.05699],[-75.86477,5.05699],[-75.86478,5.05699],[-75.86478,5.05699],[-75.86478,5.05699],[-75.86478,5.05699],[-75.86479,5.05699],[-75.86479,5.057],[-75.86479,5.057],[-75.8648,5.057],[-75.8648,5.057],[-75.8648,5.057],[-75.8648,5.057],[-75.8648,5.057],[-75.86481,5.057],[-75.86481,5.057],[-75.86481,5.057],[-75.86482,5.057],[-75.86482,5.057],[-75.86482,5.05701],[-75.86483,5.05701],[-75.86483,5.05701],[-75.86484,5.05701],[-75.86484,5.05701],[-75.86484,5.05701],[-75.86485,5.05701],[-75.86485,5.05701],[-75.86486,5.05702],[-75.86486,5.05702],[-75.86486,5.05702],[-75.86487,5.05702],[-75.86487,5.05702],[-75.86487,5.05702],[-75.86487,5.05702],[-75.86488,5.05702],[-75.86488,5.05702],[-75.86489,5.05703],[-75.86489,5.05703],[-75.8649,5.05703],[-75.8649,5.05703],[-75.86491,5.05703],[-75.86491,5.05704],[-75.86491,5.05704],[-75.86492,5.05704],[-75.86492,5.05704],[-75.86493,5.05704],[-75.86493,5.05704],[-75.86494,5.05704],[-75.86494,5.05705],[-75.86495,5.05705],[-75.86495,5.05705],[-75.86496,5.05705],[-75.86496,5.05705],[-75.86496,5.05705],[-75.86497,5.05705],[-75.86497,5.05705],[-75.86497,5.05706],[-75.86499,5.05705],[-75.86501,5.05705],[-75.86504,5.05705],[-75.86515,5.05707],[-75.86523,5.05709],[-75.8653,5.0571],[-75.86538,5.05712],[-75.86542,5.05712],[-75.86544,5.05712],[-75.86549,5.05712],[-75.86558,5.05714],[-75.86566,5.05715],[-75.86571,5.05717],[-75.86575,5.05722],[-75.86578,5.05728],[-75.86581,5.05735],[-75.86583,5.05746],[-75.86583,5.05749],[-75.86582,5.05752],[-75.86582,5.05757],[-75.86581,5.05766],[-75.8658,5.05778],[-75.8658,5.05782],[-75.86581,5.05786],[-75.86582,5.0579],[-75.86582,5.05791],[-75.86583,5.05797],[-75.86584,5.05803],[-75.86586,5.05808],[-75.86588,5.05813],[-75.86588,5.05816],[-75.8659,5.05815],[-75.86589,5.05811],[-75.86589,5.05808],[-75.8659,5.05806],[-75.86592,5.05806],[-75.866,5.05811],[-75.86606,5.05815],[-75.86608,5.05816],[-75.86608,5.05816],[-75.86614,5.0582],[-75.8662,5.05822],[-75.86633,5.05825],[-75.86645,5.05828],[-75.86648,5.05828],[-75.86649,5.05829],[-75.86659,5.05832],[-75.86674,5.05834]],[[-75.86685,5.05834],[-75.86678,5.05833],[-75.86673,5.05832],[-75.86665,5.0583],[-75.86657,5.05828],[-75.86647,5.05825],[-75.86636,5.05822],[-75.8663,5.05821],[-75.86623,5.05819],[-75.86618,5.05818],[-75.86615,5.05817],[-75.86612,5.05815],[-75.86609,5.05813],[-75.86605,5.0581],[-75.86601,5.05808],[-75.86597,5.05805],[-75.86592,5.05803],[-75.86589,5.05802],[-75.86588,5.05801],[-75.86587,5.05799],[-75.86586,5.05796],[-75.86586,5.05792],[-75.86585,5.05788],[-75.86584,5.05782],[-75.86583,5.05777],[-75.86583,5.05772],[-75.86584,5.05767],[-75.86584,5.05761],[-75.86585,5.05755],[-75.86586,5.05749],[-75.86586,5.05745],[-75.86585,5.0574],[-75.86583,5.05734],[-75.86581,5.05727],[-75.86579,5.05723],[-75.86579,5.05719],[-75.86583,5.05706],[-75.86588,5.05693],[-75.86594,5.05674],[-75.86596,5.05681],[-75.86599,5.05692],[-75.86604,5.057],[-75.8661,5.05705],[-75.86617,5.05706],[-75.86626,5.05709],[-75.86637,5.05713],[-75.86646,5.05718],[-75.86653,5.05724],[-75.86659,5.0573],[-75.86662,5.05737],[-75.86663,5.05743],[-75.86664,5.05756],[-75.86664,5.05772],[-75.86665,5.05779],[-75.86672,5.05796],[-75.86676,5.05803],[-75.86682,5.0581],[-75.8669,5.05817],[-75.86691,5.0582],[-75.8669,5.05825],[-75.86689,5.05829],[-75.86687,5.05831],[-75.86685,5.05834]],[[-75.86588,5.05684],[-75.86582,5.05699],[-75.86575,5.05716],[-75.86572,5.05714],[-75.86569,5.05712],[-75.86564,5.05711],[-75.86559,5.05711],[-75.86553,5.0571],[-75.86545,5.05708],[-75.86537,5.05707],[-75.8653,5.05705],[-75.86521,5.05702],[-75.86516,5.05698],[-75.8651,5.05692],[-75.86505,5.05688],[-75.86497,5.05684],[-75.86489,5.05682],[-75.86486,5.05681],[-75.86484,5.05679],[-75.86486,5.05668],[-75.8649,5.05658],[-75.86496,5.05638],[-75.86501,5.05621],[-75.86503,5.05616],[-75.86509,5.05596],[-75.86514,5.05583],[-75.8652,5.05565],[-75.86522,5.05557],[-75.86637,5.05585],[-75.86635,5.0559],[-75.86629,5.05601],[-75.86625,5.0561],[-75.86622,5.05617],[-75.86619,5.05623],[-75.86614,5.05629],[-75.86607,5.05639],[-75.86602,5.05646],[-75.86597,5.05655],[-75.86594,5.05662],[-75.86593,5.05665],[-75.86592,5.05671],[-75.86588,5.05684]],[[-75.86491,5.05686],[-75.865,5.05689],[-75.86506,5.05692],[-75.8651,5.05696],[-75.86515,5.057],[-75.86517,5.05702],[-75.8652,5.05703],[-75.86521,5.05704],[-75.8652,5.05704],[-75.86518,5.05704],[-75.86515,5.05704],[-75.86511,5.05703],[-75.86506,5.05703],[-75.86502,5.05702],[-75.86497,5.05702],[-75.86487,5.05699],[-75.86478,5.05697],[-75.86477,5.05696],[-75.86479,5.05691],[-75.86481,5.05687],[-75.86482,5.05685],[-75.86484,5.05685],[-75.86487,5.05684],[-75.86491,5.05686]],[[-75.86475,5.05696],[-75.86472,5.05695],[-75.8647,5.05694],[-75.86465,5.05694],[-75.86457,5.05693],[-75.86452,5.05693],[-75.86446,5.05691],[-75.86439,5.05689],[-75.86433,5.05687],[-75.86426,5.05685],[-75.86423,5.05683],[-75.86419,5.0568],[-75.86412,5.05675],[-75.86408,5.05671],[-75.86402,5.05664],[-75.86397,5.05658],[-75.86389,5.0565],[-75.86383,5.05644],[-75.86383,5.05642],[-75.8638,5.05635],[-75.86376,5.05626],[-75.86373,5.05614],[-75.86371,5.05606],[-75.86371,5.05597],[-75.86372,5.05588],[-75.86372,5.05579],[-75.86376,5.0557],[-75.86379,5.05563],[-75.86384,5.05554],[-75.86389,5.05547],[-75.8639,5.0554],[-75.86391,5.05535],[-75.86397,5.05531],[-75.86409,5.05524],[-75.8642,5.05518],[-75.86439,5.05511],[-75.86449,5.05506],[-75.8646,5.055],[-75.86475,5.05494],[-75.86501,5.05482],[-75.86515,5.05475],[-75.86534,5.05464],[-75.86541,5.05459],[-75.86544,5.05458],[-75.86546,5.05459],[-75.86546,5.05461],[-75.86545,5.05466],[-75.86542,5.05476],[-75.86538,5.05488],[-75.86533,5.05502],[-75.86529,5.05515],[-75.86524,5.05535],[-75.86516,5.05561],[-75.86507,5.05591],[-75.86485,5.05659],[-75.86475,5.05696]],[[-75.86701,5.05833],[-75.86696,5.05819],[-75.86695,5.05805],[-75.86692,5.05796],[-75.86686,5.05783],[-75.86684,5.05772],[-75.86682,5.05747],[-75.86683,5.05738],[-75.8669,5.05721],[-75.8671,5.05668],[-75.86737,5.05597],[-75.86738,5.05595],[-75.86764,5.0553],[-75.86768,5.05526],[-75.86773,5.05525],[-75.86788,5.05527],[-75.86798,5.0553],[-75.86809,5.05529],[-75.86814,5.05547],[-75.86819,5.05562],[-75.86842,5.05597],[-75.86848,5.05606],[-75.86855,5.0561],[-75.86853,5.05618],[-75.86847,5.05633],[-75.86846,5.05636],[-75.86842,5.05649],[-75.86817,5.05711],[-75.86798,5.05762],[-75.86786,5.05792],[-75.86779,5.0581],[-75.86774,5.05821],[-75.86772,5.05822],[-75.86768,5.05823],[-75.86763,5.05823],[-75.86753,5.05824],[-75.86746,5.05824],[-75.8674,5.05826],[-75.86729,5.05828],[-75.86715,5.05832],[-75.86704,5.05833],[-75.86701,5.05833]],[[-75.86789,5.05824],[-75.8678,5.05822],[-75.86778,5.05822],[-75.8685,5.05637],[-75.86851,5.05635],[-75.86859,5.05613],[-75.86883,5.05625],[-75.86896,5.05635],[-75.86901,5.05643],[-75.86905,5.05653],[-75.86906,5.05654],[-75.86906,5.05657],[-75.8691,5.0567],[-75.8691,5.05682],[-75.86906,5.05711],[-75.86901,5.05724],[-75.86889,5.05745],[-75.86879,5.05759],[-75.86872,5.05775],[-75.86863,5.0579],[-75.86854,5.058],[-75.86845,5.05806],[-75.86839,5.0581],[-75.86834,5.05811],[-75.86827,5.05814],[-75.86818,5.05817],[-75.86798,5.05824],[-75.86789,5.05824]]]},"properties":{"OBJECTID":17,"Zonificacion":"Restauración","Resolucion":"2025-1740","Municipio":"Viterbo","SHAPE_Length":6496.84579228216,"SHAPE_Area":44509.76863554231}},{"type":"Feature","id":18,"geometry":{"type":"Polygon","coordinates":[[[-75.86585,5.05925],[-75.86585,5.05925],[-75.86585,5.05926],[-75.86585,5.05927],[-75.86598,5.05925],[-75.86609,5.05923],[-75.86614,5.05923],[-75.86623,5.05923],[-75.86621,5.05922],[-75.86617,5.0592],[-75.86616,5.05919],[-75.86616,5.05919],[-75.86615,5.0592],[-75.86612,5.0592],[-75.86612,5.0592],[-75.86603,5.05922],[-75.86603,5.05922],[-75.86597,5.05922],[-75.86597,5.05922],[-75.86588,5.05923],[-75.86588,5.05923],[-75.86586,5.05923],[-75.86585,5.05925]]]},"properties":{"OBJECTID":18,"Zonificacion":"Restauración","Resolucion":"2025-1740","Municipio":"Viterbo","SHAPE_Length":88.9144527779497,"SHAPE_Area":140.52413886742798}},{"type":"Feature","id":19,"geometry":{"type":"Polygon","coordinates":[[[-75.86311,5.06366],[-75.8633,5.06366],[-75.86387,5.06365],[-75.86391,5.06365],[-75.86592,5.06364],[-75.86593,5.06362],[-75.86603,5.06364],[-75.8662,5.06364],[-75.86633,5.0635],[-75.86675,5.06301],[-75.86691,5.06254],[-75.86637,5.06238],[-75.86538,5.06208],[-75.86513,5.06201],[-75.86441,5.06179],[-75.86419,5.06171],[-75.86412,5.06183],[-75.86383,5.06221],[-75.86354,5.06253],[-75.86339,5.06272],[-75.8633,5.06284],[-75.86322,5.06301],[-75.86322,5.06312],[-75.86322,5.06316],[-75.86322,5.0632],[-75.86319,5.06341],[-75.86313,5.0636],[-75.86311,5.06366]]]},"properties":{"OBJECTID":19,"Zonificacion":"Restauración","Resolucion":"2025-1740","Municipio":"Viterbo","SHAPE_Length":1059.8625197075878,"SHAPE_Area":62406.86041970499}},{"type":"Feature","id":20,"geometry":{"type":"Polygon","coordinates":[[[-75.85806,5.06351],[-75.85917,5.06368],[-75.85954,5.06368],[-75.85823,5.06347],[-75.85814,5.06347],[-75.85808,5.06342],[-75.85806,5.06351]]]},"properties":{"OBJECTID":20,"Zonificacion":"Restauración","Resolucion":"2025-1740","Municipio":"Viterbo","SHAPE_Length":341.78376954696154,"SHAPE_Area":938.7349432860206}},{"type":"Feature","id":21,"geometry":{"type":"MultiPolygon","coordinates":[[[[-75.85987,5.0559],[-75.8599,5.05593],[-75.86005,5.05595],[-75.86039,5.05599],[-75.86044,5.05555],[-75.86044,5.05555],[-75.86044,5.05555],[-75.86015,5.05551],[-75.86014,5.05551],[-75.8601,5.0555],[-75.85992,5.05549],[-75.85992,5.05549],[-75.85987,5.0559]]],[[[-75.86193,5.06296],[-75.86201,5.06285],[-75.86209,5.06275],[-75.86214,5.06265],[-75.86219,5.06254],[-75.86223,5.06246],[-75.86229,5.06226],[-75.86232,5.06219],[-75.86235,5.06206],[-75.86237,5.06197],[-75.86238,5.06192],[-75.86238,5.06187],[-75.86239,5.06182],[-75.86232,5.06177],[-75.86222,5.06174],[-75.8622,5.06173],[-75.86221,5.06163],[-75.86223,5.06153],[-75.86223,5.06148],[-75.86224,5.06137],[-75.86225,5.06126],[-75.86228,5.06106],[-75.8623,5.06093],[-75.86232,5.06079],[-75.86233,5.06071],[-75.86236,5.06059],[-75.86233,5.06059],[-75.86231,5.06059],[-75.86237,5.06033],[-75.86244,5.06021],[-75.86253,5.06005],[-75.86263,5.05993],[-75.86278,5.05976],[-75.86289,5.05963],[-75.86302,5.05954],[-75.86308,5.05956],[-75.8631,5.05954],[-75.86312,5.05953],[-75.86328,5.05947],[-75.86337,5.05946],[-75.86342,5.05945],[-75.86346,5.05945],[-75.86349,5.05945],[-75.86353,5.05944],[-75.8636,5.05945],[-75.86367,5.05946],[-75.86374,5.05946],[-75.86378,5.05946],[-75.86381,5.05946],[-75.86384,5.05945],[-75.86386,5.05943],[-75.86388,5.0594],[-75.86389,5.05937],[-75.8639,5.05934],[-75.86392,5.05909],[-75.86393,5.05898],[-75.86395,5.05876],[-75.86395,5.0587],[-75.86394,5.05862],[-75.8639,5.05848],[-75.86387,5.05839],[-75.86384,5.05832],[-75.86379,5.0582],[-75.86376,5.05782],[-75.86374,5.05764],[-75.86373,5.0575],[-75.8637,5.05742],[-75.86364,5.05729],[-75.8636,5.0572],[-75.86355,5.05714],[-75.86348,5.05703],[-75.86346,5.05696],[-75.86342,5.05692],[-75.86313,5.05687],[-75.8631,5.05686],[-75.86275,5.05682],[-75.86258,5.05681],[-75.86247,5.05679],[-75.86224,5.05677],[-75.86214,5.05676],[-75.86108,5.05663],[-75.86099,5.05662],[-75.85962,5.05646],[-75.85969,5.05653],[-75.8611,5.05668],[-75.86218,5.05681],[-75.86315,5.05692],[-75.86329,5.05693],[-75.86335,5.05694],[-75.86338,5.05695],[-75.86342,5.05698],[-75.86344,5.05701],[-75.86361,5.05733],[-75.86364,5.05739],[-75.86368,5.0575],[-75.8637,5.05759],[-75.86372,5.0577],[-75.86374,5.0578],[-75.86375,5.05789],[-75.86376,5.05804],[-75.86376,5.05818],[-75.86377,5.05823],[-75.86381,5.05831],[-75.86329,5.05824],[-75.86273,5.05815],[-75.86217,5.05806],[-75.86094,5.05787],[-75.86049,5.0578],[-75.86046,5.0578],[-75.85988,5.05771],[-75.85935,5.05763],[-75.85936,5.05769],[-75.86094,5.05792],[-75.86211,5.05811],[-75.8627,5.05819],[-75.86308,5.05825],[-75.86384,5.05839],[-75.86391,5.05866],[-75.86392,5.05872],[-75.86389,5.05905],[-75.86387,5.05929],[-75.86387,5.05932],[-75.86386,5.05934],[-75.86386,5.05937],[-75.86385,5.05938],[-75.86385,5.05939],[-75.86383,5.05941],[-75.86381,5.05942],[-75.86379,5.05942],[-75.86376,5.05942],[-75.86374,5.05942],[-75.86367,5.05942],[-75.86363,5.05941],[-75.86359,5.0594],[-75.86353,5.0594],[-75.86348,5.0594],[-75.86343,5.05941],[-75.86339,5.05941],[-75.86334,5.05942],[-75.86328,5.05943],[-75.86323,5.05945],[-75.86319,5.05947],[-75.86315,5.05948],[-75.86312,5.05949],[-75.86309,5.0595],[-75.86302,5.05951],[-75.86295,5.05949],[-75.8626,5.05944],[-75.86215,5.05937],[-75.86198,5.05935],[-75.86192,5.05935],[-75.86077,5.05917],[-75.86073,5.05917],[-75.86061,5.05915],[-75.85938,5.05897],[-75.85913,5.05893],[-75.85905,5.05884],[-75.85907,5.05896],[-75.85975,5.05907],[-75.86062,5.0592],[-75.86068,5.05919],[-75.86073,5.0592],[-75.86189,5.0594],[-75.86191,5.0594],[-75.86174,5.0605],[-75.86144,5.06045],[-75.86057,5.06032],[-75.85963,5.06016],[-75.85889,5.06001],[-75.85885,5.0601],[-75.85884,5.0601],[-75.85959,5.06019],[-75.86056,5.06037],[-75.86057,5.06037],[-75.86145,5.06051],[-75.86173,5.06055],[-75.86162,5.06129],[-75.86152,5.06125],[-75.8605,5.0609],[-75.86049,5.0609],[-75.86047,5.06093],[-75.86048,5.06093],[-75.86151,5.06129],[-75.86162,5.06134],[-75.86158,5.06164],[-75.86154,5.06163],[-75.8604,5.06146],[-75.86029,5.06144],[-75.86027,5.06144],[-75.85807,5.06111],[-75.85804,5.06117],[-75.86037,5.06151],[-75.86041,5.06151],[-75.86155,5.0617],[-75.86157,5.0617],[-75.86156,5.06179],[-75.86141,5.06278],[-75.86025,5.0626],[-75.85781,5.06222],[-75.85779,5.06228],[-75.86019,5.06265],[-75.86019,5.06265],[-75.86024,5.06266],[-75.86008,5.06367],[-75.86159,5.06367],[-75.86162,5.06367],[-75.86162,5.06366],[-75.86166,5.06342],[-75.86175,5.06325],[-75.86183,5.06312],[-75.86192,5.06297],[-75.86193,5.06296],[-75.86193,5.06295],[-75.86192,5.06292],[-75.86193,5.06296]]]]},"properties":{"OBJECTID":21,"Zonificacion":"Restauración","Resolucion":"2025-1740","Municipio":"Viterbo","SHAPE_Length":7204.976099998137,"SHAPE_Area":67289.26332211708}},{"type":"Feature","id":22,"geometry":{"type":"Polygon","coordinates":[[[-75.86287,5.04668],[-75.86286,5.0467],[-75.86285,5.04671],[-75.86284,5.04673],[-75.86284,5.04676],[-75.86283,5.04676],[-75.86283,5.04677],[-75.86279,5.0469],[-75.86278,5.04694],[-75.86276,5.047],[-75.86272,5.04718],[-75.86273,5.04725],[-75.86264,5.04757],[-75.86255,5.04784],[-75.86241,5.04822],[-75.86237,5.04839],[-75.86238,5.04849],[-75.86238,5.04852],[-75.86241,5.04861],[-75.86246,5.04873],[-75.86249,5.04886],[-75.86253,5.04902],[-75.86255,5.04919],[-75.86255,5.04937],[-75.86255,5.04955],[-75.86258,5.04955],[-75.86272,5.04956],[-75.86276,5.04956],[-75.86279,5.04954],[-75.86283,5.04951],[-75.86286,5.04944],[-75.86289,5.04937],[-75.86294,5.04929],[-75.86299,5.04923],[-75.86302,5.04918],[-75.86307,5.04913],[-75.86311,5.04909],[-75.86315,5.04906],[-75.8632,5.04903],[-75.86332,5.04892],[-75.86337,5.04889],[-75.86342,5.04885],[-75.86368,5.04865],[-75.86368,5.04865],[-75.86354,5.04863],[-75.86355,5.04862],[-75.86374,5.04848],[-75.86368,5.0484],[-75.86361,5.04831],[-75.86358,5.04828],[-75.86358,5.04828],[-75.86357,5.04827],[-75.86356,5.04825],[-75.86356,5.04825],[-75.86353,5.04821],[-75.8635,5.04817],[-75.8635,5.04817],[-75.86349,5.04815],[-75.86348,5.04814],[-75.86347,5.0481],[-75.86346,5.0481],[-75.86346,5.04808],[-75.86345,5.04807],[-75.86343,5.04803],[-75.86343,5.04802],[-75.86343,5.048],[-75.86342,5.04799],[-75.86341,5.04795],[-75.86341,5.04795],[-75.86341,5.04793],[-75.8634,5.04788],[-75.8634,5.04787],[-75.8634,5.04786],[-75.8634,5.04785],[-75.8634,5.04782],[-75.8634,5.04781],[-75.8634,5.04773],[-75.8634,5.04772],[-75.8634,5.0477],[-75.8634,5.04768],[-75.8634,5.04767],[-75.8634,5.04766],[-75.86341,5.04761],[-75.86341,5.0476],[-75.86342,5.04758],[-75.86343,5.04757],[-75.86343,5.04756],[-75.86344,5.04753],[-75.86345,5.04751],[-75.86346,5.0475],[-75.86347,5.04748],[-75.86348,5.04747],[-75.86349,5.04745],[-75.86349,5.04745],[-75.86352,5.04741],[-75.86353,5.0474],[-75.86355,5.04739],[-75.86356,5.04738],[-75.86357,5.04738],[-75.86361,5.04734],[-75.86364,5.04732],[-75.86369,5.04727],[-75.8637,5.04726],[-75.86371,5.04725],[-75.86375,5.04722],[-75.8638,5.04718],[-75.86383,5.04715],[-75.86384,5.04715],[-75.86384,5.04714],[-75.86391,5.04709],[-75.86391,5.04708],[-75.86395,5.04705],[-75.86395,5.04705],[-75.86397,5.04704],[-75.86398,5.04703],[-75.86399,5.04703],[-75.86402,5.04701],[-75.86403,5.047],[-75.86408,5.04698],[-75.86409,5.04697],[-75.86412,5.04696],[-75.86415,5.04694],[-75.86417,5.04693],[-75.86418,5.04692],[-75.86419,5.04691],[-75.86423,5.0469],[-75.86424,5.04689],[-75.86424,5.04689],[-75.86433,5.04685],[-75.86435,5.04685],[-75.86435,5.04685],[-75.86443,5.04682],[-75.86444,5.04681],[-75.86446,5.04681],[-75.86448,5.04681],[-75.86448,5.04681],[-75.86449,5.04681],[-75.86454,5.04679],[-75.86455,5.04678],[-75.86456,5.04678],[-75.86463,5.04676],[-75.86473,5.04672],[-75.86474,5.04672],[-75.86486,5.04668],[-75.86487,5.04667],[-75.86488,5.04667],[-75.86495,5.04665],[-75.86496,5.04665],[-75.86496,5.04665],[-75.86498,5.04664],[-75.86499,5.04664],[-75.86501,5.04664],[-75.86502,5.04663],[-75.86504,5.04663],[-75.86506,5.04663],[-75.86508,5.04664],[-75.86509,5.04664],[-75.86501,5.04657],[-75.86489,5.04649],[-75.86478,5.04641],[-75.86376,5.04572],[-75.86331,5.04612],[-75.86329,5.04632],[-75.86328,5.04633],[-75.86328,5.04637],[-75.86327,5.0464],[-75.86324,5.04642],[-75.86323,5.04644],[-75.86318,5.04647],[-75.86318,5.04647],[-75.86317,5.04648],[-75.86313,5.0465],[-75.86312,5.0465],[-75.86312,5.04651],[-75.86295,5.04662],[-75.86287,5.04668]]]},"properties":{"OBJECTID":22,"Zonificacion":"Sostenible condicionado a actividades agrícolas","Resolucion":"2025-1740","Municipio":"Viterbo","SHAPE_Length":1202.8559959293823,"SHAPE_Area":47149.99438862217}},{"type":"Feature","id":23,"geometry":{"type":"Polygon","coordinates":[[[-75.86255,5.04969],[-75.86253,5.0499],[-75.86249,5.05006],[-75.86247,5.05009],[-75.86229,5.05037],[-75.86227,5.05038],[-75.86224,5.05041],[-75.86222,5.05042],[-75.86219,5.05046],[-75.86216,5.05049],[-75.86212,5.05055],[-75.8621,5.05059],[-75.86208,5.05061],[-75.86205,5.05066],[-75.86203,5.05069],[-75.86202,5.05071],[-75.86205,5.05071],[-75.8622,5.05071],[-75.8623,5.05072],[-75.86239,5.05071],[-75.86244,5.05071],[-75.86247,5.05071],[-75.86253,5.05068],[-75.86254,5.05066],[-75.86256,5.05064],[-75.86258,5.05059],[-75.86261,5.0505],[-75.86263,5.05041],[-75.86264,5.05033],[-75.86265,5.05028],[-75.86266,5.05022],[-75.86267,5.05011],[-75.86268,5.05006],[-75.86269,5.05001],[-75.8627,5.04993],[-75.8627,5.04986],[-75.86272,5.0498],[-75.86273,5.0497],[-75.86274,5.04964],[-75.86273,5.04961],[-75.86263,5.0496],[-75.86255,5.04959],[-75.86255,5.04969]]]},"properties":{"OBJECTID":23,"Zonificacion":"Sostenible condicionado a actividades agrícolas","Resolucion":"2025-1740","Municipio":"Viterbo","SHAPE_Length":339.47160830515634,"SHAPE_Area":3914.8047787535425}},{"type":"Feature","id":24,"geometry":{"type":"Polygon","coordinates":[[[-75.86736,5.04977],[-75.86737,5.04984],[-75.86741,5.04995],[-75.86747,5.05008],[-75.86754,5.05022],[-75.86759,5.05037],[-75.86762,5.0505],[-75.86764,5.05063],[-75.86762,5.0509],[-75.86761,5.05098],[-75.86764,5.05103],[-75.86768,5.05105],[-75.86766,5.05102],[-75.86763,5.05099],[-75.86762,5.05092],[-75.86764,5.05077],[-75.86766,5.05069],[-75.86766,5.0506],[-75.86768,5.05043],[-75.86775,5.05021],[-75.86787,5.04997],[-75.86793,5.04991],[-75.86795,5.04989],[-75.86763,5.0498],[-75.86742,5.04975],[-75.86736,5.04977]]]},"properties":{"OBJECTID":24,"Zonificacion":"Sostenible condicionado a actividades agrícolas","Resolucion":"2025-1740","Municipio":"Viterbo","SHAPE_Length":358.4039832106732,"SHAPE_Area":2588.4503760143284}},{"type":"Feature","id":25,"geometry":{"type":"Polygon","coordinates":[[[-75.86321,5.04914],[-75.86313,5.04922],[-75.86307,5.0493],[-75.86302,5.04936],[-75.86295,5.04943],[-75.86292,5.04949],[-75.86287,5.0496],[-75.86284,5.04968],[-75.86282,5.04977],[-75.8628,5.04991],[-75.8628,5.04999],[-75.86279,5.0501],[-75.86275,5.0502],[-75.86273,5.0503],[-75.86272,5.05035],[-75.86264,5.05057],[-75.86262,5.05065],[-75.8626,5.0507],[-75.86257,5.05074],[-75.86254,5.05077],[-75.86249,5.0508],[-75.86243,5.05083],[-75.86239,5.05087],[-75.86234,5.05092],[-75.8623,5.05097],[-75.86228,5.05099],[-75.86225,5.05102],[-75.86218,5.05117],[-75.86217,5.05123],[-75.86219,5.05122],[-75.86219,5.05122],[-75.8622,5.05122],[-75.86221,5.05121],[-75.86221,5.05121],[-75.86221,5.05121],[-75.86222,5.0512],[-75.86224,5.05119],[-75.86224,5.05119],[-75.86225,5.05119],[-75.86227,5.05118],[-75.86228,5.05117],[-75.8623,5.05116],[-75.86232,5.05116],[-75.86232,5.05116],[-75.86233,5.05116],[-75.86234,5.05115],[-75.86235,5.05115],[-75.86237,5.05114],[-75.86238,5.05113],[-75.86239,5.05113],[-75.86243,5.0511],[-75.86244,5.0511],[-75.86245,5.05109],[-75.86245,5.05109],[-75.86245,5.05109],[-75.86247,5.05108],[-75.8625,5.05105],[-75.86253,5.05101],[-75.86253,5.051],[-75.86254,5.05099],[-75.86255,5.05097],[-75.86256,5.05096],[-75.86256,5.05096],[-75.86264,5.05087],[-75.86271,5.05078],[-75.86272,5.05078],[-75.86272,5.05077],[-75.86272,5.05072],[-75.86272,5.05067],[-75.86272,5.05067],[-75.86272,5.05065],[-75.86273,5.05063],[-75.86273,5.05061],[-75.86274,5.0506],[-75.86274,5.05058],[-75.86275,5.05057],[-75.86276,5.05054],[-75.86279,5.05049],[-75.86279,5.05048],[-75.8628,5.05047],[-75.8628,5.05045],[-75.86282,5.05044],[-75.86283,5.05043],[-75.86283,5.05042],[-75.86289,5.05036],[-75.86289,5.05035],[-75.86294,5.05031],[-75.86295,5.0503],[-75.86296,5.05029],[-75.86298,5.05027],[-75.86299,5.05027],[-75.863,5.05026],[-75.86303,5.05024],[-75.86303,5.05024],[-75.86304,5.05023],[-75.86304,5.05022],[-75.86308,5.05008],[-75.86308,5.05007],[-75.86309,5.05006],[-75.8631,5.05004],[-75.86312,5.05],[-75.86313,5.04997],[-75.86316,5.0499],[-75.86322,5.04975],[-75.86325,5.04965],[-75.86325,5.04962],[-75.86326,5.04957],[-75.86326,5.04956],[-75.86326,5.04954],[-75.86326,5.04953],[-75.86326,5.04951],[-75.86326,5.0495],[-75.86326,5.04949],[-75.86326,5.04948],[-75.86326,5.04947],[-75.86326,5.04945],[-75.86326,5.04944],[-75.86326,5.04943],[-75.86326,5.04942],[-75.86325,5.04941],[-75.86325,5.04938],[-75.86325,5.04937],[-75.86324,5.04936],[-75.86324,5.04934],[-75.86324,5.04934],[-75.86324,5.04932],[-75.86324,5.0493],[-75.86324,5.04929],[-75.86324,5.04927],[-75.86324,5.04925],[-75.86325,5.04923],[-75.86325,5.04923],[-75.86325,5.04922],[-75.86326,5.04921],[-75.86326,5.04921],[-75.86326,5.04921],[-75.86326,5.04921],[-75.86326,5.04919],[-75.86326,5.04917],[-75.86326,5.04916],[-75.86327,5.04914],[-75.86327,5.04912],[-75.86328,5.04912],[-75.86328,5.04911],[-75.86328,5.04909],[-75.86328,5.04907],[-75.86321,5.04914]]]},"properties":{"OBJECTID":25,"Zonificacion":"Sostenible condicionado a actividades agrícolas","Resolucion":"2025-1740","Municipio":"Viterbo","SHAPE_Length":565.260311795623,"SHAPE_Area":6180.006725460637}},{"type":"Feature","id":26,"geometry":{"type":"Polygon","coordinates":[[[-75.86818,5.0512],[-75.86819,5.05121],[-75.86818,5.0512],[-75.86817,5.0512],[-75.86818,5.0512]]]},"properties":{"OBJECTID":26,"Zonificacion":"Sostenible condicionado a actividades agrícolas","Resolucion":"2025-1740","Municipio":"Viterbo","SHAPE_Length":4.43545932633115,"SHAPE_Area":0.10944800122794508}},{"type":"Feature","id":27,"geometry":{"type":"Polygon","coordinates":[[[-75.8684,5.05141],[-75.86842,5.05143],[-75.86835,5.05133],[-75.86832,5.05131],[-75.8684,5.05141]]]},"properties":{"OBJECTID":27,"Zonificacion":"Sostenible condicionado a actividades agrícolas","Resolucion":"2025-1740","Municipio":"Viterbo","SHAPE_Length":34.63947294524661,"SHAPE_Area":9.22709923837098}},{"type":"Feature","id":28,"geometry":{"type":"Polygon","coordinates":[[[-75.85926,5.052],[-75.85925,5.052],[-75.85925,5.052],[-75.85924,5.052],[-75.85924,5.052],[-75.85923,5.05201],[-75.85923,5.05201],[-75.85922,5.05201],[-75.85921,5.05202],[-75.8592,5.05202],[-75.85919,5.05202],[-75.85919,5.05202],[-75.85916,5.05205],[-75.85922,5.05205],[-75.85929,5.05206],[-75.8593,5.05205],[-75.85931,5.05203],[-75.8593,5.05203],[-75.85929,5.05203],[-75.85929,5.05202],[-75.85929,5.05202],[-75.85929,5.05202],[-75.85929,5.05201],[-75.85929,5.05201],[-75.85928,5.05201],[-75.85928,5.052],[-75.85928,5.052],[-75.85927,5.052],[-75.85926,5.052],[-75.85926,5.052],[-75.85926,5.052]]]},"properties":{"OBJECTID":28,"Zonificacion":"Sostenible condicionado a actividades agrícolas","Resolucion":"2025-1740","Municipio":"Viterbo","SHAPE_Length":37.952654127031096,"SHAPE_Area":64.47908308119844}},{"type":"Feature","id":29,"geometry":{"type":"Polygon","coordinates":[[[-75.85937,5.05208],[-75.85948,5.05209],[-75.85946,5.05208],[-75.85942,5.05207],[-75.85937,5.05206],[-75.85937,5.05206],[-75.85937,5.05208]]]},"properties":{"OBJECTID":29,"Zonificacion":"Sostenible condicionado a actividades agrícolas","Resolucion":"2025-1740","Municipio":"Viterbo","SHAPE_Length":27.23781125566871,"SHAPE_Area":15.421343370128874}},{"type":"Feature","id":30,"geometry":{"type":"Polygon","coordinates":[[[-75.86201,5.05077],[-75.86201,5.05084],[-75.86201,5.05089],[-75.862,5.05093],[-75.862,5.05094],[-75.86199,5.05097],[-75.86197,5.051],[-75.86195,5.05104],[-75.86191,5.05108],[-75.86185,5.05115],[-75.86181,5.0512],[-75.86177,5.05124],[-75.86172,5.05128],[-75.8617,5.05129],[-75.86164,5.05133],[-75.86159,5.05135],[-75.86153,5.0514],[-75.86151,5.05143],[-75.8615,5.05143],[-75.86148,5.05144],[-75.86143,5.05146],[-75.86137,5.05148],[-75.86124,5.05152],[-75.86106,5.05156],[-75.86097,5.05158],[-75.86095,5.05159],[-75.86086,5.05163],[-75.86079,5.05166],[-75.86077,5.05167],[-75.86071,5.05169],[-75.86069,5.05171],[-75.86066,5.05172],[-75.86063,5.05173],[-75.86062,5.05175],[-75.8606,5.05176],[-75.8606,5.05176],[-75.86057,5.05178],[-75.8604,5.05188],[-75.86024,5.05197],[-75.86017,5.052],[-75.86011,5.05202],[-75.86007,5.05203],[-75.86,5.05204],[-75.85994,5.05206],[-75.85989,5.05207],[-75.85985,5.05207],[-75.85977,5.0521],[-75.85972,5.05211],[-75.85982,5.05212],[-75.86045,5.05219],[-75.86054,5.0522],[-75.86057,5.0522],[-75.86061,5.05219],[-75.86064,5.05216],[-75.86067,5.05212],[-75.86071,5.05205],[-75.86074,5.052],[-75.86077,5.05196],[-75.86081,5.05191],[-75.86085,5.05186],[-75.8609,5.05182],[-75.86095,5.05177],[-75.861,5.05174],[-75.86105,5.05172],[-75.86119,5.05167],[-75.86126,5.05164],[-75.86129,5.05164],[-75.86133,5.05163],[-75.86139,5.05161],[-75.86146,5.05158],[-75.86153,5.05156],[-75.8616,5.05152],[-75.86175,5.05146],[-75.86194,5.05142],[-75.86204,5.05139],[-75.86206,5.05137],[-75.86207,5.05132],[-75.86211,5.05116],[-75.86212,5.0511],[-75.86215,5.05101],[-75.86218,5.05096],[-75.86223,5.0509],[-75.86229,5.05084],[-75.86235,5.0508],[-75.86235,5.05079],[-75.86232,5.05078],[-75.86212,5.05077],[-75.86202,5.05076],[-75.86201,5.05077]]]},"properties":{"OBJECTID":30,"Zonificacion":"Sostenible condicionado a actividades agrícolas","Resolucion":"2025-1740","Municipio":"Viterbo","SHAPE_Length":716.6473430928977,"SHAPE_Area":6942.838170094075}},{"type":"Feature","id":31,"geometry":{"type":"Polygon","coordinates":[[[-75.86852,5.05214],[-75.86854,5.05232],[-75.86855,5.05228],[-75.86851,5.05192],[-75.86849,5.05169],[-75.86846,5.05167],[-75.86852,5.05214]]]},"properties":{"OBJECTID":31,"Zonificacion":"Sostenible condicionado a actividades agrícolas","Resolucion":"2025-1740","Municipio":"Viterbo","SHAPE_Length":145.1518255957477,"SHAPE_Area":124.29255295970265}},{"type":"Feature","id":32,"geometry":{"type":"Polygon","coordinates":[[[-75.86838,5.05271],[-75.8684,5.05269],[-75.86847,5.05263],[-75.86848,5.05262],[-75.86838,5.05271]]]},"properties":{"OBJECTID":32,"Zonificacion":"Sostenible condicionado a actividades agrícolas","Resolucion":"2025-1740","Municipio":"Viterbo","SHAPE_Length":29.675814462691985,"SHAPE_Area":7.829063270459132}},{"type":"Feature","id":33,"geometry":{"type":"Polygon","coordinates":[[[-75.86789,5.05297],[-75.86795,5.05296],[-75.86798,5.05294],[-75.86789,5.05297]]]},"properties":{"OBJECTID":33,"Zonificacion":"Sostenible condicionado a actividades agrícolas","Resolucion":"2025-1740","Municipio":"Viterbo","SHAPE_Length":21.334965268002133,"SHAPE_Area":3.786319190544586}},{"type":"Feature","id":34,"geometry":{"type":"Polygon","coordinates":[[[-75.8674,5.05308],[-75.8673,5.05322],[-75.86727,5.05326],[-75.8674,5.05308],[-75.8674,5.05308]]]},"properties":{"OBJECTID":34,"Zonificacion":"Sostenible condicionado a actividades agrícolas","Resolucion":"2025-1740","Municipio":"Viterbo","SHAPE_Length":50.77206746387404,"SHAPE_Area":15.272011761348068}},{"type":"Feature","id":35,"geometry":{"type":"Polygon","coordinates":[[[-75.8679,5.05151],[-75.8678,5.05154],[-75.8676,5.05159],[-75.86742,5.0517],[-75.86723,5.05182],[-75.86717,5.05191],[-75.86711,5.05202],[-75.86706,5.05212],[-75.86701,5.05224],[-75.86699,5.05242],[-75.86696,5.05257],[-75.86694,5.0527],[-75.86692,5.05285],[-75.86692,5.05295],[-75.86689,5.05313],[-75.86684,5.05337],[-75.86684,5.05349],[-75.86688,5.05355],[-75.86695,5.05358],[-75.86698,5.05358],[-75.86701,5.05357],[-75.86706,5.05351],[-75.86711,5.05337],[-75.86722,5.05309],[-75.8673,5.05295],[-75.86733,5.05293],[-75.86751,5.05285],[-75.86779,5.0528],[-75.86794,5.05277],[-75.86808,5.0527],[-75.86817,5.05264],[-75.8683,5.05257],[-75.86834,5.05252],[-75.86837,5.05246],[-75.86839,5.05237],[-75.86838,5.05226],[-75.86834,5.05207],[-75.86831,5.05193],[-75.86831,5.05171],[-75.8683,5.05162],[-75.86823,5.05154],[-75.86816,5.05149],[-75.868,5.0515],[-75.8679,5.05151]]]},"properties":{"OBJECTID":35,"Zonificacion":"Sostenible condicionado a actividades agrícolas","Resolucion":"2025-1740","Municipio":"Viterbo","SHAPE_Length":654.0066084072889,"SHAPE_Area":21344.816990525673}},{"type":"Feature","id":36,"geometry":{"type":"Polygon","coordinates":[[[-75.85831,5.05342],[-75.85831,5.05343],[-75.85833,5.05348],[-75.85835,5.05353],[-75.85838,5.05356],[-75.8584,5.05359],[-75.85843,5.05362],[-75.85846,5.05365],[-75.85847,5.05368],[-75.85848,5.0537],[-75.8585,5.05371],[-75.85852,5.05371],[-75.85854,5.05371],[-75.85855,5.05371],[-75.85856,5.0537],[-75.85857,5.05368],[-75.85857,5.05367],[-75.85856,5.05365],[-75.85854,5.05363],[-75.85853,5.05361],[-75.85851,5.05359],[-75.85843,5.05349],[-75.85841,5.05345],[-75.85839,5.05342],[-75.85836,5.05336],[-75.85836,5.05336],[-75.85831,5.05342]]]},"properties":{"OBJECTID":36,"Zonificacion":"Sostenible condicionado a actividades agrícolas","Resolucion":"2025-1740","Municipio":"Viterbo","SHAPE_Length":100.58962544415708,"SHAPE_Area":376.0435872101866}},{"type":"Feature","id":37,"geometry":{"type":"Polygon","coordinates":[[[-75.85867,5.05301],[-75.85867,5.05302],[-75.85866,5.05303],[-75.85865,5.05303],[-75.85864,5.05303],[-75.85864,5.05304],[-75.85862,5.05304],[-75.8586,5.05306],[-75.85857,5.05309],[-75.85856,5.0531],[-75.85855,5.05312],[-75.85847,5.05317],[-75.85841,5.05326],[-75.85838,5.05332],[-75.8584,5.05335],[-75.8585,5.05351],[-75.85859,5.05363],[-75.85869,5.05371],[-75.85877,5.05377],[-75.85879,5.05375],[-75.85881,5.05371],[-75.85894,5.05329],[-75.85907,5.05288],[-75.85926,5.05232],[-75.85926,5.0523],[-75.85925,5.05228],[-75.85922,5.05226],[-75.85912,5.05225],[-75.85901,5.05225],[-75.85893,5.05223],[-75.85889,5.05226],[-75.85886,5.05228],[-75.85885,5.05229],[-75.85885,5.0523],[-75.85885,5.05231],[-75.85885,5.05236],[-75.85887,5.05244],[-75.85887,5.05245],[-75.85887,5.05246],[-75.85887,5.05248],[-75.85887,5.05249],[-75.85887,5.05251],[-75.85886,5.05253],[-75.85885,5.05257],[-75.85884,5.05259],[-75.85884,5.0526],[-75.85879,5.05271],[-75.85878,5.05274],[-75.85878,5.05275],[-75.85877,5.0528],[-75.85877,5.05284],[-75.85877,5.05284],[-75.85878,5.05287],[-75.85878,5.05288],[-75.85879,5.05288],[-75.85879,5.05288],[-75.85879,5.05289],[-75.85878,5.05289],[-75.85878,5.0529],[-75.85877,5.05291],[-75.85877,5.05292],[-75.85877,5.05294],[-75.85876,5.05295],[-75.85875,5.05296],[-75.85874,5.05297],[-75.85874,5.05298],[-75.85873,5.05298],[-75.85873,5.05299],[-75.85872,5.05299],[-75.85872,5.05299],[-75.85871,5.05299],[-75.8587,5.05299],[-75.85869,5.053],[-75.85868,5.05301],[-75.85868,5.05301],[-75.85868,5.05301],[-75.85867,5.05301],[-75.85867,5.05301]]]},"properties":{"OBJECTID":37,"Zonificacion":"Sostenible condicionado a actividades agrícolas","Resolucion":"2025-1740","Municipio":"Viterbo","SHAPE_Length":424.7805675676977,"SHAPE_Area":6717.163040836421}},{"type":"Feature","id":38,"geometry":{"type":"Polygon","coordinates":[[[-75.85825,5.05351],[-75.85815,5.05362],[-75.85819,5.05372],[-75.8582,5.05375],[-75.85842,5.05378],[-75.85845,5.05374],[-75.85845,5.0537],[-75.85838,5.05363],[-75.85829,5.05349],[-75.85828,5.05347],[-75.85825,5.05351]]]},"properties":{"OBJECTID":38,"Zonificacion":"Sostenible condicionado a actividades agrícolas","Resolucion":"2025-1740","Municipio":"Viterbo","SHAPE_Length":104.44347061813752,"SHAPE_Area":630.3636518092317}},{"type":"Feature","id":39,"geometry":{"type":"Polygon","coordinates":[[[-75.86625,5.05381],[-75.86626,5.05382],[-75.86627,5.05384],[-75.86627,5.05385],[-75.86628,5.05386],[-75.86629,5.05386],[-75.86631,5.05387],[-75.86631,5.05386],[-75.86632,5.05386],[-75.86632,5.05386],[-75.86633,5.05385],[-75.86634,5.05385],[-75.86634,5.05385],[-75.86635,5.05384],[-75.86635,5.05384],[-75.86636,5.05384],[-75.86636,5.05384],[-75.86637,5.05384],[-75.86637,5.05382],[-75.86637,5.05381],[-75.86635,5.05381],[-75.86635,5.05381],[-75.86633,5.05381],[-75.86631,5.05381],[-75.86629,5.0538],[-75.86628,5.0538],[-75.86626,5.05379],[-75.86625,5.05379],[-75.86625,5.05381]]]},"properties":{"OBJECTID":39,"Zonificacion":"Sostenible condicionado a actividades agrícolas","Resolucion":"2025-1740","Municipio":"Viterbo","SHAPE_Length":36.141677620936754,"SHAPE_Area":66.79654535038632}},{"type":"Feature","id":40,"geometry":{"type":"Polygon","coordinates":[[[-75.86732,5.05387],[-75.86732,5.05387],[-75.86733,5.05388],[-75.86733,5.05388],[-75.86733,5.05388],[-75.86733,5.05388],[-75.86734,5.05388],[-75.86734,5.05389],[-75.86735,5.05389],[-75.86735,5.05389],[-75.86735,5.05389],[-75.86736,5.0539],[-75.86737,5.0539],[-75.86737,5.05391],[-75.86738,5.05391],[-75.86738,5.05391],[-75.86739,5.05391],[-75.8674,5.05392],[-75.86741,5.05392],[-75.86741,5.05392],[-75.86741,5.05393],[-75.86742,5.05393],[-75.86742,5.05393],[-75.86743,5.05393],[-75.86744,5.05394],[-75.86745,5.05395],[-75.86745,5.05395],[-75.86745,5.05395],[-75.86746,5.05395],[-75.86747,5.05396],[-75.86747,5.05396],[-75.86748,5.05397],[-75.86748,5.05397],[-75.86749,5.05397],[-75.86749,5.05397],[-75.8675,5.05398],[-75.8675,5.05398],[-75.86751,5.05398],[-75.86751,5.05398],[-75.86751,5.05399],[-75.86751,5.05399],[-75.86752,5.05399],[-75.86752,5.05399],[-75.86752,5.05399],[-75.86753,5.054],[-75.86753,5.054],[-75.86753,5.054],[-75.86754,5.054],[-75.86754,5.05401],[-75.86754,5.05401],[-75.86755,5.05401],[-75.86755,5.05401],[-75.86755,5.05402],[-75.86756,5.05402],[-75.86756,5.05402],[-75.86756,5.05402],[-75.86756,5.05402],[-75.86756,5.05402],[-75.86756,5.05403],[-75.86756,5.05403],[-75.86756,5.05403],[-75.86756,5.05403],[-75.86757,5.05404],[-75.86757,5.05405],[-75.86759,5.0541],[-75.8676,5.05414],[-75.86761,5.05415],[-75.86762,5.05416],[-75.86763,5.05417],[-75.86762,5.05413],[-75.8676,5.05407],[-75.86758,5.05403],[-75.86756,5.05401],[-75.86753,5.05398],[-75.86752,5.05398],[-75.86749,5.05396],[-75.86746,5.05393],[-75.8673,5.05379],[-75.86729,5.05378],[-75.86727,5.05376],[-75.86722,5.0537],[-75.86715,5.05361],[-75.86715,5.0536],[-75.86716,5.05355],[-75.86727,5.05328],[-75.86721,5.05339],[-75.86715,5.05357],[-75.8671,5.05368],[-75.86718,5.05376],[-75.86729,5.05384],[-75.86729,5.05385],[-75.8673,5.05386],[-75.86731,5.05387],[-75.86731,5.05387],[-75.86731,5.05387],[-75.86731,5.05387],[-75.86732,5.05387],[-75.86732,5.05387],[-75.86732,5.05387]]]},"properties":{"OBJECTID":40,"Zonificacion":"Sostenible condicionado a actividades agrícolas","Resolucion":"2025-1740","Municipio":"Viterbo","SHAPE_Length":254.33539380526344,"SHAPE_Area":393.22283101923495}},{"type":"Feature","id":41,"geometry":{"type":"Polygon","coordinates":[[[-75.86706,5.05438],[-75.86706,5.05438],[-75.86705,5.05438],[-75.86705,5.05438],[-75.86704,5.05439],[-75.86703,5.0544],[-75.86703,5.05441],[-75.86703,5.05441],[-75.86703,5.05442],[-75.86703,5.05442],[-75.86703,5.05442],[-75.86703,5.05442],[-75.86703,5.05442],[-75.86702,5.05443],[-75.86702,5.05443],[-75.86702,5.05443],[-75.86702,5.05444],[-75.86702,5.05445],[-75.86701,5.05445],[-75.86701,5.05446],[-75.86701,5.05446],[-75.86701,5.05447],[-75.86701,5.05447],[-75.86701,5.05448],[-75.867,5.05449],[-75.867,5.05449],[-75.867,5.05449],[-75.867,5.0545],[-75.867,5.0545],[-75.867,5.05451],[-75.867,5.05451],[-75.867,5.05452],[-75.867,5.05452],[-75.867,5.05454],[-75.867,5.05454],[-75.867,5.05454],[-75.867,5.05455],[-75.867,5.05456],[-75.867,5.05456],[-75.867,5.05457],[-75.86701,5.05458],[-75.86701,5.05458],[-75.86701,5.05459],[-75.86701,5.05459],[-75.86701,5.05459],[-75.86702,5.05459],[-75.86702,5.0546],[-75.86704,5.05462],[-75.86705,5.05464],[-75.86706,5.05468],[-75.86708,5.05472],[-75.8671,5.05476],[-75.86713,5.05479],[-75.86718,5.05482],[-75.86727,5.05487],[-75.86731,5.05489],[-75.86736,5.05491],[-75.86736,5.05491],[-75.86738,5.05492],[-75.86739,5.05493],[-75.86741,5.05494],[-75.86742,5.05494],[-75.86744,5.05496],[-75.86747,5.05497],[-75.86748,5.05498],[-75.86749,5.05498],[-75.86751,5.05499],[-75.86752,5.055],[-75.86755,5.05502],[-75.8676,5.05506],[-75.86766,5.05511],[-75.86769,5.05513],[-75.86771,5.05515],[-75.86775,5.05517],[-75.86779,5.05518],[-75.86781,5.05519],[-75.86784,5.0552],[-75.86787,5.05521],[-75.86792,5.05522],[-75.86799,5.05524],[-75.86803,5.05524],[-75.86806,5.05524],[-75.86809,5.05524],[-75.8681,5.05524],[-75.86804,5.05516],[-75.86798,5.05505],[-75.86778,5.05465],[-75.86775,5.05457],[-75.86772,5.05454],[-75.86767,5.05444],[-75.86766,5.0544],[-75.86765,5.05433],[-75.86765,5.05428],[-75.86764,5.05428],[-75.86763,5.05427],[-75.86762,5.05426],[-75.86762,5.05427],[-75.86762,5.05427],[-75.86762,5.05427],[-75.86762,5.05428],[-75.86762,5.05428],[-75.86762,5.05428],[-75.86761,5.05428],[-75.86761,5.05428],[-75.86761,5.05429],[-75.86761,5.05429],[-75.86761,5.05429],[-75.86761,5.05429],[-75.86761,5.0543],[-75.86761,5.0543],[-75.86761,5.0543],[-75.86761,5.0543],[-75.8676,5.05431],[-75.8676,5.05431],[-75.8676,5.05431],[-75.8676,5.05431],[-75.86759,5.05432],[-75.86759,5.05432],[-75.86758,5.05432],[-75.86758,5.05433],[-75.86758,5.05433],[-75.86758,5.05433],[-75.86757,5.05433],[-75.86757,5.05434],[-75.86757,5.05434],[-75.86756,5.05434],[-75.86756,5.05435],[-75.86756,5.05435],[-75.86756,5.05435],[-75.86756,5.05435],[-75.86755,5.05435],[-75.86755,5.05436],[-75.86755,5.05436],[-75.86755,5.05436],[-75.86755,5.05436],[-75.86755,5.05436],[-75.86755,5.05436],[-75.86755,5.05436],[-75.86755,5.05436],[-75.86754,5.05437],[-75.86754,5.05437],[-75.86753,5.05437],[-75.86753,5.05437],[-75.86753,5.05437],[-75.86753,5.05437],[-75.86752,5.05437],[-75.86752,5.05437],[-75.86752,5.05437],[-75.86752,5.05437],[-75.86751,5.05437],[-75.86751,5.05437],[-75.86751,5.05437],[-75.86751,5.05437],[-75.8675,5.05437],[-75.8675,5.05437],[-75.8675,5.05437],[-75.8675,5.05437],[-75.8675,5.05437],[-75.86749,5.05437],[-75.86749,5.05437],[-75.86749,5.05437],[-75.86749,5.05437],[-75.86749,5.05437],[-75.86748,5.05437],[-75.86748,5.05437],[-75.86748,5.05437],[-75.86748,5.05437],[-75.86748,5.05437],[-75.86748,5.05436],[-75.86747,5.05436],[-75.86747,5.05436],[-75.86747,5.05436],[-75.86747,5.05436],[-75.86747,5.05436],[-75.86747,5.05436],[-75.86746,5.05435],[-75.86746,5.05435],[-75.86745,5.05434],[-75.86745,5.05434],[-75.86745,5.05434],[-75.86744,5.05433],[-75.86744,5.05433],[-75.86744,5.05433],[-75.86743,5.05432],[-75.86743,5.05432],[-75.86742,5.05432],[-75.86742,5.05431],[-75.86742,5.05431],[-75.86741,5.05431],[-75.86741,5.05431],[-75.8674,5.05431],[-75.8674,5.05431],[-75.86739,5.05431],[-75.86738,5.05431],[-75.86738,5.05431],[-75.86737,5.05431],[-75.86737,5.05431],[-75.86736,5.0543],[-75.86736,5.0543],[-75.86736,5.0543],[-75.86735,5.0543],[-75.86735,5.0543],[-75.86735,5.0543],[-75.86734,5.0543],[-75.86733,5.0543],[-75.86733,5.0543],[-75.86733,5.0543],[-75.86731,5.05431],[-75.8673,5.0543],[-75.8673,5.0543],[-75.8673,5.0543],[-75.8673,5.0543],[-75.8673,5.0543],[-75.8673,5.05431],[-75.86729,5.05431],[-75.86729,5.05431],[-75.86729,5.05431],[-75.86728,5.05432],[-75.86727,5.05432],[-75.86726,5.05432],[-75.86726,5.05433],[-75.86725,5.05433],[-75.86724,5.05433],[-75.86724,5.05433],[-75.86724,5.05433],[-75.86723,5.05433],[-75.86723,5.05433],[-75.86722,5.05433],[-75.86722,5.05433],[-75.86721,5.05433],[-75.8672,5.05433],[-75.8672,5.05433],[-75.86719,5.05433],[-75.86719,5.05433],[-75.86718,5.05433],[-75.86717,5.05433],[-75.86717,5.05433],[-75.86717,5.05434],[-75.86716,5.05434],[-75.86716,5.05433],[-75.86715,5.05433],[-75.86714,5.05434],[-75.86713,5.05434],[-75.86713,5.05435],[-75.86712,5.05435],[-75.86712,5.05435],[-75.86711,5.05435],[-75.8671,5.05436],[-75.8671,5.05436],[-75.86708,5.05437],[-75.86707,5.05437],[-75.86707,5.05437],[-75.86707,5.05438],[-75.86706,5.05438]]]},"properties":{"OBJECTID":41,"Zonificacion":"Sostenible condicionado a actividades agrícolas","Resolucion":"2025-1740","Municipio":"Viterbo","SHAPE_Length":367.653124435052,"SHAPE_Area":6338.5529245492135}},{"type":"Feature","id":42,"geometry":{"type":"MultiPolygon","coordinates":[[[[-75.85992,5.0549],[-75.85985,5.05515],[-75.85982,5.05526],[-75.85993,5.05528],[-75.85992,5.05549],[-75.8601,5.0555],[-75.86014,5.05551],[-75.86015,5.05551],[-75.86044,5.05555],[-75.86044,5.05555],[-75.86044,5.05555],[-75.86063,5.05557],[-75.86081,5.05559],[-75.86093,5.0556],[-75.86099,5.05561],[-75.86117,5.05562],[-75.86135,5.05564],[-75.86153,5.05566],[-75.86171,5.05568],[-75.86182,5.05569],[-75.86184,5.05512],[-75.86099,5.05496],[-75.86052,5.05487],[-75.86022,5.05481],[-75.85996,5.05475],[-75.85992,5.0549]]],[[[-75.85834,5.054],[-75.85836,5.05402],[-75.85844,5.0541],[-75.85851,5.05422],[-75.85858,5.05434],[-75.85863,5.05443],[-75.85874,5.05457],[-75.85882,5.05463],[-75.85899,5.05477],[-75.8591,5.05493],[-75.85916,5.05505],[-75.85919,5.05511],[-75.85918,5.05512],[-75.85918,5.05512],[-75.85918,5.05513],[-75.85917,5.05514],[-75.85917,5.05515],[-75.85917,5.05515],[-75.85917,5.05515],[-75.85917,5.05515],[-75.85917,5.05516],[-75.85917,5.05516],[-75.85917,5.05516],[-75.85916,5.05517],[-75.85916,5.05517],[-75.85916,5.05518],[-75.85916,5.05518],[-75.85916,5.05518],[-75.85933,5.0552],[-75.85957,5.05523],[-75.85975,5.05525],[-75.85979,5.05512],[-75.85992,5.05469],[-75.85989,5.05468],[-75.85948,5.05463],[-75.8594,5.05415],[-75.85939,5.054],[-75.85938,5.05398],[-75.85934,5.05399],[-75.85896,5.05395],[-75.85882,5.05394],[-75.85875,5.05393],[-75.85873,5.05392],[-75.85862,5.05392],[-75.85835,5.05389],[-75.85826,5.05388],[-75.85829,5.05393],[-75.85834,5.054]]]]},"properties":{"OBJECTID":42,"Zonificacion":"Sostenible condicionado a actividades agrícolas","Resolucion":"2025-1740","Municipio":"Viterbo","SHAPE_Length":1141.8792739796804,"SHAPE_Area":28520.865863303334}},{"type":"Feature","id":43,"geometry":{"type":"Polygon","coordinates":[[[-75.86632,5.05438],[-75.8663,5.05449],[-75.86626,5.05467],[-75.86626,5.05476],[-75.86628,5.05482],[-75.86627,5.05493],[-75.86622,5.05505],[-75.86618,5.05514],[-75.8662,5.05519],[-75.86623,5.05525],[-75.86629,5.05536],[-75.86631,5.05538],[-75.86636,5.05542],[-75.86643,5.05544],[-75.8665,5.05547],[-75.86654,5.05552],[-75.8666,5.05562],[-75.86663,5.05568],[-75.86664,5.05569],[-75.86662,5.0557],[-75.86673,5.05574],[-75.86708,5.05587],[-75.86732,5.05596],[-75.86733,5.05593],[-75.86757,5.05535],[-75.86758,5.05528],[-75.86757,5.05522],[-75.86753,5.05517],[-75.86737,5.05505],[-75.86728,5.05496],[-75.86722,5.0549],[-75.86717,5.05487],[-75.86712,5.05484],[-75.86708,5.0548],[-75.86704,5.05474],[-75.86701,5.05468],[-75.86699,5.05462],[-75.86699,5.05462],[-75.86698,5.0546],[-75.86698,5.0546],[-75.86698,5.0546],[-75.86698,5.0546],[-75.86698,5.0546],[-75.86698,5.05459],[-75.86698,5.05459],[-75.86698,5.05459],[-75.86698,5.05459],[-75.86698,5.05459],[-75.86698,5.05459],[-75.86698,5.05458],[-75.86698,5.05458],[-75.86698,5.05458],[-75.86698,5.05458],[-75.86698,5.05457],[-75.86698,5.05457],[-75.86698,5.05457],[-75.86698,5.05456],[-75.86698,5.05456],[-75.86698,5.05456],[-75.86698,5.05456],[-75.86698,5.05455],[-75.86698,5.05455],[-75.86698,5.05455],[-75.86698,5.05455],[-75.86698,5.05455],[-75.86698,5.05455],[-75.86698,5.05454],[-75.86698,5.05454],[-75.86698,5.05454],[-75.86698,5.05453],[-75.86698,5.05453],[-75.86697,5.05453],[-75.86697,5.05453],[-75.86697,5.05453],[-75.86697,5.05453],[-75.86697,5.05452],[-75.86697,5.05452],[-75.86697,5.05452],[-75.86697,5.05452],[-75.86697,5.05451],[-75.86697,5.05451],[-75.86697,5.05451],[-75.86697,5.05451],[-75.86697,5.0545],[-75.86697,5.0545],[-75.86697,5.0545],[-75.86697,5.0545],[-75.86697,5.0545],[-75.86697,5.05449],[-75.86697,5.05449],[-75.86698,5.05449],[-75.86698,5.05449],[-75.86698,5.05448],[-75.86698,5.05446],[-75.86698,5.05446],[-75.86698,5.05445],[-75.86698,5.05445],[-75.86698,5.05445],[-75.86699,5.05445],[-75.86699,5.05445],[-75.86699,5.05445],[-75.86699,5.05444],[-75.86699,5.05444],[-75.86699,5.05444],[-75.86699,5.05444],[-75.86699,5.05444],[-75.86699,5.05444],[-75.86699,5.05443],[-75.86699,5.05443],[-75.86699,5.05443],[-75.86699,5.05443],[-75.86699,5.05443],[-75.86699,5.05443],[-75.86699,5.05443],[-75.86699,5.05443],[-75.86699,5.05442],[-75.86699,5.05442],[-75.86699,5.05442],[-75.867,5.05441],[-75.867,5.05441],[-75.867,5.05441],[-75.867,5.05441],[-75.867,5.05441],[-75.867,5.05441],[-75.867,5.0544],[-75.867,5.0544],[-75.867,5.0544],[-75.867,5.0544],[-75.867,5.0544],[-75.867,5.0544],[-75.86701,5.05439],[-75.86701,5.05439],[-75.86701,5.05438],[-75.86701,5.05438],[-75.86701,5.05438],[-75.86701,5.05438],[-75.86701,5.05438],[-75.86701,5.05438],[-75.86702,5.05438],[-75.86702,5.05438],[-75.86702,5.05437],[-75.86702,5.05437],[-75.86702,5.05437],[-75.86702,5.05437],[-75.86702,5.05437],[-75.86702,5.05437],[-75.86702,5.05437],[-75.86703,5.05437],[-75.86703,5.05437],[-75.86703,5.05437],[-75.86703,5.05437],[-75.86704,5.05436],[-75.86704,5.05436],[-75.86705,5.05436],[-75.86705,5.05436],[-75.86706,5.05435],[-75.86707,5.05435],[-75.86708,5.05434],[-75.86709,5.05433],[-75.86709,5.05433],[-75.8671,5.05433],[-75.8671,5.05433],[-75.86712,5.05432],[-75.86712,5.05432],[-75.86713,5.05431],[-75.86713,5.05431],[-75.86713,5.05431],[-75.86713,5.05431],[-75.86713,5.05431],[-75.86714,5.05431],[-75.86714,5.05431],[-75.86714,5.05431],[-75.86714,5.05431],[-75.86714,5.05431],[-75.86715,5.05431],[-75.86715,5.05431],[-75.86715,5.0543],[-75.86715,5.0543],[-75.86716,5.0543],[-75.86716,5.0543],[-75.86716,5.0543],[-75.86716,5.0543],[-75.86716,5.0543],[-75.86716,5.0543],[-75.86717,5.0543],[-75.86717,5.0543],[-75.86717,5.0543],[-75.86717,5.0543],[-75.86717,5.0543],[-75.86717,5.0543],[-75.86718,5.0543],[-75.86718,5.0543],[-75.86718,5.0543],[-75.86718,5.0543],[-75.86719,5.05429],[-75.86719,5.05429],[-75.86719,5.05429],[-75.86719,5.05429],[-75.8672,5.05429],[-75.8672,5.05429],[-75.8672,5.05429],[-75.8672,5.05429],[-75.86721,5.05429],[-75.86721,5.05429],[-75.86721,5.05429],[-75.86721,5.05429],[-75.86721,5.05429],[-75.86722,5.05429],[-75.86722,5.05428],[-75.86722,5.05428],[-75.86722,5.05428],[-75.86722,5.05428],[-75.86722,5.05428],[-75.86723,5.05428],[-75.86723,5.05428],[-75.86723,5.05428],[-75.86723,5.05428],[-75.86723,5.05428],[-75.86723,5.05428],[-75.86724,5.05427],[-75.86724,5.05427],[-75.86725,5.05427],[-75.86725,5.05427],[-75.86725,5.05427],[-75.86725,5.05427],[-75.86725,5.05427],[-75.86726,5.05427],[-75.86726,5.05427],[-75.86726,5.05427],[-75.86726,5.05427],[-75.86727,5.05427],[-75.86727,5.05427],[-75.86727,5.05427],[-75.86727,5.05427],[-75.86727,5.05427],[-75.86727,5.05427],[-75.86728,5.05426],[-75.86728,5.05426],[-75.86728,5.05426],[-75.86728,5.05426],[-75.86728,5.05426],[-75.86728,5.05426],[-75.86729,5.05426],[-75.86729,5.05426],[-75.86729,5.05426],[-75.86729,5.05426],[-75.8673,5.05426],[-75.8673,5.05426],[-75.8673,5.05426],[-75.8673,5.05426],[-75.8673,5.05426],[-75.86731,5.05426],[-75.86731,5.05426],[-75.86731,5.05426],[-75.86731,5.05426],[-75.86732,5.05426],[-75.86732,5.05426],[-75.86732,5.05426],[-75.86732,5.05426],[-75.86732,5.05426],[-75.86732,5.05426],[-75.86733,5.05426],[-75.86733,5.05426],[-75.86733,5.05427],[-75.86733,5.05427],[-75.86734,5.05427],[-75.86734,5.05427],[-75.86734,5.05427],[-75.86734,5.05427],[-75.86734,5.05427],[-75.86734,5.05427],[-75.86735,5.05427],[-75.86735,5.05427],[-75.86735,5.05427],[-75.86735,5.05427],[-75.86736,5.05427],[-75.86736,5.05427],[-75.86736,5.05427],[-75.86737,5.05427],[-75.86737,5.05427],[-75.86737,5.05427],[-75.86737,5.05427],[-75.86738,5.05427],[-75.86738,5.05427],[-75.86739,5.05427],[-75.86739,5.05427],[-75.86739,5.05427],[-75.86741,5.05428],[-75.86741,5.05428],[-75.86742,5.05429],[-75.86744,5.0543],[-75.86745,5.0543],[-75.86745,5.0543],[-75.86745,5.0543],[-75.86746,5.05431],[-75.86746,5.05431],[-75.86746,5.05431],[-75.86746,5.05431],[-75.86747,5.05431],[-75.86747,5.05431],[-75.86747,5.05431],[-75.86747,5.05431],[-75.86748,5.05431],[-75.86748,5.05431],[-75.86748,5.05431],[-75.86748,5.05431],[-75.86748,5.05431],[-75.86748,5.05431],[-75.86748,5.05432],[-75.86749,5.05432],[-75.86749,5.05432],[-75.86749,5.05433],[-75.86749,5.05433],[-75.86749,5.05433],[-75.8675,5.05433],[-75.8675,5.05434],[-75.8675,5.05434],[-75.8675,5.05434],[-75.8675,5.05434],[-75.86751,5.05434],[-75.86751,5.05434],[-75.86751,5.05435],[-75.86751,5.05435],[-75.86751,5.05435],[-75.86752,5.05435],[-75.86752,5.05435],[-75.86752,5.05435],[-75.86752,5.05435],[-75.86752,5.05435],[-75.86752,5.05435],[-75.86753,5.05435],[-75.86753,5.05435],[-75.86753,5.05435],[-75.86753,5.05435],[-75.86753,5.05434],[-75.86753,5.05434],[-75.86753,5.05434],[-75.86753,5.05434],[-75.86754,5.05434],[-75.86754,5.05434],[-75.86754,5.05433],[-75.86755,5.05432],[-75.86755,5.05432],[-75.86755,5.05432],[-75.86756,5.05431],[-75.86756,5.05431],[-75.86756,5.05431],[-75.86756,5.05431],[-75.86756,5.0543],[-75.86757,5.0543],[-75.86757,5.0543],[-75.86757,5.0543],[-75.86757,5.05429],[-75.86758,5.05429],[-75.86758,5.05429],[-75.86758,5.05428],[-75.86759,5.05428],[-75.86759,5.05428],[-75.86759,5.05427],[-75.8676,5.05427],[-75.8676,5.05426],[-75.8676,5.05426],[-75.8676,5.05426],[-75.8676,5.05426],[-75.8676,5.05425],[-75.8676,5.05425],[-75.8676,5.05424],[-75.8676,5.05424],[-75.8676,5.05423],[-75.8676,5.05423],[-75.8676,5.05423],[-75.8676,5.05422],[-75.8676,5.05422],[-75.86759,5.05422],[-75.86759,5.05421],[-75.86759,5.05421],[-75.86759,5.05421],[-75.86759,5.0542],[-75.86758,5.0542],[-75.86758,5.0542],[-75.86758,5.0542],[-75.86758,5.05419],[-75.86758,5.05419],[-75.86758,5.05418],[-75.86758,5.05418],[-75.86758,5.05417],[-75.86757,5.05417],[-75.86757,5.05417],[-75.86757,5.05416],[-75.86757,5.05416],[-75.86757,5.05416],[-75.86757,5.05416],[-75.86757,5.05415],[-75.86757,5.05415],[-75.86757,5.05415],[-75.86757,5.05414],[-75.86757,5.05414],[-75.86757,5.05414],[-75.86757,5.05413],[-75.86757,5.05412],[-75.86757,5.05412],[-75.86757,5.05412],[-75.86756,5.05411],[-75.86756,5.05411],[-75.86756,5.05411],[-75.86756,5.0541],[-75.86756,5.0541],[-75.86756,5.05409],[-75.86755,5.05409],[-75.86755,5.05409],[-75.86755,5.05408],[-75.86755,5.05408],[-75.86755,5.05408],[-75.86755,5.05408],[-75.86755,5.05407],[-75.86755,5.05407],[-75.86754,5.05406],[-75.86752,5.05404],[-75.86751,5.05403],[-75.86751,5.05403],[-75.86751,5.05403],[-75.8675,5.05403],[-75.8675,5.05403],[-75.8675,5.05402],[-75.8675,5.05402],[-75.8675,5.05402],[-75.86749,5.05402],[-75.86749,5.05402],[-75.86749,5.05402],[-75.86749,5.05402],[-75.86749,5.05402],[-75.86748,5.05402],[-75.86748,5.05402],[-75.86748,5.05402],[-75.86748,5.05401],[-75.86748,5.05401],[-75.86747,5.05401],[-75.86747,5.05401],[-75.86747,5.05401],[-75.86747,5.05401],[-75.86747,5.05401],[-75.86746,5.05401],[-75.86746,5.05401],[-75.86746,5.05401],[-75.86746,5.05401],[-75.86745,5.05401],[-75.86745,5.054],[-75.86745,5.054],[-75.86745,5.054],[-75.86745,5.054],[-75.86744,5.054],[-75.86744,5.054],[-75.86744,5.054],[-75.86744,5.054],[-75.86744,5.054],[-75.86744,5.054],[-75.86743,5.05399],[-75.86743,5.05399],[-75.86743,5.05399],[-75.86743,5.05399],[-75.86742,5.05399],[-75.86742,5.05399],[-75.86742,5.05399],[-75.86742,5.05399],[-75.86742,5.05399],[-75.8674,5.05398],[-75.8674,5.05398],[-75.8674,5.05397],[-75.86739,5.05397],[-75.86739,5.05397],[-75.86739,5.05397],[-75.86738,5.05397],[-75.86738,5.05397],[-75.86738,5.05397],[-75.86738,5.05396],[-75.86738,5.05396],[-75.86737,5.05396],[-75.86737,5.05396],[-75.86737,5.05396],[-75.86737,5.05396],[-75.86736,5.05396],[-75.86736,5.05396],[-75.86736,5.05396],[-75.86736,5.05396],[-75.86736,5.05396],[-75.86736,5.05396],[-75.86735,5.05396],[-75.86735,5.05396],[-75.86735,5.05396],[-75.86735,5.05395],[-75.86735,5.05395],[-75.86734,5.05395],[-75.86734,5.05395],[-75.86734,5.05395],[-75.86734,5.05395],[-75.86734,5.05395],[-75.86734,5.05395],[-75.86733,5.05395],[-75.86733,5.05395],[-75.86733,5.05395],[-75.86733,5.05395],[-75.86733,5.05395],[-75.86732,5.05395],[-75.86732,5.05395],[-75.86732,5.05395],[-75.86732,5.05395],[-75.86732,5.05394],[-75.86732,5.05394],[-75.86731,5.05394],[-75.86731,5.05394],[-75.86731,5.05394],[-75.86731,5.05394],[-75.86731,5.05394],[-75.8673,5.05394],[-75.86727,5.05395],[-75.86726,5.05395],[-75.86726,5.05395],[-75.86726,5.05395],[-75.86726,5.05395],[-75.86726,5.05395],[-75.86725,5.05395],[-75.86725,5.05395],[-75.86725,5.05395],[-75.86725,5.05395],[-75.86725,5.05395],[-75.86725,5.05394],[-75.86725,5.05394],[-75.86725,5.05394],[-75.86725,5.05394],[-75.86725,5.05394],[-75.86725,5.05394],[-75.86725,5.05394],[-75.86725,5.05394],[-75.86725,5.05394],[-75.86725,5.05394],[-75.86725,5.05394],[-75.86725,5.05394],[-75.86725,5.05394],[-75.86725,5.05394],[-75.86724,5.05394],[-75.86724,5.05394],[-75.86724,5.05394],[-75.86724,5.05394],[-75.86724,5.05394],[-75.86724,5.05394],[-75.86724,5.05394],[-75.86723,5.05394],[-75.86723,5.05394],[-75.86723,5.05394],[-75.86723,5.05394],[-75.86723,5.05394],[-75.86723,5.05394],[-75.86723,5.05394],[-75.86722,5.05394],[-75.86722,5.05394],[-75.86722,5.05394],[-75.86722,5.05394],[-75.86722,5.05394],[-75.86722,5.05394],[-75.86722,5.05394],[-75.86722,5.05394],[-75.86722,5.05394],[-75.86721,5.05394],[-75.86721,5.05394],[-75.86721,5.05394],[-75.86721,5.05394],[-75.86721,5.05394],[-75.86721,5.05394],[-75.86721,5.05394],[-75.86721,5.05394],[-75.8672,5.05393],[-75.8672,5.05393],[-75.8672,5.05393],[-75.8672,5.05393],[-75.8672,5.05393],[-75.8672,5.05393],[-75.8672,5.05393],[-75.8672,5.05393],[-75.8672,5.05393],[-75.8672,5.05393],[-75.86719,5.05393],[-75.86719,5.05393],[-75.86719,5.05393],[-75.86719,5.05392],[-75.86719,5.05392],[-75.86719,5.05392],[-75.86719,5.05392],[-75.86719,5.05392],[-75.86718,5.05392],[-75.86718,5.05392],[-75.86718,5.05392],[-75.86718,5.05392],[-75.86718,5.05392],[-75.86718,5.05392],[-75.86718,5.05392],[-75.86718,5.05392],[-75.86718,5.05391],[-75.86718,5.05391],[-75.86718,5.05391],[-75.86718,5.05391],[-75.86718,5.05391],[-75.86718,5.05391],[-75.86718,5.05391],[-75.86717,5.05391],[-75.86717,5.05391],[-75.86717,5.05391],[-75.86717,5.05391],[-75.86717,5.0539],[-75.86717,5.0539],[-75.86717,5.0539],[-75.86717,5.0539],[-75.86717,5.0539],[-75.86716,5.0539],[-75.86716,5.0539],[-75.86716,5.0539],[-75.86716,5.0539],[-75.86716,5.0539],[-75.86716,5.0539],[-75.86716,5.0539],[-75.86716,5.0539],[-75.86716,5.0539],[-75.86716,5.0539],[-75.86715,5.05389],[-75.86715,5.05389],[-75.86715,5.05389],[-75.86715,5.05389],[-75.86714,5.05389],[-75.86714,5.05388],[-75.86714,5.05388],[-75.86713,5.05387],[-75.86712,5.05387],[-75.86712,5.05386],[-75.86712,5.05386],[-75.86712,5.05385],[-75.86711,5.05385],[-75.86711,5.05385],[-75.86711,5.05385],[-75.86711,5.05384],[-75.86711,5.05384],[-75.86711,5.05384],[-75.86711,5.05384],[-75.86711,5.05384],[-75.8671,5.05384],[-75.8671,5.05383],[-75.8671,5.05383],[-75.8671,5.05383],[-75.8671,5.05383],[-75.8671,5.05383],[-75.8671,5.05383],[-75.8671,5.05383],[-75.8671,5.05383],[-75.86709,5.05382],[-75.86709,5.05382],[-75.86709,5.05382],[-75.86709,5.05382],[-75.86709,5.05382],[-75.86708,5.05382],[-75.86708,5.05382],[-75.86708,5.05382],[-75.86708,5.05382],[-75.86708,5.05382],[-75.86708,5.05381],[-75.86707,5.05381],[-75.86707,5.05381],[-75.86707,5.05381],[-75.86707,5.0538],[-75.86707,5.0538],[-75.86706,5.0538],[-75.86706,5.0538],[-75.86706,5.05379],[-75.86705,5.05378],[-75.86704,5.05378],[-75.86703,5.05377],[-75.86703,5.05377],[-75.86703,5.05377],[-75.86703,5.05376],[-75.86703,5.05376],[-75.86702,5.05376],[-75.86702,5.05376],[-75.86701,5.05375],[-75.86701,5.05375],[-75.86701,5.05375],[-75.86701,5.05375],[-75.86701,5.05375],[-75.86701,5.05375],[-75.867,5.05375],[-75.867,5.05374],[-75.867,5.05374],[-75.867,5.05374],[-75.867,5.05374],[-75.867,5.05374],[-75.867,5.05374],[-75.867,5.05374],[-75.867,5.05373],[-75.867,5.05373],[-75.867,5.05373],[-75.867,5.05373],[-75.86699,5.05373],[-75.86699,5.05373],[-75.86699,5.05373],[-75.86699,5.05373],[-75.86699,5.05373],[-75.86699,5.05373],[-75.86699,5.05372],[-75.867,5.05372],[-75.867,5.05372],[-75.867,5.05371],[-75.867,5.05371],[-75.867,5.05371],[-75.867,5.05371],[-75.867,5.05371],[-75.867,5.0537],[-75.867,5.0537],[-75.867,5.0537],[-75.867,5.0537],[-75.867,5.0537],[-75.867,5.0537],[-75.867,5.0537],[-75.867,5.0537],[-75.867,5.05369],[-75.86698,5.05368],[-75.86698,5.05368],[-75.86698,5.05368],[-75.86698,5.05367],[-75.86697,5.05367],[-75.86697,5.05367],[-75.86697,5.05367],[-75.86697,5.05367],[-75.86697,5.05367],[-75.86696,5.05366],[-75.86696,5.05366],[-75.86696,5.05366],[-75.86696,5.05366],[-75.86696,5.05366],[-75.86695,5.05365],[-75.86691,5.05364],[-75.8669,5.05363],[-75.86689,5.05363],[-75.86687,5.05362],[-75.86685,5.05362],[-75.86681,5.05361],[-75.86678,5.05362],[-75.86677,5.05362],[-75.86677,5.05362],[-75.86676,5.05362],[-75.86675,5.05361],[-75.86675,5.05361],[-75.86675,5.05362],[-75.86674,5.05362],[-75.86674,5.05362],[-75.86674,5.05362],[-75.86673,5.05362],[-75.86673,5.05362],[-75.86673,5.05362],[-75.86672,5.05362],[-75.86672,5.05362],[-75.86672,5.05362],[-75.86671,5.05362],[-75.86671,5.05363],[-75.8667,5.05363],[-75.8667,5.05363],[-75.8667,5.05363],[-75.86669,5.05363],[-75.86669,5.05364],[-75.86669,5.05364],[-75.86668,5.05364],[-75.86668,5.05364],[-75.86668,5.05365],[-75.86668,5.05365],[-75.86668,5.05365],[-75.86667,5.05365],[-75.86667,5.05366],[-75.86667,5.05366],[-75.86667,5.05366],[-75.86667,5.05366],[-75.86666,5.05366],[-75.86666,5.05367],[-75.86666,5.05367],[-75.86666,5.05367],[-75.86665,5.05368],[-75.86665,5.05368],[-75.86665,5.05368],[-75.86665,5.05368],[-75.86663,5.05369],[-75.86662,5.0537],[-75.86659,5.05374],[-75.86657,5.05376],[-75.86655,5.05379],[-75.86655,5.0538],[-75.86654,5.0538],[-75.86653,5.05381],[-75.86653,5.05382],[-75.86653,5.05383],[-75.86653,5.05384],[-75.86653,5.05389],[-75.86654,5.05396],[-75.86651,5.05401],[-75.8665,5.05409],[-75.86643,5.05419],[-75.86632,5.05438]]]},"properties":{"OBJECTID":43,"Zonificacion":"Sostenible condicionado a actividades agrícolas","Resolucion":"2025-1740","Municipio":"Viterbo","SHAPE_Length":775.7388929889463,"SHAPE_Area":24291.303836610507}},{"type":"Feature","id":45,"geometry":{"type":"Polygon","coordinates":[[[-75.86851,5.05635],[-75.86906,5.05654],[-75.86905,5.05653],[-75.86901,5.05643],[-75.86896,5.05635],[-75.86883,5.05625],[-75.86859,5.05613],[-75.86851,5.05635]]]},"properties":{"OBJECTID":45,"Zonificacion":"Sostenible condicionado a actividades agrícolas","Resolucion":"2025-1740","Municipio":"Viterbo","SHAPE_Length":161.00984626757338,"SHAPE_Area":1180.5470773199436}},{"type":"Feature","id":47,"geometry":{"type":"Polygon","coordinates":[[[-75.85988,5.05771],[-75.86046,5.0578],[-75.86049,5.0578],[-75.86094,5.05787],[-75.8611,5.05668],[-75.85969,5.05653],[-75.85968,5.05661],[-75.85971,5.05668],[-75.85973,5.05682],[-75.85972,5.05696],[-75.85969,5.05704],[-75.85964,5.0571],[-75.85954,5.05715],[-75.85941,5.0572],[-75.85935,5.05724],[-75.85929,5.05733],[-75.85929,5.05743],[-75.85929,5.0575],[-75.85929,5.05753],[-75.85929,5.05756],[-75.85935,5.05763],[-75.85988,5.05771]]]},"properties":{"OBJECTID":47,"Zonificacion":"Sostenible condicionado a actividades agrícolas","Resolucion":"2025-1740","Municipio":"Viterbo","SHAPE_Length":618.4858778024663,"SHAPE_Area":21511.532895976707}},{"type":"Feature","id":49,"geometry":{"type":"Polygon","coordinates":[[[-75.86778,5.05822],[-75.8678,5.05822],[-75.86789,5.05824],[-75.86798,5.05824],[-75.86818,5.05817],[-75.86827,5.05814],[-75.86834,5.05811],[-75.86839,5.0581],[-75.86845,5.05806],[-75.86854,5.058],[-75.86863,5.0579],[-75.86872,5.05775],[-75.86879,5.05759],[-75.86889,5.05745],[-75.86901,5.05724],[-75.86906,5.05711],[-75.8691,5.05682],[-75.8691,5.0567],[-75.86906,5.05657],[-75.8685,5.05637],[-75.86778,5.05822]]]},"properties":{"OBJECTID":49,"Zonificacion":"Sostenible condicionado a actividades agrícolas","Resolucion":"2025-1740","Municipio":"Viterbo","SHAPE_Length":550.9652218531592,"SHAPE_Area":15762.202709375577}},{"type":"Feature","id":50,"geometry":{"type":"Polygon","coordinates":[[[-75.86764,5.0553],[-75.86738,5.05595],[-75.86737,5.05597],[-75.8671,5.05668],[-75.8669,5.05721],[-75.86683,5.05738],[-75.86682,5.05747],[-75.86684,5.05772],[-75.86686,5.05783],[-75.86692,5.05796],[-75.86695,5.05805],[-75.86696,5.05819],[-75.86701,5.05833],[-75.86704,5.05833],[-75.86715,5.05832],[-75.86729,5.05828],[-75.8674,5.05826],[-75.86746,5.05824],[-75.86753,5.05824],[-75.86763,5.05823],[-75.86768,5.05823],[-75.86772,5.05822],[-75.86774,5.05821],[-75.86779,5.0581],[-75.86786,5.05792],[-75.86798,5.05762],[-75.86817,5.05711],[-75.86842,5.05649],[-75.86846,5.05636],[-75.86847,5.05633],[-75.86853,5.05618],[-75.86855,5.0561],[-75.86848,5.05606],[-75.86842,5.05597],[-75.86819,5.05562],[-75.86814,5.05547],[-75.86809,5.05529],[-75.86798,5.0553],[-75.86788,5.05527],[-75.86773,5.05525],[-75.86768,5.05526],[-75.86764,5.0553]]]},"properties":{"OBJECTID":50,"Zonificacion":"Sostenible condicionado a actividades agrícolas","Resolucion":"2025-1740","Municipio":"Viterbo","SHAPE_Length":845.3122034296564,"SHAPE_Area":38458.908387578136}},{"type":"Feature","id":51,"geometry":{"type":"Polygon","coordinates":[[[-75.86714,5.05836],[-75.86708,5.05837],[-75.86705,5.05838],[-75.86708,5.05845],[-75.86709,5.0585],[-75.86713,5.05852],[-75.86714,5.05851],[-75.86715,5.05849],[-75.86717,5.05846],[-75.86718,5.05844],[-75.86718,5.05842],[-75.86718,5.05841],[-75.86719,5.0584],[-75.86719,5.0584],[-75.8672,5.0584],[-75.86722,5.05839],[-75.86729,5.05837],[-75.86747,5.05835],[-75.86751,5.05836],[-75.86771,5.05838],[-75.86793,5.05843],[-75.86803,5.05845],[-75.86809,5.05845],[-75.86819,5.05844],[-75.86829,5.05842],[-75.86831,5.05842],[-75.86842,5.05839],[-75.86854,5.05832],[-75.8688,5.05808],[-75.86887,5.058],[-75.86889,5.05796],[-75.86893,5.05784],[-75.86893,5.05783],[-75.86899,5.05768],[-75.86902,5.05762],[-75.86906,5.05756],[-75.8692,5.05736],[-75.86921,5.05733],[-75.86923,5.0573],[-75.86926,5.05718],[-75.86928,5.05696],[-75.86929,5.05674],[-75.86927,5.05662],[-75.86925,5.05653],[-75.86917,5.05639],[-75.8691,5.05629],[-75.86899,5.05618],[-75.86886,5.05611],[-75.86879,5.05607],[-75.86873,5.05602],[-75.8687,5.056],[-75.86867,5.05599],[-75.86859,5.05598],[-75.86852,5.05595],[-75.86848,5.05591],[-75.86842,5.05582],[-75.8684,5.05579],[-75.86838,5.05576],[-75.86838,5.05574],[-75.86837,5.05573],[-75.86835,5.05572],[-75.86832,5.05568],[-75.86828,5.05565],[-75.86826,5.0556],[-75.86823,5.05554],[-75.86821,5.05549],[-75.86819,5.05545],[-75.86819,5.05542],[-75.86819,5.05538],[-75.86817,5.05533],[-75.86814,5.0553],[-75.86817,5.05542],[-75.86818,5.05545],[-75.86819,5.05548],[-75.8682,5.05552],[-75.86822,5.05557],[-75.86823,5.0556],[-75.86823,5.05564],[-75.86828,5.0557],[-75.86835,5.05577],[-75.86848,5.05595],[-75.86852,5.05599],[-75.86855,5.05601],[-75.86871,5.0561],[-75.86884,5.05618],[-75.86892,5.05623],[-75.869,5.05632],[-75.86906,5.05641],[-75.8691,5.0565],[-75.8691,5.05653],[-75.86912,5.05659],[-75.86914,5.05666],[-75.86917,5.05677],[-75.86917,5.05684],[-75.86915,5.05697],[-75.86912,5.05709],[-75.86911,5.05718],[-75.86906,5.05727],[-75.86899,5.05739],[-75.86893,5.05747],[-75.86887,5.05757],[-75.86883,5.05764],[-75.8688,5.0577],[-75.86872,5.05786],[-75.86869,5.05792],[-75.86865,5.05797],[-75.86861,5.05801],[-75.86856,5.05805],[-75.8685,5.05808],[-75.86843,5.05813],[-75.86837,5.05816],[-75.86828,5.05817],[-75.86821,5.0582],[-75.86815,5.05822],[-75.86813,5.05822],[-75.86808,5.05826],[-75.86807,5.05826],[-75.86801,5.05828],[-75.86791,5.05828],[-75.86781,5.05827],[-75.86772,5.05826],[-75.86767,5.05827],[-75.86756,5.05827],[-75.86741,5.05829],[-75.86727,5.05832],[-75.86714,5.05836]]]},"properties":{"OBJECTID":51,"Zonificacion":"Sostenible condicionado a actividades agrícolas","Resolucion":"2025-1740","Municipio":"Viterbo","SHAPE_Length":1150.9034852432667,"SHAPE_Area":7468.471093275032}},{"type":"Feature","id":52,"geometry":{"type":"Polygon","coordinates":[[[-75.86698,5.05898],[-75.867,5.05897],[-75.86701,5.05897],[-75.86702,5.05896],[-75.86702,5.05895],[-75.86702,5.05895],[-75.86702,5.05892],[-75.86703,5.05891],[-75.86703,5.05889],[-75.86703,5.05888],[-75.86703,5.05887],[-75.86703,5.05886],[-75.86704,5.05884],[-75.86704,5.05883],[-75.86704,5.05882],[-75.86704,5.05881],[-75.86704,5.05879],[-75.86705,5.05878],[-75.86705,5.05878],[-75.86698,5.05898]]]},"properties":{"OBJECTID":52,"Zonificacion":"Sostenible condicionado a actividades agrícolas","Resolucion":"2025-1740","Municipio":"Viterbo","SHAPE_Length":50.85945806434298,"SHAPE_Area":42.63925134450447}},{"type":"Feature","id":53,"geometry":{"type":"Polygon","coordinates":[[[-75.86622,5.05908],[-75.86622,5.0591],[-75.86623,5.05912],[-75.86625,5.05913],[-75.86628,5.05914],[-75.8663,5.05914],[-75.86635,5.05915],[-75.86643,5.05917],[-75.86649,5.05919],[-75.86651,5.05919],[-75.86652,5.05918],[-75.86652,5.05916],[-75.86649,5.05914],[-75.86645,5.05912],[-75.86642,5.05912],[-75.86641,5.05911],[-75.86626,5.05907],[-75.86623,5.05907],[-75.86622,5.05908]]]},"properties":{"OBJECTID":53,"Zonificacion":"Sostenible condicionado a actividades agrícolas","Resolucion":"2025-1740","Municipio":"Viterbo","SHAPE_Length":76.98910463930696,"SHAPE_Area":208.56393582768416}},{"type":"Feature","id":54,"geometry":{"type":"Polygon","coordinates":[[[-75.8664,5.05906],[-75.86641,5.05908],[-75.86642,5.05909],[-75.86646,5.0591],[-75.86649,5.05911],[-75.86652,5.05912],[-75.86656,5.05914],[-75.8666,5.05915],[-75.86668,5.05918],[-75.86671,5.05919],[-75.86675,5.0592],[-75.8668,5.05922],[-75.86682,5.05922],[-75.86684,5.05922],[-75.86685,5.05921],[-75.86686,5.05921],[-75.86687,5.05919],[-75.86688,5.05915],[-75.86689,5.05913],[-75.86688,5.05911],[-75.86688,5.0591],[-75.86688,5.0591],[-75.86691,5.05905],[-75.86693,5.05901],[-75.86694,5.05901],[-75.86694,5.059],[-75.86701,5.05878],[-75.86704,5.05866],[-75.86707,5.05856],[-75.86708,5.05855],[-75.86707,5.05853],[-75.86707,5.05851],[-75.86706,5.05851],[-75.86701,5.05864],[-75.86701,5.05865],[-75.86699,5.05872],[-75.86697,5.05878],[-75.86692,5.05892],[-75.86689,5.05902],[-75.8669,5.05902],[-75.86688,5.05906],[-75.86688,5.05906],[-75.86687,5.0591],[-75.86683,5.0592],[-75.86678,5.05919],[-75.86671,5.05916],[-75.86668,5.05915],[-75.86662,5.05913],[-75.86656,5.05911],[-75.86656,5.05911],[-75.86651,5.05909],[-75.86651,5.0591],[-75.8664,5.05906]],[[-75.86668,5.05916],[-75.86668,5.05915],[-75.86668,5.05915],[-75.86668,5.05916],[-75.86668,5.05916]],[[-75.86683,5.05921],[-75.86683,5.0592],[-75.86684,5.05921],[-75.86683,5.05921],[-75.86683,5.05921]],[[-75.86682,5.05921],[-75.86682,5.05921],[-75.86683,5.05921],[-75.86683,5.05922],[-75.86682,5.05921]]]},"properties":{"OBJECTID":54,"Zonificacion":"Sostenible condicionado a actividades agrícolas","Resolucion":"2025-1740","Municipio":"Viterbo","SHAPE_Length":278.2072053419771,"SHAPE_Area":423.35521014892424}},{"type":"Feature","id":55,"geometry":{"type":"Polygon","coordinates":[[[-75.8659,5.05905],[-75.8659,5.05905],[-75.8659,5.05907],[-75.86589,5.05908],[-75.86589,5.05908],[-75.86589,5.05908],[-75.86589,5.05908],[-75.86589,5.0591],[-75.86589,5.05911],[-75.86589,5.05912],[-75.86589,5.05913],[-75.86588,5.05914],[-75.86588,5.05916],[-75.86588,5.05916],[-75.86588,5.05916],[-75.86587,5.05917],[-75.86587,5.05918],[-75.86587,5.05918],[-75.86587,5.05919],[-75.86587,5.05919],[-75.86587,5.05919],[-75.86587,5.05919],[-75.86586,5.05921],[-75.86586,5.05923],[-75.86586,5.05923],[-75.86586,5.05923],[-75.86588,5.05923],[-75.86588,5.05923],[-75.86597,5.05922],[-75.86597,5.05922],[-75.86603,5.05922],[-75.86603,5.05922],[-75.86612,5.0592],[-75.86612,5.0592],[-75.86615,5.0592],[-75.86616,5.05919],[-75.86617,5.05918],[-75.86618,5.05905],[-75.86621,5.05903],[-75.86621,5.05903],[-75.86624,5.05904],[-75.86624,5.05904],[-75.8663,5.05905],[-75.86636,5.05907],[-75.8664,5.05906],[-75.86643,5.05899],[-75.86645,5.05893],[-75.86647,5.05887],[-75.86648,5.05884],[-75.86648,5.05884],[-75.86652,5.05885],[-75.86651,5.05888],[-75.86658,5.0589],[-75.86657,5.05892],[-75.86659,5.05893],[-75.86658,5.05893],[-75.8666,5.05894],[-75.8666,5.05895],[-75.86667,5.05898],[-75.86669,5.05899],[-75.86673,5.05901],[-75.86677,5.05902],[-75.86679,5.05903],[-75.86679,5.05903],[-75.86681,5.05899],[-75.86682,5.05896],[-75.8668,5.05896],[-75.8668,5.05892],[-75.8668,5.05889],[-75.86678,5.05888],[-75.86675,5.05886],[-75.86676,5.05884],[-75.86678,5.05883],[-75.8668,5.05881],[-75.86679,5.05878],[-75.86676,5.05875],[-75.86674,5.05873],[-75.86671,5.05872],[-75.86668,5.05868],[-75.86669,5.05866],[-75.86672,5.05864],[-75.86675,5.05863],[-75.86677,5.05861],[-75.86678,5.05858],[-75.86675,5.05855],[-75.86677,5.05852],[-75.86681,5.05841],[-75.86683,5.05841],[-75.86683,5.05841],[-75.86683,5.05841],[-75.86697,5.05845],[-75.86706,5.05848],[-75.86706,5.05847],[-75.86705,5.05844],[-75.86701,5.05838],[-75.86694,5.05836],[-75.8668,5.05836],[-75.8668,5.05836],[-75.86674,5.05834],[-75.86659,5.05832],[-75.86649,5.05829],[-75.86648,5.05828],[-75.86645,5.05828],[-75.86633,5.05825],[-75.8662,5.05822],[-75.86614,5.0582],[-75.86608,5.05816],[-75.86608,5.05816],[-75.86608,5.05818],[-75.86608,5.05819],[-75.86608,5.0582],[-75.86608,5.05822],[-75.86608,5.05824],[-75.86607,5.05825],[-75.86607,5.05826],[-75.86607,5.05827],[-75.86607,5.05827],[-75.86607,5.05829],[-75.86606,5.05832],[-75.86606,5.05833],[-75.86606,5.05834],[-75.86606,5.05835],[-75.86606,5.05835],[-75.86606,5.05836],[-75.86606,5.05837],[-75.86606,5.05839],[-75.86606,5.0584],[-75.86606,5.05841],[-75.86606,5.05842],[-75.86606,5.05842],[-75.86607,5.05844],[-75.86607,5.05845],[-75.86607,5.05846],[-75.86607,5.05848],[-75.86606,5.0585],[-75.86606,5.05852],[-75.86606,5.05853],[-75.86605,5.05855],[-75.86605,5.05857],[-75.86605,5.05857],[-75.86605,5.05857],[-75.86605,5.05857],[-75.86605,5.05858],[-75.86605,5.05859],[-75.86605,5.05861],[-75.86604,5.05862],[-75.86604,5.05864],[-75.86604,5.05865],[-75.86604,5.05865],[-75.86604,5.05865],[-75.86604,5.05866],[-75.86604,5.05867],[-75.86604,5.05867],[-75.86603,5.05869],[-75.86603,5.0587],[-75.86602,5.05872],[-75.86602,5.05875],[-75.86601,5.05876],[-75.86601,5.05878],[-75.866,5.05879],[-75.86599,5.05882],[-75.86599,5.05883],[-75.86598,5.05884],[-75.86597,5.05886],[-75.86597,5.05888],[-75.86597,5.05888],[-75.86596,5.05888],[-75.86596,5.05888],[-75.86596,5.05889],[-75.86595,5.05892],[-75.86595,5.05893],[-75.86594,5.05895],[-75.86593,5.05897],[-75.86593,5.05897],[-75.86593,5.05898],[-75.86592,5.05899],[-75.86591,5.059],[-75.86591,5.059],[-75.86591,5.05902],[-75.86591,5.05903],[-75.8659,5.05905]],[[-75.86627,5.05901],[-75.86629,5.05894],[-75.86638,5.05898],[-75.86636,5.05904],[-75.86627,5.05901]],[[-75.86635,5.05905],[-75.86635,5.05904],[-75.86636,5.05905],[-75.86636,5.05905],[-75.86635,5.05905],[-75.86635,5.05905],[-75.86635,5.05905]]]},"properties":{"OBJECTID":55,"Zonificacion":"Sostenible condicionado a actividades agrícolas","Resolucion":"2025-1740","Municipio":"Viterbo","SHAPE_Length":549.4295034649173,"SHAPE_Area":7485.297698280004}},{"type":"Feature","id":56,"geometry":{"type":"Polygon","coordinates":[[[-75.8669,5.05923],[-75.86691,5.05924],[-75.86693,5.05925],[-75.86692,5.05923],[-75.86692,5.05923],[-75.8669,5.05922],[-75.86691,5.0592],[-75.8669,5.05919],[-75.8669,5.05921],[-75.8669,5.05923],[-75.8669,5.05923]],[[-75.86692,5.05923],[-75.86692,5.05923],[-75.86691,5.05923],[-75.86692,5.05923],[-75.86692,5.05923]]]},"properties":{"OBJECTID":56,"Zonificacion":"Sostenible condicionado a actividades agrícolas","Resolucion":"2025-1740","Municipio":"Viterbo","SHAPE_Length":19.84033411393457,"SHAPE_Area":9.277600560112091}},{"type":"Feature","id":57,"geometry":{"type":"Polygon","coordinates":[[[-75.85921,5.05818],[-75.85917,5.05834],[-75.85915,5.05844],[-75.85911,5.05858],[-75.85905,5.05884],[-75.85913,5.05893],[-75.85938,5.05897],[-75.86061,5.05915],[-75.86073,5.05917],[-75.86077,5.05917],[-75.86192,5.05935],[-75.86198,5.05935],[-75.86211,5.05811],[-75.86094,5.05792],[-75.85936,5.05769],[-75.85921,5.05818]]]},"properties":{"OBJECTID":57,"Zonificacion":"Sostenible condicionado a actividades agrícolas","Resolucion":"2025-1740","Municipio":"Viterbo","SHAPE_Length":910.9969761237638,"SHAPE_Area":44657.53239226756}},{"type":"Feature","id":58,"geometry":{"type":"Polygon","coordinates":[[[-75.86691,5.0593],[-75.8669,5.0593],[-75.8669,5.05931],[-75.86691,5.05932],[-75.86692,5.05933],[-75.86694,5.05934],[-75.86696,5.05934],[-75.86696,5.05935],[-75.86696,5.05932],[-75.86695,5.0593],[-75.86693,5.0593],[-75.86691,5.0593]]]},"properties":{"OBJECTID":58,"Zonificacion":"Sostenible condicionado a actividades agrícolas","Resolucion":"2025-1740","Municipio":"Viterbo","SHAPE_Length":20.54710380472248,"SHAPE_Area":24.671402131937036}},{"type":"Feature","id":59,"geometry":{"type":"MultiPolygon","coordinates":[[[[-75.85809,5.06105],[-75.85809,5.06105],[-75.85807,5.06111],[-75.86027,5.06144],[-75.86029,5.06144],[-75.8604,5.06146],[-75.86154,5.06163],[-75.86158,5.06164],[-75.86162,5.06134],[-75.86151,5.06129],[-75.86048,5.06093],[-75.86047,5.06093],[-75.86049,5.0609],[-75.8605,5.0609],[-75.86152,5.06125],[-75.86162,5.06129],[-75.86173,5.06055],[-75.86145,5.06051],[-75.86057,5.06037],[-75.86056,5.06037],[-75.85959,5.06019],[-75.85884,5.0601],[-75.85885,5.0601],[-75.85875,5.06009],[-75.85843,5.06046],[-75.85838,5.06052],[-75.85812,5.06081],[-75.85809,5.06105]]],[[[-75.8641,5.06166],[-75.86419,5.06171],[-75.86441,5.06179],[-75.86513,5.06201],[-75.86538,5.06208],[-75.86637,5.06238],[-75.86691,5.06254],[-75.86675,5.06301],[-75.86633,5.0635],[-75.8662,5.06364],[-75.86651,5.06364],[-75.86652,5.06361],[-75.86654,5.06359],[-75.86654,5.06358],[-75.86654,5.06357],[-75.86656,5.06356],[-75.86658,5.06353],[-75.86661,5.06351],[-75.86663,5.06349],[-75.86663,5.06348],[-75.86665,5.06345],[-75.86666,5.06344],[-75.86669,5.0634],[-75.86674,5.06335],[-75.86676,5.06333],[-75.86679,5.0633],[-75.86684,5.06328],[-75.86684,5.06328],[-75.86685,5.06327],[-75.86687,5.06324],[-75.86691,5.06318],[-75.86696,5.06312],[-75.86697,5.06311],[-75.86697,5.06309],[-75.86696,5.06307],[-75.86695,5.06304],[-75.86695,5.06304],[-75.86695,5.06304],[-75.86695,5.06299],[-75.86695,5.06294],[-75.86695,5.06293],[-75.86695,5.06291],[-75.86695,5.06289],[-75.86695,5.06288],[-75.86694,5.06287],[-75.86694,5.06285],[-75.86694,5.06284],[-75.86694,5.06283],[-75.86694,5.06279],[-75.86694,5.06276],[-75.86695,5.06272],[-75.86697,5.06268],[-75.86698,5.06265],[-75.86698,5.06264],[-75.86697,5.06263],[-75.86696,5.06261],[-75.86696,5.06259],[-75.86694,5.06256],[-75.86694,5.06255],[-75.86694,5.06251],[-75.86693,5.06248],[-75.86691,5.06242],[-75.86691,5.06241],[-75.86691,5.0624],[-75.86691,5.06239],[-75.86691,5.06238],[-75.86691,5.06237],[-75.86691,5.06233],[-75.86691,5.06231],[-75.86691,5.0623],[-75.86692,5.06227],[-75.86693,5.06226],[-75.86693,5.06223],[-75.86694,5.06221],[-75.86695,5.06218],[-75.86696,5.06215],[-75.86697,5.06213],[-75.86698,5.06209],[-75.86701,5.06202],[-75.86703,5.06198],[-75.86703,5.06196],[-75.86704,5.06194],[-75.86705,5.06191],[-75.86705,5.0619],[-75.86705,5.06188],[-75.86705,5.06187],[-75.86705,5.06186],[-75.86706,5.06184],[-75.86709,5.06178],[-75.8671,5.06175],[-75.86711,5.06174],[-75.86711,5.06173],[-75.86712,5.06171],[-75.86713,5.06168],[-75.86713,5.06166],[-75.86713,5.06165],[-75.86714,5.06164],[-75.86715,5.06161],[-75.86715,5.06159],[-75.86715,5.06158],[-75.86715,5.06156],[-75.86715,5.06155],[-75.86715,5.06155],[-75.86715,5.06154],[-75.86715,5.06154],[-75.86715,5.06153],[-75.86715,5.06151],[-75.86715,5.06151],[-75.86716,5.06151],[-75.86716,5.0615],[-75.86716,5.0615],[-75.86716,5.06148],[-75.86716,5.06147],[-75.86716,5.06146],[-75.86716,5.06146],[-75.86715,5.06145],[-75.86715,5.06144],[-75.86715,5.06144],[-75.86715,5.06144],[-75.86715,5.06143],[-75.86714,5.06142],[-75.86714,5.06142],[-75.86713,5.06141],[-75.86713,5.06141],[-75.86713,5.0614],[-75.86712,5.06139],[-75.86712,5.06138],[-75.86711,5.06138],[-75.86711,5.06138],[-75.86711,5.06137],[-75.86711,5.06137],[-75.86711,5.06136],[-75.86711,5.06136],[-75.86711,5.06134],[-75.8671,5.06131],[-75.8671,5.06129],[-75.86709,5.06124],[-75.86709,5.06123],[-75.86709,5.06122],[-75.86709,5.06121],[-75.86709,5.0612],[-75.86709,5.06119],[-75.86709,5.06118],[-75.86709,5.06117],[-75.86709,5.06115],[-75.86709,5.06114],[-75.86709,5.06113],[-75.86709,5.06113],[-75.86709,5.06112],[-75.86709,5.06111],[-75.86709,5.0611],[-75.86709,5.06108],[-75.86709,5.06106],[-75.86709,5.06105],[-75.86709,5.06105],[-75.8671,5.06104],[-75.8671,5.06104],[-75.8671,5.06103],[-75.8671,5.06102],[-75.86711,5.06101],[-75.86711,5.06101],[-75.86711,5.061],[-75.86711,5.061],[-75.86711,5.06098],[-75.86711,5.06098],[-75.86712,5.06097],[-75.86712,5.06096],[-75.86712,5.06095],[-75.86712,5.06095],[-75.86712,5.06095],[-75.86712,5.06095],[-75.86712,5.06094],[-75.86713,5.06092],[-75.86713,5.06091],[-75.86713,5.06091],[-75.86714,5.0609],[-75.86714,5.0609],[-75.86714,5.0609],[-75.86714,5.06088],[-75.86715,5.06087],[-75.86716,5.06082],[-75.86719,5.06076],[-75.86724,5.06062],[-75.86726,5.06057],[-75.86726,5.06056],[-75.86726,5.06054],[-75.86727,5.0605],[-75.86726,5.06049],[-75.86726,5.06046],[-75.86726,5.06043],[-75.86726,5.06035],[-75.86726,5.06026],[-75.86726,5.06024],[-75.86726,5.06023],[-75.86727,5.06021],[-75.86727,5.06019],[-75.86727,5.06017],[-75.86727,5.06014],[-75.86727,5.06012],[-75.86726,5.0601],[-75.86726,5.06009],[-75.86725,5.06003],[-75.86724,5.06],[-75.86724,5.05997],[-75.86724,5.05994],[-75.86723,5.0599],[-75.86724,5.05987],[-75.86724,5.05983],[-75.86724,5.05981],[-75.86723,5.05979],[-75.86722,5.05975],[-75.86721,5.05974],[-75.86721,5.05973],[-75.86719,5.0597],[-75.86718,5.05968],[-75.86717,5.05967],[-75.86714,5.05964],[-75.86711,5.05961],[-75.86711,5.05959],[-75.86705,5.0595],[-75.86703,5.05945],[-75.86701,5.05943],[-75.86701,5.05942],[-75.867,5.05941],[-75.86697,5.0594],[-75.86695,5.0594],[-75.86691,5.05938],[-75.86687,5.05937],[-75.86685,5.05936],[-75.8668,5.05935],[-75.86679,5.05934],[-75.86677,5.05933],[-75.86674,5.05932],[-75.8667,5.0593],[-75.86666,5.05929],[-75.86663,5.05928],[-75.86662,5.05929],[-75.8666,5.0593],[-75.86659,5.05931],[-75.86656,5.0593],[-75.86657,5.05929],[-75.86657,5.05928],[-75.86658,5.05927],[-75.86658,5.05926],[-75.86657,5.05925],[-75.86655,5.05925],[-75.86652,5.05924],[-75.86648,5.05922],[-75.86643,5.05921],[-75.86638,5.0592],[-75.86634,5.05919],[-75.86629,5.05918],[-75.86627,5.05919],[-75.86624,5.05919],[-75.86623,5.05921],[-75.86621,5.05922],[-75.86623,5.05923],[-75.86614,5.05923],[-75.86609,5.05923],[-75.86598,5.05925],[-75.86585,5.05927],[-75.86585,5.05928],[-75.86585,5.0593],[-75.86585,5.05931],[-75.86585,5.05932],[-75.86585,5.05932],[-75.86584,5.05934],[-75.86584,5.05936],[-75.86584,5.05936],[-75.86584,5.05937],[-75.86584,5.05938],[-75.86583,5.0594],[-75.86583,5.05942],[-75.86582,5.05943],[-75.86581,5.05945],[-75.86581,5.05946],[-75.8658,5.05948],[-75.8658,5.05949],[-75.86579,5.0595],[-75.86579,5.05951],[-75.86578,5.05953],[-75.86577,5.05956],[-75.86577,5.05957],[-75.86576,5.05958],[-75.86576,5.0596],[-75.86576,5.0596],[-75.86575,5.05962],[-75.86575,5.05962],[-75.86574,5.05963],[-75.86573,5.05964],[-75.86572,5.05965],[-75.86571,5.05967],[-75.8657,5.05968],[-75.8657,5.05968],[-75.86569,5.05969],[-75.86568,5.0597],[-75.86567,5.05972],[-75.86567,5.05972],[-75.86567,5.05973],[-75.86566,5.05973],[-75.86565,5.05975],[-75.86563,5.05976],[-75.86562,5.05977],[-75.86561,5.05978],[-75.86559,5.05979],[-75.86558,5.05979],[-75.86558,5.05979],[-75.86558,5.05979],[-75.86558,5.0598],[-75.86556,5.05981],[-75.86556,5.05981],[-75.86556,5.05981],[-75.86556,5.05982],[-75.86555,5.05982],[-75.86555,5.05982],[-75.86554,5.05984],[-75.86553,5.05985],[-75.86552,5.05986],[-75.8655,5.05987],[-75.86549,5.05988],[-75.86548,5.05989],[-75.86548,5.05989],[-75.86548,5.05989],[-75.86548,5.0599],[-75.86546,5.05991],[-75.86546,5.05992],[-75.86546,5.05992],[-75.86546,5.05992],[-75.86545,5.05992],[-75.86544,5.05994],[-75.86543,5.05994],[-75.86543,5.05994],[-75.86543,5.05994],[-75.86543,5.05994],[-75.86543,5.05994],[-75.86543,5.05994],[-75.86543,5.05995],[-75.86541,5.05996],[-75.8654,5.05997],[-75.86539,5.05998],[-75.86537,5.05999],[-75.86537,5.05999],[-75.86536,5.06],[-75.86535,5.06],[-75.86535,5.06],[-75.86534,5.06001],[-75.86534,5.06001],[-75.86533,5.06001],[-75.86532,5.06002],[-75.86531,5.06002],[-75.8653,5.06004],[-75.86529,5.06004],[-75.86525,5.06006],[-75.86524,5.06007],[-75.86522,5.06008],[-75.86521,5.06008],[-75.8652,5.06009],[-75.8652,5.06009],[-75.86516,5.06011],[-75.86515,5.06012],[-75.86513,5.06013],[-75.86512,5.06013],[-75.8651,5.06014],[-75.8651,5.06014],[-75.86508,5.06014],[-75.86506,5.06015],[-75.86505,5.06015],[-75.86503,5.06015],[-75.86502,5.06015],[-75.86501,5.06016],[-75.86499,5.06016],[-75.86498,5.06016],[-75.86497,5.06016],[-75.86496,5.06017],[-75.86495,5.06018],[-75.86493,5.06018],[-75.86493,5.06018],[-75.86491,5.06019],[-75.86489,5.06019],[-75.86489,5.06019],[-75.86487,5.0602],[-75.86487,5.0602],[-75.86483,5.0602],[-75.86482,5.06021],[-75.8648,5.06021],[-75.8648,5.06021],[-75.86479,5.06021],[-75.86478,5.06022],[-75.86477,5.06022],[-75.86477,5.06022],[-75.86476,5.06023],[-75.86474,5.06024],[-75.86473,5.06024],[-75.86471,5.06025],[-75.86471,5.06025],[-75.8647,5.06025],[-75.86466,5.06027],[-75.86465,5.06027],[-75.86464,5.06027],[-75.86463,5.06027],[-75.86462,5.06028],[-75.86461,5.06028],[-75.86459,5.06028],[-75.86458,5.06028],[-75.86455,5.06029],[-75.86454,5.06029],[-75.86453,5.0603],[-75.86452,5.0603],[-75.86452,5.0603],[-75.86452,5.0603],[-75.86451,5.0603],[-75.86451,5.0603],[-75.8645,5.0603],[-75.8645,5.0603],[-75.8645,5.0603],[-75.8645,5.06031],[-75.86448,5.06031],[-75.86446,5.06031],[-75.86446,5.06031],[-75.86444,5.06032],[-75.86443,5.06033],[-75.86442,5.06033],[-75.86441,5.06033],[-75.86441,5.06033],[-75.86441,5.06033],[-75.8644,5.06034],[-75.86438,5.06035],[-75.86437,5.06035],[-75.86437,5.06035],[-75.86436,5.06036],[-75.86435,5.06036],[-75.86434,5.06036],[-75.86434,5.06036],[-75.86434,5.06036],[-75.86434,5.06036],[-75.86433,5.06036],[-75.86432,5.06037],[-75.86431,5.06037],[-75.86431,5.06037],[-75.86431,5.06037],[-75.86431,5.06037],[-75.86429,5.06038],[-75.86428,5.06038],[-75.86427,5.06038],[-75.86427,5.06039],[-75.86427,5.06039],[-75.86425,5.06039],[-75.86424,5.06039],[-75.86422,5.06039],[-75.86422,5.06039],[-75.86421,5.06039],[-75.8642,5.0604],[-75.86419,5.0604],[-75.86419,5.0604],[-75.86418,5.0604],[-75.86418,5.0604],[-75.86417,5.0604],[-75.86416,5.0604],[-75.86415,5.0604],[-75.86415,5.0604],[-75.86415,5.0604],[-75.86414,5.0604],[-75.86414,5.0604],[-75.86413,5.0604],[-75.86413,5.0604],[-75.86412,5.0604],[-75.86412,5.0604],[-75.86412,5.0604],[-75.86411,5.0604],[-75.8641,5.06041],[-75.86407,5.06041],[-75.86405,5.06041],[-75.86404,5.06041],[-75.86404,5.06041],[-75.86404,5.06041],[-75.86403,5.06041],[-75.86401,5.06042],[-75.86401,5.06042],[-75.864,5.06042],[-75.86399,5.06042],[-75.86398,5.06042],[-75.86397,5.06042],[-75.86397,5.06042],[-75.86397,5.06042],[-75.86395,5.06042],[-75.86395,5.06042],[-75.86395,5.06042],[-75.86394,5.06043],[-75.86394,5.06043],[-75.86392,5.06043],[-75.86392,5.06043],[-75.86391,5.06043],[-75.86391,5.06043],[-75.8639,5.06043],[-75.8639,5.06043],[-75.86389,5.06043],[-75.86389,5.06043],[-75.86389,5.06043],[-75.86388,5.06044],[-75.86386,5.06044],[-75.86385,5.06044],[-75.86384,5.06044],[-75.86384,5.06044],[-75.86384,5.06044],[-75.86383,5.06044],[-75.86383,5.06044],[-75.86381,5.06044],[-75.8638,5.06045],[-75.86379,5.06045],[-75.86377,5.06045],[-75.86377,5.06046],[-75.86377,5.06046],[-75.86377,5.06046],[-75.86375,5.06046],[-75.86374,5.06046],[-75.86373,5.06046],[-75.86373,5.06046],[-75.86372,5.06046],[-75.86371,5.06047],[-75.8637,5.06047],[-75.86369,5.06047],[-75.86369,5.06047],[-75.86368,5.06048],[-75.86368,5.06048],[-75.86368,5.06048],[-75.86368,5.06048],[-75.86367,5.06048],[-75.86367,5.06048],[-75.86367,5.06048],[-75.86366,5.06048],[-75.86366,5.06048],[-75.86366,5.06048],[-75.86366,5.06048],[-75.86365,5.06049],[-75.86363,5.06049],[-75.86361,5.0605],[-75.8636,5.0605],[-75.86359,5.0605],[-75.86357,5.0605],[-75.86357,5.06051],[-75.86356,5.06051],[-75.86356,5.06051],[-75.86356,5.06051],[-75.86356,5.06051],[-75.86355,5.06051],[-75.86355,5.06051],[-75.86353,5.06051],[-75.86352,5.06051],[-75.86351,5.06051],[-75.86351,5.06052],[-75.8635,5.06052],[-75.8635,5.06052],[-75.86348,5.06053],[-75.86346,5.06053],[-75.86345,5.06054],[-75.86343,5.06054],[-75.86341,5.06054],[-75.86341,5.06054],[-75.86341,5.06054],[-75.8634,5.06054],[-75.86339,5.06055],[-75.86338,5.06055],[-75.86338,5.06056],[-75.86337,5.06056],[-75.86336,5.06056],[-75.86335,5.06057],[-75.86334,5.06058],[-75.86332,5.06058],[-75.86331,5.06059],[-75.8633,5.06059],[-75.86329,5.06059],[-75.86329,5.0606],[-75.86328,5.0606],[-75.86327,5.0606],[-75.86323,5.06062],[-75.86321,5.06063],[-75.86319,5.06063],[-75.86318,5.06064],[-75.86316,5.06064],[-75.86315,5.06065],[-75.86315,5.06065],[-75.86315,5.06065],[-75.86315,5.06065],[-75.86315,5.06066],[-75.86314,5.06068],[-75.86314,5.06069],[-75.86313,5.06071],[-75.86313,5.06071],[-75.86313,5.06071],[-75.86313,5.06072],[-75.86313,5.06072],[-75.86312,5.06073],[-75.86312,5.06073],[-75.86312,5.06073],[-75.86312,5.06074],[-75.86312,5.06074],[-75.86311,5.06076],[-75.8631,5.06077],[-75.8631,5.06077],[-75.8631,5.06077],[-75.8631,5.06078],[-75.8631,5.06078],[-75.86309,5.06079],[-75.86309,5.0608],[-75.86309,5.0608],[-75.86309,5.0608],[-75.86309,5.0608],[-75.86308,5.06082],[-75.86308,5.06083],[-75.86308,5.06083],[-75.86308,5.06084],[-75.86308,5.06085],[-75.86308,5.06086],[-75.86308,5.06089],[-75.86308,5.06089],[-75.86308,5.06091],[-75.86308,5.06092],[-75.86309,5.06093],[-75.86309,5.06095],[-75.86309,5.06095],[-75.8631,5.06097],[-75.8631,5.06098],[-75.86311,5.06102],[-75.86311,5.06102],[-75.86312,5.06104],[-75.86312,5.06105],[-75.86312,5.06108],[-75.86312,5.06112],[-75.86312,5.06112],[-75.86313,5.06115],[-75.86313,5.06118],[-75.86314,5.06122],[-75.86314,5.06123],[-75.86315,5.06125],[-75.86315,5.06126],[-75.86316,5.06128],[-75.86316,5.06128],[-75.86318,5.06134],[-75.86318,5.06136],[-75.86318,5.06137],[-75.86319,5.06139],[-75.86319,5.0614],[-75.86319,5.06142],[-75.86319,5.06142],[-75.86319,5.06143],[-75.86319,5.06144],[-75.8632,5.06145],[-75.8632,5.06146],[-75.86321,5.06148],[-75.86321,5.06149],[-75.86322,5.06151],[-75.86322,5.06153],[-75.86322,5.06153],[-75.86323,5.06156],[-75.86323,5.06156],[-75.86323,5.06157],[-75.86324,5.06162],[-75.86324,5.06162],[-75.86325,5.06163],[-75.86326,5.06165],[-75.86331,5.06162],[-75.86339,5.06159],[-75.86342,5.06156],[-75.86346,5.0615],[-75.86354,5.06145],[-75.86361,5.06143],[-75.86367,5.06145],[-75.86375,5.06151],[-75.86378,5.06153],[-75.86383,5.06157],[-75.86387,5.06162],[-75.86388,5.06167],[-75.86393,5.06169],[-75.86398,5.06165],[-75.86401,5.06162],[-75.8641,5.06166]],[[-75.86698,5.05943],[-75.86698,5.05943],[-75.86697,5.05943],[-75.86697,5.05943],[-75.86698,5.05943]],[[-75.86676,5.05934],[-75.86676,5.05935],[-75.86675,5.05934],[-75.86676,5.05934],[-75.86676,5.05934]]]]},"properties":{"OBJECTID":59,"Zonificacion":"Sostenible condicionado a actividades agrícolas","Resolucion":"2025-1740","Municipio":"Viterbo","SHAPE_Length":3020.025831845367,"SHAPE_Area":149335.31118194887}},{"type":"Feature","id":60,"geometry":{"type":"Polygon","coordinates":[[[-75.8591,5.05933],[-75.85913,5.05942],[-75.85906,5.05956],[-75.85902,5.05962],[-75.85895,5.05979],[-75.85889,5.06001],[-75.85963,5.06016],[-75.86057,5.06032],[-75.86144,5.06045],[-75.86174,5.0605],[-75.86191,5.0594],[-75.86189,5.0594],[-75.86073,5.0592],[-75.86068,5.05919],[-75.86062,5.0592],[-75.85975,5.05907],[-75.85907,5.05896],[-75.85903,5.05914],[-75.8591,5.05933]]]},"properties":{"OBJECTID":60,"Zonificacion":"Sostenible condicionado a actividades agrícolas","Resolucion":"2025-1740","Municipio":"Viterbo","SHAPE_Length":888.2679753976747,"SHAPE_Area":38556.08290200453}},{"type":"Feature","id":61,"geometry":{"type":"Polygon","coordinates":[[[-75.86289,5.05963],[-75.86278,5.05976],[-75.86263,5.05993],[-75.86253,5.06005],[-75.86244,5.06021],[-75.86237,5.06033],[-75.86231,5.06059],[-75.86233,5.06059],[-75.86242,5.06029],[-75.86255,5.06008],[-75.86259,5.06003],[-75.86274,5.05985],[-75.86277,5.05981],[-75.86282,5.05976],[-75.86288,5.0597],[-75.86291,5.05967],[-75.86295,5.05963],[-75.86308,5.05956],[-75.86302,5.05954],[-75.86289,5.05963]]]},"properties":{"OBJECTID":61,"Zonificacion":"Sostenible condicionado a actividades agrícolas","Resolucion":"2025-1740","Municipio":"Viterbo","SHAPE_Length":298.4475273103813,"SHAPE_Area":477.77098540385305}},{"type":"Feature","id":62,"geometry":{"type":"Polygon","coordinates":[[[-75.85801,5.06127],[-75.858,5.06133],[-75.85782,5.06216],[-75.85781,5.0622],[-75.85781,5.06222],[-75.86025,5.0626],[-75.86141,5.06278],[-75.86156,5.06179],[-75.86157,5.0617],[-75.86155,5.0617],[-75.86041,5.06151],[-75.86037,5.06151],[-75.85804,5.06117],[-75.85801,5.06127]]]},"properties":{"OBJECTID":62,"Zonificacion":"Sostenible condicionado a actividades agrícolas","Resolucion":"2025-1740","Municipio":"Viterbo","SHAPE_Length":1041.6009418543454,"SHAPE_Area":48414.36414435588}},{"type":"Feature","id":63,"geometry":{"type":"Polygon","coordinates":[[[-75.86193,5.06295],[-75.86193,5.06296],[-75.86192,5.06292],[-75.86193,5.06295]]]},"properties":{"OBJECTID":63,"Zonificacion":"Sostenible condicionado a actividades agrícolas","Resolucion":"2025-1740","Municipio":"Viterbo","SHAPE_Length":10.293541820117765,"SHAPE_Area":0.11259481465467941}},{"type":"Feature","id":64,"geometry":{"type":"Polygon","coordinates":[[[-75.85813,5.06368],[-75.85917,5.06368],[-75.85806,5.06351],[-75.85811,5.06358],[-75.85811,5.06359],[-75.85812,5.06361],[-75.85813,5.06366],[-75.85813,5.06368]]]},"properties":{"OBJECTID":64,"Zonificacion":"Sostenible condicionado a actividades agrícolas","Resolucion":"2025-1740","Municipio":"Viterbo","SHAPE_Length":260.8296614839453,"SHAPE_Area":1100.1570186791225}},{"type":"Feature","id":65,"geometry":{"type":"Polygon","coordinates":[[[-75.85954,5.06368],[-75.86003,5.06367],[-75.86008,5.06367],[-75.86024,5.06266],[-75.86019,5.06265],[-75.86019,5.06265],[-75.85779,5.06228],[-75.85787,5.06275],[-75.8579,5.06286],[-75.85793,5.063],[-75.85798,5.06316],[-75.85802,5.06331],[-75.85808,5.06342],[-75.85814,5.06347],[-75.85823,5.06347],[-75.85954,5.06368]]]},"properties":{"OBJECTID":65,"Zonificacion":"Sostenible condicionado a actividades agrícolas","Resolucion":"2025-1740","Municipio":"Viterbo","SHAPE_Length":745.974343629272,"SHAPE_Area":30755.671481800473}},{"type":"Feature","id":66,"geometry":{"type":"Polygon","coordinates":[[[-75.86831,5.05171],[-75.86831,5.05193],[-75.86834,5.05207],[-75.86838,5.05226],[-75.86839,5.05237],[-75.86837,5.05246],[-75.86834,5.05252],[-75.8683,5.05257],[-75.86817,5.05264],[-75.86808,5.0527],[-75.86794,5.05277],[-75.86779,5.0528],[-75.86751,5.05285],[-75.86733,5.05293],[-75.8673,5.05295],[-75.86722,5.05309],[-75.86711,5.05337],[-75.86706,5.05351],[-75.86701,5.05357],[-75.8671,5.05368],[-75.86715,5.05357],[-75.86721,5.05339],[-75.86727,5.05328],[-75.86727,5.05327],[-75.86727,5.05326],[-75.8673,5.05322],[-75.8674,5.05308],[-75.8674,5.05308],[-75.8674,5.05307],[-75.86749,5.05303],[-75.86778,5.05299],[-75.86789,5.05297],[-75.86798,5.05294],[-75.86821,5.05281],[-75.86838,5.05271],[-75.86848,5.05262],[-75.86852,5.05252],[-75.86854,5.05232],[-75.86852,5.05214],[-75.86846,5.05167],[-75.8683,5.05162],[-75.86831,5.05171]]]},"properties":{"OBJECTID":66,"Zonificacion":"Sostenible condicionado a medidas","Resolucion":"2025-1740","Municipio":"Viterbo","SHAPE_Length":653.2845323670989,"SHAPE_Area":5342.8988934098625}},{"type":"Feature","id":67,"geometry":{"type":"Polygon","coordinates":[[[-75.85912,5.05393],[-75.85979,5.05397],[-75.85985,5.05396],[-75.85986,5.0539],[-75.85987,5.05386],[-75.85987,5.05383],[-75.85988,5.0538],[-75.85989,5.05377],[-75.8599,5.05373],[-75.85991,5.0537],[-75.85992,5.05366],[-75.85992,5.05363],[-75.85993,5.05359],[-75.85993,5.05354],[-75.85993,5.05351],[-75.85994,5.05349],[-75.85994,5.05343],[-75.85996,5.05339],[-75.85997,5.05334],[-75.85999,5.05324],[-75.86,5.0532],[-75.86,5.05315],[-75.86001,5.05312],[-75.86002,5.05304],[-75.86003,5.05299],[-75.86004,5.05296],[-75.86007,5.05291],[-75.86008,5.05286],[-75.86011,5.05282],[-75.86019,5.05266],[-75.86021,5.0526],[-75.86023,5.05256],[-75.86025,5.05251],[-75.86027,5.05247],[-75.86028,5.05244],[-75.86028,5.05241],[-75.86028,5.05239],[-75.86028,5.05237],[-75.86025,5.05233],[-75.85949,5.05223],[-75.85944,5.05223],[-75.8594,5.05222],[-75.85937,5.0522],[-75.85936,5.05219],[-75.85936,5.05217],[-75.85938,5.05215],[-75.8594,5.05215],[-75.85942,5.05215],[-75.85946,5.05216],[-75.85951,5.05216],[-75.86051,5.05228],[-75.86051,5.05228],[-75.86052,5.05227],[-75.86053,5.05226],[-75.86055,5.05225],[-75.86056,5.05224],[-75.86056,5.05224],[-75.86057,5.05224],[-75.86058,5.05223],[-75.86059,5.05222],[-75.8606,5.05221],[-75.86062,5.05221],[-75.86063,5.0522],[-75.86064,5.05219],[-75.86066,5.05219],[-75.86067,5.05219],[-75.86067,5.05219],[-75.8607,5.05218],[-75.86071,5.05217],[-75.86072,5.05217],[-75.86073,5.05216],[-75.86074,5.05215],[-75.86075,5.05214],[-75.86081,5.05201],[-75.86086,5.05195],[-75.8609,5.05189],[-75.86096,5.05185],[-75.86099,5.05183],[-75.86109,5.05179],[-75.86121,5.05175],[-75.86128,5.05173],[-75.86134,5.05171],[-75.86142,5.05168],[-75.86152,5.05164],[-75.86164,5.0516],[-75.86177,5.05154],[-75.86187,5.05151],[-75.86195,5.05149],[-75.86202,5.05147],[-75.86206,5.05145],[-75.86213,5.05142],[-75.86215,5.05137],[-75.86217,5.05131],[-75.86217,5.05125],[-75.86217,5.05123],[-75.86218,5.05117],[-75.86225,5.05102],[-75.86228,5.05099],[-75.8623,5.05097],[-75.86234,5.05092],[-75.86239,5.05087],[-75.86243,5.05083],[-75.86249,5.0508],[-75.86254,5.05077],[-75.86257,5.05074],[-75.8626,5.0507],[-75.86262,5.05065],[-75.86264,5.05057],[-75.86272,5.05035],[-75.86273,5.0503],[-75.86275,5.0502],[-75.86279,5.0501],[-75.8628,5.04999],[-75.8628,5.04991],[-75.86282,5.04977],[-75.86284,5.04968],[-75.86287,5.0496],[-75.86292,5.04949],[-75.86295,5.04943],[-75.86302,5.04936],[-75.86307,5.0493],[-75.86313,5.04922],[-75.86321,5.04914],[-75.86328,5.04907],[-75.86328,5.04907],[-75.86356,5.04886],[-75.86366,5.04879],[-75.8638,5.04867],[-75.86368,5.04865],[-75.86342,5.04885],[-75.86337,5.04889],[-75.86332,5.04892],[-75.8632,5.04903],[-75.86315,5.04906],[-75.86311,5.04909],[-75.86307,5.04913],[-75.86302,5.04918],[-75.86299,5.04923],[-75.86294,5.04929],[-75.86289,5.04937],[-75.86286,5.04944],[-75.86283,5.04951],[-75.86279,5.04954],[-75.86276,5.04956],[-75.86272,5.04956],[-75.86258,5.04955],[-75.86255,5.04955],[-75.86255,5.04959],[-75.86263,5.0496],[-75.86273,5.04961],[-75.86274,5.04964],[-75.86273,5.0497],[-75.86272,5.0498],[-75.8627,5.04986],[-75.8627,5.04993],[-75.86269,5.05001],[-75.86268,5.05006],[-75.86267,5.05011],[-75.86266,5.05022],[-75.86265,5.05028],[-75.86264,5.05033],[-75.86263,5.05041],[-75.86261,5.0505],[-75.86258,5.05059],[-75.86256,5.05064],[-75.86254,5.05066],[-75.86253,5.05068],[-75.86247,5.05071],[-75.86244,5.05071],[-75.86239,5.05071],[-75.8623,5.05072],[-75.8622,5.05071],[-75.86205,5.05071],[-75.86202,5.05071],[-75.86202,5.05071],[-75.86202,5.05076],[-75.86212,5.05077],[-75.86232,5.05078],[-75.86235,5.05079],[-75.86235,5.0508],[-75.86229,5.05084],[-75.86223,5.0509],[-75.86218,5.05096],[-75.86215,5.05101],[-75.86212,5.0511],[-75.86211,5.05116],[-75.86207,5.05132],[-75.86206,5.05137],[-75.86204,5.05139],[-75.86194,5.05142],[-75.86175,5.05146],[-75.8616,5.05152],[-75.86153,5.05156],[-75.86146,5.05158],[-75.86139,5.05161],[-75.86133,5.05163],[-75.86129,5.05164],[-75.86126,5.05164],[-75.86119,5.05167],[-75.86105,5.05172],[-75.861,5.05174],[-75.86095,5.05177],[-75.8609,5.05182],[-75.86085,5.05186],[-75.86081,5.05191],[-75.86077,5.05196],[-75.86074,5.052],[-75.86071,5.05205],[-75.86067,5.05212],[-75.86064,5.05216],[-75.86061,5.05219],[-75.86057,5.0522],[-75.86054,5.0522],[-75.86045,5.05219],[-75.85982,5.05212],[-75.85972,5.05211],[-75.8597,5.05211],[-75.85968,5.05211],[-75.85964,5.05211],[-75.85962,5.05212],[-75.85962,5.05212],[-75.85961,5.05212],[-75.85958,5.05212],[-75.85957,5.05212],[-75.85955,5.05211],[-75.85948,5.05209],[-75.85937,5.05208],[-75.85937,5.05206],[-75.85936,5.05206],[-75.85936,5.05206],[-75.85935,5.05205],[-75.85934,5.05205],[-75.85932,5.05204],[-75.85931,5.05203],[-75.85931,5.05203],[-75.8593,5.05205],[-75.85929,5.05206],[-75.85922,5.05205],[-75.85916,5.05205],[-75.85913,5.05207],[-75.8591,5.05209],[-75.85909,5.05209],[-75.85909,5.0521],[-75.85905,5.05212],[-75.85899,5.05218],[-75.85896,5.05221],[-75.85893,5.05223],[-75.85893,5.05223],[-75.85901,5.05225],[-75.85912,5.05225],[-75.85922,5.05226],[-75.85925,5.05228],[-75.85926,5.0523],[-75.85926,5.05232],[-75.85907,5.05288],[-75.85894,5.05329],[-75.85881,5.05371],[-75.85879,5.05375],[-75.85877,5.05377],[-75.85869,5.05371],[-75.85859,5.05363],[-75.8585,5.05351],[-75.8584,5.05335],[-75.85838,5.05332],[-75.85838,5.05333],[-75.85836,5.05336],[-75.85836,5.05336],[-75.85839,5.05342],[-75.85841,5.05345],[-75.85843,5.05349],[-75.85851,5.05359],[-75.85853,5.05361],[-75.85854,5.05363],[-75.85856,5.05365],[-75.85857,5.05367],[-75.85857,5.05368],[-75.85856,5.0537],[-75.85855,5.05371],[-75.85854,5.05371],[-75.85852,5.05371],[-75.8585,5.05371],[-75.85848,5.0537],[-75.85847,5.05368],[-75.85846,5.05365],[-75.85843,5.05362],[-75.8584,5.05359],[-75.85838,5.05356],[-75.85835,5.05353],[-75.85833,5.05348],[-75.85831,5.05343],[-75.85828,5.05347],[-75.85829,5.05349],[-75.85838,5.05363],[-75.85845,5.0537],[-75.85845,5.05374],[-75.85842,5.05378],[-75.8582,5.05375],[-75.85822,5.05382],[-75.85823,5.05384],[-75.85912,5.05393]],[[-75.85946,5.0523],[-75.85966,5.05233],[-75.85996,5.05235],[-75.86015,5.05238],[-75.8602,5.05239],[-75.8602,5.05244],[-75.86019,5.0525],[-75.86018,5.05256],[-75.86015,5.05263],[-75.86007,5.05273],[-75.86003,5.05283],[-75.85998,5.05298],[-75.85996,5.05308],[-75.85996,5.05317],[-75.85993,5.05327],[-75.8599,5.05339],[-75.85988,5.05362],[-75.85987,5.05371],[-75.85983,5.05383],[-75.8598,5.05389],[-75.85978,5.05391],[-75.85941,5.05387],[-75.85882,5.05382],[-75.85882,5.05377],[-75.85887,5.05362],[-75.85897,5.0533],[-75.85906,5.05302],[-75.85911,5.05286],[-75.85919,5.05262],[-75.85927,5.05238],[-75.85928,5.05233],[-75.8593,5.0523],[-75.85932,5.05229],[-75.85946,5.0523]]]},"properties":{"OBJECTID":67,"Zonificacion":"Sostenible condicionado a medidas","Resolucion":"2025-1740","Municipio":"Viterbo","SHAPE_Length":3097.7132814512665,"SHAPE_Area":12338.599723430409}},{"type":"Feature","id":68,"geometry":{"type":"Polygon","coordinates":[[[-75.86761,5.05416],[-75.86761,5.05418],[-75.86761,5.05419],[-75.86761,5.05419],[-75.86761,5.0542],[-75.86761,5.0542],[-75.86761,5.0542],[-75.86762,5.0542],[-75.86762,5.0542],[-75.86762,5.05421],[-75.86762,5.05421],[-75.86762,5.05421],[-75.86762,5.05422],[-75.86762,5.05422],[-75.86762,5.05422],[-75.86762,5.05423],[-75.86762,5.05423],[-75.86762,5.05423],[-75.86762,5.05424],[-75.86762,5.05426],[-75.86762,5.05426],[-75.86763,5.05427],[-75.86764,5.05428],[-75.86765,5.05428],[-75.86764,5.05426],[-75.86763,5.05417],[-75.86762,5.05416],[-75.86761,5.05415],[-75.86761,5.05416]]]},"properties":{"OBJECTID":68,"Zonificacion":"Sostenible condicionado a medidas","Resolucion":"2025-1740","Municipio":"Viterbo","SHAPE_Length":31.106285785097676,"SHAPE_Area":24.787149940131513}},{"type":"Feature","id":69,"geometry":{"type":"Polygon","coordinates":[[[-75.85979,5.05512],[-75.85975,5.05525],[-75.85982,5.05526],[-75.85985,5.05515],[-75.85992,5.0549],[-75.85996,5.05475],[-75.86022,5.05481],[-75.86052,5.05487],[-75.86099,5.05496],[-75.86184,5.05512],[-75.86184,5.05505],[-75.86106,5.05492],[-75.86013,5.05473],[-75.85992,5.05469],[-75.85979,5.05512]]]},"properties":{"OBJECTID":69,"Zonificacion":"Sostenible condicionado a medidas","Resolucion":"2025-1740","Municipio":"Viterbo","SHAPE_Length":568.6675633688216,"SHAPE_Area":1888.0354585522746}},{"type":"Feature","id":70,"geometry":{"type":"Polygon","coordinates":[[[-75.86039,5.05599],[-75.86057,5.05601],[-75.86076,5.05603],[-75.86095,5.05605],[-75.86112,5.05607],[-75.8613,5.05609],[-75.86131,5.05609],[-75.86148,5.05611],[-75.86153,5.05566],[-75.86135,5.05564],[-75.86117,5.05562],[-75.86099,5.05561],[-75.86093,5.0556],[-75.86081,5.05559],[-75.86063,5.05557],[-75.86044,5.05555],[-75.86039,5.05599]]]},"properties":{"OBJECTID":70,"Zonificacion":"Sostenible condicionado a medidas","Resolucion":"2025-1740","Municipio":"Viterbo","SHAPE_Length":341.3269553863505,"SHAPE_Area":6007.515676583414}},{"type":"Feature","id":71,"geometry":{"type":"Polygon","coordinates":[[[-75.86157,5.05616],[-75.86158,5.05616],[-75.86158,5.05615],[-75.86157,5.05615],[-75.86157,5.05616]]]},"properties":{"OBJECTID":71,"Zonificacion":"Sostenible condicionado a medidas","Resolucion":"2025-1740","Municipio":"Viterbo","SHAPE_Length":1.7048468070236091,"SHAPE_Area":0.16083875469831832}},{"type":"Feature","id":72,"geometry":{"type":"Polygon","coordinates":[[[-75.86184,5.05618],[-75.86184,5.05618],[-75.86184,5.05618],[-75.86184,5.05618],[-75.86184,5.05618],[-75.86184,5.05618]]]},"properties":{"OBJECTID":72,"Zonificacion":"Sostenible condicionado a medidas","Resolucion":"2025-1740","Municipio":"Viterbo","SHAPE_Length":2.301741489646454,"SHAPE_Area":0.30790297482188195}},{"type":"Feature","id":73,"geometry":{"type":"Polygon","coordinates":[[[-75.86219,5.05622],[-75.86219,5.05622],[-75.8622,5.05622],[-75.8622,5.05622],[-75.86219,5.05622]]]},"properties":{"OBJECTID":73,"Zonificacion":"Sostenible condicionado a medidas","Resolucion":"2025-1740","Municipio":"Viterbo","SHAPE_Length":2.1510884427834682,"SHAPE_Area":0.263196384790627}},{"type":"Feature","id":74,"geometry":{"type":"Polygon","coordinates":[[[-75.86255,5.05626],[-75.86256,5.05626],[-75.86256,5.05626],[-75.86255,5.05626],[-75.86255,5.05626]]]},"properties":{"OBJECTID":74,"Zonificacion":"Sostenible condicionado a medidas","Resolucion":"2025-1740","Municipio":"Viterbo","SHAPE_Length":2.1802838690700743,"SHAPE_Area":0.2839856547257074}},{"type":"Feature","id":75,"geometry":{"type":"Polygon","coordinates":[[[-75.8685,5.05637],[-75.86906,5.05657],[-75.86906,5.05654],[-75.86851,5.05635],[-75.8685,5.05637]]]},"properties":{"OBJECTID":75,"Zonificacion":"Sostenible condicionado a medidas","Resolucion":"2025-1740","Municipio":"Viterbo","SHAPE_Length":134.9521980236313,"SHAPE_Area":169.43591345223916}},{"type":"Feature","id":76,"geometry":{"type":"Polygon","coordinates":[[[-75.86702,5.05895],[-75.86702,5.05895],[-75.86702,5.05895],[-75.86702,5.05892],[-75.86702,5.05895]]]},"properties":{"OBJECTID":76,"Zonificacion":"Sostenible condicionado a medidas","Resolucion":"2025-1740","Municipio":"Viterbo","SHAPE_Length":6.15547812075872,"SHAPE_Area":0.7802842957949228}},{"type":"Feature","id":77,"geometry":{"type":"Polygon","coordinates":[[[-75.86707,5.05851],[-75.86707,5.05853],[-75.86708,5.05855],[-75.86707,5.05856],[-75.86704,5.05866],[-75.86701,5.05878],[-75.86694,5.059],[-75.86694,5.05901],[-75.86697,5.05899],[-75.86698,5.05898],[-75.86705,5.05878],[-75.86705,5.05877],[-75.86705,5.05875],[-75.86706,5.05875],[-75.86706,5.05873],[-75.86706,5.05872],[-75.86706,5.05871],[-75.86706,5.0587],[-75.86706,5.0587],[-75.86706,5.05869],[-75.86706,5.05867],[-75.86707,5.05862],[-75.86707,5.0586],[-75.86708,5.05858],[-75.86711,5.05854],[-75.86713,5.05852],[-75.86709,5.0585],[-75.86707,5.05851]]]},"properties":{"OBJECTID":77,"Zonificacion":"Sostenible condicionado a medidas","Resolucion":"2025-1740","Municipio":"Viterbo","SHAPE_Length":124.74839506422067,"SHAPE_Area":180.53843131951976}},{"type":"Feature","id":78,"geometry":{"type":"Polygon","coordinates":[[[-75.86657,5.05905],[-75.86656,5.05911],[-75.86656,5.05911],[-75.86662,5.05913],[-75.86668,5.05915],[-75.86671,5.05916],[-75.86678,5.05919],[-75.86683,5.0592],[-75.86687,5.0591],[-75.86688,5.05906],[-75.86688,5.05906],[-75.8669,5.05902],[-75.86689,5.05902],[-75.86692,5.05892],[-75.86697,5.05878],[-75.86699,5.05872],[-75.86701,5.05865],[-75.86701,5.05864],[-75.86706,5.05851],[-75.86707,5.05851],[-75.86706,5.05848],[-75.86706,5.05848],[-75.86697,5.05845],[-75.86683,5.05841],[-75.86683,5.05841],[-75.86683,5.05841],[-75.86681,5.05841],[-75.86677,5.05852],[-75.86675,5.05855],[-75.86678,5.05858],[-75.86677,5.05861],[-75.86675,5.05863],[-75.86672,5.05864],[-75.86669,5.05866],[-75.86668,5.05868],[-75.86671,5.05872],[-75.86674,5.05873],[-75.86676,5.05875],[-75.86679,5.05878],[-75.8668,5.05881],[-75.86678,5.05883],[-75.86676,5.05884],[-75.86675,5.05886],[-75.86678,5.05888],[-75.8668,5.05889],[-75.8668,5.05892],[-75.8668,5.05896],[-75.86682,5.05896],[-75.86681,5.05899],[-75.86679,5.05903],[-75.86679,5.05903],[-75.86677,5.05902],[-75.86673,5.05901],[-75.86669,5.05899],[-75.86667,5.05898],[-75.8666,5.05895],[-75.8666,5.05895],[-75.86658,5.05898],[-75.86658,5.05898],[-75.86657,5.05899],[-75.86661,5.05901],[-75.86659,5.05905],[-75.86658,5.05904],[-75.86657,5.05905]]]},"properties":{"OBJECTID":78,"Zonificacion":"Sostenible condicionado a medidas","Resolucion":"2025-1740","Municipio":"Viterbo","SHAPE_Length":282.90364460144275,"SHAPE_Area":2140.6866466618285}},{"type":"Feature","id":79,"geometry":{"type":"Polygon","coordinates":[[[-75.86627,5.05901],[-75.86636,5.05904],[-75.86638,5.05898],[-75.86629,5.05894],[-75.86627,5.05901]]]},"properties":{"OBJECTID":79,"Zonificacion":"Sostenible condicionado a medidas","Resolucion":"2025-1740","Municipio":"Viterbo","SHAPE_Length":36.20522802354199,"SHAPE_Area":78.02434373392272}},{"type":"Feature","id":80,"geometry":{"type":"Polygon","coordinates":[[[-75.86668,5.05916],[-75.86668,5.05916],[-75.86668,5.05915],[-75.86668,5.05915],[-75.86668,5.05916]]]},"properties":{"OBJECTID":80,"Zonificacion":"Sostenible condicionado a medidas","Resolucion":"2025-1740","Municipio":"Viterbo","SHAPE_Length":2.266746712787122,"SHAPE_Area":0.3175784301430394}},{"type":"Feature","id":81,"geometry":{"type":"Polygon","coordinates":[[[-75.86683,5.05921],[-75.86683,5.05921],[-75.86684,5.05921],[-75.86683,5.0592],[-75.86683,5.05921]]]},"properties":{"OBJECTID":81,"Zonificacion":"Sostenible condicionado a medidas","Resolucion":"2025-1740","Municipio":"Viterbo","SHAPE_Length":2.2378795744783915,"SHAPE_Area":0.3114881846625829}},{"type":"Feature","id":82,"geometry":{"type":"Polygon","coordinates":[[[-75.86682,5.05921],[-75.86683,5.05922],[-75.86683,5.05921],[-75.86682,5.05921],[-75.86682,5.05921]]]},"properties":{"OBJECTID":82,"Zonificacion":"Sostenible condicionado a medidas","Resolucion":"2025-1740","Municipio":"Viterbo","SHAPE_Length":2.6370427533604315,"SHAPE_Area":0.43402742984492115}},{"type":"Feature","id":83,"geometry":{"type":"Polygon","coordinates":[[[-75.8669,5.05922],[-75.86692,5.05923],[-75.86692,5.05921],[-75.86691,5.0592],[-75.8669,5.05922]]]},"properties":{"OBJECTID":83,"Zonificacion":"Sostenible condicionado a medidas","Resolucion":"2025-1740","Municipio":"Viterbo","SHAPE_Length":7.185628732235665,"SHAPE_Area":2.2185375715847333}},{"type":"Feature","id":84,"geometry":{"type":"Polygon","coordinates":[[[-75.86691,5.05923],[-75.86692,5.05923],[-75.86692,5.05923],[-75.86692,5.05923],[-75.86691,5.05923]]]},"properties":{"OBJECTID":84,"Zonificacion":"Sostenible condicionado a medidas","Resolucion":"2025-1740","Municipio":"Viterbo","SHAPE_Length":1.9783058691965618,"SHAPE_Area":0.24322374998729673}},{"type":"Feature","id":85,"geometry":{"type":"Polygon","coordinates":[[[-75.86688,5.05915],[-75.86687,5.05919],[-75.86686,5.05921],[-75.86685,5.05921],[-75.86684,5.05922],[-75.86691,5.05924],[-75.8669,5.05923],[-75.8669,5.05923],[-75.8669,5.05921],[-75.8669,5.05919],[-75.8669,5.05918],[-75.86689,5.05916],[-75.86689,5.05913],[-75.86689,5.05913],[-75.86688,5.05915]]]},"properties":{"OBJECTID":85,"Zonificacion":"Sostenible condicionado a medidas","Resolucion":"2025-1740","Municipio":"Viterbo","SHAPE_Length":33.51489008858908,"SHAPE_Area":36.11441810747061}},{"type":"Feature","id":86,"geometry":{"type":"Polygon","coordinates":[[[-75.86675,5.05934],[-75.86676,5.05935],[-75.86676,5.05934],[-75.86676,5.05934],[-75.86675,5.05934]]]},"properties":{"OBJECTID":86,"Zonificacion":"Sostenible condicionado a medidas","Resolucion":"2025-1740","Municipio":"Viterbo","SHAPE_Length":3.8799192709149404,"SHAPE_Area":0.9376656102997505}},{"type":"Feature","id":87,"geometry":{"type":"Polygon","coordinates":[[[-75.86697,5.05943],[-75.86698,5.05943],[-75.86698,5.05943],[-75.86697,5.05943],[-75.86697,5.05943]]]},"properties":{"OBJECTID":87,"Zonificacion":"Sostenible condicionado a medidas","Resolucion":"2025-1740","Municipio":"Viterbo","SHAPE_Length":3.0698439267639523,"SHAPE_Area":0.5614535501335047}},{"type":"Feature","id":88,"geometry":{"type":"Polygon","coordinates":[[[-75.85858,5.06018],[-75.85851,5.06026],[-75.85843,5.06034],[-75.85839,5.06039],[-75.85808,5.06071],[-75.85803,5.06087],[-75.85801,5.06094],[-75.858,5.06109],[-75.85797,5.0612],[-75.85796,5.06124],[-75.8579,5.06148],[-75.8579,5.06151],[-75.85789,5.06156],[-75.85784,5.06182],[-75.85778,5.06212],[-75.85777,5.06219],[-75.85777,5.06221],[-75.85776,5.06224],[-75.85774,5.06238],[-75.85782,5.0628],[-75.85783,5.06286],[-75.85784,5.06294],[-75.8579,5.06314],[-75.85794,5.06325],[-75.85797,5.06334],[-75.85797,5.06335],[-75.85799,5.06339],[-75.85812,5.06361],[-75.85811,5.06359],[-75.85811,5.06358],[-75.85806,5.06351],[-75.85808,5.06342],[-75.85802,5.06331],[-75.85798,5.06316],[-75.85793,5.063],[-75.8579,5.06286],[-75.85787,5.06275],[-75.85779,5.06228],[-75.85781,5.06222],[-75.85781,5.0622],[-75.85782,5.06216],[-75.858,5.06133],[-75.85801,5.06127],[-75.85804,5.06117],[-75.85807,5.06111],[-75.85809,5.06105],[-75.85809,5.06105],[-75.85812,5.06081],[-75.85838,5.06052],[-75.85843,5.06046],[-75.85875,5.06009],[-75.85885,5.0601],[-75.85889,5.06001],[-75.85895,5.05979],[-75.85902,5.05962],[-75.85906,5.05956],[-75.85913,5.05942],[-75.8591,5.05933],[-75.85903,5.05914],[-75.85907,5.05896],[-75.85905,5.05884],[-75.85911,5.05858],[-75.85915,5.05844],[-75.85917,5.05834],[-75.85921,5.05818],[-75.85936,5.05769],[-75.85935,5.05763],[-75.85929,5.05756],[-75.85929,5.05753],[-75.85929,5.0575],[-75.85929,5.05743],[-75.85929,5.05733],[-75.85935,5.05724],[-75.85941,5.0572],[-75.85954,5.05715],[-75.85964,5.0571],[-75.85969,5.05704],[-75.85972,5.05696],[-75.85973,5.05682],[-75.85971,5.05668],[-75.85968,5.05661],[-75.85969,5.05653],[-75.85962,5.05646],[-75.86099,5.05662],[-75.86108,5.05663],[-75.86214,5.05676],[-75.86213,5.05676],[-75.86211,5.05672],[-75.8621,5.05672],[-75.8621,5.05671],[-75.8621,5.05671],[-75.86208,5.05668],[-75.86208,5.05668],[-75.86207,5.05668],[-75.86196,5.05666],[-75.86198,5.05655],[-75.86201,5.0562],[-75.86183,5.05619],[-75.86166,5.05617],[-75.86165,5.05617],[-75.86148,5.05615],[-75.86138,5.05614],[-75.8613,5.05613],[-75.86113,5.05612],[-75.86076,5.05608],[-75.86058,5.05606],[-75.86023,5.05602],[-75.86005,5.05601],[-75.85981,5.05598],[-75.85988,5.05537],[-75.85987,5.05535],[-75.85986,5.05533],[-75.85981,5.05532],[-75.85973,5.05531],[-75.85968,5.05531],[-75.85918,5.05525],[-75.85914,5.05524],[-75.85913,5.05528],[-75.85913,5.05528],[-75.85913,5.05529],[-75.85913,5.0553],[-75.85912,5.05531],[-75.85912,5.05532],[-75.85912,5.05532],[-75.85912,5.05533],[-75.85911,5.05534],[-75.85911,5.05534],[-75.85911,5.05535],[-75.85911,5.05535],[-75.85911,5.05535],[-75.85911,5.05536],[-75.85911,5.05536],[-75.8591,5.05537],[-75.8591,5.05537],[-75.8591,5.05538],[-75.8591,5.05539],[-75.8591,5.05539],[-75.8591,5.0554],[-75.8591,5.0554],[-75.8591,5.05541],[-75.8591,5.05541],[-75.8591,5.05543],[-75.8591,5.05545],[-75.85909,5.05546],[-75.85909,5.05548],[-75.85909,5.0555],[-75.85909,5.05552],[-75.85909,5.05554],[-75.85909,5.05556],[-75.85908,5.05558],[-75.85908,5.05559],[-75.85908,5.0556],[-75.85908,5.0556],[-75.85908,5.05562],[-75.85908,5.05563],[-75.85908,5.05564],[-75.85908,5.05564],[-75.85908,5.05564],[-75.85908,5.05564],[-75.85908,5.05565],[-75.85908,5.05566],[-75.85908,5.05567],[-75.85908,5.05568],[-75.85908,5.05569],[-75.85908,5.05571],[-75.85908,5.05573],[-75.85908,5.05573],[-75.85908,5.05574],[-75.85908,5.05575],[-75.85908,5.05576],[-75.85907,5.05577],[-75.85907,5.05577],[-75.85907,5.05578],[-75.85907,5.05578],[-75.85907,5.05579],[-75.85907,5.05579],[-75.85907,5.0558],[-75.85907,5.05581],[-75.85907,5.05581],[-75.85906,5.05582],[-75.85906,5.05584],[-75.85905,5.05585],[-75.85905,5.05586],[-75.85904,5.05588],[-75.85904,5.05588],[-75.85903,5.05589],[-75.85902,5.05592],[-75.85902,5.05592],[-75.85901,5.05594],[-75.859,5.05595],[-75.859,5.05596],[-75.85899,5.05597],[-75.85899,5.05598],[-75.85898,5.056],[-75.85897,5.056],[-75.85897,5.05601],[-75.85897,5.05601],[-75.85896,5.05602],[-75.85896,5.05602],[-75.85896,5.05603],[-75.85896,5.05603],[-75.85895,5.05604],[-75.85895,5.05605],[-75.85894,5.05606],[-75.85893,5.05608],[-75.85892,5.05609],[-75.85892,5.0561],[-75.85892,5.0561],[-75.85891,5.0561],[-75.8589,5.05611],[-75.8589,5.05612],[-75.8589,5.05612],[-75.85889,5.05612],[-75.85888,5.05613],[-75.85887,5.05614],[-75.85887,5.05614],[-75.85887,5.05614],[-75.85886,5.05614],[-75.85886,5.05615],[-75.85886,5.05615],[-75.85886,5.05615],[-75.85885,5.05616],[-75.85885,5.05616],[-75.85885,5.05617],[-75.85885,5.05617],[-75.85885,5.05617],[-75.85885,5.05618],[-75.85884,5.05618],[-75.85884,5.05619],[-75.85884,5.05619],[-75.85883,5.0562],[-75.85883,5.0562],[-75.85883,5.05621],[-75.85883,5.05621],[-75.85882,5.05621],[-75.85882,5.05621],[-75.85882,5.05621],[-75.85882,5.05621],[-75.85882,5.05623],[-75.85881,5.05624],[-75.85881,5.05624],[-75.85881,5.05625],[-75.8588,5.05627],[-75.85879,5.05631],[-75.85878,5.05632],[-75.85878,5.05633],[-75.85878,5.05634],[-75.85876,5.0564],[-75.85876,5.0564],[-75.85876,5.0564],[-75.85879,5.05641],[-75.85881,5.05641],[-75.8592,5.05645],[-75.85924,5.05645],[-75.85942,5.05649],[-75.8595,5.05652],[-75.85957,5.05658],[-75.85962,5.05668],[-75.85967,5.05682],[-75.85967,5.05698],[-75.85961,5.05705],[-75.85951,5.05711],[-75.85949,5.05713],[-75.85949,5.05713],[-75.85932,5.05721],[-75.85926,5.05739],[-75.85926,5.05742],[-75.85926,5.05746],[-75.85926,5.05762],[-75.85926,5.05764],[-75.85926,5.05767],[-75.85919,5.05805],[-75.85914,5.0582],[-75.85913,5.05823],[-75.85911,5.0583],[-75.8591,5.05833],[-75.85894,5.05882],[-75.85895,5.05888],[-75.85895,5.05892],[-75.85902,5.05928],[-75.85902,5.0593],[-75.85901,5.05952],[-75.859,5.05955],[-75.85897,5.0596],[-75.85885,5.0599],[-75.85858,5.06018]]]},"properties":{"OBJECTID":88,"Zonificacion":"Sostenible condicionado a medidas","Resolucion":"2025-1740","Municipio":"Viterbo","SHAPE_Length":2731.980674043642,"SHAPE_Area":32665.132121063514}},{"type":"Feature","id":89,"geometry":{"type":"Polygon","coordinates":[[[-75.86635,5.05905],[-75.86635,5.05905],[-75.86636,5.05905],[-75.86636,5.05905],[-75.86635,5.05904],[-75.86635,5.05905],[-75.86635,5.05905]]]},"properties":{"OBJECTID":89,"Zonificacion":"Sostenible condicionado a medidas","Resolucion":"2025-1740","Municipio":"Viterbo","SHAPE_Length":2.606375646799736,"SHAPE_Area":0.40181077484162186}}]}