{"type":"FeatureCollection","name":"Zonificación Cerro Guadalupe","crs":{"type":"name","properties":{"name":"urn:ogc:def:crs:OGC:1.3:CRS84"}},"features":[{"type":"Feature","id":1,"geometry":{"type":"Polygon","coordinates":[[[-75.11527,5.27765],[-75.11518,5.27767],[-75.11511,5.27767],[-75.11508,5.27767],[-75.11508,5.27768],[-75.11506,5.27769],[-75.11587,5.27795],[-75.11585,5.27787],[-75.11578,5.27781],[-75.11569,5.27776],[-75.1156,5.27772],[-75.11549,5.27767],[-75.11538,5.27765],[-75.11527,5.27765]]]},"properties":{"OBJECTID_12":1,"OBJECTID_1":13,"OBJECTID":0,"MUNICIPIO":"Manzanares","CODIGO":" ","ZONIFICACI":"Zona de restauración","SUBZONA":" ","SIMB":"ZR","AREA_HAS":0.109218145617,"NOMBRE":"CERRO GUADALUPE","Shape_Leng":198.260169944,"Shape_Length":198.2036914763794,"Shape_Area":1091.5561987072563}},{"type":"Feature","id":2,"geometry":{"type":"Polygon","coordinates":[[[-75.11068,5.27808],[-75.11073,5.27817],[-75.1108,5.27825],[-75.11087,5.27832],[-75.11094,5.27839],[-75.11101,5.27848],[-75.11108,5.27856],[-75.11118,5.2786],[-75.11128,5.2786],[-75.11137,5.27856],[-75.11142,5.27846],[-75.11149,5.27836],[-75.11151,5.27827],[-75.11156,5.27817],[-75.11163,5.27808],[-75.11173,5.27808],[-75.11181,5.2781],[-75.11179,5.27803],[-75.11147,5.27733],[-75.11145,5.27733],[-75.11136,5.2773],[-75.11124,5.2773],[-75.11123,5.2773],[-75.11123,5.27734],[-75.1112,5.27743],[-75.11111,5.2775],[-75.11101,5.27755],[-75.11092,5.2776],[-75.11082,5.27762],[-75.11073,5.27767],[-75.11063,5.27772],[-75.11058,5.27781],[-75.11058,5.27791],[-75.11061,5.27801],[-75.11068,5.27808]]]},"properties":{"OBJECTID_12":2,"OBJECTID_1":14,"OBJECTID":0,"MUNICIPIO":"Manzanares","CODIGO":" ","ZONIFICACI":"Zona de restauración","SUBZONA":" ","SIMB":"ZR","AREA_HAS":1.14852657839,"NOMBRE":"CERRO GUADALUPE","Shape_Leng":437.074192026,"Shape_Length":436.9490415306763,"Shape_Area":11478.690249574232}},{"type":"Feature","id":3,"geometry":{"type":"Polygon","coordinates":[[[-75.1137,5.27982],[-75.11382,5.27982],[-75.11391,5.27979],[-75.11403,5.27976],[-75.11409,5.27967],[-75.11409,5.27955],[-75.11409,5.27943],[-75.11409,5.27931],[-75.114,5.27925],[-75.11394,5.27916],[-75.11385,5.2791],[-75.11376,5.27901],[-75.1137,5.27892],[-75.11361,5.27883],[-75.11355,5.27874],[-75.11346,5.27868],[-75.11339,5.27866],[-75.11348,5.27975],[-75.11352,5.27979],[-75.11361,5.27979],[-75.1137,5.27982]]]},"properties":{"OBJECTID_12":3,"OBJECTID_1":15,"OBJECTID":0,"MUNICIPIO":"Manzanares","CODIGO":" ","ZONIFICACI":"Zona de restauración","SUBZONA":" ","SIMB":"ZR","AREA_HAS":0.633070834445,"NOMBRE":"CERRO GUADALUPE","Shape_Leng":344.26995453,"Shape_Length":344.171682946109,"Shape_Area":6327.091460082004}},{"type":"Feature","id":4,"geometry":{"type":"Polygon","coordinates":[[[-75.12609,5.28027],[-75.12621,5.28027],[-75.1263,5.28024],[-75.12639,5.28018],[-75.12645,5.28009],[-75.12648,5.28],[-75.12654,5.27991],[-75.12657,5.27982],[-75.1266,5.27973],[-75.12663,5.27964],[-75.12663,5.27952],[-75.12663,5.2794],[-75.1266,5.27928],[-75.12651,5.27919],[-75.12645,5.2791],[-75.12636,5.27907],[-75.12627,5.27901],[-75.12621,5.27893],[-75.12612,5.27887],[-75.12603,5.27881],[-75.12591,5.27872],[-75.12579,5.27869],[-75.12573,5.27867],[-75.12573,5.27874],[-75.12573,5.27887],[-75.12573,5.27897],[-75.12577,5.27907],[-75.12579,5.27917],[-75.12575,5.27925],[-75.12571,5.27934],[-75.12563,5.2794],[-75.12559,5.27948],[-75.12555,5.27958],[-75.12553,5.27968],[-75.12551,5.27981],[-75.12551,5.27991],[-75.12546,5.27999],[-75.12536,5.28003],[-75.12526,5.28003],[-75.12522,5.28003],[-75.12525,5.28006],[-75.12534,5.28012],[-75.12546,5.28015],[-75.12555,5.28018],[-75.12567,5.28018],[-75.12576,5.28021],[-75.12585,5.28024],[-75.12597,5.28024],[-75.12609,5.28027]]]},"properties":{"OBJECTID_12":4,"OBJECTID_1":16,"OBJECTID":0,"MUNICIPIO":"Manzanares","CODIGO":" ","ZONIFICACI":"Zona de restauración","SUBZONA":" ","SIMB":"ZR","AREA_HAS":1.57140650469,"NOMBRE":"CERRO GUADALUPE","Shape_Leng":550.199607605,"Shape_Length":550.044884078609,"Shape_Area":15705.224517623115}},{"type":"Feature","id":5,"geometry":{"type":"Polygon","coordinates":[[[-75.11906,5.28252],[-75.11911,5.28249],[-75.11916,5.28239],[-75.11918,5.28227],[-75.11918,5.28223],[-75.11906,5.28252]]]},"properties":{"OBJECTID_12":5,"OBJECTID_1":17,"OBJECTID":0,"MUNICIPIO":"Manzanares","CODIGO":" ","ZONIFICACI":"Zona de restauración","SUBZONA":" ","SIMB":"ZR","AREA_HAS":0.0098685421975,"NOMBRE":"CERRO GUADALUPE","Shape_Leng":71.7184163017,"Shape_Length":71.69792823945973,"Shape_Area":98.62749676898889}},{"type":"Feature","id":6,"geometry":{"type":"Polygon","coordinates":[[[-75.11035,5.28529],[-75.11038,5.28538],[-75.11035,5.28548],[-75.11026,5.28555],[-75.11019,5.28562],[-75.11009,5.28567],[-75.11,5.28572],[-75.1099,5.28574],[-75.10978,5.28579],[-75.10969,5.28582],[-75.10962,5.28589],[-75.10952,5.28596],[-75.10947,5.28605],[-75.10945,5.28615],[-75.1094,5.28625],[-75.1094,5.28634],[-75.1094,5.28644],[-75.1094,5.28653],[-75.10935,5.28663],[-75.10931,5.28672],[-75.10931,5.28682],[-75.10931,5.28692],[-75.10928,5.28701],[-75.10928,5.28711],[-75.10933,5.2872],[-75.1094,5.2873],[-75.10948,5.28737],[-75.10957,5.28744],[-75.10967,5.28749],[-75.10974,5.28756],[-75.10981,5.28763],[-75.10981,5.28764],[-75.1103,5.28704],[-75.11033,5.28701],[-75.11035,5.28699],[-75.11149,5.28623],[-75.1115,5.28622],[-75.11148,5.28619],[-75.11145,5.2861],[-75.11142,5.28601],[-75.11142,5.28589],[-75.11141,5.28577],[-75.11141,5.28565],[-75.11141,5.28553],[-75.11141,5.28541],[-75.11138,5.28532],[-75.11135,5.28523],[-75.11129,5.28514],[-75.11129,5.28502],[-75.11129,5.2849],[-75.11129,5.28478],[-75.11132,5.28469],[-75.11138,5.2846],[-75.11144,5.28451],[-75.11153,5.28445],[-75.11159,5.28436],[-75.11162,5.28428],[-75.11168,5.28419],[-75.11177,5.28416],[-75.11189,5.28416],[-75.11198,5.28418],[-75.11207,5.28427],[-75.11213,5.28436],[-75.11216,5.28445],[-75.11216,5.28457],[-75.11216,5.28469],[-75.11216,5.28481],[-75.11216,5.28493],[-75.11216,5.28508],[-75.11216,5.2852],[-75.11213,5.28529],[-75.1121,5.28538],[-75.11207,5.28547],[-75.11198,5.28556],[-75.11189,5.28562],[-75.11186,5.28571],[-75.11189,5.28583],[-75.11198,5.28586],[-75.1121,5.28586],[-75.11219,5.28589],[-75.11219,5.28599],[-75.11225,5.28595],[-75.11228,5.28586],[-75.11234,5.28577],[-75.11237,5.28568],[-75.1124,5.28559],[-75.11243,5.2855],[-75.11243,5.28538],[-75.11243,5.28526],[-75.11246,5.28517],[-75.11246,5.28505],[-75.11246,5.28493],[-75.11246,5.28481],[-75.11246,5.28469],[-75.11246,5.28457],[-75.11249,5.28445],[-75.11249,5.28433],[-75.11249,5.28421],[-75.11249,5.28409],[-75.11249,5.28397],[-75.11249,5.28386],[-75.11252,5.28377],[-75.11252,5.28365],[-75.11254,5.28356],[-75.11257,5.28347],[-75.1126,5.28338],[-75.11263,5.28329],[-75.11266,5.28317],[-75.11269,5.28308],[-75.11275,5.28299],[-75.11281,5.2829],[-75.11287,5.28281],[-75.11293,5.28272],[-75.11302,5.28263],[-75.11311,5.28251],[-75.11314,5.28242],[-75.11323,5.28233],[-75.11329,5.28224],[-75.11341,5.28215],[-75.1135,5.28206],[-75.11359,5.282],[-75.11368,5.28197],[-75.11377,5.28191],[-75.11385,5.28185],[-75.11394,5.28179],[-75.11403,5.28173],[-75.11418,5.28164],[-75.11427,5.28158],[-75.11436,5.28149],[-75.11439,5.2814],[-75.11448,5.28134],[-75.11451,5.28125],[-75.11457,5.28113],[-75.11463,5.28101],[-75.11466,5.28089],[-75.11469,5.28074],[-75.11469,5.28062],[-75.11466,5.28053],[-75.1146,5.28041],[-75.11448,5.28035],[-75.11439,5.28029],[-75.11424,5.28029],[-75.11409,5.28032],[-75.114,5.28038],[-75.11388,5.28041],[-75.11379,5.28044],[-75.1137,5.28047],[-75.11358,5.28047],[-75.11346,5.28047],[-75.11335,5.28047],[-75.11323,5.28044],[-75.11314,5.28039],[-75.11305,5.28036],[-75.1129,5.28033],[-75.11281,5.28027],[-75.11278,5.28018],[-75.11278,5.28003],[-75.11281,5.27994],[-75.11281,5.27982],[-75.11287,5.27973],[-75.11296,5.27964],[-75.11302,5.2796],[-75.1128,5.27703],[-75.1128,5.27699],[-75.11279,5.27699],[-75.1127,5.27696],[-75.11258,5.27693],[-75.11246,5.27693],[-75.1124,5.27702],[-75.11237,5.27711],[-75.11231,5.2772],[-75.11222,5.27723],[-75.11211,5.27729],[-75.11202,5.27732],[-75.11197,5.27734],[-75.11221,5.27786],[-75.11222,5.27787],[-75.11223,5.27789],[-75.11235,5.27837],[-75.11236,5.27839],[-75.11236,5.27843],[-75.11236,5.27973],[-75.11236,5.27976],[-75.11235,5.2798],[-75.11234,5.27983],[-75.11232,5.27986],[-75.11229,5.27989],[-75.11226,5.27991],[-75.11223,5.27993],[-75.11219,5.27994],[-75.11216,5.27995],[-75.11218,5.28003],[-75.11224,5.28012],[-75.11227,5.28021],[-75.1123,5.28033],[-75.11227,5.28042],[-75.11218,5.28048],[-75.11206,5.28048],[-75.11194,5.28048],[-75.11185,5.28045],[-75.11179,5.28036],[-75.11173,5.28024],[-75.1117,5.28015],[-75.11161,5.28006],[-75.1115,5.28009],[-75.11147,5.28018],[-75.11147,5.28033],[-75.11147,5.28045],[-75.11153,5.28054],[-75.11156,5.28063],[-75.11162,5.28072],[-75.11162,5.28084],[-75.11162,5.28096],[-75.11162,5.28108],[-75.11162,5.2812],[-75.11162,5.28131],[-75.11162,5.28143],[-75.11162,5.28155],[-75.11162,5.28167],[-75.11162,5.28179],[-75.11159,5.28188],[-75.11159,5.282],[-75.11153,5.28209],[-75.1115,5.28218],[-75.11144,5.28227],[-75.11138,5.28236],[-75.11129,5.28245],[-75.1112,5.28248],[-75.11111,5.28254],[-75.11102,5.28263],[-75.11093,5.28266],[-75.11084,5.28272],[-75.11072,5.28272],[-75.11072,5.2826],[-75.11072,5.28248],[-75.11075,5.28239],[-75.11081,5.2823],[-75.11081,5.28218],[-75.11084,5.28209],[-75.1109,5.282],[-75.11093,5.28191],[-75.11096,5.28182],[-75.11102,5.28173],[-75.11111,5.28164],[-75.11117,5.28155],[-75.11123,5.28146],[-75.11123,5.28135],[-75.11123,5.28123],[-75.1112,5.28111],[-75.11117,5.28102],[-75.11108,5.28099],[-75.11099,5.28102],[-75.11093,5.28111],[-75.1109,5.2812],[-75.11087,5.28129],[-75.11078,5.28138],[-75.11069,5.28132],[-75.11069,5.2812],[-75.11069,5.28108],[-75.11069,5.28096],[-75.11069,5.28081],[-75.11063,5.28072],[-75.11063,5.2806],[-75.1106,5.28051],[-75.11054,5.28042],[-75.11042,5.28042],[-75.11033,5.28048],[-75.11032,5.28049],[-75.11031,5.28052],[-75.11024,5.28072],[-75.11024,5.28081],[-75.11027,5.2809],[-75.11033,5.28102],[-75.11036,5.28111],[-75.11036,5.28123],[-75.11036,5.28135],[-75.11033,5.28144],[-75.1103,5.28156],[-75.11027,5.28165],[-75.11024,5.28177],[-75.11019,5.28186],[-75.11013,5.28195],[-75.11004,5.28204],[-75.11001,5.28212],[-75.10995,5.28221],[-75.10992,5.2823],[-75.10989,5.28242],[-75.10986,5.28254],[-75.10983,5.28263],[-75.1098,5.28272],[-75.10977,5.28281],[-75.10971,5.2829],[-75.10959,5.2829],[-75.1095,5.28287],[-75.10941,5.28284],[-75.10935,5.28284],[-75.10938,5.28303],[-75.10941,5.28319],[-75.10962,5.28344],[-75.10986,5.28364],[-75.11002,5.28373],[-75.10982,5.28404],[-75.10969,5.28416],[-75.10976,5.28416],[-75.10985,5.28413],[-75.10995,5.28416],[-75.11004,5.28416],[-75.11014,5.28418],[-75.11022,5.28422],[-75.11025,5.28419],[-75.11057,5.28377],[-75.11059,5.28375],[-75.11062,5.28373],[-75.11147,5.2831],[-75.11149,5.28308],[-75.1115,5.28308],[-75.11172,5.28297],[-75.11201,5.28263],[-75.11215,5.28219],[-75.11216,5.28216],[-75.11218,5.28213],[-75.1122,5.2821],[-75.11223,5.28208],[-75.11286,5.2816],[-75.11289,5.28158],[-75.11292,5.28157],[-75.11296,5.28156],[-75.113,5.28156],[-75.11304,5.28156],[-75.11307,5.28157],[-75.11311,5.28159],[-75.11314,5.28161],[-75.11316,5.28164],[-75.11319,5.28166],[-75.1132,5.2817],[-75.11321,5.28173],[-75.11322,5.28177],[-75.11322,5.28181],[-75.11321,5.28184],[-75.1132,5.28188],[-75.11318,5.28191],[-75.11316,5.28194],[-75.11313,5.28197],[-75.11255,5.2824],[-75.11242,5.28281],[-75.11241,5.28284],[-75.1124,5.28286],[-75.11238,5.28288],[-75.11203,5.2833],[-75.11201,5.28332],[-75.11199,5.28334],[-75.11196,5.28335],[-75.11172,5.28347],[-75.11091,5.28408],[-75.11058,5.2845],[-75.11056,5.28452],[-75.11054,5.28454],[-75.11052,5.28456],[-75.11052,5.28456],[-75.11057,5.28466],[-75.11059,5.28475],[-75.11064,5.28485],[-75.11071,5.28494],[-75.11076,5.28504],[-75.11076,5.28513],[-75.11069,5.28521],[-75.11059,5.28523],[-75.1105,5.28525],[-75.1104,5.28526],[-75.11035,5.28524],[-75.11035,5.28529]]]},"properties":{"OBJECTID_12":6,"OBJECTID_1":18,"OBJECTID":0,"MUNICIPIO":"Manzanares","CODIGO":" ","ZONIFICACI":"Zona de restauración","SUBZONA":" ","SIMB":"ZR","AREA_HAS":20.4354394076,"NOMBRE":"CERRO GUADALUPE","Shape_Leng":5407.97012592,"Shape_Length":5406.424206111148,"Shape_Area":204237.57463219366}},{"type":"Feature","id":7,"geometry":{"type":"Polygon","coordinates":[[[-75.11976,5.28782],[-75.11988,5.28782],[-75.11998,5.28782],[-75.12007,5.28782],[-75.12017,5.28782],[-75.12026,5.28782],[-75.12036,5.2878],[-75.12043,5.28773],[-75.1205,5.28765],[-75.12053,5.28756],[-75.12053,5.28746],[-75.12055,5.28737],[-75.12055,5.28727],[-75.12055,5.28715],[-75.12055,5.28706],[-75.12037,5.28716],[-75.11949,5.28776],[-75.11949,5.28777],[-75.11957,5.2878],[-75.11967,5.2878],[-75.11976,5.28782]]]},"properties":{"OBJECTID_12":7,"OBJECTID_1":19,"OBJECTID":0,"MUNICIPIO":"Manzanares","CODIGO":" ","ZONIFICACI":"Zona de restauración","SUBZONA":" ","SIMB":"ZR","AREA_HAS":0.500123874198,"NOMBRE":"CERRO GUADALUPE","Shape_Leng":328.60144079,"Shape_Length":328.5083547341941,"Shape_Area":4998.40228291379}},{"type":"Feature","id":8,"geometry":{"type":"Polygon","coordinates":[[[-75.11063,5.28735],[-75.11001,5.28812],[-75.11005,5.28816],[-75.11014,5.28818],[-75.11024,5.28823],[-75.11036,5.28825],[-75.11046,5.28823],[-75.11055,5.28823],[-75.11065,5.28821],[-75.11074,5.28818],[-75.11081,5.28811],[-75.11084,5.2881],[-75.11085,5.28807],[-75.11088,5.28798],[-75.11091,5.28786],[-75.11094,5.28777],[-75.11097,5.28766],[-75.11103,5.28757],[-75.11109,5.28748],[-75.11115,5.28739],[-75.11121,5.2873],[-75.11127,5.28721],[-75.11136,5.28712],[-75.11139,5.28703],[-75.11145,5.28694],[-75.11148,5.28685],[-75.11151,5.28676],[-75.11063,5.28735]]]},"properties":{"OBJECTID_12":8,"OBJECTID_1":20,"OBJECTID":0,"MUNICIPIO":"Manzanares","CODIGO":" ","ZONIFICACI":"Zona de restauración","SUBZONA":" ","SIMB":"ZR","AREA_HAS":0.921281855004,"NOMBRE":"CERRO GUADALUPE","Shape_Leng":494.883747276,"Shape_Length":494.7423406595699,"Shape_Area":9207.54439308757}},{"type":"Feature","id":9,"geometry":{"type":"Polygon","coordinates":[[[-75.11487,5.28707],[-75.1148,5.28716],[-75.11473,5.28723],[-75.1147,5.28733],[-75.11463,5.28742],[-75.11454,5.28745],[-75.11444,5.28745],[-75.11434,5.28747],[-75.11427,5.28755],[-75.1142,5.28762],[-75.11411,5.28767],[-75.11401,5.28769],[-75.11396,5.28778],[-75.11394,5.28788],[-75.11396,5.28798],[-75.11404,5.28805],[-75.11413,5.2881],[-75.11423,5.28814],[-75.11432,5.28819],[-75.11442,5.28824],[-75.11451,5.28829],[-75.11459,5.28836],[-75.11463,5.28845],[-75.11469,5.28851],[-75.11471,5.28842],[-75.11471,5.28778],[-75.11471,5.28774],[-75.11472,5.28771],[-75.11487,5.28717],[-75.11488,5.28716],[-75.11488,5.28715],[-75.11494,5.28702],[-75.11487,5.28707]]]},"properties":{"OBJECTID_12":9,"OBJECTID_1":21,"OBJECTID":0,"MUNICIPIO":"Manzanares","CODIGO":" ","ZONIFICACI":"Zona de restauración","SUBZONA":" ","SIMB":"ZR","AREA_HAS":0.690232542312,"NOMBRE":"CERRO GUADALUPE","Shape_Leng":440.779035177,"Shape_Length":440.6532535899174,"Shape_Area":6898.391496929707}},{"type":"Feature","id":10,"geometry":{"type":"Polygon","coordinates":[[[-75.12136,5.28713],[-75.12141,5.28722],[-75.12143,5.28734],[-75.12146,5.28744],[-75.12146,5.28753],[-75.12146,5.28763],[-75.12143,5.28772],[-75.12141,5.28784],[-75.12139,5.28794],[-75.12134,5.28804],[-75.12131,5.28813],[-75.12129,5.28823],[-75.12122,5.28832],[-75.12118,5.28841],[-75.12121,5.28844],[-75.12127,5.28853],[-75.12127,5.28865],[-75.1213,5.28877],[-75.12133,5.28886],[-75.12142,5.28889],[-75.1216,5.28889],[-75.12187,5.28889],[-75.12196,5.28883],[-75.12202,5.28871],[-75.12205,5.28856],[-75.12205,5.28844],[-75.12205,5.28832],[-75.12205,5.2882],[-75.12205,5.28808],[-75.12208,5.28799],[-75.12214,5.2879],[-75.12214,5.28778],[-75.12211,5.28769],[-75.12205,5.2876],[-75.12199,5.28751],[-75.12193,5.28742],[-75.1219,5.28733],[-75.12187,5.28725],[-75.12187,5.28713],[-75.1219,5.28704],[-75.1219,5.28692],[-75.12189,5.2868],[-75.12189,5.28679],[-75.12145,5.28702],[-75.12143,5.28703],[-75.1214,5.28704],[-75.12137,5.28704],[-75.12133,5.28704],[-75.12132,5.28704],[-75.12136,5.28713]]]},"properties":{"OBJECTID_12":10,"OBJECTID_1":22,"OBJECTID":0,"MUNICIPIO":"Manzanares","CODIGO":" ","ZONIFICACI":"Zona de restauración","SUBZONA":" ","SIMB":"ZR","AREA_HAS":1.57491489595,"NOMBRE":"CERRO GUADALUPE","Shape_Leng":595.998020338,"Shape_Length":595.82926863018,"Shape_Area":15740.237659120688}},{"type":"Feature","id":11,"geometry":{"type":"Polygon","coordinates":[[[-75.11503,5.28906],[-75.11502,5.28909],[-75.11501,5.28912],[-75.11499,5.28915],[-75.11461,5.28966],[-75.1146,5.28966],[-75.1146,5.28967],[-75.11419,5.29011],[-75.11407,5.29026],[-75.11407,5.29028],[-75.11409,5.29038],[-75.11408,5.29048],[-75.11407,5.29058],[-75.11405,5.29068],[-75.11405,5.29078],[-75.11414,5.29083],[-75.11424,5.29083],[-75.11432,5.2908],[-75.11438,5.29073],[-75.11444,5.29065],[-75.1145,5.29058],[-75.11455,5.2905],[-75.11461,5.29042],[-75.11468,5.29037],[-75.11477,5.29031],[-75.11485,5.29025],[-75.11494,5.29022],[-75.11501,5.29016],[-75.11503,5.29006],[-75.11503,5.29005],[-75.11509,5.29002],[-75.11513,5.28993],[-75.1152,5.28984],[-75.11529,5.28977],[-75.11535,5.2897],[-75.11547,5.28962],[-75.11556,5.28959],[-75.11562,5.28953],[-75.11569,5.28946],[-75.11578,5.28941],[-75.11585,5.28935],[-75.11596,5.28932],[-75.11607,5.28926],[-75.11616,5.28923],[-75.11625,5.28919],[-75.11634,5.28914],[-75.11643,5.28912],[-75.11651,5.28908],[-75.11658,5.28899],[-75.11667,5.28892],[-75.11674,5.28885],[-75.11675,5.28885],[-75.11677,5.28874],[-75.11678,5.28871],[-75.11679,5.28869],[-75.11688,5.2885],[-75.1169,5.28846],[-75.11693,5.28844],[-75.11695,5.28841],[-75.11699,5.28839],[-75.11702,5.28838],[-75.11752,5.28822],[-75.11755,5.28821],[-75.11757,5.28821],[-75.11816,5.28815],[-75.11831,5.28808],[-75.11831,5.28802],[-75.11838,5.28792],[-75.11838,5.28783],[-75.11845,5.28775],[-75.11847,5.28766],[-75.11852,5.28756],[-75.11859,5.28749],[-75.11869,5.28747],[-75.11878,5.28744],[-75.11885,5.28744],[-75.11886,5.28744],[-75.11889,5.28742],[-75.11911,5.28736],[-75.11913,5.28736],[-75.11917,5.28735],[-75.11929,5.28735],[-75.12012,5.28679],[-75.12013,5.28678],[-75.12051,5.28656],[-75.12054,5.28654],[-75.12058,5.28653],[-75.1206,5.28653],[-75.12064,5.28648],[-75.12074,5.28643],[-75.12083,5.28646],[-75.12095,5.28651],[-75.12105,5.28655],[-75.12106,5.28656],[-75.12131,5.28658],[-75.12165,5.28641],[-75.12163,5.28638],[-75.12157,5.28629],[-75.12154,5.2862],[-75.12151,5.28608],[-75.12151,5.28596],[-75.12151,5.28584],[-75.12157,5.28575],[-75.12168,5.28575],[-75.12177,5.28578],[-75.12189,5.28584],[-75.12198,5.28587],[-75.12207,5.2859],[-75.12216,5.28593],[-75.12231,5.28596],[-75.1224,5.28599],[-75.12249,5.28602],[-75.12258,5.28605],[-75.1227,5.28608],[-75.12271,5.28608],[-75.1235,5.28595],[-75.12353,5.28595],[-75.12356,5.28595],[-75.12401,5.286],[-75.12406,5.28595],[-75.1241,5.28585],[-75.12415,5.28576],[-75.12417,5.28566],[-75.1242,5.28557],[-75.12422,5.28547],[-75.12427,5.28538],[-75.12432,5.28528],[-75.12436,5.28516],[-75.12439,5.28506],[-75.12441,5.28497],[-75.12444,5.28487],[-75.12446,5.28478],[-75.12448,5.28468],[-75.12448,5.28459],[-75.12448,5.28449],[-75.12448,5.28439],[-75.12448,5.2843],[-75.12451,5.2842],[-75.12451,5.28411],[-75.12451,5.28401],[-75.12451,5.28392],[-75.12448,5.2838],[-75.12443,5.2837],[-75.12441,5.2836],[-75.12439,5.28351],[-75.12436,5.28339],[-75.12429,5.28329],[-75.12427,5.28317],[-75.12424,5.28305],[-75.12422,5.28296],[-75.12417,5.28284],[-75.12415,5.28274],[-75.12412,5.28265],[-75.12407,5.28255],[-75.12403,5.28246],[-75.12395,5.28239],[-75.12393,5.28229],[-75.12383,5.28222],[-75.12374,5.28217],[-75.12369,5.28208],[-75.1236,5.28203],[-75.12352,5.28196],[-75.12343,5.28188],[-75.12336,5.28181],[-75.12328,5.28174],[-75.12321,5.28167],[-75.12317,5.28155],[-75.12309,5.28148],[-75.12305,5.28138],[-75.123,5.28126],[-75.12293,5.28117],[-75.12288,5.28107],[-75.12283,5.28098],[-75.12278,5.28088],[-75.12276,5.28078],[-75.12271,5.28069],[-75.12266,5.28057],[-75.12259,5.28047],[-75.12252,5.2804],[-75.12242,5.28035],[-75.12233,5.28038],[-75.12223,5.28045],[-75.12218,5.28055],[-75.12216,5.28067],[-75.12216,5.28076],[-75.12221,5.28086],[-75.12226,5.28095],[-75.12231,5.28105],[-75.12235,5.28114],[-75.1224,5.28124],[-75.12242,5.28136],[-75.12243,5.28148],[-75.12243,5.28157],[-75.12243,5.28167],[-75.12243,5.28177],[-75.12243,5.28186],[-75.12243,5.28198],[-75.12243,5.2821],[-75.12243,5.2822],[-75.12235,5.28227],[-75.12226,5.2822],[-75.12219,5.28213],[-75.12214,5.28201],[-75.12207,5.28193],[-75.12202,5.28184],[-75.12197,5.28172],[-75.1219,5.28165],[-75.12183,5.28158],[-75.12176,5.28146],[-75.12169,5.28138],[-75.12159,5.28131],[-75.12154,5.28122],[-75.12147,5.28115],[-75.1214,5.28107],[-75.12135,5.28098],[-75.12128,5.28086],[-75.12123,5.28076],[-75.12121,5.28067],[-75.12118,5.28057],[-75.12117,5.28052],[-75.12116,5.28052],[-75.12107,5.28059],[-75.12096,5.28059],[-75.12087,5.28057],[-75.12081,5.2805],[-75.12076,5.28041],[-75.12069,5.28035],[-75.12065,5.28026],[-75.12058,5.28017],[-75.12056,5.28008],[-75.12049,5.28001],[-75.12045,5.2799],[-75.12038,5.27981],[-75.12029,5.27977],[-75.1202,5.27972],[-75.12011,5.27965],[-75.12002,5.27959],[-75.11993,5.27954],[-75.11985,5.27948],[-75.11976,5.27943],[-75.11967,5.27941],[-75.1196,5.27932],[-75.11951,5.27928],[-75.11942,5.27923],[-75.11933,5.27916],[-75.11924,5.27914],[-75.11913,5.27912],[-75.11904,5.27907],[-75.11893,5.27905],[-75.11884,5.27901],[-75.11875,5.27899],[-75.11866,5.27894],[-75.11857,5.27892],[-75.11848,5.27887],[-75.11839,5.27885],[-75.1183,5.27883],[-75.11822,5.27881],[-75.1181,5.27879],[-75.11801,5.27876],[-75.11788,5.27876],[-75.11779,5.27881],[-75.11772,5.27888],[-75.11764,5.27894],[-75.11755,5.27901],[-75.11746,5.27906],[-75.11737,5.2791],[-75.11728,5.27912],[-75.11717,5.27915],[-75.11708,5.27917],[-75.11699,5.27919],[-75.1169,5.27923],[-75.11679,5.27924],[-75.1167,5.27921],[-75.11661,5.27917],[-75.11652,5.27915],[-75.11641,5.2791],[-75.11632,5.27906],[-75.11621,5.27906],[-75.11612,5.27903],[-75.11603,5.27899],[-75.11594,5.27892],[-75.11589,5.27883],[-75.11589,5.27872],[-75.11587,5.27863],[-75.11587,5.27852],[-75.11587,5.27842],[-75.11587,5.27842],[-75.11583,5.27841],[-75.11447,5.27797],[-75.11446,5.27797],[-75.11443,5.27796],[-75.11389,5.27767],[-75.11386,5.27765],[-75.11383,5.27763],[-75.11381,5.2776],[-75.11379,5.27757],[-75.11377,5.27753],[-75.11377,5.2775],[-75.11377,5.27747],[-75.11367,5.27742],[-75.11355,5.27736],[-75.11327,5.27717],[-75.11331,5.27769],[-75.11343,5.27769],[-75.11355,5.27772],[-75.11364,5.27775],[-75.11373,5.27781],[-75.11385,5.27787],[-75.11394,5.27796],[-75.114,5.27805],[-75.11406,5.27814],[-75.11409,5.27823],[-75.11412,5.27832],[-75.11415,5.27841],[-75.11418,5.27853],[-75.11427,5.27856],[-75.11436,5.27853],[-75.11445,5.27847],[-75.11453,5.27841],[-75.11462,5.27835],[-75.11474,5.27835],[-75.11486,5.27835],[-75.11495,5.27838],[-75.11504,5.27847],[-75.11507,5.27856],[-75.11513,5.27865],[-75.11516,5.27877],[-75.11519,5.27889],[-75.11522,5.27898],[-75.11525,5.2791],[-75.11528,5.27922],[-75.11534,5.27931],[-75.11537,5.27942],[-75.1154,5.27951],[-75.1154,5.27963],[-75.11543,5.27972],[-75.11543,5.27984],[-75.11543,5.27996],[-75.1154,5.28008],[-75.11537,5.2802],[-75.11534,5.28032],[-75.11528,5.28041],[-75.11525,5.2805],[-75.11519,5.28059],[-75.11517,5.28068],[-75.11517,5.2808],[-75.1152,5.28089],[-75.11528,5.28095],[-75.1154,5.28095],[-75.11552,5.28095],[-75.11558,5.28086],[-75.11564,5.28077],[-75.1157,5.28068],[-75.11579,5.28065],[-75.11588,5.28062],[-75.11597,5.28059],[-75.11606,5.28056],[-75.11615,5.28047],[-75.11627,5.28038],[-75.1163,5.28029],[-75.11633,5.2802],[-75.11639,5.28011],[-75.11642,5.28002],[-75.11651,5.27993],[-75.1166,5.27987],[-75.11669,5.27984],[-75.11677,5.27978],[-75.11686,5.27975],[-75.11698,5.27975],[-75.11707,5.27981],[-75.11713,5.2799],[-75.11722,5.27999],[-75.11731,5.28002],[-75.1174,5.28008],[-75.11749,5.28011],[-75.11758,5.28017],[-75.11764,5.28026],[-75.11764,5.28038],[-75.11767,5.28053],[-75.11767,5.28065],[-75.11773,5.28074],[-75.11776,5.28083],[-75.11776,5.28095],[-75.11776,5.28107],[-75.11764,5.2811],[-75.11753,5.2811],[-75.11756,5.28113],[-75.1176,5.28122],[-75.11765,5.28132],[-75.11768,5.28142],[-75.11772,5.28151],[-75.11775,5.28161],[-75.11772,5.2817],[-75.11768,5.2818],[-75.11761,5.28192],[-75.11753,5.28199],[-75.11749,5.28209],[-75.11744,5.28218],[-75.11741,5.28228],[-75.11742,5.28237],[-75.11742,5.28247],[-75.11744,5.28256],[-75.11744,5.28266],[-75.11751,5.28273],[-75.11761,5.28273],[-75.1177,5.28271],[-75.11775,5.28261],[-75.1178,5.28252],[-75.11787,5.28244],[-75.11794,5.28237],[-75.11804,5.28237],[-75.11813,5.28242],[-75.1182,5.28249],[-75.11827,5.28256],[-75.11837,5.28263],[-75.11846,5.28268],[-75.11861,5.28243],[-75.11878,5.28201],[-75.11894,5.2802],[-75.11894,5.28017],[-75.11895,5.28013],[-75.11897,5.2801],[-75.11899,5.28007],[-75.11902,5.28004],[-75.11905,5.28002],[-75.11908,5.28001],[-75.11912,5.28],[-75.11916,5.28],[-75.1192,5.28],[-75.11923,5.28001],[-75.11927,5.28002],[-75.1193,5.28004],[-75.11933,5.28007],[-75.11935,5.2801],[-75.11937,5.28013],[-75.11938,5.28017],[-75.11938,5.2802],[-75.11938,5.28024],[-75.11926,5.28172],[-75.11928,5.28172],[-75.11937,5.28172],[-75.11949,5.28177],[-75.11959,5.28184],[-75.11968,5.28189],[-75.11978,5.28196],[-75.11987,5.28201],[-75.11997,5.28208],[-75.11997,5.28218],[-75.11999,5.28227],[-75.11994,5.28237],[-75.1199,5.28246],[-75.11983,5.28254],[-75.11975,5.28261],[-75.11968,5.28268],[-75.11959,5.28275],[-75.11956,5.28285],[-75.11947,5.28287],[-75.11937,5.28297],[-75.1193,5.28304],[-75.11928,5.28314],[-75.11923,5.28325],[-75.11916,5.28335],[-75.11906,5.28342],[-75.11897,5.28347],[-75.11894,5.28357],[-75.11894,5.28366],[-75.11894,5.28376],[-75.11894,5.28385],[-75.11894,5.28389],[-75.11896,5.2839],[-75.11905,5.28396],[-75.11914,5.28402],[-75.11923,5.28408],[-75.11935,5.28408],[-75.11944,5.28411],[-75.11956,5.28417],[-75.11959,5.28426],[-75.11965,5.28435],[-75.11971,5.28444],[-75.11974,5.28453],[-75.11977,5.28462],[-75.11983,5.28471],[-75.11986,5.2848],[-75.11989,5.28489],[-75.11989,5.28501],[-75.11989,5.28513],[-75.11989,5.28525],[-75.11992,5.28534],[-75.12001,5.2854],[-75.12004,5.28549],[-75.12007,5.28558],[-75.12007,5.2857],[-75.12004,5.28579],[-75.11998,5.28588],[-75.11989,5.28591],[-75.1198,5.28594],[-75.11968,5.28594],[-75.11956,5.28594],[-75.11944,5.28597],[-75.11935,5.286],[-75.11926,5.28606],[-75.11917,5.28615],[-75.11914,5.28624],[-75.11908,5.28633],[-75.11902,5.28645],[-75.11896,5.28654],[-75.1189,5.28666],[-75.11884,5.28674],[-75.11876,5.28686],[-75.11867,5.28692],[-75.11858,5.28698],[-75.11849,5.28701],[-75.1184,5.2871],[-75.11831,5.28716],[-75.11831,5.28704],[-75.11831,5.28693],[-75.11831,5.28681],[-75.11831,5.28669],[-75.11831,5.28657],[-75.11831,5.28645],[-75.11831,5.28633],[-75.11822,5.28627],[-75.11807,5.28627],[-75.11795,5.2863],[-75.11786,5.28636],[-75.11786,5.28648],[-75.11786,5.2866],[-75.11777,5.28669],[-75.11765,5.28669],[-75.11759,5.2866],[-75.11756,5.28651],[-75.11749,5.28651],[-75.11742,5.28644],[-75.11733,5.28642],[-75.11723,5.28642],[-75.11714,5.28644],[-75.11702,5.28644],[-75.11692,5.28644],[-75.11683,5.28646],[-75.11673,5.28649],[-75.11663,5.28656],[-75.11656,5.28663],[-75.11649,5.2867],[-75.11642,5.28678],[-75.1163,5.28682],[-75.11621,5.28689],[-75.11622,5.28693],[-75.11631,5.28699],[-75.1164,5.28702],[-75.11646,5.28711],[-75.11649,5.2872],[-75.11655,5.28729],[-75.11661,5.28738],[-75.11664,5.28747],[-75.11667,5.28756],[-75.11667,5.28771],[-75.11661,5.2878],[-75.11658,5.28789],[-75.11649,5.28797],[-75.1164,5.28803],[-75.11631,5.28806],[-75.11622,5.2881],[-75.11613,5.28815],[-75.11604,5.28821],[-75.11598,5.2883],[-75.11598,5.28842],[-75.11598,5.28854],[-75.11595,5.28863],[-75.11589,5.28872],[-75.11581,5.28878],[-75.11572,5.28884],[-75.11563,5.28887],[-75.11556,5.28892],[-75.11554,5.28884],[-75.11551,5.28875],[-75.11548,5.28866],[-75.11545,5.28854],[-75.11542,5.28846],[-75.11533,5.28837],[-75.1153,5.28828],[-75.11527,5.28819],[-75.11521,5.2881],[-75.11518,5.28801],[-75.11516,5.28798],[-75.11516,5.28844],[-75.11516,5.28848],[-75.11516,5.28849],[-75.11503,5.28906]]]},"properties":{"OBJECTID_12":11,"OBJECTID_1":23,"OBJECTID":0,"MUNICIPIO":"Manzanares","CODIGO":" ","ZONIFICACI":"Zona de restauración","SUBZONA":" ","SIMB":"ZR","AREA_HAS":50.3515903656,"NOMBRE":"CERRO GUADALUPE","Shape_Leng":7641.79497209,"Shape_Length":7639.626818993537,"Shape_Area":503230.74402655585}},{"type":"Feature","id":12,"geometry":{"type":"Polygon","coordinates":[[[-75.11256,5.28977],[-75.11256,5.28987],[-75.11255,5.28997],[-75.11251,5.29007],[-75.11246,5.29015],[-75.11242,5.29024],[-75.11236,5.29031],[-75.11232,5.2904],[-75.11226,5.29047],[-75.11219,5.29056],[-75.11209,5.2906],[-75.112,5.29066],[-75.11192,5.29069],[-75.11183,5.29074],[-75.11173,5.29079],[-75.11166,5.29086],[-75.11159,5.29096],[-75.11155,5.29106],[-75.11155,5.29116],[-75.11155,5.29126],[-75.11159,5.29135],[-75.11166,5.2914],[-75.11175,5.29143],[-75.11183,5.29148],[-75.11192,5.29152],[-75.11201,5.29155],[-75.11211,5.29155],[-75.11219,5.29152],[-75.11226,5.29146],[-75.11228,5.29136],[-75.11228,5.29126],[-75.11228,5.29116],[-75.11228,5.29106],[-75.11229,5.29096],[-75.11232,5.29084],[-75.11236,5.29076],[-75.11241,5.29067],[-75.11248,5.29061],[-75.11258,5.29057],[-75.11266,5.29053],[-75.11278,5.29051],[-75.11288,5.29051],[-75.11298,5.2905],[-75.11304,5.29043],[-75.11308,5.29034],[-75.11312,5.29025],[-75.11315,5.29017],[-75.11318,5.29008],[-75.11324,5.29],[-75.11331,5.28991],[-75.11338,5.28985],[-75.11348,5.28978],[-75.11358,5.28976],[-75.11368,5.28978],[-75.11376,5.28981],[-75.11383,5.28984],[-75.11385,5.28982],[-75.11385,5.28981],[-75.11426,5.28938],[-75.1146,5.28892],[-75.11461,5.28886],[-75.11459,5.28888],[-75.11449,5.28884],[-75.11444,5.28882],[-75.11444,5.28888],[-75.11437,5.28896],[-75.11428,5.28896],[-75.11418,5.28896],[-75.11406,5.28896],[-75.11397,5.28893],[-75.11387,5.28891],[-75.11377,5.28886],[-75.11368,5.28881],[-75.11358,5.28879],[-75.11344,5.28874],[-75.11342,5.28874],[-75.11321,5.28876],[-75.1132,5.28882],[-75.11316,5.2889],[-75.1131,5.28898],[-75.11303,5.28903],[-75.11293,5.28903],[-75.11285,5.28908],[-75.11279,5.28916],[-75.11273,5.28924],[-75.11272,5.28934],[-75.11269,5.28942],[-75.11263,5.28949],[-75.11259,5.28958],[-75.11256,5.28967],[-75.11256,5.28977]]]},"properties":{"OBJECTID_12":12,"OBJECTID_1":24,"OBJECTID":0,"MUNICIPIO":"Manzanares","CODIGO":" ","ZONIFICACI":"Zona de restauración","SUBZONA":" ","SIMB":"ZR","AREA_HAS":3.12287813254,"NOMBRE":"CERRO GUADALUPE","Shape_Leng":1064.32330802,"Shape_Length":1064.0191285748124,"Shape_Area":31210.95293489057}},{"type":"Feature","id":13,"geometry":{"type":"Polygon","coordinates":[[[-75.11474,5.29583],[-75.11465,5.29586],[-75.11467,5.29595],[-75.11474,5.29601],[-75.1148,5.29607],[-75.11477,5.29583],[-75.11474,5.29583]]]},"properties":{"OBJECTID_12":13,"OBJECTID_1":25,"OBJECTID":0,"MUNICIPIO":"Manzanares","CODIGO":" ","ZONIFICACI":"Zona de restauración","SUBZONA":" ","SIMB":"ZR","AREA_HAS":0.0229521293955,"NOMBRE":"CERRO GUADALUPE","Shape_Leng":69.829810377,"Shape_Length":69.80974655405763,"Shape_Area":229.39067125936373}},{"type":"Feature","id":14,"geometry":{"type":"Polygon","coordinates":[[[-75.11552,5.29617],[-75.11559,5.29619],[-75.11556,5.29616],[-75.11554,5.29613],[-75.11551,5.2961],[-75.1155,5.29607],[-75.11531,5.2956],[-75.1153,5.29568],[-75.11523,5.29574],[-75.11521,5.29576],[-75.11527,5.29615],[-75.11527,5.29615],[-75.11532,5.29615],[-75.11543,5.29615],[-75.11552,5.29617]]]},"properties":{"OBJECTID_12":14,"OBJECTID_1":26,"OBJECTID":0,"MUNICIPIO":"Manzanares","CODIGO":" ","ZONIFICACI":"Zona de restauración","SUBZONA":" ","SIMB":"ZR","AREA_HAS":0.116546768255,"NOMBRE":"CERRO GUADALUPE","Shape_Leng":173.92504824,"Shape_Length":173.87558288074814,"Shape_Area":1164.8038072542095}},{"type":"Feature","id":15,"geometry":{"type":"Polygon","coordinates":[[[-75.11626,5.29655],[-75.11635,5.29658],[-75.11624,5.29653],[-75.11626,5.29655]]]},"properties":{"OBJECTID_12":15,"OBJECTID_1":27,"OBJECTID":0,"MUNICIPIO":"Manzanares","CODIGO":" ","ZONIFICACI":"Zona de restauración","SUBZONA":" ","SIMB":"ZR","AREA_HAS":0.000578428619828,"NOMBRE":"CERRO GUADALUPE","Shape_Leng":28.67034338,"Shape_Length":28.662336768032894,"Shape_Area":5.780517530507478}},{"type":"Feature","id":16,"geometry":{"type":"Polygon","coordinates":[[[-75.1165,5.29666],[-75.11656,5.29669],[-75.11652,5.29665],[-75.11641,5.2966],[-75.1165,5.29666]]]},"properties":{"OBJECTID_12":16,"OBJECTID_1":28,"OBJECTID":0,"MUNICIPIO":"Manzanares","CODIGO":" ","ZONIFICACI":"Zona de restauración","SUBZONA":" ","SIMB":"ZR","AREA_HAS":0.00178309667224,"NOMBRE":"CERRO GUADALUPE","Shape_Leng":37.8001565299,"Shape_Length":37.78952212022641,"Shape_Area":17.82026556058472}},{"type":"Feature","id":17,"geometry":{"type":"Polygon","coordinates":[[[-75.12029,5.29642],[-75.12032,5.29642],[-75.12035,5.29643],[-75.12038,5.29643],[-75.12054,5.2965],[-75.12057,5.29651],[-75.1206,5.29653],[-75.12062,5.29656],[-75.12064,5.29659],[-75.12066,5.29662],[-75.12086,5.29708],[-75.12096,5.29718],[-75.12127,5.29732],[-75.12132,5.29729],[-75.12141,5.29723],[-75.12149,5.29714],[-75.12156,5.2971],[-75.12155,5.29709],[-75.12155,5.297],[-75.12155,5.2969],[-75.12152,5.29681],[-75.12149,5.29672],[-75.12143,5.29663],[-75.12134,5.29657],[-75.12128,5.29647],[-75.12119,5.29641],[-75.12112,5.29632],[-75.12109,5.29623],[-75.12103,5.29614],[-75.12097,5.29605],[-75.12088,5.29602],[-75.12079,5.29595],[-75.12073,5.29586],[-75.12063,5.29583],[-75.12057,5.29574],[-75.12048,5.29571],[-75.12036,5.29565],[-75.12027,5.29565],[-75.12018,5.29565],[-75.12008,5.29565],[-75.11999,5.29568],[-75.1199,5.29568],[-75.11969,5.29568],[-75.11956,5.29565],[-75.11947,5.29565],[-75.11938,5.29565],[-75.11926,5.29565],[-75.11917,5.29565],[-75.11907,5.29565],[-75.11898,5.29565],[-75.11889,5.29565],[-75.11877,5.29565],[-75.11868,5.29565],[-75.11859,5.29562],[-75.11849,5.29559],[-75.11837,5.29556],[-75.11828,5.29556],[-75.11819,5.29553],[-75.1181,5.2955],[-75.118,5.2955],[-75.11791,5.29547],[-75.11782,5.29547],[-75.11773,5.29547],[-75.11764,5.29544],[-75.11755,5.29544],[-75.11745,5.29544],[-75.11736,5.29544],[-75.11727,5.29544],[-75.11718,5.29541],[-75.11709,5.29541],[-75.117,5.29538],[-75.1169,5.29532],[-75.11681,5.29532],[-75.11672,5.29532],[-75.11663,5.29532],[-75.11654,5.29532],[-75.11644,5.29532],[-75.11635,5.29529],[-75.1163,5.29527],[-75.11628,5.29532],[-75.11619,5.29538],[-75.1161,5.29541],[-75.11599,5.29541],[-75.11588,5.29541],[-75.11572,5.29541],[-75.1159,5.29585],[-75.11601,5.29595],[-75.11674,5.29625],[-75.11677,5.29627],[-75.1168,5.29629],[-75.11683,5.29631],[-75.11732,5.29689],[-75.11777,5.29699],[-75.1183,5.29702],[-75.11847,5.29701],[-75.11848,5.297],[-75.11855,5.297],[-75.11892,5.29696],[-75.11937,5.29679],[-75.11992,5.29645],[-75.11995,5.29644],[-75.11998,5.29643],[-75.12001,5.29642],[-75.12004,5.29642],[-75.12029,5.29642]]]},"properties":{"OBJECTID_12":17,"OBJECTID_1":29,"OBJECTID":0,"MUNICIPIO":"Manzanares","CODIGO":" ","ZONIFICACI":"Zona de restauración","SUBZONA":" ","SIMB":"ZR","AREA_HAS":7.43843872765,"NOMBRE":"CERRO GUADALUPE","Shape_Leng":1549.28580009,"Shape_Length":1548.8465987201726,"Shape_Area":74342.20903684723}},{"type":"Feature","id":18,"geometry":{"type":"Polygon","coordinates":[[[-75.12366,5.29718],[-75.12388,5.29721],[-75.12409,5.2973],[-75.12416,5.29734],[-75.12418,5.29729],[-75.12424,5.29724],[-75.12421,5.29717],[-75.12421,5.29705],[-75.12421,5.29693],[-75.12424,5.29684],[-75.12427,5.29675],[-75.1243,5.29666],[-75.1243,5.29654],[-75.12436,5.29645],[-75.12439,5.29636],[-75.12442,5.29627],[-75.12445,5.29618],[-75.12451,5.29609],[-75.12454,5.296],[-75.12454,5.29588],[-75.12459,5.29579],[-75.12459,5.29567],[-75.12459,5.29555],[-75.12459,5.29543],[-75.12459,5.29528],[-75.12459,5.29516],[-75.12462,5.29508],[-75.12468,5.29496],[-75.12474,5.29487],[-75.1248,5.29478],[-75.12486,5.29469],[-75.12492,5.2946],[-75.12498,5.29451],[-75.12507,5.29439],[-75.1251,5.2943],[-75.12513,5.29421],[-75.12516,5.29409],[-75.12516,5.29397],[-75.12516,5.29385],[-75.12516,5.29373],[-75.12516,5.29361],[-75.12519,5.29352],[-75.12519,5.29337],[-75.12522,5.29328],[-75.12522,5.29316],[-75.12522,5.29304],[-75.12525,5.29295],[-75.12528,5.29286],[-75.12531,5.29274],[-75.12534,5.29265],[-75.12534,5.29253],[-75.12533,5.29241],[-75.12533,5.29229],[-75.12533,5.29217],[-75.12533,5.29205],[-75.12533,5.29193],[-75.1253,5.29184],[-75.12527,5.29172],[-75.12527,5.29161],[-75.12524,5.29152],[-75.12518,5.29143],[-75.12515,5.29134],[-75.12509,5.29122],[-75.12509,5.2911],[-75.125,5.29101],[-75.12491,5.29095],[-75.12474,5.29086],[-75.12462,5.2908],[-75.12456,5.29071],[-75.12453,5.29062],[-75.1245,5.29053],[-75.12447,5.29044],[-75.12438,5.29035],[-75.12426,5.29026],[-75.12417,5.2902],[-75.12402,5.29014],[-75.1239,5.29008],[-75.12381,5.29002],[-75.12372,5.28999],[-75.1236,5.28996],[-75.12351,5.28993],[-75.12315,5.28987],[-75.12297,5.28984],[-75.12282,5.28985],[-75.12271,5.28985],[-75.12259,5.28985],[-75.12247,5.28985],[-75.12235,5.28988],[-75.12223,5.28988],[-75.12211,5.28988],[-75.12199,5.28988],[-75.12194,5.28988],[-75.12199,5.28991],[-75.12199,5.29006],[-75.1219,5.29012],[-75.12181,5.29018],[-75.12172,5.29024],[-75.12163,5.29027],[-75.12154,5.2903],[-75.12145,5.29033],[-75.12133,5.29033],[-75.12121,5.29033],[-75.1211,5.29033],[-75.12104,5.29024],[-75.12095,5.29018],[-75.12086,5.29012],[-75.12077,5.29006],[-75.12062,5.29006],[-75.1205,5.29006],[-75.12041,5.29012],[-75.12038,5.29024],[-75.12038,5.29036],[-75.12038,5.29048],[-75.12038,5.2906],[-75.12038,5.29072],[-75.12038,5.29084],[-75.12035,5.29093],[-75.12026,5.29102],[-75.12017,5.29111],[-75.12008,5.29114],[-75.11996,5.2912],[-75.11987,5.29126],[-75.11978,5.29132],[-75.11972,5.29141],[-75.11967,5.2915],[-75.11958,5.29156],[-75.11949,5.29159],[-75.1194,5.29162],[-75.11931,5.29168],[-75.11922,5.29171],[-75.11913,5.29174],[-75.11904,5.29177],[-75.11892,5.29177],[-75.1188,5.2918],[-75.11871,5.29183],[-75.11862,5.29186],[-75.11853,5.29189],[-75.1185,5.29201],[-75.11856,5.2921],[-75.11865,5.29215],[-75.11871,5.29224],[-75.11877,5.29233],[-75.11877,5.29245],[-75.11871,5.29257],[-75.11859,5.29266],[-75.11847,5.29269],[-75.11838,5.29275],[-75.1183,5.29281],[-75.11821,5.29287],[-75.11812,5.29284],[-75.11806,5.29275],[-75.11806,5.29263],[-75.11812,5.29254],[-75.11809,5.29245],[-75.11797,5.29243],[-75.11782,5.29243],[-75.11776,5.29234],[-75.11776,5.29222],[-75.1177,5.29213],[-75.11761,5.2921],[-75.11746,5.2921],[-75.11737,5.29213],[-75.11728,5.29219],[-75.11719,5.29225],[-75.1171,5.29231],[-75.11701,5.29234],[-75.11692,5.29243],[-75.11683,5.29252],[-75.11674,5.29258],[-75.11665,5.29261],[-75.11656,5.29267],[-75.11648,5.2927],[-75.11636,5.29276],[-75.11624,5.29282],[-75.11615,5.29285],[-75.11606,5.29288],[-75.11594,5.29297],[-75.11582,5.293],[-75.11573,5.29306],[-75.11564,5.29309],[-75.11555,5.29315],[-75.11546,5.29318],[-75.11537,5.29321],[-75.11525,5.29324],[-75.11516,5.2933],[-75.1151,5.29339],[-75.1151,5.29341],[-75.11514,5.29342],[-75.11523,5.29351],[-75.11525,5.2936],[-75.11534,5.29366],[-75.11545,5.29371],[-75.11556,5.29373],[-75.11564,5.29377],[-75.11621,5.2935],[-75.11623,5.29349],[-75.11625,5.29348],[-75.11742,5.2932],[-75.11743,5.29319],[-75.11747,5.29319],[-75.11817,5.29319],[-75.11821,5.29319],[-75.11825,5.2932],[-75.11856,5.29332],[-75.11862,5.29323],[-75.11871,5.29317],[-75.1188,5.29311],[-75.11888,5.29302],[-75.11891,5.29293],[-75.119,5.2929],[-75.11909,5.29284],[-75.11921,5.29284],[-75.11933,5.29284],[-75.11945,5.29284],[-75.11949,5.29286],[-75.1197,5.2927],[-75.12092,5.29144],[-75.12094,5.29142],[-75.12097,5.2914],[-75.121,5.29139],[-75.12104,5.29138],[-75.12108,5.29138],[-75.12111,5.29138],[-75.12115,5.29139],[-75.12118,5.2914],[-75.12122,5.29142],[-75.12124,5.29145],[-75.12127,5.29148],[-75.12128,5.29151],[-75.1213,5.29155],[-75.1213,5.29159],[-75.1213,5.29162],[-75.12129,5.29166],[-75.12128,5.2917],[-75.12126,5.29173],[-75.12124,5.29176],[-75.12019,5.29284],[-75.1202,5.29284],[-75.12032,5.29284],[-75.12041,5.29287],[-75.1205,5.29293],[-75.12053,5.29302],[-75.12062,5.29311],[-75.1207,5.29314],[-75.12079,5.29317],[-75.12079,5.29329],[-75.12073,5.29338],[-75.12071,5.29347],[-75.12065,5.29356],[-75.12062,5.29365],[-75.12056,5.29374],[-75.12053,5.29383],[-75.1205,5.29392],[-75.12044,5.29401],[-75.12035,5.29407],[-75.12028,5.29409],[-75.12101,5.2943],[-75.12142,5.29439],[-75.12145,5.2944],[-75.12149,5.29442],[-75.12152,5.29444],[-75.12154,5.29447],[-75.12156,5.2945],[-75.12158,5.29453],[-75.12159,5.29457],[-75.12159,5.29461],[-75.12159,5.29465],[-75.12158,5.29468],[-75.12157,5.29472],[-75.12155,5.29475],[-75.12152,5.29478],[-75.12149,5.2948],[-75.12146,5.29482],[-75.12143,5.29483],[-75.12139,5.29484],[-75.12135,5.29484],[-75.12132,5.29483],[-75.1209,5.29474],[-75.12089,5.29474],[-75.12043,5.29461],[-75.12045,5.29464],[-75.12051,5.29473],[-75.1206,5.29479],[-75.12069,5.29485],[-75.12079,5.29491],[-75.12088,5.29497],[-75.12094,5.29507],[-75.12103,5.29513],[-75.12109,5.29522],[-75.12112,5.29531],[-75.12115,5.2954],[-75.12124,5.29546],[-75.12134,5.29549],[-75.12143,5.29552],[-75.12155,5.29559],[-75.12164,5.29562],[-75.12173,5.29565],[-75.12183,5.29565],[-75.12192,5.29568],[-75.12204,5.29568],[-75.12216,5.29571],[-75.12228,5.29571],[-75.12238,5.29574],[-75.12247,5.29583],[-75.12253,5.29592],[-75.12253,5.29601],[-75.12259,5.2961],[-75.12259,5.2962],[-75.12262,5.29629],[-75.12262,5.29641],[-75.12268,5.2965],[-75.12271,5.29659],[-75.12278,5.29669],[-75.12281,5.29678],[-75.1229,5.29687],[-75.12299,5.29693],[-75.12311,5.29699],[-75.1232,5.29705],[-75.12327,5.29715],[-75.12336,5.29715],[-75.12345,5.29715],[-75.12357,5.29714],[-75.12366,5.29718]]]},"properties":{"OBJECTID_12":18,"OBJECTID_1":30,"OBJECTID":0,"MUNICIPIO":"Manzanares","CODIGO":" ","ZONIFICACI":"Zona de restauración","SUBZONA":" ","SIMB":"ZR","AREA_HAS":38.0997540148,"NOMBRE":"CERRO GUADALUPE","Shape_Leng":4380.4854163,"Shape_Length":4379.246538458643,"Shape_Area":380782.363875216}},{"type":"Feature","id":19,"geometry":{"type":"Polygon","coordinates":[[[-75.12096,5.29792],[-75.12102,5.29801],[-75.12111,5.2981],[-75.1212,5.29819],[-75.12126,5.29828],[-75.12132,5.2984],[-75.12135,5.29849],[-75.12147,5.29852],[-75.12159,5.29852],[-75.12159,5.2984],[-75.12162,5.29828],[-75.12171,5.29822],[-75.12179,5.29816],[-75.12179,5.29808],[-75.12175,5.29804],[-75.12074,5.29758],[-75.12072,5.29757],[-75.12069,5.29755],[-75.12067,5.29753],[-75.12052,5.29737],[-75.1205,5.29735],[-75.12048,5.29733],[-75.12047,5.29731],[-75.12028,5.29688],[-75.12025,5.29687],[-75.12011,5.29687],[-75.11959,5.29719],[-75.11959,5.29719],[-75.11955,5.29721],[-75.11946,5.29724],[-75.11947,5.29727],[-75.11956,5.29736],[-75.11968,5.29742],[-75.11979,5.29742],[-75.11991,5.29742],[-75.12,5.29748],[-75.12009,5.29756],[-75.12015,5.29765],[-75.12021,5.29774],[-75.1203,5.29777],[-75.12039,5.2978],[-75.12048,5.29786],[-75.1206,5.29786],[-75.12072,5.29786],[-75.12084,5.29786],[-75.12096,5.29792]]]},"properties":{"OBJECTID_12":19,"OBJECTID_1":31,"OBJECTID":0,"MUNICIPIO":"Manzanares","CODIGO":" ","ZONIFICACI":"Zona de restauración","SUBZONA":" ","SIMB":"ZR","AREA_HAS":1.2437506778,"NOMBRE":"CERRO GUADALUPE","Shape_Leng":685.739009849,"Shape_Length":685.5447017937662,"Shape_Area":12430.460248892734}},{"type":"Feature","id":20,"geometry":{"type":"Polygon","coordinates":[[[-75.13009,5.29865],[-75.13011,5.29871],[-75.13083,5.29811],[-75.13122,5.29715],[-75.13172,5.29554],[-75.13173,5.29551],[-75.13175,5.29548],[-75.13177,5.29545],[-75.1318,5.29543],[-75.13183,5.29541],[-75.13186,5.2954],[-75.13189,5.29539],[-75.13193,5.29538],[-75.13197,5.29539],[-75.13201,5.2954],[-75.13204,5.29541],[-75.13207,5.29543],[-75.1321,5.29546],[-75.13213,5.29549],[-75.13214,5.29553],[-75.13215,5.29556],[-75.13216,5.2956],[-75.13216,5.29564],[-75.13215,5.29568],[-75.13186,5.2966],[-75.13193,5.29653],[-75.13205,5.29653],[-75.13214,5.2965],[-75.13226,5.2965],[-75.13232,5.29659],[-75.13235,5.29668],[-75.13241,5.29677],[-75.1325,5.29683],[-75.13262,5.29683],[-75.13271,5.29674],[-75.1328,5.29668],[-75.13286,5.29659],[-75.13292,5.29647],[-75.13295,5.29635],[-75.13298,5.29626],[-75.13301,5.29617],[-75.13301,5.29603],[-75.13304,5.29605],[-75.13313,5.29614],[-75.13322,5.2962],[-75.13331,5.29617],[-75.13343,5.29617],[-75.13354,5.29617],[-75.13366,5.29617],[-75.13378,5.29617],[-75.1339,5.29614],[-75.13402,5.29614],[-75.13414,5.29608],[-75.13417,5.29596],[-75.13417,5.29584],[-75.13417,5.29572],[-75.13414,5.29563],[-75.13411,5.29551],[-75.13411,5.29536],[-75.13408,5.29527],[-75.13405,5.29518],[-75.13399,5.29509],[-75.13396,5.29497],[-75.1339,5.29488],[-75.13381,5.29479],[-75.13372,5.2947],[-75.13363,5.29461],[-75.13351,5.29452],[-75.13342,5.29446],[-75.13333,5.29443],[-75.13321,5.29437],[-75.13312,5.29434],[-75.13303,5.29425],[-75.13289,5.29416],[-75.13262,5.2941],[-75.13253,5.29413],[-75.13247,5.29422],[-75.13244,5.29434],[-75.13241,5.29443],[-75.13232,5.29446],[-75.1322,5.29446],[-75.13208,5.29446],[-75.13202,5.29437],[-75.13199,5.29426],[-75.13193,5.29417],[-75.13184,5.29411],[-75.13172,5.29411],[-75.13163,5.29405],[-75.13154,5.29402],[-75.13142,5.29402],[-75.13127,5.29402],[-75.13118,5.29405],[-75.1311,5.29408],[-75.13101,5.29417],[-75.13092,5.29423],[-75.13083,5.29426],[-75.13071,5.29426],[-75.13065,5.29417],[-75.13062,5.29405],[-75.1305,5.29399],[-75.13038,5.29399],[-75.13032,5.29408],[-75.13029,5.2942],[-75.13026,5.29429],[-75.13023,5.29438],[-75.1302,5.2945],[-75.13017,5.29459],[-75.13017,5.29471],[-75.13017,5.29483],[-75.13023,5.29492],[-75.13026,5.29501],[-75.13035,5.2951],[-75.13044,5.29515],[-75.13053,5.29521],[-75.13062,5.29527],[-75.13071,5.29533],[-75.1308,5.29539],[-75.13089,5.29548],[-75.13095,5.29557],[-75.13101,5.29566],[-75.13107,5.29578],[-75.13107,5.2959],[-75.13107,5.29605],[-75.13107,5.29617],[-75.13107,5.29629],[-75.13104,5.29638],[-75.13104,5.29653],[-75.13101,5.29662],[-75.13098,5.29671],[-75.13095,5.2968],[-75.13092,5.29689],[-75.13086,5.29698],[-75.13083,5.29707],[-75.13083,5.29719],[-75.1308,5.29728],[-75.1308,5.2974],[-75.13077,5.29749],[-75.13077,5.29764],[-75.13074,5.29776],[-75.13071,5.29785],[-75.13068,5.29794],[-75.13062,5.29806],[-75.13054,5.29815],[-75.13045,5.29818],[-75.13036,5.29826],[-75.13024,5.29827],[-75.13012,5.29827],[-75.13,5.29827],[-75.12987,5.29827],[-75.12992,5.29856],[-75.13003,5.29856],[-75.13009,5.29865]]]},"properties":{"OBJECTID_12":20,"OBJECTID_1":32,"OBJECTID":0,"MUNICIPIO":"Manzanares","CODIGO":" ","ZONIFICACI":"Zona de restauración","SUBZONA":" ","SIMB":"ZR","AREA_HAS":9.29745050531,"NOMBRE":"CERRO GUADALUPE","Shape_Leng":2229.71601085,"Shape_Length":2229.092456573268,"Shape_Area":92922.59770133042}},{"type":"Feature","id":21,"geometry":{"type":"Polygon","coordinates":[[[-75.13277,5.29874],[-75.13304,5.29886],[-75.13322,5.29889],[-75.13331,5.29892],[-75.13343,5.29898],[-75.13355,5.29901],[-75.13364,5.29904],[-75.13373,5.29907],[-75.13376,5.29916],[-75.13379,5.29928],[-75.13382,5.29937],[-75.13388,5.29946],[-75.13391,5.29954],[-75.134,5.29963],[-75.13409,5.29966],[-75.13421,5.29966],[-75.13433,5.29963],[-75.13442,5.29954],[-75.13445,5.29945],[-75.13448,5.29936],[-75.1345,5.29927],[-75.1345,5.29915],[-75.1345,5.29904],[-75.13453,5.29892],[-75.13453,5.2988],[-75.13456,5.29871],[-75.13459,5.29862],[-75.13459,5.29847],[-75.13459,5.29832],[-75.13459,5.2982],[-75.13456,5.29808],[-75.13447,5.29799],[-75.13444,5.2979],[-75.13438,5.29781],[-75.13432,5.29772],[-75.13423,5.29763],[-75.13417,5.29754],[-75.13408,5.29751],[-75.13399,5.29748],[-75.13385,5.29748],[-75.13373,5.29748],[-75.13361,5.29748],[-75.13352,5.29751],[-75.13343,5.29754],[-75.13334,5.2976],[-75.13325,5.29766],[-75.13316,5.29769],[-75.13304,5.29769],[-75.13292,5.29769],[-75.1328,5.29769],[-75.13268,5.29769],[-75.13256,5.29772],[-75.13244,5.29772],[-75.13232,5.29772],[-75.13221,5.29772],[-75.13212,5.29766],[-75.13203,5.2976],[-75.132,5.29748],[-75.132,5.29737],[-75.132,5.29725],[-75.132,5.2971],[-75.13191,5.29701],[-75.13185,5.29692],[-75.13182,5.29683],[-75.13182,5.29675],[-75.13165,5.2973],[-75.13164,5.2973],[-75.13164,5.29731],[-75.13128,5.29821],[-75.13128,5.2982],[-75.13137,5.29811],[-75.13138,5.29811],[-75.13143,5.29814],[-75.13152,5.2982],[-75.13164,5.29823],[-75.13173,5.29826],[-75.13182,5.29835],[-75.13191,5.29841],[-75.13203,5.2985],[-75.13215,5.29859],[-75.13224,5.29865],[-75.13233,5.29868],[-75.13242,5.29871],[-75.13253,5.29871],[-75.13268,5.29871],[-75.13277,5.29874]]]},"properties":{"OBJECTID_12":21,"OBJECTID_1":33,"OBJECTID":0,"MUNICIPIO":"Manzanares","CODIGO":" ","ZONIFICACI":"Zona de restauración","SUBZONA":" ","SIMB":"ZR","AREA_HAS":5.11601275157,"NOMBRE":"CERRO GUADALUPE","Shape_Leng":1188.33923032,"Shape_Length":1188.0077947577881,"Shape_Area":51131.60960694294}},{"type":"Feature","id":22,"geometry":{"type":"Polygon","coordinates":[[[-75.11528,5.29928],[-75.11526,5.29928],[-75.11526,5.2993],[-75.11526,5.29958],[-75.11523,5.29967],[-75.11529,5.29986],[-75.1153,5.29986],[-75.1153,5.29932],[-75.11529,5.29928],[-75.11528,5.29928]]]},"properties":{"OBJECTID_12":22,"OBJECTID_1":34,"OBJECTID":0,"MUNICIPIO":"Manzanares","CODIGO":" ","ZONIFICACI":"Zona de restauración","SUBZONA":" ","SIMB":"ZR","AREA_HAS":0.0282435673176,"NOMBRE":"CERRO GUADALUPE","Shape_Leng":133.838600313,"Shape_Length":133.80036468922788,"Shape_Area":282.2749146675267}},{"type":"Feature","id":23,"geometry":{"type":"Polygon","coordinates":[[[-75.12887,5.30063],[-75.12878,5.30072],[-75.12878,5.30084],[-75.12878,5.30094],[-75.12894,5.30058],[-75.12887,5.30063]]]},"properties":{"OBJECTID_12":23,"OBJECTID_1":35,"OBJECTID":0,"MUNICIPIO":"Manzanares","CODIGO":" ","ZONIFICACI":"Zona de restauración","SUBZONA":" ","SIMB":"ZR","AREA_HAS":0.0236890567246,"NOMBRE":"CERRO GUADALUPE","Shape_Leng":92.418792542,"Shape_Length":92.39314348597425,"Shape_Area":236.76034417409713}},{"type":"Feature","id":24,"geometry":{"type":"Polygon","coordinates":[[[-75.12905,5.30143],[-75.12908,5.30144],[-75.12917,5.30153],[-75.1292,5.30162],[-75.1292,5.30159],[-75.1292,5.30147],[-75.12923,5.30135],[-75.12929,5.30126],[-75.12941,5.30126],[-75.12953,5.30129],[-75.12965,5.30129],[-75.12977,5.30129],[-75.12985,5.30132],[-75.12997,5.30135],[-75.13006,5.30138],[-75.13018,5.30138],[-75.1303,5.30137],[-75.13042,5.30131],[-75.1306,5.30128],[-75.13078,5.30131],[-75.13093,5.30131],[-75.13108,5.30134],[-75.13123,5.30134],[-75.13135,5.30134],[-75.13147,5.30131],[-75.13158,5.30128],[-75.13167,5.30122],[-75.13173,5.3011],[-75.13176,5.30098],[-75.13176,5.30086],[-75.1317,5.30074],[-75.13161,5.30068],[-75.13152,5.30066],[-75.13143,5.30063],[-75.13134,5.30057],[-75.13123,5.30054],[-75.13114,5.30051],[-75.13102,5.30051],[-75.1309,5.30051],[-75.13078,5.30051],[-75.13066,5.30051],[-75.13054,5.30051],[-75.13042,5.30051],[-75.13036,5.30042],[-75.1303,5.30033],[-75.13027,5.30024],[-75.13027,5.30012],[-75.13027,5.3],[-75.13021,5.29991],[-75.13012,5.29985],[-75.13006,5.29976],[-75.12997,5.29967],[-75.12988,5.29961],[-75.12988,5.29961],[-75.12905,5.30143]]]},"properties":{"OBJECTID_12":24,"OBJECTID_1":36,"OBJECTID":0,"MUNICIPIO":"Manzanares","CODIGO":" ","ZONIFICACI":"Zona de restauración","SUBZONA":" ","SIMB":"ZR","AREA_HAS":2.95961209155,"NOMBRE":"CERRO GUADALUPE","Shape_Leng":889.912313147,"Shape_Length":889.663179205447,"Shape_Area":29579.559689148067}},{"type":"Feature","id":25,"geometry":{"type":"Polygon","coordinates":[[[-75.11726,5.29817],[-75.11735,5.29823],[-75.11741,5.29832],[-75.1175,5.29835],[-75.11759,5.29841],[-75.11768,5.2985],[-75.11774,5.29859],[-75.11783,5.29865],[-75.11786,5.29873],[-75.11792,5.29882],[-75.11795,5.29894],[-75.11804,5.299],[-75.1181,5.29909],[-75.11816,5.29918],[-75.11825,5.29927],[-75.11834,5.29933],[-75.11843,5.29942],[-75.11846,5.29957],[-75.11846,5.29969],[-75.11843,5.29978],[-75.11837,5.2999],[-75.11831,5.29999],[-75.11825,5.30008],[-75.11825,5.3002],[-75.11828,5.30029],[-75.11831,5.30038],[-75.11837,5.30047],[-75.1184,5.30056],[-75.11843,5.30065],[-75.11843,5.3008],[-75.11843,5.30092],[-75.11843,5.30104],[-75.11843,5.30116],[-75.11846,5.30125],[-75.11849,5.30134],[-75.11852,5.30142],[-75.11855,5.30151],[-75.11864,5.3016],[-75.11873,5.30169],[-75.11882,5.30172],[-75.11883,5.30173],[-75.11884,5.30172],[-75.11918,5.30141],[-75.11936,5.30107],[-75.11939,5.30098],[-75.11948,5.30077],[-75.1196,5.30055],[-75.11982,5.30012],[-75.11966,5.29988],[-75.11942,5.29966],[-75.11923,5.29939],[-75.11939,5.29902],[-75.11939,5.29868],[-75.1192,5.29838],[-75.11904,5.2981],[-75.11893,5.2981],[-75.11881,5.29811],[-75.11869,5.29811],[-75.11854,5.29811],[-75.11842,5.29811],[-75.11833,5.29805],[-75.11821,5.29799],[-75.11813,5.29793],[-75.11804,5.29787],[-75.11795,5.29784],[-75.11786,5.29781],[-75.11777,5.29775],[-75.11768,5.29769],[-75.11759,5.29766],[-75.1175,5.29757],[-75.11738,5.29751],[-75.11729,5.29745],[-75.1172,5.29739],[-75.11711,5.29736],[-75.11702,5.29727],[-75.11702,5.29724],[-75.11683,5.29702],[-75.11684,5.29704],[-75.11688,5.29713],[-75.11695,5.29719],[-75.11697,5.29728],[-75.117,5.29737],[-75.117,5.29749],[-75.11689,5.29749],[-75.1168,5.29744],[-75.11673,5.29737],[-75.11662,5.29735],[-75.11653,5.29737],[-75.11646,5.29744],[-75.11646,5.29755],[-75.11653,5.29762],[-75.11662,5.29769],[-75.11668,5.29775],[-75.11675,5.29784],[-75.1168,5.29793],[-75.11677,5.29802],[-75.11675,5.29811],[-75.11671,5.2982],[-75.11664,5.29827],[-75.1166,5.29836],[-75.11653,5.29845],[-75.11649,5.29854],[-75.11642,5.29865],[-75.11635,5.29876],[-75.11629,5.29883],[-75.1162,5.29885],[-75.11611,5.29887],[-75.11602,5.29892],[-75.11593,5.29899],[-75.11584,5.29903],[-75.11573,5.2991],[-75.11571,5.29911],[-75.11574,5.29922],[-75.11574,5.29924],[-75.11575,5.29928],[-75.11575,5.29963],[-75.11583,5.29961],[-75.11598,5.29961],[-75.1161,5.2996],[-75.11619,5.29957],[-75.11631,5.29957],[-75.1164,5.29954],[-75.11649,5.29948],[-75.11658,5.29942],[-75.1167,5.29942],[-75.11681,5.29942],[-75.11693,5.29942],[-75.11699,5.29951],[-75.11708,5.29957],[-75.1172,5.29957],[-75.11732,5.29957],[-75.11735,5.29948],[-75.11735,5.29936],[-75.11735,5.29924],[-75.11732,5.29915],[-75.11729,5.29906],[-75.11723,5.29897],[-75.1172,5.29889],[-75.11708,5.2988],[-75.11702,5.29868],[-75.11699,5.29853],[-75.11699,5.29838],[-75.11699,5.29823],[-75.11702,5.29814],[-75.11705,5.29805],[-75.11714,5.29802],[-75.11723,5.29808],[-75.11726,5.29817]]]},"properties":{"OBJECTID_12":25,"OBJECTID_1":37,"OBJECTID":0,"MUNICIPIO":"Manzanares","CODIGO":" ","ZONIFICACI":"Zona de restauración","SUBZONA":" ","SIMB":"ZR","AREA_HAS":7.90901550977,"NOMBRE":"CERRO GUADALUPE","Shape_Leng":2081.17081711,"Shape_Length":2080.5794355037,"Shape_Area":79045.27984246935}},{"type":"Feature","id":26,"geometry":{"type":"Polygon","coordinates":[[[-75.12827,5.29851],[-75.12827,5.29863],[-75.12824,5.29872],[-75.12821,5.29884],[-75.12818,5.29893],[-75.12812,5.29902],[-75.12809,5.29911],[-75.12806,5.2992],[-75.128,5.29935],[-75.12797,5.29944],[-75.12794,5.29955],[-75.12791,5.29964],[-75.12788,5.29976],[-75.12788,5.29988],[-75.12788,5.3],[-75.12785,5.30012],[-75.12782,5.30021],[-75.12779,5.3003],[-75.12776,5.30039],[-75.12774,5.30048],[-75.12765,5.30051],[-75.12756,5.30057],[-75.12744,5.30063],[-75.12735,5.30072],[-75.12732,5.30081],[-75.12729,5.3009],[-75.12729,5.30102],[-75.12729,5.30117],[-75.12729,5.30129],[-75.12729,5.30141],[-75.12729,5.30156],[-75.12732,5.30165],[-75.12738,5.30174],[-75.12744,5.30183],[-75.1275,5.30195],[-75.12756,5.30204],[-75.12759,5.30216],[-75.12765,5.30228],[-75.12765,5.30237],[-75.12768,5.30228],[-75.12771,5.30216],[-75.12774,5.30207],[-75.12777,5.30195],[-75.1278,5.30186],[-75.12786,5.30177],[-75.12795,5.30174],[-75.12804,5.30171],[-75.12812,5.30168],[-75.12821,5.30159],[-75.12827,5.30147],[-75.12827,5.30135],[-75.12827,5.30123],[-75.12827,5.30111],[-75.12827,5.30099],[-75.1283,5.3009],[-75.12833,5.30078],[-75.12839,5.30066],[-75.12845,5.30057],[-75.12854,5.30054],[-75.1286,5.30045],[-75.12869,5.30036],[-75.12878,5.3003],[-75.12884,5.30021],[-75.1289,5.30012],[-75.12896,5.30003],[-75.12896,5.29991],[-75.12896,5.29979],[-75.12893,5.2997],[-75.12884,5.29964],[-75.12878,5.29955],[-75.12872,5.29946],[-75.12872,5.29934],[-75.12869,5.29925],[-75.12869,5.29913],[-75.12881,5.29907],[-75.12896,5.29907],[-75.12908,5.29904],[-75.12919,5.29904],[-75.12928,5.29901],[-75.12937,5.29898],[-75.12943,5.29889],[-75.12946,5.2988],[-75.12949,5.29876],[-75.12943,5.29836],[-75.12931,5.29839],[-75.12919,5.29839],[-75.12907,5.29839],[-75.12895,5.29839],[-75.12892,5.29827],[-75.12898,5.29818],[-75.12901,5.29809],[-75.1291,5.298],[-75.12913,5.29791],[-75.12919,5.29782],[-75.12925,5.29773],[-75.12931,5.29764],[-75.12932,5.29763],[-75.12925,5.29707],[-75.12924,5.29704],[-75.12924,5.29641],[-75.12925,5.29637],[-75.12926,5.29633],[-75.12927,5.29629],[-75.12929,5.29626],[-75.12932,5.29623],[-75.12935,5.29621],[-75.12939,5.29619],[-75.12943,5.29618],[-75.12947,5.29618],[-75.12951,5.29618],[-75.12954,5.29619],[-75.12958,5.29621],[-75.12961,5.29623],[-75.12964,5.29626],[-75.12966,5.29629],[-75.12968,5.29633],[-75.12969,5.29637],[-75.12969,5.29641],[-75.12969,5.29702],[-75.1297,5.29705],[-75.1297,5.29698],[-75.1297,5.29686],[-75.1297,5.29671],[-75.1297,5.29659],[-75.1297,5.29647],[-75.1297,5.29629],[-75.1297,5.29614],[-75.12973,5.29605],[-75.12973,5.29593],[-75.12976,5.29581],[-75.12976,5.29569],[-75.12973,5.2956],[-75.1297,5.29552],[-75.12967,5.29543],[-75.12955,5.29537],[-75.12949,5.29528],[-75.1294,5.29519],[-75.12928,5.29516],[-75.12916,5.29516],[-75.12907,5.29519],[-75.12901,5.29528],[-75.12898,5.29537],[-75.12898,5.29549],[-75.12895,5.29558],[-75.12892,5.29567],[-75.12886,5.29576],[-75.1288,5.29585],[-75.12874,5.29594],[-75.12871,5.29603],[-75.12868,5.29611],[-75.12865,5.29623],[-75.12862,5.29632],[-75.12859,5.29641],[-75.12856,5.29653],[-75.12856,5.29665],[-75.12856,5.29677],[-75.12856,5.29689],[-75.12856,5.29701],[-75.12856,5.29713],[-75.12854,5.29722],[-75.12854,5.29734],[-75.12851,5.29743],[-75.12848,5.29752],[-75.12848,5.29764],[-75.12842,5.29773],[-75.12842,5.29785],[-75.12839,5.29794],[-75.12836,5.29803],[-75.12836,5.29815],[-75.1283,5.29824],[-75.12827,5.29836],[-75.12827,5.29851]]]},"properties":{"OBJECTID_12":26,"OBJECTID_1":38,"OBJECTID":0,"MUNICIPIO":"Manzanares","CODIGO":" ","ZONIFICACI":"Zona de restauración","SUBZONA":" ","SIMB":"ZR","AREA_HAS":7.11758850353,"NOMBRE":"CERRO GUADALUPE","Shape_Leng":2138.06421054,"Shape_Length":2137.465590119754,"Shape_Area":71135.98582865899}},{"type":"Feature","id":27,"geometry":{"type":"Polygon","coordinates":[[[-75.13211,5.30195],[-75.13215,5.30196],[-75.13218,5.30198],[-75.13221,5.302],[-75.13224,5.30203],[-75.13226,5.30206],[-75.13228,5.30209],[-75.13229,5.30212],[-75.1323,5.30216],[-75.13229,5.3022],[-75.13229,5.30224],[-75.13227,5.30227],[-75.13226,5.30229],[-75.13227,5.3023],[-75.13236,5.30236],[-75.13245,5.30242],[-75.13257,5.30251],[-75.13263,5.3026],[-75.13266,5.30263],[-75.13266,5.3026],[-75.13278,5.3026],[-75.13287,5.30257],[-75.13299,5.30257],[-75.13311,5.30257],[-75.1332,5.30248],[-75.13323,5.30236],[-75.13326,5.30227],[-75.13326,5.30215],[-75.13332,5.30206],[-75.13335,5.30197],[-75.13344,5.30188],[-75.13352,5.30185],[-75.13364,5.30188],[-75.13373,5.30194],[-75.13382,5.30203],[-75.13391,5.30209],[-75.13394,5.302],[-75.134,5.30191],[-75.13406,5.30182],[-75.13409,5.30173],[-75.13412,5.30164],[-75.13415,5.30155],[-75.13424,5.30149],[-75.13433,5.30146],[-75.13439,5.30137],[-75.13448,5.30131],[-75.13463,5.30131],[-75.13475,5.30131],[-75.13487,5.30131],[-75.13499,5.30131],[-75.13502,5.30131],[-75.13496,5.30119],[-75.13496,5.30107],[-75.13493,5.30095],[-75.13487,5.30083],[-75.13484,5.30074],[-75.13475,5.30062],[-75.13466,5.3005],[-75.1346,5.30041],[-75.13448,5.30035],[-75.13439,5.30026],[-75.1343,5.3002],[-75.13421,5.30014],[-75.13406,5.30014],[-75.13394,5.30017],[-75.13385,5.3002],[-75.13373,5.30029],[-75.13367,5.30038],[-75.13358,5.30044],[-75.13349,5.3005],[-75.13337,5.30056],[-75.13316,5.30065],[-75.13302,5.30074],[-75.13293,5.3008],[-75.13287,5.30089],[-75.13281,5.30098],[-75.13272,5.30107],[-75.13263,5.30113],[-75.13254,5.30119],[-75.13242,5.30119],[-75.13233,5.30128],[-75.13224,5.3014],[-75.13215,5.30149],[-75.13209,5.30158],[-75.13206,5.30167],[-75.13206,5.30179],[-75.13206,5.30191],[-75.13208,5.30195],[-75.13208,5.30195],[-75.13211,5.30195]]]},"properties":{"OBJECTID_12":27,"OBJECTID_1":39,"OBJECTID":0,"MUNICIPIO":"Manzanares","CODIGO":" ","ZONIFICACI":"Zona de restauración","SUBZONA":" ","SIMB":"ZR","AREA_HAS":4.59526394658,"NOMBRE":"CERRO GUADALUPE","Shape_Leng":986.546731214,"Shape_Length":986.2712632631725,"Shape_Area":45927.03099676509}},{"type":"Feature","id":28,"geometry":{"type":"Polygon","coordinates":[[[-75.11201,5.30378],[-75.11194,5.30385],[-75.1119,5.30394],[-75.11185,5.30403],[-75.11183,5.30414],[-75.11183,5.30425],[-75.11185,5.30434],[-75.11201,5.30448],[-75.11204,5.30451],[-75.11206,5.30454],[-75.11207,5.30457],[-75.11208,5.30461],[-75.11209,5.30465],[-75.11208,5.30468],[-75.11208,5.3047],[-75.11212,5.30472],[-75.11221,5.30479],[-75.11228,5.30485],[-75.11237,5.3049],[-75.11248,5.30494],[-75.11257,5.30499],[-75.11268,5.30499],[-75.11277,5.30496],[-75.11286,5.30492],[-75.11293,5.30483],[-75.11297,5.30474],[-75.11306,5.30469],[-75.11313,5.30463],[-75.11319,5.30456],[-75.11322,5.30447],[-75.11326,5.30438],[-75.11328,5.30429],[-75.11335,5.30422],[-75.11342,5.30416],[-75.1135,5.30413],[-75.11359,5.30411],[-75.11373,5.30411],[-75.11384,5.30411],[-75.11393,5.30409],[-75.11402,5.30407],[-75.11408,5.304],[-75.11411,5.30391],[-75.11412,5.30389],[-75.11411,5.30388],[-75.1139,5.30385],[-75.11375,5.3038],[-75.11366,5.30377],[-75.11357,5.30374],[-75.11345,5.30374],[-75.11333,5.30374],[-75.11318,5.30374],[-75.11306,5.30374],[-75.11297,5.30371],[-75.11288,5.30365],[-75.11282,5.30356],[-75.11276,5.30347],[-75.1127,5.30338],[-75.11264,5.30329],[-75.11256,5.30323],[-75.11247,5.30314],[-75.11238,5.30311],[-75.11229,5.30302],[-75.11223,5.30293],[-75.11214,5.30284],[-75.11205,5.30281],[-75.11193,5.30278],[-75.11181,5.30272],[-75.1118,5.30272],[-75.11181,5.30273],[-75.1119,5.30277],[-75.11196,5.30284],[-75.11203,5.30291],[-75.1121,5.30297],[-75.11214,5.30306],[-75.11216,5.30315],[-75.11219,5.30324],[-75.11219,5.30335],[-75.11219,5.30347],[-75.11217,5.30355],[-75.11214,5.30364],[-75.11208,5.30371],[-75.11201,5.30378]]]},"properties":{"OBJECTID_12":28,"OBJECTID_1":40,"OBJECTID":0,"MUNICIPIO":"Manzanares","CODIGO":" ","ZONIFICACI":"Zona de restauración","SUBZONA":" ","SIMB":"ZR","AREA_HAS":2.5882990601,"NOMBRE":"CERRO GUADALUPE","Shape_Leng":861.83965191,"Shape_Length":861.5935145533167,"Shape_Area":25868.217589804968}},{"type":"Feature","id":29,"geometry":{"type":"Polygon","coordinates":[[[-75.12413,5.30561],[-75.12414,5.30564],[-75.12414,5.30568],[-75.12413,5.30586],[-75.12418,5.30588],[-75.12427,5.3059],[-75.12437,5.30595],[-75.12446,5.30597],[-75.12456,5.30597],[-75.12465,5.30597],[-75.12475,5.30597],[-75.12484,5.30597],[-75.12494,5.30592],[-75.12501,5.30585],[-75.12508,5.30576],[-75.12515,5.30566],[-75.1252,5.30557],[-75.12527,5.30549],[-75.12534,5.30542],[-75.12542,5.30535],[-75.12551,5.30528],[-75.12563,5.30521],[-75.12573,5.30521],[-75.12584,5.30516],[-75.12594,5.30513],[-75.12604,5.30506],[-75.12611,5.30499],[-75.12618,5.30492],[-75.12627,5.30485],[-75.12639,5.30477],[-75.12646,5.3047],[-75.12651,5.30468],[-75.1265,5.30465],[-75.12645,5.30456],[-75.1264,5.30446],[-75.12635,5.30437],[-75.12631,5.30427],[-75.12621,5.30427],[-75.12611,5.30425],[-75.12602,5.3042],[-75.12592,5.30418],[-75.12583,5.30418],[-75.12573,5.30413],[-75.12564,5.30408],[-75.12552,5.30406],[-75.12542,5.30403],[-75.12533,5.30401],[-75.12523,5.30401],[-75.12514,5.30401],[-75.12504,5.30401],[-75.12494,5.30401],[-75.12485,5.30406],[-75.12475,5.30411],[-75.12466,5.30411],[-75.12456,5.30406],[-75.12444,5.30403],[-75.12432,5.30399],[-75.12423,5.30396],[-75.12413,5.30396],[-75.12404,5.30396],[-75.12394,5.30392],[-75.12385,5.30389],[-75.12375,5.30387],[-75.12366,5.30387],[-75.12358,5.30387],[-75.12358,5.3039],[-75.12359,5.3039],[-75.12362,5.30393],[-75.1236,5.30397],[-75.12413,5.30561]]]},"properties":{"OBJECTID_12":29,"OBJECTID_1":41,"OBJECTID":0,"MUNICIPIO":"Manzanares","CODIGO":" ","ZONIFICACI":"Zona de restauración","SUBZONA":" ","SIMB":"ZR","AREA_HAS":4.52134605292,"NOMBRE":"CERRO GUADALUPE","Shape_Leng":918.322729255,"Shape_Length":918.0645338043367,"Shape_Area":45188.0173374861}},{"type":"Feature","id":30,"geometry":{"type":"Polygon","coordinates":[[[-75.10331,5.28266],[-75.1034,5.28272],[-75.10346,5.28281],[-75.10352,5.2829],[-75.10358,5.28299],[-75.10361,5.28308],[-75.10361,5.28323],[-75.10361,5.28335],[-75.10358,5.28344],[-75.10352,5.28356],[-75.10347,5.28365],[-75.1035,5.28374],[-75.10355,5.28383],[-75.10364,5.28389],[-75.10376,5.28392],[-75.10385,5.28395],[-75.10394,5.28398],[-75.10406,5.28401],[-75.10418,5.28401],[-75.10427,5.28395],[-75.10436,5.28389],[-75.10439,5.2838],[-75.10442,5.28371],[-75.10445,5.28362],[-75.10448,5.28353],[-75.10448,5.28341],[-75.10448,5.28326],[-75.10448,5.28311],[-75.10448,5.28296],[-75.10448,5.28284],[-75.10445,5.28275],[-75.10442,5.28266],[-75.10439,5.28257],[-75.10439,5.28245],[-75.10439,5.28233],[-75.10445,5.28224],[-75.10448,5.28215],[-75.10451,5.28206],[-75.10454,5.28197],[-75.10463,5.28191],[-75.10477,5.28191],[-75.10488,5.28194],[-75.10488,5.28192],[-75.10494,5.28183],[-75.10497,5.28174],[-75.10509,5.28174],[-75.10521,5.28174],[-75.1053,5.2818],[-75.10539,5.28186],[-75.10542,5.28195],[-75.10548,5.28204],[-75.10557,5.2821],[-75.10569,5.28213],[-75.10581,5.28216],[-75.10593,5.28216],[-75.10605,5.28216],[-75.10614,5.2821],[-75.10617,5.28201],[-75.10617,5.28189],[-75.10614,5.2818],[-75.10611,5.28171],[-75.10605,5.28156],[-75.10596,5.2815],[-75.10584,5.28144],[-75.10575,5.28138],[-75.10563,5.28138],[-75.10554,5.28135],[-75.10545,5.28129],[-75.10539,5.2812],[-75.10536,5.28111],[-75.10536,5.28099],[-75.10536,5.28087],[-75.10533,5.28075],[-75.1053,5.28066],[-75.10524,5.28057],[-75.10524,5.28046],[-75.10521,5.28037],[-75.10515,5.28022],[-75.10509,5.28013],[-75.10503,5.28004],[-75.105,5.27995],[-75.10491,5.27986],[-75.10488,5.27977],[-75.10485,5.27968],[-75.10485,5.27956],[-75.10485,5.27941],[-75.10497,5.27938],[-75.10509,5.27938],[-75.10518,5.27944],[-75.10527,5.2795],[-75.1053,5.27959],[-75.10533,5.27968],[-75.10533,5.2798],[-75.10536,5.27992],[-75.10536,5.28004],[-75.10545,5.28013],[-75.10554,5.28022],[-75.10566,5.28028],[-75.10575,5.28033],[-75.10587,5.28039],[-75.10598,5.28048],[-75.10604,5.28057],[-75.10613,5.28063],[-75.10616,5.28072],[-75.10625,5.28078],[-75.10631,5.28087],[-75.10637,5.28096],[-75.1064,5.28105],[-75.10643,5.28114],[-75.10643,5.28126],[-75.10643,5.28138],[-75.10643,5.2815],[-75.10646,5.28159],[-75.10652,5.28171],[-75.10661,5.28177],[-75.1067,5.28183],[-75.10682,5.28183],[-75.10691,5.28174],[-75.10697,5.28162],[-75.107,5.28153],[-75.107,5.28141],[-75.107,5.28129],[-75.107,5.28117],[-75.107,5.28105],[-75.107,5.2809],[-75.10697,5.28078],[-75.10694,5.28069],[-75.10688,5.28057],[-75.10688,5.28045],[-75.10682,5.28036],[-75.10679,5.28027],[-75.10673,5.28018],[-75.10667,5.28009],[-75.10658,5.28],[-75.10649,5.27994],[-75.1064,5.27986],[-75.10631,5.2798],[-75.10622,5.27974],[-75.10613,5.27965],[-75.1061,5.27956],[-75.10607,5.27947],[-75.10607,5.27935],[-75.1061,5.27926],[-75.10619,5.27923],[-75.10631,5.2792],[-75.10643,5.2792],[-75.10655,5.2792],[-75.10667,5.2792],[-75.10676,5.27929],[-75.10685,5.27935],[-75.107,5.27935],[-75.10709,5.27926],[-75.10718,5.27917],[-75.10724,5.27905],[-75.10723,5.27893],[-75.10723,5.27881],[-75.10726,5.27872],[-75.10735,5.27869],[-75.10747,5.27869],[-75.10759,5.27866],[-75.10768,5.27863],[-75.1078,5.27863],[-75.10792,5.27863],[-75.10804,5.27863],[-75.10819,5.27863],[-75.10828,5.27866],[-75.10837,5.27872],[-75.10846,5.27878],[-75.10855,5.27886],[-75.10864,5.27892],[-75.1087,5.27901],[-75.10879,5.27904],[-75.10894,5.27913],[-75.10903,5.27919],[-75.10914,5.27922],[-75.10923,5.27925],[-75.10932,5.27931],[-75.10941,5.27938],[-75.10945,5.27924],[-75.10954,5.2793],[-75.10967,5.27936],[-75.10982,5.27943],[-75.11003,5.27956],[-75.11004,5.27957],[-75.1101,5.27955],[-75.11022,5.27955],[-75.11037,5.27961],[-75.11046,5.27964],[-75.11055,5.2797],[-75.11058,5.27979],[-75.11064,5.27988],[-75.1107,5.27992],[-75.11073,5.27994],[-75.11082,5.27988],[-75.11085,5.27979],[-75.11088,5.2797],[-75.11091,5.27961],[-75.1109,5.27949],[-75.1109,5.27934],[-75.11084,5.27925],[-75.11073,5.27916],[-75.11061,5.27907],[-75.11046,5.27901],[-75.11037,5.27898],[-75.11028,5.27895],[-75.11016,5.27889],[-75.11001,5.27886],[-75.10989,5.27883],[-75.1098,5.2788],[-75.10971,5.27874],[-75.10962,5.27865],[-75.10956,5.27856],[-75.10947,5.27844],[-75.10941,5.27836],[-75.10938,5.27824],[-75.10935,5.27812],[-75.10935,5.278],[-75.10935,5.27788],[-75.10935,5.27776],[-75.10938,5.27767],[-75.10944,5.27758],[-75.10947,5.27749],[-75.1095,5.2774],[-75.10953,5.27731],[-75.10953,5.27719],[-75.1095,5.2771],[-75.10947,5.27701],[-75.10938,5.27692],[-75.10929,5.27686],[-75.1092,5.27683],[-75.10911,5.2768],[-75.10899,5.2768],[-75.10884,5.27674],[-75.10872,5.27671],[-75.1086,5.27671],[-75.10857,5.2767],[-75.10856,5.27688],[-75.10833,5.27723],[-75.10832,5.27725],[-75.1083,5.27731],[-75.10829,5.27734],[-75.10828,5.27735],[-75.10817,5.27751],[-75.10794,5.27773],[-75.10773,5.2779],[-75.10767,5.27794],[-75.10741,5.27809],[-75.10735,5.27814],[-75.10728,5.27812],[-75.10721,5.27809],[-75.10721,5.27809],[-75.10694,5.27801],[-75.10681,5.27799],[-75.10673,5.27799],[-75.1066,5.27799],[-75.10653,5.278],[-75.10647,5.278],[-75.10641,5.27798],[-75.10633,5.27795],[-75.10627,5.27794],[-75.1062,5.27794],[-75.10607,5.27795],[-75.10569,5.27798],[-75.10532,5.27799],[-75.1051,5.278],[-75.10505,5.27801],[-75.10499,5.27801],[-75.10493,5.27803],[-75.10476,5.27809],[-75.10468,5.2782],[-75.10465,5.27832],[-75.10462,5.27841],[-75.10456,5.2785],[-75.1045,5.27859],[-75.10441,5.27862],[-75.10432,5.27868],[-75.1042,5.27868],[-75.10411,5.27862],[-75.10402,5.27856],[-75.10402,5.27855],[-75.10401,5.27856],[-75.10392,5.27868],[-75.10388,5.27873],[-75.10342,5.2783],[-75.10304,5.27797],[-75.10263,5.2776],[-75.10243,5.27745],[-75.10237,5.27741],[-75.10235,5.2774],[-75.10223,5.2774],[-75.10214,5.27737],[-75.10205,5.27734],[-75.10196,5.27731],[-75.10187,5.27728],[-75.10175,5.27728],[-75.10163,5.27728],[-75.10155,5.27734],[-75.10146,5.27737],[-75.1014,5.27746],[-75.10134,5.27755],[-75.10134,5.27767],[-75.10137,5.27776],[-75.1014,5.27785],[-75.10149,5.27791],[-75.10158,5.27794],[-75.1017,5.27794],[-75.10182,5.27794],[-75.1019,5.27797],[-75.10199,5.27803],[-75.10208,5.27812],[-75.10214,5.27821],[-75.1022,5.2783],[-75.1022,5.27833],[-75.10239,5.27843],[-75.10245,5.27846],[-75.10239,5.27855],[-75.10233,5.27864],[-75.10238,5.27872],[-75.10244,5.27881],[-75.1025,5.27893],[-75.10259,5.27901],[-75.10265,5.2791],[-75.10277,5.2791],[-75.10286,5.27913],[-75.10298,5.27913],[-75.1031,5.27913],[-75.10325,5.27913],[-75.10334,5.27919],[-75.10346,5.27928],[-75.10352,5.27937],[-75.10361,5.27943],[-75.10367,5.27952],[-75.10373,5.27961],[-75.10382,5.27967],[-75.10385,5.27976],[-75.10388,5.27985],[-75.10391,5.28],[-75.10391,5.28012],[-75.10391,5.28024],[-75.10391,5.28039],[-75.10388,5.28051],[-75.10379,5.28057],[-75.10367,5.2806],[-75.10355,5.2806],[-75.10343,5.2806],[-75.10331,5.2806],[-75.10319,5.2806],[-75.1031,5.28063],[-75.10301,5.28066],[-75.10292,5.28072],[-75.10283,5.28078],[-75.10274,5.28084],[-75.10266,5.2809],[-75.10257,5.28099],[-75.10251,5.28108],[-75.10245,5.28117],[-75.10245,5.28129],[-75.10242,5.28141],[-75.10245,5.28156],[-75.10245,5.28171],[-75.10248,5.2818],[-75.10248,5.28192],[-75.10248,5.28203],[-75.10248,5.28215],[-75.10248,5.28227],[-75.10251,5.28236],[-75.10257,5.28245],[-75.1026,5.28254],[-75.10269,5.2826],[-75.10278,5.28263],[-75.1029,5.28263],[-75.10305,5.28263],[-75.10317,5.28263],[-75.10331,5.28266]]]},"properties":{"OBJECTID_12":30,"OBJECTID_1":42,"OBJECTID":0,"MUNICIPIO":"Manzanares","CODIGO":" ","ZONIFICACI":"Zona de restauración","SUBZONA":" ","SIMB":"ZR","AREA_HAS":25.5643102168,"NOMBRE":"CERRO GUADALUPE","Shape_Leng":4888.94004836,"Shape_Length":4887.532850393373,"Shape_Area":255495.8806345786}},{"type":"Feature","id":31,"geometry":{"type":"Polygon","coordinates":[[[-75.11219,5.28827],[-75.11224,5.28824],[-75.11236,5.28824],[-75.11243,5.28826],[-75.11243,5.28819],[-75.11243,5.28807],[-75.11243,5.28795],[-75.11243,5.28783],[-75.11243,5.28768],[-75.11243,5.28756],[-75.11243,5.28744],[-75.11243,5.28732],[-75.11246,5.28723],[-75.11246,5.28711],[-75.11249,5.28702],[-75.11252,5.28694],[-75.11255,5.28685],[-75.11258,5.28676],[-75.11258,5.28664],[-75.11261,5.28655],[-75.11261,5.28643],[-75.11264,5.28634],[-75.11264,5.28622],[-75.11264,5.2861],[-75.11264,5.28598],[-75.11267,5.28589],[-75.1127,5.28577],[-75.1127,5.28565],[-75.11273,5.28556],[-75.11273,5.28554],[-75.11273,5.28544],[-75.11276,5.28535],[-75.11279,5.28523],[-75.11279,5.28511],[-75.11279,5.28499],[-75.11279,5.28487],[-75.11279,5.28475],[-75.11279,5.28463],[-75.11281,5.28454],[-75.11281,5.28442],[-75.11287,5.2843],[-75.11293,5.28421],[-75.11296,5.28412],[-75.11299,5.28403],[-75.11302,5.28391],[-75.11305,5.28382],[-75.11308,5.28373],[-75.11311,5.28358],[-75.11317,5.2835],[-75.1132,5.28338],[-75.11326,5.28326],[-75.11335,5.28317],[-75.11338,5.28308],[-75.11344,5.28299],[-75.11347,5.2829],[-75.11353,5.28281],[-75.11359,5.28272],[-75.11371,5.28263],[-75.1138,5.2826],[-75.11389,5.28254],[-75.114,5.28248],[-75.11409,5.28242],[-75.11418,5.28236],[-75.11427,5.2823],[-75.11436,5.28227],[-75.11445,5.28221],[-75.11454,5.28215],[-75.11463,5.28209],[-75.11472,5.28203],[-75.11481,5.28197],[-75.11487,5.28188],[-75.11496,5.28185],[-75.11508,5.28185],[-75.11517,5.28191],[-75.11523,5.282],[-75.11526,5.28212],[-75.11529,5.28224],[-75.11529,5.28236],[-75.11532,5.28244],[-75.11535,5.28259],[-75.11541,5.28268],[-75.11547,5.28277],[-75.1155,5.28286],[-75.1155,5.28301],[-75.1155,5.28313],[-75.1155,5.28325],[-75.1155,5.28328],[-75.1155,5.2834],[-75.11559,5.28346],[-75.11568,5.28355],[-75.11574,5.28364],[-75.1158,5.28373],[-75.11583,5.28377],[-75.11589,5.28382],[-75.11598,5.28388],[-75.11607,5.28391],[-75.11618,5.28391],[-75.11627,5.28385],[-75.11627,5.28373],[-75.11627,5.28361],[-75.11624,5.28352],[-75.11621,5.28343],[-75.11618,5.28331],[-75.11609,5.28325],[-75.11606,5.28316],[-75.11597,5.2831],[-75.11591,5.28301],[-75.11586,5.28292],[-75.11585,5.2828],[-75.11585,5.28268],[-75.11594,5.28259],[-75.116,5.2825],[-75.11606,5.28241],[-75.11606,5.28229],[-75.11609,5.2822],[-75.11612,5.28211],[-75.11615,5.28202],[-75.11621,5.28194],[-75.1163,5.28188],[-75.11631,5.28187],[-75.11636,5.28179],[-75.11642,5.2817],[-75.11651,5.28164],[-75.1166,5.28158],[-75.11669,5.28152],[-75.11675,5.28143],[-75.11684,5.28137],[-75.1169,5.28128],[-75.11699,5.28122],[-75.11708,5.28116],[-75.11716,5.28107],[-75.11731,5.28107],[-75.1174,5.2811],[-75.11752,5.2811],[-75.11753,5.2811],[-75.11764,5.2811],[-75.11776,5.28107],[-75.11776,5.28095],[-75.11776,5.28083],[-75.11773,5.28074],[-75.11767,5.28065],[-75.11767,5.28053],[-75.11764,5.28038],[-75.11764,5.28026],[-75.11758,5.28017],[-75.11749,5.28011],[-75.1174,5.28008],[-75.11731,5.28002],[-75.11722,5.27999],[-75.11713,5.2799],[-75.11707,5.27981],[-75.11698,5.27975],[-75.11686,5.27975],[-75.11677,5.27978],[-75.11669,5.27984],[-75.1166,5.27987],[-75.11651,5.27993],[-75.11642,5.28002],[-75.11639,5.28011],[-75.11633,5.2802],[-75.1163,5.28029],[-75.11627,5.28038],[-75.11615,5.28047],[-75.11606,5.28056],[-75.11597,5.28059],[-75.11588,5.28062],[-75.11579,5.28065],[-75.1157,5.28068],[-75.11564,5.28077],[-75.11558,5.28086],[-75.11552,5.28095],[-75.1154,5.28095],[-75.11528,5.28095],[-75.1152,5.28089],[-75.11517,5.2808],[-75.11517,5.28068],[-75.11519,5.28059],[-75.11525,5.2805],[-75.11528,5.28041],[-75.11534,5.28032],[-75.11537,5.2802],[-75.1154,5.28008],[-75.11543,5.27996],[-75.11543,5.27984],[-75.11543,5.27972],[-75.1154,5.27963],[-75.1154,5.27951],[-75.11537,5.27942],[-75.11534,5.27931],[-75.11528,5.27922],[-75.11525,5.2791],[-75.11522,5.27898],[-75.11519,5.27889],[-75.11516,5.27877],[-75.11513,5.27865],[-75.11507,5.27856],[-75.11504,5.27847],[-75.11495,5.27838],[-75.11486,5.27835],[-75.11474,5.27835],[-75.11462,5.27835],[-75.11453,5.27841],[-75.11445,5.27847],[-75.11436,5.27853],[-75.11427,5.27856],[-75.11418,5.27853],[-75.11415,5.27841],[-75.11412,5.27832],[-75.11409,5.27823],[-75.11406,5.27814],[-75.114,5.27805],[-75.11394,5.27796],[-75.11385,5.27787],[-75.11373,5.27781],[-75.11364,5.27775],[-75.11355,5.27772],[-75.11343,5.27769],[-75.11331,5.27769],[-75.11322,5.27775],[-75.11316,5.27784],[-75.11316,5.27796],[-75.11316,5.27808],[-75.11316,5.2782],[-75.11316,5.27832],[-75.11319,5.27841],[-75.11322,5.2785],[-75.11328,5.27859],[-75.11337,5.27865],[-75.11339,5.27866],[-75.11346,5.27868],[-75.11355,5.27874],[-75.11361,5.27883],[-75.1137,5.27892],[-75.11376,5.27901],[-75.11385,5.2791],[-75.11394,5.27916],[-75.114,5.27925],[-75.11409,5.27931],[-75.11409,5.27943],[-75.11409,5.27955],[-75.11409,5.27967],[-75.11403,5.27976],[-75.11391,5.27979],[-75.11382,5.27982],[-75.1137,5.27982],[-75.11361,5.27979],[-75.11352,5.27979],[-75.11348,5.27975],[-75.11343,5.2797],[-75.11334,5.27964],[-75.11325,5.27961],[-75.11316,5.27958],[-75.11305,5.27958],[-75.11302,5.2796],[-75.11296,5.27964],[-75.11287,5.27973],[-75.11281,5.27982],[-75.11281,5.27994],[-75.11278,5.28003],[-75.11278,5.28018],[-75.11281,5.28027],[-75.1129,5.28033],[-75.11305,5.28036],[-75.11314,5.28039],[-75.11323,5.28044],[-75.11335,5.28047],[-75.11346,5.28047],[-75.11358,5.28047],[-75.1137,5.28047],[-75.11379,5.28044],[-75.11388,5.28041],[-75.114,5.28038],[-75.11409,5.28032],[-75.11424,5.28029],[-75.11439,5.28029],[-75.11448,5.28035],[-75.1146,5.28041],[-75.11466,5.28053],[-75.11469,5.28062],[-75.11469,5.28074],[-75.11466,5.28089],[-75.11463,5.28101],[-75.11457,5.28113],[-75.11451,5.28125],[-75.11448,5.28134],[-75.11439,5.2814],[-75.11436,5.28149],[-75.11427,5.28158],[-75.11418,5.28164],[-75.11403,5.28173],[-75.11394,5.28179],[-75.11385,5.28185],[-75.11377,5.28191],[-75.11368,5.28197],[-75.11359,5.282],[-75.1135,5.28206],[-75.11341,5.28215],[-75.11329,5.28224],[-75.11323,5.28233],[-75.11314,5.28242],[-75.11311,5.28251],[-75.11302,5.28263],[-75.11293,5.28272],[-75.11287,5.28281],[-75.11281,5.2829],[-75.11275,5.28299],[-75.11269,5.28308],[-75.11266,5.28317],[-75.11263,5.28329],[-75.1126,5.28338],[-75.11257,5.28347],[-75.11254,5.28356],[-75.11252,5.28365],[-75.11252,5.28377],[-75.11249,5.28386],[-75.11249,5.28397],[-75.11249,5.28409],[-75.11249,5.28421],[-75.11249,5.28433],[-75.11249,5.28445],[-75.11246,5.28457],[-75.11246,5.28469],[-75.11246,5.28481],[-75.11246,5.28493],[-75.11246,5.28505],[-75.11246,5.28517],[-75.11243,5.28526],[-75.11243,5.28538],[-75.11243,5.2855],[-75.1124,5.28559],[-75.11237,5.28568],[-75.11234,5.28577],[-75.11228,5.28586],[-75.11225,5.28595],[-75.11219,5.28599],[-75.11219,5.28601],[-75.11222,5.2861],[-75.11222,5.28622],[-75.11222,5.28634],[-75.11222,5.28646],[-75.11216,5.28655],[-75.11213,5.28667],[-75.1121,5.28679],[-75.11207,5.28694],[-75.11207,5.28706],[-75.11207,5.28717],[-75.11207,5.28729],[-75.1121,5.28738],[-75.11213,5.28747],[-75.11216,5.28759],[-75.11219,5.28771],[-75.11219,5.28783],[-75.11219,5.28795],[-75.11219,5.28807],[-75.11219,5.28819],[-75.11219,5.28827]]]},"properties":{"OBJECTID_12":31,"OBJECTID_1":43,"OBJECTID":0,"MUNICIPIO":"Manzanares","CODIGO":" ","ZONIFICACI":"Zona de restauración","SUBZONA":" ","SIMB":"ZR","AREA_HAS":15.7702165353,"NOMBRE":"CERRO GUADALUPE","Shape_Leng":4284.67796633,"Shape_Length":4283.4570798399955,"Shape_Area":157612.3269559203}},{"type":"Feature","id":32,"geometry":{"type":"Polygon","coordinates":[[[-75.12072,5.29948],[-75.1209,5.29957],[-75.12099,5.29963],[-75.12111,5.29963],[-75.1212,5.2996],[-75.12135,5.29957],[-75.12144,5.29954],[-75.12156,5.29951],[-75.12174,5.29945],[-75.12186,5.29945],[-75.12198,5.29945],[-75.1221,5.29945],[-75.12218,5.29947],[-75.12227,5.29953],[-75.12236,5.29962],[-75.12248,5.29962],[-75.12249,5.29962],[-75.12248,5.29959],[-75.12245,5.2995],[-75.12242,5.29941],[-75.12242,5.2993],[-75.12242,5.29918],[-75.12248,5.29906],[-75.12251,5.29897],[-75.12254,5.29892],[-75.12257,5.29888],[-75.12257,5.29876],[-75.12257,5.29864],[-75.12257,5.29852],[-75.12254,5.29843],[-75.12251,5.29834],[-75.12242,5.29828],[-75.1223,5.29828],[-75.12221,5.29825],[-75.12209,5.29825],[-75.122,5.29827],[-75.12197,5.29828],[-75.12194,5.29837],[-75.12188,5.29846],[-75.1218,5.29855],[-75.12171,5.29858],[-75.12162,5.29861],[-75.12159,5.29852],[-75.12147,5.29852],[-75.12135,5.29849],[-75.12132,5.2984],[-75.12126,5.29828],[-75.1212,5.29819],[-75.12111,5.2981],[-75.12102,5.29801],[-75.12096,5.29792],[-75.12084,5.29786],[-75.12072,5.29786],[-75.1206,5.29786],[-75.12048,5.29786],[-75.12039,5.2978],[-75.1203,5.29777],[-75.12021,5.29774],[-75.12015,5.29765],[-75.12009,5.29756],[-75.12,5.29748],[-75.11991,5.29742],[-75.11979,5.29742],[-75.11968,5.29742],[-75.11956,5.29736],[-75.11947,5.29727],[-75.11946,5.29724],[-75.11944,5.29718],[-75.11935,5.29712],[-75.11932,5.29703],[-75.1192,5.29703],[-75.11908,5.297],[-75.11896,5.297],[-75.11884,5.297],[-75.11872,5.297],[-75.1186,5.297],[-75.11855,5.297],[-75.11848,5.297],[-75.11847,5.29701],[-75.11839,5.29706],[-75.1183,5.29712],[-75.11818,5.29721],[-75.11809,5.2973],[-75.11797,5.29736],[-75.11789,5.29739],[-75.11777,5.29739],[-75.11765,5.29733],[-75.11759,5.29724],[-75.11753,5.29715],[-75.11744,5.29709],[-75.11735,5.297],[-75.11723,5.297],[-75.11714,5.29697],[-75.11705,5.29703],[-75.11702,5.29715],[-75.11702,5.29724],[-75.11702,5.29727],[-75.11711,5.29736],[-75.1172,5.29739],[-75.11729,5.29745],[-75.11738,5.29751],[-75.1175,5.29757],[-75.11759,5.29766],[-75.11768,5.29769],[-75.11777,5.29775],[-75.11786,5.29781],[-75.11795,5.29784],[-75.11804,5.29787],[-75.11813,5.29793],[-75.11821,5.29799],[-75.11833,5.29805],[-75.11842,5.29811],[-75.11854,5.29811],[-75.11869,5.29811],[-75.11881,5.29811],[-75.11893,5.2981],[-75.11904,5.2981],[-75.11905,5.2981],[-75.11917,5.2981],[-75.11932,5.29813],[-75.11941,5.29816],[-75.1195,5.29822],[-75.11962,5.29828],[-75.11968,5.29837],[-75.11974,5.29849],[-75.1198,5.29858],[-75.11983,5.29867],[-75.11989,5.29876],[-75.11995,5.29885],[-75.12001,5.29894],[-75.1201,5.29903],[-75.12016,5.29912],[-75.12025,5.29924],[-75.12033,5.29933],[-75.12042,5.29936],[-75.12051,5.29939],[-75.1206,5.29942],[-75.12072,5.29948]]]},"properties":{"OBJECTID_12":32,"OBJECTID_1":44,"OBJECTID":0,"MUNICIPIO":"Manzanares","CODIGO":" ","ZONIFICACI":"Zona de restauración","SUBZONA":" ","SIMB":"ZR","AREA_HAS":7.08866758085,"NOMBRE":"CERRO GUADALUPE","Shape_Leng":1638.50702801,"Shape_Length":1638.0430483972455,"Shape_Area":70846.54346965796}},{"type":"Feature","id":33,"geometry":{"type":"Polygon","coordinates":[[[-75.131,5.27173],[-75.13103,5.27167],[-75.1311,5.27161],[-75.13114,5.27152],[-75.13119,5.27143],[-75.13121,5.27134],[-75.13128,5.27125],[-75.13131,5.2712],[-75.13134,5.27116],[-75.13143,5.27109],[-75.13157,5.27109],[-75.13168,5.27109],[-75.13177,5.27111],[-75.13179,5.27112],[-75.13186,5.27114],[-75.13197,5.27114],[-75.13206,5.27109],[-75.13215,5.27105],[-75.13216,5.27105],[-75.13226,5.27105],[-75.13237,5.27105],[-75.13248,5.27109],[-75.13259,5.27113],[-75.13268,5.27118],[-75.1327,5.27124],[-75.13271,5.27123],[-75.13273,5.27121],[-75.13275,5.27117],[-75.13298,5.27076],[-75.13299,5.27073],[-75.133,5.27069],[-75.133,5.27065],[-75.133,5.27059],[-75.13307,5.27052],[-75.13309,5.27051],[-75.13361,5.27095],[-75.13364,5.27097],[-75.13366,5.27099],[-75.13369,5.271],[-75.13392,5.27106],[-75.13402,5.27106],[-75.13411,5.27109],[-75.1342,5.27113],[-75.13423,5.27112],[-75.13426,5.27111],[-75.13467,5.27093],[-75.1347,5.27092],[-75.13473,5.27091],[-75.13476,5.27089],[-75.13478,5.27087],[-75.1349,5.27073],[-75.13488,5.27068],[-75.13484,5.2706],[-75.13478,5.27053],[-75.13476,5.27044],[-75.13476,5.27043],[-75.13476,5.27033],[-75.13475,5.27031],[-75.13473,5.27024],[-75.13467,5.27016],[-75.13459,5.27009],[-75.13452,5.27002],[-75.13442,5.27],[-75.13432,5.27],[-75.13422,5.27],[-75.13412,5.27],[-75.13401,5.27],[-75.13391,5.27],[-75.13381,5.27],[-75.13371,5.26999],[-75.13356,5.26995],[-75.13345,5.26995],[-75.13337,5.26992],[-75.13327,5.26987],[-75.13318,5.26982],[-75.1331,5.26978],[-75.133,5.26977],[-75.1329,5.26975],[-75.13279,5.2697],[-75.13271,5.26967],[-75.13261,5.26965],[-75.13251,5.26962],[-75.13247,5.2696],[-75.13242,5.26958],[-75.1323,5.26955],[-75.13222,5.26951],[-75.13217,5.26946],[-75.13215,5.26943],[-75.13208,5.26936],[-75.13203,5.26928],[-75.13195,5.26923],[-75.13186,5.26918],[-75.13176,5.26916],[-75.13166,5.26916],[-75.13156,5.26918],[-75.13152,5.26919],[-75.13144,5.26921],[-75.13135,5.26926],[-75.13125,5.26931],[-75.13115,5.26933],[-75.13107,5.26938],[-75.13105,5.26941],[-75.13108,5.26941],[-75.13117,5.26975],[-75.13122,5.26999],[-75.13114,5.27015],[-75.13108,5.27022],[-75.13098,5.27029],[-75.13085,5.27037],[-75.13073,5.27051],[-75.13058,5.27067],[-75.13041,5.27086],[-75.13021,5.27106],[-75.13002,5.27124],[-75.12996,5.27131],[-75.12998,5.27132],[-75.13005,5.27138],[-75.13016,5.27145],[-75.13025,5.2715],[-75.13032,5.27156],[-75.13039,5.27163],[-75.13043,5.27172],[-75.13043,5.27173],[-75.13096,5.27171],[-75.131,5.27173]]]},"properties":{"OBJECTID_12":33,"OBJECTID_1":45,"OBJECTID":0,"MUNICIPIO":"Manzanares","CODIGO":" ","ZONIFICACI":"Zona de restauración","SUBZONA":" ","SIMB":"ZR","AREA_HAS":7.21236194348,"NOMBRE":"CERRO GUADALUPE","Shape_Leng":1490.21807616,"Shape_Length":1489.8018790907913,"Shape_Area":72083.35495670362}},{"type":"Feature","id":34,"geometry":{"type":"Polygon","coordinates":[[[-75.12599,5.27496],[-75.12599,5.27489],[-75.12599,5.27477],[-75.12596,5.27468],[-75.12593,5.27459],[-75.12592,5.27456],[-75.12587,5.27451],[-75.12585,5.2745],[-75.12599,5.27496]]]},"properties":{"OBJECTID_12":34,"OBJECTID_1":46,"OBJECTID":0,"MUNICIPIO":"Manzanares","CODIGO":" ","ZONIFICACI":"Zona de restauración","SUBZONA":" ","SIMB":"ZR","AREA_HAS":0.0238962970331,"NOMBRE":"CERRO GUADALUPE","Shape_Leng":109.743850315,"Shape_Length":109.71288620020707,"Shape_Area":238.82518146978612}},{"type":"Feature","id":35,"geometry":{"type":"Polygon","coordinates":[[[-75.11295,5.27623],[-75.11288,5.27634],[-75.11285,5.2764],[-75.11287,5.27642],[-75.11293,5.27648],[-75.11302,5.27656],[-75.1131,5.2766],[-75.11319,5.27667],[-75.11324,5.2767],[-75.11325,5.27669],[-75.11326,5.27668],[-75.11326,5.27666],[-75.11327,5.27665],[-75.11327,5.27663],[-75.11328,5.27662],[-75.11328,5.27661],[-75.11328,5.27659],[-75.11328,5.27658],[-75.11328,5.27656],[-75.11328,5.27655],[-75.11328,5.27653],[-75.11327,5.27652],[-75.11327,5.2765],[-75.11326,5.27649],[-75.11326,5.27648],[-75.11325,5.27646],[-75.11324,5.27645],[-75.11323,5.27644],[-75.11322,5.27643],[-75.11321,5.27642],[-75.1132,5.27641],[-75.11319,5.2764],[-75.11313,5.27635],[-75.11303,5.27626],[-75.11303,5.27626],[-75.11301,5.27625],[-75.113,5.27624],[-75.11299,5.27623],[-75.11298,5.27622],[-75.11296,5.27622],[-75.11295,5.27621],[-75.11294,5.27621],[-75.11292,5.2762],[-75.11291,5.2762],[-75.11291,5.2762],[-75.11295,5.27623]]]},"properties":{"OBJECTID_12":35,"OBJECTID_1":47,"OBJECTID":0,"MUNICIPIO":"Manzanares","CODIGO":" ","ZONIFICACI":"Zona de restauración","SUBZONA":" ","SIMB":"ZR","AREA_HAS":0.126930898946,"NOMBRE":"CERRO GUADALUPE","Shape_Leng":159.242070606,"Shape_Length":159.19672565697982,"Shape_Area":1268.5829953143077}},{"type":"Feature","id":36,"geometry":{"type":"Polygon","coordinates":[[[-75.12634,5.27606],[-75.12634,5.27607],[-75.12636,5.2761],[-75.12667,5.2767],[-75.12669,5.27673],[-75.12671,5.27675],[-75.12765,5.27769],[-75.12791,5.27808],[-75.12791,5.27805],[-75.12791,5.27794],[-75.12794,5.27785],[-75.12797,5.27776],[-75.12802,5.27767],[-75.12808,5.27758],[-75.1281,5.27756],[-75.12801,5.27742],[-75.12799,5.2774],[-75.12798,5.27738],[-75.1272,5.27661],[-75.12716,5.27659],[-75.12704,5.27653],[-75.12692,5.27647],[-75.12674,5.27635],[-75.12656,5.27626],[-75.1265,5.27617],[-75.12644,5.27608],[-75.12635,5.27596],[-75.12629,5.2759],[-75.12634,5.27606]]]},"properties":{"OBJECTID_12":36,"OBJECTID_1":48,"OBJECTID":0,"MUNICIPIO":"Manzanares","CODIGO":" ","ZONIFICACI":"Zona de restauración","SUBZONA":" ","SIMB":"ZR","AREA_HAS":1.06245189466,"NOMBRE":"CERRO GUADALUPE","Shape_Leng":642.765414941,"Shape_Length":642.5850468702664,"Shape_Area":10618.545885180905}},{"type":"Feature","id":37,"geometry":{"type":"Polygon","coordinates":[[[-75.11379,5.27757],[-75.11381,5.2776],[-75.11383,5.27763],[-75.11386,5.27765],[-75.11389,5.27767],[-75.11443,5.27796],[-75.11446,5.27797],[-75.11447,5.27797],[-75.11583,5.27841],[-75.11587,5.27842],[-75.11587,5.27842],[-75.11591,5.27842],[-75.11595,5.27842],[-75.11598,5.27841],[-75.11602,5.27839],[-75.11605,5.27837],[-75.11608,5.27834],[-75.1161,5.2783],[-75.11611,5.27827],[-75.11612,5.27823],[-75.11612,5.27819],[-75.11612,5.27815],[-75.11611,5.27811],[-75.11609,5.27808],[-75.11607,5.27805],[-75.11604,5.27802],[-75.116,5.278],[-75.11597,5.27798],[-75.11587,5.27795],[-75.11506,5.27769],[-75.11462,5.27755],[-75.11409,5.27727],[-75.11406,5.27726],[-75.11403,5.27725],[-75.11399,5.27725],[-75.11396,5.27725],[-75.11401,5.27739],[-75.11398,5.2775],[-75.11397,5.27756],[-75.11385,5.27751],[-75.11378,5.27747],[-75.11377,5.27747],[-75.11377,5.2775],[-75.11377,5.27753],[-75.11379,5.27757]]]},"properties":{"OBJECTID_12":37,"OBJECTID_1":49,"OBJECTID":0,"MUNICIPIO":"Manzanares","CODIGO":" ","ZONIFICACI":"Zona de restauración","SUBZONA":" ","SIMB":"ZR","AREA_HAS":1.26921451905,"NOMBRE":"CERRO GUADALUPE","Shape_Leng":637.069512763,"Shape_Length":636.88797031178,"Shape_Area":12684.926930322483}},{"type":"Feature","id":38,"geometry":{"type":"Polygon","coordinates":[[[-75.12827,5.27862],[-75.12829,5.27865],[-75.12832,5.27868],[-75.12836,5.2787],[-75.12839,5.27871],[-75.12843,5.27872],[-75.12847,5.27872],[-75.12851,5.27871],[-75.12855,5.2787],[-75.12858,5.27868],[-75.12861,5.27866],[-75.12864,5.27863],[-75.12866,5.27859],[-75.12867,5.27856],[-75.12856,5.27856],[-75.12844,5.27856],[-75.12829,5.27856],[-75.12822,5.27854],[-75.12827,5.27862]]]},"properties":{"OBJECTID_12":38,"OBJECTID_1":50,"OBJECTID":0,"MUNICIPIO":"Manzanares","CODIGO":" ","ZONIFICACI":"Zona de restauración","SUBZONA":" ","SIMB":"ZR","AREA_HAS":0.0613667438477,"NOMBRE":"CERRO GUADALUPE","Shape_Leng":116.474191827,"Shape_Length":116.44142509230132,"Shape_Area":613.3202269587406}},{"type":"Feature","id":39,"geometry":{"type":"Polygon","coordinates":[[[-75.13796,5.27756],[-75.13793,5.27765],[-75.13787,5.27774],[-75.13778,5.27783],[-75.13769,5.27789],[-75.13757,5.27789],[-75.13742,5.27789],[-75.1373,5.27789],[-75.13718,5.27792],[-75.13709,5.27798],[-75.13703,5.27807],[-75.13689,5.27816],[-75.1368,5.27822],[-75.13671,5.27825],[-75.13659,5.27834],[-75.1365,5.2784],[-75.1365,5.27852],[-75.13653,5.27861],[-75.13662,5.27867],[-75.13668,5.27876],[-75.13671,5.27885],[-75.13674,5.27894],[-75.13683,5.279],[-75.13727,5.27915],[-75.13778,5.27926],[-75.13787,5.27932],[-75.13796,5.27938],[-75.13802,5.27942],[-75.13826,5.27929],[-75.13832,5.27926],[-75.13841,5.27923],[-75.13853,5.27917],[-75.13862,5.27911],[-75.13871,5.27905],[-75.1388,5.27899],[-75.13889,5.27893],[-75.13897,5.27887],[-75.13906,5.27878],[-75.13915,5.27872],[-75.13924,5.27866],[-75.1393,5.27857],[-75.13933,5.27845],[-75.13936,5.27836],[-75.13939,5.27827],[-75.13945,5.27818],[-75.13951,5.2781],[-75.1396,5.27801],[-75.13969,5.27792],[-75.13975,5.27783],[-75.13984,5.27774],[-75.1399,5.27765],[-75.13996,5.27753],[-75.14005,5.27747],[-75.14008,5.27738],[-75.14019,5.27723],[-75.14031,5.27717],[-75.1404,5.27711],[-75.14049,5.27705],[-75.14058,5.27699],[-75.14064,5.2769],[-75.14073,5.27684],[-75.14082,5.27678],[-75.14091,5.27675],[-75.141,5.27669],[-75.14109,5.27666],[-75.14115,5.27657],[-75.14124,5.27651],[-75.14127,5.27642],[-75.14136,5.27639],[-75.14145,5.27633],[-75.14157,5.27633],[-75.14165,5.2763],[-75.14177,5.27636],[-75.14192,5.27639],[-75.14204,5.27642],[-75.14222,5.27642],[-75.14235,5.27642],[-75.14233,5.27635],[-75.14231,5.27624],[-75.14235,5.27613],[-75.1424,5.27604],[-75.14242,5.27595],[-75.14246,5.27586],[-75.14253,5.27577],[-75.14255,5.27568],[-75.1426,5.27559],[-75.14262,5.27546],[-75.14262,5.27534],[-75.14262,5.27523],[-75.1426,5.27514],[-75.14255,5.27505],[-75.14253,5.27496],[-75.14246,5.2749],[-75.14239,5.27481],[-75.14231,5.27483],[-75.14222,5.2749],[-75.14215,5.27496],[-75.14206,5.27499],[-75.14195,5.27499],[-75.14184,5.27492],[-75.1418,5.27484],[-75.14275,5.27391],[-75.14276,5.27389],[-75.14276,5.27389],[-75.14289,5.27373],[-75.14291,5.2737],[-75.14292,5.27367],[-75.14293,5.27363],[-75.14294,5.2736],[-75.14299,5.27242],[-75.14299,5.27238],[-75.14295,5.27241],[-75.14286,5.27242],[-75.14278,5.2724],[-75.14277,5.27241],[-75.14266,5.27244],[-75.14258,5.27242],[-75.14254,5.2724],[-75.14249,5.2735],[-75.14242,5.27359],[-75.14157,5.27443],[-75.1415,5.27438],[-75.14148,5.2743],[-75.1415,5.27421],[-75.14155,5.27412],[-75.14161,5.27403],[-75.14166,5.27394],[-75.14168,5.27385],[-75.14172,5.27376],[-75.14175,5.27367],[-75.14177,5.27358],[-75.14179,5.27349],[-75.14181,5.2734],[-75.14186,5.27331],[-75.14188,5.2732],[-75.1419,5.27311],[-75.14195,5.27302],[-75.14197,5.27293],[-75.14201,5.27284],[-75.14208,5.27277],[-75.1421,5.27268],[-75.1421,5.27257],[-75.14208,5.27248],[-75.14201,5.27239],[-75.14194,5.27233],[-75.14186,5.2723],[-75.14174,5.2723],[-75.14163,5.2723],[-75.14152,5.27233],[-75.14148,5.27233],[-75.14141,5.27245],[-75.14129,5.27266],[-75.14124,5.27272],[-75.14117,5.27276],[-75.14109,5.27276],[-75.14107,5.27276],[-75.14104,5.27276],[-75.141,5.27278],[-75.14098,5.2728],[-75.14091,5.2729],[-75.14076,5.27318],[-75.14069,5.27328],[-75.14058,5.27349],[-75.14051,5.27349],[-75.14043,5.2731],[-75.14043,5.27308],[-75.14033,5.27246],[-75.14032,5.27242],[-75.14025,5.27231],[-75.14014,5.27223],[-75.14011,5.27224],[-75.14003,5.27226],[-75.13996,5.27233],[-75.13994,5.27242],[-75.13987,5.27249],[-75.13983,5.27258],[-75.1398,5.27267],[-75.13976,5.27275],[-75.13971,5.27284],[-75.13969,5.27293],[-75.13967,5.27302],[-75.13965,5.27311],[-75.13958,5.27318],[-75.13954,5.27327],[-75.13949,5.27336],[-75.13947,5.27345],[-75.13947,5.27358],[-75.13947,5.27361],[-75.13949,5.27403],[-75.13945,5.27412],[-75.13943,5.27421],[-75.13942,5.27422],[-75.13947,5.2743],[-75.13956,5.27451],[-75.13959,5.27466],[-75.13959,5.27478],[-75.13959,5.2749],[-75.13959,5.27501],[-75.13956,5.2751],[-75.13945,5.27516],[-75.13936,5.27522],[-75.13924,5.27531],[-75.13915,5.27537],[-75.13906,5.27543],[-75.139,5.27555],[-75.13888,5.27558],[-75.13876,5.27561],[-75.13864,5.27561],[-75.13855,5.27558],[-75.13846,5.27553],[-75.1384,5.27544],[-75.13831,5.27541],[-75.13819,5.27541],[-75.13795,5.27541],[-75.13784,5.27541],[-75.13772,5.27544],[-75.13763,5.2755],[-75.13754,5.27559],[-75.13748,5.27568],[-75.13742,5.27577],[-75.13733,5.27586],[-75.1373,5.27595],[-75.13727,5.27604],[-75.13721,5.27613],[-75.13721,5.27625],[-75.13718,5.27633],[-75.13706,5.27636],[-75.13694,5.27637],[-75.13685,5.27631],[-75.13676,5.27628],[-75.13664,5.27628],[-75.13652,5.27628],[-75.13643,5.27631],[-75.13635,5.27634],[-75.13623,5.27637],[-75.13614,5.27649],[-75.13614,5.27661],[-75.13614,5.27679],[-75.13617,5.27687],[-75.13617,5.27699],[-75.13614,5.27708],[-75.13614,5.2772],[-75.13614,5.27732],[-75.13614,5.27744],[-75.1362,5.27753],[-75.13629,5.27765],[-75.13641,5.27774],[-75.13653,5.27774],[-75.13662,5.27771],[-75.13671,5.27765],[-75.13679,5.27756],[-75.13688,5.2775],[-75.137,5.27738],[-75.13709,5.27735],[-75.13718,5.27729],[-75.13727,5.27726],[-75.13739,5.2772],[-75.13748,5.27717],[-75.13757,5.27714],[-75.13766,5.27708],[-75.13772,5.27699],[-75.13775,5.2769],[-75.1379,5.27681],[-75.13799,5.27678],[-75.13808,5.27675],[-75.13823,5.27672],[-75.13834,5.27672],[-75.13846,5.27672],[-75.13861,5.27672],[-75.1387,5.27675],[-75.13882,5.27675],[-75.13894,5.27675],[-75.13897,5.27675],[-75.13918,5.27678],[-75.13933,5.27678],[-75.13942,5.27684],[-75.13942,5.27687],[-75.13942,5.27699],[-75.13942,5.27711],[-75.13939,5.2772],[-75.13939,5.27732],[-75.13933,5.27741],[-75.13927,5.27753],[-75.13915,5.27753],[-75.13911,5.27753],[-75.13903,5.27753],[-75.13891,5.27753],[-75.13879,5.27753],[-75.13867,5.27753],[-75.13863,5.27747],[-75.13861,5.27744],[-75.13852,5.27738],[-75.13843,5.27729],[-75.13832,5.27729],[-75.13823,5.27732],[-75.13811,5.27735],[-75.13802,5.27744],[-75.13796,5.27756]]]},"properties":{"OBJECTID_12":39,"OBJECTID_1":51,"OBJECTID":0,"MUNICIPIO":"Manzanares","CODIGO":" ","ZONIFICACI":"Zona de restauración","SUBZONA":" ","SIMB":"ZR","AREA_HAS":25.0758782714,"NOMBRE":"CERRO GUADALUPE","Shape_Leng":4218.7472148,"Shape_Length":4217.579847425973,"Shape_Area":250620.06411924175}},{"type":"Feature","id":40,"geometry":{"type":"Polygon","coordinates":[[[-75.12124,5.2788],[-75.12136,5.27897],[-75.12157,5.27915],[-75.12187,5.27942],[-75.12223,5.2796],[-75.12266,5.27963],[-75.12261,5.27957],[-75.12259,5.27947],[-75.12256,5.27937],[-75.12252,5.27928],[-75.12245,5.27918],[-75.1224,5.27909],[-75.1223,5.27902],[-75.12225,5.27892],[-75.12216,5.2788],[-75.12206,5.2787],[-75.12199,5.27863],[-75.12194,5.27854],[-75.12187,5.27847],[-75.12185,5.27837],[-75.1218,5.27825],[-75.12173,5.27818],[-75.12168,5.27808],[-75.12163,5.27799],[-75.12161,5.27789],[-75.12154,5.27782],[-75.12146,5.27775],[-75.12139,5.27768],[-75.12132,5.27761],[-75.12125,5.27751],[-75.12118,5.27741],[-75.12111,5.27734],[-75.12103,5.27727],[-75.12096,5.27718],[-75.12089,5.2771],[-75.12082,5.27703],[-75.12075,5.27694],[-75.1207,5.27682],[-75.12063,5.27672],[-75.12058,5.27663],[-75.12058,5.27653],[-75.12058,5.27643],[-75.12058,5.27634],[-75.12058,5.27624],[-75.12058,5.27615],[-75.12058,5.27606],[-75.12077,5.2762],[-75.12125,5.27659],[-75.12162,5.27696],[-75.12194,5.27755],[-75.12215,5.27803],[-75.12216,5.27806],[-75.12218,5.27808],[-75.1222,5.2781],[-75.12297,5.27885],[-75.12351,5.27938],[-75.12352,5.2794],[-75.12352,5.27937],[-75.12352,5.27928],[-75.12354,5.27918],[-75.12357,5.27908],[-75.12358,5.27907],[-75.12361,5.27909],[-75.12369,5.27913],[-75.12377,5.2792],[-75.12385,5.27926],[-75.12394,5.27932],[-75.12402,5.27938],[-75.12403,5.27939],[-75.12388,5.27913],[-75.12386,5.27909],[-75.12384,5.27908],[-75.12328,5.27853],[-75.12254,5.27781],[-75.12235,5.27736],[-75.12234,5.27734],[-75.12199,5.27671],[-75.12197,5.27668],[-75.12196,5.27666],[-75.12156,5.27627],[-75.12154,5.27625],[-75.12138,5.27612],[-75.12138,5.2761],[-75.12149,5.27601],[-75.12157,5.27597],[-75.12167,5.27593],[-75.12175,5.27587],[-75.12181,5.27579],[-75.12187,5.27571],[-75.12197,5.27563],[-75.12206,5.27556],[-75.12214,5.27552],[-75.12224,5.27552],[-75.12232,5.27556],[-75.1224,5.27562],[-75.1225,5.27569],[-75.12256,5.27577],[-75.12265,5.27583],[-75.12275,5.27585],[-75.12285,5.27583],[-75.12291,5.27575],[-75.12291,5.27564],[-75.12289,5.27554],[-75.12287,5.27544],[-75.12285,5.27534],[-75.12281,5.27526],[-75.12275,5.27515],[-75.12273,5.27505],[-75.12273,5.27495],[-75.12273,5.27485],[-75.12273,5.27475],[-75.12275,5.27464],[-75.12277,5.27454],[-75.12283,5.27446],[-75.12289,5.27436],[-75.12293,5.27428],[-75.12297,5.27417],[-75.12294,5.27442],[-75.12294,5.27444],[-75.12294,5.27511],[-75.12295,5.27515],[-75.12295,5.27517],[-75.12324,5.27619],[-75.12325,5.27621],[-75.12326,5.27624],[-75.12328,5.27627],[-75.12377,5.27687],[-75.1238,5.2774],[-75.1238,5.27743],[-75.12381,5.27746],[-75.1241,5.27841],[-75.12411,5.27844],[-75.12413,5.27847],[-75.12415,5.2785],[-75.12418,5.27853],[-75.12421,5.27855],[-75.12425,5.27856],[-75.12429,5.27857],[-75.12432,5.27857],[-75.12436,5.27856],[-75.1244,5.27855],[-75.12443,5.27854],[-75.12446,5.27851],[-75.12449,5.27849],[-75.12451,5.27846],[-75.12452,5.27842],[-75.12453,5.27839],[-75.12454,5.27835],[-75.12454,5.27831],[-75.12453,5.27828],[-75.12425,5.27735],[-75.12422,5.27678],[-75.12421,5.27674],[-75.1242,5.27671],[-75.12419,5.27668],[-75.12417,5.27665],[-75.12366,5.27602],[-75.12339,5.27508],[-75.12339,5.27446],[-75.12351,5.27331],[-75.12354,5.27321],[-75.12362,5.27313],[-75.12366,5.27305],[-75.12368,5.27295],[-75.12368,5.27285],[-75.12366,5.2728],[-75.12371,5.27262],[-75.1237,5.2726],[-75.12366,5.27252],[-75.12366,5.27242],[-75.12366,5.27231],[-75.1237,5.27223],[-75.12374,5.27215],[-75.12382,5.27211],[-75.12382,5.27211],[-75.12375,5.27203],[-75.12368,5.27192],[-75.12368,5.27185],[-75.12367,5.27176],[-75.12364,5.27177],[-75.12361,5.27179],[-75.12358,5.27181],[-75.12355,5.27183],[-75.12353,5.27186],[-75.12342,5.27204],[-75.12341,5.27205],[-75.12341,5.27203],[-75.12345,5.27195],[-75.12348,5.27184],[-75.1235,5.27178],[-75.1234,5.27176],[-75.12331,5.2717],[-75.12328,5.27163],[-75.12328,5.27156],[-75.12329,5.2715],[-75.12334,5.27147],[-75.12336,5.27142],[-75.12341,5.27134],[-75.12343,5.27131],[-75.12348,5.27125],[-75.12349,5.27125],[-75.12343,5.27111],[-75.12339,5.27106],[-75.12334,5.27102],[-75.1233,5.271],[-75.12327,5.27099],[-75.1232,5.27097],[-75.12301,5.27094],[-75.12285,5.27091],[-75.12264,5.27083],[-75.12252,5.27076],[-75.12238,5.27064],[-75.12225,5.27051],[-75.12218,5.27039],[-75.12207,5.27019],[-75.12201,5.27013],[-75.12198,5.27011],[-75.12194,5.27008],[-75.12192,5.27008],[-75.12189,5.27009],[-75.12186,5.2701],[-75.12183,5.27015],[-75.12183,5.27018],[-75.12184,5.27026],[-75.12187,5.27043],[-75.12187,5.27049],[-75.12187,5.2706],[-75.12185,5.2707],[-75.12185,5.27072],[-75.12179,5.27083],[-75.12165,5.27092],[-75.12163,5.27093],[-75.1216,5.27097],[-75.12146,5.27106],[-75.12138,5.27116],[-75.12134,5.27121],[-75.12132,5.27127],[-75.12132,5.27135],[-75.12134,5.27143],[-75.12135,5.27152],[-75.12139,5.27168],[-75.1214,5.27184],[-75.12139,5.27192],[-75.12139,5.27197],[-75.12132,5.27214],[-75.12124,5.27222],[-75.12124,5.27222],[-75.12101,5.27222],[-75.12085,5.27224],[-75.12081,5.27224],[-75.12056,5.2722],[-75.12041,5.27211],[-75.12019,5.27205],[-75.12012,5.27209],[-75.12003,5.27214],[-75.11999,5.27223],[-75.12003,5.27232],[-75.1201,5.27239],[-75.12017,5.27245],[-75.12026,5.27252],[-75.12035,5.27254],[-75.12044,5.27256],[-75.12055,5.27256],[-75.12064,5.27261],[-75.1207,5.27268],[-75.12077,5.27274],[-75.12079,5.27283],[-75.12079,5.27294],[-75.12079,5.27306],[-75.12077,5.27319],[-75.12074,5.27323],[-75.12076,5.27329],[-75.12075,5.27353],[-75.12074,5.27372],[-75.12072,5.27381],[-75.1207,5.27389],[-75.12064,5.27407],[-75.12062,5.27416],[-75.1205,5.27424],[-75.1203,5.27436],[-75.12016,5.27443],[-75.12015,5.27447],[-75.12013,5.27455],[-75.12012,5.27457],[-75.12017,5.27459],[-75.12024,5.27467],[-75.12034,5.27469],[-75.12039,5.27478],[-75.12048,5.27481],[-75.1206,5.27483],[-75.1207,5.27486],[-75.12079,5.2749],[-75.12089,5.27497],[-75.12096,5.27505],[-75.12103,5.27512],[-75.12108,5.27521],[-75.1211,5.27531],[-75.12108,5.27541],[-75.12101,5.27548],[-75.12096,5.27557],[-75.12089,5.27564],[-75.12089,5.27572],[-75.1206,5.2755],[-75.12057,5.27548],[-75.12006,5.27519],[-75.11987,5.27505],[-75.11954,5.27481],[-75.1195,5.27484],[-75.11939,5.27494],[-75.11932,5.27499],[-75.11929,5.27502],[-75.1193,5.27503],[-75.11934,5.2751],[-75.11933,5.27518],[-75.11931,5.2752],[-75.11949,5.27533],[-75.11946,5.27534],[-75.11937,5.27536],[-75.11926,5.27536],[-75.11915,5.27536],[-75.11906,5.27538],[-75.11897,5.27545],[-75.11886,5.27545],[-75.11875,5.27545],[-75.11866,5.27541],[-75.11857,5.27534],[-75.1185,5.27527],[-75.11839,5.27521],[-75.1183,5.27516],[-75.11827,5.27515],[-75.1182,5.27515],[-75.11811,5.27518],[-75.11806,5.27525],[-75.11802,5.2753],[-75.11801,5.27536],[-75.11794,5.27543],[-75.1179,5.27552],[-75.11788,5.27563],[-75.1179,5.27572],[-75.1179,5.27583],[-75.11794,5.27592],[-75.11799,5.27601],[-75.11799,5.27612],[-75.11799,5.27624],[-75.11799,5.27635],[-75.11801,5.27644],[-75.11808,5.2765],[-75.11814,5.27657],[-75.11819,5.27666],[-75.11826,5.27675],[-75.1183,5.27684],[-75.11837,5.27691],[-75.11844,5.277],[-75.1185,5.27709],[-75.11855,5.27717],[-75.11859,5.27726],[-75.11868,5.27731],[-75.11873,5.2774],[-75.11882,5.27746],[-75.1189,5.27751],[-75.11899,5.27753],[-75.11908,5.27755],[-75.11919,5.27755],[-75.11928,5.27758],[-75.1194,5.27762],[-75.11948,5.27764],[-75.11957,5.27766],[-75.11964,5.27773],[-75.11971,5.2778],[-75.11978,5.27789],[-75.11984,5.27796],[-75.11989,5.27804],[-75.11991,5.27813],[-75.11995,5.27825],[-75.12,5.27836],[-75.12002,5.27845],[-75.12004,5.27854],[-75.12004,5.27865],[-75.12004,5.27876],[-75.12004,5.27887],[-75.12007,5.27896],[-75.12009,5.27905],[-75.12013,5.27914],[-75.12018,5.27923],[-75.1202,5.27932],[-75.12025,5.27941],[-75.12034,5.27945],[-75.12043,5.2795],[-75.12054,5.2795],[-75.12063,5.27945],[-75.12065,5.27936],[-75.12065,5.27925],[-75.12065,5.27914],[-75.12065,5.27903],[-75.12065,5.27889],[-75.12065,5.27878],[-75.12067,5.27869],[-75.12071,5.2786],[-75.1208,5.27856],[-75.12089,5.27853],[-75.12096,5.2786],[-75.121,5.27869],[-75.12106,5.27874],[-75.12106,5.27874],[-75.12124,5.2788]]]},"properties":{"OBJECTID_12":40,"OBJECTID_1":52,"OBJECTID":0,"MUNICIPIO":"Manzanares","CODIGO":" ","ZONIFICACI":"Zona de restauración","SUBZONA":" ","SIMB":"ZR","AREA_HAS":31.4371169066,"NOMBRE":"CERRO GUADALUPE","Shape_Leng":6083.19894517,"Shape_Length":6081.480703051574,"Shape_Area":314193.4706120172}},{"type":"Feature","id":41,"geometry":{"type":"Polygon","coordinates":[[[-75.11325,5.27961],[-75.11334,5.27964],[-75.11343,5.2797],[-75.11348,5.27975],[-75.11339,5.27866],[-75.11337,5.27865],[-75.11328,5.27859],[-75.11322,5.2785],[-75.11319,5.27841],[-75.11316,5.27832],[-75.11316,5.2782],[-75.11316,5.27808],[-75.11316,5.27796],[-75.11316,5.27784],[-75.11322,5.27775],[-75.11331,5.27769],[-75.11327,5.27717],[-75.11326,5.27717],[-75.11303,5.27701],[-75.113,5.27699],[-75.11283,5.2769],[-75.11282,5.27692],[-75.11281,5.27696],[-75.1128,5.27699],[-75.1128,5.27699],[-75.1128,5.27703],[-75.11302,5.2796],[-75.11305,5.27958],[-75.11316,5.27958],[-75.11325,5.27961]]]},"properties":{"OBJECTID_12":41,"OBJECTID_1":53,"OBJECTID":0,"MUNICIPIO":"Manzanares","CODIGO":" ","ZONIFICACI":"Zona de restauración","SUBZONA":" ","SIMB":"ZR","AREA_HAS":1.2612563874,"NOMBRE":"CERRO GUADALUPE","Shape_Leng":717.531911571,"Shape_Length":717.3268715790634,"Shape_Area":12605.374581803504}},{"type":"Feature","id":42,"geometry":{"type":"Polygon","coordinates":[[[-75.11072,5.27519],[-75.11071,5.27523],[-75.1107,5.27526],[-75.1107,5.2753],[-75.1107,5.27533],[-75.11071,5.27536],[-75.11071,5.27539],[-75.11106,5.27644],[-75.11107,5.27644],[-75.11107,5.27646],[-75.11147,5.27733],[-75.11179,5.27803],[-75.11181,5.2781],[-75.11191,5.27846],[-75.11191,5.2788],[-75.11191,5.27973],[-75.11191,5.27976],[-75.11192,5.2798],[-75.11194,5.27983],[-75.11196,5.27987],[-75.11198,5.27989],[-75.11201,5.27992],[-75.11205,5.27993],[-75.11208,5.27995],[-75.11212,5.27995],[-75.11216,5.27995],[-75.11216,5.27995],[-75.11219,5.27994],[-75.11223,5.27993],[-75.11226,5.27991],[-75.11229,5.27989],[-75.11232,5.27986],[-75.11234,5.27983],[-75.11235,5.2798],[-75.11236,5.27976],[-75.11236,5.27973],[-75.11236,5.27843],[-75.11236,5.27839],[-75.11235,5.27837],[-75.11223,5.27789],[-75.11222,5.27787],[-75.11221,5.27786],[-75.11197,5.27734],[-75.11149,5.27628],[-75.11125,5.27558],[-75.11125,5.27558],[-75.11119,5.27551],[-75.11116,5.27548],[-75.11116,5.27547],[-75.11113,5.27542],[-75.1111,5.27539],[-75.11074,5.27518],[-75.11073,5.27517],[-75.11072,5.27519]]]},"properties":{"OBJECTID_12":42,"OBJECTID_1":54,"OBJECTID":0,"MUNICIPIO":"Manzanares","CODIGO":" ","ZONIFICACI":"Zona de restauración","SUBZONA":" ","SIMB":"ZR","AREA_HAS":2.6669984285,"NOMBRE":"CERRO GUADALUPE","Shape_Leng":1165.38653745,"Shape_Length":1165.0533182126264,"Shape_Area":26654.74270466421}},{"type":"Feature","id":43,"geometry":{"type":"Polygon","coordinates":[[[-75.13904,5.28047],[-75.13909,5.28049],[-75.13924,5.28049],[-75.13936,5.28049],[-75.13948,5.28049],[-75.13956,5.28049],[-75.13993,5.27986],[-75.14018,5.27978],[-75.14138,5.27971],[-75.14141,5.27968],[-75.1415,5.27965],[-75.14162,5.27962],[-75.14171,5.27959],[-75.14186,5.27959],[-75.14195,5.27962],[-75.14207,5.27962],[-75.14219,5.27962],[-75.14231,5.27962],[-75.14246,5.27962],[-75.14258,5.27962],[-75.1427,5.27962],[-75.14273,5.27953],[-75.14282,5.27947],[-75.14288,5.27938],[-75.14291,5.27938],[-75.14284,5.27929],[-75.14282,5.27926],[-75.14279,5.27924],[-75.14276,5.27922],[-75.14272,5.2792],[-75.14269,5.2792],[-75.14265,5.27919],[-75.14012,5.27933],[-75.14009,5.27933],[-75.14005,5.27934],[-75.1397,5.27947],[-75.13967,5.27948],[-75.13964,5.2795],[-75.13961,5.27953],[-75.13959,5.27956],[-75.13904,5.28047]]]},"properties":{"OBJECTID_12":43,"OBJECTID_1":55,"OBJECTID":0,"MUNICIPIO":"Manzanares","CODIGO":" ","ZONIFICACI":"Zona de restauración","SUBZONA":" ","SIMB":"ZR","AREA_HAS":2.10961408418,"NOMBRE":"CERRO GUADALUPE","Shape_Leng":989.358600421,"Shape_Length":989.0849680645133,"Shape_Area":21084.482747583377}},{"type":"Feature","id":44,"geometry":{"type":"Polygon","coordinates":[[[-75.10628,5.28512],[-75.10624,5.28514],[-75.10613,5.28522],[-75.10632,5.28531],[-75.10657,5.28541],[-75.10658,5.2854],[-75.10686,5.28516],[-75.10707,5.28507],[-75.10794,5.28506],[-75.10857,5.28506],[-75.10861,5.28506],[-75.10863,5.28506],[-75.10921,5.28491],[-75.10967,5.28499],[-75.1097,5.285],[-75.10974,5.285],[-75.10977,5.28499],[-75.10986,5.28496],[-75.10999,5.28492],[-75.11002,5.28492],[-75.11004,5.2849],[-75.11006,5.28489],[-75.11052,5.28456],[-75.11054,5.28454],[-75.11056,5.28452],[-75.11058,5.2845],[-75.11091,5.28408],[-75.11172,5.28347],[-75.11196,5.28335],[-75.11199,5.28334],[-75.11201,5.28332],[-75.11203,5.2833],[-75.11238,5.28288],[-75.1124,5.28286],[-75.11241,5.28284],[-75.11242,5.28281],[-75.11255,5.2824],[-75.11313,5.28197],[-75.11316,5.28194],[-75.11318,5.28191],[-75.1132,5.28188],[-75.11321,5.28184],[-75.11322,5.28181],[-75.11322,5.28177],[-75.11321,5.28173],[-75.1132,5.2817],[-75.11319,5.28166],[-75.11316,5.28164],[-75.11314,5.28161],[-75.11311,5.28159],[-75.11307,5.28157],[-75.11304,5.28156],[-75.113,5.28156],[-75.11296,5.28156],[-75.11292,5.28157],[-75.11289,5.28158],[-75.11286,5.2816],[-75.11223,5.28208],[-75.1122,5.2821],[-75.11218,5.28213],[-75.11216,5.28216],[-75.11215,5.28219],[-75.11201,5.28263],[-75.11172,5.28297],[-75.1115,5.28308],[-75.11149,5.28308],[-75.11147,5.2831],[-75.11062,5.28373],[-75.11059,5.28375],[-75.11057,5.28377],[-75.11025,5.28419],[-75.11022,5.28422],[-75.10983,5.2845],[-75.1097,5.28454],[-75.10947,5.2845],[-75.10924,5.28445],[-75.10921,5.28445],[-75.10918,5.28445],[-75.10915,5.28446],[-75.10854,5.28461],[-75.10794,5.28461],[-75.10741,5.28461],[-75.10749,5.28437],[-75.1075,5.28434],[-75.1075,5.2843],[-75.1075,5.28426],[-75.10737,5.28354],[-75.10746,5.28287],[-75.10747,5.28284],[-75.10746,5.28269],[-75.10746,5.28237],[-75.10775,5.28191],[-75.10775,5.28191],[-75.10776,5.2819],[-75.10798,5.28145],[-75.10799,5.28142],[-75.108,5.28138],[-75.108,5.28135],[-75.108,5.28029],[-75.10817,5.27992],[-75.10818,5.27989],[-75.10819,5.27986],[-75.10825,5.27942],[-75.10825,5.27938],[-75.10825,5.27934],[-75.10823,5.2793],[-75.10822,5.27927],[-75.10819,5.27924],[-75.10817,5.27921],[-75.10813,5.27919],[-75.1081,5.27917],[-75.10806,5.27916],[-75.10802,5.27916],[-75.10799,5.27916],[-75.10795,5.27917],[-75.10792,5.27918],[-75.10789,5.2792],[-75.10786,5.27923],[-75.10784,5.27925],[-75.10782,5.27928],[-75.10781,5.27932],[-75.1078,5.27935],[-75.10774,5.27976],[-75.10757,5.28015],[-75.10756,5.28018],[-75.10755,5.28021],[-75.10755,5.28024],[-75.10755,5.2813],[-75.10736,5.28168],[-75.10705,5.28218],[-75.10703,5.28221],[-75.10702,5.28224],[-75.10702,5.28227],[-75.10701,5.2823],[-75.10701,5.28236],[-75.10701,5.28283],[-75.10692,5.28351],[-75.10692,5.28354],[-75.10692,5.28358],[-75.10704,5.28428],[-75.10697,5.28449],[-75.10687,5.28466],[-75.10687,5.28466],[-75.10665,5.28476],[-75.10664,5.28476],[-75.10662,5.28477],[-75.10661,5.28478],[-75.1066,5.28479],[-75.10659,5.28479],[-75.10637,5.28498],[-75.10628,5.28512]]]},"properties":{"OBJECTID_12":44,"OBJECTID_1":56,"OBJECTID":0,"MUNICIPIO":"Manzanares","CODIGO":" ","ZONIFICACI":"Zona de restauración","SUBZONA":" ","SIMB":"ZR","AREA_HAS":7.6987318728,"NOMBRE":"CERRO GUADALUPE","Shape_Leng":3157.98095154,"Shape_Length":3157.075260644152,"Shape_Area":76943.19393613993}},{"type":"Feature","id":45,"geometry":{"type":"Polygon","coordinates":[[[-75.14295,5.28556],[-75.14307,5.28559],[-75.14316,5.28565],[-75.14321,5.28573],[-75.14346,5.28566],[-75.14348,5.28566],[-75.14351,5.28564],[-75.14451,5.28506],[-75.14568,5.28491],[-75.14696,5.285],[-75.14697,5.285],[-75.14728,5.285],[-75.14757,5.285],[-75.14761,5.28499],[-75.14765,5.28498],[-75.14765,5.28498],[-75.14774,5.28495],[-75.14898,5.28451],[-75.14899,5.2845],[-75.14916,5.28443],[-75.1492,5.28441],[-75.14921,5.2844],[-75.1492,5.2844],[-75.14916,5.28438],[-75.14914,5.28436],[-75.1491,5.28432],[-75.14908,5.28429],[-75.14908,5.28425],[-75.14908,5.2842],[-75.14908,5.2842],[-75.14907,5.28417],[-75.14906,5.28416],[-75.14903,5.28413],[-75.14895,5.28408],[-75.14889,5.28405],[-75.14882,5.28408],[-75.14753,5.28454],[-75.14698,5.28455],[-75.14569,5.28445],[-75.14567,5.28445],[-75.14565,5.28445],[-75.14441,5.28462],[-75.14438,5.28462],[-75.14435,5.28463],[-75.14433,5.28464],[-75.14419,5.28472],[-75.14331,5.28523],[-75.14261,5.28542],[-75.14258,5.28543],[-75.14254,5.28545],[-75.14251,5.28547],[-75.14249,5.2855],[-75.14248,5.28551],[-75.14257,5.28554],[-75.14274,5.28554],[-75.14286,5.28553],[-75.14295,5.28556]]]},"properties":{"OBJECTID_12":45,"OBJECTID_1":57,"OBJECTID":0,"MUNICIPIO":"Manzanares","CODIGO":" ","ZONIFICACI":"Zona de restauración","SUBZONA":" ","SIMB":"ZR","AREA_HAS":3.58133158836,"NOMBRE":"CERRO GUADALUPE","Shape_Leng":1587.09776706,"Shape_Length":1586.6617735895675,"Shape_Area":35793.63870048652}},{"type":"Feature","id":46,"geometry":{"type":"Polygon","coordinates":[[[-75.12356,5.2862],[-75.12368,5.28623],[-75.12377,5.28628],[-75.12377,5.28626],[-75.12382,5.28617],[-75.12389,5.28609],[-75.12398,5.28602],[-75.12401,5.286],[-75.12356,5.28595],[-75.12353,5.28595],[-75.1235,5.28595],[-75.12271,5.28608],[-75.12279,5.28611],[-75.12291,5.28614],[-75.123,5.28617],[-75.12315,5.28617],[-75.1233,5.28617],[-75.12342,5.28617],[-75.12356,5.2862]]]},"properties":{"OBJECTID_12":46,"OBJECTID_1":58,"OBJECTID":0,"MUNICIPIO":"Manzanares","CODIGO":" ","ZONIFICACI":"Zona de restauración","SUBZONA":" ","SIMB":"ZR","AREA_HAS":0.251544762361,"NOMBRE":"CERRO GUADALUPE","Shape_Leng":307.784861491,"Shape_Length":307.69760616542516,"Shape_Area":2514.029030650373}},{"type":"Feature","id":47,"geometry":{"type":"Polygon","coordinates":[[[-75.10376,5.28775],[-75.10375,5.28776],[-75.10357,5.28798],[-75.1035,5.28807],[-75.10372,5.28818],[-75.10381,5.28825],[-75.10393,5.28834],[-75.10402,5.28818],[-75.10406,5.28813],[-75.10422,5.28792],[-75.10436,5.28778],[-75.10453,5.28761],[-75.10467,5.28751],[-75.10469,5.2875],[-75.10471,5.28737],[-75.10471,5.28733],[-75.1047,5.28729],[-75.10469,5.28726],[-75.10467,5.28723],[-75.10465,5.28719],[-75.10463,5.28718],[-75.10461,5.28721],[-75.10437,5.28747],[-75.1042,5.28759],[-75.10416,5.2876],[-75.10399,5.28763],[-75.10386,5.28758],[-75.10376,5.28775]]]},"properties":{"OBJECTID_12":47,"OBJECTID_1":59,"OBJECTID":0,"MUNICIPIO":"Manzanares","CODIGO":" ","ZONIFICACI":"Zona de restauración","SUBZONA":" ","SIMB":"ZR","AREA_HAS":0.575949813266,"NOMBRE":"CERRO GUADALUPE","Shape_Leng":396.051223852,"Shape_Length":395.93697034462343,"Shape_Area":5756.171269102762}},{"type":"Feature","id":48,"geometry":{"type":"Polygon","coordinates":[[[-75.10771,5.28866],[-75.10861,5.28868],[-75.10865,5.28867],[-75.10866,5.28867],[-75.10926,5.28854],[-75.10929,5.28854],[-75.10931,5.28853],[-75.10988,5.28824],[-75.10991,5.28822],[-75.10993,5.2882],[-75.10995,5.28818],[-75.11001,5.28812],[-75.11063,5.28735],[-75.11151,5.28676],[-75.11174,5.28661],[-75.11177,5.28658],[-75.11179,5.28655],[-75.11181,5.28652],[-75.11182,5.28649],[-75.11183,5.28645],[-75.11184,5.28641],[-75.11183,5.28638],[-75.11182,5.28634],[-75.11181,5.28631],[-75.11179,5.28628],[-75.11176,5.28625],[-75.11173,5.28623],[-75.1117,5.28621],[-75.11166,5.2862],[-75.11163,5.28619],[-75.11159,5.28619],[-75.11155,5.2862],[-75.11152,5.28621],[-75.1115,5.28622],[-75.11149,5.28623],[-75.11035,5.28699],[-75.11033,5.28701],[-75.1103,5.28704],[-75.10981,5.28764],[-75.10963,5.28786],[-75.10913,5.28811],[-75.10859,5.28823],[-75.10824,5.28822],[-75.10555,5.28817],[-75.10546,5.28827],[-75.10536,5.2883],[-75.10526,5.2883],[-75.10517,5.28832],[-75.10509,5.2884],[-75.10525,5.28861],[-75.10525,5.28863],[-75.10531,5.28862],[-75.10771,5.28866]]]},"properties":{"OBJECTID_12":48,"OBJECTID_1":60,"OBJECTID":0,"MUNICIPIO":"Manzanares","CODIGO":" ","ZONIFICACI":"Zona de restauración","SUBZONA":" ","SIMB":"ZR","AREA_HAS":4.01818852213,"NOMBRE":"CERRO GUADALUPE","Shape_Leng":1705.50116783,"Shape_Length":1705.0117144886103,"Shape_Area":40158.79358015899}},{"type":"Feature","id":49,"geometry":{"type":"Polygon","coordinates":[[[-75.15045,5.28599],[-75.15043,5.28602],[-75.15042,5.28606],[-75.15041,5.2861],[-75.15038,5.28641],[-75.15018,5.28667],[-75.15003,5.2868],[-75.14995,5.28686],[-75.14993,5.28689],[-75.1499,5.28692],[-75.14989,5.28696],[-75.14976,5.28729],[-75.14975,5.28733],[-75.14975,5.28734],[-75.14972,5.28768],[-75.14957,5.28797],[-75.14955,5.28801],[-75.14955,5.28804],[-75.14954,5.28808],[-75.14954,5.28824],[-75.14955,5.28827],[-75.14955,5.28831],[-75.14957,5.28834],[-75.14958,5.28837],[-75.1496,5.28839],[-75.14963,5.28842],[-75.1498,5.28855],[-75.14987,5.28869],[-75.14993,5.28859],[-75.14998,5.2885],[-75.14999,5.2884],[-75.14999,5.28826],[-75.14996,5.28812],[-75.1499,5.28798],[-75.14983,5.28785],[-75.14979,5.28775],[-75.14978,5.28767],[-75.14978,5.28762],[-75.14979,5.28761],[-75.14979,5.28761],[-75.14983,5.28748],[-75.14992,5.28727],[-75.14997,5.28717],[-75.14998,5.28715],[-75.15,5.28711],[-75.15,5.28709],[-75.15002,5.28702],[-75.15002,5.28693],[-75.15005,5.28686],[-75.15006,5.28685],[-75.15008,5.28681],[-75.15008,5.28681],[-75.15011,5.28678],[-75.15017,5.28672],[-75.15024,5.28666],[-75.15029,5.28662],[-75.15031,5.2866],[-75.15035,5.28655],[-75.15038,5.28646],[-75.1504,5.28633],[-75.15043,5.28619],[-75.15048,5.2861],[-75.15051,5.28606],[-75.15047,5.28602],[-75.15046,5.28599],[-75.15045,5.28599]]]},"properties":{"OBJECTID_12":49,"OBJECTID_1":61,"OBJECTID":0,"MUNICIPIO":"Manzanares","CODIGO":" ","ZONIFICACI":"Zona de restauración","SUBZONA":" ","SIMB":"ZR","AREA_HAS":0.519375972903,"NOMBRE":"CERRO GUADALUPE","Shape_Leng":676.010150538,"Shape_Length":675.8254298512287,"Shape_Area":5190.907732857398}},{"type":"Feature","id":50,"geometry":{"type":"Polygon","coordinates":[[[-75.1273,5.28921],[-75.12742,5.28927],[-75.12754,5.28927],[-75.12769,5.28927],[-75.12784,5.28927],[-75.12795,5.28927],[-75.12807,5.28927],[-75.12819,5.28924],[-75.12831,5.28924],[-75.12852,5.28921],[-75.12873,5.28918],[-75.12897,5.28915],[-75.12912,5.28912],[-75.12924,5.28909],[-75.1293,5.289],[-75.12921,5.28891],[-75.12912,5.28885],[-75.12903,5.28879],[-75.12891,5.2887],[-75.12879,5.28858],[-75.12867,5.28852],[-75.12852,5.28846],[-75.12843,5.28843],[-75.12834,5.2884],[-75.12825,5.28834],[-75.12816,5.28831],[-75.12807,5.28828],[-75.12798,5.28822],[-75.12786,5.28819],[-75.12777,5.28813],[-75.12762,5.28813],[-75.12748,5.2881],[-75.12739,5.28807],[-75.1273,5.28801],[-75.12721,5.28792],[-75.12712,5.2878],[-75.12706,5.28771],[-75.127,5.28763],[-75.12691,5.28754],[-75.12685,5.28745],[-75.12676,5.28739],[-75.12667,5.28736],[-75.12658,5.2873],[-75.12646,5.2873],[-75.12634,5.2873],[-75.12622,5.2873],[-75.12613,5.28727],[-75.12607,5.28718],[-75.12604,5.28709],[-75.12604,5.28694],[-75.12604,5.28682],[-75.1261,5.28673],[-75.12625,5.2867],[-75.12637,5.2867],[-75.12646,5.28667],[-75.12655,5.28664],[-75.12667,5.28664],[-75.12676,5.28658],[-75.12685,5.28652],[-75.12694,5.28649],[-75.12706,5.28649],[-75.12717,5.28649],[-75.12729,5.28649],[-75.12738,5.28655],[-75.1275,5.28655],[-75.12759,5.28661],[-75.12765,5.2867],[-75.12765,5.28682],[-75.12765,5.28694],[-75.12765,5.28706],[-75.12765,5.28718],[-75.12765,5.2873],[-75.12768,5.28738],[-75.12777,5.28733],[-75.12786,5.28727],[-75.12795,5.28715],[-75.12804,5.28703],[-75.12816,5.287],[-75.12831,5.28694],[-75.12843,5.28691],[-75.12852,5.28685],[-75.12855,5.28676],[-75.12858,5.28667],[-75.12858,5.28655],[-75.12861,5.28646],[-75.12864,5.28631],[-75.12864,5.28619],[-75.12864,5.28607],[-75.12864,5.28595],[-75.12861,5.28583],[-75.12861,5.28571],[-75.12852,5.28565],[-75.12846,5.28556],[-75.12837,5.28553],[-75.12828,5.2855],[-75.12819,5.28544],[-75.12819,5.28532],[-75.12822,5.28523],[-75.12825,5.28514],[-75.12831,5.28505],[-75.12837,5.28493],[-75.12839,5.28484],[-75.12845,5.28475],[-75.12857,5.2846],[-75.12866,5.28457],[-75.12875,5.28448],[-75.12878,5.28439],[-75.12887,5.28433],[-75.12896,5.2843],[-75.12905,5.28427],[-75.12914,5.28424],[-75.12923,5.28418],[-75.12926,5.28403],[-75.12923,5.28394],[-75.12911,5.28394],[-75.12899,5.28394],[-75.12887,5.28394],[-75.12878,5.28397],[-75.12869,5.28403],[-75.1286,5.28406],[-75.12851,5.28412],[-75.12842,5.28418],[-75.12833,5.28424],[-75.12824,5.2843],[-75.12816,5.28439],[-75.12804,5.28442],[-75.12792,5.28445],[-75.1278,5.28445],[-75.12768,5.28442],[-75.12756,5.28442],[-75.12756,5.28431],[-75.12756,5.28419],[-75.12759,5.2841],[-75.12768,5.28401],[-75.1278,5.28398],[-75.12789,5.28395],[-75.12798,5.28392],[-75.12807,5.28389],[-75.12815,5.28383],[-75.12824,5.2838],[-75.12833,5.28371],[-75.12842,5.28365],[-75.12851,5.28362],[-75.1286,5.28356],[-75.12866,5.28347],[-75.12875,5.28338],[-75.12881,5.28329],[-75.1289,5.28326],[-75.12902,5.28314],[-75.12911,5.28308],[-75.1292,5.28305],[-75.12932,5.28305],[-75.12944,5.28305],[-75.12956,5.28305],[-75.12967,5.28308],[-75.12979,5.28308],[-75.12991,5.28308],[-75.13003,5.28308],[-75.13015,5.28307],[-75.13027,5.28307],[-75.13039,5.28313],[-75.13054,5.28316],[-75.13063,5.28319],[-75.13075,5.28325],[-75.13084,5.28331],[-75.13096,5.2834],[-75.13105,5.28349],[-75.13114,5.28358],[-75.1312,5.28367],[-75.13129,5.28376],[-75.13135,5.28385],[-75.13147,5.28394],[-75.13159,5.28397],[-75.1317,5.28397],[-75.13182,5.28397],[-75.13191,5.28391],[-75.132,5.28388],[-75.13209,5.28382],[-75.13218,5.28376],[-75.13227,5.2837],[-75.13231,5.28365],[-75.13227,5.28361],[-75.13218,5.28349],[-75.13209,5.2834],[-75.13188,5.28331],[-75.13164,5.28319],[-75.13155,5.28313],[-75.13143,5.28307],[-75.13134,5.28304],[-75.13126,5.28298],[-75.13117,5.28292],[-75.13108,5.28289],[-75.13099,5.28286],[-75.1309,5.2828],[-75.13081,5.28274],[-75.13075,5.28266],[-75.13078,5.28257],[-75.13087,5.28254],[-75.13099,5.28254],[-75.13111,5.28253],[-75.1312,5.28256],[-75.13131,5.28256],[-75.1314,5.28262],[-75.13149,5.28265],[-75.13158,5.28274],[-75.13167,5.2828],[-75.13176,5.28283],[-75.13188,5.28283],[-75.132,5.28283],[-75.13203,5.28274],[-75.132,5.28265],[-75.13194,5.28256],[-75.13185,5.28247],[-75.13179,5.28238],[-75.13173,5.28229],[-75.13164,5.28224],[-75.13161,5.28215],[-75.13155,5.28203],[-75.13152,5.28194],[-75.13149,5.28185],[-75.13146,5.28176],[-75.13143,5.28167],[-75.1314,5.28152],[-75.13134,5.28143],[-75.13128,5.28134],[-75.13125,5.28125],[-75.13119,5.28116],[-75.1311,5.28107],[-75.13107,5.28098],[-75.13101,5.28089],[-75.13098,5.2808],[-75.13095,5.28071],[-75.13089,5.28062],[-75.13086,5.28053],[-75.13077,5.28044],[-75.13071,5.28035],[-75.13065,5.28026],[-75.13062,5.28014],[-75.13059,5.28002],[-75.13056,5.27993],[-75.1305,5.27984],[-75.13044,5.27976],[-75.13041,5.27967],[-75.13038,5.27958],[-75.13029,5.27952],[-75.13021,5.27949],[-75.13012,5.27943],[-75.13003,5.27937],[-75.12994,5.27931],[-75.12985,5.27922],[-75.12982,5.2791],[-75.12979,5.27898],[-75.12979,5.27886],[-75.12976,5.27877],[-75.12973,5.27868],[-75.12967,5.27859],[-75.12955,5.27853],[-75.12943,5.27853],[-75.12928,5.27853],[-75.12913,5.27853],[-75.12898,5.27853],[-75.12889,5.27856],[-75.12889,5.27856],[-75.12896,5.27872],[-75.12896,5.27888],[-75.12896,5.2791],[-75.12891,5.27927],[-75.12886,5.27936],[-75.12879,5.27941],[-75.12858,5.27944],[-75.12808,5.27948],[-75.12783,5.27949],[-75.12786,5.27956],[-75.12793,5.27963],[-75.12805,5.2797],[-75.12813,5.27977],[-75.1282,5.27987],[-75.12825,5.27999],[-75.12825,5.28008],[-75.12827,5.28018],[-75.12827,5.28027],[-75.12825,5.28039],[-75.1282,5.28051],[-75.12815,5.28061],[-75.12808,5.28073],[-75.12803,5.28082],[-75.12794,5.28087],[-75.12784,5.28094],[-75.12775,5.28102],[-75.12765,5.28111],[-75.12758,5.28121],[-75.12746,5.2813],[-75.12741,5.2814],[-75.12737,5.28149],[-75.12734,5.28161],[-75.12732,5.28171],[-75.12729,5.28181],[-75.12722,5.2819],[-75.12713,5.28197],[-75.12706,5.28207],[-75.12696,5.28214],[-75.12689,5.28221],[-75.12684,5.28231],[-75.12679,5.2824],[-75.12677,5.2825],[-75.12672,5.2826],[-75.1267,5.28269],[-75.12668,5.28279],[-75.12663,5.28288],[-75.12658,5.28298],[-75.12651,5.28305],[-75.12644,5.28312],[-75.12637,5.28319],[-75.12629,5.28327],[-75.12622,5.28336],[-75.12615,5.28343],[-75.12608,5.28353],[-75.12601,5.2836],[-75.12594,5.2837],[-75.12587,5.28379],[-75.12582,5.28389],[-75.12577,5.28399],[-75.12572,5.28408],[-75.12565,5.28415],[-75.12563,5.28425],[-75.12558,5.28434],[-75.12556,5.28444],[-75.12553,5.28454],[-75.12551,5.28463],[-75.12549,5.28473],[-75.12549,5.28482],[-75.12544,5.28492],[-75.12544,5.28501],[-75.12541,5.28511],[-75.12537,5.28521],[-75.12534,5.2853],[-75.12532,5.2854],[-75.12525,5.28549],[-75.1252,5.28559],[-75.12515,5.28568],[-75.12513,5.2858],[-75.12508,5.28592],[-75.12503,5.28602],[-75.12503,5.28612],[-75.12503,5.28618],[-75.12503,5.28621],[-75.12506,5.28631],[-75.12506,5.2864],[-75.12506,5.2865],[-75.12501,5.28659],[-75.125,5.28665],[-75.12499,5.28669],[-75.12494,5.28679],[-75.1249,5.28688],[-75.12491,5.28688],[-75.12497,5.287],[-75.12506,5.28709],[-75.12509,5.28721],[-75.12506,5.2873],[-75.12497,5.28739],[-75.12488,5.28745],[-75.12479,5.28754],[-75.12473,5.28763],[-75.12473,5.28775],[-75.12482,5.28781],[-75.12491,5.2879],[-75.125,5.28796],[-75.12506,5.28805],[-75.12515,5.28811],[-75.12524,5.28817],[-75.12533,5.28823],[-75.12542,5.28832],[-75.12542,5.28844],[-75.12542,5.28856],[-75.12545,5.28864],[-75.12551,5.28873],[-75.1256,5.28882],[-75.12569,5.28894],[-75.12581,5.28897],[-75.1259,5.28894],[-75.12593,5.28885],[-75.12593,5.28873],[-75.12593,5.28861],[-75.12587,5.28849],[-75.12584,5.2884],[-75.12581,5.28832],[-75.12575,5.28823],[-75.12572,5.28814],[-75.12566,5.28805],[-75.12563,5.28796],[-75.12563,5.28784],[-75.1256,5.28772],[-75.12557,5.2876],[-75.12557,5.28748],[-75.12559,5.28739],[-75.12571,5.28739],[-75.1258,5.28742],[-75.12589,5.28745],[-75.12598,5.28754],[-75.12598,5.28766],[-75.12601,5.28778],[-75.12601,5.2879],[-75.12601,5.28802],[-75.12607,5.28811],[-75.12616,5.28819],[-75.12619,5.28828],[-75.12628,5.28834],[-75.12634,5.28843],[-75.12637,5.28852],[-75.1264,5.28861],[-75.12643,5.2887],[-75.12652,5.28876],[-75.12658,5.28885],[-75.1267,5.28894],[-75.12679,5.289],[-75.12688,5.28906],[-75.12697,5.28912],[-75.12709,5.28915],[-75.12721,5.28915],[-75.1273,5.28921]]]},"properties":{"OBJECTID_12":50,"OBJECTID_1":62,"OBJECTID":0,"MUNICIPIO":"Manzanares","CODIGO":" ","ZONIFICACI":"Zona de restauración","SUBZONA":" ","SIMB":"ZR","AREA_HAS":37.4371529116,"NOMBRE":"CERRO GUADALUPE","Shape_Leng":5335.82795188,"Shape_Length":5334.331697464776,"Shape_Area":374161.5485777592}},{"type":"Feature","id":51,"geometry":{"type":"Polygon","coordinates":[[[-75.14883,5.28958],[-75.14905,5.28985],[-75.14891,5.29007],[-75.149,5.29005],[-75.14902,5.29003],[-75.14915,5.28997],[-75.14937,5.28979],[-75.14944,5.2897],[-75.14946,5.28962],[-75.14945,5.28943],[-75.14946,5.28927],[-75.14949,5.28918],[-75.14951,5.28915],[-75.14947,5.28918],[-75.14945,5.2892],[-75.14943,5.28923],[-75.14941,5.28925],[-75.1493,5.28944],[-75.14914,5.28925],[-75.14912,5.28923],[-75.1491,5.28921],[-75.14908,5.2892],[-75.1486,5.28895],[-75.14857,5.28893],[-75.14853,5.28892],[-75.14655,5.28862],[-75.14592,5.28852],[-75.1458,5.28844],[-75.14516,5.28762],[-75.14514,5.28759],[-75.14512,5.28757],[-75.14509,5.28756],[-75.14506,5.28754],[-75.14462,5.28739],[-75.14458,5.28738],[-75.14455,5.28737],[-75.14338,5.28731],[-75.14309,5.28722],[-75.14238,5.28701],[-75.14162,5.28665],[-75.14122,5.28637],[-75.1412,5.28636],[-75.14118,5.28635],[-75.14076,5.28617],[-75.13922,5.28494],[-75.13822,5.28379],[-75.13815,5.28381],[-75.13803,5.28381],[-75.13791,5.28381],[-75.13779,5.28381],[-75.1377,5.28375],[-75.13758,5.28372],[-75.13746,5.28372],[-75.1374,5.28372],[-75.13763,5.28381],[-75.13889,5.28525],[-75.13892,5.28528],[-75.13892,5.28528],[-75.13894,5.28529],[-75.13896,5.2853],[-75.13896,5.28531],[-75.14051,5.28654],[-75.14054,5.28656],[-75.14056,5.28658],[-75.14098,5.28676],[-75.14137,5.28703],[-75.14139,5.28704],[-75.14141,5.28705],[-75.1422,5.28743],[-75.14222,5.28743],[-75.14223,5.28744],[-75.14256,5.28754],[-75.1426,5.28754],[-75.14272,5.28754],[-75.14284,5.28754],[-75.14296,5.28751],[-75.14308,5.28751],[-75.14314,5.28751],[-75.1432,5.28753],[-75.14331,5.28753],[-75.14342,5.28753],[-75.14353,5.28753],[-75.14362,5.28755],[-75.14371,5.28758],[-75.1438,5.28762],[-75.14389,5.28767],[-75.14398,5.28773],[-75.14405,5.2878],[-75.1445,5.28782],[-75.14485,5.28795],[-75.14547,5.28875],[-75.1455,5.28878],[-75.14552,5.2888],[-75.14571,5.28893],[-75.14574,5.28894],[-75.14577,5.28895],[-75.1458,5.28896],[-75.14653,5.28907],[-75.14843,5.28936],[-75.14883,5.28958]]]},"properties":{"OBJECTID_12":51,"OBJECTID_1":63,"OBJECTID":0,"MUNICIPIO":"Manzanares","CODIGO":" ","ZONIFICACI":"Zona de restauración","SUBZONA":" ","SIMB":"ZR","AREA_HAS":7.26941286031,"NOMBRE":"CERRO GUADALUPE","Shape_Leng":3265.43024712,"Shape_Length":3264.530608265104,"Shape_Area":72654.09962060838}},{"type":"Feature","id":52,"geometry":{"type":"Polygon","coordinates":[[[-75.14846,5.29057],[-75.14844,5.2906],[-75.14842,5.29063],[-75.1484,5.29066],[-75.14839,5.2907],[-75.14839,5.29074],[-75.14839,5.29082],[-75.14836,5.29091],[-75.14835,5.29095],[-75.14835,5.29099],[-75.14835,5.291],[-75.14795,5.29115],[-75.14793,5.29116],[-75.14785,5.2912],[-75.14782,5.29122],[-75.14774,5.29122],[-75.14758,5.29122],[-75.14745,5.29122],[-75.14742,5.29122],[-75.14739,5.29123],[-75.14735,5.29124],[-75.14727,5.29128],[-75.1472,5.29132],[-75.14709,5.29135],[-75.14706,5.29137],[-75.14704,5.29138],[-75.14701,5.2914],[-75.14699,5.29143],[-75.14689,5.29155],[-75.14697,5.29153],[-75.14718,5.29148],[-75.14769,5.29135],[-75.1477,5.29135],[-75.1478,5.29131],[-75.14794,5.29124],[-75.14813,5.29114],[-75.14816,5.29113],[-75.14817,5.29112],[-75.14827,5.29105],[-75.14838,5.29098],[-75.14848,5.29089],[-75.1486,5.29076],[-75.14862,5.29071],[-75.14863,5.29067],[-75.14863,5.29058],[-75.14862,5.29044],[-75.14862,5.29042],[-75.14846,5.29057]]]},"properties":{"OBJECTID_12":52,"OBJECTID_1":64,"OBJECTID":0,"MUNICIPIO":"Manzanares","CODIGO":" ","ZONIFICACI":"Zona de restauración","SUBZONA":" ","SIMB":"ZR","AREA_HAS":0.298582774483,"NOMBRE":"CERRO GUADALUPE","Shape_Leng":503.264281467,"Shape_Length":503.12663522180986,"Shape_Area":2984.1982337931317}},{"type":"Feature","id":53,"geometry":{"type":"Polygon","coordinates":[[[-75.14266,5.29286],[-75.14275,5.29292],[-75.14284,5.29298],[-75.14296,5.29298],[-75.14308,5.29298],[-75.1432,5.29298],[-75.14332,5.29298],[-75.14336,5.29297],[-75.14336,5.2929],[-75.14339,5.29281],[-75.14347,5.29274],[-75.14356,5.29268],[-75.14365,5.29263],[-75.14374,5.29254],[-75.14376,5.29245],[-75.14379,5.29236],[-75.14383,5.29227],[-75.14387,5.29216],[-75.14396,5.29207],[-75.14403,5.292],[-75.14412,5.29203],[-75.14421,5.29205],[-75.1443,5.29209],[-75.14439,5.29216],[-75.1445,5.29221],[-75.14461,5.2922],[-75.1447,5.29218],[-75.14479,5.29212],[-75.14483,5.29203],[-75.14486,5.29191],[-75.14483,5.2918],[-75.14477,5.29173],[-75.14468,5.29167],[-75.14459,5.2916],[-75.1445,5.29158],[-75.14441,5.29153],[-75.14432,5.29151],[-75.14423,5.29147],[-75.14423,5.29136],[-75.14423,5.29124],[-75.14427,5.29115],[-75.14434,5.29109],[-75.14441,5.29102],[-75.1445,5.291],[-75.14459,5.29095],[-75.1447,5.29095],[-75.14481,5.29095],[-75.14492,5.29095],[-75.14501,5.29093],[-75.14508,5.29086],[-75.14508,5.29075],[-75.14508,5.29064],[-75.14505,5.29055],[-75.14505,5.29041],[-75.14505,5.2903],[-75.1451,5.29021],[-75.14519,5.29017],[-75.1453,5.29017],[-75.14541,5.29017],[-75.1455,5.29019],[-75.14561,5.29019],[-75.14575,5.29019],[-75.14588,5.29019],[-75.14595,5.29012],[-75.14601,5.29006],[-75.14606,5.28997],[-75.14608,5.28988],[-75.1461,5.28986],[-75.14606,5.28984],[-75.14597,5.28975],[-75.14588,5.28969],[-75.14579,5.28966],[-75.14568,5.28966],[-75.14556,5.28966],[-75.14544,5.28966],[-75.14532,5.28966],[-75.1452,5.28966],[-75.14508,5.28966],[-75.14496,5.28966],[-75.14484,5.28966],[-75.14472,5.28966],[-75.14457,5.28966],[-75.14445,5.28966],[-75.14436,5.28963],[-75.14424,5.2896],[-75.14412,5.2896],[-75.14403,5.28957],[-75.14391,5.28954],[-75.14383,5.28948],[-75.14374,5.28945],[-75.14362,5.28945],[-75.1435,5.28945],[-75.14341,5.28942],[-75.14326,5.28939],[-75.14317,5.28936],[-75.14302,5.28933],[-75.14287,5.28933],[-75.14278,5.2893],[-75.14266,5.28927],[-75.14254,5.28921],[-75.14245,5.28918],[-75.14236,5.28912],[-75.14227,5.28909],[-75.14218,5.28903],[-75.14206,5.28898],[-75.14197,5.28889],[-75.14186,5.28883],[-75.14177,5.2888],[-75.14168,5.28877],[-75.14159,5.28868],[-75.14147,5.28865],[-75.14123,5.28859],[-75.14103,5.28856],[-75.14107,5.28862],[-75.14107,5.28874],[-75.14107,5.28886],[-75.14101,5.28895],[-75.14092,5.28901],[-75.14083,5.28904],[-75.14074,5.28907],[-75.14063,5.28907],[-75.14051,5.28907],[-75.14039,5.28907],[-75.1403,5.28904],[-75.14021,5.28901],[-75.14012,5.28895],[-75.14003,5.28889],[-75.13997,5.2888],[-75.13985,5.28874],[-75.13973,5.28868],[-75.13964,5.28865],[-75.13955,5.28862],[-75.13943,5.28856],[-75.13931,5.28853],[-75.13919,5.28853],[-75.1391,5.28856],[-75.13901,5.28865],[-75.13898,5.28874],[-75.13898,5.28886],[-75.13901,5.28898],[-75.1391,5.28907],[-75.13919,5.28913],[-75.13931,5.28916],[-75.1394,5.28922],[-75.13949,5.28925],[-75.13958,5.28931],[-75.13967,5.28934],[-75.13976,5.28937],[-75.13988,5.2894],[-75.14,5.2894],[-75.14009,5.28943],[-75.14018,5.28949],[-75.14027,5.28952],[-75.14036,5.28961],[-75.14048,5.28967],[-75.14057,5.28973],[-75.14066,5.28979],[-75.14072,5.28988],[-75.14078,5.28997],[-75.14081,5.29006],[-75.14087,5.29015],[-75.14093,5.29024],[-75.14101,5.2903],[-75.1411,5.29033],[-75.14122,5.29033],[-75.14134,5.29032],[-75.14146,5.29032],[-75.14158,5.29038],[-75.14167,5.29044],[-75.14176,5.2905],[-75.14179,5.29059],[-75.14182,5.29068],[-75.14182,5.2908],[-75.14182,5.29092],[-75.14185,5.29104],[-75.14185,5.29116],[-75.14185,5.29128],[-75.14185,5.2914],[-75.14185,5.29155],[-75.14182,5.29164],[-75.14179,5.29176],[-75.14179,5.29188],[-75.14179,5.292],[-75.14179,5.29212],[-75.14179,5.29224],[-75.14179,5.29236],[-75.14185,5.29245],[-75.14191,5.29254],[-75.14197,5.29263],[-75.142,5.29272],[-75.14209,5.29281],[-75.14221,5.29284],[-75.14233,5.29284],[-75.14245,5.29283],[-75.14257,5.29283],[-75.14266,5.29286]]]},"properties":{"OBJECTID_12":53,"OBJECTID_1":65,"OBJECTID":0,"MUNICIPIO":"Manzanares","CODIGO":" ","ZONIFICACI":"Zona de restauración","SUBZONA":" ","SIMB":"ZR","AREA_HAS":15.7228125687,"NOMBRE":"CERRO GUADALUPE","Shape_Leng":2389.63316769,"Shape_Length":2388.9749615325704,"Shape_Area":157141.45554250933}},{"type":"Feature","id":54,"geometry":{"type":"Polygon","coordinates":[[[-75.1452,5.29525],[-75.14567,5.29553],[-75.14571,5.29554],[-75.14585,5.2956],[-75.14594,5.29589],[-75.14601,5.29578],[-75.14605,5.29564],[-75.14607,5.2955],[-75.14604,5.29544],[-75.14602,5.29529],[-75.14599,5.29511],[-75.14598,5.2951],[-75.14593,5.29494],[-75.14586,5.29478],[-75.14579,5.29467],[-75.14575,5.29453],[-75.14573,5.29436],[-75.14572,5.29431],[-75.1457,5.29425],[-75.1457,5.29427],[-75.1457,5.2946],[-75.1457,5.29463],[-75.14576,5.29506],[-75.14507,5.29466],[-75.14324,5.29359],[-75.14321,5.29358],[-75.14141,5.29282],[-75.14138,5.29281],[-75.14135,5.2928],[-75.14132,5.2928],[-75.14128,5.2928],[-75.14125,5.29281],[-75.14121,5.29283],[-75.14118,5.29285],[-75.14115,5.29288],[-75.14113,5.29291],[-75.14111,5.29294],[-75.1411,5.29298],[-75.1411,5.29302],[-75.1411,5.29306],[-75.14111,5.2931],[-75.14112,5.29313],[-75.14115,5.29316],[-75.14117,5.29319],[-75.1412,5.29322],[-75.14124,5.29323],[-75.14303,5.29399],[-75.1452,5.29525]]]},"properties":{"OBJECTID_12":54,"OBJECTID_1":66,"OBJECTID":0,"MUNICIPIO":"Manzanares","CODIGO":" ","ZONIFICACI":"Zona de restauración","SUBZONA":" ","SIMB":"ZR","AREA_HAS":3.18002936964,"NOMBRE":"CERRO GUADALUPE","Shape_Leng":1513.96355968,"Shape_Length":1513.5470006094683,"Shape_Area":31782.74261573671}},{"type":"Feature","id":55,"geometry":{"type":"Polygon","coordinates":[[[-75.12943,5.29618],[-75.12939,5.29619],[-75.12935,5.29621],[-75.12932,5.29623],[-75.12929,5.29626],[-75.12927,5.29629],[-75.12926,5.29633],[-75.12925,5.29637],[-75.12924,5.29641],[-75.12924,5.29704],[-75.12925,5.29707],[-75.12932,5.29763],[-75.1294,5.29755],[-75.12949,5.29746],[-75.12958,5.29737],[-75.12964,5.29728],[-75.12967,5.29719],[-75.1297,5.2971],[-75.1297,5.29705],[-75.12969,5.29702],[-75.12969,5.29641],[-75.12969,5.29637],[-75.12968,5.29633],[-75.12966,5.29629],[-75.12964,5.29626],[-75.12961,5.29623],[-75.12958,5.29621],[-75.12954,5.29619],[-75.12951,5.29618],[-75.12947,5.29618],[-75.12943,5.29618]]]},"properties":{"OBJECTID_12":55,"OBJECTID_1":67,"OBJECTID":0,"MUNICIPIO":"Manzanares","CODIGO":" ","ZONIFICACI":"Zona de restauración","SUBZONA":" ","SIMB":"ZR","AREA_HAS":0.652377305601,"NOMBRE":"CERRO GUADALUPE","Shape_Leng":363.34106858,"Shape_Length":363.2392999536042,"Shape_Area":6520.120475752523}},{"type":"Feature","id":56,"geometry":{"type":"Polygon","coordinates":[[[-75.11164,5.29897],[-75.11162,5.299],[-75.1116,5.29904],[-75.1116,5.29908],[-75.1116,5.29911],[-75.1116,5.29915],[-75.11161,5.29919],[-75.11163,5.29922],[-75.11165,5.29925],[-75.11168,5.29927],[-75.11171,5.2993],[-75.11174,5.29931],[-75.11178,5.29932],[-75.11182,5.29933],[-75.11185,5.29932],[-75.11189,5.29932],[-75.11192,5.2993],[-75.11196,5.29928],[-75.11198,5.29926],[-75.11201,5.29923],[-75.11255,5.29844],[-75.11257,5.29841],[-75.11258,5.29837],[-75.11259,5.29833],[-75.11259,5.29829],[-75.11258,5.29826],[-75.11257,5.29822],[-75.11255,5.29819],[-75.11254,5.29817],[-75.1125,5.29831],[-75.11246,5.29836],[-75.11225,5.29824],[-75.11216,5.29821],[-75.11164,5.29897]]]},"properties":{"OBJECTID_12":56,"OBJECTID_1":68,"OBJECTID":0,"MUNICIPIO":"Manzanares","CODIGO":" ","ZONIFICACI":"Zona de restauración","SUBZONA":" ","SIMB":"ZR","AREA_HAS":0.649118998346,"NOMBRE":"CERRO GUADALUPE","Shape_Leng":380.428689848,"Shape_Length":380.31980441227773,"Shape_Area":6487.475037292027}},{"type":"Feature","id":57,"geometry":{"type":"Polygon","coordinates":[[[-75.12251,5.29834],[-75.12254,5.29843],[-75.12257,5.29852],[-75.12257,5.29864],[-75.12257,5.29876],[-75.12257,5.29888],[-75.12254,5.29892],[-75.12281,5.29928],[-75.12283,5.29931],[-75.12286,5.29933],[-75.1229,5.29935],[-75.12294,5.29936],[-75.12298,5.29937],[-75.12301,5.29937],[-75.12305,5.29936],[-75.12309,5.29935],[-75.12312,5.29933],[-75.12315,5.2993],[-75.12318,5.29927],[-75.12319,5.29923],[-75.12321,5.2992],[-75.12321,5.29916],[-75.12321,5.29912],[-75.1232,5.29908],[-75.12319,5.29904],[-75.12317,5.29901],[-75.1225,5.29812],[-75.12249,5.29811],[-75.12247,5.29809],[-75.12203,5.29768],[-75.122,5.29766],[-75.12197,5.29764],[-75.12127,5.29732],[-75.12096,5.29718],[-75.12086,5.29708],[-75.12066,5.29662],[-75.12064,5.29659],[-75.12062,5.29656],[-75.1206,5.29653],[-75.12057,5.29651],[-75.12054,5.2965],[-75.12038,5.29643],[-75.12035,5.29643],[-75.12032,5.29642],[-75.12029,5.29642],[-75.12004,5.29642],[-75.12001,5.29642],[-75.11998,5.29643],[-75.11995,5.29644],[-75.11992,5.29645],[-75.11937,5.29679],[-75.11892,5.29696],[-75.11855,5.297],[-75.1186,5.297],[-75.11872,5.297],[-75.11884,5.297],[-75.11896,5.297],[-75.11908,5.297],[-75.1192,5.29703],[-75.11932,5.29703],[-75.11935,5.29712],[-75.11944,5.29718],[-75.11946,5.29724],[-75.11955,5.29721],[-75.11959,5.29719],[-75.11959,5.29719],[-75.12011,5.29687],[-75.12025,5.29687],[-75.12028,5.29688],[-75.12047,5.29731],[-75.12048,5.29733],[-75.1205,5.29735],[-75.12052,5.29737],[-75.12067,5.29753],[-75.12069,5.29755],[-75.12072,5.29757],[-75.12074,5.29758],[-75.12175,5.29804],[-75.12179,5.29808],[-75.122,5.29827],[-75.12209,5.29825],[-75.12221,5.29825],[-75.1223,5.29828],[-75.12242,5.29828],[-75.12251,5.29834]]]},"properties":{"OBJECTID_12":57,"OBJECTID_1":69,"OBJECTID":0,"MUNICIPIO":"Manzanares","CODIGO":" ","ZONIFICACI":"Zona de restauración","SUBZONA":" ","SIMB":"ZR","AREA_HAS":2.64038094269,"NOMBRE":"CERRO GUADALUPE","Shape_Leng":1380.65921863,"Shape_Length":1380.2691148200372,"Shape_Area":26388.867109232615}},{"type":"Feature","id":58,"geometry":{"type":"Polygon","coordinates":[[[-75.13804,5.30082],[-75.13805,5.30083],[-75.13907,5.30109],[-75.13924,5.30132],[-75.13921,5.30127],[-75.13919,5.30121],[-75.13918,5.30111],[-75.13918,5.3011],[-75.13919,5.30097],[-75.1392,5.30086],[-75.13921,5.30085],[-75.13929,5.3007],[-75.13936,5.30058],[-75.13941,5.30054],[-75.13942,5.30053],[-75.13942,5.30052],[-75.13947,5.30049],[-75.13949,5.30047],[-75.13958,5.30037],[-75.13961,5.3003],[-75.13966,5.30015],[-75.13976,5.29996],[-75.13977,5.29995],[-75.13982,5.29989],[-75.13988,5.29984],[-75.13998,5.29979],[-75.14003,5.29978],[-75.1401,5.29978],[-75.14018,5.29977],[-75.14038,5.29976],[-75.14039,5.29976],[-75.14053,5.29977],[-75.14058,5.29976],[-75.14066,5.29975],[-75.14074,5.2997],[-75.14086,5.29961],[-75.14096,5.29956],[-75.141,5.29952],[-75.1411,5.29945],[-75.14112,5.29943],[-75.14134,5.29929],[-75.14135,5.29928],[-75.14146,5.29922],[-75.14146,5.29922],[-75.1415,5.2992],[-75.14151,5.29919],[-75.14155,5.29917],[-75.14164,5.29914],[-75.14171,5.29912],[-75.14185,5.29911],[-75.14197,5.2991],[-75.14207,5.29911],[-75.14212,5.29912],[-75.14216,5.29915],[-75.14221,5.29921],[-75.14222,5.29923],[-75.14224,5.29925],[-75.14226,5.2993],[-75.14226,5.29942],[-75.1423,5.29958],[-75.14241,5.2997],[-75.1425,5.29975],[-75.14258,5.29981],[-75.14265,5.29989],[-75.14276,5.29998],[-75.14281,5.3],[-75.1429,5.30002],[-75.14302,5.29999],[-75.14314,5.29993],[-75.14317,5.2999],[-75.14318,5.29984],[-75.14322,5.29973],[-75.14322,5.29972],[-75.14323,5.29962],[-75.14324,5.29946],[-75.14322,5.29912],[-75.14322,5.29891],[-75.14323,5.2988],[-75.14324,5.2988],[-75.14326,5.29874],[-75.14329,5.29867],[-75.14334,5.29859],[-75.14339,5.29852],[-75.14354,5.29847],[-75.14369,5.29841],[-75.14383,5.2983],[-75.14394,5.29826],[-75.14404,5.29825],[-75.14415,5.29821],[-75.14428,5.2982],[-75.14431,5.2982],[-75.14443,5.29822],[-75.14449,5.29825],[-75.1446,5.29831],[-75.14468,5.29833],[-75.14478,5.29831],[-75.14484,5.29829],[-75.14498,5.29824],[-75.14517,5.29817],[-75.14526,5.29814],[-75.14532,5.29808],[-75.14539,5.29803],[-75.14541,5.29798],[-75.14544,5.29786],[-75.14546,5.2977],[-75.14544,5.29754],[-75.14541,5.29741],[-75.14536,5.29723],[-75.14534,5.29703],[-75.14533,5.29702],[-75.14535,5.29685],[-75.14537,5.29678],[-75.14526,5.29688],[-75.1452,5.29693],[-75.14518,5.29695],[-75.14515,5.29699],[-75.14514,5.29702],[-75.14513,5.29706],[-75.14513,5.2971],[-75.14513,5.2973],[-75.14513,5.29734],[-75.14513,5.29736],[-75.14528,5.29794],[-75.14525,5.298],[-75.14498,5.29801],[-75.1447,5.29799],[-75.14468,5.29799],[-75.14467,5.29799],[-75.14466,5.298],[-75.14464,5.298],[-75.14463,5.298],[-75.14462,5.298],[-75.14446,5.29805],[-75.14445,5.29806],[-75.14445,5.29806],[-75.14445,5.29806],[-75.14426,5.29813],[-75.14383,5.2983],[-75.14355,5.29838],[-75.14352,5.29839],[-75.14348,5.29841],[-75.14345,5.29844],[-75.14325,5.29864],[-75.14323,5.29866],[-75.14303,5.2989],[-75.14301,5.29889],[-75.14298,5.29888],[-75.14295,5.29886],[-75.14292,5.29886],[-75.14238,5.29876],[-75.14235,5.29876],[-75.14232,5.29876],[-75.14172,5.29882],[-75.14171,5.29883],[-75.14168,5.29883],[-75.14128,5.29895],[-75.14116,5.29836],[-75.14108,5.29801],[-75.14108,5.2979],[-75.14108,5.29729],[-75.14108,5.2968],[-75.14108,5.29676],[-75.14108,5.29675],[-75.14095,5.29618],[-75.14094,5.29616],[-75.14075,5.29559],[-75.14074,5.29555],[-75.14072,5.29552],[-75.14069,5.29549],[-75.1406,5.29541],[-75.13933,5.2942],[-75.13932,5.29419],[-75.13931,5.29418],[-75.13865,5.2937],[-75.13803,5.29324],[-75.13725,5.29235],[-75.13723,5.29232],[-75.13722,5.29231],[-75.13684,5.29203],[-75.13681,5.29201],[-75.13677,5.29199],[-75.13674,5.29199],[-75.1367,5.29198],[-75.13666,5.29199],[-75.13663,5.292],[-75.13659,5.29201],[-75.13656,5.29203],[-75.13654,5.29206],[-75.13651,5.29209],[-75.1365,5.29212],[-75.13648,5.29216],[-75.13648,5.29219],[-75.13648,5.29223],[-75.13649,5.29227],[-75.1365,5.2923],[-75.13652,5.29234],[-75.13654,5.29237],[-75.13657,5.29239],[-75.13693,5.29266],[-75.13771,5.29356],[-75.13773,5.29359],[-75.13774,5.29359],[-75.13838,5.29406],[-75.13903,5.29453],[-75.14034,5.29578],[-75.14044,5.29608],[-75.14051,5.29629],[-75.14063,5.29682],[-75.14063,5.29733],[-75.14063,5.29804],[-75.14064,5.29808],[-75.14064,5.29808],[-75.14068,5.29831],[-75.14078,5.29877],[-75.14086,5.29914],[-75.1406,5.29932],[-75.13885,5.29833],[-75.13772,5.29769],[-75.13717,5.29726],[-75.13714,5.29724],[-75.1371,5.29723],[-75.13706,5.29722],[-75.13703,5.29721],[-75.13699,5.29722],[-75.13695,5.29723],[-75.13692,5.29724],[-75.13689,5.29726],[-75.13686,5.29729],[-75.13684,5.29732],[-75.13682,5.29735],[-75.13681,5.29739],[-75.1368,5.29742],[-75.1368,5.29746],[-75.13681,5.2975],[-75.13682,5.29753],[-75.13684,5.29756],[-75.13686,5.29759],[-75.13689,5.29762],[-75.13746,5.29806],[-75.13749,5.29808],[-75.13909,5.29899],[-75.13941,5.29917],[-75.13961,5.29929],[-75.1402,5.29962],[-75.13983,5.29971],[-75.1398,5.29972],[-75.13977,5.29973],[-75.13975,5.29975],[-75.13973,5.29977],[-75.1396,5.29989],[-75.13948,5.30002],[-75.13945,5.30005],[-75.13943,5.30008],[-75.13942,5.30012],[-75.13941,5.30016],[-75.13938,5.30044],[-75.13914,5.30064],[-75.13906,5.30062],[-75.13817,5.30039],[-75.13752,5.30017],[-75.13749,5.30017],[-75.13654,5.29998],[-75.13651,5.29997],[-75.13648,5.29997],[-75.13646,5.29998],[-75.13642,5.29999],[-75.13638,5.3],[-75.13635,5.30003],[-75.13632,5.30005],[-75.1363,5.30009],[-75.13628,5.30012],[-75.13627,5.30016],[-75.13627,5.3002],[-75.13627,5.30024],[-75.13628,5.30027],[-75.13629,5.3003],[-75.13636,5.30032],[-75.13645,5.30035],[-75.13657,5.30038],[-75.13665,5.30046],[-75.13739,5.30061],[-75.13804,5.30082]]]},"properties":{"OBJECTID_12":58,"OBJECTID_1":70,"OBJECTID":0,"MUNICIPIO":"Manzanares","CODIGO":" ","ZONIFICACI":"Zona de restauración","SUBZONA":" ","SIMB":"ZR","AREA_HAS":11.8845554176,"NOMBRE":"CERRO GUADALUPE","Shape_Leng":5659.89228217,"Shape_Length":5658.3270697932885,"Shape_Area":118779.84491615735}},{"type":"Feature","id":59,"geometry":{"type":"Polygon","coordinates":[[[-75.13942,5.30156],[-75.13943,5.30157],[-75.13944,5.30159],[-75.1397,5.30185],[-75.13989,5.30227],[-75.13988,5.30218],[-75.1398,5.30201],[-75.1397,5.30182],[-75.13967,5.30177],[-75.13954,5.30164],[-75.13934,5.30146],[-75.13931,5.30142],[-75.13942,5.30156]]]},"properties":{"OBJECTID_12":59,"OBJECTID_1":71,"OBJECTID":0,"MUNICIPIO":"Manzanares","CODIGO":" ","ZONIFICACI":"Zona de restauración","SUBZONA":" ","SIMB":"ZR","AREA_HAS":0.0246647100229,"NOMBRE":"CERRO GUADALUPE","Shape_Leng":230.892583921,"Shape_Length":230.82870064592944,"Shape_Area":246.50587055985605}},{"type":"Feature","id":60,"geometry":{"type":"Polygon","coordinates":[[[-75.13208,5.30195],[-75.13209,5.302],[-75.13212,5.30212],[-75.13221,5.30221],[-75.13226,5.30229],[-75.13227,5.30227],[-75.13229,5.30224],[-75.13229,5.3022],[-75.1323,5.30216],[-75.13229,5.30212],[-75.13228,5.30209],[-75.13226,5.30206],[-75.13224,5.30203],[-75.13221,5.302],[-75.13218,5.30198],[-75.13215,5.30196],[-75.13211,5.30195],[-75.13208,5.30195],[-75.13208,5.30195]]]},"properties":{"OBJECTID_12":60,"OBJECTID_1":72,"OBJECTID":0,"MUNICIPIO":"Manzanares","CODIGO":" ","ZONIFICACI":"Zona de restauración","SUBZONA":" ","SIMB":"ZR","AREA_HAS":0.0458048387768,"NOMBRE":"CERRO GUADALUPE","Shape_Leng":96.0868318897,"Shape_Length":96.06020363505883,"Shape_Area":457.79508944812426}},{"type":"Feature","id":61,"geometry":{"type":"Polygon","coordinates":[[[-75.13166,5.30236],[-75.13168,5.30236],[-75.13177,5.3023],[-75.13177,5.30222],[-75.13166,5.30236]]]},"properties":{"OBJECTID_12":61,"OBJECTID_1":73,"OBJECTID":0,"MUNICIPIO":"Manzanares","CODIGO":" ","ZONIFICACI":"Zona de restauración","SUBZONA":" ","SIMB":"ZR","AREA_HAS":0.00536479405281,"NOMBRE":"CERRO GUADALUPE","Shape_Leng":42.192047572,"Shape_Length":42.18031953926373,"Shape_Area":53.61932352706179}},{"type":"Feature","id":62,"geometry":{"type":"Polygon","coordinates":[[[-75.1282,5.2907],[-75.12808,5.29079],[-75.12799,5.29085],[-75.1279,5.29088],[-75.12781,5.29091],[-75.12769,5.29091],[-75.12754,5.29091],[-75.12742,5.29091],[-75.1273,5.29091],[-75.12721,5.29094],[-75.12709,5.29094],[-75.127,5.29097],[-75.12688,5.29097],[-75.12676,5.29097],[-75.12665,5.29098],[-75.12653,5.29098],[-75.12644,5.29104],[-75.12638,5.29113],[-75.12635,5.29121],[-75.12632,5.2913],[-75.12632,5.29142],[-75.12629,5.29151],[-75.12626,5.2916],[-75.12626,5.29172],[-75.12623,5.29181],[-75.1262,5.2919],[-75.12617,5.29199],[-75.12617,5.29211],[-75.12617,5.29223],[-75.12617,5.29235],[-75.12617,5.2925],[-75.12617,5.2925],[-75.12617,5.29265],[-75.12617,5.29283],[-75.12617,5.29295],[-75.12614,5.2931],[-75.12614,5.29322],[-75.12611,5.29331],[-75.12611,5.29343],[-75.12608,5.29355],[-75.12605,5.29364],[-75.12605,5.29376],[-75.12602,5.29385],[-75.12602,5.29397],[-75.12602,5.29409],[-75.12599,5.29424],[-75.12596,5.29439],[-75.12594,5.29447],[-75.12591,5.29456],[-75.12588,5.29471],[-75.12582,5.2948],[-75.12579,5.29489],[-75.12576,5.29498],[-75.12573,5.2951],[-75.1257,5.29519],[-75.12567,5.29528],[-75.12564,5.29546],[-75.12561,5.29558],[-75.12558,5.2957],[-75.12552,5.29582],[-75.12546,5.29591],[-75.12543,5.29603],[-75.1254,5.29615],[-75.12537,5.29624],[-75.12534,5.29633],[-75.12531,5.29642],[-75.12531,5.29654],[-75.12531,5.29666],[-75.12531,5.29681],[-75.12528,5.2969],[-75.12522,5.29699],[-75.12516,5.29708],[-75.1251,5.2972],[-75.1251,5.29732],[-75.1251,5.29738],[-75.12516,5.29742],[-75.12525,5.29748],[-75.12531,5.29757],[-75.12535,5.29766],[-75.12535,5.29775],[-75.12528,5.29785],[-75.12525,5.29794],[-75.12522,5.29803],[-75.12519,5.29812],[-75.12519,5.29825],[-75.12519,5.29834],[-75.12516,5.29843],[-75.12516,5.29852],[-75.12516,5.29861],[-75.12516,5.2987],[-75.12513,5.29883],[-75.1251,5.29895],[-75.1251,5.29907],[-75.1251,5.2992],[-75.1251,5.29929],[-75.1251,5.29938],[-75.1251,5.29947],[-75.1251,5.29956],[-75.1251,5.29966],[-75.12513,5.29975],[-75.12517,5.29984],[-75.12523,5.29993],[-75.12529,5.30002],[-75.12532,5.30011],[-75.12538,5.30021],[-75.12541,5.3003],[-75.12544,5.30039],[-75.12547,5.30051],[-75.1255,5.30063],[-75.12556,5.30076],[-75.12556,5.30088],[-75.12556,5.30097],[-75.1256,5.30109],[-75.12563,5.30119],[-75.12566,5.30131],[-75.12572,5.3014],[-75.12575,5.30149],[-75.12578,5.30158],[-75.12581,5.30168],[-75.12584,5.30177],[-75.1259,5.30186],[-75.12593,5.30198],[-75.12593,5.30211],[-75.12599,5.3022],[-75.12599,5.30229],[-75.12603,5.30238],[-75.12609,5.30247],[-75.12615,5.30256],[-75.12621,5.30266],[-75.1263,5.30266],[-75.12642,5.30266],[-75.1265,5.30266],[-75.12652,5.30266],[-75.12658,5.30256],[-75.12661,5.30247],[-75.12664,5.30238],[-75.12664,5.30229],[-75.12664,5.3022],[-75.12664,5.3021],[-75.12664,5.30198],[-75.12664,5.30189],[-75.12664,5.3018],[-75.12664,5.30177],[-75.12664,5.30167],[-75.12664,5.30158],[-75.12664,5.30149],[-75.12664,5.3014],[-75.1267,5.30131],[-75.1267,5.30122],[-75.12676,5.30112],[-75.12679,5.30103],[-75.12685,5.30094],[-75.12691,5.30079],[-75.12694,5.30066],[-75.12694,5.30051],[-75.12694,5.30036],[-75.12694,5.30023],[-75.12694,5.30014],[-75.12694,5.30005],[-75.12694,5.29996],[-75.12697,5.29987],[-75.127,5.29977],[-75.12703,5.29968],[-75.12706,5.29959],[-75.12709,5.2995],[-75.12712,5.29941],[-75.12712,5.29928],[-75.12715,5.29916],[-75.12715,5.29904],[-75.12715,5.29892],[-75.12718,5.29879],[-75.12721,5.29867],[-75.12721,5.29858],[-75.12721,5.29849],[-75.12724,5.2984],[-75.12724,5.2983],[-75.12724,5.29821],[-75.12727,5.29812],[-75.12727,5.29797],[-75.12727,5.29781],[-75.12727,5.29763],[-75.1273,5.29754],[-75.1273,5.29744],[-75.12733,5.29735],[-75.12736,5.29723],[-75.12739,5.29714],[-75.12739,5.29702],[-75.12739,5.29692],[-75.12742,5.29683],[-75.12745,5.29674],[-75.12748,5.29665],[-75.12751,5.29656],[-75.12754,5.29646],[-75.12757,5.29637],[-75.1276,5.29628],[-75.12764,5.29619],[-75.1277,5.2961],[-75.12776,5.296],[-75.12782,5.29591],[-75.12788,5.29582],[-75.12797,5.29576],[-75.12806,5.2957],[-75.12809,5.2956],[-75.12812,5.29551],[-75.12815,5.29542],[-75.12815,5.29533],[-75.12815,5.29524],[-75.12818,5.29515],[-75.12824,5.29505],[-75.12828,5.29496],[-75.12837,5.2949],[-75.12846,5.29484],[-75.12858,5.29481],[-75.1287,5.29475],[-75.12883,5.29472],[-75.12892,5.29465],[-75.12904,5.29459],[-75.12913,5.29453],[-75.12922,5.29447],[-75.12931,5.29444],[-75.12941,5.29438],[-75.1295,5.29435],[-75.12959,5.29435],[-75.12964,5.29431],[-75.12968,5.29428],[-75.12977,5.29425],[-75.12986,5.29422],[-75.12989,5.29413],[-75.12996,5.29404],[-75.12999,5.29395],[-75.13002,5.29386],[-75.13011,5.29376],[-75.1302,5.29361],[-75.1304,5.29327],[-75.13035,5.29321],[-75.13032,5.29312],[-75.13029,5.29303],[-75.13026,5.29291],[-75.13023,5.29282],[-75.13023,5.2927],[-75.1302,5.29261],[-75.13017,5.29252],[-75.13011,5.2924],[-75.13008,5.29226],[-75.13005,5.29214],[-75.13002,5.29202],[-75.12999,5.29193],[-75.12996,5.29181],[-75.12996,5.29169],[-75.1299,5.29154],[-75.1299,5.29142],[-75.12984,5.29133],[-75.12984,5.29118],[-75.12984,5.29106],[-75.12984,5.29091],[-75.12981,5.29082],[-75.12972,5.29073],[-75.1296,5.29067],[-75.12948,5.29067],[-75.12933,5.29067],[-75.12924,5.2907],[-75.12909,5.2907],[-75.129,5.29067],[-75.12888,5.29067],[-75.12876,5.29067],[-75.12864,5.29067],[-75.12852,5.29067],[-75.1284,5.29067],[-75.12829,5.29067],[-75.1282,5.2907]]]},"properties":{"OBJECTID_12":62,"OBJECTID_1":74,"OBJECTID":0,"MUNICIPIO":"Manzanares","CODIGO":" ","ZONIFICACI":"Zona de restauración","SUBZONA":" ","SIMB":"ZR","AREA_HAS":35.7509446055,"NOMBRE":"CERRO GUADALUPE","Shape_Leng":3283.85339138,"Shape_Length":3282.9314121714456,"Shape_Area":357308.6965646805}},{"type":"Feature","id":63,"geometry":{"type":"Polygon","coordinates":[[[-75.1354,5.30327],[-75.1354,5.30329],[-75.13541,5.30328],[-75.13541,5.30324],[-75.1354,5.30327]]]},"properties":{"OBJECTID_12":63,"OBJECTID_1":75,"OBJECTID":0,"MUNICIPIO":"Manzanares","CODIGO":" ","ZONIFICACI":"Zona de restauración","SUBZONA":" ","SIMB":"ZR","AREA_HAS":0.000155339385922,"NOMBRE":"CERRO GUADALUPE","Shape_Leng":11.2741959308,"Shape_Length":11.271123610033158,"Shape_Area":1.5526396915490324}},{"type":"Feature","id":64,"geometry":{"type":"Polygon","coordinates":[[[-75.13524,5.30361],[-75.13521,5.30362],[-75.13517,5.30364],[-75.13514,5.30367],[-75.13513,5.30369],[-75.13512,5.3037],[-75.1351,5.30373],[-75.13509,5.30377],[-75.13508,5.30381],[-75.13508,5.30385],[-75.13509,5.30389],[-75.1351,5.30392],[-75.13512,5.30396],[-75.13515,5.30399],[-75.13518,5.30401],[-75.13521,5.30403],[-75.13525,5.30404],[-75.13544,5.30409],[-75.13538,5.30403],[-75.13535,5.30394],[-75.13532,5.30385],[-75.13529,5.30373],[-75.13523,5.30364],[-75.13522,5.30362],[-75.13525,5.30361],[-75.13524,5.30361]]]},"properties":{"OBJECTID_12":64,"OBJECTID_1":76,"OBJECTID":0,"MUNICIPIO":"Manzanares","CODIGO":" ","ZONIFICACI":"Zona de restauración","SUBZONA":" ","SIMB":"ZR","AREA_HAS":0.103135314197,"NOMBRE":"CERRO GUADALUPE","Shape_Leng":149.28410792,"Shape_Length":149.2425409231845,"Shape_Area":1030.7783458257093}},{"type":"Feature","id":65,"geometry":{"type":"Polygon","coordinates":[[[-75.1398,5.30265],[-75.13966,5.30308],[-75.13952,5.30319],[-75.13901,5.30342],[-75.13899,5.30343],[-75.13898,5.30344],[-75.13844,5.30382],[-75.13841,5.30384],[-75.13839,5.30386],[-75.13837,5.30389],[-75.13836,5.30392],[-75.13819,5.30434],[-75.13818,5.30437],[-75.13818,5.3044],[-75.13816,5.30457],[-75.13816,5.30456],[-75.13836,5.30424],[-75.13841,5.30417],[-75.1385,5.30397],[-75.13861,5.3038],[-75.13869,5.30372],[-75.1388,5.30366],[-75.13901,5.30358],[-75.13912,5.30355],[-75.13918,5.30354],[-75.13934,5.30347],[-75.13952,5.30337],[-75.13952,5.30337],[-75.13972,5.30326],[-75.13986,5.30313],[-75.13991,5.30305],[-75.13992,5.30301],[-75.13992,5.30295],[-75.13992,5.30282],[-75.13989,5.30268],[-75.13988,5.30261],[-75.13989,5.30246],[-75.13989,5.3024],[-75.13989,5.30229],[-75.1398,5.30265]]]},"properties":{"OBJECTID_12":65,"OBJECTID_1":77,"OBJECTID":0,"MUNICIPIO":"Manzanares","CODIGO":" ","ZONIFICACI":"Zona de restauración","SUBZONA":" ","SIMB":"ZR","AREA_HAS":0.479357348002,"NOMBRE":"CERRO GUADALUPE","Shape_Leng":692.778231422,"Shape_Length":692.586180070913,"Shape_Area":4790.915159856147}},{"type":"Feature","id":66,"geometry":{"type":"Polygon","coordinates":[[[-75.11073,5.30397],[-75.11067,5.30404],[-75.11067,5.30404],[-75.11071,5.30406],[-75.11104,5.30421],[-75.11171,5.30482],[-75.11174,5.30484],[-75.11177,5.30486],[-75.11181,5.30487],[-75.11185,5.30487],[-75.11188,5.30487],[-75.11192,5.30487],[-75.11195,5.30486],[-75.11199,5.30484],[-75.11202,5.30481],[-75.11204,5.30479],[-75.11206,5.30475],[-75.11208,5.30472],[-75.11208,5.3047],[-75.11208,5.30468],[-75.11209,5.30465],[-75.11208,5.30461],[-75.11207,5.30457],[-75.11206,5.30454],[-75.11204,5.30451],[-75.11201,5.30448],[-75.11185,5.30434],[-75.11132,5.30385],[-75.11129,5.30383],[-75.11126,5.30381],[-75.11092,5.30366],[-75.11073,5.30397]]]},"properties":{"OBJECTID_12":66,"OBJECTID_1":78,"OBJECTID":0,"MUNICIPIO":"Manzanares","CODIGO":" ","ZONIFICACI":"Zona de restauración","SUBZONA":" ","SIMB":"ZR","AREA_HAS":0.841600685838,"NOMBRE":"CERRO GUADALUPE","Shape_Leng":427.14865188,"Shape_Length":427.0267156023899,"Shape_Area":8411.198372778505}},{"type":"Feature","id":67,"geometry":{"type":"Polygon","coordinates":[[[-75.13725,5.30503],[-75.13727,5.30506],[-75.13748,5.30538],[-75.13752,5.30562],[-75.13752,5.30562],[-75.13752,5.30565],[-75.13757,5.30582],[-75.13761,5.30594],[-75.13772,5.30635],[-75.1377,5.30661],[-75.13774,5.30655],[-75.13779,5.30645],[-75.13782,5.30631],[-75.13783,5.30619],[-75.13782,5.30603],[-75.13779,5.3059],[-75.13779,5.30586],[-75.13778,5.30583],[-75.13778,5.30583],[-75.13773,5.30557],[-75.13773,5.30553],[-75.13772,5.30545],[-75.13773,5.30538],[-75.13779,5.30523],[-75.13792,5.30497],[-75.13793,5.30496],[-75.13793,5.30495],[-75.13778,5.30501],[-75.13774,5.30495],[-75.13788,5.30479],[-75.1379,5.30476],[-75.13791,5.30473],[-75.13793,5.3047],[-75.13793,5.30466],[-75.13793,5.30462],[-75.13792,5.30459],[-75.13791,5.30455],[-75.13789,5.30452],[-75.13787,5.30449],[-75.13785,5.30447],[-75.13781,5.30444],[-75.13807,5.30395],[-75.13826,5.30376],[-75.13828,5.30374],[-75.1383,5.30371],[-75.13831,5.30368],[-75.13832,5.30365],[-75.13832,5.30362],[-75.13836,5.30319],[-75.13836,5.30315],[-75.13835,5.30312],[-75.13834,5.30308],[-75.13833,5.30306],[-75.13832,5.30305],[-75.13829,5.30302],[-75.13827,5.30299],[-75.13823,5.30297],[-75.1382,5.30296],[-75.13785,5.30285],[-75.1375,5.30271],[-75.1374,5.30252],[-75.13738,5.3025],[-75.13736,5.30248],[-75.13734,5.30246],[-75.13731,5.30244],[-75.13673,5.3021],[-75.13672,5.30214],[-75.13672,5.30226],[-75.13675,5.30235],[-75.13678,5.3025],[-75.13679,5.30253],[-75.13678,5.30253],[-75.13669,5.30247],[-75.1366,5.30244],[-75.13645,5.30241],[-75.13636,5.30238],[-75.13634,5.30238],[-75.13635,5.30239],[-75.13638,5.30242],[-75.13641,5.30244],[-75.13692,5.30273],[-75.13704,5.3028],[-75.13712,5.30295],[-75.13715,5.303],[-75.13717,5.30303],[-75.1372,5.30306],[-75.13723,5.30308],[-75.13726,5.3031],[-75.13737,5.30314],[-75.13755,5.30322],[-75.13769,5.30327],[-75.1377,5.30328],[-75.13771,5.30328],[-75.13789,5.30334],[-75.13788,5.3035],[-75.13772,5.30366],[-75.1377,5.30369],[-75.13768,5.30371],[-75.1376,5.30388],[-75.13733,5.30376],[-75.13689,5.30356],[-75.13659,5.30332],[-75.13656,5.3033],[-75.13653,5.30329],[-75.1365,5.30328],[-75.13604,5.30317],[-75.13598,5.30316],[-75.13603,5.30319],[-75.13612,5.30331],[-75.13621,5.30334],[-75.1363,5.3034],[-75.13639,5.30343],[-75.13648,5.30349],[-75.13648,5.30364],[-75.13642,5.30373],[-75.13639,5.30374],[-75.13664,5.30393],[-75.13666,5.30395],[-75.13668,5.30395],[-75.13715,5.30417],[-75.13732,5.30425],[-75.13732,5.30428],[-75.13716,5.30428],[-75.13659,5.30412],[-75.13649,5.30405],[-75.13632,5.30388],[-75.1363,5.30386],[-75.13628,5.30384],[-75.13625,5.30383],[-75.13622,5.30382],[-75.13598,5.30376],[-75.13594,5.30376],[-75.13585,5.30382],[-75.13583,5.30391],[-75.13589,5.304],[-75.13597,5.30403],[-75.13609,5.30406],[-75.13615,5.30415],[-75.13615,5.30427],[-75.13611,5.30431],[-75.13619,5.30438],[-75.1362,5.30439],[-75.13621,5.3044],[-75.13635,5.30451],[-75.13638,5.30452],[-75.1364,5.30453],[-75.13643,5.30454],[-75.13707,5.30472],[-75.13709,5.30473],[-75.13713,5.30473],[-75.13733,5.30473],[-75.13728,5.30479],[-75.13726,5.30482],[-75.13725,5.30485],[-75.13724,5.30488],[-75.13723,5.30492],[-75.13723,5.30496],[-75.13724,5.30499],[-75.13725,5.30503]]]},"properties":{"OBJECTID_12":67,"OBJECTID_1":79,"OBJECTID":0,"MUNICIPIO":"Manzanares","CODIGO":" ","ZONIFICACI":"Zona de restauración","SUBZONA":" ","SIMB":"ZR","AREA_HAS":4.14666971689,"NOMBRE":"CERRO GUADALUPE","Shape_Leng":2097.85326103,"Shape_Length":2097.2710900312836,"Shape_Area":41443.67510254142}},{"type":"Feature","id":68,"geometry":{"type":"Polygon","coordinates":[[[-75.13475,5.30738],[-75.13461,5.30749],[-75.13459,5.30752],[-75.13458,5.30754],[-75.13447,5.30768],[-75.13455,5.30763],[-75.13465,5.30758],[-75.1347,5.30756],[-75.13479,5.30754],[-75.1348,5.30754],[-75.13494,5.30749],[-75.13506,5.30745],[-75.13521,5.30745],[-75.13546,5.30741],[-75.13568,5.30737],[-75.1358,5.30734],[-75.13592,5.30735],[-75.13609,5.30735],[-75.13638,5.30736],[-75.13639,5.30736],[-75.13647,5.30736],[-75.1365,5.30736],[-75.13674,5.30735],[-75.13685,5.30731],[-75.137,5.30725],[-75.13711,5.30718],[-75.13721,5.30705],[-75.13727,5.30695],[-75.13696,5.30703],[-75.13688,5.307],[-75.13688,5.307],[-75.13686,5.30699],[-75.13685,5.30699],[-75.13684,5.30698],[-75.13682,5.30698],[-75.13681,5.30698],[-75.13679,5.30698],[-75.13678,5.30698],[-75.13676,5.30698],[-75.13675,5.30698],[-75.13624,5.30708],[-75.13624,5.30708],[-75.13623,5.30708],[-75.13621,5.30709],[-75.1362,5.30709],[-75.1362,5.30709],[-75.13612,5.30713],[-75.13537,5.30715],[-75.13534,5.30715],[-75.13533,5.30715],[-75.13496,5.30724],[-75.13492,5.30725],[-75.13489,5.30726],[-75.13486,5.30728],[-75.13475,5.30738]]]},"properties":{"OBJECTID_12":68,"OBJECTID_1":80,"OBJECTID":0,"MUNICIPIO":"Manzanares","CODIGO":" ","ZONIFICACI":"Zona de restauración","SUBZONA":" ","SIMB":"ZR","AREA_HAS":0.80815041433,"NOMBRE":"CERRO GUADALUPE","Shape_Leng":668.531837301,"Shape_Length":668.3459468173048,"Shape_Area":8077.002622460164}},{"type":"Feature","id":69,"geometry":{"type":"Polygon","coordinates":[[[-75.11618,5.31102],[-75.11627,5.31097],[-75.11636,5.31094],[-75.11644,5.31093],[-75.11647,5.31092],[-75.11667,5.31093],[-75.1168,5.31092],[-75.11698,5.31094],[-75.11698,5.31094],[-75.11704,5.31095],[-75.11714,5.31095],[-75.11722,5.31094],[-75.11734,5.31091],[-75.11749,5.31086],[-75.1176,5.31079],[-75.11763,5.31075],[-75.11766,5.31068],[-75.11773,5.3105],[-75.11779,5.31033],[-75.11783,5.31024],[-75.11793,5.31011],[-75.11808,5.30997],[-75.11816,5.30991],[-75.11827,5.30987],[-75.11843,5.30982],[-75.1185,5.30979],[-75.11859,5.30972],[-75.11863,5.30964],[-75.11865,5.3096],[-75.1187,5.3095],[-75.1187,5.3095],[-75.11884,5.30937],[-75.11885,5.30936],[-75.11889,5.30934],[-75.11893,5.30931],[-75.11902,5.30927],[-75.11911,5.30926],[-75.11921,5.30927],[-75.11921,5.30927],[-75.11928,5.30929],[-75.11946,5.30936],[-75.11962,5.30942],[-75.11975,5.30945],[-75.11985,5.30949],[-75.11998,5.30954],[-75.12001,5.30955],[-75.12016,5.30959],[-75.12034,5.30965],[-75.1205,5.3097],[-75.12069,5.30972],[-75.12089,5.30972],[-75.1209,5.30972],[-75.12109,5.30973],[-75.1212,5.30973],[-75.12137,5.30971],[-75.12154,5.30967],[-75.12159,5.30963],[-75.12165,5.30956],[-75.12176,5.30938],[-75.1218,5.30933],[-75.1218,5.30932],[-75.12189,5.30926],[-75.12194,5.3092],[-75.12203,5.30917],[-75.1221,5.30917],[-75.12224,5.30917],[-75.12228,5.30918],[-75.12242,5.30922],[-75.12261,5.30922],[-75.12273,5.30922],[-75.12291,5.30922],[-75.123,5.30921],[-75.12307,5.30919],[-75.12311,5.3092],[-75.12317,5.30923],[-75.12322,5.30927],[-75.12327,5.3093],[-75.12332,5.30937],[-75.12336,5.30942],[-75.12336,5.30942],[-75.12343,5.30952],[-75.12362,5.30952],[-75.12373,5.30946],[-75.1238,5.30944],[-75.12384,5.30939],[-75.1239,5.30933],[-75.12393,5.30929],[-75.12402,5.30913],[-75.12411,5.30898],[-75.12425,5.30879],[-75.1244,5.30867],[-75.12448,5.30862],[-75.12459,5.30858],[-75.12471,5.30854],[-75.12484,5.30855],[-75.12499,5.3086],[-75.12507,5.30865],[-75.12519,5.3087],[-75.12536,5.30877],[-75.12537,5.30877],[-75.12551,5.30881],[-75.12568,5.30885],[-75.12575,5.30886],[-75.12585,5.30887],[-75.12598,5.30887],[-75.12615,5.30888],[-75.12623,5.30888],[-75.12646,5.30888],[-75.12657,5.30889],[-75.12668,5.3089],[-75.12686,5.3089],[-75.127,5.30892],[-75.12701,5.30892],[-75.12715,5.30893],[-75.12733,5.30895],[-75.12745,5.30897],[-75.12747,5.30897],[-75.12757,5.30902],[-75.12762,5.30906],[-75.12764,5.30908],[-75.12776,5.30923],[-75.12781,5.30927],[-75.12791,5.30932],[-75.12802,5.30935],[-75.12814,5.30938],[-75.12822,5.30939],[-75.12836,5.30938],[-75.12872,5.30935],[-75.12904,5.3093],[-75.12933,5.30924],[-75.12953,5.3092],[-75.1297,5.30915],[-75.12973,5.30914],[-75.12985,5.30911],[-75.12999,5.30907],[-75.13001,5.30907],[-75.13005,5.30905],[-75.13007,5.30904],[-75.13016,5.309],[-75.13023,5.30894],[-75.13029,5.30891],[-75.1303,5.3089],[-75.13036,5.30887],[-75.13046,5.30885],[-75.13059,5.30877],[-75.13091,5.3086],[-75.1311,5.30849],[-75.13111,5.30848],[-75.13117,5.30846],[-75.13127,5.30843],[-75.13132,5.30843],[-75.13137,5.30845],[-75.13145,5.30852],[-75.13158,5.30865],[-75.13171,5.30872],[-75.13177,5.30873],[-75.13187,5.30872],[-75.13199,5.30867],[-75.13214,5.30859],[-75.13218,5.30854],[-75.13225,5.30841],[-75.13235,5.30821],[-75.13238,5.30817],[-75.13247,5.30809],[-75.13252,5.30805],[-75.13258,5.30804],[-75.13265,5.30804],[-75.13278,5.30805],[-75.13281,5.30805],[-75.13315,5.30807],[-75.13334,5.30806],[-75.13345,5.30804],[-75.13356,5.30803],[-75.13369,5.30803],[-75.13391,5.30802],[-75.13404,5.30799],[-75.13405,5.30799],[-75.13414,5.30796],[-75.13421,5.30792],[-75.13429,5.30784],[-75.13438,5.30778],[-75.13416,5.30785],[-75.13405,5.30784],[-75.13406,5.3078],[-75.13407,5.30777],[-75.13408,5.30773],[-75.13408,5.30769],[-75.13395,5.30665],[-75.13395,5.30658],[-75.13395,5.30657],[-75.13394,5.30654],[-75.13391,5.30646],[-75.13388,5.30636],[-75.13387,5.30633],[-75.13378,5.30608],[-75.13373,5.30567],[-75.13409,5.30412],[-75.13457,5.30206],[-75.13457,5.30203],[-75.13457,5.30199],[-75.13457,5.30195],[-75.13455,5.30192],[-75.13453,5.30188],[-75.13451,5.30186],[-75.13448,5.30183],[-75.13445,5.30181],[-75.13442,5.3018],[-75.13438,5.30179],[-75.13435,5.30178],[-75.13431,5.30179],[-75.13427,5.3018],[-75.13424,5.30181],[-75.13421,5.30183],[-75.13418,5.30186],[-75.13416,5.30189],[-75.13414,5.30192],[-75.13413,5.30196],[-75.13357,5.30437],[-75.13328,5.30561],[-75.13328,5.30563],[-75.13327,5.30566],[-75.13328,5.30569],[-75.13331,5.30591],[-75.13334,5.30616],[-75.13334,5.30617],[-75.13335,5.30621],[-75.1335,5.30666],[-75.13362,5.30769],[-75.13358,5.3078],[-75.1332,5.30778],[-75.13319,5.30778],[-75.13269,5.30778],[-75.13265,5.30778],[-75.13262,5.30779],[-75.13258,5.3078],[-75.13255,5.30782],[-75.13252,5.30785],[-75.13204,5.30836],[-75.13163,5.30839],[-75.13162,5.30839],[-75.13161,5.30839],[-75.13159,5.30839],[-75.13158,5.30839],[-75.13157,5.3084],[-75.13155,5.3084],[-75.13155,5.3084],[-75.13155,5.3084],[-75.13124,5.30834],[-75.13116,5.30832],[-75.13113,5.30832],[-75.1311,5.30832],[-75.13106,5.30832],[-75.13103,5.30833],[-75.131,5.30835],[-75.13063,5.30856],[-75.1306,5.30858],[-75.13058,5.30859],[-75.13046,5.30871],[-75.13039,5.30873],[-75.13052,5.30835],[-75.13052,5.30832],[-75.13053,5.3083],[-75.13053,5.30829],[-75.13053,5.30826],[-75.13052,5.30823],[-75.13048,5.30805],[-75.13045,5.30791],[-75.13044,5.30787],[-75.13042,5.30784],[-75.1304,5.30781],[-75.13021,5.30759],[-75.12997,5.30731],[-75.12994,5.30728],[-75.12991,5.30726],[-75.12987,5.30724],[-75.12984,5.30723],[-75.1298,5.30723],[-75.12976,5.30723],[-75.12972,5.30724],[-75.12969,5.30726],[-75.12966,5.30728],[-75.12963,5.3073],[-75.12961,5.30733],[-75.12961,5.30734],[-75.12959,5.30736],[-75.12958,5.3074],[-75.12957,5.30743],[-75.12957,5.30747],[-75.12958,5.30751],[-75.12959,5.30754],[-75.12961,5.30757],[-75.12963,5.3076],[-75.12966,5.30764],[-75.13002,5.30806],[-75.13007,5.30827],[-75.12992,5.30873],[-75.12898,5.30853],[-75.12887,5.30851],[-75.1283,5.3084],[-75.12829,5.30839],[-75.12828,5.30839],[-75.12826,5.30839],[-75.12768,5.30833],[-75.12765,5.30833],[-75.12762,5.30833],[-75.12716,5.30839],[-75.12549,5.30852],[-75.12547,5.30852],[-75.12523,5.30827],[-75.1252,5.30825],[-75.12517,5.30823],[-75.12513,5.30822],[-75.1251,5.30821],[-75.12506,5.3082],[-75.12502,5.30821],[-75.12499,5.30822],[-75.12495,5.30823],[-75.12492,5.30825],[-75.12472,5.30842],[-75.12469,5.30844],[-75.12467,5.30847],[-75.12465,5.3085],[-75.12463,5.30855],[-75.1245,5.30856],[-75.12451,5.30855],[-75.1249,5.30815],[-75.12492,5.30812],[-75.12494,5.3081],[-75.1255,5.30707],[-75.12633,5.30607],[-75.1272,5.30515],[-75.12731,5.30503],[-75.12731,5.30503],[-75.12731,5.30502],[-75.12745,5.30486],[-75.12787,5.30476],[-75.12843,5.30487],[-75.12917,5.30518],[-75.1292,5.30519],[-75.12923,5.30519],[-75.12926,5.30519],[-75.1296,5.30519],[-75.12983,5.30519],[-75.12986,5.30519],[-75.12989,5.30518],[-75.12992,5.30517],[-75.13015,5.30507],[-75.13034,5.30498],[-75.13037,5.30496],[-75.1304,5.30494],[-75.13042,5.30491],[-75.13066,5.30458],[-75.13072,5.30449],[-75.13084,5.30432],[-75.13098,5.30412],[-75.13167,5.30314],[-75.13162,5.30311],[-75.13147,5.30302],[-75.13138,5.30293],[-75.13135,5.30281],[-75.13009,5.3046],[-75.12978,5.30474],[-75.12931,5.30474],[-75.12859,5.30444],[-75.12858,5.30444],[-75.12854,5.30443],[-75.12791,5.30431],[-75.12788,5.3043],[-75.12785,5.3043],[-75.12782,5.30431],[-75.12742,5.3044],[-75.12748,5.30384],[-75.12774,5.30344],[-75.12811,5.30285],[-75.12883,5.3019],[-75.12885,5.30188],[-75.12886,5.30186],[-75.12887,5.30183],[-75.12905,5.30143],[-75.12988,5.29961],[-75.12979,5.29952],[-75.12976,5.2995],[-75.12982,5.29943],[-75.12991,5.2994],[-75.13,5.29937],[-75.13001,5.29937],[-75.1303,5.29913],[-75.1303,5.29901],[-75.13027,5.29892],[-75.13025,5.29889],[-75.13036,5.29889],[-75.13048,5.29886],[-75.1306,5.29886],[-75.13069,5.29877],[-75.13077,5.29868],[-75.13086,5.29865],[-75.13089,5.29856],[-75.13095,5.29847],[-75.13101,5.29838],[-75.1311,5.29832],[-75.13119,5.29826],[-75.13128,5.29821],[-75.13164,5.29731],[-75.13164,5.2973],[-75.13165,5.2973],[-75.13182,5.29675],[-75.13182,5.29671],[-75.13185,5.29662],[-75.13186,5.2966],[-75.13215,5.29568],[-75.13216,5.29564],[-75.13216,5.2956],[-75.13215,5.29556],[-75.13214,5.29553],[-75.13213,5.29549],[-75.1321,5.29546],[-75.13207,5.29543],[-75.13204,5.29541],[-75.13201,5.2954],[-75.13197,5.29539],[-75.13193,5.29538],[-75.13189,5.29539],[-75.13186,5.2954],[-75.13183,5.29541],[-75.1318,5.29543],[-75.13177,5.29545],[-75.13175,5.29548],[-75.13173,5.29551],[-75.13172,5.29554],[-75.13122,5.29715],[-75.13083,5.29811],[-75.13011,5.29871],[-75.12995,5.29883],[-75.12992,5.29856],[-75.12987,5.29827],[-75.12985,5.29827],[-75.12973,5.29827],[-75.12964,5.2983],[-75.12952,5.29833],[-75.12943,5.29836],[-75.12943,5.29836],[-75.12949,5.29876],[-75.12956,5.29923],[-75.12894,5.30058],[-75.12878,5.30094],[-75.12846,5.30165],[-75.12775,5.30258],[-75.12774,5.3026],[-75.12755,5.30289],[-75.1275,5.30299],[-75.12744,5.30308],[-75.12738,5.30317],[-75.12735,5.30322],[-75.12747,5.30329],[-75.1275,5.30331],[-75.12747,5.30332],[-75.12735,5.30338],[-75.12726,5.30344],[-75.12717,5.3035],[-75.12708,5.30353],[-75.12696,5.30353],[-75.12689,5.30353],[-75.12703,5.30381],[-75.12693,5.30478],[-75.12673,5.30498],[-75.12608,5.30568],[-75.126,5.30577],[-75.12599,5.30578],[-75.12514,5.3068],[-75.12511,5.30683],[-75.12511,5.30683],[-75.12511,5.30684],[-75.12497,5.30709],[-75.12456,5.30785],[-75.12448,5.30793],[-75.12417,5.30824],[-75.12416,5.30826],[-75.12415,5.30827],[-75.12414,5.30829],[-75.12412,5.30831],[-75.12412,5.30829],[-75.12405,5.30809],[-75.12413,5.30586],[-75.12414,5.30568],[-75.12414,5.30564],[-75.12413,5.30561],[-75.1236,5.30397],[-75.12349,5.3036],[-75.12321,5.30274],[-75.12288,5.30171],[-75.12283,5.30155],[-75.12281,5.30152],[-75.12279,5.30149],[-75.12277,5.30146],[-75.12274,5.30143],[-75.12271,5.30142],[-75.12268,5.3014],[-75.12265,5.3014],[-75.12264,5.30139],[-75.12261,5.30139],[-75.12257,5.3014],[-75.12254,5.30141],[-75.1225,5.30142],[-75.12247,5.30144],[-75.12244,5.30147],[-75.12242,5.3015],[-75.1224,5.30154],[-75.12239,5.30157],[-75.12239,5.30161],[-75.12239,5.30165],[-75.1224,5.30169],[-75.12369,5.30571],[-75.12367,5.30618],[-75.12363,5.30716],[-75.12362,5.30751],[-75.1236,5.30811],[-75.1236,5.30815],[-75.12361,5.30819],[-75.12362,5.3082],[-75.1238,5.30879],[-75.12375,5.30888],[-75.1233,5.30892],[-75.1227,5.30897],[-75.12223,5.30888],[-75.12222,5.30888],[-75.12222,5.30888],[-75.12222,5.30888],[-75.12222,5.30888],[-75.12221,5.30888],[-75.1222,5.30888],[-75.12219,5.30888],[-75.12219,5.30888],[-75.12219,5.30888],[-75.12218,5.30888],[-75.12089,5.30888],[-75.1207,5.30772],[-75.1207,5.30716],[-75.12094,5.30598],[-75.12095,5.30594],[-75.12095,5.30591],[-75.12094,5.30587],[-75.12092,5.30584],[-75.12091,5.3058],[-75.12088,5.30578],[-75.12086,5.30575],[-75.12082,5.30573],[-75.12079,5.30572],[-75.12075,5.30571],[-75.12072,5.30571],[-75.12068,5.30571],[-75.12064,5.30572],[-75.12061,5.30574],[-75.12058,5.30576],[-75.12055,5.30579],[-75.12053,5.30582],[-75.12051,5.30585],[-75.1205,5.30589],[-75.12025,5.30709],[-75.12025,5.3071],[-75.12024,5.30714],[-75.12025,5.30774],[-75.12025,5.30778],[-75.12044,5.30894],[-75.11994,5.30908],[-75.11992,5.30908],[-75.11989,5.3091],[-75.11971,5.3092],[-75.11937,5.30833],[-75.11891,5.30713],[-75.1186,5.30609],[-75.11858,5.30606],[-75.11856,5.30603],[-75.11854,5.306],[-75.11851,5.30598],[-75.11848,5.30596],[-75.11845,5.30594],[-75.11841,5.30594],[-75.11838,5.30593],[-75.11834,5.30594],[-75.1183,5.30595],[-75.11827,5.30596],[-75.11824,5.30598],[-75.11821,5.30601],[-75.11819,5.30604],[-75.11817,5.30608],[-75.11816,5.30611],[-75.11816,5.30615],[-75.11816,5.30619],[-75.11817,5.30623],[-75.11848,5.30727],[-75.11849,5.30729],[-75.11898,5.30855],[-75.11922,5.30919],[-75.11881,5.30923],[-75.11844,5.30887],[-75.11837,5.3088],[-75.11811,5.30843],[-75.1181,5.30841],[-75.11794,5.30798],[-75.11789,5.3075],[-75.11772,5.30604],[-75.11771,5.306],[-75.1177,5.30597],[-75.11768,5.30594],[-75.11766,5.30591],[-75.11763,5.30588],[-75.1176,5.30587],[-75.11756,5.30585],[-75.11753,5.30584],[-75.11749,5.30584],[-75.11746,5.30584],[-75.11742,5.30585],[-75.11738,5.30587],[-75.11735,5.30589],[-75.11733,5.30592],[-75.1173,5.30595],[-75.11729,5.30598],[-75.11728,5.30602],[-75.11727,5.30605],[-75.11727,5.30609],[-75.11735,5.30683],[-75.1175,5.30806],[-75.1175,5.30807],[-75.11751,5.30811],[-75.1177,5.30862],[-75.11772,5.30865],[-75.11773,5.30867],[-75.11801,5.30908],[-75.11802,5.3091],[-75.11804,5.30911],[-75.11845,5.30951],[-75.11831,5.30978],[-75.11803,5.30995],[-75.118,5.30997],[-75.11798,5.30999],[-75.11754,5.31046],[-75.11731,5.31057],[-75.116,5.30848],[-75.11569,5.30742],[-75.1156,5.30681],[-75.11557,5.30618],[-75.11568,5.30568],[-75.11625,5.30474],[-75.11667,5.30403],[-75.11669,5.30399],[-75.1167,5.30396],[-75.1167,5.30392],[-75.1167,5.30388],[-75.1167,5.30385],[-75.11668,5.30381],[-75.11666,5.30378],[-75.11664,5.30375],[-75.11661,5.30373],[-75.11658,5.30371],[-75.11655,5.3037],[-75.11651,5.30369],[-75.11648,5.30369],[-75.11644,5.30369],[-75.1164,5.3037],[-75.11637,5.30372],[-75.11634,5.30374],[-75.11631,5.30376],[-75.11629,5.3038],[-75.11528,5.30548],[-75.11526,5.30552],[-75.11525,5.30555],[-75.11514,5.30604],[-75.11512,5.30612],[-75.11512,5.30615],[-75.11512,5.30618],[-75.11515,5.30684],[-75.11515,5.30686],[-75.11525,5.3075],[-75.11525,5.3075],[-75.11526,5.30753],[-75.11557,5.30864],[-75.11559,5.30867],[-75.1156,5.30869],[-75.11687,5.31072],[-75.11642,5.31072],[-75.1163,5.31064],[-75.11629,5.31063],[-75.11628,5.31062],[-75.11619,5.31058],[-75.11619,5.31058],[-75.11618,5.31058],[-75.11617,5.31057],[-75.11615,5.31057],[-75.11614,5.31056],[-75.11612,5.31056],[-75.11611,5.31056],[-75.11609,5.31056],[-75.11608,5.31056],[-75.11606,5.31056],[-75.11605,5.31056],[-75.11604,5.31057],[-75.11602,5.31057],[-75.11601,5.31058],[-75.116,5.31058],[-75.1161,5.3108],[-75.11618,5.31102]]]},"properties":{"OBJECTID_12":69,"OBJECTID_1":81,"OBJECTID":0,"MUNICIPIO":"Manzanares","CODIGO":" ","ZONIFICACI":"Zona de restauración","SUBZONA":" ","SIMB":"ZR","AREA_HAS":38.9457686157,"NOMBRE":"CERRO GUADALUPE","Shape_Leng":16615.4449978,"Shape_Length":16610.767327647245,"Shape_Area":389238.4310062593}},{"type":"Feature","id":70,"geometry":{"type":"Polygon","coordinates":[[[-75.14405,5.29685],[-75.14414,5.2969],[-75.14423,5.29702],[-75.14423,5.29704],[-75.14426,5.29738],[-75.14426,5.2974],[-75.14423,5.2975],[-75.14421,5.29759],[-75.14418,5.29776],[-75.14418,5.29778],[-75.14418,5.29788],[-75.14421,5.29797],[-75.14426,5.29813],[-75.14445,5.29806],[-75.14445,5.29806],[-75.14445,5.29806],[-75.14446,5.29805],[-75.14462,5.298],[-75.14463,5.298],[-75.14464,5.298],[-75.14466,5.298],[-75.14467,5.29799],[-75.14468,5.29799],[-75.1447,5.29799],[-75.14498,5.29801],[-75.14525,5.298],[-75.14528,5.29794],[-75.14513,5.29736],[-75.14513,5.29734],[-75.14513,5.2973],[-75.14513,5.2971],[-75.14513,5.29706],[-75.14514,5.29702],[-75.14515,5.29699],[-75.14518,5.29695],[-75.1452,5.29693],[-75.14526,5.29688],[-75.14525,5.29675],[-75.14526,5.2966],[-75.14527,5.29637],[-75.1452,5.29639],[-75.14509,5.29639],[-75.14498,5.29636],[-75.14495,5.29627],[-75.14493,5.29619],[-75.14491,5.2961],[-75.14484,5.29603],[-75.14475,5.29596],[-75.14466,5.29592],[-75.14455,5.29592],[-75.14444,5.29592],[-75.14435,5.29594],[-75.14428,5.29603],[-75.14424,5.29612],[-75.14417,5.29619],[-75.14408,5.29621],[-75.14399,5.29628],[-75.14396,5.29629],[-75.1439,5.2963],[-75.14384,5.29637],[-75.14388,5.29646],[-75.14393,5.29655],[-75.14395,5.29663],[-75.14399,5.29672],[-75.14404,5.29681],[-75.14405,5.29685]]]},"properties":{"OBJECTID_12":70,"OBJECTID_1":82,"OBJECTID":0,"MUNICIPIO":"Manzanares","CODIGO":" ","ZONIFICACI":"Zona de restauración","SUBZONA":" ","SIMB":"ZR","AREA_HAS":2.58027407638,"NOMBRE":"CERRO GUADALUPE","Shape_Leng":722.284350586,"Shape_Length":722.0858984317794,"Shape_Area":25788.55306158904}},{"type":"Feature","id":71,"geometry":{"type":"Polygon","coordinates":[[[-75.13043,5.27173],[-75.13045,5.27181],[-75.13054,5.27188],[-75.13061,5.27194],[-75.13072,5.27199],[-75.13081,5.27203],[-75.13088,5.27196],[-75.13092,5.27185],[-75.13099,5.27176],[-75.131,5.27173],[-75.13096,5.27171],[-75.13043,5.27173]]]},"properties":{"OBJECTID_12":71,"OBJECTID_1":83,"OBJECTID":0,"MUNICIPIO":"Manzanares","CODIGO":" ","ZONIFICACI":"Zona de Uso Sostenible","SUBZONA":"Subzona para el desarrollo","SIMB":"ZUSb","AREA_HAS":0.135453311771,"NOMBRE":"CERRO GUADALUPE","Shape_Leng":159.785780058,"Shape_Length":159.7412085658359,"Shape_Area":1353.7798559948421}},{"type":"Feature","id":72,"geometry":{"type":"Polygon","coordinates":[[[-75.12348,5.27184],[-75.12345,5.27195],[-75.12341,5.27203],[-75.12341,5.27205],[-75.12342,5.27204],[-75.12353,5.27186],[-75.12355,5.27183],[-75.12358,5.27181],[-75.12361,5.27179],[-75.12364,5.27177],[-75.12367,5.27176],[-75.12367,5.27174],[-75.12351,5.27178],[-75.1235,5.27178],[-75.12348,5.27184]]]},"properties":{"OBJECTID_12":72,"OBJECTID_1":84,"OBJECTID":0,"MUNICIPIO":"Manzanares","CODIGO":" ","ZONIFICACI":"Zona de Uso Sostenible","SUBZONA":"Subzona para el desarrollo","SIMB":"ZUSb","AREA_HAS":0.0181993910297,"NOMBRE":"CERRO GUADALUPE","Shape_Leng":98.2506803501,"Shape_Length":98.22281217565933,"Shape_Area":181.88934982871075}},{"type":"Feature","id":73,"geometry":{"type":"Polygon","coordinates":[[[-75.13307,5.27052],[-75.133,5.27059],[-75.133,5.27065],[-75.133,5.27069],[-75.13299,5.27073],[-75.13298,5.27076],[-75.13275,5.27117],[-75.13273,5.27121],[-75.13271,5.27123],[-75.1327,5.27124],[-75.13271,5.27127],[-75.13277,5.27134],[-75.13282,5.27142],[-75.13286,5.27151],[-75.13295,5.2716],[-75.13302,5.27167],[-75.13311,5.27171],[-75.1332,5.27176],[-75.13329,5.2718],[-75.13335,5.27187],[-75.13342,5.27194],[-75.13351,5.27198],[-75.13358,5.27205],[-75.13367,5.27209],[-75.13376,5.27214],[-75.13384,5.27216],[-75.13393,5.27218],[-75.13402,5.27214],[-75.13413,5.27212],[-75.13425,5.27209],[-75.13429,5.272],[-75.13431,5.27191],[-75.13434,5.27182],[-75.13431,5.27174],[-75.1342,5.27167],[-75.13413,5.2716],[-75.13404,5.27158],[-75.13396,5.27153],[-75.13387,5.27149],[-75.1338,5.27142],[-75.13373,5.27136],[-75.13373,5.27124],[-75.13375,5.27115],[-75.13382,5.27109],[-75.13391,5.27106],[-75.13392,5.27106],[-75.13369,5.271],[-75.13366,5.27099],[-75.13364,5.27097],[-75.13361,5.27095],[-75.13309,5.27051],[-75.13307,5.27052]]]},"properties":{"OBJECTID_12":73,"OBJECTID_1":85,"OBJECTID":0,"MUNICIPIO":"Manzanares","CODIGO":" ","ZONIFICACI":"Zona de Uso Sostenible","SUBZONA":"Subzona para el desarrollo","SIMB":"ZUSb","AREA_HAS":1.61430877015,"NOMBRE":"CERRO GUADALUPE","Shape_Leng":584.630959842,"Shape_Length":584.4683867133346,"Shape_Area":16134.0901409242}},{"type":"Feature","id":74,"geometry":{"type":"Polygon","coordinates":[[[-75.12531,5.27284],[-75.12534,5.27288],[-75.12532,5.27284],[-75.1253,5.27283],[-75.12531,5.27284]]]},"properties":{"OBJECTID_12":74,"OBJECTID_1":86,"OBJECTID":0,"MUNICIPIO":"Manzanares","CODIGO":" ","ZONIFICACI":"Zona de Uso Sostenible","SUBZONA":"Subzona para el desarrollo","SIMB":"ZUSb","AREA_HAS":0.000481079952601,"NOMBRE":"CERRO GUADALUPE","Shape_Leng":13.7000225312,"Shape_Length":13.69640022351556,"Shape_Area":4.80839116127009}},{"type":"Feature","id":75,"geometry":{"type":"Polygon","coordinates":[[[-75.12027,5.27266],[-75.12055,5.27285],[-75.12071,5.27316],[-75.12074,5.27323],[-75.12077,5.27319],[-75.12079,5.27306],[-75.12079,5.27294],[-75.12079,5.27283],[-75.12077,5.27274],[-75.1207,5.27268],[-75.12064,5.27261],[-75.12055,5.27256],[-75.12044,5.27256],[-75.12035,5.27254],[-75.12026,5.27252],[-75.12017,5.27245],[-75.1201,5.27239],[-75.12003,5.27232],[-75.11999,5.27223],[-75.12003,5.27214],[-75.12012,5.27209],[-75.12019,5.27205],[-75.12009,5.27202],[-75.11983,5.27202],[-75.11969,5.27202],[-75.11956,5.27203],[-75.11949,5.27204],[-75.11949,5.27204],[-75.11944,5.27209],[-75.11938,5.27218],[-75.11936,5.27224],[-75.11958,5.27226],[-75.11976,5.27236],[-75.12,5.27247],[-75.12027,5.27266]]]},"properties":{"OBJECTID_12":75,"OBJECTID_1":87,"OBJECTID":0,"MUNICIPIO":"Manzanares","CODIGO":" ","ZONIFICACI":"Zona de Uso Sostenible","SUBZONA":"Subzona para el desarrollo","SIMB":"ZUSb","AREA_HAS":0.484042743772,"NOMBRE":"CERRO GUADALUPE","Shape_Leng":497.881920412,"Shape_Length":497.7409937437334,"Shape_Area":4837.694010203212}},{"type":"Feature","id":76,"geometry":{"type":"Polygon","coordinates":[[[-75.12594,5.27329],[-75.12594,5.27329],[-75.12603,5.27329],[-75.12604,5.27329],[-75.12615,5.27329],[-75.12623,5.27325],[-75.12623,5.27325],[-75.12594,5.27306],[-75.12586,5.27303],[-75.12594,5.27329]]]},"properties":{"OBJECTID_12":76,"OBJECTID_1":88,"OBJECTID":0,"MUNICIPIO":"Manzanares","CODIGO":" ","ZONIFICACI":"Zona de Uso Sostenible","SUBZONA":"Subzona para el desarrollo","SIMB":"ZUSb","AREA_HAS":0.058876490131,"NOMBRE":"CERRO GUADALUPE","Shape_Leng":111.914466678,"Shape_Length":111.88292706091778,"Shape_Area":588.4317490266659}},{"type":"Feature","id":77,"geometry":{"type":"Polygon","coordinates":[[[-75.14194,5.27233],[-75.14201,5.27239],[-75.14208,5.27248],[-75.1421,5.27257],[-75.1421,5.27268],[-75.14208,5.27277],[-75.14201,5.27284],[-75.14197,5.27293],[-75.14195,5.27302],[-75.1419,5.27311],[-75.14188,5.2732],[-75.14186,5.27331],[-75.14181,5.2734],[-75.14179,5.27349],[-75.14177,5.27358],[-75.14175,5.27367],[-75.14172,5.27376],[-75.14168,5.27385],[-75.14166,5.27394],[-75.14161,5.27403],[-75.14155,5.27412],[-75.1415,5.27421],[-75.14148,5.2743],[-75.1415,5.27438],[-75.14157,5.27443],[-75.14242,5.27359],[-75.14249,5.2735],[-75.14254,5.2724],[-75.14247,5.27235],[-75.14242,5.27222],[-75.14238,5.27207],[-75.14233,5.27201],[-75.14227,5.27191],[-75.14221,5.27183],[-75.14219,5.27186],[-75.14219,5.27188],[-75.14217,5.27191],[-75.14216,5.27194],[-75.14213,5.27198],[-75.14209,5.27203],[-75.14201,5.27206],[-75.14196,5.27209],[-75.14193,5.27213],[-75.14192,5.27214],[-75.14188,5.2722],[-75.14183,5.27225],[-75.14177,5.27228],[-75.1417,5.27228],[-75.14162,5.27226],[-75.14156,5.27226],[-75.1415,5.2723],[-75.14148,5.27233],[-75.14152,5.27233],[-75.14163,5.2723],[-75.14174,5.2723],[-75.14186,5.2723],[-75.14194,5.27233]]]},"properties":{"OBJECTID_12":77,"OBJECTID_1":89,"OBJECTID":0,"MUNICIPIO":"Manzanares","CODIGO":" ","ZONIFICACI":"Zona de Uso Sostenible","SUBZONA":"Subzona para el desarrollo","SIMB":"ZUSb","AREA_HAS":1.48357830504,"NOMBRE":"CERRO GUADALUPE","Shape_Leng":758.338748883,"Shape_Length":758.1297886484641,"Shape_Area":14827.600375225393}},{"type":"Feature","id":78,"geometry":{"type":"Polygon","coordinates":[[[-75.13595,5.2752],[-75.13599,5.27529],[-75.13601,5.27538],[-75.1361,5.2754],[-75.13622,5.2754],[-75.13633,5.27538],[-75.13642,5.27533],[-75.13651,5.27529],[-75.13657,5.27522],[-75.13664,5.27515],[-75.13673,5.27511],[-75.13682,5.27509],[-75.13691,5.27502],[-75.137,5.27497],[-75.13706,5.27491],[-75.13713,5.27484],[-75.1372,5.27477],[-75.13722,5.27468],[-75.13724,5.27459],[-75.13724,5.27448],[-75.13726,5.27439],[-75.13728,5.2743],[-75.13731,5.27419],[-75.13731,5.27408],[-75.13733,5.27399],[-75.13735,5.2739],[-75.1374,5.27381],[-75.13746,5.27374],[-75.13755,5.2737],[-75.13762,5.27363],[-75.13768,5.27356],[-75.13775,5.2735],[-75.13782,5.27341],[-75.13791,5.27338],[-75.138,5.27343],[-75.13802,5.27352],[-75.13806,5.27361],[-75.13809,5.2737],[-75.13809,5.27381],[-75.13806,5.2739],[-75.13804,5.27399],[-75.138,5.2741],[-75.13798,5.27419],[-75.13798,5.2743],[-75.138,5.27439],[-75.13807,5.27448],[-75.13813,5.27457],[-75.1382,5.27464],[-75.13829,5.2747],[-75.13838,5.27477],[-75.13845,5.27484],[-75.13853,5.27486],[-75.13865,5.27486],[-75.13876,5.27486],[-75.13885,5.27484],[-75.13891,5.27477],[-75.139,5.27475],[-75.13907,5.27468],[-75.13914,5.27461],[-75.1392,5.27452],[-75.13923,5.27443],[-75.13929,5.27437],[-75.13936,5.2743],[-75.13942,5.27422],[-75.13943,5.27421],[-75.13945,5.27412],[-75.13949,5.27403],[-75.13947,5.27361],[-75.13947,5.27358],[-75.13947,5.27345],[-75.13949,5.27336],[-75.13954,5.27327],[-75.13958,5.27318],[-75.13965,5.27311],[-75.13967,5.27302],[-75.13969,5.27293],[-75.13971,5.27284],[-75.13976,5.27275],[-75.1398,5.27267],[-75.13983,5.27258],[-75.13987,5.27249],[-75.13994,5.27242],[-75.13996,5.27233],[-75.14003,5.27226],[-75.14011,5.27224],[-75.14014,5.27223],[-75.1401,5.2722],[-75.13989,5.27212],[-75.13984,5.2721],[-75.13976,5.27206],[-75.13961,5.27189],[-75.13956,5.27182],[-75.13949,5.27168],[-75.1394,5.27129],[-75.13935,5.27116],[-75.13928,5.27099],[-75.13919,5.27087],[-75.13901,5.27067],[-75.13901,5.27064],[-75.13901,5.27059],[-75.13897,5.2706],[-75.13884,5.2706],[-75.13873,5.27059],[-75.13864,5.27055],[-75.13848,5.27047],[-75.13839,5.27043],[-75.13823,5.27042],[-75.13814,5.27042],[-75.13797,5.27043],[-75.13792,5.27044],[-75.13786,5.27046],[-75.13781,5.27049],[-75.13773,5.27056],[-75.13761,5.27068],[-75.1376,5.27069],[-75.1376,5.27068],[-75.13739,5.27085],[-75.13733,5.27093],[-75.13728,5.27102],[-75.13722,5.27109],[-75.13713,5.27115],[-75.13711,5.27117],[-75.13705,5.27122],[-75.13698,5.27129],[-75.1369,5.27134],[-75.13681,5.27137],[-75.13673,5.27141],[-75.13664,5.27146],[-75.13656,5.27149],[-75.13647,5.27155],[-75.13639,5.27158],[-75.13629,5.27158],[-75.13618,5.27158],[-75.13612,5.27151],[-75.13603,5.27148],[-75.13595,5.27144],[-75.13585,5.27143],[-75.13573,5.27139],[-75.13564,5.27134],[-75.13557,5.27127],[-75.13551,5.27121],[-75.13544,5.27112],[-75.13535,5.27105],[-75.13527,5.271],[-75.13518,5.27095],[-75.1351,5.2709],[-75.135,5.27083],[-75.13493,5.27077],[-75.1349,5.27073],[-75.13478,5.27087],[-75.13476,5.27089],[-75.13473,5.27091],[-75.1347,5.27092],[-75.13467,5.27093],[-75.13426,5.27111],[-75.13423,5.27112],[-75.1342,5.27113],[-75.1342,5.27113],[-75.13427,5.2712],[-75.13436,5.27124],[-75.13447,5.27122],[-75.13458,5.27122],[-75.13469,5.27122],[-75.1348,5.27126],[-75.13487,5.27133],[-75.13489,5.27144],[-75.13487,5.27153],[-75.13483,5.27162],[-75.13478,5.27171],[-75.13476,5.2718],[-75.13476,5.2718],[-75.13476,5.27191],[-75.1348,5.272],[-75.13485,5.27209],[-75.13492,5.27216],[-75.13498,5.27223],[-75.13505,5.27232],[-75.13507,5.2724],[-75.13514,5.27249],[-75.13518,5.27258],[-75.13523,5.27267],[-75.13523,5.27278],[-75.13514,5.27281],[-75.13505,5.27283],[-75.13494,5.27283],[-75.13485,5.27279],[-75.13476,5.27276],[-75.13465,5.27276],[-75.13456,5.27274],[-75.13447,5.27276],[-75.13438,5.27279],[-75.13429,5.27283],[-75.13423,5.2729],[-75.1342,5.27299],[-75.1342,5.2731],[-75.13427,5.27317],[-75.13432,5.27326],[-75.13434,5.27335],[-75.13432,5.27346],[-75.13429,5.27355],[-75.13429,5.27366],[-75.13429,5.27379],[-75.13432,5.27388],[-75.13436,5.27399],[-75.13441,5.27411],[-75.13445,5.2742],[-75.1345,5.27428],[-75.13454,5.27437],[-75.13461,5.27444],[-75.1347,5.27446],[-75.13479,5.27451],[-75.1349,5.27451],[-75.13501,5.27453],[-75.1351,5.27455],[-75.13519,5.27457],[-75.13528,5.27462],[-75.13534,5.27469],[-75.13541,5.27475],[-75.13543,5.27484],[-75.13546,5.27493],[-75.13546,5.27504],[-75.13546,5.27516],[-75.13555,5.27518],[-75.13566,5.27515],[-75.13575,5.27513],[-75.13586,5.27513],[-75.13595,5.2752]]]},"properties":{"OBJECTID_12":78,"OBJECTID_1":90,"OBJECTID":0,"MUNICIPIO":"Manzanares","CODIGO":" ","ZONIFICACI":"Zona de Uso Sostenible","SUBZONA":"Subzona para el desarrollo","SIMB":"ZUSb","AREA_HAS":22.553003027,"NOMBRE":"CERRO GUADALUPE","Shape_Leng":2577.15792196,"Shape_Length":2576.4428891461635,"Shape_Area":225404.88237600008}},{"type":"Feature","id":79,"geometry":{"type":"Polygon","coordinates":[[[-75.11857,5.27534],[-75.11866,5.27541],[-75.11875,5.27545],[-75.11886,5.27545],[-75.11897,5.27545],[-75.11906,5.27538],[-75.11915,5.27536],[-75.11926,5.27536],[-75.11937,5.27536],[-75.11946,5.27534],[-75.11949,5.27533],[-75.11931,5.2752],[-75.11931,5.2752],[-75.11923,5.27527],[-75.11907,5.27531],[-75.11894,5.27533],[-75.11889,5.27533],[-75.11875,5.27532],[-75.11861,5.27527],[-75.11852,5.27523],[-75.11847,5.27521],[-75.11829,5.27515],[-75.11829,5.27515],[-75.11827,5.27515],[-75.1183,5.27516],[-75.11839,5.27521],[-75.1185,5.27527],[-75.11857,5.27534]]]},"properties":{"OBJECTID_12":79,"OBJECTID_1":91,"OBJECTID":0,"MUNICIPIO":"Manzanares","CODIGO":" ","ZONIFICACI":"Zona de Uso Sostenible","SUBZONA":"Subzona para el desarrollo","SIMB":"ZUSb","AREA_HAS":0.130034455346,"NOMBRE":"CERRO GUADALUPE","Shape_Leng":294.11630131,"Shape_Length":294.03291877227826,"Shape_Area":1299.6111341403657}},{"type":"Feature","id":80,"geometry":{"type":"Polygon","coordinates":[[[-75.11994,5.27456],[-75.11954,5.27481],[-75.11987,5.27505],[-75.12006,5.27519],[-75.12057,5.27548],[-75.1206,5.2755],[-75.12089,5.27572],[-75.12089,5.27564],[-75.12096,5.27557],[-75.12101,5.27548],[-75.12108,5.27541],[-75.1211,5.27531],[-75.12108,5.27521],[-75.12103,5.27512],[-75.12096,5.27505],[-75.12089,5.27497],[-75.12079,5.2749],[-75.1207,5.27486],[-75.1206,5.27483],[-75.12048,5.27481],[-75.12039,5.27478],[-75.12034,5.27469],[-75.12024,5.27467],[-75.12017,5.27459],[-75.12012,5.27457],[-75.12013,5.27455],[-75.12015,5.27447],[-75.12016,5.27443],[-75.11994,5.27456]]]},"properties":{"OBJECTID_12":80,"OBJECTID_1":92,"OBJECTID":0,"MUNICIPIO":"Manzanares","CODIGO":" ","ZONIFICACI":"Zona de Uso Sostenible","SUBZONA":"Subzona para el desarrollo","SIMB":"ZUSb","AREA_HAS":1.02000812827,"NOMBRE":"CERRO GUADALUPE","Shape_Leng":475.734802031,"Shape_Length":475.6004445163851,"Shape_Area":10194.311504122848}},{"type":"Feature","id":81,"geometry":{"type":"Polygon","coordinates":[[[-75.12676,5.2729],[-75.12684,5.27294],[-75.12692,5.27298],[-75.12698,5.27306],[-75.12706,5.27313],[-75.12714,5.27319],[-75.12723,5.27325],[-75.12729,5.27333],[-75.12735,5.27341],[-75.12743,5.27347],[-75.12751,5.27353],[-75.12759,5.27359],[-75.12767,5.27366],[-75.12776,5.27372],[-75.12784,5.27378],[-75.12796,5.27384],[-75.12806,5.27388],[-75.12818,5.27392],[-75.12827,5.27396],[-75.12835,5.27402],[-75.12843,5.2741],[-75.12851,5.27418],[-75.12859,5.27425],[-75.12863,5.27433],[-75.12864,5.27433],[-75.12884,5.27437],[-75.12887,5.27438],[-75.1289,5.27439],[-75.12893,5.27441],[-75.12929,5.27467],[-75.12979,5.27504],[-75.1298,5.27505],[-75.12982,5.27507],[-75.13115,5.27656],[-75.13117,5.27659],[-75.13119,5.27661],[-75.13147,5.27718],[-75.13151,5.27716],[-75.13161,5.27711],[-75.13168,5.27704],[-75.13177,5.27694],[-75.1318,5.27685],[-75.13184,5.27676],[-75.13178,5.27667],[-75.13169,5.27655],[-75.1316,5.27643],[-75.13151,5.2764],[-75.13142,5.27637],[-75.13133,5.27628],[-75.13124,5.27626],[-75.13115,5.27617],[-75.13106,5.27608],[-75.13095,5.27599],[-75.13086,5.2759],[-75.13077,5.27581],[-75.13068,5.27575],[-75.13065,5.27566],[-75.13065,5.27551],[-75.13065,5.27536],[-75.13065,5.27524],[-75.13065,5.27512],[-75.13068,5.27503],[-75.13073,5.27494],[-75.13076,5.27485],[-75.13079,5.27476],[-75.13082,5.27467],[-75.13082,5.27455],[-75.13082,5.27443],[-75.13082,5.27431],[-75.13085,5.27419],[-75.13088,5.27407],[-75.13091,5.27395],[-75.13091,5.27383],[-75.13091,5.27371],[-75.13091,5.27356],[-75.13091,5.27344],[-75.13091,5.27333],[-75.13091,5.27318],[-75.13088,5.27309],[-75.13082,5.27297],[-75.13076,5.27288],[-75.1307,5.27279],[-75.13064,5.2727],[-75.13055,5.27261],[-75.13049,5.27252],[-75.1304,5.27246],[-75.13028,5.27246],[-75.13019,5.27243],[-75.13007,5.2724],[-75.12992,5.2724],[-75.12975,5.2724],[-75.12971,5.2724],[-75.12971,5.27239],[-75.12967,5.2723],[-75.12963,5.27222],[-75.12955,5.27218],[-75.12944,5.27216],[-75.12934,5.27216],[-75.12926,5.2722],[-75.12918,5.27224],[-75.1291,5.27228],[-75.12902,5.27233],[-75.12894,5.27237],[-75.12883,5.27241],[-75.12875,5.27245],[-75.12865,5.27247],[-75.12855,5.27247],[-75.12845,5.27247],[-75.12832,5.27245],[-75.12824,5.27241],[-75.12818,5.27233],[-75.1281,5.27225],[-75.128,5.27225],[-75.12796,5.27233],[-75.12798,5.27243],[-75.128,5.27253],[-75.12798,5.27263],[-75.12796,5.27274],[-75.12788,5.2728],[-75.1278,5.27284],[-75.12769,5.27286],[-75.12759,5.27286],[-75.12749,5.27284],[-75.12739,5.27282],[-75.12731,5.27278],[-75.12722,5.2727],[-75.12718,5.27261],[-75.1272,5.27251],[-75.12727,5.27243],[-75.12733,5.27235],[-75.12731,5.27225],[-75.12726,5.27217],[-75.12716,5.2721],[-75.12704,5.27206],[-75.12692,5.27206],[-75.12682,5.27206],[-75.12671,5.27206],[-75.12659,5.27208],[-75.12649,5.27208],[-75.12639,5.27208],[-75.12629,5.27209],[-75.12621,5.27202],[-75.12612,5.27198],[-75.12604,5.2719],[-75.12598,5.27182],[-75.12594,5.27174],[-75.1259,5.27166],[-75.12584,5.27158],[-75.12578,5.27149],[-75.12569,5.27145],[-75.12559,5.27143],[-75.12549,5.27141],[-75.12539,5.27141],[-75.12529,5.27141],[-75.12523,5.2714],[-75.1252,5.27163],[-75.12518,5.27174],[-75.12515,5.27207],[-75.12509,5.27211],[-75.12537,5.27237],[-75.12558,5.27245],[-75.12612,5.27264],[-75.12616,5.27266],[-75.12617,5.27267],[-75.12653,5.27291],[-75.12657,5.27286],[-75.12668,5.27286],[-75.12676,5.2729]]]},"properties":{"OBJECTID_12":81,"OBJECTID_1":93,"OBJECTID":0,"MUNICIPIO":"Manzanares","CODIGO":" ","ZONIFICACI":"Zona de Uso Sostenible","SUBZONA":"Subzona para el desarrollo","SIMB":"ZUSb","AREA_HAS":12.0161341863,"NOMBRE":"CERRO GUADALUPE","Shape_Leng":2418.28605794,"Shape_Length":2417.608333280503,"Shape_Area":120094.00590277345}},{"type":"Feature","id":82,"geometry":{"type":"Polygon","coordinates":[[[-75.11197,5.27734],[-75.11202,5.27732],[-75.11211,5.27729],[-75.11222,5.27723],[-75.11231,5.2772],[-75.11237,5.27711],[-75.1124,5.27702],[-75.11246,5.27693],[-75.11258,5.27693],[-75.1127,5.27696],[-75.11279,5.27699],[-75.1128,5.27699],[-75.1128,5.27699],[-75.11281,5.27696],[-75.11282,5.27692],[-75.11283,5.2769],[-75.11281,5.27688],[-75.11261,5.27679],[-75.11254,5.27675],[-75.11236,5.27671],[-75.11214,5.27666],[-75.11214,5.27663],[-75.11205,5.27651],[-75.11204,5.2765],[-75.11194,5.27633],[-75.1119,5.27625],[-75.11189,5.27624],[-75.11184,5.27618],[-75.1115,5.27579],[-75.11125,5.27558],[-75.11149,5.27628],[-75.11197,5.27734]]]},"properties":{"OBJECTID_12":82,"OBJECTID_1":94,"OBJECTID":0,"MUNICIPIO":"Manzanares","CODIGO":" ","ZONIFICACI":"Zona de Uso Sostenible","SUBZONA":"Subzona para el desarrollo","SIMB":"ZUSb","AREA_HAS":0.932959661311,"NOMBRE":"CERRO GUADALUPE","Shape_Leng":572.481282539,"Shape_Length":572.317283368746,"Shape_Area":9324.263208217768}},{"type":"Feature","id":83,"geometry":{"type":"Polygon","coordinates":[[[-75.12945,5.27539],[-75.1295,5.27549],[-75.12953,5.27558],[-75.12957,5.2757],[-75.12965,5.2758],[-75.12969,5.27589],[-75.12977,5.27596],[-75.12984,5.27604],[-75.12993,5.27608],[-75.13001,5.27616],[-75.13005,5.27625],[-75.13012,5.27632],[-75.13017,5.27642],[-75.1302,5.27651],[-75.13022,5.27663],[-75.13029,5.27671],[-75.13032,5.2768],[-75.13036,5.2769],[-75.13044,5.27702],[-75.13046,5.27711],[-75.13053,5.27718],[-75.1306,5.27726],[-75.13072,5.27733],[-75.13084,5.27735],[-75.13096,5.27737],[-75.13106,5.27737],[-75.13106,5.27737],[-75.1308,5.27684],[-75.1295,5.27539],[-75.12945,5.27535],[-75.12945,5.27539]]]},"properties":{"OBJECTID_12":83,"OBJECTID_1":95,"OBJECTID":0,"MUNICIPIO":"Manzanares","CODIGO":" ","ZONIFICACI":"Zona de Uso Sostenible","SUBZONA":"Subzona para el desarrollo","SIMB":"ZUSb","AREA_HAS":0.696582307728,"NOMBRE":"CERRO GUADALUPE","Shape_Leng":595.90873116,"Shape_Length":595.7418657171046,"Shape_Area":6961.929826392626}},{"type":"Feature","id":84,"geometry":{"type":"Polygon","coordinates":[[[-75.12798,5.27738],[-75.12799,5.2774],[-75.12801,5.27742],[-75.1281,5.27756],[-75.12817,5.27749],[-75.12817,5.27737],[-75.12814,5.27728],[-75.12808,5.27719],[-75.12802,5.2771],[-75.12796,5.27701],[-75.12793,5.27692],[-75.12784,5.27686],[-75.12772,5.27677],[-75.12761,5.27671],[-75.12749,5.27665],[-75.12737,5.27662],[-75.12725,5.27662],[-75.1272,5.27661],[-75.12798,5.27738]]]},"properties":{"OBJECTID_12":84,"OBJECTID_1":96,"OBJECTID":0,"MUNICIPIO":"Manzanares","CODIGO":" ","ZONIFICACI":"Zona de Uso Sostenible","SUBZONA":"Subzona para el desarrollo","SIMB":"ZUSb","AREA_HAS":0.321701729017,"NOMBRE":"CERRO GUADALUPE","Shape_Leng":316.259693873,"Shape_Length":316.17072362679437,"Shape_Area":3215.217019516793}},{"type":"Feature","id":85,"geometry":{"type":"Polygon","coordinates":[[[-75.10034,5.2783],[-75.10062,5.27858],[-75.10072,5.27862],[-75.10081,5.2786],[-75.10122,5.27845],[-75.1014,5.27837],[-75.1018,5.2782],[-75.1019,5.27818],[-75.10193,5.27818],[-75.1022,5.27833],[-75.1022,5.2783],[-75.10214,5.27821],[-75.10208,5.27812],[-75.10199,5.27803],[-75.1019,5.27797],[-75.10182,5.27794],[-75.1017,5.27794],[-75.10158,5.27794],[-75.10149,5.27791],[-75.1014,5.27785],[-75.10137,5.27776],[-75.10134,5.27767],[-75.10134,5.27755],[-75.1014,5.27746],[-75.10146,5.27737],[-75.10155,5.27734],[-75.10163,5.27728],[-75.10175,5.27728],[-75.10187,5.27728],[-75.10196,5.27731],[-75.10205,5.27734],[-75.10214,5.27737],[-75.10223,5.2774],[-75.10235,5.2774],[-75.10237,5.27741],[-75.10202,5.27718],[-75.102,5.27717],[-75.10173,5.27703],[-75.10153,5.27694],[-75.10124,5.27686],[-75.10099,5.27679],[-75.10081,5.27681],[-75.10047,5.27682],[-75.10035,5.27682],[-75.09993,5.2768],[-75.09989,5.2768],[-75.09986,5.2768],[-75.09983,5.27679],[-75.09984,5.27683],[-75.09989,5.27692],[-75.09998,5.27702],[-75.10003,5.27707],[-75.10005,5.27713],[-75.10005,5.27715],[-75.10002,5.2772],[-75.09997,5.27725],[-75.0999,5.2773],[-75.09975,5.27734],[-75.09961,5.27736],[-75.09955,5.27737],[-75.09951,5.27739],[-75.09933,5.27753],[-75.09926,5.27764],[-75.09923,5.2777],[-75.09918,5.27779],[-75.09915,5.27787],[-75.0992,5.2779],[-75.09925,5.27792],[-75.09926,5.27793],[-75.09933,5.27794],[-75.09945,5.27794],[-75.09946,5.27794],[-75.09979,5.27795],[-75.09996,5.27798],[-75.10007,5.27803],[-75.10017,5.27812],[-75.10034,5.2783]]]},"properties":{"OBJECTID_12":85,"OBJECTID_1":97,"OBJECTID":0,"MUNICIPIO":"Manzanares","CODIGO":" ","ZONIFICACI":"Zona de Uso Sostenible","SUBZONA":"Subzona para el desarrollo","SIMB":"ZUSb","AREA_HAS":3.76619415935,"NOMBRE":"CERRO GUADALUPE","Shape_Leng":1139.30778287,"Shape_Length":1138.9781617411056,"Shape_Area":37640.14659758603}},{"type":"Feature","id":86,"geometry":{"type":"Polygon","coordinates":[[[-75.10464,5.27814],[-75.10441,5.27824],[-75.10434,5.27828],[-75.10402,5.27855],[-75.10402,5.27856],[-75.10411,5.27862],[-75.1042,5.27868],[-75.10432,5.27868],[-75.10441,5.27862],[-75.1045,5.27859],[-75.10456,5.2785],[-75.10462,5.27841],[-75.10465,5.27832],[-75.10468,5.2782],[-75.10476,5.27809],[-75.10464,5.27814]]]},"properties":{"OBJECTID_12":86,"OBJECTID_1":98,"OBJECTID":0,"MUNICIPIO":"Manzanares","CODIGO":" ","ZONIFICACI":"Zona de Uso Sostenible","SUBZONA":"Subzona para el desarrollo","SIMB":"ZUSb","AREA_HAS":0.23136224633,"NOMBRE":"CERRO GUADALUPE","Shape_Leng":222.016918369,"Shape_Length":221.95284816986887,"Shape_Area":2312.292035173941}},{"type":"Feature","id":87,"geometry":{"type":"Polygon","coordinates":[[[-75.12748,5.27882],[-75.12755,5.27889],[-75.1276,5.27898],[-75.12762,5.27908],[-75.12765,5.27917],[-75.1277,5.27927],[-75.12774,5.27936],[-75.12782,5.27946],[-75.12783,5.27949],[-75.12808,5.27948],[-75.12858,5.27944],[-75.12879,5.27941],[-75.12886,5.27936],[-75.12891,5.27927],[-75.12896,5.2791],[-75.12896,5.27888],[-75.12896,5.27872],[-75.12889,5.27856],[-75.12877,5.27856],[-75.12867,5.27856],[-75.12866,5.27859],[-75.12864,5.27863],[-75.12861,5.27866],[-75.12858,5.27868],[-75.12855,5.2787],[-75.12851,5.27871],[-75.12847,5.27872],[-75.12843,5.27872],[-75.12839,5.27871],[-75.12836,5.2787],[-75.12832,5.27868],[-75.12829,5.27865],[-75.12827,5.27862],[-75.12822,5.27854],[-75.12818,5.27853],[-75.12809,5.27847],[-75.12797,5.27838],[-75.12791,5.27829],[-75.12791,5.27817],[-75.12791,5.27808],[-75.12765,5.27769],[-75.12671,5.27675],[-75.12669,5.27673],[-75.12667,5.2767],[-75.12636,5.2761],[-75.12634,5.27607],[-75.12634,5.27606],[-75.12629,5.2759],[-75.12626,5.27587],[-75.1262,5.27576],[-75.12614,5.27567],[-75.12611,5.27558],[-75.12605,5.27549],[-75.12599,5.27537],[-75.12599,5.27525],[-75.12599,5.27513],[-75.12599,5.27501],[-75.12599,5.27496],[-75.12585,5.2745],[-75.12575,5.27444],[-75.12556,5.27432],[-75.12532,5.2742],[-75.12518,5.27413],[-75.12509,5.27413],[-75.12504,5.27423],[-75.12499,5.27435],[-75.12497,5.27444],[-75.12497,5.27454],[-75.12497,5.27466],[-75.12502,5.27475],[-75.12509,5.27482],[-75.12513,5.27492],[-75.12523,5.27502],[-75.12533,5.27511],[-75.1254,5.27521],[-75.12549,5.27528],[-75.12554,5.2754],[-75.12557,5.27549],[-75.12557,5.27559],[-75.12557,5.27568],[-75.12554,5.27578],[-75.12552,5.27588],[-75.12552,5.276],[-75.12552,5.27609],[-75.12552,5.27619],[-75.12552,5.27631],[-75.12552,5.2764],[-75.12552,5.27652],[-75.12554,5.27662],[-75.12557,5.27671],[-75.12564,5.27683],[-75.12566,5.27693],[-75.12571,5.27702],[-75.12573,5.27712],[-75.12576,5.27722],[-75.12581,5.27731],[-75.12583,5.27741],[-75.12583,5.2775],[-75.12586,5.2776],[-75.12586,5.27769],[-75.1259,5.27779],[-75.12597,5.27788],[-75.12605,5.27798],[-75.12612,5.27805],[-75.12621,5.27812],[-75.12631,5.27817],[-75.1264,5.27822],[-75.1265,5.27824],[-75.12662,5.27831],[-75.12674,5.27839],[-75.12683,5.27841],[-75.12693,5.27846],[-75.12705,5.27853],[-75.12715,5.27855],[-75.12724,5.27858],[-75.12734,5.27862],[-75.12741,5.2787],[-75.12748,5.27882]]]},"properties":{"OBJECTID_12":87,"OBJECTID_1":99,"OBJECTID":0,"MUNICIPIO":"Manzanares","CODIGO":" ","ZONIFICACI":"Zona de Uso Sostenible","SUBZONA":"Subzona para el desarrollo","SIMB":"ZUSb","AREA_HAS":7.14667111563,"NOMBRE":"CERRO GUADALUPE","Shape_Leng":1674.68750366,"Shape_Length":1674.2171614936633,"Shape_Area":71426.58162907565}},{"type":"Feature","id":88,"geometry":{"type":"Polygon","coordinates":[[[-75.1435,5.27954],[-75.1435,5.27954],[-75.1435,5.27957],[-75.14352,5.27966],[-75.14356,5.27975],[-75.14365,5.27979],[-75.14374,5.27982],[-75.14385,5.27982],[-75.14397,5.27982],[-75.14408,5.27982],[-75.14385,5.27952],[-75.14375,5.27949],[-75.1435,5.27954]]]},"properties":{"OBJECTID_12":88,"OBJECTID_1":100,"OBJECTID":0,"MUNICIPIO":"Manzanares","CODIGO":" ","ZONIFICACI":"Zona de Uso Sostenible","SUBZONA":"Subzona para el desarrollo","SIMB":"ZUSb","AREA_HAS":0.155874228264,"NOMBRE":"CERRO GUADALUPE","Shape_Leng":164.692497627,"Shape_Length":164.6472778918851,"Shape_Area":1557.885084530707}},{"type":"Feature","id":89,"geometry":{"type":"Polygon","coordinates":[[[-75.12384,5.27908],[-75.12386,5.27909],[-75.12388,5.27913],[-75.12403,5.27939],[-75.1241,5.27944],[-75.12418,5.2795],[-75.12428,5.27958],[-75.12436,5.27962],[-75.12445,5.27971],[-75.12455,5.27975],[-75.12465,5.27981],[-75.12475,5.27989],[-75.12483,5.27993],[-75.12491,5.27997],[-75.12502,5.27999],[-75.12512,5.28003],[-75.12522,5.28003],[-75.12526,5.28003],[-75.12536,5.28003],[-75.12546,5.27999],[-75.12551,5.27991],[-75.12551,5.27981],[-75.12553,5.27968],[-75.12555,5.27958],[-75.12559,5.27948],[-75.12563,5.2794],[-75.12571,5.27934],[-75.12575,5.27925],[-75.12579,5.27917],[-75.12577,5.27907],[-75.12573,5.27897],[-75.12573,5.27887],[-75.12573,5.27874],[-75.12573,5.27867],[-75.12573,5.27864],[-75.12571,5.27854],[-75.12567,5.27846],[-75.12565,5.27836],[-75.1256,5.27827],[-75.12554,5.27819],[-75.1255,5.27809],[-75.12546,5.27801],[-75.12546,5.27791],[-75.12546,5.2778],[-75.12546,5.2777],[-75.12546,5.2776],[-75.12544,5.2775],[-75.12542,5.27738],[-75.12538,5.27729],[-75.12532,5.27719],[-75.12526,5.27711],[-75.12522,5.27703],[-75.12517,5.27695],[-75.12513,5.27685],[-75.12511,5.27674],[-75.12509,5.27664],[-75.12507,5.27652],[-75.12503,5.27644],[-75.12501,5.27633],[-75.12499,5.27623],[-75.12495,5.27615],[-75.12493,5.27605],[-75.12487,5.27597],[-75.12483,5.27589],[-75.12477,5.2758],[-75.12472,5.27572],[-75.12468,5.27562],[-75.12464,5.27554],[-75.1246,5.27542],[-75.12458,5.27531],[-75.12456,5.27521],[-75.12456,5.27511],[-75.12456,5.27501],[-75.12456,5.27491],[-75.12456,5.2748],[-75.12456,5.27468],[-75.12458,5.27458],[-75.12458,5.27448],[-75.12458,5.27438],[-75.12454,5.27429],[-75.12452,5.27417],[-75.12448,5.27409],[-75.12444,5.27401],[-75.12442,5.27391],[-75.1244,5.2738],[-75.12435,5.27372],[-75.12433,5.27362],[-75.12431,5.27352],[-75.12431,5.27342],[-75.12431,5.27331],[-75.12431,5.27321],[-75.12427,5.27311],[-75.12425,5.27301],[-75.12419,5.27293],[-75.12411,5.27286],[-75.12403,5.27282],[-75.12392,5.27282],[-75.12384,5.27276],[-75.12376,5.27268],[-75.12371,5.27262],[-75.12366,5.2728],[-75.12368,5.27285],[-75.12368,5.27295],[-75.12366,5.27305],[-75.12362,5.27313],[-75.12354,5.27321],[-75.12351,5.27331],[-75.12339,5.27446],[-75.12339,5.27508],[-75.12366,5.27602],[-75.12417,5.27665],[-75.12419,5.27668],[-75.1242,5.27671],[-75.12421,5.27674],[-75.12422,5.27678],[-75.12425,5.27735],[-75.12453,5.27828],[-75.12454,5.27831],[-75.12454,5.27835],[-75.12453,5.27839],[-75.12452,5.27842],[-75.12451,5.27846],[-75.12449,5.27849],[-75.12446,5.27851],[-75.12443,5.27854],[-75.1244,5.27855],[-75.12436,5.27856],[-75.12432,5.27857],[-75.12429,5.27857],[-75.12425,5.27856],[-75.12421,5.27855],[-75.12418,5.27853],[-75.12415,5.2785],[-75.12413,5.27847],[-75.12411,5.27844],[-75.1241,5.27841],[-75.12381,5.27746],[-75.1238,5.27743],[-75.1238,5.2774],[-75.12377,5.27687],[-75.12328,5.27627],[-75.12326,5.27624],[-75.12325,5.27621],[-75.12324,5.27619],[-75.12295,5.27517],[-75.12295,5.27515],[-75.12294,5.27511],[-75.12294,5.27444],[-75.12294,5.27442],[-75.12297,5.27417],[-75.12293,5.27428],[-75.12289,5.27436],[-75.12283,5.27446],[-75.12277,5.27454],[-75.12275,5.27464],[-75.12273,5.27475],[-75.12273,5.27485],[-75.12273,5.27495],[-75.12273,5.27505],[-75.12275,5.27515],[-75.12281,5.27526],[-75.12285,5.27534],[-75.12287,5.27544],[-75.12289,5.27554],[-75.12291,5.27564],[-75.12291,5.27575],[-75.12285,5.27583],[-75.12275,5.27585],[-75.12265,5.27583],[-75.12256,5.27577],[-75.1225,5.27569],[-75.1224,5.27562],[-75.12232,5.27556],[-75.12224,5.27552],[-75.12214,5.27552],[-75.12206,5.27556],[-75.12197,5.27563],[-75.12187,5.27571],[-75.12181,5.27579],[-75.12175,5.27587],[-75.12167,5.27593],[-75.12157,5.27597],[-75.12149,5.27601],[-75.12138,5.2761],[-75.12138,5.27612],[-75.12154,5.27625],[-75.12156,5.27627],[-75.12196,5.27666],[-75.12197,5.27668],[-75.12199,5.27671],[-75.12234,5.27734],[-75.12235,5.27736],[-75.12254,5.27781],[-75.12328,5.27853],[-75.12384,5.27908]]]},"properties":{"OBJECTID_12":89,"OBJECTID_1":101,"OBJECTID":0,"MUNICIPIO":"Manzanares","CODIGO":" ","ZONIFICACI":"Zona de Uso Sostenible","SUBZONA":"Subzona para el desarrollo","SIMB":"ZUSb","AREA_HAS":15.5755847317,"NOMBRE":"CERRO GUADALUPE","Shape_Leng":3184.95790319,"Shape_Length":3184.0600740518094,"Shape_Area":155668.04470182824}},{"type":"Feature","id":90,"geometry":{"type":"Polygon","coordinates":[[[-75.13904,5.28047],[-75.13959,5.27956],[-75.13961,5.27953],[-75.13964,5.2795],[-75.13967,5.27948],[-75.1397,5.27947],[-75.14005,5.27934],[-75.14009,5.27933],[-75.14012,5.27933],[-75.14265,5.27919],[-75.14269,5.2792],[-75.14272,5.2792],[-75.14276,5.27922],[-75.14279,5.27924],[-75.14282,5.27926],[-75.14284,5.27929],[-75.14291,5.27938],[-75.14299,5.27938],[-75.14303,5.27937],[-75.14323,5.27916],[-75.14325,5.27914],[-75.14328,5.27912],[-75.14332,5.27911],[-75.14335,5.2791],[-75.14373,5.27904],[-75.14376,5.27903],[-75.1438,5.27904],[-75.14383,5.27904],[-75.14405,5.27911],[-75.14408,5.27912],[-75.14412,5.27914],[-75.14414,5.27916],[-75.14417,5.27919],[-75.14466,5.27985],[-75.14599,5.27973],[-75.14601,5.27973],[-75.14602,5.27973],[-75.14707,5.27976],[-75.14742,5.27956],[-75.14745,5.27955],[-75.14748,5.27954],[-75.14752,5.27954],[-75.14755,5.27954],[-75.14758,5.27954],[-75.14797,5.27962],[-75.14801,5.27963],[-75.14804,5.27965],[-75.14807,5.27967],[-75.14808,5.27968],[-75.1482,5.27959],[-75.14824,5.27955],[-75.14825,5.27952],[-75.14825,5.27944],[-75.14824,5.2794],[-75.14822,5.27936],[-75.14818,5.2793],[-75.1481,5.27923],[-75.14803,5.2792],[-75.148,5.27919],[-75.14789,5.27914],[-75.14778,5.27906],[-75.1477,5.27896],[-75.14763,5.27885],[-75.14762,5.27884],[-75.14757,5.27864],[-75.14749,5.27834],[-75.14742,5.2781],[-75.14738,5.27798],[-75.14735,5.27794],[-75.14729,5.27781],[-75.14725,5.27768],[-75.1472,5.27753],[-75.14716,5.27743],[-75.14711,5.27737],[-75.14707,5.27734],[-75.14702,5.27731],[-75.14692,5.27727],[-75.14677,5.27723],[-75.14677,5.27723],[-75.14668,5.27718],[-75.14659,5.27711],[-75.14653,5.27705],[-75.14647,5.27711],[-75.14646,5.27711],[-75.1464,5.27714],[-75.14634,5.27714],[-75.1463,5.27713],[-75.14623,5.27709],[-75.14609,5.27701],[-75.14592,5.277],[-75.14544,5.277],[-75.14514,5.27697],[-75.14479,5.27693],[-75.14469,5.27692],[-75.14416,5.27684],[-75.14385,5.27682],[-75.14382,5.2768],[-75.14379,5.27678],[-75.14391,5.27614],[-75.14399,5.27555],[-75.14401,5.27546],[-75.14402,5.27541],[-75.14403,5.27537],[-75.144,5.27536],[-75.14395,5.27533],[-75.14394,5.27532],[-75.1439,5.27529],[-75.14389,5.27529],[-75.14389,5.27528],[-75.14387,5.27526],[-75.14387,5.27525],[-75.14386,5.27525],[-75.14386,5.2752],[-75.14386,5.27515],[-75.14386,5.27515],[-75.14386,5.27513],[-75.14386,5.27506],[-75.1439,5.27493],[-75.14397,5.27479],[-75.14401,5.27473],[-75.14404,5.27467],[-75.14414,5.27454],[-75.14423,5.2744],[-75.14428,5.27426],[-75.14432,5.27402],[-75.14432,5.27401],[-75.14433,5.27384],[-75.1443,5.27373],[-75.14427,5.27362],[-75.14426,5.27361],[-75.14423,5.27348],[-75.14419,5.27339],[-75.14411,5.27329],[-75.14411,5.27328],[-75.1441,5.27319],[-75.14406,5.27307],[-75.144,5.27289],[-75.14395,5.27279],[-75.14391,5.27258],[-75.14391,5.27242],[-75.14391,5.27239],[-75.14394,5.27227],[-75.14397,5.27217],[-75.14397,5.27216],[-75.14399,5.27204],[-75.14399,5.27189],[-75.14396,5.27184],[-75.14394,5.27179],[-75.1439,5.27174],[-75.14387,5.27172],[-75.14377,5.27173],[-75.14373,5.27173],[-75.14362,5.27179],[-75.14355,5.27186],[-75.14345,5.27194],[-75.14338,5.272],[-75.14331,5.27205],[-75.14329,5.27207],[-75.14329,5.2721],[-75.14319,5.27224],[-75.14318,5.27226],[-75.14309,5.27233],[-75.14299,5.27238],[-75.14299,5.27242],[-75.14294,5.2736],[-75.14293,5.27363],[-75.14292,5.27367],[-75.14291,5.2737],[-75.14289,5.27373],[-75.14276,5.27389],[-75.14276,5.27389],[-75.14275,5.27391],[-75.1418,5.27484],[-75.14184,5.27492],[-75.14195,5.27499],[-75.14206,5.27499],[-75.14215,5.27496],[-75.14222,5.2749],[-75.14231,5.27483],[-75.14239,5.27481],[-75.14246,5.2749],[-75.14253,5.27496],[-75.14255,5.27505],[-75.1426,5.27514],[-75.14262,5.27523],[-75.14262,5.27534],[-75.14262,5.27546],[-75.1426,5.27559],[-75.14255,5.27568],[-75.14253,5.27577],[-75.14246,5.27586],[-75.14242,5.27595],[-75.1424,5.27604],[-75.14235,5.27613],[-75.14231,5.27624],[-75.14233,5.27635],[-75.14235,5.27642],[-75.14235,5.27644],[-75.1424,5.27655],[-75.1424,5.27666],[-75.14244,5.27675],[-75.14247,5.27684],[-75.14253,5.27693],[-75.14264,5.27698],[-75.14276,5.27704],[-75.14287,5.27707],[-75.14296,5.27709],[-75.14307,5.27711],[-75.14316,5.27713],[-75.14327,5.27713],[-75.14336,5.27718],[-75.14343,5.27724],[-75.14347,5.27733],[-75.14351,5.27742],[-75.14352,5.27753],[-75.14345,5.27762],[-75.14336,5.27769],[-75.14327,5.27771],[-75.14316,5.27771],[-75.14305,5.27771],[-75.14294,5.27769],[-75.14285,5.27765],[-75.14273,5.2776],[-75.14264,5.27756],[-75.14258,5.27749],[-75.14247,5.27745],[-75.14235,5.2774],[-75.14227,5.27734],[-75.14218,5.27731],[-75.14209,5.27729],[-75.14198,5.27725],[-75.14189,5.27718],[-75.1418,5.27711],[-75.14171,5.27705],[-75.14162,5.27702],[-75.14153,5.27698],[-75.14142,5.27698],[-75.14133,5.277],[-75.14124,5.27702],[-75.14115,5.27707],[-75.14106,5.27714],[-75.14099,5.2772],[-75.14093,5.27727],[-75.14088,5.27736],[-75.14086,5.27745],[-75.14086,5.27756],[-75.14086,5.27767],[-75.14088,5.27776],[-75.14091,5.27785],[-75.14097,5.27792],[-75.14104,5.27799],[-75.14111,5.27805],[-75.1412,5.2781],[-75.14131,5.27814],[-75.1414,5.27816],[-75.14149,5.27823],[-75.14158,5.27825],[-75.14164,5.27832],[-75.14169,5.27841],[-75.14173,5.2785],[-75.1418,5.27857],[-75.14189,5.27863],[-75.14198,5.27866],[-75.14207,5.27868],[-75.14216,5.2787],[-75.14227,5.2787],[-75.14238,5.2787],[-75.14247,5.27865],[-75.14256,5.27861],[-75.14262,5.27854],[-75.14274,5.27854],[-75.14285,5.27854],[-75.14296,5.27854],[-75.14305,5.27852],[-75.14314,5.27859],[-75.1432,5.27865],[-75.1432,5.27866],[-75.14314,5.27875],[-75.14308,5.27884],[-75.14299,5.27893],[-75.1429,5.27899],[-75.14282,5.27902],[-75.1427,5.27902],[-75.14261,5.27905],[-75.14252,5.27908],[-75.1424,5.27911],[-75.14231,5.27914],[-75.14222,5.27917],[-75.1421,5.27917],[-75.14201,5.2792],[-75.14189,5.2792],[-75.14177,5.2792],[-75.14165,5.2792],[-75.14153,5.2792],[-75.14141,5.2792],[-75.14126,5.27917],[-75.14117,5.27914],[-75.14109,5.27911],[-75.141,5.27908],[-75.14091,5.27905],[-75.14082,5.27902],[-75.14073,5.27899],[-75.14061,5.27899],[-75.14049,5.27899],[-75.14037,5.27899],[-75.14025,5.27899],[-75.14013,5.27905],[-75.14004,5.27911],[-75.13995,5.27917],[-75.13986,5.2792],[-75.13974,5.27923],[-75.13962,5.27926],[-75.13953,5.27932],[-75.13945,5.27938],[-75.13936,5.27944],[-75.13927,5.2795],[-75.13918,5.27956],[-75.13909,5.27962],[-75.139,5.27968],[-75.13894,5.27977],[-75.13885,5.27986],[-75.13883,5.27988],[-75.13876,5.27995],[-75.1387,5.28004],[-75.13864,5.28013],[-75.13861,5.28022],[-75.13861,5.28034],[-75.1387,5.2804],[-75.13879,5.28043],[-75.13888,5.28046],[-75.139,5.28046],[-75.13904,5.28047]]]},"properties":{"OBJECTID_12":90,"OBJECTID_1":102,"OBJECTID":0,"MUNICIPIO":"Manzanares","CODIGO":" ","ZONIFICACI":"Zona de Uso Sostenible","SUBZONA":"Subzona para el desarrollo","SIMB":"ZUSb","AREA_HAS":26.881283369,"NOMBRE":"CERRO GUADALUPE","Shape_Leng":4705.71615742,"Shape_Length":4704.419205043519,"Shape_Area":268664.83440354734}},{"type":"Feature","id":91,"geometry":{"type":"Polygon","coordinates":[[[-75.13956,5.28049],[-75.13963,5.28049],[-75.13975,5.28049],[-75.13983,5.28046],[-75.13992,5.28043],[-75.14001,5.2804],[-75.1401,5.28037],[-75.14019,5.28034],[-75.14028,5.28031],[-75.1404,5.28031],[-75.14052,5.28031],[-75.14064,5.28031],[-75.14073,5.28034],[-75.14085,5.28034],[-75.14097,5.28034],[-75.14106,5.28025],[-75.14112,5.28016],[-75.14115,5.28007],[-75.14121,5.27998],[-75.14124,5.27986],[-75.14133,5.27977],[-75.14138,5.27971],[-75.14018,5.27978],[-75.13993,5.27986],[-75.13956,5.28049]]]},"properties":{"OBJECTID_12":91,"OBJECTID_1":103,"OBJECTID":0,"MUNICIPIO":"Manzanares","CODIGO":" ","ZONIFICACI":"Zona de Uso Sostenible","SUBZONA":"Subzona para el desarrollo","SIMB":"ZUSb","AREA_HAS":1.0068358892,"NOMBRE":"CERRO GUADALUPE","Shape_Leng":488.091675745,"Shape_Length":487.95692992475057,"Shape_Area":10062.805040709622}},{"type":"Feature","id":92,"geometry":{"type":"Polygon","coordinates":[[[-75.11993,5.27954],[-75.12002,5.27959],[-75.12011,5.27965],[-75.1202,5.27972],[-75.12029,5.27977],[-75.12038,5.27981],[-75.12045,5.2799],[-75.12049,5.28001],[-75.12056,5.28008],[-75.12058,5.28017],[-75.12065,5.28026],[-75.12069,5.28035],[-75.12076,5.28041],[-75.12081,5.2805],[-75.12087,5.28057],[-75.12096,5.28059],[-75.12107,5.28059],[-75.12116,5.28052],[-75.12117,5.28052],[-75.12123,5.28046],[-75.12127,5.28037],[-75.12134,5.2803],[-75.12143,5.28026],[-75.12148,5.28017],[-75.1215,5.28008],[-75.1215,5.27997],[-75.1215,5.27985],[-75.12145,5.27976],[-75.12138,5.2797],[-75.12134,5.27961],[-75.1213,5.27952],[-75.12127,5.27943],[-75.12123,5.27934],[-75.12121,5.27923],[-75.12116,5.27914],[-75.12114,5.27903],[-75.12112,5.27894],[-75.12109,5.27885],[-75.12107,5.27876],[-75.12106,5.27874],[-75.121,5.27869],[-75.12096,5.2786],[-75.12089,5.27853],[-75.1208,5.27856],[-75.12071,5.2786],[-75.12067,5.27869],[-75.12065,5.27878],[-75.12065,5.27889],[-75.12065,5.27903],[-75.12065,5.27914],[-75.12065,5.27925],[-75.12065,5.27936],[-75.12063,5.27945],[-75.12054,5.2795],[-75.12043,5.2795],[-75.12034,5.27945],[-75.12025,5.27941],[-75.1202,5.27932],[-75.12018,5.27923],[-75.12013,5.27914],[-75.12009,5.27905],[-75.12007,5.27896],[-75.12004,5.27887],[-75.12004,5.27876],[-75.12004,5.27865],[-75.12004,5.27854],[-75.12002,5.27845],[-75.12,5.27836],[-75.11995,5.27825],[-75.11991,5.27813],[-75.11989,5.27804],[-75.11984,5.27796],[-75.11978,5.27789],[-75.11971,5.2778],[-75.11964,5.27773],[-75.11957,5.27766],[-75.11948,5.27764],[-75.1194,5.27762],[-75.11928,5.27758],[-75.11919,5.27755],[-75.11908,5.27755],[-75.11899,5.27753],[-75.1189,5.27751],[-75.11882,5.27746],[-75.11873,5.2774],[-75.11868,5.27731],[-75.11859,5.27726],[-75.11855,5.27717],[-75.1185,5.27709],[-75.11844,5.277],[-75.11837,5.27691],[-75.1183,5.27684],[-75.11826,5.27675],[-75.11819,5.27666],[-75.11814,5.27657],[-75.11808,5.2765],[-75.11801,5.27644],[-75.11799,5.27635],[-75.11799,5.27624],[-75.11799,5.27612],[-75.11799,5.27601],[-75.11794,5.27592],[-75.1179,5.27583],[-75.1179,5.27572],[-75.11788,5.27563],[-75.1179,5.27552],[-75.11794,5.27543],[-75.11801,5.27536],[-75.11802,5.2753],[-75.11798,5.27538],[-75.1179,5.27544],[-75.11785,5.27548],[-75.11776,5.2755],[-75.11767,5.27548],[-75.11759,5.27544],[-75.11747,5.27538],[-75.11738,5.27534],[-75.11728,5.27533],[-75.11723,5.27534],[-75.11714,5.27536],[-75.11703,5.27536],[-75.11692,5.27533],[-75.11682,5.27529],[-75.11676,5.27525],[-75.11671,5.27536],[-75.11659,5.27561],[-75.11645,5.27584],[-75.11635,5.27595],[-75.11628,5.27597],[-75.11608,5.276],[-75.11598,5.27606],[-75.1159,5.27611],[-75.11596,5.27618],[-75.11599,5.27625],[-75.11598,5.27633],[-75.11584,5.2764],[-75.11577,5.27644],[-75.11574,5.27646],[-75.11552,5.27663],[-75.1154,5.27664],[-75.11521,5.27648],[-75.11479,5.27615],[-75.11468,5.27604],[-75.11442,5.27588],[-75.11442,5.27588],[-75.11424,5.27593],[-75.11383,5.27604],[-75.11381,5.27597],[-75.11372,5.2756],[-75.11353,5.27556],[-75.11319,5.27547],[-75.11299,5.27539],[-75.11298,5.27538],[-75.11275,5.27528],[-75.11275,5.27531],[-75.11274,5.27533],[-75.11266,5.27544],[-75.11252,5.27559],[-75.11251,5.2759],[-75.1126,5.27596],[-75.11272,5.27606],[-75.11283,5.27616],[-75.1129,5.2762],[-75.11291,5.2762],[-75.11291,5.2762],[-75.11292,5.2762],[-75.11294,5.27621],[-75.11295,5.27621],[-75.11296,5.27622],[-75.11298,5.27622],[-75.11299,5.27623],[-75.113,5.27624],[-75.11301,5.27625],[-75.11303,5.27626],[-75.11303,5.27626],[-75.11313,5.27635],[-75.11319,5.2764],[-75.1132,5.27641],[-75.11321,5.27642],[-75.11322,5.27643],[-75.11323,5.27644],[-75.11324,5.27645],[-75.11325,5.27646],[-75.11326,5.27648],[-75.11326,5.27649],[-75.11327,5.2765],[-75.11327,5.27652],[-75.11328,5.27653],[-75.11328,5.27655],[-75.11328,5.27656],[-75.11328,5.27658],[-75.11328,5.27659],[-75.11328,5.27661],[-75.11328,5.27662],[-75.11327,5.27663],[-75.11327,5.27665],[-75.11326,5.27666],[-75.11326,5.27668],[-75.11325,5.27669],[-75.11324,5.2767],[-75.11332,5.27675],[-75.11352,5.27684],[-75.11375,5.27702],[-75.11392,5.27717],[-75.11396,5.27725],[-75.11399,5.27725],[-75.11403,5.27725],[-75.11406,5.27726],[-75.11409,5.27727],[-75.11462,5.27755],[-75.11506,5.27769],[-75.11508,5.27768],[-75.11508,5.27767],[-75.11511,5.27767],[-75.11518,5.27767],[-75.11527,5.27765],[-75.11538,5.27765],[-75.11549,5.27767],[-75.1156,5.27772],[-75.11569,5.27776],[-75.11578,5.27781],[-75.11585,5.27787],[-75.11587,5.27795],[-75.11597,5.27798],[-75.116,5.278],[-75.11604,5.27802],[-75.11607,5.27805],[-75.11609,5.27808],[-75.11611,5.27811],[-75.11612,5.27815],[-75.11612,5.27819],[-75.11612,5.27823],[-75.11611,5.27827],[-75.1161,5.2783],[-75.11608,5.27834],[-75.11605,5.27837],[-75.11602,5.27839],[-75.11598,5.27841],[-75.11595,5.27842],[-75.11591,5.27842],[-75.11587,5.27842],[-75.11587,5.27852],[-75.11587,5.27863],[-75.11589,5.27872],[-75.11589,5.27883],[-75.11594,5.27892],[-75.11603,5.27899],[-75.11612,5.27903],[-75.11621,5.27906],[-75.11632,5.27906],[-75.11641,5.2791],[-75.11652,5.27915],[-75.11661,5.27917],[-75.1167,5.27921],[-75.11679,5.27924],[-75.1169,5.27923],[-75.11699,5.27919],[-75.11708,5.27917],[-75.11717,5.27915],[-75.11728,5.27912],[-75.11737,5.2791],[-75.11746,5.27906],[-75.11755,5.27901],[-75.11764,5.27894],[-75.11772,5.27888],[-75.11779,5.27881],[-75.11788,5.27876],[-75.11801,5.27876],[-75.1181,5.27879],[-75.11822,5.27881],[-75.1183,5.27883],[-75.11839,5.27885],[-75.11848,5.27887],[-75.11857,5.27892],[-75.11866,5.27894],[-75.11875,5.27899],[-75.11884,5.27901],[-75.11893,5.27905],[-75.11904,5.27907],[-75.11913,5.27912],[-75.11924,5.27914],[-75.11933,5.27916],[-75.11942,5.27923],[-75.11951,5.27928],[-75.1196,5.27932],[-75.11967,5.27941],[-75.11976,5.27943],[-75.11985,5.27948],[-75.11993,5.27954]]]},"properties":{"OBJECTID_12":92,"OBJECTID_1":104,"OBJECTID":0,"MUNICIPIO":"Manzanares","CODIGO":" ","ZONIFICACI":"Zona de Uso Sostenible","SUBZONA":"Subzona para el desarrollo","SIMB":"ZUSb","AREA_HAS":19.8161291621,"NOMBRE":"CERRO GUADALUPE","Shape_Leng":3140.09453611,"Shape_Length":3139.202370634878,"Shape_Area":198048.71913129982}},{"type":"Feature","id":93,"geometry":{"type":"Polygon","coordinates":[[[-75.12058,5.27615],[-75.12058,5.27624],[-75.12058,5.27634],[-75.12058,5.27643],[-75.12058,5.27653],[-75.12058,5.27663],[-75.12063,5.27672],[-75.1207,5.27682],[-75.12075,5.27694],[-75.12082,5.27703],[-75.12089,5.2771],[-75.12096,5.27718],[-75.12103,5.27727],[-75.12111,5.27734],[-75.12118,5.27741],[-75.12125,5.27751],[-75.12132,5.27761],[-75.12139,5.27768],[-75.12146,5.27775],[-75.12154,5.27782],[-75.12161,5.27789],[-75.12163,5.27799],[-75.12168,5.27808],[-75.12173,5.27818],[-75.1218,5.27825],[-75.12185,5.27837],[-75.12187,5.27847],[-75.12194,5.27854],[-75.12199,5.27863],[-75.12206,5.2787],[-75.12216,5.2788],[-75.12225,5.27892],[-75.1223,5.27902],[-75.1224,5.27909],[-75.12245,5.27918],[-75.12252,5.27928],[-75.12256,5.27937],[-75.12259,5.27947],[-75.12261,5.27957],[-75.12266,5.27963],[-75.12268,5.27966],[-75.12276,5.27973],[-75.12283,5.2798],[-75.12288,5.2799],[-75.12292,5.28],[-75.12295,5.28009],[-75.12302,5.28019],[-75.12309,5.28026],[-75.12316,5.28033],[-75.12326,5.2804],[-75.12333,5.2805],[-75.1234,5.28059],[-75.12347,5.28069],[-75.12355,5.28076],[-75.12362,5.28083],[-75.12371,5.2809],[-75.12381,5.28095],[-75.12395,5.28102],[-75.12405,5.28109],[-75.12414,5.28114],[-75.12424,5.28117],[-75.12433,5.28121],[-75.12443,5.28126],[-75.12452,5.28131],[-75.12464,5.28136],[-75.12474,5.2814],[-75.12484,5.28145],[-75.12493,5.28147],[-75.12503,5.2815],[-75.12512,5.28152],[-75.12522,5.28155],[-75.12531,5.28155],[-75.12541,5.28155],[-75.1255,5.28155],[-75.12555,5.28145],[-75.12553,5.28135],[-75.1255,5.28126],[-75.12546,5.28116],[-75.12536,5.28114],[-75.12524,5.28109],[-75.12512,5.28104],[-75.12503,5.28102],[-75.12493,5.28097],[-75.12486,5.2809],[-75.12476,5.28083],[-75.12469,5.28073],[-75.12457,5.28066],[-75.1245,5.28059],[-75.1244,5.28052],[-75.12433,5.28045],[-75.12424,5.28042],[-75.12417,5.28035],[-75.12407,5.2803],[-75.12397,5.28026],[-75.12388,5.28018],[-75.12381,5.28011],[-75.12374,5.28004],[-75.12369,5.27995],[-75.12364,5.27985],[-75.12359,5.27975],[-75.12359,5.27966],[-75.12357,5.27956],[-75.12352,5.27947],[-75.12352,5.2794],[-75.12351,5.27938],[-75.12297,5.27885],[-75.1222,5.2781],[-75.12218,5.27808],[-75.12216,5.27806],[-75.12215,5.27803],[-75.12194,5.27755],[-75.12162,5.27696],[-75.12125,5.27659],[-75.12077,5.2762],[-75.12058,5.27606],[-75.12058,5.27615]]]},"properties":{"OBJECTID_12":93,"OBJECTID_1":105,"OBJECTID":0,"MUNICIPIO":"Manzanares","CODIGO":" ","ZONIFICACI":"Zona de Uso Sostenible","SUBZONA":"Subzona para el desarrollo","SIMB":"ZUSb","AREA_HAS":5.17693892079,"NOMBRE":"CERRO GUADALUPE","Shape_Leng":1729.11880435,"Shape_Length":1728.6305551151809,"Shape_Area":51740.16330232215}},{"type":"Feature","id":94,"geometry":{"type":"Polygon","coordinates":[[[-75.14678,5.28283],[-75.14681,5.28284],[-75.14677,5.28277],[-75.14678,5.28283]]]},"properties":{"OBJECTID_12":94,"OBJECTID_1":106,"OBJECTID":0,"MUNICIPIO":"Manzanares","CODIGO":" ","ZONIFICACI":"Zona de Uso Sostenible","SUBZONA":"Subzona para el desarrollo","SIMB":"ZUSb","AREA_HAS":0.00092136413496,"NOMBRE":"CERRO GUADALUPE","Shape_Leng":19.9360012828,"Shape_Length":19.930437079780262,"Shape_Area":9.208887227884588}},{"type":"Feature","id":95,"geometry":{"type":"Polygon","coordinates":[[[-75.14712,5.2833],[-75.14721,5.28337],[-75.14721,5.28337],[-75.14721,5.28336],[-75.14719,5.28335],[-75.14717,5.28332],[-75.14708,5.28321],[-75.14712,5.2833]]]},"properties":{"OBJECTID_12":95,"OBJECTID_1":107,"OBJECTID":0,"MUNICIPIO":"Manzanares","CODIGO":" ","ZONIFICACI":"Zona de Uso Sostenible","SUBZONA":"Subzona para el desarrollo","SIMB":"ZUSb","AREA_HAS":0.00314512475494,"NOMBRE":"CERRO GUADALUPE","Shape_Leng":46.9701273657,"Shape_Length":46.95722650727907,"Shape_Area":31.433716610126293}},{"type":"Feature","id":96,"geometry":{"type":"Polygon","coordinates":[[[-75.14722,5.28265],[-75.1475,5.28301],[-75.14787,5.28323],[-75.14792,5.28326],[-75.14824,5.28337],[-75.14827,5.28339],[-75.14829,5.2834],[-75.14836,5.28329],[-75.14842,5.28319],[-75.14874,5.28274],[-75.14886,5.28256],[-75.14889,5.28252],[-75.14903,5.28256],[-75.14916,5.28257],[-75.14925,5.28258],[-75.14939,5.28261],[-75.14941,5.28241],[-75.14991,5.28254],[-75.14994,5.28252],[-75.14999,5.28246],[-75.15002,5.28237],[-75.15005,5.28227],[-75.15008,5.28217],[-75.15008,5.28212],[-75.15008,5.28208],[-75.15007,5.28204],[-75.15005,5.28199],[-75.14999,5.28192],[-75.14988,5.2818],[-75.1498,5.28172],[-75.14974,5.28167],[-75.14966,5.28162],[-75.14961,5.28158],[-75.14957,5.28154],[-75.14954,5.28151],[-75.14952,5.28147],[-75.14951,5.28139],[-75.14949,5.28128],[-75.14947,5.28122],[-75.14944,5.28119],[-75.14938,5.28116],[-75.14928,5.28113],[-75.1492,5.28112],[-75.14911,5.28112],[-75.14902,5.28111],[-75.14895,5.28111],[-75.1489,5.28109],[-75.14884,5.28106],[-75.14879,5.28097],[-75.14872,5.28085],[-75.14867,5.28069],[-75.14861,5.28044],[-75.14858,5.28037],[-75.14854,5.28033],[-75.14851,5.28031],[-75.1485,5.2803],[-75.14845,5.28028],[-75.14839,5.28027],[-75.14827,5.28026],[-75.14814,5.28024],[-75.14807,5.28021],[-75.14802,5.28019],[-75.14794,5.28012],[-75.1479,5.28007],[-75.14788,5.28007],[-75.14757,5.28],[-75.14725,5.28017],[-75.14723,5.28018],[-75.14719,5.2802],[-75.14715,5.28021],[-75.14712,5.28021],[-75.14642,5.28019],[-75.14602,5.28018],[-75.14557,5.28022],[-75.14485,5.28028],[-75.14487,5.28035],[-75.14499,5.28036],[-75.14501,5.28037],[-75.14504,5.28037],[-75.14554,5.28053],[-75.14557,5.28054],[-75.1456,5.28056],[-75.14562,5.28057],[-75.14632,5.28114],[-75.14635,5.28117],[-75.14637,5.2812],[-75.14722,5.28265]]]},"properties":{"OBJECTID_12":96,"OBJECTID_1":108,"OBJECTID":0,"MUNICIPIO":"Manzanares","CODIGO":" ","ZONIFICACI":"Zona de Uso Sostenible","SUBZONA":"Subzona para el desarrollo","SIMB":"ZUSb","AREA_HAS":9.89505212628,"NOMBRE":"CERRO GUADALUPE","Shape_Leng":1556.96588889,"Shape_Length":1556.539399938335,"Shape_Area":98896.27903979276}},{"type":"Feature","id":97,"geometry":{"type":"Polygon","coordinates":[[[-75.10616,5.28437],[-75.10625,5.28442],[-75.10632,5.28448],[-75.10648,5.28462],[-75.10647,5.28481],[-75.10646,5.28482],[-75.10641,5.28492],[-75.10637,5.28498],[-75.10659,5.28479],[-75.1066,5.28479],[-75.10661,5.28478],[-75.10662,5.28477],[-75.10664,5.28476],[-75.10665,5.28476],[-75.10687,5.28466],[-75.10687,5.28466],[-75.10697,5.28449],[-75.10704,5.28428],[-75.10692,5.28358],[-75.10692,5.28354],[-75.10692,5.28351],[-75.10701,5.28283],[-75.10701,5.28236],[-75.10701,5.2823],[-75.10702,5.28227],[-75.10702,5.28224],[-75.10703,5.28221],[-75.10705,5.28218],[-75.10736,5.28168],[-75.10755,5.2813],[-75.10755,5.28024],[-75.10755,5.28021],[-75.10756,5.28018],[-75.10757,5.28015],[-75.10774,5.27976],[-75.1078,5.27935],[-75.10781,5.27932],[-75.10782,5.27928],[-75.10784,5.27925],[-75.10786,5.27923],[-75.10789,5.2792],[-75.10792,5.27918],[-75.10795,5.27917],[-75.10799,5.27916],[-75.10802,5.27916],[-75.10806,5.27916],[-75.1081,5.27917],[-75.10813,5.27919],[-75.10817,5.27921],[-75.10819,5.27924],[-75.10822,5.27927],[-75.10823,5.2793],[-75.10825,5.27934],[-75.10825,5.27938],[-75.10825,5.27942],[-75.10819,5.27986],[-75.10818,5.27989],[-75.10817,5.27992],[-75.108,5.28029],[-75.108,5.28135],[-75.108,5.28138],[-75.10799,5.28142],[-75.10798,5.28145],[-75.10776,5.2819],[-75.10775,5.28191],[-75.10775,5.28191],[-75.10746,5.28237],[-75.10746,5.28269],[-75.10747,5.28284],[-75.10746,5.28287],[-75.10737,5.28354],[-75.1075,5.28426],[-75.1075,5.2843],[-75.1075,5.28434],[-75.10749,5.28437],[-75.10741,5.28461],[-75.10794,5.28461],[-75.10854,5.28461],[-75.10915,5.28446],[-75.10918,5.28445],[-75.10921,5.28445],[-75.10924,5.28445],[-75.10947,5.2845],[-75.1097,5.28454],[-75.10983,5.2845],[-75.11022,5.28422],[-75.11014,5.28418],[-75.11004,5.28416],[-75.10995,5.28416],[-75.10985,5.28413],[-75.10976,5.28416],[-75.10969,5.28416],[-75.10982,5.28404],[-75.11002,5.28373],[-75.10986,5.28364],[-75.10962,5.28344],[-75.10941,5.28319],[-75.10938,5.28303],[-75.10935,5.28284],[-75.10941,5.28284],[-75.1095,5.28287],[-75.10959,5.2829],[-75.10971,5.2829],[-75.10977,5.28281],[-75.1098,5.28272],[-75.10983,5.28263],[-75.10986,5.28254],[-75.10989,5.28242],[-75.10992,5.2823],[-75.10995,5.28221],[-75.11001,5.28212],[-75.11004,5.28204],[-75.11013,5.28195],[-75.11019,5.28186],[-75.11024,5.28177],[-75.11027,5.28165],[-75.1103,5.28156],[-75.11033,5.28144],[-75.11036,5.28135],[-75.11036,5.28123],[-75.11036,5.28111],[-75.11033,5.28102],[-75.11027,5.2809],[-75.11024,5.28081],[-75.11024,5.28072],[-75.11031,5.28052],[-75.11032,5.28049],[-75.11033,5.28048],[-75.11042,5.28042],[-75.11054,5.28042],[-75.1106,5.28051],[-75.11063,5.2806],[-75.11063,5.28072],[-75.11069,5.28081],[-75.11069,5.28096],[-75.11069,5.28108],[-75.11069,5.2812],[-75.11069,5.28132],[-75.11078,5.28138],[-75.11087,5.28129],[-75.1109,5.2812],[-75.11093,5.28111],[-75.11099,5.28102],[-75.11108,5.28099],[-75.11117,5.28102],[-75.1112,5.28111],[-75.11123,5.28123],[-75.11123,5.28135],[-75.11123,5.28146],[-75.11117,5.28155],[-75.11111,5.28164],[-75.11102,5.28173],[-75.11096,5.28182],[-75.11093,5.28191],[-75.1109,5.282],[-75.11084,5.28209],[-75.11081,5.28218],[-75.11081,5.2823],[-75.11075,5.28239],[-75.11072,5.28248],[-75.11072,5.2826],[-75.11072,5.28272],[-75.11084,5.28272],[-75.11093,5.28266],[-75.11102,5.28263],[-75.11111,5.28254],[-75.1112,5.28248],[-75.11129,5.28245],[-75.11138,5.28236],[-75.11144,5.28227],[-75.1115,5.28218],[-75.11153,5.28209],[-75.11159,5.282],[-75.11159,5.28188],[-75.11162,5.28179],[-75.11162,5.28167],[-75.11162,5.28155],[-75.11162,5.28143],[-75.11162,5.28131],[-75.11162,5.2812],[-75.11162,5.28108],[-75.11162,5.28096],[-75.11162,5.28084],[-75.11162,5.28072],[-75.11156,5.28063],[-75.11153,5.28054],[-75.11147,5.28045],[-75.11147,5.28033],[-75.11147,5.28018],[-75.1115,5.28009],[-75.11161,5.28006],[-75.1117,5.28015],[-75.11173,5.28024],[-75.11179,5.28036],[-75.11185,5.28045],[-75.11194,5.28048],[-75.11206,5.28048],[-75.11218,5.28048],[-75.11227,5.28042],[-75.1123,5.28033],[-75.11227,5.28021],[-75.11224,5.28012],[-75.11218,5.28003],[-75.11216,5.27995],[-75.11216,5.27995],[-75.11212,5.27995],[-75.11208,5.27995],[-75.11205,5.27993],[-75.11201,5.27992],[-75.11198,5.27989],[-75.11196,5.27987],[-75.11194,5.27983],[-75.11192,5.2798],[-75.11191,5.27976],[-75.11191,5.27973],[-75.11191,5.2788],[-75.11191,5.27846],[-75.11181,5.2781],[-75.11173,5.27808],[-75.11163,5.27808],[-75.11156,5.27817],[-75.11151,5.27827],[-75.11149,5.27836],[-75.11142,5.27846],[-75.11137,5.27856],[-75.11128,5.2786],[-75.11118,5.2786],[-75.11108,5.27856],[-75.11101,5.27848],[-75.11094,5.27839],[-75.11087,5.27832],[-75.1108,5.27825],[-75.11073,5.27817],[-75.11068,5.27808],[-75.11061,5.27801],[-75.11058,5.27791],[-75.11058,5.27781],[-75.11063,5.27772],[-75.11073,5.27767],[-75.11082,5.27762],[-75.11092,5.2776],[-75.11101,5.27755],[-75.11111,5.2775],[-75.1112,5.27743],[-75.11123,5.27734],[-75.11123,5.2773],[-75.11124,5.2773],[-75.11136,5.2773],[-75.11145,5.27733],[-75.11147,5.27733],[-75.11107,5.27646],[-75.11107,5.27644],[-75.11106,5.27644],[-75.11071,5.27539],[-75.11071,5.27536],[-75.1107,5.27533],[-75.1107,5.2753],[-75.1107,5.27526],[-75.11071,5.27523],[-75.11072,5.27519],[-75.11073,5.27517],[-75.11048,5.27497],[-75.11036,5.27487],[-75.11035,5.27486],[-75.11021,5.27477],[-75.11014,5.27469],[-75.11022,5.27481],[-75.11026,5.27495],[-75.11027,5.27502],[-75.11026,5.27512],[-75.11026,5.27513],[-75.11025,5.27516],[-75.11024,5.27525],[-75.1102,5.27543],[-75.11017,5.27557],[-75.1101,5.27591],[-75.11009,5.27605],[-75.11008,5.27608],[-75.11007,5.27614],[-75.11,5.27612],[-75.10992,5.27614],[-75.10984,5.2762],[-75.10967,5.27635],[-75.10952,5.27647],[-75.10946,5.27648],[-75.10945,5.27647],[-75.10943,5.27647],[-75.1094,5.27647],[-75.1094,5.27647],[-75.10936,5.27645],[-75.1093,5.2764],[-75.10927,5.27634],[-75.10923,5.27627],[-75.10919,5.2761],[-75.10916,5.27605],[-75.10911,5.276],[-75.10902,5.27597],[-75.10896,5.27596],[-75.10895,5.27596],[-75.10893,5.27595],[-75.1089,5.2759],[-75.10888,5.27587],[-75.10884,5.27576],[-75.10883,5.2757],[-75.10883,5.27568],[-75.10881,5.27554],[-75.10879,5.27545],[-75.10877,5.2754],[-75.10873,5.27534],[-75.1087,5.27531],[-75.1087,5.27537],[-75.10868,5.27569],[-75.10865,5.2759],[-75.10864,5.27608],[-75.10861,5.27636],[-75.10859,5.27648],[-75.10857,5.27661],[-75.10857,5.2767],[-75.1086,5.27671],[-75.10872,5.27671],[-75.10884,5.27674],[-75.10899,5.2768],[-75.10911,5.2768],[-75.1092,5.27683],[-75.10929,5.27686],[-75.10938,5.27692],[-75.10947,5.27701],[-75.1095,5.2771],[-75.10953,5.27719],[-75.10953,5.27731],[-75.1095,5.2774],[-75.10947,5.27749],[-75.10944,5.27758],[-75.10938,5.27767],[-75.10935,5.27776],[-75.10935,5.27788],[-75.10935,5.278],[-75.10935,5.27812],[-75.10938,5.27824],[-75.10941,5.27836],[-75.10947,5.27844],[-75.10956,5.27856],[-75.10962,5.27865],[-75.10971,5.27874],[-75.1098,5.2788],[-75.10989,5.27883],[-75.11001,5.27886],[-75.11016,5.27889],[-75.11028,5.27895],[-75.11037,5.27898],[-75.11046,5.27901],[-75.11061,5.27907],[-75.11073,5.27916],[-75.11084,5.27925],[-75.1109,5.27934],[-75.1109,5.27949],[-75.11091,5.27961],[-75.11088,5.2797],[-75.11085,5.27979],[-75.11082,5.27988],[-75.11073,5.27994],[-75.1107,5.27992],[-75.11064,5.27988],[-75.11058,5.27979],[-75.11055,5.2797],[-75.11046,5.27964],[-75.11037,5.27961],[-75.11022,5.27955],[-75.1101,5.27955],[-75.11004,5.27957],[-75.11003,5.27956],[-75.10982,5.27943],[-75.10967,5.27936],[-75.10954,5.2793],[-75.10945,5.27924],[-75.10941,5.27938],[-75.10932,5.27931],[-75.10923,5.27925],[-75.10914,5.27922],[-75.10903,5.27919],[-75.10894,5.27913],[-75.10879,5.27904],[-75.1087,5.27901],[-75.10864,5.27892],[-75.10855,5.27886],[-75.10846,5.27878],[-75.10837,5.27872],[-75.10828,5.27866],[-75.10819,5.27863],[-75.10804,5.27863],[-75.10792,5.27863],[-75.1078,5.27863],[-75.10768,5.27863],[-75.10759,5.27866],[-75.10747,5.27869],[-75.10735,5.27869],[-75.10726,5.27872],[-75.10723,5.27881],[-75.10723,5.27893],[-75.10724,5.27905],[-75.10718,5.27917],[-75.10709,5.27926],[-75.107,5.27935],[-75.10685,5.27935],[-75.10676,5.27929],[-75.10667,5.2792],[-75.10655,5.2792],[-75.10643,5.2792],[-75.10631,5.2792],[-75.10619,5.27923],[-75.1061,5.27926],[-75.10607,5.27935],[-75.10607,5.27947],[-75.1061,5.27956],[-75.10613,5.27965],[-75.10622,5.27974],[-75.10631,5.2798],[-75.1064,5.27986],[-75.10649,5.27994],[-75.10658,5.28],[-75.10667,5.28009],[-75.10673,5.28018],[-75.10679,5.28027],[-75.10682,5.28036],[-75.10688,5.28045],[-75.10688,5.28057],[-75.10694,5.28069],[-75.10697,5.28078],[-75.107,5.2809],[-75.107,5.28105],[-75.107,5.28117],[-75.107,5.28129],[-75.107,5.28141],[-75.107,5.28153],[-75.10697,5.28162],[-75.10691,5.28174],[-75.10682,5.28183],[-75.1067,5.28183],[-75.10661,5.28177],[-75.10652,5.28171],[-75.10646,5.28159],[-75.10643,5.2815],[-75.10643,5.28138],[-75.10643,5.28126],[-75.10643,5.28114],[-75.1064,5.28105],[-75.10637,5.28096],[-75.10631,5.28087],[-75.10625,5.28078],[-75.10616,5.28072],[-75.10613,5.28063],[-75.10604,5.28057],[-75.10598,5.28048],[-75.10587,5.28039],[-75.10575,5.28033],[-75.10566,5.28028],[-75.10554,5.28022],[-75.10545,5.28013],[-75.10536,5.28004],[-75.10536,5.27992],[-75.10533,5.2798],[-75.10533,5.27968],[-75.1053,5.27959],[-75.10527,5.2795],[-75.10518,5.27944],[-75.10509,5.27938],[-75.10497,5.27938],[-75.10485,5.27941],[-75.10485,5.27956],[-75.10485,5.27968],[-75.10488,5.27977],[-75.10491,5.27986],[-75.105,5.27995],[-75.10503,5.28004],[-75.10509,5.28013],[-75.10515,5.28022],[-75.10521,5.28037],[-75.10524,5.28046],[-75.10524,5.28057],[-75.1053,5.28066],[-75.10533,5.28075],[-75.10536,5.28087],[-75.10536,5.28099],[-75.10536,5.28111],[-75.10539,5.2812],[-75.10545,5.28129],[-75.10554,5.28135],[-75.10563,5.28138],[-75.10575,5.28138],[-75.10584,5.28144],[-75.10596,5.2815],[-75.10605,5.28156],[-75.10611,5.28171],[-75.10614,5.2818],[-75.10617,5.28189],[-75.10617,5.28201],[-75.10614,5.2821],[-75.10605,5.28216],[-75.10593,5.28216],[-75.10581,5.28216],[-75.10569,5.28213],[-75.10557,5.2821],[-75.10548,5.28204],[-75.10542,5.28195],[-75.10539,5.28186],[-75.1053,5.2818],[-75.10521,5.28174],[-75.10509,5.28174],[-75.10497,5.28174],[-75.10494,5.28183],[-75.10488,5.28192],[-75.10488,5.28194],[-75.10477,5.28191],[-75.10463,5.28191],[-75.10454,5.28197],[-75.10451,5.28206],[-75.10448,5.28215],[-75.10445,5.28224],[-75.10439,5.28233],[-75.10439,5.28245],[-75.10439,5.28257],[-75.10442,5.28266],[-75.10445,5.28275],[-75.10448,5.28284],[-75.10448,5.28296],[-75.10448,5.28311],[-75.10448,5.28326],[-75.10448,5.28341],[-75.10448,5.28353],[-75.10445,5.28362],[-75.10442,5.28371],[-75.10439,5.2838],[-75.10436,5.28389],[-75.10427,5.28395],[-75.10418,5.28401],[-75.10406,5.28401],[-75.10394,5.28398],[-75.10385,5.28395],[-75.10376,5.28392],[-75.10364,5.28389],[-75.10355,5.28383],[-75.1035,5.28374],[-75.10347,5.28365],[-75.10352,5.28356],[-75.10358,5.28344],[-75.10361,5.28335],[-75.10361,5.28323],[-75.10361,5.28308],[-75.10358,5.28299],[-75.10352,5.2829],[-75.10346,5.28281],[-75.1034,5.28272],[-75.10331,5.28266],[-75.10317,5.28263],[-75.10305,5.28263],[-75.1029,5.28263],[-75.10278,5.28263],[-75.10269,5.2826],[-75.1026,5.28254],[-75.10257,5.28245],[-75.10251,5.28236],[-75.10248,5.28227],[-75.10248,5.28215],[-75.10248,5.28203],[-75.10248,5.28192],[-75.10248,5.2818],[-75.10245,5.28171],[-75.10245,5.28156],[-75.10242,5.28141],[-75.10245,5.28129],[-75.10245,5.28117],[-75.10251,5.28108],[-75.10257,5.28099],[-75.10266,5.2809],[-75.10274,5.28084],[-75.10283,5.28078],[-75.10292,5.28072],[-75.10301,5.28066],[-75.1031,5.28063],[-75.10319,5.2806],[-75.10331,5.2806],[-75.10343,5.2806],[-75.10355,5.2806],[-75.10367,5.2806],[-75.10379,5.28057],[-75.10388,5.28051],[-75.10391,5.28039],[-75.10391,5.28024],[-75.10391,5.28012],[-75.10391,5.28],[-75.10388,5.27985],[-75.10385,5.27976],[-75.10382,5.27967],[-75.10373,5.27961],[-75.10367,5.27952],[-75.10361,5.27943],[-75.10352,5.27937],[-75.10346,5.27928],[-75.10334,5.27919],[-75.10325,5.27913],[-75.1031,5.27913],[-75.10298,5.27913],[-75.10286,5.27913],[-75.10277,5.2791],[-75.10265,5.2791],[-75.10259,5.27901],[-75.1025,5.27893],[-75.10244,5.27881],[-75.10238,5.27872],[-75.10233,5.27864],[-75.10209,5.27901],[-75.10187,5.27931],[-75.10171,5.27953],[-75.10166,5.27961],[-75.10161,5.2797],[-75.10138,5.28009],[-75.10117,5.28041],[-75.10098,5.28082],[-75.10084,5.28123],[-75.10078,5.28152],[-75.10072,5.2817],[-75.1007,5.28176],[-75.10066,5.28189],[-75.10062,5.28207],[-75.10056,5.2822],[-75.10048,5.28231],[-75.10045,5.28236],[-75.10044,5.28239],[-75.10043,5.28243],[-75.10043,5.28247],[-75.10044,5.28249],[-75.10047,5.28254],[-75.1005,5.28255],[-75.10071,5.28259],[-75.10078,5.28261],[-75.10087,5.28262],[-75.10103,5.28266],[-75.10115,5.28266],[-75.10128,5.28266],[-75.1014,5.28268],[-75.10152,5.2827],[-75.10165,5.28274],[-75.10175,5.28277],[-75.10181,5.2828],[-75.10186,5.28282],[-75.10195,5.28301],[-75.10201,5.28323],[-75.10202,5.28333],[-75.10201,5.28358],[-75.102,5.28376],[-75.10205,5.28394],[-75.10232,5.28397],[-75.10247,5.28399],[-75.10277,5.28399],[-75.10295,5.28394],[-75.10328,5.28393],[-75.10367,5.28398],[-75.10381,5.28424],[-75.10399,5.28457],[-75.1041,5.28477],[-75.10418,5.28475],[-75.1043,5.2847],[-75.10453,5.28459],[-75.10467,5.28454],[-75.10482,5.28447],[-75.10501,5.28433],[-75.10518,5.28421],[-75.10525,5.28425],[-75.10532,5.28431],[-75.10542,5.28431],[-75.10552,5.28427],[-75.10558,5.2842],[-75.10568,5.28418],[-75.10569,5.28428],[-75.10576,5.28434],[-75.10586,5.28434],[-75.10596,5.28434],[-75.10608,5.28432],[-75.10616,5.28437]]]},"properties":{"OBJECTID_12":97,"OBJECTID_1":109,"OBJECTID":0,"MUNICIPIO":"Manzanares","CODIGO":" ","ZONIFICACI":"Zona de Uso Sostenible","SUBZONA":"Subzona para el desarrollo","SIMB":"ZUSb","AREA_HAS":52.181599622,"NOMBRE":"CERRO GUADALUPE","Shape_Leng":9757.03253372,"Shape_Length":9754.229001280875,"Shape_Area":521516.04414903454}},{"type":"Feature","id":98,"geometry":{"type":"Polygon","coordinates":[[[-75.13827,5.28494],[-75.13839,5.28497],[-75.13848,5.28503],[-75.13857,5.28512],[-75.13866,5.28515],[-75.13878,5.28518],[-75.13887,5.28524],[-75.13894,5.28529],[-75.13892,5.28528],[-75.13892,5.28528],[-75.13889,5.28525],[-75.13763,5.28381],[-75.1374,5.28372],[-75.13731,5.28372],[-75.13719,5.28375],[-75.1371,5.28381],[-75.13701,5.28387],[-75.13704,5.28396],[-75.13704,5.28408],[-75.13707,5.28417],[-75.1371,5.28426],[-75.13716,5.28435],[-75.13725,5.28441],[-75.13734,5.28447],[-75.1374,5.28456],[-75.13746,5.28468],[-75.13752,5.28477],[-75.13758,5.28486],[-75.13773,5.28489],[-75.13785,5.28492],[-75.13797,5.28492],[-75.13812,5.28492],[-75.13827,5.28494]]]},"properties":{"OBJECTID_12":98,"OBJECTID_1":110,"OBJECTID":0,"MUNICIPIO":"Manzanares","CODIGO":" ","ZONIFICACI":"Zona de Uso Sostenible","SUBZONA":"Subzona para el desarrollo","SIMB":"ZUSb","AREA_HAS":1.28127197124,"NOMBRE":"CERRO GUADALUPE","Shape_Leng":586.549353266,"Shape_Length":586.3867921711804,"Shape_Area":12805.619256856264}},{"type":"Feature","id":99,"geometry":{"type":"Polygon","coordinates":[[[-75.14131,5.28452],[-75.14134,5.28461],[-75.1414,5.2847],[-75.14146,5.28479],[-75.14152,5.28488],[-75.14158,5.28497],[-75.14161,5.28506],[-75.1417,5.28515],[-75.14179,5.28521],[-75.14191,5.2853],[-75.14206,5.28536],[-75.14215,5.28539],[-75.14224,5.28545],[-75.14239,5.28548],[-75.14248,5.28551],[-75.14248,5.28551],[-75.14249,5.2855],[-75.14251,5.28547],[-75.14254,5.28545],[-75.14258,5.28543],[-75.14261,5.28542],[-75.14331,5.28523],[-75.14419,5.28472],[-75.14433,5.28464],[-75.14435,5.28463],[-75.14438,5.28462],[-75.14441,5.28462],[-75.14565,5.28445],[-75.14567,5.28445],[-75.14569,5.28445],[-75.14698,5.28455],[-75.14753,5.28454],[-75.14882,5.28408],[-75.14889,5.28405],[-75.14881,5.28401],[-75.14871,5.28396],[-75.14865,5.28393],[-75.14864,5.28393],[-75.14854,5.28391],[-75.14851,5.28389],[-75.14828,5.2838],[-75.14826,5.28379],[-75.14825,5.2838],[-75.14821,5.28381],[-75.14817,5.28381],[-75.14813,5.28381],[-75.1481,5.2838],[-75.14775,5.28368],[-75.14775,5.28368],[-75.14771,5.28367],[-75.14739,5.28347],[-75.14737,5.28346],[-75.14738,5.28347],[-75.14743,5.28354],[-75.14747,5.28363],[-75.14752,5.28372],[-75.14743,5.28379],[-75.14734,5.28381],[-75.14723,5.28381],[-75.14712,5.28381],[-75.14703,5.28377],[-75.14696,5.28368],[-75.14692,5.28359],[-75.14689,5.2835],[-75.14683,5.28341],[-75.14674,5.28337],[-75.14665,5.28334],[-75.14654,5.28334],[-75.1464,5.28334],[-75.14629,5.28335],[-75.14616,5.28335],[-75.14607,5.28332],[-75.14596,5.28332],[-75.14593,5.28323],[-75.14585,5.28321],[-75.14576,5.28317],[-75.14567,5.28312],[-75.14553,5.28312],[-75.14542,5.28312],[-75.14531,5.28312],[-75.1452,5.28312],[-75.14519,5.28312],[-75.14509,5.28312],[-75.14497,5.28312],[-75.14489,5.28308],[-75.1448,5.28306],[-75.14468,5.28303],[-75.14455,5.28301],[-75.14446,5.28299],[-75.14435,5.28299],[-75.14426,5.28297],[-75.14413,5.28297],[-75.14404,5.28295],[-75.14393,5.28295],[-75.14384,5.28292],[-75.14373,5.28292],[-75.14364,5.2829],[-75.14355,5.28286],[-75.14346,5.28284],[-75.14335,5.28284],[-75.14323,5.28284],[-75.14314,5.28286],[-75.14306,5.28288],[-75.14299,5.28295],[-75.14294,5.28304],[-75.1429,5.28313],[-75.14286,5.28322],[-75.14283,5.28331],[-75.1429,5.28337],[-75.14301,5.28342],[-75.1431,5.28346],[-75.14319,5.28353],[-75.14324,5.28362],[-75.1433,5.28369],[-75.14337,5.28378],[-75.14341,5.28391],[-75.14346,5.284],[-75.1435,5.28409],[-75.14357,5.28415],[-75.14364,5.28424],[-75.14373,5.28433],[-75.14377,5.28442],[-75.14378,5.28443],[-75.1437,5.28443],[-75.14358,5.28443],[-75.14349,5.28437],[-75.1434,5.28434],[-75.14325,5.28428],[-75.14316,5.28419],[-75.14304,5.2841],[-75.14295,5.28404],[-75.14286,5.28401],[-75.14271,5.28395],[-75.14262,5.28389],[-75.14253,5.2838],[-75.14244,5.28377],[-75.14235,5.28371],[-75.14223,5.28371],[-75.14212,5.28371],[-75.142,5.28371],[-75.14191,5.28368],[-75.14182,5.28362],[-75.1417,5.28359],[-75.14158,5.28359],[-75.14149,5.28362],[-75.1414,5.28365],[-75.14134,5.28374],[-75.14128,5.28383],[-75.14128,5.28395],[-75.14128,5.28407],[-75.14128,5.28419],[-75.14131,5.28428],[-75.14131,5.2844],[-75.14131,5.28452]]]},"properties":{"OBJECTID_12":99,"OBJECTID_1":111,"OBJECTID":0,"MUNICIPIO":"Manzanares","CODIGO":" ","ZONIFICACI":"Zona de Uso Sostenible","SUBZONA":"Subzona para el desarrollo","SIMB":"ZUSb","AREA_HAS":11.8046146392,"NOMBRE":"CERRO GUADALUPE","Shape_Leng":2296.32296602,"Shape_Length":2295.6912739186746,"Shape_Area":117981.1907097062}},{"type":"Feature","id":100,"geometry":{"type":"Polygon","coordinates":[[[-75.12065,5.28653],[-75.12106,5.28656],[-75.12105,5.28655],[-75.12095,5.28651],[-75.12083,5.28646],[-75.12074,5.28643],[-75.12064,5.28648],[-75.1206,5.28653],[-75.12061,5.28653],[-75.12065,5.28653]]]},"properties":{"OBJECTID_12":100,"OBJECTID_1":112,"OBJECTID":0,"MUNICIPIO":"Manzanares","CODIGO":" ","ZONIFICACI":"Zona de Uso Sostenible","SUBZONA":"Subzona para el desarrollo","SIMB":"ZUSb","AREA_HAS":0.0331333968958,"NOMBRE":"CERRO GUADALUPE","Shape_Leng":108.181340844,"Shape_Length":108.15086950741565,"Shape_Area":331.1486382648219}},{"type":"Feature","id":101,"geometry":{"type":"Polygon","coordinates":[[[-75.11831,5.28633],[-75.11831,5.28645],[-75.11831,5.28657],[-75.11831,5.28669],[-75.11831,5.28681],[-75.11831,5.28693],[-75.11831,5.28704],[-75.11831,5.28716],[-75.1184,5.2871],[-75.11849,5.28701],[-75.11858,5.28698],[-75.11867,5.28692],[-75.11876,5.28686],[-75.11884,5.28674],[-75.1189,5.28666],[-75.11896,5.28654],[-75.11902,5.28645],[-75.11908,5.28633],[-75.11914,5.28624],[-75.11917,5.28615],[-75.11926,5.28606],[-75.11935,5.286],[-75.11944,5.28597],[-75.11956,5.28594],[-75.11968,5.28594],[-75.1198,5.28594],[-75.11989,5.28591],[-75.11998,5.28588],[-75.12004,5.28579],[-75.12007,5.2857],[-75.12007,5.28558],[-75.12004,5.28549],[-75.12001,5.2854],[-75.11992,5.28534],[-75.11989,5.28525],[-75.11989,5.28513],[-75.11989,5.28501],[-75.11989,5.28489],[-75.11986,5.2848],[-75.11983,5.28471],[-75.11977,5.28462],[-75.11974,5.28453],[-75.11971,5.28444],[-75.11965,5.28435],[-75.11959,5.28426],[-75.11956,5.28417],[-75.11944,5.28411],[-75.11935,5.28408],[-75.11923,5.28408],[-75.11914,5.28402],[-75.11905,5.28396],[-75.11896,5.2839],[-75.11894,5.28389],[-75.11894,5.28385],[-75.11894,5.28376],[-75.11894,5.28366],[-75.11894,5.28357],[-75.11897,5.28347],[-75.11906,5.28342],[-75.11916,5.28335],[-75.11923,5.28325],[-75.11928,5.28314],[-75.1193,5.28304],[-75.11937,5.28297],[-75.11947,5.28287],[-75.11956,5.28285],[-75.11959,5.28275],[-75.11968,5.28268],[-75.11975,5.28261],[-75.11983,5.28254],[-75.1199,5.28246],[-75.11994,5.28237],[-75.11999,5.28227],[-75.11997,5.28218],[-75.11997,5.28208],[-75.11987,5.28201],[-75.11978,5.28196],[-75.11968,5.28189],[-75.11959,5.28184],[-75.11949,5.28177],[-75.11937,5.28172],[-75.11928,5.28172],[-75.11926,5.28172],[-75.11923,5.28208],[-75.11922,5.28211],[-75.11921,5.28214],[-75.11918,5.28223],[-75.11918,5.28227],[-75.11916,5.28239],[-75.11911,5.28249],[-75.11906,5.28252],[-75.11903,5.28262],[-75.11901,5.28265],[-75.11901,5.28266],[-75.1187,5.28315],[-75.11847,5.28365],[-75.11841,5.28406],[-75.11832,5.28469],[-75.11831,5.28473],[-75.1183,5.28474],[-75.11829,5.28476],[-75.11827,5.2848],[-75.11793,5.28527],[-75.11791,5.2853],[-75.11788,5.28532],[-75.11786,5.28533],[-75.11741,5.28559],[-75.11739,5.2856],[-75.11724,5.28567],[-75.1173,5.2857],[-75.1174,5.28577],[-75.11749,5.28577],[-75.11759,5.28577],[-75.11768,5.28577],[-75.11778,5.28579],[-75.11787,5.28579],[-75.11795,5.28586],[-75.11804,5.28589],[-75.11806,5.2859],[-75.11804,5.28591],[-75.11798,5.28603],[-75.11792,5.28612],[-75.11783,5.28618],[-75.11774,5.28624],[-75.11765,5.2863],[-75.11756,5.28639],[-75.11756,5.28651],[-75.11756,5.28651],[-75.11759,5.2866],[-75.11765,5.28669],[-75.11777,5.28669],[-75.11786,5.2866],[-75.11786,5.28648],[-75.11786,5.28636],[-75.11795,5.2863],[-75.11807,5.28627],[-75.11822,5.28627],[-75.11831,5.28633]]]},"properties":{"OBJECTID_12":101,"OBJECTID_1":113,"OBJECTID":0,"MUNICIPIO":"Manzanares","CODIGO":" ","ZONIFICACI":"Zona de Uso Sostenible","SUBZONA":"Subzona para el desarrollo","SIMB":"ZUSb","AREA_HAS":7.0739235813,"NOMBRE":"CERRO GUADALUPE","Shape_Leng":1804.11528525,"Shape_Length":1803.6033393400805,"Shape_Area":70699.11798618075}},{"type":"Feature","id":102,"geometry":{"type":"Polygon","coordinates":[[[-75.14233,5.28754],[-75.14248,5.28754],[-75.14256,5.28754],[-75.14223,5.28744],[-75.14222,5.28743],[-75.1422,5.28743],[-75.14141,5.28705],[-75.14139,5.28704],[-75.14137,5.28703],[-75.14098,5.28676],[-75.14056,5.28658],[-75.14054,5.28656],[-75.14051,5.28654],[-75.13896,5.28531],[-75.13905,5.28542],[-75.13908,5.28551],[-75.13911,5.2856],[-75.13914,5.28572],[-75.13917,5.28584],[-75.1392,5.28593],[-75.13929,5.28602],[-75.13937,5.28611],[-75.13946,5.2862],[-75.13958,5.28623],[-75.13967,5.28629],[-75.13976,5.28632],[-75.13985,5.28635],[-75.13997,5.28638],[-75.14009,5.28638],[-75.14021,5.28638],[-75.1403,5.28644],[-75.14039,5.2865],[-75.14045,5.28659],[-75.14054,5.28668],[-75.14063,5.28673],[-75.14072,5.28679],[-75.14084,5.28682],[-75.14096,5.28688],[-75.14105,5.28691],[-75.14114,5.28697],[-75.14123,5.28703],[-75.14132,5.28712],[-75.14141,5.28718],[-75.14149,5.28724],[-75.14161,5.28727],[-75.1417,5.2873],[-75.14179,5.28733],[-75.14191,5.28739],[-75.142,5.28745],[-75.14209,5.28748],[-75.14221,5.28748],[-75.14233,5.28754]]]},"properties":{"OBJECTID_12":102,"OBJECTID_1":114,"OBJECTID":0,"MUNICIPIO":"Manzanares","CODIGO":" ","ZONIFICACI":"Zona de Uso Sostenible","SUBZONA":"Subzona para el desarrollo","SIMB":"ZUSb","AREA_HAS":0.773603115996,"NOMBRE":"CERRO GUADALUPE","Shape_Leng":976.59495832,"Shape_Length":976.3253014652014,"Shape_Area":7731.7550786768725}},{"type":"Feature","id":103,"geometry":{"type":"Polygon","coordinates":[[[-75.11878,5.28744],[-75.11869,5.28747],[-75.11859,5.28749],[-75.11852,5.28756],[-75.11847,5.28766],[-75.11845,5.28775],[-75.11838,5.28783],[-75.11838,5.28792],[-75.11831,5.28802],[-75.11831,5.28808],[-75.11833,5.28807],[-75.11877,5.2875],[-75.1188,5.28748],[-75.11883,5.28745],[-75.11885,5.28744],[-75.11878,5.28744]]]},"properties":{"OBJECTID_12":103,"OBJECTID_1":115,"OBJECTID":0,"MUNICIPIO":"Manzanares","CODIGO":" ","ZONIFICACI":"Zona de Uso Sostenible","SUBZONA":"Subzona para el desarrollo","SIMB":"ZUSb","AREA_HAS":0.099173164021,"NOMBRE":"CERRO GUADALUPE","Shape_Leng":197.317699552,"Shape_Length":197.2615871130959,"Shape_Area":991.1646976431119}},{"type":"Feature","id":104,"geometry":{"type":"Polygon","coordinates":[[[-75.10514,5.28741],[-75.10525,5.2875],[-75.10539,5.28758],[-75.10553,5.28762],[-75.10555,5.2877],[-75.10559,5.28784],[-75.10566,5.28789],[-75.10576,5.28796],[-75.10569,5.28803],[-75.10558,5.28814],[-75.10555,5.28817],[-75.10824,5.28822],[-75.10859,5.28823],[-75.10913,5.28811],[-75.10963,5.28786],[-75.10981,5.28764],[-75.10981,5.28763],[-75.10974,5.28756],[-75.10967,5.28749],[-75.10957,5.28744],[-75.10948,5.28737],[-75.1094,5.2873],[-75.10933,5.2872],[-75.10928,5.28711],[-75.10928,5.28701],[-75.10931,5.28692],[-75.10931,5.28682],[-75.10931,5.28672],[-75.10935,5.28663],[-75.1094,5.28653],[-75.1094,5.28644],[-75.1094,5.28634],[-75.1094,5.28625],[-75.10945,5.28615],[-75.10947,5.28605],[-75.10952,5.28596],[-75.10962,5.28589],[-75.10969,5.28582],[-75.10978,5.28579],[-75.1099,5.28574],[-75.11,5.28572],[-75.11009,5.28567],[-75.11019,5.28562],[-75.11026,5.28555],[-75.11035,5.28548],[-75.11038,5.28538],[-75.11035,5.28529],[-75.11035,5.28524],[-75.1104,5.28526],[-75.1105,5.28525],[-75.11059,5.28523],[-75.11069,5.28521],[-75.11076,5.28513],[-75.11076,5.28504],[-75.11071,5.28494],[-75.11064,5.28485],[-75.11059,5.28475],[-75.11057,5.28466],[-75.11052,5.28456],[-75.11052,5.28456],[-75.11006,5.28489],[-75.11004,5.2849],[-75.11002,5.28492],[-75.10999,5.28492],[-75.10986,5.28496],[-75.10977,5.28499],[-75.10974,5.285],[-75.1097,5.285],[-75.10967,5.28499],[-75.10921,5.28491],[-75.10863,5.28506],[-75.10861,5.28506],[-75.10857,5.28506],[-75.10794,5.28506],[-75.10707,5.28507],[-75.10686,5.28516],[-75.10658,5.2854],[-75.10657,5.28541],[-75.10657,5.28541],[-75.10684,5.28552],[-75.10673,5.28561],[-75.10661,5.28573],[-75.10644,5.28584],[-75.10629,5.28593],[-75.10606,5.28604],[-75.1058,5.28613],[-75.10556,5.28619],[-75.10535,5.2862],[-75.10513,5.28622],[-75.10507,5.28628],[-75.10503,5.28637],[-75.10503,5.28649],[-75.10514,5.28659],[-75.10516,5.28663],[-75.10512,5.28667],[-75.10495,5.28679],[-75.10482,5.28692],[-75.10463,5.28718],[-75.10465,5.28719],[-75.10467,5.28723],[-75.10469,5.28726],[-75.1047,5.28729],[-75.10471,5.28733],[-75.10471,5.28737],[-75.10469,5.2875],[-75.10489,5.28739],[-75.105,5.28734],[-75.10514,5.28741]]]},"properties":{"OBJECTID_12":104,"OBJECTID_1":116,"OBJECTID":0,"MUNICIPIO":"Manzanares","CODIGO":" ","ZONIFICACI":"Zona de Uso Sostenible","SUBZONA":"Subzona para el desarrollo","SIMB":"ZUSb","AREA_HAS":15.8351870225,"NOMBRE":"CERRO GUADALUPE","Shape_Leng":2038.92954547,"Shape_Length":2038.3437234020314,"Shape_Area":158260.94871436903}},{"type":"Feature","id":105,"geometry":{"type":"Polygon","coordinates":[[[-75.11554,5.28673],[-75.1153,5.28731],[-75.11516,5.28781],[-75.11516,5.28798],[-75.11518,5.28801],[-75.11521,5.2881],[-75.11527,5.28819],[-75.1153,5.28828],[-75.11533,5.28837],[-75.11542,5.28846],[-75.11545,5.28854],[-75.11548,5.28866],[-75.11551,5.28875],[-75.11554,5.28884],[-75.11556,5.28892],[-75.11563,5.28887],[-75.11572,5.28884],[-75.11581,5.28878],[-75.11589,5.28872],[-75.11595,5.28863],[-75.11598,5.28854],[-75.11598,5.28842],[-75.11598,5.2883],[-75.11604,5.28821],[-75.11613,5.28815],[-75.11622,5.2881],[-75.11631,5.28806],[-75.1164,5.28803],[-75.11649,5.28797],[-75.11658,5.28789],[-75.11661,5.2878],[-75.11667,5.28771],[-75.11667,5.28756],[-75.11664,5.28747],[-75.11661,5.28738],[-75.11655,5.28729],[-75.11649,5.2872],[-75.11646,5.28711],[-75.1164,5.28702],[-75.11631,5.28699],[-75.11622,5.28693],[-75.11621,5.28689],[-75.11619,5.28684],[-75.1161,5.28672],[-75.11604,5.2866],[-75.11595,5.28648],[-75.11589,5.28639],[-75.11588,5.28638],[-75.11554,5.28673]]]},"properties":{"OBJECTID_12":105,"OBJECTID_1":117,"OBJECTID":0,"MUNICIPIO":"Manzanares","CODIGO":" ","ZONIFICACI":"Zona de Uso Sostenible","SUBZONA":"Subzona para el desarrollo","SIMB":"ZUSb","AREA_HAS":2.64838724228,"NOMBRE":"CERRO GUADALUPE","Shape_Leng":689.433167506,"Shape_Length":689.2368820609482,"Shape_Area":26468.79110308511}},{"type":"Feature","id":106,"geometry":{"type":"Polygon","coordinates":[[[-75.14118,5.28635],[-75.1412,5.28636],[-75.14122,5.28637],[-75.14162,5.28665],[-75.14238,5.28701],[-75.14309,5.28722],[-75.14338,5.28731],[-75.14455,5.28737],[-75.14458,5.28738],[-75.14462,5.28739],[-75.14506,5.28754],[-75.14509,5.28756],[-75.14512,5.28757],[-75.14514,5.28759],[-75.14516,5.28762],[-75.1458,5.28844],[-75.14592,5.28852],[-75.14655,5.28862],[-75.14853,5.28892],[-75.14857,5.28893],[-75.1486,5.28895],[-75.14908,5.2892],[-75.1491,5.28921],[-75.14912,5.28923],[-75.14914,5.28925],[-75.1493,5.28944],[-75.14941,5.28925],[-75.14943,5.28923],[-75.14945,5.2892],[-75.14947,5.28918],[-75.14951,5.28915],[-75.14953,5.28912],[-75.14957,5.28907],[-75.14973,5.28891],[-75.14979,5.28883],[-75.14987,5.28869],[-75.1498,5.28855],[-75.14963,5.28842],[-75.1496,5.28839],[-75.14958,5.28837],[-75.14957,5.28834],[-75.14955,5.28831],[-75.14955,5.28827],[-75.14954,5.28824],[-75.14954,5.28808],[-75.14955,5.28804],[-75.14955,5.28801],[-75.14957,5.28797],[-75.14972,5.28768],[-75.14975,5.28734],[-75.14975,5.28733],[-75.14976,5.28729],[-75.14989,5.28696],[-75.1499,5.28692],[-75.14993,5.28689],[-75.14995,5.28686],[-75.15003,5.2868],[-75.15018,5.28667],[-75.15038,5.28641],[-75.15041,5.2861],[-75.15042,5.28606],[-75.15043,5.28602],[-75.15045,5.28599],[-75.15046,5.28599],[-75.15036,5.28583],[-75.15031,5.28574],[-75.15035,5.2857],[-75.15038,5.28566],[-75.15042,5.28559],[-75.15044,5.28553],[-75.15045,5.28544],[-75.15046,5.28537],[-75.15046,5.28533],[-75.15045,5.28525],[-75.15042,5.28512],[-75.15037,5.28496],[-75.15031,5.28482],[-75.15025,5.28469],[-75.15015,5.28458],[-75.15013,5.28456],[-75.15003,5.28449],[-75.14994,5.28446],[-75.14992,5.28445],[-75.14984,5.28443],[-75.14965,5.28443],[-75.14956,5.28444],[-75.14953,5.28444],[-75.14942,5.28444],[-75.14927,5.28443],[-75.14921,5.2844],[-75.1492,5.28441],[-75.14916,5.28443],[-75.14899,5.2845],[-75.14898,5.28451],[-75.14774,5.28495],[-75.14765,5.28498],[-75.14765,5.28498],[-75.14761,5.28499],[-75.14757,5.285],[-75.14728,5.285],[-75.14697,5.285],[-75.14696,5.285],[-75.14568,5.28491],[-75.14451,5.28506],[-75.14351,5.28564],[-75.14348,5.28566],[-75.14346,5.28566],[-75.14321,5.28573],[-75.14322,5.28574],[-75.14322,5.28586],[-75.14322,5.28598],[-75.14319,5.28607],[-75.14313,5.28616],[-75.14304,5.28619],[-75.14292,5.28619],[-75.14281,5.28619],[-75.14272,5.28616],[-75.14263,5.28613],[-75.14248,5.28613],[-75.14236,5.2861],[-75.14224,5.28607],[-75.14212,5.28607],[-75.14203,5.28604],[-75.14194,5.28599],[-75.14185,5.28596],[-75.14179,5.28587],[-75.1417,5.28578],[-75.14161,5.28575],[-75.14143,5.28566],[-75.14134,5.28563],[-75.14131,5.28554],[-75.14119,5.28542],[-75.14116,5.28533],[-75.1411,5.28524],[-75.14107,5.28515],[-75.14101,5.28503],[-75.14092,5.28494],[-75.14089,5.28485],[-75.14083,5.28476],[-75.14077,5.28467],[-75.14074,5.28458],[-75.14071,5.28443],[-75.14068,5.28434],[-75.14068,5.28422],[-75.14068,5.2841],[-75.14068,5.28398],[-75.14065,5.28389],[-75.14062,5.2838],[-75.14059,5.28371],[-75.14056,5.28363],[-75.14047,5.28351],[-75.14044,5.28342],[-75.14038,5.28333],[-75.14029,5.28324],[-75.14018,5.28312],[-75.14012,5.28303],[-75.14003,5.283],[-75.13994,5.28294],[-75.13982,5.28294],[-75.1397,5.28294],[-75.13958,5.28294],[-75.13949,5.283],[-75.1394,5.28303],[-75.13928,5.28303],[-75.13916,5.28303],[-75.13904,5.28303],[-75.13892,5.28303],[-75.13883,5.28306],[-75.1388,5.28315],[-75.13871,5.28324],[-75.13865,5.28333],[-75.13862,5.28342],[-75.13859,5.28351],[-75.13854,5.2836],[-75.13845,5.28366],[-75.13836,5.28372],[-75.13827,5.28378],[-75.13822,5.28379],[-75.13922,5.28494],[-75.14076,5.28617],[-75.14118,5.28635]]]},"properties":{"OBJECTID_12":106,"OBJECTID_1":118,"OBJECTID":0,"MUNICIPIO":"Manzanares","CODIGO":" ","ZONIFICACI":"Zona de Uso Sostenible","SUBZONA":"Subzona para el desarrollo","SIMB":"ZUSb","AREA_HAS":37.2726700679,"NOMBRE":"CERRO GUADALUPE","Shape_Leng":3719.27502254,"Shape_Length":3718.2515101767253,"Shape_Area":372521.9637555088}},{"type":"Feature","id":107,"geometry":{"type":"Polygon","coordinates":[[[-75.13522,5.28836],[-75.13525,5.28845],[-75.13528,5.28854],[-75.13531,5.28863],[-75.13534,5.28872],[-75.13537,5.28881],[-75.1354,5.2889],[-75.1354,5.28902],[-75.1354,5.28914],[-75.1354,5.28926],[-75.13541,5.28938],[-75.13541,5.28944],[-75.13547,5.28947],[-75.13555,5.2895],[-75.13564,5.28959],[-75.1357,5.28968],[-75.13579,5.28974],[-75.13588,5.28977],[-75.136,5.2898],[-75.13612,5.2898],[-75.13621,5.28977],[-75.1363,5.28974],[-75.13636,5.28965],[-75.13636,5.28953],[-75.13636,5.28941],[-75.13633,5.28929],[-75.13627,5.2892],[-75.13624,5.28911],[-75.13618,5.28902],[-75.13609,5.28893],[-75.136,5.28884],[-75.13597,5.28875],[-75.13594,5.28866],[-75.13594,5.28854],[-75.13597,5.28842],[-75.13603,5.28833],[-75.13615,5.28833],[-75.13627,5.28833],[-75.13639,5.28833],[-75.13651,5.28836],[-75.1366,5.28842],[-75.13672,5.28842],[-75.13684,5.28842],[-75.13692,5.28839],[-75.13701,5.28836],[-75.1371,5.2883],[-75.1371,5.28818],[-75.13707,5.28809],[-75.13698,5.28803],[-75.13686,5.28797],[-75.13677,5.28794],[-75.13666,5.28791],[-75.13657,5.28788],[-75.13648,5.28782],[-75.13648,5.2877],[-75.13648,5.28758],[-75.13651,5.28746],[-75.13651,5.28734],[-75.13648,5.28722],[-75.13645,5.28713],[-75.13639,5.28704],[-75.13636,5.28695],[-75.13627,5.28689],[-75.13615,5.2869],[-75.13603,5.2869],[-75.13594,5.28693],[-75.13585,5.28699],[-75.13576,5.28705],[-75.13567,5.28714],[-75.13558,5.28722],[-75.13549,5.28731],[-75.1354,5.28737],[-75.13534,5.28746],[-75.13525,5.28749],[-75.13516,5.28752],[-75.13504,5.28752],[-75.13495,5.28758],[-75.13492,5.28767],[-75.1349,5.28779],[-75.13496,5.28791],[-75.13502,5.288],[-75.13507,5.28809],[-75.1351,5.28818],[-75.13516,5.28827],[-75.13522,5.28836]]]},"properties":{"OBJECTID_12":107,"OBJECTID_1":119,"OBJECTID":0,"MUNICIPIO":"Manzanares","CODIGO":" ","ZONIFICACI":"Zona de Uso Sostenible","SUBZONA":"Subzona para el desarrollo","SIMB":"ZUSb","AREA_HAS":3.74796533024,"NOMBRE":"CERRO GUADALUPE","Shape_Leng":1013.33603976,"Shape_Length":1013.0541281670312,"Shape_Area":37458.82131352513}},{"type":"Feature","id":108,"geometry":{"type":"Polygon","coordinates":[[[-75.11701,5.29037],[-75.11707,5.29044],[-75.11716,5.29048],[-75.11725,5.29051],[-75.11734,5.29053],[-75.11743,5.29057],[-75.11754,5.29057],[-75.11765,5.29057],[-75.11774,5.29055],[-75.11783,5.29053],[-75.11792,5.29048],[-75.11801,5.29042],[-75.1181,5.29035],[-75.11819,5.29028],[-75.11828,5.29021],[-75.11832,5.29012],[-75.11839,5.29006],[-75.11843,5.28997],[-75.11848,5.28988],[-75.1185,5.28979],[-75.1185,5.28968],[-75.11843,5.28961],[-75.11839,5.28952],[-75.11834,5.28943],[-75.11832,5.28934],[-75.11832,5.28923],[-75.11834,5.28914],[-75.11837,5.28905],[-75.11839,5.28896],[-75.11839,5.28885],[-75.1184,5.28882],[-75.11847,5.28875],[-75.11859,5.28875],[-75.11868,5.28872],[-75.11874,5.28863],[-75.11877,5.28854],[-75.11885,5.28842],[-75.11894,5.28839],[-75.11903,5.28836],[-75.11915,5.28836],[-75.11927,5.28836],[-75.11939,5.28839],[-75.11948,5.28845],[-75.11957,5.28851],[-75.11963,5.28859],[-75.11972,5.28868],[-75.11981,5.28874],[-75.1199,5.28877],[-75.11999,5.2888],[-75.12011,5.2888],[-75.1202,5.28877],[-75.12023,5.28875],[-75.12023,5.28874],[-75.12026,5.28865],[-75.12029,5.28856],[-75.12032,5.28847],[-75.12038,5.28838],[-75.12044,5.28829],[-75.1205,5.2882],[-75.12061,5.2882],[-75.1207,5.28823],[-75.12082,5.28823],[-75.12094,5.28823],[-75.12103,5.28829],[-75.12112,5.28835],[-75.12118,5.28841],[-75.12122,5.28832],[-75.12129,5.28823],[-75.12131,5.28813],[-75.12134,5.28804],[-75.12139,5.28794],[-75.12141,5.28784],[-75.12143,5.28772],[-75.12146,5.28763],[-75.12146,5.28753],[-75.12146,5.28744],[-75.12143,5.28734],[-75.12141,5.28722],[-75.12136,5.28713],[-75.12132,5.28704],[-75.12068,5.28698],[-75.12055,5.28706],[-75.12055,5.28715],[-75.12055,5.28727],[-75.12055,5.28737],[-75.12053,5.28746],[-75.12053,5.28756],[-75.1205,5.28765],[-75.12043,5.28773],[-75.12036,5.2878],[-75.12026,5.28782],[-75.12017,5.28782],[-75.12007,5.28782],[-75.11998,5.28782],[-75.11988,5.28782],[-75.11976,5.28782],[-75.11967,5.2878],[-75.11957,5.2878],[-75.11949,5.28777],[-75.11946,5.28778],[-75.11943,5.28779],[-75.1194,5.2878],[-75.11936,5.2878],[-75.1192,5.2878],[-75.11908,5.28784],[-75.11865,5.28838],[-75.11863,5.28841],[-75.11861,5.28843],[-75.11858,5.28845],[-75.11841,5.28853],[-75.11833,5.28857],[-75.1183,5.28858],[-75.11827,5.28859],[-75.11825,5.2886],[-75.11764,5.28866],[-75.11725,5.28878],[-75.11721,5.28886],[-75.11693,5.29013],[-75.11692,5.29016],[-75.11692,5.29017],[-75.11684,5.29036],[-75.1169,5.29035],[-75.11701,5.29037]]]},"properties":{"OBJECTID_12":108,"OBJECTID_1":120,"OBJECTID":0,"MUNICIPIO":"Manzanares","CODIGO":" ","ZONIFICACI":"Zona de Uso Sostenible","SUBZONA":"Subzona para el desarrollo","SIMB":"ZUSb","AREA_HAS":5.86584814576,"NOMBRE":"CERRO GUADALUPE","Shape_Leng":1646.09756206,"Shape_Length":1645.6308277679675,"Shape_Area":58625.237129738074}},{"type":"Feature","id":109,"geometry":{"type":"Polygon","coordinates":[[[-75.11113,5.29157],[-75.1111,5.29172],[-75.11108,5.29177],[-75.11122,5.29183],[-75.11132,5.29191],[-75.1124,5.29201],[-75.1129,5.29098],[-75.11291,5.29096],[-75.11293,5.29093],[-75.11383,5.28984],[-75.11376,5.28981],[-75.11368,5.28978],[-75.11358,5.28976],[-75.11348,5.28978],[-75.11338,5.28985],[-75.11331,5.28991],[-75.11324,5.29],[-75.11318,5.29008],[-75.11315,5.29017],[-75.11312,5.29025],[-75.11308,5.29034],[-75.11304,5.29043],[-75.11298,5.2905],[-75.11288,5.29051],[-75.11278,5.29051],[-75.11266,5.29053],[-75.11258,5.29057],[-75.11248,5.29061],[-75.11241,5.29067],[-75.11236,5.29076],[-75.11232,5.29084],[-75.11229,5.29096],[-75.11228,5.29106],[-75.11228,5.29116],[-75.11228,5.29126],[-75.11228,5.29136],[-75.11226,5.29146],[-75.11219,5.29152],[-75.11211,5.29155],[-75.11201,5.29155],[-75.11192,5.29152],[-75.11183,5.29148],[-75.11175,5.29143],[-75.11166,5.2914],[-75.11159,5.29135],[-75.11155,5.29126],[-75.11155,5.29116],[-75.11155,5.29106],[-75.11159,5.29096],[-75.11166,5.29086],[-75.11173,5.29079],[-75.11183,5.29074],[-75.11192,5.29069],[-75.112,5.29066],[-75.11209,5.2906],[-75.11219,5.29056],[-75.11226,5.29047],[-75.11232,5.2904],[-75.11236,5.29031],[-75.11242,5.29024],[-75.11246,5.29015],[-75.11251,5.29007],[-75.11255,5.28997],[-75.11256,5.28987],[-75.11256,5.28977],[-75.11256,5.28967],[-75.11259,5.28958],[-75.11263,5.28949],[-75.11269,5.28942],[-75.11272,5.28934],[-75.11273,5.28924],[-75.11279,5.28916],[-75.11285,5.28908],[-75.11293,5.28903],[-75.11303,5.28903],[-75.1131,5.28898],[-75.11316,5.2889],[-75.1132,5.28882],[-75.11321,5.28876],[-75.11342,5.28874],[-75.11344,5.28874],[-75.11358,5.28879],[-75.11368,5.28881],[-75.11377,5.28886],[-75.11387,5.28891],[-75.11397,5.28893],[-75.11406,5.28896],[-75.11418,5.28896],[-75.11428,5.28896],[-75.11437,5.28896],[-75.11444,5.28888],[-75.11444,5.28882],[-75.11444,5.28879],[-75.11439,5.28869],[-75.11432,5.2886],[-75.11423,5.28855],[-75.11416,5.28848],[-75.11406,5.28848],[-75.11396,5.28843],[-75.11389,5.28836],[-75.1138,5.28834],[-75.11373,5.28826],[-75.11365,5.28817],[-75.11358,5.2881],[-75.11351,5.28802],[-75.11346,5.28793],[-75.11339,5.28786],[-75.11332,5.28779],[-75.1133,5.28769],[-75.11332,5.28759],[-75.11334,5.2875],[-75.11341,5.28743],[-75.11344,5.28733],[-75.11351,5.28724],[-75.11358,5.28714],[-75.11365,5.28707],[-75.11375,5.287],[-75.11382,5.28692],[-75.11387,5.28683],[-75.11394,5.28673],[-75.11401,5.28666],[-75.11408,5.28659],[-75.11415,5.28652],[-75.1142,5.28642],[-75.11427,5.28635],[-75.11434,5.28628],[-75.11434,5.28618],[-75.11441,5.28609],[-75.11451,5.28604],[-75.11461,5.28601],[-75.11468,5.28594],[-75.11475,5.28587],[-75.11484,5.28585],[-75.11494,5.2858],[-75.11503,5.28575],[-75.11513,5.28573],[-75.11523,5.28573],[-75.11532,5.28573],[-75.11542,5.28568],[-75.11551,5.28563],[-75.11553,5.28553],[-75.11553,5.28544],[-75.11553,5.28534],[-75.11552,5.28527],[-75.11561,5.28527],[-75.11573,5.28529],[-75.11582,5.28532],[-75.11592,5.28539],[-75.11596,5.28548],[-75.11606,5.28556],[-75.11616,5.28563],[-75.11625,5.28563],[-75.11635,5.28558],[-75.11639,5.28548],[-75.11642,5.28536],[-75.11649,5.28529],[-75.11654,5.2852],[-75.11656,5.2851],[-75.11656,5.28501],[-75.11658,5.28491],[-75.11658,5.28481],[-75.11663,5.28472],[-75.11666,5.28462],[-75.11668,5.28453],[-75.11673,5.28443],[-75.11675,5.28434],[-75.11677,5.28422],[-75.11677,5.28412],[-75.1168,5.28402],[-75.11684,5.28393],[-75.11692,5.28386],[-75.11704,5.28386],[-75.11711,5.28393],[-75.1172,5.28395],[-75.11727,5.28402],[-75.11735,5.2841],[-75.11739,5.28419],[-75.11742,5.28429],[-75.11742,5.28438],[-75.11742,5.28448],[-75.11742,5.28457],[-75.11742,5.28467],[-75.1174,5.28476],[-75.11737,5.28486],[-75.11732,5.28496],[-75.11728,5.28505],[-75.1172,5.28512],[-75.11713,5.2852],[-75.11712,5.28523],[-75.1172,5.28519],[-75.11759,5.28497],[-75.11788,5.28457],[-75.11803,5.28355],[-75.11803,5.28352],[-75.11804,5.28349],[-75.11808,5.28342],[-75.1183,5.28295],[-75.11831,5.28293],[-75.11831,5.28293],[-75.11846,5.28268],[-75.11837,5.28263],[-75.11827,5.28256],[-75.1182,5.28249],[-75.11813,5.28242],[-75.11804,5.28237],[-75.11794,5.28237],[-75.11787,5.28244],[-75.1178,5.28252],[-75.11775,5.28261],[-75.1177,5.28271],[-75.11761,5.28273],[-75.11751,5.28273],[-75.11744,5.28266],[-75.11744,5.28256],[-75.11742,5.28247],[-75.11742,5.28237],[-75.11741,5.28228],[-75.11744,5.28218],[-75.11749,5.28209],[-75.11753,5.28199],[-75.11761,5.28192],[-75.11768,5.2818],[-75.11772,5.2817],[-75.11775,5.28161],[-75.11772,5.28151],[-75.11768,5.28142],[-75.11765,5.28132],[-75.1176,5.28122],[-75.11756,5.28113],[-75.11753,5.2811],[-75.11752,5.2811],[-75.1174,5.2811],[-75.11731,5.28107],[-75.11716,5.28107],[-75.11708,5.28116],[-75.11699,5.28122],[-75.1169,5.28128],[-75.11684,5.28137],[-75.11675,5.28143],[-75.11669,5.28152],[-75.1166,5.28158],[-75.11651,5.28164],[-75.11642,5.2817],[-75.11636,5.28179],[-75.11631,5.28187],[-75.1163,5.28188],[-75.11621,5.28194],[-75.11615,5.28202],[-75.11612,5.28211],[-75.11609,5.2822],[-75.11606,5.28229],[-75.11606,5.28241],[-75.116,5.2825],[-75.11594,5.28259],[-75.11585,5.28268],[-75.11585,5.2828],[-75.11586,5.28292],[-75.11591,5.28301],[-75.11597,5.2831],[-75.11606,5.28316],[-75.11609,5.28325],[-75.11618,5.28331],[-75.11621,5.28343],[-75.11624,5.28352],[-75.11627,5.28361],[-75.11627,5.28373],[-75.11627,5.28385],[-75.11618,5.28391],[-75.11607,5.28391],[-75.11598,5.28388],[-75.11589,5.28382],[-75.11583,5.28377],[-75.1158,5.28373],[-75.11574,5.28364],[-75.11568,5.28355],[-75.11559,5.28346],[-75.1155,5.2834],[-75.1155,5.28328],[-75.1155,5.28325],[-75.1155,5.28313],[-75.1155,5.28301],[-75.1155,5.28286],[-75.11547,5.28277],[-75.11541,5.28268],[-75.11535,5.28259],[-75.11532,5.28244],[-75.11529,5.28236],[-75.11529,5.28224],[-75.11526,5.28212],[-75.11523,5.282],[-75.11517,5.28191],[-75.11508,5.28185],[-75.11496,5.28185],[-75.11487,5.28188],[-75.11481,5.28197],[-75.11472,5.28203],[-75.11463,5.28209],[-75.11454,5.28215],[-75.11445,5.28221],[-75.11436,5.28227],[-75.11427,5.2823],[-75.11418,5.28236],[-75.11409,5.28242],[-75.114,5.28248],[-75.11389,5.28254],[-75.1138,5.2826],[-75.11371,5.28263],[-75.11359,5.28272],[-75.11353,5.28281],[-75.11347,5.2829],[-75.11344,5.28299],[-75.11338,5.28308],[-75.11335,5.28317],[-75.11326,5.28326],[-75.1132,5.28338],[-75.11317,5.2835],[-75.11311,5.28358],[-75.11308,5.28373],[-75.11305,5.28382],[-75.11302,5.28391],[-75.11299,5.28403],[-75.11296,5.28412],[-75.11293,5.28421],[-75.11287,5.2843],[-75.11281,5.28442],[-75.11281,5.28454],[-75.11279,5.28463],[-75.11279,5.28475],[-75.11279,5.28487],[-75.11279,5.28499],[-75.11279,5.28511],[-75.11279,5.28523],[-75.11276,5.28535],[-75.11273,5.28544],[-75.11273,5.28554],[-75.11273,5.28556],[-75.1127,5.28565],[-75.1127,5.28577],[-75.11267,5.28589],[-75.11264,5.28598],[-75.11264,5.2861],[-75.11264,5.28622],[-75.11264,5.28634],[-75.11261,5.28643],[-75.11261,5.28655],[-75.11258,5.28664],[-75.11258,5.28676],[-75.11255,5.28685],[-75.11252,5.28694],[-75.11249,5.28702],[-75.11246,5.28711],[-75.11246,5.28723],[-75.11243,5.28732],[-75.11243,5.28744],[-75.11243,5.28756],[-75.11243,5.28768],[-75.11243,5.28783],[-75.11243,5.28795],[-75.11243,5.28807],[-75.11243,5.28819],[-75.11243,5.28826],[-75.11236,5.28824],[-75.11224,5.28824],[-75.11219,5.28827],[-75.11219,5.28819],[-75.11219,5.28807],[-75.11219,5.28795],[-75.11219,5.28783],[-75.11219,5.28771],[-75.11216,5.28759],[-75.11213,5.28747],[-75.1121,5.28738],[-75.11207,5.28729],[-75.11207,5.28717],[-75.11207,5.28706],[-75.11207,5.28694],[-75.1121,5.28679],[-75.11213,5.28667],[-75.11216,5.28655],[-75.11222,5.28646],[-75.11222,5.28634],[-75.11222,5.28622],[-75.11222,5.2861],[-75.11219,5.28601],[-75.11219,5.28599],[-75.11219,5.28589],[-75.1121,5.28586],[-75.11198,5.28586],[-75.11189,5.28583],[-75.11186,5.28571],[-75.11189,5.28562],[-75.11198,5.28556],[-75.11207,5.28547],[-75.1121,5.28538],[-75.11213,5.28529],[-75.11216,5.2852],[-75.11216,5.28508],[-75.11216,5.28493],[-75.11216,5.28481],[-75.11216,5.28469],[-75.11216,5.28457],[-75.11216,5.28445],[-75.11213,5.28436],[-75.11207,5.28427],[-75.11198,5.28418],[-75.11189,5.28416],[-75.11177,5.28416],[-75.11168,5.28419],[-75.11162,5.28428],[-75.11159,5.28436],[-75.11153,5.28445],[-75.11144,5.28451],[-75.11138,5.2846],[-75.11132,5.28469],[-75.11129,5.28478],[-75.11129,5.2849],[-75.11129,5.28502],[-75.11129,5.28514],[-75.11135,5.28523],[-75.11138,5.28532],[-75.11141,5.28541],[-75.11141,5.28553],[-75.11141,5.28565],[-75.11141,5.28577],[-75.11142,5.28589],[-75.11142,5.28601],[-75.11145,5.2861],[-75.11148,5.28619],[-75.1115,5.28622],[-75.11152,5.28621],[-75.11155,5.2862],[-75.11159,5.28619],[-75.11163,5.28619],[-75.11166,5.2862],[-75.1117,5.28621],[-75.11173,5.28623],[-75.11176,5.28625],[-75.11179,5.28628],[-75.11181,5.28631],[-75.11182,5.28634],[-75.11183,5.28638],[-75.11184,5.28641],[-75.11183,5.28645],[-75.11182,5.28649],[-75.11181,5.28652],[-75.11179,5.28655],[-75.11177,5.28658],[-75.11174,5.28661],[-75.11151,5.28676],[-75.11148,5.28685],[-75.11145,5.28694],[-75.11139,5.28703],[-75.11136,5.28712],[-75.11127,5.28721],[-75.11121,5.2873],[-75.11115,5.28739],[-75.11109,5.28748],[-75.11103,5.28757],[-75.11097,5.28766],[-75.11094,5.28777],[-75.11091,5.28786],[-75.11088,5.28798],[-75.11085,5.28807],[-75.11084,5.2881],[-75.11081,5.28811],[-75.11074,5.28818],[-75.11065,5.28821],[-75.11055,5.28823],[-75.11046,5.28823],[-75.11036,5.28825],[-75.11024,5.28823],[-75.11014,5.28818],[-75.11005,5.28816],[-75.11001,5.28812],[-75.10995,5.28818],[-75.10993,5.2882],[-75.10991,5.28822],[-75.10988,5.28824],[-75.10931,5.28853],[-75.10929,5.28854],[-75.10926,5.28854],[-75.10866,5.28867],[-75.10865,5.28867],[-75.10861,5.28868],[-75.10771,5.28866],[-75.10531,5.28862],[-75.10525,5.28863],[-75.1053,5.28878],[-75.10536,5.28904],[-75.10533,5.28918],[-75.10528,5.28936],[-75.10528,5.28946],[-75.10534,5.28953],[-75.10538,5.28965],[-75.1053,5.28986],[-75.10541,5.28988],[-75.10557,5.28988],[-75.10562,5.28987],[-75.10574,5.28984],[-75.10594,5.28979],[-75.10606,5.28977],[-75.10625,5.28976],[-75.10641,5.28977],[-75.10666,5.28979],[-75.10679,5.28979],[-75.10702,5.28979],[-75.10716,5.28978],[-75.10738,5.28973],[-75.1075,5.2897],[-75.10763,5.28969],[-75.10804,5.2897],[-75.10804,5.2897],[-75.10824,5.28971],[-75.10825,5.28955],[-75.10845,5.28955],[-75.10858,5.28952],[-75.10882,5.28945],[-75.10922,5.28933],[-75.10955,5.28923],[-75.10973,5.28916],[-75.11009,5.28902],[-75.11033,5.28892],[-75.11044,5.28898],[-75.11097,5.28922],[-75.11109,5.28928],[-75.11158,5.2895],[-75.11191,5.28967],[-75.11195,5.2897],[-75.11221,5.28989],[-75.11237,5.29003],[-75.11237,5.29003],[-75.11232,5.29012],[-75.11217,5.29029],[-75.11192,5.2905],[-75.11175,5.2906],[-75.11154,5.29067],[-75.11134,5.29075],[-75.11122,5.29085],[-75.11117,5.29093],[-75.11116,5.29093],[-75.11114,5.29107],[-75.11112,5.29116],[-75.11114,5.29139],[-75.11113,5.29157]]]},"properties":{"OBJECTID_12":109,"OBJECTID_1":121,"OBJECTID":0,"MUNICIPIO":"Manzanares","CODIGO":" ","ZONIFICACI":"Zona de Uso Sostenible","SUBZONA":"Subzona para el desarrollo","SIMB":"ZUSb","AREA_HAS":40.3510974703,"NOMBRE":"CERRO GUADALUPE","Shape_Leng":7657.90061891,"Shape_Length":7655.713653263,"Shape_Area":403280.6763833035}},{"type":"Feature","id":110,"geometry":{"type":"Polygon","coordinates":[[[-75.11612,5.29224],[-75.11616,5.29223],[-75.11623,5.29216],[-75.1163,5.2921],[-75.11636,5.29203],[-75.11639,5.29194],[-75.11641,5.29185],[-75.11645,5.29176],[-75.1165,5.29167],[-75.11654,5.29158],[-75.11659,5.29149],[-75.11661,5.2914],[-75.11665,5.29131],[-75.11667,5.29122],[-75.11667,5.29111],[-75.1167,5.29102],[-75.1167,5.29091],[-75.1167,5.2908],[-75.1167,5.29075],[-75.11612,5.29224]]]},"properties":{"OBJECTID_12":110,"OBJECTID_1":122,"OBJECTID":0,"MUNICIPIO":"Manzanares","CODIGO":" ","ZONIFICACI":"Zona de Uso Sostenible","SUBZONA":"Subzona para el desarrollo","SIMB":"ZUSb","AREA_HAS":0.233525257533,"NOMBRE":"CERRO GUADALUPE","Shape_Leng":362.968756928,"Shape_Length":362.86537459331885,"Shape_Area":2333.926702795038}},{"type":"Feature","id":111,"geometry":{"type":"Polygon","coordinates":[[[-75.1133,5.2912],[-75.11286,5.2921],[-75.11333,5.29221],[-75.11479,5.29227],[-75.11482,5.29228],[-75.11484,5.29228],[-75.11532,5.29239],[-75.1156,5.29233],[-75.11649,5.29002],[-75.11675,5.28885],[-75.11674,5.28885],[-75.11667,5.28892],[-75.11658,5.28899],[-75.11651,5.28908],[-75.11643,5.28912],[-75.11634,5.28914],[-75.11625,5.28919],[-75.11616,5.28923],[-75.11607,5.28926],[-75.11596,5.28932],[-75.11585,5.28935],[-75.11578,5.28941],[-75.11569,5.28946],[-75.11562,5.28953],[-75.11556,5.28959],[-75.11547,5.28962],[-75.11535,5.2897],[-75.11529,5.28977],[-75.1152,5.28984],[-75.11513,5.28993],[-75.11509,5.29002],[-75.11503,5.29005],[-75.11503,5.29006],[-75.11501,5.29016],[-75.11494,5.29022],[-75.11485,5.29025],[-75.11477,5.29031],[-75.11468,5.29037],[-75.11461,5.29042],[-75.11455,5.2905],[-75.1145,5.29058],[-75.11444,5.29065],[-75.11438,5.29073],[-75.11432,5.2908],[-75.11424,5.29083],[-75.11414,5.29083],[-75.11405,5.29078],[-75.11405,5.29068],[-75.11407,5.29058],[-75.11408,5.29048],[-75.11409,5.29038],[-75.11407,5.29028],[-75.11407,5.29026],[-75.1133,5.2912]]]},"properties":{"OBJECTID_12":111,"OBJECTID_1":123,"OBJECTID":0,"MUNICIPIO":"Manzanares","CODIGO":" ","ZONIFICACI":"Zona de Uso Sostenible","SUBZONA":"Subzona para el desarrollo","SIMB":"ZUSb","AREA_HAS":7.78192011113,"NOMBRE":"CERRO GUADALUPE","Shape_Leng":1406.95037821,"Shape_Length":1406.5494756551113,"Shape_Area":77774.85787455623}},{"type":"Feature","id":112,"geometry":{"type":"Polygon","coordinates":[[[-75.11183,5.29242],[-75.11192,5.29244],[-75.11203,5.29246],[-75.1121,5.29253],[-75.11219,5.29255],[-75.1123,5.29257],[-75.11244,5.29257],[-75.11259,5.29257],[-75.11273,5.29257],[-75.11284,5.29257],[-75.1129,5.29257],[-75.1125,5.29247],[-75.11183,5.29241],[-75.11183,5.29242]]]},"properties":{"OBJECTID_12":112,"OBJECTID_1":124,"OBJECTID":0,"MUNICIPIO":"Manzanares","CODIGO":" ","ZONIFICACI":"Zona de Uso Sostenible","SUBZONA":"Subzona para el desarrollo","SIMB":"ZUSb","AREA_HAS":0.0853875659421,"NOMBRE":"CERRO GUADALUPE","Shape_Leng":243.031607609,"Shape_Length":242.96223712002643,"Shape_Area":853.3831539253719}},{"type":"Feature","id":113,"geometry":{"type":"Polygon","coordinates":[[[-75.11422,5.29277],[-75.11433,5.29277],[-75.11442,5.29275],[-75.11451,5.29273],[-75.11455,5.29272],[-75.11354,5.29267],[-75.1136,5.2927],[-75.11369,5.29273],[-75.1138,5.29273],[-75.11391,5.29275],[-75.11402,5.29275],[-75.11413,5.29275],[-75.11422,5.29277]]]},"properties":{"OBJECTID_12":113,"OBJECTID_1":125,"OBJECTID":0,"MUNICIPIO":"Manzanares","CODIGO":" ","ZONIFICACI":"Zona de Uso Sostenible","SUBZONA":"Subzona para el desarrollo","SIMB":"ZUSb","AREA_HAS":0.056471320019,"NOMBRE":"CERRO GUADALUPE","Shape_Leng":226.872033508,"Shape_Length":226.80726984716864,"Shape_Area":564.393702005992}},{"type":"Feature","id":114,"geometry":{"type":"Polygon","coordinates":[[[-75.11933,5.29284],[-75.11921,5.29284],[-75.11909,5.29284],[-75.119,5.2929],[-75.11891,5.29293],[-75.11888,5.29302],[-75.1188,5.29311],[-75.11871,5.29317],[-75.11862,5.29323],[-75.11856,5.29332],[-75.11866,5.29336],[-75.11913,5.29312],[-75.11949,5.29286],[-75.11945,5.29284],[-75.11933,5.29284]]]},"properties":{"OBJECTID_12":114,"OBJECTID_1":126,"OBJECTID":0,"MUNICIPIO":"Manzanares","CODIGO":" ","ZONIFICACI":"Zona de Uso Sostenible","SUBZONA":"Subzona para el desarrollo","SIMB":"ZUSb","AREA_HAS":0.20775358051,"NOMBRE":"CERRO GUADALUPE","Shape_Leng":245.168233903,"Shape_Length":245.0987438120726,"Shape_Area":2076.351703133823}},{"type":"Feature","id":115,"geometry":{"type":"Polygon","coordinates":[[[-75.11853,5.29392],[-75.11862,5.29395],[-75.11874,5.29395],[-75.11884,5.29395],[-75.11858,5.29381],[-75.11823,5.29368],[-75.11823,5.29377],[-75.11823,5.29389],[-75.11826,5.29389],[-75.11841,5.29389],[-75.11853,5.29392]]]},"properties":{"OBJECTID_12":115,"OBJECTID_1":127,"OBJECTID":0,"MUNICIPIO":"Manzanares","CODIGO":" ","ZONIFICACI":"Zona de Uso Sostenible","SUBZONA":"Subzona para el desarrollo","SIMB":"ZUSb","AREA_HAS":0.0919102373863,"NOMBRE":"CERRO GUADALUPE","Shape_Leng":167.548663994,"Shape_Length":167.5011862125776,"Shape_Area":918.5830845304159}},{"type":"Feature","id":116,"geometry":{"type":"Polygon","coordinates":[[[-75.1202,5.29284],[-75.12019,5.29284],[-75.12001,5.29303],[-75.11999,5.29304],[-75.11998,5.29305],[-75.11938,5.2935],[-75.11936,5.29351],[-75.11935,5.29352],[-75.11916,5.29361],[-75.11981,5.29396],[-75.12028,5.29409],[-75.12035,5.29407],[-75.12044,5.29401],[-75.1205,5.29392],[-75.12053,5.29383],[-75.12056,5.29374],[-75.12062,5.29365],[-75.12065,5.29356],[-75.12071,5.29347],[-75.12073,5.29338],[-75.12079,5.29329],[-75.12079,5.29317],[-75.1207,5.29314],[-75.12062,5.29311],[-75.12053,5.29302],[-75.1205,5.29293],[-75.12041,5.29287],[-75.12032,5.29284],[-75.1202,5.29284]]]},"properties":{"OBJECTID_12":116,"OBJECTID_1":128,"OBJECTID":0,"MUNICIPIO":"Manzanares","CODIGO":" ","ZONIFICACI":"Zona de Uso Sostenible","SUBZONA":"Subzona para el desarrollo","SIMB":"ZUSb","AREA_HAS":1.37799465624,"NOMBRE":"CERRO GUADALUPE","Shape_Leng":483.028451049,"Shape_Length":482.89175196287255,"Shape_Area":13772.142850693383}},{"type":"Feature","id":117,"geometry":{"type":"Polygon","coordinates":[[[-75.11302,5.29376],[-75.11366,5.29397],[-75.11366,5.29397],[-75.11366,5.29397],[-75.11366,5.29397],[-75.11367,5.29397],[-75.11446,5.2943],[-75.1145,5.29431],[-75.11564,5.29377],[-75.11556,5.29373],[-75.11545,5.29371],[-75.11534,5.29366],[-75.11525,5.2936],[-75.11523,5.29351],[-75.11514,5.29342],[-75.1151,5.29341],[-75.11505,5.2934],[-75.11496,5.29337],[-75.11483,5.29337],[-75.11471,5.29337],[-75.1146,5.29337],[-75.11451,5.29335],[-75.11431,5.29333],[-75.11418,5.29329],[-75.11407,5.29326],[-75.11398,5.29324],[-75.11389,5.29322],[-75.1138,5.2932],[-75.11369,5.2932],[-75.1136,5.29315],[-75.11349,5.29311],[-75.1134,5.29309],[-75.11331,5.29306],[-75.1132,5.29304],[-75.11306,5.29304],[-75.11297,5.29302],[-75.11286,5.29302],[-75.11275,5.29302],[-75.11266,5.29304],[-75.11257,5.29309],[-75.11248,5.29311],[-75.11235,5.29311],[-75.11226,5.29307],[-75.11219,5.293],[-75.1121,5.29295],[-75.11201,5.29291],[-75.11193,5.29289],[-75.11201,5.29301],[-75.11229,5.29322],[-75.11302,5.29376]]]},"properties":{"OBJECTID_12":117,"OBJECTID_1":129,"OBJECTID":0,"MUNICIPIO":"Manzanares","CODIGO":" ","ZONIFICACI":"Zona de Uso Sostenible","SUBZONA":"Subzona para el desarrollo","SIMB":"ZUSb","AREA_HAS":2.70669135457,"NOMBRE":"CERRO GUADALUPE","Shape_Leng":912.989485789,"Shape_Length":912.7290016297386,"Shape_Area":27051.48091190484}},{"type":"Feature","id":118,"geometry":{"type":"Polygon","coordinates":[[[-75.11547,5.29442],[-75.11556,5.29447],[-75.11565,5.29451],[-75.11576,5.29451],[-75.11585,5.29449],[-75.11594,5.29442],[-75.11601,5.29436],[-75.1161,5.29429],[-75.11621,5.29424],[-75.1163,5.29422],[-75.11641,5.29422],[-75.11648,5.29415],[-75.11654,5.29409],[-75.11661,5.29402],[-75.11666,5.29393],[-75.11668,5.29384],[-75.11638,5.29392],[-75.11536,5.2944],[-75.11536,5.2944],[-75.11547,5.29442]]]},"properties":{"OBJECTID_12":118,"OBJECTID_1":130,"OBJECTID":0,"MUNICIPIO":"Manzanares","CODIGO":" ","ZONIFICACI":"Zona de Uso Sostenible","SUBZONA":"Subzona para el desarrollo","SIMB":"ZUSb","AREA_HAS":0.36448170544,"NOMBRE":"CERRO GUADALUPE","Shape_Leng":339.970186452,"Shape_Length":339.8732142251167,"Shape_Area":3642.739227442519}},{"type":"Feature","id":119,"geometry":{"type":"Polygon","coordinates":[[[-75.11547,5.2949],[-75.1155,5.29492],[-75.11553,5.29495],[-75.11555,5.29498],[-75.11557,5.29502],[-75.11572,5.29541],[-75.11588,5.29541],[-75.11599,5.29541],[-75.1161,5.29541],[-75.11619,5.29538],[-75.11628,5.29532],[-75.1163,5.29527],[-75.11632,5.29523],[-75.1163,5.29514],[-75.11621,5.29505],[-75.11612,5.29503],[-75.1161,5.29494],[-75.11603,5.29485],[-75.11592,5.29485],[-75.11583,5.29487],[-75.11574,5.29485],[-75.11561,5.29478],[-75.11552,5.29476],[-75.11545,5.29469],[-75.11532,5.29469],[-75.11521,5.29472],[-75.11515,5.29473],[-75.11547,5.2949]]]},"properties":{"OBJECTID_12":119,"OBJECTID_1":131,"OBJECTID":0,"MUNICIPIO":"Manzanares","CODIGO":" ","ZONIFICACI":"Zona de Uso Sostenible","SUBZONA":"Subzona para el desarrollo","SIMB":"ZUSb","AREA_HAS":0.476429928867,"NOMBRE":"CERRO GUADALUPE","Shape_Leng":339.569803693,"Shape_Length":339.47347877673,"Shape_Area":4761.593883204826}},{"type":"Feature","id":120,"geometry":{"type":"Polygon","coordinates":[[[-75.11521,5.29576],[-75.11523,5.29574],[-75.1153,5.29568],[-75.11531,5.2956],[-75.11518,5.29526],[-75.11514,5.29523],[-75.11521,5.29576]]]},"properties":{"OBJECTID_12":120,"OBJECTID_1":132,"OBJECTID":0,"MUNICIPIO":"Manzanares","CODIGO":" ","ZONIFICACI":"Zona de Uso Sostenible","SUBZONA":"Subzona para el desarrollo","SIMB":"ZUSb","AREA_HAS":0.0497188669185,"NOMBRE":"CERRO GUADALUPE","Shape_Leng":127.028439767,"Shape_Length":126.99226105677756,"Shape_Area":496.90300991905144}},{"type":"Feature","id":121,"geometry":{"type":"Polygon","coordinates":[[[-75.12179,5.29816],[-75.12171,5.29822],[-75.12162,5.29828],[-75.12159,5.2984],[-75.12159,5.29852],[-75.12162,5.29861],[-75.12171,5.29858],[-75.1218,5.29855],[-75.12188,5.29846],[-75.12194,5.29837],[-75.12197,5.29828],[-75.122,5.29827],[-75.12179,5.29808],[-75.12179,5.29816]]]},"properties":{"OBJECTID_12":121,"OBJECTID_1":133,"OBJECTID":0,"MUNICIPIO":"Manzanares","CODIGO":" ","ZONIFICACI":"Zona de Uso Sostenible","SUBZONA":"Subzona para el desarrollo","SIMB":"ZUSb","AREA_HAS":0.149904996977,"NOMBRE":"CERRO GUADALUPE","Shape_Leng":162.849428251,"Shape_Length":162.80346363559033,"Shape_Area":1498.202818404743}},{"type":"Feature","id":122,"geometry":{"type":"Polygon","coordinates":[[[-75.12992,5.29856],[-75.12995,5.29883],[-75.13011,5.29871],[-75.13009,5.29865],[-75.13003,5.29856],[-75.12992,5.29856]]]},"properties":{"OBJECTID_12":122,"OBJECTID_1":134,"OBJECTID":0,"MUNICIPIO":"Manzanares","CODIGO":" ","ZONIFICACI":"Zona de Uso Sostenible","SUBZONA":"Subzona para el desarrollo","SIMB":"ZUSb","AREA_HAS":0.0382861867903,"NOMBRE":"CERRO GUADALUPE","Shape_Leng":81.8380755231,"Shape_Length":81.81496423039279,"Shape_Area":382.6447663381478}},{"type":"Feature","id":123,"geometry":{"type":"Polygon","coordinates":[[[-75.14128,5.29895],[-75.14168,5.29883],[-75.14171,5.29883],[-75.14172,5.29882],[-75.14232,5.29876],[-75.14235,5.29876],[-75.14238,5.29876],[-75.14292,5.29886],[-75.14295,5.29886],[-75.14298,5.29888],[-75.14301,5.29889],[-75.14303,5.2989],[-75.14323,5.29866],[-75.14325,5.29864],[-75.14345,5.29844],[-75.14348,5.29841],[-75.14352,5.29839],[-75.14355,5.29838],[-75.14383,5.2983],[-75.14426,5.29813],[-75.14421,5.29797],[-75.14418,5.29788],[-75.14418,5.29778],[-75.14418,5.29776],[-75.14421,5.29759],[-75.14423,5.2975],[-75.14426,5.2974],[-75.14426,5.29738],[-75.14423,5.29704],[-75.14423,5.29702],[-75.14414,5.2969],[-75.14405,5.29685],[-75.14404,5.29681],[-75.14399,5.29672],[-75.14395,5.29663],[-75.14393,5.29655],[-75.14388,5.29646],[-75.14384,5.29637],[-75.1439,5.2963],[-75.14396,5.29629],[-75.14399,5.29628],[-75.14408,5.29621],[-75.14417,5.29619],[-75.14424,5.29612],[-75.14428,5.29603],[-75.14435,5.29594],[-75.14444,5.29592],[-75.14455,5.29592],[-75.14466,5.29592],[-75.14475,5.29596],[-75.14484,5.29603],[-75.14491,5.2961],[-75.14493,5.29619],[-75.14495,5.29627],[-75.14498,5.29636],[-75.14509,5.29639],[-75.1452,5.29639],[-75.14527,5.29637],[-75.14526,5.2966],[-75.14525,5.29675],[-75.14526,5.29688],[-75.14537,5.29678],[-75.14538,5.29675],[-75.14546,5.29658],[-75.14554,5.29642],[-75.14556,5.29638],[-75.14559,5.29632],[-75.14568,5.29618],[-75.14582,5.29603],[-75.14593,5.29591],[-75.14594,5.29589],[-75.14585,5.2956],[-75.14571,5.29554],[-75.14567,5.29553],[-75.1452,5.29525],[-75.14303,5.29399],[-75.14124,5.29323],[-75.1412,5.29322],[-75.14117,5.29319],[-75.14115,5.29316],[-75.14112,5.29313],[-75.14111,5.2931],[-75.1411,5.29306],[-75.1411,5.29302],[-75.1411,5.29298],[-75.14111,5.29294],[-75.14113,5.29291],[-75.14115,5.29288],[-75.14118,5.29285],[-75.14121,5.29283],[-75.14125,5.29281],[-75.14128,5.2928],[-75.14132,5.2928],[-75.14135,5.2928],[-75.14138,5.29281],[-75.14141,5.29282],[-75.14321,5.29358],[-75.14324,5.29359],[-75.14507,5.29466],[-75.14576,5.29506],[-75.1457,5.29463],[-75.1457,5.2946],[-75.1457,5.29427],[-75.1457,5.29425],[-75.14565,5.29404],[-75.14563,5.29389],[-75.14561,5.29382],[-75.1456,5.29364],[-75.14561,5.29345],[-75.14564,5.29337],[-75.14565,5.2933],[-75.14566,5.29317],[-75.14566,5.29317],[-75.14573,5.29281],[-75.14573,5.29281],[-75.14574,5.29272],[-75.14577,5.29254],[-75.14577,5.29253],[-75.14581,5.29241],[-75.14591,5.29219],[-75.146,5.29205],[-75.14612,5.29191],[-75.14627,5.29179],[-75.14659,5.29163],[-75.14669,5.29159],[-75.14684,5.29156],[-75.14689,5.29155],[-75.14699,5.29143],[-75.14701,5.2914],[-75.14704,5.29138],[-75.14706,5.29137],[-75.14709,5.29135],[-75.1472,5.29132],[-75.14727,5.29128],[-75.14735,5.29124],[-75.14739,5.29123],[-75.14742,5.29122],[-75.14745,5.29122],[-75.14758,5.29122],[-75.14774,5.29122],[-75.14782,5.29122],[-75.14785,5.2912],[-75.14793,5.29116],[-75.14795,5.29115],[-75.14835,5.291],[-75.14835,5.29099],[-75.14835,5.29095],[-75.14836,5.29091],[-75.14839,5.29082],[-75.14839,5.29074],[-75.14839,5.2907],[-75.1484,5.29066],[-75.14842,5.29063],[-75.14844,5.2906],[-75.14846,5.29057],[-75.14862,5.29042],[-75.14863,5.29027],[-75.14866,5.29018],[-75.14869,5.29014],[-75.14877,5.29011],[-75.14887,5.29008],[-75.14891,5.29007],[-75.14905,5.28985],[-75.14883,5.28958],[-75.14843,5.28936],[-75.14653,5.28907],[-75.1458,5.28896],[-75.14577,5.28895],[-75.14574,5.28894],[-75.14571,5.28893],[-75.14552,5.2888],[-75.1455,5.28878],[-75.14547,5.28875],[-75.14485,5.28795],[-75.1445,5.28782],[-75.14405,5.2878],[-75.14405,5.2878],[-75.14411,5.28787],[-75.14418,5.28793],[-75.14425,5.288],[-75.14436,5.28811],[-75.14443,5.28818],[-75.14449,5.28827],[-75.14454,5.28836],[-75.1446,5.28843],[-75.14465,5.28851],[-75.14472,5.28858],[-75.14476,5.28867],[-75.14481,5.28876],[-75.14487,5.28883],[-75.14492,5.28892],[-75.14501,5.28898],[-75.14507,5.28905],[-75.14519,5.2891],[-75.14528,5.28912],[-75.14539,5.28912],[-75.1455,5.28912],[-75.14563,5.28912],[-75.14572,5.28907],[-75.14583,5.28907],[-75.14594,5.28907],[-75.14606,5.28907],[-75.14612,5.28914],[-75.14616,5.28917],[-75.14619,5.28921],[-75.14626,5.28929],[-75.1463,5.28938],[-75.14641,5.28941],[-75.1465,5.28943],[-75.14661,5.28943],[-75.1467,5.28947],[-75.14679,5.28949],[-75.1469,5.28949],[-75.14699,5.28952],[-75.14708,5.28958],[-75.14717,5.28961],[-75.14726,5.28963],[-75.14735,5.28967],[-75.14737,5.28976],[-75.14728,5.28981],[-75.14717,5.28981],[-75.14706,5.28981],[-75.14695,5.28981],[-75.14684,5.28981],[-75.14673,5.28981],[-75.14664,5.28979],[-75.14655,5.28976],[-75.14644,5.28976],[-75.14633,5.28976],[-75.14624,5.28979],[-75.14615,5.28981],[-75.1461,5.28986],[-75.14608,5.28988],[-75.14606,5.28997],[-75.14601,5.29006],[-75.14595,5.29012],[-75.14588,5.29019],[-75.14575,5.29019],[-75.14561,5.29019],[-75.1455,5.29019],[-75.14541,5.29017],[-75.1453,5.29017],[-75.14519,5.29017],[-75.1451,5.29021],[-75.14505,5.2903],[-75.14505,5.29041],[-75.14505,5.29055],[-75.14508,5.29064],[-75.14508,5.29075],[-75.14508,5.29086],[-75.14501,5.29093],[-75.14492,5.29095],[-75.14481,5.29095],[-75.1447,5.29095],[-75.14459,5.29095],[-75.1445,5.291],[-75.14441,5.29102],[-75.14434,5.29109],[-75.14427,5.29115],[-75.14423,5.29124],[-75.14423,5.29136],[-75.14423,5.29147],[-75.14432,5.29151],[-75.14441,5.29153],[-75.1445,5.29158],[-75.14459,5.2916],[-75.14468,5.29167],[-75.14477,5.29173],[-75.14483,5.2918],[-75.14486,5.29191],[-75.14483,5.29203],[-75.14479,5.29212],[-75.1447,5.29218],[-75.14461,5.2922],[-75.1445,5.29221],[-75.14439,5.29216],[-75.1443,5.29209],[-75.14421,5.29205],[-75.14412,5.29203],[-75.14403,5.292],[-75.14396,5.29207],[-75.14387,5.29216],[-75.14383,5.29227],[-75.14379,5.29236],[-75.14376,5.29245],[-75.14374,5.29254],[-75.14365,5.29263],[-75.14356,5.29268],[-75.14347,5.29274],[-75.14339,5.29281],[-75.14336,5.2929],[-75.14336,5.29297],[-75.14332,5.29298],[-75.1432,5.29298],[-75.14308,5.29298],[-75.14296,5.29298],[-75.14284,5.29298],[-75.14275,5.29292],[-75.14266,5.29286],[-75.14257,5.29283],[-75.14245,5.29283],[-75.14233,5.29284],[-75.14221,5.29284],[-75.14209,5.29281],[-75.142,5.29272],[-75.14197,5.29263],[-75.14191,5.29254],[-75.14185,5.29245],[-75.14179,5.29236],[-75.14179,5.29224],[-75.14179,5.29212],[-75.14179,5.292],[-75.14179,5.29188],[-75.14179,5.29176],[-75.14182,5.29164],[-75.14185,5.29155],[-75.14185,5.2914],[-75.14185,5.29128],[-75.14185,5.29116],[-75.14185,5.29104],[-75.14182,5.29092],[-75.14182,5.2908],[-75.14182,5.29068],[-75.14179,5.29059],[-75.14176,5.2905],[-75.14167,5.29044],[-75.14158,5.29038],[-75.14146,5.29032],[-75.14134,5.29032],[-75.14122,5.29033],[-75.1411,5.29033],[-75.14101,5.2903],[-75.14093,5.29024],[-75.14087,5.29015],[-75.14081,5.29006],[-75.14078,5.28997],[-75.14072,5.28988],[-75.14066,5.28979],[-75.14057,5.28973],[-75.14048,5.28967],[-75.14036,5.28961],[-75.14027,5.28952],[-75.14018,5.28949],[-75.14009,5.28943],[-75.14,5.2894],[-75.13988,5.2894],[-75.13976,5.28937],[-75.13967,5.28934],[-75.13958,5.28931],[-75.13949,5.28925],[-75.1394,5.28922],[-75.13931,5.28916],[-75.13919,5.28913],[-75.1391,5.28907],[-75.13901,5.28898],[-75.13898,5.28886],[-75.13898,5.28874],[-75.13901,5.28865],[-75.1391,5.28856],[-75.13919,5.28853],[-75.13931,5.28853],[-75.13943,5.28856],[-75.13955,5.28862],[-75.13964,5.28865],[-75.13973,5.28868],[-75.13985,5.28874],[-75.13997,5.2888],[-75.14003,5.28889],[-75.14012,5.28895],[-75.14021,5.28901],[-75.1403,5.28904],[-75.14039,5.28907],[-75.14051,5.28907],[-75.14063,5.28907],[-75.14074,5.28907],[-75.14083,5.28904],[-75.14092,5.28901],[-75.14101,5.28895],[-75.14107,5.28886],[-75.14107,5.28874],[-75.14107,5.28862],[-75.14103,5.28856],[-75.14101,5.28853],[-75.14092,5.2885],[-75.14086,5.28841],[-75.14077,5.28838],[-75.14068,5.28835],[-75.14059,5.28829],[-75.1405,5.28826],[-75.14041,5.2882],[-75.14033,5.28817],[-75.14024,5.28811],[-75.14012,5.28802],[-75.14,5.28796],[-75.13991,5.28791],[-75.13982,5.28785],[-75.13973,5.28782],[-75.13964,5.28776],[-75.13955,5.2877],[-75.13946,5.28764],[-75.13937,5.28758],[-75.13928,5.28752],[-75.13919,5.28749],[-75.1391,5.28743],[-75.13901,5.28737],[-75.13889,5.28731],[-75.1388,5.28722],[-75.13871,5.28716],[-75.13862,5.28713],[-75.13853,5.28719],[-75.13847,5.28728],[-75.13838,5.28737],[-75.13827,5.2874],[-75.13815,5.2874],[-75.13806,5.28743],[-75.13797,5.28746],[-75.13788,5.28752],[-75.13779,5.28761],[-75.13773,5.2877],[-75.1377,5.28779],[-75.13767,5.28788],[-75.13766,5.28789],[-75.13764,5.28797],[-75.13764,5.28809],[-75.13764,5.28821],[-75.13761,5.2883],[-75.13758,5.28839],[-75.13758,5.28851],[-75.13755,5.2886],[-75.13749,5.28872],[-75.13749,5.28884],[-75.13746,5.28896],[-75.13746,5.28908],[-75.13743,5.28917],[-75.13743,5.28929],[-75.1374,5.28937],[-75.13737,5.28946],[-75.13734,5.28955],[-75.13731,5.28964],[-75.13732,5.28976],[-75.1373,5.28986],[-75.13732,5.28988],[-75.13743,5.28991],[-75.13755,5.28991],[-75.13764,5.28997],[-75.13773,5.29003],[-75.13782,5.29006],[-75.13788,5.29015],[-75.13797,5.29021],[-75.13806,5.29027],[-75.13815,5.29033],[-75.13824,5.29042],[-75.13833,5.29048],[-75.13842,5.29051],[-75.13854,5.29057],[-75.13863,5.2906],[-75.13875,5.29066],[-75.13884,5.29072],[-75.13893,5.29078],[-75.13902,5.29084],[-75.13911,5.29093],[-75.1392,5.29099],[-75.13926,5.29108],[-75.13935,5.29117],[-75.13941,5.29126],[-75.13947,5.29134],[-75.13956,5.29146],[-75.13959,5.29155],[-75.1396,5.2916],[-75.13955,5.29154],[-75.13946,5.29152],[-75.13934,5.29152],[-75.1393,5.29161],[-75.13923,5.2917],[-75.13923,5.29181],[-75.13921,5.2919],[-75.13919,5.29199],[-75.13919,5.2921],[-75.13917,5.29219],[-75.13917,5.29233],[-75.13914,5.29242],[-75.1391,5.29251],[-75.13906,5.29259],[-75.13901,5.29268],[-75.13897,5.29277],[-75.13894,5.29286],[-75.13892,5.29295],[-75.1389,5.29304],[-75.1389,5.29315],[-75.13888,5.29327],[-75.13886,5.29338],[-75.13881,5.29347],[-75.13875,5.29353],[-75.1387,5.29365],[-75.13865,5.2937],[-75.13931,5.29418],[-75.13932,5.29419],[-75.13933,5.2942],[-75.1406,5.29541],[-75.14069,5.29549],[-75.14072,5.29552],[-75.14074,5.29555],[-75.14075,5.29559],[-75.14094,5.29616],[-75.14095,5.29618],[-75.14108,5.29675],[-75.14108,5.29676],[-75.14108,5.2968],[-75.14108,5.29729],[-75.14108,5.2979],[-75.14108,5.29801],[-75.14116,5.29836],[-75.14128,5.29895]]]},"properties":{"OBJECTID_12":123,"OBJECTID_1":135,"OBJECTID":0,"MUNICIPIO":"Manzanares","CODIGO":" ","ZONIFICACI":"Zona de Uso Sostenible","SUBZONA":"Subzona para el desarrollo","SIMB":"ZUSb","AREA_HAS":61.1961463913,"NOMBRE":"CERRO GUADALUPE","Shape_Leng":8050.97607924,"Shape_Length":8048.758327922006,"Shape_Area":611623.944702814}},{"type":"Feature","id":124,"geometry":{"type":"Polygon","coordinates":[[[-75.11507,5.298],[-75.11558,5.29871],[-75.1156,5.29874],[-75.11561,5.29878],[-75.11571,5.29911],[-75.11573,5.2991],[-75.11584,5.29903],[-75.11593,5.29899],[-75.11602,5.29892],[-75.11611,5.29887],[-75.1162,5.29885],[-75.11629,5.29883],[-75.11635,5.29876],[-75.11642,5.29865],[-75.11649,5.29854],[-75.11653,5.29845],[-75.1166,5.29836],[-75.11664,5.29827],[-75.11671,5.2982],[-75.11675,5.29811],[-75.11677,5.29802],[-75.1168,5.29793],[-75.11675,5.29784],[-75.11668,5.29775],[-75.11662,5.29769],[-75.11653,5.29762],[-75.11646,5.29755],[-75.11646,5.29744],[-75.11653,5.29737],[-75.11662,5.29735],[-75.11673,5.29737],[-75.1168,5.29744],[-75.11689,5.29749],[-75.117,5.29749],[-75.117,5.29737],[-75.11697,5.29728],[-75.11695,5.29719],[-75.11688,5.29713],[-75.11684,5.29704],[-75.11683,5.29702],[-75.11656,5.29669],[-75.1165,5.29666],[-75.11641,5.2966],[-75.11635,5.29658],[-75.11626,5.29655],[-75.11624,5.29653],[-75.11581,5.29635],[-75.11578,5.29634],[-75.11575,5.29632],[-75.11559,5.29619],[-75.11552,5.29617],[-75.11543,5.29615],[-75.11532,5.29615],[-75.11527,5.29615],[-75.11527,5.29617],[-75.1153,5.29686],[-75.1153,5.29689],[-75.1153,5.29692],[-75.11507,5.298]]]},"properties":{"OBJECTID_12":124,"OBJECTID_1":136,"OBJECTID":0,"MUNICIPIO":"Manzanares","CODIGO":" ","ZONIFICACI":"Zona de Uso Sostenible","SUBZONA":"Subzona para el desarrollo","SIMB":"ZUSb","AREA_HAS":4.25739764541,"NOMBRE":"CERRO GUADALUPE","Shape_Leng":937.785069894,"Shape_Length":937.5182540343523,"Shape_Area":42549.77342085952}},{"type":"Feature","id":125,"geometry":{"type":"Polygon","coordinates":[[[-75.13001,5.29937],[-75.13009,5.29934],[-75.13018,5.29931],[-75.13027,5.29925],[-75.1303,5.29913],[-75.1303,5.29913],[-75.13001,5.29937]]]},"properties":{"OBJECTID_12":125,"OBJECTID_1":137,"OBJECTID":0,"MUNICIPIO":"Manzanares","CODIGO":" ","ZONIFICACI":"Zona de Uso Sostenible","SUBZONA":"Subzona para el desarrollo","SIMB":"ZUSb","AREA_HAS":0.0197917397554,"NOMBRE":"CERRO GUADALUPE","Shape_Leng":86.1427077796,"Shape_Length":86.11861785054688,"Shape_Area":197.80353448919956}},{"type":"Feature","id":126,"geometry":{"type":"Polygon","coordinates":[[[-75.13651,5.29997],[-75.13654,5.29998],[-75.13749,5.30017],[-75.13752,5.30017],[-75.13817,5.30039],[-75.13906,5.30062],[-75.13914,5.30064],[-75.13938,5.30044],[-75.13941,5.30016],[-75.13942,5.30012],[-75.13943,5.30008],[-75.13945,5.30005],[-75.13948,5.30002],[-75.1396,5.29989],[-75.13973,5.29977],[-75.13975,5.29975],[-75.13977,5.29973],[-75.1398,5.29972],[-75.13983,5.29971],[-75.1402,5.29962],[-75.13961,5.29929],[-75.13941,5.29917],[-75.13909,5.29899],[-75.13749,5.29808],[-75.13746,5.29806],[-75.13689,5.29762],[-75.13686,5.29759],[-75.13684,5.29756],[-75.13682,5.29753],[-75.13681,5.2975],[-75.1368,5.29746],[-75.1368,5.29742],[-75.13681,5.29739],[-75.13682,5.29735],[-75.13684,5.29732],[-75.13686,5.29729],[-75.13689,5.29726],[-75.13692,5.29724],[-75.13695,5.29723],[-75.13699,5.29722],[-75.13703,5.29721],[-75.13706,5.29722],[-75.1371,5.29723],[-75.13714,5.29724],[-75.13717,5.29726],[-75.13772,5.29769],[-75.13885,5.29833],[-75.1406,5.29932],[-75.14086,5.29914],[-75.14078,5.29877],[-75.14068,5.29831],[-75.14064,5.29808],[-75.14064,5.29808],[-75.14063,5.29804],[-75.14063,5.29733],[-75.14063,5.29682],[-75.14051,5.29629],[-75.14044,5.29608],[-75.14034,5.29578],[-75.13903,5.29453],[-75.13838,5.29406],[-75.13832,5.29412],[-75.13828,5.29421],[-75.13827,5.29426],[-75.13826,5.2943],[-75.13828,5.29439],[-75.1383,5.29447],[-75.13837,5.29456],[-75.13843,5.29465],[-75.1385,5.29472],[-75.13857,5.29481],[-75.13864,5.29488],[-75.1387,5.29497],[-75.13877,5.29503],[-75.13881,5.29512],[-75.13888,5.29519],[-75.13895,5.29526],[-75.13904,5.2953],[-75.13913,5.29535],[-75.13924,5.29535],[-75.13935,5.29539],[-75.13944,5.29543],[-75.13955,5.29548],[-75.13964,5.29555],[-75.13978,5.29561],[-75.13979,5.29562],[-75.1398,5.29565],[-75.13984,5.29573],[-75.13984,5.29574],[-75.13986,5.2958],[-75.1399,5.29585],[-75.13996,5.29595],[-75.13998,5.296],[-75.13999,5.29606],[-75.14002,5.29615],[-75.14002,5.29618],[-75.14003,5.29632],[-75.14002,5.29642],[-75.14001,5.2965],[-75.13997,5.29664],[-75.13996,5.29666],[-75.13995,5.29671],[-75.13995,5.29671],[-75.13992,5.29677],[-75.1399,5.29681],[-75.13988,5.29685],[-75.13988,5.29691],[-75.1399,5.29698],[-75.13991,5.29701],[-75.13993,5.29714],[-75.13995,5.29728],[-75.13995,5.2973],[-75.13993,5.29729],[-75.13984,5.29725],[-75.13976,5.29718],[-75.13969,5.29711],[-75.13962,5.29704],[-75.13958,5.29696],[-75.13951,5.29689],[-75.13944,5.29682],[-75.13938,5.29675],[-75.13929,5.29673],[-75.13917,5.29673],[-75.13906,5.29673],[-75.13895,5.29673],[-75.13886,5.29676],[-75.13877,5.29678],[-75.13853,5.29673],[-75.13851,5.29673],[-75.13839,5.29678],[-75.1383,5.2968],[-75.13828,5.29689],[-75.13825,5.29692],[-75.13819,5.29696],[-75.13808,5.29696],[-75.13797,5.29696],[-75.13788,5.29691],[-75.13781,5.29685],[-75.13779,5.29676],[-75.1377,5.29671],[-75.13761,5.29667],[-75.13752,5.29665],[-75.13741,5.29662],[-75.13732,5.29658],[-75.13723,5.29656],[-75.13717,5.29665],[-75.13714,5.29674],[-75.13714,5.29684],[-75.13707,5.29682],[-75.13692,5.29673],[-75.13683,5.2967],[-75.13674,5.29667],[-75.13665,5.29664],[-75.13656,5.29658],[-75.13647,5.29655],[-75.13635,5.29643],[-75.1362,5.29637],[-75.13605,5.29631],[-75.13596,5.29622],[-75.13587,5.29619],[-75.13578,5.2961],[-75.13569,5.29601],[-75.13563,5.29592],[-75.1356,5.29583],[-75.13557,5.29571],[-75.13554,5.29562],[-75.13551,5.29554],[-75.13545,5.29545],[-75.13536,5.29536],[-75.1353,5.29527],[-75.13524,5.29515],[-75.13521,5.29503],[-75.13527,5.29494],[-75.13536,5.29491],[-75.13548,5.29488],[-75.1356,5.29488],[-75.13572,5.29488],[-75.13581,5.29494],[-75.1359,5.29503],[-75.13596,5.29512],[-75.13605,5.29518],[-75.13608,5.29526],[-75.13617,5.29532],[-75.13626,5.29541],[-75.13632,5.2955],[-75.13638,5.29559],[-75.13641,5.29568],[-75.13644,5.29577],[-75.1365,5.29586],[-75.13656,5.29595],[-75.13662,5.29604],[-75.13671,5.29607],[-75.13677,5.29616],[-75.13692,5.29619],[-75.13704,5.29619],[-75.13715,5.29619],[-75.13727,5.29619],[-75.13739,5.29619],[-75.13754,5.29619],[-75.13766,5.29619],[-75.13775,5.29616],[-75.13784,5.29613],[-75.13796,5.29613],[-75.13808,5.2961],[-75.1382,5.2961],[-75.13832,5.2961],[-75.13835,5.29601],[-75.13835,5.29589],[-75.13835,5.29577],[-75.13835,5.29565],[-75.13826,5.29556],[-75.13817,5.29547],[-75.13808,5.29544],[-75.13799,5.29538],[-75.1379,5.29535],[-75.13781,5.29532],[-75.13772,5.29529],[-75.13763,5.29526],[-75.13754,5.29517],[-75.13745,5.29505],[-75.13739,5.29496],[-75.13736,5.29487],[-75.1373,5.29478],[-75.13721,5.29472],[-75.13709,5.29467],[-75.137,5.29464],[-75.13691,5.29458],[-75.13682,5.29455],[-75.1367,5.29449],[-75.13661,5.29446],[-75.13653,5.29443],[-75.13644,5.29434],[-75.13635,5.29428],[-75.13623,5.29422],[-75.13614,5.29419],[-75.13605,5.29416],[-75.13596,5.29413],[-75.13587,5.2941],[-75.13578,5.29407],[-75.13566,5.29404],[-75.13554,5.29401],[-75.13542,5.29398],[-75.1353,5.29398],[-75.13518,5.29398],[-75.13506,5.29398],[-75.13494,5.29398],[-75.13476,5.29398],[-75.13464,5.29398],[-75.13459,5.294],[-75.13471,5.29422],[-75.13474,5.29431],[-75.13477,5.2944],[-75.13477,5.29452],[-75.13483,5.29467],[-75.13486,5.29479],[-75.13486,5.29491],[-75.1348,5.295],[-75.13471,5.29503],[-75.13462,5.29512],[-75.13456,5.29521],[-75.13453,5.2953],[-75.13453,5.29542],[-75.13453,5.29554],[-75.13456,5.29563],[-75.13456,5.29575],[-75.13456,5.29587],[-75.13459,5.29599],[-75.13462,5.2961],[-75.13468,5.29625],[-75.13468,5.29637],[-75.13468,5.29649],[-75.13465,5.29658],[-75.13459,5.29667],[-75.13453,5.29676],[-75.13444,5.29682],[-75.13441,5.29694],[-75.13441,5.29706],[-75.13441,5.29718],[-75.1345,5.29724],[-75.13462,5.29724],[-75.13471,5.29721],[-75.1348,5.29712],[-75.1348,5.297],[-75.13483,5.29691],[-75.13495,5.29691],[-75.13507,5.29694],[-75.13519,5.29694],[-75.13528,5.29697],[-75.1354,5.297],[-75.13549,5.29703],[-75.13558,5.29709],[-75.13566,5.29715],[-75.13578,5.29724],[-75.13587,5.2973],[-75.13596,5.29736],[-75.13605,5.29739],[-75.13612,5.29743],[-75.13612,5.29744],[-75.13606,5.29753],[-75.13597,5.29756],[-75.13594,5.29768],[-75.13594,5.2978],[-75.13591,5.29789],[-75.13591,5.29801],[-75.136,5.29806],[-75.13603,5.29815],[-75.13609,5.29824],[-75.13609,5.29836],[-75.13612,5.29845],[-75.13606,5.29854],[-75.13597,5.29857],[-75.13588,5.2986],[-75.13576,5.2986],[-75.13567,5.29863],[-75.13558,5.29869],[-75.13552,5.29878],[-75.13552,5.2989],[-75.13555,5.29899],[-75.13564,5.29902],[-75.13573,5.29908],[-75.13582,5.29911],[-75.13588,5.2992],[-75.13591,5.29929],[-75.13597,5.29938],[-75.13598,5.29939],[-75.13588,5.29939],[-75.13579,5.29942],[-75.1357,5.29945],[-75.13561,5.29948],[-75.13558,5.29957],[-75.13561,5.29969],[-75.1357,5.29972],[-75.13579,5.29975],[-75.13588,5.29978],[-75.13597,5.29984],[-75.136,5.29993],[-75.13603,5.30002],[-75.13609,5.30011],[-75.13618,5.3002],[-75.13627,5.30029],[-75.13629,5.3003],[-75.13628,5.30027],[-75.13627,5.30024],[-75.13627,5.3002],[-75.13627,5.30016],[-75.13628,5.30012],[-75.1363,5.30009],[-75.13632,5.30005],[-75.13635,5.30003],[-75.13638,5.3],[-75.13642,5.29999],[-75.13646,5.29998],[-75.13648,5.29997],[-75.13651,5.29997]]]},"properties":{"OBJECTID_12":126,"OBJECTID_1":138,"OBJECTID":0,"MUNICIPIO":"Manzanares","CODIGO":" ","ZONIFICACI":"Zona de Uso Sostenible","SUBZONA":"Subzona para el desarrollo","SIMB":"ZUSb","AREA_HAS":27.0658361701,"NOMBRE":"CERRO GUADALUPE","Shape_Leng":5399.51150145,"Shape_Length":5398.014115023048,"Shape_Area":270508.21072063455}},{"type":"Feature","id":127,"geometry":{"type":"Polygon","coordinates":[[[-75.11575,5.30051],[-75.11597,5.30102],[-75.11669,5.30169],[-75.11676,5.30155],[-75.11686,5.30145],[-75.11697,5.30123],[-75.11697,5.30119],[-75.11697,5.30119],[-75.11688,5.3011],[-75.11682,5.30101],[-75.11676,5.30092],[-75.11667,5.30086],[-75.11658,5.3008],[-75.11649,5.30071],[-75.1164,5.30062],[-75.11634,5.30053],[-75.11625,5.30047],[-75.11613,5.30041],[-75.11604,5.30038],[-75.11595,5.30035],[-75.11586,5.30032],[-75.11575,5.3003],[-75.11575,5.30051]]]},"properties":{"OBJECTID_12":127,"OBJECTID_1":139,"OBJECTID":0,"MUNICIPIO":"Manzanares","CODIGO":" ","ZONIFICACI":"Zona de Uso Sostenible","SUBZONA":"Subzona para el desarrollo","SIMB":"ZUSb","AREA_HAS":0.96361857098,"NOMBRE":"CERRO GUADALUPE","Shape_Leng":432.542842467,"Shape_Length":432.4197979411026,"Shape_Area":9630.70259237114}},{"type":"Feature","id":128,"geometry":{"type":"Polygon","coordinates":[[[-75.12946,5.2988],[-75.12943,5.29889],[-75.12937,5.29898],[-75.12928,5.29901],[-75.12919,5.29904],[-75.12908,5.29904],[-75.12896,5.29907],[-75.12881,5.29907],[-75.12869,5.29913],[-75.12869,5.29925],[-75.12872,5.29934],[-75.12872,5.29946],[-75.12878,5.29955],[-75.12884,5.29964],[-75.12893,5.2997],[-75.12896,5.29979],[-75.12896,5.29991],[-75.12896,5.30003],[-75.1289,5.30012],[-75.12884,5.30021],[-75.12878,5.3003],[-75.12869,5.30036],[-75.1286,5.30045],[-75.12854,5.30054],[-75.12845,5.30057],[-75.12839,5.30066],[-75.12833,5.30078],[-75.1283,5.3009],[-75.12827,5.30099],[-75.12827,5.30111],[-75.12827,5.30123],[-75.12827,5.30135],[-75.12827,5.30147],[-75.12821,5.30159],[-75.12812,5.30168],[-75.12804,5.30171],[-75.12795,5.30174],[-75.12786,5.30177],[-75.1278,5.30186],[-75.12777,5.30195],[-75.12774,5.30207],[-75.12771,5.30216],[-75.12768,5.30228],[-75.12765,5.30237],[-75.12762,5.30246],[-75.12759,5.30255],[-75.12759,5.30267],[-75.12759,5.30278],[-75.12756,5.30287],[-75.12755,5.30289],[-75.12774,5.3026],[-75.12775,5.30258],[-75.12846,5.30165],[-75.12878,5.30094],[-75.12878,5.30084],[-75.12878,5.30072],[-75.12887,5.30063],[-75.12894,5.30058],[-75.12956,5.29923],[-75.12949,5.29876],[-75.12946,5.2988]]]},"properties":{"OBJECTID_12":128,"OBJECTID_1":140,"OBJECTID":0,"MUNICIPIO":"Manzanares","CODIGO":" ","ZONIFICACI":"Zona de Uso Sostenible","SUBZONA":"Subzona para el desarrollo","SIMB":"ZUSb","AREA_HAS":1.90939045931,"NOMBRE":"CERRO GUADALUPE","Shape_Leng":1116.46690387,"Shape_Length":1116.1538141745607,"Shape_Area":19083.2080657936}},{"type":"Feature","id":129,"geometry":{"type":"Polygon","coordinates":[[[-75.11372,5.3032],[-75.11384,5.30326],[-75.11396,5.30326],[-75.11405,5.30323],[-75.11414,5.30317],[-75.11423,5.30311],[-75.11429,5.30302],[-75.11437,5.30296],[-75.11446,5.3029],[-75.11455,5.30284],[-75.11467,5.30275],[-75.11476,5.30272],[-75.11485,5.30269],[-75.11494,5.30263],[-75.11497,5.30254],[-75.11506,5.30242],[-75.11512,5.30233],[-75.11521,5.30224],[-75.1153,5.30218],[-75.11539,5.30212],[-75.11548,5.30206],[-75.1156,5.30206],[-75.11569,5.30212],[-75.11581,5.30218],[-75.11589,5.30227],[-75.11598,5.30236],[-75.11604,5.30245],[-75.11607,5.30245],[-75.11611,5.30242],[-75.11629,5.30242],[-75.11658,5.30231],[-75.11663,5.30226],[-75.11562,5.30132],[-75.1156,5.3013],[-75.11559,5.30127],[-75.11557,5.30124],[-75.11532,5.30064],[-75.11531,5.30061],[-75.1153,5.30058],[-75.1153,5.30055],[-75.1153,5.29986],[-75.11529,5.29986],[-75.11523,5.29967],[-75.11526,5.29958],[-75.11526,5.2993],[-75.11526,5.29928],[-75.11528,5.29928],[-75.11529,5.29928],[-75.11519,5.29894],[-75.11464,5.29818],[-75.11462,5.29815],[-75.11461,5.29811],[-75.1146,5.29808],[-75.1146,5.29804],[-75.1146,5.298],[-75.11485,5.29686],[-75.11482,5.2962],[-75.1148,5.29607],[-75.11474,5.29601],[-75.11467,5.29595],[-75.11465,5.29586],[-75.11474,5.29583],[-75.11477,5.29583],[-75.11464,5.29494],[-75.11443,5.29479],[-75.11439,5.29476],[-75.11372,5.29448],[-75.11366,5.29466],[-75.11355,5.29501],[-75.11353,5.29505],[-75.11351,5.29508],[-75.1133,5.29536],[-75.11327,5.29539],[-75.11326,5.2954],[-75.11345,5.29565],[-75.11354,5.29576],[-75.11362,5.29587],[-75.11364,5.29591],[-75.11381,5.29634],[-75.11387,5.29656],[-75.11387,5.29669],[-75.11375,5.29675],[-75.11368,5.29679],[-75.11349,5.29692],[-75.11328,5.29706],[-75.11311,5.29719],[-75.11287,5.29743],[-75.11275,5.29759],[-75.11275,5.29759],[-75.11271,5.29769],[-75.11265,5.29783],[-75.1126,5.29796],[-75.11257,5.29806],[-75.11254,5.29817],[-75.11255,5.29819],[-75.11257,5.29822],[-75.11258,5.29826],[-75.11259,5.29829],[-75.11259,5.29833],[-75.11258,5.29837],[-75.11257,5.29841],[-75.11255,5.29844],[-75.11201,5.29923],[-75.11198,5.29926],[-75.11196,5.29928],[-75.11192,5.2993],[-75.11189,5.29932],[-75.11185,5.29932],[-75.11182,5.29933],[-75.11178,5.29932],[-75.11174,5.29931],[-75.11171,5.2993],[-75.11168,5.29927],[-75.11165,5.29925],[-75.11163,5.29922],[-75.11161,5.29919],[-75.1116,5.29915],[-75.1116,5.29911],[-75.1116,5.29908],[-75.1116,5.29904],[-75.11162,5.299],[-75.11164,5.29897],[-75.11216,5.29821],[-75.11205,5.29816],[-75.11166,5.29799],[-75.11165,5.29808],[-75.11157,5.2983],[-75.11143,5.29851],[-75.11127,5.2987],[-75.11115,5.29885],[-75.1111,5.29895],[-75.11108,5.29901],[-75.11108,5.29915],[-75.11108,5.29936],[-75.11108,5.29942],[-75.11113,5.29949],[-75.11119,5.29956],[-75.11126,5.29964],[-75.11137,5.29972],[-75.11143,5.29979],[-75.11149,5.29979],[-75.11157,5.29979],[-75.11171,5.29976],[-75.11181,5.29977],[-75.1119,5.29982],[-75.11192,5.29983],[-75.11197,5.29988],[-75.11203,5.29999],[-75.11206,5.30004],[-75.11219,5.30018],[-75.11224,5.30026],[-75.11228,5.30035],[-75.11231,5.30047],[-75.11231,5.30048],[-75.11231,5.30058],[-75.1123,5.30059],[-75.11219,5.30066],[-75.112,5.30082],[-75.11199,5.30084],[-75.11185,5.30102],[-75.11182,5.30105],[-75.11166,5.30127],[-75.11154,5.30137],[-75.11137,5.30149],[-75.11121,5.30161],[-75.11115,5.30164],[-75.11112,5.30165],[-75.11115,5.30177],[-75.11121,5.30188],[-75.11128,5.30204],[-75.11131,5.30216],[-75.11131,5.30216],[-75.11122,5.30229],[-75.11117,5.30239],[-75.11114,5.30247],[-75.11116,5.30245],[-75.11119,5.30245],[-75.11127,5.30246],[-75.11128,5.30246],[-75.11128,5.30246],[-75.11128,5.30244],[-75.11129,5.30243],[-75.11129,5.30242],[-75.1113,5.3024],[-75.11131,5.30239],[-75.11132,5.30238],[-75.11132,5.30237],[-75.11133,5.30236],[-75.11135,5.30235],[-75.11136,5.30234],[-75.11137,5.30233],[-75.11138,5.30232],[-75.11138,5.30232],[-75.11154,5.30223],[-75.11149,5.30215],[-75.11158,5.30212],[-75.11169,5.30215],[-75.11178,5.30217],[-75.11181,5.30219],[-75.11218,5.30224],[-75.11221,5.30225],[-75.11224,5.30226],[-75.11227,5.30228],[-75.11243,5.30238],[-75.1125,5.30238],[-75.11282,5.30238],[-75.11286,5.30238],[-75.11326,5.30245],[-75.11326,5.30245],[-75.11326,5.30246],[-75.11327,5.30246],[-75.11329,5.30246],[-75.11329,5.30246],[-75.11329,5.30247],[-75.1133,5.30247],[-75.1133,5.30247],[-75.11332,5.30247],[-75.11332,5.30248],[-75.11337,5.3025],[-75.11344,5.30246],[-75.1135,5.30239],[-75.11357,5.30232],[-75.11364,5.30226],[-75.1137,5.30217],[-75.11375,5.30208],[-75.11379,5.30199],[-75.11381,5.3019],[-75.11386,5.30181],[-75.11386,5.3017],[-75.11386,5.30158],[-75.11385,5.30155],[-75.11389,5.30155],[-75.11404,5.30155],[-75.11416,5.30155],[-75.11428,5.30155],[-75.11437,5.30161],[-75.11437,5.30173],[-75.11437,5.30185],[-75.11434,5.30197],[-75.11428,5.30206],[-75.11428,5.30218],[-75.11425,5.3023],[-75.11422,5.30239],[-75.11414,5.30248],[-75.11405,5.30257],[-75.11396,5.3026],[-75.11387,5.30269],[-75.1138,5.30273],[-75.11386,5.30276],[-75.11387,5.30277],[-75.11388,5.30278],[-75.11389,5.30278],[-75.1139,5.30279],[-75.11391,5.3028],[-75.11392,5.30281],[-75.11393,5.30283],[-75.11394,5.30284],[-75.11395,5.30285],[-75.11396,5.30286],[-75.11396,5.30288],[-75.11397,5.30289],[-75.11397,5.3029],[-75.11398,5.30292],[-75.11398,5.30293],[-75.11398,5.30295],[-75.11398,5.30296],[-75.11398,5.30298],[-75.11398,5.30299],[-75.11398,5.30301],[-75.11397,5.30302],[-75.11397,5.30304],[-75.11396,5.30305],[-75.11396,5.30306],[-75.11395,5.30308],[-75.11394,5.30309],[-75.11393,5.3031],[-75.11392,5.30311],[-75.11391,5.30312],[-75.1139,5.30313],[-75.11389,5.30314],[-75.11388,5.30315],[-75.11387,5.30316],[-75.11385,5.30317],[-75.11384,5.30317],[-75.11383,5.30318],[-75.11381,5.30318],[-75.1138,5.30318],[-75.11378,5.30319],[-75.11377,5.30319],[-75.11375,5.30319],[-75.11374,5.30319],[-75.11373,5.30319],[-75.11371,5.30319],[-75.11372,5.3032]]]},"properties":{"OBJECTID_12":129,"OBJECTID_1":141,"OBJECTID":0,"MUNICIPIO":"Manzanares","CODIGO":" ","ZONIFICACI":"Zona de Uso Sostenible","SUBZONA":"Subzona para el desarrollo","SIMB":"ZUSb","AREA_HAS":25.2665466633,"NOMBRE":"CERRO GUADALUPE","Shape_Leng":3675.69393256,"Shape_Length":3674.6455084981258,"Shape_Area":252521.39263995283}},{"type":"Feature","id":130,"geometry":{"type":"Polygon","coordinates":[[[-75.13624,5.30238],[-75.13612,5.30238],[-75.13603,5.30241],[-75.13594,5.3025],[-75.13591,5.30259],[-75.13588,5.30271],[-75.13588,5.30283],[-75.13588,5.30295],[-75.13591,5.30304],[-75.13594,5.30313],[-75.13598,5.30316],[-75.13604,5.30317],[-75.1365,5.30328],[-75.13653,5.30329],[-75.13656,5.3033],[-75.13659,5.30332],[-75.13689,5.30356],[-75.13733,5.30376],[-75.1376,5.30388],[-75.13768,5.30371],[-75.1377,5.30369],[-75.13772,5.30366],[-75.13788,5.3035],[-75.13789,5.30334],[-75.13771,5.30328],[-75.1377,5.30328],[-75.13769,5.30327],[-75.13755,5.30322],[-75.13737,5.30314],[-75.13726,5.3031],[-75.13723,5.30308],[-75.1372,5.30306],[-75.13717,5.30303],[-75.13715,5.303],[-75.13712,5.30295],[-75.13704,5.3028],[-75.13692,5.30273],[-75.13641,5.30244],[-75.13638,5.30242],[-75.13635,5.30239],[-75.13634,5.30238],[-75.13624,5.30238]]]},"properties":{"OBJECTID_12":130,"OBJECTID_1":142,"OBJECTID":0,"MUNICIPIO":"Manzanares","CODIGO":" ","ZONIFICACI":"Zona de Uso Sostenible","SUBZONA":"Subzona para el desarrollo","SIMB":"ZUSb","AREA_HAS":1.69322721936,"NOMBRE":"CERRO GUADALUPE","Shape_Leng":601.940873329,"Shape_Length":601.7737755680927,"Shape_Area":16922.875008128052}},{"type":"Feature","id":131,"geometry":{"type":"Polygon","coordinates":[[[-75.13633,5.30376],[-75.13621,5.30376],[-75.13606,5.30376],[-75.13598,5.30376],[-75.13622,5.30382],[-75.13625,5.30383],[-75.13628,5.30384],[-75.1363,5.30386],[-75.13632,5.30388],[-75.13649,5.30405],[-75.13659,5.30412],[-75.13716,5.30428],[-75.13732,5.30428],[-75.13732,5.30425],[-75.13715,5.30417],[-75.13668,5.30395],[-75.13666,5.30395],[-75.13664,5.30393],[-75.13639,5.30374],[-75.13633,5.30376]]]},"properties":{"OBJECTID_12":131,"OBJECTID_1":143,"OBJECTID":0,"MUNICIPIO":"Manzanares","CODIGO":" ","ZONIFICACI":"Zona de Uso Sostenible","SUBZONA":"Subzona para el desarrollo","SIMB":"ZUSb","AREA_HAS":0.207124929927,"NOMBRE":"CERRO GUADALUPE","Shape_Leng":332.493533886,"Shape_Length":332.4012841432437,"Shape_Area":2070.100264862435}},{"type":"Feature","id":132,"geometry":{"type":"Polygon","coordinates":[[[-75.11177,5.30274],[-75.1117,5.30282],[-75.11158,5.30296],[-75.11134,5.30318],[-75.11126,5.30327],[-75.11104,5.30352],[-75.11093,5.30365],[-75.11092,5.30366],[-75.11126,5.30381],[-75.11129,5.30383],[-75.11132,5.30385],[-75.11185,5.30434],[-75.11183,5.30425],[-75.11183,5.30414],[-75.11185,5.30403],[-75.1119,5.30394],[-75.11194,5.30385],[-75.11201,5.30378],[-75.11208,5.30371],[-75.11214,5.30364],[-75.11217,5.30355],[-75.11219,5.30347],[-75.11219,5.30335],[-75.11219,5.30324],[-75.11216,5.30315],[-75.11214,5.30306],[-75.1121,5.30297],[-75.11203,5.30291],[-75.11196,5.30284],[-75.1119,5.30277],[-75.11181,5.30273],[-75.1118,5.30272],[-75.11179,5.30271],[-75.11177,5.30274]]]},"properties":{"OBJECTID_12":132,"OBJECTID_1":144,"OBJECTID":0,"MUNICIPIO":"Manzanares","CODIGO":" ","ZONIFICACI":"Zona de Uso Sostenible","SUBZONA":"Subzona para el desarrollo","SIMB":"ZUSb","AREA_HAS":1.25383980848,"NOMBRE":"CERRO GUADALUPE","Shape_Leng":481.72863245,"Shape_Length":481.5909748001905,"Shape_Area":12531.230444966974}},{"type":"Feature","id":133,"geometry":{"type":"Polygon","coordinates":[[[-75.12791,5.30431],[-75.12854,5.30443],[-75.12858,5.30444],[-75.12859,5.30444],[-75.12931,5.30474],[-75.12978,5.30474],[-75.13009,5.3046],[-75.13135,5.30281],[-75.13135,5.30281],[-75.13135,5.30269],[-75.13138,5.30257],[-75.13141,5.30248],[-75.1315,5.30242],[-75.13159,5.30239],[-75.13166,5.30236],[-75.13177,5.30222],[-75.13177,5.30218],[-75.13171,5.30206],[-75.13147,5.302],[-75.13132,5.302],[-75.1312,5.302],[-75.13108,5.302],[-75.13096,5.302],[-75.13087,5.30203],[-75.13078,5.30206],[-75.13069,5.30209],[-75.13054,5.30215],[-75.13045,5.30218],[-75.13044,5.30218],[-75.13042,5.30215],[-75.13036,5.30206],[-75.13027,5.30203],[-75.13018,5.302],[-75.13009,5.30197],[-75.13,5.30194],[-75.12989,5.30191],[-75.12977,5.30191],[-75.12965,5.30188],[-75.12956,5.30185],[-75.12947,5.30182],[-75.12935,5.3018],[-75.12926,5.30171],[-75.1292,5.30162],[-75.12917,5.30153],[-75.12908,5.30144],[-75.12905,5.30143],[-75.12887,5.30183],[-75.12886,5.30186],[-75.12885,5.30188],[-75.12883,5.3019],[-75.12811,5.30285],[-75.12774,5.30344],[-75.12748,5.30384],[-75.12742,5.3044],[-75.12782,5.30431],[-75.12785,5.3043],[-75.12788,5.3043],[-75.12791,5.30431]]]},"properties":{"OBJECTID_12":133,"OBJECTID_1":145,"OBJECTID":0,"MUNICIPIO":"Manzanares","CODIGO":" ","ZONIFICACI":"Zona de Uso Sostenible","SUBZONA":"Subzona para el desarrollo","SIMB":"ZUSb","AREA_HAS":9.81319087659,"NOMBRE":"CERRO GUADALUPE","Shape_Leng":1370.87228912,"Shape_Length":1370.4882282741114,"Shape_Area":98076.95553016214}},{"type":"Feature","id":134,"geometry":{"type":"Polygon","coordinates":[[[-75.13665,5.30047],[-75.13677,5.30056],[-75.13689,5.30068],[-75.13695,5.30077],[-75.13704,5.30083],[-75.1371,5.30091],[-75.1371,5.30103],[-75.1371,5.30115],[-75.13707,5.30127],[-75.13704,5.30136],[-75.13698,5.30145],[-75.13695,5.30154],[-75.13696,5.30169],[-75.13701,5.30178],[-75.13704,5.3018],[-75.13701,5.30181],[-75.13693,5.30184],[-75.13684,5.30187],[-75.13678,5.30196],[-75.13675,5.30205],[-75.13673,5.3021],[-75.13731,5.30244],[-75.13734,5.30246],[-75.13736,5.30248],[-75.13738,5.3025],[-75.1374,5.30252],[-75.1375,5.30271],[-75.13785,5.30285],[-75.1382,5.30296],[-75.13823,5.30297],[-75.13827,5.30299],[-75.13829,5.30302],[-75.13832,5.30305],[-75.13833,5.30306],[-75.13834,5.30308],[-75.13835,5.30312],[-75.13836,5.30315],[-75.13836,5.30319],[-75.13832,5.30362],[-75.13832,5.30365],[-75.13831,5.30368],[-75.1383,5.30371],[-75.13828,5.30374],[-75.13826,5.30376],[-75.13807,5.30395],[-75.13781,5.30444],[-75.13785,5.30447],[-75.13787,5.30449],[-75.13789,5.30452],[-75.13791,5.30455],[-75.13792,5.30459],[-75.13793,5.30462],[-75.13793,5.30466],[-75.13793,5.3047],[-75.13791,5.30473],[-75.1379,5.30476],[-75.13788,5.30479],[-75.13774,5.30495],[-75.13778,5.30501],[-75.13793,5.30495],[-75.13816,5.30457],[-75.13818,5.3044],[-75.13818,5.30437],[-75.13819,5.30434],[-75.13836,5.30392],[-75.13837,5.30389],[-75.13839,5.30386],[-75.13841,5.30384],[-75.13844,5.30382],[-75.13898,5.30344],[-75.13899,5.30343],[-75.13901,5.30342],[-75.13952,5.30319],[-75.13966,5.30308],[-75.1398,5.30265],[-75.13989,5.30229],[-75.13989,5.30227],[-75.13989,5.30227],[-75.1397,5.30185],[-75.13944,5.30159],[-75.13943,5.30157],[-75.13942,5.30156],[-75.13931,5.30142],[-75.13927,5.30137],[-75.13924,5.30132],[-75.13907,5.30109],[-75.13805,5.30083],[-75.13804,5.30082],[-75.13739,5.30061],[-75.13665,5.30046],[-75.13665,5.30047]]]},"properties":{"OBJECTID_12":134,"OBJECTID_1":146,"OBJECTID":0,"MUNICIPIO":"Manzanares","CODIGO":" ","ZONIFICACI":"Zona de Uso Sostenible","SUBZONA":"Subzona para el desarrollo","SIMB":"ZUSb","AREA_HAS":7.5938094268,"NOMBRE":"CERRO GUADALUPE","Shape_Leng":1536.69069221,"Shape_Length":1536.2648393495665,"Shape_Area":75896.00227864787}},{"type":"Feature","id":135,"geometry":{"type":"Polygon","coordinates":[[[-75.13052,5.30832],[-75.13052,5.30835],[-75.13039,5.30873],[-75.13046,5.30871],[-75.13058,5.30859],[-75.1306,5.30858],[-75.13063,5.30856],[-75.131,5.30835],[-75.13103,5.30833],[-75.13106,5.30832],[-75.1311,5.30832],[-75.13113,5.30832],[-75.13116,5.30832],[-75.13124,5.30834],[-75.13155,5.3084],[-75.13155,5.3084],[-75.13155,5.3084],[-75.13157,5.3084],[-75.13158,5.30839],[-75.13159,5.30839],[-75.13161,5.30839],[-75.13162,5.30839],[-75.13163,5.30839],[-75.13204,5.30836],[-75.13252,5.30785],[-75.13255,5.30782],[-75.13258,5.3078],[-75.13262,5.30779],[-75.13265,5.30778],[-75.13269,5.30778],[-75.13319,5.30778],[-75.1332,5.30778],[-75.13358,5.3078],[-75.13362,5.30769],[-75.1335,5.30666],[-75.13335,5.30621],[-75.13334,5.30617],[-75.13334,5.30616],[-75.13331,5.30591],[-75.13328,5.30569],[-75.13327,5.30566],[-75.13328,5.30563],[-75.13328,5.30561],[-75.13357,5.30437],[-75.13413,5.30196],[-75.13414,5.30192],[-75.13416,5.30189],[-75.13418,5.30186],[-75.13421,5.30183],[-75.13424,5.30181],[-75.13427,5.3018],[-75.13431,5.30179],[-75.13435,5.30178],[-75.13438,5.30179],[-75.13442,5.3018],[-75.13445,5.30181],[-75.13448,5.30183],[-75.13451,5.30186],[-75.13453,5.30188],[-75.13455,5.30192],[-75.13457,5.30195],[-75.13457,5.30199],[-75.13457,5.30203],[-75.13457,5.30206],[-75.13409,5.30412],[-75.13373,5.30567],[-75.13378,5.30608],[-75.13387,5.30633],[-75.13388,5.30636],[-75.13391,5.30646],[-75.13394,5.30654],[-75.13395,5.30657],[-75.13395,5.30658],[-75.13395,5.30665],[-75.13408,5.30769],[-75.13408,5.30773],[-75.13407,5.30777],[-75.13406,5.3078],[-75.13405,5.30784],[-75.13416,5.30785],[-75.13438,5.30778],[-75.13439,5.30777],[-75.13447,5.30768],[-75.13447,5.30768],[-75.13458,5.30754],[-75.13459,5.30752],[-75.13461,5.30749],[-75.13475,5.30738],[-75.13486,5.30728],[-75.13489,5.30726],[-75.13492,5.30725],[-75.13496,5.30724],[-75.13533,5.30715],[-75.13534,5.30715],[-75.13537,5.30715],[-75.13612,5.30713],[-75.1362,5.30709],[-75.1362,5.30709],[-75.13621,5.30709],[-75.13623,5.30708],[-75.13624,5.30708],[-75.13624,5.30708],[-75.13675,5.30698],[-75.13676,5.30698],[-75.13678,5.30698],[-75.13679,5.30698],[-75.13681,5.30698],[-75.13682,5.30698],[-75.13684,5.30698],[-75.13685,5.30699],[-75.13686,5.30699],[-75.13688,5.307],[-75.13688,5.307],[-75.13696,5.30703],[-75.13727,5.30695],[-75.13727,5.30695],[-75.13733,5.30688],[-75.13739,5.30683],[-75.13755,5.30674],[-75.13767,5.30664],[-75.1377,5.30661],[-75.13772,5.30635],[-75.13761,5.30594],[-75.13757,5.30582],[-75.13752,5.30565],[-75.13752,5.30562],[-75.13752,5.30562],[-75.13748,5.30538],[-75.13727,5.30506],[-75.13725,5.30503],[-75.13724,5.30499],[-75.13723,5.30496],[-75.13723,5.30492],[-75.13724,5.30488],[-75.13725,5.30485],[-75.13726,5.30482],[-75.13728,5.30479],[-75.13733,5.30473],[-75.13713,5.30473],[-75.13709,5.30473],[-75.13707,5.30472],[-75.13643,5.30454],[-75.1364,5.30453],[-75.13638,5.30452],[-75.13635,5.30451],[-75.13621,5.3044],[-75.1362,5.30439],[-75.13619,5.30438],[-75.13611,5.30431],[-75.13606,5.30436],[-75.13602,5.30437],[-75.13595,5.30439],[-75.13583,5.30439],[-75.13577,5.3043],[-75.13568,5.30421],[-75.13559,5.30418],[-75.13547,5.30412],[-75.13544,5.30409],[-75.13525,5.30404],[-75.13521,5.30403],[-75.13518,5.30401],[-75.13515,5.30399],[-75.13512,5.30396],[-75.1351,5.30392],[-75.13509,5.30389],[-75.13508,5.30385],[-75.13508,5.30381],[-75.13509,5.30377],[-75.1351,5.30373],[-75.13512,5.3037],[-75.13513,5.30369],[-75.13514,5.30367],[-75.13517,5.30364],[-75.13521,5.30362],[-75.13524,5.30361],[-75.13525,5.30361],[-75.13529,5.30358],[-75.13535,5.30346],[-75.13538,5.30337],[-75.1354,5.30329],[-75.1354,5.30327],[-75.13541,5.30324],[-75.13541,5.30313],[-75.13544,5.30301],[-75.13547,5.30292],[-75.1355,5.30283],[-75.13553,5.30274],[-75.13555,5.30265],[-75.13558,5.3025],[-75.13561,5.30238],[-75.13561,5.30226],[-75.13561,5.30214],[-75.13561,5.30202],[-75.13561,5.3019],[-75.13555,5.30178],[-75.13552,5.30169],[-75.13543,5.30164],[-75.13534,5.30158],[-75.13528,5.30149],[-75.13519,5.3014],[-75.1351,5.30131],[-75.13502,5.30131],[-75.13499,5.30131],[-75.13487,5.30131],[-75.13475,5.30131],[-75.13463,5.30131],[-75.13448,5.30131],[-75.13439,5.30137],[-75.13433,5.30146],[-75.13424,5.30149],[-75.13415,5.30155],[-75.13412,5.30164],[-75.13409,5.30173],[-75.13406,5.30182],[-75.134,5.30191],[-75.13394,5.302],[-75.13391,5.30209],[-75.13382,5.30203],[-75.13373,5.30194],[-75.13364,5.30188],[-75.13352,5.30185],[-75.13344,5.30188],[-75.13335,5.30197],[-75.13332,5.30206],[-75.13326,5.30215],[-75.13326,5.30227],[-75.13323,5.30236],[-75.1332,5.30248],[-75.13311,5.30257],[-75.13299,5.30257],[-75.13287,5.30257],[-75.13278,5.3026],[-75.13266,5.3026],[-75.13266,5.30263],[-75.13266,5.30272],[-75.13269,5.30281],[-75.13269,5.30293],[-75.13269,5.30305],[-75.13266,5.30314],[-75.13257,5.3032],[-75.13248,5.30323],[-75.13236,5.30323],[-75.13227,5.3032],[-75.13218,5.30314],[-75.13207,5.30311],[-75.13195,5.30311],[-75.13192,5.3032],[-75.13189,5.30329],[-75.13183,5.30326],[-75.13167,5.30314],[-75.13098,5.30412],[-75.13084,5.30432],[-75.13072,5.30449],[-75.13066,5.30458],[-75.13042,5.30491],[-75.1304,5.30494],[-75.13037,5.30496],[-75.13034,5.30498],[-75.13015,5.30507],[-75.12992,5.30517],[-75.12989,5.30518],[-75.12986,5.30519],[-75.12983,5.30519],[-75.1296,5.30519],[-75.12926,5.30519],[-75.12923,5.30519],[-75.1292,5.30519],[-75.12917,5.30518],[-75.12843,5.30487],[-75.12787,5.30476],[-75.12745,5.30486],[-75.12731,5.30502],[-75.12731,5.30503],[-75.12731,5.30503],[-75.1272,5.30515],[-75.12633,5.30607],[-75.1255,5.30707],[-75.12494,5.3081],[-75.12492,5.30812],[-75.1249,5.30815],[-75.12451,5.30855],[-75.1245,5.30856],[-75.12463,5.30855],[-75.12465,5.3085],[-75.12467,5.30847],[-75.12469,5.30844],[-75.12472,5.30842],[-75.12492,5.30825],[-75.12495,5.30823],[-75.12499,5.30822],[-75.12502,5.30821],[-75.12506,5.3082],[-75.1251,5.30821],[-75.12513,5.30822],[-75.12517,5.30823],[-75.1252,5.30825],[-75.12523,5.30827],[-75.12547,5.30852],[-75.12549,5.30852],[-75.12716,5.30839],[-75.12762,5.30833],[-75.12765,5.30833],[-75.12768,5.30833],[-75.12826,5.30839],[-75.12828,5.30839],[-75.12829,5.30839],[-75.1283,5.3084],[-75.12887,5.30851],[-75.12898,5.30853],[-75.12992,5.30873],[-75.13007,5.30827],[-75.13002,5.30806],[-75.12966,5.30764],[-75.12963,5.3076],[-75.12961,5.30757],[-75.12959,5.30754],[-75.12958,5.30751],[-75.12957,5.30747],[-75.12957,5.30743],[-75.12958,5.3074],[-75.12959,5.30736],[-75.12961,5.30734],[-75.12961,5.30733],[-75.12963,5.3073],[-75.12966,5.30728],[-75.12969,5.30726],[-75.12972,5.30724],[-75.12976,5.30723],[-75.1298,5.30723],[-75.12984,5.30723],[-75.12987,5.30724],[-75.12991,5.30726],[-75.12994,5.30728],[-75.12997,5.30731],[-75.13021,5.30759],[-75.1304,5.30781],[-75.13042,5.30784],[-75.13044,5.30787],[-75.13045,5.30791],[-75.13048,5.30805],[-75.13052,5.30823],[-75.13053,5.30826],[-75.13053,5.30829],[-75.13053,5.3083],[-75.13052,5.30832]]]},"properties":{"OBJECTID_12":135,"OBJECTID_1":147,"OBJECTID":0,"MUNICIPIO":"Manzanares","CODIGO":" ","ZONIFICACI":"Zona de Uso Sostenible","SUBZONA":"Subzona para el desarrollo","SIMB":"ZUSb","AREA_HAS":54.1566905243,"NOMBRE":"CERRO GUADALUPE","Shape_Leng":5798.07402524,"Shape_Length":5796.455258307926,"Shape_Area":541264.421923467}},{"type":"Feature","id":136,"geometry":{"type":"Polygon","coordinates":[[[-75.11611,5.31056],[-75.11612,5.31056],[-75.11614,5.31056],[-75.11615,5.31057],[-75.11617,5.31057],[-75.11618,5.31058],[-75.11619,5.31058],[-75.11619,5.31058],[-75.11628,5.31062],[-75.11629,5.31063],[-75.1163,5.31064],[-75.11642,5.31072],[-75.11687,5.31072],[-75.1156,5.30869],[-75.11559,5.30867],[-75.11557,5.30864],[-75.11526,5.30753],[-75.11525,5.3075],[-75.11525,5.3075],[-75.11515,5.30686],[-75.11515,5.30684],[-75.11512,5.30618],[-75.11512,5.30615],[-75.11512,5.30612],[-75.11514,5.30604],[-75.11525,5.30555],[-75.11526,5.30552],[-75.11528,5.30548],[-75.11629,5.3038],[-75.11631,5.30376],[-75.11634,5.30374],[-75.11637,5.30372],[-75.1164,5.3037],[-75.11644,5.30369],[-75.11648,5.30369],[-75.11651,5.30369],[-75.11655,5.3037],[-75.11658,5.30371],[-75.11661,5.30373],[-75.11664,5.30375],[-75.11666,5.30378],[-75.11668,5.30381],[-75.1167,5.30385],[-75.1167,5.30388],[-75.1167,5.30392],[-75.1167,5.30396],[-75.11669,5.30399],[-75.11667,5.30403],[-75.11625,5.30474],[-75.11568,5.30568],[-75.11557,5.30618],[-75.1156,5.30681],[-75.11569,5.30742],[-75.116,5.30848],[-75.11731,5.31057],[-75.11754,5.31046],[-75.11798,5.30999],[-75.118,5.30997],[-75.11803,5.30995],[-75.11831,5.30978],[-75.11845,5.30951],[-75.11804,5.30911],[-75.11802,5.3091],[-75.11801,5.30908],[-75.11773,5.30867],[-75.11772,5.30865],[-75.1177,5.30862],[-75.11751,5.30811],[-75.1175,5.30807],[-75.1175,5.30806],[-75.11735,5.30683],[-75.11727,5.30609],[-75.11727,5.30605],[-75.11728,5.30602],[-75.11729,5.30598],[-75.1173,5.30595],[-75.11733,5.30592],[-75.11735,5.30589],[-75.11738,5.30587],[-75.11742,5.30585],[-75.11746,5.30584],[-75.11749,5.30584],[-75.11753,5.30584],[-75.11756,5.30585],[-75.1176,5.30587],[-75.11763,5.30588],[-75.11766,5.30591],[-75.11768,5.30594],[-75.1177,5.30597],[-75.11771,5.306],[-75.11772,5.30604],[-75.11789,5.3075],[-75.11794,5.30798],[-75.1181,5.30841],[-75.11811,5.30843],[-75.11837,5.3088],[-75.11844,5.30887],[-75.11881,5.30923],[-75.11922,5.30919],[-75.11898,5.30855],[-75.11849,5.30729],[-75.11848,5.30727],[-75.11817,5.30623],[-75.11816,5.30619],[-75.11816,5.30615],[-75.11816,5.30611],[-75.11817,5.30608],[-75.11819,5.30604],[-75.11821,5.30601],[-75.11824,5.30598],[-75.11827,5.30596],[-75.1183,5.30595],[-75.11834,5.30594],[-75.11838,5.30593],[-75.11841,5.30594],[-75.11845,5.30594],[-75.11848,5.30596],[-75.11851,5.30598],[-75.11854,5.306],[-75.11856,5.30603],[-75.11858,5.30606],[-75.1186,5.30609],[-75.11891,5.30713],[-75.11937,5.30833],[-75.11971,5.3092],[-75.11989,5.3091],[-75.11992,5.30908],[-75.11994,5.30908],[-75.12044,5.30894],[-75.12025,5.30778],[-75.12025,5.30774],[-75.12024,5.30714],[-75.12025,5.3071],[-75.12025,5.30709],[-75.1205,5.30589],[-75.12051,5.30585],[-75.12053,5.30582],[-75.12055,5.30579],[-75.12058,5.30576],[-75.12061,5.30574],[-75.12064,5.30572],[-75.12068,5.30571],[-75.12072,5.30571],[-75.12075,5.30571],[-75.12079,5.30572],[-75.12082,5.30573],[-75.12086,5.30575],[-75.12088,5.30578],[-75.12091,5.3058],[-75.12092,5.30584],[-75.12094,5.30587],[-75.12095,5.30591],[-75.12095,5.30594],[-75.12094,5.30598],[-75.1207,5.30716],[-75.1207,5.30772],[-75.12089,5.30888],[-75.12218,5.30888],[-75.12219,5.30888],[-75.12219,5.30888],[-75.12219,5.30888],[-75.1222,5.30888],[-75.12221,5.30888],[-75.12222,5.30888],[-75.12222,5.30888],[-75.12222,5.30888],[-75.12222,5.30888],[-75.12223,5.30888],[-75.1227,5.30897],[-75.1233,5.30892],[-75.12375,5.30888],[-75.1238,5.30879],[-75.12362,5.3082],[-75.12361,5.30819],[-75.1236,5.30815],[-75.1236,5.30811],[-75.12362,5.30751],[-75.12363,5.30716],[-75.12367,5.30618],[-75.12369,5.30571],[-75.1224,5.30169],[-75.12239,5.30165],[-75.12239,5.30161],[-75.12239,5.30157],[-75.1224,5.30154],[-75.12242,5.3015],[-75.12244,5.30147],[-75.12247,5.30144],[-75.1225,5.30142],[-75.12254,5.30141],[-75.12257,5.3014],[-75.12261,5.30139],[-75.12264,5.30139],[-75.12265,5.3014],[-75.12268,5.3014],[-75.12271,5.30142],[-75.12274,5.30143],[-75.12277,5.30146],[-75.12279,5.30149],[-75.12281,5.30152],[-75.12283,5.30155],[-75.12288,5.30171],[-75.12321,5.30274],[-75.12349,5.3036],[-75.1236,5.30397],[-75.12362,5.30393],[-75.12359,5.3039],[-75.12358,5.3039],[-75.12358,5.30387],[-75.12366,5.30387],[-75.12375,5.30387],[-75.12385,5.30389],[-75.12394,5.30392],[-75.12404,5.30396],[-75.12413,5.30396],[-75.12423,5.30396],[-75.12432,5.30399],[-75.12444,5.30403],[-75.12456,5.30406],[-75.12466,5.30411],[-75.12475,5.30411],[-75.12485,5.30406],[-75.12494,5.30401],[-75.12504,5.30401],[-75.12514,5.30401],[-75.12523,5.30401],[-75.12533,5.30401],[-75.12542,5.30403],[-75.12552,5.30406],[-75.12564,5.30408],[-75.12573,5.30413],[-75.12583,5.30418],[-75.12592,5.30418],[-75.12602,5.3042],[-75.12611,5.30425],[-75.12621,5.30427],[-75.12631,5.30427],[-75.12635,5.30437],[-75.1264,5.30446],[-75.12645,5.30456],[-75.1265,5.30465],[-75.12651,5.30468],[-75.12646,5.3047],[-75.12639,5.30477],[-75.12627,5.30485],[-75.12618,5.30492],[-75.12611,5.30499],[-75.12604,5.30506],[-75.12594,5.30513],[-75.12584,5.30516],[-75.12573,5.30521],[-75.12563,5.30521],[-75.12551,5.30528],[-75.12542,5.30535],[-75.12534,5.30542],[-75.12527,5.30549],[-75.1252,5.30557],[-75.12515,5.30566],[-75.12508,5.30576],[-75.12501,5.30585],[-75.12494,5.30592],[-75.12484,5.30597],[-75.12475,5.30597],[-75.12465,5.30597],[-75.12456,5.30597],[-75.12446,5.30597],[-75.12437,5.30595],[-75.12427,5.3059],[-75.12418,5.30588],[-75.12413,5.30586],[-75.12405,5.30809],[-75.12412,5.30829],[-75.12412,5.30831],[-75.12414,5.30829],[-75.12415,5.30827],[-75.12416,5.30826],[-75.12417,5.30824],[-75.12448,5.30793],[-75.12456,5.30785],[-75.12497,5.30709],[-75.12511,5.30684],[-75.12511,5.30683],[-75.12511,5.30683],[-75.12514,5.3068],[-75.12599,5.30578],[-75.126,5.30577],[-75.12608,5.30568],[-75.12673,5.30498],[-75.12693,5.30478],[-75.12703,5.30381],[-75.12689,5.30353],[-75.12685,5.30353],[-75.1267,5.30353],[-75.12658,5.30353],[-75.12646,5.30353],[-75.12634,5.30353],[-75.12622,5.30353],[-75.12613,5.30351],[-75.12604,5.30348],[-75.12595,5.30342],[-75.12586,5.30336],[-75.1258,5.30327],[-75.12571,5.30324],[-75.12565,5.30315],[-75.12553,5.30306],[-75.12544,5.303],[-75.12538,5.30291],[-75.12532,5.30282],[-75.12526,5.30273],[-75.12523,5.30264],[-75.12514,5.30258],[-75.12508,5.30249],[-75.12502,5.3024],[-75.12496,5.30231],[-75.1249,5.30222],[-75.12484,5.3021],[-75.12481,5.30201],[-75.12478,5.30192],[-75.12475,5.30183],[-75.12466,5.30174],[-75.12463,5.30165],[-75.12457,5.30156],[-75.12451,5.30147],[-75.12448,5.30138],[-75.12443,5.3013],[-75.1244,5.30121],[-75.12437,5.30112],[-75.12431,5.30103],[-75.12425,5.30094],[-75.12419,5.30085],[-75.12419,5.30073],[-75.12413,5.30061],[-75.12407,5.30052],[-75.12401,5.30043],[-75.12395,5.30034],[-75.12386,5.30025],[-75.1238,5.30016],[-75.12374,5.30007],[-75.12365,5.30001],[-75.12356,5.29998],[-75.12353,5.29996],[-75.12353,5.29995],[-75.12353,5.29983],[-75.12353,5.29971],[-75.1235,5.29962],[-75.12347,5.29953],[-75.12347,5.29938],[-75.1235,5.29929],[-75.12356,5.2992],[-75.12362,5.29911],[-75.12368,5.29902],[-75.12368,5.29887],[-75.12365,5.29878],[-75.12362,5.2987],[-75.12362,5.29858],[-75.12361,5.29846],[-75.12358,5.29837],[-75.12358,5.29825],[-75.12358,5.29813],[-75.12358,5.29801],[-75.12367,5.29792],[-75.1237,5.29783],[-75.12376,5.29774],[-75.12379,5.29765],[-75.12376,5.29756],[-75.12374,5.29755],[-75.12367,5.29753],[-75.12358,5.29756],[-75.12349,5.29759],[-75.12337,5.29759],[-75.12323,5.29759],[-75.12311,5.29759],[-75.12302,5.29765],[-75.12299,5.29777],[-75.12293,5.29786],[-75.12281,5.29789],[-75.12269,5.29786],[-75.1226,5.29783],[-75.12251,5.29774],[-75.12242,5.29768],[-75.12239,5.29759],[-75.12227,5.29753],[-75.12218,5.29744],[-75.12209,5.29741],[-75.122,5.29735],[-75.12194,5.29726],[-75.12188,5.29717],[-75.12179,5.29705],[-75.12167,5.29702],[-75.12158,5.29708],[-75.12156,5.2971],[-75.12149,5.29714],[-75.12141,5.29723],[-75.12132,5.29729],[-75.12127,5.29732],[-75.12197,5.29764],[-75.122,5.29766],[-75.12203,5.29768],[-75.12247,5.29809],[-75.12249,5.29811],[-75.1225,5.29812],[-75.12317,5.29901],[-75.12319,5.29904],[-75.1232,5.29908],[-75.12321,5.29912],[-75.12321,5.29916],[-75.12321,5.2992],[-75.12319,5.29923],[-75.12318,5.29927],[-75.12315,5.2993],[-75.12312,5.29933],[-75.12309,5.29935],[-75.12305,5.29936],[-75.12301,5.29937],[-75.12298,5.29937],[-75.12294,5.29936],[-75.1229,5.29935],[-75.12286,5.29933],[-75.12283,5.29931],[-75.12281,5.29928],[-75.12254,5.29892],[-75.12251,5.29897],[-75.12248,5.29906],[-75.12242,5.29918],[-75.12242,5.2993],[-75.12242,5.29941],[-75.12245,5.2995],[-75.12248,5.29959],[-75.12249,5.29962],[-75.12248,5.29962],[-75.12236,5.29962],[-75.12227,5.29953],[-75.12218,5.29947],[-75.1221,5.29945],[-75.12198,5.29945],[-75.12186,5.29945],[-75.12174,5.29945],[-75.12156,5.29951],[-75.12144,5.29954],[-75.12135,5.29957],[-75.1212,5.2996],[-75.12111,5.29963],[-75.12099,5.29963],[-75.1209,5.29957],[-75.12072,5.29948],[-75.1206,5.29942],[-75.12051,5.29939],[-75.12042,5.29936],[-75.12033,5.29933],[-75.12025,5.29924],[-75.12016,5.29912],[-75.1201,5.29903],[-75.12001,5.29894],[-75.11995,5.29885],[-75.11989,5.29876],[-75.11983,5.29867],[-75.1198,5.29858],[-75.11974,5.29849],[-75.11968,5.29837],[-75.11962,5.29828],[-75.1195,5.29822],[-75.11941,5.29816],[-75.11932,5.29813],[-75.11917,5.2981],[-75.11905,5.2981],[-75.11904,5.2981],[-75.1192,5.29838],[-75.11939,5.29868],[-75.11939,5.29902],[-75.11923,5.29939],[-75.11942,5.29966],[-75.11966,5.29988],[-75.11982,5.30012],[-75.1196,5.30055],[-75.11948,5.30077],[-75.11939,5.30098],[-75.11936,5.30107],[-75.11918,5.30141],[-75.11884,5.30172],[-75.11883,5.30173],[-75.11891,5.30178],[-75.119,5.30181],[-75.11903,5.3019],[-75.11906,5.30199],[-75.11915,5.30208],[-75.11924,5.30211],[-75.11933,5.30214],[-75.11941,5.3022],[-75.11944,5.30229],[-75.11939,5.30238],[-75.1193,5.30244],[-75.11927,5.30253],[-75.11927,5.30268],[-75.1193,5.3028],[-75.11933,5.30289],[-75.11942,5.30295],[-75.11951,5.30301],[-75.1196,5.30307],[-75.11968,5.3031],[-75.11977,5.30319],[-75.11983,5.30328],[-75.11986,5.30337],[-75.11992,5.30346],[-75.11995,5.30355],[-75.12001,5.30364],[-75.1201,5.30369],[-75.12019,5.30375],[-75.12031,5.30378],[-75.12052,5.30387],[-75.12058,5.30389],[-75.12061,5.3039],[-75.12073,5.30393],[-75.12077,5.30394],[-75.12078,5.30408],[-75.12085,5.3042],[-75.12088,5.30426],[-75.12094,5.30437],[-75.12094,5.30438],[-75.12097,5.30447],[-75.12102,5.30457],[-75.12106,5.30466],[-75.1211,5.30474],[-75.12116,5.30483],[-75.12123,5.3049],[-75.12131,5.30495],[-75.12137,5.30502],[-75.12143,5.30509],[-75.12148,5.30517],[-75.12155,5.30525],[-75.12163,5.30529],[-75.12172,5.30526],[-75.12175,5.30524],[-75.12175,5.30531],[-75.12175,5.30543],[-75.12175,5.30555],[-75.12172,5.30564],[-75.12163,5.3057],[-75.12155,5.3057],[-75.12151,5.3057],[-75.12142,5.30564],[-75.12136,5.30555],[-75.12133,5.30546],[-75.12124,5.3054],[-75.12115,5.30531],[-75.12106,5.30528],[-75.12097,5.30525],[-75.12088,5.30522],[-75.12079,5.30513],[-75.1207,5.30501],[-75.12061,5.30495],[-75.12055,5.30486],[-75.12049,5.30474],[-75.12043,5.30465],[-75.1204,5.30456],[-75.12031,5.30447],[-75.12022,5.30444],[-75.1201,5.30435],[-75.12002,5.30429],[-75.11993,5.30423],[-75.11984,5.30417],[-75.11978,5.30408],[-75.11969,5.30399],[-75.1196,5.30393],[-75.11945,5.30388],[-75.11936,5.30385],[-75.11921,5.30382],[-75.11912,5.30376],[-75.11903,5.30373],[-75.11894,5.3037],[-75.11885,5.30367],[-75.11876,5.30364],[-75.11867,5.30358],[-75.11855,5.30352],[-75.11846,5.30349],[-75.11837,5.30346],[-75.11825,5.30343],[-75.11813,5.3034],[-75.11801,5.3034],[-75.1179,5.30337],[-75.11781,5.30334],[-75.1176,5.30331],[-75.11748,5.30331],[-75.11727,5.30331],[-75.11715,5.30331],[-75.11703,5.30331],[-75.11691,5.30331],[-75.11679,5.30331],[-75.11667,5.30331],[-75.11658,5.30328],[-75.11649,5.30322],[-75.1164,5.30319],[-75.11631,5.30316],[-75.11619,5.30316],[-75.11608,5.30316],[-75.11596,5.30316],[-75.11587,5.30319],[-75.11578,5.30325],[-75.11569,5.30328],[-75.11557,5.30331],[-75.11548,5.30334],[-75.11536,5.30334],[-75.11527,5.30337],[-75.11518,5.30346],[-75.11509,5.30352],[-75.11507,5.30354],[-75.11507,5.30353],[-75.11495,5.30353],[-75.11484,5.30353],[-75.11475,5.30357],[-75.11466,5.30362],[-75.11458,5.30364],[-75.11449,5.30366],[-75.1144,5.30371],[-75.11431,5.30378],[-75.11417,5.30384],[-75.11412,5.30389],[-75.11411,5.30391],[-75.11408,5.304],[-75.11402,5.30407],[-75.11393,5.30409],[-75.11384,5.30411],[-75.11373,5.30411],[-75.11359,5.30411],[-75.1135,5.30413],[-75.11342,5.30416],[-75.11335,5.30422],[-75.11328,5.30429],[-75.11326,5.30438],[-75.11322,5.30447],[-75.11319,5.30456],[-75.11313,5.30463],[-75.11306,5.30469],[-75.11297,5.30474],[-75.11293,5.30483],[-75.11286,5.30492],[-75.11277,5.30496],[-75.11268,5.30499],[-75.11257,5.30499],[-75.11248,5.30494],[-75.11237,5.3049],[-75.11228,5.30485],[-75.11221,5.30479],[-75.11212,5.30472],[-75.11208,5.3047],[-75.11208,5.30472],[-75.11206,5.30475],[-75.11204,5.30479],[-75.11202,5.30481],[-75.11199,5.30484],[-75.11195,5.30486],[-75.11192,5.30487],[-75.11188,5.30487],[-75.11185,5.30487],[-75.11181,5.30487],[-75.11177,5.30486],[-75.11174,5.30484],[-75.11171,5.30482],[-75.11104,5.30421],[-75.11071,5.30406],[-75.11067,5.30404],[-75.11067,5.30404],[-75.11062,5.3041],[-75.11069,5.30416],[-75.11089,5.30428],[-75.11098,5.30436],[-75.11109,5.30454],[-75.11118,5.30471],[-75.11125,5.30494],[-75.11127,5.30507],[-75.11127,5.30515],[-75.11124,5.30525],[-75.11112,5.3056],[-75.11107,5.30578],[-75.11099,5.30603],[-75.11092,5.30622],[-75.11086,5.30638],[-75.11083,5.30652],[-75.11083,5.30656],[-75.11086,5.30663],[-75.11096,5.30665],[-75.11103,5.30666],[-75.11112,5.30663],[-75.11134,5.30656],[-75.11137,5.30656],[-75.11159,5.30651],[-75.11183,5.30648],[-75.11201,5.30647],[-75.11217,5.30648],[-75.11226,5.30649],[-75.11234,5.30651],[-75.11234,5.30645],[-75.11238,5.30632],[-75.11248,5.30607],[-75.11258,5.30585],[-75.11263,5.3057],[-75.11268,5.30561],[-75.11274,5.30552],[-75.11286,5.30537],[-75.11288,5.30533],[-75.11292,5.30535],[-75.11298,5.30538],[-75.11318,5.30548],[-75.11337,5.30561],[-75.11352,5.30575],[-75.11366,5.30593],[-75.11383,5.30617],[-75.11394,5.30636],[-75.11419,5.30667],[-75.11436,5.30685],[-75.11443,5.30691],[-75.11447,5.30713],[-75.11455,5.30729],[-75.11458,5.30737],[-75.11462,5.30749],[-75.11462,5.30749],[-75.11468,5.3078],[-75.11476,5.308],[-75.1149,5.30827],[-75.11504,5.30847],[-75.11511,5.30859],[-75.11518,5.30872],[-75.11524,5.309],[-75.11531,5.30934],[-75.11532,5.30936],[-75.11537,5.30953],[-75.11545,5.30967],[-75.11561,5.30988],[-75.11574,5.3101],[-75.11583,5.31029],[-75.11597,5.31053],[-75.116,5.31058],[-75.11601,5.31058],[-75.11602,5.31057],[-75.11604,5.31057],[-75.11605,5.31056],[-75.11606,5.31056],[-75.11608,5.31056],[-75.11609,5.31056],[-75.11611,5.31056]]]},"properties":{"OBJECTID_12":136,"OBJECTID_1":148,"OBJECTID":0,"MUNICIPIO":"Manzanares","CODIGO":" ","ZONIFICACI":"Zona de Uso Sostenible","SUBZONA":"Subzona para el desarrollo","SIMB":"ZUSb","AREA_HAS":95.3609289731,"NOMBRE":"CERRO GUADALUPE","Shape_Leng":13746.8492773,"Shape_Length":13742.954850421624,"Shape_Area":953069.1182167404}},{"type":"Feature","id":137,"geometry":{"type":"Polygon","coordinates":[[[-75.12589,5.27081],[-75.12597,5.27085],[-75.12606,5.2709],[-75.12615,5.27092],[-75.12623,5.27094],[-75.12632,5.27097],[-75.12641,5.27101],[-75.12652,5.27103],[-75.12661,5.27108],[-75.1267,5.27112],[-75.12679,5.27119],[-75.12688,5.27123],[-75.12697,5.27128],[-75.12706,5.2713],[-75.12717,5.2713],[-75.12726,5.27128],[-75.12735,5.27125],[-75.12744,5.27123],[-75.12755,5.27123],[-75.12766,5.27123],[-75.12776,5.27123],[-75.1277,5.27112],[-75.12759,5.27099],[-75.12746,5.27097],[-75.12727,5.27095],[-75.12697,5.27117],[-75.12674,5.27107],[-75.12609,5.27078],[-75.12589,5.27081]]]},"properties":{"OBJECTID_12":137,"OBJECTID_1":149,"OBJECTID":0,"MUNICIPIO":"Manzanares","CODIGO":" ","ZONIFICACI":"Zona de Uso Sostenible","SUBZONA":"Subzona para el desarrollo","SIMB":"ZUSb","AREA_HAS":0.332736164145,"NOMBRE":"CERRO GUADALUPE","Shape_Leng":459.892725159,"Shape_Length":459.7634845066813,"Shape_Area":3325.4975602334607}},{"type":"Feature","id":138,"geometry":{"type":"Polygon","coordinates":[[[-75.13613,5.29267],[-75.13625,5.2927],[-75.13637,5.29276],[-75.13663,5.29279],[-75.13675,5.29281],[-75.13684,5.29287],[-75.13693,5.29296],[-75.13705,5.29308],[-75.13714,5.2932],[-75.1372,5.29329],[-75.13729,5.29335],[-75.13738,5.29338],[-75.13747,5.29344],[-75.13756,5.29353],[-75.13765,5.29362],[-75.13771,5.29371],[-75.13777,5.2938],[-75.1378,5.29389],[-75.13789,5.29401],[-75.13798,5.2941],[-75.13804,5.29419],[-75.13825,5.29425],[-75.13827,5.29426],[-75.13828,5.29421],[-75.13832,5.29412],[-75.13838,5.29406],[-75.13774,5.29359],[-75.13773,5.29359],[-75.13771,5.29356],[-75.13693,5.29266],[-75.13657,5.29239],[-75.13654,5.29237],[-75.13652,5.29234],[-75.1365,5.2923],[-75.13649,5.29227],[-75.13648,5.29223],[-75.13648,5.29219],[-75.13648,5.29216],[-75.1365,5.29212],[-75.13651,5.29209],[-75.13654,5.29206],[-75.13656,5.29203],[-75.13659,5.29201],[-75.13663,5.292],[-75.13666,5.29199],[-75.1367,5.29198],[-75.13674,5.29199],[-75.13677,5.29199],[-75.13681,5.29201],[-75.13684,5.29203],[-75.13722,5.29231],[-75.13723,5.29232],[-75.13725,5.29235],[-75.13803,5.29324],[-75.13865,5.2937],[-75.1387,5.29365],[-75.13875,5.29353],[-75.13881,5.29347],[-75.13886,5.29338],[-75.13888,5.29327],[-75.1389,5.29315],[-75.1389,5.29304],[-75.13892,5.29295],[-75.13894,5.29286],[-75.13897,5.29277],[-75.13901,5.29268],[-75.13906,5.29259],[-75.1391,5.29251],[-75.13914,5.29242],[-75.13917,5.29233],[-75.13917,5.29219],[-75.13919,5.2921],[-75.13919,5.29199],[-75.13921,5.2919],[-75.13923,5.29181],[-75.13923,5.2917],[-75.1393,5.29161],[-75.13934,5.29152],[-75.13946,5.29152],[-75.13955,5.29154],[-75.1396,5.2916],[-75.13959,5.29155],[-75.13956,5.29146],[-75.13947,5.29134],[-75.13941,5.29126],[-75.13935,5.29117],[-75.13926,5.29108],[-75.1392,5.29099],[-75.13911,5.29093],[-75.13902,5.29084],[-75.13893,5.29078],[-75.13884,5.29072],[-75.13875,5.29066],[-75.13863,5.2906],[-75.13854,5.29057],[-75.13842,5.29051],[-75.13833,5.29048],[-75.13824,5.29042],[-75.13815,5.29033],[-75.13806,5.29027],[-75.13797,5.29021],[-75.13788,5.29015],[-75.13782,5.29006],[-75.13773,5.29003],[-75.13764,5.28997],[-75.13755,5.28991],[-75.13743,5.28991],[-75.13732,5.28988],[-75.1373,5.28986],[-75.13732,5.28976],[-75.13731,5.28964],[-75.13734,5.28955],[-75.13737,5.28946],[-75.1374,5.28937],[-75.13743,5.28929],[-75.13743,5.28917],[-75.13746,5.28908],[-75.13746,5.28896],[-75.13749,5.28884],[-75.13749,5.28872],[-75.13755,5.2886],[-75.13758,5.28851],[-75.13758,5.28839],[-75.13761,5.2883],[-75.13764,5.28821],[-75.13764,5.28809],[-75.13764,5.28797],[-75.13766,5.28789],[-75.13764,5.28782],[-75.13761,5.28773],[-75.13758,5.28758],[-75.13755,5.28749],[-75.13752,5.28737],[-75.13749,5.28728],[-75.13746,5.28719],[-75.13743,5.2871],[-75.1374,5.28698],[-75.13737,5.28689],[-75.13734,5.2868],[-75.13731,5.28671],[-75.13728,5.28656],[-75.13725,5.28647],[-75.13719,5.28636],[-75.13716,5.28627],[-75.13713,5.28615],[-75.1371,5.28606],[-75.13704,5.28594],[-75.13698,5.28579],[-75.13695,5.2857],[-75.13686,5.28561],[-75.13683,5.28552],[-75.13677,5.28543],[-75.13674,5.28534],[-75.13668,5.28525],[-75.13662,5.28516],[-75.13656,5.28507],[-75.1365,5.28498],[-75.13647,5.28486],[-75.13638,5.28477],[-75.13632,5.28468],[-75.13623,5.28462],[-75.13614,5.28453],[-75.13605,5.28444],[-75.13596,5.28438],[-75.1359,5.28429],[-75.13581,5.2842],[-75.13578,5.28411],[-75.13572,5.28403],[-75.13569,5.28394],[-75.13566,5.28385],[-75.1356,5.28373],[-75.13554,5.28364],[-75.13548,5.28355],[-75.13542,5.28346],[-75.13537,5.28337],[-75.13525,5.28328],[-75.13516,5.28319],[-75.13507,5.28313],[-75.13498,5.28304],[-75.13489,5.28301],[-75.13477,5.28301],[-75.13468,5.28298],[-75.13456,5.28298],[-75.13444,5.28298],[-75.13432,5.28304],[-75.1342,5.28304],[-75.13411,5.28307],[-75.13399,5.28307],[-75.1339,5.28313],[-75.13378,5.28319],[-75.13369,5.28325],[-75.13363,5.28337],[-75.13361,5.28346],[-75.13358,5.28355],[-75.13356,5.2836],[-75.13355,5.28364],[-75.13355,5.28379],[-75.13355,5.28394],[-75.13355,5.28406],[-75.13355,5.28418],[-75.13358,5.28427],[-75.13367,5.28433],[-75.13376,5.28442],[-75.13388,5.28448],[-75.13397,5.28454],[-75.13408,5.28463],[-75.13417,5.28469],[-75.1342,5.28478],[-75.13426,5.28489],[-75.13429,5.28501],[-75.13432,5.2851],[-75.13435,5.28519],[-75.13438,5.28528],[-75.13438,5.28543],[-75.13438,5.28555],[-75.13438,5.28567],[-75.13438,5.28579],[-75.13439,5.28591],[-75.13439,5.28603],[-75.13439,5.28615],[-75.13439,5.28627],[-75.13439,5.28639],[-75.13439,5.28651],[-75.13439,5.28663],[-75.13439,5.28675],[-75.13439,5.28687],[-75.13439,5.28699],[-75.13439,5.28711],[-75.13439,5.28726],[-75.13439,5.28738],[-75.13439,5.28753],[-75.13439,5.28765],[-75.13439,5.28777],[-75.13436,5.28786],[-75.13433,5.28794],[-75.1343,5.28803],[-75.13427,5.28812],[-75.13421,5.28821],[-75.13418,5.2883],[-75.13415,5.28839],[-75.13415,5.28851],[-75.13418,5.2886],[-75.13418,5.28872],[-75.13418,5.28884],[-75.13418,5.28896],[-75.13418,5.28911],[-75.13418,5.28923],[-75.13418,5.28935],[-75.13415,5.28947],[-75.13409,5.28956],[-75.13403,5.28965],[-75.13394,5.28971],[-75.13385,5.28974],[-75.13374,5.28974],[-75.13362,5.28974],[-75.13353,5.28968],[-75.13341,5.28962],[-75.13335,5.28953],[-75.13326,5.28947],[-75.1332,5.28938],[-75.13314,5.28929],[-75.13308,5.2892],[-75.13299,5.28914],[-75.13287,5.28911],[-75.13278,5.28905],[-75.13275,5.28893],[-75.13272,5.28884],[-75.13263,5.28876],[-75.13254,5.28873],[-75.13245,5.2887],[-75.13233,5.2887],[-75.13218,5.2887],[-75.13209,5.28873],[-75.13197,5.28879],[-75.13188,5.28882],[-75.13182,5.28891],[-75.13182,5.28903],[-75.13183,5.28915],[-75.13183,5.28926],[-75.13183,5.28938],[-75.13177,5.28947],[-75.13165,5.2895],[-75.13153,5.2895],[-75.13141,5.2895],[-75.13129,5.2895],[-75.13114,5.28951],[-75.13105,5.28948],[-75.13093,5.28948],[-75.13084,5.28951],[-75.13075,5.28957],[-75.13072,5.28966],[-75.13072,5.28977],[-75.13075,5.28989],[-75.13081,5.28998],[-75.13084,5.29007],[-75.1309,5.29016],[-75.13093,5.29025],[-75.13099,5.29037],[-75.13108,5.29046],[-75.13117,5.29052],[-75.13126,5.29055],[-75.13138,5.29055],[-75.1315,5.29055],[-75.13165,5.29055],[-75.1318,5.29055],[-75.13195,5.29055],[-75.13207,5.29055],[-75.13222,5.29055],[-75.13236,5.29055],[-75.13251,5.29055],[-75.13263,5.29055],[-75.13278,5.29055],[-75.13287,5.29058],[-75.13299,5.29058],[-75.13311,5.29058],[-75.1332,5.29061],[-75.13335,5.29064],[-75.13344,5.29067],[-75.13356,5.2907],[-75.13362,5.29079],[-75.13362,5.29091],[-75.13362,5.29103],[-75.13356,5.29112],[-75.13353,5.29121],[-75.13353,5.29133],[-75.13356,5.29144],[-75.13368,5.29156],[-75.13377,5.29162],[-75.13386,5.29171],[-75.13395,5.29174],[-75.13404,5.2918],[-75.13416,5.29186],[-75.13425,5.29195],[-75.13434,5.29198],[-75.13443,5.29201],[-75.13454,5.29207],[-75.13466,5.2921],[-75.13478,5.29219],[-75.13487,5.29222],[-75.13496,5.29228],[-75.13508,5.29231],[-75.13517,5.29237],[-75.13526,5.29243],[-75.13535,5.29246],[-75.1355,5.29252],[-75.13565,5.29255],[-75.1358,5.29261],[-75.13589,5.29264],[-75.13601,5.29264],[-75.13613,5.29267]],[[-75.13597,5.28842],[-75.13594,5.28854],[-75.13594,5.28866],[-75.13597,5.28875],[-75.136,5.28884],[-75.13609,5.28893],[-75.13618,5.28902],[-75.13624,5.28911],[-75.13627,5.2892],[-75.13633,5.28929],[-75.13636,5.28941],[-75.13636,5.28953],[-75.13636,5.28965],[-75.1363,5.28974],[-75.13621,5.28977],[-75.13612,5.2898],[-75.136,5.2898],[-75.13588,5.28977],[-75.13579,5.28974],[-75.1357,5.28968],[-75.13564,5.28959],[-75.13555,5.2895],[-75.13547,5.28947],[-75.13541,5.28944],[-75.13541,5.28938],[-75.1354,5.28926],[-75.1354,5.28914],[-75.1354,5.28902],[-75.1354,5.2889],[-75.13537,5.28881],[-75.13534,5.28872],[-75.13531,5.28863],[-75.13528,5.28854],[-75.13525,5.28845],[-75.13522,5.28836],[-75.13516,5.28827],[-75.1351,5.28818],[-75.13507,5.28809],[-75.13502,5.288],[-75.13496,5.28791],[-75.1349,5.28779],[-75.13492,5.28767],[-75.13495,5.28758],[-75.13504,5.28752],[-75.13516,5.28752],[-75.13525,5.28749],[-75.13534,5.28746],[-75.1354,5.28737],[-75.13549,5.28731],[-75.13558,5.28722],[-75.13567,5.28714],[-75.13576,5.28705],[-75.13585,5.28699],[-75.13594,5.28693],[-75.13603,5.2869],[-75.13615,5.2869],[-75.13627,5.28689],[-75.13636,5.28695],[-75.13639,5.28704],[-75.13645,5.28713],[-75.13648,5.28722],[-75.13651,5.28734],[-75.13651,5.28746],[-75.13648,5.28758],[-75.13648,5.2877],[-75.13648,5.28782],[-75.13657,5.28788],[-75.13666,5.28791],[-75.13677,5.28794],[-75.13686,5.28797],[-75.13698,5.28803],[-75.13707,5.28809],[-75.1371,5.28818],[-75.1371,5.2883],[-75.13701,5.28836],[-75.13692,5.28839],[-75.13684,5.28842],[-75.13672,5.28842],[-75.1366,5.28842],[-75.13651,5.28836],[-75.13639,5.28833],[-75.13627,5.28833],[-75.13615,5.28833],[-75.13603,5.28833],[-75.13597,5.28842]]]},"properties":{"OBJECTID_12":138,"OBJECTID_1":150,"OBJECTID":0,"MUNICIPIO":"Manzanares","CODIGO":" ","ZONIFICACI":"Zona de Restauración","SUBZONA":" ","SIMB":"ZR","AREA_HAS":41.5536200785,"NOMBRE":"CERRO GUADALUPE","Shape_Leng":5655.92224686,"Shape_Length":5654.349912284064,"Shape_Area":415305.15009901626}},{"type":"Feature","id":139,"geometry":{"type":"Polygon","coordinates":[[[-75.13561,5.30238],[-75.13558,5.3025],[-75.13555,5.30265],[-75.13553,5.30274],[-75.1355,5.30283],[-75.13547,5.30292],[-75.13544,5.30301],[-75.13541,5.30313],[-75.13541,5.30324],[-75.13541,5.30328],[-75.1354,5.30329],[-75.13538,5.30337],[-75.13535,5.30346],[-75.13529,5.30358],[-75.13525,5.30361],[-75.13522,5.30362],[-75.13523,5.30364],[-75.13529,5.30373],[-75.13532,5.30385],[-75.13535,5.30394],[-75.13538,5.30403],[-75.13544,5.30409],[-75.13547,5.30412],[-75.13559,5.30418],[-75.13568,5.30421],[-75.13577,5.3043],[-75.13583,5.30439],[-75.13595,5.30439],[-75.13602,5.30437],[-75.13606,5.30436],[-75.13611,5.30431],[-75.13615,5.30427],[-75.13615,5.30415],[-75.13609,5.30406],[-75.13597,5.30403],[-75.13589,5.304],[-75.13583,5.30391],[-75.13585,5.30382],[-75.13594,5.30376],[-75.13598,5.30376],[-75.13606,5.30376],[-75.13621,5.30376],[-75.13633,5.30376],[-75.13639,5.30374],[-75.13642,5.30373],[-75.13648,5.30364],[-75.13648,5.30349],[-75.13639,5.30343],[-75.1363,5.3034],[-75.13621,5.30334],[-75.13612,5.30331],[-75.13603,5.30319],[-75.13598,5.30316],[-75.13594,5.30313],[-75.13591,5.30304],[-75.13588,5.30295],[-75.13588,5.30283],[-75.13588,5.30271],[-75.13591,5.30259],[-75.13594,5.3025],[-75.13603,5.30241],[-75.13612,5.30238],[-75.13624,5.30238],[-75.13634,5.30238],[-75.13636,5.30238],[-75.13645,5.30241],[-75.1366,5.30244],[-75.13669,5.30247],[-75.13678,5.30253],[-75.13679,5.30253],[-75.13678,5.3025],[-75.13675,5.30235],[-75.13672,5.30226],[-75.13672,5.30214],[-75.13673,5.3021],[-75.13675,5.30205],[-75.13678,5.30196],[-75.13684,5.30187],[-75.13693,5.30184],[-75.13701,5.30181],[-75.13704,5.3018],[-75.13701,5.30178],[-75.13696,5.30169],[-75.13695,5.30154],[-75.13698,5.30145],[-75.13704,5.30136],[-75.13707,5.30127],[-75.1371,5.30115],[-75.1371,5.30103],[-75.1371,5.30091],[-75.13704,5.30083],[-75.13695,5.30077],[-75.13689,5.30068],[-75.13677,5.30056],[-75.13665,5.30047],[-75.13665,5.30046],[-75.13657,5.30038],[-75.13645,5.30035],[-75.13636,5.30032],[-75.13629,5.3003],[-75.13627,5.30029],[-75.13618,5.3002],[-75.13609,5.30011],[-75.13603,5.30002],[-75.136,5.29993],[-75.13597,5.29984],[-75.13588,5.29978],[-75.13579,5.29975],[-75.1357,5.29972],[-75.13561,5.29969],[-75.13558,5.29957],[-75.13561,5.29948],[-75.1357,5.29945],[-75.13579,5.29942],[-75.13588,5.29939],[-75.13598,5.29939],[-75.13597,5.29938],[-75.13591,5.29929],[-75.13588,5.2992],[-75.13582,5.29911],[-75.13573,5.29908],[-75.13564,5.29902],[-75.13555,5.29899],[-75.13552,5.2989],[-75.13552,5.29878],[-75.13558,5.29869],[-75.13567,5.29863],[-75.13576,5.2986],[-75.13588,5.2986],[-75.13597,5.29857],[-75.13606,5.29854],[-75.13612,5.29845],[-75.13609,5.29836],[-75.13609,5.29824],[-75.13603,5.29815],[-75.136,5.29806],[-75.13591,5.29801],[-75.13591,5.29789],[-75.13594,5.2978],[-75.13594,5.29768],[-75.13597,5.29756],[-75.13606,5.29753],[-75.13612,5.29744],[-75.13612,5.29743],[-75.13605,5.29739],[-75.13596,5.29736],[-75.13587,5.2973],[-75.13578,5.29724],[-75.13566,5.29715],[-75.13558,5.29709],[-75.13549,5.29703],[-75.1354,5.297],[-75.13528,5.29697],[-75.13519,5.29694],[-75.13507,5.29694],[-75.13495,5.29691],[-75.13483,5.29691],[-75.1348,5.297],[-75.1348,5.29712],[-75.13471,5.29721],[-75.13462,5.29724],[-75.1345,5.29724],[-75.13441,5.29718],[-75.13441,5.29706],[-75.13441,5.29694],[-75.13444,5.29682],[-75.13453,5.29676],[-75.13459,5.29667],[-75.13465,5.29658],[-75.13468,5.29649],[-75.13468,5.29637],[-75.13468,5.29625],[-75.13462,5.2961],[-75.13459,5.29599],[-75.13456,5.29587],[-75.13456,5.29575],[-75.13456,5.29563],[-75.13453,5.29554],[-75.13453,5.29542],[-75.13453,5.2953],[-75.13456,5.29521],[-75.13462,5.29512],[-75.13471,5.29503],[-75.1348,5.295],[-75.13486,5.29491],[-75.13486,5.29479],[-75.13483,5.29467],[-75.13477,5.29452],[-75.13477,5.2944],[-75.13474,5.29431],[-75.13471,5.29422],[-75.13459,5.294],[-75.13464,5.29398],[-75.13476,5.29398],[-75.13494,5.29398],[-75.13506,5.29398],[-75.13518,5.29398],[-75.1353,5.29398],[-75.13542,5.29398],[-75.13554,5.29401],[-75.13566,5.29404],[-75.13578,5.29407],[-75.13587,5.2941],[-75.13596,5.29413],[-75.13605,5.29416],[-75.13614,5.29419],[-75.13623,5.29422],[-75.13635,5.29428],[-75.13644,5.29434],[-75.13653,5.29443],[-75.13661,5.29446],[-75.1367,5.29449],[-75.13682,5.29455],[-75.13691,5.29458],[-75.137,5.29464],[-75.13709,5.29467],[-75.13721,5.29472],[-75.1373,5.29478],[-75.13736,5.29487],[-75.13739,5.29496],[-75.13745,5.29505],[-75.13754,5.29517],[-75.13763,5.29526],[-75.13772,5.29529],[-75.13781,5.29532],[-75.1379,5.29535],[-75.13799,5.29538],[-75.13808,5.29544],[-75.13817,5.29547],[-75.13826,5.29556],[-75.13835,5.29565],[-75.13835,5.29577],[-75.13835,5.29589],[-75.13835,5.29601],[-75.13832,5.2961],[-75.1382,5.2961],[-75.13808,5.2961],[-75.13796,5.29613],[-75.13784,5.29613],[-75.13775,5.29616],[-75.13766,5.29619],[-75.13754,5.29619],[-75.13739,5.29619],[-75.13727,5.29619],[-75.13715,5.29619],[-75.13704,5.29619],[-75.13692,5.29619],[-75.13677,5.29616],[-75.13671,5.29607],[-75.13662,5.29604],[-75.13656,5.29595],[-75.1365,5.29586],[-75.13644,5.29577],[-75.13641,5.29568],[-75.13638,5.29559],[-75.13632,5.2955],[-75.13626,5.29541],[-75.13617,5.29532],[-75.13608,5.29526],[-75.13605,5.29518],[-75.13596,5.29512],[-75.1359,5.29503],[-75.13581,5.29494],[-75.13572,5.29488],[-75.1356,5.29488],[-75.13548,5.29488],[-75.13536,5.29491],[-75.13527,5.29494],[-75.13521,5.29503],[-75.13524,5.29515],[-75.1353,5.29527],[-75.13536,5.29536],[-75.13545,5.29545],[-75.13551,5.29554],[-75.13554,5.29562],[-75.13557,5.29571],[-75.1356,5.29583],[-75.13563,5.29592],[-75.13569,5.29601],[-75.13578,5.2961],[-75.13587,5.29619],[-75.13596,5.29622],[-75.13605,5.29631],[-75.1362,5.29637],[-75.13635,5.29643],[-75.13647,5.29655],[-75.13656,5.29658],[-75.13665,5.29664],[-75.13674,5.29667],[-75.13683,5.2967],[-75.13692,5.29673],[-75.13707,5.29682],[-75.13714,5.29684],[-75.13714,5.29674],[-75.13717,5.29665],[-75.13723,5.29656],[-75.13732,5.29658],[-75.13741,5.29662],[-75.13752,5.29665],[-75.13761,5.29667],[-75.1377,5.29671],[-75.13779,5.29676],[-75.13781,5.29685],[-75.13788,5.29691],[-75.13797,5.29696],[-75.13808,5.29696],[-75.13819,5.29696],[-75.13825,5.29692],[-75.13828,5.29689],[-75.1383,5.2968],[-75.13839,5.29678],[-75.13851,5.29673],[-75.13853,5.29673],[-75.13877,5.29678],[-75.13886,5.29676],[-75.13895,5.29673],[-75.13906,5.29673],[-75.13917,5.29673],[-75.13929,5.29673],[-75.13938,5.29675],[-75.13944,5.29682],[-75.13951,5.29689],[-75.13958,5.29696],[-75.13962,5.29704],[-75.13969,5.29711],[-75.13976,5.29718],[-75.13984,5.29725],[-75.13993,5.29729],[-75.13995,5.2973],[-75.13995,5.29728],[-75.13993,5.29714],[-75.13991,5.29701],[-75.1399,5.29698],[-75.13988,5.29691],[-75.13988,5.29685],[-75.1399,5.29681],[-75.13992,5.29677],[-75.13995,5.29671],[-75.13995,5.29671],[-75.13996,5.29666],[-75.13997,5.29664],[-75.14001,5.2965],[-75.14002,5.29642],[-75.14003,5.29632],[-75.14002,5.29618],[-75.14002,5.29615],[-75.13999,5.29606],[-75.13998,5.296],[-75.13996,5.29595],[-75.1399,5.29585],[-75.13986,5.2958],[-75.13984,5.29574],[-75.13984,5.29573],[-75.1398,5.29565],[-75.13979,5.29562],[-75.13978,5.29561],[-75.13964,5.29555],[-75.13955,5.29548],[-75.13944,5.29543],[-75.13935,5.29539],[-75.13924,5.29535],[-75.13913,5.29535],[-75.13904,5.2953],[-75.13895,5.29526],[-75.13888,5.29519],[-75.13881,5.29512],[-75.13877,5.29503],[-75.1387,5.29497],[-75.13864,5.29488],[-75.13857,5.29481],[-75.1385,5.29472],[-75.13843,5.29465],[-75.13837,5.29456],[-75.1383,5.29447],[-75.13828,5.29439],[-75.13826,5.2943],[-75.13827,5.29426],[-75.13825,5.29425],[-75.13804,5.29419],[-75.13798,5.2941],[-75.13789,5.29401],[-75.1378,5.29389],[-75.13777,5.2938],[-75.13771,5.29371],[-75.13765,5.29362],[-75.13756,5.29353],[-75.13747,5.29344],[-75.13738,5.29338],[-75.13729,5.29335],[-75.1372,5.29329],[-75.13714,5.2932],[-75.13705,5.29308],[-75.13693,5.29296],[-75.13684,5.29287],[-75.13675,5.29281],[-75.13663,5.29279],[-75.13637,5.29276],[-75.13625,5.2927],[-75.13613,5.29267],[-75.13601,5.29264],[-75.13589,5.29264],[-75.1358,5.29261],[-75.13565,5.29255],[-75.1355,5.29252],[-75.13535,5.29246],[-75.13526,5.29243],[-75.13517,5.29237],[-75.13508,5.29231],[-75.13496,5.29228],[-75.13487,5.29222],[-75.13478,5.29219],[-75.13466,5.2921],[-75.13454,5.29207],[-75.13443,5.29201],[-75.13434,5.29198],[-75.13425,5.29195],[-75.13416,5.29186],[-75.13404,5.2918],[-75.13395,5.29174],[-75.13386,5.29171],[-75.13377,5.29162],[-75.13368,5.29156],[-75.13356,5.29144],[-75.13353,5.29133],[-75.13353,5.29121],[-75.13356,5.29112],[-75.13362,5.29103],[-75.13362,5.29091],[-75.13362,5.29079],[-75.13356,5.2907],[-75.13344,5.29067],[-75.13335,5.29064],[-75.1332,5.29061],[-75.13311,5.29058],[-75.13299,5.29058],[-75.13287,5.29058],[-75.13278,5.29055],[-75.13263,5.29055],[-75.13251,5.29055],[-75.13236,5.29055],[-75.13222,5.29055],[-75.13207,5.29055],[-75.13195,5.29055],[-75.1318,5.29055],[-75.13165,5.29055],[-75.1315,5.29055],[-75.13138,5.29055],[-75.13126,5.29055],[-75.13117,5.29052],[-75.13108,5.29046],[-75.13099,5.29037],[-75.13093,5.29025],[-75.1309,5.29016],[-75.13084,5.29007],[-75.13081,5.28998],[-75.13075,5.28989],[-75.13072,5.28977],[-75.13072,5.28966],[-75.13075,5.28957],[-75.13084,5.28951],[-75.13093,5.28948],[-75.13105,5.28948],[-75.13114,5.28951],[-75.13129,5.2895],[-75.13141,5.2895],[-75.13153,5.2895],[-75.13165,5.2895],[-75.13177,5.28947],[-75.13183,5.28938],[-75.13183,5.28926],[-75.13183,5.28915],[-75.13182,5.28903],[-75.13182,5.28891],[-75.13188,5.28882],[-75.13197,5.28879],[-75.13209,5.28873],[-75.13218,5.2887],[-75.13233,5.2887],[-75.13245,5.2887],[-75.13254,5.28873],[-75.13263,5.28876],[-75.13272,5.28884],[-75.13275,5.28893],[-75.13278,5.28905],[-75.13287,5.28911],[-75.13299,5.28914],[-75.13308,5.2892],[-75.13314,5.28929],[-75.1332,5.28938],[-75.13326,5.28947],[-75.13335,5.28953],[-75.13341,5.28962],[-75.13353,5.28968],[-75.13362,5.28974],[-75.13374,5.28974],[-75.13385,5.28974],[-75.13394,5.28971],[-75.13403,5.28965],[-75.13409,5.28956],[-75.13415,5.28947],[-75.13418,5.28935],[-75.13418,5.28923],[-75.13418,5.28911],[-75.13418,5.28896],[-75.13418,5.28884],[-75.13418,5.28872],[-75.13418,5.2886],[-75.13415,5.28851],[-75.13415,5.28839],[-75.13418,5.2883],[-75.13421,5.28821],[-75.13427,5.28812],[-75.1343,5.28803],[-75.13433,5.28794],[-75.13436,5.28786],[-75.13439,5.28777],[-75.13439,5.28765],[-75.13439,5.28753],[-75.13439,5.28738],[-75.13439,5.28726],[-75.13439,5.28711],[-75.13439,5.28699],[-75.13439,5.28687],[-75.13439,5.28675],[-75.13439,5.28663],[-75.13439,5.28651],[-75.13439,5.28639],[-75.13439,5.28627],[-75.13439,5.28615],[-75.13439,5.28603],[-75.13439,5.28591],[-75.13438,5.28579],[-75.13438,5.28567],[-75.13438,5.28555],[-75.13438,5.28543],[-75.13438,5.28528],[-75.13435,5.28519],[-75.13432,5.2851],[-75.13429,5.28501],[-75.13426,5.28489],[-75.1342,5.28478],[-75.13417,5.28469],[-75.13408,5.28463],[-75.13397,5.28454],[-75.13388,5.28448],[-75.13376,5.28442],[-75.13367,5.28433],[-75.13358,5.28427],[-75.13355,5.28418],[-75.13355,5.28406],[-75.13355,5.28394],[-75.13355,5.28379],[-75.13355,5.28364],[-75.13356,5.2836],[-75.13358,5.28355],[-75.13361,5.28346],[-75.13363,5.28337],[-75.13369,5.28325],[-75.13378,5.28319],[-75.1339,5.28313],[-75.13399,5.28307],[-75.13411,5.28307],[-75.1342,5.28304],[-75.13432,5.28304],[-75.13444,5.28298],[-75.13456,5.28298],[-75.13468,5.28298],[-75.13477,5.28301],[-75.13489,5.28301],[-75.13498,5.28304],[-75.13507,5.28313],[-75.13516,5.28319],[-75.13525,5.28328],[-75.13537,5.28337],[-75.13542,5.28346],[-75.13548,5.28355],[-75.13554,5.28364],[-75.1356,5.28373],[-75.13566,5.28385],[-75.13569,5.28394],[-75.13572,5.28403],[-75.13578,5.28411],[-75.13581,5.2842],[-75.1359,5.28429],[-75.13596,5.28438],[-75.13605,5.28444],[-75.13614,5.28453],[-75.13623,5.28462],[-75.13632,5.28468],[-75.13638,5.28477],[-75.13647,5.28486],[-75.1365,5.28498],[-75.13656,5.28507],[-75.13662,5.28516],[-75.13668,5.28525],[-75.13674,5.28534],[-75.13677,5.28543],[-75.13683,5.28552],[-75.13686,5.28561],[-75.13695,5.2857],[-75.13698,5.28579],[-75.13704,5.28594],[-75.1371,5.28606],[-75.13713,5.28615],[-75.13716,5.28627],[-75.13719,5.28636],[-75.13725,5.28647],[-75.13728,5.28656],[-75.13731,5.28671],[-75.13734,5.2868],[-75.13737,5.28689],[-75.1374,5.28698],[-75.13743,5.2871],[-75.13746,5.28719],[-75.13749,5.28728],[-75.13752,5.28737],[-75.13755,5.28749],[-75.13758,5.28758],[-75.13761,5.28773],[-75.13764,5.28782],[-75.13766,5.28789],[-75.13767,5.28788],[-75.1377,5.28779],[-75.13773,5.2877],[-75.13779,5.28761],[-75.13788,5.28752],[-75.13797,5.28746],[-75.13806,5.28743],[-75.13815,5.2874],[-75.13827,5.2874],[-75.13838,5.28737],[-75.13847,5.28728],[-75.13853,5.28719],[-75.13862,5.28713],[-75.13871,5.28716],[-75.1388,5.28722],[-75.13889,5.28731],[-75.13901,5.28737],[-75.1391,5.28743],[-75.13919,5.28749],[-75.13928,5.28752],[-75.13937,5.28758],[-75.13946,5.28764],[-75.13955,5.2877],[-75.13964,5.28776],[-75.13973,5.28782],[-75.13982,5.28785],[-75.13991,5.28791],[-75.14,5.28796],[-75.14012,5.28802],[-75.14024,5.28811],[-75.14033,5.28817],[-75.14041,5.2882],[-75.1405,5.28826],[-75.14059,5.28829],[-75.14068,5.28835],[-75.14077,5.28838],[-75.14086,5.28841],[-75.14092,5.2885],[-75.14101,5.28853],[-75.14103,5.28856],[-75.14123,5.28859],[-75.14147,5.28865],[-75.14159,5.28868],[-75.14168,5.28877],[-75.14177,5.2888],[-75.14186,5.28883],[-75.14197,5.28889],[-75.14206,5.28898],[-75.14218,5.28903],[-75.14227,5.28909],[-75.14236,5.28912],[-75.14245,5.28918],[-75.14254,5.28921],[-75.14266,5.28927],[-75.14278,5.2893],[-75.14287,5.28933],[-75.14302,5.28933],[-75.14317,5.28936],[-75.14326,5.28939],[-75.14341,5.28942],[-75.1435,5.28945],[-75.14362,5.28945],[-75.14374,5.28945],[-75.14383,5.28948],[-75.14391,5.28954],[-75.14403,5.28957],[-75.14412,5.2896],[-75.14424,5.2896],[-75.14436,5.28963],[-75.14445,5.28966],[-75.14457,5.28966],[-75.14472,5.28966],[-75.14484,5.28966],[-75.14496,5.28966],[-75.14508,5.28966],[-75.1452,5.28966],[-75.14532,5.28966],[-75.14544,5.28966],[-75.14556,5.28966],[-75.14568,5.28966],[-75.14579,5.28966],[-75.14588,5.28969],[-75.14597,5.28975],[-75.14606,5.28984],[-75.1461,5.28986],[-75.14615,5.28981],[-75.14624,5.28979],[-75.14633,5.28976],[-75.14644,5.28976],[-75.14655,5.28976],[-75.14664,5.28979],[-75.14673,5.28981],[-75.14684,5.28981],[-75.14695,5.28981],[-75.14706,5.28981],[-75.14717,5.28981],[-75.14728,5.28981],[-75.14737,5.28976],[-75.14735,5.28967],[-75.14726,5.28963],[-75.14717,5.28961],[-75.14708,5.28958],[-75.14699,5.28952],[-75.1469,5.28949],[-75.14679,5.28949],[-75.1467,5.28947],[-75.14661,5.28943],[-75.1465,5.28943],[-75.14641,5.28941],[-75.1463,5.28938],[-75.14626,5.28929],[-75.14619,5.28921],[-75.14616,5.28917],[-75.14612,5.28914],[-75.14606,5.28907],[-75.14594,5.28907],[-75.14583,5.28907],[-75.14572,5.28907],[-75.14563,5.28912],[-75.1455,5.28912],[-75.14539,5.28912],[-75.14528,5.28912],[-75.14519,5.2891],[-75.14507,5.28905],[-75.14501,5.28898],[-75.14492,5.28892],[-75.14487,5.28883],[-75.14481,5.28876],[-75.14476,5.28867],[-75.14472,5.28858],[-75.14465,5.28851],[-75.1446,5.28843],[-75.14454,5.28836],[-75.14449,5.28827],[-75.14443,5.28818],[-75.14436,5.28811],[-75.14425,5.288],[-75.14418,5.28793],[-75.14411,5.28787],[-75.14405,5.2878],[-75.14405,5.2878],[-75.14398,5.28773],[-75.14389,5.28767],[-75.1438,5.28762],[-75.14371,5.28758],[-75.14362,5.28755],[-75.14353,5.28753],[-75.14342,5.28753],[-75.14331,5.28753],[-75.1432,5.28753],[-75.14314,5.28751],[-75.14308,5.28751],[-75.14296,5.28751],[-75.14284,5.28754],[-75.14272,5.28754],[-75.1426,5.28754],[-75.14256,5.28754],[-75.14248,5.28754],[-75.14233,5.28754],[-75.14221,5.28748],[-75.14209,5.28748],[-75.142,5.28745],[-75.14191,5.28739],[-75.14179,5.28733],[-75.1417,5.2873],[-75.14161,5.28727],[-75.14149,5.28724],[-75.14141,5.28718],[-75.14132,5.28712],[-75.14123,5.28703],[-75.14114,5.28697],[-75.14105,5.28691],[-75.14096,5.28688],[-75.14084,5.28682],[-75.14072,5.28679],[-75.14063,5.28673],[-75.14054,5.28668],[-75.14045,5.28659],[-75.14039,5.2865],[-75.1403,5.28644],[-75.14021,5.28638],[-75.14009,5.28638],[-75.13997,5.28638],[-75.13985,5.28635],[-75.13976,5.28632],[-75.13967,5.28629],[-75.13958,5.28623],[-75.13946,5.2862],[-75.13937,5.28611],[-75.13929,5.28602],[-75.1392,5.28593],[-75.13917,5.28584],[-75.13914,5.28572],[-75.13911,5.2856],[-75.13908,5.28551],[-75.13905,5.28542],[-75.13896,5.28531],[-75.13896,5.2853],[-75.13894,5.28529],[-75.13887,5.28524],[-75.13878,5.28518],[-75.13866,5.28515],[-75.13857,5.28512],[-75.13848,5.28503],[-75.13839,5.28497],[-75.13827,5.28494],[-75.13812,5.28492],[-75.13797,5.28492],[-75.13785,5.28492],[-75.13773,5.28489],[-75.13758,5.28486],[-75.13752,5.28477],[-75.13746,5.28468],[-75.1374,5.28456],[-75.13734,5.28447],[-75.13725,5.28441],[-75.13716,5.28435],[-75.1371,5.28426],[-75.13707,5.28417],[-75.13704,5.28408],[-75.13704,5.28396],[-75.13701,5.28387],[-75.1371,5.28381],[-75.13719,5.28375],[-75.13731,5.28372],[-75.1374,5.28372],[-75.13746,5.28372],[-75.13758,5.28372],[-75.1377,5.28375],[-75.13779,5.28381],[-75.13791,5.28381],[-75.13803,5.28381],[-75.13815,5.28381],[-75.13822,5.28379],[-75.13827,5.28378],[-75.13836,5.28372],[-75.13845,5.28366],[-75.13854,5.2836],[-75.13859,5.28351],[-75.13862,5.28342],[-75.13865,5.28333],[-75.13871,5.28324],[-75.1388,5.28315],[-75.13883,5.28306],[-75.13892,5.28303],[-75.13904,5.28303],[-75.13916,5.28303],[-75.13928,5.28303],[-75.1394,5.28303],[-75.13949,5.283],[-75.13958,5.28294],[-75.1397,5.28294],[-75.13982,5.28294],[-75.13994,5.28294],[-75.14003,5.283],[-75.14012,5.28303],[-75.14018,5.28312],[-75.14029,5.28324],[-75.14038,5.28333],[-75.14044,5.28342],[-75.14047,5.28351],[-75.14056,5.28363],[-75.14059,5.28371],[-75.14062,5.2838],[-75.14065,5.28389],[-75.14068,5.28398],[-75.14068,5.2841],[-75.14068,5.28422],[-75.14068,5.28434],[-75.14071,5.28443],[-75.14074,5.28458],[-75.14077,5.28467],[-75.14083,5.28476],[-75.14089,5.28485],[-75.14092,5.28494],[-75.14101,5.28503],[-75.14107,5.28515],[-75.1411,5.28524],[-75.14116,5.28533],[-75.14119,5.28542],[-75.14131,5.28554],[-75.14134,5.28563],[-75.14143,5.28566],[-75.14161,5.28575],[-75.1417,5.28578],[-75.14179,5.28587],[-75.14185,5.28596],[-75.14194,5.28599],[-75.14203,5.28604],[-75.14212,5.28607],[-75.14224,5.28607],[-75.14236,5.2861],[-75.14248,5.28613],[-75.14263,5.28613],[-75.14272,5.28616],[-75.14281,5.28619],[-75.14292,5.28619],[-75.14304,5.28619],[-75.14313,5.28616],[-75.14319,5.28607],[-75.14322,5.28598],[-75.14322,5.28586],[-75.14322,5.28574],[-75.14321,5.28573],[-75.14316,5.28565],[-75.14307,5.28559],[-75.14295,5.28556],[-75.14286,5.28553],[-75.14274,5.28554],[-75.14257,5.28554],[-75.14248,5.28551],[-75.14248,5.28551],[-75.14239,5.28548],[-75.14224,5.28545],[-75.14215,5.28539],[-75.14206,5.28536],[-75.14191,5.2853],[-75.14179,5.28521],[-75.1417,5.28515],[-75.14161,5.28506],[-75.14158,5.28497],[-75.14152,5.28488],[-75.14146,5.28479],[-75.1414,5.2847],[-75.14134,5.28461],[-75.14131,5.28452],[-75.14131,5.2844],[-75.14131,5.28428],[-75.14128,5.28419],[-75.14128,5.28407],[-75.14128,5.28395],[-75.14128,5.28383],[-75.14134,5.28374],[-75.1414,5.28365],[-75.14149,5.28362],[-75.14158,5.28359],[-75.1417,5.28359],[-75.14182,5.28362],[-75.14191,5.28368],[-75.142,5.28371],[-75.14212,5.28371],[-75.14223,5.28371],[-75.14235,5.28371],[-75.14244,5.28377],[-75.14253,5.2838],[-75.14262,5.28389],[-75.14271,5.28395],[-75.14286,5.28401],[-75.14295,5.28404],[-75.14304,5.2841],[-75.14316,5.28419],[-75.14325,5.28428],[-75.1434,5.28434],[-75.14349,5.28437],[-75.14358,5.28443],[-75.1437,5.28443],[-75.14378,5.28443],[-75.14377,5.28442],[-75.14373,5.28433],[-75.14364,5.28424],[-75.14357,5.28415],[-75.1435,5.28409],[-75.14346,5.284],[-75.14341,5.28391],[-75.14337,5.28378],[-75.1433,5.28369],[-75.14324,5.28362],[-75.14319,5.28353],[-75.1431,5.28346],[-75.14301,5.28342],[-75.1429,5.28337],[-75.14283,5.28331],[-75.14286,5.28322],[-75.1429,5.28313],[-75.14294,5.28304],[-75.14299,5.28295],[-75.14306,5.28288],[-75.14314,5.28286],[-75.14323,5.28284],[-75.14335,5.28284],[-75.14346,5.28284],[-75.14355,5.28286],[-75.14364,5.2829],[-75.14373,5.28292],[-75.14384,5.28292],[-75.14393,5.28295],[-75.14404,5.28295],[-75.14413,5.28297],[-75.14426,5.28297],[-75.14435,5.28299],[-75.14446,5.28299],[-75.14455,5.28301],[-75.14468,5.28303],[-75.1448,5.28306],[-75.14489,5.28308],[-75.14497,5.28312],[-75.14509,5.28312],[-75.14519,5.28312],[-75.14519,5.28311],[-75.14519,5.28299],[-75.14516,5.2829],[-75.1451,5.28281],[-75.14501,5.28275],[-75.14489,5.28272],[-75.1448,5.28269],[-75.14465,5.28263],[-75.14456,5.2826],[-75.14444,5.28257],[-75.14435,5.28254],[-75.14426,5.28248],[-75.14414,5.28242],[-75.14405,5.28239],[-75.14396,5.28236],[-75.14387,5.28233],[-75.14375,5.28233],[-75.14363,5.28233],[-75.14351,5.28233],[-75.1434,5.28233],[-75.14328,5.28233],[-75.14316,5.28236],[-75.14304,5.28237],[-75.14292,5.28237],[-75.1428,5.2824],[-75.14268,5.2824],[-75.14253,5.2824],[-75.14244,5.28237],[-75.14235,5.28234],[-75.14235,5.28222],[-75.14238,5.28213],[-75.1425,5.2821],[-75.14259,5.28207],[-75.14268,5.28201],[-75.14277,5.28198],[-75.14286,5.28195],[-75.14295,5.28192],[-75.14304,5.28189],[-75.14313,5.28186],[-75.14322,5.2818],[-75.14333,5.2818],[-75.14342,5.28177],[-75.14354,5.28174],[-75.14366,5.28174],[-75.14378,5.28174],[-75.14393,5.28177],[-75.14402,5.2818],[-75.14411,5.28185],[-75.1442,5.28188],[-75.14432,5.28191],[-75.14441,5.28197],[-75.14453,5.282],[-75.14465,5.282],[-75.1448,5.28209],[-75.14489,5.28215],[-75.14501,5.28221],[-75.14513,5.28224],[-75.14524,5.28227],[-75.14533,5.2823],[-75.14542,5.28233],[-75.14551,5.28242],[-75.14563,5.28248],[-75.14572,5.28254],[-75.14584,5.28257],[-75.14593,5.2826],[-75.14605,5.2826],[-75.14617,5.2826],[-75.14617,5.28248],[-75.14617,5.28236],[-75.14614,5.28224],[-75.14602,5.28215],[-75.14596,5.28206],[-75.14587,5.28197],[-75.14584,5.28188],[-75.14575,5.28179],[-75.14569,5.2817],[-75.14566,5.28161],[-75.14563,5.28152],[-75.14551,5.28143],[-75.14542,5.2814],[-75.14533,5.28137],[-75.14521,5.28131],[-75.14509,5.28126],[-75.14491,5.2812],[-75.14483,5.28117],[-75.14474,5.28111],[-75.14465,5.28102],[-75.14456,5.28093],[-75.1445,5.28084],[-75.14442,5.28077],[-75.14441,5.28075],[-75.14429,5.28069],[-75.1442,5.28066],[-75.14411,5.28063],[-75.14399,5.28063],[-75.14387,5.28063],[-75.14375,5.28063],[-75.14366,5.28066],[-75.14351,5.28066],[-75.14339,5.28069],[-75.14327,5.28069],[-75.14316,5.28069],[-75.14315,5.28069],[-75.14306,5.28066],[-75.14303,5.28057],[-75.14303,5.28045],[-75.14312,5.28039],[-75.14324,5.28039],[-75.14336,5.28039],[-75.14348,5.28036],[-75.1436,5.28036],[-75.14372,5.28036],[-75.14396,5.28036],[-75.1441,5.28036],[-75.14414,5.28036],[-75.14423,5.28033],[-75.14435,5.28033],[-75.14447,5.28032],[-75.14454,5.28031],[-75.14461,5.2803],[-75.14483,5.28022],[-75.14481,5.28017],[-75.14479,5.28008],[-75.14472,5.27999],[-75.14466,5.27993],[-75.14457,5.27986],[-75.14448,5.27981],[-75.14439,5.27979],[-75.14428,5.27979],[-75.14419,5.27981],[-75.14408,5.27982],[-75.14408,5.27982],[-75.14397,5.27982],[-75.14385,5.27982],[-75.14374,5.27982],[-75.14365,5.27979],[-75.14356,5.27975],[-75.14352,5.27966],[-75.1435,5.27957],[-75.1435,5.27954],[-75.1435,5.27946],[-75.1435,5.27935],[-75.1435,5.27932],[-75.14341,5.27932],[-75.14329,5.27932],[-75.14317,5.27932],[-75.14308,5.27935],[-75.14303,5.27937],[-75.14299,5.27938],[-75.14291,5.27938],[-75.14288,5.27938],[-75.14282,5.27947],[-75.14273,5.27953],[-75.1427,5.27962],[-75.14258,5.27962],[-75.14246,5.27962],[-75.14231,5.27962],[-75.14219,5.27962],[-75.14207,5.27962],[-75.14195,5.27962],[-75.14186,5.27959],[-75.14171,5.27959],[-75.14162,5.27962],[-75.1415,5.27965],[-75.14141,5.27968],[-75.14138,5.27971],[-75.14133,5.27977],[-75.14124,5.27986],[-75.14121,5.27998],[-75.14115,5.28007],[-75.14112,5.28016],[-75.14106,5.28025],[-75.14097,5.28034],[-75.14085,5.28034],[-75.14073,5.28034],[-75.14064,5.28031],[-75.14052,5.28031],[-75.1404,5.28031],[-75.14028,5.28031],[-75.14019,5.28034],[-75.1401,5.28037],[-75.14001,5.2804],[-75.13992,5.28043],[-75.13983,5.28046],[-75.13975,5.28049],[-75.13963,5.28049],[-75.13956,5.28049],[-75.13948,5.28049],[-75.13936,5.28049],[-75.13924,5.28049],[-75.13909,5.28049],[-75.13904,5.28047],[-75.139,5.28046],[-75.13888,5.28046],[-75.13879,5.28043],[-75.1387,5.2804],[-75.13861,5.28034],[-75.13861,5.28022],[-75.13864,5.28013],[-75.1387,5.28004],[-75.13876,5.27995],[-75.13883,5.27988],[-75.13885,5.27986],[-75.13894,5.27977],[-75.139,5.27968],[-75.13909,5.27962],[-75.13918,5.27956],[-75.13927,5.2795],[-75.13936,5.27944],[-75.13945,5.27938],[-75.13953,5.27932],[-75.13962,5.27926],[-75.13974,5.27923],[-75.13986,5.2792],[-75.13995,5.27917],[-75.14004,5.27911],[-75.14013,5.27905],[-75.14025,5.27899],[-75.14037,5.27899],[-75.14049,5.27899],[-75.14061,5.27899],[-75.14073,5.27899],[-75.14082,5.27902],[-75.14091,5.27905],[-75.141,5.27908],[-75.14109,5.27911],[-75.14117,5.27914],[-75.14126,5.27917],[-75.14141,5.2792],[-75.14153,5.2792],[-75.14165,5.2792],[-75.14177,5.2792],[-75.14189,5.2792],[-75.14201,5.2792],[-75.1421,5.27917],[-75.14222,5.27917],[-75.14231,5.27914],[-75.1424,5.27911],[-75.14252,5.27908],[-75.14261,5.27905],[-75.1427,5.27902],[-75.14282,5.27902],[-75.1429,5.27899],[-75.14299,5.27893],[-75.14308,5.27884],[-75.14314,5.27875],[-75.1432,5.27866],[-75.1432,5.27865],[-75.14314,5.27859],[-75.14305,5.27852],[-75.14296,5.27854],[-75.14285,5.27854],[-75.14274,5.27854],[-75.14262,5.27854],[-75.14256,5.27861],[-75.14247,5.27865],[-75.14238,5.2787],[-75.14227,5.2787],[-75.14216,5.2787],[-75.14207,5.27868],[-75.14198,5.27866],[-75.14189,5.27863],[-75.1418,5.27857],[-75.14173,5.2785],[-75.14169,5.27841],[-75.14164,5.27832],[-75.14158,5.27825],[-75.14149,5.27823],[-75.1414,5.27816],[-75.14131,5.27814],[-75.1412,5.2781],[-75.14111,5.27805],[-75.14104,5.27799],[-75.14097,5.27792],[-75.14091,5.27785],[-75.14088,5.27776],[-75.14086,5.27767],[-75.14086,5.27756],[-75.14086,5.27745],[-75.14088,5.27736],[-75.14093,5.27727],[-75.14099,5.2772],[-75.14106,5.27714],[-75.14115,5.27707],[-75.14124,5.27702],[-75.14133,5.277],[-75.14142,5.27698],[-75.14153,5.27698],[-75.14162,5.27702],[-75.14171,5.27705],[-75.1418,5.27711],[-75.14189,5.27718],[-75.14198,5.27725],[-75.14209,5.27729],[-75.14218,5.27731],[-75.14227,5.27734],[-75.14235,5.2774],[-75.14247,5.27745],[-75.14258,5.27749],[-75.14264,5.27756],[-75.14273,5.2776],[-75.14285,5.27765],[-75.14294,5.27769],[-75.14305,5.27771],[-75.14316,5.27771],[-75.14327,5.27771],[-75.14336,5.27769],[-75.14345,5.27762],[-75.14352,5.27753],[-75.14351,5.27742],[-75.14347,5.27733],[-75.14343,5.27724],[-75.14336,5.27718],[-75.14327,5.27713],[-75.14316,5.27713],[-75.14307,5.27711],[-75.14296,5.27709],[-75.14287,5.27707],[-75.14276,5.27704],[-75.14264,5.27698],[-75.14253,5.27693],[-75.14247,5.27684],[-75.14244,5.27675],[-75.1424,5.27666],[-75.1424,5.27655],[-75.14235,5.27644],[-75.14235,5.27642],[-75.14222,5.27642],[-75.14204,5.27642],[-75.14192,5.27639],[-75.14177,5.27636],[-75.14165,5.2763],[-75.14157,5.27633],[-75.14145,5.27633],[-75.14136,5.27639],[-75.14127,5.27642],[-75.14124,5.27651],[-75.14115,5.27657],[-75.14109,5.27666],[-75.141,5.27669],[-75.14091,5.27675],[-75.14082,5.27678],[-75.14073,5.27684],[-75.14064,5.2769],[-75.14058,5.27699],[-75.14049,5.27705],[-75.1404,5.27711],[-75.14031,5.27717],[-75.14019,5.27723],[-75.14008,5.27738],[-75.14005,5.27747],[-75.13996,5.27753],[-75.1399,5.27765],[-75.13984,5.27774],[-75.13975,5.27783],[-75.13969,5.27792],[-75.1396,5.27801],[-75.13951,5.2781],[-75.13945,5.27818],[-75.13939,5.27827],[-75.13936,5.27836],[-75.13933,5.27845],[-75.1393,5.27857],[-75.13924,5.27866],[-75.13915,5.27872],[-75.13906,5.27878],[-75.13897,5.27887],[-75.13889,5.27893],[-75.1388,5.27899],[-75.13871,5.27905],[-75.13862,5.27911],[-75.13853,5.27917],[-75.13841,5.27923],[-75.13832,5.27926],[-75.13826,5.27929],[-75.13802,5.27942],[-75.13796,5.27938],[-75.13787,5.27932],[-75.13778,5.27926],[-75.13727,5.27915],[-75.13683,5.279],[-75.13674,5.27894],[-75.13671,5.27885],[-75.13668,5.27876],[-75.13662,5.27867],[-75.13653,5.27861],[-75.1365,5.27852],[-75.1365,5.2784],[-75.13659,5.27834],[-75.13671,5.27825],[-75.1368,5.27822],[-75.13689,5.27816],[-75.13703,5.27807],[-75.13709,5.27798],[-75.13718,5.27792],[-75.1373,5.27789],[-75.13742,5.27789],[-75.13757,5.27789],[-75.13769,5.27789],[-75.13778,5.27783],[-75.13787,5.27774],[-75.13793,5.27765],[-75.13796,5.27756],[-75.13802,5.27744],[-75.13811,5.27735],[-75.13823,5.27732],[-75.13832,5.27729],[-75.13843,5.27729],[-75.13852,5.27738],[-75.13861,5.27744],[-75.13863,5.27747],[-75.13867,5.27753],[-75.13879,5.27753],[-75.13891,5.27753],[-75.13903,5.27753],[-75.13911,5.27753],[-75.13915,5.27753],[-75.13927,5.27753],[-75.13933,5.27741],[-75.13939,5.27732],[-75.13939,5.2772],[-75.13942,5.27711],[-75.13942,5.27699],[-75.13942,5.27687],[-75.13942,5.27684],[-75.13933,5.27678],[-75.13918,5.27678],[-75.13897,5.27675],[-75.13894,5.27675],[-75.13882,5.27675],[-75.1387,5.27675],[-75.13861,5.27672],[-75.13846,5.27672],[-75.13834,5.27672],[-75.13823,5.27672],[-75.13808,5.27675],[-75.13799,5.27678],[-75.1379,5.27681],[-75.13775,5.2769],[-75.13772,5.27699],[-75.13766,5.27708],[-75.13757,5.27714],[-75.13748,5.27717],[-75.13739,5.2772],[-75.13727,5.27726],[-75.13718,5.27729],[-75.13709,5.27735],[-75.137,5.27738],[-75.13688,5.2775],[-75.13679,5.27756],[-75.13671,5.27765],[-75.13662,5.27771],[-75.13653,5.27774],[-75.13641,5.27774],[-75.13629,5.27765],[-75.1362,5.27753],[-75.13614,5.27744],[-75.13614,5.27732],[-75.13614,5.2772],[-75.13614,5.27708],[-75.13617,5.27699],[-75.13617,5.27687],[-75.13614,5.27679],[-75.13614,5.27661],[-75.13614,5.27649],[-75.13623,5.27637],[-75.13635,5.27634],[-75.13643,5.27631],[-75.13652,5.27628],[-75.13664,5.27628],[-75.13676,5.27628],[-75.13685,5.27631],[-75.13694,5.27637],[-75.13706,5.27636],[-75.13718,5.27633],[-75.13721,5.27625],[-75.13721,5.27613],[-75.13727,5.27604],[-75.1373,5.27595],[-75.13733,5.27586],[-75.13742,5.27577],[-75.13748,5.27568],[-75.13754,5.27559],[-75.13763,5.2755],[-75.13772,5.27544],[-75.13784,5.27541],[-75.13795,5.27541],[-75.13819,5.27541],[-75.13831,5.27541],[-75.1384,5.27544],[-75.13846,5.27553],[-75.13855,5.27558],[-75.13864,5.27561],[-75.13876,5.27561],[-75.13888,5.27558],[-75.139,5.27555],[-75.13906,5.27543],[-75.13915,5.27537],[-75.13924,5.27531],[-75.13936,5.27522],[-75.13945,5.27516],[-75.13956,5.2751],[-75.13959,5.27501],[-75.13959,5.2749],[-75.13959,5.27478],[-75.13959,5.27466],[-75.13956,5.27451],[-75.13947,5.2743],[-75.13942,5.27422],[-75.13936,5.2743],[-75.13929,5.27437],[-75.13923,5.27443],[-75.1392,5.27452],[-75.13914,5.27461],[-75.13907,5.27468],[-75.139,5.27475],[-75.13891,5.27477],[-75.13885,5.27484],[-75.13876,5.27486],[-75.13865,5.27486],[-75.13853,5.27486],[-75.13845,5.27484],[-75.13838,5.27477],[-75.13829,5.2747],[-75.1382,5.27464],[-75.13813,5.27457],[-75.13807,5.27448],[-75.138,5.27439],[-75.13798,5.2743],[-75.13798,5.27419],[-75.138,5.2741],[-75.13804,5.27399],[-75.13806,5.2739],[-75.13809,5.27381],[-75.13809,5.2737],[-75.13806,5.27361],[-75.13802,5.27352],[-75.138,5.27343],[-75.13791,5.27338],[-75.13782,5.27341],[-75.13775,5.2735],[-75.13768,5.27356],[-75.13762,5.27363],[-75.13755,5.2737],[-75.13746,5.27374],[-75.1374,5.27381],[-75.13735,5.2739],[-75.13733,5.27399],[-75.13731,5.27408],[-75.13731,5.27419],[-75.13728,5.2743],[-75.13726,5.27439],[-75.13724,5.27448],[-75.13724,5.27459],[-75.13722,5.27468],[-75.1372,5.27477],[-75.13713,5.27484],[-75.13706,5.27491],[-75.137,5.27497],[-75.13691,5.27502],[-75.13682,5.27509],[-75.13673,5.27511],[-75.13664,5.27515],[-75.13657,5.27522],[-75.13651,5.27529],[-75.13642,5.27533],[-75.13633,5.27538],[-75.13622,5.2754],[-75.1361,5.2754],[-75.13601,5.27538],[-75.13599,5.27529],[-75.13595,5.2752],[-75.13586,5.27513],[-75.13575,5.27513],[-75.13566,5.27515],[-75.13555,5.27518],[-75.13546,5.27516],[-75.13546,5.27504],[-75.13546,5.27493],[-75.13543,5.27484],[-75.13541,5.27475],[-75.13534,5.27469],[-75.13528,5.27462],[-75.13519,5.27457],[-75.1351,5.27455],[-75.13501,5.27453],[-75.1349,5.27451],[-75.13479,5.27451],[-75.1347,5.27446],[-75.13461,5.27444],[-75.13454,5.27437],[-75.1345,5.27428],[-75.13445,5.2742],[-75.13441,5.27411],[-75.13436,5.27399],[-75.13432,5.27388],[-75.13429,5.27379],[-75.13429,5.27366],[-75.13429,5.27355],[-75.13432,5.27346],[-75.13434,5.27335],[-75.13432,5.27326],[-75.13427,5.27317],[-75.1342,5.2731],[-75.1342,5.27299],[-75.13423,5.2729],[-75.13429,5.27283],[-75.13438,5.27279],[-75.13447,5.27276],[-75.13456,5.27274],[-75.13465,5.27276],[-75.13476,5.27276],[-75.13485,5.27279],[-75.13494,5.27283],[-75.13505,5.27283],[-75.13514,5.27281],[-75.13523,5.27278],[-75.13523,5.27267],[-75.13518,5.27258],[-75.13514,5.27249],[-75.13507,5.2724],[-75.13505,5.27232],[-75.13498,5.27223],[-75.13492,5.27216],[-75.13485,5.27209],[-75.1348,5.272],[-75.13476,5.27191],[-75.13476,5.2718],[-75.13476,5.2718],[-75.13478,5.27171],[-75.13483,5.27162],[-75.13487,5.27153],[-75.13489,5.27144],[-75.13487,5.27133],[-75.1348,5.27126],[-75.13469,5.27122],[-75.13458,5.27122],[-75.13447,5.27122],[-75.13436,5.27124],[-75.13427,5.2712],[-75.1342,5.27113],[-75.1342,5.27113],[-75.13411,5.27109],[-75.13402,5.27106],[-75.13392,5.27106],[-75.13391,5.27106],[-75.13382,5.27109],[-75.13375,5.27115],[-75.13373,5.27124],[-75.13373,5.27136],[-75.1338,5.27142],[-75.13387,5.27149],[-75.13396,5.27153],[-75.13404,5.27158],[-75.13413,5.2716],[-75.1342,5.27167],[-75.13431,5.27174],[-75.13434,5.27182],[-75.13431,5.27191],[-75.13429,5.272],[-75.13425,5.27209],[-75.13413,5.27212],[-75.13402,5.27214],[-75.13393,5.27218],[-75.13384,5.27216],[-75.13376,5.27214],[-75.13367,5.27209],[-75.13358,5.27205],[-75.13351,5.27198],[-75.13342,5.27194],[-75.13335,5.27187],[-75.13329,5.2718],[-75.1332,5.27176],[-75.13311,5.27171],[-75.13302,5.27167],[-75.13295,5.2716],[-75.13286,5.27151],[-75.13282,5.27142],[-75.13277,5.27134],[-75.13271,5.27127],[-75.1327,5.27124],[-75.13268,5.27118],[-75.13259,5.27113],[-75.13248,5.27109],[-75.13237,5.27105],[-75.13226,5.27105],[-75.13216,5.27105],[-75.13215,5.27105],[-75.13206,5.27109],[-75.13197,5.27114],[-75.13186,5.27114],[-75.13179,5.27112],[-75.13177,5.27111],[-75.13168,5.27109],[-75.13157,5.27109],[-75.13143,5.27109],[-75.13134,5.27116],[-75.13131,5.2712],[-75.13128,5.27125],[-75.13121,5.27134],[-75.13119,5.27143],[-75.13114,5.27152],[-75.1311,5.27161],[-75.13103,5.27167],[-75.131,5.27173],[-75.13099,5.27176],[-75.13092,5.27185],[-75.13088,5.27196],[-75.13081,5.27203],[-75.13072,5.27199],[-75.13061,5.27194],[-75.13054,5.27188],[-75.13045,5.27181],[-75.13043,5.27173],[-75.13043,5.27172],[-75.13039,5.27163],[-75.13032,5.27156],[-75.13025,5.2715],[-75.13016,5.27145],[-75.13005,5.27138],[-75.12998,5.27132],[-75.12996,5.27131],[-75.12991,5.27136],[-75.12973,5.27135],[-75.12972,5.27134],[-75.12966,5.2713],[-75.1295,5.27127],[-75.12937,5.27136],[-75.12923,5.27134],[-75.12921,5.27134],[-75.12884,5.27138],[-75.12859,5.2714],[-75.12832,5.27135],[-75.12809,5.27134],[-75.12797,5.27132],[-75.12793,5.27131],[-75.12776,5.27124],[-75.12776,5.27123],[-75.12766,5.27123],[-75.12755,5.27123],[-75.12744,5.27123],[-75.12735,5.27125],[-75.12726,5.27128],[-75.12717,5.2713],[-75.12706,5.2713],[-75.12697,5.27128],[-75.12688,5.27123],[-75.12679,5.27119],[-75.1267,5.27112],[-75.12661,5.27108],[-75.12652,5.27103],[-75.12641,5.27101],[-75.12632,5.27097],[-75.12623,5.27094],[-75.12615,5.27092],[-75.12606,5.2709],[-75.12597,5.27085],[-75.12589,5.27081],[-75.12561,5.27086],[-75.12527,5.27059],[-75.12526,5.27066],[-75.12525,5.2707],[-75.12524,5.27084],[-75.12523,5.27116],[-75.12524,5.27134],[-75.12523,5.2714],[-75.12529,5.27141],[-75.12539,5.27141],[-75.12549,5.27141],[-75.12559,5.27143],[-75.12569,5.27145],[-75.12578,5.27149],[-75.12584,5.27158],[-75.1259,5.27166],[-75.12594,5.27174],[-75.12598,5.27182],[-75.12604,5.2719],[-75.12612,5.27198],[-75.12621,5.27202],[-75.12629,5.27209],[-75.12639,5.27208],[-75.12649,5.27208],[-75.12659,5.27208],[-75.12671,5.27206],[-75.12682,5.27206],[-75.12692,5.27206],[-75.12704,5.27206],[-75.12716,5.2721],[-75.12726,5.27217],[-75.12731,5.27225],[-75.12733,5.27235],[-75.12727,5.27243],[-75.1272,5.27251],[-75.12718,5.27261],[-75.12722,5.2727],[-75.12731,5.27278],[-75.12739,5.27282],[-75.12749,5.27284],[-75.12759,5.27286],[-75.12769,5.27286],[-75.1278,5.27284],[-75.12788,5.2728],[-75.12796,5.27274],[-75.12798,5.27263],[-75.128,5.27253],[-75.12798,5.27243],[-75.12796,5.27233],[-75.128,5.27225],[-75.1281,5.27225],[-75.12818,5.27233],[-75.12824,5.27241],[-75.12832,5.27245],[-75.12845,5.27247],[-75.12855,5.27247],[-75.12865,5.27247],[-75.12875,5.27245],[-75.12883,5.27241],[-75.12894,5.27237],[-75.12902,5.27233],[-75.1291,5.27228],[-75.12918,5.27224],[-75.12926,5.2722],[-75.12934,5.27216],[-75.12944,5.27216],[-75.12955,5.27218],[-75.12963,5.27222],[-75.12967,5.2723],[-75.12971,5.27239],[-75.12971,5.2724],[-75.12975,5.2724],[-75.12992,5.2724],[-75.13007,5.2724],[-75.13019,5.27243],[-75.13028,5.27246],[-75.1304,5.27246],[-75.13049,5.27252],[-75.13055,5.27261],[-75.13064,5.2727],[-75.1307,5.27279],[-75.13076,5.27288],[-75.13082,5.27297],[-75.13088,5.27309],[-75.13091,5.27318],[-75.13091,5.27333],[-75.13091,5.27344],[-75.13091,5.27356],[-75.13091,5.27371],[-75.13091,5.27383],[-75.13091,5.27395],[-75.13088,5.27407],[-75.13085,5.27419],[-75.13082,5.27431],[-75.13082,5.27443],[-75.13082,5.27455],[-75.13082,5.27467],[-75.13079,5.27476],[-75.13076,5.27485],[-75.13073,5.27494],[-75.13068,5.27503],[-75.13065,5.27512],[-75.13065,5.27524],[-75.13065,5.27536],[-75.13065,5.27551],[-75.13065,5.27566],[-75.13068,5.27575],[-75.13077,5.27581],[-75.13086,5.2759],[-75.13095,5.27599],[-75.13106,5.27608],[-75.13115,5.27617],[-75.13124,5.27626],[-75.13133,5.27628],[-75.13142,5.27637],[-75.13151,5.2764],[-75.1316,5.27643],[-75.13169,5.27655],[-75.13178,5.27667],[-75.13184,5.27676],[-75.13184,5.27676],[-75.13193,5.27685],[-75.13199,5.27694],[-75.13208,5.27706],[-75.13217,5.27709],[-75.13226,5.27715],[-75.13229,5.27724],[-75.13235,5.27736],[-75.13244,5.27748],[-75.13247,5.27757],[-75.13253,5.27766],[-75.13256,5.27778],[-75.13259,5.27787],[-75.13262,5.27796],[-75.13265,5.27805],[-75.13265,5.27817],[-75.13274,5.27838],[-75.13283,5.2785],[-75.13286,5.27858],[-75.13286,5.2787],[-75.13286,5.27882],[-75.13283,5.27891],[-75.13277,5.279],[-75.13271,5.27909],[-75.13265,5.27918],[-75.13259,5.27927],[-75.1325,5.27933],[-75.13241,5.27936],[-75.13232,5.27939],[-75.1322,5.27945],[-75.13211,5.27951],[-75.13211,5.27952],[-75.13203,5.27957],[-75.13188,5.2796],[-75.13176,5.2796],[-75.13165,5.2796],[-75.13164,5.2796],[-75.13152,5.2796],[-75.13143,5.27957],[-75.13134,5.27954],[-75.13119,5.27948],[-75.13107,5.27943],[-75.13098,5.27937],[-75.13089,5.27931],[-75.1308,5.27925],[-75.13068,5.27913],[-75.13065,5.27904],[-75.13056,5.27895],[-75.13053,5.27886],[-75.13047,5.27877],[-75.13044,5.27868],[-75.13044,5.27856],[-75.13044,5.27844],[-75.13059,5.27844],[-75.13071,5.27844],[-75.13077,5.27835],[-75.1308,5.27826],[-75.1308,5.27814],[-75.1308,5.27802],[-75.13071,5.27793],[-75.13065,5.27781],[-75.13059,5.27772],[-75.13056,5.27757],[-75.13047,5.27742],[-75.13044,5.27733],[-75.13038,5.27724],[-75.13035,5.27715],[-75.13032,5.27703],[-75.13029,5.27694],[-75.13026,5.27685],[-75.13017,5.2768],[-75.13011,5.27671],[-75.13002,5.27665],[-75.12999,5.27656],[-75.1299,5.27647],[-75.12978,5.27641],[-75.12966,5.27635],[-75.12951,5.27635],[-75.12939,5.27635],[-75.12931,5.27638],[-75.12922,5.27644],[-75.1291,5.27644],[-75.12892,5.27644],[-75.12865,5.27635],[-75.12853,5.27629],[-75.12847,5.2762],[-75.12844,5.27611],[-75.12835,5.27602],[-75.12832,5.27593],[-75.12829,5.27584],[-75.12829,5.27572],[-75.12829,5.2756],[-75.12835,5.27551],[-75.12838,5.27542],[-75.12838,5.2753],[-75.12838,5.27518],[-75.12832,5.27509],[-75.12823,5.275],[-75.12814,5.27494],[-75.12805,5.27489],[-75.12796,5.27486],[-75.12787,5.27483],[-75.12778,5.2748],[-75.12766,5.2748],[-75.12757,5.27477],[-75.12745,5.27477],[-75.12733,5.27477],[-75.12718,5.27477],[-75.12707,5.27477],[-75.12695,5.27471],[-75.12686,5.27462],[-75.1268,5.27453],[-75.12671,5.27444],[-75.12665,5.27435],[-75.12659,5.27426],[-75.12653,5.27417],[-75.12644,5.27414],[-75.12635,5.27405],[-75.12626,5.27402],[-75.12623,5.27393],[-75.12617,5.27378],[-75.12614,5.2736],[-75.12611,5.27348],[-75.12608,5.27336],[-75.12603,5.27329],[-75.12594,5.27329],[-75.12594,5.27329],[-75.12584,5.27327],[-75.12576,5.27323],[-75.12568,5.27319],[-75.1256,5.27313],[-75.12551,5.27305],[-75.12551,5.27304],[-75.12543,5.27301],[-75.12537,5.27292],[-75.12534,5.27288],[-75.12531,5.27284],[-75.1253,5.27283],[-75.12525,5.27276],[-75.12517,5.2727],[-75.12509,5.27266],[-75.12502,5.27258],[-75.12498,5.2725],[-75.12492,5.27241],[-75.1249,5.27238],[-75.12499,5.27256],[-75.12503,5.27268],[-75.12511,5.27286],[-75.1249,5.27276],[-75.12475,5.27269],[-75.12457,5.27259],[-75.1243,5.27245],[-75.12405,5.27227],[-75.12388,5.27216],[-75.12385,5.27214],[-75.12382,5.27211],[-75.12382,5.27211],[-75.12374,5.27215],[-75.1237,5.27223],[-75.12366,5.27231],[-75.12366,5.27242],[-75.12366,5.27252],[-75.1237,5.2726],[-75.12371,5.27262],[-75.12376,5.27268],[-75.12384,5.27276],[-75.12392,5.27282],[-75.12403,5.27282],[-75.12411,5.27286],[-75.12419,5.27293],[-75.12425,5.27301],[-75.12427,5.27311],[-75.12431,5.27321],[-75.12431,5.27331],[-75.12431,5.27342],[-75.12431,5.27352],[-75.12433,5.27362],[-75.12435,5.27372],[-75.1244,5.2738],[-75.12442,5.27391],[-75.12444,5.27401],[-75.12448,5.27409],[-75.12452,5.27417],[-75.12454,5.27429],[-75.12458,5.27438],[-75.12458,5.27448],[-75.12458,5.27458],[-75.12456,5.27468],[-75.12456,5.2748],[-75.12456,5.27491],[-75.12456,5.27501],[-75.12456,5.27511],[-75.12456,5.27521],[-75.12458,5.27531],[-75.1246,5.27542],[-75.12464,5.27554],[-75.12468,5.27562],[-75.12472,5.27572],[-75.12477,5.2758],[-75.12483,5.27589],[-75.12487,5.27597],[-75.12493,5.27605],[-75.12495,5.27615],[-75.12499,5.27623],[-75.12501,5.27633],[-75.12503,5.27644],[-75.12507,5.27652],[-75.12509,5.27664],[-75.12511,5.27674],[-75.12513,5.27685],[-75.12517,5.27695],[-75.12522,5.27703],[-75.12526,5.27711],[-75.12532,5.27719],[-75.12538,5.27729],[-75.12542,5.27738],[-75.12544,5.2775],[-75.12546,5.2776],[-75.12546,5.2777],[-75.12546,5.2778],[-75.12546,5.27791],[-75.12546,5.27801],[-75.1255,5.27809],[-75.12554,5.27819],[-75.1256,5.27827],[-75.12565,5.27836],[-75.12567,5.27846],[-75.12571,5.27854],[-75.12573,5.27864],[-75.12573,5.27867],[-75.12579,5.27869],[-75.12591,5.27872],[-75.12603,5.27881],[-75.12612,5.27887],[-75.12621,5.27893],[-75.12627,5.27901],[-75.12636,5.27907],[-75.12645,5.2791],[-75.12651,5.27919],[-75.1266,5.27928],[-75.12663,5.2794],[-75.12663,5.27952],[-75.12663,5.27964],[-75.1266,5.27973],[-75.12657,5.27982],[-75.12654,5.27991],[-75.12648,5.28],[-75.12645,5.28009],[-75.12639,5.28018],[-75.1263,5.28024],[-75.12621,5.28027],[-75.12609,5.28027],[-75.12597,5.28024],[-75.12585,5.28024],[-75.12576,5.28021],[-75.12567,5.28018],[-75.12555,5.28018],[-75.12546,5.28015],[-75.12534,5.28012],[-75.12525,5.28006],[-75.12522,5.28003],[-75.12512,5.28003],[-75.12502,5.27999],[-75.12491,5.27997],[-75.12483,5.27993],[-75.12475,5.27989],[-75.12465,5.27981],[-75.12455,5.27975],[-75.12445,5.27971],[-75.12436,5.27962],[-75.12428,5.27958],[-75.12418,5.2795],[-75.1241,5.27944],[-75.12403,5.27939],[-75.12402,5.27938],[-75.12394,5.27932],[-75.12385,5.27926],[-75.12377,5.2792],[-75.12369,5.27913],[-75.12361,5.27909],[-75.12358,5.27907],[-75.12357,5.27908],[-75.12354,5.27918],[-75.12352,5.27928],[-75.12352,5.27937],[-75.12352,5.2794],[-75.12352,5.27947],[-75.12357,5.27956],[-75.12359,5.27966],[-75.12359,5.27975],[-75.12364,5.27985],[-75.12369,5.27995],[-75.12374,5.28004],[-75.12381,5.28011],[-75.12388,5.28018],[-75.12397,5.28026],[-75.12407,5.2803],[-75.12417,5.28035],[-75.12424,5.28042],[-75.12433,5.28045],[-75.1244,5.28052],[-75.1245,5.28059],[-75.12457,5.28066],[-75.12469,5.28073],[-75.12476,5.28083],[-75.12486,5.2809],[-75.12493,5.28097],[-75.12503,5.28102],[-75.12512,5.28104],[-75.12524,5.28109],[-75.12536,5.28114],[-75.12546,5.28116],[-75.1255,5.28126],[-75.12553,5.28135],[-75.12555,5.28145],[-75.1255,5.28155],[-75.12541,5.28155],[-75.12531,5.28155],[-75.12522,5.28155],[-75.12512,5.28152],[-75.12503,5.2815],[-75.12493,5.28147],[-75.12484,5.28145],[-75.12474,5.2814],[-75.12464,5.28136],[-75.12452,5.28131],[-75.12443,5.28126],[-75.12433,5.28121],[-75.12424,5.28117],[-75.12414,5.28114],[-75.12405,5.28109],[-75.12395,5.28102],[-75.12381,5.28095],[-75.12371,5.2809],[-75.12362,5.28083],[-75.12355,5.28076],[-75.12347,5.28069],[-75.1234,5.28059],[-75.12333,5.2805],[-75.12326,5.2804],[-75.12316,5.28033],[-75.12309,5.28026],[-75.12302,5.28019],[-75.12295,5.28009],[-75.12292,5.28],[-75.12288,5.2799],[-75.12283,5.2798],[-75.12276,5.27973],[-75.12268,5.27966],[-75.12266,5.27963],[-75.12223,5.2796],[-75.12187,5.27942],[-75.12157,5.27915],[-75.12136,5.27897],[-75.12124,5.2788],[-75.12106,5.27874],[-75.12106,5.27874],[-75.12107,5.27876],[-75.12109,5.27885],[-75.12112,5.27894],[-75.12114,5.27903],[-75.12116,5.27914],[-75.12121,5.27923],[-75.12123,5.27934],[-75.12127,5.27943],[-75.1213,5.27952],[-75.12134,5.27961],[-75.12138,5.2797],[-75.12145,5.27976],[-75.1215,5.27985],[-75.1215,5.27997],[-75.1215,5.28008],[-75.12148,5.28017],[-75.12143,5.28026],[-75.12134,5.2803],[-75.12127,5.28037],[-75.12123,5.28046],[-75.12117,5.28052],[-75.12118,5.28057],[-75.12121,5.28067],[-75.12123,5.28076],[-75.12128,5.28086],[-75.12135,5.28098],[-75.1214,5.28107],[-75.12147,5.28115],[-75.12154,5.28122],[-75.12159,5.28131],[-75.12169,5.28138],[-75.12176,5.28146],[-75.12183,5.28158],[-75.1219,5.28165],[-75.12197,5.28172],[-75.12202,5.28184],[-75.12207,5.28193],[-75.12214,5.28201],[-75.12219,5.28213],[-75.12226,5.2822],[-75.12235,5.28227],[-75.12243,5.2822],[-75.12243,5.2821],[-75.12243,5.28198],[-75.12243,5.28186],[-75.12243,5.28177],[-75.12243,5.28167],[-75.12243,5.28157],[-75.12243,5.28148],[-75.12242,5.28136],[-75.1224,5.28124],[-75.12235,5.28114],[-75.12231,5.28105],[-75.12226,5.28095],[-75.12221,5.28086],[-75.12216,5.28076],[-75.12216,5.28067],[-75.12218,5.28055],[-75.12223,5.28045],[-75.12233,5.28038],[-75.12242,5.28035],[-75.12252,5.2804],[-75.12259,5.28047],[-75.12266,5.28057],[-75.12271,5.28069],[-75.12276,5.28078],[-75.12278,5.28088],[-75.12283,5.28098],[-75.12288,5.28107],[-75.12293,5.28117],[-75.123,5.28126],[-75.12305,5.28138],[-75.12309,5.28148],[-75.12317,5.28155],[-75.12321,5.28167],[-75.12328,5.28174],[-75.12336,5.28181],[-75.12343,5.28188],[-75.12352,5.28196],[-75.1236,5.28203],[-75.12369,5.28208],[-75.12374,5.28217],[-75.12383,5.28222],[-75.12393,5.28229],[-75.12395,5.28239],[-75.12403,5.28246],[-75.12407,5.28255],[-75.12412,5.28265],[-75.12415,5.28274],[-75.12417,5.28284],[-75.12422,5.28296],[-75.12424,5.28305],[-75.12427,5.28317],[-75.12429,5.28329],[-75.12436,5.28339],[-75.12439,5.28351],[-75.12441,5.2836],[-75.12443,5.2837],[-75.12448,5.2838],[-75.12451,5.28392],[-75.12451,5.28401],[-75.12451,5.28411],[-75.12451,5.2842],[-75.12448,5.2843],[-75.12448,5.28439],[-75.12448,5.28449],[-75.12448,5.28459],[-75.12448,5.28468],[-75.12446,5.28478],[-75.12444,5.28487],[-75.12441,5.28497],[-75.12439,5.28506],[-75.12436,5.28516],[-75.12432,5.28528],[-75.12427,5.28538],[-75.12422,5.28547],[-75.1242,5.28557],[-75.12417,5.28566],[-75.12415,5.28576],[-75.1241,5.28585],[-75.12406,5.28595],[-75.12401,5.286],[-75.12398,5.28602],[-75.12389,5.28609],[-75.12382,5.28617],[-75.12377,5.28626],[-75.12377,5.28628],[-75.12368,5.28623],[-75.12356,5.2862],[-75.12342,5.28617],[-75.1233,5.28617],[-75.12315,5.28617],[-75.123,5.28617],[-75.12291,5.28614],[-75.12279,5.28611],[-75.12271,5.28608],[-75.1227,5.28608],[-75.12258,5.28605],[-75.12249,5.28602],[-75.1224,5.28599],[-75.12231,5.28596],[-75.12216,5.28593],[-75.12207,5.2859],[-75.12198,5.28587],[-75.12189,5.28584],[-75.12177,5.28578],[-75.12168,5.28575],[-75.12157,5.28575],[-75.12151,5.28584],[-75.12151,5.28596],[-75.12151,5.28608],[-75.12154,5.2862],[-75.12157,5.28629],[-75.12163,5.28638],[-75.12165,5.28641],[-75.12169,5.28647],[-75.12175,5.28656],[-75.12183,5.28662],[-75.12186,5.28671],[-75.12189,5.28679],[-75.12189,5.2868],[-75.1219,5.28692],[-75.1219,5.28704],[-75.12187,5.28713],[-75.12187,5.28725],[-75.1219,5.28733],[-75.12193,5.28742],[-75.12199,5.28751],[-75.12205,5.2876],[-75.12211,5.28769],[-75.12214,5.28778],[-75.12214,5.2879],[-75.12208,5.28799],[-75.12205,5.28808],[-75.12205,5.2882],[-75.12205,5.28832],[-75.12205,5.28844],[-75.12205,5.28856],[-75.12202,5.28871],[-75.12196,5.28883],[-75.12187,5.28889],[-75.1216,5.28889],[-75.12142,5.28889],[-75.12133,5.28886],[-75.1213,5.28877],[-75.12127,5.28865],[-75.12127,5.28853],[-75.12121,5.28844],[-75.12118,5.28841],[-75.12112,5.28835],[-75.12103,5.28829],[-75.12094,5.28823],[-75.12082,5.28823],[-75.1207,5.28823],[-75.12061,5.2882],[-75.1205,5.2882],[-75.12044,5.28829],[-75.12038,5.28838],[-75.12032,5.28847],[-75.12029,5.28856],[-75.12026,5.28865],[-75.12023,5.28874],[-75.12023,5.28875],[-75.1202,5.28877],[-75.12011,5.2888],[-75.11999,5.2888],[-75.1199,5.28877],[-75.11981,5.28874],[-75.11972,5.28868],[-75.11963,5.28859],[-75.11957,5.28851],[-75.11948,5.28845],[-75.11939,5.28839],[-75.11927,5.28836],[-75.11915,5.28836],[-75.11903,5.28836],[-75.11894,5.28839],[-75.11885,5.28842],[-75.11877,5.28854],[-75.11874,5.28863],[-75.11868,5.28872],[-75.11859,5.28875],[-75.11847,5.28875],[-75.1184,5.28882],[-75.11839,5.28885],[-75.11839,5.28896],[-75.11837,5.28905],[-75.11834,5.28914],[-75.11832,5.28923],[-75.11832,5.28934],[-75.11834,5.28943],[-75.11839,5.28952],[-75.11843,5.28961],[-75.1185,5.28968],[-75.1185,5.28979],[-75.11848,5.28988],[-75.11843,5.28997],[-75.11839,5.29006],[-75.11832,5.29012],[-75.11828,5.29021],[-75.11819,5.29028],[-75.1181,5.29035],[-75.11801,5.29042],[-75.11792,5.29048],[-75.11783,5.29053],[-75.11774,5.29055],[-75.11765,5.29057],[-75.11754,5.29057],[-75.11743,5.29057],[-75.11734,5.29053],[-75.11725,5.29051],[-75.11716,5.29048],[-75.11707,5.29044],[-75.11701,5.29037],[-75.1169,5.29035],[-75.11684,5.29036],[-75.11681,5.29037],[-75.11674,5.29046],[-75.1167,5.29055],[-75.1167,5.29066],[-75.1167,5.29075],[-75.1167,5.2908],[-75.1167,5.29091],[-75.1167,5.29102],[-75.11667,5.29111],[-75.11667,5.29122],[-75.11665,5.29131],[-75.11661,5.2914],[-75.11659,5.29149],[-75.11654,5.29158],[-75.1165,5.29167],[-75.11645,5.29176],[-75.11641,5.29185],[-75.11639,5.29194],[-75.11636,5.29203],[-75.1163,5.2921],[-75.11623,5.29216],[-75.11616,5.29223],[-75.11612,5.29224],[-75.11607,5.29225],[-75.11596,5.29232],[-75.11587,5.29237],[-75.11578,5.29243],[-75.11569,5.29246],[-75.11561,5.2925],[-75.11552,5.29255],[-75.1154,5.29255],[-75.11529,5.29255],[-75.11518,5.29255],[-75.11507,5.29255],[-75.11496,5.29257],[-75.11487,5.29259],[-75.11478,5.29264],[-75.11469,5.29268],[-75.1146,5.2927],[-75.11455,5.29272],[-75.11451,5.29273],[-75.11442,5.29275],[-75.11433,5.29277],[-75.11422,5.29277],[-75.11413,5.29275],[-75.11402,5.29275],[-75.11391,5.29275],[-75.1138,5.29273],[-75.11369,5.29273],[-75.1136,5.2927],[-75.11354,5.29267],[-75.11351,5.29266],[-75.11337,5.29259],[-75.11326,5.29259],[-75.11317,5.29257],[-75.11306,5.29257],[-75.11295,5.29257],[-75.1129,5.29257],[-75.11284,5.29257],[-75.11273,5.29257],[-75.11259,5.29257],[-75.11244,5.29257],[-75.1123,5.29257],[-75.11219,5.29255],[-75.1121,5.29253],[-75.11203,5.29246],[-75.11192,5.29244],[-75.11183,5.29242],[-75.11183,5.29241],[-75.11174,5.29237],[-75.11163,5.29233],[-75.11154,5.29228],[-75.1115,5.29227],[-75.11129,5.29275],[-75.11128,5.29278],[-75.11132,5.2928],[-75.11132,5.2928],[-75.11141,5.29282],[-75.11161,5.29284],[-75.1117,5.29286],[-75.11181,5.29286],[-75.1119,5.29289],[-75.11193,5.29289],[-75.11201,5.29291],[-75.1121,5.29295],[-75.11219,5.293],[-75.11226,5.29307],[-75.11235,5.29311],[-75.11248,5.29311],[-75.11257,5.29309],[-75.11266,5.29304],[-75.11275,5.29302],[-75.11286,5.29302],[-75.11297,5.29302],[-75.11306,5.29304],[-75.1132,5.29304],[-75.11331,5.29306],[-75.1134,5.29309],[-75.11349,5.29311],[-75.1136,5.29315],[-75.11369,5.2932],[-75.1138,5.2932],[-75.11389,5.29322],[-75.11398,5.29324],[-75.11407,5.29326],[-75.11418,5.29329],[-75.11431,5.29333],[-75.11451,5.29335],[-75.1146,5.29337],[-75.11471,5.29337],[-75.11483,5.29337],[-75.11496,5.29337],[-75.11505,5.2934],[-75.1151,5.29341],[-75.1151,5.29339],[-75.11516,5.2933],[-75.11525,5.29324],[-75.11537,5.29321],[-75.11546,5.29318],[-75.11555,5.29315],[-75.11564,5.29309],[-75.11573,5.29306],[-75.11582,5.293],[-75.11594,5.29297],[-75.11606,5.29288],[-75.11615,5.29285],[-75.11624,5.29282],[-75.11636,5.29276],[-75.11648,5.2927],[-75.11656,5.29267],[-75.11665,5.29261],[-75.11674,5.29258],[-75.11683,5.29252],[-75.11692,5.29243],[-75.11701,5.29234],[-75.1171,5.29231],[-75.11719,5.29225],[-75.11728,5.29219],[-75.11737,5.29213],[-75.11746,5.2921],[-75.11761,5.2921],[-75.1177,5.29213],[-75.11776,5.29222],[-75.11776,5.29234],[-75.11782,5.29243],[-75.11797,5.29243],[-75.11809,5.29245],[-75.11812,5.29254],[-75.11806,5.29263],[-75.11806,5.29275],[-75.11812,5.29284],[-75.11821,5.29287],[-75.1183,5.29281],[-75.11838,5.29275],[-75.11847,5.29269],[-75.11859,5.29266],[-75.11871,5.29257],[-75.11877,5.29245],[-75.11877,5.29233],[-75.11871,5.29224],[-75.11865,5.29215],[-75.11856,5.2921],[-75.1185,5.29201],[-75.11853,5.29189],[-75.11862,5.29186],[-75.11871,5.29183],[-75.1188,5.2918],[-75.11892,5.29177],[-75.11904,5.29177],[-75.11913,5.29174],[-75.11922,5.29171],[-75.11931,5.29168],[-75.1194,5.29162],[-75.11949,5.29159],[-75.11958,5.29156],[-75.11967,5.2915],[-75.11972,5.29141],[-75.11978,5.29132],[-75.11987,5.29126],[-75.11996,5.2912],[-75.12008,5.29114],[-75.12017,5.29111],[-75.12026,5.29102],[-75.12035,5.29093],[-75.12038,5.29084],[-75.12038,5.29072],[-75.12038,5.2906],[-75.12038,5.29048],[-75.12038,5.29036],[-75.12038,5.29024],[-75.12041,5.29012],[-75.1205,5.29006],[-75.12062,5.29006],[-75.12077,5.29006],[-75.12086,5.29012],[-75.12095,5.29018],[-75.12104,5.29024],[-75.1211,5.29033],[-75.12121,5.29033],[-75.12133,5.29033],[-75.12145,5.29033],[-75.12154,5.2903],[-75.12163,5.29027],[-75.12172,5.29024],[-75.12181,5.29018],[-75.1219,5.29012],[-75.12199,5.29006],[-75.12199,5.28991],[-75.12194,5.28988],[-75.12199,5.28988],[-75.12211,5.28988],[-75.12223,5.28988],[-75.12235,5.28988],[-75.12247,5.28985],[-75.12259,5.28985],[-75.12271,5.28985],[-75.12282,5.28985],[-75.12297,5.28984],[-75.12315,5.28987],[-75.12351,5.28993],[-75.1236,5.28996],[-75.12372,5.28999],[-75.12381,5.29002],[-75.1239,5.29008],[-75.12402,5.29014],[-75.12417,5.2902],[-75.12426,5.29026],[-75.12438,5.29035],[-75.12447,5.29044],[-75.1245,5.29053],[-75.12453,5.29062],[-75.12456,5.29071],[-75.12462,5.2908],[-75.12474,5.29086],[-75.12491,5.29095],[-75.125,5.29101],[-75.12509,5.2911],[-75.12509,5.29122],[-75.12515,5.29134],[-75.12518,5.29143],[-75.12524,5.29152],[-75.12527,5.29161],[-75.12527,5.29172],[-75.1253,5.29184],[-75.12533,5.29193],[-75.12533,5.29205],[-75.12533,5.29217],[-75.12533,5.29229],[-75.12533,5.29241],[-75.12534,5.29253],[-75.12534,5.29265],[-75.12531,5.29274],[-75.12528,5.29286],[-75.12525,5.29295],[-75.12522,5.29304],[-75.12522,5.29316],[-75.12522,5.29328],[-75.12519,5.29337],[-75.12519,5.29352],[-75.12516,5.29361],[-75.12516,5.29373],[-75.12516,5.29385],[-75.12516,5.29397],[-75.12516,5.29409],[-75.12513,5.29421],[-75.1251,5.2943],[-75.12507,5.29439],[-75.12498,5.29451],[-75.12492,5.2946],[-75.12486,5.29469],[-75.1248,5.29478],[-75.12474,5.29487],[-75.12468,5.29496],[-75.12462,5.29508],[-75.12459,5.29516],[-75.12459,5.29528],[-75.12459,5.29543],[-75.12459,5.29555],[-75.12459,5.29567],[-75.12459,5.29579],[-75.12454,5.29588],[-75.12454,5.296],[-75.12451,5.29609],[-75.12445,5.29618],[-75.12442,5.29627],[-75.12439,5.29636],[-75.12436,5.29645],[-75.1243,5.29654],[-75.1243,5.29666],[-75.12427,5.29675],[-75.12424,5.29684],[-75.12421,5.29693],[-75.12421,5.29705],[-75.12421,5.29717],[-75.12424,5.29724],[-75.12418,5.29729],[-75.12416,5.29734],[-75.12415,5.29738],[-75.12406,5.29741],[-75.12397,5.29744],[-75.12388,5.29747],[-75.12379,5.29753],[-75.12374,5.29755],[-75.12376,5.29756],[-75.12379,5.29765],[-75.12376,5.29774],[-75.1237,5.29783],[-75.12367,5.29792],[-75.12358,5.29801],[-75.12358,5.29813],[-75.12358,5.29825],[-75.12358,5.29837],[-75.12361,5.29846],[-75.12362,5.29858],[-75.12362,5.2987],[-75.12365,5.29878],[-75.12368,5.29887],[-75.12368,5.29902],[-75.12362,5.29911],[-75.12356,5.2992],[-75.1235,5.29929],[-75.12347,5.29938],[-75.12347,5.29953],[-75.1235,5.29962],[-75.12353,5.29971],[-75.12353,5.29983],[-75.12353,5.29995],[-75.12353,5.29996],[-75.12356,5.29998],[-75.12365,5.30001],[-75.12374,5.30007],[-75.1238,5.30016],[-75.12386,5.30025],[-75.12395,5.30034],[-75.12401,5.30043],[-75.12407,5.30052],[-75.12413,5.30061],[-75.12419,5.30073],[-75.12419,5.30085],[-75.12425,5.30094],[-75.12431,5.30103],[-75.12437,5.30112],[-75.1244,5.30121],[-75.12443,5.3013],[-75.12448,5.30138],[-75.12451,5.30147],[-75.12457,5.30156],[-75.12463,5.30165],[-75.12466,5.30174],[-75.12475,5.30183],[-75.12478,5.30192],[-75.12481,5.30201],[-75.12484,5.3021],[-75.1249,5.30222],[-75.12496,5.30231],[-75.12502,5.3024],[-75.12508,5.30249],[-75.12514,5.30258],[-75.12523,5.30264],[-75.12526,5.30273],[-75.12532,5.30282],[-75.12538,5.30291],[-75.12544,5.303],[-75.12553,5.30306],[-75.12565,5.30315],[-75.12571,5.30324],[-75.1258,5.30327],[-75.12586,5.30336],[-75.12595,5.30342],[-75.12604,5.30348],[-75.12613,5.30351],[-75.12622,5.30353],[-75.12634,5.30353],[-75.12646,5.30353],[-75.12658,5.30353],[-75.1267,5.30353],[-75.12685,5.30353],[-75.12689,5.30353],[-75.12696,5.30353],[-75.12708,5.30353],[-75.12717,5.3035],[-75.12726,5.30344],[-75.12735,5.30338],[-75.12747,5.30332],[-75.1275,5.30331],[-75.12747,5.30329],[-75.12735,5.30322],[-75.12738,5.30317],[-75.12744,5.30308],[-75.1275,5.30299],[-75.12755,5.30289],[-75.12756,5.30287],[-75.12759,5.30278],[-75.12759,5.30267],[-75.12759,5.30255],[-75.12762,5.30246],[-75.12765,5.30237],[-75.12765,5.30228],[-75.12759,5.30216],[-75.12756,5.30204],[-75.1275,5.30195],[-75.12744,5.30183],[-75.12738,5.30174],[-75.12732,5.30165],[-75.12729,5.30156],[-75.12729,5.30141],[-75.12729,5.30129],[-75.12729,5.30117],[-75.12729,5.30102],[-75.12729,5.3009],[-75.12732,5.30081],[-75.12735,5.30072],[-75.12744,5.30063],[-75.12756,5.30057],[-75.12765,5.30051],[-75.12774,5.30048],[-75.12776,5.30039],[-75.12779,5.3003],[-75.12782,5.30021],[-75.12785,5.30012],[-75.12788,5.3],[-75.12788,5.29988],[-75.12788,5.29976],[-75.12791,5.29964],[-75.12794,5.29955],[-75.12797,5.29944],[-75.128,5.29935],[-75.12806,5.2992],[-75.12809,5.29911],[-75.12812,5.29902],[-75.12818,5.29893],[-75.12821,5.29884],[-75.12824,5.29872],[-75.12827,5.29863],[-75.12827,5.29851],[-75.12827,5.29836],[-75.1283,5.29824],[-75.12836,5.29815],[-75.12836,5.29803],[-75.12839,5.29794],[-75.12842,5.29785],[-75.12842,5.29773],[-75.12848,5.29764],[-75.12848,5.29752],[-75.12851,5.29743],[-75.12854,5.29734],[-75.12854,5.29722],[-75.12856,5.29713],[-75.12856,5.29701],[-75.12856,5.29689],[-75.12856,5.29677],[-75.12856,5.29665],[-75.12856,5.29653],[-75.12859,5.29641],[-75.12862,5.29632],[-75.12865,5.29623],[-75.12868,5.29611],[-75.12871,5.29603],[-75.12874,5.29594],[-75.1288,5.29585],[-75.12886,5.29576],[-75.12892,5.29567],[-75.12895,5.29558],[-75.12898,5.29549],[-75.12898,5.29537],[-75.12901,5.29528],[-75.12907,5.29519],[-75.12916,5.29516],[-75.12928,5.29516],[-75.1294,5.29519],[-75.12949,5.29528],[-75.12955,5.29537],[-75.12967,5.29543],[-75.1297,5.29552],[-75.12973,5.2956],[-75.12976,5.29569],[-75.12976,5.29581],[-75.12973,5.29593],[-75.12973,5.29605],[-75.1297,5.29614],[-75.1297,5.29629],[-75.1297,5.29647],[-75.1297,5.29659],[-75.1297,5.29671],[-75.1297,5.29686],[-75.1297,5.29698],[-75.1297,5.29705],[-75.1297,5.2971],[-75.12967,5.29719],[-75.12964,5.29728],[-75.12958,5.29737],[-75.12949,5.29746],[-75.1294,5.29755],[-75.12932,5.29763],[-75.12931,5.29764],[-75.12925,5.29773],[-75.12919,5.29782],[-75.12913,5.29791],[-75.1291,5.298],[-75.12901,5.29809],[-75.12898,5.29818],[-75.12892,5.29827],[-75.12895,5.29839],[-75.12907,5.29839],[-75.12919,5.29839],[-75.12931,5.29839],[-75.12943,5.29836],[-75.12943,5.29836],[-75.12952,5.29833],[-75.12964,5.2983],[-75.12973,5.29827],[-75.12985,5.29827],[-75.12987,5.29827],[-75.13,5.29827],[-75.13012,5.29827],[-75.13024,5.29827],[-75.13036,5.29826],[-75.13045,5.29818],[-75.13054,5.29815],[-75.13062,5.29806],[-75.13068,5.29794],[-75.13071,5.29785],[-75.13074,5.29776],[-75.13077,5.29764],[-75.13077,5.29749],[-75.1308,5.2974],[-75.1308,5.29728],[-75.13083,5.29719],[-75.13083,5.29707],[-75.13086,5.29698],[-75.13092,5.29689],[-75.13095,5.2968],[-75.13098,5.29671],[-75.13101,5.29662],[-75.13104,5.29653],[-75.13104,5.29638],[-75.13107,5.29629],[-75.13107,5.29617],[-75.13107,5.29605],[-75.13107,5.2959],[-75.13107,5.29578],[-75.13101,5.29566],[-75.13095,5.29557],[-75.13089,5.29548],[-75.1308,5.29539],[-75.13071,5.29533],[-75.13062,5.29527],[-75.13053,5.29521],[-75.13044,5.29515],[-75.13035,5.2951],[-75.13026,5.29501],[-75.13023,5.29492],[-75.13017,5.29483],[-75.13017,5.29471],[-75.13017,5.29459],[-75.1302,5.2945],[-75.13023,5.29438],[-75.13026,5.29429],[-75.13029,5.2942],[-75.13032,5.29408],[-75.13038,5.29399],[-75.1305,5.29399],[-75.13062,5.29405],[-75.13065,5.29417],[-75.13071,5.29426],[-75.13083,5.29426],[-75.13092,5.29423],[-75.13101,5.29417],[-75.1311,5.29408],[-75.13118,5.29405],[-75.13127,5.29402],[-75.13142,5.29402],[-75.13154,5.29402],[-75.13163,5.29405],[-75.13172,5.29411],[-75.13184,5.29411],[-75.13193,5.29417],[-75.13199,5.29426],[-75.13202,5.29437],[-75.13208,5.29446],[-75.1322,5.29446],[-75.13232,5.29446],[-75.13241,5.29443],[-75.13244,5.29434],[-75.13247,5.29422],[-75.13253,5.29413],[-75.13262,5.2941],[-75.13289,5.29416],[-75.13303,5.29425],[-75.13312,5.29434],[-75.13321,5.29437],[-75.13333,5.29443],[-75.13342,5.29446],[-75.13351,5.29452],[-75.13363,5.29461],[-75.13372,5.2947],[-75.13381,5.29479],[-75.1339,5.29488],[-75.13396,5.29497],[-75.13399,5.29509],[-75.13405,5.29518],[-75.13408,5.29527],[-75.13411,5.29536],[-75.13411,5.29551],[-75.13414,5.29563],[-75.13417,5.29572],[-75.13417,5.29584],[-75.13417,5.29596],[-75.13414,5.29608],[-75.13402,5.29614],[-75.1339,5.29614],[-75.13378,5.29617],[-75.13366,5.29617],[-75.13354,5.29617],[-75.13343,5.29617],[-75.13331,5.29617],[-75.13322,5.2962],[-75.13313,5.29614],[-75.13304,5.29605],[-75.13301,5.29603],[-75.13301,5.29617],[-75.13298,5.29626],[-75.13295,5.29635],[-75.13292,5.29647],[-75.13286,5.29659],[-75.1328,5.29668],[-75.13271,5.29674],[-75.13262,5.29683],[-75.1325,5.29683],[-75.13241,5.29677],[-75.13235,5.29668],[-75.13232,5.29659],[-75.13226,5.2965],[-75.13214,5.2965],[-75.13205,5.29653],[-75.13193,5.29653],[-75.13186,5.2966],[-75.13185,5.29662],[-75.13182,5.29671],[-75.13182,5.29675],[-75.13182,5.29683],[-75.13185,5.29692],[-75.13191,5.29701],[-75.132,5.2971],[-75.132,5.29725],[-75.132,5.29737],[-75.132,5.29748],[-75.13203,5.2976],[-75.13212,5.29766],[-75.13221,5.29772],[-75.13232,5.29772],[-75.13244,5.29772],[-75.13256,5.29772],[-75.13268,5.29769],[-75.1328,5.29769],[-75.13292,5.29769],[-75.13304,5.29769],[-75.13316,5.29769],[-75.13325,5.29766],[-75.13334,5.2976],[-75.13343,5.29754],[-75.13352,5.29751],[-75.13361,5.29748],[-75.13373,5.29748],[-75.13385,5.29748],[-75.13399,5.29748],[-75.13408,5.29751],[-75.13417,5.29754],[-75.13423,5.29763],[-75.13432,5.29772],[-75.13438,5.29781],[-75.13444,5.2979],[-75.13447,5.29799],[-75.13456,5.29808],[-75.13459,5.2982],[-75.13459,5.29832],[-75.13459,5.29847],[-75.13459,5.29862],[-75.13456,5.29871],[-75.13453,5.2988],[-75.13453,5.29892],[-75.1345,5.29904],[-75.1345,5.29915],[-75.1345,5.29927],[-75.13448,5.29936],[-75.13445,5.29945],[-75.13442,5.29954],[-75.13433,5.29963],[-75.13421,5.29966],[-75.13409,5.29966],[-75.134,5.29963],[-75.13391,5.29954],[-75.13388,5.29946],[-75.13382,5.29937],[-75.13379,5.29928],[-75.13376,5.29916],[-75.13373,5.29907],[-75.13364,5.29904],[-75.13355,5.29901],[-75.13343,5.29898],[-75.13331,5.29892],[-75.13322,5.29889],[-75.13304,5.29886],[-75.13277,5.29874],[-75.13268,5.29871],[-75.13253,5.29871],[-75.13242,5.29871],[-75.13233,5.29868],[-75.13224,5.29865],[-75.13215,5.29859],[-75.13203,5.2985],[-75.13191,5.29841],[-75.13182,5.29835],[-75.13173,5.29826],[-75.13164,5.29823],[-75.13152,5.2982],[-75.13143,5.29814],[-75.13138,5.29811],[-75.13137,5.29811],[-75.13128,5.2982],[-75.13128,5.29821],[-75.13119,5.29826],[-75.1311,5.29832],[-75.13101,5.29838],[-75.13095,5.29847],[-75.13089,5.29856],[-75.13086,5.29865],[-75.13077,5.29868],[-75.13069,5.29877],[-75.1306,5.29886],[-75.13048,5.29886],[-75.13036,5.29889],[-75.13025,5.29889],[-75.13027,5.29892],[-75.1303,5.29901],[-75.1303,5.29913],[-75.1303,5.29913],[-75.13027,5.29925],[-75.13018,5.29931],[-75.13009,5.29934],[-75.13001,5.29937],[-75.13,5.29937],[-75.12991,5.2994],[-75.12982,5.29943],[-75.12976,5.2995],[-75.12979,5.29952],[-75.12988,5.29961],[-75.12988,5.29961],[-75.12997,5.29967],[-75.13006,5.29976],[-75.13012,5.29985],[-75.13021,5.29991],[-75.13027,5.3],[-75.13027,5.30012],[-75.13027,5.30024],[-75.1303,5.30033],[-75.13036,5.30042],[-75.13042,5.30051],[-75.13054,5.30051],[-75.13066,5.30051],[-75.13078,5.30051],[-75.1309,5.30051],[-75.13102,5.30051],[-75.13114,5.30051],[-75.13123,5.30054],[-75.13134,5.30057],[-75.13143,5.30063],[-75.13152,5.30066],[-75.13161,5.30068],[-75.1317,5.30074],[-75.13176,5.30086],[-75.13176,5.30098],[-75.13173,5.3011],[-75.13167,5.30122],[-75.13158,5.30128],[-75.13147,5.30131],[-75.13135,5.30134],[-75.13123,5.30134],[-75.13108,5.30134],[-75.13093,5.30131],[-75.13078,5.30131],[-75.1306,5.30128],[-75.13042,5.30131],[-75.1303,5.30137],[-75.13018,5.30138],[-75.13006,5.30138],[-75.12997,5.30135],[-75.12985,5.30132],[-75.12977,5.30129],[-75.12965,5.30129],[-75.12953,5.30129],[-75.12941,5.30126],[-75.12929,5.30126],[-75.12923,5.30135],[-75.1292,5.30147],[-75.1292,5.30159],[-75.1292,5.30162],[-75.12926,5.30171],[-75.12935,5.3018],[-75.12947,5.30182],[-75.12956,5.30185],[-75.12965,5.30188],[-75.12977,5.30191],[-75.12989,5.30191],[-75.13,5.30194],[-75.13009,5.30197],[-75.13018,5.302],[-75.13027,5.30203],[-75.13036,5.30206],[-75.13042,5.30215],[-75.13044,5.30218],[-75.13045,5.30218],[-75.13054,5.30215],[-75.13069,5.30209],[-75.13078,5.30206],[-75.13087,5.30203],[-75.13096,5.302],[-75.13108,5.302],[-75.1312,5.302],[-75.13132,5.302],[-75.13147,5.302],[-75.13171,5.30206],[-75.13177,5.30218],[-75.13177,5.30222],[-75.13177,5.3023],[-75.13168,5.30236],[-75.13166,5.30236],[-75.13159,5.30239],[-75.1315,5.30242],[-75.13141,5.30248],[-75.13138,5.30257],[-75.13135,5.30269],[-75.13135,5.30281],[-75.13135,5.30281],[-75.13138,5.30293],[-75.13147,5.30302],[-75.13162,5.30311],[-75.13167,5.30314],[-75.13183,5.30326],[-75.13189,5.30329],[-75.13192,5.3032],[-75.13195,5.30311],[-75.13207,5.30311],[-75.13218,5.30314],[-75.13227,5.3032],[-75.13236,5.30323],[-75.13248,5.30323],[-75.13257,5.3032],[-75.13266,5.30314],[-75.13269,5.30305],[-75.13269,5.30293],[-75.13269,5.30281],[-75.13266,5.30272],[-75.13266,5.30263],[-75.13263,5.3026],[-75.13257,5.30251],[-75.13245,5.30242],[-75.13236,5.30236],[-75.13227,5.3023],[-75.13226,5.30229],[-75.13221,5.30221],[-75.13212,5.30212],[-75.13209,5.302],[-75.13208,5.30195],[-75.13206,5.30191],[-75.13206,5.30179],[-75.13206,5.30167],[-75.13209,5.30158],[-75.13215,5.30149],[-75.13224,5.3014],[-75.13233,5.30128],[-75.13242,5.30119],[-75.13254,5.30119],[-75.13263,5.30113],[-75.13272,5.30107],[-75.13281,5.30098],[-75.13287,5.30089],[-75.13293,5.3008],[-75.13302,5.30074],[-75.13316,5.30065],[-75.13337,5.30056],[-75.13349,5.3005],[-75.13358,5.30044],[-75.13367,5.30038],[-75.13373,5.30029],[-75.13385,5.3002],[-75.13394,5.30017],[-75.13406,5.30014],[-75.13421,5.30014],[-75.1343,5.3002],[-75.13439,5.30026],[-75.13448,5.30035],[-75.1346,5.30041],[-75.13466,5.3005],[-75.13475,5.30062],[-75.13484,5.30074],[-75.13487,5.30083],[-75.13493,5.30095],[-75.13496,5.30107],[-75.13496,5.30119],[-75.13502,5.30131],[-75.1351,5.30131],[-75.13519,5.3014],[-75.13528,5.30149],[-75.13534,5.30158],[-75.13543,5.30164],[-75.13552,5.30169],[-75.13555,5.30178],[-75.13561,5.3019],[-75.13561,5.30202],[-75.13561,5.30214],[-75.13561,5.30226],[-75.13561,5.30238]],[[-75.12996,5.29404],[-75.12989,5.29413],[-75.12986,5.29422],[-75.12977,5.29425],[-75.12968,5.29428],[-75.12964,5.29431],[-75.12959,5.29435],[-75.1295,5.29435],[-75.12941,5.29438],[-75.12931,5.29444],[-75.12922,5.29447],[-75.12913,5.29453],[-75.12904,5.29459],[-75.12892,5.29465],[-75.12883,5.29472],[-75.1287,5.29475],[-75.12858,5.29481],[-75.12846,5.29484],[-75.12837,5.2949],[-75.12828,5.29496],[-75.12824,5.29505],[-75.12818,5.29515],[-75.12815,5.29524],[-75.12815,5.29533],[-75.12815,5.29542],[-75.12812,5.29551],[-75.12809,5.2956],[-75.12806,5.2957],[-75.12797,5.29576],[-75.12788,5.29582],[-75.12782,5.29591],[-75.12776,5.296],[-75.1277,5.2961],[-75.12764,5.29619],[-75.1276,5.29628],[-75.12757,5.29637],[-75.12754,5.29646],[-75.12751,5.29656],[-75.12748,5.29665],[-75.12745,5.29674],[-75.12742,5.29683],[-75.12739,5.29692],[-75.12739,5.29702],[-75.12739,5.29714],[-75.12736,5.29723],[-75.12733,5.29735],[-75.1273,5.29744],[-75.1273,5.29754],[-75.12727,5.29763],[-75.12727,5.29781],[-75.12727,5.29797],[-75.12727,5.29812],[-75.12724,5.29821],[-75.12724,5.2983],[-75.12724,5.2984],[-75.12721,5.29849],[-75.12721,5.29858],[-75.12721,5.29867],[-75.12718,5.29879],[-75.12715,5.29892],[-75.12715,5.29904],[-75.12715,5.29916],[-75.12712,5.29928],[-75.12712,5.29941],[-75.12709,5.2995],[-75.12706,5.29959],[-75.12703,5.29968],[-75.127,5.29977],[-75.12697,5.29987],[-75.12694,5.29996],[-75.12694,5.30005],[-75.12694,5.30014],[-75.12694,5.30023],[-75.12694,5.30036],[-75.12694,5.30051],[-75.12694,5.30066],[-75.12691,5.30079],[-75.12685,5.30094],[-75.12679,5.30103],[-75.12676,5.30112],[-75.1267,5.30122],[-75.1267,5.30131],[-75.12664,5.3014],[-75.12664,5.30149],[-75.12664,5.30158],[-75.12664,5.30167],[-75.12664,5.30177],[-75.12664,5.3018],[-75.12664,5.30189],[-75.12664,5.30198],[-75.12664,5.3021],[-75.12664,5.3022],[-75.12664,5.30229],[-75.12664,5.30238],[-75.12661,5.30247],[-75.12658,5.30256],[-75.12652,5.30266],[-75.1265,5.30266],[-75.12642,5.30266],[-75.1263,5.30266],[-75.12621,5.30266],[-75.12615,5.30256],[-75.12609,5.30247],[-75.12603,5.30238],[-75.12599,5.30229],[-75.12599,5.3022],[-75.12593,5.30211],[-75.12593,5.30198],[-75.1259,5.30186],[-75.12584,5.30177],[-75.12581,5.30168],[-75.12578,5.30158],[-75.12575,5.30149],[-75.12572,5.3014],[-75.12566,5.30131],[-75.12563,5.30119],[-75.1256,5.30109],[-75.12556,5.30097],[-75.12556,5.30088],[-75.12556,5.30076],[-75.1255,5.30063],[-75.12547,5.30051],[-75.12544,5.30039],[-75.12541,5.3003],[-75.12538,5.30021],[-75.12532,5.30011],[-75.12529,5.30002],[-75.12523,5.29993],[-75.12517,5.29984],[-75.12513,5.29975],[-75.1251,5.29966],[-75.1251,5.29956],[-75.1251,5.29947],[-75.1251,5.29938],[-75.1251,5.29929],[-75.1251,5.2992],[-75.1251,5.29907],[-75.1251,5.29895],[-75.12513,5.29883],[-75.12516,5.2987],[-75.12516,5.29861],[-75.12516,5.29852],[-75.12516,5.29843],[-75.12519,5.29834],[-75.12519,5.29825],[-75.12519,5.29812],[-75.12522,5.29803],[-75.12525,5.29794],[-75.12528,5.29785],[-75.12535,5.29775],[-75.12535,5.29766],[-75.12531,5.29757],[-75.12525,5.29748],[-75.12516,5.29742],[-75.1251,5.29738],[-75.1251,5.29732],[-75.1251,5.2972],[-75.12516,5.29708],[-75.12522,5.29699],[-75.12528,5.2969],[-75.12531,5.29681],[-75.12531,5.29666],[-75.12531,5.29654],[-75.12531,5.29642],[-75.12534,5.29633],[-75.12537,5.29624],[-75.1254,5.29615],[-75.12543,5.29603],[-75.12546,5.29591],[-75.12552,5.29582],[-75.12558,5.2957],[-75.12561,5.29558],[-75.12564,5.29546],[-75.12567,5.29528],[-75.1257,5.29519],[-75.12573,5.2951],[-75.12576,5.29498],[-75.12579,5.29489],[-75.12582,5.2948],[-75.12588,5.29471],[-75.12591,5.29456],[-75.12594,5.29447],[-75.12596,5.29439],[-75.12599,5.29424],[-75.12602,5.29409],[-75.12602,5.29397],[-75.12602,5.29385],[-75.12605,5.29376],[-75.12605,5.29364],[-75.12608,5.29355],[-75.12611,5.29343],[-75.12611,5.29331],[-75.12614,5.29322],[-75.12614,5.2931],[-75.12617,5.29295],[-75.12617,5.29283],[-75.12617,5.29265],[-75.12617,5.2925],[-75.12617,5.2925],[-75.12617,5.29235],[-75.12617,5.29223],[-75.12617,5.29211],[-75.12617,5.29199],[-75.1262,5.2919],[-75.12623,5.29181],[-75.12626,5.29172],[-75.12626,5.2916],[-75.12629,5.29151],[-75.12632,5.29142],[-75.12632,5.2913],[-75.12635,5.29121],[-75.12638,5.29113],[-75.12644,5.29104],[-75.12653,5.29098],[-75.12665,5.29098],[-75.12676,5.29097],[-75.12688,5.29097],[-75.127,5.29097],[-75.12709,5.29094],[-75.12721,5.29094],[-75.1273,5.29091],[-75.12742,5.29091],[-75.12754,5.29091],[-75.12769,5.29091],[-75.12781,5.29091],[-75.1279,5.29088],[-75.12799,5.29085],[-75.12808,5.29079],[-75.1282,5.2907],[-75.12829,5.29067],[-75.1284,5.29067],[-75.12852,5.29067],[-75.12864,5.29067],[-75.12876,5.29067],[-75.12888,5.29067],[-75.129,5.29067],[-75.12909,5.2907],[-75.12924,5.2907],[-75.12933,5.29067],[-75.12948,5.29067],[-75.1296,5.29067],[-75.12972,5.29073],[-75.12981,5.29082],[-75.12984,5.29091],[-75.12984,5.29106],[-75.12984,5.29118],[-75.12984,5.29133],[-75.1299,5.29142],[-75.1299,5.29154],[-75.12996,5.29169],[-75.12996,5.29181],[-75.12999,5.29193],[-75.13002,5.29202],[-75.13005,5.29214],[-75.13008,5.29226],[-75.13011,5.2924],[-75.13017,5.29252],[-75.1302,5.29261],[-75.13023,5.2927],[-75.13023,5.29282],[-75.13026,5.29291],[-75.13029,5.29303],[-75.13032,5.29312],[-75.13035,5.29321],[-75.1304,5.29327],[-75.1302,5.29361],[-75.13011,5.29376],[-75.13002,5.29386],[-75.12999,5.29395],[-75.12996,5.29404]],[[-75.12903,5.28879],[-75.12912,5.28885],[-75.12921,5.28891],[-75.1293,5.289],[-75.12924,5.28909],[-75.12912,5.28912],[-75.12897,5.28915],[-75.12873,5.28918],[-75.12852,5.28921],[-75.12831,5.28924],[-75.12819,5.28924],[-75.12807,5.28927],[-75.12795,5.28927],[-75.12784,5.28927],[-75.12769,5.28927],[-75.12754,5.28927],[-75.12742,5.28927],[-75.1273,5.28921],[-75.12721,5.28915],[-75.12709,5.28915],[-75.12697,5.28912],[-75.12688,5.28906],[-75.12679,5.289],[-75.1267,5.28894],[-75.12658,5.28885],[-75.12652,5.28876],[-75.12643,5.2887],[-75.1264,5.28861],[-75.12637,5.28852],[-75.12634,5.28843],[-75.12628,5.28834],[-75.12619,5.28828],[-75.12616,5.28819],[-75.12607,5.28811],[-75.12601,5.28802],[-75.12601,5.2879],[-75.12601,5.28778],[-75.12598,5.28766],[-75.12598,5.28754],[-75.12589,5.28745],[-75.1258,5.28742],[-75.12571,5.28739],[-75.12559,5.28739],[-75.12557,5.28748],[-75.12557,5.2876],[-75.1256,5.28772],[-75.12563,5.28784],[-75.12563,5.28796],[-75.12566,5.28805],[-75.12572,5.28814],[-75.12575,5.28823],[-75.12581,5.28832],[-75.12584,5.2884],[-75.12587,5.28849],[-75.12593,5.28861],[-75.12593,5.28873],[-75.12593,5.28885],[-75.1259,5.28894],[-75.12581,5.28897],[-75.12569,5.28894],[-75.1256,5.28882],[-75.12551,5.28873],[-75.12545,5.28864],[-75.12542,5.28856],[-75.12542,5.28844],[-75.12542,5.28832],[-75.12533,5.28823],[-75.12524,5.28817],[-75.12515,5.28811],[-75.12506,5.28805],[-75.125,5.28796],[-75.12491,5.2879],[-75.12482,5.28781],[-75.12473,5.28775],[-75.12473,5.28763],[-75.12479,5.28754],[-75.12488,5.28745],[-75.12497,5.28739],[-75.12506,5.2873],[-75.12509,5.28721],[-75.12506,5.28709],[-75.12497,5.287],[-75.12491,5.28688],[-75.1249,5.28688],[-75.12494,5.28679],[-75.12499,5.28669],[-75.125,5.28665],[-75.12501,5.28659],[-75.12506,5.2865],[-75.12506,5.2864],[-75.12506,5.28631],[-75.12503,5.28621],[-75.12503,5.28618],[-75.12503,5.28612],[-75.12503,5.28602],[-75.12508,5.28592],[-75.12513,5.2858],[-75.12515,5.28568],[-75.1252,5.28559],[-75.12525,5.28549],[-75.12532,5.2854],[-75.12534,5.2853],[-75.12537,5.28521],[-75.12541,5.28511],[-75.12544,5.28501],[-75.12544,5.28492],[-75.12549,5.28482],[-75.12549,5.28473],[-75.12551,5.28463],[-75.12553,5.28454],[-75.12556,5.28444],[-75.12558,5.28434],[-75.12563,5.28425],[-75.12565,5.28415],[-75.12572,5.28408],[-75.12577,5.28399],[-75.12582,5.28389],[-75.12587,5.28379],[-75.12594,5.2837],[-75.12601,5.2836],[-75.12608,5.28353],[-75.12615,5.28343],[-75.12622,5.28336],[-75.12629,5.28327],[-75.12637,5.28319],[-75.12644,5.28312],[-75.12651,5.28305],[-75.12658,5.28298],[-75.12663,5.28288],[-75.12668,5.28279],[-75.1267,5.28269],[-75.12672,5.2826],[-75.12677,5.2825],[-75.12679,5.2824],[-75.12684,5.28231],[-75.12689,5.28221],[-75.12696,5.28214],[-75.12706,5.28207],[-75.12713,5.28197],[-75.12722,5.2819],[-75.12729,5.28181],[-75.12732,5.28171],[-75.12734,5.28161],[-75.12737,5.28149],[-75.12741,5.2814],[-75.12746,5.2813],[-75.12758,5.28121],[-75.12765,5.28111],[-75.12775,5.28102],[-75.12784,5.28094],[-75.12794,5.28087],[-75.12803,5.28082],[-75.12808,5.28073],[-75.12815,5.28061],[-75.1282,5.28051],[-75.12825,5.28039],[-75.12827,5.28027],[-75.12827,5.28018],[-75.12825,5.28008],[-75.12825,5.27999],[-75.1282,5.27987],[-75.12813,5.27977],[-75.12805,5.2797],[-75.12793,5.27963],[-75.12786,5.27956],[-75.12783,5.27949],[-75.12782,5.27946],[-75.12774,5.27936],[-75.1277,5.27927],[-75.12765,5.27917],[-75.12762,5.27908],[-75.1276,5.27898],[-75.12755,5.27889],[-75.12748,5.27882],[-75.12741,5.2787],[-75.12734,5.27862],[-75.12724,5.27858],[-75.12715,5.27855],[-75.12705,5.27853],[-75.12693,5.27846],[-75.12683,5.27841],[-75.12674,5.27839],[-75.12662,5.27831],[-75.1265,5.27824],[-75.1264,5.27822],[-75.12631,5.27817],[-75.12621,5.27812],[-75.12612,5.27805],[-75.12605,5.27798],[-75.12597,5.27788],[-75.1259,5.27779],[-75.12586,5.27769],[-75.12586,5.2776],[-75.12583,5.2775],[-75.12583,5.27741],[-75.12581,5.27731],[-75.12576,5.27722],[-75.12573,5.27712],[-75.12571,5.27702],[-75.12566,5.27693],[-75.12564,5.27683],[-75.12557,5.27671],[-75.12554,5.27662],[-75.12552,5.27652],[-75.12552,5.2764],[-75.12552,5.27631],[-75.12552,5.27619],[-75.12552,5.27609],[-75.12552,5.276],[-75.12552,5.27588],[-75.12554,5.27578],[-75.12557,5.27568],[-75.12557,5.27559],[-75.12557,5.27549],[-75.12554,5.2754],[-75.12549,5.27528],[-75.1254,5.27521],[-75.12533,5.27511],[-75.12523,5.27502],[-75.12513,5.27492],[-75.12509,5.27482],[-75.12502,5.27475],[-75.12497,5.27466],[-75.12497,5.27454],[-75.12497,5.27444],[-75.12499,5.27435],[-75.12504,5.27423],[-75.12509,5.27413],[-75.12518,5.27413],[-75.12532,5.2742],[-75.12556,5.27432],[-75.12575,5.27444],[-75.12585,5.2745],[-75.12587,5.27451],[-75.12592,5.27456],[-75.12593,5.27459],[-75.12596,5.27468],[-75.12599,5.27477],[-75.12599,5.27489],[-75.12599,5.27496],[-75.12599,5.27501],[-75.12599,5.27513],[-75.12599,5.27525],[-75.12599,5.27537],[-75.12605,5.27549],[-75.12611,5.27558],[-75.12614,5.27567],[-75.1262,5.27576],[-75.12626,5.27587],[-75.12629,5.2759],[-75.12635,5.27596],[-75.12644,5.27608],[-75.1265,5.27617],[-75.12656,5.27626],[-75.12674,5.27635],[-75.12692,5.27647],[-75.12704,5.27653],[-75.12716,5.27659],[-75.1272,5.27661],[-75.12725,5.27662],[-75.12737,5.27662],[-75.12749,5.27665],[-75.12761,5.27671],[-75.12772,5.27677],[-75.12784,5.27686],[-75.12793,5.27692],[-75.12796,5.27701],[-75.12802,5.2771],[-75.12808,5.27719],[-75.12814,5.27728],[-75.12817,5.27737],[-75.12817,5.27749],[-75.1281,5.27756],[-75.12808,5.27758],[-75.12802,5.27767],[-75.12797,5.27776],[-75.12794,5.27785],[-75.12791,5.27794],[-75.12791,5.27805],[-75.12791,5.27808],[-75.12791,5.27817],[-75.12791,5.27829],[-75.12797,5.27838],[-75.12809,5.27847],[-75.12818,5.27853],[-75.12822,5.27854],[-75.12829,5.27856],[-75.12844,5.27856],[-75.12856,5.27856],[-75.12867,5.27856],[-75.12877,5.27856],[-75.12889,5.27856],[-75.12889,5.27856],[-75.12898,5.27853],[-75.12913,5.27853],[-75.12928,5.27853],[-75.12943,5.27853],[-75.12955,5.27853],[-75.12967,5.27859],[-75.12973,5.27868],[-75.12976,5.27877],[-75.12979,5.27886],[-75.12979,5.27898],[-75.12982,5.2791],[-75.12985,5.27922],[-75.12994,5.27931],[-75.13003,5.27937],[-75.13012,5.27943],[-75.13021,5.27949],[-75.13029,5.27952],[-75.13038,5.27958],[-75.13041,5.27967],[-75.13044,5.27976],[-75.1305,5.27984],[-75.13056,5.27993],[-75.13059,5.28002],[-75.13062,5.28014],[-75.13065,5.28026],[-75.13071,5.28035],[-75.13077,5.28044],[-75.13086,5.28053],[-75.13089,5.28062],[-75.13095,5.28071],[-75.13098,5.2808],[-75.13101,5.28089],[-75.13107,5.28098],[-75.1311,5.28107],[-75.13119,5.28116],[-75.13125,5.28125],[-75.13128,5.28134],[-75.13134,5.28143],[-75.1314,5.28152],[-75.13143,5.28167],[-75.13146,5.28176],[-75.13149,5.28185],[-75.13152,5.28194],[-75.13155,5.28203],[-75.13161,5.28215],[-75.13164,5.28224],[-75.13173,5.28229],[-75.13179,5.28238],[-75.13185,5.28247],[-75.13194,5.28256],[-75.132,5.28265],[-75.13203,5.28274],[-75.132,5.28283],[-75.13188,5.28283],[-75.13176,5.28283],[-75.13167,5.2828],[-75.13158,5.28274],[-75.13149,5.28265],[-75.1314,5.28262],[-75.13131,5.28256],[-75.1312,5.28256],[-75.13111,5.28253],[-75.13099,5.28254],[-75.13087,5.28254],[-75.13078,5.28257],[-75.13075,5.28266],[-75.13081,5.28274],[-75.1309,5.2828],[-75.13099,5.28286],[-75.13108,5.28289],[-75.13117,5.28292],[-75.13126,5.28298],[-75.13134,5.28304],[-75.13143,5.28307],[-75.13155,5.28313],[-75.13164,5.28319],[-75.13188,5.28331],[-75.13209,5.2834],[-75.13218,5.28349],[-75.13227,5.28361],[-75.13231,5.28365],[-75.13227,5.2837],[-75.13218,5.28376],[-75.13209,5.28382],[-75.132,5.28388],[-75.13191,5.28391],[-75.13182,5.28397],[-75.1317,5.28397],[-75.13159,5.28397],[-75.13147,5.28394],[-75.13135,5.28385],[-75.13129,5.28376],[-75.1312,5.28367],[-75.13114,5.28358],[-75.13105,5.28349],[-75.13096,5.2834],[-75.13084,5.28331],[-75.13075,5.28325],[-75.13063,5.28319],[-75.13054,5.28316],[-75.13039,5.28313],[-75.13027,5.28307],[-75.13015,5.28307],[-75.13003,5.28308],[-75.12991,5.28308],[-75.12979,5.28308],[-75.12967,5.28308],[-75.12956,5.28305],[-75.12944,5.28305],[-75.12932,5.28305],[-75.1292,5.28305],[-75.12911,5.28308],[-75.12902,5.28314],[-75.1289,5.28326],[-75.12881,5.28329],[-75.12875,5.28338],[-75.12866,5.28347],[-75.1286,5.28356],[-75.12851,5.28362],[-75.12842,5.28365],[-75.12833,5.28371],[-75.12824,5.2838],[-75.12815,5.28383],[-75.12807,5.28389],[-75.12798,5.28392],[-75.12789,5.28395],[-75.1278,5.28398],[-75.12768,5.28401],[-75.12759,5.2841],[-75.12756,5.28419],[-75.12756,5.28431],[-75.12756,5.28442],[-75.12768,5.28442],[-75.1278,5.28445],[-75.12792,5.28445],[-75.12804,5.28442],[-75.12816,5.28439],[-75.12824,5.2843],[-75.12833,5.28424],[-75.12842,5.28418],[-75.12851,5.28412],[-75.1286,5.28406],[-75.12869,5.28403],[-75.12878,5.28397],[-75.12887,5.28394],[-75.12899,5.28394],[-75.12911,5.28394],[-75.12923,5.28394],[-75.12926,5.28403],[-75.12923,5.28418],[-75.12914,5.28424],[-75.12905,5.28427],[-75.12896,5.2843],[-75.12887,5.28433],[-75.12878,5.28439],[-75.12875,5.28448],[-75.12866,5.28457],[-75.12857,5.2846],[-75.12845,5.28475],[-75.12839,5.28484],[-75.12837,5.28493],[-75.12831,5.28505],[-75.12825,5.28514],[-75.12822,5.28523],[-75.12819,5.28532],[-75.12819,5.28544],[-75.12828,5.2855],[-75.12837,5.28553],[-75.12846,5.28556],[-75.12852,5.28565],[-75.12861,5.28571],[-75.12861,5.28583],[-75.12864,5.28595],[-75.12864,5.28607],[-75.12864,5.28619],[-75.12864,5.28631],[-75.12861,5.28646],[-75.12858,5.28655],[-75.12858,5.28667],[-75.12855,5.28676],[-75.12852,5.28685],[-75.12843,5.28691],[-75.12831,5.28694],[-75.12816,5.287],[-75.12804,5.28703],[-75.12795,5.28715],[-75.12786,5.28727],[-75.12777,5.28733],[-75.12768,5.28738],[-75.12765,5.2873],[-75.12765,5.28718],[-75.12765,5.28706],[-75.12765,5.28694],[-75.12765,5.28682],[-75.12765,5.2867],[-75.12759,5.28661],[-75.1275,5.28655],[-75.12738,5.28655],[-75.12729,5.28649],[-75.12717,5.28649],[-75.12706,5.28649],[-75.12694,5.28649],[-75.12685,5.28652],[-75.12676,5.28658],[-75.12667,5.28664],[-75.12655,5.28664],[-75.12646,5.28667],[-75.12637,5.2867],[-75.12625,5.2867],[-75.1261,5.28673],[-75.12604,5.28682],[-75.12604,5.28694],[-75.12604,5.28709],[-75.12607,5.28718],[-75.12613,5.28727],[-75.12622,5.2873],[-75.12634,5.2873],[-75.12646,5.2873],[-75.12658,5.2873],[-75.12667,5.28736],[-75.12676,5.28739],[-75.12685,5.28745],[-75.12691,5.28754],[-75.127,5.28763],[-75.12706,5.28771],[-75.12712,5.2878],[-75.12721,5.28792],[-75.1273,5.28801],[-75.12739,5.28807],[-75.12748,5.2881],[-75.12762,5.28813],[-75.12777,5.28813],[-75.12786,5.28819],[-75.12798,5.28822],[-75.12807,5.28828],[-75.12816,5.28831],[-75.12825,5.28834],[-75.12834,5.2884],[-75.12843,5.28843],[-75.12852,5.28846],[-75.12867,5.28852],[-75.12879,5.28858],[-75.12891,5.2887],[-75.12903,5.28879]]]},"properties":{"OBJECTID_12":139,"OBJECTID_1":151,"OBJECTID":0,"MUNICIPIO":"Manzanares","CODIGO":" ","ZONIFICACI":"Zona de Preservacion","SUBZONA":" ","SIMB":"ZP","AREA_HAS":379.474673082,"NOMBRE":"CERRO GUADALUPE","Shape_Leng":50909.9929312,"Shape_Length":50895.76776064355,"Shape_Area":3792627.189360792}},{"type":"Feature","id":140,"geometry":{"type":"Polygon","coordinates":[[[-75.13047,5.27742],[-75.13056,5.27757],[-75.13059,5.27772],[-75.13065,5.27781],[-75.13071,5.27793],[-75.1308,5.27802],[-75.1308,5.27814],[-75.1308,5.27826],[-75.13077,5.27835],[-75.13071,5.27844],[-75.13059,5.27844],[-75.13044,5.27844],[-75.13044,5.27856],[-75.13044,5.27868],[-75.13047,5.27877],[-75.13053,5.27886],[-75.13056,5.27895],[-75.13065,5.27904],[-75.13068,5.27913],[-75.1308,5.27925],[-75.13089,5.27931],[-75.13098,5.27937],[-75.13107,5.27943],[-75.13119,5.27948],[-75.13134,5.27954],[-75.13143,5.27957],[-75.13152,5.2796],[-75.13164,5.2796],[-75.13165,5.2796],[-75.13176,5.2796],[-75.13188,5.2796],[-75.13203,5.27957],[-75.13211,5.27952],[-75.13211,5.27951],[-75.1322,5.27945],[-75.13232,5.27939],[-75.13241,5.27936],[-75.1325,5.27933],[-75.13259,5.27927],[-75.13265,5.27918],[-75.13271,5.27909],[-75.13277,5.279],[-75.13283,5.27891],[-75.13286,5.27882],[-75.13286,5.2787],[-75.13286,5.27858],[-75.13283,5.2785],[-75.13274,5.27838],[-75.13265,5.27817],[-75.13265,5.27805],[-75.13262,5.27796],[-75.13259,5.27787],[-75.13256,5.27778],[-75.13253,5.27766],[-75.13247,5.27757],[-75.13244,5.27748],[-75.13235,5.27736],[-75.13229,5.27724],[-75.13226,5.27715],[-75.13217,5.27709],[-75.13208,5.27706],[-75.13199,5.27694],[-75.13193,5.27685],[-75.13184,5.27676],[-75.13184,5.27676],[-75.1318,5.27685],[-75.13177,5.27694],[-75.13168,5.27704],[-75.13161,5.27711],[-75.13151,5.27716],[-75.13147,5.27718],[-75.13119,5.27661],[-75.13117,5.27659],[-75.13115,5.27656],[-75.12982,5.27507],[-75.1298,5.27505],[-75.12979,5.27504],[-75.12929,5.27467],[-75.12893,5.27441],[-75.1289,5.27439],[-75.12887,5.27438],[-75.12884,5.27437],[-75.12864,5.27433],[-75.12863,5.27433],[-75.12859,5.27425],[-75.12851,5.27418],[-75.12843,5.2741],[-75.12835,5.27402],[-75.12827,5.27396],[-75.12818,5.27392],[-75.12806,5.27388],[-75.12796,5.27384],[-75.12784,5.27378],[-75.12776,5.27372],[-75.12767,5.27366],[-75.12759,5.27359],[-75.12751,5.27353],[-75.12743,5.27347],[-75.12735,5.27341],[-75.12729,5.27333],[-75.12723,5.27325],[-75.12714,5.27319],[-75.12706,5.27313],[-75.12698,5.27306],[-75.12692,5.27298],[-75.12684,5.27294],[-75.12676,5.2729],[-75.12668,5.27286],[-75.12657,5.27286],[-75.12653,5.27291],[-75.12617,5.27267],[-75.12616,5.27266],[-75.12612,5.27264],[-75.12558,5.27245],[-75.12537,5.27237],[-75.12509,5.27211],[-75.12484,5.27225],[-75.1249,5.27238],[-75.12492,5.27241],[-75.12498,5.2725],[-75.12502,5.27258],[-75.12509,5.27266],[-75.12517,5.2727],[-75.12525,5.27276],[-75.1253,5.27283],[-75.12532,5.27284],[-75.12534,5.27288],[-75.12537,5.27292],[-75.12543,5.27301],[-75.12551,5.27304],[-75.12551,5.27305],[-75.1256,5.27313],[-75.12568,5.27319],[-75.12576,5.27323],[-75.12584,5.27327],[-75.12594,5.27329],[-75.12586,5.27303],[-75.12594,5.27306],[-75.12623,5.27325],[-75.12623,5.27325],[-75.12615,5.27329],[-75.12604,5.27329],[-75.12603,5.27329],[-75.12608,5.27336],[-75.12611,5.27348],[-75.12614,5.2736],[-75.12617,5.27378],[-75.12623,5.27393],[-75.12626,5.27402],[-75.12635,5.27405],[-75.12644,5.27414],[-75.12653,5.27417],[-75.12659,5.27426],[-75.12665,5.27435],[-75.12671,5.27444],[-75.1268,5.27453],[-75.12686,5.27462],[-75.12695,5.27471],[-75.12707,5.27477],[-75.12718,5.27477],[-75.12733,5.27477],[-75.12745,5.27477],[-75.12757,5.27477],[-75.12766,5.2748],[-75.12778,5.2748],[-75.12787,5.27483],[-75.12796,5.27486],[-75.12805,5.27489],[-75.12814,5.27494],[-75.12823,5.275],[-75.12832,5.27509],[-75.12838,5.27518],[-75.12838,5.2753],[-75.12838,5.27542],[-75.12835,5.27551],[-75.12829,5.2756],[-75.12829,5.27572],[-75.12829,5.27584],[-75.12832,5.27593],[-75.12835,5.27602],[-75.12844,5.27611],[-75.12847,5.2762],[-75.12853,5.27629],[-75.12865,5.27635],[-75.12892,5.27644],[-75.1291,5.27644],[-75.12922,5.27644],[-75.12931,5.27638],[-75.12939,5.27635],[-75.12951,5.27635],[-75.12966,5.27635],[-75.12978,5.27641],[-75.1299,5.27647],[-75.12999,5.27656],[-75.13002,5.27665],[-75.13011,5.27671],[-75.13017,5.2768],[-75.13026,5.27685],[-75.13029,5.27694],[-75.13032,5.27703],[-75.13035,5.27715],[-75.13038,5.27724],[-75.13044,5.27733],[-75.13047,5.27742]],[[-75.13106,5.27737],[-75.13106,5.27737],[-75.13096,5.27737],[-75.13084,5.27735],[-75.13072,5.27733],[-75.1306,5.27726],[-75.13053,5.27718],[-75.13046,5.27711],[-75.13044,5.27702],[-75.13036,5.2769],[-75.13032,5.2768],[-75.13029,5.27671],[-75.13022,5.27663],[-75.1302,5.27651],[-75.13017,5.27642],[-75.13012,5.27632],[-75.13005,5.27625],[-75.13001,5.27616],[-75.12993,5.27608],[-75.12984,5.27604],[-75.12977,5.27596],[-75.12969,5.27589],[-75.12965,5.2758],[-75.12957,5.2757],[-75.12953,5.27558],[-75.1295,5.27549],[-75.12945,5.27539],[-75.12945,5.27535],[-75.1295,5.27539],[-75.1308,5.27684],[-75.13106,5.27737]]]},"properties":{"OBJECTID_12":140,"OBJECTID_1":152,"OBJECTID":0,"MUNICIPIO":"Manzanares","CODIGO":" ","ZONIFICACI":"Zona de Restauración","SUBZONA":" ","SIMB":"ZR","AREA_HAS":14.849371485,"NOMBRE":"CERRO GUADALUPE","Shape_Leng":3496.28308007,"Shape_Length":3495.3037991878464,"Shape_Area":148410.57337283948}},{"type":"Feature","id":141,"geometry":{"type":"Polygon","coordinates":[[[-75.14739,5.28347],[-75.14771,5.28367],[-75.14775,5.28368],[-75.14775,5.28368],[-75.1481,5.2838],[-75.14813,5.28381],[-75.14817,5.28381],[-75.14821,5.28381],[-75.14825,5.2838],[-75.14826,5.28379],[-75.14818,5.28375],[-75.1481,5.2837],[-75.14812,5.28366],[-75.14822,5.2835],[-75.14829,5.2834],[-75.14827,5.28339],[-75.14824,5.28337],[-75.14792,5.28326],[-75.14787,5.28323],[-75.1475,5.28301],[-75.14722,5.28265],[-75.14637,5.2812],[-75.14635,5.28117],[-75.14632,5.28114],[-75.14562,5.28057],[-75.1456,5.28056],[-75.14557,5.28054],[-75.14554,5.28053],[-75.14504,5.28037],[-75.14501,5.28037],[-75.14499,5.28036],[-75.14487,5.28035],[-75.14485,5.28028],[-75.14557,5.28022],[-75.14602,5.28018],[-75.14642,5.28019],[-75.14712,5.28021],[-75.14715,5.28021],[-75.14719,5.2802],[-75.14723,5.28018],[-75.14725,5.28017],[-75.14757,5.28],[-75.14788,5.28007],[-75.1479,5.28007],[-75.1479,5.28007],[-75.14789,5.28002],[-75.14789,5.27996],[-75.14791,5.27988],[-75.14794,5.27981],[-75.14799,5.27974],[-75.148,5.27973],[-75.14806,5.27969],[-75.14808,5.27968],[-75.14807,5.27967],[-75.14804,5.27965],[-75.14801,5.27963],[-75.14797,5.27962],[-75.14758,5.27954],[-75.14755,5.27954],[-75.14752,5.27954],[-75.14748,5.27954],[-75.14745,5.27955],[-75.14742,5.27956],[-75.14707,5.27976],[-75.14602,5.27973],[-75.14601,5.27973],[-75.14599,5.27973],[-75.14466,5.27985],[-75.14417,5.27919],[-75.14414,5.27916],[-75.14412,5.27914],[-75.14408,5.27912],[-75.14405,5.27911],[-75.14383,5.27904],[-75.1438,5.27904],[-75.14376,5.27903],[-75.14373,5.27904],[-75.14335,5.2791],[-75.14332,5.27911],[-75.14328,5.27912],[-75.14325,5.27914],[-75.14323,5.27916],[-75.14303,5.27937],[-75.14308,5.27935],[-75.14317,5.27932],[-75.14329,5.27932],[-75.14341,5.27932],[-75.1435,5.27932],[-75.1435,5.27935],[-75.1435,5.27946],[-75.1435,5.27954],[-75.1435,5.27954],[-75.14375,5.27949],[-75.14385,5.27952],[-75.14408,5.27982],[-75.14408,5.27982],[-75.14419,5.27981],[-75.14428,5.27979],[-75.14439,5.27979],[-75.14448,5.27981],[-75.14457,5.27986],[-75.14466,5.27993],[-75.14472,5.27999],[-75.14479,5.28008],[-75.14481,5.28017],[-75.14483,5.28022],[-75.14461,5.2803],[-75.14454,5.28031],[-75.14447,5.28032],[-75.14435,5.28033],[-75.14423,5.28033],[-75.14414,5.28036],[-75.1441,5.28036],[-75.14396,5.28036],[-75.14372,5.28036],[-75.1436,5.28036],[-75.14348,5.28036],[-75.14336,5.28039],[-75.14324,5.28039],[-75.14312,5.28039],[-75.14303,5.28045],[-75.14303,5.28057],[-75.14306,5.28066],[-75.14315,5.28069],[-75.14316,5.28069],[-75.14327,5.28069],[-75.14339,5.28069],[-75.14351,5.28066],[-75.14366,5.28066],[-75.14375,5.28063],[-75.14387,5.28063],[-75.14399,5.28063],[-75.14411,5.28063],[-75.1442,5.28066],[-75.14429,5.28069],[-75.14441,5.28075],[-75.14442,5.28077],[-75.1445,5.28084],[-75.14456,5.28093],[-75.14465,5.28102],[-75.14474,5.28111],[-75.14483,5.28117],[-75.14491,5.2812],[-75.14509,5.28126],[-75.14521,5.28131],[-75.14533,5.28137],[-75.14542,5.2814],[-75.14551,5.28143],[-75.14563,5.28152],[-75.14566,5.28161],[-75.14569,5.2817],[-75.14575,5.28179],[-75.14584,5.28188],[-75.14587,5.28197],[-75.14596,5.28206],[-75.14602,5.28215],[-75.14614,5.28224],[-75.14617,5.28236],[-75.14617,5.28248],[-75.14617,5.2826],[-75.14605,5.2826],[-75.14593,5.2826],[-75.14584,5.28257],[-75.14572,5.28254],[-75.14563,5.28248],[-75.14551,5.28242],[-75.14542,5.28233],[-75.14533,5.2823],[-75.14524,5.28227],[-75.14513,5.28224],[-75.14501,5.28221],[-75.14489,5.28215],[-75.1448,5.28209],[-75.14465,5.282],[-75.14453,5.282],[-75.14441,5.28197],[-75.14432,5.28191],[-75.1442,5.28188],[-75.14411,5.28185],[-75.14402,5.2818],[-75.14393,5.28177],[-75.14378,5.28174],[-75.14366,5.28174],[-75.14354,5.28174],[-75.14342,5.28177],[-75.14333,5.2818],[-75.14322,5.2818],[-75.14313,5.28186],[-75.14304,5.28189],[-75.14295,5.28192],[-75.14286,5.28195],[-75.14277,5.28198],[-75.14268,5.28201],[-75.14259,5.28207],[-75.1425,5.2821],[-75.14238,5.28213],[-75.14235,5.28222],[-75.14235,5.28234],[-75.14244,5.28237],[-75.14253,5.2824],[-75.14268,5.2824],[-75.1428,5.2824],[-75.14292,5.28237],[-75.14304,5.28237],[-75.14316,5.28236],[-75.14328,5.28233],[-75.1434,5.28233],[-75.14351,5.28233],[-75.14363,5.28233],[-75.14375,5.28233],[-75.14387,5.28233],[-75.14396,5.28236],[-75.14405,5.28239],[-75.14414,5.28242],[-75.14426,5.28248],[-75.14435,5.28254],[-75.14444,5.28257],[-75.14456,5.2826],[-75.14465,5.28263],[-75.1448,5.28269],[-75.14489,5.28272],[-75.14501,5.28275],[-75.1451,5.28281],[-75.14516,5.2829],[-75.14519,5.28299],[-75.14519,5.28311],[-75.14519,5.28312],[-75.1452,5.28312],[-75.14531,5.28312],[-75.14542,5.28312],[-75.14553,5.28312],[-75.14567,5.28312],[-75.14576,5.28317],[-75.14585,5.28321],[-75.14593,5.28323],[-75.14596,5.28332],[-75.14607,5.28332],[-75.14616,5.28335],[-75.14629,5.28335],[-75.1464,5.28334],[-75.14654,5.28334],[-75.14665,5.28334],[-75.14674,5.28337],[-75.14683,5.28341],[-75.14689,5.2835],[-75.14692,5.28359],[-75.14696,5.28368],[-75.14703,5.28377],[-75.14712,5.28381],[-75.14723,5.28381],[-75.14734,5.28381],[-75.14743,5.28379],[-75.14752,5.28372],[-75.14747,5.28363],[-75.14743,5.28354],[-75.14738,5.28347],[-75.14737,5.28346],[-75.14739,5.28347]],[[-75.14717,5.28332],[-75.14719,5.28335],[-75.14721,5.28336],[-75.14721,5.28337],[-75.14721,5.28337],[-75.14712,5.2833],[-75.14708,5.28321],[-75.14717,5.28332]],[[-75.14681,5.28284],[-75.14678,5.28283],[-75.14677,5.28277],[-75.14681,5.28284]]]},"properties":{"OBJECTID_12":141,"OBJECTID_1":153,"OBJECTID":0,"MUNICIPIO":"Manzanares","CODIGO":" ","ZONIFICACI":"Zona de Restauración","SUBZONA":" ","SIMB":"ZR","AREA_HAS":10.6645164867,"NOMBRE":"CERRO GUADALUPE","Shape_Leng":3903.53381551,"Shape_Length":3902.4614363150163,"Shape_Area":106586.62486317458}},{"type":"Feature","id":142,"geometry":{"type":"Polygon","coordinates":[[[-75.12115,5.30531],[-75.12124,5.3054],[-75.12133,5.30546],[-75.12136,5.30555],[-75.12142,5.30564],[-75.12151,5.3057],[-75.12155,5.3057],[-75.12163,5.3057],[-75.12172,5.30564],[-75.12175,5.30555],[-75.12175,5.30543],[-75.12175,5.30531],[-75.12175,5.30524],[-75.12172,5.30526],[-75.12163,5.30529],[-75.12155,5.30525],[-75.12148,5.30517],[-75.12143,5.30509],[-75.12137,5.30502],[-75.12131,5.30495],[-75.12123,5.3049],[-75.12116,5.30483],[-75.1211,5.30474],[-75.12106,5.30466],[-75.12102,5.30457],[-75.12097,5.30447],[-75.12094,5.30438],[-75.12094,5.30437],[-75.12088,5.30426],[-75.12085,5.3042],[-75.12078,5.30408],[-75.12077,5.30394],[-75.12073,5.30393],[-75.12061,5.3039],[-75.12058,5.30389],[-75.12052,5.30387],[-75.12031,5.30378],[-75.12019,5.30375],[-75.1201,5.30369],[-75.12001,5.30364],[-75.11995,5.30355],[-75.11992,5.30346],[-75.11986,5.30337],[-75.11983,5.30328],[-75.11977,5.30319],[-75.11968,5.3031],[-75.1196,5.30307],[-75.11951,5.30301],[-75.11942,5.30295],[-75.11933,5.30289],[-75.1193,5.3028],[-75.11927,5.30268],[-75.11927,5.30253],[-75.1193,5.30244],[-75.11939,5.30238],[-75.11944,5.30229],[-75.11941,5.3022],[-75.11933,5.30214],[-75.11924,5.30211],[-75.11915,5.30208],[-75.11906,5.30199],[-75.11903,5.3019],[-75.119,5.30181],[-75.11891,5.30178],[-75.11883,5.30173],[-75.11882,5.30172],[-75.11873,5.30169],[-75.11864,5.3016],[-75.11855,5.30151],[-75.11852,5.30142],[-75.11849,5.30134],[-75.11846,5.30125],[-75.11843,5.30116],[-75.11843,5.30104],[-75.11843,5.30092],[-75.11843,5.3008],[-75.11843,5.30065],[-75.1184,5.30056],[-75.11837,5.30047],[-75.11831,5.30038],[-75.11828,5.30029],[-75.11825,5.3002],[-75.11825,5.30008],[-75.11831,5.29999],[-75.11837,5.2999],[-75.11843,5.29978],[-75.11846,5.29969],[-75.11846,5.29957],[-75.11843,5.29942],[-75.11834,5.29933],[-75.11825,5.29927],[-75.11816,5.29918],[-75.1181,5.29909],[-75.11804,5.299],[-75.11795,5.29894],[-75.11792,5.29882],[-75.11786,5.29873],[-75.11783,5.29865],[-75.11774,5.29859],[-75.11768,5.2985],[-75.11759,5.29841],[-75.1175,5.29835],[-75.11741,5.29832],[-75.11735,5.29823],[-75.11726,5.29817],[-75.11723,5.29808],[-75.11714,5.29802],[-75.11705,5.29805],[-75.11702,5.29814],[-75.11699,5.29823],[-75.11699,5.29838],[-75.11699,5.29853],[-75.11702,5.29868],[-75.11708,5.2988],[-75.1172,5.29889],[-75.11723,5.29897],[-75.11729,5.29906],[-75.11732,5.29915],[-75.11735,5.29924],[-75.11735,5.29936],[-75.11735,5.29948],[-75.11732,5.29957],[-75.1172,5.29957],[-75.11708,5.29957],[-75.11699,5.29951],[-75.11693,5.29942],[-75.11681,5.29942],[-75.1167,5.29942],[-75.11658,5.29942],[-75.11649,5.29948],[-75.1164,5.29954],[-75.11631,5.29957],[-75.11619,5.29957],[-75.1161,5.2996],[-75.11598,5.29961],[-75.11583,5.29961],[-75.11575,5.29963],[-75.11575,5.29928],[-75.11574,5.29924],[-75.11574,5.29922],[-75.11571,5.29911],[-75.11561,5.29878],[-75.1156,5.29874],[-75.11558,5.29871],[-75.11507,5.298],[-75.1153,5.29692],[-75.1153,5.29689],[-75.1153,5.29686],[-75.11527,5.29617],[-75.11527,5.29615],[-75.11527,5.29615],[-75.11521,5.29576],[-75.11514,5.29523],[-75.11518,5.29526],[-75.11531,5.2956],[-75.1155,5.29607],[-75.11551,5.2961],[-75.11554,5.29613],[-75.11556,5.29616],[-75.11559,5.29619],[-75.11575,5.29632],[-75.11578,5.29634],[-75.11581,5.29635],[-75.11624,5.29653],[-75.11635,5.29658],[-75.11641,5.2966],[-75.11652,5.29665],[-75.11656,5.29669],[-75.11683,5.29702],[-75.11702,5.29724],[-75.11702,5.29715],[-75.11705,5.29703],[-75.11714,5.29697],[-75.11723,5.297],[-75.11735,5.297],[-75.11744,5.29709],[-75.11753,5.29715],[-75.11759,5.29724],[-75.11765,5.29733],[-75.11777,5.29739],[-75.11789,5.29739],[-75.11797,5.29736],[-75.11809,5.2973],[-75.11818,5.29721],[-75.1183,5.29712],[-75.11839,5.29706],[-75.11847,5.29701],[-75.1183,5.29702],[-75.11777,5.29699],[-75.11732,5.29689],[-75.11683,5.29631],[-75.1168,5.29629],[-75.11677,5.29627],[-75.11674,5.29625],[-75.11601,5.29595],[-75.1159,5.29585],[-75.11572,5.29541],[-75.11557,5.29502],[-75.11555,5.29498],[-75.11553,5.29495],[-75.1155,5.29492],[-75.11547,5.2949],[-75.11515,5.29473],[-75.11521,5.29472],[-75.11532,5.29469],[-75.11545,5.29469],[-75.11552,5.29476],[-75.11561,5.29478],[-75.11574,5.29485],[-75.11583,5.29487],[-75.11592,5.29485],[-75.11603,5.29485],[-75.1161,5.29494],[-75.11612,5.29503],[-75.11621,5.29505],[-75.1163,5.29514],[-75.11632,5.29523],[-75.1163,5.29527],[-75.11635,5.29529],[-75.11644,5.29532],[-75.11654,5.29532],[-75.11663,5.29532],[-75.11672,5.29532],[-75.11681,5.29532],[-75.1169,5.29532],[-75.117,5.29538],[-75.11709,5.29541],[-75.11718,5.29541],[-75.11727,5.29544],[-75.11736,5.29544],[-75.11745,5.29544],[-75.11755,5.29544],[-75.11764,5.29544],[-75.11773,5.29547],[-75.11782,5.29547],[-75.11791,5.29547],[-75.118,5.2955],[-75.1181,5.2955],[-75.11819,5.29553],[-75.11828,5.29556],[-75.11837,5.29556],[-75.11849,5.29559],[-75.11859,5.29562],[-75.11868,5.29565],[-75.11877,5.29565],[-75.11889,5.29565],[-75.11898,5.29565],[-75.11907,5.29565],[-75.11917,5.29565],[-75.11926,5.29565],[-75.11938,5.29565],[-75.11947,5.29565],[-75.11956,5.29565],[-75.11969,5.29568],[-75.1199,5.29568],[-75.11999,5.29568],[-75.12008,5.29565],[-75.12018,5.29565],[-75.12027,5.29565],[-75.12036,5.29565],[-75.12048,5.29571],[-75.12057,5.29574],[-75.12063,5.29583],[-75.12073,5.29586],[-75.12079,5.29595],[-75.12088,5.29602],[-75.12097,5.29605],[-75.12103,5.29614],[-75.12109,5.29623],[-75.12112,5.29632],[-75.12119,5.29641],[-75.12128,5.29647],[-75.12134,5.29657],[-75.12143,5.29663],[-75.12149,5.29672],[-75.12152,5.29681],[-75.12155,5.2969],[-75.12155,5.297],[-75.12155,5.29709],[-75.12156,5.2971],[-75.12158,5.29708],[-75.12167,5.29702],[-75.12179,5.29705],[-75.12188,5.29717],[-75.12194,5.29726],[-75.122,5.29735],[-75.12209,5.29741],[-75.12218,5.29744],[-75.12227,5.29753],[-75.12239,5.29759],[-75.12242,5.29768],[-75.12251,5.29774],[-75.1226,5.29783],[-75.12269,5.29786],[-75.12281,5.29789],[-75.12293,5.29786],[-75.12299,5.29777],[-75.12302,5.29765],[-75.12311,5.29759],[-75.12323,5.29759],[-75.12337,5.29759],[-75.12349,5.29759],[-75.12358,5.29756],[-75.12367,5.29753],[-75.12374,5.29755],[-75.12379,5.29753],[-75.12388,5.29747],[-75.12397,5.29744],[-75.12406,5.29741],[-75.12415,5.29738],[-75.12416,5.29734],[-75.12409,5.2973],[-75.12388,5.29721],[-75.12366,5.29718],[-75.12357,5.29714],[-75.12345,5.29715],[-75.12336,5.29715],[-75.12327,5.29715],[-75.1232,5.29705],[-75.12311,5.29699],[-75.12299,5.29693],[-75.1229,5.29687],[-75.12281,5.29678],[-75.12278,5.29669],[-75.12271,5.29659],[-75.12268,5.2965],[-75.12262,5.29641],[-75.12262,5.29629],[-75.12259,5.2962],[-75.12259,5.2961],[-75.12253,5.29601],[-75.12253,5.29592],[-75.12247,5.29583],[-75.12238,5.29574],[-75.12228,5.29571],[-75.12216,5.29571],[-75.12204,5.29568],[-75.12192,5.29568],[-75.12183,5.29565],[-75.12173,5.29565],[-75.12164,5.29562],[-75.12155,5.29559],[-75.12143,5.29552],[-75.12134,5.29549],[-75.12124,5.29546],[-75.12115,5.2954],[-75.12112,5.29531],[-75.12109,5.29522],[-75.12103,5.29513],[-75.12094,5.29507],[-75.12088,5.29497],[-75.12079,5.29491],[-75.12069,5.29485],[-75.1206,5.29479],[-75.12051,5.29473],[-75.12045,5.29464],[-75.12043,5.29461],[-75.12089,5.29474],[-75.1209,5.29474],[-75.12132,5.29483],[-75.12135,5.29484],[-75.12139,5.29484],[-75.12143,5.29483],[-75.12146,5.29482],[-75.12149,5.2948],[-75.12152,5.29478],[-75.12155,5.29475],[-75.12157,5.29472],[-75.12158,5.29468],[-75.12159,5.29465],[-75.12159,5.29461],[-75.12159,5.29457],[-75.12158,5.29453],[-75.12156,5.2945],[-75.12154,5.29447],[-75.12152,5.29444],[-75.12149,5.29442],[-75.12145,5.2944],[-75.12142,5.29439],[-75.12101,5.2943],[-75.12028,5.29409],[-75.11981,5.29396],[-75.11916,5.29361],[-75.11935,5.29352],[-75.11936,5.29351],[-75.11938,5.2935],[-75.11998,5.29305],[-75.11999,5.29304],[-75.12001,5.29303],[-75.12019,5.29284],[-75.12124,5.29176],[-75.12126,5.29173],[-75.12128,5.2917],[-75.12129,5.29166],[-75.1213,5.29162],[-75.1213,5.29159],[-75.1213,5.29155],[-75.12128,5.29151],[-75.12127,5.29148],[-75.12124,5.29145],[-75.12122,5.29142],[-75.12118,5.2914],[-75.12115,5.29139],[-75.12111,5.29138],[-75.12108,5.29138],[-75.12104,5.29138],[-75.121,5.29139],[-75.12097,5.2914],[-75.12094,5.29142],[-75.12092,5.29144],[-75.1197,5.2927],[-75.11949,5.29286],[-75.11913,5.29312],[-75.11866,5.29336],[-75.11856,5.29332],[-75.11825,5.2932],[-75.11821,5.29319],[-75.11817,5.29319],[-75.11747,5.29319],[-75.11743,5.29319],[-75.11742,5.2932],[-75.11625,5.29348],[-75.11623,5.29349],[-75.11621,5.2935],[-75.11564,5.29377],[-75.1145,5.29431],[-75.11446,5.2943],[-75.11367,5.29397],[-75.11366,5.29397],[-75.11366,5.29397],[-75.11366,5.29397],[-75.11366,5.29397],[-75.11302,5.29376],[-75.11229,5.29322],[-75.11201,5.29301],[-75.11193,5.29289],[-75.1119,5.29289],[-75.11181,5.29286],[-75.1117,5.29286],[-75.11161,5.29284],[-75.11141,5.29282],[-75.11132,5.2928],[-75.11132,5.2928],[-75.11128,5.29278],[-75.11129,5.29275],[-75.1115,5.29227],[-75.11154,5.29228],[-75.11163,5.29233],[-75.11174,5.29237],[-75.11183,5.29241],[-75.1125,5.29247],[-75.1129,5.29257],[-75.11295,5.29257],[-75.11306,5.29257],[-75.11317,5.29257],[-75.11326,5.29259],[-75.11337,5.29259],[-75.11351,5.29266],[-75.11354,5.29267],[-75.11455,5.29272],[-75.1146,5.2927],[-75.11469,5.29268],[-75.11478,5.29264],[-75.11487,5.29259],[-75.11496,5.29257],[-75.11507,5.29255],[-75.11518,5.29255],[-75.11529,5.29255],[-75.1154,5.29255],[-75.11552,5.29255],[-75.11561,5.2925],[-75.11569,5.29246],[-75.11578,5.29243],[-75.11587,5.29237],[-75.11596,5.29232],[-75.11607,5.29225],[-75.11612,5.29224],[-75.1167,5.29075],[-75.1167,5.29066],[-75.1167,5.29055],[-75.11674,5.29046],[-75.11681,5.29037],[-75.11684,5.29036],[-75.11692,5.29017],[-75.11692,5.29016],[-75.11693,5.29013],[-75.11721,5.28886],[-75.11725,5.28878],[-75.11764,5.28866],[-75.11825,5.2886],[-75.11827,5.28859],[-75.1183,5.28858],[-75.11833,5.28857],[-75.11841,5.28853],[-75.11858,5.28845],[-75.11861,5.28843],[-75.11863,5.28841],[-75.11865,5.28838],[-75.11908,5.28784],[-75.1192,5.2878],[-75.11936,5.2878],[-75.1194,5.2878],[-75.11943,5.28779],[-75.11946,5.28778],[-75.11949,5.28777],[-75.11949,5.28776],[-75.12037,5.28716],[-75.12055,5.28706],[-75.12068,5.28698],[-75.12132,5.28704],[-75.12133,5.28704],[-75.12137,5.28704],[-75.1214,5.28704],[-75.12143,5.28703],[-75.12145,5.28702],[-75.12189,5.28679],[-75.12186,5.28671],[-75.12183,5.28662],[-75.12175,5.28656],[-75.12169,5.28647],[-75.12165,5.28641],[-75.12131,5.28658],[-75.12106,5.28656],[-75.12065,5.28653],[-75.12061,5.28653],[-75.1206,5.28653],[-75.12058,5.28653],[-75.12054,5.28654],[-75.12051,5.28656],[-75.12013,5.28678],[-75.12012,5.28679],[-75.11929,5.28735],[-75.11917,5.28735],[-75.11913,5.28736],[-75.11911,5.28736],[-75.11889,5.28742],[-75.11886,5.28744],[-75.11885,5.28744],[-75.11883,5.28745],[-75.1188,5.28748],[-75.11877,5.2875],[-75.11833,5.28807],[-75.11831,5.28808],[-75.11816,5.28815],[-75.11757,5.28821],[-75.11755,5.28821],[-75.11752,5.28822],[-75.11702,5.28838],[-75.11699,5.28839],[-75.11695,5.28841],[-75.11693,5.28844],[-75.1169,5.28846],[-75.11688,5.2885],[-75.11679,5.28869],[-75.11678,5.28871],[-75.11677,5.28874],[-75.11675,5.28885],[-75.11649,5.29002],[-75.1156,5.29233],[-75.11532,5.29239],[-75.11484,5.29228],[-75.11482,5.29228],[-75.11479,5.29227],[-75.11333,5.29221],[-75.11286,5.2921],[-75.1133,5.2912],[-75.11407,5.29026],[-75.11419,5.29011],[-75.1146,5.28967],[-75.1146,5.28966],[-75.11461,5.28966],[-75.11499,5.28915],[-75.11501,5.28912],[-75.11502,5.28909],[-75.11503,5.28906],[-75.11516,5.28849],[-75.11516,5.28848],[-75.11516,5.28844],[-75.11516,5.28798],[-75.11516,5.28781],[-75.1153,5.28731],[-75.11554,5.28673],[-75.11588,5.28638],[-75.11589,5.28639],[-75.11595,5.28648],[-75.11604,5.2866],[-75.1161,5.28672],[-75.11619,5.28684],[-75.11621,5.28689],[-75.1163,5.28682],[-75.11642,5.28678],[-75.11649,5.2867],[-75.11656,5.28663],[-75.11663,5.28656],[-75.11673,5.28649],[-75.11683,5.28646],[-75.11692,5.28644],[-75.11702,5.28644],[-75.11714,5.28644],[-75.11723,5.28642],[-75.11733,5.28642],[-75.11742,5.28644],[-75.11749,5.28651],[-75.11756,5.28651],[-75.11756,5.28651],[-75.11756,5.28639],[-75.11765,5.2863],[-75.11774,5.28624],[-75.11783,5.28618],[-75.11792,5.28612],[-75.11798,5.28603],[-75.11804,5.28591],[-75.11806,5.2859],[-75.11804,5.28589],[-75.11795,5.28586],[-75.11787,5.28579],[-75.11778,5.28579],[-75.11768,5.28577],[-75.11759,5.28577],[-75.11749,5.28577],[-75.1174,5.28577],[-75.1173,5.2857],[-75.11724,5.28567],[-75.11739,5.2856],[-75.11741,5.28559],[-75.11786,5.28533],[-75.11788,5.28532],[-75.11791,5.2853],[-75.11793,5.28527],[-75.11827,5.2848],[-75.11829,5.28476],[-75.1183,5.28474],[-75.11831,5.28473],[-75.11832,5.28469],[-75.11841,5.28406],[-75.11847,5.28365],[-75.1187,5.28315],[-75.11901,5.28266],[-75.11901,5.28265],[-75.11903,5.28262],[-75.11906,5.28252],[-75.11918,5.28223],[-75.11921,5.28214],[-75.11922,5.28211],[-75.11923,5.28208],[-75.11926,5.28172],[-75.11938,5.28024],[-75.11938,5.2802],[-75.11938,5.28017],[-75.11937,5.28013],[-75.11935,5.2801],[-75.11933,5.28007],[-75.1193,5.28004],[-75.11927,5.28002],[-75.11923,5.28001],[-75.1192,5.28],[-75.11916,5.28],[-75.11912,5.28],[-75.11908,5.28001],[-75.11905,5.28002],[-75.11902,5.28004],[-75.11899,5.28007],[-75.11897,5.2801],[-75.11895,5.28013],[-75.11894,5.28017],[-75.11894,5.2802],[-75.11878,5.28201],[-75.11861,5.28243],[-75.11846,5.28268],[-75.11831,5.28293],[-75.11831,5.28293],[-75.1183,5.28295],[-75.11808,5.28342],[-75.11804,5.28349],[-75.11803,5.28352],[-75.11803,5.28355],[-75.11788,5.28457],[-75.11759,5.28497],[-75.1172,5.28519],[-75.11712,5.28523],[-75.11713,5.2852],[-75.1172,5.28512],[-75.11728,5.28505],[-75.11732,5.28496],[-75.11737,5.28486],[-75.1174,5.28476],[-75.11742,5.28467],[-75.11742,5.28457],[-75.11742,5.28448],[-75.11742,5.28438],[-75.11742,5.28429],[-75.11739,5.28419],[-75.11735,5.2841],[-75.11727,5.28402],[-75.1172,5.28395],[-75.11711,5.28393],[-75.11704,5.28386],[-75.11692,5.28386],[-75.11684,5.28393],[-75.1168,5.28402],[-75.11677,5.28412],[-75.11677,5.28422],[-75.11675,5.28434],[-75.11673,5.28443],[-75.11668,5.28453],[-75.11666,5.28462],[-75.11663,5.28472],[-75.11658,5.28481],[-75.11658,5.28491],[-75.11656,5.28501],[-75.11656,5.2851],[-75.11654,5.2852],[-75.11649,5.28529],[-75.11642,5.28536],[-75.11639,5.28548],[-75.11635,5.28558],[-75.11625,5.28563],[-75.11616,5.28563],[-75.11606,5.28556],[-75.11596,5.28548],[-75.11592,5.28539],[-75.11582,5.28532],[-75.11573,5.28529],[-75.11561,5.28527],[-75.11552,5.28527],[-75.11553,5.28534],[-75.11553,5.28544],[-75.11553,5.28553],[-75.11551,5.28563],[-75.11542,5.28568],[-75.11532,5.28573],[-75.11523,5.28573],[-75.11513,5.28573],[-75.11503,5.28575],[-75.11494,5.2858],[-75.11484,5.28585],[-75.11475,5.28587],[-75.11468,5.28594],[-75.11461,5.28601],[-75.11451,5.28604],[-75.11441,5.28609],[-75.11434,5.28618],[-75.11434,5.28628],[-75.11427,5.28635],[-75.1142,5.28642],[-75.11415,5.28652],[-75.11408,5.28659],[-75.11401,5.28666],[-75.11394,5.28673],[-75.11387,5.28683],[-75.11382,5.28692],[-75.11375,5.287],[-75.11365,5.28707],[-75.11358,5.28714],[-75.11351,5.28724],[-75.11344,5.28733],[-75.11341,5.28743],[-75.11334,5.2875],[-75.11332,5.28759],[-75.1133,5.28769],[-75.11332,5.28779],[-75.11339,5.28786],[-75.11346,5.28793],[-75.11351,5.28802],[-75.11358,5.2881],[-75.11365,5.28817],[-75.11373,5.28826],[-75.1138,5.28834],[-75.11389,5.28836],[-75.11396,5.28843],[-75.11406,5.28848],[-75.11416,5.28848],[-75.11423,5.28855],[-75.11432,5.2886],[-75.11439,5.28869],[-75.11444,5.28879],[-75.11444,5.28882],[-75.11449,5.28884],[-75.11459,5.28888],[-75.11461,5.28886],[-75.1146,5.28892],[-75.11426,5.28938],[-75.11385,5.28981],[-75.11385,5.28982],[-75.11383,5.28984],[-75.11293,5.29093],[-75.11291,5.29096],[-75.1129,5.29098],[-75.1124,5.29201],[-75.11132,5.29191],[-75.11133,5.29192],[-75.11143,5.29207],[-75.11147,5.29213],[-75.11125,5.29212],[-75.11103,5.2921],[-75.11066,5.29205],[-75.11048,5.29202],[-75.11044,5.29202],[-75.11025,5.29201],[-75.11002,5.29203],[-75.10989,5.29206],[-75.10981,5.29209],[-75.10977,5.29211],[-75.1096,5.29218],[-75.10958,5.29219],[-75.10944,5.29225],[-75.10935,5.29227],[-75.10931,5.29227],[-75.10936,5.29235],[-75.10942,5.29244],[-75.10945,5.2925],[-75.10947,5.29257],[-75.10953,5.29268],[-75.10954,5.29269],[-75.10958,5.29275],[-75.10967,5.29283],[-75.10972,5.29287],[-75.1099,5.29296],[-75.10997,5.29299],[-75.11013,5.29304],[-75.11027,5.29305],[-75.11048,5.29303],[-75.11055,5.29303],[-75.11059,5.29303],[-75.11075,5.29307],[-75.11091,5.29314],[-75.11111,5.29328],[-75.11128,5.29344],[-75.11142,5.29354],[-75.11158,5.29361],[-75.11182,5.29365],[-75.11195,5.29369],[-75.11205,5.29375],[-75.11214,5.2938],[-75.11233,5.29398],[-75.11244,5.2941],[-75.11249,5.29426],[-75.11249,5.29427],[-75.11251,5.29445],[-75.1126,5.29461],[-75.11263,5.29465],[-75.1127,5.29473],[-75.11271,5.29474],[-75.11285,5.29492],[-75.11296,5.29504],[-75.11297,5.29505],[-75.11319,5.29531],[-75.1132,5.29532],[-75.11326,5.2954],[-75.11327,5.29539],[-75.1133,5.29536],[-75.11351,5.29508],[-75.11353,5.29505],[-75.11355,5.29501],[-75.11366,5.29466],[-75.11372,5.29448],[-75.11439,5.29476],[-75.11443,5.29479],[-75.11464,5.29494],[-75.11477,5.29583],[-75.1148,5.29607],[-75.11482,5.2962],[-75.11485,5.29686],[-75.1146,5.298],[-75.1146,5.29804],[-75.1146,5.29808],[-75.11461,5.29811],[-75.11462,5.29815],[-75.11464,5.29818],[-75.11519,5.29894],[-75.11529,5.29928],[-75.1153,5.29932],[-75.1153,5.29986],[-75.1153,5.30055],[-75.1153,5.30058],[-75.11531,5.30061],[-75.11532,5.30064],[-75.11557,5.30124],[-75.11559,5.30127],[-75.1156,5.3013],[-75.11562,5.30132],[-75.11663,5.30226],[-75.11658,5.30231],[-75.11629,5.30242],[-75.11611,5.30242],[-75.11607,5.30245],[-75.11604,5.30245],[-75.11598,5.30236],[-75.11589,5.30227],[-75.11581,5.30218],[-75.11569,5.30212],[-75.1156,5.30206],[-75.11548,5.30206],[-75.11539,5.30212],[-75.1153,5.30218],[-75.11521,5.30224],[-75.11512,5.30233],[-75.11506,5.30242],[-75.11497,5.30254],[-75.11494,5.30263],[-75.11485,5.30269],[-75.11476,5.30272],[-75.11467,5.30275],[-75.11455,5.30284],[-75.11446,5.3029],[-75.11437,5.30296],[-75.11429,5.30302],[-75.11423,5.30311],[-75.11414,5.30317],[-75.11405,5.30323],[-75.11396,5.30326],[-75.11384,5.30326],[-75.11372,5.3032],[-75.11371,5.30319],[-75.11373,5.30319],[-75.11374,5.30319],[-75.11375,5.30319],[-75.11377,5.30319],[-75.11378,5.30319],[-75.1138,5.30318],[-75.11381,5.30318],[-75.11383,5.30318],[-75.11384,5.30317],[-75.11385,5.30317],[-75.11387,5.30316],[-75.11388,5.30315],[-75.11389,5.30314],[-75.1139,5.30313],[-75.11391,5.30312],[-75.11392,5.30311],[-75.11393,5.3031],[-75.11394,5.30309],[-75.11395,5.30308],[-75.11396,5.30306],[-75.11396,5.30305],[-75.11397,5.30304],[-75.11397,5.30302],[-75.11398,5.30301],[-75.11398,5.30299],[-75.11398,5.30298],[-75.11398,5.30296],[-75.11398,5.30295],[-75.11398,5.30293],[-75.11398,5.30292],[-75.11397,5.3029],[-75.11397,5.30289],[-75.11396,5.30288],[-75.11396,5.30286],[-75.11395,5.30285],[-75.11394,5.30284],[-75.11393,5.30283],[-75.11392,5.30281],[-75.11391,5.3028],[-75.1139,5.30279],[-75.11389,5.30278],[-75.11388,5.30278],[-75.11387,5.30277],[-75.11386,5.30276],[-75.1138,5.30273],[-75.11387,5.30269],[-75.11396,5.3026],[-75.11405,5.30257],[-75.11414,5.30248],[-75.11422,5.30239],[-75.11425,5.3023],[-75.11428,5.30218],[-75.11428,5.30206],[-75.11434,5.30197],[-75.11437,5.30185],[-75.11437,5.30173],[-75.11437,5.30161],[-75.11428,5.30155],[-75.11416,5.30155],[-75.11404,5.30155],[-75.11389,5.30155],[-75.11385,5.30155],[-75.11386,5.30158],[-75.11386,5.3017],[-75.11386,5.30181],[-75.11381,5.3019],[-75.11379,5.30199],[-75.11375,5.30208],[-75.1137,5.30217],[-75.11364,5.30226],[-75.11357,5.30232],[-75.1135,5.30239],[-75.11344,5.30246],[-75.11337,5.3025],[-75.11332,5.30248],[-75.11332,5.30247],[-75.1133,5.30247],[-75.1133,5.30247],[-75.11329,5.30247],[-75.11329,5.30246],[-75.11329,5.30246],[-75.11327,5.30246],[-75.11326,5.30246],[-75.11326,5.30245],[-75.11326,5.30245],[-75.11286,5.30238],[-75.11282,5.30238],[-75.1125,5.30238],[-75.11243,5.30238],[-75.11227,5.30228],[-75.11224,5.30226],[-75.11221,5.30225],[-75.11218,5.30224],[-75.11181,5.30219],[-75.11178,5.30217],[-75.11169,5.30215],[-75.11158,5.30212],[-75.11149,5.30215],[-75.11154,5.30223],[-75.11138,5.30232],[-75.11138,5.30232],[-75.11137,5.30233],[-75.11136,5.30234],[-75.11135,5.30235],[-75.11133,5.30236],[-75.11132,5.30237],[-75.11132,5.30238],[-75.11131,5.30239],[-75.1113,5.3024],[-75.11129,5.30242],[-75.11129,5.30243],[-75.11128,5.30244],[-75.11128,5.30246],[-75.11128,5.30246],[-75.11134,5.30247],[-75.11143,5.3025],[-75.11166,5.30256],[-75.11169,5.30256],[-75.11185,5.30263],[-75.11185,5.30263],[-75.11184,5.30265],[-75.11179,5.30271],[-75.1118,5.30272],[-75.11181,5.30272],[-75.11193,5.30278],[-75.11205,5.30281],[-75.11214,5.30284],[-75.11223,5.30293],[-75.11229,5.30302],[-75.11238,5.30311],[-75.11247,5.30314],[-75.11256,5.30323],[-75.11264,5.30329],[-75.1127,5.30338],[-75.11276,5.30347],[-75.11282,5.30356],[-75.11288,5.30365],[-75.11297,5.30371],[-75.11306,5.30374],[-75.11318,5.30374],[-75.11333,5.30374],[-75.11345,5.30374],[-75.11357,5.30374],[-75.11366,5.30377],[-75.11375,5.3038],[-75.1139,5.30385],[-75.11411,5.30388],[-75.11412,5.30389],[-75.11417,5.30384],[-75.11431,5.30378],[-75.1144,5.30371],[-75.11449,5.30366],[-75.11458,5.30364],[-75.11466,5.30362],[-75.11475,5.30357],[-75.11484,5.30353],[-75.11495,5.30353],[-75.11507,5.30353],[-75.11507,5.30354],[-75.11509,5.30352],[-75.11518,5.30346],[-75.11527,5.30337],[-75.11536,5.30334],[-75.11548,5.30334],[-75.11557,5.30331],[-75.11569,5.30328],[-75.11578,5.30325],[-75.11587,5.30319],[-75.11596,5.30316],[-75.11608,5.30316],[-75.11619,5.30316],[-75.11631,5.30316],[-75.1164,5.30319],[-75.11649,5.30322],[-75.11658,5.30328],[-75.11667,5.30331],[-75.11679,5.30331],[-75.11691,5.30331],[-75.11703,5.30331],[-75.11715,5.30331],[-75.11727,5.30331],[-75.11748,5.30331],[-75.1176,5.30331],[-75.11781,5.30334],[-75.1179,5.30337],[-75.11801,5.3034],[-75.11813,5.3034],[-75.11825,5.30343],[-75.11837,5.30346],[-75.11846,5.30349],[-75.11855,5.30352],[-75.11867,5.30358],[-75.11876,5.30364],[-75.11885,5.30367],[-75.11894,5.3037],[-75.11903,5.30373],[-75.11912,5.30376],[-75.11921,5.30382],[-75.11936,5.30385],[-75.11945,5.30388],[-75.1196,5.30393],[-75.11969,5.30399],[-75.11978,5.30408],[-75.11984,5.30417],[-75.11993,5.30423],[-75.12002,5.30429],[-75.1201,5.30435],[-75.12022,5.30444],[-75.12031,5.30447],[-75.1204,5.30456],[-75.12043,5.30465],[-75.12049,5.30474],[-75.12055,5.30486],[-75.12061,5.30495],[-75.1207,5.30501],[-75.12079,5.30513],[-75.12088,5.30522],[-75.12097,5.30525],[-75.12106,5.30528],[-75.12115,5.30531]],[[-75.11586,5.30032],[-75.11595,5.30035],[-75.11604,5.30038],[-75.11613,5.30041],[-75.11625,5.30047],[-75.11634,5.30053],[-75.1164,5.30062],[-75.11649,5.30071],[-75.11658,5.3008],[-75.11667,5.30086],[-75.11676,5.30092],[-75.11682,5.30101],[-75.11688,5.3011],[-75.11697,5.30119],[-75.11697,5.30119],[-75.11697,5.30123],[-75.11686,5.30145],[-75.11676,5.30155],[-75.11669,5.30169],[-75.11597,5.30102],[-75.11575,5.30051],[-75.11575,5.3003],[-75.11586,5.30032]],[[-75.11661,5.29402],[-75.11654,5.29409],[-75.11648,5.29415],[-75.11641,5.29422],[-75.1163,5.29422],[-75.11621,5.29424],[-75.1161,5.29429],[-75.11601,5.29436],[-75.11594,5.29442],[-75.11585,5.29449],[-75.11576,5.29451],[-75.11565,5.29451],[-75.11556,5.29447],[-75.11547,5.29442],[-75.11536,5.2944],[-75.11536,5.2944],[-75.11638,5.29392],[-75.11668,5.29384],[-75.11666,5.29393],[-75.11661,5.29402]],[[-75.11823,5.29377],[-75.11823,5.29368],[-75.11858,5.29381],[-75.11884,5.29395],[-75.11874,5.29395],[-75.11862,5.29395],[-75.11853,5.29392],[-75.11841,5.29389],[-75.11826,5.29389],[-75.11823,5.29389],[-75.11823,5.29377]],[[-75.11488,5.28715],[-75.11488,5.28716],[-75.11487,5.28717],[-75.11472,5.28771],[-75.11471,5.28774],[-75.11471,5.28778],[-75.11471,5.28842],[-75.11469,5.28851],[-75.11463,5.28845],[-75.11459,5.28836],[-75.11451,5.28829],[-75.11442,5.28824],[-75.11432,5.28819],[-75.11423,5.28814],[-75.11413,5.2881],[-75.11404,5.28805],[-75.11396,5.28798],[-75.11394,5.28788],[-75.11396,5.28778],[-75.11401,5.28769],[-75.11411,5.28767],[-75.1142,5.28762],[-75.11427,5.28755],[-75.11434,5.28747],[-75.11444,5.28745],[-75.11454,5.28745],[-75.11463,5.28742],[-75.1147,5.28733],[-75.11473,5.28723],[-75.1148,5.28716],[-75.11487,5.28707],[-75.11494,5.28702],[-75.11488,5.28715]]]},"properties":{"OBJECTID_12":142,"OBJECTID_1":154,"OBJECTID":0,"MUNICIPIO":"Manzanares","CODIGO":" ","ZONIFICACI":"Zona de Restauración","SUBZONA":" ","SIMB":"ZR","AREA_HAS":73.794559488,"NOMBRE":"CERRO GUADALUPE","Shape_Leng":19889.252855,"Shape_Length":19883.598945561313,"Shape_Area":737526.1262931738}}]}