{"type":"FeatureCollection","name":"Zonificación Reserva Tarcara","crs":{"type":"name","properties":{"name":"urn:ogc:def:crs:OGC:1.3:CRS84"}},"features":[{"type":"Feature","id":1,"geometry":{"type":"Polygon","coordinates":[[[-75.38748,5.51205],[-75.38748,5.51205],[-75.3874,5.5121],[-75.38737,5.51212],[-75.38741,5.51211],[-75.38745,5.51207],[-75.38748,5.51205]]]},"properties":{"OBJECTID":1,"CODDEP":"17","AREA":0.0010052035364,"Tipo":"Pastos enmalezados","Zona":"Zona de restauración","Subzona":"Zona de restauración","Shape_Length":29.929357694936243,"Shape_Area":10.047969519989783}},{"type":"Feature","id":2,"geometry":{"type":"MultiPolygon","coordinates":[[[[-75.385,5.50739],[-75.3854,5.50755],[-75.38564,5.50765],[-75.38564,5.50765],[-75.38564,5.50765],[-75.38564,5.50765],[-75.38586,5.5079],[-75.38614,5.50799],[-75.38652,5.50809],[-75.38652,5.50809],[-75.38652,5.50809],[-75.38653,5.50809],[-75.38678,5.50828],[-75.38696,5.50837],[-75.38697,5.50837],[-75.38697,5.50838],[-75.38697,5.50838],[-75.38697,5.50838],[-75.38697,5.50838],[-75.38697,5.50839],[-75.38699,5.50855],[-75.38703,5.50883],[-75.38713,5.50899],[-75.3872,5.50894],[-75.38726,5.50886],[-75.38734,5.50876],[-75.3874,5.50865],[-75.38746,5.50857],[-75.38753,5.50845],[-75.38757,5.50837],[-75.38757,5.50827],[-75.38752,5.50825],[-75.38744,5.5082],[-75.38739,5.50812],[-75.38731,5.50807],[-75.38723,5.50801],[-75.38717,5.50793],[-75.38709,5.50788],[-75.38698,5.50782],[-75.3869,5.50777],[-75.3868,5.50772],[-75.38671,5.50766],[-75.38666,5.50758],[-75.38658,5.50753],[-75.38653,5.50745],[-75.38645,5.50739],[-75.38636,5.50734],[-75.38626,5.50731],[-75.38615,5.50729],[-75.38604,5.50729],[-75.38593,5.50729],[-75.38583,5.50729],[-75.38572,5.50732],[-75.38556,5.50732],[-75.38545,5.50732],[-75.38534,5.50729],[-75.38526,5.50721],[-75.38524,5.5071],[-75.38521,5.50699],[-75.38518,5.50689],[-75.38515,5.50678],[-75.38513,5.50667],[-75.38507,5.50659],[-75.38502,5.50646],[-75.38494,5.50638],[-75.38486,5.50632],[-75.38475,5.50629],[-75.38467,5.50635],[-75.38456,5.50635],[-75.38456,5.50635],[-75.38465,5.5067],[-75.38487,5.50715],[-75.385,5.50739]]],[[[-75.3849,5.51165],[-75.38498,5.5117],[-75.38506,5.51176],[-75.38517,5.51176],[-75.38525,5.51168],[-75.38535,5.51165],[-75.38546,5.51165],[-75.38557,5.51168],[-75.38568,5.5117],[-75.38581,5.5117],[-75.38592,5.5117],[-75.386,5.51165],[-75.38608,5.51159],[-75.38619,5.51157],[-75.38629,5.51151],[-75.38637,5.51146],[-75.38648,5.51143],[-75.38659,5.51143],[-75.3867,5.51143],[-75.3868,5.51143],[-75.38691,5.51143],[-75.38702,5.51146],[-75.38713,5.51148],[-75.38723,5.51151],[-75.38729,5.51159],[-75.38734,5.51167],[-75.38745,5.5117],[-75.38756,5.5117],[-75.38769,5.5117],[-75.3878,5.51167],[-75.38785,5.51159],[-75.38793,5.51154],[-75.38804,5.51151],[-75.38811,5.51151],[-75.38811,5.51151],[-75.38814,5.51146],[-75.38814,5.51137],[-75.38814,5.51128],[-75.3881,5.51117],[-75.38808,5.51114],[-75.38802,5.5111],[-75.38798,5.51105],[-75.3879,5.511],[-75.38783,5.51095],[-75.38779,5.51095],[-75.38767,5.51095],[-75.38753,5.51095],[-75.38746,5.51095],[-75.38736,5.51095],[-75.38722,5.51099],[-75.3871,5.51099],[-75.38702,5.51101],[-75.38692,5.51107],[-75.38682,5.51111],[-75.3867,5.51117],[-75.38661,5.51124],[-75.38659,5.51126],[-75.38655,5.51129],[-75.38652,5.51131],[-75.38649,5.51134],[-75.38641,5.51138],[-75.38629,5.51148],[-75.38621,5.51152],[-75.38613,5.51156],[-75.38609,5.51158],[-75.38595,5.51162],[-75.38593,5.51164],[-75.38583,5.51164],[-75.38574,5.51164],[-75.38562,5.5116],[-75.3855,5.51158],[-75.38544,5.51154],[-75.38536,5.51144],[-75.38532,5.51134],[-75.38528,5.51124],[-75.38524,5.5112],[-75.38524,5.51109],[-75.38524,5.51097],[-75.38526,5.51081],[-75.38526,5.51077],[-75.38526,5.51071],[-75.38528,5.51059],[-75.38532,5.5105],[-75.38534,5.51046],[-75.38538,5.51036],[-75.3854,5.51026],[-75.38548,5.51018],[-75.3856,5.51004],[-75.38566,5.50998],[-75.38576,5.50989],[-75.38585,5.50979],[-75.38595,5.50975],[-75.38613,5.50961],[-75.38619,5.50955],[-75.38625,5.50951],[-75.38637,5.50945],[-75.38647,5.50937],[-75.38651,5.50937],[-75.38659,5.50935],[-75.38668,5.50932],[-75.3868,5.50926],[-75.38688,5.50922],[-75.387,5.50912],[-75.38708,5.50908],[-75.38711,5.50903],[-75.387,5.50884],[-75.387,5.50884],[-75.387,5.50883],[-75.38695,5.50856],[-75.38695,5.50856],[-75.38694,5.5084],[-75.38676,5.50831],[-75.38676,5.50831],[-75.38675,5.50831],[-75.38651,5.50812],[-75.38613,5.50803],[-75.38613,5.50803],[-75.38584,5.50793],[-75.38584,5.50793],[-75.38584,5.50793],[-75.38583,5.50793],[-75.38583,5.50792],[-75.38562,5.50768],[-75.38538,5.50758],[-75.38498,5.50742],[-75.38498,5.50742],[-75.38497,5.50741],[-75.38497,5.50741],[-75.38497,5.50741],[-75.38484,5.50717],[-75.38484,5.50717],[-75.38462,5.50672],[-75.38462,5.50671],[-75.38462,5.50671],[-75.38452,5.50636],[-75.38443,5.50638],[-75.38432,5.50632],[-75.38424,5.50624],[-75.38416,5.50619],[-75.38411,5.50611],[-75.38405,5.506],[-75.38397,5.50595],[-75.38386,5.50589],[-75.38376,5.50587],[-75.38365,5.50587],[-75.38354,5.50584],[-75.38346,5.50589],[-75.38341,5.50597],[-75.38335,5.50606],[-75.38325,5.50606],[-75.38311,5.50608],[-75.38303,5.50603],[-75.38295,5.50598],[-75.38292,5.50587],[-75.38287,5.50579],[-75.38282,5.50568],[-75.38274,5.50563],[-75.38263,5.50563],[-75.38252,5.50563],[-75.38241,5.50563],[-75.38233,5.50568],[-75.38228,5.50576],[-75.3822,5.50582],[-75.38212,5.5059],[-75.38206,5.50598],[-75.38201,5.50606],[-75.38198,5.50617],[-75.38196,5.50627],[-75.38193,5.50638],[-75.38193,5.50649],[-75.38201,5.50654],[-75.38209,5.5066],[-75.3822,5.50662],[-75.38231,5.50662],[-75.38242,5.5066],[-75.3825,5.50654],[-75.3826,5.50651],[-75.38271,5.50651],[-75.38279,5.50657],[-75.38279,5.5067],[-75.38282,5.50681],[-75.38285,5.50692],[-75.3829,5.507],[-75.38295,5.50708],[-75.38298,5.50719],[-75.3829,5.50724],[-75.38279,5.50721],[-75.38268,5.50719],[-75.3826,5.50713],[-75.3825,5.50708],[-75.38239,5.50708],[-75.38228,5.50705],[-75.3822,5.50711],[-75.3822,5.50722],[-75.38226,5.50732],[-75.38231,5.5074],[-75.38234,5.50751],[-75.38234,5.50762],[-75.38231,5.50773],[-75.38223,5.50781],[-75.38226,5.50791],[-75.38234,5.50797],[-75.38245,5.508],[-75.38255,5.50802],[-75.38266,5.50802],[-75.38277,5.50802],[-75.38287,5.50799],[-75.38298,5.50797],[-75.38309,5.50794],[-75.3832,5.50797],[-75.3833,5.50799],[-75.38339,5.50805],[-75.38349,5.50805],[-75.3836,5.50805],[-75.38368,5.50799],[-75.38371,5.50788],[-75.38365,5.50786],[-75.38371,5.50786],[-75.38381,5.50788],[-75.38392,5.50794],[-75.38398,5.50802],[-75.384,5.50813],[-75.38403,5.50823],[-75.384,5.50834],[-75.38392,5.5084],[-75.38382,5.5084],[-75.38374,5.50845],[-75.38363,5.50848],[-75.38352,5.50848],[-75.38341,5.50848],[-75.38331,5.5085],[-75.3832,5.50853],[-75.38314,5.50861],[-75.38306,5.50867],[-75.38301,5.50875],[-75.3829,5.50877],[-75.38277,5.5088],[-75.38266,5.50883],[-75.38255,5.50883],[-75.38245,5.50883],[-75.38237,5.50888],[-75.38231,5.50899],[-75.38226,5.50907],[-75.38221,5.50915],[-75.38221,5.50926],[-75.38221,5.50937],[-75.38215,5.50945],[-75.38205,5.50945],[-75.38194,5.50945],[-75.38183,5.50945],[-75.38172,5.50945],[-75.38162,5.5095],[-75.38154,5.50959],[-75.38146,5.50967],[-75.38143,5.50977],[-75.38143,5.50988],[-75.38146,5.50999],[-75.38151,5.51007],[-75.38156,5.51015],[-75.38162,5.51023],[-75.3817,5.51031],[-75.38175,5.51039],[-75.38183,5.51045],[-75.38191,5.51053],[-75.38202,5.51055],[-75.38204,5.51056],[-75.38213,5.51058],[-75.38224,5.51061],[-75.38234,5.51061],[-75.38242,5.51055],[-75.38248,5.51044],[-75.3825,5.51034],[-75.38248,5.51023],[-75.3824,5.51018],[-75.38237,5.51007],[-75.38237,5.50996],[-75.38245,5.50988],[-75.3825,5.5098],[-75.38253,5.50969],[-75.38258,5.50961],[-75.38269,5.50958],[-75.3828,5.50958],[-75.38291,5.50958],[-75.38301,5.50958],[-75.38312,5.50955],[-75.3832,5.5095],[-75.38325,5.50942],[-75.38333,5.50937],[-75.38339,5.50928],[-75.38347,5.50923],[-75.38349,5.50912],[-75.38358,5.50904],[-75.38366,5.50896],[-75.38376,5.50893],[-75.38387,5.50893],[-75.3839,5.50904],[-75.38387,5.50915],[-75.38382,5.50923],[-75.3839,5.50928],[-75.38401,5.50928],[-75.38409,5.50923],[-75.38419,5.50918],[-75.38425,5.50909],[-75.38435,5.50907],[-75.38443,5.50912],[-75.38449,5.5092],[-75.38457,5.50926],[-75.38457,5.50936],[-75.38449,5.50942],[-75.38438,5.50942],[-75.38427,5.50942],[-75.38419,5.50947],[-75.38417,5.50958],[-75.38417,5.50969],[-75.38419,5.50979],[-75.38428,5.50988],[-75.38433,5.50996],[-75.38441,5.51001],[-75.38449,5.51006],[-75.38457,5.51012],[-75.38463,5.5102],[-75.38465,5.5103],[-75.3846,5.51039],[-75.38449,5.51041],[-75.38438,5.51044],[-75.38425,5.51041],[-75.38412,5.51033],[-75.38398,5.51033],[-75.38387,5.51031],[-75.38377,5.51031],[-75.38371,5.51039],[-75.38377,5.5105],[-75.38385,5.5106],[-75.38393,5.51066],[-75.38401,5.51071],[-75.38412,5.51074],[-75.38422,5.51074],[-75.38433,5.51074],[-75.38438,5.51082],[-75.38439,5.51092],[-75.38436,5.51103],[-75.38441,5.51111],[-75.38449,5.51119],[-75.38457,5.51111],[-75.38463,5.51103],[-75.38468,5.51092],[-75.38476,5.51087],[-75.38481,5.51079],[-75.38492,5.51073],[-75.38503,5.51073],[-75.38506,5.51084],[-75.38506,5.51098],[-75.385,5.51106],[-75.38495,5.51114],[-75.38492,5.51125],[-75.38492,5.51135],[-75.38487,5.51143],[-75.38487,5.51154],[-75.3849,5.51165]]]]},"properties":{"OBJECTID":2,"CODDEP":"17","AREA":20.2091115715,"Tipo":"Pastos enmalezados","Zona":"Zona de restauración","Subzona":"Zona de restauración","Shape_Length":5214.127867560691,"Shape_Area":202012.82317170504}},{"type":"Feature","id":3,"geometry":{"type":"MultiPolygon","coordinates":[[[[-75.3899,5.51592],[-75.38993,5.51603],[-75.39001,5.51608],[-75.39012,5.51608],[-75.39028,5.51608],[-75.39041,5.51605],[-75.39052,5.51605],[-75.39063,5.51605],[-75.39074,5.51605],[-75.39071,5.51588],[-75.39071,5.51587],[-75.39071,5.5157],[-75.39071,5.5157],[-75.39071,5.51569],[-75.39087,5.51528],[-75.39087,5.51527],[-75.39087,5.51527],[-75.39106,5.51501],[-75.39106,5.51501],[-75.39113,5.51494],[-75.39109,5.51491],[-75.39106,5.51491],[-75.39103,5.51488],[-75.39094,5.51483],[-75.39091,5.51481],[-75.39085,5.51476],[-75.39079,5.5147],[-75.3907,5.51464],[-75.39064,5.51456],[-75.39058,5.51448],[-75.39055,5.51444],[-75.39053,5.51442],[-75.39048,5.51438],[-75.39042,5.51432],[-75.39038,5.51427],[-75.39032,5.51423],[-75.39023,5.51418],[-75.39016,5.51417],[-75.39006,5.51416],[-75.39006,5.51416],[-75.39,5.51414],[-75.3899,5.51412],[-75.3898,5.5141],[-75.38975,5.51407],[-75.38969,5.51406],[-75.38961,5.51402],[-75.38958,5.51402],[-75.38951,5.51401],[-75.38941,5.51398],[-75.38935,5.51396],[-75.38928,5.51392],[-75.38923,5.51391],[-75.3892,5.51391],[-75.38908,5.51387],[-75.38906,5.51387],[-75.38901,5.51385],[-75.38892,5.51382],[-75.38886,5.51382],[-75.38877,5.51377],[-75.38873,5.51377],[-75.38866,5.51373],[-75.38857,5.51368],[-75.38852,5.51363],[-75.38845,5.51358],[-75.38842,5.51356],[-75.38839,5.5135],[-75.38835,5.51344],[-75.38831,5.51337],[-75.38829,5.51333],[-75.38828,5.51327],[-75.38824,5.51321],[-75.38823,5.51317],[-75.38819,5.51311],[-75.38815,5.51306],[-75.38811,5.51302],[-75.388,5.51301],[-75.38793,5.513],[-75.38785,5.51299],[-75.38777,5.51299],[-75.38764,5.51296],[-75.38756,5.51291],[-75.38751,5.5129],[-75.38741,5.51286],[-75.38735,5.51284],[-75.38732,5.51284],[-75.3873,5.51283],[-75.38732,5.51291],[-75.38734,5.51302],[-75.38737,5.51312],[-75.3874,5.51323],[-75.3874,5.51334],[-75.38743,5.51345],[-75.38743,5.51355],[-75.38745,5.51366],[-75.38748,5.51377],[-75.38751,5.51388],[-75.38753,5.51399],[-75.38753,5.51409],[-75.38751,5.5142],[-75.38743,5.51425],[-75.38737,5.51434],[-75.38727,5.51436],[-75.38716,5.51439],[-75.38705,5.51439],[-75.38694,5.51439],[-75.38684,5.51442],[-75.38673,5.51442],[-75.38662,5.51444],[-75.38651,5.51447],[-75.38646,5.51455],[-75.38638,5.51461],[-75.38638,5.51471],[-75.38638,5.51482],[-75.38638,5.51496],[-75.38641,5.51506],[-75.38646,5.51517],[-75.38652,5.51525],[-75.38657,5.51533],[-75.38665,5.51541],[-75.3867,5.51549],[-75.38681,5.51555],[-75.38692,5.51555],[-75.387,5.51549],[-75.38708,5.51544],[-75.38716,5.51539],[-75.3873,5.51539],[-75.38743,5.51538],[-75.38754,5.51541],[-75.38762,5.51547],[-75.3877,5.51552],[-75.38775,5.5156],[-75.38781,5.51571],[-75.38786,5.51579],[-75.38797,5.51581],[-75.38808,5.51581],[-75.38818,5.51581],[-75.38821,5.51592],[-75.38824,5.51603],[-75.38834,5.51606],[-75.38845,5.51606],[-75.38859,5.51605],[-75.38869,5.51605],[-75.3888,5.51603],[-75.38891,5.516],[-75.38902,5.516],[-75.3891,5.51595],[-75.3892,5.51595],[-75.38931,5.51592],[-75.38942,5.51589],[-75.38947,5.51581],[-75.38958,5.51581],[-75.38971,5.51586],[-75.38982,5.51586],[-75.3899,5.51592]]],[[[-75.39522,5.51639],[-75.39525,5.5165],[-75.3953,5.51658],[-75.39536,5.51669],[-75.39541,5.51677],[-75.39549,5.51682],[-75.3956,5.51682],[-75.3957,5.51682],[-75.39581,5.51682],[-75.39591,5.51682],[-75.39586,5.51678],[-75.39582,5.51675],[-75.39582,5.51668],[-75.39577,5.51662],[-75.39573,5.51657],[-75.3957,5.51651],[-75.39558,5.5165],[-75.39548,5.5165],[-75.39543,5.5165],[-75.39541,5.51646],[-75.39537,5.5164],[-75.39534,5.51635],[-75.39529,5.5163],[-75.3952,5.51629],[-75.39516,5.51629],[-75.3951,5.51629],[-75.395,5.51629],[-75.39498,5.51629],[-75.3949,5.51629],[-75.39485,5.51629],[-75.39475,5.51629],[-75.39472,5.51628],[-75.39465,5.51622],[-75.3946,5.51614],[-75.39459,5.5161],[-75.39453,5.51603],[-75.39451,5.51598],[-75.39449,5.51592],[-75.39444,5.51586],[-75.39439,5.51577],[-75.39437,5.51573],[-75.39431,5.51567],[-75.39425,5.5156],[-75.39421,5.51555],[-75.39413,5.5155],[-75.39408,5.51546],[-75.39404,5.51545],[-75.39397,5.51541],[-75.39389,5.51538],[-75.39386,5.51537],[-75.39381,5.51534],[-75.39374,5.51533],[-75.39369,5.51532],[-75.39366,5.5153],[-75.3936,5.51528],[-75.39354,5.51525],[-75.3935,5.51523],[-75.3935,5.51518],[-75.39345,5.51511],[-75.39344,5.51503],[-75.39342,5.51498],[-75.3934,5.51493],[-75.39339,5.51487],[-75.39337,5.51481],[-75.3933,5.51475],[-75.39325,5.5147],[-75.39319,5.51464],[-75.39313,5.51459],[-75.39306,5.51454],[-75.39296,5.51448],[-75.39292,5.51448],[-75.39285,5.51446],[-75.39283,5.51447],[-75.39283,5.51447],[-75.39281,5.51449],[-75.39276,5.51451],[-75.39272,5.51451],[-75.39264,5.51451],[-75.39259,5.51451],[-75.39251,5.51455],[-75.39246,5.51458],[-75.3924,5.51464],[-75.39235,5.51467],[-75.39231,5.51472],[-75.39231,5.51479],[-75.39226,5.51486],[-75.39224,5.51491],[-75.39224,5.51492],[-75.39218,5.515],[-75.39213,5.51504],[-75.39212,5.51504],[-75.39205,5.51511],[-75.392,5.51514],[-75.39193,5.51514],[-75.39186,5.51514],[-75.39179,5.51514],[-75.39169,5.51514],[-75.39162,5.51512],[-75.39155,5.51512],[-75.3915,5.51509],[-75.39146,5.51509],[-75.39138,5.51506],[-75.39131,5.51504],[-75.39122,5.515],[-75.39116,5.51496],[-75.39116,5.51496],[-75.39109,5.51504],[-75.3909,5.51529],[-75.39075,5.5157],[-75.39075,5.51587],[-75.39078,5.51605],[-75.39087,5.51605],[-75.39095,5.516],[-75.39106,5.516],[-75.39114,5.51594],[-75.39119,5.51586],[-75.3913,5.51583],[-75.39138,5.51575],[-75.39146,5.5157],[-75.39157,5.51564],[-75.39167,5.51562],[-75.39175,5.51556],[-75.39189,5.51556],[-75.39202,5.51554],[-75.39213,5.51554],[-75.39224,5.51551],[-75.39234,5.51551],[-75.39245,5.51554],[-75.39256,5.51553],[-75.39264,5.51559],[-75.39275,5.51562],[-75.39288,5.51564],[-75.39299,5.5157],[-75.39312,5.51572],[-75.39323,5.51575],[-75.39334,5.51578],[-75.39345,5.5158],[-75.39353,5.51586],[-75.39363,5.51588],[-75.39374,5.51588],[-75.39385,5.51588],[-75.39396,5.51588],[-75.39406,5.51588],[-75.39417,5.51588],[-75.39421,5.51588],[-75.39423,5.51593],[-75.39428,5.51602],[-75.39431,5.51612],[-75.39431,5.51623],[-75.39433,5.51634],[-75.39439,5.51642],[-75.39447,5.51647],[-75.39458,5.5165],[-75.39468,5.51647],[-75.39474,5.51639],[-75.39482,5.51634],[-75.39492,5.51634],[-75.39503,5.51634],[-75.39514,5.51634],[-75.39522,5.51639]]]]},"properties":{"OBJECTID":3,"CODDEP":"17","AREA":13.8676603748,"Tipo":"Pastos enmalezados","Zona":"Zona de restauración","Subzona":"Zona de restauración","Shape_Length":3078.9458737622695,"Shape_Area":138623.3523423218}},{"type":"Feature","id":4,"geometry":{"type":"MultiPolygon","coordinates":[[[[-75.39034,5.51327],[-75.39061,5.51331],[-75.39096,5.51336],[-75.39142,5.51334],[-75.39159,5.51331],[-75.39217,5.5132],[-75.39217,5.5132],[-75.39217,5.5132],[-75.39265,5.51321],[-75.3929,5.51314],[-75.39306,5.51306],[-75.39325,5.5129],[-75.39344,5.51254],[-75.39344,5.51226],[-75.39344,5.51194],[-75.39344,5.51181],[-75.39339,5.51181],[-75.39333,5.51176],[-75.39328,5.51175],[-75.39321,5.51173],[-75.39316,5.51173],[-75.39304,5.5117],[-75.39287,5.51167],[-75.39281,5.51165],[-75.39268,5.51164],[-75.39264,5.51165],[-75.39258,5.51169],[-75.39256,5.5117],[-75.39251,5.51174],[-75.39249,5.51178],[-75.39246,5.51183],[-75.39241,5.51188],[-75.39238,5.51192],[-75.39235,5.51195],[-75.39226,5.51199],[-75.39223,5.512],[-75.39218,5.51202],[-75.39217,5.51203],[-75.39209,5.51204],[-75.39203,5.51206],[-75.39198,5.51207],[-75.39185,5.5121],[-75.39177,5.51211],[-75.39177,5.51211],[-75.39172,5.51212],[-75.39166,5.51215],[-75.39158,5.51217],[-75.39152,5.51218],[-75.39143,5.51218],[-75.39136,5.51221],[-75.39125,5.51221],[-75.3912,5.51223],[-75.39109,5.51226],[-75.39105,5.51228],[-75.391,5.51229],[-75.39093,5.51232],[-75.39088,5.51234],[-75.39078,5.51236],[-75.39075,5.51237],[-75.3907,5.51239],[-75.39063,5.51241],[-75.39058,5.51241],[-75.39052,5.51239],[-75.39049,5.51239],[-75.39041,5.51236],[-75.39035,5.51231],[-75.39033,5.51229],[-75.39032,5.51227],[-75.39032,5.51221],[-75.39032,5.51215],[-75.39033,5.51209],[-75.39038,5.51205],[-75.39042,5.51201],[-75.39044,5.51199],[-75.39052,5.51192],[-75.39058,5.5119],[-75.39063,5.51185],[-75.39069,5.51183],[-75.39078,5.51176],[-75.39085,5.51173],[-75.39089,5.51172],[-75.39093,5.5117],[-75.39098,5.51168],[-75.39103,5.51167],[-75.3911,5.51164],[-75.39116,5.5116],[-75.39122,5.51158],[-75.39132,5.51156],[-75.3914,5.51153],[-75.39142,5.51152],[-75.39145,5.51151],[-75.39151,5.51146],[-75.39151,5.51146],[-75.39155,5.51144],[-75.39162,5.51142],[-75.39167,5.51137],[-75.39173,5.51133],[-75.39181,5.51123],[-75.39182,5.51119],[-75.39182,5.51114],[-75.39182,5.51107],[-75.39182,5.51102],[-75.39182,5.51094],[-75.39182,5.51088],[-75.39178,5.51082],[-75.39177,5.51077],[-75.39173,5.5107],[-75.39171,5.51064],[-75.39169,5.51058],[-75.39168,5.51053],[-75.39167,5.51048],[-75.39163,5.51043],[-75.39158,5.51036],[-75.39157,5.51036],[-75.39152,5.51033],[-75.39143,5.5103],[-75.39133,5.5103],[-75.39127,5.5103],[-75.39126,5.51029],[-75.39121,5.51021],[-75.3911,5.51016],[-75.39099,5.51013],[-75.39091,5.51008],[-75.39083,5.50997],[-75.39075,5.50989],[-75.39069,5.50981],[-75.39061,5.50973],[-75.39053,5.50965],[-75.39046,5.50961],[-75.39044,5.50959],[-75.39034,5.50953],[-75.39026,5.50951],[-75.39018,5.50945],[-75.39009,5.50941],[-75.39001,5.50937],[-75.38995,5.50935],[-75.38985,5.50932],[-75.38977,5.50928],[-75.38971,5.50918],[-75.38961,5.50906],[-75.38961,5.50904],[-75.38957,5.50894],[-75.38955,5.5089],[-75.38955,5.5088],[-75.38955,5.50876],[-75.38955,5.50865],[-75.38955,5.50863],[-75.38955,5.50853],[-75.38957,5.50845],[-75.3896,5.50836],[-75.38963,5.50829],[-75.38967,5.50819],[-75.38969,5.50809],[-75.38977,5.50796],[-75.38981,5.5078],[-75.38981,5.5077],[-75.38983,5.50756],[-75.38985,5.50741],[-75.38985,5.50733],[-75.38985,5.50723],[-75.38985,5.50711],[-75.38981,5.50701],[-75.38973,5.50691],[-75.38967,5.50685],[-75.38961,5.50676],[-75.38955,5.50672],[-75.38941,5.50662],[-75.38937,5.50656],[-75.38926,5.5065],[-75.38918,5.50646],[-75.3891,5.5064],[-75.38902,5.5064],[-75.38901,5.5064],[-75.38899,5.50639],[-75.38889,5.50637],[-75.38875,5.50637],[-75.38865,5.50634],[-75.38861,5.50634],[-75.3884,5.5063],[-75.38831,5.5063],[-75.38815,5.50628],[-75.38807,5.50628],[-75.38793,5.50624],[-75.38781,5.50623],[-75.38765,5.50617],[-75.38761,5.50613],[-75.38757,5.50605],[-75.38753,5.50599],[-75.38753,5.50591],[-75.38748,5.50579],[-75.38747,5.5057],[-75.38746,5.50561],[-75.38744,5.5055],[-75.38744,5.5054],[-75.38744,5.50532],[-75.38744,5.50524],[-75.38744,5.50514],[-75.38744,5.50504],[-75.38744,5.50495],[-75.38744,5.50483],[-75.38744,5.50471],[-75.38744,5.50461],[-75.38744,5.50453],[-75.38742,5.50441],[-75.38734,5.50436],[-75.3873,5.50434],[-75.38724,5.50424],[-75.3872,5.50416],[-75.38716,5.50408],[-75.38712,5.504],[-75.38702,5.50394],[-75.38698,5.50386],[-75.38692,5.50382],[-75.3868,5.50374],[-75.38674,5.50371],[-75.38668,5.50367],[-75.38663,5.50365],[-75.38657,5.50359],[-75.38649,5.50357],[-75.38637,5.50351],[-75.38631,5.50347],[-75.38627,5.50347],[-75.38613,5.50345],[-75.38599,5.50345],[-75.38585,5.50345],[-75.38572,5.50345],[-75.38564,5.50347],[-75.38558,5.50347],[-75.38546,5.50355],[-75.38544,5.50361],[-75.38544,5.50369],[-75.38544,5.50377],[-75.38544,5.50379],[-75.38544,5.5039],[-75.38544,5.50401],[-75.38544,5.50404],[-75.38546,5.50414],[-75.38548,5.50418],[-75.38554,5.50432],[-75.38558,5.50439],[-75.38562,5.50447],[-75.38568,5.50455],[-75.3857,5.50469],[-75.38574,5.50477],[-75.38575,5.50479],[-75.38577,5.50485],[-75.38581,5.50497],[-75.38583,5.50504],[-75.38585,5.50512],[-75.38585,5.50522],[-75.38585,5.50527],[-75.38585,5.50528],[-75.38585,5.50542],[-75.38585,5.50556],[-75.38585,5.50563],[-75.38583,5.50575],[-75.38583,5.50583],[-75.38583,5.50593],[-75.38585,5.50603],[-75.38595,5.50609],[-75.38599,5.50613],[-75.38603,5.50619],[-75.38609,5.50624],[-75.38617,5.5063],[-75.38623,5.50638],[-75.38631,5.50644],[-75.38639,5.5065],[-75.38647,5.50654],[-75.38659,5.50666],[-75.38668,5.50672],[-75.38673,5.50676],[-75.38676,5.5068],[-75.3869,5.50687],[-75.38696,5.50693],[-75.38708,5.50699],[-75.38714,5.50705],[-75.38724,5.50711],[-75.38728,5.50715],[-75.38732,5.50719],[-75.38738,5.50727],[-75.38742,5.50731],[-75.38751,5.50743],[-75.38753,5.5075],[-75.38757,5.50766],[-75.38757,5.50776],[-75.38757,5.5079],[-75.38757,5.50808],[-75.38757,5.50821],[-75.38757,5.50827],[-75.38757,5.50837],[-75.38753,5.50845],[-75.38746,5.50857],[-75.3874,5.50865],[-75.38734,5.50876],[-75.38726,5.50886],[-75.3872,5.50894],[-75.38713,5.50899],[-75.38719,5.5091],[-75.38737,5.50937],[-75.38737,5.50937],[-75.38737,5.50937],[-75.38749,5.50962],[-75.38749,5.50963],[-75.38749,5.50963],[-75.38759,5.50993],[-75.38774,5.51013],[-75.38795,5.5103],[-75.38795,5.5103],[-75.38795,5.5103],[-75.38796,5.5103],[-75.38814,5.51063],[-75.38834,5.51094],[-75.38848,5.51105],[-75.38869,5.51105],[-75.38893,5.511],[-75.38893,5.511],[-75.38893,5.511],[-75.3891,5.51099],[-75.3891,5.51099],[-75.3891,5.51099],[-75.38933,5.51102],[-75.38933,5.51102],[-75.38933,5.51102],[-75.38934,5.51102],[-75.38948,5.51113],[-75.38948,5.51113],[-75.38948,5.51113],[-75.38963,5.51126],[-75.38963,5.51127],[-75.38963,5.51127],[-75.38963,5.51127],[-75.38976,5.51167],[-75.38976,5.51167],[-75.38986,5.51209],[-75.38986,5.51209],[-75.38986,5.51209],[-75.38987,5.51247],[-75.38991,5.51279],[-75.38998,5.51305],[-75.39009,5.51315],[-75.39034,5.51327]]],[[[-75.38835,5.51344],[-75.38839,5.5135],[-75.38842,5.51356],[-75.38845,5.51358],[-75.38852,5.51363],[-75.38857,5.51368],[-75.38866,5.51373],[-75.38873,5.51377],[-75.38877,5.51377],[-75.38886,5.51382],[-75.38892,5.51382],[-75.38901,5.51385],[-75.38906,5.51387],[-75.38908,5.51387],[-75.3892,5.51391],[-75.38923,5.51391],[-75.38928,5.51392],[-75.38935,5.51396],[-75.38941,5.51398],[-75.38951,5.51401],[-75.38958,5.51402],[-75.38961,5.51402],[-75.38969,5.51406],[-75.38975,5.51407],[-75.3898,5.5141],[-75.3899,5.51412],[-75.39,5.51414],[-75.39006,5.51416],[-75.39006,5.51416],[-75.39016,5.51417],[-75.39023,5.51418],[-75.39032,5.51423],[-75.39038,5.51427],[-75.39042,5.51432],[-75.39048,5.51438],[-75.39053,5.51442],[-75.39055,5.51444],[-75.39058,5.51448],[-75.39064,5.51456],[-75.3907,5.51464],[-75.39079,5.5147],[-75.39085,5.51476],[-75.39091,5.51481],[-75.39094,5.51483],[-75.39103,5.51488],[-75.39106,5.51491],[-75.39109,5.51491],[-75.39113,5.51494],[-75.39124,5.5148],[-75.39141,5.51447],[-75.3914,5.51422],[-75.3914,5.51422],[-75.3914,5.51422],[-75.3914,5.51421],[-75.39147,5.51404],[-75.39147,5.51404],[-75.39157,5.51385],[-75.39164,5.51369],[-75.39158,5.51343],[-75.39158,5.51343],[-75.39158,5.51343],[-75.39157,5.51335],[-75.39142,5.51337],[-75.39142,5.51337],[-75.39096,5.5134],[-75.39095,5.5134],[-75.39095,5.5134],[-75.39061,5.51335],[-75.39061,5.51335],[-75.39033,5.5133],[-75.39033,5.5133],[-75.39033,5.5133],[-75.39007,5.51318],[-75.39007,5.51318],[-75.39007,5.51318],[-75.38995,5.51307],[-75.38995,5.51307],[-75.38995,5.51307],[-75.38995,5.51307],[-75.38995,5.51306],[-75.38987,5.5128],[-75.38987,5.5128],[-75.38987,5.5128],[-75.38984,5.51248],[-75.38984,5.51247],[-75.38982,5.51209],[-75.38973,5.51168],[-75.3896,5.51129],[-75.38946,5.51116],[-75.38932,5.51106],[-75.3891,5.51102],[-75.38893,5.51103],[-75.3887,5.51108],[-75.3887,5.51108],[-75.38869,5.51108],[-75.38848,5.51108],[-75.38848,5.51108],[-75.38847,5.51108],[-75.38847,5.51108],[-75.38847,5.51108],[-75.38831,5.51097],[-75.38831,5.51097],[-75.38831,5.51097],[-75.38831,5.51097],[-75.3881,5.51064],[-75.3881,5.51064],[-75.38793,5.51032],[-75.38771,5.51016],[-75.38771,5.51016],[-75.38771,5.51016],[-75.38755,5.50995],[-75.38755,5.50995],[-75.38755,5.50995],[-75.38755,5.50995],[-75.38746,5.50964],[-75.38734,5.50939],[-75.38716,5.50912],[-75.38716,5.50912],[-75.38711,5.50903],[-75.38708,5.50908],[-75.387,5.50912],[-75.38688,5.50922],[-75.3868,5.50926],[-75.38668,5.50932],[-75.38659,5.50935],[-75.38651,5.50937],[-75.38647,5.50937],[-75.38637,5.50945],[-75.38625,5.50951],[-75.38619,5.50955],[-75.38613,5.50961],[-75.38595,5.50975],[-75.38585,5.50979],[-75.38576,5.50989],[-75.38566,5.50998],[-75.3856,5.51004],[-75.38548,5.51018],[-75.3854,5.51026],[-75.38538,5.51036],[-75.38534,5.51046],[-75.38532,5.5105],[-75.38528,5.51059],[-75.38526,5.51071],[-75.38526,5.51077],[-75.38526,5.51081],[-75.38524,5.51097],[-75.38524,5.51109],[-75.38524,5.5112],[-75.38528,5.51124],[-75.38532,5.51134],[-75.38536,5.51144],[-75.38544,5.51154],[-75.3855,5.51158],[-75.38562,5.5116],[-75.38574,5.51164],[-75.38583,5.51164],[-75.38593,5.51164],[-75.38595,5.51162],[-75.38609,5.51158],[-75.38613,5.51156],[-75.38621,5.51152],[-75.38629,5.51148],[-75.38641,5.51138],[-75.38649,5.51134],[-75.38652,5.51131],[-75.38655,5.51129],[-75.38659,5.51126],[-75.38661,5.51124],[-75.3867,5.51117],[-75.38682,5.51111],[-75.38692,5.51107],[-75.38702,5.51101],[-75.3871,5.51099],[-75.38722,5.51099],[-75.38736,5.51095],[-75.38746,5.51095],[-75.38753,5.51095],[-75.38767,5.51095],[-75.38779,5.51095],[-75.38783,5.51095],[-75.3879,5.511],[-75.38798,5.51105],[-75.38802,5.5111],[-75.38808,5.51114],[-75.3881,5.51117],[-75.38814,5.51128],[-75.38814,5.51137],[-75.38814,5.51146],[-75.38811,5.51151],[-75.38811,5.51151],[-75.38809,5.51158],[-75.38804,5.5116],[-75.38799,5.51165],[-75.38795,5.5117],[-75.38789,5.51176],[-75.38785,5.5118],[-75.38779,5.51184],[-75.38775,5.51188],[-75.38771,5.51189],[-75.38763,5.51195],[-75.38754,5.51201],[-75.38749,5.51204],[-75.38748,5.51205],[-75.38745,5.51207],[-75.38741,5.51211],[-75.38737,5.51212],[-75.38734,5.51214],[-75.38732,5.51216],[-75.38723,5.5122],[-75.3872,5.51222],[-75.38717,5.51224],[-75.38716,5.51225],[-75.38714,5.51227],[-75.3871,5.51229],[-75.38707,5.51231],[-75.38706,5.51232],[-75.38701,5.51239],[-75.38696,5.51244],[-75.38692,5.51249],[-75.38692,5.51255],[-75.38692,5.51262],[-75.38692,5.5127],[-75.38699,5.51274],[-75.38706,5.51278],[-75.38714,5.5128],[-75.3872,5.51283],[-75.38723,5.51283],[-75.3873,5.51283],[-75.38732,5.51284],[-75.38735,5.51284],[-75.38741,5.51286],[-75.38751,5.5129],[-75.38756,5.51291],[-75.38764,5.51296],[-75.38777,5.51299],[-75.38785,5.51299],[-75.38793,5.513],[-75.388,5.51301],[-75.38811,5.51302],[-75.38815,5.51306],[-75.38819,5.51311],[-75.38823,5.51317],[-75.38824,5.51321],[-75.38828,5.51327],[-75.38829,5.51333],[-75.38831,5.51337],[-75.38835,5.51344]]],[[[-75.39626,5.51686],[-75.39631,5.51686],[-75.39636,5.51693],[-75.39641,5.51703],[-75.39643,5.51705],[-75.39644,5.51707],[-75.3965,5.51708],[-75.39659,5.51707],[-75.39665,5.51705],[-75.39672,5.51704],[-75.3968,5.517],[-75.39686,5.51694],[-75.39692,5.51687],[-75.39692,5.51686],[-75.39692,5.51678],[-75.39691,5.51671],[-75.3969,5.51663],[-75.3969,5.51654],[-75.3969,5.51647],[-75.39691,5.51644],[-75.39693,5.51639],[-75.39695,5.51634],[-75.39698,5.51629],[-75.39698,5.51623],[-75.39698,5.51618],[-75.39695,5.51612],[-75.39692,5.5161],[-75.39683,5.5161],[-75.39674,5.5161],[-75.39665,5.5161],[-75.39663,5.5161],[-75.39662,5.5161],[-75.39659,5.5161],[-75.39649,5.51608],[-75.39639,5.51606],[-75.39638,5.51605],[-75.39631,5.51602],[-75.39623,5.51598],[-75.39618,5.51593],[-75.39614,5.51592],[-75.39609,5.51585],[-75.39608,5.5158],[-75.39607,5.51573],[-75.39607,5.51569],[-75.39604,5.51559],[-75.39604,5.51555],[-75.39603,5.51548],[-75.39599,5.51543],[-75.39598,5.51538],[-75.39594,5.5153],[-75.39593,5.51524],[-75.39589,5.51518],[-75.39589,5.51517],[-75.39584,5.51509],[-75.39581,5.51502],[-75.39577,5.51496],[-75.39574,5.51492],[-75.39571,5.51487],[-75.39567,5.51481],[-75.39565,5.51479],[-75.39556,5.51472],[-75.39551,5.51471],[-75.39545,5.51469],[-75.39534,5.51466],[-75.3953,5.51466],[-75.39522,5.51464],[-75.39519,5.51461],[-75.39515,5.51458],[-75.39509,5.5145],[-75.39503,5.51445],[-75.39495,5.51439],[-75.39488,5.5143],[-75.3948,5.51421],[-75.39478,5.51417],[-75.39475,5.51411],[-75.39473,5.51405],[-75.39469,5.51393],[-75.39469,5.51387],[-75.39464,5.51381],[-75.39463,5.51377],[-75.3946,5.51373],[-75.39456,5.51369],[-75.39448,5.51368],[-75.39443,5.51366],[-75.39436,5.51368],[-75.3943,5.51369],[-75.39427,5.51369],[-75.39422,5.5137],[-75.39416,5.5137],[-75.39407,5.5137],[-75.39401,5.51369],[-75.39397,5.51364],[-75.39396,5.51359],[-75.39393,5.51352],[-75.39392,5.51352],[-75.39391,5.51349],[-75.39389,5.51342],[-75.39387,5.51334],[-75.39387,5.51329],[-75.39387,5.51323],[-75.39387,5.51321],[-75.39391,5.51315],[-75.39395,5.5131],[-75.394,5.51303],[-75.39407,5.51299],[-75.39408,5.51297],[-75.39415,5.51289],[-75.39416,5.51283],[-75.39417,5.51275],[-75.39417,5.51269],[-75.39417,5.51262],[-75.39416,5.51255],[-75.39412,5.5125],[-75.39408,5.51246],[-75.39405,5.51239],[-75.39401,5.51234],[-75.39397,5.51228],[-75.39392,5.51221],[-75.39387,5.51217],[-75.39384,5.51213],[-75.39375,5.51202],[-75.39369,5.51196],[-75.39361,5.51191],[-75.39354,5.51185],[-75.39351,5.51185],[-75.39348,5.51183],[-75.39348,5.51194],[-75.39348,5.51226],[-75.39348,5.51255],[-75.39348,5.51255],[-75.39348,5.51255],[-75.39347,5.51256],[-75.39328,5.51292],[-75.39328,5.51292],[-75.39328,5.51292],[-75.39328,5.51292],[-75.39308,5.51309],[-75.39308,5.51309],[-75.39307,5.51309],[-75.39292,5.51318],[-75.39292,5.51318],[-75.39292,5.51318],[-75.39265,5.51325],[-75.39265,5.51325],[-75.39265,5.51325],[-75.39217,5.51324],[-75.39161,5.51334],[-75.39162,5.51343],[-75.39168,5.51368],[-75.39168,5.51369],[-75.39168,5.51369],[-75.39168,5.51369],[-75.39167,5.5137],[-75.3916,5.51387],[-75.3916,5.51387],[-75.3915,5.51406],[-75.39143,5.51422],[-75.39145,5.51448],[-75.39145,5.51448],[-75.39145,5.51448],[-75.39145,5.51448],[-75.39145,5.51449],[-75.39128,5.51482],[-75.39128,5.51482],[-75.39127,5.51482],[-75.39116,5.51496],[-75.39116,5.51496],[-75.39122,5.515],[-75.39131,5.51504],[-75.39138,5.51506],[-75.39146,5.51509],[-75.3915,5.51509],[-75.39155,5.51512],[-75.39162,5.51512],[-75.39169,5.51514],[-75.39179,5.51514],[-75.39186,5.51514],[-75.39193,5.51514],[-75.392,5.51514],[-75.39205,5.51511],[-75.39212,5.51504],[-75.39213,5.51504],[-75.39218,5.515],[-75.39224,5.51492],[-75.39224,5.51491],[-75.39226,5.51486],[-75.39231,5.51479],[-75.39231,5.51472],[-75.39235,5.51467],[-75.3924,5.51464],[-75.39246,5.51458],[-75.39251,5.51455],[-75.39259,5.51451],[-75.39264,5.51451],[-75.39272,5.51451],[-75.39276,5.51451],[-75.39281,5.51449],[-75.39283,5.51447],[-75.39283,5.51447],[-75.39285,5.51446],[-75.39292,5.51448],[-75.39296,5.51448],[-75.39306,5.51454],[-75.39313,5.51459],[-75.39319,5.51464],[-75.39325,5.5147],[-75.3933,5.51475],[-75.39337,5.51481],[-75.39339,5.51487],[-75.3934,5.51493],[-75.39342,5.51498],[-75.39344,5.51503],[-75.39345,5.51511],[-75.3935,5.51518],[-75.3935,5.51523],[-75.39354,5.51525],[-75.3936,5.51528],[-75.39366,5.5153],[-75.39369,5.51532],[-75.39374,5.51533],[-75.39381,5.51534],[-75.39386,5.51537],[-75.39389,5.51538],[-75.39397,5.51541],[-75.39404,5.51545],[-75.39408,5.51546],[-75.39413,5.5155],[-75.39421,5.51555],[-75.39425,5.5156],[-75.39431,5.51567],[-75.39437,5.51573],[-75.39439,5.51577],[-75.39444,5.51586],[-75.39449,5.51592],[-75.39451,5.51598],[-75.39453,5.51603],[-75.39459,5.5161],[-75.3946,5.51614],[-75.39465,5.51622],[-75.39472,5.51628],[-75.39475,5.51629],[-75.39485,5.51629],[-75.3949,5.51629],[-75.39498,5.51629],[-75.395,5.51629],[-75.3951,5.51629],[-75.39516,5.51629],[-75.3952,5.51629],[-75.39529,5.5163],[-75.39534,5.51635],[-75.39537,5.5164],[-75.39541,5.51646],[-75.39543,5.5165],[-75.39548,5.5165],[-75.39558,5.5165],[-75.3957,5.51651],[-75.39573,5.51657],[-75.39577,5.51662],[-75.39582,5.51668],[-75.39582,5.51675],[-75.39586,5.51678],[-75.39591,5.51682],[-75.39593,5.51683],[-75.39594,5.51683],[-75.39602,5.51687],[-75.39605,5.51687],[-75.3961,5.51687],[-75.39615,5.51687],[-75.3962,5.51686],[-75.39626,5.51686]]]]},"properties":{"OBJECTID":4,"CODDEP":"17","AREA":54.8546484796,"Tipo":"Vegetacion secundaria o en transicion","Zona":"Zona de restauración","Subzona":"Zona de restauración","Shape_Length":8453.470736929894,"Shape_Area":548335.8852346318}},{"type":"Feature","id":5,"geometry":{"type":"Polygon","coordinates":[[[-75.3951,5.50461],[-75.39497,5.50464],[-75.39491,5.50464],[-75.39484,5.50463],[-75.39472,5.50463],[-75.39466,5.50463],[-75.39458,5.50464],[-75.39445,5.50467],[-75.39437,5.50471],[-75.39435,5.5048],[-75.39435,5.50487],[-75.39435,5.50493],[-75.39436,5.50503],[-75.39439,5.50511],[-75.39444,5.50521],[-75.39446,5.50534],[-75.39448,5.50543],[-75.39449,5.50548],[-75.3945,5.50557],[-75.39455,5.50567],[-75.39454,5.5058],[-75.39454,5.50592],[-75.39454,5.506],[-75.39453,5.50614],[-75.3946,5.50624],[-75.39471,5.50625],[-75.39479,5.50624],[-75.39485,5.50619],[-75.39489,5.50606],[-75.3949,5.50598],[-75.39492,5.50591],[-75.395,5.50583],[-75.39506,5.50577],[-75.39514,5.50569],[-75.3952,5.50559],[-75.3953,5.50551],[-75.39547,5.50542],[-75.39559,5.50544],[-75.39567,5.50553],[-75.39567,5.50559],[-75.39566,5.50562],[-75.39565,5.50566],[-75.39559,5.50578],[-75.39555,5.50588],[-75.39555,5.50603],[-75.39557,5.50611],[-75.39557,5.50617],[-75.39551,5.50629],[-75.39547,5.5064],[-75.3954,5.5065],[-75.39535,5.50663],[-75.39532,5.50672],[-75.39523,5.5068],[-75.39516,5.50681],[-75.39512,5.50686],[-75.39508,5.50695],[-75.39505,5.50705],[-75.39503,5.50713],[-75.39503,5.5072],[-75.39499,5.50731],[-75.39494,5.50736],[-75.39489,5.50745],[-75.39488,5.50749],[-75.39481,5.5076],[-75.39472,5.50775],[-75.39457,5.50796],[-75.39447,5.50806],[-75.39442,5.50815],[-75.39438,5.50827],[-75.39436,5.50836],[-75.39429,5.5085],[-75.39426,5.50859],[-75.39424,5.50865],[-75.39419,5.50873],[-75.39417,5.5088],[-75.39421,5.50885],[-75.39428,5.50887],[-75.39434,5.50887],[-75.3944,5.50886],[-75.39448,5.50881],[-75.39454,5.50874],[-75.39457,5.50865],[-75.39462,5.50855],[-75.39468,5.50849],[-75.39476,5.5085],[-75.39482,5.50851],[-75.39488,5.50857],[-75.39499,5.50861],[-75.39508,5.5086],[-75.39515,5.50859],[-75.39522,5.50855],[-75.39527,5.50848],[-75.39536,5.50839],[-75.39548,5.50826],[-75.39555,5.50816],[-75.3957,5.50801],[-75.39578,5.50797],[-75.39587,5.50787],[-75.39602,5.5078],[-75.39613,5.50782],[-75.39636,5.50781],[-75.39643,5.50778],[-75.39647,5.50768],[-75.39651,5.50759],[-75.39653,5.50754],[-75.39657,5.50744],[-75.39662,5.50739],[-75.39667,5.50736],[-75.39677,5.50729],[-75.39683,5.50717],[-75.39689,5.50701],[-75.39687,5.50693],[-75.39685,5.5068],[-75.39685,5.50671],[-75.39685,5.5066],[-75.39688,5.50642],[-75.39692,5.50633],[-75.39698,5.5062],[-75.39699,5.50611],[-75.39698,5.50601],[-75.39693,5.50595],[-75.39685,5.50586],[-75.39675,5.50575],[-75.39673,5.50571],[-75.39669,5.50562],[-75.39667,5.50547],[-75.39663,5.50537],[-75.3966,5.50529],[-75.3966,5.50518],[-75.39657,5.50507],[-75.39662,5.50496],[-75.39668,5.50486],[-75.39679,5.50475],[-75.39689,5.50464],[-75.397,5.50456],[-75.39705,5.50448],[-75.39709,5.50438],[-75.39709,5.50429],[-75.39706,5.50419],[-75.397,5.50413],[-75.39696,5.50411],[-75.39691,5.50411],[-75.39687,5.50415],[-75.39683,5.5042],[-75.39678,5.50429],[-75.39675,5.50436],[-75.39669,5.50448],[-75.39665,5.5045],[-75.3966,5.50453],[-75.39656,5.50456],[-75.39653,5.50456],[-75.3965,5.50455],[-75.39649,5.50448],[-75.39647,5.50442],[-75.39644,5.50435],[-75.39641,5.50431],[-75.39637,5.50422],[-75.39635,5.5041],[-75.39642,5.504],[-75.39649,5.5039],[-75.39656,5.50385],[-75.3966,5.50378],[-75.39668,5.50363],[-75.39665,5.50354],[-75.39661,5.5035],[-75.39662,5.50349],[-75.39659,5.50352],[-75.39655,5.50354],[-75.39652,5.50354],[-75.3965,5.50352],[-75.39648,5.50342],[-75.3965,5.50335],[-75.39654,5.50325],[-75.39658,5.50318],[-75.39658,5.50309],[-75.39655,5.50299],[-75.39654,5.50288],[-75.39653,5.50276],[-75.39643,5.50269],[-75.39635,5.50268],[-75.39625,5.5027],[-75.39617,5.50278],[-75.3961,5.50288],[-75.39608,5.50295],[-75.39605,5.50306],[-75.39604,5.50313],[-75.39595,5.50321],[-75.39589,5.50328],[-75.39583,5.50333],[-75.39577,5.50337],[-75.3957,5.50339],[-75.39559,5.50342],[-75.39553,5.50345],[-75.39551,5.50356],[-75.39552,5.50363],[-75.39553,5.50371],[-75.39556,5.5038],[-75.39558,5.50384],[-75.39561,5.50391],[-75.3956,5.50395],[-75.39557,5.504],[-75.39549,5.50404],[-75.39548,5.50406],[-75.39544,5.50414],[-75.39542,5.50421],[-75.39538,5.50427],[-75.39528,5.50431],[-75.39523,5.50435],[-75.39519,5.5044],[-75.39519,5.50447],[-75.39518,5.50453],[-75.39515,5.50459],[-75.3951,5.50461]]]},"properties":{"OBJECTID":5,"CODDEP":"17","AREA":10.5303080511,"Tipo":"Vegetacion secundaria o en transicion","Zona":"Zona de restauración","Subzona":"Zona de restauración","Shape_Length":2251.368300995951,"Shape_Area":105263.05483679353}},{"type":"Feature","id":6,"geometry":{"type":"MultiPolygon","coordinates":[[[[-75.39258,5.49984],[-75.39247,5.49984],[-75.39233,5.49984],[-75.39215,5.49984],[-75.39189,5.49997],[-75.39176,5.50007],[-75.39158,5.50018],[-75.39147,5.50029],[-75.3914,5.50035],[-75.39134,5.50043],[-75.39128,5.50052],[-75.39121,5.50058],[-75.39116,5.5006],[-75.39125,5.50075],[-75.39145,5.50101],[-75.39146,5.50102],[-75.39146,5.50102],[-75.39146,5.50102],[-75.39155,5.50156],[-75.39162,5.50187],[-75.39162,5.50187],[-75.39162,5.50187],[-75.3916,5.50212],[-75.3916,5.50213],[-75.3916,5.50213],[-75.3916,5.50213],[-75.39144,5.50247],[-75.39131,5.50279],[-75.39126,5.50324],[-75.39125,5.50383],[-75.39132,5.5045],[-75.3914,5.50496],[-75.3914,5.50496],[-75.3914,5.50496],[-75.39138,5.50531],[-75.39137,5.50563],[-75.39139,5.50587],[-75.39156,5.50611],[-75.39156,5.50611],[-75.39177,5.50643],[-75.39214,5.50694],[-75.39214,5.50695],[-75.39223,5.50712],[-75.39223,5.5071],[-75.39227,5.50699],[-75.39239,5.50691],[-75.39246,5.50686],[-75.39254,5.50671],[-75.39259,5.50658],[-75.39257,5.50644],[-75.3926,5.50629],[-75.39262,5.50622],[-75.39268,5.50613],[-75.39274,5.50603],[-75.3928,5.50591],[-75.39282,5.5058],[-75.39286,5.50568],[-75.39294,5.5055],[-75.39305,5.50539],[-75.3931,5.5053],[-75.39317,5.50521],[-75.39331,5.50516],[-75.39341,5.50513],[-75.39347,5.50505],[-75.39352,5.5049],[-75.39352,5.50479],[-75.39351,5.50467],[-75.39348,5.50453],[-75.39346,5.50441],[-75.39344,5.5043],[-75.39343,5.50417],[-75.39347,5.50403],[-75.39354,5.50395],[-75.39357,5.50385],[-75.39368,5.50374],[-75.3937,5.50372],[-75.39376,5.50365],[-75.39384,5.50346],[-75.39391,5.50339],[-75.39399,5.50332],[-75.39409,5.50332],[-75.3942,5.50328],[-75.39431,5.50325],[-75.39438,5.50318],[-75.39441,5.50307],[-75.39441,5.50296],[-75.39441,5.50285],[-75.39441,5.50275],[-75.39441,5.50264],[-75.39445,5.50253],[-75.39447,5.50247],[-75.39449,5.50242],[-75.39448,5.50231],[-75.39448,5.50221],[-75.39448,5.50206],[-75.39448,5.50196],[-75.39448,5.50185],[-75.39445,5.50174],[-75.39441,5.50163],[-75.39436,5.50156],[-75.39434,5.50153],[-75.39434,5.50147],[-75.39434,5.50142],[-75.3943,5.50127],[-75.39423,5.50117],[-75.3942,5.50106],[-75.39412,5.50099],[-75.39409,5.50088],[-75.39402,5.50081],[-75.394,5.50079],[-75.39391,5.5007],[-75.39384,5.50063],[-75.39376,5.50056],[-75.39362,5.50045],[-75.39355,5.50038],[-75.39351,5.50027],[-75.39344,5.5002],[-75.39337,5.50013],[-75.3933,5.50006],[-75.39319,5.50002],[-75.39308,5.49995],[-75.39294,5.49991],[-75.39283,5.49988],[-75.39269,5.49984],[-75.39258,5.49984]]],[[[-75.39238,5.50738],[-75.3926,5.50771],[-75.3926,5.50771],[-75.39261,5.50771],[-75.39273,5.50805],[-75.39286,5.50833],[-75.39313,5.50871],[-75.39313,5.50871],[-75.39313,5.50872],[-75.39321,5.5089],[-75.39322,5.50889],[-75.39329,5.5088],[-75.39335,5.50868],[-75.39338,5.50857],[-75.39338,5.50849],[-75.39339,5.50839],[-75.3934,5.50827],[-75.3934,5.50817],[-75.39336,5.50806],[-75.39335,5.508],[-75.39338,5.50795],[-75.39343,5.50788],[-75.39345,5.5078],[-75.39344,5.50771],[-75.39342,5.50764],[-75.39344,5.50756],[-75.39352,5.50746],[-75.39356,5.50732],[-75.3936,5.50717],[-75.39362,5.50706],[-75.39361,5.50694],[-75.39357,5.50687],[-75.39346,5.50669],[-75.39339,5.50658],[-75.39336,5.50649],[-75.39336,5.50636],[-75.39342,5.50626],[-75.39349,5.50621],[-75.39355,5.50614],[-75.39368,5.506],[-75.39382,5.50589],[-75.39391,5.50579],[-75.39396,5.50574],[-75.39408,5.50568],[-75.39427,5.50555],[-75.39421,5.50542],[-75.3942,5.50538],[-75.39412,5.50526],[-75.39411,5.50518],[-75.39411,5.5051],[-75.39409,5.50503],[-75.39406,5.50498],[-75.39405,5.50494],[-75.39401,5.50489],[-75.39398,5.50484],[-75.39394,5.50476],[-75.39387,5.50473],[-75.39379,5.50477],[-75.39373,5.50487],[-75.39369,5.50499],[-75.39363,5.50513],[-75.39361,5.50521],[-75.39355,5.50527],[-75.39348,5.50532],[-75.39342,5.50539],[-75.39335,5.50545],[-75.39329,5.50547],[-75.39325,5.50548],[-75.39321,5.50555],[-75.3932,5.50558],[-75.39315,5.50563],[-75.39308,5.50568],[-75.39299,5.50578],[-75.39298,5.50591],[-75.39299,5.50601],[-75.39299,5.50611],[-75.39298,5.50624],[-75.39292,5.50633],[-75.39285,5.50642],[-75.39284,5.50648],[-75.39285,5.50653],[-75.39279,5.50666],[-75.39275,5.50676],[-75.39275,5.50682],[-75.39271,5.50689],[-75.39267,5.50695],[-75.3926,5.50708],[-75.39255,5.50716],[-75.39246,5.50728],[-75.39237,5.50734],[-75.39235,5.50733],[-75.39238,5.50738]]],[[[-75.39073,5.50782],[-75.39072,5.50794],[-75.39072,5.50826],[-75.3907,5.50844],[-75.39073,5.50857],[-75.3908,5.50881],[-75.39083,5.50897],[-75.39087,5.50906],[-75.39097,5.50912],[-75.39125,5.50931],[-75.39137,5.50946],[-75.39144,5.5095],[-75.39157,5.50962],[-75.39169,5.50972],[-75.39181,5.5098],[-75.39188,5.50989],[-75.39195,5.50998],[-75.39203,5.51008],[-75.39206,5.51011],[-75.39215,5.51015],[-75.39225,5.5102],[-75.39238,5.51021],[-75.39253,5.51019],[-75.39268,5.51008],[-75.39277,5.50998],[-75.39282,5.50987],[-75.39284,5.50973],[-75.39278,5.50964],[-75.3927,5.50957],[-75.39261,5.50952],[-75.3925,5.50941],[-75.39241,5.50932],[-75.39236,5.50921],[-75.39227,5.50909],[-75.39223,5.50895],[-75.39223,5.50884],[-75.39216,5.50873],[-75.39212,5.50869],[-75.39208,5.50865],[-75.39206,5.50855],[-75.39205,5.50843],[-75.39206,5.50835],[-75.39207,5.50825],[-75.39208,5.50817],[-75.39208,5.5081],[-75.39203,5.50801],[-75.39203,5.50797],[-75.39205,5.5079],[-75.39213,5.50783],[-75.3922,5.50776],[-75.39226,5.50773],[-75.39232,5.50771],[-75.39248,5.50772],[-75.39252,5.50779],[-75.39249,5.50788],[-75.39245,5.50789],[-75.39242,5.50789],[-75.39236,5.50792],[-75.39235,5.50796],[-75.39235,5.50804],[-75.39233,5.50814],[-75.39229,5.50818],[-75.39221,5.50821],[-75.39218,5.50828],[-75.39218,5.5084],[-75.39219,5.50849],[-75.39225,5.50857],[-75.39235,5.50869],[-75.39244,5.50878],[-75.39246,5.5089],[-75.39245,5.50898],[-75.39247,5.50907],[-75.39252,5.50912],[-75.39258,5.50919],[-75.39261,5.50927],[-75.39267,5.50931],[-75.39273,5.50938],[-75.39278,5.50942],[-75.39283,5.50946],[-75.39287,5.50946],[-75.39292,5.50945],[-75.393,5.50937],[-75.39302,5.5093],[-75.39302,5.50918],[-75.39302,5.50909],[-75.39305,5.50903],[-75.39309,5.50898],[-75.39315,5.50893],[-75.39318,5.50892],[-75.3931,5.50873],[-75.39283,5.50835],[-75.39283,5.50835],[-75.39282,5.50835],[-75.39269,5.50806],[-75.39269,5.50806],[-75.39257,5.50773],[-75.39235,5.50739],[-75.39235,5.50739],[-75.39231,5.50732],[-75.39229,5.50732],[-75.39224,5.50723],[-75.39224,5.5072],[-75.39211,5.50696],[-75.39174,5.50645],[-75.39174,5.50645],[-75.39153,5.50613],[-75.39135,5.50589],[-75.39135,5.50589],[-75.39135,5.50589],[-75.39135,5.50588],[-75.39135,5.50588],[-75.39134,5.50563],[-75.39134,5.50563],[-75.39134,5.50563],[-75.39135,5.50531],[-75.39136,5.50496],[-75.39129,5.50451],[-75.39129,5.50451],[-75.39121,5.50384],[-75.39121,5.50383],[-75.39122,5.50324],[-75.39122,5.50324],[-75.39127,5.50278],[-75.39127,5.50278],[-75.39127,5.50278],[-75.3914,5.50245],[-75.3914,5.50245],[-75.39157,5.50212],[-75.39158,5.50187],[-75.39152,5.50157],[-75.39142,5.50103],[-75.39122,5.50077],[-75.39122,5.50077],[-75.39112,5.50059],[-75.39108,5.50058],[-75.39094,5.50057],[-75.39079,5.50055],[-75.3907,5.50058],[-75.39065,5.50068],[-75.39057,5.50076],[-75.39051,5.50084],[-75.39049,5.50096],[-75.39051,5.5011],[-75.39054,5.50122],[-75.39054,5.50137],[-75.39049,5.50153],[-75.39048,5.50162],[-75.39046,5.50172],[-75.39044,5.50196],[-75.39043,5.50207],[-75.39042,5.50222],[-75.39042,5.50233],[-75.39044,5.50271],[-75.39041,5.50283],[-75.39046,5.50295],[-75.39053,5.50305],[-75.39064,5.50311],[-75.39078,5.50309],[-75.3909,5.50301],[-75.39095,5.50292],[-75.39096,5.50277],[-75.39097,5.50267],[-75.39099,5.50258],[-75.39102,5.50256],[-75.39114,5.50262],[-75.39118,5.50281],[-75.3912,5.50302],[-75.39121,5.50322],[-75.39117,5.50339],[-75.39117,5.50358],[-75.39109,5.50391],[-75.39108,5.50403],[-75.3909,5.50426],[-75.39086,5.50441],[-75.39073,5.50465],[-75.39067,5.50477],[-75.39066,5.50497],[-75.39065,5.50513],[-75.39067,5.50531],[-75.39059,5.50568],[-75.39053,5.50584],[-75.39048,5.50597],[-75.39042,5.50607],[-75.39039,5.50623],[-75.39038,5.50637],[-75.39038,5.50654],[-75.39041,5.50673],[-75.39044,5.50683],[-75.39043,5.50707],[-75.39044,5.50728],[-75.3905,5.50743],[-75.39056,5.50754],[-75.39068,5.50768],[-75.39073,5.50782]]]]},"properties":{"OBJECTID":6,"CODDEP":"17","AREA":34.7183795541,"Tipo":"Vegetacion secundaria o en transicion","Zona":"Zona de restauración","Subzona":"Zona de restauración","Shape_Length":6185.098189658535,"Shape_Area":347051.05178058706}},{"type":"Feature","id":7,"geometry":{"type":"Polygon","coordinates":[[[-75.37899,5.50817],[-75.37928,5.5084],[-75.37941,5.50851],[-75.37957,5.50847],[-75.37956,5.50846],[-75.37949,5.50839],[-75.37938,5.50839],[-75.37931,5.50832],[-75.37924,5.50825],[-75.37913,5.50821],[-75.37903,5.50818],[-75.37899,5.50817]]]},"properties":{"OBJECTID":7,"CODDEP":"17","AREA":0.0579891174195,"Tipo":"Pastos enmalezados","Zona":"Zona de restauración","Subzona":"Zona de restauración","Shape_Length":154.7527057597539,"Shape_Area":579.6653653976251}},{"type":"Feature","id":8,"geometry":{"type":"Polygon","coordinates":[[[-75.3848,5.51402],[-75.38483,5.51408],[-75.38489,5.51418],[-75.385,5.51434],[-75.385,5.51434],[-75.38497,5.51421],[-75.38492,5.51409],[-75.3848,5.51402]]]},"properties":{"OBJECTID":8,"CODDEP":"17","AREA":0.0187980235139,"Tipo":"Pastos enmalezados","Zona":"Zona de restauración","Subzona":"Zona de restauración","Shape_Length":86.87238293431496,"Shape_Area":187.90731137207783}},{"type":"Feature","id":9,"geometry":{"type":"Polygon","coordinates":[[[-75.41484,5.52574],[-75.41477,5.52597],[-75.41473,5.52629],[-75.41469,5.5266],[-75.41461,5.5269],[-75.41461,5.527],[-75.41461,5.52711],[-75.41464,5.52722],[-75.41473,5.52731],[-75.41483,5.52739],[-75.41491,5.52742],[-75.415,5.52746],[-75.41513,5.5275],[-75.41518,5.5275],[-75.41524,5.52754],[-75.41526,5.52759],[-75.41527,5.52766],[-75.41528,5.52775],[-75.41527,5.5279],[-75.41524,5.52804],[-75.41522,5.52811],[-75.41523,5.5282],[-75.41529,5.52813],[-75.41542,5.52729],[-75.41505,5.52673],[-75.41479,5.52648],[-75.4148,5.52643],[-75.41487,5.5258],[-75.41484,5.52574]]]},"properties":{"OBJECTID":9,"CODDEP":"17","AREA":0.767650090404,"Tipo":"Vegetacion secundaria o en transicion","Zona":"Zona de restauración","Subzona":"Zona de restauración","Shape_Length":620.9291839066924,"Shape_Area":7673.68111308116}},{"type":"Feature","id":10,"geometry":{"type":"Polygon","coordinates":[[[-75.40326,5.52295],[-75.40339,5.523],[-75.40366,5.52313],[-75.40385,5.5232],[-75.40407,5.52328],[-75.40442,5.52348],[-75.4047,5.52366],[-75.40488,5.52391],[-75.40513,5.52424],[-75.40533,5.52452],[-75.40553,5.52487],[-75.40579,5.52502],[-75.40597,5.52508],[-75.40627,5.52517],[-75.40662,5.52522],[-75.40705,5.52535],[-75.40725,5.5254],[-75.40753,5.52547],[-75.40773,5.52562],[-75.40801,5.52582],[-75.40801,5.5258],[-75.40805,5.52569],[-75.40805,5.52558],[-75.40805,5.52548],[-75.40805,5.52537],[-75.40805,5.52526],[-75.40798,5.52519],[-75.4079,5.52512],[-75.40783,5.52501],[-75.40776,5.52494],[-75.40776,5.52483],[-75.4078,5.52472],[-75.40787,5.52465],[-75.4079,5.52454],[-75.40801,5.52451],[-75.40805,5.5244],[-75.40812,5.52433],[-75.40819,5.52422],[-75.40819,5.52411],[-75.40819,5.52401],[-75.40819,5.5239],[-75.40819,5.52379],[-75.40819,5.52368],[-75.40822,5.52357],[-75.40829,5.52347],[-75.40837,5.52339],[-75.4084,5.52325],[-75.40847,5.52314],[-75.40854,5.52304],[-75.40858,5.52293],[-75.40865,5.52286],[-75.40872,5.52271],[-75.40879,5.52264],[-75.40887,5.52257],[-75.4089,5.52246],[-75.40897,5.52235],[-75.40897,5.52225],[-75.40897,5.52217],[-75.40886,5.52217],[-75.40876,5.52217],[-75.40865,5.52217],[-75.40854,5.52217],[-75.4084,5.52217],[-75.40822,5.52218],[-75.40808,5.52218],[-75.40797,5.52218],[-75.40786,5.52221],[-75.40776,5.52225],[-75.40765,5.52228],[-75.40754,5.52236],[-75.40743,5.52239],[-75.40736,5.52246],[-75.40725,5.52246],[-75.40715,5.5225],[-75.407,5.5225],[-75.4069,5.5225],[-75.40679,5.5225],[-75.40668,5.52247],[-75.40657,5.52243],[-75.4065,5.52236],[-75.40647,5.52225],[-75.40647,5.52214],[-75.40647,5.52204],[-75.4065,5.52193],[-75.40657,5.52182],[-75.40668,5.52175],[-75.40672,5.52164],[-75.40682,5.5216],[-75.40693,5.52157],[-75.40704,5.52157],[-75.40718,5.5215],[-75.40732,5.52146],[-75.40743,5.52142],[-75.40754,5.52139],[-75.40765,5.52139],[-75.40775,5.52139],[-75.40786,5.52135],[-75.40797,5.52131],[-75.40808,5.52128],[-75.40815,5.52121],[-75.40822,5.52113],[-75.40833,5.5211],[-75.40843,5.5211],[-75.4085,5.52103],[-75.40861,5.52099],[-75.40868,5.52092],[-75.40879,5.52088],[-75.4089,5.52081],[-75.40897,5.5207],[-75.409,5.52059],[-75.409,5.52049],[-75.40908,5.52038],[-75.40915,5.52031],[-75.40918,5.5202],[-75.40918,5.52009],[-75.40915,5.51998],[-75.40904,5.51998],[-75.40893,5.51995],[-75.40882,5.51995],[-75.40868,5.51995],[-75.40857,5.51995],[-75.40847,5.51995],[-75.40836,5.51995],[-75.40825,5.51995],[-75.40814,5.51991],[-75.408,5.51992],[-75.40789,5.51992],[-75.40779,5.51988],[-75.40768,5.51984],[-75.40757,5.51981],[-75.40746,5.51981],[-75.40736,5.51981],[-75.40725,5.51981],[-75.40711,5.51981],[-75.407,5.51981],[-75.40689,5.51981],[-75.40678,5.51981],[-75.40664,5.51981],[-75.4065,5.51985],[-75.40639,5.51988],[-75.40628,5.51988],[-75.40617,5.51988],[-75.40607,5.51992],[-75.40596,5.51992],[-75.40585,5.51996],[-75.40571,5.51996],[-75.4056,5.51999],[-75.40549,5.52006],[-75.40539,5.52006],[-75.40532,5.52014],[-75.40517,5.52017],[-75.40506,5.52017],[-75.40496,5.52021],[-75.40485,5.52025],[-75.40474,5.52028],[-75.40464,5.52032],[-75.4046,5.52043],[-75.40456,5.52053],[-75.40449,5.5206],[-75.40449,5.52071],[-75.40442,5.52082],[-75.40442,5.52093],[-75.40442,5.52104],[-75.40446,5.52114],[-75.40457,5.52114],[-75.40467,5.52111],[-75.40478,5.52107],[-75.40489,5.52103],[-75.40496,5.52093],[-75.40507,5.52089],[-75.40517,5.52089],[-75.40517,5.521],[-75.40517,5.52111],[-75.4051,5.52118],[-75.40503,5.52125],[-75.40496,5.52136],[-75.40492,5.52147],[-75.40485,5.52154],[-75.40475,5.52154],[-75.40464,5.52154],[-75.40453,5.52154],[-75.40442,5.52154],[-75.40432,5.52154],[-75.40421,5.52154],[-75.4041,5.52154],[-75.40396,5.52154],[-75.40391,5.52152],[-75.40389,5.52155],[-75.40379,5.52174],[-75.40364,5.52194],[-75.40341,5.52232],[-75.40323,5.52267],[-75.4032,5.52272],[-75.40326,5.52272],[-75.40334,5.5227],[-75.4034,5.52271],[-75.40349,5.52276],[-75.40356,5.52281],[-75.40364,5.52285],[-75.40371,5.52289],[-75.40373,5.52291],[-75.40375,5.52295],[-75.40375,5.52299],[-75.40372,5.52303],[-75.40366,5.52299],[-75.40353,5.52292],[-75.40345,5.5229],[-75.40331,5.52293],[-75.40326,5.52295]]]},"properties":{"OBJECTID":10,"CODDEP":"17","AREA":24.0427190024,"Tipo":"Pastos enmalezados","Zona":"Zona de restauración","Subzona":"Zona de restauración","Shape_Length":3029.100545297037,"Shape_Area":240337.46277804248}},{"type":"Feature","id":11,"geometry":{"type":"MultiPolygon","coordinates":[[[[-75.39224,5.50723],[-75.39229,5.50732],[-75.39231,5.50732],[-75.39224,5.5072],[-75.39224,5.50723]]],[[[-75.39315,5.50893],[-75.39317,5.50897],[-75.39316,5.50903],[-75.39314,5.50908],[-75.39312,5.50915],[-75.3931,5.50933],[-75.3931,5.50937],[-75.39308,5.50946],[-75.39307,5.5095],[-75.39305,5.50955],[-75.39301,5.50959],[-75.39295,5.50965],[-75.39292,5.5097],[-75.39292,5.50975],[-75.39294,5.50984],[-75.39295,5.50988],[-75.39299,5.50997],[-75.39298,5.51004],[-75.39294,5.51009],[-75.39288,5.51013],[-75.39282,5.51017],[-75.39276,5.51022],[-75.39276,5.51026],[-75.39278,5.51032],[-75.39278,5.51041],[-75.39278,5.51043],[-75.39278,5.51054],[-75.39282,5.51064],[-75.39289,5.51075],[-75.39296,5.51086],[-75.39304,5.51097],[-75.39307,5.51107],[-75.39314,5.51114],[-75.39318,5.51125],[-75.39329,5.51129],[-75.39339,5.51132],[-75.3935,5.51136],[-75.39351,5.51136],[-75.39351,5.51135],[-75.39351,5.51135],[-75.39351,5.51134],[-75.39351,5.51134],[-75.39362,5.51119],[-75.39362,5.51118],[-75.39362,5.51118],[-75.39363,5.51118],[-75.39363,5.51118],[-75.39363,5.51118],[-75.39363,5.51118],[-75.3938,5.51117],[-75.39397,5.51113],[-75.39402,5.51107],[-75.39402,5.51094],[-75.39392,5.51075],[-75.3935,5.51045],[-75.3935,5.51045],[-75.3935,5.51044],[-75.39325,5.51013],[-75.39325,5.51013],[-75.39325,5.51013],[-75.39325,5.51013],[-75.39324,5.51012],[-75.3932,5.50979],[-75.3932,5.50979],[-75.3932,5.50979],[-75.39322,5.50936],[-75.39322,5.50902],[-75.39318,5.50892],[-75.39315,5.50893]]],[[[-75.39537,5.51279],[-75.39547,5.51283],[-75.39555,5.5129],[-75.39569,5.51297],[-75.39565,5.51308],[-75.39555,5.51315],[-75.39548,5.51322],[-75.39548,5.51333],[-75.39548,5.51344],[-75.39548,5.51354],[-75.39551,5.51365],[-75.39555,5.51376],[-75.39558,5.51387],[-75.39569,5.5139],[-75.39576,5.51397],[-75.39587,5.51404],[-75.39598,5.51408],[-75.39605,5.51415],[-75.39616,5.51426],[-75.39623,5.51433],[-75.3963,5.5144],[-75.39641,5.51444],[-75.39641,5.51455],[-75.39641,5.51465],[-75.39641,5.51476],[-75.39645,5.51487],[-75.39648,5.51498],[-75.39648,5.51508],[-75.39648,5.51519],[-75.39645,5.5153],[-75.39641,5.51541],[-75.39641,5.51551],[-75.39641,5.51562],[-75.39645,5.51573],[-75.39648,5.51587],[-75.3965,5.51593],[-75.39652,5.51598],[-75.39659,5.51605],[-75.39663,5.5161],[-75.39665,5.5161],[-75.39674,5.5161],[-75.39683,5.5161],[-75.39692,5.5161],[-75.39695,5.51612],[-75.39698,5.51618],[-75.39698,5.51623],[-75.39698,5.51629],[-75.39695,5.51634],[-75.39693,5.51639],[-75.39691,5.51644],[-75.39695,5.51648],[-75.39699,5.51659],[-75.39699,5.5167],[-75.39706,5.51677],[-75.39713,5.51684],[-75.3972,5.51691],[-75.3972,5.51702],[-75.3972,5.51713],[-75.3972,5.51724],[-75.3972,5.51734],[-75.3972,5.51745],[-75.39717,5.51756],[-75.39713,5.51767],[-75.3971,5.51777],[-75.39706,5.51788],[-75.39699,5.51795],[-75.39688,5.51803],[-75.3968,5.51805],[-75.39686,5.51827],[-75.39699,5.51871],[-75.39707,5.51896],[-75.39717,5.51892],[-75.39729,5.51889],[-75.39733,5.5188],[-75.39733,5.51869],[-75.39734,5.51867],[-75.39736,5.51858],[-75.39741,5.5185],[-75.39747,5.51842],[-75.39752,5.51834],[-75.39757,5.51826],[-75.39757,5.51826],[-75.39763,5.51818],[-75.39771,5.5181],[-75.39776,5.51802],[-75.39781,5.51794],[-75.39787,5.51785],[-75.39789,5.51775],[-75.39792,5.51764],[-75.39797,5.51753],[-75.39797,5.51742],[-75.398,5.51732],[-75.39805,5.51724],[-75.39805,5.51713],[-75.39808,5.51702],[-75.39813,5.51694],[-75.39819,5.51683],[-75.39827,5.51678],[-75.39832,5.5167],[-75.39838,5.51663],[-75.39838,5.51662],[-75.39838,5.51651],[-75.39838,5.51641],[-75.39838,5.5163],[-75.39838,5.51619],[-75.39838,5.51605],[-75.39838,5.51594],[-75.39838,5.51583],[-75.39838,5.51573],[-75.39838,5.51562],[-75.39838,5.51551],[-75.39838,5.5154],[-75.39838,5.51529],[-75.39838,5.51519],[-75.39838,5.51508],[-75.39838,5.51497],[-75.39838,5.51486],[-75.39834,5.51476],[-75.39834,5.51465],[-75.39831,5.51454],[-75.39831,5.5144],[-75.39827,5.51429],[-75.39824,5.51418],[-75.39816,5.51408],[-75.39816,5.51393],[-75.39816,5.51382],[-75.39816,5.51372],[-75.39816,5.51361],[-75.3982,5.5135],[-75.39823,5.51339],[-75.3983,5.51325],[-75.39834,5.51311],[-75.39834,5.513],[-75.39834,5.51289],[-75.39834,5.51278],[-75.3983,5.51268],[-75.39827,5.51253],[-75.39827,5.51242],[-75.39827,5.51232],[-75.3982,5.51221],[-75.39819,5.5121],[-75.39819,5.51199],[-75.39816,5.51189],[-75.39816,5.51178],[-75.39812,5.51164],[-75.39805,5.51156],[-75.39801,5.51146],[-75.39801,5.51135],[-75.39794,5.51128],[-75.39791,5.51117],[-75.39783,5.5111],[-75.39783,5.51099],[-75.3978,5.51088],[-75.3978,5.51078],[-75.3978,5.51078],[-75.39776,5.51067],[-75.39773,5.51056],[-75.39773,5.51038],[-75.39773,5.51027],[-75.39769,5.51017],[-75.39769,5.51006],[-75.39769,5.50995],[-75.39765,5.50984],[-75.39765,5.50973],[-75.39765,5.50959],[-75.39765,5.50948],[-75.39765,5.50938],[-75.39765,5.50927],[-75.39765,5.50916],[-75.39772,5.50909],[-75.39772,5.50898],[-75.39776,5.50884],[-75.39776,5.50873],[-75.39779,5.50862],[-75.39783,5.50844],[-75.39783,5.50834],[-75.39783,5.50819],[-75.39783,5.50808],[-75.39783,5.50798],[-75.39783,5.50787],[-75.39783,5.50776],[-75.39779,5.50762],[-75.39775,5.50751],[-75.39768,5.50744],[-75.39765,5.50733],[-75.39761,5.50722],[-75.39757,5.50712],[-75.39754,5.50701],[-75.39754,5.5069],[-75.39747,5.50683],[-75.39747,5.50669],[-75.39747,5.50658],[-75.39747,5.50647],[-75.39743,5.50636],[-75.39736,5.50629],[-75.39725,5.50629],[-75.39711,5.50629],[-75.397,5.50633],[-75.39692,5.50633],[-75.39688,5.50642],[-75.39685,5.5066],[-75.39685,5.50671],[-75.39685,5.5068],[-75.39687,5.50693],[-75.39689,5.50701],[-75.39683,5.50717],[-75.39677,5.50729],[-75.39667,5.50736],[-75.39662,5.50739],[-75.39657,5.50744],[-75.39653,5.50754],[-75.39651,5.50759],[-75.39647,5.50768],[-75.39643,5.50778],[-75.39636,5.50781],[-75.39613,5.50782],[-75.39602,5.5078],[-75.39587,5.50787],[-75.39578,5.50797],[-75.3957,5.50801],[-75.39555,5.50816],[-75.39548,5.50826],[-75.39536,5.50839],[-75.39527,5.50848],[-75.39522,5.50855],[-75.39515,5.50859],[-75.39508,5.5086],[-75.39499,5.50861],[-75.39488,5.50857],[-75.39482,5.50851],[-75.39476,5.5085],[-75.39468,5.50849],[-75.39462,5.50855],[-75.39457,5.50865],[-75.39454,5.50874],[-75.39448,5.50881],[-75.3944,5.50886],[-75.39434,5.50887],[-75.39428,5.50887],[-75.39421,5.50885],[-75.39417,5.5088],[-75.39419,5.50873],[-75.39424,5.50865],[-75.39426,5.50859],[-75.39429,5.5085],[-75.39436,5.50836],[-75.39438,5.50827],[-75.39442,5.50815],[-75.39447,5.50806],[-75.39457,5.50796],[-75.39472,5.50775],[-75.39481,5.5076],[-75.39488,5.50749],[-75.39489,5.50745],[-75.39494,5.50736],[-75.39499,5.50731],[-75.39503,5.5072],[-75.39503,5.50713],[-75.39505,5.50705],[-75.39508,5.50695],[-75.39512,5.50686],[-75.39516,5.50681],[-75.39523,5.5068],[-75.39532,5.50672],[-75.39535,5.50663],[-75.3954,5.5065],[-75.39547,5.5064],[-75.39551,5.50629],[-75.39557,5.50617],[-75.39557,5.50611],[-75.39555,5.50603],[-75.39555,5.50588],[-75.39559,5.50578],[-75.39565,5.50566],[-75.39566,5.50562],[-75.39567,5.50559],[-75.39567,5.50553],[-75.39559,5.50544],[-75.39547,5.50542],[-75.3953,5.50551],[-75.3952,5.50559],[-75.39514,5.50569],[-75.39506,5.50577],[-75.395,5.50583],[-75.39492,5.50591],[-75.3949,5.50598],[-75.39489,5.50606],[-75.39485,5.50619],[-75.39479,5.50624],[-75.39471,5.50625],[-75.3946,5.50624],[-75.39453,5.50614],[-75.39454,5.506],[-75.39454,5.50592],[-75.39454,5.5058],[-75.39455,5.50567],[-75.3945,5.50557],[-75.39449,5.50548],[-75.39448,5.50543],[-75.39446,5.50534],[-75.39444,5.50521],[-75.39439,5.50511],[-75.39436,5.50503],[-75.39435,5.50493],[-75.39435,5.50487],[-75.39435,5.5048],[-75.39437,5.50471],[-75.39445,5.50467],[-75.39458,5.50464],[-75.39466,5.50463],[-75.39472,5.50463],[-75.39484,5.50463],[-75.39491,5.50464],[-75.39497,5.50464],[-75.3951,5.50461],[-75.39503,5.50454],[-75.39503,5.50443],[-75.39499,5.50432],[-75.39499,5.50422],[-75.39499,5.50411],[-75.39495,5.504],[-75.39488,5.50393],[-75.39477,5.50386],[-75.39467,5.50382],[-75.3946,5.50375],[-75.39445,5.50371],[-75.39434,5.50371],[-75.39424,5.50371],[-75.39413,5.50371],[-75.39402,5.50375],[-75.39395,5.50382],[-75.39388,5.50389],[-75.39384,5.50379],[-75.39384,5.50368],[-75.39384,5.50357],[-75.39384,5.50346],[-75.39376,5.50365],[-75.3937,5.50372],[-75.39368,5.50374],[-75.39357,5.50385],[-75.39354,5.50395],[-75.39347,5.50403],[-75.39343,5.50417],[-75.39344,5.5043],[-75.39346,5.50441],[-75.39348,5.50453],[-75.39351,5.50467],[-75.39352,5.50479],[-75.39352,5.5049],[-75.39347,5.50505],[-75.39341,5.50513],[-75.39331,5.50516],[-75.39317,5.50521],[-75.3931,5.5053],[-75.39305,5.50539],[-75.39294,5.5055],[-75.39286,5.50568],[-75.39282,5.5058],[-75.3928,5.50591],[-75.39274,5.50603],[-75.39268,5.50613],[-75.39262,5.50622],[-75.3926,5.50629],[-75.39257,5.50644],[-75.39259,5.50658],[-75.39254,5.50671],[-75.39246,5.50686],[-75.39239,5.50691],[-75.39227,5.50699],[-75.39223,5.5071],[-75.39223,5.50712],[-75.39235,5.50733],[-75.39237,5.50734],[-75.39246,5.50728],[-75.39255,5.50716],[-75.3926,5.50708],[-75.39267,5.50695],[-75.39271,5.50689],[-75.39275,5.50682],[-75.39275,5.50676],[-75.39279,5.50666],[-75.39285,5.50653],[-75.39284,5.50648],[-75.39285,5.50642],[-75.39292,5.50633],[-75.39298,5.50624],[-75.39299,5.50611],[-75.39299,5.50601],[-75.39298,5.50591],[-75.39299,5.50578],[-75.39308,5.50568],[-75.39315,5.50563],[-75.3932,5.50558],[-75.39321,5.50555],[-75.39325,5.50548],[-75.39329,5.50547],[-75.39335,5.50545],[-75.39342,5.50539],[-75.39348,5.50532],[-75.39355,5.50527],[-75.39361,5.50521],[-75.39363,5.50513],[-75.39369,5.50499],[-75.39373,5.50487],[-75.39379,5.50477],[-75.39387,5.50473],[-75.39394,5.50476],[-75.39398,5.50484],[-75.39401,5.50489],[-75.39405,5.50494],[-75.39406,5.50498],[-75.39409,5.50503],[-75.39411,5.5051],[-75.39411,5.50518],[-75.39412,5.50526],[-75.3942,5.50538],[-75.39421,5.50542],[-75.39427,5.50555],[-75.39408,5.50568],[-75.39396,5.50574],[-75.39391,5.50579],[-75.39382,5.50589],[-75.39368,5.506],[-75.39355,5.50614],[-75.39349,5.50621],[-75.39342,5.50626],[-75.39336,5.50636],[-75.39336,5.50649],[-75.39339,5.50658],[-75.39346,5.50669],[-75.39357,5.50687],[-75.39361,5.50694],[-75.39362,5.50706],[-75.3936,5.50717],[-75.39356,5.50732],[-75.39352,5.50746],[-75.39344,5.50756],[-75.39342,5.50764],[-75.39344,5.50771],[-75.39345,5.5078],[-75.39343,5.50788],[-75.39338,5.50795],[-75.39335,5.508],[-75.39336,5.50806],[-75.3934,5.50817],[-75.3934,5.50827],[-75.39339,5.50839],[-75.39338,5.50849],[-75.39338,5.50857],[-75.39335,5.50868],[-75.39329,5.5088],[-75.39322,5.50889],[-75.39321,5.5089],[-75.39325,5.50901],[-75.39325,5.50902],[-75.39325,5.50902],[-75.39325,5.50902],[-75.39326,5.50936],[-75.39326,5.50936],[-75.39323,5.50979],[-75.39328,5.51011],[-75.39353,5.51042],[-75.39394,5.51073],[-75.39395,5.51073],[-75.39395,5.51073],[-75.39395,5.51073],[-75.39406,5.51092],[-75.39406,5.51093],[-75.39406,5.51093],[-75.39406,5.51093],[-75.39406,5.51108],[-75.39406,5.51108],[-75.39406,5.51108],[-75.39406,5.51109],[-75.39405,5.51109],[-75.39399,5.51116],[-75.39399,5.51116],[-75.39399,5.51116],[-75.39399,5.51117],[-75.39398,5.51117],[-75.39381,5.5112],[-75.39381,5.5112],[-75.3938,5.5112],[-75.39365,5.51121],[-75.39354,5.51136],[-75.39354,5.51137],[-75.39361,5.51139],[-75.39372,5.51139],[-75.39382,5.51143],[-75.39393,5.51147],[-75.394,5.51154],[-75.39411,5.51161],[-75.39422,5.51168],[-75.39429,5.51175],[-75.39436,5.51182],[-75.39443,5.51189],[-75.39443,5.512],[-75.39443,5.51215],[-75.39444,5.51229],[-75.39451,5.51236],[-75.39458,5.51243],[-75.39465,5.5125],[-75.39472,5.51258],[-75.39479,5.51265],[-75.39487,5.51272],[-75.39497,5.51275],[-75.39508,5.51275],[-75.39522,5.51275],[-75.39537,5.51279]]]]},"properties":{"OBJECTID":11,"CODDEP":"17","AREA":46.3659362153,"Tipo":"Arbustal denso","Zona":"Zona de preservación","Subzona":"Zona de preservación","Shape_Length":6742.522141775421,"Shape_Area":463483.1833188094}},{"type":"Feature","id":12,"geometry":{"type":"Polygon","coordinates":[[[-75.40927,5.5044],[-75.40923,5.50447],[-75.40923,5.50459],[-75.40917,5.50471],[-75.40917,5.50483],[-75.40917,5.50495],[-75.40917,5.50507],[-75.40917,5.50519],[-75.40917,5.50531],[-75.40922,5.5054],[-75.40935,5.50549],[-75.40947,5.50561],[-75.40953,5.50572],[-75.40965,5.50584],[-75.40977,5.5059],[-75.40989,5.50596],[-75.40989,5.50608],[-75.41001,5.50614],[-75.41001,5.50626],[-75.41013,5.50632],[-75.41019,5.50644],[-75.41031,5.5065],[-75.41031,5.50662],[-75.41043,5.5068],[-75.41049,5.50692],[-75.41055,5.50704],[-75.41055,5.50716],[-75.41067,5.50722],[-75.41073,5.50734],[-75.41073,5.50746],[-75.41079,5.50758],[-75.41079,5.5077],[-75.41085,5.50781],[-75.41085,5.50793],[-75.41085,5.50805],[-75.41091,5.50817],[-75.41091,5.50829],[-75.41091,5.50841],[-75.41091,5.50853],[-75.41097,5.50865],[-75.41112,5.50864],[-75.41122,5.50825],[-75.41132,5.50785],[-75.41118,5.50751],[-75.41102,5.50713],[-75.41084,5.50678],[-75.41057,5.50624],[-75.41044,5.50599],[-75.41024,5.50561],[-75.40986,5.50507],[-75.40955,5.50468],[-75.40945,5.50458],[-75.40935,5.50448],[-75.40927,5.5044]]]},"properties":{"OBJECTID":12,"CODDEP":"17","AREA":2.5107080903,"Tipo":"Bosque denso alto de tierra firme","Zona":"Zona de preservación","Subzona":"Zona de preservación","Shape_Length":1114.9490351104987,"Shape_Area":25097.764931235117}},{"type":"Feature","id":13,"geometry":{"type":"Polygon","coordinates":[[[-75.39153,5.51622],[-75.39147,5.51622],[-75.3914,5.5163],[-75.39129,5.51633],[-75.39127,5.51638],[-75.39134,5.51638],[-75.39153,5.51622]]]},"properties":{"OBJECTID":13,"CODDEP":"17","AREA":0.0123761620181,"Tipo":"Vegetacion secundaria o en transicion","Zona":"Zona de restauración","Subzona":"Zona de restauración","Shape_Length":69.67552532208477,"Shape_Area":123.71337087288177}},{"type":"Feature","id":14,"geometry":{"type":"Polygon","coordinates":[[[-75.3957,5.51718],[-75.39585,5.51727],[-75.39584,5.51725],[-75.39577,5.51718],[-75.3957,5.51718]]]},"properties":{"OBJECTID":14,"CODDEP":"17","AREA":0.00328182668026,"Tipo":"Vegetacion secundaria o en transicion","Zona":"Zona de restauración","Subzona":"Zona de restauración","Shape_Length":38.995216846527455,"Shape_Area":32.80591901532225}},{"type":"Feature","id":15,"geometry":{"type":"Polygon","coordinates":[[[-75.39707,5.51899],[-75.39704,5.5191],[-75.39698,5.51941],[-75.39707,5.51954],[-75.39708,5.51949],[-75.39709,5.51935],[-75.3971,5.51926],[-75.39709,5.51911],[-75.39707,5.51899]]]},"properties":{"OBJECTID":15,"CODDEP":"17","AREA":0.0406620989393,"Tipo":"Vegetacion secundaria o en transicion","Zona":"Zona de restauración","Subzona":"Zona de restauración","Shape_Length":127.02040442708115,"Shape_Area":406.466337902139}},{"type":"Feature","id":16,"geometry":{"type":"Polygon","coordinates":[[[-75.40139,5.52211],[-75.40136,5.52211],[-75.40134,5.52212],[-75.40132,5.52215],[-75.40135,5.52219],[-75.40135,5.52221],[-75.40139,5.52211]]]},"properties":{"OBJECTID":16,"CODDEP":"17","AREA":0.00381123065136,"Tipo":"Vegetacion secundaria o en transicion","Zona":"Zona de restauración","Subzona":"Zona de restauración","Shape_Length":28.604728142379752,"Shape_Area":38.097833071476906}},{"type":"Feature","id":17,"geometry":{"type":"Polygon","coordinates":[[[-75.40326,5.52295],[-75.40331,5.52293],[-75.40345,5.5229],[-75.40353,5.52292],[-75.40366,5.52299],[-75.40372,5.52303],[-75.40375,5.52299],[-75.40375,5.52295],[-75.40373,5.52291],[-75.40371,5.52289],[-75.40364,5.52285],[-75.40356,5.52281],[-75.40349,5.52276],[-75.4034,5.52271],[-75.40334,5.5227],[-75.40326,5.52272],[-75.4032,5.52272],[-75.40313,5.5229],[-75.40326,5.52295]]]},"properties":{"OBJECTID":17,"CODDEP":"17","AREA":0.121862414085,"Tipo":"Vegetacion secundaria o en transicion","Zona":"Zona de restauración","Subzona":"Zona de restauración","Shape_Length":171.88384250680545,"Shape_Area":1218.1657798436938}},{"type":"Feature","id":18,"geometry":{"type":"Polygon","coordinates":[[[-75.40014,5.52343],[-75.40015,5.52348],[-75.40016,5.52353],[-75.40041,5.52336],[-75.40036,5.52338],[-75.40028,5.52338],[-75.40024,5.52339],[-75.40014,5.52343]]]},"properties":{"OBJECTID":18,"CODDEP":"17","AREA":0.0187169253295,"Tipo":"Vegetacion secundaria o en transicion","Zona":"Zona de restauración","Subzona":"Zona de restauración","Shape_Length":76.68195990792071,"Shape_Area":187.098858964538}},{"type":"Feature","id":19,"geometry":{"type":"Polygon","coordinates":[[[-75.39074,5.51605],[-75.39077,5.51621],[-75.39077,5.51621],[-75.39077,5.51621],[-75.39077,5.51621],[-75.3909,5.5164],[-75.39094,5.5164],[-75.39081,5.5162],[-75.39078,5.51605],[-75.39075,5.51587],[-75.39075,5.5157],[-75.3909,5.51529],[-75.39109,5.51504],[-75.39116,5.51496],[-75.39127,5.51482],[-75.39128,5.51482],[-75.39128,5.51482],[-75.39145,5.51449],[-75.39145,5.51448],[-75.39145,5.51448],[-75.39145,5.51448],[-75.39145,5.51448],[-75.39143,5.51422],[-75.3915,5.51406],[-75.3916,5.51387],[-75.3916,5.51387],[-75.39167,5.5137],[-75.39168,5.51369],[-75.39168,5.51369],[-75.39168,5.51369],[-75.39168,5.51368],[-75.39162,5.51343],[-75.39161,5.51334],[-75.39217,5.51324],[-75.39265,5.51325],[-75.39265,5.51325],[-75.39265,5.51325],[-75.39292,5.51318],[-75.39292,5.51318],[-75.39292,5.51318],[-75.39307,5.51309],[-75.39308,5.51309],[-75.39308,5.51309],[-75.39328,5.51292],[-75.39328,5.51292],[-75.39328,5.51292],[-75.39328,5.51292],[-75.39347,5.51256],[-75.39348,5.51255],[-75.39348,5.51255],[-75.39348,5.51255],[-75.39348,5.51226],[-75.39348,5.51194],[-75.39348,5.51183],[-75.39348,5.51173],[-75.39354,5.51137],[-75.39354,5.51136],[-75.39365,5.51121],[-75.3938,5.5112],[-75.39381,5.5112],[-75.39381,5.5112],[-75.39398,5.51117],[-75.39399,5.51117],[-75.39399,5.51116],[-75.39399,5.51116],[-75.39399,5.51116],[-75.39405,5.51109],[-75.39406,5.51109],[-75.39406,5.51108],[-75.39406,5.51108],[-75.39406,5.51108],[-75.39406,5.51093],[-75.39406,5.51093],[-75.39406,5.51093],[-75.39406,5.51092],[-75.39395,5.51073],[-75.39395,5.51073],[-75.39395,5.51073],[-75.39394,5.51073],[-75.39353,5.51042],[-75.39328,5.51011],[-75.39323,5.50979],[-75.39326,5.50936],[-75.39326,5.50936],[-75.39325,5.50902],[-75.39325,5.50902],[-75.39325,5.50902],[-75.39325,5.50901],[-75.39321,5.5089],[-75.39313,5.50872],[-75.39313,5.50871],[-75.39313,5.50871],[-75.39286,5.50833],[-75.39273,5.50805],[-75.39261,5.50771],[-75.3926,5.50771],[-75.3926,5.50771],[-75.39238,5.50738],[-75.39235,5.50733],[-75.39223,5.50712],[-75.39214,5.50695],[-75.39214,5.50694],[-75.39177,5.50643],[-75.39156,5.50611],[-75.39156,5.50611],[-75.39139,5.50587],[-75.39137,5.50563],[-75.39138,5.50531],[-75.3914,5.50496],[-75.3914,5.50496],[-75.3914,5.50496],[-75.39132,5.5045],[-75.39125,5.50383],[-75.39126,5.50324],[-75.39131,5.50279],[-75.39144,5.50247],[-75.3916,5.50213],[-75.3916,5.50213],[-75.3916,5.50213],[-75.3916,5.50212],[-75.39162,5.50187],[-75.39162,5.50187],[-75.39162,5.50187],[-75.39155,5.50156],[-75.39146,5.50102],[-75.39146,5.50102],[-75.39146,5.50102],[-75.39145,5.50101],[-75.39125,5.50075],[-75.39116,5.5006],[-75.39102,5.50037],[-75.39102,5.50037],[-75.39091,5.50022],[-75.39088,5.50024],[-75.39099,5.50039],[-75.39112,5.50059],[-75.39122,5.50077],[-75.39122,5.50077],[-75.39142,5.50103],[-75.39152,5.50157],[-75.39158,5.50187],[-75.39157,5.50212],[-75.3914,5.50245],[-75.3914,5.50245],[-75.39127,5.50278],[-75.39127,5.50278],[-75.39127,5.50278],[-75.39122,5.50324],[-75.39122,5.50324],[-75.39121,5.50383],[-75.39121,5.50384],[-75.39129,5.50451],[-75.39129,5.50451],[-75.39136,5.50496],[-75.39135,5.50531],[-75.39134,5.50563],[-75.39134,5.50563],[-75.39134,5.50563],[-75.39135,5.50588],[-75.39135,5.50588],[-75.39135,5.50589],[-75.39135,5.50589],[-75.39135,5.50589],[-75.39153,5.50613],[-75.39174,5.50645],[-75.39174,5.50645],[-75.39211,5.50696],[-75.39224,5.5072],[-75.39231,5.50732],[-75.39235,5.50739],[-75.39235,5.50739],[-75.39257,5.50773],[-75.39269,5.50806],[-75.39269,5.50806],[-75.39282,5.50835],[-75.39283,5.50835],[-75.39283,5.50835],[-75.3931,5.50873],[-75.39318,5.50892],[-75.39322,5.50902],[-75.39322,5.50936],[-75.3932,5.50979],[-75.3932,5.50979],[-75.3932,5.50979],[-75.39324,5.51012],[-75.39325,5.51013],[-75.39325,5.51013],[-75.39325,5.51013],[-75.39325,5.51013],[-75.3935,5.51044],[-75.3935,5.51045],[-75.3935,5.51045],[-75.39392,5.51075],[-75.39402,5.51094],[-75.39402,5.51107],[-75.39397,5.51113],[-75.3938,5.51117],[-75.39363,5.51118],[-75.39363,5.51118],[-75.39363,5.51118],[-75.39363,5.51118],[-75.39362,5.51118],[-75.39362,5.51118],[-75.39362,5.51119],[-75.39351,5.51134],[-75.39351,5.51134],[-75.39351,5.51135],[-75.39351,5.51135],[-75.39351,5.51136],[-75.39344,5.51172],[-75.39344,5.51172],[-75.39344,5.51181],[-75.39344,5.51194],[-75.39344,5.51226],[-75.39344,5.51254],[-75.39325,5.5129],[-75.39306,5.51306],[-75.3929,5.51314],[-75.39265,5.51321],[-75.39217,5.5132],[-75.39217,5.5132],[-75.39217,5.5132],[-75.39159,5.51331],[-75.39142,5.51334],[-75.39096,5.51336],[-75.39061,5.51331],[-75.39034,5.51327],[-75.39009,5.51315],[-75.38998,5.51305],[-75.38991,5.51279],[-75.38987,5.51247],[-75.38986,5.51209],[-75.38986,5.51209],[-75.38986,5.51209],[-75.38976,5.51167],[-75.38976,5.51167],[-75.38963,5.51127],[-75.38963,5.51127],[-75.38963,5.51127],[-75.38963,5.51126],[-75.38948,5.51113],[-75.38948,5.51113],[-75.38948,5.51113],[-75.38934,5.51102],[-75.38933,5.51102],[-75.38933,5.51102],[-75.38933,5.51102],[-75.3891,5.51099],[-75.3891,5.51099],[-75.3891,5.51099],[-75.38893,5.511],[-75.38893,5.511],[-75.38893,5.511],[-75.38869,5.51105],[-75.38848,5.51105],[-75.38834,5.51094],[-75.38814,5.51063],[-75.38796,5.5103],[-75.38795,5.5103],[-75.38795,5.5103],[-75.38795,5.5103],[-75.38774,5.51013],[-75.38759,5.50993],[-75.38749,5.50963],[-75.38749,5.50963],[-75.38749,5.50962],[-75.38737,5.50937],[-75.38737,5.50937],[-75.38737,5.50937],[-75.38719,5.5091],[-75.38713,5.50899],[-75.38703,5.50883],[-75.38699,5.50855],[-75.38697,5.50839],[-75.38697,5.50838],[-75.38697,5.50838],[-75.38697,5.50838],[-75.38697,5.50838],[-75.38697,5.50837],[-75.38696,5.50837],[-75.38678,5.50828],[-75.38653,5.50809],[-75.38652,5.50809],[-75.38652,5.50809],[-75.38652,5.50809],[-75.38614,5.50799],[-75.38586,5.5079],[-75.38564,5.50765],[-75.38564,5.50765],[-75.38564,5.50765],[-75.38564,5.50765],[-75.3854,5.50755],[-75.385,5.50739],[-75.38487,5.50715],[-75.38465,5.5067],[-75.38456,5.50635],[-75.38455,5.50631],[-75.3845,5.50601],[-75.38447,5.50568],[-75.38452,5.50513],[-75.38452,5.50513],[-75.38453,5.50462],[-75.38457,5.50391],[-75.38457,5.50391],[-75.38458,5.5033],[-75.38459,5.50281],[-75.38459,5.50281],[-75.38459,5.50281],[-75.38454,5.50214],[-75.38456,5.50163],[-75.38468,5.50108],[-75.38481,5.5008],[-75.38503,5.5007],[-75.38548,5.50054],[-75.38548,5.50054],[-75.38585,5.5004],[-75.38579,5.50038],[-75.38547,5.50051],[-75.38501,5.50066],[-75.38501,5.50066],[-75.38478,5.50077],[-75.38478,5.50077],[-75.38478,5.50077],[-75.38478,5.50078],[-75.38478,5.50078],[-75.38478,5.50078],[-75.38464,5.50107],[-75.38464,5.50107],[-75.38464,5.50107],[-75.38453,5.50162],[-75.38453,5.50162],[-75.38453,5.50162],[-75.3845,5.50214],[-75.3845,5.50214],[-75.3845,5.50214],[-75.38455,5.50281],[-75.38454,5.5033],[-75.38453,5.50391],[-75.3845,5.50461],[-75.3845,5.50461],[-75.38448,5.50513],[-75.38444,5.50568],[-75.38444,5.50568],[-75.38444,5.50568],[-75.38446,5.50602],[-75.38446,5.50602],[-75.38451,5.50632],[-75.38451,5.50632],[-75.38452,5.50636],[-75.38462,5.50671],[-75.38462,5.50671],[-75.38462,5.50672],[-75.38484,5.50717],[-75.38484,5.50717],[-75.38497,5.50741],[-75.38497,5.50741],[-75.38497,5.50741],[-75.38498,5.50742],[-75.38498,5.50742],[-75.38538,5.50758],[-75.38562,5.50768],[-75.38583,5.50792],[-75.38583,5.50793],[-75.38584,5.50793],[-75.38584,5.50793],[-75.38584,5.50793],[-75.38613,5.50803],[-75.38613,5.50803],[-75.38651,5.50812],[-75.38675,5.50831],[-75.38676,5.50831],[-75.38676,5.50831],[-75.38694,5.5084],[-75.38695,5.50856],[-75.38695,5.50856],[-75.387,5.50883],[-75.387,5.50884],[-75.387,5.50884],[-75.38711,5.50903],[-75.38716,5.50912],[-75.38716,5.50912],[-75.38734,5.50939],[-75.38746,5.50964],[-75.38755,5.50995],[-75.38755,5.50995],[-75.38755,5.50995],[-75.38755,5.50995],[-75.38771,5.51016],[-75.38771,5.51016],[-75.38771,5.51016],[-75.38793,5.51032],[-75.3881,5.51064],[-75.3881,5.51064],[-75.38831,5.51097],[-75.38831,5.51097],[-75.38831,5.51097],[-75.38831,5.51097],[-75.38847,5.51108],[-75.38847,5.51108],[-75.38847,5.51108],[-75.38848,5.51108],[-75.38848,5.51108],[-75.38869,5.51108],[-75.3887,5.51108],[-75.3887,5.51108],[-75.38893,5.51103],[-75.3891,5.51102],[-75.38932,5.51106],[-75.38946,5.51116],[-75.3896,5.51129],[-75.38973,5.51168],[-75.38982,5.51209],[-75.38984,5.51247],[-75.38984,5.51248],[-75.38987,5.5128],[-75.38987,5.5128],[-75.38987,5.5128],[-75.38995,5.51306],[-75.38995,5.51307],[-75.38995,5.51307],[-75.38995,5.51307],[-75.38995,5.51307],[-75.39007,5.51318],[-75.39007,5.51318],[-75.39007,5.51318],[-75.39033,5.5133],[-75.39033,5.5133],[-75.39033,5.5133],[-75.39061,5.51335],[-75.39061,5.51335],[-75.39095,5.5134],[-75.39095,5.5134],[-75.39096,5.5134],[-75.39142,5.51337],[-75.39142,5.51337],[-75.39157,5.51335],[-75.39158,5.51343],[-75.39158,5.51343],[-75.39158,5.51343],[-75.39164,5.51369],[-75.39157,5.51385],[-75.39147,5.51404],[-75.39147,5.51404],[-75.3914,5.51421],[-75.3914,5.51422],[-75.3914,5.51422],[-75.3914,5.51422],[-75.39141,5.51447],[-75.39124,5.5148],[-75.39113,5.51494],[-75.39106,5.51501],[-75.39106,5.51501],[-75.39087,5.51527],[-75.39087,5.51527],[-75.39087,5.51528],[-75.39071,5.51569],[-75.39071,5.5157],[-75.39071,5.5157],[-75.39071,5.51587],[-75.39071,5.51588],[-75.39074,5.51605]]]},"properties":{"OBJECTID":19,"CODDEP":"17","AREA":1.65526781539,"Tipo":"Sendero","Zona":"Zona general de uso público","Subzona":"Subzona de alta densidad de uso","Shape_Length":8285.92431384331,"Shape_Area":16546.317680639473}},{"type":"Feature","id":20,"geometry":{"type":"Polygon","coordinates":[[[-75.40007,5.52331],[-75.4001,5.52334],[-75.40012,5.52331],[-75.40012,5.52331],[-75.40038,5.52267],[-75.40038,5.52267],[-75.40038,5.52267],[-75.4005,5.52198],[-75.40059,5.52166],[-75.40059,5.52165],[-75.40059,5.52165],[-75.40059,5.52138],[-75.40059,5.52138],[-75.40059,5.52138],[-75.40059,5.52138],[-75.40059,5.52137],[-75.40053,5.52128],[-75.40053,5.52128],[-75.40053,5.52127],[-75.40052,5.52127],[-75.40052,5.52127],[-75.40052,5.52127],[-75.40052,5.52127],[-75.40034,5.52127],[-75.40034,5.52127],[-75.40034,5.52127],[-75.40034,5.52127],[-75.40033,5.52127],[-75.40017,5.52139],[-75.4,5.52139],[-75.39992,5.52137],[-75.39992,5.52122],[-75.40005,5.52089],[-75.40019,5.52059],[-75.40019,5.52059],[-75.40019,5.52058],[-75.40019,5.52058],[-75.40019,5.52041],[-75.40019,5.52041],[-75.40013,5.52006],[-75.40013,5.52006],[-75.39999,5.51962],[-75.3999,5.51918],[-75.3999,5.51877],[-75.40005,5.51837],[-75.40041,5.51789],[-75.40075,5.51759],[-75.40075,5.51759],[-75.40104,5.51728],[-75.40104,5.51728],[-75.40128,5.51697],[-75.40129,5.51697],[-75.40129,5.51697],[-75.4014,5.51668],[-75.40166,5.51634],[-75.40193,5.51615],[-75.40193,5.51615],[-75.40193,5.51615],[-75.40193,5.51615],[-75.40208,5.51592],[-75.40209,5.51591],[-75.40209,5.51591],[-75.40209,5.51591],[-75.40209,5.51591],[-75.40209,5.5159],[-75.40207,5.51575],[-75.40207,5.51575],[-75.40207,5.51575],[-75.40193,5.51546],[-75.4018,5.51514],[-75.40178,5.51495],[-75.4018,5.51482],[-75.40193,5.51425],[-75.40193,5.51425],[-75.40201,5.51388],[-75.40201,5.51388],[-75.40212,5.51323],[-75.40212,5.51323],[-75.40216,5.51293],[-75.40229,5.51268],[-75.40263,5.51242],[-75.40291,5.51225],[-75.40291,5.51225],[-75.40333,5.51194],[-75.40333,5.51194],[-75.40334,5.51194],[-75.40364,5.51153],[-75.40364,5.51153],[-75.40374,5.51136],[-75.40374,5.51136],[-75.40374,5.51135],[-75.40374,5.51135],[-75.40374,5.51132],[-75.404,5.51141],[-75.40404,5.51142],[-75.4043,5.51152],[-75.40459,5.51188],[-75.40459,5.51188],[-75.40459,5.51188],[-75.40459,5.51188],[-75.40503,5.51214],[-75.40518,5.51252],[-75.40525,5.51297],[-75.40531,5.5136],[-75.40526,5.51435],[-75.40512,5.51471],[-75.40512,5.51471],[-75.40501,5.51519],[-75.40501,5.51519],[-75.40492,5.51565],[-75.40475,5.51616],[-75.40475,5.51616],[-75.40456,5.51682],[-75.40456,5.51682],[-75.40456,5.51682],[-75.40456,5.51711],[-75.40456,5.51711],[-75.40456,5.51711],[-75.40456,5.51712],[-75.40469,5.51736],[-75.40469,5.51736],[-75.40469,5.51737],[-75.40485,5.51761],[-75.40492,5.5178],[-75.40481,5.51807],[-75.40458,5.51832],[-75.40434,5.51859],[-75.40396,5.51887],[-75.40346,5.51906],[-75.40346,5.51907],[-75.40346,5.51907],[-75.40321,5.51924],[-75.40321,5.51924],[-75.40321,5.51924],[-75.40321,5.51924],[-75.40302,5.51959],[-75.40302,5.51959],[-75.40279,5.52007],[-75.40241,5.5207],[-75.40241,5.5207],[-75.40203,5.52143],[-75.4018,5.52185],[-75.40185,5.52183],[-75.40206,5.52145],[-75.40244,5.52072],[-75.40282,5.52009],[-75.40282,5.52008],[-75.40305,5.51961],[-75.40324,5.51927],[-75.40348,5.5191],[-75.40397,5.51891],[-75.40398,5.5189],[-75.40398,5.5189],[-75.40436,5.51861],[-75.40436,5.51861],[-75.40436,5.51861],[-75.40461,5.51834],[-75.40484,5.51809],[-75.40484,5.51809],[-75.40484,5.51809],[-75.40484,5.51809],[-75.40496,5.5178],[-75.40496,5.5178],[-75.40496,5.5178],[-75.40496,5.51779],[-75.40496,5.51779],[-75.40496,5.51779],[-75.40488,5.5176],[-75.40488,5.5176],[-75.40488,5.51759],[-75.40472,5.51735],[-75.40459,5.5171],[-75.40459,5.51682],[-75.40478,5.51617],[-75.40495,5.51566],[-75.40495,5.51566],[-75.40505,5.5152],[-75.40516,5.51472],[-75.40529,5.51436],[-75.40529,5.51435],[-75.40529,5.51435],[-75.40535,5.51361],[-75.40535,5.5136],[-75.40535,5.5136],[-75.40529,5.51297],[-75.40529,5.51297],[-75.40521,5.51251],[-75.40521,5.51251],[-75.40521,5.51251],[-75.40506,5.51212],[-75.40506,5.51212],[-75.40505,5.51212],[-75.40505,5.51212],[-75.40505,5.51212],[-75.40461,5.51185],[-75.40433,5.51149],[-75.40433,5.51149],[-75.40432,5.51149],[-75.40432,5.51149],[-75.40432,5.51148],[-75.40408,5.5114],[-75.40426,5.51139],[-75.40426,5.51138],[-75.40426,5.51138],[-75.40427,5.51138],[-75.40427,5.51138],[-75.40427,5.51138],[-75.40427,5.51138],[-75.40442,5.51115],[-75.40442,5.51115],[-75.40442,5.51114],[-75.40456,5.51082],[-75.40474,5.51058],[-75.40506,5.5105],[-75.40506,5.5105],[-75.40506,5.5105],[-75.40552,5.51029],[-75.40552,5.51029],[-75.40553,5.51029],[-75.40553,5.51028],[-75.40553,5.51028],[-75.40553,5.51028],[-75.40553,5.51028],[-75.40553,5.51027],[-75.40553,5.51027],[-75.40553,5.51027],[-75.40553,5.51026],[-75.40553,5.51026],[-75.40553,5.51026],[-75.40552,5.51026],[-75.40552,5.51026],[-75.40552,5.51026],[-75.40551,5.51026],[-75.40551,5.51026],[-75.40551,5.51026],[-75.40551,5.51026],[-75.40505,5.51047],[-75.40473,5.51054],[-75.40472,5.51055],[-75.40472,5.51055],[-75.40472,5.51055],[-75.40472,5.51055],[-75.40453,5.5108],[-75.40453,5.5108],[-75.40452,5.5108],[-75.40439,5.51113],[-75.40425,5.51135],[-75.404,5.51137],[-75.40375,5.51128],[-75.40378,5.51097],[-75.40378,5.51097],[-75.40378,5.51096],[-75.40376,5.51079],[-75.40374,5.51018],[-75.40374,5.50982],[-75.40374,5.50982],[-75.4037,5.50953],[-75.4037,5.50953],[-75.4037,5.50952],[-75.40369,5.50952],[-75.40358,5.50932],[-75.40354,5.50911],[-75.40352,5.509],[-75.40363,5.50887],[-75.40363,5.50887],[-75.40379,5.50868],[-75.40379,5.50868],[-75.4039,5.50853],[-75.4039,5.50853],[-75.4039,5.50852],[-75.4039,5.50852],[-75.4039,5.50852],[-75.40392,5.50833],[-75.40392,5.50832],[-75.40392,5.50832],[-75.40392,5.50832],[-75.40381,5.50805],[-75.40381,5.50805],[-75.4036,5.50759],[-75.40359,5.50759],[-75.40359,5.50759],[-75.4034,5.50732],[-75.40317,5.50692],[-75.40317,5.50692],[-75.403,5.50667],[-75.40275,5.50625],[-75.40248,5.50566],[-75.40239,5.50526],[-75.40237,5.50464],[-75.40237,5.50463],[-75.40237,5.50463],[-75.40237,5.50463],[-75.40219,5.50427],[-75.40202,5.50381],[-75.40202,5.5038],[-75.40202,5.5038],[-75.40181,5.5035],[-75.40164,5.50325],[-75.40137,5.50277],[-75.40114,5.50215],[-75.40103,5.50169],[-75.40102,5.5011],[-75.40115,5.50074],[-75.40149,5.50036],[-75.40146,5.50035],[-75.40113,5.50072],[-75.40112,5.50072],[-75.40112,5.50073],[-75.40112,5.50073],[-75.40099,5.50109],[-75.40099,5.5011],[-75.40099,5.5011],[-75.40099,5.50169],[-75.40099,5.50169],[-75.40099,5.5017],[-75.40111,5.50216],[-75.40111,5.50216],[-75.40134,5.50279],[-75.40134,5.50279],[-75.40161,5.50327],[-75.40161,5.50327],[-75.40178,5.50352],[-75.40199,5.50382],[-75.40216,5.50428],[-75.40216,5.50428],[-75.40233,5.50464],[-75.40235,5.50527],[-75.40235,5.50527],[-75.40235,5.50527],[-75.40245,5.50567],[-75.40245,5.50567],[-75.40245,5.50568],[-75.40272,5.50627],[-75.40272,5.50627],[-75.40297,5.50669],[-75.40297,5.50669],[-75.40314,5.50694],[-75.40337,5.50734],[-75.40337,5.50734],[-75.40356,5.50761],[-75.40377,5.50807],[-75.40389,5.50833],[-75.40387,5.50851],[-75.40376,5.50866],[-75.40361,5.50885],[-75.40349,5.50898],[-75.40349,5.50899],[-75.40349,5.50899],[-75.40349,5.50899],[-75.40349,5.509],[-75.40349,5.509],[-75.40351,5.50911],[-75.40355,5.50932],[-75.40355,5.50933],[-75.40355,5.50933],[-75.40366,5.50954],[-75.4037,5.50982],[-75.4037,5.51018],[-75.4037,5.51018],[-75.40372,5.51079],[-75.40372,5.5108],[-75.40374,5.51097],[-75.40371,5.51129],[-75.4037,5.51134],[-75.40361,5.51151],[-75.40331,5.51191],[-75.40289,5.51222],[-75.40261,5.51239],[-75.4026,5.51239],[-75.40226,5.51266],[-75.40226,5.51266],[-75.40226,5.51266],[-75.40226,5.51266],[-75.40212,5.51291],[-75.40212,5.51292],[-75.40212,5.51292],[-75.40212,5.51292],[-75.40208,5.51323],[-75.40197,5.51388],[-75.4019,5.51424],[-75.40176,5.51481],[-75.40176,5.51481],[-75.40176,5.51481],[-75.40174,5.51495],[-75.40174,5.51495],[-75.40174,5.51495],[-75.40176,5.51514],[-75.40176,5.51515],[-75.40176,5.51515],[-75.4019,5.51547],[-75.4019,5.51548],[-75.40203,5.51576],[-75.40205,5.5159],[-75.4019,5.51612],[-75.40164,5.51631],[-75.40164,5.51632],[-75.40164,5.51632],[-75.40137,5.51666],[-75.40137,5.51667],[-75.40137,5.51667],[-75.40125,5.51695],[-75.40101,5.51726],[-75.40072,5.51756],[-75.40038,5.51787],[-75.40038,5.51787],[-75.40038,5.51787],[-75.40002,5.51835],[-75.40002,5.51835],[-75.40001,5.51835],[-75.39986,5.51876],[-75.39986,5.51876],[-75.39986,5.51876],[-75.39986,5.51918],[-75.39986,5.51919],[-75.39986,5.51919],[-75.39996,5.51963],[-75.39996,5.51963],[-75.40009,5.52007],[-75.40015,5.52041],[-75.40015,5.52058],[-75.40002,5.52088],[-75.40002,5.52088],[-75.39989,5.52121],[-75.39989,5.52121],[-75.39989,5.52121],[-75.39989,5.52121],[-75.39989,5.52138],[-75.39989,5.52139],[-75.39989,5.52139],[-75.39989,5.52139],[-75.39989,5.5214],[-75.39989,5.5214],[-75.3999,5.5214],[-75.3999,5.5214],[-75.3999,5.5214],[-75.4,5.52142],[-75.4,5.52142],[-75.4,5.52142],[-75.40017,5.52142],[-75.40017,5.52142],[-75.40018,5.52142],[-75.40018,5.52142],[-75.40018,5.52142],[-75.40035,5.52131],[-75.40051,5.52131],[-75.40056,5.52139],[-75.40056,5.52165],[-75.40046,5.52197],[-75.40046,5.52197],[-75.40035,5.52266],[-75.40008,5.52329],[-75.40007,5.52331]]]},"properties":{"OBJECTID":20,"CODDEP":"17","AREA":1.82672804203,"Tipo":"Sendero","Zona":"Zona general de uso público","Subzona":"Subzona de alta densidad de uso","Shape_Length":9135.495739436003,"Shape_Area":18260.431760228577}},{"type":"Feature","id":21,"geometry":{"type":"Polygon","coordinates":[[[-75.38688,5.5008],[-75.38713,5.50093],[-75.38719,5.50083],[-75.38688,5.5008]]]},"properties":{"OBJECTID":21,"CODDEP":"17","AREA":0.019675542677,"Tipo":"Sendero","Zona":"Zona general de uso público","Subzona":"Subzona de alta densidad de uso","Shape_Length":77.81521741191283,"Shape_Area":196.67961289690493}},{"type":"Feature","id":22,"geometry":{"type":"MultiPolygon","coordinates":[[[[-75.40038,5.52267],[-75.40038,5.52267],[-75.40038,5.52267],[-75.40012,5.52331],[-75.40012,5.52331],[-75.4001,5.52334],[-75.40012,5.52338],[-75.40014,5.52343],[-75.40024,5.52339],[-75.40028,5.52338],[-75.40036,5.52338],[-75.40041,5.52336],[-75.40043,5.52334],[-75.40053,5.52297],[-75.40059,5.52285],[-75.40076,5.52247],[-75.401,5.5226],[-75.40116,5.52257],[-75.40135,5.52221],[-75.40135,5.52219],[-75.40132,5.52215],[-75.40134,5.52212],[-75.40136,5.52211],[-75.40139,5.52211],[-75.40146,5.52198],[-75.4018,5.52185],[-75.40203,5.52143],[-75.40241,5.5207],[-75.40241,5.5207],[-75.40279,5.52007],[-75.40302,5.51959],[-75.40302,5.51959],[-75.40321,5.51924],[-75.40321,5.51924],[-75.40321,5.51924],[-75.40321,5.51924],[-75.40346,5.51907],[-75.40346,5.51907],[-75.40346,5.51906],[-75.40396,5.51887],[-75.40434,5.51859],[-75.40458,5.51832],[-75.40481,5.51807],[-75.40492,5.5178],[-75.40485,5.51761],[-75.40469,5.51737],[-75.40469,5.51736],[-75.40469,5.51736],[-75.40456,5.51712],[-75.40456,5.51711],[-75.40456,5.51711],[-75.40456,5.51711],[-75.40456,5.51682],[-75.40456,5.51682],[-75.40456,5.51682],[-75.40475,5.51616],[-75.40475,5.51616],[-75.40492,5.51565],[-75.40501,5.51519],[-75.40501,5.51519],[-75.40512,5.51471],[-75.40512,5.51471],[-75.40526,5.51435],[-75.40531,5.5136],[-75.40525,5.51297],[-75.40518,5.51252],[-75.40503,5.51214],[-75.40459,5.51188],[-75.40459,5.51188],[-75.40459,5.51188],[-75.40459,5.51188],[-75.4043,5.51152],[-75.40404,5.51142],[-75.404,5.51141],[-75.40374,5.51132],[-75.40374,5.51135],[-75.40374,5.51135],[-75.40374,5.51136],[-75.40374,5.51136],[-75.40364,5.51153],[-75.40364,5.51153],[-75.40334,5.51194],[-75.40333,5.51194],[-75.40333,5.51194],[-75.40291,5.51225],[-75.40291,5.51225],[-75.40263,5.51242],[-75.40229,5.51268],[-75.40216,5.51293],[-75.40212,5.51323],[-75.40212,5.51323],[-75.40201,5.51388],[-75.40201,5.51388],[-75.40193,5.51425],[-75.40193,5.51425],[-75.4018,5.51482],[-75.40178,5.51495],[-75.4018,5.51514],[-75.40193,5.51546],[-75.40207,5.51575],[-75.40207,5.51575],[-75.40207,5.51575],[-75.40209,5.5159],[-75.40209,5.51591],[-75.40209,5.51591],[-75.40209,5.51591],[-75.40209,5.51591],[-75.40208,5.51592],[-75.40193,5.51615],[-75.40193,5.51615],[-75.40193,5.51615],[-75.40193,5.51615],[-75.40166,5.51634],[-75.4014,5.51668],[-75.40129,5.51697],[-75.40129,5.51697],[-75.40128,5.51697],[-75.40104,5.51728],[-75.40104,5.51728],[-75.40075,5.51759],[-75.40075,5.51759],[-75.40041,5.51789],[-75.40005,5.51837],[-75.3999,5.51877],[-75.3999,5.51918],[-75.39999,5.51962],[-75.40013,5.52006],[-75.40013,5.52006],[-75.40019,5.52041],[-75.40019,5.52041],[-75.40019,5.52058],[-75.40019,5.52058],[-75.40019,5.52059],[-75.40019,5.52059],[-75.40005,5.52089],[-75.39992,5.52122],[-75.39992,5.52137],[-75.4,5.52139],[-75.40017,5.52139],[-75.40033,5.52127],[-75.40034,5.52127],[-75.40034,5.52127],[-75.40034,5.52127],[-75.40034,5.52127],[-75.40052,5.52127],[-75.40052,5.52127],[-75.40052,5.52127],[-75.40052,5.52127],[-75.40053,5.52127],[-75.40053,5.52128],[-75.40053,5.52128],[-75.40059,5.52137],[-75.40059,5.52138],[-75.40059,5.52138],[-75.40059,5.52138],[-75.40059,5.52138],[-75.40059,5.52165],[-75.40059,5.52165],[-75.40059,5.52166],[-75.4005,5.52198],[-75.40038,5.52267]]],[[[-75.39928,5.52346],[-75.39929,5.52341],[-75.39932,5.52336],[-75.39935,5.52331],[-75.39938,5.52327],[-75.39942,5.52323],[-75.39947,5.52319],[-75.39952,5.52317],[-75.39957,5.52315],[-75.39963,5.52313],[-75.39968,5.52312],[-75.39974,5.52312],[-75.39979,5.52313],[-75.39985,5.52314],[-75.3999,5.52316],[-75.39995,5.52319],[-75.4,5.52322],[-75.40004,5.52326],[-75.40007,5.52331],[-75.40008,5.52329],[-75.40035,5.52266],[-75.40046,5.52197],[-75.40046,5.52197],[-75.40056,5.52165],[-75.40056,5.52139],[-75.40051,5.52131],[-75.40035,5.52131],[-75.40018,5.52142],[-75.40018,5.52142],[-75.40018,5.52142],[-75.40017,5.52142],[-75.40017,5.52142],[-75.4,5.52142],[-75.4,5.52142],[-75.4,5.52142],[-75.3999,5.5214],[-75.3999,5.5214],[-75.3999,5.5214],[-75.39989,5.5214],[-75.39989,5.5214],[-75.39989,5.52139],[-75.39989,5.52139],[-75.39989,5.52139],[-75.39989,5.52138],[-75.39989,5.52121],[-75.39989,5.52121],[-75.39989,5.52121],[-75.39989,5.52121],[-75.40002,5.52088],[-75.40002,5.52088],[-75.40015,5.52058],[-75.40015,5.52041],[-75.40009,5.52007],[-75.39996,5.51963],[-75.39996,5.51963],[-75.39986,5.51919],[-75.39986,5.51919],[-75.39986,5.51918],[-75.39986,5.51876],[-75.39986,5.51876],[-75.39986,5.51876],[-75.40001,5.51835],[-75.40002,5.51835],[-75.40002,5.51835],[-75.40038,5.51787],[-75.40038,5.51787],[-75.40038,5.51787],[-75.40072,5.51756],[-75.40101,5.51726],[-75.40125,5.51695],[-75.40137,5.51667],[-75.40137,5.51667],[-75.40137,5.51666],[-75.40164,5.51632],[-75.40164,5.51632],[-75.40164,5.51631],[-75.4019,5.51612],[-75.40205,5.5159],[-75.40203,5.51576],[-75.4019,5.51548],[-75.4019,5.51547],[-75.40176,5.51515],[-75.40176,5.51515],[-75.40176,5.51514],[-75.40174,5.51495],[-75.40174,5.51495],[-75.40174,5.51495],[-75.40176,5.51481],[-75.40176,5.51481],[-75.40176,5.51481],[-75.4019,5.51424],[-75.40197,5.51388],[-75.40208,5.51323],[-75.40212,5.51292],[-75.40212,5.51292],[-75.40212,5.51292],[-75.40212,5.51291],[-75.40226,5.51266],[-75.40226,5.51266],[-75.40226,5.51266],[-75.40226,5.51266],[-75.4026,5.51239],[-75.40261,5.51239],[-75.40289,5.51222],[-75.40331,5.51191],[-75.40361,5.51151],[-75.4037,5.51134],[-75.40371,5.51129],[-75.40374,5.51097],[-75.40372,5.5108],[-75.40372,5.51079],[-75.4037,5.51018],[-75.4037,5.51018],[-75.4037,5.50982],[-75.40366,5.50954],[-75.40355,5.50933],[-75.40355,5.50933],[-75.40355,5.50932],[-75.40351,5.50911],[-75.40349,5.509],[-75.40349,5.509],[-75.40349,5.50899],[-75.40349,5.50899],[-75.40349,5.50899],[-75.40349,5.50898],[-75.40361,5.50885],[-75.40376,5.50866],[-75.40387,5.50851],[-75.40389,5.50833],[-75.40377,5.50807],[-75.40356,5.50761],[-75.40337,5.50734],[-75.40337,5.50734],[-75.40314,5.50694],[-75.40297,5.50669],[-75.40297,5.50669],[-75.40272,5.50627],[-75.40272,5.50627],[-75.40245,5.50568],[-75.40245,5.50567],[-75.40245,5.50567],[-75.40235,5.50527],[-75.40235,5.50527],[-75.40235,5.50527],[-75.40233,5.50464],[-75.40216,5.50428],[-75.40216,5.50428],[-75.40199,5.50382],[-75.40178,5.50352],[-75.40161,5.50327],[-75.40161,5.50327],[-75.40134,5.50279],[-75.40134,5.50279],[-75.40111,5.50216],[-75.40111,5.50216],[-75.40099,5.5017],[-75.40099,5.50169],[-75.40099,5.50169],[-75.40099,5.5011],[-75.40099,5.5011],[-75.40099,5.50109],[-75.40112,5.50073],[-75.40112,5.50073],[-75.40112,5.50072],[-75.40113,5.50072],[-75.40146,5.50035],[-75.40119,5.50024],[-75.40079,5.50003],[-75.40044,5.49985],[-75.40019,5.49976],[-75.39992,5.49967],[-75.39972,5.49963],[-75.3994,5.49957],[-75.39874,5.49951],[-75.39854,5.49955],[-75.39835,5.4996],[-75.39809,5.49965],[-75.39781,5.49979],[-75.3975,5.50009],[-75.39738,5.50037],[-75.39718,5.50055],[-75.39704,5.50079],[-75.39679,5.501],[-75.39661,5.50114],[-75.39643,5.50122],[-75.39623,5.50132],[-75.39603,5.50136],[-75.3959,5.50142],[-75.39573,5.5014],[-75.39528,5.50126],[-75.39506,5.50116],[-75.39473,5.50094],[-75.39442,5.50066],[-75.39418,5.50043],[-75.394,5.5002],[-75.3938,5.49996],[-75.39357,5.49983],[-75.39344,5.49974],[-75.39326,5.49967],[-75.39308,5.49959],[-75.39282,5.49955],[-75.39249,5.49962],[-75.3922,5.4997],[-75.39193,5.49974],[-75.39173,5.49983],[-75.39148,5.49996],[-75.39122,5.50008],[-75.39093,5.50021],[-75.39091,5.50022],[-75.39102,5.50037],[-75.39102,5.50037],[-75.39116,5.5006],[-75.39121,5.50058],[-75.39128,5.50052],[-75.39134,5.50043],[-75.3914,5.50035],[-75.39147,5.50029],[-75.39158,5.50018],[-75.39176,5.50007],[-75.39189,5.49997],[-75.39215,5.49984],[-75.39233,5.49984],[-75.39247,5.49984],[-75.39258,5.49984],[-75.39269,5.49984],[-75.39283,5.49988],[-75.39294,5.49991],[-75.39308,5.49995],[-75.39319,5.50002],[-75.3933,5.50006],[-75.39337,5.50013],[-75.39344,5.5002],[-75.39351,5.50027],[-75.39355,5.50038],[-75.39362,5.50045],[-75.39376,5.50056],[-75.39384,5.50063],[-75.39391,5.5007],[-75.394,5.50079],[-75.39402,5.50081],[-75.39409,5.50088],[-75.39412,5.50099],[-75.3942,5.50106],[-75.39423,5.50117],[-75.3943,5.50127],[-75.39434,5.50142],[-75.39434,5.50147],[-75.39434,5.50153],[-75.39436,5.50156],[-75.39441,5.50163],[-75.39445,5.50174],[-75.39448,5.50185],[-75.39448,5.50196],[-75.39448,5.50206],[-75.39448,5.50221],[-75.39448,5.50231],[-75.39449,5.50242],[-75.39447,5.50247],[-75.39445,5.50253],[-75.39441,5.50264],[-75.39441,5.50275],[-75.39441,5.50285],[-75.39441,5.50296],[-75.39441,5.50307],[-75.39438,5.50318],[-75.39431,5.50325],[-75.3942,5.50328],[-75.39409,5.50332],[-75.39399,5.50332],[-75.39391,5.50339],[-75.39384,5.50346],[-75.39384,5.50357],[-75.39384,5.50368],[-75.39384,5.50379],[-75.39388,5.50389],[-75.39395,5.50382],[-75.39402,5.50375],[-75.39413,5.50371],[-75.39424,5.50371],[-75.39434,5.50371],[-75.39445,5.50371],[-75.3946,5.50375],[-75.39467,5.50382],[-75.39477,5.50386],[-75.39488,5.50393],[-75.39495,5.504],[-75.39499,5.50411],[-75.39499,5.50422],[-75.39499,5.50432],[-75.39503,5.50443],[-75.39503,5.50454],[-75.3951,5.50461],[-75.39515,5.50459],[-75.39518,5.50453],[-75.39519,5.50447],[-75.39519,5.5044],[-75.39523,5.50435],[-75.39528,5.50431],[-75.39538,5.50427],[-75.39542,5.50421],[-75.39544,5.50414],[-75.39548,5.50406],[-75.39549,5.50404],[-75.39557,5.504],[-75.3956,5.50395],[-75.39561,5.50391],[-75.39558,5.50384],[-75.39556,5.5038],[-75.39553,5.50371],[-75.39552,5.50363],[-75.39551,5.50356],[-75.39553,5.50345],[-75.39559,5.50342],[-75.3957,5.50339],[-75.39577,5.50337],[-75.39583,5.50333],[-75.39589,5.50328],[-75.39595,5.50321],[-75.39604,5.50313],[-75.39605,5.50306],[-75.39608,5.50295],[-75.3961,5.50288],[-75.39617,5.50278],[-75.39625,5.5027],[-75.39635,5.50268],[-75.39643,5.50269],[-75.39653,5.50276],[-75.39654,5.50288],[-75.39655,5.50299],[-75.39658,5.50309],[-75.39658,5.50318],[-75.39654,5.50325],[-75.3965,5.50335],[-75.39648,5.50342],[-75.3965,5.50352],[-75.39652,5.50354],[-75.39655,5.50354],[-75.39659,5.50352],[-75.39662,5.50349],[-75.39661,5.5035],[-75.39665,5.50354],[-75.39668,5.50363],[-75.3966,5.50378],[-75.39656,5.50385],[-75.39649,5.5039],[-75.39642,5.504],[-75.39635,5.5041],[-75.39637,5.50422],[-75.39641,5.50431],[-75.39644,5.50435],[-75.39647,5.50442],[-75.39649,5.50448],[-75.3965,5.50455],[-75.39653,5.50456],[-75.39656,5.50456],[-75.3966,5.50453],[-75.39665,5.5045],[-75.39669,5.50448],[-75.39675,5.50436],[-75.39678,5.50429],[-75.39683,5.5042],[-75.39687,5.50415],[-75.39691,5.50411],[-75.39696,5.50411],[-75.397,5.50413],[-75.39706,5.50419],[-75.39709,5.50429],[-75.39709,5.50438],[-75.39705,5.50448],[-75.397,5.50456],[-75.39689,5.50464],[-75.39679,5.50475],[-75.39668,5.50486],[-75.39662,5.50496],[-75.39657,5.50507],[-75.3966,5.50518],[-75.3966,5.50529],[-75.39663,5.50537],[-75.39667,5.50547],[-75.39669,5.50562],[-75.39673,5.50571],[-75.39675,5.50575],[-75.39685,5.50586],[-75.39693,5.50595],[-75.39698,5.50601],[-75.39699,5.50611],[-75.39698,5.5062],[-75.39692,5.50633],[-75.397,5.50633],[-75.39711,5.50629],[-75.39725,5.50629],[-75.39736,5.50629],[-75.39743,5.50636],[-75.39747,5.50647],[-75.39747,5.50658],[-75.39747,5.50669],[-75.39747,5.50683],[-75.39754,5.5069],[-75.39754,5.50701],[-75.39757,5.50712],[-75.39761,5.50722],[-75.39765,5.50733],[-75.39768,5.50744],[-75.39775,5.50751],[-75.39779,5.50762],[-75.39783,5.50776],[-75.39783,5.50787],[-75.39783,5.50798],[-75.39783,5.50808],[-75.39783,5.50819],[-75.39783,5.50834],[-75.39783,5.50844],[-75.39779,5.50862],[-75.39776,5.50873],[-75.39776,5.50884],[-75.39772,5.50898],[-75.39772,5.50909],[-75.39765,5.50916],[-75.39765,5.50927],[-75.39765,5.50938],[-75.39765,5.50948],[-75.39765,5.50959],[-75.39765,5.50973],[-75.39765,5.50984],[-75.39769,5.50995],[-75.39769,5.51006],[-75.39769,5.51017],[-75.39773,5.51027],[-75.39773,5.51038],[-75.39773,5.51056],[-75.39776,5.51067],[-75.3978,5.51078],[-75.3978,5.51078],[-75.3978,5.51088],[-75.39783,5.51099],[-75.39783,5.5111],[-75.39791,5.51117],[-75.39794,5.51128],[-75.39801,5.51135],[-75.39801,5.51146],[-75.39805,5.51156],[-75.39812,5.51164],[-75.39816,5.51178],[-75.39816,5.51189],[-75.39819,5.51199],[-75.39819,5.5121],[-75.3982,5.51221],[-75.39827,5.51232],[-75.39827,5.51242],[-75.39827,5.51253],[-75.3983,5.51268],[-75.39834,5.51278],[-75.39834,5.51289],[-75.39834,5.513],[-75.39834,5.51311],[-75.3983,5.51325],[-75.39823,5.51339],[-75.3982,5.5135],[-75.39816,5.51361],[-75.39816,5.51372],[-75.39816,5.51382],[-75.39816,5.51393],[-75.39816,5.51408],[-75.39824,5.51418],[-75.39827,5.51429],[-75.39831,5.5144],[-75.39831,5.51454],[-75.39834,5.51465],[-75.39834,5.51476],[-75.39838,5.51486],[-75.39838,5.51497],[-75.39838,5.51508],[-75.39838,5.51519],[-75.39838,5.51529],[-75.39838,5.5154],[-75.39838,5.51551],[-75.39838,5.51562],[-75.39838,5.51573],[-75.39838,5.51583],[-75.39838,5.51594],[-75.39838,5.51605],[-75.39838,5.51619],[-75.39838,5.5163],[-75.39838,5.51641],[-75.39838,5.51651],[-75.39838,5.51662],[-75.39838,5.51663],[-75.39832,5.5167],[-75.39827,5.51678],[-75.39819,5.51683],[-75.39813,5.51694],[-75.39808,5.51702],[-75.39805,5.51713],[-75.39805,5.51724],[-75.398,5.51732],[-75.39797,5.51742],[-75.39797,5.51753],[-75.39792,5.51764],[-75.39789,5.51775],[-75.39787,5.51785],[-75.39781,5.51794],[-75.39776,5.51802],[-75.39771,5.5181],[-75.39763,5.51818],[-75.39757,5.51826],[-75.39757,5.51826],[-75.39752,5.51834],[-75.39747,5.51842],[-75.39741,5.5185],[-75.39736,5.51858],[-75.39734,5.51867],[-75.39733,5.51869],[-75.39733,5.5188],[-75.39729,5.51889],[-75.39717,5.51892],[-75.39707,5.51896],[-75.39707,5.51896],[-75.39707,5.51899],[-75.39709,5.51911],[-75.3971,5.51926],[-75.39709,5.51935],[-75.39708,5.51949],[-75.39707,5.51954],[-75.39717,5.51969],[-75.39768,5.52017],[-75.39779,5.52042],[-75.3979,5.52067],[-75.39796,5.52086],[-75.39822,5.52115],[-75.39825,5.52128],[-75.39815,5.5217],[-75.39803,5.52223],[-75.39819,5.52229],[-75.39833,5.52245],[-75.39844,5.52256],[-75.39885,5.523],[-75.39928,5.52346]]]]},"properties":{"OBJECTID":22,"CODDEP":"17","AREA":167.811647828,"Tipo":"Bosque denso alto de tierra firme","Zona":"Zona de preservación","Subzona":"Zona de preservación","Shape_Length":11846.85195776691,"Shape_Area":1677483.615825629}},{"type":"Feature","id":23,"geometry":{"type":"Polygon","coordinates":[[[-75.39032,5.51227],[-75.39033,5.51229],[-75.39035,5.51231],[-75.39041,5.51236],[-75.39049,5.51239],[-75.39052,5.51239],[-75.39058,5.51241],[-75.39063,5.51241],[-75.3907,5.51239],[-75.39075,5.51237],[-75.39078,5.51236],[-75.39088,5.51234],[-75.39093,5.51232],[-75.391,5.51229],[-75.39105,5.51228],[-75.39109,5.51226],[-75.3912,5.51223],[-75.39125,5.51221],[-75.39136,5.51221],[-75.39143,5.51218],[-75.39152,5.51218],[-75.39158,5.51217],[-75.39166,5.51215],[-75.39172,5.51212],[-75.39177,5.51211],[-75.39177,5.51211],[-75.39185,5.5121],[-75.39198,5.51207],[-75.39203,5.51206],[-75.39209,5.51204],[-75.39217,5.51203],[-75.39218,5.51202],[-75.39223,5.512],[-75.39226,5.51199],[-75.39235,5.51195],[-75.39238,5.51192],[-75.39241,5.51188],[-75.39246,5.51183],[-75.39249,5.51178],[-75.39251,5.51174],[-75.39256,5.5117],[-75.39258,5.51169],[-75.39264,5.51165],[-75.39268,5.51164],[-75.39281,5.51165],[-75.39287,5.51167],[-75.39304,5.5117],[-75.39316,5.51173],[-75.39321,5.51173],[-75.39328,5.51175],[-75.39333,5.51176],[-75.39339,5.51181],[-75.39344,5.51181],[-75.39344,5.51172],[-75.39344,5.51172],[-75.39351,5.51136],[-75.3935,5.51136],[-75.39339,5.51132],[-75.39329,5.51129],[-75.39318,5.51125],[-75.39314,5.51114],[-75.39307,5.51107],[-75.39304,5.51097],[-75.39296,5.51086],[-75.39289,5.51075],[-75.39282,5.51064],[-75.39278,5.51054],[-75.39278,5.51043],[-75.39278,5.51041],[-75.39278,5.51032],[-75.39276,5.51026],[-75.39276,5.51022],[-75.39282,5.51017],[-75.39288,5.51013],[-75.39294,5.51009],[-75.39298,5.51004],[-75.39299,5.50997],[-75.39295,5.50988],[-75.39294,5.50984],[-75.39292,5.50975],[-75.39292,5.5097],[-75.39295,5.50965],[-75.39301,5.50959],[-75.39305,5.50955],[-75.39307,5.5095],[-75.39308,5.50946],[-75.3931,5.50937],[-75.3931,5.50933],[-75.39312,5.50915],[-75.39314,5.50908],[-75.39316,5.50903],[-75.39317,5.50897],[-75.39315,5.50893],[-75.39309,5.50898],[-75.39305,5.50903],[-75.39302,5.50909],[-75.39302,5.50918],[-75.39302,5.5093],[-75.393,5.50937],[-75.39292,5.50945],[-75.39287,5.50946],[-75.39283,5.50946],[-75.39278,5.50942],[-75.39273,5.50938],[-75.39267,5.50931],[-75.39261,5.50927],[-75.39258,5.50919],[-75.39252,5.50912],[-75.39247,5.50907],[-75.39245,5.50898],[-75.39246,5.5089],[-75.39244,5.50878],[-75.39235,5.50869],[-75.39225,5.50857],[-75.39219,5.50849],[-75.39218,5.5084],[-75.39218,5.50828],[-75.39221,5.50821],[-75.39229,5.50818],[-75.39233,5.50814],[-75.39235,5.50804],[-75.39235,5.50796],[-75.39236,5.50792],[-75.39242,5.50789],[-75.39245,5.50789],[-75.39249,5.50788],[-75.39252,5.50779],[-75.39248,5.50772],[-75.39232,5.50771],[-75.39226,5.50773],[-75.3922,5.50776],[-75.39213,5.50783],[-75.39205,5.5079],[-75.39203,5.50797],[-75.39203,5.50801],[-75.39208,5.5081],[-75.39208,5.50817],[-75.39207,5.50825],[-75.39206,5.50835],[-75.39205,5.50843],[-75.39206,5.50855],[-75.39208,5.50865],[-75.39212,5.50869],[-75.39216,5.50873],[-75.39223,5.50884],[-75.39223,5.50895],[-75.39227,5.50909],[-75.39236,5.50921],[-75.39241,5.50932],[-75.3925,5.50941],[-75.39261,5.50952],[-75.3927,5.50957],[-75.39278,5.50964],[-75.39284,5.50973],[-75.39282,5.50987],[-75.39277,5.50998],[-75.39268,5.51008],[-75.39253,5.51019],[-75.39238,5.51021],[-75.39225,5.5102],[-75.39215,5.51015],[-75.39206,5.51011],[-75.39203,5.51008],[-75.39195,5.50998],[-75.39188,5.50989],[-75.39181,5.5098],[-75.39169,5.50972],[-75.39157,5.50962],[-75.39144,5.5095],[-75.39137,5.50946],[-75.39125,5.50931],[-75.39097,5.50912],[-75.39087,5.50906],[-75.39083,5.50897],[-75.3908,5.50881],[-75.39073,5.50857],[-75.3907,5.50844],[-75.39072,5.50826],[-75.39072,5.50794],[-75.39073,5.50782],[-75.39068,5.50768],[-75.39056,5.50754],[-75.3905,5.50743],[-75.39044,5.50728],[-75.39043,5.50707],[-75.39044,5.50683],[-75.39041,5.50673],[-75.39038,5.50654],[-75.39038,5.50637],[-75.39039,5.50623],[-75.39042,5.50607],[-75.39048,5.50597],[-75.39053,5.50584],[-75.39059,5.50568],[-75.39067,5.50531],[-75.39065,5.50513],[-75.39066,5.50497],[-75.39067,5.50477],[-75.39073,5.50465],[-75.39086,5.50441],[-75.3909,5.50426],[-75.39108,5.50403],[-75.39109,5.50391],[-75.39117,5.50358],[-75.39117,5.50339],[-75.39121,5.50322],[-75.3912,5.50302],[-75.39118,5.50281],[-75.39114,5.50262],[-75.39102,5.50256],[-75.39099,5.50258],[-75.39097,5.50267],[-75.39096,5.50277],[-75.39095,5.50292],[-75.3909,5.50301],[-75.39078,5.50309],[-75.39064,5.50311],[-75.39053,5.50305],[-75.39046,5.50295],[-75.39041,5.50283],[-75.39044,5.50271],[-75.39042,5.50233],[-75.39042,5.50222],[-75.39043,5.50207],[-75.39044,5.50196],[-75.39046,5.50172],[-75.39048,5.50162],[-75.39049,5.50153],[-75.39054,5.50137],[-75.39054,5.50122],[-75.39051,5.5011],[-75.39049,5.50096],[-75.39051,5.50084],[-75.39057,5.50076],[-75.39065,5.50068],[-75.3907,5.50058],[-75.39079,5.50055],[-75.39094,5.50057],[-75.39108,5.50058],[-75.39112,5.50059],[-75.39099,5.50039],[-75.39088,5.50024],[-75.39071,5.50031],[-75.39039,5.50046],[-75.39001,5.50052],[-75.3898,5.50056],[-75.38954,5.50064],[-75.38897,5.50069],[-75.38847,5.50068],[-75.38792,5.50072],[-75.38774,5.50073],[-75.38753,5.50078],[-75.38719,5.50083],[-75.38713,5.50093],[-75.38688,5.5008],[-75.38641,5.50055],[-75.38596,5.50043],[-75.38585,5.5004],[-75.38548,5.50054],[-75.38548,5.50054],[-75.38503,5.5007],[-75.38481,5.5008],[-75.38468,5.50108],[-75.38456,5.50163],[-75.38454,5.50214],[-75.38459,5.50281],[-75.38459,5.50281],[-75.38459,5.50281],[-75.38458,5.5033],[-75.38457,5.50391],[-75.38457,5.50391],[-75.38453,5.50462],[-75.38452,5.50513],[-75.38452,5.50513],[-75.38447,5.50568],[-75.3845,5.50601],[-75.38455,5.50631],[-75.38456,5.50635],[-75.38456,5.50635],[-75.38467,5.50635],[-75.38475,5.50629],[-75.38486,5.50632],[-75.38494,5.50638],[-75.38502,5.50646],[-75.38507,5.50659],[-75.38513,5.50667],[-75.38515,5.50678],[-75.38518,5.50689],[-75.38521,5.50699],[-75.38524,5.5071],[-75.38526,5.50721],[-75.38534,5.50729],[-75.38545,5.50732],[-75.38556,5.50732],[-75.38572,5.50732],[-75.38583,5.50729],[-75.38593,5.50729],[-75.38604,5.50729],[-75.38615,5.50729],[-75.38626,5.50731],[-75.38636,5.50734],[-75.38645,5.50739],[-75.38653,5.50745],[-75.38658,5.50753],[-75.38666,5.50758],[-75.38671,5.50766],[-75.3868,5.50772],[-75.3869,5.50777],[-75.38698,5.50782],[-75.38709,5.50788],[-75.38717,5.50793],[-75.38723,5.50801],[-75.38731,5.50807],[-75.38739,5.50812],[-75.38744,5.5082],[-75.38752,5.50825],[-75.38757,5.50827],[-75.38757,5.50821],[-75.38757,5.50808],[-75.38757,5.5079],[-75.38757,5.50776],[-75.38757,5.50766],[-75.38753,5.5075],[-75.38751,5.50743],[-75.38742,5.50731],[-75.38738,5.50727],[-75.38732,5.50719],[-75.38728,5.50715],[-75.38724,5.50711],[-75.38714,5.50705],[-75.38708,5.50699],[-75.38696,5.50693],[-75.3869,5.50687],[-75.38676,5.5068],[-75.38673,5.50676],[-75.38668,5.50672],[-75.38659,5.50666],[-75.38647,5.50654],[-75.38639,5.5065],[-75.38631,5.50644],[-75.38623,5.50638],[-75.38617,5.5063],[-75.38609,5.50624],[-75.38603,5.50619],[-75.38599,5.50613],[-75.38595,5.50609],[-75.38585,5.50603],[-75.38583,5.50593],[-75.38583,5.50583],[-75.38583,5.50575],[-75.38585,5.50563],[-75.38585,5.50556],[-75.38585,5.50542],[-75.38585,5.50528],[-75.38585,5.50527],[-75.38585,5.50522],[-75.38585,5.50512],[-75.38583,5.50504],[-75.38581,5.50497],[-75.38577,5.50485],[-75.38575,5.50479],[-75.38574,5.50477],[-75.3857,5.50469],[-75.38568,5.50455],[-75.38562,5.50447],[-75.38558,5.50439],[-75.38554,5.50432],[-75.38548,5.50418],[-75.38546,5.50414],[-75.38544,5.50404],[-75.38544,5.50401],[-75.38544,5.5039],[-75.38544,5.50379],[-75.38544,5.50377],[-75.38544,5.50369],[-75.38544,5.50361],[-75.38546,5.50355],[-75.38558,5.50347],[-75.38564,5.50347],[-75.38572,5.50345],[-75.38585,5.50345],[-75.38599,5.50345],[-75.38613,5.50345],[-75.38627,5.50347],[-75.38631,5.50347],[-75.38637,5.50351],[-75.38649,5.50357],[-75.38657,5.50359],[-75.38663,5.50365],[-75.38668,5.50367],[-75.38674,5.50371],[-75.3868,5.50374],[-75.38692,5.50382],[-75.38698,5.50386],[-75.38702,5.50394],[-75.38712,5.504],[-75.38716,5.50408],[-75.3872,5.50416],[-75.38724,5.50424],[-75.3873,5.50434],[-75.38734,5.50436],[-75.38742,5.50441],[-75.38744,5.50453],[-75.38744,5.50461],[-75.38744,5.50471],[-75.38744,5.50483],[-75.38744,5.50495],[-75.38744,5.50504],[-75.38744,5.50514],[-75.38744,5.50524],[-75.38744,5.50532],[-75.38744,5.5054],[-75.38744,5.5055],[-75.38746,5.50561],[-75.38747,5.5057],[-75.38748,5.50579],[-75.38753,5.50591],[-75.38753,5.50599],[-75.38757,5.50605],[-75.38761,5.50613],[-75.38765,5.50617],[-75.38781,5.50623],[-75.38793,5.50624],[-75.38807,5.50628],[-75.38815,5.50628],[-75.38831,5.5063],[-75.3884,5.5063],[-75.38861,5.50634],[-75.38865,5.50634],[-75.38875,5.50637],[-75.38889,5.50637],[-75.38899,5.50639],[-75.38901,5.5064],[-75.38902,5.5064],[-75.3891,5.5064],[-75.38918,5.50646],[-75.38926,5.5065],[-75.38937,5.50656],[-75.38941,5.50662],[-75.38955,5.50672],[-75.38961,5.50676],[-75.38967,5.50685],[-75.38973,5.50691],[-75.38981,5.50701],[-75.38985,5.50711],[-75.38985,5.50723],[-75.38985,5.50733],[-75.38985,5.50741],[-75.38983,5.50756],[-75.38981,5.5077],[-75.38981,5.5078],[-75.38977,5.50796],[-75.38969,5.50809],[-75.38967,5.50819],[-75.38963,5.50829],[-75.3896,5.50836],[-75.38957,5.50845],[-75.38955,5.50853],[-75.38955,5.50863],[-75.38955,5.50865],[-75.38955,5.50876],[-75.38955,5.5088],[-75.38955,5.5089],[-75.38957,5.50894],[-75.38961,5.50904],[-75.38961,5.50906],[-75.38971,5.50918],[-75.38977,5.50928],[-75.38985,5.50932],[-75.38995,5.50935],[-75.39001,5.50937],[-75.39009,5.50941],[-75.39018,5.50945],[-75.39026,5.50951],[-75.39034,5.50953],[-75.39044,5.50959],[-75.39046,5.50961],[-75.39053,5.50965],[-75.39061,5.50973],[-75.39069,5.50981],[-75.39075,5.50989],[-75.39083,5.50997],[-75.39091,5.51008],[-75.39099,5.51013],[-75.3911,5.51016],[-75.39121,5.51021],[-75.39126,5.51029],[-75.39127,5.5103],[-75.39133,5.5103],[-75.39143,5.5103],[-75.39152,5.51033],[-75.39157,5.51036],[-75.39158,5.51036],[-75.39163,5.51043],[-75.39167,5.51048],[-75.39168,5.51053],[-75.39169,5.51058],[-75.39171,5.51064],[-75.39173,5.5107],[-75.39177,5.51077],[-75.39178,5.51082],[-75.39182,5.51088],[-75.39182,5.51094],[-75.39182,5.51102],[-75.39182,5.51107],[-75.39182,5.51114],[-75.39182,5.51119],[-75.39181,5.51123],[-75.39173,5.51133],[-75.39167,5.51137],[-75.39162,5.51142],[-75.39155,5.51144],[-75.39151,5.51146],[-75.39151,5.51146],[-75.39145,5.51151],[-75.39142,5.51152],[-75.3914,5.51153],[-75.39132,5.51156],[-75.39122,5.51158],[-75.39116,5.5116],[-75.3911,5.51164],[-75.39103,5.51167],[-75.39098,5.51168],[-75.39093,5.5117],[-75.39089,5.51172],[-75.39085,5.51173],[-75.39078,5.51176],[-75.39069,5.51183],[-75.39063,5.51185],[-75.39058,5.5119],[-75.39052,5.51192],[-75.39044,5.51199],[-75.39042,5.51201],[-75.39038,5.51205],[-75.39033,5.51209],[-75.39032,5.51215],[-75.39032,5.51221],[-75.39032,5.51227]]]},"properties":{"OBJECTID":23,"CODDEP":"17","AREA":49.4117928643,"Tipo":"Bosque denso alto de tierra firme","Zona":"Zona de preservación","Subzona":"Zona de preservación","Shape_Length":6855.547396704853,"Shape_Area":493927.75393899943}},{"type":"Feature","id":24,"geometry":{"type":"Polygon","coordinates":[[[-75.39448,5.51368],[-75.39456,5.51369],[-75.3946,5.51373],[-75.39463,5.51377],[-75.39464,5.51381],[-75.39469,5.51387],[-75.39469,5.51393],[-75.39473,5.51405],[-75.39475,5.51411],[-75.39478,5.51417],[-75.3948,5.51421],[-75.39488,5.5143],[-75.39495,5.51439],[-75.39503,5.51445],[-75.39509,5.5145],[-75.39515,5.51458],[-75.39519,5.51461],[-75.39522,5.51464],[-75.3953,5.51466],[-75.39534,5.51466],[-75.39545,5.51469],[-75.39551,5.51471],[-75.39556,5.51472],[-75.39565,5.51479],[-75.39567,5.51481],[-75.39571,5.51487],[-75.39574,5.51492],[-75.39577,5.51496],[-75.39581,5.51502],[-75.39584,5.51509],[-75.39589,5.51517],[-75.39589,5.51518],[-75.39593,5.51524],[-75.39594,5.5153],[-75.39598,5.51538],[-75.39599,5.51543],[-75.39603,5.51548],[-75.39604,5.51555],[-75.39604,5.51559],[-75.39607,5.51569],[-75.39607,5.51573],[-75.39608,5.5158],[-75.39609,5.51585],[-75.39614,5.51592],[-75.39618,5.51593],[-75.39623,5.51598],[-75.39631,5.51602],[-75.39638,5.51605],[-75.39639,5.51606],[-75.39649,5.51608],[-75.39659,5.5161],[-75.39662,5.5161],[-75.39663,5.5161],[-75.39659,5.51605],[-75.39652,5.51598],[-75.3965,5.51593],[-75.39648,5.51587],[-75.39645,5.51573],[-75.39641,5.51562],[-75.39641,5.51551],[-75.39641,5.51541],[-75.39645,5.5153],[-75.39648,5.51519],[-75.39648,5.51508],[-75.39648,5.51498],[-75.39645,5.51487],[-75.39641,5.51476],[-75.39641,5.51465],[-75.39641,5.51455],[-75.39641,5.51444],[-75.3963,5.5144],[-75.39623,5.51433],[-75.39616,5.51426],[-75.39605,5.51415],[-75.39598,5.51408],[-75.39587,5.51404],[-75.39576,5.51397],[-75.39569,5.5139],[-75.39558,5.51387],[-75.39555,5.51376],[-75.39551,5.51365],[-75.39548,5.51354],[-75.39548,5.51344],[-75.39548,5.51333],[-75.39548,5.51322],[-75.39555,5.51315],[-75.39565,5.51308],[-75.39569,5.51297],[-75.39555,5.5129],[-75.39547,5.51283],[-75.39537,5.51279],[-75.39522,5.51275],[-75.39508,5.51275],[-75.39497,5.51275],[-75.39487,5.51272],[-75.39479,5.51265],[-75.39472,5.51258],[-75.39465,5.5125],[-75.39458,5.51243],[-75.39451,5.51236],[-75.39444,5.51229],[-75.39443,5.51215],[-75.39443,5.512],[-75.39443,5.51189],[-75.39436,5.51182],[-75.39429,5.51175],[-75.39422,5.51168],[-75.39411,5.51161],[-75.394,5.51154],[-75.39393,5.51147],[-75.39382,5.51143],[-75.39372,5.51139],[-75.39361,5.51139],[-75.39354,5.51137],[-75.39348,5.51173],[-75.39348,5.51183],[-75.39351,5.51185],[-75.39354,5.51185],[-75.39361,5.51191],[-75.39369,5.51196],[-75.39375,5.51202],[-75.39384,5.51213],[-75.39387,5.51217],[-75.39392,5.51221],[-75.39397,5.51228],[-75.39401,5.51234],[-75.39405,5.51239],[-75.39408,5.51246],[-75.39412,5.5125],[-75.39416,5.51255],[-75.39417,5.51262],[-75.39417,5.51269],[-75.39417,5.51275],[-75.39416,5.51283],[-75.39415,5.51289],[-75.39408,5.51297],[-75.39407,5.51299],[-75.394,5.51303],[-75.39395,5.5131],[-75.39391,5.51315],[-75.39387,5.51321],[-75.39387,5.51323],[-75.39387,5.51329],[-75.39387,5.51334],[-75.39389,5.51342],[-75.39391,5.51349],[-75.39392,5.51352],[-75.39393,5.51352],[-75.39396,5.51359],[-75.39397,5.51364],[-75.39401,5.51369],[-75.39407,5.5137],[-75.39416,5.5137],[-75.39422,5.5137],[-75.39427,5.51369],[-75.3943,5.51369],[-75.39436,5.51368],[-75.39443,5.51366],[-75.39448,5.51368]]]},"properties":{"OBJECTID":24,"CODDEP":"17","AREA":5.08763951239,"Tipo":"Bosque denso alto de tierra firme","Zona":"Zona de preservación","Subzona":"Zona de preservación","Shape_Length":1493.258963155432,"Shape_Area":50857.03673140385}},{"type":"Feature","id":25,"geometry":{"type":"Polygon","coordinates":[[[-75.38606,5.51623],[-75.38615,5.51655],[-75.38641,5.51651],[-75.3869,5.51646],[-75.3871,5.51645],[-75.3875,5.51621],[-75.38825,5.51613],[-75.38878,5.51626],[-75.38893,5.51627],[-75.39002,5.51636],[-75.39066,5.51641],[-75.3909,5.5164],[-75.39077,5.51621],[-75.39077,5.51621],[-75.39077,5.51621],[-75.39077,5.51621],[-75.39074,5.51605],[-75.39063,5.51605],[-75.39052,5.51605],[-75.39041,5.51605],[-75.39028,5.51608],[-75.39012,5.51608],[-75.39001,5.51608],[-75.38993,5.51603],[-75.3899,5.51592],[-75.38982,5.51586],[-75.38971,5.51586],[-75.38958,5.51581],[-75.38947,5.51581],[-75.38942,5.51589],[-75.38931,5.51592],[-75.3892,5.51595],[-75.3891,5.51595],[-75.38902,5.516],[-75.38891,5.516],[-75.3888,5.51603],[-75.38869,5.51605],[-75.38859,5.51605],[-75.38845,5.51606],[-75.38834,5.51606],[-75.38824,5.51603],[-75.38821,5.51592],[-75.38818,5.51581],[-75.38808,5.51581],[-75.38797,5.51581],[-75.38786,5.51579],[-75.38781,5.51571],[-75.38775,5.5156],[-75.3877,5.51552],[-75.38762,5.51547],[-75.38754,5.51541],[-75.38743,5.51538],[-75.3873,5.51539],[-75.38716,5.51539],[-75.38708,5.51544],[-75.387,5.51549],[-75.38692,5.51555],[-75.38681,5.51555],[-75.3867,5.51549],[-75.38665,5.51541],[-75.38657,5.51533],[-75.38652,5.51525],[-75.38646,5.51517],[-75.38641,5.51506],[-75.38638,5.51496],[-75.38638,5.51482],[-75.38638,5.51471],[-75.38638,5.51461],[-75.38646,5.51455],[-75.38651,5.51447],[-75.38662,5.51444],[-75.38673,5.51442],[-75.38684,5.51442],[-75.38694,5.51439],[-75.38705,5.51439],[-75.38716,5.51439],[-75.38727,5.51436],[-75.38737,5.51434],[-75.38743,5.51425],[-75.38751,5.5142],[-75.38753,5.51409],[-75.38753,5.51399],[-75.38751,5.51388],[-75.38748,5.51377],[-75.38745,5.51366],[-75.38743,5.51355],[-75.38743,5.51345],[-75.3874,5.51334],[-75.3874,5.51323],[-75.38737,5.51312],[-75.38734,5.51302],[-75.38732,5.51291],[-75.3873,5.51283],[-75.38723,5.51283],[-75.3872,5.51283],[-75.38714,5.5128],[-75.38706,5.51278],[-75.38699,5.51274],[-75.38692,5.5127],[-75.38692,5.51262],[-75.38692,5.51255],[-75.38692,5.51249],[-75.38696,5.51244],[-75.38701,5.51239],[-75.38706,5.51232],[-75.38707,5.51231],[-75.3871,5.51229],[-75.38714,5.51227],[-75.38716,5.51225],[-75.38717,5.51224],[-75.3872,5.51222],[-75.38723,5.5122],[-75.38732,5.51216],[-75.38734,5.51214],[-75.38737,5.51212],[-75.3874,5.5121],[-75.38748,5.51205],[-75.38748,5.51205],[-75.38749,5.51204],[-75.38754,5.51201],[-75.38763,5.51195],[-75.38771,5.51189],[-75.38775,5.51188],[-75.38779,5.51184],[-75.38785,5.5118],[-75.38789,5.51176],[-75.38795,5.5117],[-75.38799,5.51165],[-75.38804,5.5116],[-75.38809,5.51158],[-75.38811,5.51151],[-75.38804,5.51151],[-75.38793,5.51154],[-75.38785,5.51159],[-75.3878,5.51167],[-75.38769,5.5117],[-75.38756,5.5117],[-75.38745,5.5117],[-75.38734,5.51167],[-75.38729,5.51159],[-75.38723,5.51151],[-75.38713,5.51148],[-75.38702,5.51146],[-75.38691,5.51143],[-75.3868,5.51143],[-75.3867,5.51143],[-75.38659,5.51143],[-75.38648,5.51143],[-75.38637,5.51146],[-75.38629,5.51151],[-75.38619,5.51157],[-75.38608,5.51159],[-75.386,5.51165],[-75.38592,5.5117],[-75.38581,5.5117],[-75.38568,5.5117],[-75.38557,5.51168],[-75.38546,5.51165],[-75.38535,5.51165],[-75.38525,5.51168],[-75.38517,5.51176],[-75.38506,5.51176],[-75.38498,5.5117],[-75.3849,5.51165],[-75.38487,5.51154],[-75.38487,5.51143],[-75.38492,5.51135],[-75.38492,5.51125],[-75.38495,5.51114],[-75.385,5.51106],[-75.38506,5.51098],[-75.38506,5.51084],[-75.38503,5.51073],[-75.38492,5.51073],[-75.38481,5.51079],[-75.38476,5.51087],[-75.38468,5.51092],[-75.38463,5.51103],[-75.38457,5.51111],[-75.38449,5.51119],[-75.38441,5.51111],[-75.38436,5.51103],[-75.38439,5.51092],[-75.38438,5.51082],[-75.38433,5.51074],[-75.38422,5.51074],[-75.38412,5.51074],[-75.38401,5.51071],[-75.38393,5.51066],[-75.38385,5.5106],[-75.38377,5.5105],[-75.38371,5.51039],[-75.38377,5.51031],[-75.38387,5.51031],[-75.38398,5.51033],[-75.38412,5.51033],[-75.38425,5.51041],[-75.38438,5.51044],[-75.38449,5.51041],[-75.3846,5.51039],[-75.38465,5.5103],[-75.38463,5.5102],[-75.38457,5.51012],[-75.38449,5.51006],[-75.38441,5.51001],[-75.38433,5.50996],[-75.38428,5.50988],[-75.38419,5.50979],[-75.38417,5.50969],[-75.38417,5.50958],[-75.38419,5.50947],[-75.38427,5.50942],[-75.38438,5.50942],[-75.38449,5.50942],[-75.38457,5.50936],[-75.38457,5.50926],[-75.38449,5.5092],[-75.38443,5.50912],[-75.38435,5.50907],[-75.38425,5.50909],[-75.38419,5.50918],[-75.38409,5.50923],[-75.38401,5.50928],[-75.3839,5.50928],[-75.38382,5.50923],[-75.38387,5.50915],[-75.3839,5.50904],[-75.38387,5.50893],[-75.38376,5.50893],[-75.38366,5.50896],[-75.38358,5.50904],[-75.38349,5.50912],[-75.38347,5.50923],[-75.38339,5.50928],[-75.38333,5.50937],[-75.38325,5.50942],[-75.3832,5.5095],[-75.38312,5.50955],[-75.38301,5.50958],[-75.38291,5.50958],[-75.3828,5.50958],[-75.38269,5.50958],[-75.38258,5.50961],[-75.38253,5.50969],[-75.3825,5.5098],[-75.38245,5.50988],[-75.38237,5.50996],[-75.38237,5.51007],[-75.3824,5.51018],[-75.38248,5.51023],[-75.3825,5.51034],[-75.38248,5.51044],[-75.38242,5.51055],[-75.38234,5.51061],[-75.38224,5.51061],[-75.38213,5.51058],[-75.38204,5.51056],[-75.38202,5.51055],[-75.38191,5.51053],[-75.38183,5.51045],[-75.38175,5.51039],[-75.3817,5.51031],[-75.38162,5.51023],[-75.38156,5.51015],[-75.38151,5.51007],[-75.38146,5.50999],[-75.38143,5.50988],[-75.38143,5.50977],[-75.38146,5.50967],[-75.38154,5.50959],[-75.38162,5.5095],[-75.38172,5.50945],[-75.38183,5.50945],[-75.38194,5.50945],[-75.38205,5.50945],[-75.38215,5.50945],[-75.38221,5.50937],[-75.38221,5.50926],[-75.38221,5.50915],[-75.38226,5.50907],[-75.38231,5.50899],[-75.38237,5.50888],[-75.38245,5.50883],[-75.38255,5.50883],[-75.38266,5.50883],[-75.38277,5.5088],[-75.3829,5.50877],[-75.38301,5.50875],[-75.38306,5.50867],[-75.38314,5.50861],[-75.3832,5.50853],[-75.38331,5.5085],[-75.38341,5.50848],[-75.38352,5.50848],[-75.38363,5.50848],[-75.38374,5.50845],[-75.38382,5.5084],[-75.38392,5.5084],[-75.384,5.50834],[-75.38403,5.50823],[-75.384,5.50813],[-75.38398,5.50802],[-75.38392,5.50794],[-75.38381,5.50788],[-75.38371,5.50786],[-75.38365,5.50786],[-75.38371,5.50788],[-75.38368,5.50799],[-75.3836,5.50805],[-75.38349,5.50805],[-75.38339,5.50805],[-75.3833,5.50799],[-75.3832,5.50797],[-75.38309,5.50794],[-75.38298,5.50797],[-75.38287,5.50799],[-75.38277,5.50802],[-75.38266,5.50802],[-75.38255,5.50802],[-75.38245,5.508],[-75.38234,5.50797],[-75.38226,5.50791],[-75.38223,5.50781],[-75.38231,5.50773],[-75.38234,5.50762],[-75.38234,5.50751],[-75.38231,5.5074],[-75.38226,5.50732],[-75.3822,5.50722],[-75.3822,5.50711],[-75.38228,5.50705],[-75.38239,5.50708],[-75.3825,5.50708],[-75.3826,5.50713],[-75.38268,5.50719],[-75.38279,5.50721],[-75.3829,5.50724],[-75.38298,5.50719],[-75.38295,5.50708],[-75.3829,5.507],[-75.38285,5.50692],[-75.38282,5.50681],[-75.38279,5.5067],[-75.38279,5.50657],[-75.38271,5.50651],[-75.3826,5.50651],[-75.3825,5.50654],[-75.38242,5.5066],[-75.38231,5.50662],[-75.3822,5.50662],[-75.38209,5.5066],[-75.38201,5.50654],[-75.38193,5.50649],[-75.38193,5.50638],[-75.38196,5.50627],[-75.38198,5.50617],[-75.38201,5.50606],[-75.38206,5.50598],[-75.38212,5.5059],[-75.3822,5.50582],[-75.38228,5.50576],[-75.38233,5.50568],[-75.38241,5.50563],[-75.38252,5.50563],[-75.38263,5.50563],[-75.38274,5.50563],[-75.38282,5.50568],[-75.38287,5.50579],[-75.38292,5.50587],[-75.38295,5.50598],[-75.38303,5.50603],[-75.38311,5.50608],[-75.38325,5.50606],[-75.38335,5.50606],[-75.38341,5.50597],[-75.38346,5.50589],[-75.38354,5.50584],[-75.38365,5.50587],[-75.38376,5.50587],[-75.38386,5.50589],[-75.38397,5.50595],[-75.38405,5.506],[-75.38411,5.50611],[-75.38416,5.50619],[-75.38424,5.50624],[-75.38432,5.50632],[-75.38443,5.50638],[-75.38452,5.50636],[-75.38451,5.50632],[-75.38451,5.50632],[-75.38446,5.50602],[-75.38446,5.50602],[-75.38444,5.50568],[-75.38444,5.50568],[-75.38444,5.50568],[-75.38448,5.50513],[-75.3845,5.50461],[-75.3845,5.50461],[-75.38453,5.50391],[-75.38454,5.5033],[-75.38455,5.50281],[-75.3845,5.50214],[-75.3845,5.50214],[-75.3845,5.50214],[-75.38453,5.50162],[-75.38453,5.50162],[-75.38453,5.50162],[-75.38464,5.50107],[-75.38464,5.50107],[-75.38464,5.50107],[-75.38478,5.50078],[-75.38478,5.50078],[-75.38478,5.50078],[-75.38478,5.50077],[-75.38478,5.50077],[-75.38478,5.50077],[-75.38501,5.50066],[-75.38501,5.50066],[-75.38547,5.50051],[-75.38579,5.50038],[-75.38568,5.50035],[-75.38531,5.50028],[-75.38491,5.5002],[-75.38441,5.50022],[-75.38398,5.50036],[-75.38363,5.50035],[-75.38329,5.50034],[-75.3832,5.50032],[-75.38286,5.50023],[-75.38273,5.5002],[-75.38253,5.50012],[-75.38227,5.50005],[-75.38177,5.49991],[-75.3813,5.49979],[-75.3807,5.49973],[-75.38031,5.49975],[-75.38007,5.49983],[-75.37977,5.49993],[-75.37943,5.50027],[-75.37915,5.50056],[-75.379,5.50073],[-75.37882,5.50089],[-75.37844,5.50095],[-75.37852,5.50111],[-75.37868,5.50144],[-75.37896,5.50188],[-75.37911,5.50237],[-75.37928,5.50291],[-75.37934,5.50355],[-75.37938,5.50406],[-75.37942,5.50468],[-75.37951,5.50494],[-75.37962,5.50525],[-75.37974,5.50563],[-75.37978,5.50611],[-75.37961,5.50657],[-75.37939,5.507],[-75.37901,5.5074],[-75.3789,5.50776],[-75.37896,5.50814],[-75.37899,5.50817],[-75.37903,5.50818],[-75.37913,5.50821],[-75.37924,5.50825],[-75.37931,5.50832],[-75.37938,5.50839],[-75.37949,5.50839],[-75.37956,5.50846],[-75.37957,5.50847],[-75.37973,5.50841],[-75.38023,5.50843],[-75.38043,5.5087],[-75.38069,5.50905],[-75.3809,5.50933],[-75.38104,5.50961],[-75.38124,5.51],[-75.38139,5.51029],[-75.38152,5.51054],[-75.38169,5.51059],[-75.38211,5.51073],[-75.38255,5.51099],[-75.38283,5.51129],[-75.38311,5.51165],[-75.38352,5.51218],[-75.38392,5.5125],[-75.38434,5.51297],[-75.38445,5.51327],[-75.38462,5.51363],[-75.38471,5.51387],[-75.38478,5.51399],[-75.3848,5.51402],[-75.38492,5.51409],[-75.38497,5.51421],[-75.385,5.51434],[-75.385,5.51434],[-75.38514,5.51452],[-75.38547,5.51486],[-75.38567,5.51524],[-75.38584,5.51557],[-75.38588,5.51569],[-75.38597,5.51593],[-75.38606,5.51623]]]},"properties":{"OBJECTID":25,"CODDEP":"17","AREA":72.9382371747,"Tipo":"Bosque denso alto de tierra firme","Zona":"Zona de preservación","Subzona":"Zona de preservación","Shape_Length":8534.608377080795,"Shape_Area":729098.9781929996}},{"type":"Feature","id":26,"geometry":{"type":"Polygon","coordinates":[[[-75.39584,5.51725],[-75.39585,5.51727],[-75.39621,5.51747],[-75.39628,5.51751],[-75.39644,5.51765],[-75.39675,5.51792],[-75.3968,5.51805],[-75.39688,5.51803],[-75.39699,5.51795],[-75.39706,5.51788],[-75.3971,5.51777],[-75.39713,5.51767],[-75.39717,5.51756],[-75.3972,5.51745],[-75.3972,5.51734],[-75.3972,5.51724],[-75.3972,5.51713],[-75.3972,5.51702],[-75.3972,5.51691],[-75.39713,5.51684],[-75.39706,5.51677],[-75.39699,5.5167],[-75.39699,5.51659],[-75.39695,5.51648],[-75.39691,5.51644],[-75.3969,5.51647],[-75.3969,5.51654],[-75.3969,5.51663],[-75.39691,5.51671],[-75.39692,5.51678],[-75.39692,5.51686],[-75.39692,5.51687],[-75.39686,5.51694],[-75.3968,5.517],[-75.39672,5.51704],[-75.39665,5.51705],[-75.39659,5.51707],[-75.3965,5.51708],[-75.39644,5.51707],[-75.39643,5.51705],[-75.39641,5.51703],[-75.39636,5.51693],[-75.39631,5.51686],[-75.39626,5.51686],[-75.3962,5.51686],[-75.39615,5.51687],[-75.3961,5.51687],[-75.39605,5.51687],[-75.39602,5.51687],[-75.39594,5.51683],[-75.39593,5.51683],[-75.39591,5.51682],[-75.39581,5.51682],[-75.3957,5.51682],[-75.3956,5.51682],[-75.39549,5.51682],[-75.39541,5.51677],[-75.39536,5.51669],[-75.3953,5.51658],[-75.39525,5.5165],[-75.39522,5.51639],[-75.39514,5.51634],[-75.39503,5.51634],[-75.39492,5.51634],[-75.39482,5.51634],[-75.39474,5.51639],[-75.39468,5.51647],[-75.39458,5.5165],[-75.39447,5.51647],[-75.39439,5.51642],[-75.39433,5.51634],[-75.39431,5.51623],[-75.39431,5.51612],[-75.39428,5.51602],[-75.39423,5.51593],[-75.39421,5.51588],[-75.39417,5.51588],[-75.39406,5.51588],[-75.39396,5.51588],[-75.39385,5.51588],[-75.39374,5.51588],[-75.39363,5.51588],[-75.39353,5.51586],[-75.39345,5.5158],[-75.39334,5.51578],[-75.39323,5.51575],[-75.39312,5.51572],[-75.39299,5.5157],[-75.39288,5.51564],[-75.39275,5.51562],[-75.39264,5.51559],[-75.39256,5.51553],[-75.39245,5.51554],[-75.39234,5.51551],[-75.39224,5.51551],[-75.39213,5.51554],[-75.39202,5.51554],[-75.39189,5.51556],[-75.39175,5.51556],[-75.39167,5.51562],[-75.39157,5.51564],[-75.39146,5.5157],[-75.39138,5.51575],[-75.3913,5.51583],[-75.39119,5.51586],[-75.39114,5.51594],[-75.39106,5.516],[-75.39095,5.516],[-75.39087,5.51605],[-75.39078,5.51605],[-75.39081,5.5162],[-75.39094,5.5164],[-75.39127,5.51638],[-75.39129,5.51633],[-75.3914,5.5163],[-75.39147,5.51622],[-75.39153,5.51622],[-75.39154,5.51621],[-75.39188,5.51593],[-75.39229,5.51615],[-75.39267,5.51606],[-75.39305,5.5159],[-75.39319,5.51593],[-75.39349,5.51599],[-75.39373,5.51611],[-75.39408,5.51628],[-75.39453,5.51652],[-75.39554,5.51709],[-75.3957,5.51718],[-75.39577,5.51718],[-75.39584,5.51725]]]},"properties":{"OBJECTID":26,"CODDEP":"17","AREA":3.50140327136,"Tipo":"Bosque denso alto de tierra firme","Zona":"Zona de preservación","Subzona":"Zona de preservación","Shape_Length":1866.4369928204067,"Shape_Area":35000.68915273229}},{"type":"Feature","id":27,"geometry":{"type":"Polygon","coordinates":[[[-75.40881,5.53178],[-75.40897,5.53187],[-75.40941,5.53149],[-75.41014,5.53136],[-75.41014,5.53155],[-75.41036,5.53158],[-75.41089,5.53082],[-75.41141,5.53055],[-75.41181,5.53035],[-75.41187,5.52971],[-75.41221,5.52949],[-75.41288,5.52904],[-75.41355,5.52904],[-75.41415,5.5289],[-75.41475,5.52875],[-75.41523,5.5282],[-75.41522,5.52811],[-75.41524,5.52804],[-75.41527,5.5279],[-75.41528,5.52775],[-75.41527,5.52766],[-75.41526,5.52759],[-75.41524,5.52754],[-75.41518,5.5275],[-75.41513,5.5275],[-75.415,5.52746],[-75.41491,5.52742],[-75.41483,5.52739],[-75.41473,5.52731],[-75.41464,5.52722],[-75.41461,5.52711],[-75.41461,5.527],[-75.41461,5.5269],[-75.41469,5.5266],[-75.41473,5.52629],[-75.41477,5.52597],[-75.41484,5.52574],[-75.41474,5.52555],[-75.41455,5.52482],[-75.41487,5.52431],[-75.415,5.52403],[-75.41537,5.52321],[-75.41543,5.52308],[-75.41529,5.52292],[-75.41504,5.52264],[-75.41473,5.52197],[-75.41424,5.52082],[-75.4139,5.51984],[-75.41358,5.51896],[-75.41302,5.51744],[-75.4125,5.51613],[-75.41183,5.51492],[-75.41126,5.51402],[-75.41115,5.51385],[-75.41087,5.51407],[-75.4106,5.51405],[-75.4101,5.51403],[-75.4095,5.5138],[-75.40927,5.51379],[-75.40855,5.51375],[-75.40788,5.51371],[-75.40732,5.51334],[-75.40706,5.51317],[-75.40673,5.51308],[-75.40624,5.51294],[-75.40595,5.51286],[-75.40581,5.51272],[-75.4056,5.51251],[-75.40541,5.51245],[-75.40516,5.5121],[-75.40545,5.51186],[-75.40589,5.5115],[-75.4062,5.51124],[-75.40655,5.51086],[-75.40661,5.51054],[-75.40664,5.51035],[-75.4069,5.51006],[-75.40735,5.50956],[-75.40784,5.50902],[-75.40816,5.50886],[-75.40863,5.50898],[-75.4089,5.50894],[-75.40931,5.50887],[-75.4097,5.5088],[-75.41015,5.50873],[-75.41058,5.50866],[-75.41097,5.50865],[-75.41091,5.50853],[-75.41091,5.50841],[-75.41091,5.50829],[-75.41091,5.50817],[-75.41085,5.50805],[-75.41085,5.50793],[-75.41085,5.50781],[-75.41079,5.5077],[-75.41079,5.50758],[-75.41073,5.50746],[-75.41073,5.50734],[-75.41067,5.50722],[-75.41055,5.50716],[-75.41055,5.50704],[-75.41049,5.50692],[-75.41043,5.5068],[-75.41031,5.50662],[-75.41031,5.5065],[-75.41019,5.50644],[-75.41013,5.50632],[-75.41001,5.50626],[-75.41001,5.50614],[-75.40989,5.50608],[-75.40989,5.50596],[-75.40977,5.5059],[-75.40965,5.50584],[-75.40953,5.50572],[-75.40947,5.50561],[-75.40935,5.50549],[-75.40922,5.5054],[-75.40917,5.50531],[-75.40917,5.50519],[-75.40917,5.50507],[-75.40917,5.50495],[-75.40917,5.50483],[-75.40917,5.50471],[-75.40923,5.50459],[-75.40923,5.50447],[-75.40927,5.5044],[-75.40915,5.50428],[-75.40872,5.50386],[-75.40821,5.50336],[-75.40784,5.50323],[-75.40703,5.50291],[-75.40643,5.50272],[-75.40629,5.50268],[-75.40594,5.50255],[-75.40548,5.50239],[-75.40544,5.50238],[-75.40518,5.50233],[-75.40472,5.50224],[-75.40429,5.50204],[-75.40403,5.50191],[-75.4038,5.50176],[-75.40338,5.50147],[-75.40309,5.50125],[-75.40258,5.50091],[-75.40241,5.50081],[-75.40216,5.50066],[-75.40168,5.50044],[-75.40149,5.50036],[-75.40115,5.50074],[-75.40102,5.5011],[-75.40103,5.50169],[-75.40114,5.50215],[-75.40137,5.50277],[-75.40164,5.50325],[-75.40181,5.5035],[-75.40202,5.5038],[-75.40202,5.5038],[-75.40202,5.50381],[-75.40219,5.50427],[-75.40237,5.50463],[-75.40237,5.50463],[-75.40237,5.50463],[-75.40237,5.50464],[-75.40239,5.50526],[-75.40248,5.50566],[-75.40275,5.50625],[-75.403,5.50667],[-75.40317,5.50692],[-75.40317,5.50692],[-75.4034,5.50732],[-75.40359,5.50759],[-75.40359,5.50759],[-75.4036,5.50759],[-75.40381,5.50805],[-75.40381,5.50805],[-75.40392,5.50832],[-75.40392,5.50832],[-75.40392,5.50832],[-75.40392,5.50833],[-75.4039,5.50852],[-75.4039,5.50852],[-75.4039,5.50852],[-75.4039,5.50853],[-75.4039,5.50853],[-75.40379,5.50868],[-75.40379,5.50868],[-75.40363,5.50887],[-75.40363,5.50887],[-75.40352,5.509],[-75.40354,5.50911],[-75.40358,5.50932],[-75.40369,5.50952],[-75.4037,5.50952],[-75.4037,5.50953],[-75.4037,5.50953],[-75.40374,5.50982],[-75.40374,5.50982],[-75.40374,5.51018],[-75.40376,5.51079],[-75.40378,5.51096],[-75.40378,5.51097],[-75.40378,5.51097],[-75.40375,5.51128],[-75.404,5.51137],[-75.40425,5.51135],[-75.40439,5.51113],[-75.40452,5.5108],[-75.40453,5.5108],[-75.40453,5.5108],[-75.40472,5.51055],[-75.40472,5.51055],[-75.40472,5.51055],[-75.40472,5.51055],[-75.40473,5.51054],[-75.40505,5.51047],[-75.40551,5.51026],[-75.40551,5.51026],[-75.40551,5.51026],[-75.40551,5.51026],[-75.40552,5.51026],[-75.40552,5.51026],[-75.40552,5.51026],[-75.40553,5.51026],[-75.40553,5.51026],[-75.40553,5.51026],[-75.40553,5.51027],[-75.40553,5.51027],[-75.40553,5.51027],[-75.40553,5.51028],[-75.40553,5.51028],[-75.40553,5.51028],[-75.40553,5.51028],[-75.40553,5.51029],[-75.40552,5.51029],[-75.40552,5.51029],[-75.40506,5.5105],[-75.40506,5.5105],[-75.40506,5.5105],[-75.40474,5.51058],[-75.40456,5.51082],[-75.40442,5.51114],[-75.40442,5.51115],[-75.40442,5.51115],[-75.40427,5.51138],[-75.40427,5.51138],[-75.40427,5.51138],[-75.40427,5.51138],[-75.40426,5.51138],[-75.40426,5.51138],[-75.40426,5.51139],[-75.40408,5.5114],[-75.40432,5.51148],[-75.40432,5.51149],[-75.40432,5.51149],[-75.40433,5.51149],[-75.40433,5.51149],[-75.40461,5.51185],[-75.40505,5.51212],[-75.40505,5.51212],[-75.40505,5.51212],[-75.40506,5.51212],[-75.40506,5.51212],[-75.40521,5.51251],[-75.40521,5.51251],[-75.40521,5.51251],[-75.40529,5.51297],[-75.40529,5.51297],[-75.40535,5.5136],[-75.40535,5.5136],[-75.40535,5.51361],[-75.40529,5.51435],[-75.40529,5.51435],[-75.40529,5.51436],[-75.40516,5.51472],[-75.40505,5.5152],[-75.40495,5.51566],[-75.40495,5.51566],[-75.40478,5.51617],[-75.40459,5.51682],[-75.40459,5.5171],[-75.40472,5.51735],[-75.40488,5.51759],[-75.40488,5.5176],[-75.40488,5.5176],[-75.40496,5.51779],[-75.40496,5.51779],[-75.40496,5.51779],[-75.40496,5.5178],[-75.40496,5.5178],[-75.40496,5.5178],[-75.40484,5.51809],[-75.40484,5.51809],[-75.40484,5.51809],[-75.40484,5.51809],[-75.40461,5.51834],[-75.40436,5.51861],[-75.40436,5.51861],[-75.40436,5.51861],[-75.40398,5.5189],[-75.40398,5.5189],[-75.40397,5.51891],[-75.40348,5.5191],[-75.40324,5.51927],[-75.40305,5.51961],[-75.40282,5.52008],[-75.40282,5.52009],[-75.40244,5.52072],[-75.40206,5.52145],[-75.40185,5.52183],[-75.40205,5.52176],[-75.40252,5.52155],[-75.40303,5.52098],[-75.40334,5.52076],[-75.40383,5.5208],[-75.4041,5.52082],[-75.40435,5.521],[-75.40416,5.5211],[-75.40406,5.52128],[-75.40391,5.52152],[-75.40396,5.52154],[-75.4041,5.52154],[-75.40421,5.52154],[-75.40432,5.52154],[-75.40442,5.52154],[-75.40453,5.52154],[-75.40464,5.52154],[-75.40475,5.52154],[-75.40485,5.52154],[-75.40492,5.52147],[-75.40496,5.52136],[-75.40503,5.52125],[-75.4051,5.52118],[-75.40517,5.52111],[-75.40517,5.521],[-75.40517,5.52089],[-75.40507,5.52089],[-75.40496,5.52093],[-75.40489,5.52103],[-75.40478,5.52107],[-75.40467,5.52111],[-75.40457,5.52114],[-75.40446,5.52114],[-75.40442,5.52104],[-75.40442,5.52093],[-75.40442,5.52082],[-75.40449,5.52071],[-75.40449,5.5206],[-75.40456,5.52053],[-75.4046,5.52043],[-75.40464,5.52032],[-75.40474,5.52028],[-75.40485,5.52025],[-75.40496,5.52021],[-75.40506,5.52017],[-75.40517,5.52017],[-75.40532,5.52014],[-75.40539,5.52006],[-75.40549,5.52006],[-75.4056,5.51999],[-75.40571,5.51996],[-75.40585,5.51996],[-75.40596,5.51992],[-75.40607,5.51992],[-75.40617,5.51988],[-75.40628,5.51988],[-75.40639,5.51988],[-75.4065,5.51985],[-75.40664,5.51981],[-75.40678,5.51981],[-75.40689,5.51981],[-75.407,5.51981],[-75.40711,5.51981],[-75.40725,5.51981],[-75.40736,5.51981],[-75.40746,5.51981],[-75.40757,5.51981],[-75.40768,5.51984],[-75.40779,5.51988],[-75.40789,5.51992],[-75.408,5.51992],[-75.40814,5.51991],[-75.40825,5.51995],[-75.40836,5.51995],[-75.40847,5.51995],[-75.40857,5.51995],[-75.40868,5.51995],[-75.40882,5.51995],[-75.40893,5.51995],[-75.40904,5.51998],[-75.40915,5.51998],[-75.40918,5.52009],[-75.40918,5.5202],[-75.40915,5.52031],[-75.40908,5.52038],[-75.409,5.52049],[-75.409,5.52059],[-75.40897,5.5207],[-75.4089,5.52081],[-75.40879,5.52088],[-75.40868,5.52092],[-75.40861,5.52099],[-75.4085,5.52103],[-75.40843,5.5211],[-75.40833,5.5211],[-75.40822,5.52113],[-75.40815,5.52121],[-75.40808,5.52128],[-75.40797,5.52131],[-75.40786,5.52135],[-75.40775,5.52139],[-75.40765,5.52139],[-75.40754,5.52139],[-75.40743,5.52142],[-75.40732,5.52146],[-75.40718,5.5215],[-75.40704,5.52157],[-75.40693,5.52157],[-75.40682,5.5216],[-75.40672,5.52164],[-75.40668,5.52175],[-75.40657,5.52182],[-75.4065,5.52193],[-75.40647,5.52204],[-75.40647,5.52214],[-75.40647,5.52225],[-75.4065,5.52236],[-75.40657,5.52243],[-75.40668,5.52247],[-75.40679,5.5225],[-75.4069,5.5225],[-75.407,5.5225],[-75.40715,5.5225],[-75.40725,5.52246],[-75.40736,5.52246],[-75.40743,5.52239],[-75.40754,5.52236],[-75.40765,5.52228],[-75.40776,5.52225],[-75.40786,5.52221],[-75.40797,5.52218],[-75.40808,5.52218],[-75.40822,5.52218],[-75.4084,5.52217],[-75.40854,5.52217],[-75.40865,5.52217],[-75.40876,5.52217],[-75.40886,5.52217],[-75.40897,5.52217],[-75.40897,5.52225],[-75.40897,5.52235],[-75.4089,5.52246],[-75.40887,5.52257],[-75.40879,5.52264],[-75.40872,5.52271],[-75.40865,5.52286],[-75.40858,5.52293],[-75.40854,5.52304],[-75.40847,5.52314],[-75.4084,5.52325],[-75.40837,5.52339],[-75.40829,5.52347],[-75.40822,5.52357],[-75.40819,5.52368],[-75.40819,5.52379],[-75.40819,5.5239],[-75.40819,5.52401],[-75.40819,5.52411],[-75.40819,5.52422],[-75.40812,5.52433],[-75.40805,5.5244],[-75.40801,5.52451],[-75.4079,5.52454],[-75.40787,5.52465],[-75.4078,5.52472],[-75.40776,5.52483],[-75.40776,5.52494],[-75.40783,5.52501],[-75.4079,5.52512],[-75.40798,5.52519],[-75.40805,5.52526],[-75.40805,5.52537],[-75.40805,5.52548],[-75.40805,5.52558],[-75.40805,5.52569],[-75.40801,5.5258],[-75.40801,5.52582],[-75.40801,5.52582],[-75.40813,5.52587],[-75.40815,5.52588],[-75.40856,5.52605],[-75.40898,5.52617],[-75.40898,5.52631],[-75.40898,5.52665],[-75.40904,5.52742],[-75.40904,5.5282],[-75.40888,5.52866],[-75.40871,5.52918],[-75.40863,5.52938],[-75.40865,5.53016],[-75.40859,5.53053],[-75.40865,5.53094],[-75.40871,5.53134],[-75.40881,5.53178]]]},"properties":{"OBJECTID":27,"CODDEP":"17","AREA":216.423537558,"Tipo":"Bosque denso alto de tierra firme","Zona":"Zona de preservación","Subzona":"Zona de preservación","Shape_Length":12219.0869956995,"Shape_Area":2163430.9540687394}},{"type":"Feature","id":28,"geometry":{"type":"Polygon","coordinates":[[[-75.40007,5.52331],[-75.40004,5.52326],[-75.4,5.52322],[-75.39995,5.52319],[-75.3999,5.52316],[-75.39985,5.52314],[-75.39979,5.52313],[-75.39974,5.52312],[-75.39968,5.52312],[-75.39963,5.52313],[-75.39957,5.52315],[-75.39952,5.52317],[-75.39947,5.52319],[-75.39942,5.52323],[-75.39938,5.52327],[-75.39935,5.52331],[-75.39932,5.52336],[-75.39929,5.52341],[-75.39928,5.52346],[-75.39933,5.52352],[-75.39967,5.52389],[-75.3998,5.52379],[-75.39983,5.52377],[-75.39987,5.52374],[-75.39997,5.52367],[-75.40011,5.52357],[-75.40014,5.52355],[-75.40016,5.52353],[-75.40015,5.52348],[-75.40014,5.52343],[-75.40012,5.52338],[-75.4001,5.52334],[-75.40007,5.52331]]]},"properties":{"OBJECTID":28,"CODDEP":"17","AREA":0.520473785345,"Tipo":"Area de influencia vivienda","Zona":"Zona general de uso público","Subzona":"Subzona de alta densidad de uso","Shape_Length":271.10361988638084,"Shape_Area":5202.770801760056}}]}