{"type":"FeatureCollection","name":"Zonificacion_PNN_Selva_Fllorencia","crs":{"type":"name","properties":{"name":"urn:ogc:def:crs:OGC:1.3:CRS84"}},"features":[{"type":"Feature","id":1,"geometry":{"type":"MultiPolygon","coordinates":[[[[-75.01894,5.48622],[-75.01903,5.48622],[-75.01903,5.48613],[-75.0193,5.48586],[-75.01939,5.48568],[-75.01948,5.4855],[-75.01957,5.48541],[-75.01984,5.48532],[-75.02011,5.48522],[-75.02138,5.48513],[-75.02349,5.48484],[-75.02517,5.48463],[-75.02531,5.48464],[-75.02589,5.48466],[-75.02601,5.48466],[-75.02606,5.48467],[-75.02661,5.48468],[-75.02672,5.48471],[-75.02686,5.48473],[-75.02686,5.48473],[-75.02686,5.48473],[-75.02691,5.48463],[-75.02695,5.48456],[-75.027,5.48438],[-75.027,5.48438],[-75.027,5.48438],[-75.027,5.48437],[-75.02704,5.48425],[-75.02706,5.48414],[-75.02706,5.48414],[-75.02706,5.48414],[-75.02706,5.48414],[-75.02706,5.48414],[-75.02706,5.48414],[-75.02706,5.48414],[-75.02708,5.48407],[-75.02699,5.48403],[-75.02669,5.48395],[-75.02644,5.48391],[-75.02644,5.48391],[-75.02643,5.48391],[-75.02643,5.48391],[-75.02643,5.48391],[-75.02643,5.48391],[-75.02626,5.48385],[-75.02626,5.48385],[-75.02601,5.48375],[-75.02595,5.48375],[-75.02588,5.48377],[-75.02588,5.48377],[-75.02588,5.48377],[-75.02588,5.48377],[-75.02588,5.48377],[-75.02588,5.48377],[-75.02587,5.48377],[-75.02587,5.48377],[-75.02587,5.48377],[-75.02584,5.48377],[-75.02581,5.48377],[-75.02572,5.48376],[-75.02572,5.48376],[-75.02572,5.48376],[-75.02572,5.48376],[-75.02571,5.48376],[-75.02571,5.48376],[-75.02571,5.48376],[-75.02571,5.48376],[-75.02571,5.48376],[-75.02571,5.48376],[-75.02557,5.48371],[-75.02557,5.48371],[-75.02557,5.48371],[-75.02557,5.48371],[-75.02557,5.48371],[-75.02557,5.48371],[-75.02557,5.48371],[-75.02557,5.4837],[-75.02557,5.4837],[-75.02554,5.48368],[-75.02551,5.48366],[-75.02551,5.48366],[-75.02551,5.48366],[-75.02551,5.48366],[-75.0255,5.48366],[-75.0255,5.48366],[-75.0255,5.48366],[-75.02545,5.48363],[-75.02545,5.48363],[-75.02545,5.48362],[-75.02545,5.48362],[-75.02545,5.48362],[-75.02545,5.48362],[-75.02542,5.48358],[-75.02537,5.48357],[-75.02537,5.48357],[-75.02537,5.48357],[-75.02537,5.48357],[-75.02537,5.48357],[-75.02537,5.48357],[-75.02536,5.48357],[-75.02536,5.48357],[-75.02536,5.48357],[-75.02531,5.48353],[-75.02531,5.48353],[-75.02531,5.48353],[-75.02531,5.48353],[-75.02526,5.48349],[-75.02522,5.48347],[-75.02518,5.48346],[-75.02502,5.48348],[-75.02494,5.48349],[-75.02494,5.48349],[-75.02494,5.48349],[-75.02494,5.48349],[-75.02494,5.48349],[-75.02494,5.48349],[-75.02488,5.48349],[-75.02484,5.4835],[-75.02478,5.48352],[-75.02469,5.48355],[-75.02469,5.48355],[-75.02469,5.48355],[-75.02468,5.48355],[-75.02468,5.48355],[-75.02468,5.48355],[-75.02468,5.48355],[-75.02468,5.48355],[-75.02468,5.48355],[-75.02468,5.48355],[-75.02459,5.48353],[-75.02454,5.48356],[-75.02454,5.48356],[-75.02454,5.48356],[-75.02454,5.48356],[-75.02454,5.48356],[-75.02446,5.48358],[-75.02446,5.48358],[-75.02446,5.48358],[-75.02446,5.48358],[-75.02446,5.48358],[-75.02446,5.48358],[-75.0244,5.48359],[-75.02438,5.4836],[-75.02433,5.48363],[-75.02433,5.48363],[-75.02433,5.48363],[-75.02433,5.48363],[-75.02433,5.48363],[-75.02427,5.48366],[-75.02424,5.48369],[-75.02424,5.48369],[-75.02424,5.48369],[-75.02424,5.4837],[-75.02423,5.4837],[-75.02423,5.4837],[-75.02423,5.4837],[-75.02423,5.4837],[-75.02423,5.4837],[-75.02423,5.4837],[-75.02416,5.48373],[-75.02416,5.48373],[-75.02415,5.48373],[-75.02415,5.48373],[-75.02415,5.48373],[-75.02415,5.48373],[-75.02415,5.48373],[-75.02415,5.48373],[-75.02415,5.48373],[-75.02414,5.48373],[-75.02408,5.48372],[-75.02402,5.48371],[-75.02398,5.48376],[-75.02398,5.48377],[-75.02398,5.48377],[-75.02398,5.48377],[-75.02398,5.48377],[-75.02398,5.48377],[-75.02398,5.48377],[-75.02397,5.48377],[-75.02397,5.48377],[-75.02397,5.48377],[-75.02397,5.48377],[-75.02397,5.48377],[-75.02397,5.48377],[-75.02397,5.48377],[-75.02397,5.48377],[-75.0239,5.48379],[-75.02384,5.4838],[-75.02384,5.4838],[-75.02384,5.4838],[-75.02384,5.4838],[-75.02383,5.4838],[-75.02383,5.4838],[-75.02383,5.4838],[-75.02383,5.4838],[-75.02383,5.4838],[-75.02383,5.4838],[-75.02383,5.4838],[-75.02372,5.48377],[-75.02372,5.48377],[-75.02372,5.48377],[-75.02372,5.48377],[-75.02372,5.48377],[-75.02372,5.48377],[-75.02371,5.48377],[-75.02371,5.48377],[-75.02365,5.48371],[-75.02365,5.48371],[-75.02365,5.48371],[-75.02364,5.48371],[-75.02362,5.48368],[-75.02351,5.48367],[-75.02351,5.48367],[-75.02351,5.48367],[-75.02351,5.48367],[-75.02342,5.48365],[-75.02336,5.48365],[-75.02336,5.48365],[-75.02336,5.48365],[-75.02336,5.48365],[-75.02328,5.48364],[-75.02328,5.48364],[-75.02328,5.48364],[-75.02328,5.48364],[-75.02328,5.48364],[-75.02321,5.48362],[-75.02321,5.48362],[-75.0232,5.48362],[-75.0232,5.48362],[-75.0232,5.48362],[-75.0232,5.48362],[-75.0232,5.48362],[-75.0232,5.48362],[-75.0232,5.48362],[-75.0232,5.48362],[-75.02319,5.48362],[-75.02319,5.48362],[-75.02319,5.48361],[-75.02319,5.48361],[-75.02319,5.48361],[-75.02319,5.48361],[-75.02319,5.48361],[-75.02319,5.48361],[-75.02319,5.48361],[-75.02319,5.48361],[-75.02319,5.4836],[-75.02319,5.4836],[-75.02317,5.48355],[-75.02311,5.48352],[-75.02311,5.48352],[-75.02311,5.48352],[-75.02311,5.48352],[-75.02301,5.48347],[-75.02301,5.48347],[-75.02301,5.48347],[-75.023,5.48347],[-75.023,5.48346],[-75.023,5.48346],[-75.023,5.48346],[-75.023,5.48346],[-75.023,5.48346],[-75.02299,5.48345],[-75.02299,5.48345],[-75.02299,5.48345],[-75.02299,5.48345],[-75.0229,5.48333],[-75.02288,5.48331],[-75.02282,5.48328],[-75.02277,5.48326],[-75.02277,5.48326],[-75.02277,5.48326],[-75.02277,5.48326],[-75.02277,5.48326],[-75.02276,5.48325],[-75.02276,5.48325],[-75.02276,5.48325],[-75.02276,5.48325],[-75.02276,5.48325],[-75.02276,5.48325],[-75.02276,5.48325],[-75.02276,5.48325],[-75.02273,5.48321],[-75.02259,5.48309],[-75.02254,5.48312],[-75.02246,5.48321],[-75.02246,5.48321],[-75.02246,5.48321],[-75.02246,5.48321],[-75.02245,5.48321],[-75.02245,5.48321],[-75.02245,5.48321],[-75.02245,5.48321],[-75.02245,5.48321],[-75.02245,5.48321],[-75.02245,5.48322],[-75.02244,5.48322],[-75.02244,5.48322],[-75.02244,5.48322],[-75.02244,5.48322],[-75.02244,5.48322],[-75.02244,5.48321],[-75.02244,5.48321],[-75.0223,5.48319],[-75.0223,5.48319],[-75.0223,5.48319],[-75.0223,5.48319],[-75.02216,5.48315],[-75.02198,5.48325],[-75.02198,5.48325],[-75.02198,5.48325],[-75.02198,5.48325],[-75.02186,5.48331],[-75.02177,5.48342],[-75.02172,5.48356],[-75.02171,5.48364],[-75.02171,5.48376],[-75.02172,5.48397],[-75.02172,5.48397],[-75.02172,5.48397],[-75.02172,5.48398],[-75.02172,5.48398],[-75.02172,5.48398],[-75.02172,5.48398],[-75.02171,5.48403],[-75.02171,5.48403],[-75.02171,5.48403],[-75.02171,5.48403],[-75.02171,5.48403],[-75.02171,5.48403],[-75.02171,5.48404],[-75.02171,5.48404],[-75.0217,5.48404],[-75.0217,5.48404],[-75.0217,5.48404],[-75.0217,5.48404],[-75.0217,5.48404],[-75.0217,5.48404],[-75.0217,5.48404],[-75.0217,5.48405],[-75.02169,5.48405],[-75.02169,5.48405],[-75.02169,5.48405],[-75.02169,5.48405],[-75.02162,5.48407],[-75.02162,5.48407],[-75.02162,5.48407],[-75.02154,5.48409],[-75.02154,5.48409],[-75.02154,5.48409],[-75.02154,5.48409],[-75.02154,5.48409],[-75.02154,5.48409],[-75.02153,5.48409],[-75.02143,5.4841],[-75.02136,5.48419],[-75.02134,5.48428],[-75.02134,5.48428],[-75.02134,5.48428],[-75.02134,5.48428],[-75.02134,5.48428],[-75.02134,5.48428],[-75.02133,5.48429],[-75.02133,5.48429],[-75.02133,5.48429],[-75.02133,5.48429],[-75.02133,5.48429],[-75.02133,5.48429],[-75.02125,5.48438],[-75.0212,5.48445],[-75.0212,5.48445],[-75.0212,5.48445],[-75.0212,5.48445],[-75.02119,5.48445],[-75.02119,5.48445],[-75.02119,5.48446],[-75.02119,5.48446],[-75.02119,5.48446],[-75.02119,5.48446],[-75.02114,5.48449],[-75.02114,5.48449],[-75.02114,5.48449],[-75.02114,5.48449],[-75.02114,5.48449],[-75.02114,5.48449],[-75.02114,5.48449],[-75.02113,5.48449],[-75.02113,5.48449],[-75.02113,5.48449],[-75.02113,5.48449],[-75.02113,5.48449],[-75.02109,5.48449],[-75.02109,5.48449],[-75.02109,5.48449],[-75.02109,5.48449],[-75.02108,5.48449],[-75.02108,5.48449],[-75.02108,5.48449],[-75.02108,5.48449],[-75.02108,5.48449],[-75.02102,5.48446],[-75.02084,5.48442],[-75.02084,5.48442],[-75.02084,5.48442],[-75.02084,5.48442],[-75.02084,5.48442],[-75.02067,5.48436],[-75.0206,5.48433],[-75.0205,5.48433],[-75.02049,5.48433],[-75.02049,5.48433],[-75.02049,5.48433],[-75.02049,5.48433],[-75.02048,5.48433],[-75.02032,5.48441],[-75.02032,5.48441],[-75.02032,5.48441],[-75.02031,5.48441],[-75.02031,5.48441],[-75.02031,5.48441],[-75.02031,5.48441],[-75.02031,5.48441],[-75.02031,5.48441],[-75.02031,5.48441],[-75.02014,5.4844],[-75.02005,5.48442],[-75.01989,5.4845],[-75.01988,5.4845],[-75.01988,5.4845],[-75.01988,5.4845],[-75.01988,5.4845],[-75.01988,5.4845],[-75.01972,5.48452],[-75.01964,5.48459],[-75.01964,5.48459],[-75.01964,5.48459],[-75.01964,5.48459],[-75.01964,5.48459],[-75.01964,5.48459],[-75.01963,5.48459],[-75.01963,5.48459],[-75.01963,5.48459],[-75.01963,5.4846],[-75.01963,5.4846],[-75.01963,5.4846],[-75.01962,5.4846],[-75.01962,5.4846],[-75.01962,5.4846],[-75.01962,5.4846],[-75.01962,5.4846],[-75.01942,5.48454],[-75.01941,5.48454],[-75.01941,5.48454],[-75.01941,5.48454],[-75.01941,5.48454],[-75.01941,5.48454],[-75.01941,5.48454],[-75.01941,5.48454],[-75.01941,5.48454],[-75.01928,5.48444],[-75.01912,5.4845],[-75.01906,5.48453],[-75.019,5.48456],[-75.01893,5.48462],[-75.01893,5.48462],[-75.01893,5.48462],[-75.01893,5.48462],[-75.0189,5.48465],[-75.01885,5.4847],[-75.01885,5.4847],[-75.01885,5.4847],[-75.01885,5.4847],[-75.01881,5.48473],[-75.0188,5.48473],[-75.0188,5.48474],[-75.0188,5.48474],[-75.0188,5.48474],[-75.01874,5.48477],[-75.01873,5.48478],[-75.01869,5.48482],[-75.01864,5.48489],[-75.01864,5.48489],[-75.01863,5.48489],[-75.01863,5.48489],[-75.01863,5.48489],[-75.01863,5.48489],[-75.01863,5.48489],[-75.01855,5.48495],[-75.01854,5.48502],[-75.01854,5.48502],[-75.01854,5.48502],[-75.01853,5.48502],[-75.01853,5.48502],[-75.01853,5.48502],[-75.01853,5.48502],[-75.01853,5.48502],[-75.01853,5.48503],[-75.01853,5.48503],[-75.01849,5.48508],[-75.01847,5.48513],[-75.01847,5.48513],[-75.01847,5.48513],[-75.01847,5.48514],[-75.01847,5.48514],[-75.01847,5.48514],[-75.01846,5.48515],[-75.01842,5.48523],[-75.01839,5.4853],[-75.01839,5.4853],[-75.01838,5.4853],[-75.01838,5.48531],[-75.01838,5.48531],[-75.01838,5.48531],[-75.01835,5.48534],[-75.01835,5.48534],[-75.01835,5.48534],[-75.01835,5.48534],[-75.01834,5.48534],[-75.01834,5.48535],[-75.01834,5.48535],[-75.01834,5.48535],[-75.01834,5.48535],[-75.01834,5.48535],[-75.01834,5.48535],[-75.01833,5.48535],[-75.01833,5.48535],[-75.01833,5.48535],[-75.01833,5.48535],[-75.01833,5.48535],[-75.01833,5.48535],[-75.01832,5.48535],[-75.01832,5.48535],[-75.01832,5.48535],[-75.01832,5.48535],[-75.01832,5.48534],[-75.01832,5.48534],[-75.01832,5.48534],[-75.01832,5.48534],[-75.01831,5.48534],[-75.01831,5.48534],[-75.01831,5.48534],[-75.01831,5.48534],[-75.01828,5.48531],[-75.01827,5.48531],[-75.01827,5.4853],[-75.01827,5.4853],[-75.01827,5.4853],[-75.01827,5.4853],[-75.01827,5.4853],[-75.01827,5.4853],[-75.01827,5.4853],[-75.01827,5.4853],[-75.0182,5.48511],[-75.0182,5.48511],[-75.0182,5.4851],[-75.0182,5.4851],[-75.0182,5.4851],[-75.0182,5.4851],[-75.0182,5.4851],[-75.0182,5.4851],[-75.0182,5.48509],[-75.0182,5.48509],[-75.0182,5.48509],[-75.01823,5.48496],[-75.01824,5.48473],[-75.01822,5.48473],[-75.01808,5.48473],[-75.01808,5.48473],[-75.01808,5.48473],[-75.01808,5.48473],[-75.01808,5.48473],[-75.01808,5.48473],[-75.01808,5.48473],[-75.01795,5.48471],[-75.01781,5.48471],[-75.01894,5.48622]]],[[[-75.09525,5.52366],[-75.09608,5.52421],[-75.09665,5.52439],[-75.09786,5.52362],[-75.0988,5.52317],[-75.10188,5.52329],[-75.10145,5.52299],[-75.1017,5.52211],[-75.10154,5.52191],[-75.10154,5.5219],[-75.10172,5.51974],[-75.10201,5.51866],[-75.10235,5.51782],[-75.10255,5.51704],[-75.10261,5.51687],[-75.10266,5.51673],[-75.10287,5.51618],[-75.10286,5.51618],[-75.10286,5.51618],[-75.10286,5.51618],[-75.10267,5.51595],[-75.10256,5.51605],[-75.10256,5.51605],[-75.10256,5.51605],[-75.10256,5.51605],[-75.10247,5.51613],[-75.10247,5.51613],[-75.10246,5.51613],[-75.10246,5.51614],[-75.10246,5.51614],[-75.10246,5.51614],[-75.10246,5.51614],[-75.10246,5.51614],[-75.10246,5.51614],[-75.10245,5.51614],[-75.10245,5.51614],[-75.10245,5.51614],[-75.10245,5.51614],[-75.10245,5.51614],[-75.10245,5.51614],[-75.10244,5.51614],[-75.10244,5.51614],[-75.10244,5.51614],[-75.10244,5.51614],[-75.10244,5.51614],[-75.10244,5.51614],[-75.10244,5.51614],[-75.10243,5.51614],[-75.10243,5.51613],[-75.10243,5.51613],[-75.10243,5.51613],[-75.1024,5.51611],[-75.1024,5.5161],[-75.1024,5.5161],[-75.1024,5.5161],[-75.1024,5.5161],[-75.1024,5.5161],[-75.1024,5.5161],[-75.1024,5.5161],[-75.1024,5.5161],[-75.1024,5.51609],[-75.1024,5.51609],[-75.1024,5.51609],[-75.10239,5.51604],[-75.10239,5.51604],[-75.10239,5.51604],[-75.10239,5.51604],[-75.10238,5.51592],[-75.10235,5.51589],[-75.10226,5.51583],[-75.10219,5.51583],[-75.10219,5.51583],[-75.10218,5.51583],[-75.10218,5.51583],[-75.10218,5.51583],[-75.10218,5.51583],[-75.10218,5.51583],[-75.10218,5.51582],[-75.10218,5.51582],[-75.10217,5.51582],[-75.10217,5.51582],[-75.10217,5.51582],[-75.10217,5.51582],[-75.10217,5.51582],[-75.10217,5.51581],[-75.10216,5.51581],[-75.10216,5.51581],[-75.10216,5.51581],[-75.10216,5.51581],[-75.10216,5.51581],[-75.10216,5.51581],[-75.10216,5.5158],[-75.10216,5.5158],[-75.10216,5.5158],[-75.10216,5.5158],[-75.10216,5.5158],[-75.10216,5.5158],[-75.10216,5.5158],[-75.10219,5.51561],[-75.10205,5.51528],[-75.10205,5.51528],[-75.10205,5.51528],[-75.10205,5.51528],[-75.10205,5.51527],[-75.10205,5.51527],[-75.10201,5.51509],[-75.10196,5.51487],[-75.1019,5.51465],[-75.1019,5.51465],[-75.1019,5.51465],[-75.1019,5.51465],[-75.1019,5.51465],[-75.1019,5.51464],[-75.1019,5.51464],[-75.1019,5.51464],[-75.1019,5.51464],[-75.1019,5.51464],[-75.10191,5.51456],[-75.10191,5.51456],[-75.10191,5.51456],[-75.10194,5.51441],[-75.10194,5.51433],[-75.1019,5.51413],[-75.10178,5.51396],[-75.10178,5.51396],[-75.10177,5.51396],[-75.10177,5.51396],[-75.10177,5.51396],[-75.10167,5.51376],[-75.10151,5.51351],[-75.10151,5.51351],[-75.10151,5.51351],[-75.10151,5.5135],[-75.10151,5.5135],[-75.10151,5.5135],[-75.10151,5.5135],[-75.10151,5.5135],[-75.10151,5.5135],[-75.10151,5.5135],[-75.10151,5.51349],[-75.10151,5.51349],[-75.10151,5.51349],[-75.10151,5.51349],[-75.10151,5.51349],[-75.10151,5.51349],[-75.10151,5.51348],[-75.10151,5.51348],[-75.10151,5.51348],[-75.10151,5.51348],[-75.10156,5.51338],[-75.10163,5.51317],[-75.10171,5.51292],[-75.10171,5.51292],[-75.10171,5.51292],[-75.10171,5.51292],[-75.10172,5.51291],[-75.10172,5.51291],[-75.10172,5.51291],[-75.10172,5.51291],[-75.10172,5.51291],[-75.10172,5.51291],[-75.10187,5.51275],[-75.10188,5.51266],[-75.10188,5.51266],[-75.10186,5.51266],[-75.10178,5.51267],[-75.10173,5.51267],[-75.10173,5.51267],[-75.10173,5.51267],[-75.10173,5.51267],[-75.10173,5.51267],[-75.10173,5.51267],[-75.10172,5.51267],[-75.10172,5.51267],[-75.10172,5.51267],[-75.10172,5.51267],[-75.10172,5.51267],[-75.10172,5.51267],[-75.10172,5.51267],[-75.10172,5.51267],[-75.10171,5.51267],[-75.10171,5.51267],[-75.10169,5.51265],[-75.10161,5.51264],[-75.10161,5.51264],[-75.10161,5.51264],[-75.10161,5.51264],[-75.10161,5.51264],[-75.10161,5.51264],[-75.1016,5.51264],[-75.1016,5.51264],[-75.1016,5.51264],[-75.1016,5.51263],[-75.1016,5.51263],[-75.1016,5.51263],[-75.1016,5.51263],[-75.1016,5.51263],[-75.1016,5.51263],[-75.10155,5.51258],[-75.10155,5.51258],[-75.10154,5.51258],[-75.10154,5.51257],[-75.10154,5.51257],[-75.10154,5.51257],[-75.10154,5.51257],[-75.10154,5.51257],[-75.10154,5.51257],[-75.10154,5.51256],[-75.10154,5.51256],[-75.10154,5.51256],[-75.10153,5.51249],[-75.10153,5.51249],[-75.10153,5.51249],[-75.10153,5.51249],[-75.10153,5.51249],[-75.10153,5.51248],[-75.10153,5.51248],[-75.10153,5.51248],[-75.10154,5.51243],[-75.10154,5.51243],[-75.10154,5.51243],[-75.10154,5.51243],[-75.10154,5.51243],[-75.10154,5.51243],[-75.10154,5.51243],[-75.10154,5.51243],[-75.10154,5.51242],[-75.10154,5.51242],[-75.10154,5.51242],[-75.10155,5.51242],[-75.10155,5.51242],[-75.10155,5.51242],[-75.10155,5.51242],[-75.10155,5.51242],[-75.10155,5.51242],[-75.10156,5.51241],[-75.10156,5.51241],[-75.10156,5.51241],[-75.10159,5.5124],[-75.10166,5.51237],[-75.10167,5.51235],[-75.10168,5.51231],[-75.10162,5.51229],[-75.10162,5.51229],[-75.10162,5.51229],[-75.10162,5.51229],[-75.10161,5.51228],[-75.10161,5.51228],[-75.10161,5.51228],[-75.10161,5.51228],[-75.10161,5.51228],[-75.10155,5.51223],[-75.10148,5.51221],[-75.10141,5.51224],[-75.10141,5.51224],[-75.10141,5.51224],[-75.1014,5.51224],[-75.1014,5.51224],[-75.1014,5.51224],[-75.1014,5.51224],[-75.1014,5.51224],[-75.1014,5.51224],[-75.1014,5.51224],[-75.10136,5.51224],[-75.10122,5.51226],[-75.10121,5.51226],[-75.10121,5.51226],[-75.10121,5.51226],[-75.10121,5.51226],[-75.10121,5.51226],[-75.10121,5.51226],[-75.10107,5.51223],[-75.10107,5.51223],[-75.10107,5.51223],[-75.10107,5.51223],[-75.10103,5.51222],[-75.10101,5.51224],[-75.10099,5.51229],[-75.10099,5.51229],[-75.10099,5.51229],[-75.10099,5.51229],[-75.10099,5.5123],[-75.10096,5.51234],[-75.10095,5.51236],[-75.10095,5.51242],[-75.10095,5.51242],[-75.10095,5.51243],[-75.10095,5.51248],[-75.10095,5.51248],[-75.10095,5.51248],[-75.10095,5.51248],[-75.10094,5.51249],[-75.10094,5.51249],[-75.10094,5.51249],[-75.10094,5.51249],[-75.10094,5.51249],[-75.10094,5.51249],[-75.10089,5.51261],[-75.10088,5.51261],[-75.10088,5.51261],[-75.10088,5.51262],[-75.10088,5.51262],[-75.10088,5.51262],[-75.10088,5.51262],[-75.10088,5.51262],[-75.10071,5.51274],[-75.10063,5.51282],[-75.10056,5.51287],[-75.10056,5.51287],[-75.10056,5.51288],[-75.10056,5.51288],[-75.10056,5.51288],[-75.10056,5.51288],[-75.1005,5.51291],[-75.10044,5.51294],[-75.10044,5.51294],[-75.10044,5.51294],[-75.10044,5.51294],[-75.10044,5.51294],[-75.10044,5.51294],[-75.10044,5.51294],[-75.10037,5.51298],[-75.10028,5.51303],[-75.10019,5.51308],[-75.10019,5.5131],[-75.10019,5.5131],[-75.10019,5.5131],[-75.10015,5.51318],[-75.10014,5.51321],[-75.10012,5.51332],[-75.10012,5.51332],[-75.10012,5.51332],[-75.10012,5.51333],[-75.10012,5.51333],[-75.10012,5.51333],[-75.10012,5.51333],[-75.10012,5.51333],[-75.10012,5.51333],[-75.10011,5.51333],[-75.10011,5.51334],[-75.10011,5.51334],[-75.10011,5.51334],[-75.10011,5.51334],[-75.1,5.51343],[-75.1,5.51343],[-75.1,5.51343],[-75.1,5.51343],[-75.1,5.51343],[-75.1,5.51343],[-75.09995,5.51345],[-75.09984,5.51353],[-75.09984,5.51353],[-75.09984,5.51353],[-75.09984,5.51353],[-75.09984,5.51353],[-75.09979,5.51356],[-75.09979,5.51363],[-75.0998,5.51369],[-75.0998,5.51369],[-75.0998,5.51369],[-75.0998,5.51369],[-75.0998,5.51369],[-75.0998,5.51369],[-75.0998,5.51369],[-75.09979,5.51372],[-75.0998,5.51374],[-75.0998,5.51375],[-75.0998,5.51375],[-75.0998,5.51375],[-75.0998,5.51385],[-75.0998,5.51385],[-75.0998,5.51385],[-75.0998,5.51386],[-75.0998,5.51386],[-75.0998,5.51386],[-75.0998,5.51386],[-75.0998,5.51386],[-75.0998,5.51386],[-75.0998,5.51386],[-75.0998,5.51387],[-75.0998,5.51387],[-75.0998,5.51387],[-75.0998,5.51387],[-75.0998,5.51387],[-75.09979,5.51387],[-75.09979,5.51387],[-75.09979,5.51388],[-75.09979,5.51388],[-75.09975,5.5139],[-75.09971,5.51393],[-75.0997,5.51393],[-75.0997,5.51394],[-75.0997,5.51394],[-75.0997,5.51394],[-75.0997,5.51394],[-75.0997,5.51394],[-75.0997,5.51394],[-75.0997,5.51394],[-75.09969,5.51394],[-75.09969,5.51394],[-75.09969,5.51394],[-75.09967,5.51394],[-75.09963,5.51395],[-75.09958,5.51398],[-75.09958,5.51398],[-75.09958,5.51398],[-75.09958,5.51398],[-75.09958,5.51398],[-75.09958,5.51398],[-75.09958,5.51398],[-75.09955,5.514],[-75.09955,5.514],[-75.09955,5.514],[-75.09949,5.51402],[-75.09949,5.51402],[-75.09949,5.51402],[-75.09948,5.51402],[-75.09948,5.51402],[-75.09948,5.51402],[-75.09948,5.51402],[-75.09948,5.51402],[-75.09948,5.51402],[-75.09947,5.51402],[-75.09947,5.51402],[-75.0994,5.51401],[-75.0994,5.51401],[-75.0994,5.514],[-75.0994,5.514],[-75.0994,5.514],[-75.0994,5.514],[-75.0994,5.514],[-75.09939,5.514],[-75.09939,5.514],[-75.09939,5.514],[-75.09935,5.51397],[-75.09935,5.51397],[-75.09935,5.51396],[-75.09935,5.51396],[-75.09935,5.51396],[-75.09935,5.51396],[-75.09935,5.51396],[-75.09933,5.51394],[-75.09933,5.51394],[-75.09933,5.51394],[-75.09933,5.51393],[-75.09933,5.51393],[-75.09933,5.51393],[-75.09933,5.51393],[-75.09933,5.51393],[-75.09933,5.51393],[-75.09933,5.51393],[-75.09933,5.51392],[-75.09933,5.5139],[-75.09933,5.5139],[-75.09933,5.5139],[-75.09933,5.51389],[-75.09933,5.51389],[-75.09933,5.51389],[-75.09933,5.51389],[-75.09933,5.51389],[-75.09933,5.51389],[-75.09933,5.51388],[-75.09933,5.51388],[-75.09933,5.51388],[-75.09933,5.51388],[-75.09933,5.51388],[-75.09933,5.51388],[-75.09933,5.51388],[-75.09934,5.51388],[-75.09934,5.51388],[-75.09934,5.51388],[-75.09934,5.51387],[-75.09934,5.51387],[-75.09933,5.51381],[-75.09925,5.51371],[-75.09925,5.51371],[-75.09925,5.51371],[-75.09925,5.51371],[-75.09925,5.5137],[-75.09925,5.5137],[-75.09925,5.5137],[-75.09925,5.5137],[-75.09925,5.5137],[-75.09925,5.5137],[-75.09925,5.5137],[-75.09925,5.51369],[-75.09925,5.51369],[-75.09924,5.51363],[-75.09921,5.51359],[-75.09921,5.51359],[-75.09921,5.51359],[-75.09921,5.51359],[-75.09921,5.51358],[-75.09921,5.51358],[-75.09921,5.51358],[-75.09921,5.51358],[-75.09921,5.51358],[-75.09921,5.51358],[-75.09921,5.51358],[-75.09921,5.51357],[-75.09921,5.51357],[-75.09921,5.51357],[-75.09921,5.51357],[-75.09921,5.51357],[-75.09923,5.51345],[-75.09923,5.51345],[-75.09923,5.51344],[-75.09923,5.51344],[-75.09925,5.51334],[-75.09929,5.51314],[-75.09926,5.51306],[-75.09926,5.51306],[-75.09926,5.51306],[-75.09926,5.51306],[-75.09926,5.51305],[-75.09926,5.51305],[-75.09926,5.51305],[-75.09926,5.51305],[-75.09926,5.51305],[-75.09926,5.51305],[-75.09926,5.51305],[-75.09926,5.51304],[-75.09926,5.51304],[-75.09926,5.51304],[-75.09926,5.51304],[-75.09926,5.51304],[-75.0995,5.51255],[-75.09948,5.51255],[-75.09943,5.51256],[-75.09943,5.51256],[-75.09943,5.51256],[-75.09943,5.51256],[-75.09943,5.51256],[-75.09943,5.51256],[-75.09943,5.51256],[-75.09942,5.51256],[-75.09936,5.51255],[-75.09933,5.51257],[-75.09928,5.51266],[-75.09923,5.51279],[-75.09923,5.51279],[-75.09923,5.5128],[-75.09923,5.5128],[-75.09923,5.5128],[-75.09923,5.5128],[-75.09922,5.51281],[-75.09922,5.51281],[-75.09922,5.51281],[-75.09922,5.51281],[-75.09922,5.51281],[-75.09922,5.51281],[-75.09922,5.51281],[-75.09922,5.51281],[-75.09909,5.51296],[-75.09909,5.51296],[-75.09909,5.51297],[-75.09908,5.51297],[-75.09908,5.51297],[-75.09908,5.51297],[-75.09908,5.51297],[-75.09908,5.51297],[-75.09908,5.51297],[-75.09908,5.51297],[-75.09908,5.51297],[-75.09907,5.51297],[-75.09898,5.513],[-75.09895,5.5131],[-75.099,5.51322],[-75.099,5.51323],[-75.099,5.51323],[-75.099,5.51323],[-75.099,5.51323],[-75.099,5.51323],[-75.099,5.51323],[-75.099,5.51324],[-75.099,5.51324],[-75.099,5.51324],[-75.099,5.51324],[-75.099,5.51324],[-75.099,5.51324],[-75.09897,5.51336],[-75.09897,5.51336],[-75.09897,5.51336],[-75.09896,5.51337],[-75.09896,5.51337],[-75.09896,5.51337],[-75.09892,5.51344],[-75.09892,5.51344],[-75.09892,5.51344],[-75.09892,5.51344],[-75.09892,5.51344],[-75.09892,5.51344],[-75.09892,5.51344],[-75.09891,5.51344],[-75.09891,5.51345],[-75.09891,5.51345],[-75.09888,5.51347],[-75.09888,5.51347],[-75.09888,5.51347],[-75.09887,5.51347],[-75.09887,5.51347],[-75.09887,5.51347],[-75.09887,5.51347],[-75.09887,5.51347],[-75.09886,5.51347],[-75.09886,5.51347],[-75.09886,5.51348],[-75.09885,5.51348],[-75.09885,5.51348],[-75.09885,5.51348],[-75.09885,5.51348],[-75.09885,5.51348],[-75.09885,5.51348],[-75.09885,5.51348],[-75.09885,5.51348],[-75.09884,5.51348],[-75.09884,5.51348],[-75.09884,5.51348],[-75.09884,5.51348],[-75.09876,5.51348],[-75.09863,5.51349],[-75.09863,5.51349],[-75.09863,5.51349],[-75.09863,5.51349],[-75.09863,5.51349],[-75.09863,5.51349],[-75.09857,5.51349],[-75.09851,5.5135],[-75.0984,5.51356],[-75.09833,5.51366],[-75.09832,5.5137],[-75.09837,5.51376],[-75.0984,5.51377],[-75.09847,5.51378],[-75.09847,5.51378],[-75.09847,5.51378],[-75.09847,5.51378],[-75.09847,5.51378],[-75.09848,5.51378],[-75.09848,5.51378],[-75.09848,5.51378],[-75.09848,5.51379],[-75.09848,5.51379],[-75.09848,5.51379],[-75.09848,5.51379],[-75.09848,5.51379],[-75.09849,5.51379],[-75.09849,5.51379],[-75.09849,5.51379],[-75.09849,5.5138],[-75.09849,5.5138],[-75.09849,5.5138],[-75.09849,5.5138],[-75.09849,5.5138],[-75.09849,5.51381],[-75.09849,5.51381],[-75.09849,5.51381],[-75.09849,5.51381],[-75.09849,5.51382],[-75.09849,5.51382],[-75.09849,5.51382],[-75.09849,5.51382],[-75.09845,5.51392],[-75.09845,5.51392],[-75.09845,5.51392],[-75.09845,5.51392],[-75.09845,5.51392],[-75.09841,5.51398],[-75.09843,5.51406],[-75.09858,5.51419],[-75.09859,5.51419],[-75.09859,5.51419],[-75.09859,5.51419],[-75.09859,5.51419],[-75.09859,5.51419],[-75.09859,5.5142],[-75.09859,5.5142],[-75.09859,5.5142],[-75.09859,5.5142],[-75.09859,5.5142],[-75.09859,5.5142],[-75.0986,5.51422],[-75.0986,5.51422],[-75.0986,5.51422],[-75.0986,5.51422],[-75.0986,5.51423],[-75.0986,5.51423],[-75.09861,5.51428],[-75.09865,5.51435],[-75.09865,5.51435],[-75.09865,5.51436],[-75.09865,5.51436],[-75.09865,5.51436],[-75.09865,5.51436],[-75.09865,5.51437],[-75.09865,5.51437],[-75.09865,5.51437],[-75.09865,5.51437],[-75.09865,5.51437],[-75.09865,5.51438],[-75.09864,5.51438],[-75.09864,5.51438],[-75.09853,5.51454],[-75.09854,5.51457],[-75.09854,5.51457],[-75.09854,5.51457],[-75.09854,5.51457],[-75.09854,5.51457],[-75.09855,5.51477],[-75.09855,5.51477],[-75.09855,5.51477],[-75.09855,5.51477],[-75.09855,5.51477],[-75.09855,5.51478],[-75.09855,5.51478],[-75.09855,5.51487],[-75.09855,5.51487],[-75.09855,5.51487],[-75.09855,5.51487],[-75.09855,5.51487],[-75.09855,5.51487],[-75.09855,5.51487],[-75.09855,5.51488],[-75.09854,5.51488],[-75.09854,5.51488],[-75.09851,5.51494],[-75.09851,5.51494],[-75.09851,5.51494],[-75.09851,5.51494],[-75.09851,5.51494],[-75.09848,5.51498],[-75.09848,5.51498],[-75.09848,5.51498],[-75.09848,5.51498],[-75.09848,5.51498],[-75.09848,5.51498],[-75.09842,5.51504],[-75.09842,5.51504],[-75.09841,5.51504],[-75.09841,5.51504],[-75.09841,5.51504],[-75.09841,5.51504],[-75.09841,5.51504],[-75.09841,5.51504],[-75.09841,5.51504],[-75.0984,5.51504],[-75.0984,5.51504],[-75.0984,5.51504],[-75.09835,5.51505],[-75.09835,5.51505],[-75.09835,5.51505],[-75.09834,5.51505],[-75.09834,5.51505],[-75.09834,5.51505],[-75.09828,5.51505],[-75.09818,5.51517],[-75.09817,5.51534],[-75.09817,5.51534],[-75.09817,5.51534],[-75.09817,5.51534],[-75.09817,5.51535],[-75.09817,5.51535],[-75.09817,5.51535],[-75.09814,5.51545],[-75.09818,5.51562],[-75.09822,5.51573],[-75.09822,5.51573],[-75.09822,5.51573],[-75.09822,5.51573],[-75.09822,5.51573],[-75.09822,5.51573],[-75.09822,5.51574],[-75.09822,5.51574],[-75.09822,5.51574],[-75.09822,5.51574],[-75.09818,5.51593],[-75.09817,5.51605],[-75.09817,5.51605],[-75.09817,5.51605],[-75.09817,5.51605],[-75.09817,5.51605],[-75.09817,5.51605],[-75.09817,5.51605],[-75.09815,5.51609],[-75.09815,5.5161],[-75.09815,5.5161],[-75.09815,5.5161],[-75.09815,5.5161],[-75.09815,5.5161],[-75.09815,5.5161],[-75.09815,5.5161],[-75.09815,5.51611],[-75.09815,5.51611],[-75.09815,5.51611],[-75.09814,5.51611],[-75.09814,5.51611],[-75.09814,5.51611],[-75.09814,5.51611],[-75.09814,5.51611],[-75.09804,5.51615],[-75.09804,5.51615],[-75.09804,5.51615],[-75.09803,5.51615],[-75.09803,5.51615],[-75.09803,5.51615],[-75.09803,5.51615],[-75.09775,5.51618],[-75.09775,5.51618],[-75.09775,5.51618],[-75.09774,5.51618],[-75.09774,5.51618],[-75.09774,5.51618],[-75.09774,5.51618],[-75.09774,5.51618],[-75.09774,5.51618],[-75.09767,5.51615],[-75.09767,5.51615],[-75.09767,5.51615],[-75.09767,5.51615],[-75.09767,5.51615],[-75.09767,5.51615],[-75.09766,5.51615],[-75.09766,5.51615],[-75.09766,5.51615],[-75.09766,5.51615],[-75.09766,5.51615],[-75.0976,5.51606],[-75.09758,5.51603],[-75.09755,5.51601],[-75.09744,5.51595],[-75.09744,5.51595],[-75.09744,5.51595],[-75.09744,5.51595],[-75.09744,5.51594],[-75.09744,5.51594],[-75.09744,5.51594],[-75.09744,5.51594],[-75.09744,5.51594],[-75.09744,5.51594],[-75.09739,5.51586],[-75.09739,5.51586],[-75.09739,5.51586],[-75.09739,5.51585],[-75.09739,5.51585],[-75.09739,5.51585],[-75.09733,5.51572],[-75.0972,5.51567],[-75.09717,5.51568],[-75.09709,5.51572],[-75.097,5.51586],[-75.09693,5.51603],[-75.09693,5.51603],[-75.09693,5.51603],[-75.09693,5.51603],[-75.09692,5.51603],[-75.0969,5.51607],[-75.0969,5.51607],[-75.0969,5.51607],[-75.0969,5.51607],[-75.0969,5.51608],[-75.0969,5.51608],[-75.09689,5.51608],[-75.09689,5.51608],[-75.09689,5.51608],[-75.09689,5.51608],[-75.09689,5.51608],[-75.09683,5.51611],[-75.0968,5.5162],[-75.0968,5.5162],[-75.0968,5.51621],[-75.0968,5.51621],[-75.0968,5.51621],[-75.0968,5.51621],[-75.0968,5.51621],[-75.0968,5.51621],[-75.0968,5.51621],[-75.09679,5.51621],[-75.09678,5.51623],[-75.09677,5.51625],[-75.09677,5.51636],[-75.09677,5.51636],[-75.09677,5.51636],[-75.09677,5.51637],[-75.09677,5.51637],[-75.09677,5.51637],[-75.09677,5.51637],[-75.09677,5.51637],[-75.09677,5.51637],[-75.09677,5.51637],[-75.09676,5.51637],[-75.09676,5.51638],[-75.09676,5.51638],[-75.09676,5.51638],[-75.09676,5.51638],[-75.09676,5.51638],[-75.09667,5.51646],[-75.0966,5.51664],[-75.0966,5.51664],[-75.0966,5.51664],[-75.0966,5.51664],[-75.0966,5.51664],[-75.0966,5.51664],[-75.0966,5.51664],[-75.09659,5.51665],[-75.09659,5.51666],[-75.09659,5.51666],[-75.09659,5.51667],[-75.09659,5.51667],[-75.09659,5.51667],[-75.09658,5.51667],[-75.09658,5.51667],[-75.09656,5.51671],[-75.09654,5.51679],[-75.09655,5.5169],[-75.09655,5.5169],[-75.09655,5.5169],[-75.09655,5.5169],[-75.09655,5.51691],[-75.09655,5.51691],[-75.09654,5.51691],[-75.09654,5.51691],[-75.09654,5.51691],[-75.09654,5.51692],[-75.09654,5.51692],[-75.09654,5.51692],[-75.09654,5.51692],[-75.09654,5.51692],[-75.09653,5.51692],[-75.09653,5.51693],[-75.09653,5.51693],[-75.09653,5.51693],[-75.09653,5.51693],[-75.09653,5.51693],[-75.09652,5.51693],[-75.09652,5.51693],[-75.09652,5.51693],[-75.09649,5.51693],[-75.0965,5.51715],[-75.0965,5.51715],[-75.0965,5.51716],[-75.0965,5.51716],[-75.0965,5.51716],[-75.0965,5.51716],[-75.0965,5.51716],[-75.09648,5.51724],[-75.09648,5.51724],[-75.09648,5.51724],[-75.09648,5.51724],[-75.09648,5.51724],[-75.09648,5.51725],[-75.09648,5.51725],[-75.09648,5.51725],[-75.09648,5.51725],[-75.09648,5.51725],[-75.09648,5.51725],[-75.09647,5.51725],[-75.09647,5.51725],[-75.09647,5.51726],[-75.09643,5.51729],[-75.09643,5.51729],[-75.09643,5.51729],[-75.09639,5.51732],[-75.09638,5.51734],[-75.09638,5.51772],[-75.09638,5.51772],[-75.09638,5.51772],[-75.09638,5.51772],[-75.09638,5.51772],[-75.09639,5.51773],[-75.09639,5.51773],[-75.09639,5.51773],[-75.09639,5.51773],[-75.09639,5.51774],[-75.09639,5.51774],[-75.09639,5.51774],[-75.09639,5.51774],[-75.09639,5.51774],[-75.09639,5.51774],[-75.09639,5.51775],[-75.09639,5.51775],[-75.09639,5.51775],[-75.09637,5.51779],[-75.09637,5.51779],[-75.09636,5.5178],[-75.09636,5.5178],[-75.09636,5.5178],[-75.09636,5.5178],[-75.09636,5.5178],[-75.09636,5.5178],[-75.09636,5.5178],[-75.09636,5.5178],[-75.09636,5.5178],[-75.09636,5.51781],[-75.09635,5.51781],[-75.09635,5.51781],[-75.09635,5.51781],[-75.09635,5.51781],[-75.09635,5.51781],[-75.09635,5.51781],[-75.09635,5.51781],[-75.09634,5.51781],[-75.09632,5.51784],[-75.09632,5.51784],[-75.09632,5.51785],[-75.09632,5.51785],[-75.09632,5.51785],[-75.09632,5.51785],[-75.09632,5.51785],[-75.09625,5.51792],[-75.09622,5.51803],[-75.0962,5.51809],[-75.0962,5.51809],[-75.0962,5.51809],[-75.0962,5.5181],[-75.0962,5.5181],[-75.09617,5.51818],[-75.09617,5.51818],[-75.09617,5.51818],[-75.09617,5.51818],[-75.09617,5.51818],[-75.09617,5.51818],[-75.09617,5.51819],[-75.09617,5.51819],[-75.09617,5.51819],[-75.09616,5.51819],[-75.09616,5.51819],[-75.09616,5.51819],[-75.09615,5.5182],[-75.09608,5.5183],[-75.09601,5.51851],[-75.09601,5.51851],[-75.096,5.51851],[-75.096,5.51851],[-75.096,5.51851],[-75.096,5.51851],[-75.096,5.51852],[-75.096,5.51852],[-75.09583,5.51872],[-75.09583,5.51872],[-75.09583,5.51872],[-75.09575,5.51881],[-75.09575,5.51897],[-75.09575,5.51898],[-75.09575,5.51898],[-75.09574,5.51898],[-75.09574,5.51898],[-75.09574,5.51898],[-75.09574,5.51898],[-75.09574,5.51898],[-75.09574,5.51899],[-75.09574,5.51899],[-75.09574,5.51899],[-75.09574,5.51899],[-75.09574,5.51899],[-75.09574,5.51899],[-75.09574,5.51899],[-75.09574,5.51899],[-75.09573,5.519],[-75.09573,5.519],[-75.09571,5.51901],[-75.09571,5.51905],[-75.09571,5.51905],[-75.09571,5.51905],[-75.09571,5.51905],[-75.09571,5.51905],[-75.09571,5.51905],[-75.09571,5.51905],[-75.09571,5.51906],[-75.09571,5.51906],[-75.09571,5.51906],[-75.09571,5.51906],[-75.09571,5.51906],[-75.09571,5.51906],[-75.0957,5.51906],[-75.0957,5.51906],[-75.0957,5.51907],[-75.0957,5.51907],[-75.0957,5.51907],[-75.0957,5.51907],[-75.0957,5.51907],[-75.0957,5.51907],[-75.0957,5.51907],[-75.09569,5.51907],[-75.09569,5.51907],[-75.09569,5.51907],[-75.09569,5.51907],[-75.09569,5.51907],[-75.09569,5.51907],[-75.09568,5.51907],[-75.09568,5.51907],[-75.09568,5.51907],[-75.09568,5.51907],[-75.09567,5.51907],[-75.09562,5.51923],[-75.09561,5.51923],[-75.09561,5.51923],[-75.09561,5.51923],[-75.09561,5.51923],[-75.09561,5.51923],[-75.09561,5.51924],[-75.09561,5.51924],[-75.09561,5.51924],[-75.09561,5.51924],[-75.09561,5.51924],[-75.09561,5.51924],[-75.0956,5.51924],[-75.0956,5.51924],[-75.0956,5.51924],[-75.0956,5.51925],[-75.0956,5.51925],[-75.09548,5.51928],[-75.09543,5.51933],[-75.09534,5.51949],[-75.09534,5.51949],[-75.09534,5.51949],[-75.0953,5.51955],[-75.0953,5.51955],[-75.09529,5.51956],[-75.09529,5.51956],[-75.09529,5.51956],[-75.09529,5.51956],[-75.09529,5.51956],[-75.09529,5.51956],[-75.09529,5.51956],[-75.09525,5.51959],[-75.09518,5.51969],[-75.09518,5.5197],[-75.09518,5.5197],[-75.09518,5.5197],[-75.09517,5.5197],[-75.09517,5.5197],[-75.09517,5.5197],[-75.09517,5.5197],[-75.09517,5.5197],[-75.09517,5.5197],[-75.09517,5.5197],[-75.09516,5.51971],[-75.09516,5.51971],[-75.09516,5.51971],[-75.09516,5.51971],[-75.09516,5.51971],[-75.09516,5.51971],[-75.09515,5.51971],[-75.09515,5.51971],[-75.09515,5.51971],[-75.09515,5.51971],[-75.09515,5.5197],[-75.09515,5.5197],[-75.09515,5.5197],[-75.09509,5.51968],[-75.09507,5.5197],[-75.09507,5.5197],[-75.09507,5.5197],[-75.09507,5.5197],[-75.09506,5.5197],[-75.09506,5.5197],[-75.09506,5.5197],[-75.09506,5.5197],[-75.09506,5.5197],[-75.09506,5.5197],[-75.09505,5.5197],[-75.09505,5.5197],[-75.09505,5.5197],[-75.09505,5.5197],[-75.09505,5.5197],[-75.09505,5.5197],[-75.09504,5.5197],[-75.09504,5.5197],[-75.09504,5.5197],[-75.09504,5.5197],[-75.09504,5.5197],[-75.09504,5.5197],[-75.09504,5.5197],[-75.09504,5.5197],[-75.09503,5.5197],[-75.09503,5.5197],[-75.09498,5.51965],[-75.09498,5.51965],[-75.09497,5.51965],[-75.09497,5.51965],[-75.09497,5.51965],[-75.09497,5.51964],[-75.09497,5.51964],[-75.09497,5.51964],[-75.09497,5.51964],[-75.09497,5.51964],[-75.09497,5.51964],[-75.09491,5.51948],[-75.09487,5.51937],[-75.09482,5.51932],[-75.09477,5.51936],[-75.09466,5.51954],[-75.09459,5.51967],[-75.09459,5.51967],[-75.09459,5.51967],[-75.09459,5.51967],[-75.09459,5.51968],[-75.09459,5.51968],[-75.09458,5.51968],[-75.09458,5.51968],[-75.09458,5.51968],[-75.09458,5.51968],[-75.09458,5.51968],[-75.09458,5.51968],[-75.09457,5.51968],[-75.09457,5.51968],[-75.09457,5.51968],[-75.09452,5.5197],[-75.09445,5.5198],[-75.09445,5.5198],[-75.09445,5.5198],[-75.09445,5.5198],[-75.09445,5.51981],[-75.09445,5.51981],[-75.09445,5.51981],[-75.09445,5.51981],[-75.09444,5.51981],[-75.09444,5.51981],[-75.09444,5.51981],[-75.09444,5.51981],[-75.09444,5.51981],[-75.09444,5.51981],[-75.09444,5.51981],[-75.09444,5.51981],[-75.09443,5.51981],[-75.09443,5.51981],[-75.09443,5.51981],[-75.09443,5.51981],[-75.09426,5.5198],[-75.09416,5.51984],[-75.09415,5.51984],[-75.09415,5.51984],[-75.09415,5.51984],[-75.09415,5.51984],[-75.09415,5.51984],[-75.09415,5.51984],[-75.09415,5.51984],[-75.09414,5.51984],[-75.09414,5.51984],[-75.09414,5.51984],[-75.09401,5.51981],[-75.09386,5.51982],[-75.09382,5.51983],[-75.09376,5.51985],[-75.09369,5.51988],[-75.09367,5.51989],[-75.09362,5.51996],[-75.0936,5.52002],[-75.0936,5.52002],[-75.0936,5.52002],[-75.0936,5.52003],[-75.0936,5.52003],[-75.0936,5.52003],[-75.0936,5.52003],[-75.0936,5.52003],[-75.09345,5.52023],[-75.09342,5.52029],[-75.09342,5.5203],[-75.09342,5.5203],[-75.09342,5.5203],[-75.09342,5.5203],[-75.09342,5.5203],[-75.09342,5.5203],[-75.09342,5.5203],[-75.09342,5.52031],[-75.09342,5.52031],[-75.09342,5.52031],[-75.09341,5.52031],[-75.09341,5.52031],[-75.09341,5.52031],[-75.09331,5.52037],[-75.09321,5.52052],[-75.09327,5.52064],[-75.09328,5.52064],[-75.09328,5.52064],[-75.09328,5.52064],[-75.09328,5.52064],[-75.09328,5.52064],[-75.09328,5.52064],[-75.09328,5.52065],[-75.09328,5.52065],[-75.09328,5.52065],[-75.09328,5.52075],[-75.09328,5.52075],[-75.09328,5.52075],[-75.09328,5.52075],[-75.09328,5.52076],[-75.09328,5.52076],[-75.09328,5.52076],[-75.09328,5.52076],[-75.09327,5.52079],[-75.09327,5.52079],[-75.09327,5.52079],[-75.09327,5.52079],[-75.09327,5.52079],[-75.09327,5.52079],[-75.09327,5.52079],[-75.09324,5.52085],[-75.0932,5.52101],[-75.0932,5.52101],[-75.0932,5.52101],[-75.09319,5.52102],[-75.09319,5.52102],[-75.09319,5.52102],[-75.09319,5.52102],[-75.09319,5.52102],[-75.09319,5.52108],[-75.09322,5.52111],[-75.09322,5.52111],[-75.09322,5.52111],[-75.09322,5.52111],[-75.09322,5.52111],[-75.09322,5.52111],[-75.09323,5.52111],[-75.09323,5.52111],[-75.09323,5.52112],[-75.09323,5.52112],[-75.09323,5.52112],[-75.09323,5.52112],[-75.09323,5.52112],[-75.09323,5.52112],[-75.09324,5.52115],[-75.09324,5.52115],[-75.09324,5.52115],[-75.09324,5.52116],[-75.09324,5.52116],[-75.09324,5.52116],[-75.09324,5.5212],[-75.09324,5.5212],[-75.09324,5.5212],[-75.09323,5.5212],[-75.09323,5.52121],[-75.09323,5.52121],[-75.09323,5.52121],[-75.09323,5.52121],[-75.09323,5.52121],[-75.09323,5.52121],[-75.09323,5.52121],[-75.09323,5.52121],[-75.09323,5.52122],[-75.09323,5.52122],[-75.09323,5.52122],[-75.09323,5.52122],[-75.09322,5.52122],[-75.09322,5.52122],[-75.09322,5.52122],[-75.09322,5.52122],[-75.09322,5.52122],[-75.09322,5.52122],[-75.09322,5.52122],[-75.09321,5.52122],[-75.09321,5.52122],[-75.09321,5.52122],[-75.09305,5.52125],[-75.09305,5.52125],[-75.09304,5.52125],[-75.09304,5.52125],[-75.09304,5.52125],[-75.09304,5.52125],[-75.09304,5.52125],[-75.09303,5.52125],[-75.09291,5.52128],[-75.09291,5.52128],[-75.09291,5.52128],[-75.09291,5.52128],[-75.09281,5.52129],[-75.09255,5.52132],[-75.09247,5.52134],[-75.09245,5.52136],[-75.09245,5.52136],[-75.09245,5.52136],[-75.09242,5.5214],[-75.09242,5.5214],[-75.09242,5.5214],[-75.09242,5.5214],[-75.09242,5.5214],[-75.09242,5.52141],[-75.09242,5.52141],[-75.09232,5.52148],[-75.09226,5.52155],[-75.09225,5.5216],[-75.09225,5.52163],[-75.09225,5.52171],[-75.09228,5.5218],[-75.09228,5.5218],[-75.09228,5.5218],[-75.09228,5.52181],[-75.09229,5.52187],[-75.09229,5.52187],[-75.09229,5.52188],[-75.09229,5.52188],[-75.09229,5.52188],[-75.09229,5.52188],[-75.09229,5.52188],[-75.09229,5.52188],[-75.09229,5.52188],[-75.09229,5.52189],[-75.09229,5.52189],[-75.09229,5.52189],[-75.09229,5.52189],[-75.09229,5.52189],[-75.09229,5.52189],[-75.09224,5.52198],[-75.09243,5.52199],[-75.09248,5.52199],[-75.0925,5.52199],[-75.09259,5.52199],[-75.09342,5.52231],[-75.09345,5.52232],[-75.09348,5.52233],[-75.09402,5.52267],[-75.09473,5.52298],[-75.09525,5.52366]]],[[[-75.0782,5.52663],[-75.07829,5.52699],[-75.07829,5.52735],[-75.07838,5.52735],[-75.07991,5.52581],[-75.08009,5.52572],[-75.08027,5.52563],[-75.08045,5.52545],[-75.08063,5.52536],[-75.08099,5.52518],[-75.08135,5.525],[-75.08154,5.52491],[-75.08154,5.52482],[-75.0818,5.52453],[-75.08263,5.52401],[-75.08285,5.52378],[-75.08307,5.52337],[-75.08376,5.52289],[-75.0843,5.52228],[-75.08484,5.52189],[-75.08578,5.52003],[-75.08622,5.51974],[-75.08828,5.51627],[-75.09088,5.51431],[-75.09177,5.5146],[-75.09236,5.51457],[-75.09271,5.5147],[-75.09258,5.51532],[-75.09316,5.51748],[-75.09322,5.51771],[-75.09331,5.51841],[-75.09312,5.5202],[-75.0929,5.52031],[-75.09284,5.52034],[-75.09263,5.52062],[-75.09261,5.52065],[-75.0922,5.5212],[-75.09203,5.52131],[-75.09159,5.52197],[-75.09218,5.52198],[-75.09218,5.52198],[-75.09218,5.52198],[-75.09218,5.52197],[-75.09224,5.52188],[-75.09223,5.52182],[-75.0922,5.52173],[-75.0922,5.52172],[-75.0922,5.52172],[-75.0922,5.52172],[-75.0922,5.52172],[-75.0922,5.52172],[-75.0922,5.52172],[-75.09219,5.52163],[-75.09219,5.52163],[-75.09219,5.52163],[-75.09219,5.52162],[-75.09219,5.52162],[-75.09221,5.52153],[-75.09221,5.52153],[-75.09221,5.52153],[-75.09221,5.52153],[-75.09221,5.52153],[-75.09221,5.52153],[-75.09221,5.52153],[-75.09221,5.52152],[-75.09221,5.52152],[-75.09221,5.52152],[-75.09221,5.52152],[-75.09221,5.52152],[-75.09228,5.52144],[-75.09228,5.52144],[-75.09228,5.52144],[-75.09228,5.52144],[-75.09228,5.52143],[-75.09228,5.52143],[-75.09238,5.52136],[-75.09241,5.52133],[-75.09243,5.52129],[-75.09243,5.52129],[-75.09243,5.52129],[-75.09243,5.52129],[-75.09244,5.52129],[-75.09244,5.52129],[-75.09244,5.52129],[-75.09244,5.52129],[-75.09244,5.52129],[-75.09244,5.52129],[-75.09244,5.52129],[-75.09244,5.52128],[-75.09245,5.52128],[-75.09245,5.52128],[-75.09245,5.52128],[-75.09245,5.52128],[-75.09245,5.52128],[-75.09255,5.52127],[-75.0928,5.52124],[-75.0929,5.52122],[-75.0929,5.52122],[-75.09302,5.52119],[-75.09302,5.52119],[-75.09302,5.52119],[-75.09302,5.52119],[-75.09302,5.52119],[-75.09303,5.52119],[-75.09303,5.52119],[-75.09303,5.52119],[-75.09303,5.52119],[-75.09304,5.5212],[-75.09318,5.52117],[-75.09318,5.52116],[-75.09318,5.52114],[-75.09314,5.52112],[-75.09314,5.52112],[-75.09314,5.52112],[-75.09314,5.52112],[-75.09314,5.52111],[-75.09314,5.52111],[-75.09314,5.52111],[-75.09314,5.52111],[-75.09314,5.52111],[-75.09314,5.5211],[-75.09313,5.5211],[-75.09313,5.5211],[-75.09313,5.5211],[-75.09313,5.5211],[-75.09313,5.5211],[-75.09313,5.52109],[-75.09314,5.521],[-75.09314,5.521],[-75.09314,5.521],[-75.09314,5.521],[-75.09314,5.521],[-75.09314,5.521],[-75.09314,5.52099],[-75.09314,5.52099],[-75.09314,5.52099],[-75.09314,5.52099],[-75.09314,5.52099],[-75.09314,5.52099],[-75.09314,5.52099],[-75.09315,5.52099],[-75.09315,5.52098],[-75.09315,5.52098],[-75.09319,5.52083],[-75.09319,5.52083],[-75.09319,5.52083],[-75.09319,5.52083],[-75.09319,5.52083],[-75.09319,5.52083],[-75.09319,5.52083],[-75.09322,5.52077],[-75.09323,5.52075],[-75.09322,5.52066],[-75.09316,5.52054],[-75.09316,5.52053],[-75.09316,5.52053],[-75.09316,5.52053],[-75.09316,5.52053],[-75.09316,5.52053],[-75.09316,5.52053],[-75.09316,5.52052],[-75.09316,5.52052],[-75.09316,5.52052],[-75.09316,5.52052],[-75.09316,5.52052],[-75.09316,5.52052],[-75.09316,5.52052],[-75.09316,5.52051],[-75.09316,5.52051],[-75.09316,5.52051],[-75.09316,5.52051],[-75.09316,5.52051],[-75.09316,5.52051],[-75.09327,5.52033],[-75.09327,5.52033],[-75.09327,5.52033],[-75.09327,5.52033],[-75.09327,5.52033],[-75.09327,5.52033],[-75.09327,5.52033],[-75.09327,5.52033],[-75.09328,5.52033],[-75.09328,5.52032],[-75.09338,5.52027],[-75.0934,5.52021],[-75.0934,5.52021],[-75.0934,5.52021],[-75.0934,5.52021],[-75.0934,5.5202],[-75.0934,5.5202],[-75.0934,5.5202],[-75.09355,5.52],[-75.09357,5.51994],[-75.09357,5.51994],[-75.09357,5.51994],[-75.09357,5.51993],[-75.09357,5.51993],[-75.09357,5.51993],[-75.09357,5.51993],[-75.09357,5.51993],[-75.09357,5.51993],[-75.09363,5.51985],[-75.09363,5.51985],[-75.09364,5.51985],[-75.09364,5.51985],[-75.09364,5.51985],[-75.09364,5.51985],[-75.09364,5.51985],[-75.09364,5.51985],[-75.09364,5.51984],[-75.09367,5.51983],[-75.09367,5.51983],[-75.09367,5.51983],[-75.09367,5.51983],[-75.09374,5.5198],[-75.09374,5.5198],[-75.09375,5.5198],[-75.09375,5.5198],[-75.09375,5.5198],[-75.09375,5.5198],[-75.09381,5.51978],[-75.09385,5.51977],[-75.09385,5.51977],[-75.09385,5.51977],[-75.09385,5.51977],[-75.09385,5.51977],[-75.09385,5.51977],[-75.09385,5.51977],[-75.09401,5.51976],[-75.09401,5.51976],[-75.09401,5.51976],[-75.09402,5.51976],[-75.09402,5.51976],[-75.09402,5.51976],[-75.09402,5.51976],[-75.09414,5.51979],[-75.09425,5.51975],[-75.09425,5.51975],[-75.09425,5.51975],[-75.09425,5.51975],[-75.09425,5.51975],[-75.09425,5.51975],[-75.09425,5.51975],[-75.09425,5.51975],[-75.09425,5.51975],[-75.09426,5.51975],[-75.09428,5.51975],[-75.09442,5.51976],[-75.09442,5.51975],[-75.09448,5.51967],[-75.09448,5.51966],[-75.09448,5.51966],[-75.09448,5.51966],[-75.09448,5.51966],[-75.09448,5.51966],[-75.09448,5.51966],[-75.09448,5.51966],[-75.09449,5.51966],[-75.09449,5.51966],[-75.09449,5.51966],[-75.09449,5.51966],[-75.09449,5.51965],[-75.09449,5.51965],[-75.09455,5.51964],[-75.09461,5.51952],[-75.09461,5.51952],[-75.09461,5.51951],[-75.09461,5.51951],[-75.09461,5.51951],[-75.09473,5.51933],[-75.09473,5.51933],[-75.09473,5.51933],[-75.09473,5.51933],[-75.09473,5.51932],[-75.09473,5.51932],[-75.09473,5.51932],[-75.09481,5.51926],[-75.09481,5.51926],[-75.09481,5.51926],[-75.09481,5.51926],[-75.09482,5.51926],[-75.09482,5.51926],[-75.09482,5.51926],[-75.09482,5.51926],[-75.09482,5.51926],[-75.09482,5.51925],[-75.09482,5.51925],[-75.09483,5.51925],[-75.09483,5.51925],[-75.09483,5.51925],[-75.09483,5.51925],[-75.09483,5.51925],[-75.09483,5.51926],[-75.09483,5.51926],[-75.09484,5.51926],[-75.09484,5.51926],[-75.09484,5.51926],[-75.09484,5.51926],[-75.09484,5.51926],[-75.09484,5.51926],[-75.09484,5.51926],[-75.09485,5.51926],[-75.09485,5.51926],[-75.09485,5.51926],[-75.09491,5.51933],[-75.09491,5.51933],[-75.09491,5.51934],[-75.09491,5.51934],[-75.09491,5.51934],[-75.09491,5.51934],[-75.09491,5.51934],[-75.09491,5.51934],[-75.09491,5.51934],[-75.09496,5.51946],[-75.09502,5.51961],[-75.09505,5.51964],[-75.09506,5.51963],[-75.09506,5.51963],[-75.09506,5.51963],[-75.09506,5.51963],[-75.09507,5.51962],[-75.09507,5.51962],[-75.09507,5.51962],[-75.09507,5.51962],[-75.09507,5.51962],[-75.09507,5.51962],[-75.09508,5.51962],[-75.09508,5.51962],[-75.09508,5.51962],[-75.09508,5.51962],[-75.09508,5.51962],[-75.09509,5.51962],[-75.09509,5.51962],[-75.09509,5.51962],[-75.09509,5.51962],[-75.09509,5.51962],[-75.09515,5.51965],[-75.09521,5.51955],[-75.09521,5.51955],[-75.09521,5.51955],[-75.09521,5.51955],[-75.09522,5.51955],[-75.09522,5.51955],[-75.09522,5.51955],[-75.09525,5.51952],[-75.09529,5.51946],[-75.09538,5.5193],[-75.09538,5.51929],[-75.09538,5.51929],[-75.09538,5.51929],[-75.09538,5.51929],[-75.09538,5.51929],[-75.09539,5.51929],[-75.09544,5.51923],[-75.09544,5.51923],[-75.09545,5.51923],[-75.09545,5.51923],[-75.09545,5.51923],[-75.09545,5.51923],[-75.09545,5.51923],[-75.09545,5.51923],[-75.09546,5.51923],[-75.09557,5.5192],[-75.09562,5.51904],[-75.09562,5.51903],[-75.09562,5.51903],[-75.09563,5.51903],[-75.09563,5.51903],[-75.09563,5.51903],[-75.09563,5.51903],[-75.09563,5.51903],[-75.09563,5.51903],[-75.09563,5.51903],[-75.09563,5.51902],[-75.09563,5.51902],[-75.09563,5.51902],[-75.09563,5.51902],[-75.09564,5.51902],[-75.09564,5.51902],[-75.09564,5.51902],[-75.09564,5.51902],[-75.09564,5.51902],[-75.09564,5.51902],[-75.09565,5.51902],[-75.09565,5.51902],[-75.09565,5.51902],[-75.09565,5.51902],[-75.09565,5.51902],[-75.09565,5.51902],[-75.09565,5.51902],[-75.09565,5.51902],[-75.09565,5.51902],[-75.09565,5.519],[-75.09565,5.519],[-75.09565,5.519],[-75.09565,5.519],[-75.09565,5.519],[-75.09565,5.519],[-75.09565,5.51899],[-75.09566,5.51899],[-75.09566,5.51899],[-75.09566,5.51899],[-75.09566,5.51899],[-75.09566,5.51899],[-75.09566,5.51898],[-75.09566,5.51898],[-75.09566,5.51898],[-75.09566,5.51898],[-75.09567,5.51898],[-75.09569,5.51896],[-75.09569,5.5188],[-75.09569,5.5188],[-75.09569,5.51879],[-75.09569,5.51879],[-75.09569,5.51879],[-75.09569,5.51879],[-75.09569,5.51879],[-75.09569,5.51879],[-75.09569,5.51879],[-75.0957,5.51878],[-75.0957,5.51878],[-75.0957,5.51878],[-75.0957,5.51878],[-75.0957,5.51878],[-75.0957,5.51878],[-75.09579,5.51868],[-75.09596,5.51848],[-75.09603,5.51828],[-75.09603,5.51828],[-75.09603,5.51828],[-75.09603,5.51828],[-75.09603,5.51827],[-75.09603,5.51827],[-75.09611,5.51816],[-75.09611,5.51816],[-75.09611,5.51816],[-75.09611,5.51816],[-75.09611,5.51816],[-75.09611,5.51816],[-75.09611,5.51816],[-75.09612,5.51816],[-75.09612,5.51816],[-75.09612,5.51816],[-75.09612,5.51815],[-75.09615,5.51808],[-75.09617,5.51802],[-75.0962,5.5179],[-75.0962,5.5179],[-75.0962,5.5179],[-75.0962,5.5179],[-75.0962,5.51789],[-75.0962,5.51789],[-75.0962,5.51789],[-75.0962,5.51789],[-75.0962,5.51789],[-75.0962,5.51789],[-75.0962,5.51789],[-75.0962,5.51789],[-75.09628,5.51781],[-75.09632,5.51774],[-75.09633,5.51763],[-75.09633,5.51733],[-75.09633,5.51733],[-75.09633,5.51733],[-75.09633,5.51733],[-75.09633,5.51733],[-75.09633,5.51733],[-75.09633,5.51732],[-75.09634,5.51729],[-75.09634,5.51729],[-75.09634,5.51729],[-75.09634,5.51729],[-75.09634,5.51729],[-75.09635,5.51728],[-75.09635,5.51728],[-75.09635,5.51728],[-75.09635,5.51728],[-75.09635,5.51728],[-75.0964,5.51724],[-75.09643,5.51722],[-75.09644,5.51715],[-75.09644,5.51691],[-75.09644,5.51691],[-75.09644,5.51691],[-75.09644,5.51691],[-75.09644,5.5169],[-75.09644,5.5169],[-75.09644,5.5169],[-75.09644,5.5169],[-75.09644,5.5169],[-75.09644,5.5169],[-75.09644,5.51689],[-75.09644,5.51689],[-75.09644,5.51689],[-75.09644,5.51689],[-75.09645,5.51689],[-75.09645,5.51689],[-75.09645,5.51689],[-75.09645,5.51688],[-75.09645,5.51688],[-75.09646,5.51688],[-75.09646,5.51688],[-75.09646,5.51688],[-75.09646,5.51688],[-75.09646,5.51688],[-75.09646,5.51688],[-75.09649,5.51688],[-75.09648,5.51679],[-75.09648,5.51679],[-75.09648,5.51679],[-75.09648,5.51678],[-75.09648,5.51678],[-75.09648,5.51678],[-75.09649,5.51678],[-75.0965,5.51669],[-75.0965,5.51669],[-75.09651,5.51669],[-75.09651,5.51668],[-75.09651,5.51668],[-75.09651,5.51668],[-75.09651,5.51668],[-75.09651,5.51668],[-75.09651,5.51668],[-75.09651,5.51668],[-75.09654,5.51664],[-75.09654,5.51662],[-75.09655,5.51662],[-75.09655,5.51662],[-75.09655,5.51662],[-75.09655,5.51662],[-75.09655,5.51662],[-75.09655,5.51662],[-75.09655,5.51661],[-75.09662,5.51643],[-75.09662,5.51643],[-75.09663,5.51643],[-75.09663,5.51643],[-75.09663,5.51643],[-75.09663,5.51643],[-75.09663,5.51643],[-75.09663,5.51643],[-75.09663,5.51643],[-75.09663,5.51643],[-75.09672,5.51635],[-75.09672,5.51625],[-75.09672,5.51625],[-75.09672,5.51625],[-75.09672,5.51625],[-75.09672,5.51625],[-75.09672,5.51621],[-75.09672,5.51621],[-75.09672,5.51621],[-75.09672,5.51621],[-75.09672,5.51621],[-75.09673,5.51621],[-75.09673,5.5162],[-75.09673,5.5162],[-75.09673,5.5162],[-75.09673,5.5162],[-75.09673,5.5162],[-75.09673,5.5162],[-75.09673,5.5162],[-75.09673,5.5162],[-75.09675,5.51618],[-75.09679,5.51608],[-75.09679,5.51608],[-75.09679,5.51608],[-75.09679,5.51608],[-75.09679,5.51608],[-75.09679,5.51608],[-75.09679,5.51607],[-75.09679,5.51607],[-75.09679,5.51607],[-75.0968,5.51607],[-75.0968,5.51607],[-75.0968,5.51607],[-75.0968,5.51607],[-75.0968,5.51607],[-75.09686,5.51604],[-75.09688,5.51601],[-75.09692,5.5159],[-75.09695,5.51584],[-75.09695,5.51584],[-75.09695,5.51583],[-75.09695,5.51583],[-75.09695,5.51583],[-75.09705,5.51568],[-75.09705,5.51568],[-75.09705,5.51568],[-75.09705,5.51568],[-75.09705,5.51568],[-75.09705,5.51568],[-75.09705,5.51568],[-75.09705,5.51568],[-75.09706,5.51567],[-75.09706,5.51567],[-75.09706,5.51567],[-75.09706,5.51567],[-75.09715,5.51563],[-75.09715,5.51563],[-75.09715,5.51563],[-75.09715,5.51563],[-75.09715,5.51563],[-75.09715,5.51563],[-75.09715,5.51563],[-75.09719,5.51561],[-75.09719,5.51561],[-75.09719,5.51561],[-75.0972,5.51561],[-75.0972,5.51561],[-75.0972,5.51561],[-75.0972,5.51561],[-75.0972,5.51561],[-75.0972,5.51561],[-75.09721,5.51561],[-75.09721,5.51561],[-75.09721,5.51562],[-75.09736,5.51567],[-75.09736,5.51567],[-75.09737,5.51567],[-75.09737,5.51567],[-75.09737,5.51567],[-75.09737,5.51567],[-75.09737,5.51567],[-75.09737,5.51567],[-75.09737,5.51567],[-75.09738,5.51568],[-75.09738,5.51568],[-75.09738,5.51568],[-75.09738,5.51568],[-75.09738,5.51568],[-75.09738,5.51568],[-75.09738,5.51568],[-75.09738,5.51568],[-75.09738,5.51568],[-75.09744,5.51583],[-75.09748,5.5159],[-75.09748,5.51591],[-75.09758,5.51597],[-75.09758,5.51597],[-75.09758,5.51597],[-75.09758,5.51597],[-75.09761,5.51599],[-75.09761,5.51599],[-75.09761,5.51599],[-75.09761,5.516],[-75.09762,5.516],[-75.09762,5.516],[-75.09762,5.516],[-75.09764,5.51603],[-75.0977,5.51611],[-75.09775,5.51613],[-75.09802,5.5161],[-75.09811,5.51607],[-75.09812,5.51604],[-75.09813,5.51593],[-75.09813,5.51593],[-75.09813,5.51592],[-75.09813,5.51592],[-75.09813,5.51592],[-75.09813,5.5159],[-75.09816,5.51574],[-75.09813,5.51564],[-75.09813,5.51564],[-75.09813,5.51564],[-75.09809,5.51545],[-75.09809,5.51545],[-75.09808,5.51545],[-75.09808,5.51545],[-75.09808,5.51545],[-75.09808,5.51545],[-75.09808,5.51545],[-75.09808,5.51544],[-75.09808,5.51544],[-75.09809,5.51544],[-75.09809,5.51544],[-75.09809,5.51544],[-75.09812,5.51534],[-75.09812,5.51516],[-75.09812,5.51516],[-75.09812,5.51516],[-75.09812,5.51516],[-75.09812,5.51516],[-75.09812,5.51516],[-75.09812,5.51516],[-75.09812,5.51515],[-75.09812,5.51515],[-75.09813,5.51515],[-75.09813,5.51515],[-75.09813,5.51515],[-75.09813,5.51515],[-75.09824,5.51501],[-75.09824,5.51501],[-75.09824,5.515],[-75.09825,5.515],[-75.09825,5.515],[-75.09825,5.515],[-75.09825,5.515],[-75.09825,5.515],[-75.09825,5.515],[-75.09825,5.515],[-75.09825,5.515],[-75.09826,5.515],[-75.09826,5.515],[-75.09826,5.515],[-75.09826,5.515],[-75.09826,5.515],[-75.09826,5.515],[-75.09834,5.515],[-75.09839,5.51499],[-75.09844,5.51495],[-75.09846,5.51491],[-75.09849,5.51486],[-75.0985,5.51477],[-75.09848,5.51458],[-75.09848,5.51454],[-75.09848,5.51454],[-75.09848,5.51453],[-75.09848,5.51453],[-75.09848,5.51453],[-75.09848,5.51453],[-75.09848,5.51453],[-75.09848,5.51453],[-75.09848,5.51453],[-75.09848,5.51452],[-75.09848,5.51452],[-75.09848,5.51452],[-75.09848,5.51452],[-75.09848,5.51452],[-75.09848,5.51452],[-75.09859,5.51436],[-75.09856,5.51429],[-75.09856,5.51429],[-75.09856,5.51429],[-75.09856,5.51429],[-75.09856,5.51429],[-75.09856,5.51429],[-75.09855,5.51424],[-75.09854,5.51423],[-75.09842,5.51412],[-75.09839,5.51409],[-75.09838,5.51409],[-75.09838,5.51409],[-75.09838,5.51409],[-75.09838,5.51409],[-75.09838,5.51409],[-75.09838,5.51409],[-75.09838,5.51409],[-75.09838,5.51408],[-75.09838,5.51408],[-75.09838,5.51408],[-75.09838,5.51408],[-75.09835,5.51398],[-75.09835,5.51398],[-75.09835,5.51398],[-75.09835,5.51398],[-75.09835,5.51398],[-75.09835,5.51397],[-75.09835,5.51397],[-75.09835,5.51397],[-75.09835,5.51397],[-75.09835,5.51397],[-75.09835,5.51397],[-75.09835,5.51396],[-75.09836,5.51396],[-75.09836,5.51396],[-75.0984,5.51389],[-75.09843,5.51383],[-75.09839,5.51383],[-75.09839,5.51383],[-75.09839,5.51383],[-75.09838,5.51383],[-75.09838,5.51382],[-75.09838,5.51382],[-75.09838,5.51382],[-75.09838,5.51382],[-75.09834,5.5138],[-75.09834,5.5138],[-75.09834,5.5138],[-75.09834,5.5138],[-75.09834,5.5138],[-75.09833,5.5138],[-75.09833,5.5138],[-75.09833,5.5138],[-75.09833,5.5138],[-75.09833,5.5138],[-75.09827,5.51372],[-75.09827,5.51372],[-75.09827,5.51372],[-75.09827,5.51372],[-75.09827,5.51371],[-75.09827,5.51371],[-75.09827,5.51371],[-75.09827,5.51371],[-75.09827,5.51371],[-75.09827,5.51371],[-75.09827,5.51371],[-75.09827,5.51371],[-75.09827,5.5137],[-75.09827,5.5137],[-75.09827,5.5137],[-75.09827,5.5137],[-75.09827,5.5137],[-75.09828,5.51364],[-75.09828,5.51364],[-75.09828,5.51364],[-75.09828,5.51364],[-75.09828,5.51364],[-75.09828,5.51364],[-75.09828,5.51363],[-75.09828,5.51363],[-75.09828,5.51363],[-75.09835,5.51353],[-75.09836,5.51353],[-75.09836,5.51353],[-75.09836,5.51353],[-75.09836,5.51352],[-75.09836,5.51352],[-75.09836,5.51352],[-75.09836,5.51352],[-75.09836,5.51352],[-75.09836,5.51352],[-75.09848,5.51345],[-75.09848,5.51345],[-75.09849,5.51345],[-75.09849,5.51345],[-75.09849,5.51344],[-75.09849,5.51344],[-75.09849,5.51344],[-75.09849,5.51344],[-75.0985,5.51344],[-75.09857,5.51343],[-75.09857,5.51343],[-75.09857,5.51343],[-75.09857,5.51343],[-75.09857,5.51343],[-75.09857,5.51343],[-75.09863,5.51344],[-75.09876,5.51342],[-75.09876,5.51342],[-75.09876,5.51342],[-75.09877,5.51342],[-75.09883,5.51343],[-75.09883,5.51342],[-75.09883,5.51342],[-75.09884,5.51342],[-75.09884,5.51342],[-75.09884,5.51342],[-75.09884,5.51342],[-75.09884,5.51342],[-75.09884,5.51342],[-75.09884,5.51342],[-75.09885,5.51342],[-75.09888,5.5134],[-75.09891,5.51334],[-75.09895,5.51324],[-75.0989,5.51311],[-75.0989,5.51311],[-75.0989,5.51311],[-75.0989,5.5131],[-75.0989,5.5131],[-75.0989,5.5131],[-75.0989,5.5131],[-75.0989,5.5131],[-75.0989,5.5131],[-75.0989,5.51309],[-75.0989,5.51309],[-75.09893,5.51297],[-75.09893,5.51297],[-75.09893,5.51297],[-75.09893,5.51297],[-75.09893,5.51296],[-75.09893,5.51296],[-75.09893,5.51296],[-75.09893,5.51296],[-75.09893,5.51296],[-75.09893,5.51296],[-75.09893,5.51296],[-75.09893,5.51296],[-75.09894,5.51296],[-75.09894,5.51295],[-75.09894,5.51295],[-75.09894,5.51295],[-75.09894,5.51295],[-75.09894,5.51295],[-75.09894,5.51295],[-75.09894,5.51295],[-75.09895,5.51295],[-75.09905,5.51292],[-75.09918,5.51278],[-75.09918,5.51277],[-75.09923,5.51264],[-75.09923,5.51264],[-75.09923,5.51264],[-75.09923,5.51263],[-75.09923,5.51263],[-75.09928,5.51254],[-75.09928,5.51254],[-75.09928,5.51253],[-75.09929,5.51253],[-75.09929,5.51253],[-75.09929,5.51253],[-75.09929,5.51253],[-75.09929,5.51253],[-75.09929,5.51253],[-75.09929,5.51253],[-75.09929,5.51253],[-75.09929,5.51252],[-75.09934,5.5125],[-75.09935,5.5125],[-75.09935,5.5125],[-75.09935,5.51249],[-75.09935,5.51249],[-75.09935,5.51249],[-75.09935,5.51249],[-75.09935,5.51249],[-75.09936,5.51249],[-75.09936,5.51249],[-75.09936,5.51249],[-75.09936,5.51249],[-75.09936,5.51249],[-75.09943,5.5125],[-75.09948,5.51249],[-75.09948,5.51249],[-75.09948,5.51249],[-75.09948,5.51249],[-75.09948,5.51249],[-75.09948,5.51249],[-75.09949,5.51249],[-75.09949,5.51249],[-75.09949,5.51249],[-75.09954,5.5125],[-75.09954,5.5125],[-75.09955,5.5125],[-75.09955,5.5125],[-75.09955,5.5125],[-75.09955,5.5125],[-75.09955,5.5125],[-75.09955,5.5125],[-75.09955,5.51251],[-75.09955,5.51251],[-75.09956,5.51251],[-75.09956,5.51251],[-75.09956,5.51251],[-75.09956,5.51251],[-75.09956,5.51251],[-75.09956,5.51251],[-75.09956,5.51251],[-75.09956,5.51251],[-75.09956,5.51252],[-75.09956,5.51252],[-75.09956,5.51252],[-75.09956,5.51252],[-75.09956,5.51252],[-75.09956,5.51252],[-75.09956,5.51252],[-75.09956,5.51253],[-75.09956,5.51253],[-75.09956,5.51253],[-75.09956,5.51253],[-75.09956,5.51253],[-75.09956,5.51253],[-75.09956,5.51254],[-75.09956,5.51254],[-75.09956,5.51254],[-75.09931,5.51305],[-75.09934,5.51313],[-75.09934,5.51313],[-75.09934,5.51314],[-75.09934,5.51314],[-75.09934,5.51314],[-75.09934,5.51314],[-75.09934,5.51314],[-75.09934,5.51314],[-75.09934,5.51314],[-75.09934,5.51315],[-75.0993,5.51335],[-75.09928,5.51345],[-75.09926,5.51356],[-75.09929,5.5136],[-75.09929,5.5136],[-75.09929,5.5136],[-75.09929,5.5136],[-75.09929,5.5136],[-75.0993,5.5136],[-75.0993,5.51361],[-75.0993,5.51361],[-75.0993,5.51361],[-75.0993,5.51361],[-75.0993,5.51361],[-75.0993,5.51361],[-75.0993,5.51361],[-75.0993,5.51368],[-75.09937,5.51378],[-75.09937,5.51378],[-75.09938,5.51378],[-75.09938,5.51378],[-75.09938,5.51378],[-75.09938,5.51379],[-75.09938,5.51379],[-75.09938,5.51379],[-75.09938,5.51379],[-75.09938,5.51379],[-75.0994,5.51387],[-75.0994,5.51387],[-75.0994,5.51387],[-75.0994,5.51388],[-75.0994,5.51388],[-75.0994,5.51388],[-75.0994,5.51388],[-75.0994,5.51388],[-75.0994,5.51389],[-75.0994,5.51389],[-75.0994,5.5139],[-75.09939,5.5139],[-75.09939,5.5139],[-75.09939,5.5139],[-75.09939,5.5139],[-75.09939,5.5139],[-75.09939,5.5139],[-75.09939,5.5139],[-75.09939,5.51391],[-75.09939,5.51391],[-75.09939,5.51391],[-75.09939,5.51391],[-75.09939,5.51391],[-75.09938,5.51391],[-75.09938,5.51391],[-75.09938,5.51391],[-75.09939,5.51393],[-75.09942,5.51395],[-75.09948,5.51397],[-75.09953,5.51395],[-75.09956,5.51394],[-75.0996,5.5139],[-75.0996,5.5139],[-75.09961,5.5139],[-75.09961,5.5139],[-75.09961,5.5139],[-75.09961,5.5139],[-75.09961,5.5139],[-75.09966,5.51389],[-75.09966,5.51389],[-75.09966,5.51389],[-75.09966,5.51388],[-75.09966,5.51388],[-75.09966,5.51388],[-75.09966,5.51388],[-75.09968,5.51388],[-75.09972,5.51386],[-75.09975,5.51384],[-75.09974,5.51375],[-75.09974,5.51373],[-75.09974,5.51372],[-75.09974,5.51372],[-75.09974,5.51372],[-75.09974,5.51372],[-75.09974,5.51372],[-75.09974,5.51372],[-75.09974,5.51369],[-75.09974,5.51364],[-75.09974,5.51364],[-75.09974,5.51364],[-75.09974,5.51364],[-75.09974,5.51363],[-75.09974,5.51363],[-75.09973,5.51354],[-75.09973,5.51354],[-75.09973,5.51354],[-75.09973,5.51354],[-75.09973,5.51354],[-75.09973,5.51354],[-75.09973,5.51353],[-75.09974,5.51353],[-75.09974,5.51353],[-75.09974,5.51353],[-75.09974,5.51353],[-75.09974,5.51352],[-75.09974,5.51352],[-75.09974,5.51352],[-75.09974,5.51352],[-75.09974,5.51352],[-75.09975,5.51352],[-75.09975,5.51352],[-75.09975,5.51352],[-75.09975,5.51352],[-75.09981,5.51348],[-75.09992,5.51341],[-75.09992,5.51341],[-75.09992,5.51341],[-75.09992,5.51341],[-75.09992,5.51341],[-75.09997,5.51338],[-75.10007,5.5133],[-75.10008,5.5132],[-75.10009,5.5132],[-75.10009,5.5132],[-75.10009,5.5132],[-75.1001,5.51316],[-75.1001,5.51316],[-75.1001,5.51316],[-75.1001,5.51316],[-75.1001,5.51316],[-75.10014,5.51308],[-75.10014,5.51307],[-75.10015,5.51305],[-75.10015,5.51305],[-75.10015,5.51305],[-75.10015,5.51305],[-75.10015,5.51305],[-75.10015,5.51305],[-75.10015,5.51305],[-75.10015,5.51305],[-75.10015,5.51305],[-75.10016,5.51304],[-75.10016,5.51304],[-75.10016,5.51304],[-75.10016,5.51304],[-75.10025,5.51298],[-75.10025,5.51298],[-75.10025,5.51298],[-75.10025,5.51298],[-75.10034,5.51293],[-75.10034,5.51293],[-75.10035,5.51293],[-75.10035,5.51293],[-75.10042,5.5129],[-75.10047,5.51286],[-75.10053,5.51283],[-75.10059,5.51278],[-75.10068,5.5127],[-75.10068,5.5127],[-75.10068,5.5127],[-75.10068,5.5127],[-75.10068,5.51269],[-75.10068,5.51269],[-75.10084,5.51258],[-75.10089,5.51247],[-75.1009,5.51242],[-75.1009,5.51235],[-75.1009,5.51235],[-75.1009,5.51235],[-75.1009,5.51235],[-75.1009,5.51235],[-75.1009,5.51235],[-75.1009,5.51235],[-75.1009,5.51234],[-75.10091,5.51232],[-75.10091,5.51232],[-75.10091,5.51232],[-75.10091,5.51232],[-75.10091,5.51232],[-75.10094,5.51227],[-75.10096,5.51221],[-75.10096,5.51221],[-75.10096,5.51221],[-75.10096,5.51221],[-75.10096,5.51221],[-75.10097,5.51221],[-75.10097,5.5122],[-75.10097,5.5122],[-75.10097,5.5122],[-75.10097,5.5122],[-75.101,5.51217],[-75.101,5.51217],[-75.10101,5.51217],[-75.10101,5.51217],[-75.10101,5.51217],[-75.10101,5.51217],[-75.10101,5.51217],[-75.10101,5.51217],[-75.10101,5.51217],[-75.10102,5.51217],[-75.10102,5.51217],[-75.10102,5.51217],[-75.10102,5.51217],[-75.10102,5.51217],[-75.10103,5.51217],[-75.10103,5.51217],[-75.10103,5.51217],[-75.10108,5.51218],[-75.10121,5.5122],[-75.10136,5.51218],[-75.10136,5.51218],[-75.10136,5.51218],[-75.10136,5.51218],[-75.10136,5.51218],[-75.10136,5.51218],[-75.10136,5.51218],[-75.1014,5.51218],[-75.10146,5.51216],[-75.10147,5.51216],[-75.10147,5.51216],[-75.10147,5.51216],[-75.10147,5.51216],[-75.10147,5.51216],[-75.10147,5.51216],[-75.10148,5.51216],[-75.10148,5.51216],[-75.10148,5.51216],[-75.10157,5.51217],[-75.10157,5.51217],[-75.10157,5.51217],[-75.10157,5.51218],[-75.10158,5.51218],[-75.10158,5.51218],[-75.10158,5.51218],[-75.10158,5.51218],[-75.10158,5.51218],[-75.10158,5.51218],[-75.10158,5.51218],[-75.10164,5.51224],[-75.10169,5.51226],[-75.10172,5.51227],[-75.10172,5.51227],[-75.10172,5.51227],[-75.10172,5.51227],[-75.10172,5.51227],[-75.10172,5.51227],[-75.10172,5.51227],[-75.10173,5.51227],[-75.10173,5.51228],[-75.10173,5.51228],[-75.10173,5.51228],[-75.10173,5.51228],[-75.10173,5.51228],[-75.10173,5.51228],[-75.10173,5.51228],[-75.10173,5.51228],[-75.10173,5.51229],[-75.10173,5.51229],[-75.10173,5.51229],[-75.10173,5.51229],[-75.10173,5.51229],[-75.10173,5.51229],[-75.10173,5.51229],[-75.10173,5.5123],[-75.10173,5.5123],[-75.10172,5.51237],[-75.10172,5.51237],[-75.10172,5.51237],[-75.10172,5.51237],[-75.10172,5.51237],[-75.10172,5.51238],[-75.10172,5.51238],[-75.10172,5.51238],[-75.10172,5.51238],[-75.10172,5.51238],[-75.10172,5.51238],[-75.1017,5.51241],[-75.1017,5.51241],[-75.1017,5.51241],[-75.1017,5.51241],[-75.10169,5.51241],[-75.10169,5.51241],[-75.10169,5.51241],[-75.10169,5.51241],[-75.10169,5.51241],[-75.10169,5.51241],[-75.10161,5.51245],[-75.10161,5.51245],[-75.10161,5.51245],[-75.10161,5.51245],[-75.10161,5.51245],[-75.10159,5.51246],[-75.10158,5.51249],[-75.10159,5.51255],[-75.10163,5.51259],[-75.10169,5.51259],[-75.1017,5.51259],[-75.1017,5.51259],[-75.1017,5.51259],[-75.10171,5.51259],[-75.10171,5.5126],[-75.10171,5.5126],[-75.10171,5.5126],[-75.10171,5.5126],[-75.10171,5.5126],[-75.10171,5.5126],[-75.10171,5.5126],[-75.10172,5.5126],[-75.10174,5.51262],[-75.10176,5.51261],[-75.10177,5.51261],[-75.10178,5.51261],[-75.10178,5.51261],[-75.10178,5.51261],[-75.10186,5.51261],[-75.10186,5.51261],[-75.10186,5.51261],[-75.10186,5.51261],[-75.10192,5.51261],[-75.10192,5.51261],[-75.10192,5.51261],[-75.10192,5.51261],[-75.10192,5.51261],[-75.10193,5.51261],[-75.10193,5.51261],[-75.10193,5.51261],[-75.10193,5.51261],[-75.10193,5.51261],[-75.10193,5.51262],[-75.10193,5.51262],[-75.10193,5.51262],[-75.10194,5.51262],[-75.10194,5.51262],[-75.10194,5.51262],[-75.10194,5.51262],[-75.10194,5.51262],[-75.10194,5.51262],[-75.10194,5.51263],[-75.10194,5.51263],[-75.10194,5.51263],[-75.10194,5.51263],[-75.10194,5.51263],[-75.10194,5.51263],[-75.10194,5.51263],[-75.10194,5.51264],[-75.10194,5.51264],[-75.10194,5.51264],[-75.10194,5.51264],[-75.10194,5.51264],[-75.10194,5.51264],[-75.10194,5.51267],[-75.10192,5.51277],[-75.10192,5.51277],[-75.10192,5.51277],[-75.10192,5.51277],[-75.10192,5.51278],[-75.10192,5.51278],[-75.10192,5.51278],[-75.10192,5.51278],[-75.10192,5.51278],[-75.10192,5.51278],[-75.10192,5.51278],[-75.10192,5.51279],[-75.10176,5.51294],[-75.10176,5.51295],[-75.10169,5.51316],[-75.10168,5.51318],[-75.10168,5.51318],[-75.10166,5.51326],[-75.10161,5.5134],[-75.10161,5.5134],[-75.10161,5.5134],[-75.10161,5.5134],[-75.10156,5.51349],[-75.10168,5.51368],[-75.10169,5.51369],[-75.10171,5.51373],[-75.10171,5.51373],[-75.10171,5.51373],[-75.10171,5.51373],[-75.10182,5.51393],[-75.10195,5.5141],[-75.10195,5.5141],[-75.10195,5.5141],[-75.10195,5.5141],[-75.10195,5.5141],[-75.10195,5.51411],[-75.10195,5.51411],[-75.10195,5.51411],[-75.10195,5.51411],[-75.10195,5.51411],[-75.10196,5.51417],[-75.10199,5.51432],[-75.10199,5.51432],[-75.10199,5.51432],[-75.10199,5.51432],[-75.10199,5.51432],[-75.10199,5.51433],[-75.10199,5.51442],[-75.10199,5.51442],[-75.10199,5.51442],[-75.10199,5.51442],[-75.10199,5.51442],[-75.10199,5.51442],[-75.10197,5.51457],[-75.10196,5.51464],[-75.10202,5.51486],[-75.10202,5.51486],[-75.10202,5.51486],[-75.10202,5.51486],[-75.10206,5.51507],[-75.10209,5.51519],[-75.1021,5.51526],[-75.10224,5.5156],[-75.10224,5.5156],[-75.10224,5.5156],[-75.10225,5.5156],[-75.10225,5.5156],[-75.10225,5.51561],[-75.10225,5.51561],[-75.10225,5.51561],[-75.10225,5.51561],[-75.10225,5.51561],[-75.10225,5.51561],[-75.10225,5.51561],[-75.10223,5.5157],[-75.10222,5.51577],[-75.10227,5.51577],[-75.10227,5.51577],[-75.10227,5.51577],[-75.10227,5.51577],[-75.10228,5.51577],[-75.10228,5.51577],[-75.10228,5.51577],[-75.10228,5.51577],[-75.10228,5.51578],[-75.10228,5.51578],[-75.10228,5.51578],[-75.10229,5.51578],[-75.10229,5.51578],[-75.10229,5.51578],[-75.10242,5.51588],[-75.10242,5.51588],[-75.10242,5.51588],[-75.10242,5.51588],[-75.10242,5.51588],[-75.10242,5.51589],[-75.10242,5.51589],[-75.10242,5.51589],[-75.10242,5.51589],[-75.10243,5.51589],[-75.10243,5.51589],[-75.10243,5.51589],[-75.10243,5.5159],[-75.10243,5.5159],[-75.10243,5.5159],[-75.10244,5.51604],[-75.10245,5.51607],[-75.10245,5.51608],[-75.10253,5.51601],[-75.10264,5.5159],[-75.10265,5.51589],[-75.10265,5.51589],[-75.10265,5.51589],[-75.10265,5.51589],[-75.10265,5.51589],[-75.10265,5.51589],[-75.10265,5.51589],[-75.10266,5.51588],[-75.10266,5.51588],[-75.10266,5.51588],[-75.10266,5.51588],[-75.10266,5.51588],[-75.10266,5.51588],[-75.10266,5.51588],[-75.10267,5.51588],[-75.10267,5.51588],[-75.10267,5.51588],[-75.10267,5.51588],[-75.10267,5.51588],[-75.10267,5.51588],[-75.10267,5.51588],[-75.10268,5.51588],[-75.10268,5.51588],[-75.10268,5.51588],[-75.10268,5.51589],[-75.10268,5.51589],[-75.10268,5.51589],[-75.10268,5.51589],[-75.10268,5.51589],[-75.10269,5.51589],[-75.10269,5.51589],[-75.10289,5.51613],[-75.10303,5.51574],[-75.10311,5.51519],[-75.10329,5.51403],[-75.10328,5.5136],[-75.10328,5.51331],[-75.10354,5.51305],[-75.10393,5.51265],[-75.10479,5.51246],[-75.105,5.51218],[-75.10527,5.51201],[-75.10565,5.51121],[-75.10546,5.51032],[-75.10532,5.51006],[-75.10736,5.50828],[-75.11007,5.50713],[-75.11467,5.50646],[-75.11521,5.50623],[-75.11594,5.5062],[-75.1166,5.50606],[-75.11721,5.50587],[-75.11787,5.50554],[-75.11831,5.50523],[-75.11849,5.5051],[-75.11922,5.50468],[-75.12391,5.50305],[-75.12391,5.50268],[-75.124,5.50232],[-75.12427,5.50205],[-75.12354,5.50196],[-75.12354,5.50151],[-75.12363,5.50106],[-75.1239,5.50078],[-75.12363,5.50051],[-75.12354,5.49997],[-75.12318,5.49997],[-75.12318,5.49979],[-75.12327,5.49961],[-75.12336,5.49934],[-75.12327,5.49907],[-75.12318,5.49862],[-75.12327,5.49816],[-75.12399,5.49744],[-75.12408,5.49717],[-75.12417,5.4969],[-75.12426,5.49672],[-75.12426,5.49653],[-75.12408,5.49653],[-75.1239,5.49663],[-75.12263,5.49672],[-75.12137,5.49672],[-75.12092,5.49672],[-75.12047,5.49681],[-75.1202,5.4969],[-75.11993,5.49699],[-75.11975,5.49708],[-75.11939,5.49727],[-75.11921,5.49736],[-75.11912,5.49745],[-75.11902,5.49745],[-75.11902,5.49736],[-75.11785,5.49618],[-75.11776,5.49582],[-75.11722,5.49582],[-75.11713,5.49582],[-75.11704,5.49573],[-75.11686,5.49564],[-75.11668,5.49555],[-75.1164,5.49546],[-75.11586,5.49528],[-75.11559,5.49519],[-75.11541,5.49501],[-75.11523,5.49492],[-75.11487,5.49474],[-75.11451,5.49456],[-75.11433,5.49447],[-75.11415,5.49429],[-75.11397,5.4942],[-75.11379,5.4942],[-75.11379,5.49411],[-75.11361,5.49393],[-75.11342,5.49384],[-75.11306,5.49366],[-75.1127,5.49348],[-75.11252,5.49339],[-75.11234,5.49321],[-75.11216,5.49312],[-75.1118,5.49294],[-75.11144,5.49276],[-75.11126,5.49267],[-75.11108,5.49249],[-75.1109,5.4924],[-75.11071,5.49231],[-75.11062,5.49222],[-75.11053,5.49195],[-75.11044,5.49168],[-75.11035,5.49131],[-75.11026,5.49095],[-75.10972,5.49041],[-75.10963,5.49023],[-75.10945,5.48987],[-75.10945,5.48969],[-75.10873,5.48969],[-75.10882,5.48933],[-75.10891,5.48924],[-75.10891,5.48915],[-75.109,5.48915],[-75.10909,5.48897],[-75.10918,5.48879],[-75.10936,5.4886],[-75.10945,5.4886],[-75.10945,5.48851],[-75.10972,5.48824],[-75.10981,5.48806],[-75.1099,5.48788],[-75.11008,5.4877],[-75.11017,5.4877],[-75.11016,5.48716],[-75.11026,5.48716],[-75.11035,5.48707],[-75.11034,5.48697],[-75.11034,5.4867],[-75.11043,5.48643],[-75.11052,5.48607],[-75.11052,5.48571],[-75.11052,5.48517],[-75.11047,5.48488],[-75.11043,5.48462],[-75.11034,5.48354],[-75.11025,5.48245],[-75.11016,5.48227],[-75.11007,5.48209],[-75.10998,5.482],[-75.10998,5.48191],[-75.10913,5.48114],[-75.10921,5.48041],[-75.10939,5.47975],[-75.1094,5.47923],[-75.10959,5.47886],[-75.10979,5.47751],[-75.11005,5.47705],[-75.11047,5.47642],[-75.11052,5.47634],[-75.11073,5.47605],[-75.11141,5.47504],[-75.1115,5.47504],[-75.11159,5.47486],[-75.11168,5.47468],[-75.11249,5.47386],[-75.11267,5.47377],[-75.11285,5.47368],[-75.11393,5.47259],[-75.11411,5.4725],[-75.11429,5.47241],[-75.11447,5.47223],[-75.11447,5.47214],[-75.1142,5.47214],[-75.11393,5.47205],[-75.11267,5.47196],[-75.11239,5.47196],[-75.11212,5.47205],[-75.11194,5.47214],[-75.11176,5.47223],[-75.1114,5.47233],[-75.11104,5.47242],[-75.11077,5.47251],[-75.1105,5.4726],[-75.11032,5.47278],[-75.11005,5.47287],[-75.10978,5.47296],[-75.1096,5.47305],[-75.10924,5.47323],[-75.10906,5.47323],[-75.10897,5.47323],[-75.10888,5.47287],[-75.10879,5.47251],[-75.10861,5.47233],[-75.10852,5.47215],[-75.1086,5.47197],[-75.1087,5.47188],[-75.10851,5.47179],[-75.10833,5.4717],[-75.10815,5.47152],[-75.10833,5.47134],[-75.10833,5.47125],[-75.10824,5.47125],[-75.10815,5.47116],[-75.10761,5.47107],[-75.10761,5.47152],[-75.10752,5.47197],[-75.10743,5.47215],[-75.10752,5.47233],[-75.10761,5.47297],[-75.10753,5.4736],[-75.10734,5.47378],[-75.10726,5.47405],[-75.10708,5.47459],[-75.10699,5.47487],[-75.1069,5.47532],[-75.10681,5.47577],[-75.10672,5.47658],[-75.10663,5.4774],[-75.10654,5.47758],[-75.10645,5.47776],[-75.10613,5.47808],[-75.10609,5.47812],[-75.106,5.4783],[-75.10591,5.47848],[-75.10582,5.47875],[-75.10573,5.47903],[-75.10564,5.47921],[-75.10546,5.47957],[-75.10528,5.47993],[-75.10519,5.48011],[-75.1051,5.48084],[-75.10492,5.48084],[-75.10474,5.48075],[-75.10384,5.48066],[-75.10384,5.48057],[-75.10366,5.48048],[-75.10348,5.48039],[-75.1033,5.48021],[-75.10339,5.48012],[-75.10348,5.47993],[-75.10357,5.47975],[-75.10366,5.4793],[-75.10356,5.47885],[-75.10347,5.47858],[-75.10338,5.47831],[-75.10315,5.47808],[-75.10302,5.47795],[-75.10293,5.47795],[-75.10266,5.47795],[-75.10239,5.47786],[-75.10194,5.47777],[-75.10149,5.47786],[-75.10131,5.47795],[-75.10113,5.47804],[-75.10109,5.47808],[-75.10086,5.47831],[-75.10077,5.47849],[-75.10068,5.47867],[-75.10005,5.47931],[-75.0995,5.4794],[-75.09896,5.47949],[-75.09806,5.47958],[-75.09716,5.47958],[-75.09716,5.47967],[-75.0959,5.48094],[-75.09572,5.48103],[-75.09554,5.48112],[-75.09482,5.48185],[-75.09482,5.48194],[-75.09473,5.48194],[-75.09464,5.48203],[-75.09437,5.48212],[-75.0941,5.48203],[-75.09391,5.48194],[-75.09337,5.48176],[-75.09346,5.4814],[-75.09373,5.48113],[-75.09391,5.48104],[-75.09427,5.48085],[-75.09445,5.48076],[-75.09472,5.48067],[-75.095,5.48058],[-75.09509,5.48049],[-75.09518,5.48031],[-75.09527,5.48013],[-75.09545,5.47995],[-75.09554,5.47977],[-75.09544,5.47959],[-75.09499,5.47913],[-75.09445,5.47905],[-75.09391,5.47914],[-75.09355,5.47923],[-75.09319,5.47932],[-75.09301,5.4795],[-75.09283,5.47959],[-75.09265,5.47968],[-75.09229,5.48004],[-75.09211,5.48013],[-75.09175,5.48032],[-75.09157,5.48041],[-75.09139,5.48059],[-75.09121,5.48068],[-75.09103,5.48077],[-75.09076,5.48086],[-75.09048,5.48086],[-75.09048,5.48068],[-75.0903,5.48032],[-75.09012,5.47996],[-75.08994,5.4796],[-75.08985,5.47941],[-75.08976,5.47905],[-75.08967,5.47869],[-75.08958,5.47851],[-75.0894,5.47815],[-75.08936,5.47808],[-75.08931,5.47797],[-75.08921,5.47688],[-75.08885,5.47688],[-75.08885,5.47652],[-75.08858,5.47652],[-75.08831,5.47643],[-75.08813,5.47634],[-75.08795,5.47625],[-75.08786,5.47616],[-75.08777,5.47616],[-75.08777,5.47598],[-75.08786,5.4758],[-75.08849,5.47517],[-75.08862,5.47512],[-75.08876,5.47508],[-75.0888,5.47506],[-75.08903,5.47499],[-75.08912,5.4749],[-75.08921,5.47471],[-75.08921,5.47469],[-75.08921,5.47468],[-75.0892,5.47468],[-75.08911,5.47483],[-75.08905,5.47488],[-75.08906,5.47486],[-75.08907,5.47483],[-75.08909,5.47478],[-75.08912,5.47472],[-75.08913,5.47466],[-75.08914,5.47462],[-75.08914,5.47458],[-75.08915,5.47454],[-75.08915,5.47451],[-75.08914,5.47448],[-75.08914,5.47446],[-75.08913,5.47443],[-75.08912,5.4744],[-75.0891,5.47436],[-75.08908,5.47433],[-75.08904,5.47429],[-75.089,5.47424],[-75.08892,5.47417],[-75.08887,5.47411],[-75.08884,5.47408],[-75.08881,5.47404],[-75.08878,5.47399],[-75.08875,5.47395],[-75.08871,5.47387],[-75.08868,5.4738],[-75.08865,5.47372],[-75.08861,5.47364],[-75.0886,5.47359],[-75.08858,5.47353],[-75.08856,5.47345],[-75.08855,5.47338],[-75.08854,5.47331],[-75.08853,5.47323],[-75.08853,5.47316],[-75.08853,5.47312],[-75.08853,5.47307],[-75.08853,5.47303],[-75.08854,5.47299],[-75.08855,5.47296],[-75.08856,5.47293],[-75.08858,5.47289],[-75.0886,5.47284],[-75.08864,5.47278],[-75.08866,5.47275],[-75.08869,5.47271],[-75.08874,5.47264],[-75.08881,5.47257],[-75.08885,5.47251],[-75.08889,5.47245],[-75.08892,5.47242],[-75.08893,5.47239],[-75.08895,5.47236],[-75.08896,5.47233],[-75.08897,5.4723],[-75.08897,5.47229],[-75.08897,5.47226],[-75.08897,5.47225],[-75.08892,5.47205],[-75.08891,5.47202],[-75.08888,5.472],[-75.08887,5.47198],[-75.08885,5.47196],[-75.08882,5.47194],[-75.08877,5.47191],[-75.0887,5.47188],[-75.08862,5.47184],[-75.08856,5.47182],[-75.08847,5.47178],[-75.0884,5.47175],[-75.08832,5.4717],[-75.08824,5.47166],[-75.0882,5.47163],[-75.08817,5.4716],[-75.08814,5.47158],[-75.0881,5.47155],[-75.08808,5.47152],[-75.08804,5.47147],[-75.08801,5.47143],[-75.08798,5.47138],[-75.08794,5.47131],[-75.0879,5.47123],[-75.08787,5.47115],[-75.08785,5.47108],[-75.08783,5.47102],[-75.08781,5.47095],[-75.0878,5.4709],[-75.08779,5.47086],[-75.08779,5.47083],[-75.08779,5.47078],[-75.08779,5.47072],[-75.0878,5.47066],[-75.08782,5.47055],[-75.08785,5.47037],[-75.08787,5.47024],[-75.08789,5.4701],[-75.0879,5.47003],[-75.08791,5.46995],[-75.08791,5.46988],[-75.08791,5.46982],[-75.0879,5.46975],[-75.08789,5.46966],[-75.08786,5.46953],[-75.08784,5.46939],[-75.08757,5.46937],[-75.08733,5.46923],[-75.0871,5.46907],[-75.08688,5.46891],[-75.08677,5.46884],[-75.08656,5.46868],[-75.08635,5.46851],[-75.08615,5.46834],[-75.08595,5.46816],[-75.0858,5.46786],[-75.08564,5.46756],[-75.08547,5.46726],[-75.08561,5.46689],[-75.08576,5.46653],[-75.08592,5.46617],[-75.08608,5.46581],[-75.08622,5.46568],[-75.08625,5.46565],[-75.08636,5.46554],[-75.08651,5.46542],[-75.08666,5.4653],[-75.08682,5.46518],[-75.08698,5.46508],[-75.08714,5.46497],[-75.08731,5.46488],[-75.08748,5.46478],[-75.08765,5.4647],[-75.08782,5.46462],[-75.08795,5.46457],[-75.08807,5.46452],[-75.08808,5.46451],[-75.08808,5.46447],[-75.08808,5.46443],[-75.08807,5.46439],[-75.08807,5.46436],[-75.08806,5.46434],[-75.08805,5.4643],[-75.08803,5.46426],[-75.08799,5.46419],[-75.08793,5.46408],[-75.08786,5.46396],[-75.08776,5.46378],[-75.08769,5.46364],[-75.08762,5.46354],[-75.08759,5.46348],[-75.08757,5.46346],[-75.08755,5.46343],[-75.08751,5.46338],[-75.08704,5.46349],[-75.08668,5.46349],[-75.08634,5.46357],[-75.08612,5.46375],[-75.08574,5.46431],[-75.0855,5.46448],[-75.08524,5.46449],[-75.08521,5.46478],[-75.08452,5.46533],[-75.08443,5.46558],[-75.08439,5.46569],[-75.08438,5.46573],[-75.08432,5.4655],[-75.08414,5.4655],[-75.08396,5.46541],[-75.08378,5.46523],[-75.08342,5.46514],[-75.08342,5.46496],[-75.08333,5.46478],[-75.08315,5.4646],[-75.08306,5.46387],[-75.08179,5.46399],[-75.08147,5.4639],[-75.08094,5.464],[-75.08098,5.46316],[-75.08107,5.46261],[-75.08107,5.46207],[-75.08089,5.46207],[-75.08071,5.46198],[-75.08053,5.46189],[-75.08035,5.4618],[-75.08017,5.46162],[-75.07944,5.46153],[-75.07935,5.46153],[-75.07926,5.46171],[-75.07917,5.46189],[-75.07915,5.46198],[-75.07908,5.46225],[-75.079,5.46262],[-75.07891,5.46271],[-75.07863,5.4628],[-75.07836,5.4628],[-75.07836,5.46207],[-75.07782,5.46208],[-75.07781,5.46208],[-75.07774,5.46208],[-75.07773,5.46208],[-75.07728,5.46253],[-75.0771,5.46262],[-75.07674,5.4628],[-75.07638,5.46298],[-75.07624,5.46294],[-75.07584,5.4628],[-75.07584,5.46271],[-75.07593,5.46262],[-75.07602,5.46235],[-75.07611,5.46208],[-75.07616,5.46143],[-75.07616,5.46134],[-75.0762,5.4609],[-75.0761,5.45973],[-75.07601,5.45918],[-75.07583,5.45919],[-75.07565,5.4591],[-75.07529,5.45873],[-75.07511,5.45864],[-75.07493,5.45855],[-75.07348,5.45847],[-75.07339,5.45847],[-75.0733,5.45774],[-75.07321,5.45702],[-75.07312,5.45684],[-75.07294,5.45648],[-75.07276,5.45612],[-75.07258,5.45575],[-75.07249,5.45557],[-75.0724,5.45548],[-75.0724,5.45539],[-75.07249,5.45539],[-75.07303,5.45485],[-75.07312,5.45485],[-75.07312,5.45476],[-75.07321,5.45467],[-75.0733,5.45449],[-75.07321,5.45431],[-75.07312,5.45404],[-75.07321,5.45376],[-75.0733,5.45358],[-75.07339,5.4534],[-75.07348,5.45331],[-75.07456,5.45322],[-75.07456,5.45304],[-75.07465,5.45304],[-75.07474,5.45286],[-75.07483,5.45268],[-75.07492,5.45232],[-75.07494,5.45222],[-75.0751,5.45159],[-75.07519,5.45123],[-75.07528,5.45096],[-75.07519,5.45069],[-75.07515,5.45053],[-75.07512,5.45044],[-75.07511,5.45039],[-75.0751,5.45033],[-75.07503,5.45008],[-75.07499,5.45002],[-75.07494,5.44994],[-75.0749,5.44985],[-75.07486,5.44976],[-75.07482,5.44967],[-75.0748,5.44958],[-75.07473,5.44951],[-75.07473,5.44942],[-75.07446,5.44942],[-75.07419,5.44951],[-75.07401,5.4496],[-75.07383,5.4496],[-75.07383,5.44951],[-75.07347,5.44942],[-75.07347,5.44924],[-75.07338,5.44906],[-75.07293,5.44861],[-75.07275,5.44852],[-75.07221,5.44834],[-75.07163,5.44834],[-75.07085,5.44834],[-75.0695,5.44844],[-75.06832,5.44849],[-75.06815,5.4485],[-75.0676,5.44853],[-75.06571,5.44844],[-75.06535,5.44835],[-75.06499,5.44826],[-75.06472,5.44817],[-75.0639,5.44799],[-75.0639,5.44745],[-75.06399,5.44691],[-75.06408,5.44646],[-75.06414,5.44619],[-75.06417,5.446],[-75.06426,5.44582],[-75.06435,5.44564],[-75.06444,5.44555],[-75.06444,5.44546],[-75.06453,5.44546],[-75.06462,5.44528],[-75.0648,5.44492],[-75.06489,5.44474],[-75.06498,5.44437],[-75.06507,5.44401],[-75.06534,5.44374],[-75.06534,5.44365],[-75.06525,5.44365],[-75.06516,5.44347],[-75.06498,5.44311],[-75.0648,5.44275],[-75.06462,5.44239],[-75.06444,5.44203],[-75.06435,5.44184],[-75.0638,5.4413],[-75.06371,5.44112],[-75.06362,5.44094],[-75.06353,5.4404],[-75.06344,5.4404],[-75.06326,5.44022],[-75.06317,5.44004],[-75.06308,5.43986],[-75.06299,5.43977],[-75.06299,5.43968],[-75.0629,5.43968],[-75.06281,5.43977],[-75.06254,5.43986],[-75.06227,5.43995],[-75.06182,5.44004],[-75.06136,5.44013],[-75.06118,5.44031],[-75.06118,5.4404],[-75.06109,5.4404],[-75.061,5.44031],[-75.06082,5.44022],[-75.06046,5.44004],[-75.06028,5.43995],[-75.06001,5.43968],[-75.05992,5.43932],[-75.05986,5.43932],[-75.05947,5.43932],[-75.05902,5.43923],[-75.05884,5.43914],[-75.05866,5.43905],[-75.05857,5.43896],[-75.05848,5.43896],[-75.05848,5.43923],[-75.05857,5.4395],[-75.05866,5.43968],[-75.05875,5.43986],[-75.05884,5.4405],[-75.05885,5.44057],[-75.05893,5.44113],[-75.05902,5.44122],[-75.05902,5.44131],[-75.05893,5.44131],[-75.05866,5.44158],[-75.05848,5.44167],[-75.0583,5.44176],[-75.05776,5.44231],[-75.05758,5.4424],[-75.0574,5.44249],[-75.05713,5.44276],[-75.05704,5.44294],[-75.05686,5.4433],[-75.05668,5.44367],[-75.0565,5.44403],[-75.05641,5.44421],[-75.05623,5.44439],[-75.05614,5.44457],[-75.05596,5.44493],[-75.05578,5.44529],[-75.05569,5.44548],[-75.0556,5.44548],[-75.0556,5.44529],[-75.05542,5.44493],[-75.05533,5.44475],[-75.05515,5.44457],[-75.05506,5.44457],[-75.05497,5.44457],[-75.05488,5.44439],[-75.05479,5.44421],[-75.05451,5.44394],[-75.05433,5.44385],[-75.05415,5.44376],[-75.05397,5.44358],[-75.05346,5.44351],[-75.05334,5.44349],[-75.05271,5.4434],[-75.05271,5.44331],[-75.05253,5.44331],[-75.05218,5.44319],[-75.05201,5.44314],[-75.05199,5.44313],[-75.05199,5.44304],[-75.05153,5.44259],[-75.05144,5.44232],[-75.05135,5.44205],[-75.05126,5.44187],[-75.05108,5.44132],[-75.0509,5.44132],[-75.05072,5.44123],[-75.05063,5.44114],[-75.05063,5.44113],[-75.05054,5.44069],[-75.05045,5.44024],[-75.05036,5.44015],[-75.05036,5.44011],[-75.05036,5.44006],[-75.05036,5.43979],[-75.05027,5.43952],[-75.0502,5.43921],[-75.05018,5.43906],[-75.05008,5.43861],[-75.04999,5.43843],[-75.04981,5.43807],[-75.04972,5.43789],[-75.04963,5.43762],[-75.04674,5.43744],[-75.04611,5.43753],[-75.04548,5.43753],[-75.04539,5.43753],[-75.0453,5.43744],[-75.04512,5.43735],[-75.04458,5.43717],[-75.04385,5.43822],[-75.04286,5.4387],[-75.04238,5.43913],[-75.04228,5.43939],[-75.04233,5.4399],[-75.04183,5.43968],[-75.04172,5.43955],[-75.04166,5.43927],[-75.04097,5.43917],[-75.04088,5.43917],[-75.04061,5.43944],[-75.04016,5.43953],[-75.03971,5.43962],[-75.03854,5.43972],[-75.03737,5.43972],[-75.03673,5.43972],[-75.0361,5.43981],[-75.03592,5.4399],[-75.03556,5.44008],[-75.03538,5.44017],[-75.03609,5.44044],[-75.03594,5.44138],[-75.03599,5.44158],[-75.03546,5.44198],[-75.03556,5.44249],[-75.03538,5.44271],[-75.03531,5.44295],[-75.03447,5.44304],[-75.03444,5.44299],[-75.03357,5.44318],[-75.03358,5.44325],[-75.03367,5.4437],[-75.03376,5.44388],[-75.03376,5.44406],[-75.03385,5.44461],[-75.03394,5.44497],[-75.03404,5.44533],[-75.03413,5.44551],[-75.03413,5.44569],[-75.03413,5.44587],[-75.03404,5.44605],[-75.03395,5.44659],[-75.03386,5.44714],[-75.03377,5.44732],[-75.03359,5.44786],[-75.03314,5.44786],[-75.03269,5.44777],[-75.03242,5.44768],[-75.03214,5.44759],[-75.03178,5.4475],[-75.03178,5.44768],[-75.03169,5.44786],[-75.03088,5.44868],[-75.03061,5.44877],[-75.03053,5.44926],[-75.03029,5.44936],[-75.0297,5.44931],[-75.02921,5.44917],[-75.02881,5.44936],[-75.02872,5.44995],[-75.02836,5.44986],[-75.028,5.44977],[-75.02782,5.44968],[-75.02746,5.4495],[-75.02728,5.44941],[-75.02691,5.44932],[-75.02655,5.44941],[-75.02637,5.4495],[-75.02601,5.44968],[-75.02565,5.44986],[-75.02547,5.44986],[-75.02547,5.45004],[-75.02556,5.45022],[-75.02574,5.45041],[-75.02583,5.45059],[-75.02574,5.45077],[-75.02502,5.45149],[-75.02493,5.45149],[-75.02493,5.45158],[-75.02502,5.45167],[-75.02511,5.45194],[-75.0252,5.45221],[-75.02539,5.45239],[-75.02548,5.45267],[-75.02539,5.45294],[-75.0253,5.45303],[-75.02512,5.45312],[-75.02494,5.45321],[-75.02412,5.45402],[-75.02406,5.45416],[-75.02403,5.45421],[-75.02385,5.45457],[-75.02376,5.45475],[-75.02368,5.45511],[-75.02368,5.45547],[-75.02364,5.45565],[-75.0235,5.4561],[-75.02359,5.45674],[-75.02368,5.45692],[-75.02377,5.4571],[-75.02386,5.45746],[-75.02404,5.45818],[-75.02413,5.45855],[-75.02422,5.45864],[-75.0244,5.45873],[-75.02458,5.45882],[-75.02467,5.45891],[-75.02476,5.45891],[-75.02549,5.459],[-75.02567,5.45909],[-75.02585,5.45909],[-75.02603,5.45854],[-75.02612,5.45836],[-75.02621,5.45827],[-75.02657,5.45818],[-75.02693,5.45827],[-75.02702,5.45836],[-75.02711,5.45854],[-75.02729,5.4589],[-75.02738,5.45908],[-75.02765,5.45935],[-75.02785,5.46131],[-75.02785,5.46357],[-75.02706,5.46621],[-75.0265,5.46761],[-75.02646,5.46773],[-75.02568,5.46966],[-75.0255,5.46948],[-75.02532,5.46939],[-75.02514,5.4693],[-75.02496,5.46912],[-75.02478,5.46903],[-75.0246,5.46894],[-75.02424,5.46858],[-75.02397,5.46849],[-75.0237,5.46849],[-75.02352,5.46849],[-75.02315,5.46831],[-75.02279,5.46813],[-75.02261,5.46804],[-75.02243,5.46786],[-75.02225,5.46777],[-75.02207,5.46768],[-75.02162,5.46759],[-75.02117,5.46768],[-75.02099,5.46786],[-75.02081,5.46795],[-75.02063,5.46804],[-75.02045,5.46823],[-75.02081,5.46859],[-75.02027,5.46913],[-75.02009,5.46922],[-75.01991,5.46931],[-75.01982,5.4694],[-75.01973,5.46958],[-75.01991,5.46994],[-75.02,5.47013],[-75.02009,5.47022],[-75.02009,5.47031],[-75.02,5.47031],[-75.01991,5.4704],[-75.01964,5.47047],[-75.01955,5.47049],[-75.01919,5.4704],[-75.01883,5.47004],[-75.01865,5.46995],[-75.01846,5.46986],[-75.01819,5.46977],[-75.01792,5.46968],[-75.01792,5.46959],[-75.01729,5.46959],[-75.01666,5.46968],[-75.01639,5.46977],[-75.01612,5.46977],[-75.01594,5.46977],[-75.0154,5.46959],[-75.01531,5.46959],[-75.01522,5.4695],[-75.01495,5.46941],[-75.01467,5.46932],[-75.01449,5.46914],[-75.01422,5.46905],[-75.01414,5.46902],[-75.01395,5.46896],[-75.01305,5.46887],[-75.0126,5.46887],[-75.01244,5.4689],[-75.01215,5.46896],[-75.01231,5.47267],[-75.01224,5.47267],[-75.01244,5.47287],[-75.01251,5.47294],[-75.0127,5.47303],[-75.01306,5.47321],[-75.01324,5.4733],[-75.01342,5.47348],[-75.01342,5.47357],[-75.01342,5.47366],[-75.01343,5.47367],[-75.01365,5.4739],[-75.01378,5.47402],[-75.01396,5.47411],[-75.01432,5.47429],[-75.01468,5.47447],[-75.01504,5.47465],[-75.01522,5.47465],[-75.0153,5.47488],[-75.01532,5.47494],[-75.01536,5.47507],[-75.01541,5.4752],[-75.0155,5.47538],[-75.01559,5.47547],[-75.01577,5.47556],[-75.01595,5.47556],[-75.01604,5.47592],[-75.0161,5.4761],[-75.01613,5.47619],[-75.01622,5.47646],[-75.01631,5.47664],[-75.0164,5.47682],[-75.01667,5.47709],[-75.01694,5.47718],[-75.01701,5.47721],[-75.01721,5.47727],[-75.01739,5.47736],[-75.01848,5.47899],[-75.01848,5.47917],[-75.01844,5.47925],[-75.01839,5.47935],[-75.01821,5.47953],[-75.01812,5.47971],[-75.01803,5.47989],[-75.01749,5.48044],[-75.0174,5.48062],[-75.01731,5.4808],[-75.01695,5.48116],[-75.01686,5.48134],[-75.01677,5.48152],[-75.01661,5.48168],[-75.01578,5.48252],[-75.0156,5.48261],[-75.01542,5.4827],[-75.01506,5.48306],[-75.01488,5.48315],[-75.0147,5.48324],[-75.0147,5.4833],[-75.0147,5.48333],[-75.0147,5.48342],[-75.01488,5.48351],[-75.01506,5.4836],[-75.01519,5.48365],[-75.01522,5.48366],[-75.01533,5.48369],[-75.01587,5.48387],[-75.01641,5.48405],[-75.01649,5.48408],[-75.01695,5.48423],[-75.01722,5.48432],[-75.0174,5.48441],[-75.01759,5.48441],[-75.01777,5.48467],[-75.01777,5.48466],[-75.01778,5.48466],[-75.01778,5.48466],[-75.01778,5.48466],[-75.01795,5.48465],[-75.01795,5.48465],[-75.01795,5.48465],[-75.01795,5.48465],[-75.01795,5.48465],[-75.01795,5.48465],[-75.01808,5.48468],[-75.01822,5.48467],[-75.01822,5.48467],[-75.01822,5.48467],[-75.01823,5.48467],[-75.01823,5.48467],[-75.01823,5.48467],[-75.01823,5.48467],[-75.01823,5.48467],[-75.01823,5.48467],[-75.01828,5.48469],[-75.01828,5.48469],[-75.01828,5.48469],[-75.01828,5.48469],[-75.01828,5.48469],[-75.01829,5.48469],[-75.01829,5.4847],[-75.01829,5.4847],[-75.01829,5.4847],[-75.01829,5.4847],[-75.01829,5.4847],[-75.01829,5.4847],[-75.01829,5.4847],[-75.01829,5.4847],[-75.01829,5.4847],[-75.0183,5.48471],[-75.0183,5.48471],[-75.0183,5.48471],[-75.0183,5.48471],[-75.0183,5.48472],[-75.0183,5.48472],[-75.0183,5.48472],[-75.01828,5.48496],[-75.01828,5.48496],[-75.01828,5.48496],[-75.01828,5.48496],[-75.01826,5.4851],[-75.01832,5.48527],[-75.01833,5.48528],[-75.01834,5.48527],[-75.01837,5.48521],[-75.01837,5.48521],[-75.01837,5.48521],[-75.01837,5.48521],[-75.01837,5.48521],[-75.01842,5.48512],[-75.01842,5.48512],[-75.01842,5.48512],[-75.01842,5.48512],[-75.01842,5.48512],[-75.01842,5.48511],[-75.01844,5.48506],[-75.01844,5.48506],[-75.01844,5.48506],[-75.01844,5.48505],[-75.01844,5.48505],[-75.01844,5.48505],[-75.01844,5.48505],[-75.01844,5.48505],[-75.01844,5.48505],[-75.01848,5.485],[-75.0185,5.48493],[-75.0185,5.48493],[-75.0185,5.48493],[-75.0185,5.48492],[-75.0185,5.48492],[-75.0185,5.48492],[-75.0185,5.48492],[-75.01851,5.48492],[-75.01851,5.48492],[-75.01851,5.48492],[-75.01851,5.48492],[-75.01851,5.48492],[-75.01851,5.48491],[-75.01851,5.48491],[-75.01851,5.48491],[-75.0186,5.48485],[-75.01865,5.48479],[-75.01865,5.48479],[-75.01865,5.48479],[-75.01865,5.48478],[-75.01865,5.48478],[-75.01865,5.48478],[-75.01869,5.48474],[-75.01869,5.48474],[-75.01869,5.48474],[-75.01869,5.48474],[-75.0187,5.48474],[-75.0187,5.48474],[-75.0187,5.48474],[-75.01871,5.48473],[-75.01877,5.48469],[-75.01881,5.48466],[-75.01886,5.48461],[-75.01886,5.48461],[-75.01886,5.48461],[-75.01886,5.48461],[-75.01886,5.48461],[-75.0189,5.48458],[-75.01896,5.48452],[-75.01896,5.48452],[-75.01896,5.48452],[-75.01897,5.48451],[-75.01897,5.48451],[-75.01897,5.48451],[-75.01903,5.48448],[-75.01903,5.48448],[-75.01903,5.48448],[-75.01903,5.48448],[-75.0191,5.48445],[-75.0191,5.48445],[-75.0191,5.48445],[-75.0191,5.48445],[-75.0191,5.48444],[-75.01928,5.48438],[-75.01928,5.48438],[-75.01928,5.48438],[-75.01928,5.48438],[-75.01929,5.48438],[-75.01929,5.48438],[-75.01929,5.48438],[-75.01929,5.48438],[-75.01929,5.48438],[-75.01929,5.48438],[-75.0193,5.48438],[-75.0193,5.48438],[-75.0193,5.48438],[-75.0193,5.48438],[-75.0193,5.48438],[-75.0193,5.48438],[-75.0193,5.48438],[-75.01931,5.48438],[-75.01931,5.48438],[-75.01944,5.48449],[-75.01962,5.48454],[-75.01969,5.48448],[-75.01969,5.48447],[-75.01969,5.48447],[-75.01969,5.48447],[-75.01969,5.48447],[-75.0197,5.48447],[-75.0197,5.48447],[-75.0197,5.48447],[-75.0197,5.48447],[-75.0197,5.48447],[-75.01971,5.48447],[-75.01987,5.48445],[-75.02003,5.48437],[-75.02003,5.48437],[-75.02003,5.48437],[-75.02003,5.48437],[-75.02004,5.48437],[-75.02004,5.48437],[-75.02004,5.48437],[-75.02013,5.48435],[-75.02013,5.48435],[-75.02013,5.48435],[-75.02014,5.48435],[-75.02014,5.48435],[-75.02014,5.48435],[-75.0203,5.48436],[-75.02047,5.48427],[-75.02047,5.48427],[-75.02047,5.48427],[-75.02048,5.48427],[-75.02048,5.48427],[-75.02048,5.48427],[-75.02048,5.48427],[-75.02048,5.48427],[-75.02048,5.48427],[-75.02048,5.48427],[-75.02049,5.48427],[-75.02049,5.48427],[-75.02049,5.48427],[-75.0205,5.48428],[-75.0206,5.48428],[-75.02061,5.48428],[-75.02061,5.48428],[-75.02061,5.48428],[-75.02061,5.48428],[-75.02061,5.48428],[-75.02061,5.48428],[-75.02069,5.48431],[-75.02069,5.48431],[-75.02085,5.48437],[-75.02103,5.48441],[-75.02103,5.48441],[-75.02104,5.48441],[-75.02104,5.48441],[-75.02109,5.48444],[-75.02112,5.48444],[-75.02116,5.48441],[-75.0212,5.48434],[-75.02121,5.48434],[-75.02121,5.48434],[-75.02121,5.48434],[-75.02129,5.48426],[-75.02131,5.48417],[-75.02131,5.48417],[-75.02131,5.48416],[-75.02131,5.48416],[-75.02131,5.48416],[-75.02131,5.48416],[-75.02131,5.48416],[-75.02131,5.48416],[-75.02131,5.48416],[-75.02131,5.48416],[-75.02139,5.48405],[-75.02139,5.48405],[-75.02139,5.48405],[-75.02139,5.48405],[-75.02139,5.48405],[-75.0214,5.48405],[-75.0214,5.48405],[-75.0214,5.48405],[-75.0214,5.48405],[-75.0214,5.48405],[-75.0214,5.48405],[-75.0214,5.48404],[-75.0214,5.48404],[-75.02141,5.48404],[-75.02141,5.48404],[-75.02141,5.48404],[-75.02141,5.48404],[-75.02153,5.48404],[-75.0216,5.48402],[-75.02166,5.484],[-75.02167,5.48397],[-75.02166,5.48376],[-75.02166,5.48376],[-75.02166,5.48376],[-75.02166,5.48364],[-75.02166,5.48364],[-75.02166,5.48364],[-75.02166,5.48364],[-75.02167,5.48355],[-75.02167,5.48355],[-75.02167,5.48355],[-75.02167,5.48355],[-75.02167,5.48354],[-75.02167,5.48354],[-75.02172,5.4834],[-75.02172,5.4834],[-75.02172,5.4834],[-75.02172,5.4834],[-75.02172,5.4834],[-75.02172,5.4834],[-75.02172,5.4834],[-75.02172,5.48339],[-75.02172,5.48339],[-75.02182,5.48327],[-75.02182,5.48327],[-75.02182,5.48327],[-75.02182,5.48327],[-75.02182,5.48326],[-75.02182,5.48326],[-75.02182,5.48326],[-75.02182,5.48326],[-75.02183,5.48326],[-75.02183,5.48326],[-75.02191,5.48322],[-75.02196,5.4832],[-75.02214,5.4831],[-75.02215,5.48309],[-75.02215,5.48309],[-75.02215,5.48309],[-75.02215,5.48309],[-75.02215,5.48309],[-75.02215,5.48309],[-75.02215,5.48309],[-75.02215,5.48309],[-75.02216,5.48309],[-75.02216,5.48309],[-75.02216,5.48309],[-75.02216,5.48309],[-75.02216,5.48309],[-75.02216,5.48309],[-75.02231,5.48313],[-75.02243,5.48316],[-75.02251,5.48308],[-75.02251,5.48308],[-75.02251,5.48308],[-75.02251,5.48308],[-75.02251,5.48308],[-75.02251,5.48308],[-75.02251,5.48308],[-75.02258,5.48303],[-75.02258,5.48303],[-75.02258,5.48303],[-75.02258,5.48303],[-75.02259,5.48303],[-75.02259,5.48303],[-75.02259,5.48303],[-75.0226,5.48303],[-75.0226,5.48303],[-75.0226,5.48303],[-75.0226,5.48303],[-75.0226,5.48303],[-75.0226,5.48303],[-75.0226,5.48303],[-75.02261,5.48303],[-75.02261,5.48303],[-75.02261,5.48303],[-75.02261,5.48303],[-75.02261,5.48303],[-75.02261,5.48303],[-75.02277,5.48317],[-75.02277,5.48317],[-75.02277,5.48317],[-75.02277,5.48317],[-75.02277,5.48317],[-75.02277,5.48317],[-75.02277,5.48317],[-75.0228,5.48321],[-75.02284,5.48323],[-75.02284,5.48323],[-75.02284,5.48323],[-75.02284,5.48323],[-75.02291,5.48327],[-75.02291,5.48327],[-75.02291,5.48327],[-75.02291,5.48327],[-75.02292,5.48327],[-75.02292,5.48327],[-75.02292,5.48327],[-75.02292,5.48327],[-75.02292,5.48327],[-75.02294,5.48329],[-75.02294,5.48329],[-75.02294,5.48329],[-75.02294,5.48329],[-75.02303,5.48341],[-75.02304,5.48342],[-75.02313,5.48347],[-75.02321,5.48351],[-75.02321,5.48351],[-75.02321,5.48351],[-75.02321,5.48351],[-75.02321,5.48351],[-75.02321,5.48351],[-75.02322,5.48351],[-75.02322,5.48351],[-75.02322,5.48351],[-75.02322,5.48351],[-75.02322,5.48351],[-75.02322,5.48352],[-75.02322,5.48352],[-75.02322,5.48352],[-75.02322,5.48352],[-75.02322,5.48352],[-75.02322,5.48352],[-75.02322,5.48352],[-75.02322,5.48352],[-75.02324,5.48357],[-75.02329,5.48358],[-75.02336,5.48359],[-75.02343,5.48359],[-75.02343,5.48359],[-75.02343,5.48359],[-75.02343,5.48359],[-75.02343,5.48359],[-75.02343,5.48359],[-75.02352,5.48361],[-75.02364,5.48363],[-75.02364,5.48363],[-75.02364,5.48363],[-75.02364,5.48363],[-75.02364,5.48363],[-75.02364,5.48363],[-75.02365,5.48363],[-75.02365,5.48364],[-75.02365,5.48364],[-75.02365,5.48364],[-75.02365,5.48364],[-75.02368,5.48367],[-75.02374,5.48372],[-75.02383,5.48375],[-75.02389,5.48373],[-75.02395,5.48372],[-75.02399,5.48367],[-75.02399,5.48367],[-75.02399,5.48367],[-75.02399,5.48367],[-75.02399,5.48366],[-75.02399,5.48366],[-75.02399,5.48366],[-75.024,5.48366],[-75.024,5.48366],[-75.024,5.48366],[-75.024,5.48366],[-75.024,5.48366],[-75.024,5.48366],[-75.024,5.48366],[-75.024,5.48366],[-75.02401,5.48366],[-75.02401,5.48366],[-75.02401,5.48366],[-75.02401,5.48366],[-75.02401,5.48366],[-75.02409,5.48367],[-75.02414,5.48367],[-75.0242,5.48365],[-75.02424,5.48362],[-75.02424,5.48362],[-75.02424,5.48362],[-75.02424,5.48362],[-75.02424,5.48362],[-75.02424,5.48362],[-75.0243,5.48358],[-75.02435,5.48355],[-75.02435,5.48355],[-75.02435,5.48355],[-75.02435,5.48355],[-75.02436,5.48355],[-75.02436,5.48355],[-75.02436,5.48355],[-75.02439,5.48354],[-75.02439,5.48354],[-75.02439,5.48354],[-75.02439,5.48354],[-75.02439,5.48354],[-75.02439,5.48354],[-75.02445,5.48353],[-75.02452,5.4835],[-75.02458,5.48348],[-75.02458,5.48348],[-75.02458,5.48348],[-75.02458,5.48348],[-75.02459,5.48348],[-75.02459,5.48348],[-75.02459,5.48348],[-75.02459,5.48348],[-75.02459,5.48348],[-75.02459,5.48348],[-75.02459,5.48348],[-75.0246,5.48348],[-75.02468,5.48349],[-75.02477,5.48347],[-75.02483,5.48345],[-75.02483,5.48345],[-75.02483,5.48345],[-75.02483,5.48345],[-75.02488,5.48344],[-75.02488,5.48344],[-75.02488,5.48344],[-75.02488,5.48344],[-75.02488,5.48344],[-75.02488,5.48344],[-75.02493,5.48344],[-75.02501,5.48342],[-75.02501,5.48342],[-75.02501,5.48342],[-75.02501,5.48342],[-75.02501,5.48342],[-75.02501,5.48342],[-75.02518,5.48341],[-75.02518,5.48341],[-75.02518,5.48341],[-75.02518,5.48341],[-75.02518,5.48341],[-75.02518,5.48341],[-75.02518,5.48341],[-75.02524,5.48341],[-75.02524,5.48341],[-75.02524,5.48341],[-75.02524,5.48342],[-75.02524,5.48342],[-75.02525,5.48342],[-75.02525,5.48342],[-75.02525,5.48342],[-75.02529,5.48344],[-75.02529,5.48344],[-75.02529,5.48344],[-75.02529,5.48345],[-75.02529,5.48345],[-75.02529,5.48345],[-75.02534,5.48349],[-75.02539,5.48352],[-75.02544,5.48353],[-75.02544,5.48353],[-75.02544,5.48353],[-75.02544,5.48353],[-75.02544,5.48353],[-75.02544,5.48353],[-75.02544,5.48353],[-75.02544,5.48353],[-75.02545,5.48353],[-75.02545,5.48353],[-75.02545,5.48353],[-75.02545,5.48354],[-75.02545,5.48354],[-75.02545,5.48354],[-75.02549,5.48358],[-75.02553,5.48362],[-75.02557,5.48363],[-75.02557,5.48363],[-75.02557,5.48363],[-75.02557,5.48364],[-75.02557,5.48364],[-75.02557,5.48364],[-75.02557,5.48364],[-75.0256,5.48366],[-75.02562,5.48367],[-75.02572,5.48371],[-75.02581,5.48371],[-75.02581,5.48371],[-75.02581,5.48371],[-75.02581,5.48371],[-75.02584,5.48371],[-75.02584,5.48371],[-75.02584,5.48371],[-75.02585,5.48371],[-75.02587,5.48372],[-75.02594,5.4837],[-75.02594,5.4837],[-75.02594,5.4837],[-75.02594,5.4837],[-75.02594,5.4837],[-75.02594,5.4837],[-75.02594,5.4837],[-75.02602,5.4837],[-75.02602,5.4837],[-75.02602,5.4837],[-75.02602,5.4837],[-75.02602,5.4837],[-75.02602,5.4837],[-75.02603,5.4837],[-75.02603,5.4837],[-75.02603,5.4837],[-75.02603,5.4837],[-75.02628,5.4838],[-75.02645,5.48386],[-75.0267,5.48389],[-75.0267,5.48389],[-75.0267,5.48389],[-75.0267,5.48389],[-75.0267,5.48389],[-75.02701,5.48397],[-75.02701,5.48397],[-75.02701,5.48398],[-75.02701,5.48398],[-75.02708,5.48401],[-75.02712,5.48402],[-75.02712,5.48402],[-75.02712,5.48402],[-75.02712,5.48402],[-75.02712,5.48403],[-75.02712,5.48403],[-75.02712,5.48403],[-75.02713,5.48403],[-75.02713,5.48404],[-75.02714,5.48404],[-75.02714,5.48404],[-75.02714,5.48404],[-75.02714,5.48404],[-75.02714,5.48404],[-75.02714,5.48404],[-75.02714,5.48404],[-75.02714,5.48405],[-75.02714,5.48405],[-75.02714,5.48405],[-75.02714,5.48405],[-75.02714,5.48405],[-75.02714,5.48405],[-75.02714,5.48406],[-75.02714,5.48406],[-75.02714,5.48406],[-75.02714,5.48406],[-75.02714,5.48406],[-75.02714,5.48406],[-75.02714,5.48406],[-75.02714,5.48407],[-75.02711,5.48415],[-75.02709,5.48426],[-75.02709,5.48426],[-75.02709,5.48426],[-75.02709,5.48426],[-75.02709,5.48426],[-75.02709,5.48426],[-75.02705,5.48439],[-75.02704,5.48443],[-75.027,5.48457],[-75.027,5.48457],[-75.027,5.48457],[-75.027,5.48457],[-75.027,5.48458],[-75.027,5.48458],[-75.027,5.48458],[-75.02696,5.48465],[-75.02696,5.48465],[-75.02696,5.48465],[-75.02696,5.48465],[-75.02696,5.48466],[-75.02696,5.48466],[-75.02691,5.48475],[-75.02734,5.48483],[-75.02736,5.48484],[-75.02738,5.48484],[-75.02886,5.48514],[-75.02968,5.48516],[-75.0334,5.48558],[-75.03632,5.48568],[-75.0382,5.48618],[-75.03823,5.48619],[-75.03827,5.4864],[-75.0382,5.48652],[-75.03788,5.48708],[-75.0373,5.48781],[-75.03678,5.4883],[-75.03639,5.48849],[-75.03528,5.48868],[-75.03427,5.48863],[-75.03289,5.48858],[-75.03113,5.48943],[-75.03094,5.48942],[-75.03377,5.49164],[-75.03404,5.49185],[-75.03471,5.49246],[-75.03474,5.49289],[-75.03483,5.49289],[-75.03492,5.49298],[-75.0351,5.49307],[-75.03528,5.49316],[-75.03537,5.49325],[-75.03547,5.49343],[-75.03565,5.49379],[-75.03583,5.49415],[-75.03592,5.49433],[-75.03601,5.49442],[-75.03601,5.49451],[-75.03655,5.49451],[-75.03664,5.49451],[-75.03673,5.4946],[-75.03691,5.49469],[-75.03727,5.49487],[-75.03745,5.49487],[-75.03754,5.49523],[-75.03763,5.49532],[-75.03781,5.49541],[-75.03799,5.49541],[-75.03818,5.49596],[-75.03827,5.49614],[-75.03836,5.49614],[-75.03845,5.4965],[-75.03881,5.49686],[-75.0389,5.49686],[-75.03832,5.49731],[-75.03805,5.49746],[-75.0381,5.49763],[-75.03827,5.49773],[-75.03827,5.49822],[-75.03806,5.49837],[-75.03794,5.49881],[-75.03807,5.49914],[-75.03835,5.4991],[-75.03836,5.49903],[-75.03883,5.49897],[-75.0391,5.49905],[-75.03991,5.49896],[-75.0407,5.49861],[-75.04108,5.49822],[-75.04122,5.49807],[-75.04179,5.49794],[-75.04179,5.49785],[-75.04197,5.49776],[-75.04233,5.49758],[-75.04251,5.49749],[-75.04359,5.4964],[-75.04377,5.49631],[-75.04395,5.49622],[-75.04431,5.49586],[-75.04449,5.49576],[-75.04467,5.49576],[-75.04489,5.49536],[-75.04593,5.4948],[-75.04631,5.4946],[-75.04701,5.49365],[-75.04729,5.49387],[-75.04783,5.49388],[-75.04788,5.49421],[-75.04804,5.49443],[-75.04818,5.49445],[-75.04861,5.49423],[-75.04931,5.49422],[-75.0497,5.49447],[-75.04987,5.49482],[-75.05034,5.49405],[-75.05189,5.49485],[-75.05195,5.49446],[-75.05207,5.49412],[-75.05207,5.49403],[-75.05213,5.49389],[-75.05221,5.49374],[-75.05234,5.49358],[-75.0527,5.49322],[-75.05279,5.49304],[-75.05297,5.49268],[-75.05315,5.49231],[-75.05333,5.49195],[-75.05342,5.49177],[-75.05369,5.4915],[-75.05369,5.49141],[-75.05431,5.49202],[-75.05466,5.49264],[-75.05525,5.49273],[-75.05589,5.49308],[-75.05609,5.49328],[-75.05669,5.49309],[-75.05732,5.49307],[-75.05814,5.49339],[-75.05885,5.49388],[-75.05892,5.49389],[-75.05904,5.4939],[-75.05949,5.49415],[-75.05955,5.49434],[-75.05991,5.49437],[-75.06001,5.49447],[-75.05988,5.49484],[-75.05998,5.49505],[-75.05998,5.49527],[-75.06002,5.49527],[-75.06031,5.4953],[-75.06053,5.49512],[-75.06163,5.49515],[-75.0617,5.49488],[-75.06193,5.49469],[-75.06225,5.49445],[-75.06268,5.49441],[-75.06452,5.4932],[-75.06452,5.49311],[-75.06524,5.49302],[-75.06596,5.49293],[-75.06614,5.49284],[-75.0665,5.49265],[-75.06668,5.49256],[-75.06686,5.49238],[-75.06713,5.49229],[-75.06741,5.49238],[-75.0675,5.49247],[-75.06762,5.49272],[-75.06786,5.49294],[-75.06804,5.49385],[-75.06796,5.49488],[-75.06774,5.49531],[-75.06741,5.49561],[-75.06705,5.49555],[-75.06669,5.49573],[-75.0666,5.49575],[-75.06642,5.49591],[-75.06633,5.49609],[-75.06624,5.49627],[-75.06606,5.49645],[-75.06597,5.49663],[-75.06588,5.49681],[-75.06552,5.49718],[-75.065,5.4974],[-75.06319,5.49778],[-75.06272,5.49804],[-75.06243,5.4985],[-75.06233,5.49852],[-75.06215,5.4981],[-75.06194,5.49795],[-75.06193,5.49795],[-75.06169,5.49796],[-75.06135,5.49822],[-75.05993,5.49881],[-75.05984,5.49899],[-75.05975,5.49918],[-75.05948,5.49945],[-75.05912,5.49954],[-75.05875,5.49954],[-75.05875,5.49972],[-75.05866,5.4999],[-75.0583,5.50026],[-75.05821,5.50044],[-75.05812,5.50062],[-75.05785,5.5009],[-75.05785,5.50099],[-75.05741,5.50105],[-75.05681,5.50093],[-75.05623,5.5011],[-75.05529,5.50205],[-75.05473,5.50238],[-75.05419,5.50249],[-75.05358,5.50254],[-75.05335,5.50244],[-75.05358,5.50355],[-75.05419,5.50502],[-75.05466,5.50559],[-75.05489,5.50571],[-75.05521,5.50605],[-75.05522,5.50637],[-75.05565,5.50687],[-75.05612,5.50706],[-75.05663,5.50752],[-75.05702,5.50787],[-75.05704,5.50794],[-75.0573,5.50888],[-75.05747,5.5092],[-75.05747,5.5092],[-75.05746,5.50987],[-75.05745,5.51068],[-75.05786,5.51176],[-75.05783,5.5121],[-75.05765,5.51374],[-75.05762,5.51395],[-75.05769,5.51445],[-75.05823,5.51499],[-75.05869,5.51526],[-75.05878,5.51518],[-75.05896,5.51527],[-75.05932,5.51545],[-75.0595,5.51554],[-75.05968,5.51572],[-75.05968,5.51581],[-75.0595,5.51581],[-75.05941,5.51581],[-75.05932,5.5159],[-75.05881,5.51595],[-75.05833,5.516],[-75.05734,5.51609],[-75.05716,5.51618],[-75.0568,5.51636],[-75.05662,5.51645],[-75.05599,5.51708],[-75.0559,5.51736],[-75.05581,5.51763],[-75.05572,5.51799],[-75.05567,5.51818],[-75.05565,5.51825],[-75.05563,5.51835],[-75.05554,5.51853],[-75.05552,5.51859],[-75.0555,5.51863],[-75.05536,5.51907],[-75.05536,5.51916],[-75.05545,5.51925],[-75.05554,5.51944],[-75.05563,5.51962],[-75.05572,5.51989],[-75.05572,5.52016],[-75.0558,5.52018],[-75.05585,5.52019],[-75.05588,5.5202],[-75.05608,5.52025],[-75.05617,5.52034],[-75.05626,5.52061],[-75.05617,5.52088],[-75.05613,5.52113],[-75.05614,5.52113],[-75.05614,5.52113],[-75.05614,5.52113],[-75.05614,5.52113],[-75.05622,5.52109],[-75.05622,5.52109],[-75.05623,5.52109],[-75.05623,5.52109],[-75.05623,5.52109],[-75.05623,5.52109],[-75.05632,5.52108],[-75.05632,5.52108],[-75.05632,5.52108],[-75.05632,5.52108],[-75.05632,5.52108],[-75.05632,5.52108],[-75.05632,5.52108],[-75.05633,5.52108],[-75.05633,5.52108],[-75.05633,5.52108],[-75.05645,5.52111],[-75.05645,5.52111],[-75.05645,5.52111],[-75.05645,5.52111],[-75.05646,5.52111],[-75.05646,5.52111],[-75.05651,5.52115],[-75.05651,5.52115],[-75.05651,5.52115],[-75.05651,5.52115],[-75.05651,5.52115],[-75.05651,5.52115],[-75.05651,5.52116],[-75.05651,5.52116],[-75.05651,5.52116],[-75.05652,5.52116],[-75.05652,5.52116],[-75.05652,5.52116],[-75.05652,5.52116],[-75.05652,5.52117],[-75.05652,5.52117],[-75.05652,5.52117],[-75.05652,5.52117],[-75.05652,5.52117],[-75.05652,5.52117],[-75.05652,5.52117],[-75.05652,5.52118],[-75.05652,5.52118],[-75.05652,5.52118],[-75.05652,5.52118],[-75.05652,5.52118],[-75.05652,5.52118],[-75.05651,5.52118],[-75.05651,5.52119],[-75.05651,5.52119],[-75.05651,5.52119],[-75.05651,5.52119],[-75.05651,5.52119],[-75.05651,5.52119],[-75.05651,5.52119],[-75.05651,5.52119],[-75.05645,5.52123],[-75.05643,5.52132],[-75.05645,5.52142],[-75.05648,5.52144],[-75.05654,5.52146],[-75.05654,5.52146],[-75.05654,5.52146],[-75.05654,5.52146],[-75.05654,5.52146],[-75.05659,5.52148],[-75.05667,5.52145],[-75.05667,5.52145],[-75.05667,5.52145],[-75.05668,5.52145],[-75.05668,5.52145],[-75.05668,5.52145],[-75.05668,5.52145],[-75.05668,5.52145],[-75.05668,5.52145],[-75.05669,5.52145],[-75.05669,5.52145],[-75.05669,5.52145],[-75.05679,5.52146],[-75.05687,5.52138],[-75.05687,5.52138],[-75.05687,5.52138],[-75.05688,5.52138],[-75.05688,5.52138],[-75.05688,5.52138],[-75.05688,5.52138],[-75.05688,5.52138],[-75.05689,5.52138],[-75.05689,5.52138],[-75.05692,5.52137],[-75.05692,5.52137],[-75.05692,5.52137],[-75.05692,5.52137],[-75.057,5.52137],[-75.05701,5.52137],[-75.05701,5.52137],[-75.05701,5.52137],[-75.05701,5.52137],[-75.05701,5.52137],[-75.05701,5.52137],[-75.05702,5.52137],[-75.05702,5.52137],[-75.05702,5.52137],[-75.05702,5.52137],[-75.05702,5.52137],[-75.05702,5.52137],[-75.05702,5.52137],[-75.05702,5.52137],[-75.05703,5.52137],[-75.05703,5.52138],[-75.05703,5.52138],[-75.05703,5.52138],[-75.05703,5.52138],[-75.05705,5.52141],[-75.0571,5.52145],[-75.0571,5.52145],[-75.0571,5.52145],[-75.0571,5.52145],[-75.0571,5.52145],[-75.0571,5.52145],[-75.05711,5.52146],[-75.05711,5.52146],[-75.05711,5.52146],[-75.05711,5.52146],[-75.05711,5.52146],[-75.05711,5.52147],[-75.05711,5.52147],[-75.05711,5.52147],[-75.05711,5.52147],[-75.05711,5.52148],[-75.05711,5.52148],[-75.05711,5.52148],[-75.05711,5.52148],[-75.05711,5.52148],[-75.05711,5.52148],[-75.05707,5.52158],[-75.05704,5.52166],[-75.05706,5.52178],[-75.0571,5.52183],[-75.05717,5.52187],[-75.05717,5.52187],[-75.05717,5.52187],[-75.05726,5.52192],[-75.05729,5.52191],[-75.05729,5.52188],[-75.05729,5.52188],[-75.05729,5.52188],[-75.05729,5.52188],[-75.05729,5.52188],[-75.05729,5.52188],[-75.05732,5.52169],[-75.05732,5.52169],[-75.05732,5.52169],[-75.05732,5.52169],[-75.05732,5.52169],[-75.05734,5.52162],[-75.05734,5.52161],[-75.05734,5.52161],[-75.05734,5.52161],[-75.05734,5.52161],[-75.05734,5.52161],[-75.05734,5.52161],[-75.05734,5.52161],[-75.05734,5.5216],[-75.05737,5.52157],[-75.05741,5.52149],[-75.05741,5.52149],[-75.05741,5.52149],[-75.05741,5.52149],[-75.05741,5.52148],[-75.05742,5.52148],[-75.05742,5.52148],[-75.05742,5.52148],[-75.05742,5.52148],[-75.05742,5.52148],[-75.05742,5.52148],[-75.05742,5.52148],[-75.05743,5.52148],[-75.05743,5.52148],[-75.05743,5.52148],[-75.05743,5.52148],[-75.05743,5.52148],[-75.05745,5.52147],[-75.05746,5.52145],[-75.05746,5.52144],[-75.05747,5.52144],[-75.05747,5.52144],[-75.05747,5.52144],[-75.05747,5.52144],[-75.05747,5.52144],[-75.05747,5.52144],[-75.05747,5.52144],[-75.05747,5.52144],[-75.05755,5.52136],[-75.05755,5.52136],[-75.05755,5.52136],[-75.05755,5.52136],[-75.05755,5.52136],[-75.05755,5.52136],[-75.05755,5.52136],[-75.05755,5.52136],[-75.05756,5.52136],[-75.05765,5.52132],[-75.05765,5.52132],[-75.05765,5.52132],[-75.05765,5.52132],[-75.05766,5.52132],[-75.05766,5.52132],[-75.05766,5.52132],[-75.05766,5.52132],[-75.05767,5.52132],[-75.05767,5.52132],[-75.05767,5.52132],[-75.05767,5.52132],[-75.05767,5.52132],[-75.05767,5.52132],[-75.05768,5.52132],[-75.05768,5.52132],[-75.05783,5.52141],[-75.0579,5.52143],[-75.05791,5.52139],[-75.05791,5.52139],[-75.05791,5.52139],[-75.05791,5.52139],[-75.05791,5.52139],[-75.05791,5.52139],[-75.05791,5.52139],[-75.05792,5.52138],[-75.05792,5.52138],[-75.05792,5.52138],[-75.05792,5.52138],[-75.05792,5.52138],[-75.05792,5.52138],[-75.05792,5.52138],[-75.05792,5.52138],[-75.05793,5.52138],[-75.05793,5.52138],[-75.05793,5.52138],[-75.05793,5.52138],[-75.05793,5.52138],[-75.05793,5.52138],[-75.05793,5.52138],[-75.05794,5.52138],[-75.05801,5.52138],[-75.05802,5.52138],[-75.05803,5.52137],[-75.05803,5.52128],[-75.05803,5.52128],[-75.05803,5.52128],[-75.05803,5.52128],[-75.05803,5.52128],[-75.05803,5.52128],[-75.05803,5.52128],[-75.05803,5.52127],[-75.05803,5.52127],[-75.05803,5.52127],[-75.05803,5.52127],[-75.05807,5.5212],[-75.0581,5.52113],[-75.0581,5.52112],[-75.0581,5.52112],[-75.0581,5.52112],[-75.0581,5.52112],[-75.05811,5.52112],[-75.05811,5.52112],[-75.05811,5.52112],[-75.05811,5.52112],[-75.05819,5.52104],[-75.05825,5.52099],[-75.05833,5.52086],[-75.05834,5.52085],[-75.05836,5.52075],[-75.05836,5.52074],[-75.05837,5.52074],[-75.05837,5.52074],[-75.05837,5.52074],[-75.05837,5.52074],[-75.05837,5.52074],[-75.05837,5.52074],[-75.05837,5.52074],[-75.05837,5.52073],[-75.05837,5.52073],[-75.05837,5.52073],[-75.05847,5.52064],[-75.05847,5.52064],[-75.05847,5.52064],[-75.05847,5.52064],[-75.05851,5.52061],[-75.05851,5.52061],[-75.05852,5.52061],[-75.05852,5.52061],[-75.05852,5.52061],[-75.05852,5.52061],[-75.05852,5.5206],[-75.05852,5.5206],[-75.05852,5.5206],[-75.05853,5.5206],[-75.05853,5.5206],[-75.05853,5.5206],[-75.05853,5.5206],[-75.05853,5.5206],[-75.05853,5.5206],[-75.05853,5.5206],[-75.05854,5.52061],[-75.05854,5.52061],[-75.05854,5.52061],[-75.05854,5.52061],[-75.05854,5.52061],[-75.05854,5.52061],[-75.05854,5.52061],[-75.05855,5.52061],[-75.05855,5.52061],[-75.05855,5.52061],[-75.05855,5.52061],[-75.05857,5.52064],[-75.05857,5.52064],[-75.05857,5.52064],[-75.05858,5.52064],[-75.05858,5.52064],[-75.05858,5.52064],[-75.05862,5.52072],[-75.05862,5.52073],[-75.05862,5.52073],[-75.05862,5.52073],[-75.05862,5.52073],[-75.05866,5.52085],[-75.05866,5.52085],[-75.05866,5.52085],[-75.05866,5.52085],[-75.05866,5.52085],[-75.05866,5.52085],[-75.05866,5.52085],[-75.05866,5.52086],[-75.05866,5.52086],[-75.05866,5.52086],[-75.05864,5.52096],[-75.05864,5.52096],[-75.05864,5.52096],[-75.05864,5.52096],[-75.05864,5.52096],[-75.05864,5.52096],[-75.05864,5.52097],[-75.05864,5.52097],[-75.05864,5.52097],[-75.05859,5.52103],[-75.05863,5.52112],[-75.05868,5.52113],[-75.05868,5.52113],[-75.05868,5.52113],[-75.05868,5.52113],[-75.05869,5.52113],[-75.05869,5.52113],[-75.05869,5.52113],[-75.05878,5.52118],[-75.05879,5.52118],[-75.05879,5.52118],[-75.05879,5.52118],[-75.05879,5.52118],[-75.05879,5.52118],[-75.05879,5.52118],[-75.05879,5.52118],[-75.05879,5.52119],[-75.05889,5.5213],[-75.05889,5.5213],[-75.05889,5.5213],[-75.05889,5.5213],[-75.05889,5.5213],[-75.05889,5.5213],[-75.05889,5.52131],[-75.05889,5.52131],[-75.05889,5.52131],[-75.05891,5.52137],[-75.05897,5.52135],[-75.05897,5.52135],[-75.05897,5.52135],[-75.05897,5.52135],[-75.05897,5.52135],[-75.05897,5.52135],[-75.05898,5.52135],[-75.05898,5.52135],[-75.05898,5.52135],[-75.05898,5.52135],[-75.05898,5.52135],[-75.05898,5.52135],[-75.05898,5.52135],[-75.05899,5.52135],[-75.05899,5.52135],[-75.05899,5.52135],[-75.05899,5.52135],[-75.05899,5.52135],[-75.05899,5.52135],[-75.05899,5.52136],[-75.05899,5.52136],[-75.05899,5.52136],[-75.05899,5.52136],[-75.05907,5.52143],[-75.05908,5.52144],[-75.05917,5.52144],[-75.05917,5.52144],[-75.05918,5.52144],[-75.05918,5.52144],[-75.05918,5.52144],[-75.05918,5.52144],[-75.05918,5.52144],[-75.05918,5.52145],[-75.05918,5.52145],[-75.05918,5.52145],[-75.05926,5.52149],[-75.05933,5.52147],[-75.05933,5.52147],[-75.05933,5.52147],[-75.05933,5.52147],[-75.05934,5.52147],[-75.05934,5.52147],[-75.05934,5.52147],[-75.05934,5.52147],[-75.05934,5.52147],[-75.05934,5.52147],[-75.05934,5.52147],[-75.05935,5.52147],[-75.05935,5.52147],[-75.05948,5.52154],[-75.05949,5.52154],[-75.05949,5.52154],[-75.05949,5.52154],[-75.05949,5.52154],[-75.05949,5.52154],[-75.05949,5.52154],[-75.05949,5.52154],[-75.05949,5.52154],[-75.05959,5.52166],[-75.05966,5.5217],[-75.05972,5.52171],[-75.05972,5.52171],[-75.05972,5.52171],[-75.05972,5.52171],[-75.05972,5.52171],[-75.05972,5.52171],[-75.05973,5.52171],[-75.05973,5.52171],[-75.05973,5.52171],[-75.05973,5.52171],[-75.05973,5.52171],[-75.05973,5.52171],[-75.05979,5.52176],[-75.05987,5.52174],[-75.05987,5.52174],[-75.05987,5.52174],[-75.05987,5.52174],[-75.05987,5.52174],[-75.05988,5.52174],[-75.05988,5.52174],[-75.05988,5.52174],[-75.05988,5.52174],[-75.05988,5.52174],[-75.05999,5.52177],[-75.06011,5.5218],[-75.06011,5.5218],[-75.06011,5.5218],[-75.06011,5.5218],[-75.06011,5.5218],[-75.06023,5.52183],[-75.06026,5.52184],[-75.06033,5.52184],[-75.06046,5.52182],[-75.06046,5.52182],[-75.06046,5.52182],[-75.06046,5.52182],[-75.06046,5.52182],[-75.06047,5.52182],[-75.06047,5.52182],[-75.06047,5.52182],[-75.06047,5.52182],[-75.06047,5.52182],[-75.06047,5.52182],[-75.06047,5.52182],[-75.06048,5.52182],[-75.06061,5.52189],[-75.06061,5.52189],[-75.06061,5.52189],[-75.06062,5.52189],[-75.06062,5.52189],[-75.06062,5.52189],[-75.06062,5.5219],[-75.06062,5.5219],[-75.06062,5.5219],[-75.06063,5.5219],[-75.06063,5.5219],[-75.06063,5.52191],[-75.06065,5.522],[-75.06068,5.52208],[-75.06068,5.52208],[-75.06068,5.52209],[-75.06068,5.52209],[-75.06068,5.52209],[-75.06069,5.52209],[-75.06069,5.52209],[-75.06069,5.52215],[-75.06071,5.52217],[-75.06085,5.52219],[-75.06085,5.52219],[-75.06085,5.52219],[-75.06085,5.52219],[-75.06085,5.5222],[-75.06086,5.5222],[-75.06086,5.5222],[-75.06094,5.52223],[-75.06112,5.52226],[-75.06112,5.52226],[-75.06113,5.52226],[-75.06113,5.52226],[-75.06113,5.52226],[-75.06113,5.52226],[-75.06113,5.52226],[-75.06113,5.52226],[-75.06113,5.52226],[-75.06114,5.52227],[-75.06114,5.52227],[-75.06114,5.52227],[-75.06114,5.52227],[-75.06114,5.52227],[-75.06114,5.52227],[-75.06114,5.52227],[-75.06121,5.52237],[-75.06124,5.52241],[-75.06125,5.52241],[-75.06125,5.52241],[-75.06125,5.52241],[-75.06125,5.52241],[-75.06125,5.52241],[-75.06125,5.52241],[-75.06125,5.52241],[-75.06127,5.52245],[-75.06127,5.52245],[-75.06127,5.52245],[-75.06127,5.52245],[-75.06127,5.52246],[-75.06127,5.52246],[-75.06127,5.52246],[-75.06127,5.52246],[-75.06127,5.52246],[-75.06127,5.52246],[-75.06127,5.52247],[-75.06127,5.52247],[-75.06127,5.52247],[-75.06127,5.52247],[-75.06127,5.52247],[-75.06127,5.52247],[-75.06127,5.52247],[-75.06127,5.52248],[-75.06127,5.52248],[-75.06127,5.52248],[-75.06127,5.52248],[-75.06127,5.52248],[-75.06127,5.52248],[-75.06127,5.52248],[-75.06126,5.52248],[-75.06126,5.52248],[-75.06126,5.52249],[-75.06126,5.52249],[-75.06126,5.52249],[-75.06126,5.52249],[-75.06126,5.52249],[-75.06126,5.52249],[-75.06125,5.52249],[-75.06125,5.52249],[-75.06125,5.52249],[-75.06125,5.52249],[-75.06124,5.52249],[-75.06124,5.52249],[-75.06124,5.52249],[-75.06124,5.52249],[-75.06124,5.52249],[-75.06123,5.52249],[-75.06123,5.52249],[-75.06123,5.52249],[-75.06123,5.52248],[-75.06123,5.52248],[-75.06123,5.52248],[-75.06123,5.52248],[-75.06122,5.52248],[-75.06122,5.52248],[-75.06122,5.52248],[-75.06122,5.52248],[-75.06122,5.52248],[-75.0612,5.52244],[-75.06117,5.52241],[-75.06117,5.52241],[-75.06117,5.52241],[-75.06116,5.52241],[-75.06116,5.52241],[-75.06116,5.5224],[-75.06116,5.5224],[-75.0611,5.52231],[-75.06093,5.52228],[-75.06092,5.52228],[-75.06092,5.52228],[-75.06092,5.52228],[-75.06092,5.52228],[-75.06092,5.52228],[-75.06084,5.52225],[-75.0607,5.52223],[-75.0607,5.52223],[-75.06069,5.52223],[-75.06069,5.52223],[-75.06069,5.52222],[-75.06069,5.52222],[-75.06069,5.52222],[-75.06069,5.52222],[-75.06069,5.52222],[-75.06068,5.52222],[-75.06068,5.52222],[-75.06068,5.52222],[-75.06066,5.5222],[-75.06065,5.52219],[-75.06065,5.52219],[-75.06064,5.52219],[-75.06064,5.52219],[-75.06064,5.52218],[-75.06064,5.52218],[-75.06064,5.52218],[-75.06064,5.52218],[-75.06064,5.52218],[-75.06064,5.52218],[-75.06064,5.52218],[-75.06064,5.52218],[-75.06064,5.52218],[-75.06064,5.52217],[-75.06064,5.52217],[-75.06064,5.52217],[-75.06063,5.5221],[-75.0606,5.52202],[-75.0606,5.52202],[-75.0606,5.52202],[-75.0606,5.52202],[-75.06058,5.52193],[-75.06046,5.52187],[-75.06034,5.5219],[-75.06034,5.5219],[-75.06034,5.5219],[-75.06033,5.5219],[-75.06033,5.5219],[-75.06033,5.5219],[-75.06033,5.5219],[-75.06022,5.52189],[-75.06022,5.52189],[-75.06022,5.52189],[-75.06022,5.52189],[-75.06022,5.52189],[-75.06022,5.52189],[-75.06021,5.52189],[-75.06009,5.52185],[-75.05998,5.52183],[-75.05998,5.52183],[-75.05998,5.52183],[-75.05997,5.52183],[-75.05997,5.52183],[-75.05987,5.5218],[-75.05979,5.52182],[-75.05979,5.52182],[-75.05979,5.52182],[-75.05979,5.52182],[-75.05978,5.52182],[-75.05978,5.52182],[-75.05978,5.52182],[-75.05978,5.52182],[-75.05978,5.52181],[-75.05978,5.52181],[-75.05977,5.52181],[-75.05977,5.52181],[-75.05977,5.52181],[-75.05977,5.52181],[-75.05977,5.52181],[-75.05977,5.52181],[-75.05977,5.52181],[-75.0597,5.52176],[-75.05964,5.52175],[-75.05964,5.52175],[-75.05964,5.52175],[-75.05964,5.52175],[-75.05964,5.52175],[-75.05964,5.52175],[-75.05964,5.52175],[-75.05964,5.52175],[-75.05956,5.52171],[-75.05956,5.52171],[-75.05956,5.52171],[-75.05956,5.52171],[-75.05955,5.5217],[-75.05955,5.5217],[-75.05955,5.5217],[-75.05955,5.5217],[-75.05946,5.52158],[-75.05933,5.52152],[-75.05926,5.52154],[-75.05926,5.52154],[-75.05926,5.52154],[-75.05926,5.52154],[-75.05925,5.52154],[-75.05925,5.52154],[-75.05925,5.52154],[-75.05925,5.52154],[-75.05925,5.52154],[-75.05925,5.52154],[-75.05924,5.52154],[-75.05924,5.52154],[-75.05924,5.52154],[-75.05924,5.52154],[-75.05924,5.52154],[-75.05916,5.5215],[-75.05906,5.52149],[-75.05906,5.52149],[-75.05906,5.52149],[-75.05906,5.52149],[-75.05906,5.52149],[-75.05906,5.52149],[-75.05906,5.52149],[-75.05906,5.52149],[-75.05905,5.52149],[-75.05905,5.52149],[-75.05905,5.52149],[-75.05905,5.52149],[-75.05905,5.52149],[-75.05905,5.52148],[-75.05905,5.52148],[-75.05897,5.52141],[-75.0589,5.52143],[-75.0589,5.52143],[-75.0589,5.52143],[-75.05889,5.52143],[-75.05889,5.52143],[-75.05889,5.52143],[-75.05889,5.52143],[-75.05889,5.52143],[-75.05889,5.52143],[-75.05889,5.52143],[-75.05888,5.52143],[-75.05888,5.52143],[-75.05888,5.52143],[-75.05888,5.52143],[-75.05888,5.52143],[-75.05888,5.52143],[-75.05888,5.52143],[-75.05887,5.52143],[-75.05887,5.52143],[-75.05887,5.52142],[-75.05887,5.52142],[-75.05887,5.52142],[-75.05887,5.52142],[-75.05887,5.52142],[-75.05887,5.52142],[-75.05887,5.52142],[-75.05886,5.52141],[-75.05886,5.52141],[-75.05886,5.52141],[-75.05884,5.52133],[-75.05875,5.52122],[-75.05867,5.52118],[-75.05861,5.52117],[-75.0586,5.52117],[-75.0586,5.52117],[-75.0586,5.52117],[-75.0586,5.52117],[-75.0586,5.52117],[-75.0586,5.52116],[-75.0586,5.52116],[-75.0586,5.52116],[-75.05859,5.52116],[-75.05859,5.52116],[-75.05859,5.52116],[-75.05859,5.52116],[-75.05859,5.52116],[-75.05859,5.52116],[-75.05859,5.52115],[-75.05859,5.52115],[-75.05859,5.52115],[-75.05859,5.52115],[-75.05854,5.52104],[-75.05854,5.52104],[-75.05854,5.52104],[-75.05854,5.52104],[-75.05854,5.52104],[-75.05854,5.52103],[-75.05854,5.52103],[-75.05854,5.52103],[-75.05854,5.52103],[-75.05854,5.52102],[-75.05854,5.52102],[-75.05854,5.52102],[-75.05854,5.52102],[-75.05854,5.52102],[-75.05859,5.52094],[-75.0586,5.52086],[-75.05857,5.52075],[-75.05853,5.52067],[-75.05852,5.52067],[-75.0585,5.52068],[-75.05841,5.52077],[-75.05839,5.52087],[-75.05839,5.52087],[-75.05839,5.52087],[-75.05839,5.52087],[-75.05839,5.52087],[-75.05839,5.52087],[-75.05838,5.52087],[-75.05829,5.52102],[-75.05829,5.52102],[-75.05829,5.52102],[-75.05829,5.52102],[-75.05829,5.52103],[-75.05829,5.52103],[-75.05829,5.52103],[-75.05823,5.52108],[-75.05815,5.52115],[-75.05811,5.52122],[-75.05808,5.52129],[-75.05808,5.52139],[-75.05808,5.52139],[-75.05808,5.52139],[-75.05808,5.5214],[-75.05808,5.5214],[-75.05808,5.5214],[-75.05808,5.5214],[-75.05808,5.5214],[-75.05808,5.5214],[-75.05808,5.52141],[-75.05808,5.52141],[-75.05808,5.52141],[-75.05808,5.52141],[-75.05808,5.52141],[-75.05807,5.52141],[-75.05807,5.52141],[-75.05807,5.52141],[-75.05807,5.52142],[-75.05807,5.52142],[-75.05807,5.52142],[-75.05807,5.52142],[-75.05807,5.52142],[-75.05807,5.52142],[-75.05803,5.52143],[-75.05803,5.52143],[-75.05803,5.52143],[-75.05803,5.52143],[-75.05803,5.52143],[-75.05803,5.52143],[-75.05802,5.52143],[-75.05801,5.52143],[-75.05801,5.52143],[-75.05795,5.52143],[-75.05794,5.52147],[-75.05794,5.52147],[-75.05794,5.52147],[-75.05793,5.52147],[-75.05793,5.52147],[-75.05793,5.52147],[-75.05793,5.52148],[-75.05793,5.52148],[-75.05793,5.52148],[-75.05793,5.52148],[-75.05793,5.52148],[-75.05793,5.52148],[-75.05792,5.52148],[-75.05792,5.52148],[-75.05792,5.52148],[-75.05792,5.52148],[-75.05792,5.52148],[-75.05792,5.52148],[-75.05792,5.52148],[-75.05791,5.52148],[-75.05791,5.52148],[-75.05791,5.52148],[-75.05791,5.52148],[-75.05791,5.52148],[-75.05791,5.52148],[-75.05791,5.52148],[-75.05781,5.52146],[-75.05781,5.52146],[-75.05781,5.52146],[-75.05781,5.52146],[-75.0578,5.52146],[-75.0578,5.52146],[-75.0578,5.52146],[-75.05766,5.52137],[-75.05758,5.52141],[-75.05751,5.52147],[-75.0575,5.5215],[-75.0575,5.5215],[-75.0575,5.52151],[-75.0575,5.52151],[-75.0575,5.52151],[-75.0575,5.52151],[-75.0575,5.52151],[-75.0575,5.52151],[-75.0575,5.52151],[-75.05749,5.52151],[-75.05749,5.52152],[-75.05749,5.52152],[-75.05749,5.52152],[-75.05749,5.52152],[-75.05749,5.52152],[-75.05748,5.52152],[-75.05748,5.52152],[-75.05748,5.52152],[-75.05748,5.52152],[-75.05748,5.52152],[-75.05748,5.52152],[-75.05745,5.52153],[-75.05742,5.5216],[-75.05742,5.5216],[-75.05742,5.5216],[-75.05742,5.5216],[-75.05742,5.5216],[-75.05741,5.5216],[-75.05739,5.52163],[-75.05737,5.5217],[-75.05735,5.52188],[-75.05735,5.52193],[-75.05735,5.52193],[-75.05735,5.52193],[-75.05735,5.52193],[-75.05735,5.52193],[-75.05735,5.52193],[-75.05735,5.52194],[-75.05735,5.52194],[-75.05735,5.52194],[-75.05734,5.52194],[-75.05734,5.52194],[-75.05734,5.52194],[-75.05734,5.52195],[-75.05734,5.52195],[-75.05734,5.52195],[-75.05734,5.52195],[-75.05733,5.52195],[-75.05733,5.52195],[-75.05733,5.52195],[-75.05733,5.52195],[-75.05733,5.52196],[-75.05733,5.52196],[-75.05733,5.52196],[-75.05727,5.52198],[-75.05726,5.52198],[-75.05726,5.52198],[-75.05726,5.52198],[-75.05726,5.52198],[-75.05726,5.52198],[-75.05726,5.52198],[-75.05726,5.52198],[-75.05725,5.52198],[-75.05725,5.52198],[-75.05725,5.52198],[-75.05725,5.52198],[-75.05725,5.52197],[-75.05725,5.52197],[-75.05725,5.52197],[-75.05724,5.52197],[-75.05714,5.52191],[-75.05707,5.52188],[-75.05707,5.52188],[-75.05707,5.52187],[-75.05706,5.52187],[-75.05706,5.52187],[-75.05706,5.52187],[-75.05706,5.52187],[-75.05706,5.52187],[-75.05706,5.52187],[-75.05706,5.52187],[-75.05701,5.5218],[-75.05701,5.5218],[-75.05701,5.5218],[-75.05701,5.5218],[-75.05701,5.5218],[-75.05701,5.5218],[-75.05701,5.5218],[-75.057,5.52179],[-75.057,5.52179],[-75.057,5.52179],[-75.057,5.52179],[-75.05698,5.52166],[-75.05698,5.52166],[-75.05698,5.52166],[-75.05698,5.52165],[-75.05698,5.52165],[-75.05698,5.52165],[-75.05698,5.52165],[-75.05698,5.52165],[-75.05698,5.52165],[-75.05699,5.52165],[-75.05702,5.52156],[-75.05702,5.52156],[-75.05705,5.52148],[-75.05701,5.52145],[-75.05701,5.52145],[-75.05701,5.52145],[-75.05701,5.52145],[-75.05701,5.52145],[-75.05701,5.52145],[-75.05701,5.52145],[-75.05701,5.52144],[-75.05701,5.52144],[-75.05699,5.52142],[-75.05693,5.52143],[-75.0569,5.52143],[-75.05682,5.52151],[-75.05682,5.52151],[-75.05681,5.52152],[-75.05681,5.52152],[-75.05681,5.52152],[-75.05681,5.52152],[-75.05681,5.52152],[-75.05681,5.52152],[-75.0568,5.52152],[-75.0568,5.52152],[-75.0568,5.52152],[-75.0568,5.52152],[-75.0568,5.52152],[-75.0568,5.52152],[-75.05679,5.52152],[-75.05679,5.52152],[-75.05679,5.52152],[-75.05669,5.5215],[-75.05659,5.52154],[-75.05659,5.52154],[-75.05659,5.52154],[-75.05659,5.52154],[-75.05659,5.52154],[-75.05659,5.52154],[-75.05659,5.52154],[-75.05658,5.52154],[-75.05658,5.52154],[-75.05658,5.52154],[-75.05658,5.52154],[-75.05658,5.52154],[-75.05658,5.52154],[-75.05657,5.52154],[-75.05657,5.52154],[-75.05657,5.52154],[-75.05657,5.52154],[-75.05651,5.52151],[-75.05646,5.52149],[-75.05646,5.52149],[-75.05646,5.52148],[-75.05645,5.52148],[-75.05645,5.52148],[-75.05645,5.52148],[-75.05641,5.52145],[-75.05641,5.52145],[-75.05641,5.52145],[-75.05641,5.52145],[-75.0564,5.52145],[-75.0564,5.52145],[-75.0564,5.52145],[-75.0564,5.52145],[-75.0564,5.52145],[-75.0564,5.52144],[-75.0564,5.52144],[-75.0564,5.52144],[-75.0564,5.52144],[-75.0564,5.52144],[-75.0564,5.52144],[-75.0564,5.52144],[-75.05638,5.52132],[-75.05638,5.52132],[-75.05638,5.52132],[-75.05638,5.52132],[-75.05638,5.52132],[-75.05638,5.52132],[-75.05638,5.52132],[-75.05638,5.52131],[-75.05638,5.52131],[-75.05638,5.52131],[-75.0564,5.52121],[-75.0564,5.52121],[-75.0564,5.52121],[-75.0564,5.52121],[-75.0564,5.5212],[-75.0564,5.5212],[-75.0564,5.5212],[-75.0564,5.5212],[-75.0564,5.5212],[-75.05641,5.5212],[-75.05641,5.5212],[-75.05641,5.5212],[-75.05641,5.52119],[-75.05641,5.52119],[-75.05641,5.52119],[-75.05641,5.52119],[-75.05644,5.52117],[-75.05643,5.52116],[-75.05632,5.52113],[-75.05624,5.52114],[-75.05617,5.52117],[-75.05613,5.52119],[-75.05613,5.52119],[-75.05613,5.52119],[-75.05612,5.52119],[-75.05612,5.52119],[-75.05608,5.52142],[-75.05599,5.52197],[-75.0559,5.52242],[-75.05591,5.52287],[-75.05645,5.52305],[-75.05663,5.52314],[-75.05708,5.52323],[-75.05745,5.5233],[-75.05745,5.5233],[-75.05745,5.5233],[-75.05745,5.5233],[-75.05745,5.52329],[-75.05745,5.52329],[-75.05746,5.52329],[-75.05746,5.52328],[-75.05746,5.52328],[-75.05747,5.52328],[-75.05747,5.52328],[-75.05747,5.52328],[-75.05747,5.52328],[-75.05747,5.52328],[-75.05748,5.52328],[-75.05748,5.52328],[-75.05748,5.52328],[-75.05748,5.52328],[-75.05748,5.52328],[-75.05748,5.52328],[-75.05748,5.52328],[-75.05748,5.52328],[-75.05748,5.52328],[-75.05749,5.52328],[-75.05749,5.52328],[-75.05749,5.52328],[-75.0575,5.52329],[-75.05752,5.5233],[-75.05752,5.5233],[-75.05752,5.5233],[-75.05753,5.5233],[-75.05753,5.5233],[-75.05753,5.5233],[-75.05753,5.5233],[-75.05753,5.5233],[-75.05753,5.5233],[-75.05753,5.5233],[-75.05753,5.52331],[-75.05753,5.52331],[-75.05754,5.52331],[-75.05754,5.52331],[-75.05754,5.52331],[-75.05754,5.52331],[-75.05754,5.52332],[-75.05754,5.52332],[-75.05754,5.52332],[-75.05754,5.52332],[-75.05754,5.52333],[-75.05762,5.52341],[-75.05771,5.52341],[-75.0578,5.52341],[-75.05816,5.52305],[-75.05825,5.52287],[-75.05825,5.52269],[-75.05873,5.5228],[-75.06084,5.52329],[-75.06433,5.52411],[-75.06746,5.52484],[-75.06755,5.52484],[-75.06764,5.52502],[-75.06782,5.52538],[-75.06782,5.52556],[-75.06791,5.52556],[-75.068,5.52547],[-75.06818,5.52538],[-75.06836,5.52529],[-75.06899,5.5252],[-75.06962,5.52511],[-75.07008,5.52466],[-75.07017,5.52466],[-75.07026,5.5252],[-75.07035,5.52529],[-75.07035,5.52538],[-75.07053,5.52538],[-75.07071,5.52529],[-75.07143,5.5252],[-75.07215,5.52528],[-75.07251,5.52537],[-75.07287,5.52546],[-75.07305,5.52555],[-75.07323,5.52555],[-75.07332,5.52555],[-75.07336,5.52562],[-75.07594,5.52618],[-75.07639,5.52627],[-75.07685,5.52618],[-75.07748,5.52609],[-75.07811,5.52609],[-75.0782,5.52663]]]]},"properties":{"OBJECTID_1":1,"OBJECTID":1,"st_length_":0.669600162943,"COD_ZONA":"ZnPR","NOM_ZONA":"Zona Primitiva","ID_PNN":"pSFL","Hectareas":5970.43991842,"Shape_Leng":0.627163013706,"Shape_Length":69420.65505600657,"Shape_Area":59668588.40572067}},{"type":"Feature","id":2,"geometry":{"type":"MultiPolygon","coordinates":[[[[-75.05501,5.43513],[-75.05495,5.43531],[-75.05497,5.4353],[-75.05503,5.4353],[-75.05508,5.43514],[-75.05509,5.43514],[-75.05509,5.43513],[-75.05509,5.43513],[-75.05508,5.43512],[-75.05508,5.43512],[-75.05465,5.43426],[-75.05465,5.43426],[-75.05465,5.43425],[-75.05464,5.43425],[-75.05464,5.43424],[-75.05463,5.43424],[-75.05463,5.43424],[-75.05462,5.43424],[-75.05461,5.43424],[-75.05461,5.43424],[-75.0546,5.43424],[-75.05324,5.43495],[-75.05299,5.43476],[-75.05298,5.43477],[-75.05293,5.4348],[-75.05322,5.43502],[-75.05322,5.43502],[-75.05323,5.43503],[-75.05323,5.43503],[-75.05324,5.43503],[-75.05325,5.43503],[-75.05325,5.43503],[-75.05326,5.43502],[-75.05461,5.43432],[-75.05501,5.43513]]],[[[-75.05632,5.43716],[-75.05632,5.43717],[-75.05633,5.43717],[-75.05633,5.43717],[-75.05634,5.43717],[-75.05635,5.43717],[-75.05635,5.43717],[-75.05636,5.43717],[-75.05636,5.43717],[-75.05745,5.43645],[-75.05746,5.43644],[-75.05746,5.43644],[-75.05747,5.43644],[-75.05747,5.43643],[-75.05747,5.43642],[-75.05747,5.43642],[-75.05748,5.43633],[-75.05748,5.43631],[-75.05748,5.4363],[-75.05747,5.4363],[-75.05747,5.4363],[-75.05742,5.43626],[-75.05741,5.43626],[-75.0574,5.43634],[-75.05741,5.43633],[-75.0574,5.4364],[-75.05739,5.4364],[-75.05735,5.43643],[-75.05634,5.43709],[-75.05577,5.43671],[-75.05571,5.43675],[-75.05571,5.43675],[-75.05632,5.43716]]],[[[-75.12254,5.47398],[-75.12292,5.47411],[-75.12257,5.47458],[-75.12257,5.47459],[-75.12257,5.47459],[-75.1225,5.47474],[-75.1225,5.47474],[-75.12249,5.47475],[-75.12249,5.47475],[-75.12258,5.47473],[-75.12263,5.47462],[-75.12301,5.47411],[-75.12301,5.47411],[-75.12301,5.4741],[-75.12301,5.4741],[-75.12301,5.47409],[-75.12301,5.47408],[-75.12301,5.47408],[-75.12301,5.47407],[-75.12301,5.47407],[-75.123,5.47406],[-75.123,5.47406],[-75.12299,5.47405],[-75.12299,5.47405],[-75.12256,5.47391],[-75.12255,5.47391],[-75.12208,5.47384],[-75.12207,5.47384],[-75.12207,5.47384],[-75.12153,5.47391],[-75.12132,5.47358],[-75.12163,5.47353],[-75.12162,5.47346],[-75.12125,5.47352],[-75.12125,5.47352],[-75.12124,5.47352],[-75.12124,5.47353],[-75.12123,5.47353],[-75.12123,5.47354],[-75.12122,5.47354],[-75.12122,5.47355],[-75.12122,5.47355],[-75.12122,5.47356],[-75.12122,5.47357],[-75.12123,5.47357],[-75.12123,5.47357],[-75.12148,5.47397],[-75.12148,5.47397],[-75.12149,5.47398],[-75.12149,5.47398],[-75.1215,5.47398],[-75.1215,5.47398],[-75.12151,5.47398],[-75.12151,5.47398],[-75.12207,5.47391],[-75.12254,5.47398]]],[[[-75.11842,5.46987],[-75.11842,5.46987],[-75.11842,5.46987],[-75.11842,5.46988],[-75.11842,5.46989],[-75.11842,5.46989],[-75.11854,5.47013],[-75.11854,5.47013],[-75.11855,5.47014],[-75.11855,5.47014],[-75.11856,5.47014],[-75.11922,5.47052],[-75.1195,5.47085],[-75.11961,5.47136],[-75.11971,5.47195],[-75.11959,5.4723],[-75.11945,5.47273],[-75.11945,5.47274],[-75.11945,5.47274],[-75.11945,5.47275],[-75.11955,5.47363],[-75.11955,5.47364],[-75.11955,5.47364],[-75.11955,5.47364],[-75.11968,5.47389],[-75.11968,5.47389],[-75.11968,5.4739],[-75.11969,5.4739],[-75.11983,5.47401],[-75.11997,5.47443],[-75.12004,5.47489],[-75.12004,5.47489],[-75.12005,5.4749],[-75.12005,5.4749],[-75.12005,5.47491],[-75.12006,5.47491],[-75.12006,5.47491],[-75.12007,5.47492],[-75.12007,5.47492],[-75.12046,5.47501],[-75.12047,5.47494],[-75.12011,5.47485],[-75.12004,5.47441],[-75.12004,5.47441],[-75.12004,5.47441],[-75.1199,5.47398],[-75.1199,5.47397],[-75.11989,5.47397],[-75.11989,5.47396],[-75.11989,5.47396],[-75.11988,5.47396],[-75.11974,5.47385],[-75.11966,5.47369],[-75.11962,5.47362],[-75.11952,5.47275],[-75.11966,5.47232],[-75.11978,5.47196],[-75.11978,5.47196],[-75.11978,5.47195],[-75.11978,5.47195],[-75.11969,5.47135],[-75.11969,5.47135],[-75.11957,5.47082],[-75.11956,5.47081],[-75.11956,5.47081],[-75.11956,5.4708],[-75.11927,5.47047],[-75.11927,5.47047],[-75.11926,5.47046],[-75.1186,5.47009],[-75.11858,5.47004],[-75.11849,5.46987],[-75.11851,5.46979],[-75.11868,5.46977],[-75.11914,5.46979],[-75.11914,5.46979],[-75.11925,5.46979],[-75.11925,5.46979],[-75.11926,5.46979],[-75.11926,5.46979],[-75.11969,5.46961],[-75.11969,5.4696],[-75.1197,5.4696],[-75.1197,5.4696],[-75.12002,5.46928],[-75.12003,5.46927],[-75.12003,5.46927],[-75.12003,5.46926],[-75.12005,5.46922],[-75.1202,5.46906],[-75.1202,5.46906],[-75.1202,5.46905],[-75.12058,5.4684],[-75.12058,5.4684],[-75.12085,5.46785],[-75.12093,5.46772],[-75.1212,5.46728],[-75.1212,5.46728],[-75.1212,5.46728],[-75.12144,5.46683],[-75.1216,5.4666],[-75.122,5.46643],[-75.122,5.46643],[-75.122,5.46643],[-75.12217,5.46631],[-75.12217,5.46631],[-75.12218,5.4663],[-75.12218,5.4663],[-75.12218,5.46629],[-75.12218,5.46628],[-75.12218,5.46628],[-75.12218,5.46627],[-75.12218,5.46627],[-75.12214,5.46606],[-75.12213,5.46605],[-75.12213,5.46605],[-75.12213,5.46604],[-75.12194,5.4658],[-75.12183,5.4656],[-75.12192,5.46513],[-75.12192,5.46513],[-75.12192,5.46512],[-75.12192,5.46511],[-75.12192,5.46511],[-75.12192,5.4651],[-75.12192,5.4651],[-75.12191,5.46509],[-75.12191,5.46509],[-75.1219,5.46509],[-75.12151,5.46489],[-75.12194,5.46428],[-75.12208,5.4642],[-75.12208,5.4642],[-75.12209,5.46419],[-75.12209,5.46419],[-75.12233,5.46379],[-75.12233,5.46379],[-75.12246,5.46378],[-75.12246,5.46378],[-75.12247,5.46378],[-75.12247,5.46377],[-75.12248,5.46377],[-75.12248,5.46377],[-75.12275,5.46347],[-75.12385,5.46254],[-75.12385,5.46254],[-75.12453,5.46185],[-75.12454,5.46185],[-75.12454,5.46184],[-75.12454,5.46184],[-75.12478,5.46121],[-75.12531,5.46123],[-75.12671,5.46132],[-75.12672,5.46132],[-75.12672,5.46132],[-75.12673,5.46132],[-75.12673,5.46131],[-75.12715,5.46111],[-75.12725,5.46106],[-75.12719,5.461],[-75.12671,5.46125],[-75.12532,5.46116],[-75.12531,5.46116],[-75.12476,5.46114],[-75.12476,5.46114],[-75.12475,5.46114],[-75.12475,5.46114],[-75.12474,5.46114],[-75.12474,5.46114],[-75.12473,5.46115],[-75.12473,5.46115],[-75.12473,5.46116],[-75.12448,5.4618],[-75.1238,5.46249],[-75.1227,5.46341],[-75.12269,5.46342],[-75.12244,5.46371],[-75.12231,5.46372],[-75.12231,5.46372],[-75.1223,5.46372],[-75.1223,5.46373],[-75.12229,5.46373],[-75.12229,5.46373],[-75.12229,5.46373],[-75.12228,5.46375],[-75.12227,5.46375],[-75.12204,5.46414],[-75.1219,5.46422],[-75.12189,5.46422],[-75.12189,5.46423],[-75.12189,5.46423],[-75.12143,5.46488],[-75.12143,5.46488],[-75.12143,5.46489],[-75.12143,5.46489],[-75.12118,5.46528],[-75.12103,5.46549],[-75.12074,5.46586],[-75.12043,5.46619],[-75.12043,5.46619],[-75.12014,5.46654],[-75.11974,5.46674],[-75.11924,5.46678],[-75.11877,5.46676],[-75.11883,5.46633],[-75.11883,5.46633],[-75.11883,5.46632],[-75.11883,5.46632],[-75.11883,5.46631],[-75.11883,5.4663],[-75.11882,5.4663],[-75.1185,5.46598],[-75.1184,5.46556],[-75.11859,5.46515],[-75.11876,5.46509],[-75.11901,5.46501],[-75.11901,5.46501],[-75.11901,5.46501],[-75.11902,5.465],[-75.11902,5.465],[-75.11902,5.46499],[-75.11903,5.46499],[-75.11903,5.46499],[-75.11915,5.46454],[-75.11915,5.46453],[-75.11915,5.46453],[-75.11915,5.46452],[-75.11915,5.46451],[-75.11915,5.46451],[-75.11898,5.46409],[-75.11909,5.46365],[-75.11909,5.46365],[-75.11909,5.46364],[-75.11909,5.46364],[-75.11908,5.46363],[-75.11892,5.46321],[-75.11892,5.46275],[-75.11896,5.46228],[-75.11896,5.46228],[-75.11896,5.46227],[-75.11896,5.46226],[-75.11896,5.46226],[-75.11896,5.46225],[-75.11869,5.46189],[-75.11869,5.46188],[-75.11868,5.46188],[-75.11868,5.46188],[-75.11867,5.46187],[-75.11867,5.46187],[-75.11866,5.46187],[-75.11866,5.46187],[-75.11807,5.46197],[-75.11788,5.46143],[-75.11794,5.461],[-75.11813,5.4606],[-75.11866,5.46069],[-75.11866,5.46069],[-75.11867,5.46069],[-75.11914,5.46059],[-75.11914,5.46059],[-75.11915,5.46059],[-75.11915,5.46058],[-75.11916,5.46058],[-75.11916,5.46057],[-75.11938,5.46016],[-75.11939,5.46016],[-75.11939,5.46015],[-75.11939,5.46015],[-75.11939,5.46014],[-75.11939,5.46013],[-75.11938,5.46013],[-75.11914,5.45972],[-75.11913,5.45972],[-75.11913,5.45971],[-75.11913,5.45971],[-75.11912,5.45971],[-75.11861,5.45947],[-75.11838,5.45937],[-75.11829,5.45894],[-75.11823,5.45866],[-75.11836,5.45863],[-75.11836,5.45862],[-75.11828,5.45862],[-75.1182,5.45859],[-75.11818,5.4586],[-75.11817,5.4586],[-75.11817,5.4586],[-75.11816,5.45861],[-75.11816,5.45861],[-75.11815,5.45862],[-75.11815,5.45862],[-75.11815,5.45863],[-75.11815,5.45864],[-75.11815,5.45864],[-75.11815,5.45864],[-75.11815,5.45865],[-75.11832,5.4594],[-75.11832,5.4594],[-75.11832,5.45941],[-75.11832,5.45942],[-75.11833,5.45942],[-75.11833,5.45942],[-75.11834,5.45942],[-75.11858,5.45954],[-75.11908,5.45977],[-75.11931,5.46015],[-75.11911,5.46052],[-75.11866,5.46061],[-75.11811,5.46052],[-75.11811,5.46052],[-75.1181,5.46052],[-75.1181,5.46052],[-75.11809,5.46053],[-75.11808,5.46053],[-75.11808,5.46054],[-75.11808,5.46054],[-75.11808,5.46054],[-75.11799,5.46072],[-75.11787,5.46097],[-75.11787,5.46098],[-75.11787,5.46098],[-75.11781,5.46143],[-75.11781,5.46144],[-75.11781,5.46145],[-75.11781,5.46145],[-75.11802,5.46202],[-75.11802,5.46203],[-75.11802,5.46203],[-75.11803,5.46204],[-75.11803,5.46204],[-75.11804,5.46205],[-75.11804,5.46205],[-75.11805,5.46205],[-75.11806,5.46205],[-75.11865,5.46195],[-75.11889,5.46229],[-75.11885,5.46274],[-75.11885,5.46275],[-75.11885,5.46322],[-75.11885,5.46322],[-75.11885,5.46323],[-75.11901,5.46365],[-75.11891,5.46408],[-75.11891,5.46409],[-75.11891,5.46409],[-75.11891,5.4641],[-75.11891,5.46411],[-75.11891,5.46411],[-75.11908,5.46453],[-75.11896,5.46495],[-75.11874,5.46502],[-75.11855,5.46509],[-75.11855,5.46509],[-75.11855,5.46509],[-75.11854,5.46509],[-75.11854,5.4651],[-75.11853,5.4651],[-75.11853,5.46511],[-75.11833,5.46554],[-75.11833,5.46554],[-75.11833,5.46554],[-75.11833,5.46555],[-75.11833,5.46556],[-75.11833,5.46556],[-75.11839,5.46584],[-75.11843,5.46601],[-75.11843,5.46601],[-75.11843,5.46602],[-75.11844,5.46602],[-75.11844,5.46603],[-75.11876,5.46634],[-75.11869,5.46679],[-75.11869,5.46679],[-75.11869,5.4668],[-75.11869,5.4668],[-75.11869,5.46681],[-75.1187,5.46681],[-75.1187,5.46682],[-75.11871,5.46682],[-75.11871,5.46683],[-75.11872,5.46683],[-75.11872,5.46683],[-75.11924,5.46685],[-75.11924,5.46685],[-75.11924,5.46685],[-75.11975,5.46681],[-75.11976,5.46681],[-75.11976,5.46681],[-75.11977,5.46681],[-75.12018,5.4666],[-75.12018,5.4666],[-75.12018,5.4666],[-75.12019,5.46659],[-75.12048,5.46623],[-75.12079,5.46591],[-75.12079,5.46591],[-75.12079,5.46591],[-75.12085,5.46584],[-75.12108,5.46553],[-75.12109,5.46553],[-75.12124,5.46532],[-75.12124,5.46532],[-75.12147,5.46495],[-75.12185,5.46514],[-75.12175,5.4656],[-75.12175,5.4656],[-75.12175,5.46561],[-75.12175,5.46562],[-75.12175,5.46562],[-75.12176,5.46563],[-75.12187,5.46584],[-75.12188,5.46584],[-75.12188,5.46585],[-75.12207,5.46608],[-75.12211,5.46626],[-75.12196,5.46637],[-75.12156,5.46653],[-75.12156,5.46654],[-75.12155,5.46654],[-75.12155,5.46654],[-75.12155,5.46655],[-75.12138,5.46679],[-75.12138,5.46679],[-75.12138,5.46679],[-75.12114,5.46724],[-75.12078,5.46782],[-75.12078,5.46782],[-75.12078,5.46782],[-75.12052,5.46837],[-75.12014,5.46901],[-75.11999,5.46917],[-75.11998,5.46918],[-75.11998,5.46918],[-75.11998,5.46919],[-75.11997,5.46923],[-75.11966,5.46954],[-75.11924,5.46972],[-75.11914,5.46972],[-75.11868,5.4697],[-75.11868,5.4697],[-75.11868,5.4697],[-75.11848,5.46972],[-75.11847,5.46972],[-75.11847,5.46972],[-75.11846,5.46972],[-75.11845,5.46973],[-75.11845,5.46973],[-75.11845,5.46974],[-75.11844,5.46974],[-75.11844,5.46975],[-75.11842,5.46987]]]]},"properties":{"OBJECTID_1":2,"OBJECTID":2,"st_length_":0.669600162943,"COD_ZONA":"ZnADU","NOM_ZONA":"Zona Alta Densidad de Uso","ID_PNN":"pSFL","Hectareas":3.9291364167,"Shape_Leng":0.0893728363592,"Shape_Length":9891.856305071247,"Shape_Area":39268.99836573373}},{"type":"Feature","id":3,"geometry":{"type":"MultiPolygon","coordinates":[[[[-75.05463,5.43424],[-75.05463,5.43424],[-75.05464,5.43424],[-75.05464,5.43425],[-75.05465,5.43425],[-75.05465,5.43426],[-75.05465,5.43426],[-75.05508,5.43512],[-75.05508,5.43512],[-75.05509,5.43513],[-75.05509,5.43513],[-75.05509,5.43514],[-75.05508,5.43514],[-75.05503,5.4353],[-75.0551,5.43529],[-75.05522,5.43528],[-75.05535,5.43528],[-75.05547,5.43525],[-75.05558,5.43522],[-75.0557,5.43518],[-75.05581,5.43514],[-75.05592,5.43509],[-75.05603,5.43503],[-75.05603,5.43497],[-75.05603,5.43493],[-75.05602,5.43489],[-75.05601,5.43483],[-75.056,5.43476],[-75.05598,5.43466],[-75.05595,5.43457],[-75.05594,5.43451],[-75.05594,5.43444],[-75.05593,5.43437],[-75.05593,5.43436],[-75.05593,5.43429],[-75.05593,5.43424],[-75.05593,5.43421],[-75.05592,5.43418],[-75.05591,5.43415],[-75.0559,5.43412],[-75.05588,5.4341],[-75.05587,5.43408],[-75.05585,5.43407],[-75.05583,5.43405],[-75.0558,5.43404],[-75.05578,5.43403],[-75.05574,5.43403],[-75.05569,5.43402],[-75.05564,5.43402],[-75.0556,5.43401],[-75.05557,5.434],[-75.05555,5.43399],[-75.05553,5.43398],[-75.05552,5.43396],[-75.05551,5.43395],[-75.0555,5.43393],[-75.0555,5.43391],[-75.05549,5.43389],[-75.05549,5.43386],[-75.0555,5.43382],[-75.0554,5.43381],[-75.05528,5.4338],[-75.0552,5.43379],[-75.05514,5.43378],[-75.05509,5.43378],[-75.05505,5.43378],[-75.055,5.43377],[-75.05493,5.43377],[-75.05489,5.43378],[-75.05484,5.43378],[-75.05479,5.43379],[-75.05475,5.4338],[-75.05471,5.43382],[-75.05467,5.43383],[-75.05463,5.43385],[-75.05457,5.43388],[-75.05451,5.43392],[-75.05447,5.43394],[-75.05441,5.434],[-75.05431,5.43409],[-75.05423,5.43415],[-75.05417,5.4342],[-75.05409,5.43426],[-75.05403,5.4343],[-75.05395,5.43435],[-75.05387,5.4344],[-75.05381,5.43443],[-75.05374,5.43447],[-75.05368,5.4345],[-75.05362,5.43453],[-75.05356,5.43455],[-75.05345,5.43459],[-75.05325,5.43465],[-75.05315,5.43469],[-75.05309,5.43471],[-75.05303,5.43473],[-75.05299,5.43476],[-75.05324,5.43495],[-75.0546,5.43424],[-75.05461,5.43424],[-75.05461,5.43424],[-75.05462,5.43424],[-75.05463,5.43424]]],[[[-75.05634,5.43709],[-75.05735,5.43643],[-75.05739,5.4364],[-75.0574,5.4364],[-75.05741,5.43633],[-75.0574,5.43634],[-75.05741,5.43626],[-75.05738,5.43624],[-75.05736,5.43623],[-75.05734,5.43622],[-75.0573,5.43621],[-75.05726,5.4362],[-75.05723,5.43619],[-75.05721,5.43619],[-75.05717,5.4362],[-75.05715,5.4362],[-75.05713,5.43621],[-75.0571,5.43622],[-75.05709,5.43623],[-75.05708,5.43624],[-75.05707,5.43626],[-75.05706,5.43627],[-75.05704,5.43631],[-75.05701,5.4364],[-75.05698,5.43647],[-75.05696,5.43651],[-75.05694,5.43656],[-75.05692,5.4366],[-75.0569,5.43662],[-75.05689,5.43664],[-75.05687,5.43666],[-75.05684,5.43668],[-75.05682,5.43668],[-75.05678,5.43669],[-75.05672,5.4367],[-75.05667,5.43671],[-75.05663,5.43672],[-75.05659,5.43674],[-75.05656,5.43675],[-75.05653,5.43676],[-75.0565,5.43676],[-75.05647,5.43676],[-75.05644,5.43676],[-75.05643,5.43676],[-75.05642,5.43675],[-75.0564,5.43674],[-75.05639,5.43672],[-75.05637,5.4367],[-75.05636,5.43668],[-75.05635,5.43665],[-75.05634,5.43662],[-75.05634,5.43659],[-75.05633,5.43653],[-75.05632,5.43647],[-75.05631,5.43642],[-75.0563,5.43637],[-75.0563,5.43635],[-75.05596,5.43658],[-75.05578,5.4367],[-75.05577,5.43671],[-75.05634,5.43709]]],[[[-75.08438,5.46573],[-75.08439,5.46569],[-75.08443,5.46558],[-75.08452,5.46533],[-75.08521,5.46478],[-75.08524,5.46449],[-75.0855,5.46448],[-75.08574,5.46431],[-75.08612,5.46375],[-75.08634,5.46357],[-75.08668,5.46349],[-75.08704,5.46349],[-75.08751,5.46338],[-75.0875,5.46337],[-75.08745,5.46329],[-75.08739,5.46322],[-75.08735,5.46318],[-75.08732,5.46314],[-75.08726,5.46304],[-75.08714,5.46281],[-75.0871,5.46274],[-75.08703,5.46263],[-75.08692,5.46246],[-75.08681,5.46228],[-75.08673,5.46217],[-75.08667,5.46206],[-75.08661,5.46196],[-75.08652,5.4618],[-75.08638,5.46156],[-75.08632,5.46143],[-75.08629,5.46137],[-75.08626,5.4613],[-75.08624,5.46124],[-75.08622,5.46119],[-75.08621,5.46113],[-75.08619,5.46104],[-75.08618,5.46097],[-75.08618,5.46089],[-75.08618,5.46082],[-75.08618,5.46073],[-75.08618,5.46072],[-75.08618,5.46062],[-75.08619,5.46053],[-75.0862,5.46042],[-75.08621,5.46033],[-75.08623,5.46022],[-75.08625,5.46014],[-75.08626,5.46009],[-75.08629,5.46002],[-75.08632,5.45993],[-75.08637,5.45981],[-75.0864,5.45973],[-75.08642,5.45964],[-75.08644,5.45958],[-75.08645,5.45952],[-75.08646,5.45944],[-75.08647,5.45933],[-75.08648,5.45915],[-75.08649,5.45902],[-75.08648,5.45894],[-75.08648,5.45888],[-75.08648,5.45884],[-75.08647,5.4588],[-75.08646,5.45874],[-75.08644,5.45868],[-75.08642,5.45863],[-75.08639,5.45855],[-75.08635,5.45846],[-75.08633,5.4584],[-75.08629,5.45834],[-75.08624,5.45826],[-75.08618,5.45816],[-75.08615,5.45812],[-75.08614,5.4581],[-75.08613,5.45807],[-75.08612,5.45804],[-75.0861,5.45799],[-75.08609,5.45794],[-75.08608,5.45788],[-75.08607,5.4578],[-75.08606,5.45771],[-75.08606,5.45762],[-75.08606,5.45749],[-75.08606,5.45737],[-75.08606,5.45719],[-75.08606,5.4571],[-75.08606,5.45705],[-75.08606,5.45691],[-75.08606,5.45678],[-75.08605,5.45671],[-75.08604,5.45665],[-75.08603,5.4566],[-75.08601,5.4565],[-75.08598,5.45639],[-75.08597,5.4563],[-75.08595,5.45622],[-75.08594,5.45614],[-75.08594,5.45614],[-75.08594,5.45606],[-75.08594,5.456],[-75.08594,5.45596],[-75.08594,5.45591],[-75.08597,5.45577],[-75.08601,5.45553],[-75.08605,5.45534],[-75.08609,5.45518],[-75.08611,5.45507],[-75.08614,5.45497],[-75.08619,5.45477],[-75.08625,5.45458],[-75.08629,5.45443],[-75.08635,5.45424],[-75.08637,5.45416],[-75.08637,5.45412],[-75.08636,5.45406],[-75.08628,5.45383],[-75.08616,5.45361],[-75.08602,5.45349],[-75.08578,5.45332],[-75.08559,5.45317],[-75.0854,5.45291],[-75.08519,5.45255],[-75.08518,5.45251],[-75.08517,5.45251],[-75.08512,5.45243],[-75.08506,5.45233],[-75.08503,5.45227],[-75.08494,5.45227],[-75.08492,5.45228],[-75.08482,5.45229],[-75.08497,5.45219],[-75.08495,5.45217],[-75.08493,5.45216],[-75.08491,5.45215],[-75.08488,5.45214],[-75.08484,5.45213],[-75.08481,5.45213],[-75.08479,5.45213],[-75.08477,5.45215],[-75.08461,5.45229],[-75.08457,5.45228],[-75.08447,5.45223],[-75.08445,5.45223],[-75.08432,5.45212],[-75.08424,5.45196],[-75.08424,5.4519],[-75.08421,5.45186],[-75.08418,5.45181],[-75.08416,5.45178],[-75.08415,5.45174],[-75.08414,5.4517],[-75.08413,5.45167],[-75.08413,5.45163],[-75.08412,5.4516],[-75.08413,5.45156],[-75.08413,5.45151],[-75.08414,5.45147],[-75.08414,5.45145],[-75.08383,5.45138],[-75.0838,5.45138],[-75.08375,5.45136],[-75.08368,5.45135],[-75.08362,5.45133],[-75.08358,5.45131],[-75.08356,5.4513],[-75.08352,5.45129],[-75.08348,5.45126],[-75.08342,5.45123],[-75.08336,5.45118],[-75.08331,5.45114],[-75.08323,5.45107],[-75.08315,5.451],[-75.08309,5.45096],[-75.08304,5.4509],[-75.08299,5.45085],[-75.08297,5.45082],[-75.08295,5.4508],[-75.08294,5.45077],[-75.08292,5.45073],[-75.0829,5.45068],[-75.08288,5.45064],[-75.08287,5.45061],[-75.08285,5.45059],[-75.08283,5.45056],[-75.0828,5.45053],[-75.08276,5.4505],[-75.0827,5.45045],[-75.08261,5.45039],[-75.08253,5.45034],[-75.08241,5.45027],[-75.0823,5.45021],[-75.08224,5.45018],[-75.08219,5.45016],[-75.08216,5.45015],[-75.08212,5.45014],[-75.0821,5.45014],[-75.08207,5.45014],[-75.08205,5.45014],[-75.08204,5.45014],[-75.08202,5.45015],[-75.08201,5.45016],[-75.08199,5.45017],[-75.08198,5.45019],[-75.08197,5.4502],[-75.08196,5.45023],[-75.08195,5.45027],[-75.08194,5.45031],[-75.08193,5.45036],[-75.08193,5.45041],[-75.08192,5.45049],[-75.08191,5.45056],[-75.08191,5.45063],[-75.0819,5.45068],[-75.08189,5.45074],[-75.08188,5.4508],[-75.08187,5.45084],[-75.08074,5.4508],[-75.08068,5.45081],[-75.08062,5.45081],[-75.08054,5.4508],[-75.08046,5.45079],[-75.08038,5.45077],[-75.08031,5.45074],[-75.08023,5.45071],[-75.08016,5.45067],[-75.08009,5.45062],[-75.08003,5.45057],[-75.07997,5.45052],[-75.07991,5.45046],[-75.07987,5.45039],[-75.07983,5.45034],[-75.0798,5.45028],[-75.07977,5.45022],[-75.07926,5.44931],[-75.07922,5.44924],[-75.07918,5.44918],[-75.07914,5.44912],[-75.07909,5.44907],[-75.07903,5.44902],[-75.07897,5.44897],[-75.07891,5.44893],[-75.07884,5.4489],[-75.07877,5.44887],[-75.0787,5.44885],[-75.07863,5.44884],[-75.07855,5.44883],[-75.07848,5.44883],[-75.07758,5.44895],[-75.07744,5.44898],[-75.07729,5.44902],[-75.07715,5.44906],[-75.077,5.4491],[-75.07683,5.44916],[-75.07666,5.44923],[-75.07649,5.4493],[-75.07633,5.44938],[-75.07621,5.44944],[-75.07604,5.44952],[-75.07588,5.44962],[-75.07572,5.44972],[-75.07557,5.44982],[-75.07541,5.44994],[-75.07526,5.45006],[-75.07511,5.45018],[-75.07505,5.4501],[-75.07503,5.45008],[-75.0751,5.45033],[-75.07511,5.45039],[-75.07512,5.45044],[-75.07515,5.45053],[-75.07519,5.45069],[-75.07528,5.45096],[-75.07519,5.45123],[-75.0751,5.45159],[-75.07494,5.45222],[-75.07492,5.45232],[-75.07483,5.45268],[-75.07474,5.45286],[-75.07465,5.45304],[-75.07456,5.45304],[-75.07456,5.45322],[-75.07348,5.45331],[-75.07339,5.4534],[-75.0733,5.45358],[-75.07321,5.45376],[-75.07312,5.45404],[-75.07321,5.45431],[-75.0733,5.45449],[-75.07321,5.45467],[-75.07312,5.45476],[-75.07312,5.45485],[-75.07303,5.45485],[-75.07249,5.45539],[-75.0724,5.45539],[-75.0724,5.45548],[-75.07249,5.45557],[-75.07258,5.45575],[-75.07276,5.45612],[-75.07294,5.45648],[-75.07312,5.45684],[-75.07321,5.45702],[-75.0733,5.45774],[-75.07339,5.45847],[-75.07348,5.45847],[-75.07493,5.45855],[-75.07511,5.45864],[-75.07529,5.45873],[-75.07565,5.4591],[-75.07583,5.45919],[-75.07601,5.45918],[-75.0761,5.45973],[-75.0762,5.4609],[-75.07616,5.46134],[-75.07616,5.46143],[-75.07611,5.46208],[-75.07602,5.46235],[-75.07593,5.46262],[-75.07584,5.46271],[-75.07584,5.4628],[-75.07624,5.46294],[-75.07638,5.46298],[-75.07674,5.4628],[-75.0771,5.46262],[-75.07728,5.46253],[-75.07773,5.46208],[-75.07774,5.46208],[-75.07781,5.46208],[-75.07782,5.46208],[-75.07836,5.46207],[-75.07836,5.4628],[-75.07863,5.4628],[-75.07891,5.46271],[-75.079,5.46262],[-75.07908,5.46225],[-75.07915,5.46198],[-75.07917,5.46189],[-75.07926,5.46171],[-75.07935,5.46153],[-75.07944,5.46153],[-75.08017,5.46162],[-75.08035,5.4618],[-75.08053,5.46189],[-75.08071,5.46198],[-75.08089,5.46207],[-75.08107,5.46207],[-75.08107,5.46261],[-75.08098,5.46316],[-75.08094,5.464],[-75.08147,5.4639],[-75.08179,5.46399],[-75.08306,5.46387],[-75.08315,5.4646],[-75.08333,5.46478],[-75.08342,5.46496],[-75.08342,5.46514],[-75.08378,5.46523],[-75.08396,5.46541],[-75.08414,5.4655],[-75.08432,5.4655],[-75.08438,5.46573]]],[[[-75.11867,5.46187],[-75.11867,5.46187],[-75.11868,5.46188],[-75.11868,5.46188],[-75.11869,5.46188],[-75.11869,5.46189],[-75.11896,5.46225],[-75.11896,5.46226],[-75.11896,5.46226],[-75.11896,5.46227],[-75.11896,5.46228],[-75.11896,5.46228],[-75.11892,5.46275],[-75.11892,5.46321],[-75.11908,5.46363],[-75.11909,5.46364],[-75.11909,5.46364],[-75.11909,5.46365],[-75.11909,5.46365],[-75.11898,5.46409],[-75.11915,5.46451],[-75.11915,5.46451],[-75.11915,5.46452],[-75.11915,5.46453],[-75.11915,5.46453],[-75.11915,5.46454],[-75.11903,5.46499],[-75.11903,5.46499],[-75.11902,5.46499],[-75.11902,5.465],[-75.11902,5.465],[-75.11901,5.46501],[-75.11901,5.46501],[-75.11901,5.46501],[-75.11876,5.46509],[-75.11859,5.46515],[-75.1184,5.46556],[-75.1185,5.46598],[-75.11882,5.4663],[-75.11883,5.4663],[-75.11883,5.46631],[-75.11883,5.46632],[-75.11883,5.46632],[-75.11883,5.46633],[-75.11883,5.46633],[-75.11877,5.46676],[-75.11924,5.46678],[-75.11974,5.46674],[-75.12014,5.46654],[-75.12043,5.46619],[-75.12043,5.46619],[-75.12074,5.46586],[-75.12103,5.46549],[-75.12118,5.46528],[-75.12143,5.46489],[-75.12143,5.46489],[-75.12143,5.46488],[-75.12143,5.46488],[-75.12189,5.46423],[-75.12189,5.46423],[-75.12189,5.46422],[-75.1219,5.46422],[-75.12204,5.46414],[-75.12227,5.46375],[-75.12228,5.46375],[-75.12229,5.46373],[-75.12229,5.46373],[-75.12229,5.46373],[-75.1223,5.46373],[-75.1223,5.46372],[-75.12231,5.46372],[-75.12231,5.46372],[-75.12244,5.46371],[-75.12269,5.46342],[-75.1227,5.46341],[-75.1238,5.46249],[-75.12448,5.4618],[-75.12473,5.46116],[-75.12473,5.46115],[-75.12473,5.46115],[-75.12474,5.46114],[-75.12474,5.46114],[-75.12475,5.46114],[-75.12475,5.46114],[-75.12476,5.46114],[-75.12476,5.46114],[-75.12531,5.46116],[-75.12532,5.46116],[-75.12671,5.46125],[-75.12719,5.461],[-75.12716,5.46097],[-75.12697,5.46077],[-75.12675,5.46054],[-75.12672,5.4605],[-75.12661,5.46038],[-75.12639,5.46012],[-75.12613,5.45981],[-75.12597,5.45965],[-75.12582,5.45947],[-75.12571,5.45936],[-75.12554,5.4592],[-75.1255,5.45916],[-75.12538,5.45901],[-75.12528,5.4589],[-75.12508,5.45863],[-75.12487,5.45836],[-75.12466,5.45807],[-75.12446,5.45779],[-75.12441,5.45771],[-75.1244,5.45772],[-75.12421,5.45782],[-75.12395,5.45799],[-75.12379,5.4581],[-75.1236,5.4583],[-75.12329,5.45855],[-75.1231,5.45872],[-75.12291,5.4589],[-75.12277,5.45904],[-75.12252,5.45921],[-75.12236,5.45929],[-75.12216,5.45935],[-75.12195,5.45941],[-75.12154,5.45949],[-75.12108,5.45955],[-75.1208,5.45955],[-75.12061,5.4594],[-75.1206,5.45969],[-75.12058,5.45991],[-75.12057,5.46029],[-75.1205,5.46067],[-75.12045,5.4608],[-75.12033,5.46062],[-75.12021,5.46044],[-75.12012,5.46031],[-75.11993,5.46005],[-75.11978,5.45988],[-75.11959,5.45967],[-75.11941,5.45946],[-75.11925,5.45931],[-75.11911,5.45923],[-75.1189,5.45911],[-75.11877,5.45904],[-75.11862,5.45898],[-75.1185,5.45893],[-75.11839,5.45885],[-75.11834,5.45875],[-75.11833,5.45868],[-75.11836,5.45863],[-75.11823,5.45866],[-75.11829,5.45894],[-75.11838,5.45937],[-75.11861,5.45947],[-75.11912,5.45971],[-75.11913,5.45971],[-75.11913,5.45971],[-75.11913,5.45972],[-75.11914,5.45972],[-75.11938,5.46013],[-75.11939,5.46013],[-75.11939,5.46014],[-75.11939,5.46015],[-75.11939,5.46015],[-75.11939,5.46016],[-75.11938,5.46016],[-75.11916,5.46057],[-75.11916,5.46058],[-75.11915,5.46058],[-75.11915,5.46059],[-75.11914,5.46059],[-75.11914,5.46059],[-75.11867,5.46069],[-75.11866,5.46069],[-75.11866,5.46069],[-75.11813,5.4606],[-75.11794,5.461],[-75.11788,5.46143],[-75.11807,5.46197],[-75.11866,5.46187],[-75.11866,5.46187],[-75.11867,5.46187]]],[[[-75.12208,5.47384],[-75.12255,5.47391],[-75.12256,5.47391],[-75.12299,5.47405],[-75.12299,5.47405],[-75.123,5.47406],[-75.123,5.47406],[-75.12301,5.47407],[-75.12301,5.47407],[-75.12301,5.47408],[-75.12301,5.47408],[-75.12301,5.47409],[-75.12301,5.4741],[-75.12301,5.4741],[-75.12301,5.47411],[-75.12301,5.47411],[-75.12263,5.47462],[-75.12258,5.47473],[-75.1226,5.47473],[-75.12287,5.47463],[-75.12304,5.47446],[-75.12315,5.47427],[-75.12318,5.47412],[-75.12313,5.47399],[-75.12303,5.47391],[-75.12294,5.47387],[-75.12279,5.47384],[-75.12264,5.47383],[-75.12247,5.47383],[-75.12224,5.47381],[-75.12199,5.4738],[-75.1218,5.47376],[-75.1217,5.47369],[-75.12163,5.47356],[-75.12163,5.47353],[-75.12132,5.47358],[-75.12153,5.47391],[-75.12207,5.47384],[-75.12207,5.47384],[-75.12208,5.47384]]],[[[-75.12047,5.47494],[-75.12048,5.47491],[-75.12083,5.47492],[-75.12108,5.4749],[-75.12135,5.47483],[-75.1215,5.47481],[-75.12171,5.47484],[-75.12191,5.47482],[-75.12207,5.47482],[-75.12229,5.47479],[-75.12249,5.47475],[-75.12249,5.47475],[-75.1225,5.47474],[-75.1225,5.47474],[-75.12257,5.47459],[-75.12257,5.47459],[-75.12257,5.47458],[-75.12292,5.47411],[-75.12254,5.47398],[-75.12207,5.47391],[-75.12151,5.47398],[-75.12151,5.47398],[-75.1215,5.47398],[-75.1215,5.47398],[-75.12149,5.47398],[-75.12149,5.47398],[-75.12148,5.47397],[-75.12148,5.47397],[-75.12123,5.47357],[-75.12123,5.47357],[-75.12122,5.47357],[-75.12122,5.47356],[-75.12122,5.47355],[-75.12122,5.47355],[-75.12122,5.47354],[-75.12123,5.47354],[-75.12123,5.47353],[-75.12124,5.47353],[-75.12124,5.47352],[-75.12125,5.47352],[-75.12125,5.47352],[-75.12162,5.47346],[-75.12162,5.47331],[-75.12162,5.47306],[-75.12167,5.47283],[-75.12174,5.47277],[-75.12186,5.4727],[-75.12218,5.47255],[-75.12244,5.47241],[-75.12268,5.47228],[-75.12287,5.47214],[-75.12305,5.47201],[-75.12317,5.47195],[-75.12329,5.47191],[-75.12345,5.47193],[-75.12359,5.47195],[-75.12381,5.47193],[-75.12399,5.47189],[-75.12424,5.47181],[-75.12448,5.47176],[-75.12474,5.47176],[-75.1248,5.47158],[-75.12477,5.47148],[-75.12469,5.47137],[-75.12455,5.47121],[-75.12446,5.47107],[-75.12439,5.47094],[-75.12427,5.47068],[-75.12422,5.47047],[-75.1242,5.47032],[-75.12418,5.47012],[-75.12414,5.46994],[-75.12408,5.46972],[-75.12401,5.46955],[-75.12394,5.46938],[-75.12391,5.46929],[-75.12391,5.4691],[-75.1242,5.46885],[-75.12447,5.46862],[-75.12429,5.46847],[-75.1241,5.46831],[-75.12404,5.46821],[-75.12402,5.46811],[-75.12404,5.46801],[-75.12406,5.46787],[-75.12358,5.46755],[-75.12367,5.46746],[-75.1238,5.46738],[-75.12402,5.46729],[-75.12428,5.46719],[-75.12459,5.46708],[-75.12488,5.467],[-75.12511,5.46694],[-75.12536,5.46685],[-75.1256,5.46675],[-75.12579,5.46666],[-75.12594,5.46655],[-75.126,5.46647],[-75.12609,5.46629],[-75.12616,5.46618],[-75.12624,5.46608],[-75.12634,5.46599],[-75.12641,5.46587],[-75.12648,5.4658],[-75.12656,5.46572],[-75.12665,5.46563],[-75.12666,5.46553],[-75.12666,5.46542],[-75.1267,5.46537],[-75.12678,5.46532],[-75.12686,5.46522],[-75.12691,5.46505],[-75.12698,5.46489],[-75.12712,5.46471],[-75.12723,5.46479],[-75.12729,5.46493],[-75.12736,5.46515],[-75.12742,5.46547],[-75.12746,5.46574],[-75.12753,5.46606],[-75.12757,5.46636],[-75.12765,5.46669],[-75.12766,5.46674],[-75.128,5.46669],[-75.12836,5.46668],[-75.12851,5.46666],[-75.12864,5.46661],[-75.12876,5.46641],[-75.12881,5.46633],[-75.1289,5.46619],[-75.12912,5.46588],[-75.12922,5.46565],[-75.12922,5.46559],[-75.12923,5.46548],[-75.12926,5.46536],[-75.12926,5.46524],[-75.12924,5.46513],[-75.12918,5.46494],[-75.1291,5.46476],[-75.129,5.46458],[-75.12888,5.46443],[-75.12874,5.46431],[-75.12864,5.46423],[-75.12849,5.46411],[-75.12823,5.46384],[-75.12812,5.46369],[-75.12798,5.46356],[-75.12791,5.46349],[-75.12778,5.46336],[-75.12763,5.46319],[-75.12745,5.46301],[-75.12725,5.4628],[-75.12712,5.46261],[-75.12727,5.46244],[-75.12797,5.46168],[-75.12787,5.46157],[-75.12764,5.46138],[-75.12747,5.46125],[-75.12732,5.46112],[-75.12725,5.46106],[-75.12715,5.46111],[-75.12673,5.46131],[-75.12673,5.46132],[-75.12672,5.46132],[-75.12672,5.46132],[-75.12671,5.46132],[-75.12531,5.46123],[-75.12478,5.46121],[-75.12454,5.46184],[-75.12454,5.46184],[-75.12454,5.46185],[-75.12453,5.46185],[-75.12385,5.46254],[-75.12385,5.46254],[-75.12275,5.46347],[-75.12248,5.46377],[-75.12248,5.46377],[-75.12247,5.46377],[-75.12247,5.46378],[-75.12246,5.46378],[-75.12246,5.46378],[-75.12233,5.46379],[-75.12233,5.46379],[-75.12209,5.46419],[-75.12209,5.46419],[-75.12208,5.4642],[-75.12208,5.4642],[-75.12194,5.46428],[-75.12151,5.46489],[-75.1219,5.46509],[-75.12191,5.46509],[-75.12191,5.46509],[-75.12192,5.4651],[-75.12192,5.4651],[-75.12192,5.46511],[-75.12192,5.46511],[-75.12192,5.46512],[-75.12192,5.46513],[-75.12192,5.46513],[-75.12183,5.4656],[-75.12194,5.4658],[-75.12213,5.46604],[-75.12213,5.46605],[-75.12213,5.46605],[-75.12214,5.46606],[-75.12218,5.46627],[-75.12218,5.46627],[-75.12218,5.46628],[-75.12218,5.46628],[-75.12218,5.46629],[-75.12218,5.4663],[-75.12218,5.4663],[-75.12217,5.46631],[-75.12217,5.46631],[-75.122,5.46643],[-75.122,5.46643],[-75.122,5.46643],[-75.1216,5.4666],[-75.12144,5.46683],[-75.1212,5.46728],[-75.1212,5.46728],[-75.1212,5.46728],[-75.12093,5.46772],[-75.12085,5.46785],[-75.12058,5.4684],[-75.12058,5.4684],[-75.1202,5.46905],[-75.1202,5.46906],[-75.1202,5.46906],[-75.12005,5.46922],[-75.12003,5.46926],[-75.12003,5.46927],[-75.12003,5.46927],[-75.12002,5.46928],[-75.1197,5.4696],[-75.1197,5.4696],[-75.11969,5.4696],[-75.11969,5.46961],[-75.11926,5.46979],[-75.11926,5.46979],[-75.11925,5.46979],[-75.11925,5.46979],[-75.11914,5.46979],[-75.11914,5.46979],[-75.11868,5.46977],[-75.11851,5.46979],[-75.11849,5.46987],[-75.11858,5.47004],[-75.1186,5.47009],[-75.11926,5.47046],[-75.11927,5.47047],[-75.11927,5.47047],[-75.11956,5.4708],[-75.11956,5.47081],[-75.11956,5.47081],[-75.11957,5.47082],[-75.11969,5.47135],[-75.11969,5.47135],[-75.11978,5.47195],[-75.11978,5.47195],[-75.11978,5.47196],[-75.11978,5.47196],[-75.11966,5.47232],[-75.11952,5.47275],[-75.11962,5.47362],[-75.11966,5.47369],[-75.11974,5.47385],[-75.11988,5.47396],[-75.11989,5.47396],[-75.11989,5.47396],[-75.11989,5.47397],[-75.1199,5.47397],[-75.1199,5.47398],[-75.12004,5.47441],[-75.12004,5.47441],[-75.12004,5.47441],[-75.12011,5.47485],[-75.12047,5.47494]]],[[[-75.03456,5.51306],[-75.03455,5.51307],[-75.03454,5.51309],[-75.03453,5.51311],[-75.03452,5.51313],[-75.03452,5.51315],[-75.03452,5.51317],[-75.03453,5.51318],[-75.03453,5.51317],[-75.03456,5.5131],[-75.03456,5.51307],[-75.03456,5.51307],[-75.03456,5.51306],[-75.03456,5.51306],[-75.03456,5.51306],[-75.03457,5.51306],[-75.03456,5.51306]]],[[[-75.03551,5.5141],[-75.03561,5.5141],[-75.03571,5.51411],[-75.03574,5.51411],[-75.03593,5.51394],[-75.03594,5.51395],[-75.03594,5.51395],[-75.03594,5.51395],[-75.03607,5.5138],[-75.03606,5.51374],[-75.03604,5.51365],[-75.03601,5.51356],[-75.03601,5.51356],[-75.036,5.51345],[-75.03597,5.51328],[-75.03597,5.51328],[-75.03597,5.51328],[-75.03597,5.51312],[-75.03597,5.51312],[-75.03597,5.51312],[-75.03597,5.51312],[-75.03597,5.51312],[-75.03603,5.51301],[-75.03605,5.51293],[-75.03605,5.51293],[-75.03605,5.51293],[-75.03605,5.51293],[-75.03606,5.51293],[-75.03614,5.51287],[-75.03621,5.51277],[-75.03621,5.51277],[-75.03622,5.51277],[-75.03632,5.51267],[-75.03632,5.51267],[-75.03643,5.51258],[-75.03643,5.51258],[-75.03643,5.51258],[-75.03644,5.51258],[-75.03644,5.51258],[-75.03653,5.51257],[-75.03653,5.51257],[-75.03653,5.51257],[-75.03653,5.51257],[-75.03653,5.51257],[-75.03659,5.51261],[-75.03659,5.51261],[-75.0366,5.51261],[-75.03666,5.51269],[-75.03668,5.5127],[-75.03668,5.5127],[-75.03677,5.51281],[-75.03687,5.51287],[-75.03701,5.51289],[-75.03703,5.51287],[-75.03703,5.51286],[-75.03703,5.51286],[-75.03703,5.51286],[-75.03717,5.51278],[-75.0372,5.51263],[-75.0372,5.51263],[-75.03722,5.51257],[-75.03722,5.51257],[-75.03722,5.51256],[-75.03722,5.51256],[-75.03722,5.51256],[-75.03728,5.51252],[-75.03736,5.51244],[-75.03736,5.51244],[-75.03736,5.51244],[-75.03749,5.51235],[-75.03749,5.51235],[-75.03749,5.51235],[-75.0375,5.51235],[-75.0375,5.51235],[-75.03762,5.51235],[-75.03762,5.51235],[-75.03762,5.51235],[-75.03773,5.51238],[-75.03773,5.51238],[-75.03773,5.51238],[-75.03774,5.51239],[-75.03774,5.51239],[-75.03774,5.51239],[-75.03774,5.51239],[-75.03777,5.51247],[-75.03789,5.51247],[-75.03808,5.51236],[-75.03808,5.51236],[-75.03809,5.51236],[-75.03809,5.51236],[-75.03809,5.51236],[-75.03815,5.51237],[-75.03829,5.51236],[-75.03829,5.51236],[-75.03829,5.51236],[-75.03829,5.51236],[-75.03829,5.51236],[-75.03831,5.51237],[-75.03831,5.51237],[-75.03853,5.51251],[-75.03865,5.51253],[-75.03858,5.51242],[-75.03841,5.51216],[-75.03833,5.51211],[-75.03832,5.51211],[-75.03832,5.51211],[-75.03832,5.5121],[-75.03832,5.5121],[-75.03827,5.51199],[-75.03823,5.51192],[-75.03823,5.51192],[-75.03823,5.51192],[-75.03823,5.51192],[-75.03822,5.51177],[-75.03819,5.51165],[-75.03815,5.51159],[-75.03815,5.51158],[-75.03815,5.51158],[-75.03814,5.51151],[-75.03807,5.51136],[-75.03807,5.51136],[-75.03807,5.51136],[-75.03807,5.51136],[-75.03807,5.51136],[-75.03807,5.51136],[-75.03807,5.51136],[-75.03807,5.51135],[-75.03807,5.51135],[-75.03808,5.51127],[-75.03809,5.51111],[-75.03809,5.51111],[-75.03809,5.51111],[-75.03809,5.51111],[-75.03812,5.51103],[-75.03812,5.51103],[-75.03812,5.51103],[-75.03813,5.51103],[-75.03813,5.51103],[-75.03822,5.51097],[-75.03826,5.51094],[-75.03826,5.51094],[-75.03826,5.51094],[-75.03826,5.51094],[-75.03827,5.51094],[-75.03827,5.51094],[-75.03827,5.51094],[-75.03836,5.51096],[-75.03836,5.51096],[-75.03836,5.51096],[-75.03836,5.51096],[-75.03844,5.51103],[-75.03844,5.51103],[-75.03845,5.51104],[-75.03845,5.51104],[-75.03847,5.51109],[-75.03855,5.51112],[-75.03863,5.51116],[-75.03863,5.51116],[-75.03863,5.51116],[-75.0388,5.51124],[-75.03887,5.51123],[-75.03889,5.51118],[-75.03891,5.51105],[-75.03891,5.51105],[-75.03893,5.5109],[-75.03893,5.5109],[-75.03894,5.5109],[-75.03894,5.51089],[-75.03894,5.51089],[-75.03902,5.51082],[-75.03902,5.51082],[-75.03902,5.51082],[-75.0391,5.51078],[-75.0391,5.51078],[-75.0391,5.51078],[-75.03916,5.51076],[-75.0393,5.51059],[-75.0393,5.51059],[-75.0393,5.51059],[-75.03946,5.51049],[-75.03946,5.51049],[-75.03946,5.51049],[-75.03949,5.51048],[-75.03951,5.51043],[-75.03935,5.51043],[-75.03935,5.51043],[-75.03935,5.51043],[-75.03934,5.51043],[-75.03934,5.51043],[-75.03919,5.51032],[-75.03919,5.51032],[-75.03919,5.51032],[-75.0391,5.51023],[-75.0389,5.51015],[-75.0389,5.51015],[-75.0389,5.51015],[-75.0389,5.51014],[-75.03882,5.51007],[-75.03871,5.51002],[-75.0387,5.51001],[-75.0387,5.51001],[-75.0387,5.51001],[-75.0387,5.51001],[-75.03862,5.50987],[-75.03862,5.50987],[-75.03862,5.50987],[-75.03855,5.50968],[-75.0385,5.50953],[-75.0385,5.50953],[-75.0385,5.50952],[-75.0385,5.50952],[-75.0385,5.50952],[-75.03852,5.50943],[-75.03852,5.50943],[-75.03852,5.50943],[-75.03852,5.50942],[-75.03852,5.50942],[-75.03852,5.50942],[-75.03852,5.50942],[-75.03852,5.50942],[-75.03853,5.50942],[-75.03853,5.50942],[-75.03866,5.50943],[-75.03866,5.50943],[-75.03867,5.50943],[-75.03877,5.50947],[-75.03895,5.50951],[-75.03903,5.5094],[-75.03903,5.50924],[-75.03903,5.50923],[-75.03903,5.50923],[-75.03903,5.50923],[-75.03903,5.50923],[-75.03911,5.50912],[-75.03913,5.50895],[-75.03903,5.50883],[-75.03903,5.50883],[-75.03903,5.50883],[-75.03898,5.50873],[-75.03898,5.50872],[-75.03898,5.50872],[-75.03898,5.50872],[-75.03898,5.50872],[-75.03899,5.50865],[-75.03899,5.50865],[-75.03899,5.50865],[-75.03899,5.50865],[-75.03907,5.50853],[-75.03907,5.50853],[-75.03907,5.50853],[-75.03907,5.50853],[-75.03907,5.50852],[-75.03916,5.50849],[-75.0392,5.50841],[-75.03923,5.50829],[-75.03923,5.50828],[-75.03923,5.50828],[-75.03923,5.50828],[-75.0393,5.5082],[-75.0393,5.5082],[-75.03931,5.50819],[-75.03931,5.50819],[-75.03931,5.50819],[-75.03931,5.50819],[-75.03931,5.50819],[-75.03931,5.50819],[-75.0394,5.50821],[-75.0394,5.50821],[-75.03941,5.50822],[-75.03957,5.50831],[-75.03957,5.50831],[-75.03966,5.50836],[-75.03972,5.50839],[-75.03972,5.50839],[-75.03972,5.50839],[-75.03979,5.50845],[-75.0398,5.50845],[-75.0398,5.50845],[-75.03984,5.50849],[-75.03998,5.50847],[-75.04026,5.50841],[-75.04025,5.50828],[-75.04022,5.50817],[-75.04016,5.50808],[-75.04016,5.50808],[-75.04016,5.50808],[-75.04016,5.50808],[-75.04015,5.50801],[-75.04012,5.5079],[-75.04007,5.50775],[-75.04007,5.50775],[-75.04007,5.50775],[-75.04007,5.50774],[-75.04007,5.50774],[-75.04007,5.50774],[-75.04007,5.50774],[-75.04018,5.5076],[-75.04018,5.5076],[-75.04018,5.5076],[-75.04018,5.5076],[-75.04018,5.5076],[-75.04031,5.50756],[-75.04039,5.50733],[-75.04041,5.50718],[-75.04038,5.50707],[-75.04038,5.50707],[-75.04038,5.50706],[-75.04038,5.50695],[-75.04037,5.50679],[-75.04029,5.5067],[-75.04015,5.50664],[-75.04015,5.50664],[-75.04015,5.50664],[-75.04015,5.50664],[-75.04015,5.50664],[-75.04015,5.50664],[-75.04015,5.50664],[-75.04015,5.50664],[-75.04014,5.50653],[-75.04009,5.50631],[-75.04001,5.50611],[-75.04001,5.5061],[-75.04001,5.5061],[-75.04001,5.50602],[-75.04,5.50601],[-75.04,5.50601],[-75.04,5.506],[-75.04,5.506],[-75.04,5.506],[-75.04,5.506],[-75.04001,5.50594],[-75.04001,5.50593],[-75.04001,5.50593],[-75.04001,5.50593],[-75.04006,5.50588],[-75.04006,5.50588],[-75.04013,5.50581],[-75.0402,5.50573],[-75.0402,5.50573],[-75.04032,5.50561],[-75.04032,5.50561],[-75.04032,5.50561],[-75.04043,5.50552],[-75.04053,5.50543],[-75.0406,5.50535],[-75.04066,5.50518],[-75.04058,5.50506],[-75.04049,5.50498],[-75.04049,5.50498],[-75.0404,5.50487],[-75.0404,5.50487],[-75.0404,5.50487],[-75.04033,5.50475],[-75.0401,5.50471],[-75.0401,5.50471],[-75.0401,5.50471],[-75.0401,5.50471],[-75.0401,5.5047],[-75.04009,5.5047],[-75.04005,5.50464],[-75.04005,5.50464],[-75.04005,5.50463],[-75.04,5.50449],[-75.04,5.50449],[-75.04,5.50449],[-75.03997,5.5044],[-75.03997,5.50439],[-75.03997,5.50439],[-75.03997,5.50439],[-75.03997,5.50439],[-75.03998,5.50439],[-75.03998,5.50439],[-75.04002,5.50433],[-75.04002,5.50418],[-75.03992,5.50411],[-75.03973,5.50412],[-75.03973,5.50412],[-75.03973,5.50412],[-75.03963,5.5041],[-75.03963,5.5041],[-75.03962,5.5041],[-75.03962,5.5041],[-75.03962,5.50409],[-75.03954,5.50401],[-75.03935,5.50383],[-75.03935,5.50382],[-75.03935,5.50382],[-75.03935,5.50382],[-75.03935,5.50382],[-75.03935,5.50382],[-75.03935,5.50382],[-75.03935,5.50382],[-75.03935,5.50381],[-75.03935,5.50381],[-75.03935,5.50381],[-75.03935,5.50381],[-75.03935,5.50381],[-75.03935,5.50381],[-75.03942,5.5038],[-75.03942,5.5038],[-75.03943,5.5038],[-75.03943,5.5038],[-75.03943,5.5038],[-75.03948,5.50382],[-75.03948,5.50382],[-75.0396,5.50388],[-75.03967,5.5039],[-75.03983,5.50385],[-75.03985,5.50382],[-75.03983,5.50373],[-75.03983,5.50373],[-75.03983,5.50373],[-75.03982,5.50362],[-75.03981,5.50351],[-75.03981,5.50351],[-75.03981,5.50351],[-75.03981,5.50345],[-75.03981,5.50345],[-75.03981,5.50345],[-75.03981,5.50343],[-75.03981,5.50343],[-75.03982,5.50339],[-75.03982,5.50334],[-75.03982,5.50334],[-75.03982,5.50334],[-75.03982,5.50334],[-75.03982,5.50333],[-75.03982,5.50333],[-75.03983,5.50333],[-75.03983,5.50333],[-75.03983,5.50333],[-75.03983,5.50333],[-75.03983,5.50333],[-75.03984,5.50331],[-75.03984,5.50331],[-75.03984,5.5033],[-75.03987,5.50325],[-75.03988,5.50314],[-75.03985,5.50303],[-75.03983,5.50301],[-75.03983,5.50301],[-75.03983,5.50301],[-75.03975,5.50289],[-75.03975,5.50289],[-75.03969,5.5028],[-75.03962,5.50275],[-75.03962,5.50275],[-75.03962,5.50275],[-75.03954,5.50266],[-75.03954,5.50266],[-75.03954,5.50266],[-75.03948,5.50259],[-75.03944,5.50258],[-75.03944,5.50258],[-75.03944,5.50258],[-75.03944,5.50258],[-75.03944,5.50258],[-75.0394,5.50253],[-75.03936,5.5025],[-75.03936,5.5025],[-75.03936,5.5025],[-75.03936,5.5025],[-75.03936,5.5025],[-75.03936,5.5025],[-75.03936,5.50249],[-75.03937,5.50236],[-75.03937,5.50236],[-75.03937,5.50236],[-75.03937,5.50236],[-75.03938,5.50232],[-75.03942,5.50226],[-75.03932,5.50223],[-75.03914,5.50223],[-75.03914,5.50223],[-75.03913,5.50223],[-75.03899,5.50219],[-75.03899,5.50219],[-75.03899,5.50218],[-75.03899,5.50218],[-75.03899,5.50218],[-75.03899,5.50218],[-75.03894,5.5021],[-75.03894,5.5021],[-75.03894,5.5021],[-75.03894,5.5021],[-75.03894,5.5021],[-75.03894,5.50201],[-75.03885,5.50198],[-75.03885,5.50198],[-75.03884,5.50198],[-75.03884,5.50198],[-75.03879,5.50192],[-75.03858,5.50195],[-75.03858,5.50195],[-75.03858,5.50195],[-75.03858,5.50195],[-75.03858,5.50195],[-75.03837,5.50183],[-75.03837,5.50183],[-75.03837,5.50183],[-75.03837,5.50183],[-75.03831,5.50175],[-75.03831,5.50175],[-75.03831,5.50175],[-75.03831,5.50175],[-75.03831,5.50175],[-75.03831,5.50174],[-75.03831,5.50174],[-75.03831,5.50174],[-75.03831,5.50174],[-75.03831,5.50174],[-75.03832,5.50174],[-75.03832,5.50174],[-75.03832,5.50174],[-75.03832,5.50174],[-75.03833,5.50174],[-75.03833,5.50169],[-75.03833,5.50169],[-75.03833,5.50168],[-75.03833,5.50168],[-75.03833,5.50168],[-75.03833,5.50168],[-75.03834,5.50168],[-75.03834,5.50168],[-75.03834,5.50168],[-75.03846,5.50164],[-75.03855,5.50158],[-75.03861,5.50151],[-75.03872,5.50135],[-75.03876,5.50127],[-75.0388,5.50112],[-75.0388,5.50112],[-75.0388,5.50112],[-75.03885,5.50098],[-75.03887,5.50091],[-75.03883,5.50081],[-75.03876,5.50071],[-75.03876,5.50071],[-75.03876,5.50071],[-75.03867,5.50046],[-75.03861,5.50043],[-75.03852,5.50046],[-75.03854,5.50064],[-75.03862,5.50085],[-75.03862,5.50085],[-75.03862,5.50085],[-75.03862,5.50085],[-75.03862,5.50085],[-75.03862,5.50085],[-75.03859,5.50094],[-75.03859,5.50094],[-75.03859,5.50094],[-75.03853,5.50102],[-75.03853,5.50102],[-75.03853,5.50102],[-75.03852,5.50102],[-75.03843,5.50107],[-75.0384,5.50113],[-75.0384,5.50113],[-75.03831,5.50125],[-75.03831,5.50125],[-75.03831,5.50125],[-75.03831,5.50125],[-75.03831,5.50125],[-75.03831,5.50125],[-75.0382,5.50126],[-75.03814,5.50131],[-75.03814,5.50131],[-75.03814,5.50131],[-75.03808,5.50134],[-75.03808,5.50134],[-75.03808,5.50134],[-75.03796,5.50139],[-75.03796,5.50139],[-75.03796,5.50139],[-75.03787,5.50141],[-75.03787,5.50141],[-75.03787,5.50141],[-75.03769,5.50141],[-75.0376,5.50144],[-75.0376,5.50144],[-75.0376,5.50144],[-75.03759,5.50144],[-75.0375,5.50144],[-75.0375,5.50144],[-75.0375,5.50144],[-75.0375,5.50144],[-75.0375,5.50144],[-75.0375,5.50144],[-75.03743,5.50138],[-75.03735,5.50137],[-75.03726,5.50138],[-75.03726,5.50138],[-75.03726,5.50138],[-75.03725,5.50138],[-75.03712,5.50134],[-75.03712,5.50134],[-75.03712,5.50134],[-75.03712,5.50134],[-75.03705,5.50128],[-75.03705,5.50128],[-75.03705,5.50128],[-75.03697,5.50119],[-75.03687,5.50116],[-75.03683,5.5012],[-75.03683,5.5012],[-75.03683,5.5012],[-75.03683,5.5012],[-75.03683,5.5012],[-75.03683,5.5012],[-75.03683,5.5012],[-75.03683,5.5012],[-75.03682,5.5012],[-75.03682,5.5012],[-75.03679,5.50117],[-75.03679,5.50117],[-75.03673,5.50112],[-75.03664,5.50107],[-75.03664,5.50108],[-75.03652,5.50131],[-75.03652,5.50131],[-75.03652,5.50131],[-75.03652,5.50131],[-75.03644,5.50137],[-75.03636,5.50146],[-75.03629,5.50152],[-75.03629,5.50152],[-75.03629,5.50152],[-75.03629,5.50152],[-75.03629,5.50152],[-75.03629,5.50152],[-75.03623,5.50151],[-75.03623,5.50151],[-75.03623,5.50151],[-75.03623,5.50151],[-75.03623,5.50151],[-75.03623,5.50151],[-75.03622,5.50151],[-75.03622,5.50151],[-75.03622,5.50149],[-75.03622,5.50149],[-75.03622,5.50149],[-75.03622,5.50149],[-75.03624,5.50136],[-75.03624,5.50136],[-75.03624,5.50136],[-75.03625,5.50129],[-75.03615,5.50138],[-75.03615,5.50138],[-75.03615,5.50138],[-75.03609,5.50143],[-75.03608,5.50143],[-75.03608,5.50143],[-75.03597,5.50149],[-75.03583,5.50162],[-75.03583,5.50162],[-75.03583,5.50162],[-75.03583,5.50162],[-75.03583,5.50162],[-75.03582,5.50162],[-75.03582,5.50162],[-75.03582,5.50162],[-75.03582,5.50162],[-75.0358,5.50161],[-75.0358,5.50161],[-75.0358,5.5016],[-75.0358,5.5016],[-75.03579,5.5016],[-75.03576,5.50153],[-75.03572,5.50149],[-75.03572,5.50149],[-75.03572,5.50149],[-75.0357,5.50144],[-75.03566,5.50139],[-75.03566,5.50139],[-75.03566,5.50139],[-75.03562,5.50132],[-75.03554,5.50126],[-75.03553,5.50126],[-75.03553,5.50126],[-75.03546,5.50119],[-75.03537,5.50113],[-75.03531,5.50109],[-75.03531,5.50109],[-75.03531,5.50109],[-75.03525,5.50103],[-75.03518,5.50098],[-75.03518,5.50098],[-75.03512,5.50093],[-75.03507,5.50089],[-75.03501,5.50088],[-75.03501,5.50088],[-75.03501,5.50088],[-75.03493,5.50084],[-75.03493,5.50083],[-75.03493,5.50083],[-75.03489,5.5008],[-75.03489,5.5008],[-75.03489,5.5008],[-75.03489,5.5008],[-75.03489,5.5008],[-75.03486,5.50072],[-75.03476,5.50065],[-75.03476,5.50065],[-75.03463,5.50053],[-75.03463,5.50053],[-75.03463,5.50053],[-75.03452,5.50037],[-75.03452,5.50037],[-75.03452,5.50037],[-75.03449,5.50026],[-75.03445,5.50019],[-75.03445,5.50019],[-75.03445,5.50019],[-75.03441,5.50011],[-75.03435,5.50002],[-75.03435,5.50002],[-75.03435,5.50002],[-75.03433,5.49995],[-75.03426,5.4999],[-75.03426,5.4999],[-75.03426,5.4999],[-75.03418,5.49982],[-75.03418,5.49982],[-75.03418,5.49982],[-75.03414,5.49975],[-75.03408,5.4997],[-75.03408,5.4997],[-75.03408,5.4997],[-75.03408,5.49969],[-75.03404,5.49962],[-75.03398,5.49958],[-75.03398,5.49958],[-75.03398,5.49958],[-75.03392,5.4995],[-75.03392,5.4995],[-75.03392,5.4995],[-75.03388,5.49944],[-75.03383,5.49938],[-75.03383,5.49938],[-75.03378,5.49931],[-75.0337,5.49925],[-75.03362,5.49921],[-75.03362,5.49921],[-75.03362,5.49921],[-75.03361,5.49921],[-75.03358,5.49918],[-75.03358,5.49918],[-75.03358,5.49918],[-75.03358,5.49918],[-75.03358,5.49918],[-75.03358,5.49917],[-75.03358,5.49917],[-75.03358,5.49917],[-75.03358,5.49917],[-75.03358,5.49917],[-75.03359,5.49917],[-75.03359,5.49917],[-75.03359,5.49917],[-75.03359,5.49917],[-75.03359,5.49917],[-75.03364,5.49917],[-75.03369,5.49917],[-75.03369,5.49917],[-75.03369,5.49917],[-75.03375,5.49917],[-75.03385,5.49918],[-75.03381,5.49914],[-75.03373,5.49909],[-75.03373,5.49909],[-75.03365,5.49903],[-75.03365,5.49902],[-75.03365,5.49902],[-75.03365,5.49902],[-75.03362,5.49897],[-75.03362,5.49897],[-75.03362,5.49897],[-75.03362,5.49897],[-75.03362,5.49896],[-75.03362,5.49896],[-75.03362,5.49896],[-75.03366,5.49888],[-75.03366,5.49888],[-75.0337,5.49882],[-75.03371,5.49881],[-75.03371,5.49881],[-75.03371,5.49881],[-75.03371,5.49881],[-75.03371,5.49881],[-75.03377,5.49879],[-75.03379,5.49871],[-75.03378,5.49859],[-75.03374,5.49851],[-75.0337,5.49847],[-75.03366,5.49845],[-75.03366,5.49845],[-75.03366,5.49845],[-75.03366,5.49845],[-75.03359,5.49836],[-75.03359,5.49836],[-75.03359,5.49836],[-75.03359,5.49836],[-75.03359,5.49836],[-75.03359,5.49836],[-75.0336,5.49829],[-75.03359,5.4982],[-75.03357,5.49812],[-75.03356,5.49808],[-75.03343,5.4979],[-75.03343,5.4979],[-75.03343,5.49789],[-75.03343,5.49789],[-75.03343,5.49789],[-75.03343,5.4978],[-75.03343,5.4978],[-75.03343,5.4978],[-75.03343,5.4978],[-75.03343,5.4978],[-75.03343,5.49779],[-75.03351,5.49772],[-75.03351,5.49771],[-75.03351,5.49771],[-75.03362,5.49764],[-75.03367,5.49758],[-75.03365,5.49754],[-75.03355,5.49747],[-75.03355,5.49747],[-75.03355,5.49747],[-75.03355,5.49747],[-75.03347,5.49734],[-75.03335,5.49723],[-75.03326,5.49715],[-75.03326,5.49715],[-75.03326,5.49715],[-75.03322,5.4971],[-75.03322,5.4971],[-75.03322,5.4971],[-75.03322,5.4971],[-75.03322,5.49709],[-75.03322,5.49709],[-75.03313,5.49693],[-75.03306,5.49681],[-75.03306,5.49681],[-75.03291,5.49654],[-75.0327,5.49629],[-75.0327,5.49629],[-75.0327,5.49629],[-75.03259,5.496],[-75.03255,5.49597],[-75.03239,5.49597],[-75.03226,5.49603],[-75.03215,5.49609],[-75.03215,5.49609],[-75.03215,5.49609],[-75.03215,5.49609],[-75.03214,5.49609],[-75.03199,5.49608],[-75.03199,5.49608],[-75.03199,5.49608],[-75.03199,5.49607],[-75.03199,5.49607],[-75.03199,5.49607],[-75.03196,5.49605],[-75.03196,5.49605],[-75.03196,5.49604],[-75.03196,5.49604],[-75.03189,5.49581],[-75.03189,5.49581],[-75.03189,5.49581],[-75.03186,5.49566],[-75.03186,5.49566],[-75.03186,5.49566],[-75.03186,5.49553],[-75.03181,5.49538],[-75.03179,5.49536],[-75.03179,5.49536],[-75.03179,5.49536],[-75.03179,5.49536],[-75.03172,5.49521],[-75.03165,5.49508],[-75.03165,5.49507],[-75.03158,5.49487],[-75.03158,5.49487],[-75.03158,5.49487],[-75.03156,5.49466],[-75.03156,5.49466],[-75.03156,5.49466],[-75.03156,5.49465],[-75.03163,5.49447],[-75.03165,5.49428],[-75.03165,5.49428],[-75.03165,5.49427],[-75.03172,5.49412],[-75.03174,5.49393],[-75.03174,5.49393],[-75.03174,5.49393],[-75.03181,5.49366],[-75.03181,5.49347],[-75.03181,5.49347],[-75.03181,5.49347],[-75.03183,5.49333],[-75.03183,5.4933],[-75.03183,5.4933],[-75.03183,5.4933],[-75.03184,5.49298],[-75.03176,5.49281],[-75.03176,5.49281],[-75.03176,5.49281],[-75.03172,5.49266],[-75.03172,5.49266],[-75.03165,5.49238],[-75.03152,5.49239],[-75.03145,5.49248],[-75.03145,5.49248],[-75.03145,5.49248],[-75.03145,5.49248],[-75.03145,5.49248],[-75.03145,5.49248],[-75.03145,5.49248],[-75.03144,5.49248],[-75.03144,5.49248],[-75.03144,5.49248],[-75.03144,5.49248],[-75.03134,5.49239],[-75.03133,5.49239],[-75.03133,5.49239],[-75.03123,5.49229],[-75.03115,5.49223],[-75.03104,5.4922],[-75.03087,5.49221],[-75.0308,5.49222],[-75.03067,5.49228],[-75.03067,5.49228],[-75.03067,5.49228],[-75.03056,5.49229],[-75.03056,5.49229],[-75.03056,5.49229],[-75.03056,5.49229],[-75.03039,5.49224],[-75.03039,5.49224],[-75.03038,5.49224],[-75.03038,5.49224],[-75.03038,5.49223],[-75.03038,5.49223],[-75.03033,5.49214],[-75.03024,5.49202],[-75.03013,5.49192],[-75.03013,5.49192],[-75.03013,5.49192],[-75.03013,5.49192],[-75.03013,5.49191],[-75.03012,5.49174],[-75.03012,5.49174],[-75.03011,5.49165],[-75.03011,5.49165],[-75.03011,5.49165],[-75.03013,5.49154],[-75.03008,5.49141],[-75.03003,5.49132],[-75.03003,5.49132],[-75.03003,5.49132],[-75.03,5.49122],[-75.02999,5.4912],[-75.0299,5.49123],[-75.0299,5.49123],[-75.0299,5.49123],[-75.02966,5.49125],[-75.02966,5.49125],[-75.02965,5.49125],[-75.02965,5.49125],[-75.02951,5.49118],[-75.02951,5.49118],[-75.0294,5.49111],[-75.0294,5.49111],[-75.0294,5.49111],[-75.02929,5.491],[-75.02929,5.491],[-75.02929,5.491],[-75.02929,5.491],[-75.02929,5.491],[-75.02926,5.49086],[-75.02926,5.49086],[-75.02926,5.49086],[-75.02924,5.49072],[-75.02924,5.49072],[-75.02924,5.49072],[-75.02924,5.49064],[-75.02924,5.49063],[-75.02924,5.49061],[-75.02908,5.49054],[-75.02893,5.49057],[-75.02877,5.49062],[-75.02877,5.49062],[-75.02876,5.49062],[-75.02856,5.49064],[-75.02856,5.49064],[-75.02856,5.49064],[-75.0284,5.49063],[-75.0284,5.49063],[-75.02839,5.49063],[-75.02839,5.49063],[-75.02839,5.49063],[-75.02829,5.49053],[-75.02829,5.49053],[-75.02829,5.49053],[-75.02822,5.49042],[-75.02811,5.4903],[-75.02795,5.49024],[-75.02795,5.49024],[-75.02795,5.49024],[-75.02794,5.49024],[-75.02794,5.49024],[-75.02794,5.49024],[-75.02794,5.49024],[-75.0279,5.49008],[-75.0279,5.49007],[-75.0279,5.49007],[-75.0279,5.48989],[-75.0279,5.48989],[-75.0279,5.48989],[-75.02794,5.48977],[-75.02791,5.48974],[-75.02772,5.48968],[-75.0275,5.48976],[-75.0275,5.48976],[-75.0275,5.48976],[-75.02749,5.48976],[-75.02749,5.48976],[-75.02749,5.48976],[-75.02733,5.48968],[-75.02733,5.48968],[-75.02733,5.48968],[-75.02733,5.48968],[-75.02733,5.48968],[-75.02726,5.48955],[-75.02714,5.48936],[-75.02693,5.48932],[-75.02678,5.48937],[-75.02678,5.48937],[-75.02678,5.48937],[-75.02678,5.48937],[-75.02678,5.48937],[-75.02677,5.48937],[-75.02661,5.4893],[-75.02661,5.4893],[-75.02661,5.4893],[-75.02661,5.4893],[-75.0266,5.4893],[-75.02652,5.48918],[-75.02652,5.48918],[-75.02652,5.48918],[-75.02652,5.48918],[-75.02649,5.489],[-75.02635,5.48886],[-75.02634,5.48886],[-75.02634,5.48886],[-75.02626,5.48872],[-75.02626,5.48872],[-75.02626,5.48872],[-75.02626,5.48872],[-75.02626,5.48871],[-75.02626,5.48871],[-75.0263,5.48851],[-75.02625,5.48836],[-75.02625,5.48836],[-75.02625,5.48835],[-75.02625,5.48831],[-75.02619,5.48822],[-75.02619,5.48822],[-75.02619,5.48822],[-75.02617,5.48814],[-75.02605,5.48809],[-75.02605,5.48809],[-75.02605,5.48809],[-75.02605,5.48809],[-75.02605,5.48808],[-75.02601,5.48801],[-75.02594,5.4879],[-75.02589,5.48796],[-75.02588,5.488],[-75.02588,5.488],[-75.02587,5.488],[-75.02571,5.48823],[-75.02587,5.48846],[-75.02587,5.48846],[-75.02587,5.48847],[-75.02587,5.48847],[-75.02587,5.48847],[-75.02586,5.48854],[-75.02586,5.48854],[-75.02586,5.48855],[-75.02586,5.48855],[-75.02586,5.48855],[-75.02586,5.48855],[-75.02586,5.48855],[-75.02586,5.48855],[-75.02586,5.48855],[-75.02585,5.48855],[-75.02585,5.48855],[-75.02585,5.48855],[-75.02561,5.48845],[-75.02545,5.48842],[-75.02545,5.48842],[-75.02544,5.48842],[-75.02544,5.48842],[-75.02544,5.48842],[-75.02544,5.48842],[-75.02544,5.48842],[-75.02544,5.48842],[-75.02544,5.48841],[-75.02544,5.48841],[-75.02544,5.48841],[-75.02544,5.48841],[-75.02551,5.48824],[-75.02557,5.4881],[-75.02576,5.48763],[-75.02638,5.48612],[-75.0266,5.48559],[-75.02659,5.48558],[-75.02659,5.48558],[-75.02659,5.48558],[-75.02659,5.48542],[-75.02659,5.48542],[-75.02659,5.48542],[-75.0266,5.48538],[-75.02657,5.48531],[-75.02653,5.48521],[-75.0265,5.48514],[-75.0265,5.48514],[-75.0265,5.48514],[-75.0265,5.48514],[-75.0265,5.48513],[-75.0265,5.48513],[-75.0265,5.48513],[-75.0265,5.48513],[-75.02651,5.48511],[-75.02651,5.48511],[-75.02651,5.48511],[-75.02656,5.48509],[-75.02656,5.48509],[-75.02656,5.48509],[-75.02658,5.48508],[-75.02665,5.48498],[-75.02665,5.48498],[-75.02665,5.48498],[-75.02671,5.48492],[-75.02671,5.48492],[-75.02671,5.48492],[-75.02671,5.48491],[-75.02687,5.48474],[-75.02687,5.48474],[-75.02693,5.48464],[-75.02696,5.48456],[-75.02701,5.48438],[-75.02702,5.48438],[-75.02706,5.48425],[-75.02707,5.48415],[-75.02707,5.48414],[-75.02707,5.48414],[-75.02711,5.48406],[-75.0271,5.48406],[-75.027,5.48401],[-75.02669,5.48393],[-75.02644,5.48389],[-75.02644,5.48389],[-75.02644,5.48389],[-75.02626,5.48383],[-75.02626,5.48383],[-75.02602,5.48373],[-75.02595,5.48374],[-75.02588,5.48375],[-75.02588,5.48376],[-75.02588,5.48376],[-75.02587,5.48376],[-75.02584,5.48375],[-75.02584,5.48375],[-75.02581,5.48375],[-75.02572,5.48375],[-75.02572,5.48375],[-75.02572,5.48375],[-75.02572,5.48374],[-75.02558,5.48369],[-75.02558,5.48369],[-75.02558,5.48369],[-75.02558,5.48369],[-75.02555,5.48366],[-75.02552,5.48365],[-75.02551,5.48365],[-75.02551,5.48365],[-75.02546,5.48361],[-75.02546,5.48361],[-75.02546,5.48361],[-75.02543,5.48356],[-75.02537,5.48355],[-75.02537,5.48355],[-75.02537,5.48355],[-75.02537,5.48355],[-75.02532,5.48352],[-75.02532,5.48352],[-75.02529,5.48349],[-75.02527,5.48347],[-75.02523,5.48345],[-75.02518,5.48344],[-75.02502,5.48346],[-75.02494,5.48347],[-75.02494,5.48347],[-75.02494,5.48347],[-75.02488,5.48348],[-75.02484,5.48349],[-75.02482,5.48349],[-75.02478,5.4835],[-75.02468,5.48353],[-75.02468,5.48353],[-75.02468,5.48353],[-75.02468,5.48353],[-75.02459,5.48352],[-75.02453,5.48354],[-75.02453,5.48354],[-75.02453,5.48354],[-75.02445,5.48356],[-75.02445,5.48356],[-75.02445,5.48356],[-75.0244,5.48357],[-75.02437,5.48358],[-75.02432,5.48361],[-75.02432,5.48361],[-75.02432,5.48361],[-75.02426,5.48365],[-75.02423,5.48368],[-75.02422,5.48368],[-75.02422,5.48368],[-75.02422,5.48368],[-75.02415,5.48371],[-75.02415,5.48371],[-75.02415,5.48371],[-75.02415,5.48371],[-75.02408,5.4837],[-75.02408,5.4837],[-75.02401,5.48369],[-75.02397,5.48375],[-75.02397,5.48375],[-75.02397,5.48376],[-75.02396,5.48376],[-75.02396,5.48376],[-75.02396,5.48376],[-75.0239,5.48377],[-75.02383,5.48378],[-75.02383,5.48378],[-75.02383,5.48378],[-75.02383,5.48378],[-75.02373,5.48375],[-75.02373,5.48375],[-75.02373,5.48375],[-75.02372,5.48375],[-75.02366,5.48369],[-75.02366,5.48369],[-75.02366,5.48369],[-75.02363,5.48367],[-75.02351,5.48365],[-75.02351,5.48365],[-75.02343,5.48363],[-75.02336,5.48363],[-75.02336,5.48363],[-75.02336,5.48363],[-75.02328,5.48362],[-75.02328,5.48362],[-75.02328,5.48362],[-75.02321,5.48361],[-75.02321,5.48361],[-75.02321,5.4836],[-75.02321,5.4836],[-75.02321,5.4836],[-75.02321,5.4836],[-75.0232,5.4836],[-75.0232,5.4836],[-75.02319,5.48354],[-75.02312,5.4835],[-75.02312,5.4835],[-75.02309,5.48349],[-75.02302,5.48345],[-75.02301,5.48345],[-75.02301,5.48345],[-75.02301,5.48345],[-75.023,5.48343],[-75.023,5.48343],[-75.02291,5.48332],[-75.02289,5.4833],[-75.02283,5.48326],[-75.02278,5.48324],[-75.02278,5.48324],[-75.02277,5.48324],[-75.02277,5.48324],[-75.02277,5.48324],[-75.02274,5.48319],[-75.02259,5.48307],[-75.02253,5.48311],[-75.02245,5.48319],[-75.02245,5.4832],[-75.02245,5.4832],[-75.02244,5.4832],[-75.02244,5.4832],[-75.02244,5.4832],[-75.02244,5.4832],[-75.02231,5.48317],[-75.02231,5.48317],[-75.0223,5.48317],[-75.02216,5.48313],[-75.02197,5.48323],[-75.02197,5.48323],[-75.02197,5.48323],[-75.02184,5.48329],[-75.02175,5.48341],[-75.02171,5.48355],[-75.0217,5.48364],[-75.0217,5.48376],[-75.0217,5.48387],[-75.0217,5.48397],[-75.0217,5.48398],[-75.0217,5.48398],[-75.02169,5.48402],[-75.02169,5.48402],[-75.02169,5.48403],[-75.02169,5.48403],[-75.02169,5.48403],[-75.02169,5.48403],[-75.02169,5.48403],[-75.02161,5.48405],[-75.02161,5.48405],[-75.02154,5.48407],[-75.02153,5.48407],[-75.02153,5.48407],[-75.02142,5.48408],[-75.02134,5.48418],[-75.02132,5.48427],[-75.02132,5.48428],[-75.02132,5.48428],[-75.02132,5.48428],[-75.02132,5.48428],[-75.02123,5.48437],[-75.02118,5.48444],[-75.02118,5.48444],[-75.02118,5.48444],[-75.02118,5.48444],[-75.02113,5.48447],[-75.02113,5.48447],[-75.02113,5.48447],[-75.02113,5.48447],[-75.02113,5.48447],[-75.02109,5.48447],[-75.02109,5.48447],[-75.02109,5.48447],[-75.02109,5.48447],[-75.02102,5.48445],[-75.02084,5.4844],[-75.02084,5.4844],[-75.02084,5.4844],[-75.02068,5.48434],[-75.0206,5.48432],[-75.0205,5.48431],[-75.0205,5.48431],[-75.02048,5.48431],[-75.02031,5.48439],[-75.02031,5.48439],[-75.02031,5.48439],[-75.02031,5.48439],[-75.02014,5.48438],[-75.02005,5.4844],[-75.01988,5.48449],[-75.01988,5.48449],[-75.01987,5.48449],[-75.01971,5.4845],[-75.01963,5.48458],[-75.01963,5.48458],[-75.01963,5.48458],[-75.01963,5.48458],[-75.01962,5.48458],[-75.01962,5.48458],[-75.01962,5.48458],[-75.01942,5.48452],[-75.01942,5.48452],[-75.01942,5.48452],[-75.01942,5.48452],[-75.01929,5.48442],[-75.01911,5.48448],[-75.01905,5.48451],[-75.01899,5.48454],[-75.01892,5.48461],[-75.01892,5.48461],[-75.01892,5.48461],[-75.01888,5.48464],[-75.01884,5.48469],[-75.01884,5.48469],[-75.01879,5.48472],[-75.01879,5.48472],[-75.01879,5.48472],[-75.01873,5.48476],[-75.01873,5.48476],[-75.01872,5.48477],[-75.01867,5.48481],[-75.01862,5.48488],[-75.01862,5.48488],[-75.01862,5.48488],[-75.01854,5.48494],[-75.01852,5.48501],[-75.01852,5.48501],[-75.01852,5.48501],[-75.01852,5.48502],[-75.01848,5.48506],[-75.01847,5.48507],[-75.01846,5.48513],[-75.01846,5.48513],[-75.01845,5.48513],[-75.01845,5.48514],[-75.0184,5.48522],[-75.01837,5.48529],[-75.01837,5.48529],[-75.01837,5.4853],[-75.01834,5.48533],[-75.01834,5.48533],[-75.01834,5.48533],[-75.01833,5.48533],[-75.01833,5.48533],[-75.01833,5.48533],[-75.01833,5.48533],[-75.01833,5.48533],[-75.01833,5.48533],[-75.01833,5.48533],[-75.01829,5.48529],[-75.01829,5.48529],[-75.01829,5.48529],[-75.01829,5.48529],[-75.01822,5.4851],[-75.01822,5.4851],[-75.01822,5.4851],[-75.01822,5.4851],[-75.01822,5.4851],[-75.01825,5.48496],[-75.01826,5.48472],[-75.01822,5.48471],[-75.01808,5.48471],[-75.01808,5.48471],[-75.01808,5.48471],[-75.01795,5.48469],[-75.0178,5.4847],[-75.01779,5.4847],[-75.01765,5.48479],[-75.01761,5.48495],[-75.01761,5.48495],[-75.01761,5.48495],[-75.01761,5.48496],[-75.01753,5.48503],[-75.01753,5.48503],[-75.01753,5.48503],[-75.01747,5.48507],[-75.01748,5.4851],[-75.01749,5.48514],[-75.01749,5.48514],[-75.01749,5.48514],[-75.01751,5.48523],[-75.01751,5.48523],[-75.01751,5.48523],[-75.01751,5.48523],[-75.01751,5.48524],[-75.01749,5.4853],[-75.01749,5.4853],[-75.01749,5.4853],[-75.01748,5.4853],[-75.01748,5.4853],[-75.01748,5.4853],[-75.01738,5.48536],[-75.01737,5.48536],[-75.01737,5.48536],[-75.01737,5.48536],[-75.01737,5.48536],[-75.01737,5.48536],[-75.01737,5.48536],[-75.01725,5.48529],[-75.01722,5.48528],[-75.01714,5.48531],[-75.01706,5.48537],[-75.01705,5.48538],[-75.01705,5.48538],[-75.01705,5.48538],[-75.01698,5.48546],[-75.01698,5.48546],[-75.01698,5.48546],[-75.0169,5.48551],[-75.0169,5.48551],[-75.0169,5.48551],[-75.01682,5.48555],[-75.01681,5.48555],[-75.01681,5.48555],[-75.01681,5.48555],[-75.01671,5.48559],[-75.01671,5.48559],[-75.01671,5.48559],[-75.01671,5.4856],[-75.01671,5.4856],[-75.01671,5.4856],[-75.0166,5.48568],[-75.01656,5.48572],[-75.01656,5.48578],[-75.01656,5.48578],[-75.01656,5.48578],[-75.01655,5.48582],[-75.01655,5.48582],[-75.01655,5.48582],[-75.01654,5.48582],[-75.01654,5.48582],[-75.01654,5.48582],[-75.01654,5.48582],[-75.01642,5.48588],[-75.01639,5.48589],[-75.01627,5.48602],[-75.01625,5.48604],[-75.01622,5.48611],[-75.01622,5.48611],[-75.01622,5.48611],[-75.01621,5.48612],[-75.01674,5.48622],[-75.01705,5.48647],[-75.01737,5.48676],[-75.01679,5.48747],[-75.01636,5.48804],[-75.01625,5.48839],[-75.01644,5.48839],[-75.0168,5.48839],[-75.01709,5.48843],[-75.01737,5.48861],[-75.01759,5.48873],[-75.01733,5.48959],[-75.01717,5.48993],[-75.01709,5.49037],[-75.01701,5.49134],[-75.01703,5.49134],[-75.01716,5.49122],[-75.01732,5.49108],[-75.01749,5.49092],[-75.01774,5.49084],[-75.01792,5.49086],[-75.01786,5.49101],[-75.01782,5.49121],[-75.01777,5.49139],[-75.01768,5.49174],[-75.01764,5.49194],[-75.01758,5.4922],[-75.01752,5.49251],[-75.01754,5.49269],[-75.01756,5.49287],[-75.01761,5.49302],[-75.01773,5.49301],[-75.01777,5.493],[-75.01785,5.49299],[-75.01791,5.49298],[-75.01794,5.49297],[-75.01799,5.49296],[-75.01808,5.49292],[-75.01814,5.49289],[-75.01824,5.49282],[-75.0183,5.49278],[-75.01833,5.49276],[-75.01838,5.49273],[-75.01846,5.49266],[-75.01854,5.49258],[-75.01859,5.49254],[-75.01866,5.49246],[-75.01891,5.49264],[-75.01917,5.49281],[-75.01927,5.49284],[-75.01936,5.49288],[-75.01946,5.49293],[-75.01955,5.49298],[-75.01964,5.49304],[-75.01972,5.4931],[-75.0198,5.49317],[-75.01988,5.49325],[-75.01995,5.49332],[-75.02002,5.4934],[-75.02017,5.49356],[-75.02033,5.49371],[-75.02049,5.49385],[-75.02065,5.49399],[-75.02082,5.49413],[-75.021,5.49426],[-75.02117,5.49438],[-75.02135,5.4945],[-75.02154,5.49461],[-75.02173,5.49472],[-75.02192,5.49482],[-75.02211,5.49491],[-75.02204,5.4949],[-75.0219,5.49488],[-75.02181,5.49486],[-75.02175,5.49486],[-75.02165,5.49484],[-75.0216,5.49484],[-75.02152,5.49483],[-75.02144,5.49482],[-75.02131,5.49481],[-75.02122,5.49481],[-75.02107,5.4948],[-75.02097,5.49481],[-75.02092,5.49481],[-75.02089,5.49481],[-75.02085,5.49482],[-75.0208,5.49483],[-75.02077,5.49483],[-75.02071,5.49485],[-75.02066,5.49487],[-75.02063,5.49488],[-75.02054,5.49492],[-75.02048,5.49494],[-75.02039,5.49497],[-75.0203,5.495],[-75.02025,5.49501],[-75.02021,5.49502],[-75.02017,5.49503],[-75.02011,5.49503],[-75.02002,5.49503],[-75.01996,5.49503],[-75.01992,5.49503],[-75.01984,5.49503],[-75.0198,5.49502],[-75.01971,5.49501],[-75.01966,5.49501],[-75.01955,5.49499],[-75.01947,5.49498],[-75.01932,5.49495],[-75.01924,5.49493],[-75.01915,5.49492],[-75.01909,5.49492],[-75.01898,5.49492],[-75.01889,5.49492],[-75.01871,5.49492],[-75.01858,5.49493],[-75.01852,5.49493],[-75.01841,5.49494],[-75.01834,5.49495],[-75.01821,5.49495],[-75.01812,5.49495],[-75.01807,5.49495],[-75.01802,5.49494],[-75.01792,5.49493],[-75.01781,5.49491],[-75.01774,5.4949],[-75.01781,5.49501],[-75.01788,5.49513],[-75.01794,5.49524],[-75.01799,5.49536],[-75.018,5.49543],[-75.01799,5.49549],[-75.01798,5.49555],[-75.01796,5.49561],[-75.01794,5.49567],[-75.01791,5.49573],[-75.01787,5.49578],[-75.01783,5.49583],[-75.01779,5.49588],[-75.01774,5.49592],[-75.01768,5.49595],[-75.01762,5.49598],[-75.01756,5.49601],[-75.0175,5.49602],[-75.01769,5.49619],[-75.01787,5.49637],[-75.01806,5.49654],[-75.01824,5.49673],[-75.01842,5.49691],[-75.01865,5.49708],[-75.01888,5.49725],[-75.01911,5.49742],[-75.01935,5.49758],[-75.01959,5.49773],[-75.0197,5.49781],[-75.01981,5.4979],[-75.01991,5.49799],[-75.02001,5.49808],[-75.02011,5.49818],[-75.0202,5.49828],[-75.02027,5.49837],[-75.02034,5.49847],[-75.0204,5.49857],[-75.02046,5.49867],[-75.02046,5.49871],[-75.02047,5.49875],[-75.02048,5.4988],[-75.02049,5.49884],[-75.02051,5.49888],[-75.02053,5.49894],[-75.02055,5.49901],[-75.02055,5.49909],[-75.02055,5.49916],[-75.02055,5.49923],[-75.02053,5.4993],[-75.02051,5.49937],[-75.02048,5.49943],[-75.02045,5.4995],[-75.02041,5.49956],[-75.02037,5.49961],[-75.02032,5.49967],[-75.02027,5.49971],[-75.02021,5.49975],[-75.02039,5.49971],[-75.02057,5.49966],[-75.02074,5.4996],[-75.02092,5.49953],[-75.02109,5.49946],[-75.02126,5.49939],[-75.02143,5.49931],[-75.02159,5.49922],[-75.02175,5.49913],[-75.02175,5.49885],[-75.02175,5.49858],[-75.02174,5.4983],[-75.02171,5.49802],[-75.02169,5.49774],[-75.02187,5.49772],[-75.02205,5.4977],[-75.02223,5.49769],[-75.02242,5.49769],[-75.0226,5.49769],[-75.02278,5.4977],[-75.02297,5.49772],[-75.02315,5.49774],[-75.02333,5.49777],[-75.02347,5.4978],[-75.0236,5.49783],[-75.02374,5.49784],[-75.02388,5.49785],[-75.02402,5.49785],[-75.02399,5.49809],[-75.02395,5.49832],[-75.0239,5.49855],[-75.02385,5.49877],[-75.02379,5.499],[-75.02373,5.49923],[-75.02371,5.49929],[-75.02371,5.49929],[-75.02363,5.49952],[-75.02355,5.49976],[-75.02356,5.4999],[-75.02357,5.50016],[-75.02358,5.50042],[-75.02362,5.50071],[-75.02365,5.501],[-75.02367,5.50129],[-75.02369,5.50159],[-75.0237,5.50188],[-75.02379,5.50195],[-75.0239,5.50203],[-75.02395,5.50206],[-75.02402,5.50211],[-75.02417,5.5022],[-75.02426,5.50225],[-75.02431,5.50229],[-75.02438,5.50234],[-75.02445,5.50239],[-75.02448,5.50243],[-75.02454,5.50248],[-75.02461,5.50255],[-75.02459,5.50247],[-75.02457,5.50238],[-75.02457,5.50229],[-75.02456,5.5022],[-75.02457,5.50211],[-75.02458,5.50202],[-75.0246,5.50193],[-75.02462,5.50185],[-75.02466,5.50176],[-75.02469,5.50168],[-75.02474,5.50151],[-75.02477,5.50134],[-75.02481,5.50117],[-75.02483,5.501],[-75.02485,5.50083],[-75.02486,5.50066],[-75.02486,5.50049],[-75.02486,5.50045],[-75.02486,5.50044],[-75.02504,5.5001],[-75.02555,5.5004],[-75.02579,5.50084],[-75.0259,5.50103],[-75.02604,5.50134],[-75.02603,5.50164],[-75.02612,5.50204],[-75.02626,5.50197],[-75.0264,5.50189],[-75.0264,5.50188],[-75.0264,5.50187],[-75.02641,5.50184],[-75.02641,5.50179],[-75.02658,5.50161],[-75.02675,5.50143],[-75.02696,5.50103],[-75.02717,5.50062],[-75.02738,5.50022],[-75.0276,5.49982],[-75.02763,5.49979],[-75.02766,5.49977],[-75.0277,5.49975],[-75.02773,5.49974],[-75.02777,5.49973],[-75.02782,5.49973],[-75.02786,5.49973],[-75.0279,5.49974],[-75.02793,5.49976],[-75.02797,5.49978],[-75.028,5.49981],[-75.02802,5.49984],[-75.02804,5.49988],[-75.02805,5.49992],[-75.02806,5.49996],[-75.02806,5.5],[-75.02806,5.50004],[-75.02807,5.50007],[-75.02808,5.50009],[-75.0281,5.50011],[-75.02813,5.50013],[-75.02815,5.50014],[-75.02818,5.50015],[-75.02821,5.50015],[-75.02824,5.50015],[-75.02826,5.50014],[-75.0283,5.50009],[-75.02831,5.50008],[-75.02828,5.50025],[-75.02808,5.50127],[-75.02784,5.50236],[-75.02778,5.50314],[-75.02778,5.50367],[-75.02781,5.50394],[-75.02787,5.50395],[-75.02794,5.50396],[-75.02802,5.50398],[-75.02809,5.50399],[-75.02814,5.50399],[-75.02819,5.50399],[-75.02824,5.50399],[-75.02828,5.50399],[-75.02834,5.504],[-75.0284,5.504],[-75.02847,5.50401],[-75.02853,5.50402],[-75.02858,5.50403],[-75.02862,5.50404],[-75.02865,5.50405],[-75.02868,5.50406],[-75.02874,5.50408],[-75.02885,5.5041],[-75.02886,5.5041],[-75.02895,5.50412],[-75.02899,5.50414],[-75.02904,5.50417],[-75.02911,5.50421],[-75.02921,5.50428],[-75.02931,5.50434],[-75.02934,5.50436],[-75.02935,5.50437],[-75.02937,5.50439],[-75.02939,5.5044],[-75.0294,5.50442],[-75.02942,5.50443],[-75.02945,5.50445],[-75.02948,5.50447],[-75.02952,5.50449],[-75.02955,5.50451],[-75.02957,5.50452],[-75.02959,5.50453],[-75.02961,5.50454],[-75.02963,5.50454],[-75.02965,5.50455],[-75.0297,5.50456],[-75.02977,5.50458],[-75.02978,5.50458],[-75.02983,5.50459],[-75.02989,5.5046],[-75.02997,5.50462],[-75.03005,5.50464],[-75.03011,5.50464],[-75.03015,5.50464],[-75.03019,5.50464],[-75.03023,5.50462],[-75.03028,5.50461],[-75.03032,5.50459],[-75.03037,5.50456],[-75.03041,5.50452],[-75.03045,5.50448],[-75.03049,5.50444],[-75.03052,5.50439],[-75.03055,5.50435],[-75.03057,5.5043],[-75.0306,5.50426],[-75.03063,5.50421],[-75.03066,5.50416],[-75.0307,5.50411],[-75.03074,5.50407],[-75.03078,5.50403],[-75.03083,5.504],[-75.03087,5.50397],[-75.03092,5.50395],[-75.03097,5.50393],[-75.03102,5.50391],[-75.03107,5.5039],[-75.0311,5.5039],[-75.03113,5.5039],[-75.03115,5.5039],[-75.03117,5.50391],[-75.03119,5.50391],[-75.03121,5.50392],[-75.03128,5.50395],[-75.03133,5.50397],[-75.03138,5.50398],[-75.03142,5.504],[-75.03146,5.50401],[-75.03155,5.50403],[-75.03171,5.50407],[-75.03194,5.50413],[-75.03219,5.50419],[-75.03242,5.50424],[-75.03259,5.50428],[-75.03271,5.5043],[-75.03279,5.50432],[-75.03286,5.50433],[-75.03289,5.50433],[-75.03292,5.50433],[-75.03294,5.50434],[-75.03297,5.50434],[-75.03301,5.50435],[-75.03306,5.50435],[-75.03311,5.50436],[-75.03316,5.50436],[-75.0332,5.50436],[-75.03324,5.50437],[-75.03327,5.50437],[-75.03331,5.50438],[-75.03335,5.50439],[-75.03339,5.5044],[-75.03344,5.50442],[-75.03349,5.50443],[-75.03354,5.50444],[-75.03356,5.50444],[-75.03359,5.50445],[-75.03364,5.50445],[-75.03369,5.50446],[-75.03372,5.50446],[-75.03375,5.50447],[-75.03378,5.50447],[-75.03382,5.50448],[-75.03386,5.50448],[-75.03392,5.50449],[-75.03401,5.50449],[-75.03408,5.50449],[-75.03413,5.50449],[-75.03419,5.50449],[-75.03421,5.50449],[-75.03426,5.50449],[-75.03433,5.50448],[-75.03442,5.50448],[-75.03455,5.50448],[-75.03468,5.50449],[-75.03476,5.50449],[-75.03482,5.5045],[-75.03498,5.50449],[-75.03516,5.50449],[-75.03528,5.50449],[-75.03535,5.50449],[-75.03539,5.50449],[-75.03543,5.50449],[-75.03545,5.50449],[-75.03548,5.50461],[-75.03549,5.50469],[-75.03551,5.50475],[-75.03552,5.5048],[-75.03554,5.50485],[-75.03555,5.50489],[-75.03556,5.50492],[-75.03557,5.50494],[-75.03558,5.50497],[-75.0356,5.50499],[-75.03561,5.50501],[-75.03563,5.50502],[-75.03564,5.50504],[-75.03566,5.50506],[-75.03568,5.50507],[-75.03571,5.5051],[-75.03576,5.50512],[-75.03581,5.50514],[-75.03586,5.50516],[-75.03599,5.5052],[-75.03611,5.50523],[-75.03615,5.50523],[-75.03619,5.50524],[-75.03624,5.50525],[-75.03629,5.50525],[-75.03633,5.50525],[-75.03637,5.50526],[-75.03639,5.50526],[-75.03641,5.50526],[-75.03642,5.50527],[-75.03644,5.50527],[-75.03646,5.50528],[-75.03647,5.50529],[-75.03648,5.50529],[-75.03648,5.5053],[-75.0365,5.50531],[-75.03652,5.50534],[-75.03656,5.50538],[-75.03659,5.50541],[-75.03661,5.50544],[-75.03662,5.50546],[-75.03664,5.50549],[-75.03665,5.50552],[-75.03666,5.50555],[-75.03666,5.50559],[-75.03666,5.50562],[-75.03666,5.50568],[-75.03666,5.50577],[-75.03666,5.50588],[-75.03666,5.506],[-75.03666,5.50607],[-75.03665,5.50621],[-75.03665,5.50641],[-75.03664,5.50653],[-75.03664,5.50661],[-75.03664,5.50667],[-75.03664,5.50674],[-75.03665,5.50681],[-75.03667,5.50688],[-75.03669,5.50696],[-75.03672,5.50705],[-75.03675,5.50714],[-75.0368,5.50727],[-75.03686,5.50743],[-75.03691,5.50754],[-75.03696,5.50767],[-75.03697,5.50771],[-75.03699,5.50775],[-75.037,5.50777],[-75.03702,5.50779],[-75.03702,5.50781],[-75.03703,5.50784],[-75.03705,5.50789],[-75.03706,5.50795],[-75.03707,5.50802],[-75.03707,5.50809],[-75.03708,5.50814],[-75.03708,5.50818],[-75.03709,5.50823],[-75.03709,5.50831],[-75.03708,5.50837],[-75.03708,5.50841],[-75.03708,5.50845],[-75.03707,5.50848],[-75.03707,5.50852],[-75.03707,5.50855],[-75.03707,5.50858],[-75.03706,5.5086],[-75.03706,5.50862],[-75.03706,5.50864],[-75.03705,5.50866],[-75.03704,5.50869],[-75.03703,5.50872],[-75.03702,5.50876],[-75.03701,5.5088],[-75.037,5.50883],[-75.03699,5.50887],[-75.03698,5.5089],[-75.03697,5.50893],[-75.03696,5.50897],[-75.03694,5.50901],[-75.03693,5.50906],[-75.03691,5.5091],[-75.0369,5.50915],[-75.03689,5.50919],[-75.03689,5.50921],[-75.03688,5.50925],[-75.03687,5.50933],[-75.03687,5.50938],[-75.03686,5.50943],[-75.03684,5.5095],[-75.03681,5.50959],[-75.03678,5.50969],[-75.03675,5.50978],[-75.03673,5.50983],[-75.03672,5.50986],[-75.03672,5.50988],[-75.03671,5.5099],[-75.0367,5.50992],[-75.0367,5.50995],[-75.03669,5.50996],[-75.03671,5.51],[-75.0368,5.51021],[-75.03687,5.51035],[-75.03694,5.51049],[-75.037,5.51062],[-75.03706,5.51073],[-75.03712,5.51082],[-75.03718,5.51091],[-75.03718,5.51092],[-75.03718,5.51092],[-75.03718,5.51092],[-75.03686,5.51097],[-75.03685,5.51097],[-75.03667,5.51101],[-75.03649,5.51104],[-75.03637,5.51107],[-75.03637,5.51107],[-75.03636,5.51107],[-75.0361,5.51112],[-75.03584,5.51117],[-75.03567,5.5112],[-75.03551,5.51122],[-75.03547,5.51123],[-75.03527,5.51126],[-75.03506,5.5113],[-75.03486,5.51132],[-75.03466,5.51134],[-75.03445,5.51136],[-75.03425,5.51137],[-75.03425,5.51138],[-75.03424,5.51139],[-75.03423,5.51143],[-75.03423,5.51144],[-75.03423,5.51145],[-75.03423,5.51146],[-75.03422,5.51148],[-75.03419,5.5115],[-75.03418,5.51151],[-75.03414,5.51153],[-75.03412,5.51154],[-75.0341,5.51156],[-75.0341,5.51159],[-75.03409,5.51161],[-75.03409,5.51163],[-75.03409,5.51166],[-75.03409,5.51167],[-75.03408,5.5117],[-75.03409,5.51173],[-75.03414,5.51178],[-75.03415,5.5118],[-75.03414,5.51184],[-75.03411,5.51186],[-75.0341,5.51188],[-75.0341,5.51191],[-75.03409,5.51193],[-75.03407,5.51195],[-75.03406,5.51198],[-75.03403,5.51209],[-75.03403,5.51212],[-75.03404,5.51214],[-75.03403,5.51217],[-75.03403,5.5122],[-75.03402,5.51225],[-75.03402,5.51227],[-75.03403,5.51235],[-75.03403,5.51238],[-75.03404,5.51242],[-75.03406,5.51242],[-75.03408,5.51242],[-75.03411,5.51238],[-75.03413,5.51237],[-75.03414,5.51235],[-75.03417,5.51233],[-75.03418,5.51233],[-75.03424,5.51234],[-75.03431,5.51242],[-75.03434,5.51246],[-75.03433,5.51249],[-75.03433,5.51251],[-75.03432,5.51253],[-75.03432,5.51255],[-75.03432,5.51256],[-75.03432,5.51259],[-75.03433,5.51265],[-75.03439,5.51275],[-75.0344,5.51276],[-75.03442,5.51276],[-75.03442,5.51276],[-75.03443,5.51277],[-75.03446,5.51278],[-75.03448,5.5128],[-75.03449,5.51281],[-75.03449,5.51283],[-75.03451,5.51284],[-75.03454,5.51286],[-75.03456,5.51287],[-75.03458,5.5129],[-75.0346,5.51292],[-75.03461,5.51295],[-75.03462,5.51298],[-75.03462,5.51301],[-75.03461,5.51304],[-75.0346,5.51304],[-75.03458,5.51307],[-75.03458,5.5131],[-75.03458,5.5131],[-75.03458,5.5131],[-75.03458,5.5131],[-75.03455,5.51317],[-75.03455,5.51318],[-75.03454,5.5132],[-75.03454,5.5132],[-75.03456,5.51325],[-75.03458,5.5133],[-75.03462,5.51335],[-75.03465,5.51339],[-75.03469,5.51343],[-75.03474,5.51346],[-75.03479,5.51349],[-75.03484,5.51351],[-75.03489,5.51352],[-75.03495,5.51353],[-75.035,5.51353],[-75.03506,5.51353],[-75.03511,5.51352],[-75.03512,5.51349],[-75.03514,5.51346],[-75.03516,5.51343],[-75.03517,5.51343],[-75.03527,5.51345],[-75.03536,5.51346],[-75.03541,5.51346],[-75.03546,5.51347],[-75.03551,5.51348],[-75.03552,5.51351],[-75.03552,5.51355],[-75.03552,5.51358],[-75.03552,5.51362],[-75.03551,5.51365],[-75.03551,5.51366],[-75.03555,5.5137],[-75.03555,5.5137],[-75.0356,5.51374],[-75.0356,5.51374],[-75.0356,5.51375],[-75.0356,5.51375],[-75.0356,5.51375],[-75.0356,5.51375],[-75.0356,5.51375],[-75.0356,5.51377],[-75.0356,5.51377],[-75.0356,5.51377],[-75.0356,5.51377],[-75.03558,5.51376],[-75.03558,5.51375],[-75.03553,5.51371],[-75.03551,5.51368],[-75.03551,5.5141]],[[-75.02349,5.48484],[-75.02138,5.48513],[-75.02011,5.48522],[-75.01984,5.48532],[-75.01957,5.48541],[-75.01948,5.4855],[-75.01939,5.48568],[-75.0193,5.48586],[-75.01903,5.48613],[-75.01903,5.48622],[-75.01894,5.48622],[-75.01781,5.48471],[-75.01795,5.48471],[-75.01808,5.48473],[-75.01808,5.48473],[-75.01808,5.48473],[-75.01808,5.48473],[-75.01808,5.48473],[-75.01808,5.48473],[-75.01808,5.48473],[-75.01822,5.48473],[-75.01824,5.48473],[-75.01823,5.48496],[-75.0182,5.48509],[-75.0182,5.48509],[-75.0182,5.48509],[-75.0182,5.4851],[-75.0182,5.4851],[-75.0182,5.4851],[-75.0182,5.4851],[-75.0182,5.4851],[-75.0182,5.4851],[-75.0182,5.48511],[-75.0182,5.48511],[-75.01827,5.4853],[-75.01827,5.4853],[-75.01827,5.4853],[-75.01827,5.4853],[-75.01827,5.4853],[-75.01827,5.4853],[-75.01827,5.4853],[-75.01827,5.4853],[-75.01827,5.48531],[-75.01828,5.48531],[-75.01831,5.48534],[-75.01831,5.48534],[-75.01831,5.48534],[-75.01831,5.48534],[-75.01832,5.48534],[-75.01832,5.48534],[-75.01832,5.48534],[-75.01832,5.48534],[-75.01832,5.48535],[-75.01832,5.48535],[-75.01832,5.48535],[-75.01832,5.48535],[-75.01833,5.48535],[-75.01833,5.48535],[-75.01833,5.48535],[-75.01833,5.48535],[-75.01833,5.48535],[-75.01833,5.48535],[-75.01834,5.48535],[-75.01834,5.48535],[-75.01834,5.48535],[-75.01834,5.48535],[-75.01834,5.48535],[-75.01834,5.48535],[-75.01834,5.48534],[-75.01835,5.48534],[-75.01835,5.48534],[-75.01835,5.48534],[-75.01835,5.48534],[-75.01838,5.48531],[-75.01838,5.48531],[-75.01838,5.48531],[-75.01838,5.4853],[-75.01839,5.4853],[-75.01839,5.4853],[-75.01842,5.48523],[-75.01846,5.48515],[-75.01847,5.48514],[-75.01847,5.48514],[-75.01847,5.48514],[-75.01847,5.48513],[-75.01847,5.48513],[-75.01847,5.48513],[-75.01849,5.48508],[-75.01853,5.48503],[-75.01853,5.48503],[-75.01853,5.48502],[-75.01853,5.48502],[-75.01853,5.48502],[-75.01853,5.48502],[-75.01853,5.48502],[-75.01854,5.48502],[-75.01854,5.48502],[-75.01854,5.48502],[-75.01855,5.48495],[-75.01863,5.48489],[-75.01863,5.48489],[-75.01863,5.48489],[-75.01863,5.48489],[-75.01863,5.48489],[-75.01864,5.48489],[-75.01864,5.48489],[-75.01869,5.48482],[-75.01873,5.48478],[-75.01874,5.48477],[-75.0188,5.48474],[-75.0188,5.48474],[-75.0188,5.48474],[-75.0188,5.48473],[-75.01881,5.48473],[-75.01885,5.4847],[-75.01885,5.4847],[-75.01885,5.4847],[-75.01885,5.4847],[-75.0189,5.48465],[-75.01893,5.48462],[-75.01893,5.48462],[-75.01893,5.48462],[-75.01893,5.48462],[-75.019,5.48456],[-75.01906,5.48453],[-75.01912,5.4845],[-75.01928,5.48444],[-75.01941,5.48454],[-75.01941,5.48454],[-75.01941,5.48454],[-75.01941,5.48454],[-75.01941,5.48454],[-75.01941,5.48454],[-75.01941,5.48454],[-75.01941,5.48454],[-75.01942,5.48454],[-75.01962,5.4846],[-75.01962,5.4846],[-75.01962,5.4846],[-75.01962,5.4846],[-75.01962,5.4846],[-75.01963,5.4846],[-75.01963,5.4846],[-75.01963,5.4846],[-75.01963,5.48459],[-75.01963,5.48459],[-75.01963,5.48459],[-75.01964,5.48459],[-75.01964,5.48459],[-75.01964,5.48459],[-75.01964,5.48459],[-75.01964,5.48459],[-75.01964,5.48459],[-75.01972,5.48452],[-75.01988,5.4845],[-75.01988,5.4845],[-75.01988,5.4845],[-75.01988,5.4845],[-75.01988,5.4845],[-75.01989,5.4845],[-75.02005,5.48442],[-75.02014,5.4844],[-75.02031,5.48441],[-75.02031,5.48441],[-75.02031,5.48441],[-75.02031,5.48441],[-75.02031,5.48441],[-75.02031,5.48441],[-75.02031,5.48441],[-75.02032,5.48441],[-75.02032,5.48441],[-75.02032,5.48441],[-75.02048,5.48433],[-75.02049,5.48433],[-75.02049,5.48433],[-75.02049,5.48433],[-75.02049,5.48433],[-75.0205,5.48433],[-75.0206,5.48433],[-75.02067,5.48436],[-75.02084,5.48442],[-75.02084,5.48442],[-75.02084,5.48442],[-75.02084,5.48442],[-75.02084,5.48442],[-75.02102,5.48446],[-75.02108,5.48449],[-75.02108,5.48449],[-75.02108,5.48449],[-75.02108,5.48449],[-75.02108,5.48449],[-75.02109,5.48449],[-75.02109,5.48449],[-75.02109,5.48449],[-75.02109,5.48449],[-75.02113,5.48449],[-75.02113,5.48449],[-75.02113,5.48449],[-75.02113,5.48449],[-75.02113,5.48449],[-75.02114,5.48449],[-75.02114,5.48449],[-75.02114,5.48449],[-75.02114,5.48449],[-75.02114,5.48449],[-75.02114,5.48449],[-75.02114,5.48449],[-75.02119,5.48446],[-75.02119,5.48446],[-75.02119,5.48446],[-75.02119,5.48446],[-75.02119,5.48445],[-75.02119,5.48445],[-75.0212,5.48445],[-75.0212,5.48445],[-75.0212,5.48445],[-75.0212,5.48445],[-75.02125,5.48438],[-75.02133,5.48429],[-75.02133,5.48429],[-75.02133,5.48429],[-75.02133,5.48429],[-75.02133,5.48429],[-75.02133,5.48429],[-75.02134,5.48428],[-75.02134,5.48428],[-75.02134,5.48428],[-75.02134,5.48428],[-75.02134,5.48428],[-75.02134,5.48428],[-75.02136,5.48419],[-75.02143,5.4841],[-75.02153,5.48409],[-75.02154,5.48409],[-75.02154,5.48409],[-75.02154,5.48409],[-75.02154,5.48409],[-75.02154,5.48409],[-75.02154,5.48409],[-75.02162,5.48407],[-75.02162,5.48407],[-75.02162,5.48407],[-75.02169,5.48405],[-75.02169,5.48405],[-75.02169,5.48405],[-75.02169,5.48405],[-75.0217,5.48405],[-75.0217,5.48404],[-75.0217,5.48404],[-75.0217,5.48404],[-75.0217,5.48404],[-75.0217,5.48404],[-75.0217,5.48404],[-75.0217,5.48404],[-75.02171,5.48404],[-75.02171,5.48404],[-75.02171,5.48403],[-75.02171,5.48403],[-75.02171,5.48403],[-75.02171,5.48403],[-75.02171,5.48403],[-75.02171,5.48403],[-75.02172,5.48398],[-75.02172,5.48398],[-75.02172,5.48398],[-75.02172,5.48398],[-75.02172,5.48397],[-75.02172,5.48397],[-75.02172,5.48397],[-75.02171,5.48376],[-75.02171,5.48364],[-75.02172,5.48356],[-75.02177,5.48342],[-75.02186,5.48331],[-75.02198,5.48325],[-75.02198,5.48325],[-75.02198,5.48325],[-75.02198,5.48325],[-75.02216,5.48315],[-75.0223,5.48319],[-75.0223,5.48319],[-75.0223,5.48319],[-75.0223,5.48319],[-75.02244,5.48321],[-75.02244,5.48321],[-75.02244,5.48322],[-75.02244,5.48322],[-75.02244,5.48322],[-75.02244,5.48322],[-75.02244,5.48322],[-75.02245,5.48322],[-75.02245,5.48321],[-75.02245,5.48321],[-75.02245,5.48321],[-75.02245,5.48321],[-75.02245,5.48321],[-75.02245,5.48321],[-75.02246,5.48321],[-75.02246,5.48321],[-75.02246,5.48321],[-75.02246,5.48321],[-75.02254,5.48312],[-75.02259,5.48309],[-75.02273,5.48321],[-75.02276,5.48325],[-75.02276,5.48325],[-75.02276,5.48325],[-75.02276,5.48325],[-75.02276,5.48325],[-75.02276,5.48325],[-75.02276,5.48325],[-75.02276,5.48325],[-75.02277,5.48326],[-75.02277,5.48326],[-75.02277,5.48326],[-75.02277,5.48326],[-75.02277,5.48326],[-75.02282,5.48328],[-75.02288,5.48331],[-75.0229,5.48333],[-75.02299,5.48345],[-75.02299,5.48345],[-75.02299,5.48345],[-75.02299,5.48345],[-75.023,5.48346],[-75.023,5.48346],[-75.023,5.48346],[-75.023,5.48346],[-75.023,5.48346],[-75.023,5.48347],[-75.02301,5.48347],[-75.02301,5.48347],[-75.02301,5.48347],[-75.02311,5.48352],[-75.02311,5.48352],[-75.02311,5.48352],[-75.02311,5.48352],[-75.02317,5.48355],[-75.02319,5.4836],[-75.02319,5.4836],[-75.02319,5.48361],[-75.02319,5.48361],[-75.02319,5.48361],[-75.02319,5.48361],[-75.02319,5.48361],[-75.02319,5.48361],[-75.02319,5.48361],[-75.02319,5.48361],[-75.02319,5.48362],[-75.02319,5.48362],[-75.0232,5.48362],[-75.0232,5.48362],[-75.0232,5.48362],[-75.0232,5.48362],[-75.0232,5.48362],[-75.0232,5.48362],[-75.0232,5.48362],[-75.0232,5.48362],[-75.02321,5.48362],[-75.02321,5.48362],[-75.02328,5.48364],[-75.02328,5.48364],[-75.02328,5.48364],[-75.02328,5.48364],[-75.02328,5.48364],[-75.02336,5.48365],[-75.02336,5.48365],[-75.02336,5.48365],[-75.02336,5.48365],[-75.02342,5.48365],[-75.02351,5.48367],[-75.02351,5.48367],[-75.02351,5.48367],[-75.02351,5.48367],[-75.02362,5.48368],[-75.02364,5.48371],[-75.02365,5.48371],[-75.02365,5.48371],[-75.02365,5.48371],[-75.02371,5.48377],[-75.02371,5.48377],[-75.02372,5.48377],[-75.02372,5.48377],[-75.02372,5.48377],[-75.02372,5.48377],[-75.02372,5.48377],[-75.02372,5.48377],[-75.02383,5.4838],[-75.02383,5.4838],[-75.02383,5.4838],[-75.02383,5.4838],[-75.02383,5.4838],[-75.02383,5.4838],[-75.02383,5.4838],[-75.02384,5.4838],[-75.02384,5.4838],[-75.02384,5.4838],[-75.02384,5.4838],[-75.0239,5.48379],[-75.02397,5.48377],[-75.02397,5.48377],[-75.02397,5.48377],[-75.02397,5.48377],[-75.02397,5.48377],[-75.02397,5.48377],[-75.02397,5.48377],[-75.02397,5.48377],[-75.02398,5.48377],[-75.02398,5.48377],[-75.02398,5.48377],[-75.02398,5.48377],[-75.02398,5.48377],[-75.02398,5.48377],[-75.02398,5.48376],[-75.02402,5.48371],[-75.02408,5.48372],[-75.02414,5.48373],[-75.02415,5.48373],[-75.02415,5.48373],[-75.02415,5.48373],[-75.02415,5.48373],[-75.02415,5.48373],[-75.02415,5.48373],[-75.02415,5.48373],[-75.02416,5.48373],[-75.02416,5.48373],[-75.02423,5.4837],[-75.02423,5.4837],[-75.02423,5.4837],[-75.02423,5.4837],[-75.02423,5.4837],[-75.02423,5.4837],[-75.02424,5.4837],[-75.02424,5.48369],[-75.02424,5.48369],[-75.02424,5.48369],[-75.02427,5.48366],[-75.02433,5.48363],[-75.02433,5.48363],[-75.02433,5.48363],[-75.02433,5.48363],[-75.02433,5.48363],[-75.02438,5.4836],[-75.0244,5.48359],[-75.02446,5.48358],[-75.02446,5.48358],[-75.02446,5.48358],[-75.02446,5.48358],[-75.02446,5.48358],[-75.02446,5.48358],[-75.02454,5.48356],[-75.02454,5.48356],[-75.02454,5.48356],[-75.02454,5.48356],[-75.02454,5.48356],[-75.02459,5.48353],[-75.02468,5.48355],[-75.02468,5.48355],[-75.02468,5.48355],[-75.02468,5.48355],[-75.02468,5.48355],[-75.02468,5.48355],[-75.02468,5.48355],[-75.02469,5.48355],[-75.02469,5.48355],[-75.02469,5.48355],[-75.02478,5.48352],[-75.02484,5.4835],[-75.02488,5.48349],[-75.02494,5.48349],[-75.02494,5.48349],[-75.02494,5.48349],[-75.02494,5.48349],[-75.02494,5.48349],[-75.02494,5.48349],[-75.02502,5.48348],[-75.02518,5.48346],[-75.02522,5.48347],[-75.02526,5.48349],[-75.02531,5.48353],[-75.02531,5.48353],[-75.02531,5.48353],[-75.02531,5.48353],[-75.02536,5.48357],[-75.02536,5.48357],[-75.02536,5.48357],[-75.02537,5.48357],[-75.02537,5.48357],[-75.02537,5.48357],[-75.02537,5.48357],[-75.02537,5.48357],[-75.02537,5.48357],[-75.02542,5.48358],[-75.02545,5.48362],[-75.02545,5.48362],[-75.02545,5.48362],[-75.02545,5.48362],[-75.02545,5.48363],[-75.02545,5.48363],[-75.0255,5.48366],[-75.0255,5.48366],[-75.0255,5.48366],[-75.02551,5.48366],[-75.02551,5.48366],[-75.02551,5.48366],[-75.02551,5.48366],[-75.02554,5.48368],[-75.02557,5.4837],[-75.02557,5.4837],[-75.02557,5.48371],[-75.02557,5.48371],[-75.02557,5.48371],[-75.02557,5.48371],[-75.02557,5.48371],[-75.02557,5.48371],[-75.02557,5.48371],[-75.02571,5.48376],[-75.02571,5.48376],[-75.02571,5.48376],[-75.02571,5.48376],[-75.02571,5.48376],[-75.02571,5.48376],[-75.02572,5.48376],[-75.02572,5.48376],[-75.02572,5.48376],[-75.02572,5.48376],[-75.02581,5.48377],[-75.02584,5.48377],[-75.02587,5.48377],[-75.02587,5.48377],[-75.02587,5.48377],[-75.02588,5.48377],[-75.02588,5.48377],[-75.02588,5.48377],[-75.02588,5.48377],[-75.02588,5.48377],[-75.02588,5.48377],[-75.02595,5.48375],[-75.02601,5.48375],[-75.02626,5.48385],[-75.02626,5.48385],[-75.02643,5.48391],[-75.02643,5.48391],[-75.02643,5.48391],[-75.02643,5.48391],[-75.02644,5.48391],[-75.02644,5.48391],[-75.02669,5.48395],[-75.02699,5.48403],[-75.02708,5.48407],[-75.02706,5.48414],[-75.02706,5.48414],[-75.02706,5.48414],[-75.02706,5.48414],[-75.02706,5.48414],[-75.02706,5.48414],[-75.02706,5.48414],[-75.02704,5.48425],[-75.027,5.48437],[-75.027,5.48438],[-75.027,5.48438],[-75.027,5.48438],[-75.02695,5.48456],[-75.02691,5.48463],[-75.02686,5.48473],[-75.02686,5.48473],[-75.02686,5.48473],[-75.02672,5.48471],[-75.02661,5.48468],[-75.02606,5.48467],[-75.02601,5.48466],[-75.02589,5.48466],[-75.02531,5.48464],[-75.02517,5.48463],[-75.02349,5.48484]]],[[[-75.05768,5.52411],[-75.05769,5.52412],[-75.05771,5.52414],[-75.05772,5.52415],[-75.05773,5.52417],[-75.05774,5.52418],[-75.05774,5.52419],[-75.05775,5.52417],[-75.05775,5.52413],[-75.05775,5.52405],[-75.05774,5.52404],[-75.05759,5.52404],[-75.05759,5.52404],[-75.05759,5.52404],[-75.05759,5.52404],[-75.05759,5.52404],[-75.05758,5.52404],[-75.05758,5.52404],[-75.05758,5.52404],[-75.05755,5.52396],[-75.05753,5.5239],[-75.05752,5.52393],[-75.05751,5.52394],[-75.05751,5.52396],[-75.05751,5.52398],[-75.05751,5.524],[-75.05752,5.52402],[-75.05753,5.52404],[-75.05754,5.52406],[-75.05756,5.52408],[-75.05757,5.52409],[-75.05759,5.5241],[-75.05761,5.52411],[-75.05764,5.52411],[-75.05766,5.52411],[-75.05768,5.52411]]],[[[-75.05456,5.52478],[-75.05459,5.52481],[-75.05459,5.52481],[-75.05462,5.52479],[-75.05463,5.52478],[-75.05459,5.52478],[-75.05457,5.52478],[-75.05456,5.52478]]],[[[-75.0547,5.52478],[-75.05473,5.52478],[-75.05479,5.52482],[-75.05482,5.52483],[-75.05485,5.52484],[-75.0549,5.52483],[-75.05494,5.5248],[-75.05497,5.52479],[-75.055,5.52478],[-75.05504,5.52478],[-75.05508,5.52478],[-75.05512,5.52478],[-75.05516,5.52477],[-75.05517,5.52477],[-75.05513,5.52471],[-75.05512,5.52471],[-75.05507,5.5247],[-75.05489,5.52474],[-75.05489,5.52474],[-75.0547,5.52478]]],[[[-75.05612,5.5242],[-75.05616,5.52424],[-75.0562,5.52428],[-75.05626,5.52436],[-75.05636,5.52445],[-75.05644,5.52453],[-75.05649,5.52457],[-75.05655,5.52462],[-75.05661,5.52466],[-75.05667,5.5247],[-75.05675,5.52475],[-75.05683,5.52481],[-75.05697,5.52492],[-75.05697,5.52491],[-75.05699,5.52489],[-75.05701,5.52486],[-75.05703,5.52483],[-75.05706,5.5248],[-75.0571,5.52474],[-75.05714,5.52468],[-75.05716,5.52464],[-75.05719,5.52459],[-75.05721,5.52454],[-75.05724,5.5245],[-75.05726,5.52446],[-75.05727,5.52442],[-75.05728,5.52439],[-75.05728,5.52437],[-75.05728,5.52434],[-75.05728,5.5243],[-75.05728,5.52425],[-75.05727,5.5242],[-75.05726,5.52415],[-75.05726,5.5241],[-75.05727,5.52406],[-75.05727,5.52401],[-75.05729,5.52396],[-75.0573,5.52392],[-75.05732,5.52388],[-75.05734,5.52385],[-75.05736,5.52381],[-75.05741,5.52374],[-75.05745,5.52368],[-75.05748,5.52365],[-75.0575,5.52368],[-75.05751,5.5237],[-75.05751,5.52367],[-75.05751,5.52367],[-75.05751,5.52367],[-75.05751,5.52359],[-75.05752,5.52349],[-75.0575,5.52335],[-75.0575,5.52335],[-75.0575,5.52334],[-75.0575,5.52334],[-75.0575,5.52333],[-75.05748,5.52332],[-75.05739,5.52338],[-75.05732,5.52346],[-75.05732,5.52346],[-75.05723,5.52354],[-75.05723,5.52354],[-75.05723,5.52354],[-75.05723,5.52354],[-75.05712,5.52359],[-75.05704,5.52368],[-75.05704,5.52368],[-75.05704,5.52368],[-75.05704,5.52368],[-75.05703,5.52368],[-75.05703,5.52368],[-75.05683,5.52368],[-75.05678,5.52371],[-75.05687,5.5238],[-75.05687,5.5238],[-75.05699,5.52394],[-75.05699,5.52394],[-75.05699,5.52394],[-75.05699,5.52394],[-75.05699,5.52394],[-75.05701,5.52407],[-75.05701,5.52408],[-75.05701,5.52408],[-75.05701,5.52408],[-75.05701,5.52408],[-75.05701,5.52408],[-75.05701,5.52408],[-75.05701,5.52408],[-75.05693,5.52414],[-75.05693,5.52414],[-75.05693,5.52414],[-75.05692,5.52414],[-75.05688,5.52415],[-75.05687,5.52415],[-75.05687,5.52415],[-75.05681,5.52414],[-75.05681,5.52414],[-75.05681,5.52414],[-75.05681,5.52414],[-75.05681,5.52414],[-75.05679,5.52413],[-75.05679,5.52413],[-75.05678,5.52413],[-75.05678,5.52414],[-75.05678,5.52414],[-75.05677,5.52414],[-75.05677,5.52414],[-75.05677,5.52414],[-75.05677,5.52414],[-75.05677,5.52414],[-75.05677,5.52413],[-75.05677,5.52413],[-75.05673,5.5241],[-75.05669,5.52409],[-75.0567,5.5241],[-75.0567,5.5241],[-75.0567,5.52411],[-75.0567,5.52411],[-75.0567,5.52411],[-75.0567,5.52411],[-75.0567,5.52411],[-75.0567,5.52411],[-75.0567,5.52411],[-75.0567,5.52411],[-75.0567,5.52412],[-75.0567,5.52412],[-75.05667,5.52412],[-75.05667,5.52412],[-75.05667,5.52412],[-75.05658,5.52413],[-75.05647,5.52416],[-75.05647,5.52416],[-75.05647,5.52416],[-75.05629,5.52417],[-75.05629,5.52417],[-75.05628,5.52417],[-75.0561,5.52413],[-75.05609,5.52412],[-75.05607,5.52412],[-75.05598,5.5241],[-75.05598,5.5241],[-75.05598,5.5241],[-75.05597,5.5241],[-75.05597,5.5241],[-75.05591,5.52416],[-75.05592,5.5242],[-75.05593,5.5242],[-75.05593,5.5242],[-75.05593,5.5242],[-75.05592,5.5242],[-75.05592,5.5242],[-75.05593,5.5242],[-75.05595,5.52425],[-75.05603,5.5243],[-75.05603,5.52425],[-75.05603,5.5242],[-75.05603,5.52414],[-75.05605,5.52412],[-75.05605,5.52412],[-75.05606,5.52412],[-75.05609,5.52416],[-75.05612,5.5242]]],[[[-75.0576,5.52487],[-75.05761,5.52489],[-75.05762,5.52492],[-75.05764,5.52494],[-75.05766,5.52496],[-75.05766,5.52496],[-75.05766,5.52496],[-75.05767,5.52486],[-75.05767,5.52486],[-75.05767,5.52486],[-75.05767,5.52486],[-75.05767,5.52486],[-75.05767,5.52486],[-75.05768,5.52478],[-75.05769,5.52464],[-75.05769,5.52463],[-75.05769,5.5246],[-75.05766,5.52448],[-75.05766,5.52448],[-75.05766,5.52448],[-75.05766,5.52448],[-75.0577,5.52433],[-75.05765,5.5244],[-75.05758,5.52459],[-75.0576,5.52482],[-75.0576,5.52483],[-75.0576,5.52484],[-75.0576,5.52487]]],[[[-75.05955,5.52583],[-75.05954,5.52584],[-75.05954,5.52586],[-75.05954,5.52588],[-75.05954,5.52591],[-75.05954,5.52593],[-75.05955,5.52596],[-75.05956,5.52598],[-75.05958,5.526],[-75.0596,5.52601],[-75.05962,5.52603],[-75.05964,5.52604],[-75.05966,5.52604],[-75.05967,5.52602],[-75.05967,5.52602],[-75.05967,5.52602],[-75.05969,5.52598],[-75.05973,5.52587],[-75.05968,5.52574],[-75.05967,5.52574],[-75.05967,5.52574],[-75.05967,5.52574],[-75.05967,5.52574],[-75.05964,5.52569],[-75.05964,5.52569],[-75.05957,5.52568],[-75.05955,5.52583]]],[[[-75.10866,5.52793],[-75.10866,5.52793],[-75.10865,5.52794],[-75.10864,5.52802],[-75.10868,5.52808],[-75.10876,5.52813],[-75.10876,5.52813],[-75.10877,5.52813],[-75.10877,5.52813],[-75.10879,5.52817],[-75.10888,5.5282],[-75.10894,5.52821],[-75.10888,5.52814],[-75.1088,5.52801],[-75.10869,5.52787],[-75.10866,5.52793]]],[[[-75.10926,5.52895],[-75.10926,5.52895],[-75.10926,5.52895],[-75.10926,5.52895],[-75.10919,5.529],[-75.10919,5.529],[-75.10919,5.529],[-75.10919,5.529],[-75.10919,5.529],[-75.10914,5.529],[-75.10911,5.52905],[-75.10914,5.52913],[-75.10923,5.52924],[-75.10923,5.52924],[-75.10923,5.52924],[-75.10927,5.52934],[-75.10927,5.52934],[-75.10927,5.52934],[-75.10927,5.52934],[-75.10927,5.52934],[-75.10925,5.52946],[-75.1093,5.52951],[-75.1093,5.52944],[-75.1093,5.52919],[-75.1093,5.52903],[-75.10931,5.52891],[-75.10927,5.52893],[-75.10927,5.52893],[-75.10926,5.52895]]],[[[-75.06748,5.52931],[-75.06751,5.52931],[-75.06754,5.52932],[-75.06757,5.52934],[-75.06759,5.52935],[-75.06765,5.52938],[-75.06768,5.52939],[-75.06777,5.52946],[-75.06779,5.52948],[-75.06779,5.52948],[-75.06781,5.52949],[-75.06782,5.52951],[-75.06784,5.52954],[-75.06784,5.5296],[-75.06784,5.52962],[-75.06784,5.52965],[-75.06784,5.52968],[-75.06785,5.52971],[-75.06785,5.52974],[-75.06784,5.52979],[-75.06785,5.52981],[-75.06785,5.52986],[-75.06785,5.52987],[-75.06785,5.5299],[-75.06783,5.52993],[-75.06782,5.52995],[-75.06779,5.52998],[-75.06778,5.52999],[-75.06777,5.53004],[-75.06777,5.53006],[-75.06778,5.53011],[-75.06779,5.53016],[-75.0678,5.53019],[-75.06782,5.53023],[-75.06783,5.53026],[-75.06784,5.5303],[-75.06783,5.53035],[-75.06781,5.53038],[-75.06778,5.53044],[-75.06777,5.53047],[-75.06776,5.53052],[-75.06777,5.53058],[-75.06777,5.53061],[-75.06778,5.53064],[-75.06779,5.53066],[-75.0678,5.53067],[-75.06782,5.5307],[-75.06784,5.53073],[-75.06792,5.53078],[-75.06795,5.53081],[-75.06797,5.53082],[-75.06799,5.53085],[-75.068,5.53087],[-75.06802,5.5309],[-75.06804,5.53093],[-75.06805,5.53096],[-75.06807,5.53098],[-75.0681,5.53102],[-75.06812,5.53106],[-75.06814,5.5311],[-75.06814,5.53114],[-75.06814,5.5312],[-75.06814,5.53125],[-75.06813,5.53129],[-75.06812,5.53132],[-75.06812,5.53135],[-75.06811,5.53138],[-75.06809,5.53141],[-75.06807,5.53145],[-75.06805,5.53148],[-75.06803,5.53152],[-75.06802,5.53158],[-75.06802,5.53161],[-75.06803,5.53164],[-75.06804,5.53168],[-75.06806,5.53171],[-75.06807,5.53174],[-75.06809,5.53178],[-75.06811,5.53182],[-75.06813,5.53185],[-75.06814,5.53188],[-75.06815,5.53192],[-75.06816,5.53195],[-75.06818,5.53198],[-75.06819,5.53199],[-75.06821,5.53202],[-75.06822,5.53206],[-75.06823,5.53211],[-75.06824,5.53215],[-75.06828,5.53218],[-75.0683,5.53218],[-75.06833,5.5322],[-75.06834,5.53221],[-75.06835,5.53222],[-75.06836,5.53223],[-75.06837,5.53224],[-75.06839,5.53228],[-75.0684,5.53229],[-75.06842,5.53231],[-75.06843,5.53232],[-75.06845,5.53234],[-75.06846,5.53236],[-75.06848,5.53239],[-75.06851,5.53245],[-75.06853,5.5325],[-75.06853,5.53254],[-75.06854,5.5326],[-75.06854,5.53262],[-75.06854,5.53264],[-75.06855,5.53265],[-75.06856,5.53268],[-75.06856,5.53268],[-75.06857,5.5327],[-75.06858,5.53271],[-75.06872,5.53263],[-75.06886,5.53256],[-75.06901,5.53248],[-75.06916,5.53242],[-75.06932,5.53235],[-75.06947,5.5323],[-75.06963,5.53224],[-75.06979,5.5322],[-75.06984,5.53218],[-75.06988,5.53216],[-75.06992,5.53213],[-75.06996,5.5321],[-75.06999,5.53206],[-75.07002,5.53202],[-75.07004,5.53197],[-75.07006,5.53193],[-75.07007,5.53188],[-75.07007,5.53183],[-75.07006,5.53177],[-75.07006,5.5317],[-75.07006,5.53163],[-75.07007,5.53156],[-75.07009,5.5315],[-75.07011,5.53144],[-75.07014,5.53137],[-75.07017,5.53132],[-75.07021,5.53126],[-75.07025,5.53121],[-75.0703,5.53117],[-75.07035,5.53113],[-75.07036,5.53112],[-75.07039,5.53099],[-75.07044,5.53084],[-75.07047,5.53075],[-75.07049,5.53068],[-75.07051,5.53058],[-75.07054,5.53049],[-75.07056,5.53044],[-75.07058,5.53036],[-75.07065,5.53016],[-75.07067,5.53015],[-75.07071,5.53013],[-75.07075,5.53011],[-75.07078,5.53009],[-75.07083,5.53005],[-75.07089,5.53],[-75.07095,5.52994],[-75.071,5.52988],[-75.07102,5.52986],[-75.07104,5.52984],[-75.07107,5.52981],[-75.0711,5.52978],[-75.07112,5.52976],[-75.07115,5.52974],[-75.07115,5.52974],[-75.07118,5.52972],[-75.07122,5.5297],[-75.07125,5.52969],[-75.0713,5.52967],[-75.07138,5.52964],[-75.07146,5.5296],[-75.0716,5.52955],[-75.07182,5.52937],[-75.07193,5.52927],[-75.07202,5.52921],[-75.07207,5.52917],[-75.0721,5.52914],[-75.07213,5.52912],[-75.07217,5.52911],[-75.0722,5.52909],[-75.07223,5.52907],[-75.07227,5.52906],[-75.07231,5.52905],[-75.07236,5.52903],[-75.07244,5.52901],[-75.07251,5.52899],[-75.07258,5.52898],[-75.07273,5.52895],[-75.07301,5.52891],[-75.07329,5.52887],[-75.0733,5.52887],[-75.07352,5.52884],[-75.07377,5.52881],[-75.07403,5.5288],[-75.07423,5.52878],[-75.07436,5.52878],[-75.07449,5.52878],[-75.07449,5.52876],[-75.07449,5.52875],[-75.07449,5.52875],[-75.07448,5.52866],[-75.07448,5.52865],[-75.07448,5.52865],[-75.07448,5.52865],[-75.07448,5.52865],[-75.07448,5.52865],[-75.07448,5.52865],[-75.07448,5.52865],[-75.07448,5.52865],[-75.07448,5.52865],[-75.07457,5.52862],[-75.07463,5.52861],[-75.07464,5.52861],[-75.07464,5.52861],[-75.07464,5.52861],[-75.07478,5.52864],[-75.07478,5.52864],[-75.0749,5.52868],[-75.075,5.5287],[-75.07509,5.52868],[-75.07523,5.52862],[-75.07529,5.52854],[-75.07529,5.52853],[-75.07529,5.52853],[-75.07529,5.52853],[-75.07551,5.52839],[-75.07551,5.52839],[-75.07551,5.52839],[-75.07561,5.52834],[-75.07561,5.52834],[-75.07561,5.52834],[-75.07562,5.52834],[-75.07562,5.52834],[-75.07562,5.52834],[-75.07567,5.52836],[-75.07579,5.52833],[-75.07579,5.52832],[-75.07584,5.52821],[-75.07584,5.5282],[-75.07586,5.52812],[-75.07585,5.52801],[-75.07585,5.52801],[-75.07586,5.52801],[-75.07586,5.52801],[-75.07586,5.528],[-75.07586,5.528],[-75.07586,5.528],[-75.07586,5.528],[-75.07597,5.52795],[-75.07604,5.52789],[-75.07611,5.52771],[-75.07611,5.52771],[-75.07611,5.52771],[-75.07614,5.52766],[-75.07616,5.52764],[-75.07616,5.52763],[-75.07616,5.52763],[-75.07616,5.52763],[-75.07619,5.52761],[-75.07629,5.52755],[-75.07629,5.52755],[-75.07629,5.52755],[-75.07632,5.52754],[-75.07632,5.52754],[-75.07632,5.52754],[-75.07632,5.52754],[-75.07646,5.52756],[-75.07646,5.52756],[-75.07646,5.52756],[-75.07653,5.52758],[-75.07653,5.52758],[-75.07658,5.52761],[-75.07658,5.52761],[-75.07659,5.52761],[-75.07675,5.52769],[-75.07682,5.5277],[-75.07682,5.5277],[-75.07682,5.5277],[-75.07683,5.5277],[-75.07683,5.5277],[-75.07683,5.5277],[-75.07683,5.5277],[-75.07688,5.52782],[-75.07689,5.52784],[-75.07689,5.52784],[-75.07693,5.52794],[-75.07693,5.52794],[-75.07693,5.52794],[-75.07694,5.52805],[-75.07698,5.52807],[-75.07702,5.52797],[-75.07704,5.5279],[-75.07704,5.5279],[-75.07704,5.5279],[-75.07704,5.52789],[-75.07712,5.52778],[-75.07716,5.5277],[-75.07717,5.52759],[-75.07717,5.52759],[-75.07717,5.52759],[-75.07721,5.52745],[-75.07716,5.52742],[-75.07716,5.52741],[-75.07716,5.52741],[-75.07716,5.52741],[-75.07711,5.52728],[-75.07711,5.52728],[-75.07711,5.52728],[-75.0771,5.52723],[-75.0771,5.52719],[-75.077,5.52711],[-75.07695,5.52708],[-75.07695,5.52708],[-75.07695,5.52708],[-75.07695,5.52708],[-75.07695,5.52708],[-75.07695,5.52707],[-75.07693,5.52697],[-75.07693,5.52697],[-75.07693,5.52697],[-75.07693,5.52697],[-75.07693,5.52697],[-75.07693,5.52696],[-75.07694,5.52696],[-75.07694,5.52696],[-75.07694,5.52696],[-75.07701,5.52692],[-75.07701,5.52692],[-75.07702,5.52692],[-75.07702,5.52692],[-75.07702,5.52692],[-75.07702,5.52692],[-75.07702,5.52692],[-75.07705,5.52694],[-75.07705,5.52694],[-75.07705,5.52694],[-75.07712,5.52699],[-75.07712,5.52699],[-75.07712,5.52699],[-75.07722,5.52707],[-75.07733,5.5271],[-75.07739,5.52711],[-75.07738,5.5271],[-75.07738,5.5271],[-75.07738,5.5271],[-75.07738,5.5271],[-75.07738,5.5271],[-75.07738,5.52709],[-75.07738,5.52709],[-75.07738,5.52709],[-75.07738,5.52709],[-75.07738,5.52709],[-75.07738,5.52709],[-75.07738,5.52709],[-75.07738,5.52709],[-75.07746,5.52705],[-75.07746,5.52703],[-75.07746,5.52703],[-75.07746,5.52703],[-75.07746,5.52703],[-75.07746,5.52702],[-75.07746,5.52702],[-75.07746,5.52702],[-75.07746,5.52702],[-75.07754,5.52697],[-75.07754,5.52697],[-75.07764,5.52691],[-75.07766,5.52689],[-75.07766,5.52689],[-75.07766,5.52689],[-75.07766,5.52689],[-75.07766,5.52689],[-75.07766,5.52689],[-75.07776,5.52687],[-75.07776,5.52687],[-75.07776,5.52687],[-75.07777,5.52687],[-75.07777,5.52687],[-75.07777,5.52687],[-75.07777,5.52688],[-75.07777,5.52688],[-75.07777,5.52688],[-75.07777,5.52688],[-75.07777,5.52688],[-75.07777,5.52688],[-75.07777,5.52688],[-75.07777,5.52689],[-75.07777,5.52689],[-75.07774,5.52692],[-75.07774,5.52694],[-75.07775,5.52697],[-75.07775,5.52697],[-75.07775,5.52697],[-75.07775,5.52697],[-75.07775,5.52702],[-75.07775,5.52705],[-75.07775,5.52705],[-75.07776,5.52712],[-75.07776,5.52712],[-75.07776,5.52712],[-75.07776,5.52718],[-75.07776,5.52718],[-75.07776,5.52719],[-75.07779,5.52724],[-75.07779,5.52724],[-75.07779,5.52724],[-75.07779,5.52724],[-75.0778,5.52731],[-75.07784,5.52737],[-75.07793,5.52741],[-75.07802,5.52742],[-75.07802,5.52742],[-75.07802,5.52742],[-75.07807,5.52743],[-75.07807,5.52743],[-75.07807,5.52744],[-75.07807,5.52744],[-75.07812,5.52749],[-75.07829,5.52748],[-75.0784,5.52748],[-75.07841,5.52748],[-75.07841,5.52748],[-75.07841,5.52748],[-75.07841,5.52748],[-75.07841,5.52748],[-75.07841,5.52748],[-75.07841,5.52749],[-75.07841,5.52749],[-75.07841,5.52749],[-75.07841,5.52749],[-75.0784,5.52757],[-75.07841,5.52768],[-75.07859,5.52783],[-75.07862,5.52785],[-75.07887,5.5279],[-75.07887,5.5279],[-75.07897,5.52794],[-75.07897,5.52794],[-75.07897,5.52794],[-75.07906,5.528],[-75.07906,5.528],[-75.07907,5.528],[-75.07907,5.528],[-75.07907,5.52801],[-75.07907,5.52801],[-75.07907,5.52801],[-75.07907,5.52801],[-75.07907,5.52801],[-75.07907,5.52801],[-75.07903,5.52808],[-75.07907,5.52812],[-75.07926,5.5282],[-75.07933,5.52818],[-75.07936,5.52814],[-75.07936,5.52814],[-75.07936,5.52813],[-75.07936,5.52813],[-75.07936,5.52813],[-75.07936,5.52813],[-75.07942,5.52811],[-75.07942,5.52811],[-75.07942,5.52811],[-75.07942,5.52811],[-75.07942,5.52811],[-75.07953,5.52814],[-75.07953,5.52814],[-75.07953,5.52814],[-75.07965,5.52818],[-75.07965,5.52818],[-75.07965,5.52818],[-75.07972,5.52821],[-75.08009,5.52838],[-75.08022,5.52842],[-75.08022,5.52842],[-75.08034,5.52848],[-75.08034,5.52848],[-75.08034,5.52848],[-75.08034,5.52848],[-75.08034,5.52848],[-75.08034,5.52848],[-75.08037,5.52855],[-75.08037,5.52855],[-75.08044,5.52876],[-75.08049,5.52882],[-75.08049,5.52882],[-75.0805,5.52883],[-75.0805,5.52883],[-75.08052,5.52891],[-75.08061,5.52894],[-75.08061,5.52894],[-75.08073,5.52899],[-75.08087,5.52903],[-75.08102,5.52907],[-75.08102,5.52907],[-75.08102,5.52907],[-75.08109,5.52909],[-75.08115,5.52907],[-75.08115,5.52907],[-75.08116,5.52907],[-75.08121,5.52906],[-75.08121,5.52906],[-75.08121,5.52907],[-75.08121,5.52907],[-75.08122,5.52907],[-75.08135,5.52915],[-75.08135,5.52915],[-75.08135,5.52915],[-75.08144,5.52925],[-75.08144,5.52925],[-75.08144,5.52925],[-75.08151,5.52934],[-75.08152,5.52934],[-75.08152,5.52934],[-75.08157,5.52945],[-75.08157,5.52945],[-75.08157,5.52945],[-75.08159,5.52955],[-75.08159,5.52955],[-75.08159,5.52955],[-75.08158,5.52962],[-75.08161,5.52968],[-75.08168,5.52972],[-75.0817,5.52973],[-75.08178,5.52976],[-75.08188,5.52976],[-75.08189,5.52976],[-75.08189,5.52976],[-75.08192,5.52976],[-75.082,5.52972],[-75.08207,5.52968],[-75.08207,5.52968],[-75.08207,5.52968],[-75.0822,5.52965],[-75.08225,5.52961],[-75.08225,5.52961],[-75.08225,5.52961],[-75.08225,5.52961],[-75.08225,5.52961],[-75.08226,5.52961],[-75.08226,5.52961],[-75.08236,5.52965],[-75.08244,5.52967],[-75.08244,5.52967],[-75.08244,5.52968],[-75.0825,5.52972],[-75.0825,5.52972],[-75.0825,5.52972],[-75.0825,5.52972],[-75.0825,5.52972],[-75.0825,5.52972],[-75.08252,5.52982],[-75.08255,5.52991],[-75.08255,5.52991],[-75.08257,5.53003],[-75.08265,5.5301],[-75.08265,5.5301],[-75.08265,5.5301],[-75.08265,5.5301],[-75.08265,5.53011],[-75.08265,5.53011],[-75.08265,5.53011],[-75.08265,5.53011],[-75.08264,5.53021],[-75.08263,5.53031],[-75.08265,5.53039],[-75.08265,5.5304],[-75.08265,5.5304],[-75.08265,5.5304],[-75.08265,5.5304],[-75.08258,5.53059],[-75.08258,5.53059],[-75.08257,5.5306],[-75.08252,5.53066],[-75.08254,5.53069],[-75.08258,5.5307],[-75.08275,5.53079],[-75.08275,5.53079],[-75.08275,5.53079],[-75.08285,5.53084],[-75.08285,5.53084],[-75.08291,5.53088],[-75.08291,5.53088],[-75.08291,5.53088],[-75.08305,5.531],[-75.08308,5.53102],[-75.08308,5.53102],[-75.08308,5.53102],[-75.08316,5.53099],[-75.08316,5.53099],[-75.08316,5.53095],[-75.08316,5.53095],[-75.08316,5.53095],[-75.08316,5.53095],[-75.08322,5.53079],[-75.08325,5.5307],[-75.08326,5.53065],[-75.08326,5.53065],[-75.08326,5.53065],[-75.08329,5.53058],[-75.08329,5.53058],[-75.08329,5.53058],[-75.08329,5.53058],[-75.08329,5.53058],[-75.08329,5.53058],[-75.08329,5.53058],[-75.0833,5.53058],[-75.08333,5.53057],[-75.08335,5.53055],[-75.08335,5.53055],[-75.08335,5.53055],[-75.08335,5.53055],[-75.0834,5.53053],[-75.08345,5.53051],[-75.08349,5.53048],[-75.08349,5.53048],[-75.08349,5.53047],[-75.08349,5.53047],[-75.08349,5.53047],[-75.08367,5.53046],[-75.08367,5.53046],[-75.08381,5.53047],[-75.08387,5.53048],[-75.08387,5.53048],[-75.08387,5.53048],[-75.0839,5.53048],[-75.08395,5.53047],[-75.08396,5.53045],[-75.08394,5.53042],[-75.08384,5.53033],[-75.08372,5.53025],[-75.08372,5.53025],[-75.08372,5.53025],[-75.08372,5.53025],[-75.08364,5.53012],[-75.08364,5.53012],[-75.08364,5.53012],[-75.08364,5.53011],[-75.08363,5.53002],[-75.08359,5.52988],[-75.08359,5.52988],[-75.08359,5.52988],[-75.08359,5.52987],[-75.08359,5.52987],[-75.08359,5.52987],[-75.08361,5.52972],[-75.0836,5.52969],[-75.0836,5.52969],[-75.0836,5.52969],[-75.08358,5.52944],[-75.08358,5.52944],[-75.08358,5.52944],[-75.08358,5.52944],[-75.08358,5.52944],[-75.08358,5.52943],[-75.08358,5.52943],[-75.08358,5.52943],[-75.08358,5.52943],[-75.08358,5.52943],[-75.08361,5.52943],[-75.08361,5.52943],[-75.08361,5.52943],[-75.08362,5.52943],[-75.08372,5.52941],[-75.08372,5.52941],[-75.08372,5.52941],[-75.08373,5.52941],[-75.08373,5.52941],[-75.08373,5.52941],[-75.08373,5.52941],[-75.08379,5.52944],[-75.08386,5.52946],[-75.08392,5.52946],[-75.08392,5.52946],[-75.08392,5.52946],[-75.08408,5.52949],[-75.08426,5.52948],[-75.08433,5.52943],[-75.08439,5.52933],[-75.08439,5.52933],[-75.0844,5.52932],[-75.0844,5.52932],[-75.0844,5.52932],[-75.08449,5.52926],[-75.08449,5.52926],[-75.08453,5.52923],[-75.08453,5.52923],[-75.08453,5.52923],[-75.08458,5.52921],[-75.08463,5.52918],[-75.08463,5.52918],[-75.08463,5.52918],[-75.08464,5.52918],[-75.0847,5.52916],[-75.08479,5.5291],[-75.08479,5.5291],[-75.0848,5.5291],[-75.0848,5.5291],[-75.08488,5.52909],[-75.08488,5.52909],[-75.08488,5.52909],[-75.08501,5.52911],[-75.08501,5.52911],[-75.08501,5.52911],[-75.08502,5.52911],[-75.08502,5.52911],[-75.08503,5.52911],[-75.08515,5.52917],[-75.08521,5.52911],[-75.08525,5.52906],[-75.08525,5.52906],[-75.08525,5.52906],[-75.08525,5.52906],[-75.08538,5.52899],[-75.08538,5.52899],[-75.08538,5.52899],[-75.08542,5.52898],[-75.08547,5.52894],[-75.08547,5.52893],[-75.08547,5.52893],[-75.08547,5.52893],[-75.08548,5.52883],[-75.08548,5.52883],[-75.08548,5.52882],[-75.08548,5.52882],[-75.08549,5.52881],[-75.08549,5.52881],[-75.08549,5.52881],[-75.08553,5.52877],[-75.08556,5.52874],[-75.08563,5.52867],[-75.08563,5.52867],[-75.08564,5.52867],[-75.08564,5.52867],[-75.08564,5.52867],[-75.08564,5.52867],[-75.0857,5.52867],[-75.08571,5.52867],[-75.08571,5.52867],[-75.08575,5.52868],[-75.08575,5.52868],[-75.08585,5.52872],[-75.08591,5.52872],[-75.086,5.52869],[-75.08603,5.52865],[-75.08603,5.52865],[-75.08603,5.52865],[-75.08607,5.52861],[-75.08607,5.52861],[-75.08607,5.52861],[-75.0861,5.52859],[-75.0861,5.52859],[-75.0861,5.52859],[-75.0861,5.52858],[-75.08619,5.52855],[-75.08629,5.52848],[-75.08629,5.52848],[-75.08633,5.52846],[-75.08633,5.52846],[-75.08633,5.52846],[-75.0864,5.52844],[-75.0864,5.52844],[-75.0864,5.52844],[-75.0864,5.52844],[-75.0865,5.52845],[-75.08656,5.52844],[-75.0866,5.52838],[-75.08663,5.52832],[-75.08663,5.52827],[-75.08663,5.52827],[-75.08663,5.52827],[-75.08666,5.52819],[-75.08666,5.52819],[-75.08666,5.52819],[-75.08666,5.52819],[-75.08672,5.52813],[-75.08672,5.52812],[-75.08672,5.52812],[-75.08682,5.52804],[-75.08677,5.528],[-75.08667,5.52799],[-75.08666,5.52799],[-75.08666,5.52799],[-75.08656,5.52796],[-75.08648,5.52798],[-75.08648,5.52798],[-75.08648,5.52798],[-75.08647,5.52798],[-75.08647,5.52798],[-75.08647,5.52798],[-75.08647,5.52798],[-75.0863,5.52785],[-75.08629,5.52784],[-75.08628,5.52784],[-75.08628,5.52784],[-75.08628,5.52784],[-75.08628,5.52784],[-75.08628,5.52783],[-75.08628,5.52783],[-75.08628,5.52783],[-75.08628,5.52783],[-75.08628,5.52783],[-75.08628,5.52783],[-75.08628,5.52783],[-75.08635,5.52776],[-75.08635,5.52776],[-75.08636,5.52776],[-75.08636,5.52776],[-75.08636,5.52776],[-75.08657,5.52772],[-75.08658,5.52772],[-75.08658,5.52772],[-75.08658,5.52772],[-75.08673,5.52776],[-75.08687,5.52776],[-75.08706,5.5277],[-75.08706,5.5277],[-75.08706,5.5277],[-75.08706,5.5277],[-75.08706,5.5277],[-75.0871,5.52771],[-75.08711,5.52771],[-75.08719,5.52774],[-75.08719,5.52774],[-75.08719,5.52774],[-75.08719,5.52774],[-75.08719,5.52774],[-75.08719,5.52774],[-75.08721,5.52779],[-75.08726,5.52784],[-75.08731,5.52788],[-75.08731,5.52788],[-75.08731,5.52788],[-75.08731,5.52788],[-75.08731,5.52789],[-75.08731,5.52789],[-75.08732,5.52793],[-75.08734,5.52809],[-75.08737,5.52815],[-75.08737,5.52815],[-75.08737,5.52815],[-75.08738,5.52821],[-75.08741,5.52827],[-75.08746,5.52822],[-75.08751,5.52813],[-75.08751,5.52813],[-75.08751,5.52813],[-75.08751,5.52813],[-75.08752,5.52813],[-75.08752,5.52813],[-75.08752,5.52813],[-75.08752,5.52813],[-75.08753,5.52813],[-75.08753,5.52813],[-75.08753,5.52813],[-75.08753,5.52812],[-75.08753,5.52812],[-75.08756,5.52807],[-75.08758,5.528],[-75.0876,5.52793],[-75.08761,5.52793],[-75.08761,5.52793],[-75.08761,5.52793],[-75.08761,5.52793],[-75.08761,5.52793],[-75.08761,5.52793],[-75.08761,5.52792],[-75.08761,5.52792],[-75.08762,5.52793],[-75.08762,5.52793],[-75.08762,5.52793],[-75.08762,5.52793],[-75.08762,5.52793],[-75.08762,5.52793],[-75.08762,5.52793],[-75.08762,5.52793],[-75.08762,5.52793],[-75.08762,5.52795],[-75.08765,5.52794],[-75.08767,5.52789],[-75.08767,5.52789],[-75.08769,5.52786],[-75.08769,5.52786],[-75.08769,5.52786],[-75.0877,5.52786],[-75.0877,5.52786],[-75.08775,5.52784],[-75.08778,5.52776],[-75.08778,5.52776],[-75.08778,5.52776],[-75.08779,5.52776],[-75.08783,5.52773],[-75.08783,5.52773],[-75.08783,5.52773],[-75.08793,5.52768],[-75.08793,5.52768],[-75.08793,5.52768],[-75.08803,5.52766],[-75.08803,5.52766],[-75.08817,5.52764],[-75.08817,5.52764],[-75.08817,5.52764],[-75.08828,5.52763],[-75.08837,5.52758],[-75.08837,5.52758],[-75.08837,5.52758],[-75.08848,5.52754],[-75.08848,5.52754],[-75.08848,5.52754],[-75.08848,5.52754],[-75.08848,5.52754],[-75.08849,5.52754],[-75.08849,5.52754],[-75.08853,5.52756],[-75.08863,5.52757],[-75.08864,5.52756],[-75.08868,5.52746],[-75.08868,5.52743],[-75.0887,5.52733],[-75.0887,5.52733],[-75.0887,5.52733],[-75.0887,5.52733],[-75.08871,5.52731],[-75.08872,5.52729],[-75.08876,5.52722],[-75.0888,5.52715],[-75.0888,5.52715],[-75.08887,5.52707],[-75.08887,5.52707],[-75.08887,5.52707],[-75.08898,5.52698],[-75.08904,5.52689],[-75.08904,5.52689],[-75.08904,5.52689],[-75.08907,5.52687],[-75.08912,5.52683],[-75.08915,5.52673],[-75.08916,5.5267],[-75.08917,5.52665],[-75.08911,5.52657],[-75.08911,5.52657],[-75.08911,5.52657],[-75.0891,5.52657],[-75.0891,5.52657],[-75.0891,5.52645],[-75.0891,5.52645],[-75.0891,5.52645],[-75.08911,5.52638],[-75.08911,5.52637],[-75.08911,5.52637],[-75.08917,5.52627],[-75.08922,5.52614],[-75.08922,5.52614],[-75.08922,5.52614],[-75.08922,5.52614],[-75.08922,5.52614],[-75.08933,5.52607],[-75.08933,5.52606],[-75.08933,5.52606],[-75.08933,5.52606],[-75.08934,5.52606],[-75.08934,5.52606],[-75.08936,5.52605],[-75.08936,5.52605],[-75.08936,5.52605],[-75.08948,5.52597],[-75.08948,5.52597],[-75.0896,5.5259],[-75.0896,5.5259],[-75.0896,5.5259],[-75.08963,5.52589],[-75.08969,5.52585],[-75.08971,5.52583],[-75.08971,5.52582],[-75.08971,5.52582],[-75.08976,5.52576],[-75.08977,5.52571],[-75.08978,5.52564],[-75.08974,5.52557],[-75.08973,5.52557],[-75.08973,5.52557],[-75.08973,5.52557],[-75.08973,5.52557],[-75.08973,5.52556],[-75.08973,5.52556],[-75.08973,5.52556],[-75.08973,5.52556],[-75.08973,5.52556],[-75.08973,5.52556],[-75.08973,5.52556],[-75.08973,5.52555],[-75.08973,5.52555],[-75.08972,5.52547],[-75.08972,5.52547],[-75.08971,5.52541],[-75.08971,5.52541],[-75.08971,5.5254],[-75.08971,5.5254],[-75.08971,5.5254],[-75.08978,5.52527],[-75.08982,5.52517],[-75.08985,5.52504],[-75.08984,5.52493],[-75.08978,5.5248],[-75.08978,5.5248],[-75.08978,5.5248],[-75.08973,5.52465],[-75.08973,5.52465],[-75.08973,5.52465],[-75.08973,5.52465],[-75.08973,5.52465],[-75.08977,5.52453],[-75.08979,5.52442],[-75.08979,5.52442],[-75.08979,5.5244],[-75.08979,5.5244],[-75.08979,5.5244],[-75.08979,5.5244],[-75.08987,5.5243],[-75.08988,5.5243],[-75.08988,5.52429],[-75.08993,5.52422],[-75.08993,5.52422],[-75.08993,5.52422],[-75.08993,5.52422],[-75.09003,5.52415],[-75.09015,5.52403],[-75.09015,5.52403],[-75.09015,5.52403],[-75.09015,5.52403],[-75.09021,5.52401],[-75.09033,5.52392],[-75.09043,5.52383],[-75.09043,5.52382],[-75.09043,5.52382],[-75.09052,5.52377],[-75.09057,5.52374],[-75.09064,5.52366],[-75.09064,5.52366],[-75.09076,5.52357],[-75.09076,5.52357],[-75.09077,5.52357],[-75.09082,5.52355],[-75.09089,5.52343],[-75.09096,5.52332],[-75.09098,5.52326],[-75.09098,5.52326],[-75.09098,5.52325],[-75.091,5.52324],[-75.09107,5.52313],[-75.09109,5.52311],[-75.09109,5.52311],[-75.09109,5.52311],[-75.09117,5.52302],[-75.09118,5.52301],[-75.09118,5.52301],[-75.09118,5.523],[-75.09118,5.523],[-75.09118,5.523],[-75.09119,5.523],[-75.09126,5.52294],[-75.09135,5.52286],[-75.09135,5.52286],[-75.09135,5.52286],[-75.09142,5.52283],[-75.09152,5.52275],[-75.09154,5.52272],[-75.09158,5.52267],[-75.09158,5.52267],[-75.09158,5.52267],[-75.09158,5.52267],[-75.09167,5.52262],[-75.09177,5.52253],[-75.09177,5.52253],[-75.09189,5.52241],[-75.09197,5.52233],[-75.09204,5.52224],[-75.09204,5.52224],[-75.09204,5.52224],[-75.09214,5.52217],[-75.09218,5.5221],[-75.09218,5.52201],[-75.09218,5.52201],[-75.09219,5.52201],[-75.09219,5.522],[-75.0922,5.52198],[-75.09226,5.52188],[-75.09224,5.52181],[-75.09222,5.52172],[-75.09222,5.52172],[-75.09222,5.52172],[-75.09221,5.52163],[-75.09221,5.52162],[-75.09222,5.52154],[-75.09222,5.52153],[-75.09223,5.52153],[-75.09223,5.52153],[-75.09223,5.52153],[-75.09229,5.52145],[-75.09229,5.52145],[-75.09229,5.52145],[-75.09239,5.52138],[-75.09242,5.52134],[-75.09245,5.5213],[-75.09245,5.5213],[-75.09245,5.5213],[-75.09245,5.5213],[-75.09245,5.5213],[-75.09245,5.5213],[-75.09255,5.52129],[-75.09255,5.52129],[-75.09255,5.52129],[-75.09281,5.52126],[-75.0929,5.52124],[-75.09302,5.52121],[-75.09302,5.52121],[-75.09303,5.52121],[-75.09303,5.52121],[-75.09304,5.52121],[-75.0932,5.52119],[-75.0932,5.52116],[-75.0932,5.52113],[-75.09316,5.5211],[-75.09315,5.5211],[-75.09315,5.5211],[-75.09315,5.5211],[-75.09315,5.5211],[-75.09315,5.5211],[-75.09315,5.5211],[-75.09316,5.521],[-75.09316,5.521],[-75.09316,5.521],[-75.09316,5.521],[-75.09316,5.521],[-75.09316,5.521],[-75.09316,5.521],[-75.09316,5.521],[-75.09316,5.521],[-75.09321,5.52084],[-75.09321,5.52084],[-75.09321,5.52084],[-75.09324,5.52078],[-75.09325,5.52075],[-75.09324,5.52065],[-75.09318,5.52053],[-75.09318,5.52053],[-75.09317,5.52052],[-75.09317,5.52052],[-75.09317,5.52052],[-75.09318,5.52052],[-75.09318,5.52052],[-75.09328,5.52034],[-75.09328,5.52034],[-75.09329,5.52034],[-75.09329,5.52034],[-75.09339,5.52028],[-75.09341,5.52022],[-75.09341,5.52021],[-75.09341,5.52021],[-75.09349,5.52011],[-75.0935,5.5201],[-75.09357,5.52001],[-75.09359,5.51994],[-75.09359,5.51994],[-75.09359,5.51994],[-75.09359,5.51994],[-75.0936,5.51993],[-75.09365,5.51986],[-75.09365,5.51986],[-75.09365,5.51986],[-75.09365,5.51986],[-75.09368,5.51985],[-75.09368,5.51985],[-75.09368,5.51985],[-75.09375,5.51982],[-75.09375,5.51982],[-75.09375,5.51982],[-75.09381,5.5198],[-75.09385,5.51979],[-75.09385,5.51979],[-75.09385,5.51979],[-75.09401,5.51978],[-75.09401,5.51978],[-75.09402,5.51978],[-75.09415,5.51981],[-75.09425,5.51977],[-75.09425,5.51977],[-75.09425,5.51977],[-75.09425,5.51977],[-75.09443,5.51978],[-75.09445,5.51974],[-75.09449,5.51968],[-75.09449,5.51967],[-75.09449,5.51967],[-75.0945,5.51967],[-75.0945,5.51967],[-75.09456,5.51965],[-75.09462,5.51952],[-75.09463,5.51952],[-75.09463,5.51952],[-75.09474,5.51934],[-75.09474,5.51934],[-75.09475,5.51934],[-75.09482,5.51927],[-75.09482,5.51927],[-75.09482,5.51927],[-75.09483,5.51927],[-75.09483,5.51927],[-75.09483,5.51927],[-75.09483,5.51927],[-75.09483,5.51927],[-75.09483,5.51927],[-75.09483,5.51928],[-75.0949,5.51935],[-75.0949,5.51935],[-75.0949,5.51935],[-75.0949,5.51935],[-75.09494,5.51946],[-75.095,5.51962],[-75.09505,5.51966],[-75.09507,5.51964],[-75.09508,5.51964],[-75.09508,5.51964],[-75.09508,5.51964],[-75.09508,5.51964],[-75.09508,5.51964],[-75.09508,5.51964],[-75.09508,5.51964],[-75.09515,5.51967],[-75.09523,5.51956],[-75.09523,5.51956],[-75.09523,5.51956],[-75.09527,5.51953],[-75.0953,5.51948],[-75.09531,5.51947],[-75.0954,5.5193],[-75.0954,5.5193],[-75.0954,5.5193],[-75.09546,5.51925],[-75.09546,5.51925],[-75.09546,5.51925],[-75.09546,5.51925],[-75.09557,5.51921],[-75.09558,5.51921],[-75.09563,5.51907],[-75.09564,5.51904],[-75.09564,5.51904],[-75.09564,5.51904],[-75.09564,5.51904],[-75.09564,5.51904],[-75.09565,5.51904],[-75.09565,5.51903],[-75.09565,5.51903],[-75.09565,5.51903],[-75.09565,5.51903],[-75.09565,5.51903],[-75.09567,5.51904],[-75.09567,5.519],[-75.09567,5.519],[-75.09567,5.519],[-75.09567,5.519],[-75.09567,5.51899],[-75.09567,5.51899],[-75.09568,5.51899],[-75.09571,5.51897],[-75.09571,5.51892],[-75.09571,5.5188],[-75.09571,5.5188],[-75.09571,5.5188],[-75.09571,5.51879],[-75.09571,5.51879],[-75.09571,5.51879],[-75.09575,5.51875],[-75.09576,5.51874],[-75.09577,5.51873],[-75.0958,5.5187],[-75.09597,5.51849],[-75.09601,5.51838],[-75.09605,5.51829],[-75.09605,5.51828],[-75.09605,5.51828],[-75.09613,5.51817],[-75.09613,5.51817],[-75.09613,5.51817],[-75.09613,5.51817],[-75.09614,5.51816],[-75.09617,5.51808],[-75.09619,5.51802],[-75.09621,5.5179],[-75.09621,5.5179],[-75.09622,5.5179],[-75.09622,5.5179],[-75.09622,5.5179],[-75.09629,5.51782],[-75.09634,5.51775],[-75.09635,5.51744],[-75.09635,5.51733],[-75.09635,5.51733],[-75.09635,5.51733],[-75.09636,5.5173],[-75.09636,5.5173],[-75.09636,5.51729],[-75.09636,5.51729],[-75.09636,5.51729],[-75.09641,5.51726],[-75.09645,5.51723],[-75.09646,5.51715],[-75.09646,5.51691],[-75.09646,5.51691],[-75.09646,5.51691],[-75.09646,5.5169],[-75.09646,5.5169],[-75.09646,5.5169],[-75.09646,5.5169],[-75.09646,5.5169],[-75.09646,5.5169],[-75.09646,5.5169],[-75.09651,5.51689],[-75.0965,5.51679],[-75.0965,5.51679],[-75.0965,5.51678],[-75.09652,5.51669],[-75.09652,5.51669],[-75.09652,5.51669],[-75.09652,5.51669],[-75.09655,5.51665],[-75.09656,5.51663],[-75.09656,5.51663],[-75.09656,5.51663],[-75.09657,5.51662],[-75.09664,5.51644],[-75.09664,5.51644],[-75.09664,5.51644],[-75.09664,5.51644],[-75.09673,5.51636],[-75.09674,5.51625],[-75.09674,5.51625],[-75.09674,5.51625],[-75.09674,5.51622],[-75.09674,5.51622],[-75.09674,5.51621],[-75.09674,5.51621],[-75.09674,5.51621],[-75.09674,5.51621],[-75.09677,5.51619],[-75.0968,5.51609],[-75.0968,5.51609],[-75.09681,5.51609],[-75.09681,5.51608],[-75.09681,5.51608],[-75.09681,5.51608],[-75.09687,5.51605],[-75.09689,5.51601],[-75.09697,5.51584],[-75.09697,5.51584],[-75.09706,5.51569],[-75.09707,5.51569],[-75.09707,5.51569],[-75.09707,5.51569],[-75.09707,5.51569],[-75.09716,5.51564],[-75.09716,5.51564],[-75.09716,5.51564],[-75.0972,5.51563],[-75.0972,5.51563],[-75.0972,5.51563],[-75.0972,5.51563],[-75.0972,5.51563],[-75.09736,5.51569],[-75.09736,5.51569],[-75.09736,5.51569],[-75.09736,5.51569],[-75.09736,5.51569],[-75.09736,5.51569],[-75.09736,5.51569],[-75.09742,5.51584],[-75.09747,5.51592],[-75.09757,5.51598],[-75.09757,5.51598],[-75.09757,5.51598],[-75.0976,5.51601],[-75.0976,5.51601],[-75.0976,5.51601],[-75.09763,5.51604],[-75.09763,5.51604],[-75.09769,5.51612],[-75.09775,5.51614],[-75.09803,5.51612],[-75.09812,5.51608],[-75.09813,5.51604],[-75.09814,5.51593],[-75.09814,5.51593],[-75.09814,5.51593],[-75.09818,5.51574],[-75.09815,5.51563],[-75.09815,5.51563],[-75.09815,5.51563],[-75.09812,5.51553],[-75.09812,5.51552],[-75.0981,5.51545],[-75.0981,5.51545],[-75.0981,5.51545],[-75.0981,5.51545],[-75.0981,5.51544],[-75.09811,5.51542],[-75.09813,5.51534],[-75.09814,5.51516],[-75.09814,5.51516],[-75.09814,5.51516],[-75.09814,5.51516],[-75.09814,5.51516],[-75.09816,5.51513],[-75.09826,5.51502],[-75.09826,5.51502],[-75.09826,5.51502],[-75.09826,5.51502],[-75.09826,5.51501],[-75.09826,5.51501],[-75.09826,5.51501],[-75.09834,5.51502],[-75.09837,5.51501],[-75.09839,5.51501],[-75.09845,5.51496],[-75.09848,5.51492],[-75.09851,5.51486],[-75.09851,5.51477],[-75.0985,5.51457],[-75.0985,5.51453],[-75.0985,5.51453],[-75.0985,5.51453],[-75.0985,5.51453],[-75.0985,5.51453],[-75.0985,5.51453],[-75.09861,5.51436],[-75.09859,5.51433],[-75.09858,5.51429],[-75.09858,5.51429],[-75.09858,5.51429],[-75.09857,5.51423],[-75.09856,5.51422],[-75.0984,5.51408],[-75.0984,5.51408],[-75.0984,5.51408],[-75.09839,5.51408],[-75.09839,5.51408],[-75.09837,5.51398],[-75.09837,5.51398],[-75.09837,5.51398],[-75.09837,5.51398],[-75.09837,5.51397],[-75.09837,5.51397],[-75.09842,5.5139],[-75.09845,5.51382],[-75.09841,5.51381],[-75.09839,5.51381],[-75.09839,5.51381],[-75.09839,5.51381],[-75.09835,5.51379],[-75.09835,5.51379],[-75.09835,5.51378],[-75.09835,5.51378],[-75.09829,5.51371],[-75.09828,5.51371],[-75.09828,5.51371],[-75.09828,5.5137],[-75.09828,5.5137],[-75.09828,5.5137],[-75.09828,5.5137],[-75.0983,5.51365],[-75.0983,5.51364],[-75.0983,5.51364],[-75.0983,5.51364],[-75.09837,5.51354],[-75.09837,5.51354],[-75.09837,5.51354],[-75.09837,5.51354],[-75.09849,5.51346],[-75.09849,5.51346],[-75.0985,5.51346],[-75.0985,5.51346],[-75.09857,5.51345],[-75.09857,5.51345],[-75.09857,5.51345],[-75.09863,5.51345],[-75.09876,5.51344],[-75.09876,5.51344],[-75.09878,5.51344],[-75.09884,5.51344],[-75.09884,5.51344],[-75.09884,5.51344],[-75.09885,5.51344],[-75.09885,5.51344],[-75.09886,5.51344],[-75.09889,5.51342],[-75.09893,5.51335],[-75.09897,5.51323],[-75.09891,5.5131],[-75.09891,5.5131],[-75.09891,5.5131],[-75.09891,5.5131],[-75.09891,5.5131],[-75.09894,5.51297],[-75.09894,5.51297],[-75.09895,5.51297],[-75.09895,5.51297],[-75.09895,5.51297],[-75.09895,5.51297],[-75.09895,5.51297],[-75.09895,5.51297],[-75.09906,5.51294],[-75.09919,5.51279],[-75.0992,5.51278],[-75.09925,5.51264],[-75.09925,5.51264],[-75.09925,5.51264],[-75.0993,5.51254],[-75.0993,5.51254],[-75.0993,5.51254],[-75.0993,5.51254],[-75.0993,5.51254],[-75.09935,5.51251],[-75.09935,5.51251],[-75.09936,5.51251],[-75.09936,5.51251],[-75.09936,5.51251],[-75.09943,5.51252],[-75.09948,5.51251],[-75.09948,5.51251],[-75.09948,5.51251],[-75.09948,5.51251],[-75.09954,5.51252],[-75.09954,5.51252],[-75.09954,5.51252],[-75.09954,5.51252],[-75.09954,5.51252],[-75.09955,5.51252],[-75.09955,5.51252],[-75.09955,5.51253],[-75.09955,5.51253],[-75.09955,5.51253],[-75.09955,5.51253],[-75.09955,5.51253],[-75.09929,5.51305],[-75.09932,5.51314],[-75.09932,5.51314],[-75.09932,5.51314],[-75.09932,5.51314],[-75.09928,5.51335],[-75.09928,5.51335],[-75.09926,5.51345],[-75.09925,5.51357],[-75.09928,5.51361],[-75.09928,5.51361],[-75.09928,5.51361],[-75.09928,5.51361],[-75.09928,5.51362],[-75.09928,5.51369],[-75.09936,5.51379],[-75.09936,5.51379],[-75.09936,5.51379],[-75.09936,5.51379],[-75.09938,5.51388],[-75.09938,5.51388],[-75.09938,5.51388],[-75.09938,5.51388],[-75.09938,5.51389],[-75.09938,5.51389],[-75.09938,5.51389],[-75.09938,5.51389],[-75.09938,5.51389],[-75.09937,5.5139],[-75.09936,5.5139],[-75.09936,5.51392],[-75.09938,5.51394],[-75.09941,5.51397],[-75.09948,5.51399],[-75.09954,5.51397],[-75.09956,5.51395],[-75.09961,5.51392],[-75.09962,5.51392],[-75.09962,5.51392],[-75.09966,5.5139],[-75.09966,5.5139],[-75.09966,5.5139],[-75.09969,5.5139],[-75.09973,5.51387],[-75.09973,5.51387],[-75.09977,5.51385],[-75.09976,5.51375],[-75.09976,5.51372],[-75.09976,5.51372],[-75.09976,5.51372],[-75.09976,5.51369],[-75.09975,5.51363],[-75.09975,5.51363],[-75.09975,5.51363],[-75.09975,5.51354],[-75.09975,5.51354],[-75.09975,5.51354],[-75.09975,5.51354],[-75.09975,5.51354],[-75.09975,5.51353],[-75.09976,5.51353],[-75.09976,5.51353],[-75.09982,5.5135],[-75.09993,5.51342],[-75.09993,5.51342],[-75.09993,5.51342],[-75.09998,5.5134],[-75.10009,5.51331],[-75.1001,5.5132],[-75.1001,5.5132],[-75.10011,5.51317],[-75.10012,5.51316],[-75.10015,5.51308],[-75.10016,5.51306],[-75.10017,5.51306],[-75.10017,5.51306],[-75.10017,5.51306],[-75.10017,5.51306],[-75.10026,5.51299],[-75.10027,5.51299],[-75.10035,5.51294],[-75.10035,5.51294],[-75.10035,5.51294],[-75.10043,5.51291],[-75.10048,5.51288],[-75.10048,5.51288],[-75.10054,5.51285],[-75.1006,5.51279],[-75.10069,5.51271],[-75.10069,5.51271],[-75.10069,5.51271],[-75.10074,5.51267],[-75.10085,5.51259],[-75.10091,5.51248],[-75.10091,5.51242],[-75.10092,5.51235],[-75.10092,5.51235],[-75.10092,5.51235],[-75.10093,5.51233],[-75.10093,5.51233],[-75.10093,5.51233],[-75.10095,5.51228],[-75.10098,5.51222],[-75.10098,5.51222],[-75.10098,5.51222],[-75.10098,5.51221],[-75.10101,5.51219],[-75.10102,5.51218],[-75.10102,5.51218],[-75.10102,5.51218],[-75.10102,5.51218],[-75.10102,5.51218],[-75.10102,5.51218],[-75.10108,5.5122],[-75.10121,5.51222],[-75.10136,5.5122],[-75.10136,5.5122],[-75.10136,5.5122],[-75.1014,5.5122],[-75.10147,5.51218],[-75.10147,5.51218],[-75.10147,5.51218],[-75.10148,5.51218],[-75.10157,5.51219],[-75.10157,5.51219],[-75.10157,5.51219],[-75.10157,5.51219],[-75.10157,5.51219],[-75.10163,5.51225],[-75.10171,5.51229],[-75.10171,5.51229],[-75.10171,5.51229],[-75.10171,5.51229],[-75.10171,5.51229],[-75.10172,5.51229],[-75.10172,5.51229],[-75.10172,5.51229],[-75.10172,5.51229],[-75.10171,5.51237],[-75.10171,5.51237],[-75.10171,5.51237],[-75.10171,5.51237],[-75.10171,5.51237],[-75.10168,5.5124],[-75.10168,5.5124],[-75.10168,5.5124],[-75.10168,5.5124],[-75.1016,5.51244],[-75.1016,5.51244],[-75.10157,5.51245],[-75.10157,5.51249],[-75.10157,5.51256],[-75.10162,5.5126],[-75.1017,5.51261],[-75.1017,5.51261],[-75.1017,5.51261],[-75.1017,5.51261],[-75.1017,5.51261],[-75.10173,5.51263],[-75.10178,5.51263],[-75.10178,5.51263],[-75.10186,5.51262],[-75.10186,5.51262],[-75.10192,5.51263],[-75.10192,5.51263],[-75.10192,5.51263],[-75.10192,5.51263],[-75.10192,5.51263],[-75.10192,5.51263],[-75.10192,5.51263],[-75.10192,5.51263],[-75.10192,5.51264],[-75.10192,5.51264],[-75.10192,5.51264],[-75.10192,5.51267],[-75.10192,5.51267],[-75.10191,5.51277],[-75.10191,5.51277],[-75.1019,5.51277],[-75.1019,5.51277],[-75.1019,5.51277],[-75.10175,5.51293],[-75.10167,5.51318],[-75.10167,5.51318],[-75.10159,5.51339],[-75.10159,5.51339],[-75.10154,5.51349],[-75.1017,5.51374],[-75.1017,5.51374],[-75.1017,5.51374],[-75.10181,5.51394],[-75.10193,5.51411],[-75.10193,5.51411],[-75.10193,5.51411],[-75.10194,5.51411],[-75.10197,5.51432],[-75.10197,5.51432],[-75.10197,5.51433],[-75.10197,5.51442],[-75.10197,5.51442],[-75.10197,5.51442],[-75.10195,5.51456],[-75.10194,5.51463],[-75.10194,5.51464],[-75.102,5.51486],[-75.102,5.51486],[-75.10204,5.51508],[-75.10208,5.51527],[-75.10216,5.51546],[-75.10223,5.51561],[-75.10223,5.51561],[-75.10223,5.51561],[-75.10223,5.51561],[-75.10223,5.51561],[-75.1022,5.51579],[-75.10227,5.51579],[-75.10227,5.51579],[-75.10227,5.51579],[-75.10227,5.51579],[-75.10228,5.51579],[-75.10241,5.5159],[-75.10241,5.5159],[-75.10241,5.5159],[-75.10241,5.5159],[-75.10241,5.5159],[-75.10241,5.5159],[-75.10242,5.51604],[-75.10243,5.51608],[-75.10245,5.5161],[-75.10254,5.51602],[-75.10265,5.51592],[-75.10266,5.5159],[-75.10266,5.5159],[-75.10266,5.5159],[-75.10266,5.5159],[-75.10267,5.5159],[-75.10267,5.5159],[-75.10267,5.5159],[-75.10267,5.5159],[-75.10267,5.5159],[-75.10267,5.5159],[-75.10267,5.5159],[-75.10288,5.51614],[-75.1029,5.51617],[-75.1029,5.51617],[-75.1029,5.51618],[-75.1029,5.51618],[-75.103,5.51647],[-75.10309,5.51663],[-75.10309,5.51663],[-75.10309,5.51663],[-75.10311,5.51673],[-75.10311,5.51673],[-75.10311,5.51673],[-75.10311,5.51673],[-75.1031,5.51682],[-75.10315,5.51699],[-75.10315,5.51699],[-75.10315,5.51699],[-75.10315,5.51709],[-75.10315,5.51709],[-75.10315,5.51709],[-75.10315,5.51709],[-75.10313,5.51714],[-75.10312,5.51716],[-75.10311,5.51718],[-75.10317,5.51732],[-75.10317,5.51732],[-75.1032,5.51743],[-75.1032,5.51743],[-75.1032,5.51743],[-75.1032,5.5175],[-75.10321,5.5175],[-75.10321,5.5175],[-75.10321,5.5175],[-75.10321,5.5175],[-75.10321,5.5175],[-75.10322,5.5175],[-75.10322,5.5175],[-75.10322,5.5175],[-75.10322,5.5175],[-75.10322,5.5175],[-75.10322,5.5175],[-75.10322,5.5175],[-75.10323,5.51752],[-75.10324,5.51752],[-75.10324,5.51752],[-75.10324,5.51752],[-75.10324,5.51752],[-75.10324,5.51752],[-75.10324,5.51752],[-75.10324,5.51753],[-75.10324,5.51753],[-75.10324,5.51753],[-75.10324,5.51753],[-75.10324,5.51753],[-75.10324,5.51753],[-75.10324,5.51753],[-75.10323,5.51753],[-75.10323,5.51753],[-75.10323,5.51753],[-75.10323,5.51753],[-75.10323,5.51753],[-75.10323,5.51753],[-75.10323,5.51753],[-75.10321,5.51753],[-75.1032,5.51753],[-75.1032,5.51755],[-75.10324,5.51762],[-75.10325,5.51762],[-75.10325,5.51762],[-75.10325,5.51762],[-75.10325,5.51762],[-75.10324,5.51775],[-75.10325,5.51786],[-75.10325,5.51786],[-75.10325,5.51786],[-75.10325,5.51786],[-75.10325,5.51786],[-75.10316,5.51797],[-75.10316,5.51802],[-75.10316,5.51822],[-75.10318,5.51831],[-75.10321,5.5184],[-75.10321,5.5184],[-75.10321,5.5184],[-75.10321,5.5184],[-75.10321,5.5184],[-75.1032,5.51845],[-75.1032,5.51852],[-75.1032,5.51852],[-75.1032,5.51852],[-75.10318,5.51863],[-75.10318,5.51874],[-75.10318,5.51874],[-75.10315,5.51889],[-75.10315,5.51889],[-75.10315,5.51889],[-75.10311,5.51899],[-75.10315,5.51911],[-75.10326,5.51917],[-75.1033,5.5192],[-75.1033,5.5192],[-75.1033,5.5192],[-75.1033,5.5192],[-75.10336,5.51928],[-75.10343,5.51937],[-75.10343,5.51937],[-75.10343,5.51937],[-75.10343,5.51937],[-75.10347,5.51951],[-75.10347,5.51951],[-75.10347,5.51951],[-75.10349,5.51957],[-75.10349,5.51957],[-75.10349,5.51957],[-75.10349,5.51957],[-75.10346,5.51969],[-75.10343,5.51983],[-75.10345,5.51996],[-75.10345,5.51996],[-75.10347,5.52006],[-75.10347,5.52006],[-75.10347,5.52006],[-75.10347,5.52016],[-75.10351,5.52025],[-75.10351,5.52026],[-75.10352,5.52028],[-75.10354,5.52036],[-75.10354,5.52036],[-75.10354,5.52037],[-75.10354,5.52037],[-75.10354,5.52037],[-75.10354,5.52037],[-75.10354,5.52037],[-75.1035,5.52041],[-75.1035,5.52041],[-75.1035,5.52041],[-75.1035,5.52041],[-75.1035,5.52041],[-75.1035,5.52041],[-75.10349,5.52041],[-75.10349,5.52041],[-75.10349,5.52041],[-75.10346,5.52039],[-75.1034,5.52041],[-75.10328,5.52049],[-75.10325,5.52061],[-75.10325,5.52078],[-75.1033,5.52091],[-75.1033,5.52091],[-75.1033,5.52091],[-75.1033,5.52092],[-75.10329,5.52103],[-75.10328,5.52117],[-75.10328,5.52118],[-75.10328,5.52118],[-75.10324,5.52132],[-75.10324,5.52144],[-75.10327,5.52159],[-75.10327,5.52159],[-75.10327,5.52159],[-75.10327,5.5216],[-75.10327,5.5216],[-75.10322,5.52175],[-75.10322,5.52175],[-75.10317,5.5219],[-75.10317,5.5219],[-75.10312,5.522],[-75.10312,5.522],[-75.10307,5.52209],[-75.10307,5.52209],[-75.10307,5.52209],[-75.10307,5.52209],[-75.10307,5.52209],[-75.10299,5.52213],[-75.10299,5.52213],[-75.10299,5.52213],[-75.1029,5.52216],[-75.1029,5.52216],[-75.1029,5.52216],[-75.1029,5.52216],[-75.10286,5.52216],[-75.10285,5.52217],[-75.10283,5.52225],[-75.10282,5.52225],[-75.10282,5.52225],[-75.10277,5.52234],[-75.10274,5.5224],[-75.10272,5.52243],[-75.10269,5.52253],[-75.1027,5.52255],[-75.1027,5.52256],[-75.1027,5.52257],[-75.1027,5.52257],[-75.10272,5.5226],[-75.10273,5.52261],[-75.10273,5.52262],[-75.10273,5.52262],[-75.1028,5.52274],[-75.10285,5.52279],[-75.10287,5.52281],[-75.10287,5.52281],[-75.10287,5.52281],[-75.10287,5.52281],[-75.10289,5.52285],[-75.10297,5.52292],[-75.10297,5.52292],[-75.10297,5.52292],[-75.10303,5.52298],[-75.10309,5.52297],[-75.10309,5.52297],[-75.10309,5.52297],[-75.10318,5.52298],[-75.10318,5.52298],[-75.10318,5.52298],[-75.10331,5.52303],[-75.10337,5.52304],[-75.10337,5.52305],[-75.10337,5.52305],[-75.10337,5.52305],[-75.10337,5.52305],[-75.10338,5.52305],[-75.10338,5.52305],[-75.10338,5.52305],[-75.10339,5.52311],[-75.1034,5.52313],[-75.1034,5.52313],[-75.1034,5.52314],[-75.10344,5.52322],[-75.10344,5.52322],[-75.10344,5.52322],[-75.10345,5.52332],[-75.10353,5.52335],[-75.10358,5.52333],[-75.10358,5.52333],[-75.10359,5.52333],[-75.10359,5.52333],[-75.10365,5.52334],[-75.10365,5.52334],[-75.10371,5.52336],[-75.10371,5.52336],[-75.10371,5.52336],[-75.10371,5.52336],[-75.1038,5.52343],[-75.1039,5.52347],[-75.1039,5.52347],[-75.10398,5.52351],[-75.10398,5.52351],[-75.10398,5.52351],[-75.10398,5.52351],[-75.10404,5.52358],[-75.10404,5.52358],[-75.10404,5.52358],[-75.10404,5.52358],[-75.10406,5.52366],[-75.10406,5.52366],[-75.10406,5.52366],[-75.10406,5.52366],[-75.10406,5.52367],[-75.10406,5.52367],[-75.10406,5.52367],[-75.10406,5.52367],[-75.10406,5.52367],[-75.10398,5.52372],[-75.10392,5.52383],[-75.10395,5.52391],[-75.104,5.52402],[-75.10412,5.52409],[-75.10412,5.52409],[-75.10412,5.52409],[-75.10412,5.52409],[-75.10412,5.52409],[-75.10416,5.52419],[-75.10416,5.52419],[-75.10416,5.5242],[-75.10416,5.5242],[-75.10416,5.5242],[-75.10415,5.5242],[-75.10415,5.5242],[-75.10415,5.5242],[-75.10409,5.52425],[-75.10403,5.52434],[-75.10408,5.5245],[-75.10408,5.5245],[-75.10408,5.5245],[-75.10408,5.5245],[-75.10408,5.5245],[-75.10406,5.52459],[-75.10406,5.52459],[-75.10405,5.52459],[-75.10398,5.52468],[-75.10396,5.52472],[-75.10396,5.52478],[-75.10398,5.52479],[-75.10406,5.52482],[-75.10413,5.52484],[-75.1042,5.5248],[-75.10425,5.5247],[-75.10425,5.5247],[-75.10425,5.52469],[-75.10425,5.52469],[-75.10425,5.52469],[-75.10426,5.52469],[-75.10444,5.52462],[-75.10444,5.52462],[-75.10444,5.52462],[-75.10445,5.52462],[-75.10451,5.52463],[-75.10453,5.52456],[-75.10453,5.52456],[-75.10454,5.52456],[-75.10454,5.52456],[-75.10459,5.52451],[-75.10459,5.52451],[-75.1046,5.52451],[-75.1046,5.52451],[-75.1046,5.52451],[-75.10469,5.5245],[-75.10477,5.52447],[-75.10477,5.52447],[-75.10477,5.52447],[-75.10477,5.52447],[-75.10489,5.52447],[-75.10497,5.5244],[-75.10497,5.5244],[-75.10497,5.5244],[-75.10504,5.52435],[-75.10508,5.52433],[-75.10508,5.52433],[-75.10508,5.52433],[-75.10508,5.52433],[-75.10508,5.52433],[-75.10508,5.52433],[-75.10508,5.52433],[-75.10509,5.52433],[-75.10509,5.52433],[-75.10509,5.52433],[-75.10509,5.52433],[-75.1051,5.52434],[-75.10518,5.52436],[-75.10518,5.52436],[-75.10518,5.52436],[-75.10518,5.52436],[-75.10519,5.52437],[-75.10522,5.52442],[-75.1053,5.52444],[-75.1053,5.52444],[-75.1053,5.52444],[-75.10535,5.52448],[-75.10536,5.52448],[-75.10536,5.52448],[-75.10536,5.52448],[-75.10536,5.52448],[-75.10538,5.52456],[-75.10542,5.52462],[-75.10542,5.52462],[-75.10544,5.5247],[-75.10545,5.5247],[-75.10545,5.5247],[-75.10545,5.52476],[-75.10552,5.52483],[-75.10555,5.52485],[-75.1056,5.52485],[-75.10568,5.52484],[-75.10579,5.52476],[-75.10584,5.52471],[-75.10584,5.52471],[-75.10584,5.52471],[-75.10592,5.52465],[-75.10592,5.52465],[-75.10592,5.52465],[-75.10592,5.52465],[-75.10598,5.52464],[-75.10601,5.52461],[-75.10601,5.52461],[-75.10601,5.52461],[-75.10614,5.52454],[-75.10618,5.52448],[-75.10619,5.52448],[-75.10619,5.52448],[-75.10619,5.52448],[-75.10624,5.52445],[-75.10624,5.52445],[-75.10624,5.52445],[-75.1063,5.52443],[-75.10633,5.5244],[-75.10633,5.52439],[-75.10633,5.52439],[-75.10633,5.52439],[-75.10638,5.52435],[-75.10642,5.52432],[-75.10642,5.52431],[-75.10642,5.52431],[-75.10642,5.5243],[-75.10642,5.5243],[-75.10642,5.5243],[-75.10642,5.5243],[-75.10642,5.5243],[-75.10644,5.52428],[-75.10644,5.52428],[-75.10644,5.52428],[-75.10654,5.52424],[-75.10654,5.52424],[-75.10654,5.52424],[-75.10654,5.52424],[-75.1066,5.52424],[-75.10666,5.52421],[-75.10669,5.52418],[-75.10669,5.52418],[-75.10669,5.52418],[-75.10669,5.52418],[-75.10669,5.52418],[-75.10674,5.52416],[-75.10674,5.52416],[-75.10674,5.52416],[-75.10688,5.52417],[-75.10694,5.52415],[-75.10694,5.52415],[-75.10695,5.52415],[-75.10702,5.52416],[-75.10702,5.52416],[-75.10705,5.52416],[-75.10707,5.52414],[-75.10709,5.52411],[-75.1071,5.5241],[-75.1071,5.5241],[-75.1071,5.5241],[-75.1071,5.5241],[-75.10714,5.52409],[-75.10714,5.52409],[-75.10714,5.52409],[-75.10715,5.52409],[-75.10715,5.52409],[-75.10715,5.52409],[-75.10715,5.52409],[-75.1072,5.52412],[-75.10725,5.52415],[-75.10725,5.52415],[-75.10725,5.52415],[-75.1073,5.52419],[-75.10734,5.52422],[-75.1074,5.5242],[-75.10748,5.52414],[-75.10748,5.52414],[-75.1075,5.52412],[-75.1075,5.52412],[-75.10751,5.52412],[-75.10751,5.52412],[-75.10751,5.52412],[-75.10757,5.52412],[-75.10757,5.52412],[-75.10757,5.52412],[-75.10757,5.52412],[-75.1076,5.52413],[-75.1076,5.52413],[-75.1076,5.52413],[-75.1076,5.52413],[-75.10761,5.52413],[-75.10761,5.52413],[-75.10761,5.52413],[-75.10761,5.52413],[-75.10761,5.52413],[-75.10761,5.52413],[-75.10761,5.52413],[-75.10762,5.52413],[-75.10762,5.52413],[-75.10762,5.52413],[-75.10762,5.52413],[-75.10762,5.52414],[-75.10762,5.52414],[-75.10762,5.52414],[-75.10762,5.52414],[-75.10761,5.52415],[-75.10761,5.52415],[-75.10761,5.52415],[-75.10761,5.52415],[-75.10761,5.52415],[-75.10761,5.52416],[-75.10761,5.52416],[-75.10761,5.52416],[-75.10757,5.5242],[-75.10757,5.5242],[-75.10757,5.5242],[-75.10751,5.52426],[-75.10749,5.52439],[-75.1075,5.52449],[-75.10753,5.52463],[-75.10757,5.52475],[-75.10763,5.52484],[-75.10763,5.52484],[-75.10763,5.52484],[-75.10768,5.52497],[-75.10777,5.52504],[-75.10788,5.52505],[-75.10789,5.52505],[-75.10789,5.52505],[-75.10794,5.52508],[-75.10798,5.5251],[-75.10803,5.52512],[-75.10809,5.52513],[-75.10809,5.52513],[-75.1081,5.52513],[-75.1081,5.52513],[-75.1081,5.52514],[-75.1081,5.52514],[-75.1081,5.52514],[-75.10813,5.52524],[-75.10817,5.52528],[-75.10817,5.52528],[-75.10817,5.52528],[-75.10817,5.52529],[-75.10817,5.52529],[-75.10817,5.52531],[-75.10817,5.52533],[-75.10821,5.52534],[-75.10832,5.52533],[-75.10834,5.52531],[-75.10834,5.52531],[-75.10834,5.52531],[-75.10834,5.52531],[-75.10834,5.52531],[-75.10835,5.52531],[-75.10835,5.52531],[-75.10839,5.52532],[-75.10839,5.52532],[-75.1084,5.52532],[-75.1084,5.52532],[-75.10841,5.52533],[-75.10841,5.52534],[-75.10841,5.52534],[-75.10841,5.52534],[-75.10841,5.52534],[-75.10841,5.52534],[-75.10841,5.52534],[-75.1084,5.52541],[-75.1084,5.52541],[-75.1084,5.52541],[-75.10837,5.52546],[-75.10837,5.52549],[-75.10835,5.52559],[-75.10836,5.52564],[-75.10836,5.52564],[-75.10836,5.52564],[-75.10838,5.52574],[-75.10838,5.52574],[-75.10838,5.52574],[-75.10838,5.52576],[-75.10843,5.52583],[-75.10843,5.52583],[-75.10843,5.52583],[-75.10846,5.52589],[-75.10846,5.52589],[-75.10846,5.5259],[-75.10847,5.52597],[-75.10847,5.52597],[-75.10847,5.52597],[-75.10847,5.52601],[-75.10847,5.52601],[-75.10847,5.52601],[-75.10846,5.52603],[-75.10846,5.52611],[-75.10853,5.52615],[-75.10863,5.52619],[-75.10863,5.52619],[-75.10863,5.52619],[-75.10863,5.52619],[-75.10863,5.52619],[-75.10867,5.52626],[-75.10867,5.52626],[-75.10869,5.52629],[-75.10869,5.52629],[-75.10869,5.52629],[-75.10869,5.52629],[-75.10869,5.5263],[-75.10869,5.5263],[-75.10869,5.5263],[-75.10866,5.52639],[-75.1087,5.52644],[-75.10871,5.52645],[-75.10873,5.52647],[-75.10873,5.52647],[-75.10873,5.52647],[-75.10882,5.52659],[-75.10884,5.52659],[-75.10884,5.52659],[-75.10884,5.5266],[-75.10884,5.5266],[-75.10885,5.5266],[-75.10888,5.52664],[-75.10888,5.52664],[-75.10888,5.52665],[-75.1089,5.52669],[-75.1089,5.52669],[-75.1089,5.52669],[-75.1089,5.52669],[-75.10889,5.52673],[-75.10893,5.52682],[-75.10893,5.52682],[-75.10893,5.52682],[-75.10895,5.52687],[-75.10897,5.52693],[-75.10899,5.527],[-75.109,5.52701],[-75.109,5.52701],[-75.109,5.52701],[-75.10902,5.52707],[-75.10906,5.52712],[-75.10906,5.52712],[-75.10907,5.52714],[-75.1091,5.5271],[-75.10923,5.527],[-75.10923,5.527],[-75.10938,5.52687],[-75.10953,5.52675],[-75.10956,5.5267],[-75.10956,5.52644],[-75.10956,5.52629],[-75.10957,5.52609],[-75.10957,5.5258],[-75.10957,5.52554],[-75.10958,5.52533],[-75.10957,5.52511],[-75.10958,5.52481],[-75.10958,5.52451],[-75.10959,5.52428],[-75.10959,5.52394],[-75.10959,5.52367],[-75.10959,5.52339],[-75.10959,5.52308],[-75.1096,5.52281],[-75.1096,5.52254],[-75.1096,5.5223],[-75.10961,5.52196],[-75.10961,5.52168],[-75.10961,5.52161],[-75.10961,5.52144],[-75.10961,5.52127],[-75.10972,5.52116],[-75.1098,5.52104],[-75.11,5.5208],[-75.11018,5.52059],[-75.11032,5.52042],[-75.11051,5.52018],[-75.11066,5.52001],[-75.11079,5.51985],[-75.11092,5.5197],[-75.11108,5.51951],[-75.11122,5.51934],[-75.11132,5.51922],[-75.11114,5.5191],[-75.11097,5.51898],[-75.11079,5.51887],[-75.11062,5.51875],[-75.11047,5.51865],[-75.11036,5.51858],[-75.11027,5.51851],[-75.11032,5.51837],[-75.11039,5.51817],[-75.11047,5.51798],[-75.11054,5.5178],[-75.11058,5.51766],[-75.11067,5.51745],[-75.11075,5.51723],[-75.11081,5.51708],[-75.11087,5.51692],[-75.11096,5.51667],[-75.11103,5.51646],[-75.11108,5.51634],[-75.11095,5.51634],[-75.11077,5.51638],[-75.11054,5.51645],[-75.11037,5.51654],[-75.11016,5.51664],[-75.11001,5.51677],[-75.10993,5.51688],[-75.10986,5.51705],[-75.1098,5.51727],[-75.10975,5.51744],[-75.1097,5.51755],[-75.10962,5.51768],[-75.10951,5.51782],[-75.10944,5.5179],[-75.10937,5.51795],[-75.1093,5.51795],[-75.10922,5.51793],[-75.10912,5.51785],[-75.10899,5.51772],[-75.10891,5.51763],[-75.10891,5.51762],[-75.10883,5.51747],[-75.10878,5.51725],[-75.10874,5.51704],[-75.10873,5.51687],[-75.10872,5.51663],[-75.10872,5.51645],[-75.10876,5.51629],[-75.10879,5.51612],[-75.10881,5.51596],[-75.10887,5.51577],[-75.1089,5.51563],[-75.10894,5.51545],[-75.10896,5.51524],[-75.10895,5.51503],[-75.10897,5.51476],[-75.10898,5.51451],[-75.10897,5.51434],[-75.10896,5.5141],[-75.10895,5.51384],[-75.10892,5.5136],[-75.10889,5.51339],[-75.10885,5.51321],[-75.1088,5.51308],[-75.10872,5.51291],[-75.10862,5.51272],[-75.10858,5.51265],[-75.10935,5.5125],[-75.10972,5.51244],[-75.11016,5.51241],[-75.11035,5.51241],[-75.11055,5.5124],[-75.11084,5.51237],[-75.1112,5.51233],[-75.1114,5.51231],[-75.11157,5.51228],[-75.11175,5.51226],[-75.112,5.51219],[-75.11225,5.51212],[-75.11248,5.51202],[-75.11269,5.51191],[-75.1129,5.51185],[-75.1131,5.51184],[-75.11324,5.51185],[-75.11344,5.51184],[-75.11367,5.51176],[-75.11369,5.51175],[-75.11401,5.51156],[-75.11429,5.51134],[-75.11458,5.5111],[-75.1148,5.51096],[-75.11499,5.5109],[-75.11522,5.51087],[-75.11542,5.51085],[-75.11566,5.51077],[-75.11592,5.51065],[-75.11603,5.51056],[-75.11616,5.51042],[-75.11637,5.5103],[-75.11661,5.51021],[-75.11691,5.51015],[-75.11719,5.51012],[-75.11738,5.51008],[-75.11773,5.50997],[-75.118,5.50988],[-75.11801,5.50988],[-75.11816,5.5098],[-75.11834,5.50974],[-75.11848,5.50969],[-75.11861,5.50964],[-75.11876,5.50961],[-75.11893,5.50959],[-75.11911,5.50957],[-75.11929,5.50957],[-75.11945,5.50958],[-75.11961,5.50962],[-75.11982,5.50972],[-75.12009,5.50986],[-75.12022,5.50993],[-75.12034,5.50997],[-75.12045,5.50999],[-75.12058,5.51],[-75.1207,5.51002],[-75.12085,5.51004],[-75.12096,5.51006],[-75.12112,5.51009],[-75.12134,5.51014],[-75.12155,5.51022],[-75.1217,5.51029],[-75.12161,5.5101],[-75.1215,5.50979],[-75.12144,5.50958],[-75.12139,5.50932],[-75.12136,5.50905],[-75.12129,5.50883],[-75.12122,5.50867],[-75.12118,5.50856],[-75.1213,5.50853],[-75.12158,5.50851],[-75.12189,5.50851],[-75.12203,5.50852],[-75.12229,5.50857],[-75.12251,5.50857],[-75.12269,5.50856],[-75.12296,5.50856],[-75.12324,5.50857],[-75.12351,5.50861],[-75.12375,5.50865],[-75.12372,5.50836],[-75.12369,5.50796],[-75.12364,5.50763],[-75.12359,5.50729],[-75.12354,5.50705],[-75.12349,5.50681],[-75.12355,5.50683],[-75.12397,5.50702],[-75.12446,5.50725],[-75.12489,5.50747],[-75.12525,5.50764],[-75.12564,5.50784],[-75.12589,5.50799],[-75.12616,5.50816],[-75.12642,5.50832],[-75.12672,5.50846],[-75.12708,5.50865],[-75.12749,5.50893],[-75.12767,5.50904],[-75.12788,5.50916],[-75.12811,5.50932],[-75.12831,5.50949],[-75.12843,5.50925],[-75.12863,5.5089],[-75.12881,5.50858],[-75.12888,5.5085],[-75.12845,5.50831],[-75.1285,5.50813],[-75.12865,5.50782],[-75.12882,5.50745],[-75.12901,5.50709],[-75.12916,5.50677],[-75.1292,5.50638],[-75.12919,5.5061],[-75.12961,5.50608],[-75.12999,5.50606],[-75.13035,5.50606],[-75.13064,5.50607],[-75.13082,5.5061],[-75.13104,5.50613],[-75.1314,5.50621],[-75.13173,5.50581],[-75.13197,5.50557],[-75.13219,5.50542],[-75.13247,5.50527],[-75.13282,5.50514],[-75.13306,5.50506],[-75.13333,5.50499],[-75.13352,5.50494],[-75.13339,5.50481],[-75.1332,5.50465],[-75.13305,5.50457],[-75.13288,5.50447],[-75.13257,5.50437],[-75.13228,5.50434],[-75.13203,5.50436],[-75.13183,5.50439],[-75.13168,5.50439],[-75.13147,5.50432],[-75.13136,5.50424],[-75.13119,5.50413],[-75.13096,5.50403],[-75.13076,5.50394],[-75.13038,5.50382],[-75.1301,5.50374],[-75.12975,5.50368],[-75.12946,5.50361],[-75.12912,5.5035],[-75.12905,5.50348],[-75.12909,5.50293],[-75.12883,5.50286],[-75.12848,5.50274],[-75.12823,5.50268],[-75.128,5.50257],[-75.12778,5.50246],[-75.12753,5.50229],[-75.12731,5.50208],[-75.12705,5.50181],[-75.12688,5.50164],[-75.12662,5.50143],[-75.12659,5.50141],[-75.12665,5.50138],[-75.12679,5.50136],[-75.12691,5.50134],[-75.127,5.50131],[-75.12707,5.50119],[-75.12708,5.50106],[-75.12707,5.50095],[-75.12707,5.50083],[-75.12713,5.5007],[-75.12723,5.50059],[-75.12735,5.50054],[-75.12751,5.50052],[-75.12766,5.50049],[-75.12781,5.50044],[-75.12787,5.50038],[-75.1279,5.50034],[-75.12807,5.50006],[-75.12811,5.49994],[-75.12825,5.49998],[-75.12841,5.50001],[-75.12854,5.50003],[-75.12868,5.5],[-75.12889,5.49994],[-75.12906,5.49988],[-75.12924,5.49986],[-75.12952,5.49985],[-75.12979,5.49983],[-75.1301,5.49978],[-75.1303,5.49972],[-75.13046,5.49963],[-75.13058,5.49955],[-75.13066,5.49947],[-75.13077,5.49942],[-75.13096,5.49933],[-75.13107,5.49927],[-75.13105,5.49926],[-75.13074,5.49911],[-75.13048,5.49896],[-75.13019,5.49877],[-75.12996,5.49864],[-75.12977,5.49854],[-75.12965,5.49846],[-75.12955,5.49837],[-75.12954,5.49836],[-75.12947,5.49824],[-75.12946,5.49805],[-75.12945,5.49773],[-75.12942,5.49728],[-75.12938,5.49692],[-75.12933,5.49661],[-75.12927,5.4964],[-75.12953,5.49621],[-75.12996,5.49593],[-75.13016,5.49583],[-75.13048,5.49569],[-75.13086,5.49554],[-75.1311,5.49549],[-75.13133,5.49548],[-75.13162,5.49546],[-75.13192,5.49547],[-75.13208,5.49549],[-75.13196,5.49526],[-75.13186,5.49504],[-75.13176,5.49475],[-75.13172,5.49453],[-75.1317,5.49428],[-75.13171,5.49408],[-75.13173,5.49396],[-75.1318,5.49381],[-75.13188,5.49359],[-75.13193,5.49344],[-75.132,5.49318],[-75.13202,5.49303],[-75.13198,5.49283],[-75.13192,5.49268],[-75.13186,5.49255],[-75.13179,5.49248],[-75.13169,5.49244],[-75.13159,5.49241],[-75.13147,5.4924],[-75.13125,5.49234],[-75.13111,5.49219],[-75.131,5.49201],[-75.13099,5.49201],[-75.13091,5.49184],[-75.13088,5.49172],[-75.13085,5.49162],[-75.13082,5.49151],[-75.13078,5.49142],[-75.13073,5.49131],[-75.13065,5.4912],[-75.1306,5.49108],[-75.13057,5.49099],[-75.13059,5.49084],[-75.13063,5.49065],[-75.13069,5.49042],[-75.13074,5.49017],[-75.13076,5.48997],[-75.13076,5.48975],[-75.13076,5.48974],[-75.13075,5.48956],[-75.13072,5.48936],[-75.13068,5.48922],[-75.13061,5.489],[-75.13057,5.48877],[-75.13049,5.48847],[-75.13046,5.48825],[-75.13046,5.48803],[-75.13047,5.48777],[-75.1305,5.48754],[-75.13053,5.48738],[-75.13057,5.48719],[-75.13056,5.48694],[-75.13055,5.4867],[-75.13052,5.4865],[-75.1305,5.48634],[-75.13047,5.48624],[-75.1304,5.48604],[-75.13033,5.48579],[-75.13028,5.48562],[-75.13026,5.48547],[-75.13022,5.48533],[-75.13019,5.48516],[-75.13013,5.4849],[-75.1301,5.48466],[-75.13009,5.48441],[-75.12978,5.48432],[-75.12938,5.48421],[-75.12901,5.48409],[-75.12852,5.48394],[-75.12826,5.48387],[-75.12828,5.48363],[-75.12828,5.48341],[-75.12829,5.48302],[-75.12832,5.48273],[-75.12836,5.48257],[-75.1287,5.48274],[-75.12905,5.48289],[-75.12922,5.48295],[-75.1294,5.4828],[-75.12955,5.48262],[-75.12974,5.48243],[-75.1299,5.48221],[-75.13005,5.48205],[-75.13003,5.48199],[-75.12993,5.48183],[-75.12985,5.4817],[-75.1297,5.48148],[-75.12954,5.48128],[-75.12953,5.48127],[-75.12934,5.48108],[-75.12909,5.48089],[-75.12894,5.48077],[-75.1287,5.48059],[-75.12837,5.48035],[-75.12814,5.48017],[-75.12778,5.4799],[-75.12749,5.47974],[-75.12731,5.47964],[-75.12712,5.47958],[-75.12696,5.47953],[-75.1268,5.47948],[-75.12647,5.47933],[-75.12631,5.4793],[-75.12592,5.47906],[-75.12555,5.47887],[-75.12529,5.47876],[-75.12493,5.47858],[-75.12432,5.47834],[-75.12388,5.47818],[-75.12347,5.47805],[-75.12324,5.47798],[-75.12314,5.47797],[-75.12309,5.47834],[-75.123,5.47869],[-75.12292,5.47886],[-75.12289,5.47906],[-75.12291,5.47941],[-75.12292,5.47977],[-75.12296,5.48014],[-75.12299,5.4805],[-75.12302,5.48082],[-75.12302,5.48111],[-75.123,5.48141],[-75.12296,5.48161],[-75.12263,5.48126],[-75.12237,5.48095],[-75.12216,5.48073],[-75.12198,5.48055],[-75.12187,5.48041],[-75.12179,5.48028],[-75.12174,5.48011],[-75.12162,5.47991],[-75.12145,5.47963],[-75.1213,5.47933],[-75.12128,5.47905],[-75.12131,5.47873],[-75.12131,5.47833],[-75.12131,5.47802],[-75.12124,5.47787],[-75.12116,5.47779],[-75.12105,5.47771],[-75.12092,5.47764],[-75.12078,5.47732],[-75.12064,5.47703],[-75.12037,5.47642],[-75.12022,5.4761],[-75.1203,5.47573],[-75.12038,5.47539],[-75.12046,5.47501],[-75.12007,5.47492],[-75.12007,5.47492],[-75.12006,5.47491],[-75.12006,5.47491],[-75.12005,5.47491],[-75.12005,5.4749],[-75.12005,5.4749],[-75.12004,5.47489],[-75.12004,5.47489],[-75.11997,5.47443],[-75.11983,5.47401],[-75.11969,5.4739],[-75.11968,5.4739],[-75.11968,5.47389],[-75.11968,5.47389],[-75.11955,5.47364],[-75.11955,5.47364],[-75.11955,5.47364],[-75.11955,5.47363],[-75.11945,5.47275],[-75.11945,5.47274],[-75.11945,5.47274],[-75.11945,5.47273],[-75.11959,5.4723],[-75.11971,5.47195],[-75.11961,5.47136],[-75.1195,5.47085],[-75.11922,5.47052],[-75.11856,5.47014],[-75.11855,5.47014],[-75.11855,5.47014],[-75.11854,5.47013],[-75.11854,5.47013],[-75.11842,5.46989],[-75.11842,5.46989],[-75.11842,5.46988],[-75.11842,5.46987],[-75.11842,5.46987],[-75.11842,5.46987],[-75.11844,5.46975],[-75.11844,5.46974],[-75.11845,5.46974],[-75.11845,5.46973],[-75.11845,5.46973],[-75.11846,5.46972],[-75.11847,5.46972],[-75.11847,5.46972],[-75.11848,5.46972],[-75.11868,5.4697],[-75.11868,5.4697],[-75.11868,5.4697],[-75.11914,5.46972],[-75.11924,5.46972],[-75.11966,5.46954],[-75.11997,5.46923],[-75.11998,5.46919],[-75.11998,5.46918],[-75.11998,5.46918],[-75.11999,5.46917],[-75.12014,5.46901],[-75.12052,5.46837],[-75.12078,5.46782],[-75.12078,5.46782],[-75.12078,5.46782],[-75.12114,5.46724],[-75.12138,5.46679],[-75.12138,5.46679],[-75.12138,5.46679],[-75.12155,5.46655],[-75.12155,5.46654],[-75.12155,5.46654],[-75.12156,5.46654],[-75.12156,5.46653],[-75.12196,5.46637],[-75.12211,5.46626],[-75.12207,5.46608],[-75.12188,5.46585],[-75.12188,5.46584],[-75.12187,5.46584],[-75.12176,5.46563],[-75.12175,5.46562],[-75.12175,5.46562],[-75.12175,5.46561],[-75.12175,5.4656],[-75.12175,5.4656],[-75.12185,5.46514],[-75.12147,5.46495],[-75.12124,5.46532],[-75.12124,5.46532],[-75.12109,5.46553],[-75.12108,5.46553],[-75.12085,5.46584],[-75.12079,5.46591],[-75.12079,5.46591],[-75.12079,5.46591],[-75.12048,5.46623],[-75.12019,5.46659],[-75.12018,5.4666],[-75.12018,5.4666],[-75.12018,5.4666],[-75.11977,5.46681],[-75.11976,5.46681],[-75.11976,5.46681],[-75.11975,5.46681],[-75.11924,5.46685],[-75.11924,5.46685],[-75.11924,5.46685],[-75.11872,5.46683],[-75.11872,5.46683],[-75.11871,5.46683],[-75.11871,5.46682],[-75.1187,5.46682],[-75.1187,5.46681],[-75.11869,5.46681],[-75.11869,5.4668],[-75.11869,5.4668],[-75.11869,5.46679],[-75.11869,5.46679],[-75.11876,5.46634],[-75.11844,5.46603],[-75.11844,5.46602],[-75.11843,5.46602],[-75.11843,5.46601],[-75.11843,5.46601],[-75.11839,5.46584],[-75.11833,5.46556],[-75.11833,5.46556],[-75.11833,5.46555],[-75.11833,5.46554],[-75.11833,5.46554],[-75.11833,5.46554],[-75.11853,5.46511],[-75.11853,5.4651],[-75.11854,5.4651],[-75.11854,5.46509],[-75.11855,5.46509],[-75.11855,5.46509],[-75.11855,5.46509],[-75.11874,5.46502],[-75.11896,5.46495],[-75.11908,5.46453],[-75.11891,5.46411],[-75.11891,5.46411],[-75.11891,5.4641],[-75.11891,5.46409],[-75.11891,5.46409],[-75.11891,5.46408],[-75.11901,5.46365],[-75.11885,5.46323],[-75.11885,5.46322],[-75.11885,5.46322],[-75.11885,5.46275],[-75.11885,5.46274],[-75.11889,5.46229],[-75.11865,5.46195],[-75.11806,5.46205],[-75.11805,5.46205],[-75.11804,5.46205],[-75.11804,5.46205],[-75.11803,5.46204],[-75.11803,5.46204],[-75.11802,5.46203],[-75.11802,5.46203],[-75.11802,5.46202],[-75.11781,5.46145],[-75.11781,5.46145],[-75.11781,5.46144],[-75.11781,5.46143],[-75.11787,5.46098],[-75.11787,5.46098],[-75.11787,5.46097],[-75.11799,5.46072],[-75.11808,5.46054],[-75.11808,5.46054],[-75.11808,5.46054],[-75.11808,5.46053],[-75.11809,5.46053],[-75.1181,5.46052],[-75.1181,5.46052],[-75.11811,5.46052],[-75.11811,5.46052],[-75.11866,5.46061],[-75.11911,5.46052],[-75.11931,5.46015],[-75.11908,5.45977],[-75.11858,5.45954],[-75.11834,5.45942],[-75.11833,5.45942],[-75.11833,5.45942],[-75.11832,5.45942],[-75.11832,5.45941],[-75.11832,5.4594],[-75.11832,5.4594],[-75.11815,5.45865],[-75.11815,5.45864],[-75.11815,5.45864],[-75.11815,5.45864],[-75.11815,5.45863],[-75.11815,5.45862],[-75.11815,5.45862],[-75.11816,5.45861],[-75.11816,5.45861],[-75.11817,5.4586],[-75.11817,5.4586],[-75.11818,5.4586],[-75.1182,5.45859],[-75.11816,5.45858],[-75.11807,5.45853],[-75.118,5.45846],[-75.11797,5.45837],[-75.11797,5.45827],[-75.118,5.45816],[-75.11799,5.45807],[-75.11795,5.45797],[-75.11787,5.45791],[-75.11776,5.45784],[-75.11767,5.4578],[-75.11755,5.45775],[-75.11744,5.45771],[-75.11732,5.45764],[-75.11723,5.45756],[-75.11713,5.45744],[-75.11706,5.4573],[-75.11699,5.45711],[-75.11694,5.45694],[-75.11692,5.45681],[-75.11692,5.45681],[-75.11682,5.45681],[-75.11676,5.45682],[-75.11668,5.45687],[-75.11652,5.45699],[-75.1163,5.45718],[-75.11611,5.45734],[-75.11593,5.45747],[-75.11577,5.45755],[-75.11563,5.45755],[-75.11557,5.45757],[-75.11549,5.45763],[-75.11544,5.45771],[-75.11533,5.45792],[-75.11514,5.45824],[-75.11489,5.45858],[-75.11468,5.45876],[-75.11446,5.45899],[-75.11432,5.45911],[-75.11424,5.4592],[-75.11406,5.45935],[-75.11389,5.45945],[-75.11368,5.45969],[-75.11348,5.46004],[-75.1134,5.46022],[-75.11335,5.46041],[-75.11333,5.46055],[-75.11327,5.46073],[-75.11316,5.46088],[-75.11305,5.46096],[-75.11284,5.46095],[-75.11264,5.46091],[-75.11245,5.46088],[-75.11234,5.46089],[-75.11222,5.46096],[-75.11205,5.4611],[-75.11196,5.46115],[-75.11184,5.46118],[-75.11183,5.46121],[-75.11172,5.46147],[-75.1116,5.46171],[-75.11142,5.46204],[-75.11138,5.46212],[-75.11126,5.46221],[-75.11107,5.46232],[-75.11092,5.46238],[-75.1107,5.4624],[-75.11051,5.46239],[-75.11036,5.46238],[-75.11024,5.46239],[-75.1101,5.46245],[-75.11,5.46246],[-75.10991,5.46246],[-75.10983,5.46246],[-75.10973,5.46242],[-75.10957,5.46235],[-75.10949,5.46233],[-75.10943,5.46236],[-75.10938,5.46251],[-75.10935,5.46279],[-75.10936,5.46316],[-75.10937,5.46328],[-75.10941,5.46336],[-75.10953,5.46354],[-75.10965,5.46374],[-75.10968,5.46385],[-75.10967,5.46393],[-75.10953,5.46404],[-75.10943,5.46414],[-75.1094,5.46428],[-75.10938,5.46447],[-75.10942,5.46471],[-75.10949,5.46508],[-75.10958,5.46502],[-75.10971,5.46498],[-75.10974,5.46497],[-75.10973,5.46514],[-75.10969,5.4654],[-75.10961,5.46562],[-75.10949,5.46579],[-75.10929,5.46597],[-75.10916,5.4661],[-75.10906,5.46633],[-75.10902,5.46648],[-75.109,5.46663],[-75.10899,5.46686],[-75.10896,5.46701],[-75.10885,5.46727],[-75.10873,5.46752],[-75.10862,5.46782],[-75.10854,5.46816],[-75.10846,5.46846],[-75.10843,5.46861],[-75.10837,5.46878],[-75.10827,5.469],[-75.10809,5.46925],[-75.10788,5.46942],[-75.10778,5.46956],[-75.1077,5.46971],[-75.10761,5.46988],[-75.10748,5.47003],[-75.10739,5.47008],[-75.10725,5.47013],[-75.10718,5.47],[-75.10702,5.46977],[-75.10681,5.46952],[-75.10669,5.46935],[-75.10662,5.46927],[-75.10651,5.46919],[-75.10633,5.46913],[-75.10622,5.46911],[-75.10607,5.46915],[-75.10592,5.46921],[-75.10579,5.46922],[-75.1056,5.46919],[-75.10537,5.46913],[-75.10512,5.46912],[-75.10474,5.46914],[-75.1045,5.46916],[-75.10449,5.46916],[-75.10449,5.46957],[-75.10449,5.46992],[-75.10447,5.47016],[-75.10438,5.47043],[-75.10433,5.47072],[-75.10433,5.47089],[-75.10437,5.47106],[-75.10447,5.47125],[-75.10456,5.47137],[-75.10467,5.47146],[-75.10479,5.47152],[-75.10485,5.47161],[-75.10489,5.47169],[-75.1049,5.47176],[-75.10489,5.47189],[-75.10482,5.47211],[-75.10475,5.47232],[-75.10473,5.47249],[-75.10472,5.47267],[-75.10467,5.47294],[-75.10462,5.47323],[-75.10458,5.47349],[-75.10459,5.47376],[-75.10463,5.47415],[-75.10471,5.47431],[-75.10483,5.47448],[-75.10495,5.47467],[-75.10496,5.47477],[-75.10489,5.47492],[-75.10473,5.47516],[-75.10447,5.47542],[-75.10417,5.47579],[-75.10389,5.47611],[-75.10373,5.47633],[-75.10349,5.47667],[-75.10336,5.47695],[-75.10314,5.47697],[-75.10299,5.47699],[-75.1028,5.47702],[-75.10258,5.47698],[-75.10234,5.47691],[-75.10211,5.47688],[-75.10195,5.47688],[-75.10178,5.47691],[-75.10153,5.47697],[-75.10131,5.47699],[-75.10116,5.47694],[-75.10096,5.47687],[-75.10078,5.47675],[-75.10066,5.47661],[-75.10056,5.47643],[-75.10051,5.47623],[-75.10052,5.47603],[-75.10058,5.47585],[-75.1007,5.47562],[-75.10081,5.47544],[-75.10036,5.47541],[-75.09998,5.47537],[-75.09965,5.47532],[-75.09946,5.47549],[-75.09924,5.47567],[-75.09903,5.47581],[-75.09902,5.47581],[-75.09861,5.47604],[-75.09835,5.47616],[-75.09799,5.47629],[-75.09768,5.47609],[-75.09734,5.47591],[-75.09701,5.47577],[-75.09669,5.4756],[-75.09634,5.4754],[-75.09605,5.47526],[-75.09587,5.47522],[-75.09574,5.47518],[-75.09566,5.47511],[-75.09562,5.47501],[-75.09558,5.47484],[-75.09553,5.47469],[-75.09545,5.47456],[-75.09541,5.47446],[-75.09529,5.47443],[-75.0952,5.47439],[-75.09512,5.47434],[-75.09501,5.47431],[-75.09488,5.47429],[-75.09475,5.47428],[-75.09464,5.47429],[-75.09445,5.4743],[-75.09427,5.47442],[-75.094,5.47463],[-75.09383,5.47482],[-75.09367,5.47472],[-75.09359,5.47468],[-75.09351,5.47467],[-75.09341,5.47466],[-75.09332,5.47464],[-75.09325,5.47459],[-75.09294,5.47463],[-75.09264,5.47462],[-75.09258,5.47461],[-75.09236,5.47464],[-75.09186,5.47462],[-75.09162,5.47462],[-75.0914,5.47463],[-75.09107,5.47461],[-75.0908,5.47459],[-75.09055,5.47457],[-75.09035,5.4746],[-75.09015,5.47462],[-75.08987,5.47465],[-75.08963,5.47466],[-75.08937,5.47468],[-75.08921,5.47468],[-75.08921,5.47469],[-75.08921,5.47471],[-75.08912,5.4749],[-75.08903,5.47499],[-75.0888,5.47506],[-75.08876,5.47508],[-75.08862,5.47512],[-75.08849,5.47517],[-75.08786,5.4758],[-75.08777,5.47598],[-75.08777,5.47616],[-75.08786,5.47616],[-75.08795,5.47625],[-75.08813,5.47634],[-75.08831,5.47643],[-75.08858,5.47652],[-75.08885,5.47652],[-75.08885,5.47688],[-75.08921,5.47688],[-75.08931,5.47797],[-75.08936,5.47808],[-75.0894,5.47815],[-75.08958,5.47851],[-75.08967,5.47869],[-75.08976,5.47905],[-75.08985,5.47941],[-75.08994,5.4796],[-75.09012,5.47996],[-75.0903,5.48032],[-75.09048,5.48068],[-75.09048,5.48086],[-75.09076,5.48086],[-75.09103,5.48077],[-75.09121,5.48068],[-75.09139,5.48059],[-75.09157,5.48041],[-75.09175,5.48032],[-75.09211,5.48013],[-75.09229,5.48004],[-75.09265,5.47968],[-75.09283,5.47959],[-75.09301,5.4795],[-75.09319,5.47932],[-75.09355,5.47923],[-75.09391,5.47914],[-75.09445,5.47905],[-75.09499,5.47913],[-75.09544,5.47959],[-75.09554,5.47977],[-75.09545,5.47995],[-75.09527,5.48013],[-75.09518,5.48031],[-75.09509,5.48049],[-75.095,5.48058],[-75.09472,5.48067],[-75.09445,5.48076],[-75.09427,5.48085],[-75.09391,5.48104],[-75.09373,5.48113],[-75.09346,5.4814],[-75.09337,5.48176],[-75.09391,5.48194],[-75.0941,5.48203],[-75.09437,5.48212],[-75.09464,5.48203],[-75.09473,5.48194],[-75.09482,5.48194],[-75.09482,5.48185],[-75.09554,5.48112],[-75.09572,5.48103],[-75.0959,5.48094],[-75.09716,5.47967],[-75.09716,5.47958],[-75.09806,5.47958],[-75.09896,5.47949],[-75.0995,5.4794],[-75.10005,5.47931],[-75.10068,5.47867],[-75.10077,5.47849],[-75.10086,5.47831],[-75.10109,5.47808],[-75.10113,5.47804],[-75.10131,5.47795],[-75.10149,5.47786],[-75.10194,5.47777],[-75.10239,5.47786],[-75.10266,5.47795],[-75.10293,5.47795],[-75.10302,5.47795],[-75.10315,5.47808],[-75.10338,5.47831],[-75.10347,5.47858],[-75.10356,5.47885],[-75.10366,5.4793],[-75.10357,5.47975],[-75.10348,5.47993],[-75.10339,5.48012],[-75.1033,5.48021],[-75.10348,5.48039],[-75.10366,5.48048],[-75.10384,5.48057],[-75.10384,5.48066],[-75.10474,5.48075],[-75.10492,5.48084],[-75.1051,5.48084],[-75.10519,5.48011],[-75.10528,5.47993],[-75.10546,5.47957],[-75.10564,5.47921],[-75.10573,5.47903],[-75.10582,5.47875],[-75.10591,5.47848],[-75.106,5.4783],[-75.10609,5.47812],[-75.10613,5.47808],[-75.10645,5.47776],[-75.10654,5.47758],[-75.10663,5.4774],[-75.10672,5.47658],[-75.10681,5.47577],[-75.1069,5.47532],[-75.10699,5.47487],[-75.10708,5.47459],[-75.10726,5.47405],[-75.10734,5.47378],[-75.10753,5.4736],[-75.10761,5.47297],[-75.10752,5.47233],[-75.10743,5.47215],[-75.10752,5.47197],[-75.10761,5.47152],[-75.10761,5.47107],[-75.10815,5.47116],[-75.10824,5.47125],[-75.10833,5.47125],[-75.10833,5.47134],[-75.10815,5.47152],[-75.10833,5.4717],[-75.10851,5.47179],[-75.1087,5.47188],[-75.1086,5.47197],[-75.10852,5.47215],[-75.10861,5.47233],[-75.10879,5.47251],[-75.10888,5.47287],[-75.10897,5.47323],[-75.10906,5.47323],[-75.10924,5.47323],[-75.1096,5.47305],[-75.10978,5.47296],[-75.11005,5.47287],[-75.11032,5.47278],[-75.1105,5.4726],[-75.11077,5.47251],[-75.11104,5.47242],[-75.1114,5.47233],[-75.11176,5.47223],[-75.11194,5.47214],[-75.11212,5.47205],[-75.11239,5.47196],[-75.11267,5.47196],[-75.11393,5.47205],[-75.1142,5.47214],[-75.11447,5.47214],[-75.11447,5.47223],[-75.11429,5.47241],[-75.11411,5.4725],[-75.11393,5.47259],[-75.11285,5.47368],[-75.11267,5.47377],[-75.11249,5.47386],[-75.11168,5.47468],[-75.11159,5.47486],[-75.1115,5.47504],[-75.11141,5.47504],[-75.11073,5.47605],[-75.11052,5.47634],[-75.11047,5.47642],[-75.11005,5.47705],[-75.10979,5.47751],[-75.10959,5.47886],[-75.1094,5.47923],[-75.10939,5.47975],[-75.10921,5.48041],[-75.10913,5.48114],[-75.10998,5.48191],[-75.10998,5.482],[-75.11007,5.48209],[-75.11016,5.48227],[-75.11025,5.48245],[-75.11034,5.48354],[-75.11043,5.48462],[-75.11047,5.48488],[-75.11052,5.48517],[-75.11052,5.48571],[-75.11052,5.48607],[-75.11043,5.48643],[-75.11034,5.4867],[-75.11034,5.48697],[-75.11035,5.48707],[-75.11026,5.48716],[-75.11016,5.48716],[-75.11017,5.4877],[-75.11008,5.4877],[-75.1099,5.48788],[-75.10981,5.48806],[-75.10972,5.48824],[-75.10945,5.48851],[-75.10945,5.4886],[-75.10936,5.4886],[-75.10918,5.48879],[-75.10909,5.48897],[-75.109,5.48915],[-75.10891,5.48915],[-75.10891,5.48924],[-75.10882,5.48933],[-75.10873,5.48969],[-75.10945,5.48969],[-75.10945,5.48987],[-75.10963,5.49023],[-75.10972,5.49041],[-75.11026,5.49095],[-75.11035,5.49131],[-75.11044,5.49168],[-75.11053,5.49195],[-75.11062,5.49222],[-75.11071,5.49231],[-75.1109,5.4924],[-75.11108,5.49249],[-75.11126,5.49267],[-75.11144,5.49276],[-75.1118,5.49294],[-75.11216,5.49312],[-75.11234,5.49321],[-75.11252,5.49339],[-75.1127,5.49348],[-75.11306,5.49366],[-75.11342,5.49384],[-75.11361,5.49393],[-75.11379,5.49411],[-75.11379,5.4942],[-75.11397,5.4942],[-75.11415,5.49429],[-75.11433,5.49447],[-75.11451,5.49456],[-75.11487,5.49474],[-75.11523,5.49492],[-75.11541,5.49501],[-75.11559,5.49519],[-75.11586,5.49528],[-75.1164,5.49546],[-75.11668,5.49555],[-75.11686,5.49564],[-75.11704,5.49573],[-75.11713,5.49582],[-75.11722,5.49582],[-75.11776,5.49582],[-75.11785,5.49618],[-75.11902,5.49736],[-75.11902,5.49745],[-75.11912,5.49745],[-75.11921,5.49736],[-75.11939,5.49727],[-75.11975,5.49708],[-75.11993,5.49699],[-75.1202,5.4969],[-75.12047,5.49681],[-75.12092,5.49672],[-75.12137,5.49672],[-75.12263,5.49672],[-75.1239,5.49663],[-75.12408,5.49653],[-75.12426,5.49653],[-75.12426,5.49672],[-75.12417,5.4969],[-75.12408,5.49717],[-75.12399,5.49744],[-75.12327,5.49816],[-75.12318,5.49862],[-75.12327,5.49907],[-75.12336,5.49934],[-75.12327,5.49961],[-75.12318,5.49979],[-75.12318,5.49997],[-75.12354,5.49997],[-75.12363,5.50051],[-75.1239,5.50078],[-75.12363,5.50106],[-75.12354,5.50151],[-75.12354,5.50196],[-75.12427,5.50205],[-75.124,5.50232],[-75.12391,5.50268],[-75.12391,5.50305],[-75.11922,5.50468],[-75.11849,5.5051],[-75.11831,5.50523],[-75.11787,5.50554],[-75.11721,5.50587],[-75.1166,5.50606],[-75.11594,5.5062],[-75.11521,5.50623],[-75.11467,5.50646],[-75.11007,5.50713],[-75.10736,5.50828],[-75.10532,5.51006],[-75.10546,5.51032],[-75.10565,5.51121],[-75.10527,5.51201],[-75.105,5.51218],[-75.10479,5.51246],[-75.10393,5.51265],[-75.10354,5.51305],[-75.10328,5.51331],[-75.10328,5.5136],[-75.10329,5.51403],[-75.10311,5.51519],[-75.10303,5.51574],[-75.10289,5.51613],[-75.10269,5.51589],[-75.10269,5.51589],[-75.10268,5.51589],[-75.10268,5.51589],[-75.10268,5.51589],[-75.10268,5.51589],[-75.10268,5.51589],[-75.10268,5.51588],[-75.10268,5.51588],[-75.10268,5.51588],[-75.10267,5.51588],[-75.10267,5.51588],[-75.10267,5.51588],[-75.10267,5.51588],[-75.10267,5.51588],[-75.10267,5.51588],[-75.10267,5.51588],[-75.10266,5.51588],[-75.10266,5.51588],[-75.10266,5.51588],[-75.10266,5.51588],[-75.10266,5.51588],[-75.10266,5.51588],[-75.10266,5.51588],[-75.10265,5.51589],[-75.10265,5.51589],[-75.10265,5.51589],[-75.10265,5.51589],[-75.10265,5.51589],[-75.10265,5.51589],[-75.10265,5.51589],[-75.10264,5.5159],[-75.10253,5.51601],[-75.10245,5.51608],[-75.10245,5.51607],[-75.10244,5.51604],[-75.10243,5.5159],[-75.10243,5.5159],[-75.10243,5.5159],[-75.10243,5.51589],[-75.10243,5.51589],[-75.10243,5.51589],[-75.10242,5.51589],[-75.10242,5.51589],[-75.10242,5.51589],[-75.10242,5.51589],[-75.10242,5.51588],[-75.10242,5.51588],[-75.10242,5.51588],[-75.10242,5.51588],[-75.10242,5.51588],[-75.10229,5.51578],[-75.10229,5.51578],[-75.10229,5.51578],[-75.10228,5.51578],[-75.10228,5.51578],[-75.10228,5.51578],[-75.10228,5.51577],[-75.10228,5.51577],[-75.10228,5.51577],[-75.10228,5.51577],[-75.10227,5.51577],[-75.10227,5.51577],[-75.10227,5.51577],[-75.10227,5.51577],[-75.10222,5.51577],[-75.10223,5.5157],[-75.10225,5.51561],[-75.10225,5.51561],[-75.10225,5.51561],[-75.10225,5.51561],[-75.10225,5.51561],[-75.10225,5.51561],[-75.10225,5.51561],[-75.10225,5.5156],[-75.10225,5.5156],[-75.10224,5.5156],[-75.10224,5.5156],[-75.10224,5.5156],[-75.1021,5.51526],[-75.10209,5.51519],[-75.10206,5.51507],[-75.10202,5.51486],[-75.10202,5.51486],[-75.10202,5.51486],[-75.10202,5.51486],[-75.10196,5.51464],[-75.10197,5.51457],[-75.10199,5.51442],[-75.10199,5.51442],[-75.10199,5.51442],[-75.10199,5.51442],[-75.10199,5.51442],[-75.10199,5.51442],[-75.10199,5.51433],[-75.10199,5.51432],[-75.10199,5.51432],[-75.10199,5.51432],[-75.10199,5.51432],[-75.10199,5.51432],[-75.10196,5.51417],[-75.10195,5.51411],[-75.10195,5.51411],[-75.10195,5.51411],[-75.10195,5.51411],[-75.10195,5.51411],[-75.10195,5.5141],[-75.10195,5.5141],[-75.10195,5.5141],[-75.10195,5.5141],[-75.10195,5.5141],[-75.10182,5.51393],[-75.10171,5.51373],[-75.10171,5.51373],[-75.10171,5.51373],[-75.10171,5.51373],[-75.10169,5.51369],[-75.10168,5.51368],[-75.10156,5.51349],[-75.10161,5.5134],[-75.10161,5.5134],[-75.10161,5.5134],[-75.10161,5.5134],[-75.10166,5.51326],[-75.10168,5.51318],[-75.10168,5.51318],[-75.10169,5.51316],[-75.10176,5.51295],[-75.10176,5.51294],[-75.10192,5.51279],[-75.10192,5.51278],[-75.10192,5.51278],[-75.10192,5.51278],[-75.10192,5.51278],[-75.10192,5.51278],[-75.10192,5.51278],[-75.10192,5.51278],[-75.10192,5.51277],[-75.10192,5.51277],[-75.10192,5.51277],[-75.10192,5.51277],[-75.10194,5.51267],[-75.10194,5.51264],[-75.10194,5.51264],[-75.10194,5.51264],[-75.10194,5.51264],[-75.10194,5.51264],[-75.10194,5.51264],[-75.10194,5.51263],[-75.10194,5.51263],[-75.10194,5.51263],[-75.10194,5.51263],[-75.10194,5.51263],[-75.10194,5.51263],[-75.10194,5.51263],[-75.10194,5.51262],[-75.10194,5.51262],[-75.10194,5.51262],[-75.10194,5.51262],[-75.10194,5.51262],[-75.10194,5.51262],[-75.10193,5.51262],[-75.10193,5.51262],[-75.10193,5.51262],[-75.10193,5.51261],[-75.10193,5.51261],[-75.10193,5.51261],[-75.10193,5.51261],[-75.10193,5.51261],[-75.10192,5.51261],[-75.10192,5.51261],[-75.10192,5.51261],[-75.10192,5.51261],[-75.10192,5.51261],[-75.10186,5.51261],[-75.10186,5.51261],[-75.10186,5.51261],[-75.10186,5.51261],[-75.10178,5.51261],[-75.10178,5.51261],[-75.10178,5.51261],[-75.10177,5.51261],[-75.10176,5.51261],[-75.10174,5.51262],[-75.10172,5.5126],[-75.10171,5.5126],[-75.10171,5.5126],[-75.10171,5.5126],[-75.10171,5.5126],[-75.10171,5.5126],[-75.10171,5.5126],[-75.10171,5.5126],[-75.10171,5.51259],[-75.1017,5.51259],[-75.1017,5.51259],[-75.1017,5.51259],[-75.10169,5.51259],[-75.10163,5.51259],[-75.10159,5.51255],[-75.10158,5.51249],[-75.10159,5.51246],[-75.10161,5.51245],[-75.10161,5.51245],[-75.10161,5.51245],[-75.10161,5.51245],[-75.10161,5.51245],[-75.10169,5.51241],[-75.10169,5.51241],[-75.10169,5.51241],[-75.10169,5.51241],[-75.10169,5.51241],[-75.10169,5.51241],[-75.1017,5.51241],[-75.1017,5.51241],[-75.1017,5.51241],[-75.1017,5.51241],[-75.10172,5.51238],[-75.10172,5.51238],[-75.10172,5.51238],[-75.10172,5.51238],[-75.10172,5.51238],[-75.10172,5.51238],[-75.10172,5.51237],[-75.10172,5.51237],[-75.10172,5.51237],[-75.10172,5.51237],[-75.10172,5.51237],[-75.10173,5.5123],[-75.10173,5.5123],[-75.10173,5.51229],[-75.10173,5.51229],[-75.10173,5.51229],[-75.10173,5.51229],[-75.10173,5.51229],[-75.10173,5.51229],[-75.10173,5.51229],[-75.10173,5.51228],[-75.10173,5.51228],[-75.10173,5.51228],[-75.10173,5.51228],[-75.10173,5.51228],[-75.10173,5.51228],[-75.10173,5.51228],[-75.10173,5.51228],[-75.10173,5.51227],[-75.10172,5.51227],[-75.10172,5.51227],[-75.10172,5.51227],[-75.10172,5.51227],[-75.10172,5.51227],[-75.10172,5.51227],[-75.10172,5.51227],[-75.10169,5.51226],[-75.10164,5.51224],[-75.10158,5.51218],[-75.10158,5.51218],[-75.10158,5.51218],[-75.10158,5.51218],[-75.10158,5.51218],[-75.10158,5.51218],[-75.10158,5.51218],[-75.10157,5.51218],[-75.10157,5.51217],[-75.10157,5.51217],[-75.10157,5.51217],[-75.10148,5.51216],[-75.10148,5.51216],[-75.10148,5.51216],[-75.10147,5.51216],[-75.10147,5.51216],[-75.10147,5.51216],[-75.10147,5.51216],[-75.10147,5.51216],[-75.10147,5.51216],[-75.10146,5.51216],[-75.1014,5.51218],[-75.10136,5.51218],[-75.10136,5.51218],[-75.10136,5.51218],[-75.10136,5.51218],[-75.10136,5.51218],[-75.10136,5.51218],[-75.10136,5.51218],[-75.10121,5.5122],[-75.10108,5.51218],[-75.10103,5.51217],[-75.10103,5.51217],[-75.10103,5.51217],[-75.10102,5.51217],[-75.10102,5.51217],[-75.10102,5.51217],[-75.10102,5.51217],[-75.10102,5.51217],[-75.10101,5.51217],[-75.10101,5.51217],[-75.10101,5.51217],[-75.10101,5.51217],[-75.10101,5.51217],[-75.10101,5.51217],[-75.10101,5.51217],[-75.101,5.51217],[-75.101,5.51217],[-75.10097,5.5122],[-75.10097,5.5122],[-75.10097,5.5122],[-75.10097,5.5122],[-75.10097,5.51221],[-75.10096,5.51221],[-75.10096,5.51221],[-75.10096,5.51221],[-75.10096,5.51221],[-75.10096,5.51221],[-75.10094,5.51227],[-75.10091,5.51232],[-75.10091,5.51232],[-75.10091,5.51232],[-75.10091,5.51232],[-75.10091,5.51232],[-75.1009,5.51234],[-75.1009,5.51235],[-75.1009,5.51235],[-75.1009,5.51235],[-75.1009,5.51235],[-75.1009,5.51235],[-75.1009,5.51235],[-75.1009,5.51235],[-75.1009,5.51242],[-75.10089,5.51247],[-75.10084,5.51258],[-75.10068,5.51269],[-75.10068,5.51269],[-75.10068,5.5127],[-75.10068,5.5127],[-75.10068,5.5127],[-75.10068,5.5127],[-75.10059,5.51278],[-75.10053,5.51283],[-75.10047,5.51286],[-75.10042,5.5129],[-75.10035,5.51293],[-75.10035,5.51293],[-75.10034,5.51293],[-75.10034,5.51293],[-75.10025,5.51298],[-75.10025,5.51298],[-75.10025,5.51298],[-75.10025,5.51298],[-75.10016,5.51304],[-75.10016,5.51304],[-75.10016,5.51304],[-75.10016,5.51304],[-75.10015,5.51305],[-75.10015,5.51305],[-75.10015,5.51305],[-75.10015,5.51305],[-75.10015,5.51305],[-75.10015,5.51305],[-75.10015,5.51305],[-75.10015,5.51305],[-75.10015,5.51305],[-75.10014,5.51307],[-75.10014,5.51308],[-75.1001,5.51316],[-75.1001,5.51316],[-75.1001,5.51316],[-75.1001,5.51316],[-75.1001,5.51316],[-75.10009,5.5132],[-75.10009,5.5132],[-75.10009,5.5132],[-75.10008,5.5132],[-75.10007,5.5133],[-75.09997,5.51338],[-75.09992,5.51341],[-75.09992,5.51341],[-75.09992,5.51341],[-75.09992,5.51341],[-75.09992,5.51341],[-75.09981,5.51348],[-75.09975,5.51352],[-75.09975,5.51352],[-75.09975,5.51352],[-75.09975,5.51352],[-75.09974,5.51352],[-75.09974,5.51352],[-75.09974,5.51352],[-75.09974,5.51352],[-75.09974,5.51352],[-75.09974,5.51353],[-75.09974,5.51353],[-75.09974,5.51353],[-75.09974,5.51353],[-75.09973,5.51353],[-75.09973,5.51354],[-75.09973,5.51354],[-75.09973,5.51354],[-75.09973,5.51354],[-75.09973,5.51354],[-75.09973,5.51354],[-75.09974,5.51363],[-75.09974,5.51363],[-75.09974,5.51364],[-75.09974,5.51364],[-75.09974,5.51364],[-75.09974,5.51364],[-75.09974,5.51369],[-75.09974,5.51372],[-75.09974,5.51372],[-75.09974,5.51372],[-75.09974,5.51372],[-75.09974,5.51372],[-75.09974,5.51372],[-75.09974,5.51373],[-75.09974,5.51375],[-75.09975,5.51384],[-75.09972,5.51386],[-75.09968,5.51388],[-75.09966,5.51388],[-75.09966,5.51388],[-75.09966,5.51388],[-75.09966,5.51388],[-75.09966,5.51389],[-75.09966,5.51389],[-75.09966,5.51389],[-75.09961,5.5139],[-75.09961,5.5139],[-75.09961,5.5139],[-75.09961,5.5139],[-75.09961,5.5139],[-75.0996,5.5139],[-75.0996,5.5139],[-75.09956,5.51394],[-75.09953,5.51395],[-75.09948,5.51397],[-75.09942,5.51395],[-75.09939,5.51393],[-75.09938,5.51391],[-75.09938,5.51391],[-75.09938,5.51391],[-75.09939,5.51391],[-75.09939,5.51391],[-75.09939,5.51391],[-75.09939,5.51391],[-75.09939,5.51391],[-75.09939,5.5139],[-75.09939,5.5139],[-75.09939,5.5139],[-75.09939,5.5139],[-75.09939,5.5139],[-75.09939,5.5139],[-75.09939,5.5139],[-75.0994,5.5139],[-75.0994,5.51389],[-75.0994,5.51389],[-75.0994,5.51388],[-75.0994,5.51388],[-75.0994,5.51388],[-75.0994,5.51388],[-75.0994,5.51388],[-75.0994,5.51387],[-75.0994,5.51387],[-75.0994,5.51387],[-75.09938,5.51379],[-75.09938,5.51379],[-75.09938,5.51379],[-75.09938,5.51379],[-75.09938,5.51379],[-75.09938,5.51378],[-75.09938,5.51378],[-75.09938,5.51378],[-75.09937,5.51378],[-75.09937,5.51378],[-75.0993,5.51368],[-75.0993,5.51361],[-75.0993,5.51361],[-75.0993,5.51361],[-75.0993,5.51361],[-75.0993,5.51361],[-75.0993,5.51361],[-75.0993,5.51361],[-75.0993,5.5136],[-75.09929,5.5136],[-75.09929,5.5136],[-75.09929,5.5136],[-75.09929,5.5136],[-75.09929,5.5136],[-75.09926,5.51356],[-75.09928,5.51345],[-75.0993,5.51335],[-75.09934,5.51315],[-75.09934,5.51314],[-75.09934,5.51314],[-75.09934,5.51314],[-75.09934,5.51314],[-75.09934,5.51314],[-75.09934,5.51314],[-75.09934,5.51314],[-75.09934,5.51313],[-75.09934,5.51313],[-75.09931,5.51305],[-75.09956,5.51254],[-75.09956,5.51254],[-75.09956,5.51254],[-75.09956,5.51253],[-75.09956,5.51253],[-75.09956,5.51253],[-75.09956,5.51253],[-75.09956,5.51253],[-75.09956,5.51253],[-75.09956,5.51252],[-75.09956,5.51252],[-75.09956,5.51252],[-75.09956,5.51252],[-75.09956,5.51252],[-75.09956,5.51252],[-75.09956,5.51252],[-75.09956,5.51251],[-75.09956,5.51251],[-75.09956,5.51251],[-75.09956,5.51251],[-75.09956,5.51251],[-75.09956,5.51251],[-75.09956,5.51251],[-75.09956,5.51251],[-75.09955,5.51251],[-75.09955,5.51251],[-75.09955,5.5125],[-75.09955,5.5125],[-75.09955,5.5125],[-75.09955,5.5125],[-75.09955,5.5125],[-75.09955,5.5125],[-75.09954,5.5125],[-75.09954,5.5125],[-75.09949,5.51249],[-75.09949,5.51249],[-75.09949,5.51249],[-75.09948,5.51249],[-75.09948,5.51249],[-75.09948,5.51249],[-75.09948,5.51249],[-75.09948,5.51249],[-75.09948,5.51249],[-75.09943,5.5125],[-75.09936,5.51249],[-75.09936,5.51249],[-75.09936,5.51249],[-75.09936,5.51249],[-75.09936,5.51249],[-75.09935,5.51249],[-75.09935,5.51249],[-75.09935,5.51249],[-75.09935,5.51249],[-75.09935,5.51249],[-75.09935,5.5125],[-75.09935,5.5125],[-75.09934,5.5125],[-75.09929,5.51252],[-75.09929,5.51253],[-75.09929,5.51253],[-75.09929,5.51253],[-75.09929,5.51253],[-75.09929,5.51253],[-75.09929,5.51253],[-75.09929,5.51253],[-75.09929,5.51253],[-75.09928,5.51253],[-75.09928,5.51254],[-75.09928,5.51254],[-75.09923,5.51263],[-75.09923,5.51263],[-75.09923,5.51264],[-75.09923,5.51264],[-75.09923,5.51264],[-75.09918,5.51277],[-75.09918,5.51278],[-75.09905,5.51292],[-75.09895,5.51295],[-75.09894,5.51295],[-75.09894,5.51295],[-75.09894,5.51295],[-75.09894,5.51295],[-75.09894,5.51295],[-75.09894,5.51295],[-75.09894,5.51295],[-75.09894,5.51296],[-75.09893,5.51296],[-75.09893,5.51296],[-75.09893,5.51296],[-75.09893,5.51296],[-75.09893,5.51296],[-75.09893,5.51296],[-75.09893,5.51296],[-75.09893,5.51296],[-75.09893,5.51297],[-75.09893,5.51297],[-75.09893,5.51297],[-75.09893,5.51297],[-75.0989,5.51309],[-75.0989,5.51309],[-75.0989,5.5131],[-75.0989,5.5131],[-75.0989,5.5131],[-75.0989,5.5131],[-75.0989,5.5131],[-75.0989,5.5131],[-75.0989,5.51311],[-75.0989,5.51311],[-75.0989,5.51311],[-75.09895,5.51324],[-75.09891,5.51334],[-75.09888,5.5134],[-75.09885,5.51342],[-75.09884,5.51342],[-75.09884,5.51342],[-75.09884,5.51342],[-75.09884,5.51342],[-75.09884,5.51342],[-75.09884,5.51342],[-75.09884,5.51342],[-75.09883,5.51342],[-75.09883,5.51342],[-75.09883,5.51343],[-75.09877,5.51342],[-75.09876,5.51342],[-75.09876,5.51342],[-75.09876,5.51342],[-75.09863,5.51344],[-75.09857,5.51343],[-75.09857,5.51343],[-75.09857,5.51343],[-75.09857,5.51343],[-75.09857,5.51343],[-75.09857,5.51343],[-75.0985,5.51344],[-75.09849,5.51344],[-75.09849,5.51344],[-75.09849,5.51344],[-75.09849,5.51344],[-75.09849,5.51345],[-75.09849,5.51345],[-75.09848,5.51345],[-75.09848,5.51345],[-75.09836,5.51352],[-75.09836,5.51352],[-75.09836,5.51352],[-75.09836,5.51352],[-75.09836,5.51352],[-75.09836,5.51352],[-75.09836,5.51353],[-75.09836,5.51353],[-75.09836,5.51353],[-75.09835,5.51353],[-75.09828,5.51363],[-75.09828,5.51363],[-75.09828,5.51363],[-75.09828,5.51364],[-75.09828,5.51364],[-75.09828,5.51364],[-75.09828,5.51364],[-75.09828,5.51364],[-75.09828,5.51364],[-75.09827,5.5137],[-75.09827,5.5137],[-75.09827,5.5137],[-75.09827,5.5137],[-75.09827,5.5137],[-75.09827,5.51371],[-75.09827,5.51371],[-75.09827,5.51371],[-75.09827,5.51371],[-75.09827,5.51371],[-75.09827,5.51371],[-75.09827,5.51371],[-75.09827,5.51371],[-75.09827,5.51372],[-75.09827,5.51372],[-75.09827,5.51372],[-75.09827,5.51372],[-75.09833,5.5138],[-75.09833,5.5138],[-75.09833,5.5138],[-75.09833,5.5138],[-75.09833,5.5138],[-75.09834,5.5138],[-75.09834,5.5138],[-75.09834,5.5138],[-75.09834,5.5138],[-75.09834,5.5138],[-75.09838,5.51382],[-75.09838,5.51382],[-75.09838,5.51382],[-75.09838,5.51382],[-75.09838,5.51383],[-75.09839,5.51383],[-75.09839,5.51383],[-75.09839,5.51383],[-75.09843,5.51383],[-75.0984,5.51389],[-75.09836,5.51396],[-75.09836,5.51396],[-75.09835,5.51396],[-75.09835,5.51397],[-75.09835,5.51397],[-75.09835,5.51397],[-75.09835,5.51397],[-75.09835,5.51397],[-75.09835,5.51397],[-75.09835,5.51398],[-75.09835,5.51398],[-75.09835,5.51398],[-75.09835,5.51398],[-75.09835,5.51398],[-75.09838,5.51408],[-75.09838,5.51408],[-75.09838,5.51408],[-75.09838,5.51408],[-75.09838,5.51409],[-75.09838,5.51409],[-75.09838,5.51409],[-75.09838,5.51409],[-75.09838,5.51409],[-75.09838,5.51409],[-75.09838,5.51409],[-75.09839,5.51409],[-75.09842,5.51412],[-75.09854,5.51423],[-75.09855,5.51424],[-75.09856,5.51429],[-75.09856,5.51429],[-75.09856,5.51429],[-75.09856,5.51429],[-75.09856,5.51429],[-75.09856,5.51429],[-75.09859,5.51436],[-75.09848,5.51452],[-75.09848,5.51452],[-75.09848,5.51452],[-75.09848,5.51452],[-75.09848,5.51452],[-75.09848,5.51452],[-75.09848,5.51453],[-75.09848,5.51453],[-75.09848,5.51453],[-75.09848,5.51453],[-75.09848,5.51453],[-75.09848,5.51453],[-75.09848,5.51453],[-75.09848,5.51454],[-75.09848,5.51454],[-75.09848,5.51458],[-75.0985,5.51477],[-75.09849,5.51486],[-75.09846,5.51491],[-75.09844,5.51495],[-75.09839,5.51499],[-75.09834,5.515],[-75.09826,5.515],[-75.09826,5.515],[-75.09826,5.515],[-75.09826,5.515],[-75.09826,5.515],[-75.09826,5.515],[-75.09825,5.515],[-75.09825,5.515],[-75.09825,5.515],[-75.09825,5.515],[-75.09825,5.515],[-75.09825,5.515],[-75.09825,5.515],[-75.09825,5.515],[-75.09824,5.515],[-75.09824,5.51501],[-75.09824,5.51501],[-75.09813,5.51515],[-75.09813,5.51515],[-75.09813,5.51515],[-75.09813,5.51515],[-75.09812,5.51515],[-75.09812,5.51515],[-75.09812,5.51516],[-75.09812,5.51516],[-75.09812,5.51516],[-75.09812,5.51516],[-75.09812,5.51516],[-75.09812,5.51516],[-75.09812,5.51516],[-75.09812,5.51534],[-75.09809,5.51544],[-75.09809,5.51544],[-75.09809,5.51544],[-75.09808,5.51544],[-75.09808,5.51544],[-75.09808,5.51545],[-75.09808,5.51545],[-75.09808,5.51545],[-75.09808,5.51545],[-75.09808,5.51545],[-75.09809,5.51545],[-75.09809,5.51545],[-75.09813,5.51564],[-75.09813,5.51564],[-75.09813,5.51564],[-75.09816,5.51574],[-75.09813,5.5159],[-75.09813,5.51592],[-75.09813,5.51592],[-75.09813,5.51592],[-75.09813,5.51593],[-75.09813,5.51593],[-75.09812,5.51604],[-75.09811,5.51607],[-75.09802,5.5161],[-75.09775,5.51613],[-75.0977,5.51611],[-75.09764,5.51603],[-75.09762,5.516],[-75.09762,5.516],[-75.09762,5.516],[-75.09761,5.516],[-75.09761,5.51599],[-75.09761,5.51599],[-75.09761,5.51599],[-75.09758,5.51597],[-75.09758,5.51597],[-75.09758,5.51597],[-75.09758,5.51597],[-75.09748,5.51591],[-75.09748,5.5159],[-75.09744,5.51583],[-75.09738,5.51568],[-75.09738,5.51568],[-75.09738,5.51568],[-75.09738,5.51568],[-75.09738,5.51568],[-75.09738,5.51568],[-75.09738,5.51568],[-75.09738,5.51568],[-75.09738,5.51568],[-75.09737,5.51567],[-75.09737,5.51567],[-75.09737,5.51567],[-75.09737,5.51567],[-75.09737,5.51567],[-75.09737,5.51567],[-75.09737,5.51567],[-75.09736,5.51567],[-75.09736,5.51567],[-75.09721,5.51562],[-75.09721,5.51561],[-75.09721,5.51561],[-75.0972,5.51561],[-75.0972,5.51561],[-75.0972,5.51561],[-75.0972,5.51561],[-75.0972,5.51561],[-75.0972,5.51561],[-75.09719,5.51561],[-75.09719,5.51561],[-75.09719,5.51561],[-75.09715,5.51563],[-75.09715,5.51563],[-75.09715,5.51563],[-75.09715,5.51563],[-75.09715,5.51563],[-75.09715,5.51563],[-75.09715,5.51563],[-75.09706,5.51567],[-75.09706,5.51567],[-75.09706,5.51567],[-75.09706,5.51567],[-75.09705,5.51568],[-75.09705,5.51568],[-75.09705,5.51568],[-75.09705,5.51568],[-75.09705,5.51568],[-75.09705,5.51568],[-75.09705,5.51568],[-75.09705,5.51568],[-75.09695,5.51583],[-75.09695,5.51583],[-75.09695,5.51583],[-75.09695,5.51584],[-75.09695,5.51584],[-75.09692,5.5159],[-75.09688,5.51601],[-75.09686,5.51604],[-75.0968,5.51607],[-75.0968,5.51607],[-75.0968,5.51607],[-75.0968,5.51607],[-75.0968,5.51607],[-75.09679,5.51607],[-75.09679,5.51607],[-75.09679,5.51607],[-75.09679,5.51608],[-75.09679,5.51608],[-75.09679,5.51608],[-75.09679,5.51608],[-75.09679,5.51608],[-75.09679,5.51608],[-75.09675,5.51618],[-75.09673,5.5162],[-75.09673,5.5162],[-75.09673,5.5162],[-75.09673,5.5162],[-75.09673,5.5162],[-75.09673,5.5162],[-75.09673,5.5162],[-75.09673,5.5162],[-75.09673,5.51621],[-75.09672,5.51621],[-75.09672,5.51621],[-75.09672,5.51621],[-75.09672,5.51621],[-75.09672,5.51621],[-75.09672,5.51625],[-75.09672,5.51625],[-75.09672,5.51625],[-75.09672,5.51625],[-75.09672,5.51625],[-75.09672,5.51635],[-75.09663,5.51643],[-75.09663,5.51643],[-75.09663,5.51643],[-75.09663,5.51643],[-75.09663,5.51643],[-75.09663,5.51643],[-75.09663,5.51643],[-75.09663,5.51643],[-75.09662,5.51643],[-75.09662,5.51643],[-75.09655,5.51661],[-75.09655,5.51662],[-75.09655,5.51662],[-75.09655,5.51662],[-75.09655,5.51662],[-75.09655,5.51662],[-75.09655,5.51662],[-75.09654,5.51662],[-75.09654,5.51664],[-75.09651,5.51668],[-75.09651,5.51668],[-75.09651,5.51668],[-75.09651,5.51668],[-75.09651,5.51668],[-75.09651,5.51668],[-75.09651,5.51668],[-75.09651,5.51669],[-75.0965,5.51669],[-75.0965,5.51669],[-75.09649,5.51678],[-75.09648,5.51678],[-75.09648,5.51678],[-75.09648,5.51678],[-75.09648,5.51679],[-75.09648,5.51679],[-75.09648,5.51679],[-75.09649,5.51688],[-75.09646,5.51688],[-75.09646,5.51688],[-75.09646,5.51688],[-75.09646,5.51688],[-75.09646,5.51688],[-75.09646,5.51688],[-75.09645,5.51688],[-75.09645,5.51688],[-75.09645,5.51689],[-75.09645,5.51689],[-75.09645,5.51689],[-75.09644,5.51689],[-75.09644,5.51689],[-75.09644,5.51689],[-75.09644,5.51689],[-75.09644,5.5169],[-75.09644,5.5169],[-75.09644,5.5169],[-75.09644,5.5169],[-75.09644,5.5169],[-75.09644,5.5169],[-75.09644,5.51691],[-75.09644,5.51691],[-75.09644,5.51691],[-75.09644,5.51691],[-75.09644,5.51715],[-75.09643,5.51722],[-75.0964,5.51724],[-75.09635,5.51728],[-75.09635,5.51728],[-75.09635,5.51728],[-75.09635,5.51728],[-75.09635,5.51728],[-75.09634,5.51729],[-75.09634,5.51729],[-75.09634,5.51729],[-75.09634,5.51729],[-75.09634,5.51729],[-75.09633,5.51732],[-75.09633,5.51733],[-75.09633,5.51733],[-75.09633,5.51733],[-75.09633,5.51733],[-75.09633,5.51733],[-75.09633,5.51733],[-75.09633,5.51763],[-75.09632,5.51774],[-75.09628,5.51781],[-75.0962,5.51789],[-75.0962,5.51789],[-75.0962,5.51789],[-75.0962,5.51789],[-75.0962,5.51789],[-75.0962,5.51789],[-75.0962,5.51789],[-75.0962,5.51789],[-75.0962,5.5179],[-75.0962,5.5179],[-75.0962,5.5179],[-75.0962,5.5179],[-75.09617,5.51802],[-75.09615,5.51808],[-75.09612,5.51815],[-75.09612,5.51816],[-75.09612,5.51816],[-75.09612,5.51816],[-75.09611,5.51816],[-75.09611,5.51816],[-75.09611,5.51816],[-75.09611,5.51816],[-75.09611,5.51816],[-75.09611,5.51816],[-75.09611,5.51816],[-75.09603,5.51827],[-75.09603,5.51827],[-75.09603,5.51828],[-75.09603,5.51828],[-75.09603,5.51828],[-75.09603,5.51828],[-75.09596,5.51848],[-75.09579,5.51868],[-75.0957,5.51878],[-75.0957,5.51878],[-75.0957,5.51878],[-75.0957,5.51878],[-75.0957,5.51878],[-75.0957,5.51878],[-75.09569,5.51879],[-75.09569,5.51879],[-75.09569,5.51879],[-75.09569,5.51879],[-75.09569,5.51879],[-75.09569,5.51879],[-75.09569,5.51879],[-75.09569,5.5188],[-75.09569,5.5188],[-75.09569,5.51896],[-75.09567,5.51898],[-75.09566,5.51898],[-75.09566,5.51898],[-75.09566,5.51898],[-75.09566,5.51898],[-75.09566,5.51899],[-75.09566,5.51899],[-75.09566,5.51899],[-75.09566,5.51899],[-75.09566,5.51899],[-75.09565,5.51899],[-75.09565,5.519],[-75.09565,5.519],[-75.09565,5.519],[-75.09565,5.519],[-75.09565,5.519],[-75.09565,5.519],[-75.09565,5.51902],[-75.09565,5.51902],[-75.09565,5.51902],[-75.09565,5.51902],[-75.09565,5.51902],[-75.09565,5.51902],[-75.09565,5.51902],[-75.09565,5.51902],[-75.09565,5.51902],[-75.09564,5.51902],[-75.09564,5.51902],[-75.09564,5.51902],[-75.09564,5.51902],[-75.09564,5.51902],[-75.09564,5.51902],[-75.09563,5.51902],[-75.09563,5.51902],[-75.09563,5.51902],[-75.09563,5.51902],[-75.09563,5.51903],[-75.09563,5.51903],[-75.09563,5.51903],[-75.09563,5.51903],[-75.09563,5.51903],[-75.09563,5.51903],[-75.09563,5.51903],[-75.09562,5.51903],[-75.09562,5.51903],[-75.09562,5.51904],[-75.09557,5.5192],[-75.09546,5.51923],[-75.09545,5.51923],[-75.09545,5.51923],[-75.09545,5.51923],[-75.09545,5.51923],[-75.09545,5.51923],[-75.09545,5.51923],[-75.09544,5.51923],[-75.09544,5.51923],[-75.09539,5.51929],[-75.09538,5.51929],[-75.09538,5.51929],[-75.09538,5.51929],[-75.09538,5.51929],[-75.09538,5.51929],[-75.09538,5.5193],[-75.09529,5.51946],[-75.09525,5.51952],[-75.09522,5.51955],[-75.09522,5.51955],[-75.09522,5.51955],[-75.09521,5.51955],[-75.09521,5.51955],[-75.09521,5.51955],[-75.09521,5.51955],[-75.09515,5.51965],[-75.09509,5.51962],[-75.09509,5.51962],[-75.09509,5.51962],[-75.09509,5.51962],[-75.09509,5.51962],[-75.09508,5.51962],[-75.09508,5.51962],[-75.09508,5.51962],[-75.09508,5.51962],[-75.09508,5.51962],[-75.09507,5.51962],[-75.09507,5.51962],[-75.09507,5.51962],[-75.09507,5.51962],[-75.09507,5.51962],[-75.09507,5.51962],[-75.09506,5.51963],[-75.09506,5.51963],[-75.09506,5.51963],[-75.09506,5.51963],[-75.09505,5.51964],[-75.09502,5.51961],[-75.09496,5.51946],[-75.09491,5.51934],[-75.09491,5.51934],[-75.09491,5.51934],[-75.09491,5.51934],[-75.09491,5.51934],[-75.09491,5.51934],[-75.09491,5.51934],[-75.09491,5.51933],[-75.09491,5.51933],[-75.09485,5.51926],[-75.09485,5.51926],[-75.09485,5.51926],[-75.09484,5.51926],[-75.09484,5.51926],[-75.09484,5.51926],[-75.09484,5.51926],[-75.09484,5.51926],[-75.09484,5.51926],[-75.09484,5.51926],[-75.09483,5.51926],[-75.09483,5.51926],[-75.09483,5.51925],[-75.09483,5.51925],[-75.09483,5.51925],[-75.09483,5.51925],[-75.09483,5.51925],[-75.09482,5.51925],[-75.09482,5.51925],[-75.09482,5.51926],[-75.09482,5.51926],[-75.09482,5.51926],[-75.09482,5.51926],[-75.09482,5.51926],[-75.09481,5.51926],[-75.09481,5.51926],[-75.09481,5.51926],[-75.09481,5.51926],[-75.09473,5.51932],[-75.09473,5.51932],[-75.09473,5.51932],[-75.09473,5.51933],[-75.09473,5.51933],[-75.09473,5.51933],[-75.09473,5.51933],[-75.09461,5.51951],[-75.09461,5.51951],[-75.09461,5.51951],[-75.09461,5.51952],[-75.09461,5.51952],[-75.09455,5.51964],[-75.09449,5.51965],[-75.09449,5.51965],[-75.09449,5.51966],[-75.09449,5.51966],[-75.09449,5.51966],[-75.09449,5.51966],[-75.09448,5.51966],[-75.09448,5.51966],[-75.09448,5.51966],[-75.09448,5.51966],[-75.09448,5.51966],[-75.09448,5.51966],[-75.09448,5.51966],[-75.09448,5.51967],[-75.09442,5.51975],[-75.09442,5.51976],[-75.09428,5.51975],[-75.09426,5.51975],[-75.09425,5.51975],[-75.09425,5.51975],[-75.09425,5.51975],[-75.09425,5.51975],[-75.09425,5.51975],[-75.09425,5.51975],[-75.09425,5.51975],[-75.09425,5.51975],[-75.09425,5.51975],[-75.09414,5.51979],[-75.09402,5.51976],[-75.09402,5.51976],[-75.09402,5.51976],[-75.09402,5.51976],[-75.09401,5.51976],[-75.09401,5.51976],[-75.09401,5.51976],[-75.09385,5.51977],[-75.09385,5.51977],[-75.09385,5.51977],[-75.09385,5.51977],[-75.09385,5.51977],[-75.09385,5.51977],[-75.09385,5.51977],[-75.09381,5.51978],[-75.09375,5.5198],[-75.09375,5.5198],[-75.09375,5.5198],[-75.09375,5.5198],[-75.09374,5.5198],[-75.09374,5.5198],[-75.09367,5.51983],[-75.09367,5.51983],[-75.09367,5.51983],[-75.09367,5.51983],[-75.09364,5.51984],[-75.09364,5.51985],[-75.09364,5.51985],[-75.09364,5.51985],[-75.09364,5.51985],[-75.09364,5.51985],[-75.09364,5.51985],[-75.09363,5.51985],[-75.09363,5.51985],[-75.09357,5.51993],[-75.09357,5.51993],[-75.09357,5.51993],[-75.09357,5.51993],[-75.09357,5.51993],[-75.09357,5.51993],[-75.09357,5.51994],[-75.09357,5.51994],[-75.09357,5.51994],[-75.09355,5.52],[-75.0934,5.5202],[-75.0934,5.5202],[-75.0934,5.5202],[-75.0934,5.52021],[-75.0934,5.52021],[-75.0934,5.52021],[-75.0934,5.52021],[-75.09338,5.52027],[-75.09328,5.52032],[-75.09328,5.52033],[-75.09327,5.52033],[-75.09327,5.52033],[-75.09327,5.52033],[-75.09327,5.52033],[-75.09327,5.52033],[-75.09327,5.52033],[-75.09327,5.52033],[-75.09327,5.52033],[-75.09316,5.52051],[-75.09316,5.52051],[-75.09316,5.52051],[-75.09316,5.52051],[-75.09316,5.52051],[-75.09316,5.52051],[-75.09316,5.52052],[-75.09316,5.52052],[-75.09316,5.52052],[-75.09316,5.52052],[-75.09316,5.52052],[-75.09316,5.52052],[-75.09316,5.52052],[-75.09316,5.52053],[-75.09316,5.52053],[-75.09316,5.52053],[-75.09316,5.52053],[-75.09316,5.52053],[-75.09316,5.52053],[-75.09316,5.52054],[-75.09322,5.52066],[-75.09323,5.52075],[-75.09322,5.52077],[-75.09319,5.52083],[-75.09319,5.52083],[-75.09319,5.52083],[-75.09319,5.52083],[-75.09319,5.52083],[-75.09319,5.52083],[-75.09319,5.52083],[-75.09315,5.52098],[-75.09315,5.52098],[-75.09315,5.52099],[-75.09314,5.52099],[-75.09314,5.52099],[-75.09314,5.52099],[-75.09314,5.52099],[-75.09314,5.52099],[-75.09314,5.52099],[-75.09314,5.52099],[-75.09314,5.521],[-75.09314,5.521],[-75.09314,5.521],[-75.09314,5.521],[-75.09314,5.521],[-75.09314,5.521],[-75.09313,5.52109],[-75.09313,5.5211],[-75.09313,5.5211],[-75.09313,5.5211],[-75.09313,5.5211],[-75.09313,5.5211],[-75.09314,5.5211],[-75.09314,5.52111],[-75.09314,5.52111],[-75.09314,5.52111],[-75.09314,5.52111],[-75.09314,5.52111],[-75.09314,5.52112],[-75.09314,5.52112],[-75.09314,5.52112],[-75.09314,5.52112],[-75.09318,5.52114],[-75.09318,5.52116],[-75.09318,5.52117],[-75.09304,5.5212],[-75.09303,5.52119],[-75.09303,5.52119],[-75.09303,5.52119],[-75.09303,5.52119],[-75.09302,5.52119],[-75.09302,5.52119],[-75.09302,5.52119],[-75.09302,5.52119],[-75.09302,5.52119],[-75.0929,5.52122],[-75.0929,5.52122],[-75.0928,5.52124],[-75.09255,5.52127],[-75.09245,5.52128],[-75.09245,5.52128],[-75.09245,5.52128],[-75.09245,5.52128],[-75.09245,5.52128],[-75.09244,5.52128],[-75.09244,5.52129],[-75.09244,5.52129],[-75.09244,5.52129],[-75.09244,5.52129],[-75.09244,5.52129],[-75.09244,5.52129],[-75.09244,5.52129],[-75.09243,5.52129],[-75.09243,5.52129],[-75.09243,5.52129],[-75.09243,5.52129],[-75.09241,5.52133],[-75.09238,5.52136],[-75.09228,5.52143],[-75.09228,5.52143],[-75.09228,5.52144],[-75.09228,5.52144],[-75.09228,5.52144],[-75.09228,5.52144],[-75.09221,5.52152],[-75.09221,5.52152],[-75.09221,5.52152],[-75.09221,5.52152],[-75.09221,5.52152],[-75.09221,5.52153],[-75.09221,5.52153],[-75.09221,5.52153],[-75.09221,5.52153],[-75.09221,5.52153],[-75.09221,5.52153],[-75.09221,5.52153],[-75.09219,5.52162],[-75.09219,5.52162],[-75.09219,5.52163],[-75.09219,5.52163],[-75.09219,5.52163],[-75.0922,5.52172],[-75.0922,5.52172],[-75.0922,5.52172],[-75.0922,5.52172],[-75.0922,5.52172],[-75.0922,5.52172],[-75.0922,5.52173],[-75.09223,5.52182],[-75.09224,5.52188],[-75.09218,5.52197],[-75.09218,5.52198],[-75.09218,5.52198],[-75.09218,5.52198],[-75.09159,5.52197],[-75.09203,5.52131],[-75.0922,5.5212],[-75.09261,5.52065],[-75.09263,5.52062],[-75.09284,5.52034],[-75.0929,5.52031],[-75.09312,5.5202],[-75.09331,5.51841],[-75.09322,5.51771],[-75.09316,5.51748],[-75.09258,5.51532],[-75.09271,5.5147],[-75.09236,5.51457],[-75.09177,5.5146],[-75.09088,5.51431],[-75.08828,5.51627],[-75.08622,5.51974],[-75.08578,5.52003],[-75.08484,5.52189],[-75.0843,5.52228],[-75.08376,5.52289],[-75.08307,5.52337],[-75.08285,5.52378],[-75.08263,5.52401],[-75.0818,5.52453],[-75.08154,5.52482],[-75.08154,5.52491],[-75.08135,5.525],[-75.08099,5.52518],[-75.08063,5.52536],[-75.08045,5.52545],[-75.08027,5.52563],[-75.08009,5.52572],[-75.07991,5.52581],[-75.07838,5.52735],[-75.07829,5.52735],[-75.07829,5.52699],[-75.0782,5.52663],[-75.07811,5.52609],[-75.07748,5.52609],[-75.07685,5.52618],[-75.07639,5.52627],[-75.07594,5.52618],[-75.07336,5.52562],[-75.07332,5.52555],[-75.07323,5.52555],[-75.07305,5.52555],[-75.07287,5.52546],[-75.07251,5.52537],[-75.07215,5.52528],[-75.07143,5.5252],[-75.07071,5.52529],[-75.07053,5.52538],[-75.07035,5.52538],[-75.07035,5.52529],[-75.07026,5.5252],[-75.07017,5.52466],[-75.07008,5.52466],[-75.06962,5.52511],[-75.06899,5.5252],[-75.06836,5.52529],[-75.06818,5.52538],[-75.068,5.52547],[-75.06791,5.52556],[-75.06782,5.52556],[-75.06782,5.52538],[-75.06764,5.52502],[-75.06755,5.52484],[-75.06746,5.52484],[-75.06433,5.52411],[-75.06084,5.52329],[-75.05873,5.5228],[-75.05825,5.52269],[-75.05825,5.52287],[-75.05816,5.52305],[-75.0578,5.52341],[-75.05771,5.52341],[-75.05762,5.52341],[-75.05754,5.52333],[-75.05754,5.52332],[-75.05754,5.52332],[-75.05754,5.52332],[-75.05754,5.52332],[-75.05754,5.52331],[-75.05754,5.52331],[-75.05754,5.52331],[-75.05754,5.52331],[-75.05753,5.52331],[-75.05753,5.52331],[-75.05753,5.5233],[-75.05753,5.5233],[-75.05753,5.5233],[-75.05753,5.5233],[-75.05753,5.5233],[-75.05753,5.5233],[-75.05753,5.5233],[-75.05752,5.5233],[-75.05752,5.5233],[-75.05752,5.5233],[-75.0575,5.52329],[-75.05749,5.52328],[-75.05749,5.52328],[-75.05749,5.52328],[-75.05748,5.52328],[-75.05748,5.52328],[-75.05748,5.52328],[-75.05748,5.52328],[-75.05748,5.52328],[-75.05748,5.52328],[-75.05748,5.52328],[-75.05748,5.52328],[-75.05748,5.52328],[-75.05747,5.52328],[-75.05747,5.52328],[-75.05747,5.52328],[-75.05747,5.52328],[-75.05747,5.52328],[-75.05746,5.52328],[-75.05746,5.52328],[-75.05746,5.52329],[-75.05745,5.52329],[-75.05745,5.52329],[-75.05745,5.5233],[-75.05745,5.5233],[-75.05745,5.5233],[-75.05745,5.5233],[-75.05708,5.52323],[-75.05663,5.52314],[-75.05645,5.52305],[-75.05591,5.52287],[-75.0559,5.52242],[-75.05599,5.52197],[-75.05608,5.52142],[-75.05612,5.52119],[-75.05612,5.52119],[-75.05613,5.52119],[-75.05613,5.52119],[-75.05613,5.52119],[-75.05617,5.52117],[-75.05624,5.52114],[-75.05632,5.52113],[-75.05643,5.52116],[-75.05644,5.52117],[-75.05641,5.52119],[-75.05641,5.52119],[-75.05641,5.52119],[-75.05641,5.52119],[-75.05641,5.5212],[-75.05641,5.5212],[-75.05641,5.5212],[-75.0564,5.5212],[-75.0564,5.5212],[-75.0564,5.5212],[-75.0564,5.5212],[-75.0564,5.5212],[-75.0564,5.52121],[-75.0564,5.52121],[-75.0564,5.52121],[-75.0564,5.52121],[-75.05638,5.52131],[-75.05638,5.52131],[-75.05638,5.52131],[-75.05638,5.52132],[-75.05638,5.52132],[-75.05638,5.52132],[-75.05638,5.52132],[-75.05638,5.52132],[-75.05638,5.52132],[-75.05638,5.52132],[-75.0564,5.52144],[-75.0564,5.52144],[-75.0564,5.52144],[-75.0564,5.52144],[-75.0564,5.52144],[-75.0564,5.52144],[-75.0564,5.52144],[-75.0564,5.52145],[-75.0564,5.52145],[-75.0564,5.52145],[-75.0564,5.52145],[-75.0564,5.52145],[-75.05641,5.52145],[-75.05641,5.52145],[-75.05641,5.52145],[-75.05641,5.52145],[-75.05645,5.52148],[-75.05645,5.52148],[-75.05645,5.52148],[-75.05646,5.52148],[-75.05646,5.52149],[-75.05646,5.52149],[-75.05651,5.52151],[-75.05657,5.52154],[-75.05657,5.52154],[-75.05657,5.52154],[-75.05657,5.52154],[-75.05658,5.52154],[-75.05658,5.52154],[-75.05658,5.52154],[-75.05658,5.52154],[-75.05658,5.52154],[-75.05658,5.52154],[-75.05659,5.52154],[-75.05659,5.52154],[-75.05659,5.52154],[-75.05659,5.52154],[-75.05659,5.52154],[-75.05659,5.52154],[-75.05659,5.52154],[-75.05669,5.5215],[-75.05679,5.52152],[-75.05679,5.52152],[-75.05679,5.52152],[-75.0568,5.52152],[-75.0568,5.52152],[-75.0568,5.52152],[-75.0568,5.52152],[-75.0568,5.52152],[-75.0568,5.52152],[-75.05681,5.52152],[-75.05681,5.52152],[-75.05681,5.52152],[-75.05681,5.52152],[-75.05681,5.52152],[-75.05681,5.52152],[-75.05682,5.52151],[-75.05682,5.52151],[-75.0569,5.52143],[-75.05693,5.52143],[-75.05699,5.52142],[-75.05701,5.52144],[-75.05701,5.52144],[-75.05701,5.52145],[-75.05701,5.52145],[-75.05701,5.52145],[-75.05701,5.52145],[-75.05701,5.52145],[-75.05701,5.52145],[-75.05701,5.52145],[-75.05705,5.52148],[-75.05702,5.52156],[-75.05702,5.52156],[-75.05699,5.52165],[-75.05698,5.52165],[-75.05698,5.52165],[-75.05698,5.52165],[-75.05698,5.52165],[-75.05698,5.52165],[-75.05698,5.52165],[-75.05698,5.52166],[-75.05698,5.52166],[-75.05698,5.52166],[-75.057,5.52179],[-75.057,5.52179],[-75.057,5.52179],[-75.057,5.52179],[-75.05701,5.5218],[-75.05701,5.5218],[-75.05701,5.5218],[-75.05701,5.5218],[-75.05701,5.5218],[-75.05701,5.5218],[-75.05701,5.5218],[-75.05706,5.52187],[-75.05706,5.52187],[-75.05706,5.52187],[-75.05706,5.52187],[-75.05706,5.52187],[-75.05706,5.52187],[-75.05706,5.52187],[-75.05707,5.52187],[-75.05707,5.52188],[-75.05707,5.52188],[-75.05714,5.52191],[-75.05724,5.52197],[-75.05725,5.52197],[-75.05725,5.52197],[-75.05725,5.52197],[-75.05725,5.52198],[-75.05725,5.52198],[-75.05725,5.52198],[-75.05725,5.52198],[-75.05726,5.52198],[-75.05726,5.52198],[-75.05726,5.52198],[-75.05726,5.52198],[-75.05726,5.52198],[-75.05726,5.52198],[-75.05726,5.52198],[-75.05727,5.52198],[-75.05733,5.52196],[-75.05733,5.52196],[-75.05733,5.52196],[-75.05733,5.52195],[-75.05733,5.52195],[-75.05733,5.52195],[-75.05733,5.52195],[-75.05734,5.52195],[-75.05734,5.52195],[-75.05734,5.52195],[-75.05734,5.52195],[-75.05734,5.52194],[-75.05734,5.52194],[-75.05734,5.52194],[-75.05735,5.52194],[-75.05735,5.52194],[-75.05735,5.52194],[-75.05735,5.52193],[-75.05735,5.52193],[-75.05735,5.52193],[-75.05735,5.52193],[-75.05735,5.52193],[-75.05735,5.52193],[-75.05735,5.52188],[-75.05737,5.5217],[-75.05739,5.52163],[-75.05741,5.5216],[-75.05742,5.5216],[-75.05742,5.5216],[-75.05742,5.5216],[-75.05742,5.5216],[-75.05742,5.5216],[-75.05745,5.52153],[-75.05748,5.52152],[-75.05748,5.52152],[-75.05748,5.52152],[-75.05748,5.52152],[-75.05748,5.52152],[-75.05748,5.52152],[-75.05749,5.52152],[-75.05749,5.52152],[-75.05749,5.52152],[-75.05749,5.52152],[-75.05749,5.52152],[-75.05749,5.52151],[-75.0575,5.52151],[-75.0575,5.52151],[-75.0575,5.52151],[-75.0575,5.52151],[-75.0575,5.52151],[-75.0575,5.52151],[-75.0575,5.52151],[-75.0575,5.5215],[-75.0575,5.5215],[-75.05751,5.52147],[-75.05758,5.52141],[-75.05766,5.52137],[-75.0578,5.52146],[-75.0578,5.52146],[-75.0578,5.52146],[-75.05781,5.52146],[-75.05781,5.52146],[-75.05781,5.52146],[-75.05781,5.52146],[-75.05791,5.52148],[-75.05791,5.52148],[-75.05791,5.52148],[-75.05791,5.52148],[-75.05791,5.52148],[-75.05791,5.52148],[-75.05791,5.52148],[-75.05792,5.52148],[-75.05792,5.52148],[-75.05792,5.52148],[-75.05792,5.52148],[-75.05792,5.52148],[-75.05792,5.52148],[-75.05792,5.52148],[-75.05793,5.52148],[-75.05793,5.52148],[-75.05793,5.52148],[-75.05793,5.52148],[-75.05793,5.52148],[-75.05793,5.52148],[-75.05793,5.52147],[-75.05793,5.52147],[-75.05793,5.52147],[-75.05794,5.52147],[-75.05794,5.52147],[-75.05794,5.52147],[-75.05795,5.52143],[-75.05801,5.52143],[-75.05801,5.52143],[-75.05802,5.52143],[-75.05803,5.52143],[-75.05803,5.52143],[-75.05803,5.52143],[-75.05803,5.52143],[-75.05803,5.52143],[-75.05803,5.52143],[-75.05807,5.52142],[-75.05807,5.52142],[-75.05807,5.52142],[-75.05807,5.52142],[-75.05807,5.52142],[-75.05807,5.52142],[-75.05807,5.52141],[-75.05807,5.52141],[-75.05807,5.52141],[-75.05808,5.52141],[-75.05808,5.52141],[-75.05808,5.52141],[-75.05808,5.52141],[-75.05808,5.52141],[-75.05808,5.5214],[-75.05808,5.5214],[-75.05808,5.5214],[-75.05808,5.5214],[-75.05808,5.5214],[-75.05808,5.5214],[-75.05808,5.52139],[-75.05808,5.52139],[-75.05808,5.52139],[-75.05808,5.52129],[-75.05811,5.52122],[-75.05815,5.52115],[-75.05823,5.52108],[-75.05829,5.52103],[-75.05829,5.52103],[-75.05829,5.52103],[-75.05829,5.52102],[-75.05829,5.52102],[-75.05829,5.52102],[-75.05829,5.52102],[-75.05838,5.52087],[-75.05839,5.52087],[-75.05839,5.52087],[-75.05839,5.52087],[-75.05839,5.52087],[-75.05839,5.52087],[-75.05839,5.52087],[-75.05841,5.52077],[-75.0585,5.52068],[-75.05852,5.52067],[-75.05853,5.52067],[-75.05857,5.52075],[-75.0586,5.52086],[-75.05859,5.52094],[-75.05854,5.52102],[-75.05854,5.52102],[-75.05854,5.52102],[-75.05854,5.52102],[-75.05854,5.52102],[-75.05854,5.52103],[-75.05854,5.52103],[-75.05854,5.52103],[-75.05854,5.52103],[-75.05854,5.52104],[-75.05854,5.52104],[-75.05854,5.52104],[-75.05854,5.52104],[-75.05854,5.52104],[-75.05859,5.52115],[-75.05859,5.52115],[-75.05859,5.52115],[-75.05859,5.52115],[-75.05859,5.52116],[-75.05859,5.52116],[-75.05859,5.52116],[-75.05859,5.52116],[-75.05859,5.52116],[-75.05859,5.52116],[-75.0586,5.52116],[-75.0586,5.52116],[-75.0586,5.52116],[-75.0586,5.52117],[-75.0586,5.52117],[-75.0586,5.52117],[-75.0586,5.52117],[-75.0586,5.52117],[-75.05861,5.52117],[-75.05867,5.52118],[-75.05875,5.52122],[-75.05884,5.52133],[-75.05886,5.52141],[-75.05886,5.52141],[-75.05886,5.52141],[-75.05887,5.52142],[-75.05887,5.52142],[-75.05887,5.52142],[-75.05887,5.52142],[-75.05887,5.52142],[-75.05887,5.52142],[-75.05887,5.52142],[-75.05887,5.52143],[-75.05887,5.52143],[-75.05888,5.52143],[-75.05888,5.52143],[-75.05888,5.52143],[-75.05888,5.52143],[-75.05888,5.52143],[-75.05888,5.52143],[-75.05888,5.52143],[-75.05889,5.52143],[-75.05889,5.52143],[-75.05889,5.52143],[-75.05889,5.52143],[-75.05889,5.52143],[-75.05889,5.52143],[-75.05889,5.52143],[-75.0589,5.52143],[-75.0589,5.52143],[-75.0589,5.52143],[-75.05897,5.52141],[-75.05905,5.52148],[-75.05905,5.52148],[-75.05905,5.52149],[-75.05905,5.52149],[-75.05905,5.52149],[-75.05905,5.52149],[-75.05905,5.52149],[-75.05906,5.52149],[-75.05906,5.52149],[-75.05906,5.52149],[-75.05906,5.52149],[-75.05906,5.52149],[-75.05906,5.52149],[-75.05906,5.52149],[-75.05906,5.52149],[-75.05916,5.5215],[-75.05924,5.52154],[-75.05924,5.52154],[-75.05924,5.52154],[-75.05924,5.52154],[-75.05924,5.52154],[-75.05925,5.52154],[-75.05925,5.52154],[-75.05925,5.52154],[-75.05925,5.52154],[-75.05925,5.52154],[-75.05925,5.52154],[-75.05926,5.52154],[-75.05926,5.52154],[-75.05926,5.52154],[-75.05926,5.52154],[-75.05933,5.52152],[-75.05946,5.52158],[-75.05955,5.5217],[-75.05955,5.5217],[-75.05955,5.5217],[-75.05955,5.5217],[-75.05956,5.52171],[-75.05956,5.52171],[-75.05956,5.52171],[-75.05956,5.52171],[-75.05964,5.52175],[-75.05964,5.52175],[-75.05964,5.52175],[-75.05964,5.52175],[-75.05964,5.52175],[-75.05964,5.52175],[-75.05964,5.52175],[-75.05964,5.52175],[-75.0597,5.52176],[-75.05977,5.52181],[-75.05977,5.52181],[-75.05977,5.52181],[-75.05977,5.52181],[-75.05977,5.52181],[-75.05977,5.52181],[-75.05977,5.52181],[-75.05978,5.52181],[-75.05978,5.52181],[-75.05978,5.52182],[-75.05978,5.52182],[-75.05978,5.52182],[-75.05978,5.52182],[-75.05979,5.52182],[-75.05979,5.52182],[-75.05979,5.52182],[-75.05979,5.52182],[-75.05987,5.5218],[-75.05997,5.52183],[-75.05997,5.52183],[-75.05998,5.52183],[-75.05998,5.52183],[-75.05998,5.52183],[-75.06009,5.52185],[-75.06021,5.52189],[-75.06022,5.52189],[-75.06022,5.52189],[-75.06022,5.52189],[-75.06022,5.52189],[-75.06022,5.52189],[-75.06022,5.52189],[-75.06033,5.5219],[-75.06033,5.5219],[-75.06033,5.5219],[-75.06033,5.5219],[-75.06034,5.5219],[-75.06034,5.5219],[-75.06034,5.5219],[-75.06046,5.52187],[-75.06058,5.52193],[-75.0606,5.52202],[-75.0606,5.52202],[-75.0606,5.52202],[-75.0606,5.52202],[-75.06063,5.5221],[-75.06064,5.52217],[-75.06064,5.52217],[-75.06064,5.52217],[-75.06064,5.52218],[-75.06064,5.52218],[-75.06064,5.52218],[-75.06064,5.52218],[-75.06064,5.52218],[-75.06064,5.52218],[-75.06064,5.52218],[-75.06064,5.52218],[-75.06064,5.52218],[-75.06064,5.52219],[-75.06064,5.52219],[-75.06065,5.52219],[-75.06065,5.52219],[-75.06066,5.5222],[-75.06068,5.52222],[-75.06068,5.52222],[-75.06068,5.52222],[-75.06069,5.52222],[-75.06069,5.52222],[-75.06069,5.52222],[-75.06069,5.52222],[-75.06069,5.52222],[-75.06069,5.52223],[-75.06069,5.52223],[-75.0607,5.52223],[-75.0607,5.52223],[-75.06084,5.52225],[-75.06092,5.52228],[-75.06092,5.52228],[-75.06092,5.52228],[-75.06092,5.52228],[-75.06092,5.52228],[-75.06093,5.52228],[-75.0611,5.52231],[-75.06116,5.5224],[-75.06116,5.5224],[-75.06116,5.52241],[-75.06116,5.52241],[-75.06117,5.52241],[-75.06117,5.52241],[-75.06117,5.52241],[-75.0612,5.52244],[-75.06122,5.52248],[-75.06122,5.52248],[-75.06122,5.52248],[-75.06122,5.52248],[-75.06122,5.52248],[-75.06123,5.52248],[-75.06123,5.52248],[-75.06123,5.52248],[-75.06123,5.52248],[-75.06123,5.52249],[-75.06123,5.52249],[-75.06123,5.52249],[-75.06124,5.52249],[-75.06124,5.52249],[-75.06124,5.52249],[-75.06124,5.52249],[-75.06124,5.52249],[-75.06125,5.52249],[-75.06125,5.52249],[-75.06125,5.52249],[-75.06125,5.52249],[-75.06126,5.52249],[-75.06126,5.52249],[-75.06126,5.52249],[-75.06126,5.52249],[-75.06126,5.52249],[-75.06126,5.52249],[-75.06126,5.52248],[-75.06126,5.52248],[-75.06127,5.52248],[-75.06127,5.52248],[-75.06127,5.52248],[-75.06127,5.52248],[-75.06127,5.52248],[-75.06127,5.52248],[-75.06127,5.52248],[-75.06127,5.52247],[-75.06127,5.52247],[-75.06127,5.52247],[-75.06127,5.52247],[-75.06127,5.52247],[-75.06127,5.52247],[-75.06127,5.52247],[-75.06127,5.52246],[-75.06127,5.52246],[-75.06127,5.52246],[-75.06127,5.52246],[-75.06127,5.52246],[-75.06127,5.52246],[-75.06127,5.52245],[-75.06127,5.52245],[-75.06127,5.52245],[-75.06127,5.52245],[-75.06125,5.52241],[-75.06125,5.52241],[-75.06125,5.52241],[-75.06125,5.52241],[-75.06125,5.52241],[-75.06125,5.52241],[-75.06125,5.52241],[-75.06124,5.52241],[-75.06121,5.52237],[-75.06114,5.52227],[-75.06114,5.52227],[-75.06114,5.52227],[-75.06114,5.52227],[-75.06114,5.52227],[-75.06114,5.52227],[-75.06114,5.52227],[-75.06113,5.52226],[-75.06113,5.52226],[-75.06113,5.52226],[-75.06113,5.52226],[-75.06113,5.52226],[-75.06113,5.52226],[-75.06113,5.52226],[-75.06112,5.52226],[-75.06112,5.52226],[-75.06094,5.52223],[-75.06086,5.5222],[-75.06086,5.5222],[-75.06085,5.5222],[-75.06085,5.52219],[-75.06085,5.52219],[-75.06085,5.52219],[-75.06085,5.52219],[-75.06071,5.52217],[-75.06069,5.52215],[-75.06069,5.52209],[-75.06069,5.52209],[-75.06068,5.52209],[-75.06068,5.52209],[-75.06068,5.52209],[-75.06068,5.52208],[-75.06068,5.52208],[-75.06065,5.522],[-75.06063,5.52191],[-75.06063,5.5219],[-75.06063,5.5219],[-75.06062,5.5219],[-75.06062,5.5219],[-75.06062,5.5219],[-75.06062,5.52189],[-75.06062,5.52189],[-75.06062,5.52189],[-75.06061,5.52189],[-75.06061,5.52189],[-75.06061,5.52189],[-75.06048,5.52182],[-75.06047,5.52182],[-75.06047,5.52182],[-75.06047,5.52182],[-75.06047,5.52182],[-75.06047,5.52182],[-75.06047,5.52182],[-75.06047,5.52182],[-75.06046,5.52182],[-75.06046,5.52182],[-75.06046,5.52182],[-75.06046,5.52182],[-75.06046,5.52182],[-75.06033,5.52184],[-75.06026,5.52184],[-75.06023,5.52183],[-75.06011,5.5218],[-75.06011,5.5218],[-75.06011,5.5218],[-75.06011,5.5218],[-75.06011,5.5218],[-75.05999,5.52177],[-75.05988,5.52174],[-75.05988,5.52174],[-75.05988,5.52174],[-75.05988,5.52174],[-75.05988,5.52174],[-75.05987,5.52174],[-75.05987,5.52174],[-75.05987,5.52174],[-75.05987,5.52174],[-75.05987,5.52174],[-75.05979,5.52176],[-75.05973,5.52171],[-75.05973,5.52171],[-75.05973,5.52171],[-75.05973,5.52171],[-75.05973,5.52171],[-75.05973,5.52171],[-75.05972,5.52171],[-75.05972,5.52171],[-75.05972,5.52171],[-75.05972,5.52171],[-75.05972,5.52171],[-75.05972,5.52171],[-75.05966,5.5217],[-75.05959,5.52166],[-75.05949,5.52154],[-75.05949,5.52154],[-75.05949,5.52154],[-75.05949,5.52154],[-75.05949,5.52154],[-75.05949,5.52154],[-75.05949,5.52154],[-75.05949,5.52154],[-75.05948,5.52154],[-75.05935,5.52147],[-75.05935,5.52147],[-75.05934,5.52147],[-75.05934,5.52147],[-75.05934,5.52147],[-75.05934,5.52147],[-75.05934,5.52147],[-75.05934,5.52147],[-75.05934,5.52147],[-75.05933,5.52147],[-75.05933,5.52147],[-75.05933,5.52147],[-75.05933,5.52147],[-75.05926,5.52149],[-75.05918,5.52145],[-75.05918,5.52145],[-75.05918,5.52145],[-75.05918,5.52144],[-75.05918,5.52144],[-75.05918,5.52144],[-75.05918,5.52144],[-75.05918,5.52144],[-75.05917,5.52144],[-75.05917,5.52144],[-75.05908,5.52144],[-75.05907,5.52143],[-75.05899,5.52136],[-75.05899,5.52136],[-75.05899,5.52136],[-75.05899,5.52136],[-75.05899,5.52135],[-75.05899,5.52135],[-75.05899,5.52135],[-75.05899,5.52135],[-75.05899,5.52135],[-75.05899,5.52135],[-75.05898,5.52135],[-75.05898,5.52135],[-75.05898,5.52135],[-75.05898,5.52135],[-75.05898,5.52135],[-75.05898,5.52135],[-75.05898,5.52135],[-75.05897,5.52135],[-75.05897,5.52135],[-75.05897,5.52135],[-75.05897,5.52135],[-75.05897,5.52135],[-75.05897,5.52135],[-75.05891,5.52137],[-75.05889,5.52131],[-75.05889,5.52131],[-75.05889,5.52131],[-75.05889,5.5213],[-75.05889,5.5213],[-75.05889,5.5213],[-75.05889,5.5213],[-75.05889,5.5213],[-75.05889,5.5213],[-75.05879,5.52119],[-75.05879,5.52118],[-75.05879,5.52118],[-75.05879,5.52118],[-75.05879,5.52118],[-75.05879,5.52118],[-75.05879,5.52118],[-75.05879,5.52118],[-75.05878,5.52118],[-75.05869,5.52113],[-75.05869,5.52113],[-75.05869,5.52113],[-75.05868,5.52113],[-75.05868,5.52113],[-75.05868,5.52113],[-75.05868,5.52113],[-75.05863,5.52112],[-75.05859,5.52103],[-75.05864,5.52097],[-75.05864,5.52097],[-75.05864,5.52097],[-75.05864,5.52096],[-75.05864,5.52096],[-75.05864,5.52096],[-75.05864,5.52096],[-75.05864,5.52096],[-75.05864,5.52096],[-75.05866,5.52086],[-75.05866,5.52086],[-75.05866,5.52086],[-75.05866,5.52085],[-75.05866,5.52085],[-75.05866,5.52085],[-75.05866,5.52085],[-75.05866,5.52085],[-75.05866,5.52085],[-75.05866,5.52085],[-75.05862,5.52073],[-75.05862,5.52073],[-75.05862,5.52073],[-75.05862,5.52073],[-75.05862,5.52072],[-75.05858,5.52064],[-75.05858,5.52064],[-75.05858,5.52064],[-75.05857,5.52064],[-75.05857,5.52064],[-75.05857,5.52064],[-75.05855,5.52061],[-75.05855,5.52061],[-75.05855,5.52061],[-75.05855,5.52061],[-75.05854,5.52061],[-75.05854,5.52061],[-75.05854,5.52061],[-75.05854,5.52061],[-75.05854,5.52061],[-75.05854,5.52061],[-75.05854,5.52061],[-75.05853,5.5206],[-75.05853,5.5206],[-75.05853,5.5206],[-75.05853,5.5206],[-75.05853,5.5206],[-75.05853,5.5206],[-75.05853,5.5206],[-75.05852,5.5206],[-75.05852,5.5206],[-75.05852,5.5206],[-75.05852,5.52061],[-75.05852,5.52061],[-75.05852,5.52061],[-75.05852,5.52061],[-75.05851,5.52061],[-75.05851,5.52061],[-75.05847,5.52064],[-75.05847,5.52064],[-75.05847,5.52064],[-75.05847,5.52064],[-75.05837,5.52073],[-75.05837,5.52073],[-75.05837,5.52073],[-75.05837,5.52074],[-75.05837,5.52074],[-75.05837,5.52074],[-75.05837,5.52074],[-75.05837,5.52074],[-75.05837,5.52074],[-75.05837,5.52074],[-75.05836,5.52074],[-75.05836,5.52075],[-75.05834,5.52085],[-75.05833,5.52086],[-75.05825,5.52099],[-75.05819,5.52104],[-75.05811,5.52112],[-75.05811,5.52112],[-75.05811,5.52112],[-75.05811,5.52112],[-75.0581,5.52112],[-75.0581,5.52112],[-75.0581,5.52112],[-75.0581,5.52112],[-75.0581,5.52113],[-75.05807,5.5212],[-75.05803,5.52127],[-75.05803,5.52127],[-75.05803,5.52127],[-75.05803,5.52127],[-75.05803,5.52128],[-75.05803,5.52128],[-75.05803,5.52128],[-75.05803,5.52128],[-75.05803,5.52128],[-75.05803,5.52128],[-75.05803,5.52128],[-75.05803,5.52137],[-75.05802,5.52138],[-75.05801,5.52138],[-75.05794,5.52138],[-75.05793,5.52138],[-75.05793,5.52138],[-75.05793,5.52138],[-75.05793,5.52138],[-75.05793,5.52138],[-75.05793,5.52138],[-75.05793,5.52138],[-75.05792,5.52138],[-75.05792,5.52138],[-75.05792,5.52138],[-75.05792,5.52138],[-75.05792,5.52138],[-75.05792,5.52138],[-75.05792,5.52138],[-75.05792,5.52138],[-75.05791,5.52139],[-75.05791,5.52139],[-75.05791,5.52139],[-75.05791,5.52139],[-75.05791,5.52139],[-75.05791,5.52139],[-75.05791,5.52139],[-75.0579,5.52143],[-75.05783,5.52141],[-75.05768,5.52132],[-75.05768,5.52132],[-75.05767,5.52132],[-75.05767,5.52132],[-75.05767,5.52132],[-75.05767,5.52132],[-75.05767,5.52132],[-75.05767,5.52132],[-75.05766,5.52132],[-75.05766,5.52132],[-75.05766,5.52132],[-75.05766,5.52132],[-75.05765,5.52132],[-75.05765,5.52132],[-75.05765,5.52132],[-75.05765,5.52132],[-75.05756,5.52136],[-75.05755,5.52136],[-75.05755,5.52136],[-75.05755,5.52136],[-75.05755,5.52136],[-75.05755,5.52136],[-75.05755,5.52136],[-75.05755,5.52136],[-75.05755,5.52136],[-75.05747,5.52144],[-75.05747,5.52144],[-75.05747,5.52144],[-75.05747,5.52144],[-75.05747,5.52144],[-75.05747,5.52144],[-75.05747,5.52144],[-75.05747,5.52144],[-75.05746,5.52144],[-75.05746,5.52145],[-75.05745,5.52147],[-75.05743,5.52148],[-75.05743,5.52148],[-75.05743,5.52148],[-75.05743,5.52148],[-75.05743,5.52148],[-75.05742,5.52148],[-75.05742,5.52148],[-75.05742,5.52148],[-75.05742,5.52148],[-75.05742,5.52148],[-75.05742,5.52148],[-75.05742,5.52148],[-75.05741,5.52148],[-75.05741,5.52149],[-75.05741,5.52149],[-75.05741,5.52149],[-75.05741,5.52149],[-75.05737,5.52157],[-75.05734,5.5216],[-75.05734,5.52161],[-75.05734,5.52161],[-75.05734,5.52161],[-75.05734,5.52161],[-75.05734,5.52161],[-75.05734,5.52161],[-75.05734,5.52161],[-75.05734,5.52162],[-75.05732,5.52169],[-75.05732,5.52169],[-75.05732,5.52169],[-75.05732,5.52169],[-75.05732,5.52169],[-75.05729,5.52188],[-75.05729,5.52188],[-75.05729,5.52188],[-75.05729,5.52188],[-75.05729,5.52188],[-75.05729,5.52188],[-75.05729,5.52191],[-75.05726,5.52192],[-75.05717,5.52187],[-75.05717,5.52187],[-75.05717,5.52187],[-75.0571,5.52183],[-75.05706,5.52178],[-75.05704,5.52166],[-75.05707,5.52158],[-75.05711,5.52148],[-75.05711,5.52148],[-75.05711,5.52148],[-75.05711,5.52148],[-75.05711,5.52148],[-75.05711,5.52148],[-75.05711,5.52147],[-75.05711,5.52147],[-75.05711,5.52147],[-75.05711,5.52147],[-75.05711,5.52146],[-75.05711,5.52146],[-75.05711,5.52146],[-75.05711,5.52146],[-75.05711,5.52146],[-75.0571,5.52145],[-75.0571,5.52145],[-75.0571,5.52145],[-75.0571,5.52145],[-75.0571,5.52145],[-75.0571,5.52145],[-75.05705,5.52141],[-75.05703,5.52138],[-75.05703,5.52138],[-75.05703,5.52138],[-75.05703,5.52138],[-75.05703,5.52137],[-75.05702,5.52137],[-75.05702,5.52137],[-75.05702,5.52137],[-75.05702,5.52137],[-75.05702,5.52137],[-75.05702,5.52137],[-75.05702,5.52137],[-75.05702,5.52137],[-75.05701,5.52137],[-75.05701,5.52137],[-75.05701,5.52137],[-75.05701,5.52137],[-75.05701,5.52137],[-75.05701,5.52137],[-75.057,5.52137],[-75.05692,5.52137],[-75.05692,5.52137],[-75.05692,5.52137],[-75.05692,5.52137],[-75.05689,5.52138],[-75.05689,5.52138],[-75.05688,5.52138],[-75.05688,5.52138],[-75.05688,5.52138],[-75.05688,5.52138],[-75.05688,5.52138],[-75.05687,5.52138],[-75.05687,5.52138],[-75.05687,5.52138],[-75.05679,5.52146],[-75.05669,5.52145],[-75.05669,5.52145],[-75.05669,5.52145],[-75.05668,5.52145],[-75.05668,5.52145],[-75.05668,5.52145],[-75.05668,5.52145],[-75.05668,5.52145],[-75.05668,5.52145],[-75.05667,5.52145],[-75.05667,5.52145],[-75.05667,5.52145],[-75.05659,5.52148],[-75.05654,5.52146],[-75.05654,5.52146],[-75.05654,5.52146],[-75.05654,5.52146],[-75.05654,5.52146],[-75.05648,5.52144],[-75.05645,5.52142],[-75.05643,5.52132],[-75.05645,5.52123],[-75.05651,5.52119],[-75.05651,5.52119],[-75.05651,5.52119],[-75.05651,5.52119],[-75.05651,5.52119],[-75.05651,5.52119],[-75.05651,5.52119],[-75.05651,5.52119],[-75.05651,5.52118],[-75.05652,5.52118],[-75.05652,5.52118],[-75.05652,5.52118],[-75.05652,5.52118],[-75.05652,5.52118],[-75.05652,5.52118],[-75.05652,5.52117],[-75.05652,5.52117],[-75.05652,5.52117],[-75.05652,5.52117],[-75.05652,5.52117],[-75.05652,5.52117],[-75.05652,5.52117],[-75.05652,5.52116],[-75.05652,5.52116],[-75.05652,5.52116],[-75.05652,5.52116],[-75.05651,5.52116],[-75.05651,5.52116],[-75.05651,5.52116],[-75.05651,5.52115],[-75.05651,5.52115],[-75.05651,5.52115],[-75.05651,5.52115],[-75.05651,5.52115],[-75.05651,5.52115],[-75.05646,5.52111],[-75.05646,5.52111],[-75.05645,5.52111],[-75.05645,5.52111],[-75.05645,5.52111],[-75.05645,5.52111],[-75.05633,5.52108],[-75.05633,5.52108],[-75.05633,5.52108],[-75.05632,5.52108],[-75.05632,5.52108],[-75.05632,5.52108],[-75.05632,5.52108],[-75.05632,5.52108],[-75.05632,5.52108],[-75.05632,5.52108],[-75.05623,5.52109],[-75.05623,5.52109],[-75.05623,5.52109],[-75.05623,5.52109],[-75.05622,5.52109],[-75.05622,5.52109],[-75.05614,5.52113],[-75.05614,5.52113],[-75.05614,5.52113],[-75.05614,5.52113],[-75.05613,5.52113],[-75.05617,5.52088],[-75.05626,5.52061],[-75.05617,5.52034],[-75.05608,5.52025],[-75.05588,5.5202],[-75.05585,5.52019],[-75.0558,5.52018],[-75.05572,5.52016],[-75.05572,5.51989],[-75.05563,5.51962],[-75.05554,5.51944],[-75.05545,5.51925],[-75.05536,5.51916],[-75.05536,5.51907],[-75.0555,5.51863],[-75.05552,5.51859],[-75.05554,5.51853],[-75.05563,5.51835],[-75.05565,5.51825],[-75.05567,5.51818],[-75.05572,5.51799],[-75.05581,5.51763],[-75.0559,5.51736],[-75.05599,5.51708],[-75.05662,5.51645],[-75.0568,5.51636],[-75.05716,5.51618],[-75.05734,5.51609],[-75.05833,5.516],[-75.05881,5.51595],[-75.05932,5.5159],[-75.05941,5.51581],[-75.0595,5.51581],[-75.05968,5.51581],[-75.05968,5.51572],[-75.0595,5.51554],[-75.05932,5.51545],[-75.05896,5.51527],[-75.05878,5.51518],[-75.05869,5.51526],[-75.05823,5.51499],[-75.05769,5.51445],[-75.05762,5.51395],[-75.05765,5.51374],[-75.05783,5.5121],[-75.05786,5.51176],[-75.05745,5.51068],[-75.05746,5.50987],[-75.05747,5.5092],[-75.05747,5.5092],[-75.0573,5.50888],[-75.05704,5.50794],[-75.05702,5.50787],[-75.05663,5.50752],[-75.05612,5.50706],[-75.05565,5.50687],[-75.05522,5.50637],[-75.05521,5.50605],[-75.05489,5.50571],[-75.05466,5.50559],[-75.05419,5.50502],[-75.05358,5.50355],[-75.05335,5.50244],[-75.05358,5.50254],[-75.05419,5.50249],[-75.05473,5.50238],[-75.05529,5.50205],[-75.05623,5.5011],[-75.05681,5.50093],[-75.05741,5.50105],[-75.05785,5.50099],[-75.05785,5.5009],[-75.05812,5.50062],[-75.05821,5.50044],[-75.0583,5.50026],[-75.05866,5.4999],[-75.05875,5.49972],[-75.05875,5.49954],[-75.05912,5.49954],[-75.05948,5.49945],[-75.05975,5.49918],[-75.05984,5.49899],[-75.05993,5.49881],[-75.06135,5.49822],[-75.06169,5.49796],[-75.06193,5.49795],[-75.06194,5.49795],[-75.06215,5.4981],[-75.06233,5.49852],[-75.06243,5.4985],[-75.06272,5.49804],[-75.06319,5.49778],[-75.065,5.4974],[-75.06552,5.49718],[-75.06588,5.49681],[-75.06597,5.49663],[-75.06606,5.49645],[-75.06624,5.49627],[-75.06633,5.49609],[-75.06642,5.49591],[-75.0666,5.49575],[-75.06669,5.49573],[-75.06705,5.49555],[-75.06741,5.49561],[-75.06774,5.49531],[-75.06796,5.49488],[-75.06804,5.49385],[-75.06786,5.49294],[-75.06762,5.49272],[-75.0675,5.49247],[-75.06741,5.49238],[-75.06713,5.49229],[-75.06686,5.49238],[-75.06668,5.49256],[-75.0665,5.49265],[-75.06614,5.49284],[-75.06596,5.49293],[-75.06524,5.49302],[-75.06452,5.49311],[-75.06452,5.4932],[-75.06268,5.49441],[-75.06225,5.49445],[-75.06193,5.49469],[-75.0617,5.49488],[-75.06163,5.49515],[-75.06053,5.49512],[-75.06031,5.4953],[-75.06002,5.49527],[-75.05998,5.49527],[-75.05998,5.49505],[-75.05988,5.49484],[-75.06001,5.49447],[-75.05991,5.49437],[-75.05955,5.49434],[-75.05949,5.49415],[-75.05904,5.4939],[-75.05892,5.49389],[-75.05885,5.49388],[-75.05814,5.49339],[-75.05732,5.49307],[-75.05669,5.49309],[-75.05609,5.49328],[-75.05589,5.49308],[-75.05525,5.49273],[-75.05466,5.49264],[-75.05431,5.49202],[-75.05369,5.49141],[-75.05369,5.4915],[-75.05342,5.49177],[-75.05333,5.49195],[-75.05315,5.49231],[-75.05297,5.49268],[-75.05279,5.49304],[-75.0527,5.49322],[-75.05234,5.49358],[-75.05221,5.49374],[-75.05213,5.49389],[-75.05207,5.49403],[-75.05207,5.49412],[-75.05195,5.49446],[-75.05189,5.49485],[-75.05034,5.49405],[-75.04987,5.49482],[-75.0497,5.49447],[-75.04931,5.49422],[-75.04861,5.49423],[-75.04818,5.49445],[-75.04804,5.49443],[-75.04788,5.49421],[-75.04783,5.49388],[-75.04729,5.49387],[-75.04701,5.49365],[-75.04631,5.4946],[-75.04593,5.4948],[-75.04489,5.49536],[-75.04467,5.49576],[-75.04449,5.49576],[-75.04431,5.49586],[-75.04395,5.49622],[-75.04377,5.49631],[-75.04359,5.4964],[-75.04251,5.49749],[-75.04233,5.49758],[-75.04197,5.49776],[-75.04179,5.49785],[-75.04179,5.49794],[-75.04122,5.49807],[-75.04108,5.49822],[-75.0407,5.49861],[-75.03991,5.49896],[-75.0391,5.49905],[-75.03883,5.49897],[-75.03836,5.49903],[-75.03835,5.4991],[-75.03807,5.49914],[-75.03794,5.49881],[-75.03806,5.49837],[-75.03827,5.49822],[-75.03827,5.49773],[-75.0381,5.49763],[-75.03805,5.49746],[-75.03832,5.49731],[-75.0389,5.49686],[-75.03881,5.49686],[-75.03845,5.4965],[-75.03836,5.49614],[-75.03827,5.49614],[-75.03818,5.49596],[-75.03799,5.49541],[-75.03781,5.49541],[-75.03763,5.49532],[-75.03754,5.49523],[-75.03745,5.49487],[-75.03727,5.49487],[-75.03691,5.49469],[-75.03673,5.4946],[-75.03664,5.49451],[-75.03655,5.49451],[-75.03601,5.49451],[-75.03601,5.49442],[-75.03592,5.49433],[-75.03583,5.49415],[-75.03565,5.49379],[-75.03547,5.49343],[-75.03537,5.49325],[-75.03528,5.49316],[-75.0351,5.49307],[-75.03492,5.49298],[-75.03483,5.49289],[-75.03474,5.49289],[-75.03471,5.49246],[-75.03404,5.49185],[-75.03377,5.49164],[-75.03094,5.48942],[-75.03113,5.48943],[-75.03289,5.48858],[-75.03427,5.48863],[-75.03528,5.48868],[-75.03639,5.48849],[-75.03678,5.4883],[-75.0373,5.48781],[-75.03788,5.48708],[-75.0382,5.48652],[-75.03827,5.4864],[-75.03823,5.48619],[-75.0382,5.48618],[-75.03632,5.48568],[-75.0334,5.48558],[-75.02968,5.48516],[-75.02886,5.48514],[-75.02738,5.48484],[-75.02736,5.48484],[-75.02734,5.48483],[-75.02691,5.48475],[-75.02696,5.48466],[-75.02696,5.48466],[-75.02696,5.48465],[-75.02696,5.48465],[-75.02696,5.48465],[-75.02696,5.48465],[-75.027,5.48458],[-75.027,5.48458],[-75.027,5.48458],[-75.027,5.48457],[-75.027,5.48457],[-75.027,5.48457],[-75.027,5.48457],[-75.02704,5.48443],[-75.02705,5.48439],[-75.02709,5.48426],[-75.02709,5.48426],[-75.02709,5.48426],[-75.02709,5.48426],[-75.02709,5.48426],[-75.02709,5.48426],[-75.02711,5.48415],[-75.02714,5.48407],[-75.02714,5.48406],[-75.02714,5.48406],[-75.02714,5.48406],[-75.02714,5.48406],[-75.02714,5.48406],[-75.02714,5.48406],[-75.02714,5.48406],[-75.02714,5.48405],[-75.02714,5.48405],[-75.02714,5.48405],[-75.02714,5.48405],[-75.02714,5.48405],[-75.02714,5.48405],[-75.02714,5.48404],[-75.02714,5.48404],[-75.02714,5.48404],[-75.02714,5.48404],[-75.02714,5.48404],[-75.02714,5.48404],[-75.02714,5.48404],[-75.02713,5.48404],[-75.02713,5.48403],[-75.02712,5.48403],[-75.02712,5.48403],[-75.02712,5.48403],[-75.02712,5.48402],[-75.02712,5.48402],[-75.02712,5.48402],[-75.02712,5.48402],[-75.02708,5.48401],[-75.02701,5.48398],[-75.02701,5.48398],[-75.02701,5.48397],[-75.02701,5.48397],[-75.0267,5.48389],[-75.0267,5.48389],[-75.0267,5.48389],[-75.0267,5.48389],[-75.0267,5.48389],[-75.02645,5.48386],[-75.02628,5.4838],[-75.02603,5.4837],[-75.02603,5.4837],[-75.02603,5.4837],[-75.02603,5.4837],[-75.02602,5.4837],[-75.02602,5.4837],[-75.02602,5.4837],[-75.02602,5.4837],[-75.02602,5.4837],[-75.02602,5.4837],[-75.02594,5.4837],[-75.02594,5.4837],[-75.02594,5.4837],[-75.02594,5.4837],[-75.02594,5.4837],[-75.02594,5.4837],[-75.02594,5.4837],[-75.02587,5.48372],[-75.02585,5.48371],[-75.02584,5.48371],[-75.02584,5.48371],[-75.02584,5.48371],[-75.02581,5.48371],[-75.02581,5.48371],[-75.02581,5.48371],[-75.02581,5.48371],[-75.02572,5.48371],[-75.02562,5.48367],[-75.0256,5.48366],[-75.02557,5.48364],[-75.02557,5.48364],[-75.02557,5.48364],[-75.02557,5.48364],[-75.02557,5.48363],[-75.02557,5.48363],[-75.02557,5.48363],[-75.02553,5.48362],[-75.02549,5.48358],[-75.02545,5.48354],[-75.02545,5.48354],[-75.02545,5.48354],[-75.02545,5.48353],[-75.02545,5.48353],[-75.02545,5.48353],[-75.02544,5.48353],[-75.02544,5.48353],[-75.02544,5.48353],[-75.02544,5.48353],[-75.02544,5.48353],[-75.02544,5.48353],[-75.02544,5.48353],[-75.02544,5.48353],[-75.02539,5.48352],[-75.02534,5.48349],[-75.02529,5.48345],[-75.02529,5.48345],[-75.02529,5.48345],[-75.02529,5.48344],[-75.02529,5.48344],[-75.02529,5.48344],[-75.02525,5.48342],[-75.02525,5.48342],[-75.02525,5.48342],[-75.02524,5.48342],[-75.02524,5.48342],[-75.02524,5.48341],[-75.02524,5.48341],[-75.02524,5.48341],[-75.02518,5.48341],[-75.02518,5.48341],[-75.02518,5.48341],[-75.02518,5.48341],[-75.02518,5.48341],[-75.02518,5.48341],[-75.02518,5.48341],[-75.02501,5.48342],[-75.02501,5.48342],[-75.02501,5.48342],[-75.02501,5.48342],[-75.02501,5.48342],[-75.02501,5.48342],[-75.02493,5.48344],[-75.02488,5.48344],[-75.02488,5.48344],[-75.02488,5.48344],[-75.02488,5.48344],[-75.02488,5.48344],[-75.02488,5.48344],[-75.02483,5.48345],[-75.02483,5.48345],[-75.02483,5.48345],[-75.02483,5.48345],[-75.02477,5.48347],[-75.02468,5.48349],[-75.0246,5.48348],[-75.02459,5.48348],[-75.02459,5.48348],[-75.02459,5.48348],[-75.02459,5.48348],[-75.02459,5.48348],[-75.02459,5.48348],[-75.02459,5.48348],[-75.02458,5.48348],[-75.02458,5.48348],[-75.02458,5.48348],[-75.02458,5.48348],[-75.02452,5.4835],[-75.02445,5.48353],[-75.02439,5.48354],[-75.02439,5.48354],[-75.02439,5.48354],[-75.02439,5.48354],[-75.02439,5.48354],[-75.02439,5.48354],[-75.02436,5.48355],[-75.02436,5.48355],[-75.02436,5.48355],[-75.02435,5.48355],[-75.02435,5.48355],[-75.02435,5.48355],[-75.02435,5.48355],[-75.0243,5.48358],[-75.02424,5.48362],[-75.02424,5.48362],[-75.02424,5.48362],[-75.02424,5.48362],[-75.02424,5.48362],[-75.02424,5.48362],[-75.0242,5.48365],[-75.02414,5.48367],[-75.02409,5.48367],[-75.02401,5.48366],[-75.02401,5.48366],[-75.02401,5.48366],[-75.02401,5.48366],[-75.02401,5.48366],[-75.024,5.48366],[-75.024,5.48366],[-75.024,5.48366],[-75.024,5.48366],[-75.024,5.48366],[-75.024,5.48366],[-75.024,5.48366],[-75.024,5.48366],[-75.02399,5.48366],[-75.02399,5.48366],[-75.02399,5.48366],[-75.02399,5.48367],[-75.02399,5.48367],[-75.02399,5.48367],[-75.02399,5.48367],[-75.02395,5.48372],[-75.02389,5.48373],[-75.02383,5.48375],[-75.02374,5.48372],[-75.02368,5.48367],[-75.02365,5.48364],[-75.02365,5.48364],[-75.02365,5.48364],[-75.02365,5.48364],[-75.02365,5.48363],[-75.02364,5.48363],[-75.02364,5.48363],[-75.02364,5.48363],[-75.02364,5.48363],[-75.02364,5.48363],[-75.02364,5.48363],[-75.02352,5.48361],[-75.02343,5.48359],[-75.02343,5.48359],[-75.02343,5.48359],[-75.02343,5.48359],[-75.02343,5.48359],[-75.02343,5.48359],[-75.02336,5.48359],[-75.02329,5.48358],[-75.02324,5.48357],[-75.02322,5.48352],[-75.02322,5.48352],[-75.02322,5.48352],[-75.02322,5.48352],[-75.02322,5.48352],[-75.02322,5.48352],[-75.02322,5.48352],[-75.02322,5.48352],[-75.02322,5.48351],[-75.02322,5.48351],[-75.02322,5.48351],[-75.02322,5.48351],[-75.02322,5.48351],[-75.02321,5.48351],[-75.02321,5.48351],[-75.02321,5.48351],[-75.02321,5.48351],[-75.02321,5.48351],[-75.02321,5.48351],[-75.02313,5.48347],[-75.02304,5.48342],[-75.02303,5.48341],[-75.02294,5.48329],[-75.02294,5.48329],[-75.02294,5.48329],[-75.02294,5.48329],[-75.02292,5.48327],[-75.02292,5.48327],[-75.02292,5.48327],[-75.02292,5.48327],[-75.02292,5.48327],[-75.02291,5.48327],[-75.02291,5.48327],[-75.02291,5.48327],[-75.02291,5.48327],[-75.02284,5.48323],[-75.02284,5.48323],[-75.02284,5.48323],[-75.02284,5.48323],[-75.0228,5.48321],[-75.02277,5.48317],[-75.02277,5.48317],[-75.02277,5.48317],[-75.02277,5.48317],[-75.02277,5.48317],[-75.02277,5.48317],[-75.02277,5.48317],[-75.02261,5.48303],[-75.02261,5.48303],[-75.02261,5.48303],[-75.02261,5.48303],[-75.02261,5.48303],[-75.02261,5.48303],[-75.0226,5.48303],[-75.0226,5.48303],[-75.0226,5.48303],[-75.0226,5.48303],[-75.0226,5.48303],[-75.0226,5.48303],[-75.0226,5.48303],[-75.02259,5.48303],[-75.02259,5.48303],[-75.02259,5.48303],[-75.02258,5.48303],[-75.02258,5.48303],[-75.02258,5.48303],[-75.02258,5.48303],[-75.02251,5.48308],[-75.02251,5.48308],[-75.02251,5.48308],[-75.02251,5.48308],[-75.02251,5.48308],[-75.02251,5.48308],[-75.02251,5.48308],[-75.02243,5.48316],[-75.02231,5.48313],[-75.02216,5.48309],[-75.02216,5.48309],[-75.02216,5.48309],[-75.02216,5.48309],[-75.02216,5.48309],[-75.02216,5.48309],[-75.02215,5.48309],[-75.02215,5.48309],[-75.02215,5.48309],[-75.02215,5.48309],[-75.02215,5.48309],[-75.02215,5.48309],[-75.02215,5.48309],[-75.02215,5.48309],[-75.02214,5.4831],[-75.02196,5.4832],[-75.02191,5.48322],[-75.02183,5.48326],[-75.02183,5.48326],[-75.02182,5.48326],[-75.02182,5.48326],[-75.02182,5.48326],[-75.02182,5.48326],[-75.02182,5.48327],[-75.02182,5.48327],[-75.02182,5.48327],[-75.02182,5.48327],[-75.02172,5.48339],[-75.02172,5.48339],[-75.02172,5.4834],[-75.02172,5.4834],[-75.02172,5.4834],[-75.02172,5.4834],[-75.02172,5.4834],[-75.02172,5.4834],[-75.02172,5.4834],[-75.02167,5.48354],[-75.02167,5.48354],[-75.02167,5.48355],[-75.02167,5.48355],[-75.02167,5.48355],[-75.02167,5.48355],[-75.02166,5.48364],[-75.02166,5.48364],[-75.02166,5.48364],[-75.02166,5.48364],[-75.02166,5.48376],[-75.02166,5.48376],[-75.02166,5.48376],[-75.02167,5.48397],[-75.02166,5.484],[-75.0216,5.48402],[-75.02153,5.48404],[-75.02141,5.48404],[-75.02141,5.48404],[-75.02141,5.48404],[-75.02141,5.48404],[-75.0214,5.48404],[-75.0214,5.48404],[-75.0214,5.48405],[-75.0214,5.48405],[-75.0214,5.48405],[-75.0214,5.48405],[-75.0214,5.48405],[-75.0214,5.48405],[-75.02139,5.48405],[-75.02139,5.48405],[-75.02139,5.48405],[-75.02139,5.48405],[-75.02139,5.48405],[-75.02131,5.48416],[-75.02131,5.48416],[-75.02131,5.48416],[-75.02131,5.48416],[-75.02131,5.48416],[-75.02131,5.48416],[-75.02131,5.48416],[-75.02131,5.48416],[-75.02131,5.48417],[-75.02131,5.48417],[-75.02129,5.48426],[-75.02121,5.48434],[-75.02121,5.48434],[-75.02121,5.48434],[-75.0212,5.48434],[-75.02116,5.48441],[-75.02112,5.48444],[-75.02109,5.48444],[-75.02104,5.48441],[-75.02104,5.48441],[-75.02103,5.48441],[-75.02103,5.48441],[-75.02085,5.48437],[-75.02069,5.48431],[-75.02069,5.48431],[-75.02061,5.48428],[-75.02061,5.48428],[-75.02061,5.48428],[-75.02061,5.48428],[-75.02061,5.48428],[-75.02061,5.48428],[-75.0206,5.48428],[-75.0205,5.48428],[-75.02049,5.48427],[-75.02049,5.48427],[-75.02049,5.48427],[-75.02048,5.48427],[-75.02048,5.48427],[-75.02048,5.48427],[-75.02048,5.48427],[-75.02048,5.48427],[-75.02048,5.48427],[-75.02048,5.48427],[-75.02047,5.48427],[-75.02047,5.48427],[-75.02047,5.48427],[-75.0203,5.48436],[-75.02014,5.48435],[-75.02014,5.48435],[-75.02014,5.48435],[-75.02013,5.48435],[-75.02013,5.48435],[-75.02013,5.48435],[-75.02004,5.48437],[-75.02004,5.48437],[-75.02004,5.48437],[-75.02003,5.48437],[-75.02003,5.48437],[-75.02003,5.48437],[-75.02003,5.48437],[-75.01987,5.48445],[-75.01971,5.48447],[-75.0197,5.48447],[-75.0197,5.48447],[-75.0197,5.48447],[-75.0197,5.48447],[-75.0197,5.48447],[-75.01969,5.48447],[-75.01969,5.48447],[-75.01969,5.48447],[-75.01969,5.48447],[-75.01969,5.48448],[-75.01962,5.48454],[-75.01944,5.48449],[-75.01931,5.48438],[-75.01931,5.48438],[-75.0193,5.48438],[-75.0193,5.48438],[-75.0193,5.48438],[-75.0193,5.48438],[-75.0193,5.48438],[-75.0193,5.48438],[-75.0193,5.48438],[-75.01929,5.48438],[-75.01929,5.48438],[-75.01929,5.48438],[-75.01929,5.48438],[-75.01929,5.48438],[-75.01929,5.48438],[-75.01928,5.48438],[-75.01928,5.48438],[-75.01928,5.48438],[-75.01928,5.48438],[-75.0191,5.48444],[-75.0191,5.48445],[-75.0191,5.48445],[-75.0191,5.48445],[-75.0191,5.48445],[-75.01903,5.48448],[-75.01903,5.48448],[-75.01903,5.48448],[-75.01903,5.48448],[-75.01897,5.48451],[-75.01897,5.48451],[-75.01897,5.48451],[-75.01896,5.48452],[-75.01896,5.48452],[-75.01896,5.48452],[-75.0189,5.48458],[-75.01886,5.48461],[-75.01886,5.48461],[-75.01886,5.48461],[-75.01886,5.48461],[-75.01886,5.48461],[-75.01881,5.48466],[-75.01877,5.48469],[-75.01871,5.48473],[-75.0187,5.48474],[-75.0187,5.48474],[-75.0187,5.48474],[-75.01869,5.48474],[-75.01869,5.48474],[-75.01869,5.48474],[-75.01869,5.48474],[-75.01865,5.48478],[-75.01865,5.48478],[-75.01865,5.48478],[-75.01865,5.48479],[-75.01865,5.48479],[-75.01865,5.48479],[-75.0186,5.48485],[-75.01851,5.48491],[-75.01851,5.48491],[-75.01851,5.48491],[-75.01851,5.48492],[-75.01851,5.48492],[-75.01851,5.48492],[-75.01851,5.48492],[-75.01851,5.48492],[-75.0185,5.48492],[-75.0185,5.48492],[-75.0185,5.48492],[-75.0185,5.48492],[-75.0185,5.48493],[-75.0185,5.48493],[-75.0185,5.48493],[-75.01848,5.485],[-75.01844,5.48505],[-75.01844,5.48505],[-75.01844,5.48505],[-75.01844,5.48505],[-75.01844,5.48505],[-75.01844,5.48505],[-75.01844,5.48506],[-75.01844,5.48506],[-75.01844,5.48506],[-75.01842,5.48511],[-75.01842,5.48512],[-75.01842,5.48512],[-75.01842,5.48512],[-75.01842,5.48512],[-75.01842,5.48512],[-75.01837,5.48521],[-75.01837,5.48521],[-75.01837,5.48521],[-75.01837,5.48521],[-75.01837,5.48521],[-75.01834,5.48527],[-75.01833,5.48528],[-75.01832,5.48527],[-75.01826,5.4851],[-75.01828,5.48496],[-75.01828,5.48496],[-75.01828,5.48496],[-75.01828,5.48496],[-75.0183,5.48472],[-75.0183,5.48472],[-75.0183,5.48472],[-75.0183,5.48471],[-75.0183,5.48471],[-75.0183,5.48471],[-75.0183,5.48471],[-75.01829,5.4847],[-75.01829,5.4847],[-75.01829,5.4847],[-75.01829,5.4847],[-75.01829,5.4847],[-75.01829,5.4847],[-75.01829,5.4847],[-75.01829,5.4847],[-75.01829,5.4847],[-75.01829,5.48469],[-75.01828,5.48469],[-75.01828,5.48469],[-75.01828,5.48469],[-75.01828,5.48469],[-75.01828,5.48469],[-75.01823,5.48467],[-75.01823,5.48467],[-75.01823,5.48467],[-75.01823,5.48467],[-75.01823,5.48467],[-75.01823,5.48467],[-75.01822,5.48467],[-75.01822,5.48467],[-75.01822,5.48467],[-75.01808,5.48468],[-75.01795,5.48465],[-75.01795,5.48465],[-75.01795,5.48465],[-75.01795,5.48465],[-75.01795,5.48465],[-75.01795,5.48465],[-75.01778,5.48466],[-75.01778,5.48466],[-75.01778,5.48466],[-75.01777,5.48466],[-75.01777,5.48467],[-75.01759,5.48441],[-75.0174,5.48441],[-75.01722,5.48432],[-75.01695,5.48423],[-75.01649,5.48408],[-75.01641,5.48405],[-75.01587,5.48387],[-75.01533,5.48369],[-75.01522,5.48366],[-75.01519,5.48365],[-75.01506,5.4836],[-75.01488,5.48351],[-75.0147,5.48342],[-75.0147,5.48333],[-75.0147,5.4833],[-75.0147,5.48324],[-75.01488,5.48315],[-75.01506,5.48306],[-75.01542,5.4827],[-75.0156,5.48261],[-75.01578,5.48252],[-75.01661,5.48168],[-75.01677,5.48152],[-75.01686,5.48134],[-75.01695,5.48116],[-75.01731,5.4808],[-75.0174,5.48062],[-75.01749,5.48044],[-75.01803,5.47989],[-75.01812,5.47971],[-75.01821,5.47953],[-75.01839,5.47935],[-75.01844,5.47925],[-75.01848,5.47917],[-75.01848,5.47899],[-75.01739,5.47736],[-75.01721,5.47727],[-75.01701,5.47721],[-75.01694,5.47718],[-75.01667,5.47709],[-75.0164,5.47682],[-75.01631,5.47664],[-75.01622,5.47646],[-75.01613,5.47619],[-75.0161,5.4761],[-75.01604,5.47592],[-75.01595,5.47556],[-75.01577,5.47556],[-75.01559,5.47547],[-75.0155,5.47538],[-75.01541,5.4752],[-75.01536,5.47507],[-75.01532,5.47494],[-75.0153,5.47488],[-75.01522,5.47465],[-75.01504,5.47465],[-75.01468,5.47447],[-75.01432,5.47429],[-75.01396,5.47411],[-75.01378,5.47402],[-75.01365,5.4739],[-75.01343,5.47367],[-75.01342,5.47366],[-75.01342,5.47357],[-75.01342,5.47348],[-75.01324,5.4733],[-75.01306,5.47321],[-75.0127,5.47303],[-75.01251,5.47294],[-75.01244,5.47287],[-75.01224,5.47267],[-75.01231,5.47267],[-75.01215,5.46896],[-75.01244,5.4689],[-75.0126,5.46887],[-75.01305,5.46887],[-75.01395,5.46896],[-75.01414,5.46902],[-75.01422,5.46905],[-75.01449,5.46914],[-75.01467,5.46932],[-75.01495,5.46941],[-75.01522,5.4695],[-75.01531,5.46959],[-75.0154,5.46959],[-75.01594,5.46977],[-75.01612,5.46977],[-75.01639,5.46977],[-75.01666,5.46968],[-75.01729,5.46959],[-75.01792,5.46959],[-75.01792,5.46968],[-75.01819,5.46977],[-75.01846,5.46986],[-75.01865,5.46995],[-75.01883,5.47004],[-75.01919,5.4704],[-75.01955,5.47049],[-75.01964,5.47047],[-75.01991,5.4704],[-75.02,5.47031],[-75.02009,5.47031],[-75.02009,5.47022],[-75.02,5.47013],[-75.01991,5.46994],[-75.01973,5.46958],[-75.01982,5.4694],[-75.01991,5.46931],[-75.02009,5.46922],[-75.02027,5.46913],[-75.02081,5.46859],[-75.02045,5.46823],[-75.02063,5.46804],[-75.02081,5.46795],[-75.02099,5.46786],[-75.02117,5.46768],[-75.02162,5.46759],[-75.02207,5.46768],[-75.02225,5.46777],[-75.02243,5.46786],[-75.02261,5.46804],[-75.02279,5.46813],[-75.02315,5.46831],[-75.02352,5.46849],[-75.0237,5.46849],[-75.02397,5.46849],[-75.02424,5.46858],[-75.0246,5.46894],[-75.02478,5.46903],[-75.02496,5.46912],[-75.02514,5.4693],[-75.02532,5.46939],[-75.0255,5.46948],[-75.02568,5.46966],[-75.02646,5.46773],[-75.0265,5.46761],[-75.02706,5.46621],[-75.02785,5.46357],[-75.02785,5.46131],[-75.02765,5.45935],[-75.02738,5.45908],[-75.02729,5.4589],[-75.02711,5.45854],[-75.02702,5.45836],[-75.02693,5.45827],[-75.02657,5.45818],[-75.02621,5.45827],[-75.02612,5.45836],[-75.02603,5.45854],[-75.02585,5.45909],[-75.02567,5.45909],[-75.02549,5.459],[-75.02476,5.45891],[-75.02467,5.45891],[-75.02458,5.45882],[-75.0244,5.45873],[-75.02422,5.45864],[-75.02413,5.45855],[-75.02404,5.45818],[-75.02386,5.45746],[-75.02377,5.4571],[-75.02368,5.45692],[-75.02359,5.45674],[-75.0235,5.4561],[-75.02364,5.45565],[-75.02368,5.45547],[-75.02368,5.45511],[-75.02376,5.45475],[-75.02385,5.45457],[-75.02403,5.45421],[-75.02406,5.45416],[-75.02412,5.45402],[-75.02494,5.45321],[-75.02512,5.45312],[-75.0253,5.45303],[-75.02539,5.45294],[-75.02548,5.45267],[-75.02539,5.45239],[-75.0252,5.45221],[-75.02511,5.45194],[-75.02502,5.45167],[-75.02493,5.45158],[-75.02493,5.45149],[-75.02502,5.45149],[-75.02574,5.45077],[-75.02583,5.45059],[-75.02574,5.45041],[-75.02556,5.45022],[-75.02547,5.45004],[-75.02547,5.44986],[-75.02565,5.44986],[-75.02601,5.44968],[-75.02637,5.4495],[-75.02655,5.44941],[-75.02691,5.44932],[-75.02728,5.44941],[-75.02746,5.4495],[-75.02782,5.44968],[-75.028,5.44977],[-75.02836,5.44986],[-75.02872,5.44995],[-75.02881,5.44936],[-75.02921,5.44917],[-75.0297,5.44931],[-75.03029,5.44936],[-75.03053,5.44926],[-75.03061,5.44877],[-75.03088,5.44868],[-75.03169,5.44786],[-75.03178,5.44768],[-75.03178,5.4475],[-75.03214,5.44759],[-75.03242,5.44768],[-75.03269,5.44777],[-75.03314,5.44786],[-75.03359,5.44786],[-75.03377,5.44732],[-75.03386,5.44714],[-75.03395,5.44659],[-75.03404,5.44605],[-75.03413,5.44587],[-75.03413,5.44569],[-75.03413,5.44551],[-75.03404,5.44533],[-75.03394,5.44497],[-75.03385,5.44461],[-75.03376,5.44406],[-75.03376,5.44388],[-75.03367,5.4437],[-75.03358,5.44325],[-75.03357,5.44318],[-75.03444,5.44299],[-75.03447,5.44304],[-75.03531,5.44295],[-75.03538,5.44271],[-75.03556,5.44249],[-75.03546,5.44198],[-75.03599,5.44158],[-75.03594,5.44138],[-75.03609,5.44044],[-75.03538,5.44017],[-75.03556,5.44008],[-75.03592,5.4399],[-75.0361,5.43981],[-75.03673,5.43972],[-75.03737,5.43972],[-75.03854,5.43972],[-75.03971,5.43962],[-75.04016,5.43953],[-75.04061,5.43944],[-75.04088,5.43917],[-75.04097,5.43917],[-75.04166,5.43927],[-75.04172,5.43955],[-75.04183,5.43968],[-75.04233,5.4399],[-75.04228,5.43939],[-75.04238,5.43913],[-75.04286,5.4387],[-75.04385,5.43822],[-75.04458,5.43717],[-75.04512,5.43735],[-75.0453,5.43744],[-75.04539,5.43753],[-75.04548,5.43753],[-75.04611,5.43753],[-75.04674,5.43744],[-75.04963,5.43762],[-75.04972,5.43789],[-75.04981,5.43807],[-75.04999,5.43843],[-75.05008,5.43861],[-75.05018,5.43906],[-75.0502,5.43921],[-75.05027,5.43952],[-75.05036,5.43979],[-75.05036,5.44006],[-75.05036,5.44011],[-75.05036,5.44015],[-75.05045,5.44024],[-75.05054,5.44069],[-75.05063,5.44113],[-75.05063,5.44114],[-75.05072,5.44123],[-75.0509,5.44132],[-75.05108,5.44132],[-75.05126,5.44187],[-75.05135,5.44205],[-75.05144,5.44232],[-75.05153,5.44259],[-75.05199,5.44304],[-75.05199,5.44313],[-75.05201,5.44314],[-75.05218,5.44319],[-75.05253,5.44331],[-75.05271,5.44331],[-75.05271,5.4434],[-75.05334,5.44349],[-75.05346,5.44351],[-75.05397,5.44358],[-75.05415,5.44376],[-75.05433,5.44385],[-75.05451,5.44394],[-75.05479,5.44421],[-75.05488,5.44439],[-75.05497,5.44457],[-75.05506,5.44457],[-75.05515,5.44457],[-75.05533,5.44475],[-75.05542,5.44493],[-75.0556,5.44529],[-75.0556,5.44548],[-75.05569,5.44548],[-75.05578,5.44529],[-75.05596,5.44493],[-75.05614,5.44457],[-75.05623,5.44439],[-75.05641,5.44421],[-75.0565,5.44403],[-75.05668,5.44367],[-75.05686,5.4433],[-75.05704,5.44294],[-75.05713,5.44276],[-75.0574,5.44249],[-75.05758,5.4424],[-75.05776,5.44231],[-75.0583,5.44176],[-75.05848,5.44167],[-75.05866,5.44158],[-75.05893,5.44131],[-75.05902,5.44131],[-75.05902,5.44122],[-75.05893,5.44113],[-75.05885,5.44057],[-75.05884,5.4405],[-75.05875,5.43986],[-75.05866,5.43968],[-75.05857,5.4395],[-75.05848,5.43923],[-75.05848,5.43896],[-75.05857,5.43896],[-75.05866,5.43905],[-75.05884,5.43914],[-75.05902,5.43923],[-75.05947,5.43932],[-75.05986,5.43932],[-75.05992,5.43932],[-75.06001,5.43968],[-75.06028,5.43995],[-75.06046,5.44004],[-75.06082,5.44022],[-75.061,5.44031],[-75.06109,5.4404],[-75.06118,5.4404],[-75.06118,5.44031],[-75.06136,5.44013],[-75.06182,5.44004],[-75.06227,5.43995],[-75.06254,5.43986],[-75.06281,5.43977],[-75.0629,5.43968],[-75.06299,5.43968],[-75.06299,5.43977],[-75.06308,5.43986],[-75.06317,5.44004],[-75.06326,5.44022],[-75.06344,5.4404],[-75.06353,5.4404],[-75.06362,5.44094],[-75.06371,5.44112],[-75.0638,5.4413],[-75.06435,5.44184],[-75.06444,5.44203],[-75.06462,5.44239],[-75.0648,5.44275],[-75.06498,5.44311],[-75.06516,5.44347],[-75.06525,5.44365],[-75.06534,5.44365],[-75.06534,5.44374],[-75.06507,5.44401],[-75.06498,5.44437],[-75.06489,5.44474],[-75.0648,5.44492],[-75.06462,5.44528],[-75.06453,5.44546],[-75.06444,5.44546],[-75.06444,5.44555],[-75.06435,5.44564],[-75.06426,5.44582],[-75.06417,5.446],[-75.06414,5.44619],[-75.06408,5.44646],[-75.06399,5.44691],[-75.0639,5.44745],[-75.0639,5.44799],[-75.06472,5.44817],[-75.06499,5.44826],[-75.06535,5.44835],[-75.06571,5.44844],[-75.0676,5.44853],[-75.06815,5.4485],[-75.06832,5.44849],[-75.0695,5.44844],[-75.07085,5.44834],[-75.07163,5.44834],[-75.07221,5.44834],[-75.07275,5.44852],[-75.07293,5.44861],[-75.07338,5.44906],[-75.07347,5.44924],[-75.07347,5.44942],[-75.07383,5.44951],[-75.07383,5.4496],[-75.07401,5.4496],[-75.07419,5.44951],[-75.07446,5.44942],[-75.07473,5.44942],[-75.07473,5.44951],[-75.0748,5.44958],[-75.0748,5.44957],[-75.07477,5.44948],[-75.07476,5.44938],[-75.07475,5.44928],[-75.07464,5.449],[-75.07453,5.44871],[-75.07441,5.44843],[-75.07429,5.44815],[-75.07432,5.44813],[-75.07436,5.44811],[-75.07443,5.44808],[-75.0745,5.44805],[-75.07455,5.44803],[-75.07459,5.44802],[-75.07465,5.448],[-75.07469,5.44799],[-75.07475,5.44799],[-75.0748,5.44798],[-75.07484,5.44799],[-75.07487,5.44799],[-75.07492,5.448],[-75.07499,5.44801],[-75.07505,5.44803],[-75.07509,5.44804],[-75.07514,5.44804],[-75.07519,5.44805],[-75.07522,5.44804],[-75.07526,5.44804],[-75.07532,5.44803],[-75.07537,5.44801],[-75.07541,5.44799],[-75.07544,5.44797],[-75.07549,5.44794],[-75.07555,5.4479],[-75.07559,5.44786],[-75.07566,5.44779],[-75.07574,5.44771],[-75.07583,5.44761],[-75.07589,5.44754],[-75.07596,5.44748],[-75.076,5.44744],[-75.07606,5.44739],[-75.07611,5.44735],[-75.07615,5.44732],[-75.07618,5.4473],[-75.07624,5.44726],[-75.0763,5.44723],[-75.07635,5.44721],[-75.0764,5.44718],[-75.07644,5.44717],[-75.07646,5.44717],[-75.07634,5.4471],[-75.07624,5.44704],[-75.07613,5.44697],[-75.07605,5.44693],[-75.07597,5.44689],[-75.07588,5.44685],[-75.07581,5.44682],[-75.07572,5.44679],[-75.07569,5.44677],[-75.07565,5.44676],[-75.07559,5.44673],[-75.07555,5.44671],[-75.07547,5.44667],[-75.07534,5.4466],[-75.07526,5.44656],[-75.07519,5.44653],[-75.07512,5.4465],[-75.07457,5.44655],[-75.07403,5.4466],[-75.07389,5.44661],[-75.07374,5.44662],[-75.0736,5.44662],[-75.07346,5.44662],[-75.07331,5.4466],[-75.07317,5.44659],[-75.07303,5.44656],[-75.07289,5.44653],[-75.07275,5.44649],[-75.07261,5.44644],[-75.07248,5.44639],[-75.07245,5.44629],[-75.07242,5.44619],[-75.07238,5.44608],[-75.07233,5.44599],[-75.07228,5.44589],[-75.07223,5.4458],[-75.07217,5.44571],[-75.07211,5.44562],[-75.07223,5.44559],[-75.07235,5.44556],[-75.07247,5.44552],[-75.07263,5.44547],[-75.07278,5.44541],[-75.07293,5.44534],[-75.07308,5.44527],[-75.07322,5.44519],[-75.07337,5.4451],[-75.0735,5.44501],[-75.07364,5.44492],[-75.07365,5.4445],[-75.07364,5.44439],[-75.07363,5.44428],[-75.07361,5.44417],[-75.07359,5.44406],[-75.07355,5.4439],[-75.07352,5.44374],[-75.0735,5.44358],[-75.07347,5.44342],[-75.0734,5.44341],[-75.07332,5.44342],[-75.07324,5.44342],[-75.07316,5.44344],[-75.07309,5.44346],[-75.07301,5.44349],[-75.07294,5.44352],[-75.07287,5.44356],[-75.07281,5.44361],[-75.07275,5.44366],[-75.07269,5.44371],[-75.07269,5.44379],[-75.07269,5.44386],[-75.07268,5.44398],[-75.07267,5.44409],[-75.07265,5.44421],[-75.07262,5.44433],[-75.07258,5.44444],[-75.07254,5.44455],[-75.07249,5.44466],[-75.07244,5.44476],[-75.07238,5.44487],[-75.07231,5.44496],[-75.07224,5.44506],[-75.07216,5.44515],[-75.07208,5.44523],[-75.07199,5.44531],[-75.0719,5.44539],[-75.07181,5.44531],[-75.07172,5.44523],[-75.07163,5.44516],[-75.07155,5.44508],[-75.07147,5.445],[-75.07139,5.44491],[-75.07132,5.44482],[-75.07126,5.44472],[-75.07119,5.44461],[-75.07109,5.44447],[-75.07072,5.44408],[-75.07067,5.444],[-75.07061,5.44391],[-75.07056,5.44383],[-75.07051,5.44375],[-75.07046,5.44367],[-75.07042,5.44358],[-75.07038,5.4435],[-75.07035,5.44341],[-75.07032,5.44332],[-75.0703,5.44322],[-75.07024,5.44305],[-75.07017,5.44287],[-75.0701,5.44269],[-75.07002,5.44252],[-75.06993,5.44236],[-75.06984,5.44219],[-75.06974,5.44203],[-75.06964,5.44187],[-75.06953,5.44172],[-75.06949,5.44166],[-75.06945,5.44162],[-75.06938,5.44152],[-75.06931,5.44142],[-75.06925,5.4413],[-75.06919,5.44119],[-75.06917,5.44102],[-75.06916,5.44085],[-75.06914,5.4407],[-75.06911,5.44056],[-75.06909,5.44055],[-75.06913,5.4403],[-75.06915,5.44013],[-75.06921,5.43961],[-75.06926,5.43909],[-75.06931,5.43903],[-75.06936,5.43895],[-75.06941,5.43887],[-75.06945,5.43879],[-75.06949,5.4387],[-75.06952,5.43861],[-75.06954,5.43851],[-75.06955,5.43842],[-75.06956,5.43833],[-75.06961,5.43822],[-75.06965,5.4381],[-75.06969,5.43799],[-75.06972,5.43787],[-75.06974,5.43775],[-75.06976,5.43763],[-75.06977,5.4375],[-75.06977,5.43738],[-75.06976,5.43726],[-75.06975,5.43714],[-75.06974,5.43707],[-75.0697,5.43691],[-75.06975,5.43679],[-75.06982,5.43668],[-75.07002,5.43641],[-75.07006,5.43628],[-75.06999,5.43612],[-75.06999,5.43606],[-75.06999,5.43594],[-75.06999,5.43579],[-75.06999,5.43566],[-75.07006,5.43544],[-75.07002,5.43525],[-75.06993,5.43498],[-75.06991,5.43457],[-75.06999,5.43417],[-75.06997,5.43402],[-75.06997,5.43389],[-75.06999,5.43385],[-75.07003,5.43377],[-75.07001,5.43371],[-75.07,5.43362],[-75.07004,5.43355],[-75.07009,5.43346],[-75.0701,5.43338],[-75.07011,5.4333],[-75.07006,5.43314],[-75.07003,5.43304],[-75.07003,5.43302],[-75.0698,5.4329],[-75.06956,5.43282],[-75.06939,5.43275],[-75.06923,5.43259],[-75.06892,5.43235],[-75.06867,5.43229],[-75.06851,5.43221],[-75.06849,5.43216],[-75.06812,5.43248],[-75.06806,5.43253],[-75.06801,5.43257],[-75.06795,5.4326],[-75.06789,5.43263],[-75.06782,5.43265],[-75.06775,5.43267],[-75.06768,5.43267],[-75.06762,5.43267],[-75.06755,5.43267],[-75.06731,5.43267],[-75.06706,5.43269],[-75.06682,5.4327],[-75.06658,5.43273],[-75.06634,5.43276],[-75.06611,5.4328],[-75.06595,5.43284],[-75.0658,5.43287],[-75.06566,5.43289],[-75.06552,5.43291],[-75.06538,5.43293],[-75.06523,5.43294],[-75.06512,5.43294],[-75.06501,5.43292],[-75.06491,5.4329],[-75.0648,5.43289],[-75.06469,5.43288],[-75.06459,5.43288],[-75.06448,5.43288],[-75.06437,5.4329],[-75.06427,5.43291],[-75.06416,5.43294],[-75.06406,5.43297],[-75.06396,5.43301],[-75.06386,5.43305],[-75.06376,5.43309],[-75.06363,5.43314],[-75.0635,5.43317],[-75.06337,5.4332],[-75.06323,5.43323],[-75.0631,5.43325],[-75.06298,5.43328],[-75.06287,5.43331],[-75.06276,5.43335],[-75.06265,5.4334],[-75.06254,5.43345],[-75.06244,5.43351],[-75.06234,5.43357],[-75.06224,5.43364],[-75.06215,5.43371],[-75.06206,5.43379],[-75.06197,5.43388],[-75.06189,5.43396],[-75.06181,5.43406],[-75.06174,5.43415],[-75.06171,5.43412],[-75.06168,5.43409],[-75.06165,5.43405],[-75.06161,5.434],[-75.06159,5.43396],[-75.06155,5.43389],[-75.06152,5.43382],[-75.06144,5.43392],[-75.06138,5.43395],[-75.06131,5.43398],[-75.06124,5.43401],[-75.06117,5.43403],[-75.0611,5.43404],[-75.06103,5.43404],[-75.06095,5.43404],[-75.06088,5.43403],[-75.06082,5.43402],[-75.06076,5.43401],[-75.06073,5.434],[-75.06061,5.43399],[-75.06049,5.43399],[-75.06037,5.43399],[-75.06024,5.43399],[-75.06012,5.434],[-75.06,5.43402],[-75.06001,5.43406],[-75.06001,5.4341],[-75.06001,5.43414],[-75.06001,5.43418],[-75.06,5.43422],[-75.05998,5.43426],[-75.05995,5.4343],[-75.05993,5.43434],[-75.05989,5.43437],[-75.05985,5.4344],[-75.05981,5.43442],[-75.05977,5.43443],[-75.05972,5.43444],[-75.05968,5.43444],[-75.05963,5.43444],[-75.05959,5.43443],[-75.05955,5.43441],[-75.05944,5.43453],[-75.05934,5.43466],[-75.05924,5.43478],[-75.05915,5.43492],[-75.05906,5.43505],[-75.05905,5.43525],[-75.05911,5.43547],[-75.05911,5.43563],[-75.059,5.43587],[-75.05883,5.43611],[-75.05873,5.43623],[-75.05861,5.43635],[-75.0586,5.43635],[-75.05852,5.43636],[-75.05847,5.43636],[-75.05843,5.43636],[-75.0584,5.43635],[-75.05837,5.43635],[-75.05833,5.43634],[-75.05826,5.43633],[-75.0582,5.43631],[-75.05812,5.43629],[-75.05805,5.43628],[-75.05799,5.43627],[-75.05795,5.43627],[-75.05789,5.43627],[-75.05785,5.43627],[-75.05779,5.43627],[-75.05767,5.43628],[-75.05755,5.43629],[-75.05748,5.4363],[-75.05748,5.43631],[-75.05748,5.43633],[-75.05747,5.43642],[-75.05747,5.43642],[-75.05747,5.43643],[-75.05747,5.43644],[-75.05746,5.43644],[-75.05746,5.43644],[-75.05745,5.43645],[-75.05636,5.43717],[-75.05636,5.43717],[-75.05635,5.43717],[-75.05635,5.43717],[-75.05634,5.43717],[-75.05633,5.43717],[-75.05633,5.43717],[-75.05632,5.43717],[-75.05632,5.43716],[-75.05571,5.43675],[-75.05571,5.43675],[-75.05568,5.43677],[-75.05555,5.43684],[-75.05553,5.43685],[-75.05542,5.43692],[-75.05533,5.43697],[-75.05528,5.43701],[-75.05524,5.43703],[-75.05521,5.43706],[-75.05516,5.43711],[-75.0551,5.43718],[-75.05502,5.43729],[-75.05493,5.4374],[-75.05488,5.43747],[-75.05485,5.43753],[-75.05483,5.43757],[-75.05482,5.43758],[-75.05479,5.43748],[-75.05476,5.43738],[-75.05473,5.43728],[-75.05472,5.43718],[-75.05471,5.43708],[-75.05472,5.43702],[-75.05473,5.43696],[-75.05474,5.4369],[-75.05473,5.43684],[-75.05472,5.43678],[-75.05471,5.43672],[-75.05468,5.43672],[-75.05457,5.43667],[-75.05451,5.43658],[-75.0545,5.43656],[-75.05443,5.43641],[-75.05434,5.43624],[-75.05431,5.43606],[-75.05431,5.43593],[-75.05426,5.43577],[-75.05439,5.43563],[-75.05441,5.43563],[-75.05442,5.43564],[-75.05444,5.43565],[-75.05445,5.43567],[-75.05447,5.43567],[-75.05449,5.43567],[-75.05451,5.43567],[-75.05452,5.43566],[-75.05454,5.43565],[-75.05455,5.43564],[-75.05457,5.43562],[-75.05457,5.43561],[-75.05458,5.43559],[-75.05458,5.43557],[-75.05459,5.43555],[-75.05458,5.43554],[-75.05458,5.43552],[-75.05457,5.4355],[-75.05456,5.43549],[-75.05454,5.43547],[-75.05453,5.43546],[-75.05461,5.43544],[-75.05469,5.43541],[-75.05477,5.43537],[-75.05485,5.43532],[-75.05495,5.43531],[-75.05501,5.43513],[-75.05461,5.43432],[-75.05326,5.43502],[-75.05325,5.43503],[-75.05325,5.43503],[-75.05324,5.43503],[-75.05323,5.43503],[-75.05323,5.43503],[-75.05322,5.43502],[-75.05322,5.43502],[-75.05293,5.4348],[-75.05293,5.4348],[-75.05285,5.43485],[-75.05276,5.43492],[-75.05264,5.43501],[-75.05254,5.43509],[-75.05248,5.43512],[-75.05245,5.43515],[-75.05239,5.43518],[-75.05231,5.43523],[-75.05222,5.43528],[-75.05216,5.43531],[-75.05211,5.43534],[-75.05207,5.43537],[-75.05202,5.4354],[-75.05196,5.43545],[-75.05172,5.43554],[-75.05148,5.43561],[-75.05125,5.43568],[-75.05101,5.43575],[-75.05078,5.43581],[-75.05055,5.43586],[-75.0505,5.43584],[-75.05046,5.43583],[-75.05039,5.43582],[-75.05031,5.43581],[-75.05024,5.43581],[-75.05016,5.43582],[-75.05008,5.43583],[-75.05001,5.43585],[-75.04994,5.43588],[-75.04987,5.4359],[-75.04981,5.43594],[-75.04976,5.43598],[-75.0497,5.43602],[-75.04902,5.4365],[-75.04898,5.43645],[-75.04894,5.43638],[-75.04895,5.43628],[-75.04898,5.43612],[-75.04894,5.436],[-75.04885,5.43589],[-75.04875,5.43582],[-75.04868,5.43575],[-75.04862,5.43567],[-75.04855,5.43554],[-75.04847,5.43539],[-75.0484,5.43524],[-75.04836,5.43516],[-75.04823,5.4349],[-75.0482,5.43485],[-75.04815,5.43485],[-75.04813,5.43488],[-75.04812,5.43493],[-75.04811,5.43494],[-75.04804,5.43501],[-75.04799,5.43505],[-75.04791,5.4351],[-75.04778,5.43512],[-75.04761,5.43512],[-75.04755,5.43512],[-75.04734,5.43508],[-75.04724,5.43504],[-75.04714,5.43503],[-75.04704,5.43489],[-75.04695,5.43479],[-75.04691,5.43473],[-75.04685,5.43467],[-75.04669,5.43477],[-75.04657,5.43476],[-75.04647,5.43473],[-75.04641,5.43474],[-75.04635,5.43476],[-75.04627,5.43483],[-75.04627,5.43487],[-75.04636,5.43501],[-75.04635,5.43511],[-75.04631,5.43509],[-75.04625,5.43509],[-75.04623,5.43513],[-75.04618,5.43521],[-75.04588,5.43518],[-75.04582,5.43519],[-75.04578,5.43525],[-75.04577,5.43532],[-75.04581,5.43544],[-75.04581,5.43553],[-75.04577,5.43558],[-75.04571,5.43558],[-75.04566,5.43548],[-75.04565,5.43541],[-75.04559,5.4353],[-75.04544,5.43519],[-75.04533,5.4352],[-75.04524,5.4352],[-75.04516,5.43521],[-75.04508,5.43515],[-75.04503,5.43503],[-75.045,5.43493],[-75.04463,5.43467],[-75.04441,5.43451],[-75.0442,5.43438],[-75.04409,5.43437],[-75.04398,5.43437],[-75.04367,5.43434],[-75.04361,5.43433],[-75.04356,5.43439],[-75.04338,5.43461],[-75.04319,5.43482],[-75.043,5.43503],[-75.0428,5.43524],[-75.0426,5.43544],[-75.04239,5.43564],[-75.04229,5.43568],[-75.0422,5.43573],[-75.0421,5.43578],[-75.04201,5.43584],[-75.04193,5.4359],[-75.04185,5.43597],[-75.04177,5.43605],[-75.0417,5.43613],[-75.04145,5.43623],[-75.0412,5.43633],[-75.04096,5.43642],[-75.0407,5.43651],[-75.04045,5.43659],[-75.04033,5.43659],[-75.04017,5.43659],[-75.04004,5.43658],[-75.03987,5.43657],[-75.0397,5.43656],[-75.03953,5.43654],[-75.03943,5.43654],[-75.03931,5.43653],[-75.03922,5.43653],[-75.03915,5.43653],[-75.03905,5.43654],[-75.03897,5.43654],[-75.03892,5.43655],[-75.03886,5.43656],[-75.03881,5.43657],[-75.03877,5.43658],[-75.03874,5.43659],[-75.03867,5.43663],[-75.03853,5.43671],[-75.03844,5.43675],[-75.03839,5.43678],[-75.03834,5.4368],[-75.03832,5.4368],[-75.03829,5.43681],[-75.03825,5.43682],[-75.03822,5.43683],[-75.03819,5.43683],[-75.03816,5.43683],[-75.03814,5.43683],[-75.0381,5.43682],[-75.03808,5.43681],[-75.03806,5.4368],[-75.03804,5.43678],[-75.03801,5.43675],[-75.03797,5.43671],[-75.03795,5.43667],[-75.03792,5.43661],[-75.03789,5.43656],[-75.03786,5.4365],[-75.03784,5.43647],[-75.03781,5.43643],[-75.03779,5.4364],[-75.03776,5.43637],[-75.03774,5.43635],[-75.0377,5.43632],[-75.03767,5.4363],[-75.03765,5.43629],[-75.03762,5.43628],[-75.03759,5.43627],[-75.03757,5.43627],[-75.03754,5.43627],[-75.03752,5.43627],[-75.03748,5.43628],[-75.03746,5.43629],[-75.03742,5.4363],[-75.03738,5.43632],[-75.03732,5.43636],[-75.03725,5.4364],[-75.03716,5.43646],[-75.03708,5.43651],[-75.03699,5.43656],[-75.03691,5.43661],[-75.03679,5.43666],[-75.03671,5.43671],[-75.03665,5.43673],[-75.03659,5.43675],[-75.03652,5.43677],[-75.03647,5.43678],[-75.03642,5.43679],[-75.03637,5.4368],[-75.0363,5.4368],[-75.03625,5.4368],[-75.03618,5.43681],[-75.03603,5.43681],[-75.0359,5.43681],[-75.03567,5.43681],[-75.03537,5.43682],[-75.03516,5.43682],[-75.03496,5.43683],[-75.03484,5.43683],[-75.03477,5.43684],[-75.03471,5.43684],[-75.03466,5.43685],[-75.03462,5.43686],[-75.03459,5.43687],[-75.03456,5.43688],[-75.03455,5.43689],[-75.03453,5.4369],[-75.03451,5.43692],[-75.03448,5.43694],[-75.03447,5.43696],[-75.03445,5.43698],[-75.03444,5.437],[-75.03443,5.43702],[-75.03441,5.43706],[-75.0344,5.4371],[-75.03439,5.43714],[-75.03438,5.43721],[-75.03437,5.4373],[-75.03436,5.43736],[-75.03436,5.43744],[-75.03437,5.43753],[-75.03437,5.43766],[-75.03438,5.43777],[-75.03438,5.43789],[-75.03438,5.43799],[-75.03437,5.4381],[-75.03437,5.43821],[-75.03436,5.43827],[-75.03435,5.43835],[-75.03434,5.4384],[-75.03433,5.43847],[-75.03431,5.43852],[-75.0343,5.43856],[-75.03427,5.43863],[-75.03421,5.43874],[-75.03416,5.43885],[-75.03408,5.43899],[-75.03403,5.43908],[-75.034,5.43914],[-75.03394,5.43922],[-75.03385,5.43934],[-75.03378,5.43942],[-75.03371,5.43951],[-75.03366,5.43956],[-75.0336,5.43961],[-75.03353,5.43967],[-75.03344,5.43974],[-75.03338,5.43978],[-75.03335,5.4398],[-75.03332,5.43983],[-75.03329,5.43987],[-75.03328,5.43989],[-75.03326,5.43991],[-75.03325,5.43995],[-75.03324,5.43999],[-75.03323,5.44002],[-75.03323,5.44008],[-75.03323,5.44015],[-75.03322,5.44018],[-75.03322,5.4402],[-75.03321,5.44023],[-75.03321,5.44024],[-75.0332,5.44025],[-75.0332,5.44026],[-75.03318,5.44029],[-75.03316,5.44033],[-75.03313,5.44037],[-75.0331,5.4404],[-75.03307,5.44043],[-75.03301,5.44048],[-75.03289,5.44057],[-75.03286,5.4406],[-75.03282,5.44063],[-75.03278,5.44068],[-75.03272,5.44074],[-75.03266,5.44081],[-75.03262,5.44086],[-75.03258,5.4409],[-75.03252,5.44095],[-75.03247,5.44099],[-75.03243,5.44102],[-75.03239,5.44107],[-75.03233,5.44114],[-75.0323,5.44117],[-75.03229,5.44119],[-75.03227,5.44121],[-75.03224,5.44122],[-75.03222,5.44123],[-75.03217,5.44124],[-75.03213,5.44125],[-75.03209,5.44125],[-75.03206,5.44125],[-75.03202,5.44125],[-75.03199,5.44124],[-75.03194,5.44123],[-75.03189,5.44121],[-75.03186,5.44121],[-75.03182,5.4412],[-75.03178,5.4412],[-75.03173,5.44121],[-75.03171,5.44121],[-75.03167,5.44122],[-75.03162,5.44122],[-75.03157,5.44124],[-75.03153,5.44125],[-75.0315,5.44127],[-75.03147,5.44128],[-75.03144,5.4413],[-75.03142,5.44132],[-75.03138,5.44135],[-75.03134,5.4414],[-75.0313,5.44143],[-75.03128,5.44147],[-75.03125,5.44151],[-75.03123,5.44155],[-75.03121,5.44157],[-75.0312,5.4416],[-75.03118,5.44166],[-75.03116,5.44171],[-75.03114,5.44179],[-75.03111,5.44189],[-75.03107,5.44205],[-75.03104,5.44215],[-75.03102,5.44221],[-75.031,5.44226],[-75.03097,5.44231],[-75.03096,5.44234],[-75.03093,5.44237],[-75.03091,5.44239],[-75.03089,5.44241],[-75.03089,5.44241],[-75.03087,5.44242],[-75.03084,5.44244],[-75.03081,5.44246],[-75.03075,5.44248],[-75.03069,5.44249],[-75.03064,5.4425],[-75.0306,5.44251],[-75.03055,5.44251],[-75.03051,5.4425],[-75.03042,5.44249],[-75.0303,5.44248],[-75.03022,5.44247],[-75.03017,5.44247],[-75.03014,5.44246],[-75.03012,5.44246],[-75.0301,5.44245],[-75.03007,5.44243],[-75.03003,5.44239],[-75.03,5.44237],[-75.02997,5.44235],[-75.02995,5.44234],[-75.02992,5.44232],[-75.02989,5.44231],[-75.02985,5.4423],[-75.02983,5.4423],[-75.02981,5.4423],[-75.02977,5.44231],[-75.02973,5.44232],[-75.0297,5.44233],[-75.02966,5.44235],[-75.02962,5.44236],[-75.0296,5.44238],[-75.02958,5.44239],[-75.02954,5.44242],[-75.0295,5.44245],[-75.02943,5.44251],[-75.02933,5.44259],[-75.02926,5.44265],[-75.02918,5.44271],[-75.02913,5.44275],[-75.02906,5.44279],[-75.029,5.44282],[-75.02895,5.44284],[-75.02889,5.44287],[-75.02881,5.44289],[-75.02876,5.44291],[-75.0287,5.44295],[-75.02858,5.44301],[-75.02845,5.44308],[-75.02837,5.44312],[-75.02833,5.44314],[-75.0283,5.44315],[-75.02827,5.44316],[-75.02822,5.44317],[-75.02815,5.44317],[-75.02802,5.44317],[-75.02788,5.44317],[-75.02781,5.44318],[-75.02777,5.44318],[-75.02761,5.44319],[-75.02751,5.4432],[-75.02739,5.44321],[-75.02729,5.44321],[-75.02723,5.44321],[-75.02718,5.44321],[-75.02715,5.4432],[-75.02712,5.44319],[-75.02706,5.44318],[-75.027,5.44316],[-75.02689,5.44313],[-75.02681,5.4431],[-75.02675,5.44309],[-75.02668,5.44307],[-75.0266,5.44306],[-75.02652,5.44305],[-75.02645,5.44305],[-75.02642,5.44304],[-75.02638,5.44303],[-75.02635,5.44302],[-75.02632,5.443],[-75.0263,5.44299],[-75.02628,5.44297],[-75.0262,5.4429],[-75.02614,5.44285],[-75.02609,5.44282],[-75.02604,5.44279],[-75.02598,5.44276],[-75.02594,5.44274],[-75.02591,5.44273],[-75.02586,5.44272],[-75.02581,5.44271],[-75.02578,5.44271],[-75.02574,5.44272],[-75.0257,5.44273],[-75.02567,5.44274],[-75.02564,5.44276],[-75.0256,5.44278],[-75.02555,5.44282],[-75.0255,5.44285],[-75.02545,5.4429],[-75.0254,5.44295],[-75.02536,5.44299],[-75.02533,5.44304],[-75.02532,5.44306],[-75.0253,5.44308],[-75.02528,5.44311],[-75.02525,5.44314],[-75.02522,5.44316],[-75.02518,5.44319],[-75.02513,5.44322],[-75.02508,5.44325],[-75.02504,5.44326],[-75.025,5.4433],[-75.02496,5.44333],[-75.02494,5.44335],[-75.02487,5.44337],[-75.02483,5.44338],[-75.02475,5.4434],[-75.02461,5.44343],[-75.02454,5.44344],[-75.0244,5.44346],[-75.02427,5.44347],[-75.02419,5.44348],[-75.02405,5.44349],[-75.02399,5.44349],[-75.02389,5.44349],[-75.02382,5.44348],[-75.02378,5.44348],[-75.02372,5.44346],[-75.02361,5.44343],[-75.02356,5.44342],[-75.02352,5.44341],[-75.0235,5.44341],[-75.02344,5.44341],[-75.02338,5.44342],[-75.02334,5.44342],[-75.0233,5.44343],[-75.02327,5.44345],[-75.02326,5.44346],[-75.02324,5.44348],[-75.02323,5.44349],[-75.02321,5.44352],[-75.02318,5.44358],[-75.02313,5.44372],[-75.02309,5.44382],[-75.02301,5.44403],[-75.0229,5.44432],[-75.02285,5.44444],[-75.02279,5.44457],[-75.02276,5.44463],[-75.02272,5.44472],[-75.02268,5.4448],[-75.02266,5.44485],[-75.02261,5.44492],[-75.02257,5.44499],[-75.02254,5.44503],[-75.0225,5.44508],[-75.02246,5.44512],[-75.02244,5.44514],[-75.02242,5.44516],[-75.02238,5.44519],[-75.02234,5.44522],[-75.02229,5.44525],[-75.02226,5.44527],[-75.02226,5.44527],[-75.02221,5.44531],[-75.02218,5.44533],[-75.02214,5.44537],[-75.0221,5.44541],[-75.02208,5.44543],[-75.02205,5.44547],[-75.02204,5.44549],[-75.02202,5.44552],[-75.02199,5.44557],[-75.02197,5.44564],[-75.02196,5.44567],[-75.02195,5.44571],[-75.02193,5.4458],[-75.02192,5.44589],[-75.02191,5.44595],[-75.0219,5.44607],[-75.0219,5.44612],[-75.0219,5.4462],[-75.0219,5.44628],[-75.02191,5.44633],[-75.02192,5.44644],[-75.02194,5.44655],[-75.02197,5.44672],[-75.02198,5.44681],[-75.02199,5.4469],[-75.022,5.44695],[-75.022,5.44703],[-75.022,5.44715],[-75.022,5.44724],[-75.02199,5.44728],[-75.02199,5.44735],[-75.02198,5.44742],[-75.02195,5.44755],[-75.02192,5.44769],[-75.02188,5.44785],[-75.02187,5.44793],[-75.02184,5.44807],[-75.02183,5.44814],[-75.02182,5.44822],[-75.02181,5.44829],[-75.02181,5.44832],[-75.02182,5.44838],[-75.02183,5.4484],[-75.02184,5.44843],[-75.02185,5.44845],[-75.02187,5.44848],[-75.02189,5.4485],[-75.0219,5.44852],[-75.02193,5.44855],[-75.02196,5.44857],[-75.02203,5.44862],[-75.02216,5.44872],[-75.02222,5.44877],[-75.02224,5.44879],[-75.02227,5.44882],[-75.02228,5.44884],[-75.02229,5.44886],[-75.0223,5.44888],[-75.02231,5.4489],[-75.02231,5.44893],[-75.02232,5.44899],[-75.02232,5.44902],[-75.02232,5.44908],[-75.02232,5.44914],[-75.02232,5.44917],[-75.02231,5.44923],[-75.0223,5.44927],[-75.02229,5.4493],[-75.02228,5.44932],[-75.02226,5.44935],[-75.02225,5.44937],[-75.02223,5.4494],[-75.02219,5.44944],[-75.02217,5.44946],[-75.02213,5.44949],[-75.02207,5.44954],[-75.02204,5.4495],[-75.022,5.44945],[-75.02198,5.44943],[-75.02198,5.44942],[-75.02196,5.44942],[-75.02195,5.44942],[-75.02192,5.44941],[-75.02189,5.44941],[-75.02186,5.44942],[-75.02185,5.44942],[-75.02182,5.44943],[-75.02176,5.44945],[-75.02168,5.44949],[-75.02164,5.44952],[-75.02157,5.44957],[-75.02149,5.44963],[-75.02145,5.44966],[-75.02141,5.4497],[-75.02133,5.44978],[-75.02125,5.44987],[-75.0212,5.44994],[-75.02108,5.45007],[-75.02096,5.45022],[-75.02077,5.45046],[-75.02076,5.45047],[-75.0207,5.45055],[-75.02063,5.45064],[-75.02057,5.45072],[-75.02054,5.45077],[-75.0205,5.45084],[-75.02048,5.45088],[-75.02045,5.45093],[-75.02044,5.45098],[-75.02043,5.45101],[-75.02041,5.45106],[-75.02041,5.45108],[-75.02041,5.45112],[-75.0204,5.45114],[-75.02041,5.45117],[-75.02041,5.45118],[-75.02041,5.45119],[-75.02042,5.45121],[-75.02044,5.45123],[-75.02047,5.45127],[-75.02057,5.45137],[-75.02061,5.45142],[-75.02063,5.45145],[-75.02066,5.4515],[-75.02069,5.45156],[-75.0207,5.45159],[-75.02073,5.45167],[-75.02074,5.45172],[-75.02075,5.45174],[-75.02075,5.45177],[-75.02075,5.4518],[-75.02074,5.45181],[-75.02072,5.45185],[-75.0207,5.45188],[-75.02069,5.45189],[-75.02067,5.45192],[-75.02065,5.45193],[-75.02064,5.45194],[-75.02062,5.45195],[-75.02055,5.45198],[-75.02032,5.45209],[-75.0202,5.45214],[-75.02011,5.45219],[-75.02005,5.45223],[-75.01996,5.45229],[-75.01986,5.45236],[-75.01981,5.45239],[-75.01972,5.45246],[-75.01952,5.45262],[-75.01943,5.45269],[-75.01934,5.45275],[-75.01929,5.45277],[-75.01926,5.45279],[-75.01921,5.45281],[-75.01916,5.45283],[-75.01913,5.45284],[-75.01911,5.45284],[-75.01907,5.45284],[-75.01902,5.45284],[-75.01898,5.45283],[-75.01892,5.45282],[-75.01888,5.45281],[-75.01882,5.45279],[-75.0188,5.45278],[-75.01873,5.45276],[-75.01867,5.45274],[-75.01854,5.45268],[-75.01835,5.45258],[-75.01803,5.45243],[-75.01788,5.45236],[-75.0178,5.45232],[-75.01766,5.45226],[-75.01752,5.45221],[-75.01743,5.45218],[-75.01737,5.45216],[-75.0173,5.45214],[-75.01726,5.45213],[-75.01713,5.4521],[-75.01708,5.45209],[-75.01697,5.45207],[-75.01688,5.45205],[-75.01676,5.45204],[-75.0167,5.45203],[-75.01664,5.45203],[-75.01652,5.45202],[-75.01641,5.45202],[-75.01634,5.45203],[-75.01629,5.45203],[-75.01621,5.45204],[-75.01613,5.45205],[-75.01609,5.45206],[-75.01604,5.45207],[-75.01596,5.45209],[-75.01593,5.45211],[-75.01587,5.45214],[-75.01584,5.45215],[-75.01579,5.45219],[-75.01574,5.45223],[-75.01572,5.45225],[-75.01569,5.45228],[-75.01568,5.45229],[-75.01566,5.45232],[-75.01562,5.45238],[-75.01557,5.45245],[-75.01554,5.4525],[-75.0155,5.45257],[-75.01548,5.45261],[-75.01545,5.45269],[-75.01543,5.45273],[-75.0154,5.4528],[-75.01536,5.45291],[-75.01531,5.45303],[-75.01529,5.4531],[-75.01527,5.45317],[-75.01524,5.45331],[-75.01516,5.45359],[-75.01513,5.4537],[-75.01512,5.45374],[-75.01509,5.45382],[-75.01508,5.45384],[-75.01507,5.45387],[-75.01505,5.4539],[-75.01503,5.45391],[-75.01501,5.45394],[-75.01499,5.45395],[-75.01495,5.45398],[-75.01491,5.454],[-75.01482,5.45405],[-75.01477,5.45408],[-75.01474,5.45409],[-75.01471,5.45412],[-75.01468,5.45415],[-75.01467,5.45417],[-75.01466,5.45418],[-75.01464,5.45422],[-75.01463,5.45426],[-75.01462,5.45429],[-75.01462,5.45434],[-75.01461,5.45439],[-75.01461,5.45441],[-75.01462,5.45443],[-75.01462,5.45446],[-75.01463,5.45448],[-75.01464,5.45449],[-75.01467,5.45452],[-75.01473,5.45457],[-75.01475,5.4546],[-75.01476,5.45462],[-75.01476,5.45464],[-75.01476,5.45466],[-75.01474,5.45471],[-75.01472,5.45476],[-75.0147,5.4548],[-75.0147,5.45481],[-75.01467,5.45485],[-75.01464,5.4549],[-75.01463,5.45493],[-75.01457,5.45499],[-75.01455,5.45502],[-75.01452,5.45504],[-75.01446,5.45507],[-75.01446,5.45507],[-75.01445,5.45508],[-75.01444,5.45508],[-75.01441,5.4551],[-75.01438,5.45511],[-75.0143,5.45514],[-75.01422,5.45516],[-75.01412,5.45519],[-75.01407,5.4552],[-75.01403,5.45522],[-75.01396,5.45525],[-75.01391,5.45527],[-75.01387,5.4553],[-75.01385,5.45531],[-75.01383,5.45533],[-75.01383,5.45533],[-75.01382,5.45533],[-75.01379,5.45536],[-75.01376,5.45539],[-75.01374,5.45541],[-75.01374,5.45541],[-75.01374,5.45541],[-75.0137,5.45547],[-75.01366,5.45553],[-75.01362,5.45561],[-75.0136,5.45566],[-75.01357,5.45572],[-75.01354,5.45576],[-75.0135,5.45582],[-75.01347,5.45585],[-75.01345,5.45587],[-75.01342,5.4559],[-75.01339,5.45591],[-75.01338,5.45591],[-75.01335,5.45592],[-75.01331,5.45592],[-75.01331,5.45592],[-75.01329,5.45592],[-75.01326,5.45592],[-75.01325,5.45591],[-75.01324,5.4559],[-75.01312,5.45581],[-75.01292,5.45565],[-75.01278,5.45555],[-75.01256,5.45538],[-75.01235,5.45522],[-75.01224,5.45514],[-75.01209,5.45503],[-75.01195,5.45492],[-75.01188,5.45488],[-75.01182,5.45484],[-75.01172,5.45476],[-75.01165,5.45472],[-75.01158,5.45468],[-75.01154,5.45466],[-75.01149,5.45464],[-75.01146,5.45463],[-75.01143,5.45462],[-75.0114,5.45461],[-75.01136,5.4546],[-75.01129,5.45459],[-75.01125,5.45459],[-75.01122,5.45459],[-75.01117,5.4546],[-75.01114,5.4546],[-75.01108,5.45461],[-75.01103,5.45463],[-75.01096,5.45466],[-75.01048,5.45489],[-75.01045,5.45492],[-75.01036,5.45497],[-75.01028,5.45502],[-75.01024,5.45504],[-75.01021,5.45506],[-75.01015,5.45511],[-75.0101,5.45515],[-75.01007,5.45518],[-75.01001,5.45524],[-75.00995,5.4553],[-75.00992,5.45534],[-75.00991,5.45534],[-75.00979,5.45542],[-75.00965,5.45578],[-75.00965,5.4561],[-75.00965,5.45613],[-75.00964,5.45625],[-75.00964,5.45629],[-75.00961,5.45664],[-75.00952,5.45703],[-75.00938,5.45729],[-75.00909,5.4576],[-75.00907,5.45763],[-75.00865,5.45792],[-75.0084,5.45804],[-75.00809,5.45804],[-75.00781,5.45802],[-75.00775,5.45802],[-75.00755,5.45802],[-75.00765,5.45824],[-75.0077,5.45835],[-75.00776,5.45851],[-75.0078,5.4586],[-75.00787,5.45877],[-75.00792,5.45891],[-75.00795,5.459],[-75.00797,5.45906],[-75.008,5.45917],[-75.00802,5.45923],[-75.00805,5.45935],[-75.00807,5.45942],[-75.00811,5.45962],[-75.00812,5.45968],[-75.00815,5.45979],[-75.00816,5.45984],[-75.00818,5.45992],[-75.0082,5.45998],[-75.00823,5.46009],[-75.00827,5.4602],[-75.00834,5.46041],[-75.00839,5.46057],[-75.00841,5.46064],[-75.00842,5.46069],[-75.00844,5.46078],[-75.00846,5.46087],[-75.00847,5.46094],[-75.00848,5.46104],[-75.0085,5.46112],[-75.0085,5.46116],[-75.00852,5.46121],[-75.00853,5.46126],[-75.00855,5.46129],[-75.00857,5.46136],[-75.00859,5.46139],[-75.00863,5.46145],[-75.00864,5.46147],[-75.00868,5.46152],[-75.00871,5.46156],[-75.00875,5.4616],[-75.00876,5.46162],[-75.0088,5.46166],[-75.00883,5.46169],[-75.00889,5.46175],[-75.00894,5.46178],[-75.00902,5.46186],[-75.00909,5.46191],[-75.0092,5.46199],[-75.0093,5.46207],[-75.00934,5.46209],[-75.00934,5.46214],[-75.00934,5.46227],[-75.00935,5.4624],[-75.00936,5.46252],[-75.00938,5.46265],[-75.0094,5.46277],[-75.00943,5.46289],[-75.00946,5.463],[-75.0095,5.46312],[-75.00954,5.46323],[-75.00959,5.46334],[-75.00964,5.46345],[-75.00964,5.46348],[-75.00964,5.46348],[-75.00964,5.46348],[-75.00965,5.46352],[-75.00964,5.46356],[-75.00963,5.4636],[-75.00962,5.46363],[-75.0096,5.46366],[-75.00958,5.46369],[-75.00955,5.46372],[-75.00952,5.46374],[-75.00948,5.46376],[-75.00945,5.46377],[-75.00941,5.46377],[-75.00937,5.46377],[-75.0093,5.46378],[-75.00923,5.46378],[-75.00917,5.4638],[-75.0091,5.46381],[-75.00904,5.46384],[-75.00898,5.46387],[-75.00892,5.46391],[-75.00887,5.46395],[-75.00887,5.46404],[-75.00888,5.46412],[-75.0089,5.46421],[-75.00892,5.46429],[-75.00895,5.46437],[-75.00899,5.46445],[-75.00904,5.46452],[-75.00908,5.4646],[-75.00916,5.46464],[-75.00923,5.46468],[-75.00931,5.46472],[-75.0094,5.46475],[-75.00948,5.46478],[-75.00956,5.46479],[-75.00961,5.46483],[-75.00965,5.46486],[-75.00969,5.4649],[-75.00973,5.46495],[-75.00976,5.465],[-75.00978,5.46505],[-75.0098,5.4651],[-75.00983,5.46523],[-75.00986,5.46536],[-75.00988,5.46549],[-75.0099,5.46563],[-75.00991,5.46576],[-75.00992,5.46589],[-75.00992,5.46603],[-75.00991,5.46616],[-75.00986,5.46615],[-75.00974,5.46613],[-75.00968,5.46612],[-75.0096,5.46609],[-75.00953,5.46607],[-75.0095,5.46606],[-75.00947,5.46605],[-75.00942,5.46602],[-75.00939,5.466],[-75.00938,5.466],[-75.00938,5.46601],[-75.00897,5.4662],[-75.00871,5.46652],[-75.00861,5.46665],[-75.00855,5.46669],[-75.00847,5.46676],[-75.00843,5.46679],[-75.0084,5.46679],[-75.00842,5.4668],[-75.00854,5.46685],[-75.00866,5.46689],[-75.00879,5.46692],[-75.00891,5.46695],[-75.00904,5.46698],[-75.00912,5.46699],[-75.00919,5.467],[-75.00927,5.46702],[-75.00985,5.46745],[-75.01021,5.46794],[-75.01001,5.46811],[-75.00956,5.46833],[-75.00895,5.46853],[-75.00836,5.46852],[-75.00782,5.46859],[-75.00729,5.46878],[-75.0069,5.46895],[-75.00672,5.46906],[-75.00669,5.46891],[-75.00649,5.46847],[-75.00639,5.46852],[-75.0063,5.46857],[-75.0062,5.46861],[-75.00609,5.46865],[-75.00602,5.46867],[-75.00595,5.46869],[-75.00587,5.46871],[-75.00576,5.46876],[-75.00565,5.46881],[-75.00555,5.46888],[-75.00545,5.46894],[-75.00535,5.46902],[-75.00526,5.46909],[-75.00517,5.46918],[-75.00509,5.46926],[-75.00503,5.46933],[-75.00496,5.4694],[-75.00489,5.46946],[-75.00482,5.46951],[-75.00474,5.46956],[-75.00466,5.46961],[-75.00458,5.46965],[-75.00449,5.46968],[-75.00462,5.46984],[-75.00471,5.46998],[-75.00481,5.47011],[-75.00485,5.47017],[-75.00488,5.47023],[-75.00491,5.47029],[-75.00493,5.47036],[-75.00494,5.47043],[-75.00495,5.4705],[-75.00495,5.47057],[-75.00494,5.47064],[-75.00493,5.47071],[-75.00492,5.47079],[-75.00491,5.47088],[-75.00491,5.47096],[-75.00492,5.47105],[-75.00493,5.47113],[-75.00495,5.47124],[-75.00495,5.47134],[-75.00496,5.47145],[-75.00495,5.47155],[-75.00494,5.47166],[-75.00493,5.47176],[-75.00493,5.47187],[-75.00494,5.47197],[-75.00495,5.47208],[-75.00497,5.47218],[-75.00499,5.47229],[-75.00499,5.47229],[-75.00492,5.47236],[-75.00488,5.4724],[-75.0048,5.47247],[-75.00476,5.47251],[-75.00469,5.47257],[-75.00462,5.47261],[-75.00458,5.47264],[-75.0045,5.47267],[-75.00442,5.47271],[-75.00431,5.47275],[-75.00427,5.47277],[-75.00421,5.4728],[-75.00414,5.47283],[-75.0041,5.47285],[-75.00405,5.47287],[-75.00401,5.47288],[-75.00395,5.4729],[-75.00382,5.47293],[-75.00365,5.47298],[-75.00347,5.47303],[-75.00338,5.47305],[-75.00324,5.47309],[-75.00318,5.47311],[-75.00306,5.47314],[-75.00295,5.47316],[-75.00289,5.47318],[-75.00278,5.4732],[-75.00274,5.47321],[-75.00268,5.47321],[-75.00262,5.47321],[-75.00259,5.47321],[-75.00253,5.47321],[-75.00247,5.47319],[-75.00244,5.47319],[-75.00239,5.47317],[-75.00233,5.47315],[-75.00227,5.47312],[-75.00224,5.47311],[-75.0022,5.47308],[-75.00217,5.47305],[-75.00214,5.47301],[-75.0021,5.47296],[-75.00208,5.47293],[-75.00205,5.47289],[-75.00202,5.47287],[-75.00196,5.47281],[-75.00188,5.47275],[-75.00182,5.47271],[-75.0017,5.47262],[-75.00147,5.47246],[-75.00135,5.47237],[-75.00127,5.47231],[-75.00128,5.47262],[-75.00135,5.4728],[-75.00153,5.47317],[-75.00156,5.47337],[-75.00153,5.47351],[-75.00147,5.47397],[-75.00136,5.47448],[-75.0013,5.47492],[-75.00131,5.47514],[-75.00132,5.47549],[-75.00132,5.47576],[-75.0014,5.47603],[-75.00162,5.47641],[-75.0018,5.47683],[-75.00186,5.47709],[-75.00201,5.47708],[-75.00255,5.47705],[-75.00294,5.47698],[-75.00334,5.47691],[-75.00422,5.47689],[-75.00465,5.47701],[-75.00507,5.4771],[-75.00541,5.47708],[-75.00574,5.47708],[-75.00619,5.47722],[-75.00643,5.47729],[-75.00679,5.47738],[-75.00729,5.47737],[-75.00744,5.47742],[-75.00766,5.47747],[-75.00789,5.47769],[-75.00807,5.47775],[-75.00816,5.47778],[-75.00852,5.47799],[-75.00897,5.47821],[-75.00941,5.47854],[-75.00947,5.4785],[-75.00953,5.47846],[-75.0096,5.47843],[-75.00967,5.47841],[-75.00974,5.47839],[-75.00981,5.47838],[-75.00988,5.47837],[-75.00995,5.47837],[-75.01006,5.47835],[-75.01016,5.47834],[-75.01026,5.47831],[-75.01036,5.47828],[-75.01046,5.47825],[-75.01055,5.47821],[-75.01065,5.47816],[-75.01074,5.47811],[-75.01105,5.47832],[-75.01136,5.47848],[-75.01172,5.4788],[-75.01208,5.47913],[-75.01241,5.47944],[-75.0124,5.47954],[-75.01239,5.47967],[-75.01238,5.47973],[-75.01236,5.47982],[-75.01236,5.47987],[-75.01235,5.47995],[-75.01234,5.48001],[-75.01232,5.48013],[-75.01224,5.48075],[-75.01222,5.48087],[-75.01219,5.4811],[-75.01216,5.48132],[-75.01214,5.48147],[-75.01213,5.48156],[-75.01211,5.48174],[-75.01209,5.48187],[-75.01207,5.48209],[-75.01205,5.48225],[-75.01204,5.48239],[-75.01204,5.48247],[-75.01204,5.48254],[-75.01204,5.48268],[-75.01203,5.48271],[-75.01203,5.48278],[-75.01203,5.4829],[-75.01203,5.48296],[-75.01202,5.48305],[-75.01202,5.48309],[-75.01201,5.48315],[-75.01199,5.48327],[-75.01196,5.4834],[-75.01192,5.48357],[-75.01189,5.48366],[-75.01186,5.4838],[-75.01185,5.48388],[-75.01183,5.48401],[-75.01181,5.48416],[-75.0118,5.48425],[-75.01178,5.48445],[-75.01177,5.48457],[-75.01175,5.48477],[-75.01174,5.48478],[-75.01174,5.48478],[-75.01174,5.4848],[-75.01171,5.48485],[-75.0117,5.48488],[-75.01167,5.48496],[-75.01165,5.48501],[-75.01163,5.4851],[-75.01158,5.48525],[-75.01154,5.48545],[-75.01151,5.48555],[-75.01149,5.48567],[-75.01145,5.48593],[-75.01138,5.48631],[-75.01135,5.4865],[-75.01134,5.48657],[-75.0113,5.4868],[-75.01128,5.48695],[-75.01123,5.48724],[-75.01114,5.48778],[-75.0111,5.48802],[-75.01107,5.48817],[-75.01102,5.48844],[-75.01063,5.48842],[-75.01023,5.48839],[-75.00989,5.48837],[-75.00955,5.48834],[-75.00942,5.48832],[-75.00929,5.4883],[-75.00916,5.48827],[-75.00904,5.48823],[-75.00892,5.48819],[-75.00881,5.48815],[-75.00869,5.4881],[-75.00858,5.48804],[-75.00848,5.48798],[-75.00835,5.48821],[-75.00812,5.48848],[-75.00796,5.48865],[-75.00777,5.48884],[-75.00762,5.48902],[-75.00749,5.48931],[-75.00746,5.48953],[-75.00746,5.48976],[-75.00775,5.48983],[-75.00782,5.48983],[-75.00802,5.48984],[-75.00822,5.48985],[-75.00842,5.48987],[-75.00862,5.48989],[-75.00881,5.48992],[-75.00882,5.48992],[-75.00901,5.48995],[-75.00919,5.48999],[-75.00937,5.49003],[-75.00955,5.49007],[-75.00973,5.49012],[-75.00981,5.49016],[-75.01,5.49024],[-75.01009,5.49027],[-75.0103,5.49035],[-75.01039,5.49039],[-75.01045,5.49041],[-75.01057,5.49047],[-75.01064,5.4905],[-75.01078,5.49056],[-75.01079,5.49053],[-75.01083,5.49045],[-75.01091,5.4903],[-75.01095,5.49022],[-75.01097,5.49019],[-75.01098,5.49016],[-75.011,5.4901],[-75.01101,5.49004],[-75.01102,5.49001],[-75.01102,5.48993],[-75.01102,5.48987],[-75.01103,5.48972],[-75.01102,5.48962],[-75.01102,5.48953],[-75.01101,5.48946],[-75.01173,5.48944],[-75.01173,5.48944],[-75.01174,5.48944],[-75.01174,5.48944],[-75.01174,5.48944],[-75.01175,5.48944],[-75.01175,5.48944],[-75.01176,5.48944],[-75.01176,5.48944],[-75.01176,5.48944],[-75.01177,5.48944],[-75.01177,5.48944],[-75.01178,5.48944],[-75.01178,5.48944],[-75.01178,5.48944],[-75.01179,5.48944],[-75.01179,5.48944],[-75.01179,5.48944],[-75.0118,5.48944],[-75.0118,5.48944],[-75.01181,5.48944],[-75.01181,5.48944],[-75.01181,5.48944],[-75.01182,5.48944],[-75.01182,5.48944],[-75.01183,5.48945],[-75.01183,5.48945],[-75.01183,5.48945],[-75.01183,5.48945],[-75.01184,5.48945],[-75.01184,5.48945],[-75.01184,5.48945],[-75.01185,5.48945],[-75.01185,5.48945],[-75.01186,5.48945],[-75.01186,5.48945],[-75.01186,5.48945],[-75.01187,5.48945],[-75.01187,5.48945],[-75.01187,5.48945],[-75.01188,5.48945],[-75.01188,5.48945],[-75.01188,5.48946],[-75.01188,5.48946],[-75.01189,5.48946],[-75.01189,5.48946],[-75.01189,5.48946],[-75.0119,5.48946],[-75.0119,5.48946],[-75.0119,5.48946],[-75.01191,5.48946],[-75.01191,5.48947],[-75.01192,5.48947],[-75.01192,5.48947],[-75.01192,5.48947],[-75.01192,5.48947],[-75.01192,5.48947],[-75.01193,5.48947],[-75.01193,5.48947],[-75.01194,5.48948],[-75.01194,5.48948],[-75.01194,5.48948],[-75.01195,5.48948],[-75.01195,5.48948],[-75.01195,5.48948],[-75.01196,5.48949],[-75.01196,5.48949],[-75.01196,5.48949],[-75.01197,5.48949],[-75.01197,5.48949],[-75.01197,5.48949],[-75.01198,5.4895],[-75.01198,5.4895],[-75.01198,5.4895],[-75.01199,5.4895],[-75.01199,5.4895],[-75.01199,5.48951],[-75.012,5.48951],[-75.012,5.48951],[-75.012,5.48951],[-75.01201,5.48951],[-75.01201,5.48952],[-75.01201,5.48952],[-75.01201,5.48952],[-75.01202,5.48952],[-75.01202,5.48952],[-75.01202,5.48953],[-75.01203,5.48953],[-75.01203,5.48953],[-75.01203,5.48953],[-75.01203,5.48954],[-75.01204,5.48954],[-75.01204,5.48954],[-75.01204,5.48954],[-75.01205,5.48955],[-75.01205,5.48955],[-75.01205,5.48955],[-75.01205,5.48955],[-75.01205,5.48955],[-75.01205,5.48955],[-75.01206,5.48956],[-75.01206,5.48956],[-75.01206,5.48956],[-75.01207,5.48956],[-75.01207,5.48957],[-75.01207,5.48957],[-75.01207,5.48957],[-75.01208,5.48958],[-75.01208,5.48958],[-75.01208,5.48958],[-75.01208,5.48958],[-75.01209,5.48959],[-75.01209,5.48959],[-75.01209,5.48959],[-75.01209,5.48959],[-75.01209,5.4896],[-75.0121,5.4896],[-75.0121,5.4896],[-75.0121,5.4896],[-75.0121,5.48961],[-75.01211,5.48961],[-75.01211,5.48961],[-75.01211,5.48962],[-75.01211,5.48962],[-75.01211,5.48962],[-75.01212,5.48963],[-75.01212,5.48963],[-75.01212,5.48963],[-75.01212,5.48964],[-75.01213,5.48964],[-75.01213,5.48964],[-75.01213,5.48965],[-75.01213,5.48965],[-75.01213,5.48965],[-75.01213,5.48966],[-75.01214,5.48966],[-75.01214,5.48966],[-75.01214,5.48967],[-75.01214,5.48967],[-75.01214,5.48967],[-75.01214,5.48967],[-75.01215,5.48968],[-75.01215,5.48968],[-75.01215,5.48968],[-75.01215,5.48969],[-75.01215,5.48969],[-75.01215,5.48969],[-75.01215,5.4897],[-75.01216,5.4897],[-75.01216,5.48971],[-75.01216,5.48971],[-75.01216,5.48971],[-75.01216,5.48972],[-75.01216,5.48972],[-75.01216,5.48972],[-75.01216,5.48972],[-75.01216,5.48972],[-75.01217,5.48973],[-75.01217,5.48973],[-75.01217,5.48973],[-75.01217,5.48974],[-75.01217,5.48974],[-75.01217,5.48975],[-75.01217,5.48975],[-75.01217,5.48975],[-75.01217,5.48976],[-75.01217,5.48976],[-75.01218,5.48976],[-75.01218,5.48977],[-75.01218,5.48977],[-75.01218,5.48977],[-75.01218,5.48978],[-75.01218,5.48978],[-75.01218,5.48978],[-75.01218,5.48979],[-75.01218,5.48979],[-75.01218,5.48979],[-75.01218,5.4898],[-75.01218,5.4898],[-75.01218,5.48981],[-75.01218,5.48981],[-75.01218,5.48981],[-75.01218,5.48982],[-75.01218,5.48982],[-75.01227,5.48977],[-75.01235,5.48972],[-75.01244,5.48968],[-75.01252,5.48964],[-75.01262,5.48961],[-75.0127,5.48959],[-75.01279,5.48957],[-75.01287,5.48956],[-75.01296,5.48955],[-75.01305,5.48953],[-75.01313,5.4895],[-75.0132,5.48947],[-75.01323,5.48946],[-75.01329,5.48943],[-75.01334,5.48939],[-75.0134,5.48936],[-75.01351,5.48932],[-75.01348,5.48927],[-75.01346,5.48922],[-75.01342,5.48914],[-75.01339,5.48907],[-75.01337,5.489],[-75.01335,5.48893],[-75.01335,5.48889],[-75.01333,5.48884],[-75.01332,5.4888],[-75.01329,5.48876],[-75.01327,5.48873],[-75.01324,5.48869],[-75.01316,5.48861],[-75.01308,5.48853],[-75.01301,5.48847],[-75.01294,5.48841],[-75.01287,5.48836],[-75.01279,5.4883],[-75.01271,5.48826],[-75.01263,5.48821],[-75.01254,5.48817],[-75.01263,5.48815],[-75.01281,5.48811],[-75.01293,5.48808],[-75.01301,5.48807],[-75.01317,5.48804],[-75.01342,5.488],[-75.01354,5.48798],[-75.01366,5.48796],[-75.01372,5.48795],[-75.01384,5.48794],[-75.0139,5.48792],[-75.01399,5.48791],[-75.01407,5.48789],[-75.01412,5.48788],[-75.01422,5.48785],[-75.01429,5.48783],[-75.01433,5.48781],[-75.01442,5.48778],[-75.01452,5.48773],[-75.0146,5.48769],[-75.01461,5.48769],[-75.0147,5.48759],[-75.01479,5.48748],[-75.01487,5.48737],[-75.01494,5.48726],[-75.01502,5.48714],[-75.01509,5.48702],[-75.01511,5.48696],[-75.01513,5.48689],[-75.01516,5.48683],[-75.0152,5.48677],[-75.01524,5.48671],[-75.01525,5.4867],[-75.01513,5.48672],[-75.01509,5.48674],[-75.01509,5.48674],[-75.01509,5.48674],[-75.01509,5.48674],[-75.01508,5.48674],[-75.01504,5.48677],[-75.01504,5.48677],[-75.01504,5.48677],[-75.01497,5.4868],[-75.01492,5.48684],[-75.01492,5.48684],[-75.01492,5.48684],[-75.01492,5.48684],[-75.01492,5.48684],[-75.01485,5.48685],[-75.0148,5.48687],[-75.0148,5.48687],[-75.0148,5.48687],[-75.01474,5.48688],[-75.01474,5.48688],[-75.01474,5.48688],[-75.01474,5.48688],[-75.01474,5.48688],[-75.01474,5.48688],[-75.0147,5.48686],[-75.01459,5.48678],[-75.01459,5.48678],[-75.01459,5.48678],[-75.01459,5.48678],[-75.01459,5.48678],[-75.01457,5.4867],[-75.01453,5.48663],[-75.0145,5.4866],[-75.0145,5.4866],[-75.01447,5.48655],[-75.01445,5.48653],[-75.01445,5.48653],[-75.01444,5.48653],[-75.01441,5.48647],[-75.01436,5.48643],[-75.01436,5.48643],[-75.01436,5.48643],[-75.0143,5.48634],[-75.0143,5.48634],[-75.0143,5.48634],[-75.01428,5.4863],[-75.01426,5.48629],[-75.01414,5.48623],[-75.01409,5.48622],[-75.01404,5.48622],[-75.01395,5.48623],[-75.01395,5.48623],[-75.01389,5.48623],[-75.01389,5.48623],[-75.01384,5.48623],[-75.0138,5.48624],[-75.01379,5.48624],[-75.01379,5.48624],[-75.01375,5.48623],[-75.01375,5.48623],[-75.01375,5.48623],[-75.01375,5.48623],[-75.01375,5.48623],[-75.01375,5.48623],[-75.01373,5.48621],[-75.01369,5.48623],[-75.01369,5.48628],[-75.01369,5.48628],[-75.01369,5.48628],[-75.01369,5.48628],[-75.01369,5.48629],[-75.01369,5.48629],[-75.01369,5.48629],[-75.01366,5.48631],[-75.01366,5.48631],[-75.01366,5.48631],[-75.01366,5.48631],[-75.01366,5.48631],[-75.01365,5.48631],[-75.01365,5.48631],[-75.01365,5.48631],[-75.0136,5.48627],[-75.0136,5.48627],[-75.0136,5.48627],[-75.0136,5.48627],[-75.0136,5.48627],[-75.0136,5.48627],[-75.01358,5.48623],[-75.01358,5.48623],[-75.01358,5.48622],[-75.01358,5.48622],[-75.01358,5.48622],[-75.01358,5.48622],[-75.01358,5.48622],[-75.0136,5.48619],[-75.0136,5.48614],[-75.0136,5.48614],[-75.0136,5.48614],[-75.0136,5.48614],[-75.0136,5.48614],[-75.01366,5.48605],[-75.0137,5.48597],[-75.0137,5.48597],[-75.0137,5.48597],[-75.0137,5.48597],[-75.01387,5.48583],[-75.01395,5.48576],[-75.01391,5.48575],[-75.01388,5.48575],[-75.01388,5.48575],[-75.01388,5.48575],[-75.01379,5.48573],[-75.01375,5.48573],[-75.01375,5.48573],[-75.01375,5.48573],[-75.01364,5.48571],[-75.01355,5.48573],[-75.01355,5.48573],[-75.01355,5.48573],[-75.01352,5.48574],[-75.01352,5.48574],[-75.01352,5.48574],[-75.01346,5.48574],[-75.01341,5.48577],[-75.01332,5.48585],[-75.01336,5.48595],[-75.01336,5.48596],[-75.01336,5.48596],[-75.01336,5.48596],[-75.01336,5.48596],[-75.01334,5.486],[-75.01332,5.48607],[-75.01332,5.48607],[-75.01332,5.48607],[-75.01326,5.48616],[-75.01326,5.48616],[-75.01319,5.48626],[-75.01317,5.48633],[-75.01319,5.48644],[-75.01319,5.48644],[-75.01319,5.48644],[-75.01319,5.48644],[-75.01319,5.48644],[-75.01319,5.48645],[-75.01319,5.48645],[-75.01312,5.4865],[-75.01312,5.4865],[-75.01304,5.48657],[-75.01304,5.48657],[-75.01304,5.48657],[-75.01291,5.48664],[-75.01283,5.4867],[-75.01283,5.48674],[-75.01283,5.48674],[-75.01283,5.48675],[-75.01283,5.48675],[-75.01283,5.48675],[-75.01283,5.48675],[-75.01283,5.48675],[-75.01283,5.48675],[-75.01282,5.48675],[-75.01282,5.48675],[-75.01282,5.48675],[-75.01282,5.48675],[-75.01282,5.48675],[-75.01282,5.48675],[-75.01282,5.48675],[-75.01281,5.48675],[-75.01281,5.48675],[-75.01281,5.48674],[-75.01281,5.48674],[-75.01282,5.48669],[-75.01282,5.48669],[-75.01282,5.48669],[-75.01282,5.48669],[-75.01282,5.48669],[-75.01282,5.48669],[-75.01282,5.48669],[-75.0129,5.48663],[-75.0129,5.48663],[-75.0129,5.48663],[-75.01303,5.48656],[-75.01311,5.48649],[-75.01317,5.48644],[-75.01315,5.48633],[-75.01315,5.48633],[-75.01315,5.48633],[-75.01315,5.48633],[-75.01315,5.48632],[-75.01318,5.48625],[-75.01318,5.48625],[-75.01318,5.48625],[-75.01325,5.48615],[-75.0133,5.48606],[-75.01333,5.486],[-75.01333,5.486],[-75.01334,5.48596],[-75.0133,5.48585],[-75.0133,5.48584],[-75.0133,5.48584],[-75.0133,5.48584],[-75.0133,5.48584],[-75.0133,5.48584],[-75.0133,5.48584],[-75.01331,5.48584],[-75.0134,5.48576],[-75.0134,5.48576],[-75.0134,5.48576],[-75.01345,5.48572],[-75.01346,5.48572],[-75.01346,5.48572],[-75.01346,5.48572],[-75.01346,5.48572],[-75.01352,5.48572],[-75.01355,5.48572],[-75.01364,5.48569],[-75.01364,5.48569],[-75.01364,5.48569],[-75.01364,5.48569],[-75.01375,5.48571],[-75.01379,5.48571],[-75.01379,5.48571],[-75.01379,5.48571],[-75.01388,5.48573],[-75.01391,5.48573],[-75.01391,5.48573],[-75.01391,5.48573],[-75.01397,5.48575],[-75.01397,5.48575],[-75.01397,5.48575],[-75.01397,5.48575],[-75.01397,5.48575],[-75.01397,5.48575],[-75.01397,5.48575],[-75.01397,5.48575],[-75.01397,5.48576],[-75.01397,5.48576],[-75.01397,5.48576],[-75.01397,5.48576],[-75.01397,5.48576],[-75.01397,5.48576],[-75.01388,5.48585],[-75.01388,5.48585],[-75.01371,5.48598],[-75.01368,5.48606],[-75.01367,5.48606],[-75.01367,5.48606],[-75.01362,5.48615],[-75.01362,5.4862],[-75.01362,5.4862],[-75.01362,5.4862],[-75.01362,5.4862],[-75.01362,5.4862],[-75.0136,5.48623],[-75.01361,5.48626],[-75.01366,5.48629],[-75.01367,5.48628],[-75.01367,5.48622],[-75.01367,5.48622],[-75.01367,5.48622],[-75.01367,5.48622],[-75.01367,5.48622],[-75.01367,5.48622],[-75.01367,5.48622],[-75.01367,5.48622],[-75.01368,5.48622],[-75.01373,5.48619],[-75.01373,5.48619],[-75.01373,5.48619],[-75.01373,5.48619],[-75.01373,5.48619],[-75.01374,5.48619],[-75.01374,5.48619],[-75.01374,5.48619],[-75.01376,5.48621],[-75.01379,5.48622],[-75.01384,5.48621],[-75.01384,5.48621],[-75.01384,5.48621],[-75.01389,5.48621],[-75.01395,5.48621],[-75.01404,5.48621],[-75.01404,5.48621],[-75.01404,5.48621],[-75.01409,5.48621],[-75.01409,5.48621],[-75.01409,5.48621],[-75.01414,5.48621],[-75.01414,5.48621],[-75.01415,5.48621],[-75.01415,5.48621],[-75.01427,5.48627],[-75.01427,5.48627],[-75.01427,5.48627],[-75.01429,5.48629],[-75.0143,5.48629],[-75.0143,5.48629],[-75.0143,5.48629],[-75.0143,5.48629],[-75.01431,5.48633],[-75.01437,5.48642],[-75.01442,5.48646],[-75.01442,5.48646],[-75.01442,5.48646],[-75.01446,5.48652],[-75.01448,5.48654],[-75.01449,5.48654],[-75.01449,5.48654],[-75.01452,5.48659],[-75.01454,5.48662],[-75.01454,5.48662],[-75.01455,5.48662],[-75.01458,5.48669],[-75.01458,5.4867],[-75.01458,5.4867],[-75.0146,5.48677],[-75.01474,5.48686],[-75.01479,5.48685],[-75.01484,5.48683],[-75.01484,5.48683],[-75.01485,5.48683],[-75.01491,5.48682],[-75.01496,5.48678],[-75.01496,5.48678],[-75.01496,5.48678],[-75.01503,5.48675],[-75.01507,5.48673],[-75.01507,5.48673],[-75.01507,5.48673],[-75.01507,5.48673],[-75.01508,5.48673],[-75.01512,5.4867],[-75.01512,5.4867],[-75.01513,5.4867],[-75.01513,5.4867],[-75.01513,5.4867],[-75.01514,5.4867],[-75.01525,5.48669],[-75.01528,5.48665],[-75.01528,5.48665],[-75.01528,5.48665],[-75.01532,5.48663],[-75.01533,5.4866],[-75.01533,5.4866],[-75.01533,5.4866],[-75.01534,5.4866],[-75.01544,5.48652],[-75.01544,5.48652],[-75.01547,5.4865],[-75.01547,5.4865],[-75.01547,5.4865],[-75.01547,5.4865],[-75.01547,5.4865],[-75.01547,5.4865],[-75.0155,5.4865],[-75.01552,5.48649],[-75.01559,5.48646],[-75.01565,5.48644],[-75.01579,5.48637],[-75.01592,5.48629],[-75.01605,5.48621],[-75.01617,5.48612],[-75.01619,5.48612],[-75.0162,5.4861],[-75.01623,5.48603],[-75.01624,5.48603],[-75.01624,5.48603],[-75.01638,5.48588],[-75.01638,5.48588],[-75.01638,5.48588],[-75.01638,5.48588],[-75.01641,5.48586],[-75.01641,5.48586],[-75.01653,5.48581],[-75.01654,5.48577],[-75.01655,5.48572],[-75.01655,5.48572],[-75.01655,5.48572],[-75.01655,5.48571],[-75.01655,5.48571],[-75.01659,5.48567],[-75.01659,5.48566],[-75.01669,5.48559],[-75.01669,5.48559],[-75.01669,5.48558],[-75.01669,5.48558],[-75.01669,5.48558],[-75.01669,5.48558],[-75.01669,5.48558],[-75.01669,5.48558],[-75.0167,5.48558],[-75.0168,5.48554],[-75.0168,5.48553],[-75.01681,5.48553],[-75.01689,5.4855],[-75.01697,5.48545],[-75.01704,5.48537],[-75.01705,5.48536],[-75.01705,5.48536],[-75.01705,5.48536],[-75.01713,5.48529],[-75.01713,5.48529],[-75.01713,5.48529],[-75.01713,5.48529],[-75.01722,5.48527],[-75.01722,5.48527],[-75.01722,5.48527],[-75.01723,5.48527],[-75.01725,5.48527],[-75.01725,5.48527],[-75.01726,5.48527],[-75.01737,5.48534],[-75.01747,5.48529],[-75.01749,5.48523],[-75.01747,5.48515],[-75.01746,5.48511],[-75.01746,5.48511],[-75.01746,5.48511],[-75.01745,5.48507],[-75.01745,5.48507],[-75.01745,5.48507],[-75.01745,5.48506],[-75.01745,5.48506],[-75.01746,5.48506],[-75.01746,5.48506],[-75.01746,5.48506],[-75.01752,5.48502],[-75.01759,5.48494],[-75.01764,5.48478],[-75.01764,5.48478],[-75.01764,5.48478],[-75.01764,5.48478],[-75.01764,5.48478],[-75.01778,5.48468],[-75.01778,5.48468],[-75.01778,5.48468],[-75.01778,5.48468],[-75.01778,5.48468],[-75.01778,5.48468],[-75.01795,5.48467],[-75.01795,5.48467],[-75.01795,5.48467],[-75.01808,5.48469],[-75.01822,5.48469],[-75.01822,5.48469],[-75.01823,5.48469],[-75.01823,5.48469],[-75.01827,5.48471],[-75.01827,5.48471],[-75.01828,5.48471],[-75.01828,5.48471],[-75.01828,5.48471],[-75.01828,5.48471],[-75.01828,5.48471],[-75.01828,5.48472],[-75.01828,5.48472],[-75.01826,5.48496],[-75.01826,5.48496],[-75.01824,5.4851],[-75.0183,5.48528],[-75.01833,5.48531],[-75.01835,5.48528],[-75.01839,5.48521],[-75.01839,5.48521],[-75.01839,5.48521],[-75.01843,5.48513],[-75.01843,5.48513],[-75.01843,5.48513],[-75.01844,5.48512],[-75.01846,5.48506],[-75.01846,5.48506],[-75.01846,5.48506],[-75.01846,5.48506],[-75.0185,5.48501],[-75.01852,5.48493],[-75.01852,5.48493],[-75.01852,5.48493],[-75.01852,5.48493],[-75.01852,5.48493],[-75.01852,5.48493],[-75.01861,5.48486],[-75.01866,5.4848],[-75.01866,5.4848],[-75.01866,5.4848],[-75.0187,5.48475],[-75.01871,5.48475],[-75.01871,5.48475],[-75.01872,5.48474],[-75.01878,5.48471],[-75.01883,5.48467],[-75.01887,5.48463],[-75.01887,5.48463],[-75.01887,5.48463],[-75.01891,5.48459],[-75.01898,5.48453],[-75.01898,5.48453],[-75.01898,5.48453],[-75.01904,5.48449],[-75.01904,5.48449],[-75.01904,5.48449],[-75.01911,5.48446],[-75.01911,5.48446],[-75.01911,5.48446],[-75.01929,5.4844],[-75.01929,5.4844],[-75.01929,5.4844],[-75.01929,5.4844],[-75.01929,5.4844],[-75.01929,5.4844],[-75.0193,5.4844],[-75.01943,5.48451],[-75.01962,5.48456],[-75.0197,5.48449],[-75.0197,5.48449],[-75.0197,5.48449],[-75.01971,5.48449],[-75.01971,5.48449],[-75.01987,5.48447],[-75.02004,5.48439],[-75.02004,5.48439],[-75.02004,5.48439],[-75.02013,5.48436],[-75.02014,5.48436],[-75.02014,5.48436],[-75.02031,5.48437],[-75.02048,5.48429],[-75.02048,5.48429],[-75.02048,5.48429],[-75.02048,5.48429],[-75.02048,5.48429],[-75.0205,5.48429],[-75.0206,5.4843],[-75.0206,5.4843],[-75.02061,5.4843],[-75.02068,5.48432],[-75.02068,5.48432],[-75.02085,5.48438],[-75.02103,5.48443],[-75.02103,5.48443],[-75.02109,5.48446],[-75.02113,5.48445],[-75.02117,5.48443],[-75.02122,5.48435],[-75.02122,5.48435],[-75.0213,5.48427],[-75.02132,5.48417],[-75.02133,5.48417],[-75.02133,5.48417],[-75.02133,5.48417],[-75.02141,5.48406],[-75.02141,5.48406],[-75.02141,5.48406],[-75.02141,5.48406],[-75.02141,5.48406],[-75.02141,5.48406],[-75.02153,5.48406],[-75.02161,5.48403],[-75.02168,5.48401],[-75.02169,5.48397],[-75.02168,5.48376],[-75.02168,5.48376],[-75.02168,5.48376],[-75.02168,5.48364],[-75.02168,5.48364],[-75.02168,5.48364],[-75.02169,5.48355],[-75.02169,5.48355],[-75.02169,5.48355],[-75.02173,5.48341],[-75.02173,5.48341],[-75.02173,5.48341],[-75.02173,5.4834],[-75.02183,5.48328],[-75.02183,5.48328],[-75.02183,5.48328],[-75.02183,5.48328],[-75.02197,5.48321],[-75.02215,5.48311],[-75.02215,5.48311],[-75.02216,5.48311],[-75.02216,5.48311],[-75.02216,5.48311],[-75.02216,5.48311],[-75.02231,5.48315],[-75.02244,5.48318],[-75.02252,5.48309],[-75.02252,5.48309],[-75.02252,5.48309],[-75.02259,5.48305],[-75.02259,5.48305],[-75.02259,5.48305],[-75.02259,5.48305],[-75.0226,5.48305],[-75.0226,5.48305],[-75.0226,5.48305],[-75.0226,5.48305],[-75.0226,5.48305],[-75.02276,5.48318],[-75.02276,5.48318],[-75.02276,5.48318],[-75.02279,5.48323],[-75.02284,5.48325],[-75.02284,5.48325],[-75.02284,5.48325],[-75.0229,5.48328],[-75.0229,5.48328],[-75.02291,5.48328],[-75.02291,5.48328],[-75.02292,5.48331],[-75.02292,5.48331],[-75.02301,5.48342],[-75.02303,5.48344],[-75.02313,5.48349],[-75.0232,5.48352],[-75.0232,5.48352],[-75.0232,5.48352],[-75.0232,5.48352],[-75.02321,5.48353],[-75.02321,5.48353],[-75.02321,5.48353],[-75.02322,5.48359],[-75.02329,5.4836],[-75.02336,5.48361],[-75.02343,5.48361],[-75.02343,5.48361],[-75.02343,5.48361],[-75.02351,5.48363],[-75.02364,5.48365],[-75.02364,5.48365],[-75.02364,5.48365],[-75.02364,5.48365],[-75.02364,5.48365],[-75.02367,5.48368],[-75.02374,5.48374],[-75.02383,5.48377],[-75.0239,5.48375],[-75.0239,5.48375],[-75.02396,5.48374],[-75.024,5.48368],[-75.024,5.48368],[-75.024,5.48368],[-75.02401,5.48368],[-75.02401,5.48368],[-75.02401,5.48368],[-75.02401,5.48368],[-75.02408,5.48369],[-75.02415,5.48369],[-75.02421,5.48367],[-75.02425,5.48364],[-75.02425,5.48364],[-75.02425,5.48363],[-75.02431,5.4836],[-75.02436,5.48357],[-75.02436,5.48356],[-75.02436,5.48356],[-75.0244,5.48355],[-75.0244,5.48355],[-75.0244,5.48355],[-75.02445,5.48354],[-75.02453,5.48352],[-75.02459,5.4835],[-75.02459,5.4835],[-75.02459,5.4835],[-75.02459,5.4835],[-75.02459,5.4835],[-75.02468,5.48351],[-75.02477,5.48348],[-75.02477,5.48348],[-75.02483,5.48347],[-75.02483,5.48347],[-75.02483,5.48347],[-75.02488,5.48346],[-75.02488,5.48346],[-75.02488,5.48346],[-75.02494,5.48346],[-75.02501,5.48344],[-75.02501,5.48344],[-75.02502,5.48344],[-75.02518,5.48343],[-75.02518,5.48343],[-75.02518,5.48343],[-75.02524,5.48343],[-75.02524,5.48343],[-75.02524,5.48343],[-75.02524,5.48343],[-75.02528,5.48346],[-75.02528,5.48346],[-75.02528,5.48346],[-75.02533,5.4835],[-75.02538,5.48354],[-75.02543,5.48354],[-75.02543,5.48355],[-75.02544,5.48355],[-75.02544,5.48355],[-75.02544,5.48355],[-75.02544,5.48355],[-75.02547,5.4836],[-75.02552,5.48363],[-75.02556,5.48365],[-75.02556,5.48365],[-75.02556,5.48365],[-75.02559,5.48368],[-75.02572,5.48373],[-75.02581,5.48373],[-75.02581,5.48373],[-75.02581,5.48373],[-75.02584,5.48373],[-75.02584,5.48373],[-75.02584,5.48373],[-75.02587,5.48374],[-75.02594,5.48372],[-75.02594,5.48372],[-75.02594,5.48372],[-75.02602,5.48372],[-75.02602,5.48372],[-75.02602,5.48372],[-75.02602,5.48372],[-75.02627,5.48381],[-75.02644,5.48387],[-75.02669,5.48391],[-75.02669,5.48391],[-75.02669,5.48391],[-75.027,5.48399],[-75.027,5.48399],[-75.02711,5.48404],[-75.02711,5.48404],[-75.02711,5.48404],[-75.02712,5.48405],[-75.02712,5.48405],[-75.02712,5.48405],[-75.02713,5.48405],[-75.02713,5.48405],[-75.02713,5.48406],[-75.02713,5.48406],[-75.02713,5.48406],[-75.02713,5.48406],[-75.02709,5.48415],[-75.02708,5.48426],[-75.02708,5.48426],[-75.02708,5.48426],[-75.02703,5.48439],[-75.02698,5.48457],[-75.02698,5.48457],[-75.02698,5.48457],[-75.02695,5.48465],[-75.02695,5.48465],[-75.02695,5.48465],[-75.02689,5.48474],[-75.02689,5.48475],[-75.02689,5.48475],[-75.02689,5.48476],[-75.02673,5.48493],[-75.02673,5.48493],[-75.02672,5.48493],[-75.02672,5.48493],[-75.02672,5.48493],[-75.02666,5.48499],[-75.02659,5.48509],[-75.02659,5.48509],[-75.02659,5.48509],[-75.02659,5.48509],[-75.02657,5.4851],[-75.02652,5.48513],[-75.02652,5.48514],[-75.02655,5.4852],[-75.02655,5.4852],[-75.02655,5.4852],[-75.02659,5.4853],[-75.02659,5.4853],[-75.02659,5.4853],[-75.02662,5.48538],[-75.02662,5.48538],[-75.02662,5.48538],[-75.02662,5.48538],[-75.02662,5.48539],[-75.02661,5.48542],[-75.02661,5.48558],[-75.02661,5.48558],[-75.02661,5.48558],[-75.02661,5.48559],[-75.02661,5.48559],[-75.02661,5.48559],[-75.02661,5.48559],[-75.02546,5.48841],[-75.02562,5.48843],[-75.02562,5.48843],[-75.02562,5.48843],[-75.02585,5.48853],[-75.02585,5.48847],[-75.02569,5.48824],[-75.02569,5.48824],[-75.02569,5.48824],[-75.02569,5.48824],[-75.02569,5.48823],[-75.02569,5.48823],[-75.02569,5.48823],[-75.02569,5.48823],[-75.02586,5.48799],[-75.02587,5.48795],[-75.02587,5.48795],[-75.02587,5.48795],[-75.02587,5.48795],[-75.02594,5.48787],[-75.02594,5.48787],[-75.02594,5.48787],[-75.02594,5.48787],[-75.02594,5.48787],[-75.02595,5.48787],[-75.02595,5.48787],[-75.02595,5.48787],[-75.02595,5.48787],[-75.02595,5.48787],[-75.02595,5.48787],[-75.02595,5.48788],[-75.02603,5.488],[-75.02603,5.488],[-75.02606,5.48807],[-75.02618,5.48812],[-75.02618,5.48812],[-75.02618,5.48812],[-75.02618,5.48812],[-75.02618,5.48812],[-75.02618,5.48813],[-75.02618,5.48813],[-75.02621,5.48821],[-75.02626,5.4883],[-75.02626,5.48831],[-75.02626,5.48831],[-75.02626,5.48831],[-75.02627,5.48835],[-75.02632,5.4885],[-75.02632,5.48851],[-75.02632,5.48851],[-75.02632,5.48851],[-75.02628,5.48871],[-75.02636,5.48885],[-75.02651,5.48899],[-75.02651,5.48899],[-75.02651,5.48899],[-75.02651,5.48899],[-75.02651,5.489],[-75.02651,5.489],[-75.02654,5.48917],[-75.02662,5.48929],[-75.02678,5.48935],[-75.02693,5.4893],[-75.02693,5.4893],[-75.02693,5.4893],[-75.02693,5.4893],[-75.02715,5.48934],[-75.02715,5.48934],[-75.02715,5.48934],[-75.02715,5.48934],[-75.02715,5.48934],[-75.02715,5.48934],[-75.02728,5.48954],[-75.02728,5.48954],[-75.02728,5.48954],[-75.02734,5.48967],[-75.0275,5.48974],[-75.02772,5.48966],[-75.02772,5.48966],[-75.02772,5.48966],[-75.02772,5.48966],[-75.02772,5.48966],[-75.02792,5.48972],[-75.02792,5.48972],[-75.02792,5.48972],[-75.02792,5.48972],[-75.02796,5.48976],[-75.02796,5.48976],[-75.02796,5.48976],[-75.02796,5.48976],[-75.02796,5.48976],[-75.02796,5.48976],[-75.02796,5.48976],[-75.02796,5.48977],[-75.02792,5.48989],[-75.02792,5.49007],[-75.02796,5.49023],[-75.02812,5.49029],[-75.02812,5.49029],[-75.02812,5.49029],[-75.02812,5.49029],[-75.02823,5.49041],[-75.02823,5.49041],[-75.0283,5.49052],[-75.0284,5.49061],[-75.02856,5.49062],[-75.02876,5.4906],[-75.02893,5.49056],[-75.02893,5.49056],[-75.02908,5.49052],[-75.02908,5.49052],[-75.02908,5.49052],[-75.02908,5.49052],[-75.02908,5.49052],[-75.02908,5.49052],[-75.02925,5.4906],[-75.02925,5.4906],[-75.02925,5.4906],[-75.02925,5.4906],[-75.02925,5.4906],[-75.02925,5.4906],[-75.02925,5.49061],[-75.02925,5.49061],[-75.02925,5.49072],[-75.02927,5.49086],[-75.0293,5.49099],[-75.02942,5.4911],[-75.02952,5.49117],[-75.02966,5.49123],[-75.0299,5.49121],[-75.02999,5.49118],[-75.02999,5.49118],[-75.02999,5.49118],[-75.02999,5.49118],[-75.03,5.49118],[-75.03,5.49118],[-75.03,5.49118],[-75.03,5.49119],[-75.03,5.49119],[-75.03,5.49119],[-75.03001,5.49122],[-75.03001,5.49122],[-75.03004,5.49131],[-75.0301,5.4914],[-75.0301,5.49141],[-75.0301,5.49141],[-75.03014,5.49154],[-75.03014,5.49154],[-75.03014,5.49154],[-75.03014,5.49154],[-75.03013,5.49165],[-75.03013,5.49174],[-75.03015,5.49191],[-75.03025,5.49201],[-75.03025,5.49201],[-75.03025,5.49201],[-75.03034,5.49213],[-75.03034,5.49213],[-75.03034,5.49213],[-75.0304,5.49222],[-75.03056,5.49227],[-75.03067,5.49226],[-75.0308,5.4922],[-75.0308,5.4922],[-75.0308,5.4922],[-75.03087,5.49219],[-75.03087,5.49219],[-75.03104,5.49218],[-75.03104,5.49218],[-75.03104,5.49218],[-75.03116,5.49221],[-75.03116,5.49221],[-75.03116,5.49221],[-75.03116,5.49221],[-75.03124,5.49227],[-75.03124,5.49227],[-75.03135,5.49238],[-75.03144,5.49246],[-75.03151,5.49237],[-75.03151,5.49237],[-75.03151,5.49237],[-75.03151,5.49237],[-75.03151,5.49237],[-75.03152,5.49237],[-75.03152,5.49237],[-75.03166,5.49237],[-75.03166,5.49237],[-75.03166,5.49237],[-75.03167,5.49237],[-75.03167,5.49237],[-75.03167,5.49237],[-75.03167,5.49237],[-75.03167,5.49237],[-75.03167,5.49237],[-75.03173,5.49266],[-75.03178,5.49281],[-75.03185,5.49297],[-75.03185,5.49297],[-75.03185,5.49298],[-75.03185,5.49298],[-75.03184,5.4933],[-75.03185,5.49333],[-75.03185,5.49333],[-75.03185,5.49333],[-75.03182,5.49347],[-75.03183,5.49366],[-75.03183,5.49366],[-75.03183,5.49366],[-75.03177,5.4939],[-75.03176,5.4939],[-75.03176,5.49393],[-75.03174,5.49412],[-75.03174,5.49413],[-75.03174,5.49413],[-75.03167,5.49428],[-75.03165,5.49447],[-75.03165,5.49447],[-75.03165,5.49447],[-75.03158,5.49466],[-75.0316,5.49487],[-75.03166,5.49507],[-75.03173,5.4952],[-75.03173,5.4952],[-75.0318,5.49535],[-75.03182,5.49536],[-75.03183,5.49537],[-75.03183,5.49537],[-75.03183,5.49537],[-75.03188,5.49553],[-75.03188,5.49553],[-75.03188,5.49553],[-75.03188,5.49566],[-75.03191,5.49581],[-75.03198,5.49604],[-75.032,5.49606],[-75.03214,5.49607],[-75.03225,5.49601],[-75.03225,5.49601],[-75.03239,5.49595],[-75.03239,5.49595],[-75.03239,5.49595],[-75.03239,5.49595],[-75.03255,5.49595],[-75.03255,5.49595],[-75.03255,5.49595],[-75.03255,5.49595],[-75.03256,5.49595],[-75.0326,5.49599],[-75.0326,5.49599],[-75.0326,5.49599],[-75.0326,5.49599],[-75.0326,5.49599],[-75.03272,5.49628],[-75.03293,5.49653],[-75.03293,5.49653],[-75.03293,5.49654],[-75.03307,5.4968],[-75.03315,5.49693],[-75.03315,5.49693],[-75.03323,5.49708],[-75.03323,5.49708],[-75.03323,5.49708],[-75.03323,5.49708],[-75.03327,5.49713],[-75.03336,5.49722],[-75.03349,5.49732],[-75.03349,5.49732],[-75.03349,5.49733],[-75.03356,5.49746],[-75.03366,5.49752],[-75.03366,5.49753],[-75.03366,5.49753],[-75.03366,5.49753],[-75.03369,5.49758],[-75.03369,5.49758],[-75.03369,5.49758],[-75.03369,5.49758],[-75.03369,5.49758],[-75.03369,5.49758],[-75.03369,5.49759],[-75.03369,5.49759],[-75.03363,5.49765],[-75.03363,5.49766],[-75.03363,5.49766],[-75.03352,5.49773],[-75.03344,5.4978],[-75.03345,5.49789],[-75.03357,5.49807],[-75.03358,5.49807],[-75.03358,5.49808],[-75.03359,5.49812],[-75.03359,5.49812],[-75.03359,5.49812],[-75.03361,5.49819],[-75.03361,5.49819],[-75.03361,5.49819],[-75.03362,5.49829],[-75.03362,5.49829],[-75.03362,5.49829],[-75.03361,5.49835],[-75.03367,5.49843],[-75.03371,5.49845],[-75.03372,5.49845],[-75.03372,5.49845],[-75.03372,5.49845],[-75.03376,5.4985],[-75.03376,5.4985],[-75.03376,5.4985],[-75.0338,5.49858],[-75.0338,5.49859],[-75.0338,5.49859],[-75.0338,5.49859],[-75.03381,5.49871],[-75.03381,5.49871],[-75.03381,5.49871],[-75.03379,5.4988],[-75.03379,5.4988],[-75.03379,5.4988],[-75.03379,5.4988],[-75.03378,5.4988],[-75.03378,5.4988],[-75.03378,5.4988],[-75.03372,5.49883],[-75.03368,5.49889],[-75.03364,5.49897],[-75.03367,5.49901],[-75.03374,5.49907],[-75.03382,5.49912],[-75.03382,5.49912],[-75.03382,5.49913],[-75.03388,5.49918],[-75.03388,5.49919],[-75.03388,5.49919],[-75.03388,5.49919],[-75.03388,5.49919],[-75.03388,5.49919],[-75.03388,5.49919],[-75.03388,5.49919],[-75.03388,5.4992],[-75.03388,5.4992],[-75.03388,5.4992],[-75.03388,5.4992],[-75.03388,5.4992],[-75.03388,5.4992],[-75.03387,5.4992],[-75.03375,5.49919],[-75.03375,5.49919],[-75.03369,5.49919],[-75.03364,5.49919],[-75.03364,5.49919],[-75.03361,5.49919],[-75.03363,5.4992],[-75.03371,5.49924],[-75.03371,5.49924],[-75.03379,5.4993],[-75.03379,5.4993],[-75.03379,5.4993],[-75.03379,5.4993],[-75.03384,5.49937],[-75.0339,5.49943],[-75.0339,5.49943],[-75.0339,5.49943],[-75.03393,5.49949],[-75.03399,5.49957],[-75.03405,5.49961],[-75.03405,5.49961],[-75.03405,5.49961],[-75.03406,5.49961],[-75.03409,5.49968],[-75.03416,5.49973],[-75.03416,5.49973],[-75.03416,5.49974],[-75.03416,5.49974],[-75.03417,5.49975],[-75.0342,5.49981],[-75.03427,5.49988],[-75.03435,5.49994],[-75.03435,5.49994],[-75.03435,5.49994],[-75.03435,5.49994],[-75.03435,5.49994],[-75.03437,5.50001],[-75.03443,5.5001],[-75.03443,5.5001],[-75.03446,5.50018],[-75.03451,5.50025],[-75.03451,5.50025],[-75.03451,5.50025],[-75.03454,5.50036],[-75.03464,5.50052],[-75.03477,5.50064],[-75.03488,5.50071],[-75.03488,5.50071],[-75.03488,5.50071],[-75.03488,5.50071],[-75.03488,5.50071],[-75.03491,5.50079],[-75.03494,5.50082],[-75.03501,5.50086],[-75.03508,5.50088],[-75.03508,5.50088],[-75.03508,5.50088],[-75.03508,5.50088],[-75.03513,5.50092],[-75.03513,5.50092],[-75.03519,5.50096],[-75.03526,5.50102],[-75.03526,5.50102],[-75.03526,5.50102],[-75.03533,5.50108],[-75.03538,5.50111],[-75.03538,5.50111],[-75.03547,5.50118],[-75.03547,5.50118],[-75.03547,5.50118],[-75.03555,5.50124],[-75.03563,5.5013],[-75.03563,5.5013],[-75.03564,5.5013],[-75.03564,5.5013],[-75.03568,5.50138],[-75.03571,5.50143],[-75.03571,5.50143],[-75.03571,5.50143],[-75.03572,5.50145],[-75.03574,5.50148],[-75.03578,5.50152],[-75.03578,5.50152],[-75.03578,5.50152],[-75.03581,5.50159],[-75.03582,5.5016],[-75.03596,5.50148],[-75.03596,5.50148],[-75.03596,5.50147],[-75.03602,5.50145],[-75.03608,5.50142],[-75.03614,5.50137],[-75.03626,5.50126],[-75.03627,5.50126],[-75.03627,5.50126],[-75.03627,5.50126],[-75.03627,5.50126],[-75.03627,5.50126],[-75.03627,5.50126],[-75.03627,5.50126],[-75.03628,5.50126],[-75.03628,5.50126],[-75.03628,5.50126],[-75.03628,5.50126],[-75.03628,5.50127],[-75.03628,5.50127],[-75.03628,5.50127],[-75.03628,5.50127],[-75.03626,5.50136],[-75.03624,5.50145],[-75.03624,5.50149],[-75.03624,5.5015],[-75.03629,5.5015],[-75.03634,5.50145],[-75.03634,5.50144],[-75.03634,5.50144],[-75.03634,5.50144],[-75.03643,5.50136],[-75.03643,5.50136],[-75.0365,5.5013],[-75.03662,5.50107],[-75.03662,5.50106],[-75.03662,5.50106],[-75.03662,5.50106],[-75.03663,5.50106],[-75.03663,5.50106],[-75.03664,5.50106],[-75.03664,5.50106],[-75.03664,5.50106],[-75.03664,5.50106],[-75.03664,5.50106],[-75.03664,5.50106],[-75.03674,5.5011],[-75.03674,5.5011],[-75.03674,5.5011],[-75.0368,5.50116],[-75.03683,5.50118],[-75.03686,5.50114],[-75.03686,5.50114],[-75.03686,5.50114],[-75.03686,5.50114],[-75.03687,5.50114],[-75.03687,5.50114],[-75.03687,5.50114],[-75.03687,5.50114],[-75.03698,5.50117],[-75.03698,5.50117],[-75.03698,5.50117],[-75.03698,5.50117],[-75.03698,5.50117],[-75.03706,5.50127],[-75.03713,5.50132],[-75.03726,5.50136],[-75.03735,5.50135],[-75.03735,5.50135],[-75.03735,5.50135],[-75.03743,5.50136],[-75.03744,5.50136],[-75.03744,5.50136],[-75.03744,5.50136],[-75.03744,5.50136],[-75.03751,5.50142],[-75.03759,5.50142],[-75.03768,5.50139],[-75.03768,5.50139],[-75.03768,5.50139],[-75.03769,5.50139],[-75.03787,5.5014],[-75.03795,5.50137],[-75.03803,5.50134],[-75.03807,5.50133],[-75.03813,5.5013],[-75.03819,5.50124],[-75.0382,5.50124],[-75.0382,5.50124],[-75.0382,5.50124],[-75.0382,5.50124],[-75.0383,5.50123],[-75.03839,5.50112],[-75.03842,5.50106],[-75.03842,5.50106],[-75.03842,5.50106],[-75.03842,5.50106],[-75.03842,5.50106],[-75.03851,5.50101],[-75.03857,5.50093],[-75.0386,5.50085],[-75.03852,5.50065],[-75.03852,5.50065],[-75.03852,5.50064],[-75.0385,5.50045],[-75.0385,5.50045],[-75.0385,5.50045],[-75.0385,5.50045],[-75.0385,5.50045],[-75.0385,5.50045],[-75.0385,5.50044],[-75.03851,5.50044],[-75.03851,5.50044],[-75.03851,5.50044],[-75.03861,5.50041],[-75.03861,5.50041],[-75.03861,5.50041],[-75.03861,5.50041],[-75.03861,5.50041],[-75.03861,5.50042],[-75.03868,5.50045],[-75.03868,5.50045],[-75.03868,5.50045],[-75.03868,5.50045],[-75.03868,5.50045],[-75.03868,5.50045],[-75.03877,5.5007],[-75.03885,5.5008],[-75.03885,5.5008],[-75.03885,5.5008],[-75.03889,5.50091],[-75.03889,5.50091],[-75.03889,5.50091],[-75.03889,5.50091],[-75.03889,5.50091],[-75.03887,5.50098],[-75.03887,5.50098],[-75.03882,5.50112],[-75.03878,5.50128],[-75.03878,5.50128],[-75.03878,5.50128],[-75.03873,5.50136],[-75.03873,5.50136],[-75.03873,5.50136],[-75.03862,5.50152],[-75.03862,5.50152],[-75.03856,5.50159],[-75.03856,5.50159],[-75.03856,5.5016],[-75.03847,5.50165],[-75.03847,5.50165],[-75.03846,5.50165],[-75.03835,5.50169],[-75.03835,5.50175],[-75.03835,5.50175],[-75.03835,5.50175],[-75.03835,5.50175],[-75.03835,5.50175],[-75.03835,5.50175],[-75.03835,5.50175],[-75.03834,5.50175],[-75.03834,5.50175],[-75.03834,5.50175],[-75.03834,5.50175],[-75.03839,5.50182],[-75.03858,5.50193],[-75.03879,5.5019],[-75.03879,5.5019],[-75.03879,5.5019],[-75.03879,5.5019],[-75.03879,5.5019],[-75.03879,5.5019],[-75.0388,5.5019],[-75.03885,5.50197],[-75.03895,5.502],[-75.03895,5.502],[-75.03895,5.502],[-75.03895,5.502],[-75.03895,5.502],[-75.03896,5.502],[-75.03896,5.50201],[-75.03896,5.50201],[-75.03896,5.50201],[-75.03896,5.5021],[-75.039,5.50217],[-75.03914,5.50221],[-75.03932,5.50221],[-75.03932,5.50221],[-75.03932,5.50221],[-75.03943,5.50224],[-75.03944,5.50224],[-75.03944,5.50224],[-75.03944,5.50224],[-75.03944,5.50225],[-75.03944,5.50225],[-75.03944,5.50225],[-75.03944,5.50225],[-75.03944,5.50225],[-75.03944,5.50225],[-75.03944,5.50225],[-75.03944,5.50226],[-75.03938,5.50236],[-75.03938,5.50249],[-75.03941,5.50252],[-75.03941,5.50252],[-75.03945,5.50256],[-75.03949,5.50258],[-75.03949,5.50258],[-75.03949,5.50258],[-75.03949,5.50258],[-75.03949,5.50258],[-75.03955,5.50265],[-75.03964,5.50274],[-75.0397,5.50279],[-75.03971,5.50279],[-75.03971,5.50279],[-75.03971,5.50279],[-75.03976,5.50288],[-75.03985,5.503],[-75.03987,5.50302],[-75.03987,5.50302],[-75.03987,5.50303],[-75.03987,5.50303],[-75.03989,5.50314],[-75.03989,5.50314],[-75.03989,5.50314],[-75.03989,5.50326],[-75.03989,5.50326],[-75.03989,5.50326],[-75.03989,5.50326],[-75.03985,5.50331],[-75.03984,5.50337],[-75.03984,5.50337],[-75.03984,5.50337],[-75.03984,5.50337],[-75.03984,5.50338],[-75.03984,5.50338],[-75.03983,5.50339],[-75.03983,5.50339],[-75.03983,5.50343],[-75.03982,5.50345],[-75.03983,5.50351],[-75.03984,5.50362],[-75.03984,5.50362],[-75.03984,5.50362],[-75.03985,5.50373],[-75.03987,5.50382],[-75.03987,5.50382],[-75.03987,5.50382],[-75.03987,5.50382],[-75.03987,5.50382],[-75.03987,5.50382],[-75.03984,5.50387],[-75.03984,5.50387],[-75.03984,5.50387],[-75.03984,5.50387],[-75.03983,5.50387],[-75.03967,5.50392],[-75.03967,5.50392],[-75.03967,5.50392],[-75.03967,5.50392],[-75.03967,5.50392],[-75.0396,5.5039],[-75.0396,5.5039],[-75.03959,5.5039],[-75.03947,5.50384],[-75.03942,5.50382],[-75.03938,5.50382],[-75.03956,5.504],[-75.03956,5.504],[-75.03963,5.50408],[-75.03973,5.5041],[-75.03992,5.50409],[-75.03992,5.50409],[-75.03992,5.50409],[-75.03992,5.50409],[-75.03993,5.50409],[-75.04003,5.50417],[-75.04003,5.50417],[-75.04004,5.50417],[-75.04004,5.50417],[-75.04004,5.50417],[-75.04004,5.50418],[-75.04004,5.50418],[-75.04003,5.50434],[-75.04003,5.50434],[-75.04003,5.50434],[-75.04003,5.50434],[-75.04003,5.50434],[-75.03999,5.50439],[-75.04002,5.50449],[-75.04006,5.50463],[-75.04011,5.50469],[-75.04033,5.50473],[-75.04033,5.50473],[-75.04034,5.50473],[-75.04034,5.50473],[-75.04034,5.50473],[-75.04034,5.50473],[-75.04034,5.50473],[-75.04041,5.50486],[-75.0405,5.50497],[-75.04051,5.50498],[-75.04059,5.50505],[-75.04059,5.50505],[-75.04059,5.50505],[-75.04067,5.50518],[-75.04068,5.50518],[-75.04068,5.50518],[-75.04068,5.50518],[-75.04068,5.50518],[-75.04068,5.50518],[-75.04068,5.50519],[-75.04062,5.50535],[-75.04062,5.50536],[-75.04062,5.50536],[-75.04061,5.50536],[-75.04055,5.50544],[-75.04055,5.50544],[-75.04055,5.50544],[-75.04044,5.50554],[-75.04044,5.50554],[-75.04033,5.50562],[-75.04021,5.50574],[-75.04014,5.50582],[-75.04014,5.50582],[-75.04014,5.50582],[-75.04007,5.50589],[-75.04003,5.50594],[-75.04002,5.506],[-75.04002,5.50601],[-75.04002,5.50601],[-75.04002,5.50601],[-75.04002,5.50601],[-75.04002,5.50601],[-75.04003,5.5061],[-75.04011,5.50631],[-75.04011,5.50631],[-75.04016,5.50653],[-75.04016,5.50653],[-75.04017,5.50663],[-75.0403,5.50668],[-75.0403,5.50668],[-75.0403,5.50668],[-75.0403,5.50669],[-75.04038,5.50678],[-75.04038,5.50678],[-75.04039,5.50678],[-75.04039,5.50678],[-75.04039,5.50679],[-75.0404,5.50695],[-75.0404,5.50695],[-75.0404,5.50701],[-75.0404,5.50706],[-75.04043,5.50718],[-75.04043,5.50718],[-75.04043,5.50718],[-75.04041,5.50733],[-75.04041,5.50733],[-75.04041,5.50734],[-75.04032,5.50757],[-75.04032,5.50758],[-75.04032,5.50758],[-75.04032,5.50758],[-75.04032,5.50758],[-75.04032,5.50758],[-75.04032,5.50758],[-75.04019,5.50762],[-75.04017,5.50765],[-75.04009,5.50775],[-75.04014,5.5079],[-75.04014,5.5079],[-75.04017,5.508],[-75.04017,5.50801],[-75.04017,5.50801],[-75.04018,5.50807],[-75.04024,5.50816],[-75.04024,5.50816],[-75.04024,5.50816],[-75.04024,5.50816],[-75.04026,5.50828],[-75.04026,5.50828],[-75.04026,5.50828],[-75.04028,5.50841],[-75.04028,5.50842],[-75.04028,5.50842],[-75.04028,5.50842],[-75.04028,5.50842],[-75.04028,5.50842],[-75.04028,5.50842],[-75.04028,5.50842],[-75.04027,5.50842],[-75.04027,5.50842],[-75.03999,5.50849],[-75.03999,5.50849],[-75.03999,5.50849],[-75.03984,5.5085],[-75.03983,5.5085],[-75.03983,5.5085],[-75.03983,5.5085],[-75.03983,5.5085],[-75.03983,5.5085],[-75.03978,5.50846],[-75.03971,5.50841],[-75.03965,5.50838],[-75.03965,5.50838],[-75.03956,5.50832],[-75.0394,5.50823],[-75.03931,5.50821],[-75.03925,5.50829],[-75.03922,5.50841],[-75.03922,5.50842],[-75.03922,5.50842],[-75.03917,5.5085],[-75.03917,5.5085],[-75.03917,5.5085],[-75.03917,5.5085],[-75.03917,5.5085],[-75.03908,5.50854],[-75.039,5.50866],[-75.03899,5.50872],[-75.03904,5.50882],[-75.03915,5.50894],[-75.03915,5.50895],[-75.03915,5.50895],[-75.03915,5.50895],[-75.03915,5.50895],[-75.03915,5.50895],[-75.03913,5.50912],[-75.03913,5.50913],[-75.03913,5.50913],[-75.03912,5.50913],[-75.03908,5.50919],[-75.03905,5.50924],[-75.03905,5.5094],[-75.03905,5.5094],[-75.03905,5.5094],[-75.03905,5.50941],[-75.03905,5.50941],[-75.03896,5.50952],[-75.03896,5.50952],[-75.03896,5.50952],[-75.03896,5.50952],[-75.03896,5.50952],[-75.03896,5.50952],[-75.03895,5.50952],[-75.03895,5.50952],[-75.03877,5.50949],[-75.03877,5.50949],[-75.03866,5.50945],[-75.03853,5.50944],[-75.03852,5.50952],[-75.03857,5.50967],[-75.03858,5.50972],[-75.03863,5.50986],[-75.03872,5.51],[-75.03883,5.51005],[-75.03883,5.51005],[-75.03883,5.51005],[-75.03883,5.51005],[-75.03891,5.51013],[-75.03911,5.51021],[-75.03911,5.51021],[-75.03911,5.51021],[-75.03911,5.51021],[-75.0392,5.5103],[-75.03935,5.51041],[-75.03952,5.51041],[-75.03952,5.51041],[-75.03953,5.51041],[-75.03953,5.51041],[-75.03953,5.51041],[-75.03953,5.51041],[-75.03953,5.51041],[-75.03953,5.51041],[-75.03953,5.51042],[-75.03953,5.51042],[-75.03953,5.51042],[-75.03953,5.51042],[-75.03953,5.51042],[-75.0395,5.51049],[-75.0395,5.51049],[-75.0395,5.51049],[-75.0395,5.5105],[-75.0395,5.5105],[-75.0395,5.5105],[-75.03947,5.51051],[-75.03931,5.5106],[-75.03917,5.51077],[-75.03917,5.51077],[-75.03917,5.51077],[-75.03917,5.51077],[-75.03911,5.5108],[-75.03903,5.51083],[-75.03895,5.5109],[-75.03893,5.51106],[-75.03891,5.51119],[-75.03891,5.51119],[-75.03891,5.51119],[-75.03888,5.51125],[-75.03888,5.51125],[-75.03888,5.51125],[-75.03888,5.51125],[-75.03888,5.51125],[-75.03888,5.51125],[-75.03888,5.51125],[-75.03888,5.51125],[-75.0388,5.51126],[-75.0388,5.51126],[-75.0388,5.51126],[-75.0388,5.51125],[-75.03863,5.51117],[-75.03854,5.51114],[-75.03854,5.51114],[-75.03854,5.51114],[-75.03846,5.5111],[-75.03846,5.5111],[-75.03846,5.5111],[-75.03845,5.5111],[-75.03845,5.5111],[-75.03845,5.5111],[-75.03843,5.51105],[-75.03835,5.51098],[-75.03827,5.51096],[-75.03823,5.51099],[-75.03823,5.51099],[-75.03823,5.51099],[-75.03814,5.51104],[-75.03811,5.51112],[-75.0381,5.51127],[-75.0381,5.51127],[-75.0381,5.51127],[-75.03808,5.51135],[-75.03809,5.51135],[-75.03809,5.51135],[-75.03809,5.51135],[-75.03809,5.51135],[-75.03809,5.51136],[-75.03815,5.5115],[-75.03815,5.5115],[-75.03815,5.51151],[-75.03816,5.51152],[-75.03817,5.51158],[-75.0382,5.51164],[-75.0382,5.51164],[-75.0382,5.51164],[-75.03821,5.51165],[-75.03824,5.51177],[-75.03824,5.51177],[-75.03824,5.51177],[-75.03825,5.51192],[-75.03828,5.51198],[-75.03828,5.51198],[-75.03828,5.51198],[-75.03834,5.51209],[-75.03843,5.51214],[-75.03843,5.51214],[-75.03843,5.51214],[-75.03843,5.51214],[-75.0386,5.51241],[-75.0386,5.51241],[-75.0386,5.51241],[-75.03867,5.51254],[-75.03867,5.51254],[-75.03867,5.51254],[-75.03867,5.51254],[-75.03867,5.51254],[-75.03867,5.51254],[-75.03867,5.51255],[-75.03867,5.51255],[-75.03867,5.51255],[-75.03867,5.51255],[-75.03867,5.51255],[-75.03867,5.51255],[-75.03866,5.51255],[-75.03866,5.51255],[-75.03853,5.51253],[-75.03853,5.51253],[-75.03852,5.51253],[-75.03852,5.51253],[-75.0383,5.51239],[-75.03828,5.51238],[-75.03815,5.51239],[-75.03815,5.51239],[-75.03815,5.51239],[-75.03809,5.51238],[-75.03789,5.51248],[-75.03789,5.51248],[-75.03789,5.51248],[-75.03789,5.51248],[-75.03776,5.51249],[-75.03776,5.51249],[-75.03776,5.51249],[-75.03776,5.51248],[-75.03776,5.51248],[-75.03776,5.51248],[-75.03776,5.51248],[-75.03775,5.51248],[-75.03772,5.5124],[-75.03762,5.51237],[-75.0375,5.51237],[-75.03737,5.51246],[-75.03729,5.51253],[-75.03729,5.51253],[-75.03724,5.51257],[-75.03722,5.51263],[-75.03719,5.51279],[-75.03719,5.51279],[-75.03719,5.51279],[-75.03719,5.51279],[-75.03719,5.5128],[-75.03719,5.5128],[-75.03719,5.5128],[-75.03704,5.51288],[-75.03703,5.5129],[-75.03703,5.5129],[-75.03703,5.5129],[-75.03702,5.5129],[-75.03702,5.5129],[-75.03702,5.51291],[-75.03702,5.51291],[-75.03702,5.51291],[-75.03702,5.51291],[-75.03702,5.51291],[-75.03702,5.51291],[-75.03701,5.51291],[-75.03701,5.51291],[-75.03694,5.5129],[-75.03686,5.51289],[-75.03686,5.51289],[-75.03686,5.51289],[-75.03686,5.51289],[-75.03676,5.51283],[-75.03676,5.51283],[-75.03676,5.51282],[-75.03666,5.51272],[-75.03665,5.5127],[-75.03665,5.5127],[-75.03665,5.5127],[-75.03658,5.51262],[-75.03653,5.51259],[-75.03644,5.5126],[-75.03633,5.51269],[-75.03623,5.51278],[-75.03615,5.51288],[-75.03615,5.51288],[-75.03615,5.51288],[-75.03607,5.51294],[-75.03605,5.51302],[-75.03605,5.51302],[-75.03605,5.51302],[-75.03599,5.51313],[-75.03599,5.51328],[-75.03602,5.51344],[-75.03602,5.51344],[-75.03603,5.51356],[-75.03606,5.51365],[-75.03606,5.51365],[-75.03606,5.51365],[-75.03608,5.51374],[-75.03608,5.51374],[-75.03609,5.5138],[-75.03609,5.51381],[-75.03609,5.51381],[-75.03609,5.51381],[-75.03609,5.51381],[-75.03609,5.51381],[-75.03609,5.51381],[-75.03596,5.51396],[-75.03578,5.51412],[-75.03581,5.51412],[-75.03591,5.51414],[-75.03597,5.51417],[-75.03604,5.51419],[-75.03611,5.5142],[-75.03618,5.51421],[-75.03624,5.51421],[-75.03631,5.5142],[-75.03635,5.5142],[-75.03642,5.51425],[-75.0365,5.5143],[-75.03658,5.51435],[-75.03659,5.51436],[-75.03666,5.5144],[-75.03674,5.51444],[-75.03682,5.51448],[-75.03691,5.51451],[-75.03703,5.51456],[-75.03714,5.51461],[-75.03722,5.51464],[-75.03728,5.51467],[-75.03735,5.5147],[-75.03741,5.51474],[-75.03747,5.51477],[-75.03753,5.51481],[-75.03759,5.51485],[-75.03766,5.5149],[-75.03774,5.51496],[-75.03783,5.51503],[-75.03793,5.51511],[-75.03821,5.51535],[-75.03822,5.51536],[-75.0384,5.5155],[-75.03858,5.51564],[-75.03875,5.5158],[-75.03891,5.51595],[-75.03887,5.51611],[-75.03873,5.51658],[-75.03858,5.51705],[-75.03855,5.51717],[-75.03851,5.5173],[-75.03849,5.51743],[-75.03846,5.51756],[-75.03845,5.51768],[-75.03844,5.51781],[-75.03843,5.51794],[-75.0384,5.51813],[-75.03837,5.51831],[-75.03834,5.51848],[-75.03831,5.51873],[-75.03828,5.51899],[-75.03827,5.51912],[-75.03838,5.5192],[-75.03867,5.51936],[-75.0387,5.51938],[-75.03882,5.51896],[-75.03884,5.51893],[-75.03885,5.51889],[-75.03885,5.51889],[-75.03885,5.51889],[-75.03886,5.51884],[-75.03886,5.51884],[-75.03886,5.51884],[-75.03889,5.51879],[-75.0389,5.51874],[-75.0389,5.51868],[-75.0389,5.51867],[-75.0389,5.51863],[-75.0389,5.51863],[-75.0389,5.51863],[-75.0389,5.51863],[-75.0389,5.51863],[-75.0389,5.51862],[-75.0389,5.51862],[-75.03889,5.5186],[-75.03889,5.5186],[-75.03889,5.5186],[-75.03889,5.5186],[-75.03889,5.5186],[-75.03889,5.5186],[-75.03889,5.5186],[-75.03889,5.51859],[-75.0389,5.51855],[-75.03889,5.51851],[-75.03889,5.51851],[-75.03889,5.51851],[-75.03889,5.51851],[-75.03889,5.51845],[-75.03889,5.51845],[-75.03889,5.51845],[-75.0389,5.51841],[-75.0389,5.51837],[-75.0389,5.51837],[-75.0389,5.51837],[-75.0389,5.51835],[-75.0389,5.5183],[-75.0389,5.51823],[-75.0389,5.51823],[-75.0389,5.51817],[-75.0389,5.51817],[-75.03891,5.51813],[-75.03891,5.51813],[-75.03891,5.51812],[-75.03891,5.5181],[-75.03891,5.5181],[-75.03891,5.51806],[-75.03891,5.51805],[-75.03891,5.51805],[-75.03891,5.51805],[-75.03891,5.51805],[-75.03891,5.51805],[-75.03891,5.51805],[-75.03892,5.51803],[-75.03892,5.518],[-75.03892,5.51794],[-75.03891,5.51786],[-75.0389,5.51782],[-75.0389,5.51781],[-75.03889,5.51781],[-75.03889,5.5178],[-75.03889,5.5178],[-75.03888,5.51778],[-75.03888,5.51778],[-75.03888,5.51778],[-75.03887,5.51777],[-75.03887,5.51777],[-75.03887,5.51776],[-75.03887,5.51776],[-75.03887,5.51776],[-75.03888,5.51772],[-75.03888,5.51772],[-75.03888,5.51772],[-75.03889,5.51767],[-75.03889,5.51767],[-75.03891,5.51763],[-75.03892,5.51758],[-75.0389,5.51752],[-75.0389,5.51752],[-75.03889,5.51744],[-75.03889,5.51744],[-75.0389,5.5174],[-75.0389,5.51733],[-75.0389,5.51733],[-75.0389,5.51733],[-75.03891,5.51723],[-75.03891,5.51717],[-75.03891,5.51717],[-75.0389,5.51709],[-75.0389,5.51705],[-75.0389,5.51705],[-75.0389,5.51705],[-75.0389,5.51705],[-75.0389,5.51704],[-75.03891,5.51704],[-75.03891,5.51703],[-75.03893,5.51701],[-75.03893,5.51701],[-75.03893,5.51701],[-75.03893,5.51701],[-75.03893,5.51701],[-75.03895,5.517],[-75.03896,5.51699],[-75.03896,5.51699],[-75.03896,5.51699],[-75.03896,5.51699],[-75.03896,5.51698],[-75.03896,5.51698],[-75.03896,5.51698],[-75.03899,5.51697],[-75.039,5.51696],[-75.039,5.51696],[-75.039,5.51696],[-75.03901,5.51696],[-75.03902,5.51696],[-75.03902,5.51695],[-75.03905,5.51693],[-75.03905,5.51693],[-75.03905,5.51693],[-75.03907,5.51692],[-75.0391,5.51689],[-75.0391,5.51689],[-75.03911,5.51689],[-75.03911,5.51689],[-75.03919,5.51687],[-75.0392,5.51686],[-75.0392,5.51686],[-75.03921,5.51686],[-75.03922,5.51685],[-75.0393,5.51676],[-75.03933,5.51671],[-75.03933,5.51671],[-75.03933,5.51671],[-75.03944,5.5166],[-75.03948,5.51654],[-75.03951,5.51646],[-75.03951,5.51646],[-75.03955,5.51638],[-75.03955,5.51638],[-75.03955,5.51638],[-75.03957,5.51636],[-75.03957,5.51635],[-75.03957,5.51635],[-75.03958,5.51635],[-75.03958,5.51635],[-75.03958,5.51635],[-75.03958,5.51635],[-75.03958,5.51635],[-75.03958,5.51635],[-75.0396,5.51633],[-75.0396,5.51633],[-75.0396,5.51633],[-75.0396,5.51632],[-75.03967,5.5163],[-75.03969,5.51628],[-75.03969,5.51628],[-75.03971,5.51626],[-75.03972,5.51624],[-75.03974,5.51621],[-75.03974,5.51621],[-75.03979,5.51613],[-75.03979,5.51613],[-75.03979,5.51613],[-75.03979,5.51613],[-75.03984,5.5161],[-75.03984,5.5161],[-75.03984,5.5161],[-75.0399,5.51608],[-75.03992,5.51607],[-75.03992,5.51605],[-75.03992,5.51605],[-75.03993,5.51601],[-75.03993,5.51601],[-75.03993,5.51601],[-75.03993,5.51601],[-75.03993,5.51601],[-75.03993,5.51601],[-75.03993,5.51601],[-75.03994,5.51601],[-75.03994,5.51601],[-75.04001,5.51601],[-75.04001,5.51601],[-75.04001,5.51601],[-75.04001,5.51601],[-75.04001,5.51601],[-75.04005,5.51604],[-75.04007,5.51605],[-75.04008,5.51605],[-75.0401,5.51603],[-75.04013,5.51601],[-75.04013,5.51601],[-75.04014,5.51599],[-75.04017,5.51594],[-75.04018,5.51594],[-75.04018,5.51594],[-75.04018,5.51594],[-75.04018,5.51594],[-75.04018,5.51594],[-75.04018,5.51594],[-75.04018,5.51594],[-75.04019,5.51594],[-75.04019,5.51594],[-75.04024,5.51597],[-75.04024,5.51598],[-75.04024,5.51598],[-75.04027,5.516],[-75.04028,5.51601],[-75.04028,5.516],[-75.04028,5.516],[-75.04029,5.516],[-75.04029,5.516],[-75.0403,5.51599],[-75.0403,5.51599],[-75.0403,5.51599],[-75.04036,5.51597],[-75.04036,5.51597],[-75.04036,5.51597],[-75.0404,5.51597],[-75.04042,5.51597],[-75.04051,5.51589],[-75.04051,5.51589],[-75.04058,5.51585],[-75.04058,5.51585],[-75.04063,5.51582],[-75.04065,5.51581],[-75.04064,5.51577],[-75.04064,5.51577],[-75.04064,5.51576],[-75.04064,5.51576],[-75.04066,5.51571],[-75.04066,5.51571],[-75.04066,5.51571],[-75.04066,5.51571],[-75.04066,5.51571],[-75.04066,5.51571],[-75.04072,5.51568],[-75.04072,5.51568],[-75.04072,5.51568],[-75.04072,5.51568],[-75.04081,5.51568],[-75.04081,5.51568],[-75.04081,5.51568],[-75.04081,5.51568],[-75.04088,5.51571],[-75.04089,5.51571],[-75.04089,5.51571],[-75.04089,5.51571],[-75.04089,5.51571],[-75.04089,5.51571],[-75.04101,5.51574],[-75.04101,5.51574],[-75.04101,5.51575],[-75.04101,5.51575],[-75.04107,5.5158],[-75.04112,5.5158],[-75.04118,5.51579],[-75.04118,5.51579],[-75.04125,5.51578],[-75.04129,5.51577],[-75.04129,5.51577],[-75.04129,5.51577],[-75.04133,5.51577],[-75.04133,5.51577],[-75.04133,5.51577],[-75.04136,5.51578],[-75.04139,5.51575],[-75.04139,5.51575],[-75.04139,5.51575],[-75.04145,5.51574],[-75.04146,5.51574],[-75.04146,5.51574],[-75.04146,5.51574],[-75.04147,5.51574],[-75.04147,5.51574],[-75.04148,5.51574],[-75.04148,5.51574],[-75.04151,5.51576],[-75.04151,5.51576],[-75.04151,5.51576],[-75.04157,5.51583],[-75.04158,5.51584],[-75.04158,5.51584],[-75.04167,5.51584],[-75.04168,5.51584],[-75.04168,5.51584],[-75.04168,5.51584],[-75.04168,5.51584],[-75.04168,5.51584],[-75.04168,5.51584],[-75.04169,5.51584],[-75.04169,5.51584],[-75.04169,5.51584],[-75.04173,5.51585],[-75.04174,5.51586],[-75.04183,5.51585],[-75.04185,5.51585],[-75.04186,5.51585],[-75.04186,5.51585],[-75.04195,5.51583],[-75.04195,5.51583],[-75.04195,5.51583],[-75.04195,5.51583],[-75.04204,5.51585],[-75.04204,5.51585],[-75.04212,5.51588],[-75.04214,5.51588],[-75.04214,5.51588],[-75.04216,5.51589],[-75.04216,5.51589],[-75.04216,5.51589],[-75.04222,5.51593],[-75.04223,5.51594],[-75.04223,5.51594],[-75.04223,5.51594],[-75.04224,5.51594],[-75.04224,5.51594],[-75.04224,5.51594],[-75.04225,5.51594],[-75.04225,5.51594],[-75.04228,5.51594],[-75.04228,5.51594],[-75.04228,5.51594],[-75.04228,5.51594],[-75.04228,5.51594],[-75.04232,5.51596],[-75.04232,5.51596],[-75.04232,5.51596],[-75.04234,5.51597],[-75.04236,5.51598],[-75.04243,5.51598],[-75.04243,5.51598],[-75.04244,5.51598],[-75.04244,5.51598],[-75.04244,5.51598],[-75.04247,5.51599],[-75.04248,5.51599],[-75.04248,5.51599],[-75.04248,5.51599],[-75.04256,5.516],[-75.04256,5.516],[-75.04256,5.516],[-75.04264,5.51604],[-75.04264,5.51604],[-75.04264,5.51604],[-75.04265,5.51604],[-75.04269,5.51607],[-75.04269,5.51607],[-75.04269,5.51607],[-75.04271,5.51609],[-75.04273,5.51611],[-75.04274,5.5161],[-75.04274,5.5161],[-75.04274,5.5161],[-75.04275,5.5161],[-75.04275,5.5161],[-75.0428,5.51612],[-75.0428,5.51612],[-75.0428,5.51611],[-75.04285,5.5161],[-75.04285,5.5161],[-75.04285,5.5161],[-75.04288,5.51611],[-75.04293,5.5161],[-75.04293,5.5161],[-75.04293,5.5161],[-75.04295,5.5161],[-75.04295,5.5161],[-75.04296,5.5161],[-75.04296,5.5161],[-75.04296,5.5161],[-75.04296,5.5161],[-75.04296,5.51611],[-75.04296,5.51611],[-75.04298,5.51611],[-75.04298,5.51611],[-75.04298,5.51611],[-75.04305,5.51614],[-75.04308,5.51615],[-75.04308,5.51615],[-75.04308,5.51615],[-75.04313,5.51617],[-75.04313,5.51617],[-75.04313,5.51617],[-75.04313,5.51617],[-75.04313,5.51617],[-75.04313,5.51617],[-75.04315,5.51618],[-75.04315,5.51618],[-75.0432,5.5162],[-75.04326,5.51619],[-75.04331,5.51619],[-75.04331,5.51619],[-75.04331,5.51619],[-75.04337,5.51618],[-75.04338,5.51617],[-75.04339,5.51616],[-75.04339,5.51616],[-75.04339,5.51616],[-75.04339,5.51616],[-75.04342,5.51615],[-75.04343,5.51614],[-75.04343,5.51614],[-75.04343,5.51614],[-75.04343,5.51614],[-75.04348,5.51612],[-75.04348,5.51612],[-75.04348,5.51612],[-75.04348,5.51612],[-75.04349,5.51612],[-75.04349,5.51612],[-75.04351,5.51613],[-75.04354,5.51611],[-75.04354,5.51611],[-75.04354,5.51611],[-75.04355,5.51611],[-75.04355,5.51611],[-75.04355,5.51611],[-75.04355,5.51611],[-75.04356,5.51611],[-75.04356,5.5161],[-75.04356,5.5161],[-75.04356,5.5161],[-75.04359,5.51609],[-75.0436,5.51609],[-75.04362,5.51608],[-75.04363,5.51608],[-75.04363,5.51608],[-75.04363,5.51608],[-75.04363,5.51608],[-75.04363,5.51608],[-75.04364,5.51608],[-75.04364,5.51608],[-75.04364,5.51608],[-75.04369,5.51611],[-75.04369,5.51611],[-75.04371,5.51613],[-75.04371,5.51613],[-75.04371,5.51613],[-75.04375,5.5162],[-75.0438,5.51623],[-75.0438,5.51623],[-75.0438,5.51623],[-75.04381,5.51623],[-75.04381,5.51623],[-75.04381,5.51623],[-75.04381,5.51623],[-75.04381,5.51623],[-75.04392,5.51633],[-75.04392,5.51633],[-75.04392,5.51633],[-75.04393,5.51634],[-75.04394,5.51634],[-75.04394,5.51634],[-75.04396,5.51638],[-75.04396,5.51638],[-75.04396,5.51638],[-75.04398,5.51641],[-75.04398,5.51641],[-75.04398,5.51641],[-75.04399,5.51645],[-75.04399,5.51645],[-75.044,5.51645],[-75.044,5.51645],[-75.04399,5.51647],[-75.04402,5.51649],[-75.04402,5.51649],[-75.04402,5.51649],[-75.04403,5.5165],[-75.04403,5.5165],[-75.04406,5.51653],[-75.04406,5.51653],[-75.04406,5.51653],[-75.04406,5.51653],[-75.04406,5.51654],[-75.04406,5.51654],[-75.04406,5.51654],[-75.04406,5.51654],[-75.04406,5.51654],[-75.04406,5.51654],[-75.04406,5.51654],[-75.04406,5.51654],[-75.04407,5.51655],[-75.04407,5.51655],[-75.04407,5.51655],[-75.04407,5.51655],[-75.04407,5.51655],[-75.04407,5.51655],[-75.04407,5.51655],[-75.04407,5.51655],[-75.04408,5.51655],[-75.04408,5.51655],[-75.04408,5.51655],[-75.04408,5.51655],[-75.04408,5.51656],[-75.04408,5.51656],[-75.0441,5.51657],[-75.0441,5.51657],[-75.0441,5.51657],[-75.04412,5.51661],[-75.04412,5.51661],[-75.04412,5.51661],[-75.04412,5.51662],[-75.04414,5.51664],[-75.04414,5.51665],[-75.04414,5.51665],[-75.04415,5.51669],[-75.04416,5.51671],[-75.04416,5.51671],[-75.04416,5.51671],[-75.04416,5.51671],[-75.04416,5.51671],[-75.04416,5.51672],[-75.04416,5.51672],[-75.04416,5.51673],[-75.04417,5.51679],[-75.04417,5.51679],[-75.04417,5.51679],[-75.04418,5.51684],[-75.0442,5.51688],[-75.0442,5.51688],[-75.0442,5.51688],[-75.04421,5.51688],[-75.04422,5.5169],[-75.04422,5.5169],[-75.04422,5.5169],[-75.04422,5.5169],[-75.04423,5.5169],[-75.04423,5.5169],[-75.04423,5.5169],[-75.04424,5.5169],[-75.04424,5.5169],[-75.04424,5.5169],[-75.04424,5.5169],[-75.04425,5.51691],[-75.04425,5.51692],[-75.04425,5.51692],[-75.04425,5.51692],[-75.04425,5.51692],[-75.04425,5.51692],[-75.04425,5.51692],[-75.04425,5.51692],[-75.04426,5.51693],[-75.04426,5.51693],[-75.04426,5.51693],[-75.04427,5.51693],[-75.04428,5.51694],[-75.04429,5.51694],[-75.04429,5.51694],[-75.0443,5.51694],[-75.0443,5.51694],[-75.0443,5.51694],[-75.0443,5.51694],[-75.04431,5.51695],[-75.04431,5.51695],[-75.04431,5.51695],[-75.04431,5.51695],[-75.04431,5.51696],[-75.04431,5.51696],[-75.04432,5.51696],[-75.04432,5.51697],[-75.04432,5.51697],[-75.04432,5.51697],[-75.04432,5.51697],[-75.04432,5.51697],[-75.04432,5.51697],[-75.04432,5.51697],[-75.04432,5.51697],[-75.04432,5.51698],[-75.04432,5.51698],[-75.04432,5.51698],[-75.04432,5.51698],[-75.04432,5.51698],[-75.04432,5.51698],[-75.04431,5.51698],[-75.04431,5.51698],[-75.04431,5.51698],[-75.04431,5.51698],[-75.04431,5.51698],[-75.0443,5.51698],[-75.0443,5.51697],[-75.0443,5.51697],[-75.0443,5.51697],[-75.0443,5.51697],[-75.0443,5.51697],[-75.04429,5.51696],[-75.04429,5.51696],[-75.04429,5.51696],[-75.04429,5.51696],[-75.04429,5.51696],[-75.04428,5.51695],[-75.04426,5.51695],[-75.04426,5.51695],[-75.04426,5.51695],[-75.04426,5.51695],[-75.04426,5.51695],[-75.04426,5.51695],[-75.04425,5.51695],[-75.04425,5.51694],[-75.04424,5.51694],[-75.04424,5.51693],[-75.04424,5.51693],[-75.04424,5.51693],[-75.04424,5.51693],[-75.04424,5.51693],[-75.04424,5.51693],[-75.04424,5.51693],[-75.04424,5.51693],[-75.04423,5.51693],[-75.04423,5.51692],[-75.04422,5.51692],[-75.04422,5.51692],[-75.04422,5.51692],[-75.04422,5.51691],[-75.04422,5.51691],[-75.04422,5.51691],[-75.04421,5.51691],[-75.04421,5.51691],[-75.04421,5.51691],[-75.04421,5.51691],[-75.04421,5.51691],[-75.04421,5.51691],[-75.04421,5.51691],[-75.0442,5.5169],[-75.04419,5.5169],[-75.04419,5.5169],[-75.04419,5.5169],[-75.04419,5.5169],[-75.04419,5.51689],[-75.04419,5.51689],[-75.04417,5.51685],[-75.04417,5.51685],[-75.04417,5.51685],[-75.04416,5.51679],[-75.04414,5.51674],[-75.04414,5.51674],[-75.04414,5.51672],[-75.04414,5.51672],[-75.04414,5.51672],[-75.04414,5.51672],[-75.04413,5.5167],[-75.04413,5.51669],[-75.04413,5.51669],[-75.04412,5.51665],[-75.04411,5.51662],[-75.04411,5.51662],[-75.04411,5.51662],[-75.04408,5.51658],[-75.04408,5.51657],[-75.04408,5.51657],[-75.04407,5.51657],[-75.04407,5.51657],[-75.04407,5.51657],[-75.04406,5.51656],[-75.04406,5.51656],[-75.04406,5.51656],[-75.04406,5.51656],[-75.04406,5.51656],[-75.04406,5.51656],[-75.04406,5.51656],[-75.04405,5.51656],[-75.04404,5.51656],[-75.04404,5.51656],[-75.04404,5.51656],[-75.04404,5.51656],[-75.04404,5.51656],[-75.04404,5.51656],[-75.04404,5.51656],[-75.04403,5.51656],[-75.04403,5.51656],[-75.04403,5.51656],[-75.04403,5.51655],[-75.04403,5.51655],[-75.04403,5.51655],[-75.04404,5.51655],[-75.04404,5.51654],[-75.04402,5.51651],[-75.04401,5.5165],[-75.04398,5.51648],[-75.04398,5.51648],[-75.04398,5.51648],[-75.04398,5.51648],[-75.04398,5.51648],[-75.04398,5.51647],[-75.04398,5.51647],[-75.04398,5.51646],[-75.04396,5.51642],[-75.04394,5.51639],[-75.04392,5.51635],[-75.04391,5.51634],[-75.0438,5.51625],[-75.0438,5.51625],[-75.0438,5.51625],[-75.0438,5.51625],[-75.0438,5.51625],[-75.04374,5.51621],[-75.04374,5.51621],[-75.04374,5.51621],[-75.04374,5.51621],[-75.0437,5.51614],[-75.04368,5.51613],[-75.04363,5.5161],[-75.04363,5.5161],[-75.04363,5.5161],[-75.04363,5.5161],[-75.04361,5.51611],[-75.04361,5.51611],[-75.04361,5.51611],[-75.0436,5.51611],[-75.0436,5.51611],[-75.04357,5.51612],[-75.04357,5.51612],[-75.04356,5.51613],[-75.04356,5.51613],[-75.04356,5.51613],[-75.04356,5.51613],[-75.04356,5.51613],[-75.04356,5.51613],[-75.04354,5.51613],[-75.04351,5.51615],[-75.04351,5.51615],[-75.04351,5.51615],[-75.04351,5.51615],[-75.0435,5.51615],[-75.0435,5.51615],[-75.04348,5.51614],[-75.04344,5.51615],[-75.04343,5.51616],[-75.04343,5.51616],[-75.04343,5.51616],[-75.0434,5.51617],[-75.04339,5.51618],[-75.04339,5.51618],[-75.04339,5.51619],[-75.04339,5.51619],[-75.04337,5.5162],[-75.04337,5.5162],[-75.04337,5.5162],[-75.04337,5.5162],[-75.04331,5.5162],[-75.04326,5.51621],[-75.04326,5.51621],[-75.04326,5.51621],[-75.04319,5.51621],[-75.04319,5.51621],[-75.04319,5.51621],[-75.04319,5.51621],[-75.04314,5.51619],[-75.04313,5.51619],[-75.04312,5.51619],[-75.04312,5.51619],[-75.04312,5.51619],[-75.04308,5.51617],[-75.04304,5.51616],[-75.04304,5.51616],[-75.04297,5.51613],[-75.04296,5.51613],[-75.04296,5.51613],[-75.04295,5.51613],[-75.04295,5.51613],[-75.04295,5.51612],[-75.04295,5.51612],[-75.04295,5.51612],[-75.04293,5.51612],[-75.04288,5.51613],[-75.04288,5.51613],[-75.04288,5.51613],[-75.04285,5.51612],[-75.04281,5.51613],[-75.0428,5.51613],[-75.0428,5.51613],[-75.0428,5.51613],[-75.0428,5.51613],[-75.0428,5.51613],[-75.0428,5.51613],[-75.04275,5.51612],[-75.04273,5.51613],[-75.04273,5.51613],[-75.04273,5.51613],[-75.04273,5.51613],[-75.04273,5.51613],[-75.04273,5.51613],[-75.04273,5.51613],[-75.0427,5.51611],[-75.0427,5.51611],[-75.04269,5.5161],[-75.04268,5.51609],[-75.04264,5.51606],[-75.04263,5.51606],[-75.04256,5.51602],[-75.04248,5.51601],[-75.04248,5.51601],[-75.04247,5.51601],[-75.04247,5.51601],[-75.04247,5.51601],[-75.04243,5.516],[-75.04243,5.516],[-75.04236,5.51599],[-75.04236,5.51599],[-75.04235,5.51599],[-75.04233,5.51599],[-75.04233,5.51599],[-75.04233,5.51599],[-75.04233,5.51599],[-75.04231,5.51597],[-75.04228,5.51595],[-75.04225,5.51596],[-75.04224,5.51596],[-75.04224,5.51596],[-75.04224,5.51596],[-75.04224,5.51596],[-75.04224,5.51596],[-75.04224,5.51596],[-75.04224,5.51596],[-75.04223,5.51596],[-75.04223,5.51596],[-75.04223,5.51596],[-75.04223,5.51596],[-75.04223,5.51596],[-75.04222,5.51596],[-75.04222,5.51596],[-75.04221,5.51595],[-75.04221,5.51595],[-75.04221,5.51595],[-75.04215,5.51591],[-75.04213,5.5159],[-75.04211,5.51589],[-75.04211,5.51589],[-75.04204,5.51587],[-75.04195,5.51585],[-75.04186,5.51586],[-75.04184,5.51587],[-75.04183,5.51587],[-75.04183,5.51587],[-75.04174,5.51588],[-75.04174,5.51588],[-75.04174,5.51588],[-75.04174,5.51588],[-75.04172,5.51587],[-75.04172,5.51587],[-75.04169,5.51586],[-75.04169,5.51586],[-75.04168,5.51586],[-75.04168,5.51586],[-75.04168,5.51586],[-75.04168,5.51586],[-75.04167,5.51586],[-75.04167,5.51586],[-75.04158,5.51585],[-75.04158,5.51585],[-75.04158,5.51585],[-75.04158,5.51585],[-75.04158,5.51585],[-75.04158,5.51585],[-75.04158,5.51585],[-75.04156,5.51585],[-75.04156,5.51585],[-75.04156,5.51585],[-75.04156,5.51585],[-75.0415,5.51578],[-75.04147,5.51576],[-75.04146,5.51576],[-75.0414,5.51577],[-75.04137,5.51579],[-75.04137,5.51579],[-75.04136,5.51579],[-75.04136,5.51579],[-75.04136,5.51579],[-75.04132,5.51579],[-75.04129,5.51579],[-75.04126,5.5158],[-75.04118,5.5158],[-75.04112,5.51582],[-75.04112,5.51582],[-75.04112,5.51582],[-75.04106,5.51582],[-75.04106,5.51582],[-75.04106,5.51582],[-75.04106,5.51582],[-75.04106,5.51582],[-75.04106,5.51582],[-75.041,5.51576],[-75.04089,5.51572],[-75.04088,5.51573],[-75.04088,5.51573],[-75.04088,5.51573],[-75.04088,5.51573],[-75.04088,5.51572],[-75.0408,5.51569],[-75.04072,5.51569],[-75.04067,5.51572],[-75.04066,5.51577],[-75.04066,5.51581],[-75.04066,5.51581],[-75.04066,5.51581],[-75.04066,5.51582],[-75.04066,5.51582],[-75.04066,5.51582],[-75.04066,5.51582],[-75.04064,5.51583],[-75.04064,5.51584],[-75.04064,5.51584],[-75.04059,5.51586],[-75.04052,5.51591],[-75.04043,5.51598],[-75.04042,5.51598],[-75.04042,5.51598],[-75.04041,5.51599],[-75.04041,5.51599],[-75.04041,5.51599],[-75.04041,5.51599],[-75.04036,5.51599],[-75.04031,5.51601],[-75.0403,5.51601],[-75.0403,5.51602],[-75.0403,5.51602],[-75.0403,5.51602],[-75.0403,5.51602],[-75.0403,5.51602],[-75.0403,5.51602],[-75.04029,5.51603],[-75.04029,5.51603],[-75.04029,5.51603],[-75.04029,5.51603],[-75.04029,5.51603],[-75.04026,5.51602],[-75.04026,5.51602],[-75.04026,5.51602],[-75.04026,5.51602],[-75.04023,5.51599],[-75.04018,5.51596],[-75.04015,5.516],[-75.04015,5.516],[-75.04015,5.516],[-75.04014,5.51602],[-75.04011,5.51604],[-75.04011,5.51605],[-75.04009,5.51606],[-75.04009,5.51606],[-75.04008,5.51607],[-75.04008,5.51607],[-75.04008,5.51607],[-75.04008,5.51607],[-75.04008,5.51607],[-75.04007,5.51607],[-75.04007,5.51607],[-75.04007,5.51607],[-75.04004,5.51606],[-75.04004,5.51606],[-75.04004,5.51605],[-75.04,5.51602],[-75.03994,5.51602],[-75.03994,5.51606],[-75.03994,5.51608],[-75.03994,5.51608],[-75.03994,5.51608],[-75.03994,5.51608],[-75.03993,5.51608],[-75.03993,5.51609],[-75.03993,5.51609],[-75.03993,5.51609],[-75.03991,5.5161],[-75.03991,5.5161],[-75.03991,5.5161],[-75.03985,5.51612],[-75.0398,5.51614],[-75.03975,5.51621],[-75.03974,5.51625],[-75.03974,5.51625],[-75.03974,5.51625],[-75.03973,5.51627],[-75.03973,5.51627],[-75.03973,5.51627],[-75.03973,5.51627],[-75.0397,5.51629],[-75.03968,5.51631],[-75.03968,5.51631],[-75.03968,5.51631],[-75.03968,5.51631],[-75.03961,5.51634],[-75.03959,5.51636],[-75.03959,5.51636],[-75.03959,5.51636],[-75.03959,5.51636],[-75.03957,5.51639],[-75.03953,5.51647],[-75.03949,5.51655],[-75.03949,5.51655],[-75.03946,5.51661],[-75.03945,5.51661],[-75.03945,5.51661],[-75.03935,5.51672],[-75.03931,5.51677],[-75.03924,5.51686],[-75.03923,5.51686],[-75.03922,5.51687],[-75.03922,5.51687],[-75.03922,5.51687],[-75.03922,5.51688],[-75.03922,5.51688],[-75.03922,5.51688],[-75.03921,5.51688],[-75.0392,5.51688],[-75.0392,5.51688],[-75.03911,5.51691],[-75.03908,5.51694],[-75.03908,5.51694],[-75.03908,5.51694],[-75.03906,5.51695],[-75.03903,5.51697],[-75.03903,5.51697],[-75.03903,5.51697],[-75.03903,5.51697],[-75.03902,5.51697],[-75.03902,5.51697],[-75.03902,5.51697],[-75.03901,5.51698],[-75.039,5.51698],[-75.039,5.51698],[-75.03897,5.517],[-75.03896,5.51701],[-75.03896,5.51701],[-75.03896,5.51701],[-75.03894,5.51702],[-75.03893,5.51704],[-75.03893,5.51704],[-75.03892,5.51705],[-75.03892,5.51709],[-75.03892,5.51709],[-75.03892,5.51717],[-75.03893,5.51723],[-75.03893,5.51723],[-75.03893,5.51723],[-75.03892,5.51733],[-75.03891,5.5174],[-75.03891,5.51744],[-75.03892,5.51751],[-75.03894,5.51758],[-75.03894,5.51758],[-75.03894,5.51758],[-75.03894,5.51758],[-75.03894,5.51758],[-75.03892,5.51764],[-75.03892,5.51764],[-75.03891,5.51768],[-75.0389,5.51772],[-75.03889,5.51776],[-75.0389,5.51777],[-75.03891,5.51779],[-75.03891,5.5178],[-75.03891,5.5178],[-75.03891,5.5178],[-75.03891,5.5178],[-75.03891,5.5178],[-75.03892,5.51782],[-75.03892,5.51782],[-75.03893,5.51786],[-75.03893,5.51786],[-75.03893,5.51794],[-75.03893,5.51794],[-75.03893,5.51794],[-75.03894,5.518],[-75.03894,5.518],[-75.03894,5.518],[-75.03893,5.51803],[-75.03893,5.51803],[-75.03893,5.51806],[-75.03893,5.51806],[-75.03893,5.51806],[-75.03893,5.51806],[-75.03893,5.51806],[-75.03893,5.5181],[-75.03893,5.51812],[-75.03893,5.51813],[-75.03893,5.51813],[-75.03893,5.51814],[-75.03892,5.51817],[-75.03892,5.51823],[-75.03892,5.5183],[-75.03892,5.5183],[-75.03892,5.51835],[-75.03892,5.51835],[-75.03891,5.51837],[-75.03892,5.51841],[-75.03892,5.51841],[-75.03891,5.51845],[-75.03891,5.51851],[-75.03892,5.51854],[-75.03892,5.51855],[-75.03892,5.51855],[-75.03892,5.51855],[-75.03892,5.51855],[-75.03891,5.5186],[-75.03891,5.5186],[-75.03891,5.5186],[-75.03891,5.5186],[-75.03891,5.51862],[-75.03891,5.51862],[-75.03892,5.51862],[-75.03892,5.51862],[-75.03892,5.51862],[-75.03892,5.51862],[-75.03892,5.51862],[-75.03892,5.51862],[-75.03892,5.51867],[-75.03892,5.51874],[-75.03892,5.51874],[-75.03892,5.51874],[-75.03891,5.51879],[-75.03891,5.5188],[-75.03891,5.5188],[-75.03888,5.51884],[-75.03886,5.51889],[-75.03886,5.51893],[-75.03886,5.51893],[-75.03886,5.51893],[-75.03885,5.51894],[-75.03885,5.51895],[-75.03872,5.51938],[-75.03896,5.51951],[-75.03931,5.51966],[-75.03938,5.51969],[-75.03938,5.51968],[-75.03956,5.51948],[-75.03973,5.51927],[-75.03996,5.51898],[-75.04019,5.51869],[-75.04041,5.5184],[-75.04063,5.5181],[-75.0406,5.51807],[-75.04058,5.51806],[-75.04054,5.51803],[-75.04051,5.51801],[-75.04045,5.51797],[-75.0404,5.51793],[-75.04037,5.51791],[-75.04034,5.51789],[-75.04032,5.51786],[-75.04034,5.51776],[-75.04037,5.51766],[-75.0404,5.51756],[-75.04044,5.51747],[-75.04049,5.51738],[-75.04055,5.51729],[-75.04061,5.51721],[-75.04067,5.51713],[-75.04074,5.51705],[-75.04082,5.51698],[-75.0409,5.51692],[-75.04104,5.51702],[-75.04119,5.51712],[-75.04135,5.51722],[-75.04152,5.51731],[-75.04168,5.5174],[-75.04192,5.51752],[-75.04198,5.51756],[-75.04204,5.51761],[-75.04209,5.51765],[-75.04215,5.51771],[-75.04219,5.51776],[-75.04224,5.51782],[-75.04227,5.51788],[-75.04231,5.51795],[-75.04234,5.51802],[-75.04236,5.5181],[-75.04238,5.51818],[-75.04239,5.51825],[-75.04239,5.51833],[-75.04239,5.51839],[-75.04237,5.51845],[-75.04235,5.51851],[-75.04234,5.51857],[-75.04232,5.51862],[-75.04231,5.51868],[-75.0423,5.51873],[-75.04228,5.51878],[-75.04227,5.51883],[-75.04226,5.51888],[-75.04226,5.51893],[-75.04225,5.51898],[-75.04225,5.51902],[-75.04225,5.51907],[-75.04226,5.51912],[-75.04226,5.51917],[-75.04227,5.51922],[-75.04228,5.51928],[-75.04229,5.51933],[-75.04229,5.51939],[-75.0423,5.51945],[-75.0423,5.51951],[-75.0423,5.51958],[-75.04229,5.51964],[-75.04228,5.51975],[-75.04237,5.52023],[-75.0424,5.52024],[-75.04245,5.52029],[-75.04248,5.52031],[-75.04252,5.52037],[-75.04255,5.52042],[-75.04255,5.52046],[-75.04255,5.52051],[-75.04256,5.52055],[-75.04258,5.52064],[-75.04259,5.52075],[-75.04259,5.52079],[-75.04261,5.52083],[-75.04268,5.5209],[-75.0427,5.52092],[-75.04273,5.52096],[-75.04278,5.521],[-75.04281,5.52104],[-75.04285,5.52107],[-75.04298,5.52117],[-75.04303,5.5212],[-75.04305,5.52121],[-75.04308,5.52122],[-75.04313,5.52123],[-75.04319,5.52124],[-75.04325,5.52125],[-75.04331,5.52125],[-75.04336,5.52124],[-75.04342,5.52123],[-75.04348,5.52122],[-75.04353,5.5212],[-75.0436,5.52114],[-75.04367,5.52108],[-75.04373,5.52101],[-75.04378,5.52094],[-75.04384,5.52087],[-75.04388,5.52079],[-75.04393,5.52071],[-75.04397,5.52062],[-75.04401,5.52053],[-75.04404,5.52044],[-75.04406,5.52034],[-75.04408,5.52024],[-75.04409,5.52015],[-75.04409,5.52005],[-75.04412,5.5199],[-75.04414,5.51975],[-75.04418,5.5196],[-75.04427,5.51952],[-75.04444,5.51935],[-75.04456,5.51924],[-75.0446,5.5192],[-75.04465,5.51915],[-75.04469,5.51911],[-75.04473,5.51906],[-75.04477,5.51902],[-75.0448,5.51897],[-75.04483,5.51893],[-75.04488,5.51886],[-75.04494,5.51878],[-75.045,5.5187],[-75.04506,5.51862],[-75.04512,5.51854],[-75.04515,5.51851],[-75.04519,5.51856],[-75.04525,5.51861],[-75.0453,5.51865],[-75.04536,5.51869],[-75.04543,5.51872],[-75.04549,5.51875],[-75.04556,5.51877],[-75.04563,5.51878],[-75.0457,5.51879],[-75.04577,5.51879],[-75.04585,5.51879],[-75.04592,5.5188],[-75.04599,5.51882],[-75.04606,5.51884],[-75.04613,5.51888],[-75.0462,5.51892],[-75.04627,5.51895],[-75.04634,5.51897],[-75.04642,5.51899],[-75.04645,5.51901],[-75.04649,5.51902],[-75.04654,5.51903],[-75.04659,5.51903],[-75.04664,5.51903],[-75.04669,5.51902],[-75.04671,5.519],[-75.04692,5.51882],[-75.04713,5.51865],[-75.04733,5.51847],[-75.04737,5.51842],[-75.0474,5.51839],[-75.04744,5.51835],[-75.04748,5.51833],[-75.04752,5.5183],[-75.04756,5.51829],[-75.04761,5.51828],[-75.04789,5.51825],[-75.04818,5.51823],[-75.04846,5.51822],[-75.04875,5.51821],[-75.04903,5.51821],[-75.04901,5.51817],[-75.04899,5.51814],[-75.04896,5.51812],[-75.04892,5.5181],[-75.04889,5.51808],[-75.04885,5.51807],[-75.04881,5.51807],[-75.04877,5.51807],[-75.04876,5.51806],[-75.04874,5.51806],[-75.04873,5.51805],[-75.04871,5.51804],[-75.0487,5.51803],[-75.04869,5.51802],[-75.04869,5.518],[-75.04868,5.51798],[-75.04868,5.51797],[-75.04868,5.51795],[-75.04869,5.51794],[-75.04869,5.51792],[-75.04874,5.5179],[-75.0488,5.51789],[-75.04885,5.51788],[-75.04891,5.51788],[-75.04896,5.51788],[-75.04901,5.51789],[-75.04907,5.5179],[-75.04912,5.51792],[-75.0492,5.51794],[-75.04928,5.51795],[-75.04937,5.51795],[-75.04945,5.51794],[-75.04953,5.51793],[-75.04962,5.51791],[-75.04967,5.51791],[-75.04972,5.51791],[-75.04977,5.51792],[-75.04981,5.51793],[-75.04986,5.51795],[-75.0499,5.51798],[-75.04994,5.51801],[-75.04997,5.51805],[-75.05,5.51809],[-75.05031,5.51808],[-75.0507,5.51808],[-75.05084,5.51807],[-75.05085,5.51808],[-75.05093,5.51812],[-75.051,5.51816],[-75.05107,5.5182],[-75.05114,5.51825],[-75.05121,5.51831],[-75.05128,5.51836],[-75.05134,5.51842],[-75.0514,5.51848],[-75.05146,5.51854],[-75.05151,5.51861],[-75.05156,5.51867],[-75.05161,5.51874],[-75.05166,5.51881],[-75.0517,5.51888],[-75.05176,5.51894],[-75.05181,5.519],[-75.05187,5.51906],[-75.05193,5.51912],[-75.052,5.51918],[-75.05207,5.51923],[-75.05219,5.51932],[-75.05239,5.51946],[-75.05263,5.51962],[-75.05308,5.51993],[-75.05312,5.51997],[-75.05314,5.51995],[-75.05315,5.51994],[-75.05316,5.51993],[-75.05324,5.51995],[-75.05326,5.51995],[-75.05327,5.51995],[-75.05335,5.51992],[-75.05347,5.51981],[-75.05348,5.51981],[-75.05348,5.51981],[-75.05362,5.51974],[-75.05383,5.51957],[-75.05383,5.51957],[-75.05392,5.51951],[-75.05391,5.51948],[-75.0539,5.51947],[-75.0539,5.51947],[-75.0539,5.51947],[-75.0539,5.51946],[-75.0539,5.51946],[-75.05383,5.51924],[-75.05376,5.51911],[-75.05376,5.51911],[-75.05376,5.51911],[-75.05376,5.51911],[-75.05376,5.51911],[-75.05379,5.51889],[-75.05376,5.51888],[-75.05376,5.51888],[-75.05376,5.51888],[-75.05376,5.51888],[-75.05376,5.51888],[-75.05369,5.51876],[-75.0536,5.51861],[-75.0536,5.5186],[-75.0536,5.5186],[-75.05354,5.51846],[-75.05354,5.51845],[-75.05354,5.51845],[-75.05354,5.51845],[-75.05355,5.51825],[-75.05355,5.51824],[-75.05355,5.51824],[-75.05355,5.51824],[-75.05355,5.51824],[-75.05365,5.51812],[-75.05365,5.51812],[-75.05365,5.51812],[-75.05366,5.51812],[-75.05374,5.51809],[-75.05385,5.51797],[-75.05399,5.51779],[-75.05381,5.51737],[-75.05378,5.51734],[-75.05367,5.51727],[-75.05367,5.51727],[-75.05367,5.51727],[-75.05367,5.51726],[-75.05362,5.51719],[-75.05362,5.51719],[-75.05362,5.51719],[-75.05358,5.51707],[-75.05358,5.51707],[-75.05358,5.51707],[-75.05358,5.51707],[-75.05361,5.51694],[-75.05361,5.51694],[-75.05361,5.51694],[-75.05367,5.51674],[-75.05367,5.51674],[-75.05367,5.51674],[-75.05373,5.51659],[-75.05373,5.51659],[-75.05373,5.51659],[-75.05379,5.51649],[-75.05378,5.51632],[-75.0537,5.51618],[-75.0537,5.51618],[-75.0537,5.51618],[-75.0537,5.51618],[-75.0537,5.51612],[-75.0537,5.51612],[-75.0537,5.51612],[-75.0537,5.516],[-75.0537,5.51598],[-75.0537,5.51598],[-75.05374,5.51583],[-75.05374,5.51583],[-75.05374,5.51583],[-75.05374,5.51583],[-75.05374,5.51583],[-75.05376,5.51581],[-75.05376,5.51581],[-75.05376,5.5158],[-75.05387,5.51575],[-75.05395,5.51569],[-75.05405,5.51552],[-75.05404,5.5155],[-75.05368,5.51532],[-75.05368,5.51531],[-75.05368,5.51531],[-75.0536,5.51524],[-75.0536,5.51524],[-75.0536,5.51524],[-75.0536,5.51524],[-75.0536,5.51524],[-75.0536,5.51523],[-75.0536,5.51523],[-75.0536,5.51523],[-75.0536,5.51523],[-75.05374,5.51491],[-75.05377,5.51483],[-75.05358,5.51458],[-75.05348,5.51452],[-75.05335,5.51448],[-75.05326,5.51452],[-75.05326,5.51452],[-75.05322,5.51453],[-75.05322,5.51453],[-75.05322,5.51453],[-75.05322,5.51453],[-75.05322,5.51453],[-75.05322,5.51453],[-75.05322,5.51453],[-75.05321,5.51453],[-75.0531,5.51439],[-75.0531,5.51439],[-75.0531,5.51439],[-75.0531,5.51439],[-75.05306,5.51427],[-75.05306,5.51427],[-75.05306,5.51427],[-75.05306,5.51427],[-75.05306,5.51427],[-75.05306,5.51426],[-75.05306,5.51426],[-75.05318,5.51407],[-75.05318,5.51407],[-75.05318,5.51407],[-75.05318,5.51407],[-75.05326,5.51401],[-75.05319,5.51386],[-75.0531,5.51375],[-75.05298,5.51376],[-75.05298,5.51376],[-75.05298,5.51376],[-75.05298,5.51376],[-75.05298,5.51376],[-75.05298,5.51376],[-75.05298,5.51376],[-75.05295,5.51373],[-75.05295,5.51373],[-75.05291,5.51367],[-75.05291,5.51367],[-75.05291,5.51366],[-75.05291,5.51366],[-75.05291,5.51366],[-75.05291,5.51366],[-75.05293,5.51357],[-75.05291,5.51336],[-75.0527,5.51316],[-75.0527,5.51316],[-75.0527,5.51316],[-75.0526,5.51301],[-75.0526,5.51301],[-75.0526,5.51301],[-75.0526,5.51301],[-75.0526,5.513],[-75.05259,5.51284],[-75.05259,5.51284],[-75.05259,5.51284],[-75.05259,5.51277],[-75.05251,5.51264],[-75.05251,5.51263],[-75.05251,5.51263],[-75.05251,5.51263],[-75.05251,5.51263],[-75.05251,5.51263],[-75.05257,5.51242],[-75.05257,5.51232],[-75.05252,5.51229],[-75.05251,5.51229],[-75.05251,5.51229],[-75.05251,5.51229],[-75.05251,5.51229],[-75.05251,5.51228],[-75.05251,5.51228],[-75.05251,5.51228],[-75.05251,5.51228],[-75.05252,5.51226],[-75.05239,5.51208],[-75.05239,5.51208],[-75.05239,5.51208],[-75.05234,5.51193],[-75.0523,5.51185],[-75.0523,5.51185],[-75.0523,5.51185],[-75.05225,5.5117],[-75.05225,5.5117],[-75.05225,5.5117],[-75.05225,5.51161],[-75.05225,5.51148],[-75.05225,5.51148],[-75.05225,5.51148],[-75.05227,5.5114],[-75.05227,5.5114],[-75.05227,5.5114],[-75.05227,5.5114],[-75.05227,5.51139],[-75.05234,5.51132],[-75.05234,5.51132],[-75.05234,5.51132],[-75.05256,5.51118],[-75.05256,5.51118],[-75.05256,5.51118],[-75.05258,5.51117],[-75.05274,5.51104],[-75.05277,5.51095],[-75.05277,5.51095],[-75.05277,5.51095],[-75.05277,5.51095],[-75.05284,5.51085],[-75.05288,5.51077],[-75.05288,5.51077],[-75.05288,5.51077],[-75.05294,5.51064],[-75.05294,5.51064],[-75.05304,5.51051],[-75.05313,5.51032],[-75.05313,5.51031],[-75.05313,5.51031],[-75.05314,5.51028],[-75.05315,5.51019],[-75.05315,5.51019],[-75.05318,5.51007],[-75.05318,5.51],[-75.05318,5.51],[-75.05319,5.51],[-75.05319,5.50999],[-75.05319,5.50999],[-75.05335,5.5098],[-75.05337,5.50966],[-75.05334,5.50965],[-75.05334,5.50964],[-75.05334,5.50964],[-75.05322,5.50954],[-75.05314,5.50953],[-75.05314,5.50953],[-75.05314,5.50953],[-75.05314,5.50953],[-75.05314,5.50953],[-75.05313,5.50953],[-75.05304,5.5094],[-75.05304,5.5094],[-75.05304,5.5094],[-75.05293,5.50925],[-75.05284,5.50923],[-75.05284,5.50923],[-75.05284,5.50923],[-75.05284,5.50923],[-75.05284,5.50923],[-75.05284,5.50923],[-75.05284,5.50923],[-75.05284,5.50923],[-75.05284,5.50923],[-75.05283,5.50923],[-75.05283,5.50923],[-75.05283,5.50923],[-75.05283,5.50923],[-75.05283,5.50923],[-75.05283,5.50923],[-75.05283,5.50923],[-75.05282,5.50923],[-75.05282,5.50923],[-75.0528,5.50919],[-75.05279,5.50921],[-75.05279,5.50921],[-75.05279,5.50921],[-75.05279,5.50921],[-75.05279,5.50922],[-75.05279,5.50922],[-75.05279,5.50922],[-75.05279,5.50922],[-75.05278,5.50922],[-75.05278,5.50922],[-75.05278,5.50922],[-75.05278,5.50921],[-75.05278,5.50921],[-75.05278,5.50921],[-75.05278,5.50921],[-75.05276,5.50916],[-75.05266,5.50909],[-75.05266,5.50909],[-75.05266,5.50909],[-75.05266,5.50909],[-75.05266,5.50909],[-75.05265,5.50909],[-75.05265,5.50908],[-75.05265,5.50908],[-75.05265,5.50908],[-75.05266,5.5089],[-75.05266,5.5089],[-75.05266,5.5089],[-75.05269,5.50879],[-75.05269,5.50878],[-75.05269,5.50878],[-75.05269,5.50878],[-75.05275,5.5087],[-75.05279,5.50856],[-75.0527,5.50841],[-75.0527,5.50841],[-75.05265,5.50829],[-75.05265,5.50829],[-75.05265,5.50829],[-75.05265,5.50829],[-75.05265,5.50827],[-75.05265,5.50827],[-75.05265,5.50827],[-75.05264,5.50827],[-75.05264,5.50827],[-75.05264,5.50827],[-75.05264,5.50827],[-75.05264,5.50827],[-75.05264,5.50827],[-75.05264,5.50826],[-75.05262,5.50824],[-75.05258,5.50819],[-75.05256,5.50817],[-75.05256,5.50817],[-75.05256,5.50817],[-75.05256,5.50817],[-75.05256,5.50817],[-75.05254,5.50809],[-75.05244,5.50793],[-75.05244,5.50793],[-75.05244,5.50793],[-75.0524,5.50784],[-75.0524,5.50784],[-75.0524,5.50784],[-75.05237,5.50773],[-75.05236,5.50773],[-75.05236,5.50773],[-75.05236,5.50773],[-75.05236,5.50773],[-75.05237,5.50773],[-75.05237,5.50772],[-75.05237,5.50772],[-75.05238,5.50771],[-75.05239,5.50765],[-75.05236,5.50752],[-75.05236,5.5075],[-75.05236,5.5075],[-75.05236,5.5075],[-75.05235,5.50744],[-75.05234,5.50744],[-75.05234,5.50744],[-75.05234,5.50744],[-75.05234,5.50744],[-75.05234,5.50744],[-75.05234,5.50744],[-75.05234,5.50744],[-75.05233,5.50744],[-75.05231,5.50739],[-75.05222,5.50726],[-75.05209,5.50716],[-75.05209,5.50716],[-75.05209,5.50716],[-75.05204,5.50709],[-75.05204,5.50709],[-75.05204,5.50709],[-75.05204,5.50708],[-75.05203,5.50708],[-75.05203,5.50707],[-75.05203,5.50707],[-75.05204,5.50707],[-75.05204,5.50707],[-75.05204,5.50707],[-75.05204,5.50707],[-75.05204,5.50707],[-75.05204,5.50707],[-75.05204,5.50706],[-75.05204,5.50706],[-75.05204,5.50706],[-75.05205,5.50706],[-75.05205,5.50707],[-75.05199,5.50698],[-75.05199,5.50698],[-75.05199,5.50698],[-75.05193,5.5069],[-75.05193,5.5069],[-75.05191,5.50687],[-75.05188,5.50686],[-75.05188,5.50686],[-75.05188,5.50686],[-75.05188,5.50686],[-75.05188,5.50686],[-75.05188,5.50686],[-75.05181,5.50673],[-75.0518,5.50673],[-75.0518,5.50673],[-75.0518,5.50673],[-75.05174,5.50665],[-75.05172,5.50663],[-75.05172,5.50663],[-75.05172,5.50663],[-75.05172,5.50662],[-75.05169,5.50654],[-75.05166,5.50646],[-75.05166,5.50646],[-75.05166,5.50646],[-75.05165,5.50643],[-75.05165,5.50643],[-75.05165,5.50643],[-75.0517,5.506],[-75.0517,5.506],[-75.05173,5.50582],[-75.05167,5.50567],[-75.05164,5.50567],[-75.05164,5.50568],[-75.05164,5.50568],[-75.05164,5.50567],[-75.05164,5.50567],[-75.05164,5.50567],[-75.05152,5.5056],[-75.05152,5.5056],[-75.05152,5.50559],[-75.05151,5.50559],[-75.05149,5.50555],[-75.05142,5.50548],[-75.05142,5.50548],[-75.05142,5.50548],[-75.05141,5.50548],[-75.0514,5.50543],[-75.05137,5.50539],[-75.05132,5.50534],[-75.05128,5.50532],[-75.05128,5.50532],[-75.05128,5.50532],[-75.05128,5.50531],[-75.05123,5.50526],[-75.05123,5.50526],[-75.05123,5.50526],[-75.05123,5.50526],[-75.05123,5.50526],[-75.05122,5.50519],[-75.05121,5.50516],[-75.05121,5.50516],[-75.05121,5.50516],[-75.05121,5.50516],[-75.05121,5.50516],[-75.05121,5.50513],[-75.05116,5.50502],[-75.05116,5.50502],[-75.05116,5.50502],[-75.05112,5.50493],[-75.05112,5.50493],[-75.05112,5.50493],[-75.05111,5.5049],[-75.05104,5.50479],[-75.05103,5.50477],[-75.05099,5.50472],[-75.05089,5.50467],[-75.05089,5.50467],[-75.05089,5.50467],[-75.05083,5.50462],[-75.05081,5.50461],[-75.05073,5.50457],[-75.05073,5.50457],[-75.05067,5.50454],[-75.05054,5.50448],[-75.05044,5.50445],[-75.05044,5.50445],[-75.05044,5.50445],[-75.05044,5.50444],[-75.05039,5.50439],[-75.05033,5.50434],[-75.05033,5.50434],[-75.05033,5.50434],[-75.05033,5.50434],[-75.05031,5.5043],[-75.05022,5.50427],[-75.05022,5.50426],[-75.05022,5.50426],[-75.05022,5.50426],[-75.05022,5.50426],[-75.05022,5.50426],[-75.05022,5.50426],[-75.05022,5.50426],[-75.05022,5.50423],[-75.05022,5.50423],[-75.05022,5.50422],[-75.05022,5.50422],[-75.05022,5.50422],[-75.05022,5.50422],[-75.05022,5.50422],[-75.05022,5.50422],[-75.05022,5.50422],[-75.05023,5.50422],[-75.05035,5.50421],[-75.05035,5.50421],[-75.05048,5.50421],[-75.05064,5.50418],[-75.05064,5.50418],[-75.05065,5.50418],[-75.0508,5.50419],[-75.05091,5.50418],[-75.05091,5.50418],[-75.05102,5.50418],[-75.05113,5.50418],[-75.05118,5.50412],[-75.05121,5.50408],[-75.05124,5.50403],[-75.05131,5.50377],[-75.0513,5.50374],[-75.0513,5.50374],[-75.0513,5.50374],[-75.05131,5.5037],[-75.05131,5.5037],[-75.05131,5.5037],[-75.05131,5.50369],[-75.05138,5.50353],[-75.05136,5.50349],[-75.05136,5.50348],[-75.05136,5.50348],[-75.05136,5.50348],[-75.05136,5.50348],[-75.05136,5.50346],[-75.05137,5.50336],[-75.05135,5.50326],[-75.05133,5.50321],[-75.05129,5.50308],[-75.05124,5.50297],[-75.05115,5.50284],[-75.05107,5.50277],[-75.05107,5.50277],[-75.05106,5.50276],[-75.05098,5.50262],[-75.05098,5.50262],[-75.05098,5.50261],[-75.05098,5.50261],[-75.05098,5.50261],[-75.05098,5.50261],[-75.05098,5.50261],[-75.05098,5.50261],[-75.05098,5.50261],[-75.05098,5.50261],[-75.05098,5.5026],[-75.05102,5.50259],[-75.05104,5.50253],[-75.051,5.50244],[-75.05095,5.50237],[-75.05095,5.50237],[-75.05095,5.50237],[-75.05092,5.50229],[-75.05092,5.50229],[-75.05092,5.50229],[-75.05089,5.50219],[-75.05089,5.50219],[-75.05089,5.50219],[-75.05089,5.50216],[-75.05089,5.50216],[-75.05089,5.50216],[-75.05089,5.50204],[-75.05089,5.50204],[-75.05089,5.50204],[-75.05089,5.50203],[-75.05088,5.50194],[-75.05088,5.50194],[-75.05088,5.50193],[-75.05088,5.50193],[-75.05088,5.50193],[-75.05094,5.50182],[-75.05094,5.50182],[-75.05097,5.50177],[-75.05091,5.50171],[-75.0509,5.5017],[-75.0509,5.5017],[-75.0509,5.5017],[-75.0509,5.5017],[-75.0509,5.5017],[-75.05088,5.50165],[-75.05088,5.50165],[-75.05088,5.50165],[-75.05087,5.50158],[-75.05087,5.50158],[-75.05087,5.50158],[-75.05087,5.50158],[-75.05087,5.50158],[-75.05088,5.50154],[-75.05088,5.50154],[-75.05088,5.50153],[-75.0509,5.5015],[-75.0509,5.5015],[-75.0509,5.5015],[-75.05092,5.50146],[-75.05094,5.50131],[-75.05094,5.50131],[-75.05094,5.5013],[-75.05094,5.5013],[-75.05094,5.5013],[-75.05094,5.5013],[-75.05098,5.50126],[-75.05098,5.50126],[-75.05098,5.50126],[-75.05116,5.50111],[-75.05116,5.50111],[-75.05116,5.50111],[-75.05116,5.5011],[-75.05116,5.5011],[-75.05116,5.5011],[-75.0512,5.50105],[-75.0512,5.50105],[-75.0512,5.50105],[-75.05136,5.50091],[-75.05142,5.50083],[-75.05147,5.50073],[-75.05148,5.50063],[-75.05148,5.50063],[-75.05148,5.50063],[-75.05148,5.50063],[-75.05148,5.50063],[-75.0515,5.5006],[-75.0515,5.5006],[-75.0515,5.5006],[-75.05151,5.50059],[-75.05151,5.50059],[-75.05151,5.50059],[-75.05151,5.50059],[-75.05162,5.50056],[-75.05171,5.50046],[-75.05171,5.50046],[-75.05171,5.50046],[-75.05174,5.50045],[-75.05175,5.50044],[-75.05175,5.50044],[-75.05175,5.50044],[-75.05175,5.50044],[-75.05187,5.50038],[-75.05187,5.50037],[-75.05187,5.50037],[-75.05189,5.50037],[-75.05193,5.50026],[-75.05193,5.50026],[-75.05198,5.50016],[-75.05199,5.50009],[-75.052,5.50008],[-75.052,5.50008],[-75.05205,5.49995],[-75.052,5.49989],[-75.05189,5.49983],[-75.05189,5.49983],[-75.05187,5.49982],[-75.05186,5.49981],[-75.05185,5.49982],[-75.05185,5.49982],[-75.05185,5.49983],[-75.05185,5.49983],[-75.05185,5.49983],[-75.05185,5.49983],[-75.05185,5.49983],[-75.05185,5.49983],[-75.05185,5.49983],[-75.05185,5.49983],[-75.05184,5.49983],[-75.05184,5.49983],[-75.05184,5.49983],[-75.05184,5.49983],[-75.05184,5.49983],[-75.05184,5.49983],[-75.05184,5.49983],[-75.05184,5.49983],[-75.05184,5.49983],[-75.05184,5.49983],[-75.05183,5.49981],[-75.05181,5.49981],[-75.05177,5.49982],[-75.05174,5.49984],[-75.05171,5.49988],[-75.05171,5.49993],[-75.05171,5.49995],[-75.05171,5.49995],[-75.05171,5.49995],[-75.05171,5.49995],[-75.05171,5.49995],[-75.05171,5.49995],[-75.0517,5.49997],[-75.0517,5.49997],[-75.0517,5.49997],[-75.05171,5.50007],[-75.05171,5.50007],[-75.05171,5.50007],[-75.05171,5.50007],[-75.05171,5.50007],[-75.05171,5.50007],[-75.05171,5.50007],[-75.05171,5.50008],[-75.05171,5.50008],[-75.05171,5.50008],[-75.05171,5.50008],[-75.0517,5.50008],[-75.0517,5.50008],[-75.0517,5.50008],[-75.0517,5.50007],[-75.0517,5.50007],[-75.0517,5.50007],[-75.0517,5.50007],[-75.0517,5.50007],[-75.05168,5.49999],[-75.05168,5.49999],[-75.05168,5.49999],[-75.05168,5.49999],[-75.05168,5.49999],[-75.05168,5.49998],[-75.05167,5.49998],[-75.05167,5.49998],[-75.05167,5.49998],[-75.05167,5.49998],[-75.05167,5.49998],[-75.05167,5.49998],[-75.05167,5.49998],[-75.05167,5.49997],[-75.05167,5.49997],[-75.05169,5.49995],[-75.05169,5.49993],[-75.05169,5.49993],[-75.05169,5.49993],[-75.05169,5.49987],[-75.05169,5.49987],[-75.05169,5.49987],[-75.05169,5.49987],[-75.05169,5.49987],[-75.05172,5.49983],[-75.05172,5.49983],[-75.05172,5.49982],[-75.05172,5.49982],[-75.05176,5.4998],[-75.05176,5.4998],[-75.05176,5.4998],[-75.05181,5.49979],[-75.05181,5.49979],[-75.05181,5.49979],[-75.05181,5.49979],[-75.05182,5.49979],[-75.05185,5.4998],[-75.05185,5.4998],[-75.05185,5.4998],[-75.05185,5.4998],[-75.05185,5.4998],[-75.05185,5.4998],[-75.05185,5.4998],[-75.05185,5.4998],[-75.05186,5.4998],[-75.05187,5.4998],[-75.05187,5.4998],[-75.05187,5.4998],[-75.05187,5.4998],[-75.0519,5.49982],[-75.05201,5.49987],[-75.05201,5.49988],[-75.05201,5.49988],[-75.05207,5.49994],[-75.05207,5.49994],[-75.05207,5.49995],[-75.05207,5.49995],[-75.05207,5.49995],[-75.05207,5.49995],[-75.05207,5.49995],[-75.05207,5.49995],[-75.05201,5.50009],[-75.05199,5.50017],[-75.05199,5.50017],[-75.05199,5.50017],[-75.05195,5.50027],[-75.0519,5.50038],[-75.0519,5.50038],[-75.0519,5.50038],[-75.0519,5.50038],[-75.0519,5.50038],[-75.0519,5.50039],[-75.0519,5.50039],[-75.05188,5.50039],[-75.0518,5.50043],[-75.0518,5.50043],[-75.0518,5.50043],[-75.0518,5.50043],[-75.0518,5.50044],[-75.0518,5.50044],[-75.05175,5.50049],[-75.05174,5.5005],[-75.05174,5.5005],[-75.05174,5.5005],[-75.05174,5.5005],[-75.05174,5.5005],[-75.05174,5.50051],[-75.05171,5.50052],[-75.05171,5.50052],[-75.05171,5.50053],[-75.0517,5.50053],[-75.0517,5.50053],[-75.0517,5.50053],[-75.0517,5.50052],[-75.0517,5.50052],[-75.0517,5.50052],[-75.0517,5.50052],[-75.0517,5.50052],[-75.0517,5.50052],[-75.0517,5.50052],[-75.05169,5.50052],[-75.0517,5.50051],[-75.0517,5.50051],[-75.0517,5.50051],[-75.05171,5.50049],[-75.05164,5.50056],[-75.05165,5.50056],[-75.05165,5.50056],[-75.05165,5.50056],[-75.05165,5.50056],[-75.05165,5.50056],[-75.05165,5.50056],[-75.05164,5.50057],[-75.05164,5.50057],[-75.05164,5.50057],[-75.05161,5.50059],[-75.05161,5.50059],[-75.05161,5.50059],[-75.05161,5.50059],[-75.05161,5.50059],[-75.05161,5.50059],[-75.05161,5.50059],[-75.0516,5.50059],[-75.0516,5.50058],[-75.0516,5.50058],[-75.0516,5.50058],[-75.0516,5.50058],[-75.0516,5.50058],[-75.05152,5.5006],[-75.05151,5.50061],[-75.05149,5.50063],[-75.05149,5.50074],[-75.05149,5.50074],[-75.05149,5.50074],[-75.05149,5.50074],[-75.05144,5.50084],[-75.05144,5.50084],[-75.05143,5.50084],[-75.05137,5.50092],[-75.05137,5.50092],[-75.05137,5.50092],[-75.05122,5.50107],[-75.05116,5.50114],[-75.05116,5.50114],[-75.05116,5.50114],[-75.05115,5.50114],[-75.05115,5.50114],[-75.05115,5.50114],[-75.05115,5.50114],[-75.05115,5.50114],[-75.05115,5.50114],[-75.05115,5.50114],[-75.05114,5.50114],[-75.051,5.50127],[-75.05096,5.50131],[-75.05096,5.50132],[-75.05094,5.50146],[-75.05094,5.50146],[-75.05094,5.50146],[-75.05091,5.50151],[-75.0509,5.50155],[-75.05089,5.50158],[-75.0509,5.50164],[-75.05092,5.50169],[-75.05092,5.50169],[-75.05092,5.50169],[-75.05092,5.50169],[-75.05098,5.50176],[-75.05099,5.50176],[-75.05099,5.50176],[-75.05099,5.50176],[-75.05099,5.50177],[-75.05099,5.50177],[-75.05099,5.50177],[-75.05099,5.50177],[-75.05099,5.50177],[-75.05095,5.50183],[-75.0509,5.50194],[-75.05091,5.50203],[-75.05091,5.50203],[-75.05091,5.50203],[-75.05091,5.50204],[-75.05091,5.50216],[-75.05091,5.50219],[-75.05093,5.50228],[-75.05094,5.5023],[-75.05097,5.50236],[-75.05102,5.50243],[-75.05102,5.50243],[-75.05102,5.50243],[-75.05105,5.50253],[-75.05105,5.50253],[-75.05106,5.50253],[-75.05105,5.50253],[-75.05105,5.50253],[-75.05105,5.50256],[-75.05104,5.50259],[-75.05104,5.5026],[-75.05104,5.5026],[-75.05103,5.5026],[-75.05103,5.5026],[-75.05103,5.5026],[-75.051,5.50262],[-75.05108,5.50275],[-75.05116,5.50283],[-75.05116,5.50283],[-75.05116,5.50283],[-75.05125,5.50296],[-75.05125,5.50296],[-75.05126,5.50297],[-75.0513,5.50307],[-75.0513,5.50307],[-75.0513,5.50307],[-75.05135,5.5032],[-75.05136,5.50326],[-75.05137,5.50326],[-75.05137,5.50326],[-75.05139,5.50336],[-75.05139,5.50336],[-75.05139,5.50336],[-75.05138,5.50346],[-75.05138,5.50346],[-75.05138,5.50348],[-75.0514,5.50352],[-75.0514,5.50352],[-75.0514,5.50352],[-75.0514,5.50353],[-75.0514,5.50353],[-75.0514,5.50353],[-75.05132,5.5037],[-75.05132,5.50374],[-75.05132,5.50376],[-75.05132,5.50377],[-75.05132,5.50377],[-75.05132,5.50377],[-75.05132,5.50378],[-75.05125,5.50404],[-75.05125,5.50404],[-75.05125,5.50404],[-75.05123,5.50409],[-75.05123,5.50409],[-75.05123,5.50409],[-75.0512,5.50413],[-75.0512,5.50413],[-75.0512,5.50413],[-75.05114,5.50419],[-75.05114,5.5042],[-75.05114,5.5042],[-75.05114,5.5042],[-75.05114,5.5042],[-75.05114,5.5042],[-75.05102,5.5042],[-75.05102,5.5042],[-75.05091,5.5042],[-75.0508,5.5042],[-75.0508,5.5042],[-75.05065,5.5042],[-75.05048,5.50423],[-75.05048,5.50423],[-75.05035,5.50423],[-75.05024,5.50424],[-75.05024,5.50425],[-75.05032,5.50428],[-75.05032,5.50428],[-75.05033,5.50428],[-75.05033,5.50428],[-75.05033,5.50429],[-75.05033,5.50429],[-75.05035,5.50433],[-75.05041,5.50438],[-75.05041,5.50438],[-75.05041,5.50438],[-75.05045,5.50443],[-75.05055,5.50447],[-75.05055,5.50447],[-75.05068,5.50452],[-75.05068,5.50452],[-75.05068,5.50452],[-75.05074,5.50456],[-75.05082,5.50459],[-75.05082,5.50459],[-75.05082,5.50459],[-75.0509,5.50465],[-75.051,5.5047],[-75.051,5.5047],[-75.051,5.5047],[-75.051,5.50471],[-75.05106,5.50478],[-75.05106,5.50478],[-75.05106,5.50478],[-75.05112,5.5049],[-75.05112,5.5049],[-75.05112,5.5049],[-75.05113,5.50492],[-75.05117,5.50501],[-75.05123,5.50512],[-75.05123,5.50512],[-75.05123,5.50512],[-75.05123,5.50513],[-75.05123,5.50513],[-75.05123,5.50516],[-75.05124,5.50518],[-75.05124,5.50518],[-75.05124,5.50518],[-75.05125,5.50525],[-75.05129,5.5053],[-75.05133,5.50532],[-75.05133,5.50532],[-75.05133,5.50532],[-75.05139,5.50537],[-75.05139,5.50538],[-75.05139,5.50538],[-75.05141,5.50542],[-75.05141,5.50542],[-75.05141,5.50542],[-75.05143,5.50547],[-75.0515,5.50554],[-75.0515,5.50554],[-75.0515,5.50554],[-75.05153,5.50558],[-75.05164,5.50566],[-75.05168,5.50565],[-75.05168,5.50565],[-75.05168,5.50565],[-75.05168,5.50565],[-75.05168,5.50565],[-75.05168,5.50565],[-75.05169,5.50565],[-75.05169,5.50565],[-75.05169,5.50565],[-75.05169,5.50565],[-75.05174,5.50581],[-75.05174,5.50581],[-75.05174,5.50582],[-75.05174,5.50582],[-75.05172,5.506],[-75.05167,5.50643],[-75.05168,5.50645],[-75.05171,5.50653],[-75.05171,5.50653],[-75.05171,5.50653],[-75.05174,5.50662],[-75.05176,5.50664],[-75.05176,5.50664],[-75.05181,5.50671],[-75.05182,5.50672],[-75.05182,5.50672],[-75.05182,5.50672],[-75.05182,5.50672],[-75.05189,5.50684],[-75.05192,5.50685],[-75.05192,5.50685],[-75.05192,5.50685],[-75.05192,5.50686],[-75.05192,5.50686],[-75.05194,5.50689],[-75.052,5.50697],[-75.05208,5.50707],[-75.05208,5.50708],[-75.05208,5.50708],[-75.05208,5.50708],[-75.05208,5.50708],[-75.05208,5.50708],[-75.05208,5.50708],[-75.05208,5.50709],[-75.05208,5.50709],[-75.05208,5.50709],[-75.05208,5.50709],[-75.05208,5.50709],[-75.05207,5.50709],[-75.05207,5.50709],[-75.05207,5.50709],[-75.05206,5.50709],[-75.0521,5.50715],[-75.05224,5.50725],[-75.05224,5.50725],[-75.05224,5.50725],[-75.05233,5.50738],[-75.05233,5.50738],[-75.05233,5.50739],[-75.05235,5.50742],[-75.05236,5.50742],[-75.05236,5.50742],[-75.05236,5.50742],[-75.05236,5.50742],[-75.05236,5.50743],[-75.05236,5.50743],[-75.05236,5.50743],[-75.05236,5.50743],[-75.05236,5.50743],[-75.05236,5.50743],[-75.05237,5.50749],[-75.05238,5.50751],[-75.05238,5.50751],[-75.05241,5.50765],[-75.05241,5.50765],[-75.05241,5.50765],[-75.05241,5.50766],[-75.05239,5.50772],[-75.05239,5.50772],[-75.05239,5.50772],[-75.05239,5.50772],[-75.05238,5.50773],[-75.05242,5.50783],[-75.05246,5.50792],[-75.05256,5.50809],[-75.05256,5.50809],[-75.05256,5.50809],[-75.05258,5.50816],[-75.05259,5.50818],[-75.05259,5.50818],[-75.0526,5.50818],[-75.05264,5.50823],[-75.05264,5.50823],[-75.05264,5.50823],[-75.05265,5.50825],[-75.05265,5.50825],[-75.05265,5.50824],[-75.05265,5.50824],[-75.05265,5.50824],[-75.05265,5.50824],[-75.05266,5.50824],[-75.05266,5.50824],[-75.05266,5.50824],[-75.05266,5.50824],[-75.05266,5.50825],[-75.05266,5.50825],[-75.05266,5.50825],[-75.05266,5.50825],[-75.05267,5.50826],[-75.05267,5.50826],[-75.05267,5.50826],[-75.05267,5.50826],[-75.05267,5.50829],[-75.05272,5.5084],[-75.05281,5.50855],[-75.05281,5.50855],[-75.05281,5.50855],[-75.05281,5.50856],[-75.05281,5.50856],[-75.05281,5.50856],[-75.05281,5.50856],[-75.05276,5.5087],[-75.05276,5.50871],[-75.05276,5.50871],[-75.0527,5.50879],[-75.05268,5.5089],[-75.05267,5.50908],[-75.05267,5.50908],[-75.05277,5.50914],[-75.05277,5.50914],[-75.05277,5.50915],[-75.05277,5.50915],[-75.05277,5.50915],[-75.05279,5.50918],[-75.05279,5.50917],[-75.05279,5.50916],[-75.0528,5.50916],[-75.0528,5.50916],[-75.0528,5.50916],[-75.0528,5.50916],[-75.0528,5.50916],[-75.0528,5.50916],[-75.0528,5.50916],[-75.05281,5.50916],[-75.05281,5.50916],[-75.05281,5.50916],[-75.05281,5.50916],[-75.05281,5.50917],[-75.05283,5.50919],[-75.05283,5.50919],[-75.05283,5.50919],[-75.05283,5.50919],[-75.05283,5.50919],[-75.05285,5.50921],[-75.05294,5.50923],[-75.05294,5.50923],[-75.05294,5.50923],[-75.05295,5.50923],[-75.05295,5.50924],[-75.05295,5.50924],[-75.05305,5.50939],[-75.05315,5.50952],[-75.05322,5.50952],[-75.05322,5.50952],[-75.05322,5.50952],[-75.05322,5.50952],[-75.05323,5.50952],[-75.05335,5.50963],[-75.05338,5.50965],[-75.05339,5.50965],[-75.05339,5.50965],[-75.05339,5.50965],[-75.05339,5.50965],[-75.05339,5.50965],[-75.05339,5.50965],[-75.05339,5.50966],[-75.05339,5.50966],[-75.05337,5.5098],[-75.05337,5.50981],[-75.05337,5.50981],[-75.05337,5.50981],[-75.05337,5.50981],[-75.0532,5.51],[-75.05319,5.51008],[-75.05319,5.51008],[-75.05319,5.51008],[-75.05317,5.51019],[-75.05316,5.51028],[-75.05316,5.51028],[-75.05316,5.51028],[-75.05315,5.51031],[-75.05315,5.51033],[-75.05315,5.51033],[-75.05315,5.51033],[-75.05306,5.51052],[-75.05306,5.51052],[-75.05306,5.51052],[-75.05296,5.51065],[-75.05289,5.51078],[-75.05286,5.51086],[-75.05286,5.51086],[-75.05286,5.51086],[-75.05278,5.51096],[-75.05275,5.51105],[-75.05275,5.51105],[-75.05275,5.51105],[-75.05275,5.51105],[-75.05275,5.51105],[-75.05259,5.51118],[-75.05259,5.51118],[-75.05259,5.51118],[-75.05257,5.51119],[-75.05236,5.51134],[-75.05228,5.51141],[-75.05226,5.51148],[-75.05227,5.51161],[-75.05227,5.51161],[-75.05227,5.5117],[-75.05231,5.51184],[-75.05236,5.51192],[-75.05236,5.51192],[-75.05236,5.51192],[-75.05241,5.51207],[-75.05254,5.51225],[-75.05254,5.51226],[-75.05254,5.51226],[-75.05254,5.51226],[-75.05254,5.51226],[-75.05254,5.51226],[-75.05254,5.51226],[-75.05253,5.51228],[-75.05258,5.51231],[-75.05258,5.51231],[-75.05258,5.51231],[-75.05258,5.51231],[-75.05259,5.51231],[-75.05259,5.51232],[-75.05259,5.51232],[-75.05259,5.51242],[-75.05259,5.51242],[-75.05259,5.51242],[-75.05253,5.51263],[-75.05261,5.51277],[-75.05261,5.51277],[-75.05261,5.51277],[-75.05261,5.51277],[-75.05261,5.51277],[-75.05261,5.51284],[-75.05262,5.513],[-75.05272,5.51315],[-75.05293,5.51335],[-75.05293,5.51335],[-75.05293,5.51335],[-75.05293,5.51335],[-75.05293,5.51335],[-75.05293,5.51335],[-75.05295,5.51357],[-75.05295,5.51357],[-75.05295,5.51357],[-75.05293,5.51366],[-75.05297,5.51372],[-75.05299,5.51374],[-75.0531,5.51373],[-75.05311,5.51373],[-75.05311,5.51373],[-75.05311,5.51373],[-75.05311,5.51373],[-75.05311,5.51373],[-75.05311,5.51373],[-75.05321,5.51385],[-75.05321,5.51385],[-75.05321,5.51385],[-75.05328,5.51401],[-75.05328,5.51401],[-75.05328,5.51401],[-75.05328,5.51401],[-75.05328,5.51401],[-75.05328,5.51401],[-75.05328,5.51401],[-75.05328,5.51402],[-75.05328,5.51402],[-75.05319,5.51408],[-75.05307,5.51427],[-75.05311,5.51438],[-75.05322,5.51451],[-75.05326,5.5145],[-75.05335,5.51446],[-75.05335,5.51446],[-75.05335,5.51446],[-75.05335,5.51446],[-75.05335,5.51446],[-75.05335,5.51446],[-75.05349,5.51451],[-75.05349,5.51451],[-75.05349,5.51451],[-75.05359,5.51457],[-75.05359,5.51457],[-75.05359,5.51457],[-75.05379,5.51482],[-75.05379,5.51482],[-75.05379,5.51482],[-75.05379,5.51483],[-75.05379,5.51483],[-75.05379,5.51483],[-75.05379,5.51483],[-75.05379,5.51483],[-75.05376,5.51492],[-75.05376,5.51492],[-75.05362,5.51523],[-75.05369,5.5153],[-75.05405,5.51548],[-75.05405,5.51548],[-75.05405,5.51548],[-75.05405,5.51549],[-75.05407,5.51551],[-75.05407,5.51551],[-75.05407,5.51551],[-75.05407,5.51551],[-75.05407,5.51552],[-75.05407,5.51552],[-75.05407,5.51552],[-75.05407,5.51552],[-75.05396,5.5157],[-75.05396,5.5157],[-75.05396,5.5157],[-75.05396,5.5157],[-75.05388,5.51576],[-75.05388,5.51576],[-75.05377,5.51582],[-75.05375,5.51584],[-75.05372,5.51598],[-75.05372,5.516],[-75.05371,5.51612],[-75.05372,5.51617],[-75.0538,5.51631],[-75.0538,5.51631],[-75.0538,5.51631],[-75.0538,5.51631],[-75.05381,5.51649],[-75.05381,5.51649],[-75.05381,5.51649],[-75.05381,5.5165],[-75.05381,5.5165],[-75.05375,5.51659],[-75.05369,5.51675],[-75.05363,5.51695],[-75.0536,5.51707],[-75.05364,5.51719],[-75.05368,5.51725],[-75.05379,5.51732],[-75.05379,5.51732],[-75.05382,5.51735],[-75.05383,5.51735],[-75.05383,5.51736],[-75.05383,5.51736],[-75.05401,5.51779],[-75.05401,5.51779],[-75.05401,5.51779],[-75.05401,5.51779],[-75.05401,5.51779],[-75.05401,5.51779],[-75.05401,5.5178],[-75.05401,5.5178],[-75.05386,5.51798],[-75.05386,5.51798],[-75.05386,5.51799],[-75.0538,5.51806],[-75.05375,5.5181],[-75.05375,5.5181],[-75.05375,5.51811],[-75.05375,5.51811],[-75.05366,5.51814],[-75.05356,5.51825],[-75.05356,5.51831],[-75.05356,5.51834],[-75.05356,5.51845],[-75.05361,5.5186],[-75.05371,5.51875],[-75.05371,5.51875],[-75.05377,5.51887],[-75.0538,5.51888],[-75.0538,5.51888],[-75.0538,5.51888],[-75.0538,5.51888],[-75.0538,5.51888],[-75.0538,5.51888],[-75.0538,5.51888],[-75.0538,5.51889],[-75.0538,5.51889],[-75.05378,5.5191],[-75.05385,5.51924],[-75.05385,5.51924],[-75.05385,5.51924],[-75.05391,5.51944],[-75.05391,5.51943],[-75.05391,5.51943],[-75.05391,5.51943],[-75.05391,5.51943],[-75.05391,5.51943],[-75.05391,5.51943],[-75.05391,5.51943],[-75.05391,5.51942],[-75.05391,5.51942],[-75.05391,5.51942],[-75.05391,5.51942],[-75.05392,5.51942],[-75.05392,5.51942],[-75.05392,5.51942],[-75.05392,5.51942],[-75.05392,5.51942],[-75.05392,5.51943],[-75.05392,5.51943],[-75.05392,5.51943],[-75.05392,5.51943],[-75.05392,5.51943],[-75.05393,5.51945],[-75.05393,5.51947],[-75.05393,5.51947],[-75.05393,5.51948],[-75.05393,5.51948],[-75.05393,5.51948],[-75.05393,5.51948],[-75.05393,5.51948],[-75.05393,5.51948],[-75.05393,5.51948],[-75.05394,5.51951],[-75.05394,5.51951],[-75.05394,5.51951],[-75.05393,5.51951],[-75.05393,5.51952],[-75.05393,5.51952],[-75.05393,5.51952],[-75.05393,5.51952],[-75.05384,5.51958],[-75.05363,5.51975],[-75.05363,5.51975],[-75.05363,5.51975],[-75.05349,5.51982],[-75.05341,5.51989],[-75.0534,5.5199],[-75.05336,5.51993],[-75.05336,5.51993],[-75.05336,5.51993],[-75.05332,5.51995],[-75.05328,5.51996],[-75.05331,5.51997],[-75.05338,5.52],[-75.05345,5.52004],[-75.05351,5.52008],[-75.05357,5.52013],[-75.05363,5.52019],[-75.05368,5.52024],[-75.05372,5.5203],[-75.05375,5.52033],[-75.05377,5.52036],[-75.05378,5.52039],[-75.0538,5.52042],[-75.0538,5.52046],[-75.0538,5.52047],[-75.0538,5.52047],[-75.05381,5.52051],[-75.05382,5.52055],[-75.05384,5.52059],[-75.05386,5.52062],[-75.05389,5.52065],[-75.05392,5.52067],[-75.05396,5.52069],[-75.054,5.5207],[-75.05404,5.5207],[-75.05397,5.52091],[-75.05396,5.52092],[-75.05395,5.52093],[-75.05394,5.52094],[-75.05392,5.52096],[-75.0539,5.52097],[-75.0539,5.52099],[-75.05389,5.521],[-75.05386,5.52102],[-75.05384,5.52103],[-75.05382,5.52103],[-75.0538,5.52104],[-75.05379,5.52105],[-75.05377,5.52107],[-75.05373,5.52109],[-75.05371,5.5211],[-75.05368,5.5211],[-75.05366,5.52111],[-75.05363,5.52112],[-75.0536,5.52112],[-75.05358,5.52112],[-75.05356,5.52111],[-75.05353,5.52111],[-75.05342,5.52125],[-75.05337,5.52133],[-75.05336,5.52134],[-75.05336,5.52138],[-75.05335,5.52142],[-75.05334,5.52145],[-75.05334,5.52147],[-75.05334,5.5215],[-75.05334,5.52154],[-75.05333,5.52158],[-75.05333,5.5216],[-75.05332,5.52161],[-75.05332,5.52163],[-75.05331,5.52165],[-75.05331,5.52168],[-75.05331,5.52169],[-75.05331,5.5217],[-75.05331,5.52172],[-75.05332,5.52173],[-75.05332,5.52176],[-75.05332,5.52177],[-75.05332,5.52179],[-75.05332,5.52182],[-75.05331,5.52184],[-75.05331,5.52185],[-75.05329,5.52189],[-75.05327,5.52193],[-75.05324,5.52197],[-75.05322,5.52202],[-75.05317,5.5221],[-75.05314,5.52215],[-75.05312,5.52217],[-75.05312,5.52218],[-75.05321,5.52218],[-75.05321,5.52218],[-75.05321,5.52218],[-75.05321,5.52218],[-75.05321,5.52218],[-75.05321,5.52218],[-75.05322,5.52218],[-75.05322,5.52219],[-75.05322,5.52219],[-75.05324,5.52226],[-75.05324,5.52227],[-75.05324,5.52227],[-75.05324,5.52227],[-75.05322,5.52235],[-75.05321,5.52243],[-75.05323,5.52252],[-75.05329,5.52256],[-75.05339,5.52256],[-75.05339,5.52256],[-75.05339,5.52256],[-75.05341,5.52256],[-75.05341,5.52256],[-75.05341,5.52256],[-75.05353,5.52258],[-75.05357,5.52257],[-75.05357,5.52257],[-75.05357,5.52257],[-75.05369,5.52259],[-75.05369,5.52259],[-75.05382,5.52261],[-75.05391,5.52259],[-75.05391,5.52259],[-75.05391,5.52259],[-75.05391,5.52259],[-75.05399,5.5226],[-75.05405,5.52254],[-75.05407,5.5225],[-75.05407,5.5225],[-75.05407,5.5225],[-75.05407,5.5225],[-75.05407,5.5225],[-75.05408,5.5225],[-75.05408,5.5225],[-75.05418,5.5225],[-75.05418,5.5225],[-75.05418,5.5225],[-75.05418,5.5225],[-75.05418,5.5225],[-75.05418,5.5225],[-75.05418,5.5225],[-75.05419,5.5225],[-75.05427,5.52259],[-75.05434,5.52256],[-75.05436,5.52251],[-75.05436,5.52251],[-75.05436,5.52251],[-75.05436,5.52251],[-75.05436,5.52251],[-75.05437,5.52251],[-75.05437,5.5225],[-75.05437,5.5225],[-75.05437,5.5225],[-75.05437,5.5225],[-75.05437,5.5225],[-75.05437,5.5225],[-75.05437,5.5225],[-75.05437,5.5225],[-75.05438,5.5225],[-75.05438,5.5225],[-75.05438,5.5225],[-75.05442,5.52245],[-75.05442,5.52245],[-75.05442,5.52245],[-75.05442,5.52245],[-75.05442,5.52245],[-75.05442,5.52245],[-75.05443,5.52245],[-75.05453,5.52246],[-75.05467,5.52242],[-75.05467,5.52242],[-75.05478,5.52239],[-75.05488,5.52234],[-75.05493,5.52225],[-75.05493,5.52225],[-75.05499,5.52218],[-75.055,5.52212],[-75.055,5.52212],[-75.055,5.52212],[-75.055,5.52211],[-75.055,5.52211],[-75.0551,5.522],[-75.0551,5.522],[-75.0551,5.522],[-75.05513,5.52198],[-75.05513,5.52198],[-75.05519,5.52194],[-75.05518,5.52187],[-75.05518,5.52187],[-75.05518,5.52187],[-75.05518,5.52187],[-75.05524,5.52171],[-75.05524,5.52171],[-75.05524,5.52171],[-75.05532,5.52159],[-75.05532,5.52159],[-75.05532,5.52159],[-75.05539,5.52152],[-75.05542,5.52144],[-75.05542,5.52144],[-75.05542,5.52144],[-75.05542,5.52144],[-75.05542,5.52143],[-75.05542,5.52143],[-75.05542,5.52143],[-75.05547,5.52141],[-75.05554,5.52139],[-75.05554,5.52139],[-75.05554,5.52139],[-75.05565,5.5214],[-75.05574,5.5214],[-75.05581,5.52139],[-75.05592,5.52126],[-75.05592,5.52126],[-75.05592,5.52126],[-75.05613,5.52115],[-75.05615,5.52114],[-75.05615,5.52114],[-75.05623,5.52111],[-75.05623,5.5211],[-75.05623,5.5211],[-75.05632,5.5211],[-75.05632,5.5211],[-75.05632,5.5211],[-75.05632,5.5211],[-75.05644,5.52113],[-75.05645,5.52113],[-75.05645,5.52113],[-75.0565,5.52116],[-75.0565,5.52116],[-75.0565,5.52117],[-75.0565,5.52117],[-75.0565,5.52117],[-75.0565,5.52117],[-75.0565,5.52117],[-75.0565,5.52117],[-75.0565,5.52117],[-75.0565,5.52118],[-75.0565,5.52118],[-75.0565,5.52118],[-75.0565,5.52118],[-75.05643,5.52122],[-75.05641,5.52132],[-75.05643,5.52143],[-75.05647,5.52145],[-75.05653,5.52147],[-75.05653,5.52147],[-75.05653,5.52147],[-75.05658,5.5215],[-75.05668,5.52146],[-75.05668,5.52146],[-75.05668,5.52146],[-75.05668,5.52146],[-75.05669,5.52146],[-75.05679,5.52148],[-75.05688,5.5214],[-75.05688,5.52139],[-75.05689,5.52139],[-75.05689,5.52139],[-75.05689,5.52139],[-75.05692,5.52139],[-75.05692,5.52139],[-75.05701,5.52138],[-75.05701,5.52138],[-75.05701,5.52138],[-75.05701,5.52138],[-75.05701,5.52139],[-75.05701,5.52139],[-75.05701,5.52139],[-75.05701,5.52139],[-75.05704,5.52142],[-75.05709,5.52146],[-75.05709,5.52147],[-75.05709,5.52147],[-75.05709,5.52147],[-75.05709,5.52147],[-75.05709,5.52147],[-75.05709,5.52147],[-75.05709,5.52147],[-75.05709,5.52148],[-75.05705,5.52158],[-75.05702,5.52166],[-75.05704,5.52178],[-75.05709,5.52184],[-75.05716,5.52188],[-75.05716,5.52188],[-75.05716,5.52188],[-75.05726,5.52194],[-75.05731,5.52192],[-75.05731,5.52188],[-75.05731,5.52188],[-75.05731,5.52188],[-75.05734,5.52169],[-75.05734,5.52169],[-75.05734,5.52169],[-75.05736,5.52162],[-75.05736,5.52162],[-75.05736,5.52162],[-75.05736,5.52162],[-75.05739,5.52158],[-75.0574,5.52155],[-75.05743,5.5215],[-75.05743,5.5215],[-75.05743,5.5215],[-75.05743,5.5215],[-75.05743,5.52149],[-75.05743,5.52149],[-75.05743,5.52149],[-75.05747,5.52149],[-75.05747,5.52149],[-75.05747,5.52149],[-75.05748,5.52145],[-75.05748,5.52145],[-75.05748,5.52145],[-75.05756,5.52138],[-75.05756,5.52138],[-75.05756,5.52138],[-75.05756,5.52138],[-75.05766,5.52134],[-75.05766,5.52134],[-75.05766,5.52134],[-75.05766,5.52134],[-75.05766,5.52134],[-75.05767,5.52134],[-75.05767,5.52134],[-75.05782,5.52143],[-75.05791,5.52145],[-75.05793,5.5214],[-75.05793,5.5214],[-75.05793,5.5214],[-75.05793,5.5214],[-75.05793,5.5214],[-75.05793,5.52139],[-75.05793,5.52139],[-75.05793,5.52139],[-75.05801,5.5214],[-75.05802,5.5214],[-75.05805,5.52139],[-75.05804,5.52128],[-75.05804,5.52128],[-75.05804,5.52128],[-75.05804,5.52128],[-75.05808,5.5212],[-75.05808,5.5212],[-75.05812,5.52113],[-75.05812,5.52113],[-75.05812,5.52113],[-75.05812,5.52113],[-75.0582,5.52106],[-75.0582,5.52106],[-75.05826,5.521],[-75.05835,5.52086],[-75.05838,5.52075],[-75.05838,5.52075],[-75.05838,5.52075],[-75.05838,5.52075],[-75.05838,5.52075],[-75.05848,5.52065],[-75.05848,5.52065],[-75.05852,5.52062],[-75.05852,5.52062],[-75.05853,5.52062],[-75.05853,5.52062],[-75.05853,5.52062],[-75.05853,5.52062],[-75.05853,5.52062],[-75.05853,5.52062],[-75.05853,5.52062],[-75.05853,5.52062],[-75.05856,5.52065],[-75.05856,5.52065],[-75.05856,5.52065],[-75.0586,5.52073],[-75.0586,5.52073],[-75.05864,5.52085],[-75.05864,5.52085],[-75.05864,5.52085],[-75.05864,5.52086],[-75.05862,5.52095],[-75.05862,5.52096],[-75.05862,5.52096],[-75.05862,5.52096],[-75.05857,5.52103],[-75.05862,5.52113],[-75.05868,5.52115],[-75.05868,5.52115],[-75.05868,5.52115],[-75.05878,5.52119],[-75.05878,5.5212],[-75.05878,5.5212],[-75.05878,5.5212],[-75.05887,5.52131],[-75.05887,5.52131],[-75.05887,5.52131],[-75.05887,5.52131],[-75.0589,5.52139],[-75.05897,5.52137],[-75.05897,5.52137],[-75.05898,5.52137],[-75.05898,5.52137],[-75.05898,5.52137],[-75.05898,5.52137],[-75.05898,5.52137],[-75.05898,5.52137],[-75.05907,5.52146],[-75.05917,5.52146],[-75.05917,5.52146],[-75.05917,5.52146],[-75.05918,5.52146],[-75.05925,5.5215],[-75.05933,5.52149],[-75.05934,5.52149],[-75.05934,5.52149],[-75.05934,5.52149],[-75.05934,5.52149],[-75.05948,5.52155],[-75.05948,5.52155],[-75.05948,5.52155],[-75.05948,5.52156],[-75.05958,5.52168],[-75.05965,5.52171],[-75.05972,5.52172],[-75.05972,5.52172],[-75.05972,5.52172],[-75.05972,5.52172],[-75.05972,5.52173],[-75.05979,5.52178],[-75.05987,5.52176],[-75.05987,5.52176],[-75.05988,5.52176],[-75.05988,5.52176],[-75.05998,5.52179],[-75.0601,5.52181],[-75.0601,5.52181],[-75.0601,5.52181],[-75.06022,5.52185],[-75.06033,5.52186],[-75.06046,5.52184],[-75.06046,5.52184],[-75.06046,5.52184],[-75.06047,5.52184],[-75.06047,5.52184],[-75.0606,5.5219],[-75.06061,5.52191],[-75.06061,5.52191],[-75.06061,5.52191],[-75.06061,5.52191],[-75.06061,5.52191],[-75.06064,5.52201],[-75.06067,5.52209],[-75.06067,5.52209],[-75.06067,5.52209],[-75.06067,5.52216],[-75.0607,5.52219],[-75.06085,5.52221],[-75.06085,5.52221],[-75.06085,5.52221],[-75.06093,5.52225],[-75.06112,5.52228],[-75.06112,5.52228],[-75.06112,5.52228],[-75.06112,5.52228],[-75.06112,5.52228],[-75.06113,5.52228],[-75.06119,5.52238],[-75.06123,5.52242],[-75.06123,5.52242],[-75.06123,5.52242],[-75.06125,5.52246],[-75.06125,5.52246],[-75.06125,5.52246],[-75.06125,5.52246],[-75.06125,5.52247],[-75.06125,5.52247],[-75.06125,5.52247],[-75.06125,5.52247],[-75.06125,5.52247],[-75.06125,5.52247],[-75.06125,5.52247],[-75.06125,5.52247],[-75.06125,5.52247],[-75.06124,5.52247],[-75.06124,5.52247],[-75.06124,5.52247],[-75.06124,5.52247],[-75.06124,5.52247],[-75.06124,5.52247],[-75.06124,5.52247],[-75.06122,5.52243],[-75.06118,5.52239],[-75.06118,5.52239],[-75.06118,5.52239],[-75.06111,5.52229],[-75.06093,5.52227],[-75.06093,5.52227],[-75.06093,5.52227],[-75.06084,5.52223],[-75.0607,5.52221],[-75.0607,5.52221],[-75.0607,5.52221],[-75.0607,5.52221],[-75.06069,5.52221],[-75.06066,5.52218],[-75.06066,5.52217],[-75.06066,5.52217],[-75.06066,5.52217],[-75.06066,5.52217],[-75.06066,5.52217],[-75.06065,5.52209],[-75.06062,5.52202],[-75.06062,5.52201],[-75.06059,5.52192],[-75.06046,5.52186],[-75.06034,5.52188],[-75.06033,5.52188],[-75.06033,5.52188],[-75.06022,5.52187],[-75.06022,5.52187],[-75.06022,5.52187],[-75.0601,5.52183],[-75.05998,5.52181],[-75.05998,5.52181],[-75.05998,5.52181],[-75.05988,5.52178],[-75.05979,5.5218],[-75.05978,5.5218],[-75.05978,5.5218],[-75.05978,5.5218],[-75.05978,5.5218],[-75.05978,5.5218],[-75.05978,5.5218],[-75.05971,5.52174],[-75.05965,5.52173],[-75.05964,5.52173],[-75.05964,5.52173],[-75.05957,5.52169],[-75.05957,5.52169],[-75.05957,5.52169],[-75.05957,5.52169],[-75.05947,5.52157],[-75.05934,5.52151],[-75.05925,5.52152],[-75.05925,5.52152],[-75.05925,5.52152],[-75.05925,5.52152],[-75.05925,5.52152],[-75.05925,5.52152],[-75.05917,5.52148],[-75.05906,5.52147],[-75.05906,5.52147],[-75.05906,5.52147],[-75.05906,5.52147],[-75.05906,5.52147],[-75.05906,5.52147],[-75.05897,5.52139],[-75.05889,5.52141],[-75.05889,5.52141],[-75.05889,5.52141],[-75.05889,5.52141],[-75.05889,5.52141],[-75.05889,5.52141],[-75.05888,5.52141],[-75.05888,5.52141],[-75.05888,5.52141],[-75.05888,5.52141],[-75.05888,5.52141],[-75.05886,5.52132],[-75.05877,5.52121],[-75.05867,5.52116],[-75.05861,5.52115],[-75.05861,5.52115],[-75.05861,5.52115],[-75.05861,5.52115],[-75.0586,5.52115],[-75.0586,5.52115],[-75.0586,5.52114],[-75.05855,5.52104],[-75.05855,5.52103],[-75.05855,5.52103],[-75.05855,5.52103],[-75.05855,5.52103],[-75.05855,5.52103],[-75.05855,5.52103],[-75.05861,5.52095],[-75.05862,5.52086],[-75.05858,5.52074],[-75.05854,5.52066],[-75.05853,5.52064],[-75.05849,5.52067],[-75.0584,5.52076],[-75.05837,5.52086],[-75.05837,5.52086],[-75.05837,5.52086],[-75.05828,5.52101],[-75.05828,5.52101],[-75.05828,5.52101],[-75.05821,5.52107],[-75.05813,5.52114],[-75.0581,5.52121],[-75.05806,5.52128],[-75.05807,5.52139],[-75.05806,5.52139],[-75.05806,5.5214],[-75.05806,5.5214],[-75.05806,5.5214],[-75.05806,5.5214],[-75.05806,5.5214],[-75.05806,5.5214],[-75.05806,5.5214],[-75.05803,5.52141],[-75.05803,5.52141],[-75.05802,5.52141],[-75.05801,5.52141],[-75.05801,5.52141],[-75.05794,5.52141],[-75.05792,5.52146],[-75.05792,5.52146],[-75.05792,5.52146],[-75.05792,5.52146],[-75.05792,5.52147],[-75.05791,5.52147],[-75.05791,5.52147],[-75.05791,5.52147],[-75.05791,5.52147],[-75.05791,5.52147],[-75.05781,5.52145],[-75.05781,5.52144],[-75.05781,5.52144],[-75.05766,5.52135],[-75.05757,5.52139],[-75.0575,5.52146],[-75.05749,5.52149],[-75.05748,5.5215],[-75.05748,5.5215],[-75.05748,5.5215],[-75.05748,5.5215],[-75.05748,5.5215],[-75.05748,5.5215],[-75.05748,5.52151],[-75.05748,5.52151],[-75.05744,5.52151],[-75.05742,5.52154],[-75.0574,5.52159],[-75.0574,5.52159],[-75.0574,5.52159],[-75.05738,5.52162],[-75.05737,5.52163],[-75.05736,5.52169],[-75.05733,5.52188],[-75.05733,5.52193],[-75.05733,5.52193],[-75.05733,5.52193],[-75.05733,5.52193],[-75.05733,5.52193],[-75.05733,5.52194],[-75.05733,5.52194],[-75.05732,5.52194],[-75.05732,5.52194],[-75.05726,5.52196],[-75.05726,5.52196],[-75.05726,5.52196],[-75.05726,5.52196],[-75.05725,5.52196],[-75.05725,5.52196],[-75.05715,5.5219],[-75.05708,5.52186],[-75.05707,5.52186],[-75.05707,5.52186],[-75.05707,5.52186],[-75.05702,5.52179],[-75.05702,5.52179],[-75.05702,5.52179],[-75.05702,5.52179],[-75.057,5.52166],[-75.057,5.52165],[-75.057,5.52165],[-75.057,5.52165],[-75.05703,5.52157],[-75.05703,5.52157],[-75.05707,5.52147],[-75.05702,5.52144],[-75.05702,5.52144],[-75.05702,5.52143],[-75.05702,5.52143],[-75.057,5.5214],[-75.05692,5.52141],[-75.05689,5.52141],[-75.0568,5.5215],[-75.0568,5.5215],[-75.0568,5.5215],[-75.0568,5.5215],[-75.0568,5.5215],[-75.0568,5.5215],[-75.0568,5.5215],[-75.05668,5.52148],[-75.05659,5.52152],[-75.05659,5.52152],[-75.05658,5.52152],[-75.05658,5.52152],[-75.05658,5.52152],[-75.05658,5.52152],[-75.05652,5.52149],[-75.05646,5.52147],[-75.05646,5.52147],[-75.05646,5.52147],[-75.05642,5.52144],[-75.05642,5.52144],[-75.05642,5.52144],[-75.05642,5.52144],[-75.05641,5.52143],[-75.05641,5.52143],[-75.0564,5.52132],[-75.0564,5.52132],[-75.0564,5.52132],[-75.0564,5.52132],[-75.0564,5.52132],[-75.05642,5.52121],[-75.05642,5.52121],[-75.05642,5.52121],[-75.05642,5.52121],[-75.05642,5.52121],[-75.05642,5.52121],[-75.05647,5.52117],[-75.05644,5.52115],[-75.05632,5.52111],[-75.05624,5.52112],[-75.05616,5.52116],[-75.05612,5.52118],[-75.05607,5.52121],[-75.05593,5.52128],[-75.05582,5.5214],[-75.05582,5.5214],[-75.05582,5.5214],[-75.05582,5.5214],[-75.05582,5.5214],[-75.05574,5.52142],[-75.05574,5.52142],[-75.05574,5.52142],[-75.05565,5.52142],[-75.05565,5.52142],[-75.05565,5.52142],[-75.05554,5.52141],[-75.05543,5.52145],[-75.0554,5.52153],[-75.0554,5.52153],[-75.0554,5.52153],[-75.0554,5.52153],[-75.05534,5.5216],[-75.05526,5.52172],[-75.05521,5.52185],[-75.0552,5.52187],[-75.0552,5.52194],[-75.0552,5.52194],[-75.0552,5.52194],[-75.0552,5.52195],[-75.0552,5.52195],[-75.0552,5.52195],[-75.0552,5.52195],[-75.05514,5.52199],[-75.05511,5.52202],[-75.05502,5.52212],[-75.05501,5.52218],[-75.05501,5.52218],[-75.05501,5.52219],[-75.05501,5.52219],[-75.05501,5.52219],[-75.05494,5.52226],[-75.05489,5.52235],[-75.05489,5.52235],[-75.05489,5.52235],[-75.05489,5.52235],[-75.05479,5.52241],[-75.05479,5.52241],[-75.05479,5.52241],[-75.05467,5.52243],[-75.05454,5.52248],[-75.05453,5.52248],[-75.05453,5.52248],[-75.05453,5.52248],[-75.05443,5.52247],[-75.05439,5.52251],[-75.05439,5.52252],[-75.05439,5.52252],[-75.05439,5.52252],[-75.05439,5.52252],[-75.05439,5.52252],[-75.05439,5.52253],[-75.05439,5.52253],[-75.05439,5.52253],[-75.05439,5.52253],[-75.05439,5.52253],[-75.05439,5.52253],[-75.05439,5.52253],[-75.05439,5.52253],[-75.05438,5.52253],[-75.05438,5.52253],[-75.05438,5.52253],[-75.05438,5.52253],[-75.05438,5.52253],[-75.05438,5.52253],[-75.05438,5.52253],[-75.05435,5.52257],[-75.05435,5.52257],[-75.05435,5.52257],[-75.05435,5.52257],[-75.05435,5.52257],[-75.05427,5.52261],[-75.05427,5.52261],[-75.05427,5.52261],[-75.05426,5.52261],[-75.05426,5.52261],[-75.05426,5.52261],[-75.05426,5.52261],[-75.05426,5.52261],[-75.05426,5.52261],[-75.05417,5.52251],[-75.05408,5.52252],[-75.05406,5.52255],[-75.05406,5.52255],[-75.05406,5.52255],[-75.054,5.52262],[-75.054,5.52262],[-75.05399,5.52262],[-75.05399,5.52262],[-75.05399,5.52262],[-75.05399,5.52262],[-75.05399,5.52262],[-75.05391,5.52261],[-75.05382,5.52263],[-75.05382,5.52263],[-75.05382,5.52263],[-75.05382,5.52263],[-75.05369,5.52261],[-75.05357,5.52259],[-75.05353,5.5226],[-75.05353,5.5226],[-75.05353,5.5226],[-75.05341,5.52258],[-75.05339,5.52258],[-75.05329,5.52258],[-75.05329,5.52258],[-75.05329,5.52258],[-75.05329,5.52258],[-75.05329,5.52258],[-75.05322,5.52254],[-75.05322,5.52253],[-75.05322,5.52253],[-75.05322,5.52253],[-75.05322,5.52253],[-75.05322,5.52253],[-75.05319,5.52243],[-75.05319,5.52243],[-75.05319,5.52243],[-75.05319,5.52243],[-75.0532,5.52234],[-75.0532,5.52234],[-75.0532,5.52234],[-75.05322,5.52227],[-75.0532,5.5222],[-75.05312,5.5222],[-75.05312,5.5222],[-75.05312,5.5222],[-75.05312,5.52219],[-75.05312,5.52219],[-75.05311,5.52219],[-75.05311,5.52218],[-75.05309,5.5222],[-75.05307,5.52223],[-75.05305,5.52226],[-75.05303,5.52229],[-75.05301,5.52231],[-75.053,5.52234],[-75.05298,5.52237],[-75.05296,5.5224],[-75.05294,5.52242],[-75.05293,5.52245],[-75.05291,5.52248],[-75.05289,5.52251],[-75.05287,5.52253],[-75.05284,5.52257],[-75.05281,5.52263],[-75.05278,5.52269],[-75.05274,5.52275],[-75.05271,5.52281],[-75.05268,5.52287],[-75.05266,5.52294],[-75.05263,5.52301],[-75.05261,5.52308],[-75.05259,5.52316],[-75.05258,5.52324],[-75.05257,5.52332],[-75.05256,5.52341],[-75.05256,5.52349],[-75.05257,5.52356],[-75.05257,5.52361],[-75.05258,5.52365],[-75.05259,5.52372],[-75.05261,5.52383],[-75.05263,5.52388],[-75.05263,5.5239],[-75.05263,5.52392],[-75.05263,5.52392],[-75.05264,5.52392],[-75.05266,5.52392],[-75.05267,5.52394],[-75.05268,5.52395],[-75.05268,5.52399],[-75.05268,5.52404],[-75.05268,5.52408],[-75.05269,5.52414],[-75.05269,5.52421],[-75.05269,5.5243],[-75.05268,5.52439],[-75.05269,5.52446],[-75.05271,5.52456],[-75.05271,5.52467],[-75.0527,5.52474],[-75.05269,5.52481],[-75.05267,5.52489],[-75.05265,5.52494],[-75.05264,5.52502],[-75.05265,5.52504],[-75.05268,5.52507],[-75.0527,5.52509],[-75.05272,5.52512],[-75.05274,5.52515],[-75.05276,5.52518],[-75.05276,5.52519],[-75.05284,5.52511],[-75.05291,5.52502],[-75.05297,5.52493],[-75.05303,5.52484],[-75.05309,5.52474],[-75.05312,5.52468],[-75.05318,5.52455],[-75.05325,5.52442],[-75.05332,5.5243],[-75.0534,5.52418],[-75.05349,5.52406],[-75.05358,5.52395],[-75.05367,5.52384],[-75.05377,5.52373],[-75.05387,5.52363],[-75.05389,5.52361],[-75.05391,5.5236],[-75.05393,5.5236],[-75.05396,5.5236],[-75.05398,5.5236],[-75.05401,5.5236],[-75.05403,5.52361],[-75.05405,5.52363],[-75.05407,5.52364],[-75.05409,5.52368],[-75.05411,5.52372],[-75.05412,5.52376],[-75.05413,5.52381],[-75.05414,5.52391],[-75.05416,5.524],[-75.05418,5.5241],[-75.05421,5.52419],[-75.05424,5.52429],[-75.05428,5.52438],[-75.05433,5.52446],[-75.05438,5.52455],[-75.05444,5.52463],[-75.05448,5.52469],[-75.05454,5.52475],[-75.05455,5.52477],[-75.05456,5.52477],[-75.05457,5.52477],[-75.05468,5.52477],[-75.05488,5.52472],[-75.05507,5.52468],[-75.05507,5.52468],[-75.05507,5.52468],[-75.05515,5.52469],[-75.05515,5.52469],[-75.05515,5.52469],[-75.05515,5.52469],[-75.05515,5.52469],[-75.05516,5.52469],[-75.05516,5.52469],[-75.05516,5.5247],[-75.0552,5.52476],[-75.05521,5.52476],[-75.05527,5.52476],[-75.05533,5.52476],[-75.05538,5.52476],[-75.05543,5.52477],[-75.05547,5.52478],[-75.0555,5.52479],[-75.05551,5.5248],[-75.05552,5.52481],[-75.05553,5.52482],[-75.05555,5.52483],[-75.05557,5.52484],[-75.0556,5.52485],[-75.05564,5.52484],[-75.05567,5.52483],[-75.05574,5.52479],[-75.0558,5.52474],[-75.05585,5.5247],[-75.0559,5.52465],[-75.05594,5.52459],[-75.05595,5.52454],[-75.056,5.52443],[-75.056,5.52442],[-75.05601,5.52439],[-75.05603,5.52435],[-75.05603,5.52434],[-75.05599,5.5243],[-75.05592,5.52425],[-75.05591,5.52422],[-75.0559,5.5242],[-75.05589,5.52416],[-75.05589,5.52416],[-75.05589,5.52415],[-75.05589,5.52415],[-75.05589,5.52415],[-75.05589,5.52415],[-75.05589,5.52415],[-75.05589,5.52415],[-75.05589,5.52415],[-75.05596,5.52408],[-75.05596,5.52408],[-75.05596,5.52408],[-75.05597,5.52408],[-75.05597,5.52408],[-75.05597,5.52408],[-75.05597,5.52408],[-75.05599,5.52408],[-75.05607,5.5241],[-75.05607,5.5241],[-75.05607,5.5241],[-75.05629,5.52415],[-75.05646,5.52415],[-75.05657,5.52411],[-75.05657,5.52411],[-75.05657,5.52411],[-75.05666,5.5241],[-75.05668,5.5241],[-75.05667,5.52407],[-75.05667,5.52407],[-75.05667,5.52407],[-75.05667,5.52407],[-75.05667,5.52407],[-75.05667,5.52407],[-75.05667,5.52407],[-75.05667,5.52406],[-75.05667,5.52406],[-75.05667,5.52406],[-75.05667,5.52406],[-75.05668,5.52406],[-75.05668,5.52406],[-75.05668,5.52406],[-75.05668,5.52406],[-75.05674,5.52408],[-75.05674,5.52408],[-75.05674,5.52408],[-75.05675,5.52408],[-75.05675,5.52408],[-75.05678,5.52412],[-75.05679,5.52411],[-75.05679,5.52411],[-75.05679,5.52411],[-75.05679,5.52411],[-75.05679,5.52411],[-75.0568,5.52411],[-75.0568,5.52411],[-75.0568,5.52411],[-75.0568,5.52411],[-75.0568,5.52411],[-75.0568,5.52411],[-75.0568,5.52411],[-75.0568,5.52411],[-75.0568,5.52412],[-75.05682,5.52413],[-75.05687,5.52413],[-75.05692,5.52413],[-75.05699,5.52407],[-75.05697,5.52395],[-75.05695,5.52392],[-75.05685,5.52382],[-75.05676,5.52372],[-75.05676,5.52372],[-75.05676,5.52372],[-75.05676,5.52371],[-75.05676,5.52371],[-75.05676,5.52371],[-75.05676,5.52371],[-75.05676,5.52371],[-75.05676,5.52371],[-75.05676,5.52371],[-75.05676,5.5237],[-75.05676,5.5237],[-75.05683,5.52366],[-75.05683,5.52366],[-75.05683,5.52366],[-75.05683,5.52366],[-75.05703,5.52366],[-75.05711,5.52358],[-75.05711,5.52358],[-75.05711,5.52358],[-75.05711,5.52358],[-75.05722,5.52352],[-75.0573,5.52344],[-75.05737,5.52337],[-75.05737,5.52337],[-75.05737,5.52337],[-75.05746,5.52331],[-75.05747,5.5233],[-75.05747,5.5233],[-75.05747,5.5233],[-75.05748,5.5233],[-75.05748,5.5233],[-75.05748,5.5233],[-75.05748,5.5233],[-75.05752,5.52331],[-75.05752,5.52331],[-75.05752,5.52331],[-75.05752,5.52332],[-75.05752,5.52332],[-75.05752,5.52332],[-75.05752,5.52332],[-75.05752,5.52332],[-75.05752,5.52332],[-75.05752,5.52332],[-75.05752,5.52332],[-75.05751,5.52335],[-75.05754,5.52349],[-75.05754,5.52349],[-75.05754,5.52349],[-75.05753,5.52367],[-75.05753,5.52375],[-75.05753,5.52375],[-75.05754,5.52379],[-75.05754,5.52382],[-75.05754,5.52386],[-75.05754,5.52387],[-75.0576,5.52402],[-75.05767,5.52403],[-75.05774,5.52403],[-75.05774,5.52403],[-75.05774,5.52403],[-75.05774,5.52403],[-75.05777,5.52404],[-75.05777,5.52404],[-75.05777,5.52404],[-75.05777,5.52404],[-75.05777,5.52404],[-75.05777,5.52404],[-75.05777,5.52404],[-75.05777,5.52404],[-75.05777,5.52417],[-75.05777,5.52417],[-75.05777,5.52417],[-75.05777,5.52417],[-75.05777,5.52417],[-75.05775,5.52423],[-75.05775,5.52424],[-75.05774,5.52426],[-75.05774,5.52427],[-75.05773,5.52429],[-75.05772,5.52429],[-75.0577,5.52438],[-75.05768,5.52448],[-75.05768,5.52448],[-75.05771,5.5246],[-75.05771,5.5246],[-75.05771,5.5246],[-75.0577,5.52469],[-75.0577,5.52478],[-75.0577,5.52478],[-75.0577,5.52478],[-75.0577,5.5248],[-75.05769,5.52484],[-75.05769,5.52485],[-75.05768,5.52497],[-75.0577,5.52499],[-75.05773,5.52499],[-75.05776,5.525],[-75.05778,5.525],[-75.05781,5.52499],[-75.05783,5.52498],[-75.05811,5.52499],[-75.05813,5.52499],[-75.05816,5.52499],[-75.05819,5.525],[-75.05821,5.52501],[-75.05824,5.52503],[-75.05826,5.52505],[-75.05827,5.52507],[-75.05828,5.5251],[-75.05829,5.52513],[-75.05829,5.52515],[-75.05829,5.52548],[-75.05829,5.5255],[-75.05829,5.52553],[-75.0583,5.52556],[-75.05832,5.52558],[-75.05833,5.5256],[-75.05835,5.52562],[-75.05838,5.52564],[-75.0584,5.52565],[-75.05843,5.52565],[-75.05846,5.52565],[-75.05849,5.52565],[-75.05851,5.52564],[-75.05865,5.5256],[-75.05879,5.52555],[-75.05894,5.52549],[-75.05908,5.52543],[-75.0591,5.52542],[-75.05912,5.52541],[-75.05914,5.52541],[-75.05916,5.52541],[-75.05918,5.52541],[-75.0592,5.52541],[-75.05922,5.52542],[-75.05923,5.52543],[-75.05925,5.52545],[-75.05926,5.52547],[-75.05927,5.52548],[-75.05927,5.5255],[-75.05928,5.52553],[-75.05927,5.52554],[-75.05927,5.52556],[-75.05926,5.52558],[-75.05925,5.52559],[-75.05924,5.52561],[-75.05923,5.52562],[-75.05923,5.52564],[-75.05922,5.52565],[-75.05923,5.52567],[-75.05923,5.52569],[-75.05924,5.5257],[-75.05924,5.52572],[-75.05926,5.52573],[-75.05927,5.52574],[-75.05928,5.52575],[-75.0593,5.52576],[-75.05932,5.52576],[-75.05933,5.52576],[-75.05935,5.52576],[-75.05937,5.52576],[-75.05938,5.52575],[-75.0594,5.52575],[-75.05943,5.52572],[-75.05946,5.5257],[-75.0595,5.52569],[-75.05953,5.52568],[-75.05955,5.52568],[-75.05957,5.52566],[-75.05961,5.52566],[-75.05965,5.52567],[-75.05965,5.52567],[-75.05965,5.52567],[-75.05965,5.52568],[-75.05968,5.52573],[-75.05969,5.52573],[-75.05969,5.52573],[-75.05969,5.52573],[-75.05969,5.52573],[-75.05969,5.52573],[-75.05975,5.52587],[-75.05975,5.52587],[-75.05975,5.52587],[-75.05975,5.52587],[-75.05975,5.52587],[-75.05975,5.52587],[-75.0597,5.52598],[-75.0597,5.52599],[-75.05969,5.52602],[-75.05968,5.52604],[-75.05969,5.52604],[-75.05972,5.52604],[-75.05975,5.52604],[-75.05978,5.52605],[-75.05981,5.52606],[-75.05983,5.52608],[-75.05985,5.5261],[-75.05987,5.52613],[-75.05989,5.52616],[-75.0599,5.52619],[-75.0599,5.52622],[-75.0599,5.52625],[-75.05989,5.52628],[-75.05988,5.52631],[-75.05986,5.52634],[-75.05984,5.52636],[-75.0597,5.52662],[-75.05968,5.52664],[-75.05967,5.52666],[-75.05966,5.52669],[-75.05965,5.52671],[-75.05965,5.52674],[-75.05965,5.52677],[-75.05966,5.52679],[-75.05967,5.52682],[-75.05969,5.52684],[-75.0597,5.52686],[-75.05973,5.52688],[-75.05975,5.52689],[-75.05978,5.5269],[-75.0598,5.5269],[-75.05982,5.5269],[-75.05984,5.52691],[-75.05986,5.52692],[-75.05987,5.52693],[-75.05989,5.52694],[-75.0599,5.52695],[-75.05991,5.52697],[-75.05992,5.52699],[-75.05992,5.52701],[-75.05992,5.52703],[-75.05995,5.52708],[-75.05997,5.52713],[-75.05998,5.52718],[-75.05999,5.52723],[-75.05999,5.52729],[-75.05998,5.52734],[-75.05997,5.52738],[-75.05996,5.52743],[-75.05996,5.52747],[-75.05996,5.52751],[-75.05997,5.52756],[-75.05999,5.5276],[-75.06001,5.52763],[-75.06004,5.52766],[-75.06008,5.52769],[-75.06009,5.5277],[-75.0601,5.5277],[-75.06011,5.52771],[-75.06012,5.52772],[-75.06013,5.52773],[-75.06013,5.52774],[-75.06013,5.52775],[-75.06014,5.52777],[-75.06013,5.52778],[-75.06013,5.52779],[-75.06014,5.52784],[-75.06016,5.52788],[-75.06018,5.52793],[-75.06021,5.52797],[-75.06024,5.52801],[-75.06028,5.52804],[-75.06032,5.52806],[-75.06036,5.52809],[-75.06041,5.5281],[-75.06046,5.52811],[-75.06051,5.52811],[-75.06054,5.52811],[-75.06058,5.52811],[-75.06061,5.52811],[-75.06064,5.52813],[-75.06067,5.52815],[-75.0607,5.52817],[-75.06072,5.5282],[-75.06073,5.52823],[-75.06074,5.52826],[-75.06075,5.52829],[-75.06075,5.52833],[-75.06074,5.52836],[-75.06073,5.52839],[-75.06071,5.52842],[-75.06093,5.52841],[-75.06129,5.52839],[-75.06165,5.52837],[-75.062,5.52834],[-75.06236,5.52831],[-75.06248,5.5283],[-75.0626,5.5283],[-75.06271,5.52831],[-75.06283,5.52832],[-75.06295,5.52834],[-75.06306,5.52836],[-75.06318,5.52839],[-75.06328,5.52842],[-75.06338,5.52845],[-75.06348,5.52849],[-75.06357,5.52854],[-75.06382,5.52862],[-75.06407,5.5287],[-75.06432,5.52878],[-75.06457,5.52885],[-75.06469,5.52884],[-75.06482,5.52882],[-75.06494,5.5288],[-75.06506,5.52877],[-75.06518,5.52873],[-75.0653,5.52869],[-75.06529,5.52871],[-75.06526,5.52878],[-75.06522,5.52885],[-75.06516,5.52895],[-75.0651,5.52905],[-75.06512,5.52906],[-75.06513,5.52908],[-75.06515,5.52909],[-75.06516,5.52909],[-75.06518,5.5291],[-75.0652,5.52911],[-75.06521,5.52912],[-75.06522,5.52912],[-75.06524,5.52913],[-75.06527,5.52914],[-75.06529,5.52915],[-75.06531,5.52915],[-75.06533,5.52916],[-75.06535,5.52916],[-75.06536,5.52917],[-75.06536,5.52919],[-75.06536,5.52921],[-75.06536,5.52924],[-75.06536,5.52926],[-75.06537,5.52928],[-75.06538,5.5293],[-75.06539,5.52931],[-75.0654,5.52931],[-75.06541,5.52931],[-75.06542,5.5293],[-75.06543,5.52929],[-75.06544,5.52927],[-75.06545,5.52927],[-75.06546,5.5293],[-75.06545,5.52932],[-75.06544,5.52934],[-75.06544,5.52937],[-75.06546,5.52939],[-75.06547,5.52939],[-75.06548,5.52939],[-75.0655,5.52939],[-75.06552,5.52939],[-75.06554,5.52939],[-75.06556,5.52939],[-75.06563,5.5294],[-75.06565,5.5294],[-75.06567,5.5294],[-75.06569,5.52939],[-75.0657,5.52939],[-75.06573,5.52939],[-75.06576,5.52938],[-75.06577,5.52938],[-75.06579,5.52938],[-75.06582,5.52938],[-75.06583,5.52939],[-75.06584,5.5294],[-75.06585,5.52942],[-75.06586,5.52945],[-75.06587,5.52946],[-75.06588,5.52947],[-75.0659,5.52946],[-75.06593,5.52946],[-75.06595,5.52945],[-75.06598,5.52944],[-75.06601,5.52945],[-75.06604,5.52946],[-75.06606,5.52948],[-75.06608,5.52949],[-75.06609,5.5295],[-75.06611,5.52952],[-75.06614,5.52954],[-75.06616,5.52955],[-75.06618,5.52956],[-75.0662,5.52956],[-75.06623,5.52956],[-75.06626,5.52957],[-75.06629,5.52957],[-75.06638,5.52966],[-75.0664,5.52967],[-75.06644,5.52968],[-75.06647,5.52968],[-75.06651,5.52968],[-75.06655,5.52967],[-75.06656,5.52966],[-75.06659,5.52965],[-75.06662,5.52964],[-75.06669,5.52961],[-75.06673,5.52959],[-75.06676,5.52957],[-75.06679,5.52954],[-75.06681,5.52952],[-75.06682,5.52951],[-75.06684,5.52949],[-75.06686,5.52947],[-75.06688,5.52944],[-75.06694,5.52943],[-75.06697,5.52942],[-75.06701,5.52941],[-75.06705,5.5294],[-75.06708,5.52939],[-75.06711,5.52938],[-75.06714,5.52938],[-75.06719,5.52939],[-75.06722,5.52939],[-75.06726,5.52938],[-75.06729,5.52937],[-75.06731,5.52936],[-75.06733,5.52935],[-75.06736,5.52933],[-75.06738,5.52932],[-75.0674,5.52931],[-75.06743,5.52931],[-75.06747,5.5293],[-75.06748,5.52931]]],[[[-75.10143,5.5421],[-75.10152,5.5421],[-75.10162,5.54212],[-75.10172,5.54213],[-75.1018,5.54215],[-75.10185,5.54216],[-75.1019,5.54218],[-75.10195,5.5422],[-75.10199,5.54222],[-75.10204,5.54224],[-75.10208,5.54226],[-75.10212,5.54229],[-75.10218,5.54234],[-75.10227,5.54241],[-75.10236,5.54032],[-75.10237,5.54032],[-75.10237,5.54031],[-75.10237,5.54031],[-75.10237,5.54031],[-75.10237,5.5403],[-75.10237,5.5403],[-75.10237,5.54029],[-75.10237,5.54029],[-75.10237,5.54028],[-75.10237,5.54028],[-75.10237,5.54027],[-75.10237,5.54027],[-75.10237,5.54027],[-75.10237,5.54026],[-75.10237,5.54026],[-75.10237,5.54025],[-75.10237,5.54025],[-75.10237,5.54025],[-75.10237,5.54024],[-75.10237,5.54024],[-75.10237,5.54023],[-75.10237,5.54023],[-75.10237,5.54022],[-75.10237,5.54022],[-75.10237,5.54022],[-75.10237,5.54021],[-75.10237,5.54021],[-75.10237,5.5402],[-75.10237,5.5402],[-75.10237,5.54019],[-75.10237,5.54019],[-75.10237,5.54019],[-75.10237,5.54018],[-75.10237,5.54018],[-75.10237,5.54017],[-75.10237,5.54017],[-75.10237,5.54016],[-75.10237,5.54016],[-75.10237,5.54016],[-75.10237,5.54015],[-75.10237,5.54015],[-75.10237,5.54014],[-75.10237,5.54014],[-75.10237,5.54013],[-75.10237,5.54013],[-75.10237,5.54013],[-75.10236,5.54012],[-75.10236,5.54012],[-75.10236,5.54011],[-75.10236,5.54011],[-75.10236,5.5401],[-75.10236,5.5401],[-75.10236,5.5401],[-75.10236,5.5401],[-75.10236,5.54009],[-75.10236,5.54009],[-75.10236,5.54009],[-75.10236,5.54008],[-75.10235,5.54008],[-75.10235,5.54007],[-75.10235,5.54007],[-75.10235,5.54006],[-75.10235,5.54006],[-75.10235,5.54005],[-75.10235,5.54005],[-75.10235,5.54005],[-75.10234,5.54004],[-75.10234,5.54004],[-75.10234,5.54004],[-75.10234,5.54003],[-75.10234,5.54003],[-75.10234,5.54002],[-75.10234,5.54002],[-75.10234,5.54001],[-75.10233,5.54001],[-75.10233,5.54001],[-75.10233,5.54],[-75.10233,5.54],[-75.10233,5.53999],[-75.10232,5.53999],[-75.10232,5.53999],[-75.10232,5.53998],[-75.10232,5.53998],[-75.10232,5.53998],[-75.10232,5.53997],[-75.10232,5.53997],[-75.10231,5.53996],[-75.10231,5.53996],[-75.10231,5.53996],[-75.10231,5.53995],[-75.10231,5.53995],[-75.1023,5.53994],[-75.1023,5.53994],[-75.1023,5.53994],[-75.1023,5.53993],[-75.1023,5.53993],[-75.10229,5.53993],[-75.10229,5.53992],[-75.10229,5.53992],[-75.10229,5.53992],[-75.10228,5.53991],[-75.10228,5.53991],[-75.10228,5.5399],[-75.10228,5.5399],[-75.10227,5.5399],[-75.10227,5.53989],[-75.10227,5.53989],[-75.10227,5.53988],[-75.10226,5.53988],[-75.10226,5.53988],[-75.10226,5.53988],[-75.10226,5.53988],[-75.10226,5.53987],[-75.10226,5.53987],[-75.10225,5.53987],[-75.10225,5.53986],[-75.10225,5.53986],[-75.10224,5.53985],[-75.10224,5.53985],[-75.10224,5.53985],[-75.10224,5.53984],[-75.10223,5.53984],[-75.10223,5.53984],[-75.10223,5.53983],[-75.10222,5.53983],[-75.10222,5.53983],[-75.10222,5.53983],[-75.10222,5.53982],[-75.10221,5.53982],[-75.10221,5.53982],[-75.10221,5.53981],[-75.10221,5.53981],[-75.1022,5.53981],[-75.1022,5.5398],[-75.1022,5.5398],[-75.10219,5.5398],[-75.10219,5.53979],[-75.10219,5.53979],[-75.10218,5.53979],[-75.10218,5.53979],[-75.10218,5.53978],[-75.10218,5.53978],[-75.10217,5.53978],[-75.10217,5.53978],[-75.10216,5.53977],[-75.10216,5.53977],[-75.10216,5.53977],[-75.10215,5.53976],[-75.10215,5.53976],[-75.10215,5.53976],[-75.10214,5.53975],[-75.10214,5.53975],[-75.10214,5.53975],[-75.10214,5.53975],[-75.10213,5.53975],[-75.10213,5.53974],[-75.10213,5.53974],[-75.10212,5.53974],[-75.10212,5.53974],[-75.10211,5.53973],[-75.10211,5.53973],[-75.10211,5.53973],[-75.1021,5.53973],[-75.1021,5.53972],[-75.10209,5.53972],[-75.10209,5.53972],[-75.10209,5.53972],[-75.10208,5.53971],[-75.10208,5.53971],[-75.10208,5.53971],[-75.10208,5.53971],[-75.10207,5.53971],[-75.10207,5.53971],[-75.10207,5.5397],[-75.10206,5.5397],[-75.10206,5.5397],[-75.10205,5.5397],[-75.10205,5.5397],[-75.10205,5.53969],[-75.10204,5.53969],[-75.10204,5.53969],[-75.10203,5.53969],[-75.10203,5.53969],[-75.10203,5.53969],[-75.10203,5.53968],[-75.10202,5.53968],[-75.10202,5.53968],[-75.10201,5.53968],[-75.10201,5.53968],[-75.102,5.53967],[-75.102,5.53967],[-75.102,5.53967],[-75.10199,5.53967],[-75.10199,5.53967],[-75.10198,5.53967],[-75.10198,5.53966],[-75.10197,5.53966],[-75.10197,5.53966],[-75.10196,5.53966],[-75.10195,5.53966],[-75.10194,5.53965],[-75.10193,5.53965],[-75.10192,5.53965],[-75.10192,5.53965],[-75.10191,5.53964],[-75.1019,5.53964],[-75.10189,5.53964],[-75.10188,5.53964],[-75.10188,5.53963],[-75.10187,5.53963],[-75.10187,5.53963],[-75.10187,5.53963],[-75.10186,5.53963],[-75.10185,5.53962],[-75.10184,5.53962],[-75.10183,5.53962],[-75.10183,5.53962],[-75.10182,5.53961],[-75.10181,5.53961],[-75.1018,5.53961],[-75.10179,5.5396],[-75.10179,5.5396],[-75.10178,5.5396],[-75.10177,5.53959],[-75.10177,5.53959],[-75.10176,5.53959],[-75.10175,5.53959],[-75.10175,5.53958],[-75.10174,5.53958],[-75.10173,5.53958],[-75.10172,5.53957],[-75.10171,5.53957],[-75.1017,5.53957],[-75.1017,5.53956],[-75.10169,5.53956],[-75.10168,5.53956],[-75.10167,5.53955],[-75.10167,5.53955],[-75.10167,5.53955],[-75.10166,5.53955],[-75.10165,5.53954],[-75.10164,5.53954],[-75.10163,5.53953],[-75.10163,5.53953],[-75.10162,5.53953],[-75.10161,5.53952],[-75.1016,5.53952],[-75.1016,5.53952],[-75.10159,5.53951],[-75.10158,5.53951],[-75.10157,5.5395],[-75.10157,5.5395],[-75.10157,5.5395],[-75.10157,5.5395],[-75.10156,5.5395],[-75.10155,5.53949],[-75.10154,5.53949],[-75.10153,5.53948],[-75.10153,5.53948],[-75.10152,5.53947],[-75.10151,5.53947],[-75.1015,5.53947],[-75.1015,5.53946],[-75.10149,5.53946],[-75.10148,5.53945],[-75.10147,5.53945],[-75.10147,5.53945],[-75.10147,5.53944],[-75.10146,5.53944],[-75.10145,5.53943],[-75.10145,5.53943],[-75.10144,5.53943],[-75.10144,5.53943],[-75.10143,5.53942],[-75.10142,5.53942],[-75.10142,5.53941],[-75.10142,5.53941],[-75.10141,5.53941],[-75.1014,5.5394],[-75.10139,5.5394],[-75.10139,5.53939],[-75.10138,5.53939],[-75.10138,5.53939],[-75.10137,5.53938],[-75.10137,5.53938],[-75.10136,5.53937],[-75.10135,5.53937],[-75.10135,5.53937],[-75.10134,5.53936],[-75.10134,5.53936],[-75.10133,5.53935],[-75.10133,5.53935],[-75.10132,5.53935],[-75.10132,5.53934],[-75.10131,5.53934],[-75.1013,5.53933],[-75.10129,5.53933],[-75.10129,5.53933],[-75.10129,5.53932],[-75.10128,5.53932],[-75.10127,5.53931],[-75.10127,5.53931],[-75.10126,5.5393],[-75.10126,5.5393],[-75.10125,5.5393],[-75.10125,5.53929],[-75.10124,5.53929],[-75.10124,5.53928],[-75.10123,5.53928],[-75.10123,5.53928],[-75.10122,5.53927],[-75.10122,5.53927],[-75.10121,5.53926],[-75.10121,5.53926],[-75.1012,5.53925],[-75.1012,5.53925],[-75.10119,5.53925],[-75.10119,5.53924],[-75.10118,5.53924],[-75.10118,5.53923],[-75.10117,5.53923],[-75.10117,5.53922],[-75.10116,5.53922],[-75.10116,5.53922],[-75.10115,5.53921],[-75.10115,5.53921],[-75.10114,5.5392],[-75.10113,5.5392],[-75.10113,5.53919],[-75.10112,5.53919],[-75.10112,5.53919],[-75.10112,5.53918],[-75.10111,5.53917],[-75.1011,5.53917],[-75.1011,5.53916],[-75.10109,5.53916],[-75.10109,5.53915],[-75.10108,5.53915],[-75.10108,5.53914],[-75.10107,5.53914],[-75.10107,5.53913],[-75.10106,5.53912],[-75.10105,5.53912],[-75.10105,5.53911],[-75.10104,5.53911],[-75.10104,5.53911],[-75.10104,5.53911],[-75.10104,5.5391],[-75.10103,5.53909],[-75.10102,5.53909],[-75.10102,5.53908],[-75.10101,5.53908],[-75.10101,5.53907],[-75.101,5.53906],[-75.101,5.53906],[-75.10099,5.53905],[-75.10098,5.53904],[-75.10098,5.53904],[-75.10097,5.53903],[-75.10097,5.53903],[-75.10097,5.53902],[-75.10096,5.53902],[-75.10095,5.53901],[-75.10095,5.539],[-75.10094,5.539],[-75.10094,5.53899],[-75.10093,5.53898],[-75.10093,5.53898],[-75.10092,5.53897],[-75.10092,5.53896],[-75.10091,5.53896],[-75.10091,5.53895],[-75.1009,5.53894],[-75.10089,5.53894],[-75.10089,5.53893],[-75.10088,5.53892],[-75.10088,5.53892],[-75.10087,5.53891],[-75.10087,5.5389],[-75.10086,5.53889],[-75.10086,5.53889],[-75.10085,5.53888],[-75.10085,5.53887],[-75.10084,5.53887],[-75.10084,5.53886],[-75.10083,5.53885],[-75.10083,5.53885],[-75.10083,5.53884],[-75.10082,5.53884],[-75.10082,5.53883],[-75.10081,5.53882],[-75.10081,5.53882],[-75.1008,5.53881],[-75.1008,5.5388],[-75.10079,5.5388],[-75.10079,5.53879],[-75.10078,5.53878],[-75.10078,5.53877],[-75.10077,5.53877],[-75.10077,5.53876],[-75.10077,5.53876],[-75.10077,5.53876],[-75.10076,5.53875],[-75.10076,5.53874],[-75.10076,5.53874],[-75.10075,5.53873],[-75.10075,5.53872],[-75.10074,5.53871],[-75.10074,5.53871],[-75.10073,5.5387],[-75.10073,5.53869],[-75.10072,5.53868],[-75.10072,5.53868],[-75.10072,5.53867],[-75.10072,5.53867],[-75.10071,5.53866],[-75.10071,5.53865],[-75.1007,5.53865],[-75.1007,5.53864],[-75.1007,5.53863],[-75.10069,5.53862],[-75.10069,5.53862],[-75.10068,5.53861],[-75.10068,5.5386],[-75.10068,5.53859],[-75.10067,5.53858],[-75.10067,5.53858],[-75.10066,5.53857],[-75.10065,5.53851],[-75.10062,5.53839],[-75.10059,5.53826],[-75.10054,5.53806],[-75.10051,5.53788],[-75.10049,5.53782],[-75.10047,5.53775],[-75.10045,5.53768],[-75.10043,5.53762],[-75.10041,5.53755],[-75.10038,5.53749],[-75.10036,5.53743],[-75.10033,5.53737],[-75.1003,5.53731],[-75.10027,5.53725],[-75.10023,5.5372],[-75.1002,5.53714],[-75.10016,5.53709],[-75.10012,5.53703],[-75.10008,5.53698],[-75.10001,5.5369],[-75.09992,5.53679],[-75.09982,5.53667],[-75.09971,5.53654],[-75.0996,5.5364],[-75.09948,5.53625],[-75.0994,5.53615],[-75.10049,5.53643],[-75.10058,5.53644],[-75.10058,5.53644],[-75.10068,5.53645],[-75.10068,5.53645],[-75.10077,5.53648],[-75.10086,5.5365],[-75.10086,5.5365],[-75.10094,5.53654],[-75.10094,5.53654],[-75.10103,5.53658],[-75.10111,5.53662],[-75.10111,5.53662],[-75.10119,5.53667],[-75.10119,5.53667],[-75.10126,5.53673],[-75.10134,5.53678],[-75.10134,5.53679],[-75.10142,5.53683],[-75.10142,5.53683],[-75.1015,5.53688],[-75.10158,5.53692],[-75.10158,5.53692],[-75.10167,5.53695],[-75.10167,5.53695],[-75.10176,5.53698],[-75.10186,5.53701],[-75.10186,5.53701],[-75.10195,5.53706],[-75.10195,5.53706],[-75.10204,5.5371],[-75.10213,5.53716],[-75.10213,5.53716],[-75.10221,5.53722],[-75.10221,5.53722],[-75.10229,5.53728],[-75.10229,5.53728],[-75.10237,5.53735],[-75.10237,5.53735],[-75.10244,5.53742],[-75.10244,5.53742],[-75.10251,5.5375],[-75.10251,5.5375],[-75.10257,5.53758],[-75.10263,5.53767],[-75.10263,5.53767],[-75.10268,5.53776],[-75.10268,5.53776],[-75.10273,5.53785],[-75.10274,5.53789],[-75.10278,5.53799],[-75.1028,5.53806],[-75.10283,5.53812],[-75.10285,5.53818],[-75.10288,5.53824],[-75.10291,5.53831],[-75.10295,5.53836],[-75.10298,5.53842],[-75.10303,5.53851],[-75.10309,5.53863],[-75.10315,5.53874],[-75.1032,5.53886],[-75.10325,5.53897],[-75.10329,5.53909],[-75.10404,5.53909],[-75.10405,5.53919],[-75.10408,5.5393],[-75.10411,5.5394],[-75.10414,5.5395],[-75.10417,5.53959],[-75.1042,5.53969],[-75.10424,5.53977],[-75.10428,5.53986],[-75.10433,5.53995],[-75.10438,5.54004],[-75.10443,5.54015],[-75.10449,5.54026],[-75.10455,5.54039],[-75.10461,5.54052],[-75.10463,5.54056],[-75.10467,5.54063],[-75.10475,5.54085],[-75.10475,5.54077],[-75.10475,5.5407],[-75.10475,5.54064],[-75.10476,5.54058],[-75.10478,5.54053],[-75.1048,5.54047],[-75.10482,5.54041],[-75.10484,5.54034],[-75.10487,5.54026],[-75.1049,5.54018],[-75.10495,5.54004],[-75.105,5.53989],[-75.10503,5.53978],[-75.10507,5.53967],[-75.1051,5.53956],[-75.10512,5.53945],[-75.10515,5.53934],[-75.10517,5.53923],[-75.10519,5.53911],[-75.10521,5.53899],[-75.10523,5.53888],[-75.10526,5.53876],[-75.10528,5.53868],[-75.10604,5.5387],[-75.10604,5.53871],[-75.10604,5.53872],[-75.10604,5.53873],[-75.10604,5.53874],[-75.10605,5.53875],[-75.10605,5.53876],[-75.10605,5.53877],[-75.10605,5.53878],[-75.10605,5.53878],[-75.10605,5.53879],[-75.10605,5.5388],[-75.10605,5.53881],[-75.10605,5.53882],[-75.10605,5.53883],[-75.10605,5.53884],[-75.10605,5.53885],[-75.10605,5.53886],[-75.10605,5.53886],[-75.10605,5.53887],[-75.10605,5.53888],[-75.10605,5.53889],[-75.10605,5.5389],[-75.10605,5.53891],[-75.10605,5.53892],[-75.10605,5.53893],[-75.10605,5.53894],[-75.10605,5.53895],[-75.10605,5.53895],[-75.10605,5.53896],[-75.10605,5.53897],[-75.10605,5.53898],[-75.10605,5.53899],[-75.10605,5.539],[-75.10605,5.53901],[-75.10605,5.53902],[-75.10605,5.53903],[-75.10605,5.53904],[-75.10605,5.53904],[-75.10605,5.53905],[-75.10605,5.53906],[-75.10604,5.53907],[-75.10604,5.53908],[-75.10604,5.53909],[-75.10604,5.5391],[-75.10604,5.53911],[-75.10604,5.53912],[-75.10604,5.53912],[-75.10604,5.53913],[-75.10604,5.53914],[-75.10604,5.53915],[-75.10604,5.53916],[-75.10603,5.53917],[-75.10603,5.53918],[-75.10603,5.53919],[-75.10603,5.5392],[-75.10603,5.5392],[-75.10603,5.53921],[-75.10603,5.53922],[-75.10603,5.53923],[-75.10603,5.53924],[-75.10602,5.53925],[-75.10602,5.53926],[-75.10602,5.53927],[-75.10602,5.53928],[-75.10602,5.53928],[-75.10602,5.53929],[-75.10601,5.53931],[-75.10601,5.53932],[-75.10601,5.53933],[-75.10601,5.53936],[-75.10601,5.53937],[-75.106,5.53939],[-75.106,5.53941],[-75.106,5.53942],[-75.106,5.53944],[-75.106,5.53946],[-75.10599,5.53946],[-75.10599,5.53946],[-75.10599,5.53947],[-75.10599,5.53949],[-75.10599,5.53951],[-75.10599,5.53952],[-75.10599,5.53954],[-75.10598,5.53955],[-75.10598,5.53957],[-75.10598,5.53959],[-75.10598,5.5396],[-75.10598,5.53962],[-75.10598,5.53964],[-75.10597,5.53965],[-75.10597,5.53967],[-75.10597,5.53969],[-75.10597,5.5397],[-75.10597,5.53972],[-75.10597,5.53974],[-75.10596,5.53975],[-75.10596,5.53977],[-75.10596,5.53979],[-75.10596,5.5398],[-75.10596,5.53982],[-75.10596,5.53983],[-75.10596,5.53983],[-75.10596,5.53984],[-75.10596,5.53985],[-75.10596,5.53987],[-75.10595,5.53989],[-75.10595,5.5399],[-75.10595,5.53992],[-75.10595,5.53994],[-75.10595,5.53995],[-75.10595,5.53997],[-75.10595,5.53999],[-75.10595,5.54],[-75.10595,5.54002],[-75.10594,5.54003],[-75.10594,5.54004],[-75.10594,5.54005],[-75.10594,5.54006],[-75.10594,5.54007],[-75.10594,5.54007],[-75.10594,5.54008],[-75.10594,5.54009],[-75.10594,5.5401],[-75.10594,5.54011],[-75.10594,5.54012],[-75.10594,5.54013],[-75.10594,5.54014],[-75.10594,5.54014],[-75.10594,5.54014],[-75.10594,5.54015],[-75.10594,5.54015],[-75.10594,5.54016],[-75.10594,5.54017],[-75.10593,5.54018],[-75.10593,5.54019],[-75.10593,5.5402],[-75.10593,5.54021],[-75.10593,5.54022],[-75.10593,5.54023],[-75.10593,5.54024],[-75.10593,5.54024],[-75.10593,5.54025],[-75.10593,5.54026],[-75.10593,5.54026],[-75.10593,5.54027],[-75.10593,5.54028],[-75.10593,5.54029],[-75.10593,5.5403],[-75.10593,5.54031],[-75.10593,5.54032],[-75.10593,5.54033],[-75.10593,5.54033],[-75.10594,5.54034],[-75.10594,5.54035],[-75.10594,5.54036],[-75.10594,5.54037],[-75.10594,5.54038],[-75.10594,5.54039],[-75.10594,5.5404],[-75.10594,5.54041],[-75.10594,5.54042],[-75.10594,5.54043],[-75.10898,5.53957],[-75.10934,5.53946],[-75.1094,5.53954],[-75.10943,5.53957],[-75.11007,5.53831],[-75.11029,5.53788],[-75.11035,5.53776],[-75.1105,5.5363],[-75.11046,5.53619],[-75.11039,5.536],[-75.11034,5.53583],[-75.11022,5.53552],[-75.11011,5.53522],[-75.10999,5.53491],[-75.10999,5.5349],[-75.10989,5.53465],[-75.10983,5.53449],[-75.10971,5.53419],[-75.10966,5.53405],[-75.10973,5.53392],[-75.10987,5.53369],[-75.11001,5.53345],[-75.1101,5.53328],[-75.11028,5.53297],[-75.11041,5.53272],[-75.1106,5.53241],[-75.11064,5.53231],[-75.11009,5.5323],[-75.10962,5.5323],[-75.10933,5.53229],[-75.1093,5.53168],[-75.10928,5.53127],[-75.10926,5.53097],[-75.10926,5.53097],[-75.10927,5.53058],[-75.10928,5.53026],[-75.10929,5.53002],[-75.10929,5.52972],[-75.10929,5.52953],[-75.10924,5.52947],[-75.10924,5.52947],[-75.10924,5.52946],[-75.10924,5.52946],[-75.10924,5.52946],[-75.10924,5.52946],[-75.10924,5.52946],[-75.10926,5.52934],[-75.10921,5.52925],[-75.10912,5.52914],[-75.10912,5.52914],[-75.10912,5.52914],[-75.10912,5.52914],[-75.1091,5.52905],[-75.10909,5.52905],[-75.10909,5.52905],[-75.1091,5.52905],[-75.1091,5.52905],[-75.1091,5.52905],[-75.10913,5.52899],[-75.10913,5.52899],[-75.10913,5.52899],[-75.10913,5.52899],[-75.10913,5.52899],[-75.10914,5.52899],[-75.10914,5.52899],[-75.10918,5.52898],[-75.10924,5.52894],[-75.10926,5.52891],[-75.10926,5.52891],[-75.10926,5.52891],[-75.10926,5.52891],[-75.10927,5.52891],[-75.10927,5.52891],[-75.10927,5.52891],[-75.10927,5.52891],[-75.10927,5.52891],[-75.10931,5.52887],[-75.10931,5.52883],[-75.10931,5.52873],[-75.10924,5.52863],[-75.10914,5.52849],[-75.10909,5.52842],[-75.109,5.52828],[-75.10896,5.52824],[-75.10896,5.52824],[-75.10888,5.52822],[-75.10888,5.52822],[-75.10888,5.52822],[-75.10878,5.52818],[-75.10878,5.52818],[-75.10878,5.52818],[-75.10878,5.52818],[-75.10878,5.52818],[-75.10875,5.52814],[-75.10867,5.52809],[-75.10867,5.52809],[-75.10867,5.52809],[-75.10867,5.52809],[-75.10862,5.52802],[-75.10862,5.52802],[-75.10862,5.52802],[-75.10862,5.52802],[-75.10862,5.52802],[-75.10862,5.52802],[-75.10863,5.52794],[-75.10863,5.52794],[-75.10863,5.52794],[-75.10863,5.52793],[-75.10864,5.52791],[-75.10864,5.52791],[-75.10864,5.52791],[-75.10864,5.52791],[-75.10864,5.52791],[-75.10864,5.52791],[-75.10864,5.52791],[-75.10865,5.52791],[-75.10865,5.52791],[-75.10865,5.52791],[-75.10867,5.52785],[-75.10857,5.52772],[-75.10849,5.5276],[-75.1085,5.5276],[-75.10858,5.52754],[-75.10876,5.52739],[-75.10895,5.52724],[-75.10905,5.52715],[-75.10904,5.52713],[-75.10901,5.52708],[-75.10901,5.52708],[-75.109,5.52707],[-75.10899,5.52702],[-75.10898,5.52701],[-75.10898,5.52701],[-75.10898,5.52701],[-75.10895,5.52693],[-75.10895,5.52693],[-75.10893,5.52688],[-75.10893,5.52687],[-75.10893,5.52687],[-75.10892,5.52683],[-75.10888,5.52674],[-75.10888,5.52673],[-75.10888,5.52673],[-75.10888,5.52673],[-75.10888,5.52669],[-75.10886,5.52665],[-75.10883,5.52661],[-75.10882,5.5266],[-75.10881,5.5266],[-75.10881,5.5266],[-75.10881,5.5266],[-75.10881,5.5266],[-75.10871,5.52648],[-75.1087,5.52647],[-75.10868,5.52645],[-75.10868,5.52645],[-75.10868,5.52645],[-75.10864,5.5264],[-75.10864,5.5264],[-75.10864,5.52639],[-75.10864,5.52639],[-75.10864,5.52639],[-75.10864,5.52639],[-75.10864,5.52639],[-75.10864,5.52639],[-75.10867,5.5263],[-75.10866,5.52627],[-75.10862,5.52621],[-75.10852,5.52617],[-75.10852,5.52617],[-75.10844,5.52612],[-75.10844,5.52612],[-75.10844,5.52612],[-75.10844,5.52612],[-75.10844,5.52612],[-75.10844,5.52612],[-75.10844,5.52611],[-75.10844,5.52611],[-75.10844,5.52602],[-75.10844,5.52602],[-75.10844,5.52602],[-75.10845,5.52601],[-75.10845,5.52597],[-75.10844,5.5259],[-75.10841,5.52584],[-75.10836,5.52577],[-75.10836,5.52577],[-75.10836,5.52577],[-75.10836,5.52577],[-75.10836,5.52577],[-75.10836,5.52577],[-75.10836,5.52574],[-75.10835,5.52564],[-75.10833,5.52559],[-75.10833,5.52559],[-75.10833,5.52559],[-75.10833,5.52559],[-75.10835,5.52549],[-75.10835,5.52549],[-75.10836,5.52545],[-75.10836,5.52545],[-75.10836,5.52545],[-75.10838,5.5254],[-75.10839,5.52534],[-75.10839,5.52534],[-75.10835,5.52533],[-75.10833,5.52535],[-75.10833,5.52535],[-75.10833,5.52535],[-75.10833,5.52535],[-75.10832,5.52535],[-75.10832,5.52535],[-75.10821,5.52536],[-75.10821,5.52536],[-75.10821,5.52536],[-75.10821,5.52536],[-75.10816,5.52534],[-75.10816,5.52534],[-75.10816,5.52534],[-75.10816,5.52534],[-75.10816,5.52534],[-75.10816,5.52534],[-75.10816,5.52534],[-75.10815,5.52532],[-75.10815,5.52532],[-75.10815,5.52532],[-75.10815,5.52529],[-75.10812,5.52525],[-75.10812,5.52525],[-75.10812,5.52525],[-75.10808,5.52515],[-75.10802,5.52513],[-75.10802,5.52513],[-75.10802,5.52513],[-75.10798,5.52512],[-75.10798,5.52512],[-75.10798,5.52512],[-75.10788,5.52507],[-75.10776,5.52506],[-75.10776,5.52506],[-75.10776,5.52506],[-75.10776,5.52506],[-75.10776,5.52506],[-75.10767,5.52498],[-75.10767,5.52498],[-75.10766,5.52498],[-75.10766,5.52498],[-75.10761,5.52485],[-75.10756,5.52475],[-75.10756,5.52475],[-75.10751,5.52463],[-75.10751,5.52463],[-75.10751,5.52463],[-75.10748,5.52449],[-75.10748,5.52449],[-75.10748,5.52439],[-75.10748,5.52439],[-75.10748,5.52439],[-75.10749,5.52426],[-75.10749,5.52426],[-75.10749,5.52426],[-75.1075,5.52425],[-75.1075,5.52425],[-75.10756,5.52419],[-75.10759,5.52415],[-75.10757,5.52414],[-75.10751,5.52414],[-75.10749,5.52416],[-75.10741,5.52422],[-75.1074,5.52422],[-75.1074,5.52422],[-75.1074,5.52422],[-75.10734,5.52423],[-75.10734,5.52423],[-75.10734,5.52423],[-75.10734,5.52423],[-75.10734,5.52423],[-75.10734,5.52423],[-75.10729,5.52421],[-75.10729,5.52421],[-75.10729,5.52421],[-75.10724,5.52417],[-75.10719,5.52414],[-75.10719,5.52414],[-75.10714,5.52411],[-75.10711,5.52412],[-75.10709,5.52415],[-75.10709,5.52415],[-75.10709,5.52415],[-75.10706,5.52418],[-75.10706,5.52418],[-75.10706,5.52418],[-75.10706,5.52418],[-75.10706,5.52418],[-75.10706,5.52418],[-75.10706,5.52418],[-75.10702,5.52418],[-75.10695,5.52417],[-75.10688,5.52419],[-75.10688,5.52419],[-75.10688,5.52419],[-75.10674,5.52418],[-75.1067,5.52419],[-75.10667,5.52422],[-75.10667,5.52423],[-75.10667,5.52423],[-75.10667,5.52423],[-75.1066,5.52426],[-75.1066,5.52426],[-75.1066,5.52426],[-75.1066,5.52426],[-75.1066,5.52426],[-75.10654,5.52426],[-75.10645,5.5243],[-75.10643,5.52431],[-75.10644,5.52432],[-75.10644,5.52432],[-75.10644,5.52432],[-75.10644,5.52432],[-75.10644,5.52433],[-75.10643,5.52433],[-75.10643,5.52433],[-75.10639,5.52437],[-75.10639,5.52437],[-75.10639,5.52437],[-75.10634,5.52441],[-75.10632,5.52445],[-75.10631,5.52445],[-75.10631,5.52445],[-75.10631,5.52445],[-75.10631,5.52445],[-75.10631,5.52445],[-75.10625,5.52447],[-75.1062,5.5245],[-75.10617,5.52453],[-75.10615,5.52455],[-75.10615,5.52455],[-75.10615,5.52455],[-75.10615,5.52455],[-75.10602,5.52463],[-75.10599,5.52465],[-75.10599,5.52465],[-75.10599,5.52465],[-75.10599,5.52466],[-75.10599,5.52466],[-75.10593,5.52467],[-75.10585,5.52473],[-75.1058,5.52477],[-75.1058,5.52477],[-75.1058,5.52477],[-75.10569,5.52485],[-75.10569,5.52485],[-75.10569,5.52486],[-75.10569,5.52486],[-75.1056,5.52487],[-75.1056,5.52487],[-75.1056,5.52487],[-75.1056,5.52487],[-75.10555,5.52486],[-75.10555,5.52486],[-75.10555,5.52486],[-75.10551,5.52485],[-75.10551,5.52485],[-75.10551,5.52485],[-75.1055,5.52485],[-75.10544,5.52477],[-75.10544,5.52477],[-75.10544,5.52477],[-75.10544,5.52477],[-75.10544,5.52476],[-75.10543,5.5247],[-75.1054,5.52463],[-75.10537,5.52456],[-75.10537,5.52456],[-75.10534,5.52449],[-75.10529,5.52446],[-75.10522,5.52444],[-75.10522,5.52443],[-75.10521,5.52443],[-75.10521,5.52443],[-75.10521,5.52443],[-75.10517,5.52438],[-75.10509,5.52436],[-75.10509,5.52436],[-75.10509,5.52436],[-75.10509,5.52436],[-75.10508,5.52436],[-75.10508,5.52435],[-75.10506,5.52437],[-75.10506,5.52437],[-75.10505,5.52437],[-75.10498,5.52441],[-75.1049,5.52449],[-75.1049,5.52449],[-75.10489,5.52449],[-75.10489,5.52449],[-75.10489,5.52449],[-75.10489,5.52449],[-75.10477,5.52449],[-75.10469,5.52452],[-75.10469,5.52452],[-75.10469,5.52452],[-75.1046,5.52453],[-75.10455,5.52457],[-75.10452,5.52464],[-75.10452,5.52464],[-75.10452,5.52464],[-75.10452,5.52464],[-75.10452,5.52465],[-75.10452,5.52465],[-75.10451,5.52465],[-75.10451,5.52465],[-75.10451,5.52465],[-75.10445,5.52464],[-75.10427,5.52471],[-75.10422,5.52481],[-75.10422,5.52481],[-75.10422,5.52481],[-75.10422,5.52482],[-75.10421,5.52482],[-75.10414,5.52486],[-75.10414,5.52486],[-75.10413,5.52486],[-75.10413,5.52486],[-75.10413,5.52486],[-75.10413,5.52486],[-75.10405,5.52483],[-75.10405,5.52483],[-75.10397,5.52481],[-75.10397,5.52481],[-75.10397,5.52481],[-75.10395,5.52479],[-75.10394,5.52479],[-75.10394,5.52479],[-75.10394,5.52479],[-75.10394,5.52479],[-75.10394,5.52479],[-75.10394,5.52479],[-75.10394,5.52479],[-75.10395,5.52472],[-75.10395,5.52472],[-75.10395,5.52472],[-75.10395,5.52472],[-75.10397,5.52468],[-75.10397,5.52467],[-75.10397,5.52467],[-75.10404,5.52458],[-75.10406,5.5245],[-75.10401,5.52434],[-75.10401,5.52434],[-75.10401,5.52434],[-75.10401,5.52433],[-75.10401,5.52433],[-75.10401,5.52433],[-75.10401,5.52433],[-75.10408,5.52424],[-75.10408,5.52424],[-75.10408,5.52424],[-75.10414,5.52419],[-75.1041,5.5241],[-75.10399,5.52403],[-75.10399,5.52403],[-75.10399,5.52403],[-75.10399,5.52403],[-75.10399,5.52403],[-75.10394,5.52392],[-75.10393,5.52392],[-75.10393,5.52392],[-75.10391,5.52383],[-75.10391,5.52383],[-75.10391,5.52383],[-75.10391,5.52383],[-75.10391,5.52383],[-75.10391,5.52383],[-75.10396,5.52371],[-75.10396,5.52371],[-75.10396,5.52371],[-75.10396,5.52371],[-75.10397,5.52371],[-75.10404,5.52366],[-75.10402,5.52359],[-75.10397,5.52353],[-75.10389,5.52349],[-75.10379,5.52344],[-75.10379,5.52344],[-75.10379,5.52344],[-75.1037,5.52337],[-75.10364,5.52336],[-75.10359,5.52335],[-75.10353,5.52337],[-75.10353,5.52337],[-75.10353,5.52337],[-75.10352,5.52337],[-75.10352,5.52337],[-75.10352,5.52337],[-75.10344,5.52333],[-75.10344,5.52333],[-75.10344,5.52333],[-75.10343,5.52333],[-75.10343,5.52333],[-75.10343,5.52333],[-75.10343,5.52333],[-75.10343,5.52333],[-75.10342,5.52322],[-75.10339,5.52314],[-75.10338,5.52312],[-75.10338,5.52312],[-75.10337,5.52312],[-75.10336,5.52306],[-75.10331,5.52305],[-75.10331,5.52305],[-75.10331,5.52305],[-75.10317,5.523],[-75.10309,5.52299],[-75.10302,5.523],[-75.10302,5.523],[-75.10302,5.523],[-75.10302,5.52299],[-75.10302,5.52299],[-75.10302,5.52299],[-75.10302,5.52299],[-75.10296,5.52293],[-75.10287,5.52286],[-75.10287,5.52286],[-75.10287,5.52286],[-75.10287,5.52286],[-75.10287,5.52286],[-75.10286,5.52282],[-75.10284,5.5228],[-75.10284,5.5228],[-75.10278,5.52275],[-75.10278,5.52275],[-75.10278,5.52275],[-75.10272,5.52263],[-75.1027,5.52261],[-75.1027,5.52261],[-75.1027,5.52261],[-75.10269,5.52257],[-75.10268,5.52256],[-75.10268,5.52256],[-75.10268,5.52256],[-75.10267,5.52253],[-75.10267,5.52253],[-75.10267,5.52252],[-75.10267,5.52252],[-75.10267,5.52252],[-75.10271,5.52242],[-75.10271,5.52242],[-75.10271,5.52242],[-75.10272,5.52239],[-75.10272,5.52239],[-75.10272,5.52239],[-75.10275,5.52233],[-75.10281,5.52224],[-75.10283,5.52216],[-75.10283,5.52216],[-75.10283,5.52216],[-75.10284,5.52216],[-75.10286,5.52214],[-75.10286,5.52214],[-75.10286,5.52214],[-75.10286,5.52214],[-75.10286,5.52214],[-75.10286,5.52214],[-75.1029,5.52214],[-75.10298,5.52212],[-75.10306,5.52208],[-75.1031,5.52199],[-75.10315,5.52189],[-75.10321,5.52174],[-75.10326,5.52159],[-75.10322,5.52145],[-75.10322,5.52144],[-75.10322,5.52144],[-75.10322,5.52131],[-75.10322,5.52131],[-75.10322,5.52131],[-75.10326,5.52117],[-75.10327,5.52102],[-75.10327,5.52102],[-75.10327,5.52102],[-75.10328,5.52092],[-75.10323,5.52078],[-75.10323,5.52078],[-75.10323,5.52078],[-75.10323,5.52061],[-75.10323,5.52061],[-75.10323,5.52061],[-75.10326,5.52048],[-75.10326,5.52048],[-75.10326,5.52048],[-75.10327,5.52048],[-75.10327,5.52048],[-75.10327,5.52048],[-75.10339,5.52039],[-75.10339,5.52039],[-75.10339,5.52039],[-75.10339,5.52039],[-75.10346,5.52038],[-75.10347,5.52038],[-75.10347,5.52038],[-75.10347,5.52038],[-75.10347,5.52038],[-75.10349,5.52039],[-75.10352,5.52036],[-75.1035,5.52026],[-75.10345,5.52016],[-75.10345,5.52016],[-75.10345,5.52016],[-75.10345,5.52006],[-75.10343,5.51996],[-75.10341,5.51983],[-75.10341,5.51983],[-75.10341,5.51983],[-75.10341,5.51983],[-75.10344,5.51969],[-75.10344,5.51969],[-75.10347,5.51957],[-75.10346,5.51951],[-75.10342,5.51938],[-75.10335,5.51929],[-75.10334,5.51929],[-75.10334,5.51929],[-75.10329,5.51921],[-75.10325,5.51919],[-75.10325,5.51919],[-75.10313,5.51912],[-75.10313,5.51912],[-75.10313,5.51912],[-75.10313,5.51912],[-75.10313,5.51912],[-75.10313,5.51911],[-75.1031,5.51899],[-75.1031,5.51899],[-75.1031,5.51899],[-75.1031,5.51898],[-75.1031,5.51898],[-75.10313,5.51888],[-75.10316,5.51874],[-75.10316,5.51863],[-75.10316,5.51863],[-75.10316,5.51863],[-75.10318,5.51852],[-75.10319,5.51845],[-75.10319,5.51845],[-75.1032,5.5184],[-75.10317,5.51832],[-75.10317,5.51832],[-75.10314,5.51823],[-75.10314,5.51822],[-75.10314,5.51822],[-75.10314,5.51806],[-75.10314,5.51802],[-75.10314,5.51797],[-75.10314,5.51797],[-75.10314,5.51796],[-75.10314,5.51796],[-75.10314,5.51796],[-75.10323,5.51785],[-75.10322,5.51775],[-75.10322,5.51775],[-75.10322,5.51775],[-75.10323,5.51762],[-75.10319,5.51755],[-75.10319,5.51755],[-75.10319,5.51755],[-75.10319,5.51755],[-75.10319,5.51754],[-75.10319,5.51753],[-75.10319,5.51753],[-75.10319,5.51753],[-75.10319,5.51753],[-75.10319,5.51753],[-75.10319,5.51753],[-75.10319,5.51752],[-75.10319,5.51752],[-75.10319,5.51752],[-75.10319,5.51752],[-75.10318,5.51744],[-75.10316,5.51732],[-75.1031,5.51718],[-75.10309,5.51718],[-75.10309,5.51718],[-75.10309,5.51717],[-75.1031,5.51717],[-75.1031,5.51717],[-75.10313,5.51709],[-75.10313,5.51699],[-75.10308,5.51682],[-75.10308,5.51682],[-75.10308,5.51682],[-75.10308,5.51681],[-75.10309,5.51673],[-75.10307,5.51664],[-75.10298,5.51647],[-75.10298,5.51647],[-75.10298,5.51647],[-75.10289,5.51618],[-75.10287,5.51616],[-75.10274,5.51601],[-75.10267,5.51592],[-75.10266,5.51593],[-75.10266,5.51593],[-75.10258,5.51601],[-75.10255,5.51604],[-75.10255,5.51604],[-75.10255,5.51604],[-75.10245,5.51612],[-75.10245,5.51612],[-75.10245,5.51612],[-75.10245,5.51612],[-75.10245,5.51612],[-75.10245,5.51612],[-75.10245,5.51612],[-75.10245,5.51612],[-75.10244,5.51612],[-75.10244,5.51612],[-75.10242,5.51609],[-75.10242,5.51609],[-75.10241,5.51609],[-75.10241,5.51609],[-75.10241,5.51609],[-75.1024,5.51604],[-75.1024,5.51604],[-75.1024,5.51604],[-75.1024,5.51601],[-75.10239,5.51591],[-75.10227,5.51581],[-75.10219,5.51581],[-75.10219,5.51581],[-75.10218,5.51581],[-75.10218,5.51581],[-75.10218,5.51581],[-75.10218,5.51581],[-75.10218,5.5158],[-75.10218,5.5158],[-75.10218,5.5158],[-75.10218,5.5158],[-75.10218,5.5158],[-75.10221,5.51561],[-75.10211,5.51537],[-75.10207,5.51527],[-75.10207,5.51527],[-75.10207,5.51527],[-75.10202,5.51508],[-75.10202,5.51508],[-75.10198,5.51487],[-75.10192,5.51465],[-75.10192,5.51464],[-75.10192,5.51464],[-75.10192,5.51464],[-75.10193,5.51456],[-75.10193,5.51456],[-75.10196,5.51442],[-75.10196,5.51433],[-75.10192,5.51412],[-75.10179,5.51395],[-75.10179,5.51395],[-75.10177,5.51392],[-75.10176,5.51389],[-75.10168,5.51375],[-75.10153,5.5135],[-75.10152,5.5135],[-75.10152,5.51349],[-75.10152,5.51349],[-75.10152,5.51349],[-75.10152,5.51349],[-75.10152,5.51349],[-75.10158,5.51338],[-75.10165,5.51317],[-75.10173,5.51292],[-75.10173,5.51292],[-75.10173,5.51292],[-75.10173,5.51292],[-75.10189,5.51276],[-75.1019,5.51266],[-75.1019,5.51266],[-75.1019,5.51266],[-75.1019,5.51265],[-75.10186,5.51264],[-75.10178,5.51265],[-75.10173,5.51265],[-75.10173,5.51265],[-75.10173,5.51265],[-75.10173,5.51265],[-75.10173,5.51265],[-75.10172,5.51265],[-75.1017,5.51263],[-75.10162,5.51262],[-75.10161,5.51262],[-75.10161,5.51262],[-75.10161,5.51262],[-75.10161,5.51262],[-75.10161,5.51262],[-75.10156,5.51257],[-75.10156,5.51256],[-75.10156,5.51256],[-75.10156,5.51256],[-75.10156,5.51256],[-75.10155,5.51249],[-75.10155,5.51249],[-75.10155,5.51249],[-75.10156,5.51244],[-75.10156,5.51244],[-75.10156,5.51244],[-75.10156,5.51243],[-75.10156,5.51243],[-75.10156,5.51243],[-75.10156,5.51243],[-75.10156,5.51243],[-75.1016,5.51242],[-75.10167,5.51238],[-75.10169,5.51236],[-75.1017,5.5123],[-75.10163,5.51227],[-75.10162,5.51227],[-75.10162,5.51227],[-75.10162,5.51227],[-75.10156,5.51221],[-75.10147,5.51219],[-75.1014,5.51222],[-75.1014,5.51222],[-75.1014,5.51222],[-75.1014,5.51222],[-75.10136,5.51222],[-75.10121,5.51224],[-75.10121,5.51224],[-75.10121,5.51224],[-75.10107,5.51221],[-75.10107,5.51221],[-75.10102,5.5122],[-75.10099,5.51223],[-75.10097,5.51229],[-75.10097,5.51229],[-75.10097,5.51229],[-75.10094,5.51234],[-75.10094,5.51236],[-75.10093,5.51242],[-75.10093,5.51242],[-75.10093,5.51248],[-75.10093,5.51248],[-75.10093,5.51248],[-75.10093,5.51248],[-75.10087,5.5126],[-75.10087,5.51261],[-75.10087,5.51261],[-75.10087,5.51261],[-75.1007,5.51272],[-75.10061,5.5128],[-75.10055,5.51286],[-75.10055,5.51286],[-75.10055,5.51286],[-75.10049,5.5129],[-75.10043,5.51293],[-75.10043,5.51293],[-75.10043,5.51293],[-75.10036,5.51296],[-75.10027,5.51301],[-75.10018,5.51307],[-75.10017,5.51309],[-75.10017,5.51309],[-75.10017,5.51309],[-75.10013,5.51317],[-75.10012,5.51321],[-75.1001,5.51332],[-75.1001,5.51332],[-75.1001,5.51332],[-75.1001,5.51332],[-75.1001,5.51332],[-75.1001,5.51332],[-75.09999,5.51341],[-75.09999,5.51341],[-75.09999,5.51341],[-75.09994,5.51344],[-75.09983,5.51351],[-75.09983,5.51351],[-75.09983,5.51351],[-75.09977,5.51355],[-75.09977,5.51363],[-75.09978,5.51369],[-75.09978,5.51369],[-75.09978,5.51369],[-75.09978,5.51372],[-75.09978,5.51375],[-75.09978,5.51375],[-75.09978,5.51375],[-75.09978,5.51385],[-75.09978,5.51386],[-75.09978,5.51386],[-75.09978,5.51386],[-75.09978,5.51386],[-75.09978,5.51386],[-75.09978,5.51386],[-75.09974,5.51389],[-75.0997,5.51392],[-75.09969,5.51392],[-75.09969,5.51392],[-75.09969,5.51392],[-75.09969,5.51392],[-75.09966,5.51392],[-75.09962,5.51393],[-75.09957,5.51397],[-75.09957,5.51397],[-75.09957,5.51397],[-75.09954,5.51398],[-75.09954,5.51398],[-75.09954,5.51398],[-75.09948,5.514],[-75.09948,5.514],[-75.09948,5.514],[-75.09948,5.514],[-75.09948,5.514],[-75.09941,5.51399],[-75.09941,5.51399],[-75.0994,5.51399],[-75.0994,5.51399],[-75.09936,5.51395],[-75.09936,5.51395],[-75.09936,5.51395],[-75.09935,5.51393],[-75.09935,5.51393],[-75.09935,5.51392],[-75.09935,5.51392],[-75.09934,5.5139],[-75.09934,5.5139],[-75.09935,5.5139],[-75.09935,5.51389],[-75.09935,5.51389],[-75.09935,5.51389],[-75.09935,5.51389],[-75.09935,5.51389],[-75.09936,5.51388],[-75.09936,5.51388],[-75.09934,5.5138],[-75.09927,5.5137],[-75.09927,5.5137],[-75.09926,5.51369],[-75.09926,5.51369],[-75.09926,5.51369],[-75.09926,5.51362],[-75.09923,5.51358],[-75.09923,5.51358],[-75.09923,5.51358],[-75.09923,5.51357],[-75.09923,5.51357],[-75.09923,5.51357],[-75.09924,5.51345],[-75.09924,5.51345],[-75.09924,5.51345],[-75.09927,5.51334],[-75.09931,5.51314],[-75.09928,5.51305],[-75.09928,5.51305],[-75.09928,5.51305],[-75.09928,5.51305],[-75.09928,5.51305],[-75.09928,5.51305],[-75.09952,5.51253],[-75.09948,5.51253],[-75.09943,5.51254],[-75.09943,5.51254],[-75.09943,5.51254],[-75.09936,5.51253],[-75.09931,5.51256],[-75.09926,5.51265],[-75.09921,5.51279],[-75.09921,5.51279],[-75.09921,5.51279],[-75.09921,5.5128],[-75.0992,5.5128],[-75.0992,5.5128],[-75.09907,5.51295],[-75.09907,5.51295],[-75.09907,5.51295],[-75.09907,5.51295],[-75.09907,5.51295],[-75.09896,5.51298],[-75.09893,5.5131],[-75.09898,5.51323],[-75.09898,5.51323],[-75.09898,5.51323],[-75.09898,5.51324],[-75.09898,5.51324],[-75.09895,5.51336],[-75.09895,5.51336],[-75.09895,5.51336],[-75.09891,5.51343],[-75.09891,5.51343],[-75.0989,5.51343],[-75.0989,5.51343],[-75.09887,5.51345],[-75.09887,5.51345],[-75.09887,5.51345],[-75.09887,5.51345],[-75.09885,5.51346],[-75.09885,5.51346],[-75.09884,5.51346],[-75.09884,5.51346],[-75.09884,5.51346],[-75.09884,5.51346],[-75.09884,5.51346],[-75.09876,5.51346],[-75.09863,5.51347],[-75.09863,5.51347],[-75.09863,5.51347],[-75.09857,5.51347],[-75.0985,5.51348],[-75.09838,5.51355],[-75.09831,5.51365],[-75.0983,5.5137],[-75.09836,5.51377],[-75.09839,5.51379],[-75.09847,5.5138],[-75.09847,5.5138],[-75.09847,5.5138],[-75.09847,5.5138],[-75.09847,5.5138],[-75.09847,5.5138],[-75.09847,5.5138],[-75.09847,5.51381],[-75.09848,5.51381],[-75.09848,5.51381],[-75.09847,5.51381],[-75.09847,5.51381],[-75.09843,5.51391],[-75.09843,5.51391],[-75.09839,5.51398],[-75.09841,5.51407],[-75.09857,5.5142],[-75.09857,5.5142],[-75.09857,5.51421],[-75.09858,5.51421],[-75.09858,5.51421],[-75.09858,5.51423],[-75.09858,5.51423],[-75.09858,5.51423],[-75.09859,5.51428],[-75.09863,5.51436],[-75.09863,5.51436],[-75.09863,5.51436],[-75.09863,5.51437],[-75.09863,5.51437],[-75.09863,5.51437],[-75.09863,5.51437],[-75.09851,5.51454],[-75.09852,5.51457],[-75.09852,5.51457],[-75.09852,5.51457],[-75.09853,5.51477],[-75.09853,5.51477],[-75.09853,5.51477],[-75.09853,5.51487],[-75.09853,5.51487],[-75.09853,5.51487],[-75.09853,5.51487],[-75.09849,5.51493],[-75.09849,5.51493],[-75.09849,5.51493],[-75.09847,5.51497],[-75.09847,5.51497],[-75.09847,5.51497],[-75.0984,5.51502],[-75.0984,5.51503],[-75.0984,5.51503],[-75.0984,5.51503],[-75.0984,5.51503],[-75.09834,5.51504],[-75.09834,5.51504],[-75.09834,5.51504],[-75.09827,5.51503],[-75.09826,5.51505],[-75.09816,5.51517],[-75.09815,5.51534],[-75.09815,5.51534],[-75.09815,5.51534],[-75.09812,5.51545],[-75.09817,5.51563],[-75.0982,5.51573],[-75.0982,5.51573],[-75.0982,5.51574],[-75.0982,5.51574],[-75.09816,5.51593],[-75.09815,5.51605],[-75.09815,5.51605],[-75.09815,5.51605],[-75.09814,5.51609],[-75.09814,5.51609],[-75.09814,5.51609],[-75.09814,5.51609],[-75.09813,5.51609],[-75.09813,5.51609],[-75.09803,5.51613],[-75.09803,5.51613],[-75.09803,5.51613],[-75.09775,5.51616],[-75.09775,5.51616],[-75.09774,5.51616],[-75.09774,5.51616],[-75.09768,5.51614],[-75.09768,5.51614],[-75.09768,5.51614],[-75.09767,5.51614],[-75.09767,5.51613],[-75.09761,5.51605],[-75.09759,5.51602],[-75.09756,5.516],[-75.09745,5.51593],[-75.09745,5.51593],[-75.09745,5.51593],[-75.09745,5.51593],[-75.0974,5.51585],[-75.0974,5.51585],[-75.0974,5.51585],[-75.09735,5.5157],[-75.0972,5.51565],[-75.09716,5.51566],[-75.09708,5.5157],[-75.09699,5.51585],[-75.09691,5.51602],[-75.09691,5.51602],[-75.09688,5.51606],[-75.09688,5.51606],[-75.09688,5.51606],[-75.09688,5.51606],[-75.09682,5.5161],[-75.09678,5.5162],[-75.09678,5.5162],[-75.09678,5.5162],[-75.09678,5.5162],[-75.09676,5.51622],[-75.09675,5.51625],[-75.09675,5.51636],[-75.09675,5.51636],[-75.09675,5.51636],[-75.09675,5.51636],[-75.09675,5.51637],[-75.09675,5.51637],[-75.09666,5.51645],[-75.09658,5.51663],[-75.09658,5.51663],[-75.09658,5.51663],[-75.09658,5.51664],[-75.09657,5.51666],[-75.09657,5.51666],[-75.09657,5.51666],[-75.09654,5.5167],[-75.09652,5.51679],[-75.09653,5.5169],[-75.09653,5.5169],[-75.09653,5.5169],[-75.09653,5.51691],[-75.09653,5.51691],[-75.09653,5.51691],[-75.09652,5.51691],[-75.09652,5.51691],[-75.09652,5.51691],[-75.09652,5.51691],[-75.09647,5.51692],[-75.09648,5.51715],[-75.09648,5.51716],[-75.09648,5.51716],[-75.09647,5.51724],[-75.09646,5.51724],[-75.09646,5.51724],[-75.09646,5.51724],[-75.09646,5.51724],[-75.09646,5.51724],[-75.09642,5.51727],[-75.09642,5.51727],[-75.09637,5.51731],[-75.09637,5.51733],[-75.09636,5.51773],[-75.09636,5.51773],[-75.09636,5.51773],[-75.09637,5.51773],[-75.09637,5.51773],[-75.09637,5.51773],[-75.09637,5.51773],[-75.09637,5.51773],[-75.09637,5.51774],[-75.09637,5.51774],[-75.09637,5.51774],[-75.09637,5.51774],[-75.09635,5.51779],[-75.09635,5.51779],[-75.09635,5.51779],[-75.09635,5.51779],[-75.09635,5.51779],[-75.09634,5.51779],[-75.09634,5.51779],[-75.09634,5.51779],[-75.09634,5.51779],[-75.09634,5.51779],[-75.09634,5.51779],[-75.09634,5.51779],[-75.09631,5.51783],[-75.09631,5.51783],[-75.0963,5.51784],[-75.09623,5.51791],[-75.0962,5.51803],[-75.09619,5.51809],[-75.09619,5.51809],[-75.09616,5.51817],[-75.09615,5.51817],[-75.09615,5.51817],[-75.09615,5.51817],[-75.09615,5.51818],[-75.09614,5.51818],[-75.09607,5.51829],[-75.09599,5.5185],[-75.09599,5.5185],[-75.09599,5.5185],[-75.09599,5.5185],[-75.09581,5.51871],[-75.09581,5.51871],[-75.09581,5.51871],[-75.09573,5.5188],[-75.09573,5.51897],[-75.09573,5.51898],[-75.09573,5.51898],[-75.09573,5.51898],[-75.09573,5.51898],[-75.09572,5.51898],[-75.09572,5.51898],[-75.09569,5.519],[-75.09569,5.51905],[-75.09569,5.51905],[-75.09569,5.51905],[-75.09569,5.51905],[-75.09569,5.51905],[-75.09569,5.51905],[-75.09569,5.51905],[-75.09569,5.51906],[-75.09569,5.51906],[-75.09568,5.51906],[-75.09568,5.51906],[-75.09566,5.51905],[-75.0956,5.51922],[-75.0956,5.51922],[-75.0956,5.51922],[-75.0956,5.51923],[-75.09559,5.51923],[-75.09559,5.51923],[-75.09559,5.51923],[-75.09547,5.51926],[-75.09541,5.51931],[-75.09532,5.51948],[-75.09532,5.51948],[-75.09532,5.51948],[-75.09528,5.51954],[-75.09528,5.51955],[-75.09528,5.51955],[-75.09528,5.51955],[-75.09524,5.51958],[-75.09516,5.51968],[-75.09516,5.51969],[-75.09516,5.51969],[-75.09516,5.51969],[-75.09516,5.51969],[-75.09516,5.51969],[-75.09516,5.51969],[-75.09516,5.51969],[-75.09515,5.51969],[-75.09508,5.51966],[-75.09506,5.51968],[-75.09505,5.51968],[-75.09505,5.51968],[-75.09505,5.51968],[-75.09505,5.51968],[-75.09505,5.51968],[-75.09505,5.51968],[-75.09505,5.51968],[-75.09505,5.51968],[-75.09504,5.51968],[-75.09499,5.51964],[-75.09499,5.51964],[-75.09499,5.51963],[-75.09499,5.51963],[-75.09498,5.51963],[-75.09492,5.51947],[-75.09488,5.51936],[-75.09483,5.51929],[-75.09476,5.51935],[-75.09464,5.51953],[-75.09457,5.51966],[-75.09457,5.51966],[-75.09457,5.51967],[-75.09457,5.51967],[-75.09457,5.51967],[-75.09457,5.51967],[-75.09451,5.51969],[-75.09444,5.51979],[-75.09444,5.51979],[-75.09444,5.51979],[-75.09443,5.51979],[-75.09443,5.51979],[-75.09443,5.51979],[-75.09443,5.51979],[-75.09426,5.51979],[-75.09415,5.51982],[-75.09415,5.51982],[-75.09415,5.51982],[-75.09415,5.51982],[-75.09414,5.51982],[-75.09401,5.51979],[-75.09386,5.51981],[-75.09382,5.51982],[-75.09376,5.51983],[-75.09369,5.51986],[-75.09366,5.51988],[-75.0936,5.51995],[-75.09358,5.52002],[-75.09358,5.52002],[-75.09358,5.52002],[-75.09343,5.52022],[-75.09341,5.52029],[-75.09341,5.52029],[-75.09341,5.52029],[-75.0934,5.52029],[-75.0934,5.52029],[-75.0934,5.52029],[-75.0933,5.52035],[-75.09319,5.52052],[-75.0932,5.52053],[-75.09326,5.52065],[-75.09326,5.52065],[-75.09326,5.52065],[-75.09326,5.52065],[-75.09326,5.52075],[-75.09326,5.52075],[-75.09326,5.52075],[-75.09325,5.52078],[-75.09325,5.52078],[-75.09325,5.52078],[-75.09323,5.52084],[-75.09321,5.52088],[-75.09318,5.52101],[-75.09318,5.52101],[-75.09318,5.52101],[-75.09318,5.52101],[-75.09318,5.52101],[-75.09318,5.52101],[-75.09317,5.52101],[-75.09317,5.52109],[-75.09321,5.52112],[-75.09321,5.52112],[-75.09321,5.52112],[-75.09321,5.52113],[-75.09321,5.52113],[-75.09322,5.52116],[-75.09322,5.52116],[-75.09322,5.52116],[-75.09322,5.5212],[-75.09322,5.5212],[-75.09322,5.5212],[-75.09322,5.5212],[-75.09322,5.5212],[-75.09321,5.5212],[-75.09321,5.52121],[-75.09321,5.52121],[-75.09321,5.52121],[-75.09304,5.52123],[-75.09304,5.52123],[-75.09304,5.52123],[-75.09303,5.52123],[-75.09291,5.52126],[-75.09291,5.52126],[-75.0929,5.52126],[-75.09281,5.52127],[-75.09281,5.52127],[-75.09281,5.52127],[-75.09268,5.52129],[-75.09265,5.52129],[-75.09255,5.52131],[-75.09246,5.52132],[-75.09244,5.52135],[-75.09244,5.52135],[-75.09244,5.52135],[-75.09241,5.52139],[-75.09241,5.52139],[-75.09241,5.52139],[-75.0923,5.52146],[-75.09226,5.52152],[-75.09224,5.52154],[-75.09223,5.52163],[-75.09223,5.52172],[-75.09226,5.52181],[-75.09226,5.52181],[-75.09226,5.52181],[-75.09228,5.52188],[-75.09228,5.52188],[-75.09228,5.52188],[-75.09228,5.52188],[-75.09227,5.52188],[-75.09227,5.52188],[-75.09222,5.52198],[-75.09221,5.52199],[-75.0922,5.52201],[-75.0922,5.52211],[-75.0922,5.52211],[-75.0922,5.52211],[-75.0922,5.52211],[-75.0922,5.52211],[-75.09215,5.52218],[-75.09215,5.52218],[-75.09215,5.52218],[-75.09206,5.52225],[-75.09201,5.5223],[-75.092,5.52231],[-75.09198,5.52234],[-75.09198,5.52234],[-75.09198,5.52234],[-75.0919,5.52242],[-75.0919,5.52242],[-75.09178,5.52254],[-75.09169,5.52264],[-75.09169,5.52264],[-75.09168,5.52264],[-75.09159,5.52269],[-75.09154,5.52276],[-75.09154,5.52276],[-75.09153,5.52276],[-75.09143,5.52284],[-75.09143,5.52284],[-75.09143,5.52284],[-75.09136,5.52288],[-75.09128,5.52296],[-75.09128,5.52296],[-75.09128,5.52296],[-75.0912,5.52301],[-75.0912,5.52302],[-75.0912,5.52302],[-75.09119,5.52302],[-75.0911,5.52312],[-75.09109,5.52314],[-75.09109,5.52314],[-75.09103,5.52322],[-75.091,5.52326],[-75.09097,5.52333],[-75.09097,5.52333],[-75.09091,5.52344],[-75.09091,5.52344],[-75.09083,5.52356],[-75.09083,5.52356],[-75.09083,5.52356],[-75.09083,5.52356],[-75.09083,5.52356],[-75.09077,5.52358],[-75.09066,5.52368],[-75.09058,5.52375],[-75.09058,5.52375],[-75.09058,5.52375],[-75.09044,5.52384],[-75.09034,5.52393],[-75.09034,5.52394],[-75.09022,5.52403],[-75.09022,5.52403],[-75.09022,5.52403],[-75.09016,5.52405],[-75.09004,5.52416],[-75.09004,5.52416],[-75.09004,5.52416],[-75.08994,5.52423],[-75.08991,5.52428],[-75.0899,5.5243],[-75.0899,5.52431],[-75.08989,5.52431],[-75.08989,5.52431],[-75.08981,5.52441],[-75.0898,5.52442],[-75.08979,5.52453],[-75.08979,5.52453],[-75.08975,5.52465],[-75.0898,5.52479],[-75.08985,5.52492],[-75.08985,5.52492],[-75.08985,5.52492],[-75.08987,5.52504],[-75.08987,5.52504],[-75.08987,5.52504],[-75.08987,5.52504],[-75.08984,5.52517],[-75.08984,5.52517],[-75.08984,5.52518],[-75.0898,5.52527],[-75.0898,5.52528],[-75.0898,5.52528],[-75.08972,5.52541],[-75.08973,5.52547],[-75.08975,5.52555],[-75.08975,5.52555],[-75.08975,5.52555],[-75.08975,5.52555],[-75.08975,5.52555],[-75.08975,5.52555],[-75.08979,5.52563],[-75.08979,5.52563],[-75.08979,5.52564],[-75.08979,5.52564],[-75.08979,5.52564],[-75.08979,5.52571],[-75.08979,5.52571],[-75.08979,5.52571],[-75.08977,5.52576],[-75.08977,5.52577],[-75.08977,5.52577],[-75.08977,5.52577],[-75.08972,5.52583],[-75.08971,5.52586],[-75.08971,5.52587],[-75.08971,5.52587],[-75.08971,5.52587],[-75.08971,5.52587],[-75.08964,5.52591],[-75.08964,5.52591],[-75.08964,5.52591],[-75.08961,5.52592],[-75.08949,5.52599],[-75.08942,5.52603],[-75.08937,5.52607],[-75.08935,5.52608],[-75.08935,5.52608],[-75.08935,5.52608],[-75.08935,5.52608],[-75.08935,5.52608],[-75.08934,5.52608],[-75.08924,5.52615],[-75.08918,5.52628],[-75.08918,5.52628],[-75.08918,5.52628],[-75.08913,5.52638],[-75.08912,5.52645],[-75.08912,5.52656],[-75.08918,5.52665],[-75.08918,5.52665],[-75.08918,5.52665],[-75.08918,5.52665],[-75.08918,5.52665],[-75.08918,5.52671],[-75.08918,5.52671],[-75.08918,5.52671],[-75.08917,5.52674],[-75.08917,5.52674],[-75.08913,5.52684],[-75.08913,5.52684],[-75.08913,5.52684],[-75.08913,5.52684],[-75.08913,5.52685],[-75.08905,5.5269],[-75.089,5.52699],[-75.08899,5.52699],[-75.08899,5.52699],[-75.08888,5.52708],[-75.08882,5.52716],[-75.08878,5.52723],[-75.08878,5.52723],[-75.08871,5.52733],[-75.0887,5.52743],[-75.0887,5.52743],[-75.08869,5.52746],[-75.08869,5.52746],[-75.08865,5.52757],[-75.08865,5.52757],[-75.08865,5.52758],[-75.08865,5.52758],[-75.08864,5.52759],[-75.08864,5.52759],[-75.08863,5.52759],[-75.08863,5.52759],[-75.08863,5.52759],[-75.08863,5.52759],[-75.08852,5.52758],[-75.08852,5.52758],[-75.08852,5.52758],[-75.08852,5.52758],[-75.08848,5.52756],[-75.08838,5.52759],[-75.08829,5.52765],[-75.08829,5.52765],[-75.08829,5.52765],[-75.08829,5.52765],[-75.08817,5.52766],[-75.08804,5.52768],[-75.08794,5.5277],[-75.08784,5.52774],[-75.0878,5.52777],[-75.08776,5.52785],[-75.08776,5.52785],[-75.08776,5.52785],[-75.08776,5.52785],[-75.08776,5.52785],[-75.08776,5.52785],[-75.08771,5.52787],[-75.08769,5.5279],[-75.08766,5.52795],[-75.08766,5.52795],[-75.08766,5.52795],[-75.08766,5.52795],[-75.08766,5.52795],[-75.08761,5.52797],[-75.08761,5.52797],[-75.08761,5.52797],[-75.0876,5.52801],[-75.0876,5.52801],[-75.08758,5.52808],[-75.08758,5.52808],[-75.08755,5.52813],[-75.08755,5.52814],[-75.08755,5.52814],[-75.08755,5.52814],[-75.08755,5.52814],[-75.08755,5.52814],[-75.08755,5.52815],[-75.08754,5.52815],[-75.08754,5.52815],[-75.08754,5.52815],[-75.08754,5.52815],[-75.08754,5.52815],[-75.08752,5.52815],[-75.08748,5.52823],[-75.08748,5.52823],[-75.08747,5.52823],[-75.08741,5.52829],[-75.08741,5.52829],[-75.08741,5.52829],[-75.08741,5.52829],[-75.08741,5.5283],[-75.08741,5.5283],[-75.0874,5.52829],[-75.0874,5.52829],[-75.0874,5.52829],[-75.0874,5.52829],[-75.0874,5.52829],[-75.0874,5.52829],[-75.08739,5.52829],[-75.08739,5.52829],[-75.08736,5.52821],[-75.08736,5.52821],[-75.08736,5.52821],[-75.08735,5.52816],[-75.08732,5.52809],[-75.08732,5.52809],[-75.08732,5.52809],[-75.08732,5.52809],[-75.0873,5.52793],[-75.0873,5.52793],[-75.0873,5.52789],[-75.08725,5.52786],[-75.08724,5.52786],[-75.08724,5.52786],[-75.0872,5.5278],[-75.0872,5.5278],[-75.08718,5.52775],[-75.0871,5.52773],[-75.08706,5.52772],[-75.08687,5.52778],[-75.08687,5.52778],[-75.08687,5.52778],[-75.08672,5.52778],[-75.08672,5.52778],[-75.08672,5.52778],[-75.08658,5.52773],[-75.08636,5.52778],[-75.08631,5.52783],[-75.08648,5.52796],[-75.08655,5.52794],[-75.08656,5.52794],[-75.08656,5.52794],[-75.08656,5.52794],[-75.08656,5.52794],[-75.08667,5.52798],[-75.08677,5.52798],[-75.08677,5.52798],[-75.08677,5.52798],[-75.08678,5.52798],[-75.08678,5.52798],[-75.08684,5.52803],[-75.08684,5.52803],[-75.08684,5.52803],[-75.08684,5.52803],[-75.08684,5.52803],[-75.08684,5.52804],[-75.08684,5.52804],[-75.08684,5.52804],[-75.08684,5.52804],[-75.08684,5.52804],[-75.08684,5.52804],[-75.08673,5.52814],[-75.08668,5.5282],[-75.08665,5.52827],[-75.08665,5.52832],[-75.08665,5.52832],[-75.08665,5.52833],[-75.08662,5.52839],[-75.08662,5.52839],[-75.08662,5.52839],[-75.08657,5.52846],[-75.08657,5.52846],[-75.08656,5.52846],[-75.08656,5.52846],[-75.08656,5.52846],[-75.08656,5.52846],[-75.0865,5.52846],[-75.0865,5.52846],[-75.0864,5.52846],[-75.08634,5.52848],[-75.0863,5.5285],[-75.0862,5.52857],[-75.0862,5.52857],[-75.08619,5.52857],[-75.08611,5.5286],[-75.08609,5.52862],[-75.08604,5.52867],[-75.08601,5.52871],[-75.08601,5.52871],[-75.08601,5.52871],[-75.08601,5.52871],[-75.08601,5.52871],[-75.08591,5.52874],[-75.08591,5.52874],[-75.08591,5.52874],[-75.08585,5.52874],[-75.08585,5.52874],[-75.08584,5.52874],[-75.08575,5.5287],[-75.0857,5.52869],[-75.08564,5.52869],[-75.08557,5.52875],[-75.0855,5.52882],[-75.0855,5.52883],[-75.08549,5.52893],[-75.08548,5.52894],[-75.08548,5.52894],[-75.08548,5.52895],[-75.08548,5.52895],[-75.08548,5.52895],[-75.08548,5.52895],[-75.08543,5.52899],[-75.08543,5.529],[-75.08543,5.529],[-75.08543,5.529],[-75.08538,5.52901],[-75.08526,5.52908],[-75.08522,5.52912],[-75.08522,5.52912],[-75.08522,5.52912],[-75.08516,5.52918],[-75.08516,5.52919],[-75.08516,5.52919],[-75.08516,5.52919],[-75.08515,5.52919],[-75.08515,5.52919],[-75.08515,5.52919],[-75.08515,5.52919],[-75.08502,5.52913],[-75.08501,5.52913],[-75.08488,5.5291],[-75.0848,5.52911],[-75.08471,5.52918],[-75.08471,5.52918],[-75.08471,5.52918],[-75.08464,5.5292],[-75.08464,5.5292],[-75.08459,5.52922],[-75.08459,5.52922],[-75.08459,5.52922],[-75.08454,5.52925],[-75.0845,5.52927],[-75.08441,5.52934],[-75.0844,5.52934],[-75.08434,5.52944],[-75.08434,5.52944],[-75.08434,5.52944],[-75.08427,5.52949],[-75.08427,5.52949],[-75.08427,5.52949],[-75.08427,5.52949],[-75.08427,5.52949],[-75.08408,5.52951],[-75.08408,5.52951],[-75.08407,5.52951],[-75.08392,5.52948],[-75.08386,5.52948],[-75.08385,5.52947],[-75.08385,5.52947],[-75.08378,5.52946],[-75.08378,5.52946],[-75.08378,5.52946],[-75.08373,5.52943],[-75.08372,5.52943],[-75.08362,5.52945],[-75.08362,5.52945],[-75.08362,5.52945],[-75.08361,5.52945],[-75.0836,5.52945],[-75.08362,5.52968],[-75.08363,5.52971],[-75.08363,5.52971],[-75.08363,5.52972],[-75.08363,5.52972],[-75.0836,5.52987],[-75.0836,5.52988],[-75.08365,5.53001],[-75.08365,5.53001],[-75.08365,5.53001],[-75.08366,5.53011],[-75.08373,5.53024],[-75.08385,5.53032],[-75.08385,5.53032],[-75.08395,5.53041],[-75.08395,5.53041],[-75.08398,5.53044],[-75.08398,5.53044],[-75.08398,5.53044],[-75.08398,5.53044],[-75.08398,5.53044],[-75.08398,5.53045],[-75.08398,5.53045],[-75.08398,5.53045],[-75.08396,5.53048],[-75.08396,5.53048],[-75.08396,5.53049],[-75.08396,5.53049],[-75.08396,5.53049],[-75.08396,5.53049],[-75.08396,5.53049],[-75.0839,5.5305],[-75.0839,5.5305],[-75.0839,5.5305],[-75.0839,5.5305],[-75.08387,5.53049],[-75.08381,5.53049],[-75.08381,5.53049],[-75.08367,5.53048],[-75.0835,5.53049],[-75.08346,5.53052],[-75.08346,5.53052],[-75.08346,5.53052],[-75.08341,5.53055],[-75.0834,5.53055],[-75.0834,5.53055],[-75.08336,5.53057],[-75.08334,5.53059],[-75.08334,5.53059],[-75.08333,5.53059],[-75.08333,5.53059],[-75.08333,5.53059],[-75.0833,5.53059],[-75.08328,5.53065],[-75.08327,5.53071],[-75.08327,5.53071],[-75.08327,5.53071],[-75.08324,5.53079],[-75.08324,5.53079],[-75.08318,5.53095],[-75.08318,5.53099],[-75.08318,5.53099],[-75.08318,5.53099],[-75.08318,5.531],[-75.08318,5.531],[-75.08318,5.531],[-75.08318,5.531],[-75.08317,5.531],[-75.08317,5.531],[-75.08317,5.53101],[-75.08309,5.53104],[-75.08308,5.53104],[-75.08308,5.53104],[-75.08308,5.53104],[-75.08307,5.53104],[-75.08307,5.53104],[-75.08307,5.53104],[-75.08304,5.53102],[-75.08304,5.53102],[-75.08304,5.53102],[-75.0829,5.5309],[-75.08284,5.53086],[-75.08274,5.5308],[-75.08257,5.53072],[-75.08257,5.53072],[-75.08253,5.5307],[-75.08253,5.5307],[-75.08253,5.5307],[-75.08253,5.5307],[-75.0825,5.53067],[-75.0825,5.53067],[-75.0825,5.53067],[-75.0825,5.53067],[-75.0825,5.53067],[-75.0825,5.53066],[-75.0825,5.53066],[-75.0825,5.53066],[-75.0825,5.53066],[-75.0825,5.53066],[-75.08256,5.53059],[-75.08263,5.5304],[-75.08261,5.53031],[-75.08261,5.53031],[-75.08261,5.53031],[-75.08262,5.53021],[-75.08262,5.53021],[-75.08263,5.53011],[-75.08255,5.53004],[-75.08255,5.53004],[-75.08255,5.53004],[-75.08255,5.53004],[-75.08255,5.53004],[-75.08253,5.52992],[-75.0825,5.52982],[-75.0825,5.52982],[-75.0825,5.52982],[-75.08249,5.52973],[-75.08243,5.52969],[-75.08235,5.52966],[-75.08226,5.52963],[-75.08221,5.52966],[-75.0822,5.52966],[-75.0822,5.52966],[-75.08208,5.5297],[-75.08201,5.52974],[-75.08201,5.52974],[-75.08201,5.52974],[-75.08193,5.52978],[-75.08193,5.52978],[-75.08193,5.52978],[-75.08193,5.52978],[-75.08193,5.52978],[-75.08188,5.52978],[-75.08177,5.52978],[-75.08177,5.52978],[-75.08177,5.52978],[-75.08177,5.52978],[-75.08167,5.52974],[-75.08167,5.52974],[-75.08167,5.52974],[-75.0816,5.52969],[-75.0816,5.52969],[-75.0816,5.52969],[-75.0816,5.52969],[-75.08156,5.52963],[-75.08156,5.52963],[-75.08156,5.52962],[-75.08156,5.52962],[-75.08156,5.52962],[-75.08156,5.52962],[-75.08157,5.52955],[-75.08155,5.52945],[-75.0815,5.52935],[-75.08143,5.52926],[-75.08134,5.52916],[-75.08121,5.52908],[-75.08116,5.52909],[-75.08109,5.52911],[-75.08109,5.52911],[-75.08109,5.52911],[-75.08109,5.52911],[-75.08109,5.52911],[-75.08108,5.52911],[-75.08102,5.52909],[-75.08086,5.52905],[-75.08086,5.52905],[-75.08073,5.52901],[-75.08073,5.52901],[-75.08073,5.52901],[-75.0806,5.52896],[-75.08051,5.52892],[-75.08051,5.52892],[-75.08051,5.52892],[-75.08051,5.52892],[-75.0805,5.52892],[-75.0805,5.52892],[-75.0805,5.52892],[-75.08048,5.52883],[-75.08042,5.52877],[-75.08042,5.52877],[-75.08042,5.52877],[-75.08042,5.52877],[-75.08035,5.52855],[-75.08033,5.52849],[-75.08021,5.52843],[-75.08009,5.5284],[-75.08009,5.5284],[-75.07964,5.52819],[-75.07952,5.52815],[-75.07942,5.52813],[-75.07937,5.52815],[-75.07934,5.5282],[-75.07934,5.5282],[-75.07934,5.5282],[-75.07934,5.5282],[-75.07934,5.5282],[-75.07934,5.5282],[-75.07934,5.5282],[-75.07926,5.52821],[-75.07926,5.52821],[-75.07926,5.52821],[-75.07926,5.52821],[-75.07926,5.52821],[-75.07906,5.52813],[-75.07906,5.52813],[-75.07906,5.52813],[-75.07905,5.52813],[-75.07901,5.52809],[-75.07901,5.52809],[-75.07901,5.52809],[-75.07901,5.52808],[-75.07901,5.52808],[-75.07901,5.52808],[-75.07901,5.52808],[-75.07901,5.52808],[-75.07901,5.52808],[-75.07905,5.52801],[-75.07896,5.52796],[-75.07886,5.52792],[-75.07861,5.52787],[-75.07861,5.52787],[-75.07861,5.52787],[-75.07861,5.52787],[-75.07858,5.52784],[-75.07858,5.52784],[-75.0784,5.52769],[-75.0784,5.52769],[-75.0784,5.52769],[-75.0784,5.52769],[-75.0784,5.52769],[-75.0784,5.52769],[-75.07838,5.52757],[-75.07838,5.52757],[-75.07838,5.52757],[-75.07839,5.5275],[-75.07829,5.5275],[-75.07812,5.52751],[-75.07812,5.52751],[-75.07812,5.52751],[-75.07812,5.5275],[-75.07812,5.5275],[-75.07811,5.5275],[-75.07806,5.52745],[-75.07802,5.52744],[-75.07793,5.52743],[-75.07793,5.52742],[-75.07792,5.52742],[-75.07783,5.52739],[-75.07783,5.52739],[-75.07783,5.52739],[-75.07783,5.52738],[-75.07783,5.52738],[-75.07778,5.52732],[-75.07778,5.52732],[-75.07778,5.52731],[-75.07778,5.52731],[-75.07778,5.52731],[-75.07777,5.52725],[-75.07774,5.5272],[-75.07774,5.52719],[-75.07774,5.52719],[-75.07774,5.52719],[-75.07774,5.52719],[-75.07774,5.52719],[-75.07774,5.52718],[-75.07774,5.52712],[-75.07774,5.52705],[-75.07773,5.52702],[-75.07773,5.52702],[-75.07773,5.52702],[-75.07774,5.52697],[-75.07772,5.52694],[-75.07772,5.52694],[-75.07772,5.52694],[-75.07772,5.52694],[-75.07772,5.52692],[-75.07772,5.52692],[-75.07773,5.52692],[-75.07773,5.52692],[-75.07773,5.52691],[-75.07774,5.52689],[-75.07767,5.52691],[-75.07766,5.52692],[-75.07766,5.52692],[-75.07766,5.52692],[-75.07766,5.52692],[-75.07755,5.52699],[-75.07748,5.52703],[-75.07748,5.52706],[-75.07748,5.52707],[-75.07748,5.52707],[-75.07748,5.52707],[-75.07748,5.52707],[-75.07748,5.52707],[-75.07748,5.52707],[-75.07748,5.52707],[-75.07748,5.52707],[-75.07748,5.52707],[-75.07747,5.52707],[-75.07747,5.52707],[-75.07747,5.52707],[-75.07747,5.52707],[-75.07747,5.52707],[-75.07747,5.52707],[-75.07741,5.5271],[-75.07742,5.52711],[-75.07742,5.52711],[-75.07742,5.52711],[-75.07742,5.52711],[-75.07743,5.52712],[-75.07743,5.52712],[-75.07743,5.52712],[-75.07742,5.52712],[-75.07742,5.52712],[-75.07742,5.52712],[-75.07742,5.52712],[-75.07742,5.52712],[-75.07742,5.52713],[-75.07742,5.52713],[-75.07742,5.52713],[-75.07742,5.52713],[-75.07733,5.52712],[-75.07733,5.52712],[-75.07733,5.52712],[-75.07721,5.52709],[-75.07721,5.52709],[-75.07721,5.52708],[-75.07721,5.52708],[-75.07711,5.527],[-75.07704,5.52695],[-75.07702,5.52694],[-75.07695,5.52697],[-75.07697,5.52707],[-75.07701,5.52709],[-75.07701,5.5271],[-75.07711,5.52718],[-75.07711,5.52718],[-75.07711,5.52718],[-75.07711,5.52718],[-75.07712,5.52718],[-75.07712,5.52719],[-75.07712,5.52723],[-75.07712,5.52723],[-75.07713,5.52728],[-75.07718,5.5274],[-75.07722,5.52744],[-75.07722,5.52744],[-75.07722,5.52744],[-75.07723,5.52744],[-75.07723,5.52745],[-75.07723,5.52745],[-75.07723,5.52745],[-75.07723,5.52745],[-75.07719,5.5276],[-75.07717,5.5277],[-75.07717,5.5277],[-75.07717,5.5277],[-75.07713,5.52779],[-75.07713,5.52779],[-75.07713,5.52779],[-75.07706,5.5279],[-75.07704,5.52797],[-75.07704,5.52797],[-75.077,5.52809],[-75.077,5.52809],[-75.07699,5.52809],[-75.07699,5.52809],[-75.07699,5.52809],[-75.07699,5.5281],[-75.07699,5.5281],[-75.07699,5.5281],[-75.07699,5.5281],[-75.07698,5.5281],[-75.07698,5.52809],[-75.07693,5.52806],[-75.07693,5.52806],[-75.07693,5.52806],[-75.07693,5.52806],[-75.07693,5.52806],[-75.07692,5.52806],[-75.07692,5.52806],[-75.07691,5.52794],[-75.07688,5.52785],[-75.07687,5.52783],[-75.07687,5.52783],[-75.07687,5.52783],[-75.07681,5.52772],[-75.07675,5.5277],[-75.07675,5.5277],[-75.07674,5.5277],[-75.07657,5.52762],[-75.07652,5.5276],[-75.07645,5.52757],[-75.07632,5.52756],[-75.0763,5.52757],[-75.07617,5.52765],[-75.07616,5.52767],[-75.07616,5.52767],[-75.07612,5.52772],[-75.07605,5.52789],[-75.07605,5.5279],[-75.07605,5.5279],[-75.07605,5.5279],[-75.07598,5.52796],[-75.07598,5.52796],[-75.07597,5.52796],[-75.07587,5.52802],[-75.07588,5.52812],[-75.07588,5.52812],[-75.07588,5.52812],[-75.07586,5.52821],[-75.07586,5.52822],[-75.07586,5.52822],[-75.07581,5.52833],[-75.07581,5.52833],[-75.0758,5.52834],[-75.0758,5.52834],[-75.0758,5.52834],[-75.0758,5.52834],[-75.0758,5.52834],[-75.0758,5.52834],[-75.07567,5.52838],[-75.07567,5.52838],[-75.07567,5.52838],[-75.07567,5.52838],[-75.07566,5.52838],[-75.07562,5.52836],[-75.07552,5.5284],[-75.0753,5.52855],[-75.07524,5.52863],[-75.07524,5.52863],[-75.07524,5.52863],[-75.07524,5.52864],[-75.0751,5.5287],[-75.0751,5.5287],[-75.07509,5.5287],[-75.075,5.52871],[-75.075,5.52872],[-75.075,5.52871],[-75.0749,5.5287],[-75.07489,5.5287],[-75.07489,5.5287],[-75.07478,5.52865],[-75.07464,5.52863],[-75.0745,5.52866],[-75.07451,5.52874],[-75.07451,5.52875],[-75.07451,5.52876],[-75.07451,5.52876],[-75.0745,5.52878],[-75.07463,5.52878],[-75.07476,5.52878],[-75.07488,5.52878],[-75.07501,5.52879],[-75.07513,5.5288],[-75.07525,5.52881],[-75.07533,5.52881],[-75.07537,5.52882],[-75.07549,5.52882],[-75.0756,5.52883],[-75.07572,5.52883],[-75.07584,5.52883],[-75.07596,5.52883],[-75.07607,5.52883],[-75.07619,5.52882],[-75.07629,5.52882],[-75.07639,5.52882],[-75.07649,5.52882],[-75.07657,5.52883],[-75.07664,5.52884],[-75.07671,5.52886],[-75.07677,5.52887],[-75.07682,5.52889],[-75.07688,5.52892],[-75.07694,5.52895],[-75.077,5.52899],[-75.07708,5.52904],[-75.07716,5.52909],[-75.07716,5.52909],[-75.07724,5.52914],[-75.07733,5.52921],[-75.07743,5.52928],[-75.07752,5.52934],[-75.07762,5.52941],[-75.07773,5.52948],[-75.07783,5.52955],[-75.07793,5.52961],[-75.07804,5.52968],[-75.07815,5.52974],[-75.07826,5.52981],[-75.07811,5.52998],[-75.07796,5.53016],[-75.0778,5.53033],[-75.07764,5.53049],[-75.07759,5.53056],[-75.07754,5.53063],[-75.0775,5.5307],[-75.07746,5.53077],[-75.07744,5.53085],[-75.07741,5.53093],[-75.0774,5.53101],[-75.07739,5.53109],[-75.07738,5.53117],[-75.07738,5.53121],[-75.07747,5.5312],[-75.07756,5.53118],[-75.07764,5.53116],[-75.07768,5.53113],[-75.07772,5.53111],[-75.07777,5.53109],[-75.07781,5.53108],[-75.07786,5.53108],[-75.07791,5.53108],[-75.07795,5.53109],[-75.078,5.53111],[-75.07809,5.53113],[-75.07819,5.53115],[-75.07828,5.53118],[-75.07835,5.53121],[-75.07842,5.53124],[-75.0785,5.53126],[-75.07858,5.53128],[-75.07865,5.53128],[-75.07873,5.53129],[-75.07881,5.53128],[-75.07889,5.53127],[-75.07896,5.53125],[-75.07904,5.53123],[-75.07911,5.5312],[-75.07918,5.53117],[-75.07925,5.53114],[-75.07932,5.53111],[-75.0794,5.53109],[-75.07948,5.53108],[-75.07955,5.53107],[-75.07963,5.53106],[-75.07971,5.53106],[-75.07978,5.53105],[-75.07985,5.53103],[-75.07993,5.53101],[-75.08,5.53098],[-75.08007,5.53095],[-75.08005,5.53098],[-75.08004,5.53101],[-75.08003,5.53105],[-75.08002,5.53108],[-75.08001,5.53111],[-75.08001,5.53114],[-75.08001,5.5312],[-75.08002,5.53128],[-75.08002,5.53136],[-75.08003,5.53142],[-75.08003,5.53147],[-75.08003,5.53151],[-75.08003,5.53156],[-75.08003,5.53161],[-75.08003,5.53166],[-75.08003,5.53172],[-75.08004,5.53178],[-75.08004,5.53185],[-75.08004,5.53189],[-75.08005,5.53192],[-75.08005,5.53194],[-75.08005,5.53197],[-75.08007,5.53202],[-75.08008,5.53208],[-75.08009,5.53211],[-75.0801,5.53213],[-75.0801,5.53215],[-75.08012,5.53217],[-75.08012,5.53217],[-75.08015,5.53221],[-75.08018,5.53225],[-75.08022,5.5323],[-75.08027,5.53235],[-75.08031,5.5324],[-75.08035,5.53244],[-75.08042,5.53251],[-75.08051,5.5326],[-75.08058,5.53266],[-75.0806,5.53267],[-75.08065,5.53272],[-75.08071,5.53276],[-75.08077,5.53279],[-75.08082,5.53282],[-75.08088,5.53284],[-75.08094,5.53286],[-75.08099,5.53288],[-75.08105,5.53289],[-75.0811,5.53291],[-75.08116,5.53293],[-75.08121,5.53296],[-75.08125,5.53299],[-75.08127,5.53301],[-75.08129,5.53303],[-75.08129,5.53303],[-75.08131,5.53305],[-75.08133,5.53307],[-75.08134,5.5331],[-75.08136,5.53313],[-75.08137,5.53316],[-75.0814,5.53324],[-75.08142,5.53332],[-75.08144,5.53337],[-75.08146,5.5334],[-75.08147,5.53342],[-75.08148,5.53344],[-75.0815,5.53346],[-75.0815,5.53346],[-75.08152,5.53348],[-75.08154,5.5335],[-75.08157,5.53352],[-75.08159,5.53354],[-75.08162,5.53355],[-75.08165,5.53357],[-75.08168,5.53358],[-75.08171,5.53359],[-75.08174,5.5336],[-75.08177,5.53361],[-75.0818,5.53361],[-75.08182,5.53361],[-75.08186,5.53361],[-75.08191,5.53361],[-75.08197,5.5336],[-75.08202,5.5336],[-75.08208,5.53359],[-75.08213,5.53359],[-75.08219,5.53359],[-75.08224,5.5336],[-75.0823,5.5336],[-75.08235,5.53361],[-75.08241,5.53363],[-75.08246,5.53364],[-75.08251,5.53365],[-75.08256,5.53367],[-75.08266,5.53369],[-75.0827,5.5337],[-75.08274,5.53371],[-75.08279,5.53373],[-75.08284,5.53374],[-75.08288,5.53375],[-75.0829,5.53376],[-75.08292,5.53377],[-75.08295,5.53379],[-75.08297,5.5338],[-75.08298,5.53381],[-75.08299,5.53382],[-75.08301,5.53383],[-75.08303,5.53385],[-75.08305,5.53388],[-75.08308,5.53393],[-75.08311,5.53397],[-75.08314,5.53401],[-75.08317,5.53406],[-75.08319,5.5341],[-75.08321,5.53415],[-75.08323,5.53419],[-75.08325,5.53423],[-75.08328,5.53427],[-75.0833,5.53431],[-75.08333,5.53435],[-75.08335,5.53438],[-75.08339,5.53441],[-75.08342,5.53444],[-75.08345,5.53447],[-75.08347,5.53447],[-75.08326,5.53463],[-75.08313,5.53473],[-75.08301,5.53483],[-75.08289,5.53492],[-75.08278,5.53501],[-75.08267,5.53509],[-75.08256,5.53517],[-75.08246,5.53525],[-75.08237,5.53533],[-75.0823,5.53539],[-75.08297,5.53579],[-75.08293,5.53581],[-75.08288,5.53588],[-75.08287,5.53588],[-75.08287,5.53589],[-75.08283,5.53596],[-75.08279,5.53603],[-75.08276,5.5361],[-75.08275,5.53614],[-75.08272,5.53621],[-75.08271,5.53628],[-75.0827,5.53636],[-75.08269,5.53643],[-75.08269,5.53651],[-75.08269,5.53659],[-75.0827,5.53667],[-75.08271,5.53676],[-75.08273,5.53684],[-75.08276,5.53691],[-75.0828,5.53699],[-75.08283,5.53706],[-75.08288,5.53713],[-75.08293,5.5372],[-75.08298,5.53726],[-75.08307,5.53725],[-75.08321,5.53722],[-75.08334,5.5372],[-75.0834,5.53723],[-75.08345,5.53727],[-75.08351,5.53732],[-75.08355,5.53737],[-75.08359,5.53742],[-75.08363,5.53748],[-75.08366,5.53754],[-75.08369,5.53761],[-75.08373,5.53777],[-75.08379,5.53794],[-75.08385,5.5381],[-75.08392,5.53825],[-75.08399,5.53841],[-75.08407,5.53856],[-75.08415,5.53871],[-75.08424,5.53885],[-75.08434,5.53899],[-75.08444,5.53913],[-75.08455,5.53926],[-75.08466,5.53939],[-75.08478,5.53951],[-75.0849,5.53963],[-75.08492,5.53965],[-75.08499,5.53972],[-75.08506,5.5398],[-75.08514,5.53987],[-75.08522,5.53992],[-75.08529,5.53997],[-75.08536,5.54003],[-75.08542,5.5401],[-75.08548,5.54016],[-75.08553,5.54023],[-75.08558,5.5403],[-75.08569,5.54022],[-75.08581,5.54016],[-75.08593,5.5401],[-75.08606,5.54004],[-75.08606,5.54004],[-75.08619,5.53999],[-75.08632,5.53994],[-75.08646,5.5399],[-75.0866,5.53987],[-75.08673,5.53985],[-75.08687,5.53983],[-75.08701,5.53981],[-75.08715,5.53981],[-75.08729,5.53981],[-75.08743,5.53982],[-75.08757,5.53983],[-75.08771,5.53986],[-75.08775,5.53991],[-75.08778,5.53996],[-75.08782,5.54005],[-75.08788,5.54015],[-75.08792,5.54022],[-75.08794,5.54026],[-75.08797,5.5403],[-75.08801,5.54034],[-75.08803,5.54038],[-75.08805,5.5404],[-75.08806,5.54042],[-75.08807,5.54044],[-75.08807,5.54046],[-75.08808,5.54047],[-75.08815,5.5405],[-75.08823,5.54053],[-75.08831,5.54056],[-75.0884,5.5406],[-75.08844,5.54061],[-75.08849,5.54063],[-75.08854,5.54065],[-75.0886,5.54066],[-75.08869,5.54068],[-75.08882,5.54071],[-75.08893,5.54073],[-75.089,5.54073],[-75.08908,5.54074],[-75.08916,5.54074],[-75.08924,5.54074],[-75.08932,5.54074],[-75.0894,5.54073],[-75.08949,5.54072],[-75.08957,5.5407],[-75.08964,5.54069],[-75.08965,5.54069],[-75.08971,5.54067],[-75.08977,5.54065],[-75.08982,5.54063],[-75.08987,5.5406],[-75.08989,5.54059],[-75.08991,5.54057],[-75.08992,5.54056],[-75.08993,5.54055],[-75.08994,5.54052],[-75.08994,5.54052],[-75.09029,5.54065],[-75.09047,5.54073],[-75.09062,5.54079],[-75.09073,5.54084],[-75.09094,5.54046],[-75.09115,5.54009],[-75.09132,5.5398],[-75.09133,5.5398],[-75.0916,5.53979],[-75.09187,5.53979],[-75.09214,5.53977],[-75.09242,5.53975],[-75.09261,5.53974],[-75.0928,5.53972],[-75.09343,5.53969],[-75.09351,5.53969],[-75.09359,5.53968],[-75.09366,5.53967],[-75.09374,5.53965],[-75.09382,5.53962],[-75.09389,5.53959],[-75.09471,5.53933],[-75.09479,5.53932],[-75.09486,5.53932],[-75.09494,5.53932],[-75.09501,5.53933],[-75.09508,5.53934],[-75.09516,5.53936],[-75.09523,5.53939],[-75.0953,5.53942],[-75.09536,5.53946],[-75.09543,5.5395],[-75.09622,5.53993],[-75.09661,5.54004],[-75.09675,5.54008],[-75.09687,5.54011],[-75.09698,5.54015],[-75.09707,5.54018],[-75.09715,5.54022],[-75.09723,5.54025],[-75.09729,5.54028],[-75.09736,5.54031],[-75.09736,5.54031],[-75.09743,5.54035],[-75.09749,5.54039],[-75.09756,5.54044],[-75.09762,5.54049],[-75.09769,5.54054],[-75.09778,5.54062],[-75.0979,5.54073],[-75.09798,5.54081],[-75.09804,5.54086],[-75.09809,5.54091],[-75.09814,5.54096],[-75.09821,5.54104],[-75.0983,5.54115],[-75.09839,5.54127],[-75.09848,5.5414],[-75.09857,5.54152],[-75.09866,5.54164],[-75.09872,5.54172],[-75.09876,5.54176],[-75.0988,5.54181],[-75.09883,5.54184],[-75.09887,5.54188],[-75.09891,5.54191],[-75.09894,5.54194],[-75.09898,5.54196],[-75.09902,5.54199],[-75.09905,5.54201],[-75.09909,5.54203],[-75.09913,5.54204],[-75.09919,5.54206],[-75.09927,5.54209],[-75.09935,5.54212],[-75.09945,5.54214],[-75.09952,5.54216],[-75.09958,5.54217],[-75.09963,5.54219],[-75.09969,5.5422],[-75.09976,5.5422],[-75.09983,5.54221],[-75.0999,5.54222],[-75.09997,5.54223],[-75.10009,5.54223],[-75.10023,5.54224],[-75.10033,5.54223],[-75.10039,5.54223],[-75.10045,5.54222],[-75.10051,5.54222],[-75.10058,5.5422],[-75.10069,5.54219],[-75.1008,5.54217],[-75.10091,5.54215],[-75.10103,5.54213],[-75.10113,5.54211],[-75.10124,5.5421],[-75.10133,5.5421],[-75.10143,5.5421]],[[-75.09786,5.52362],[-75.09665,5.52439],[-75.09608,5.52421],[-75.09525,5.52366],[-75.09473,5.52298],[-75.09402,5.52267],[-75.09348,5.52233],[-75.09345,5.52232],[-75.09342,5.52231],[-75.09259,5.52199],[-75.0925,5.52199],[-75.09248,5.52199],[-75.09243,5.52199],[-75.09224,5.52198],[-75.09229,5.52189],[-75.09229,5.52189],[-75.09229,5.52189],[-75.09229,5.52189],[-75.09229,5.52189],[-75.09229,5.52189],[-75.09229,5.52188],[-75.09229,5.52188],[-75.09229,5.52188],[-75.09229,5.52188],[-75.09229,5.52188],[-75.09229,5.52188],[-75.09229,5.52188],[-75.09229,5.52187],[-75.09229,5.52187],[-75.09228,5.52181],[-75.09228,5.5218],[-75.09228,5.5218],[-75.09228,5.5218],[-75.09225,5.52171],[-75.09225,5.52163],[-75.09225,5.5216],[-75.09226,5.52155],[-75.09232,5.52148],[-75.09242,5.52141],[-75.09242,5.52141],[-75.09242,5.5214],[-75.09242,5.5214],[-75.09242,5.5214],[-75.09242,5.5214],[-75.09242,5.5214],[-75.09245,5.52136],[-75.09245,5.52136],[-75.09245,5.52136],[-75.09247,5.52134],[-75.09255,5.52132],[-75.09281,5.52129],[-75.09291,5.52128],[-75.09291,5.52128],[-75.09291,5.52128],[-75.09291,5.52128],[-75.09303,5.52125],[-75.09304,5.52125],[-75.09304,5.52125],[-75.09304,5.52125],[-75.09304,5.52125],[-75.09304,5.52125],[-75.09305,5.52125],[-75.09305,5.52125],[-75.09321,5.52122],[-75.09321,5.52122],[-75.09321,5.52122],[-75.09322,5.52122],[-75.09322,5.52122],[-75.09322,5.52122],[-75.09322,5.52122],[-75.09322,5.52122],[-75.09322,5.52122],[-75.09322,5.52122],[-75.09323,5.52122],[-75.09323,5.52122],[-75.09323,5.52122],[-75.09323,5.52122],[-75.09323,5.52121],[-75.09323,5.52121],[-75.09323,5.52121],[-75.09323,5.52121],[-75.09323,5.52121],[-75.09323,5.52121],[-75.09323,5.52121],[-75.09323,5.52121],[-75.09323,5.5212],[-75.09324,5.5212],[-75.09324,5.5212],[-75.09324,5.5212],[-75.09324,5.52116],[-75.09324,5.52116],[-75.09324,5.52116],[-75.09324,5.52115],[-75.09324,5.52115],[-75.09324,5.52115],[-75.09323,5.52112],[-75.09323,5.52112],[-75.09323,5.52112],[-75.09323,5.52112],[-75.09323,5.52112],[-75.09323,5.52112],[-75.09323,5.52111],[-75.09323,5.52111],[-75.09322,5.52111],[-75.09322,5.52111],[-75.09322,5.52111],[-75.09322,5.52111],[-75.09322,5.52111],[-75.09322,5.52111],[-75.09319,5.52108],[-75.09319,5.52102],[-75.09319,5.52102],[-75.09319,5.52102],[-75.09319,5.52102],[-75.09319,5.52102],[-75.0932,5.52101],[-75.0932,5.52101],[-75.0932,5.52101],[-75.09324,5.52085],[-75.09327,5.52079],[-75.09327,5.52079],[-75.09327,5.52079],[-75.09327,5.52079],[-75.09327,5.52079],[-75.09327,5.52079],[-75.09327,5.52079],[-75.09328,5.52076],[-75.09328,5.52076],[-75.09328,5.52076],[-75.09328,5.52076],[-75.09328,5.52075],[-75.09328,5.52075],[-75.09328,5.52075],[-75.09328,5.52075],[-75.09328,5.52065],[-75.09328,5.52065],[-75.09328,5.52065],[-75.09328,5.52064],[-75.09328,5.52064],[-75.09328,5.52064],[-75.09328,5.52064],[-75.09328,5.52064],[-75.09328,5.52064],[-75.09327,5.52064],[-75.09321,5.52052],[-75.09331,5.52037],[-75.09341,5.52031],[-75.09341,5.52031],[-75.09341,5.52031],[-75.09342,5.52031],[-75.09342,5.52031],[-75.09342,5.52031],[-75.09342,5.5203],[-75.09342,5.5203],[-75.09342,5.5203],[-75.09342,5.5203],[-75.09342,5.5203],[-75.09342,5.5203],[-75.09342,5.5203],[-75.09342,5.52029],[-75.09345,5.52023],[-75.0936,5.52003],[-75.0936,5.52003],[-75.0936,5.52003],[-75.0936,5.52003],[-75.0936,5.52003],[-75.0936,5.52002],[-75.0936,5.52002],[-75.0936,5.52002],[-75.09362,5.51996],[-75.09367,5.51989],[-75.09369,5.51988],[-75.09376,5.51985],[-75.09382,5.51983],[-75.09386,5.51982],[-75.09401,5.51981],[-75.09414,5.51984],[-75.09414,5.51984],[-75.09414,5.51984],[-75.09415,5.51984],[-75.09415,5.51984],[-75.09415,5.51984],[-75.09415,5.51984],[-75.09415,5.51984],[-75.09415,5.51984],[-75.09415,5.51984],[-75.09416,5.51984],[-75.09426,5.5198],[-75.09443,5.51981],[-75.09443,5.51981],[-75.09443,5.51981],[-75.09443,5.51981],[-75.09444,5.51981],[-75.09444,5.51981],[-75.09444,5.51981],[-75.09444,5.51981],[-75.09444,5.51981],[-75.09444,5.51981],[-75.09444,5.51981],[-75.09444,5.51981],[-75.09445,5.51981],[-75.09445,5.51981],[-75.09445,5.51981],[-75.09445,5.51981],[-75.09445,5.5198],[-75.09445,5.5198],[-75.09445,5.5198],[-75.09445,5.5198],[-75.09452,5.5197],[-75.09457,5.51968],[-75.09457,5.51968],[-75.09457,5.51968],[-75.09458,5.51968],[-75.09458,5.51968],[-75.09458,5.51968],[-75.09458,5.51968],[-75.09458,5.51968],[-75.09458,5.51968],[-75.09459,5.51968],[-75.09459,5.51968],[-75.09459,5.51967],[-75.09459,5.51967],[-75.09459,5.51967],[-75.09459,5.51967],[-75.09466,5.51954],[-75.09477,5.51936],[-75.09482,5.51932],[-75.09487,5.51937],[-75.09491,5.51948],[-75.09497,5.51964],[-75.09497,5.51964],[-75.09497,5.51964],[-75.09497,5.51964],[-75.09497,5.51964],[-75.09497,5.51964],[-75.09497,5.51965],[-75.09497,5.51965],[-75.09497,5.51965],[-75.09498,5.51965],[-75.09498,5.51965],[-75.09503,5.5197],[-75.09503,5.5197],[-75.09504,5.5197],[-75.09504,5.5197],[-75.09504,5.5197],[-75.09504,5.5197],[-75.09504,5.5197],[-75.09504,5.5197],[-75.09504,5.5197],[-75.09504,5.5197],[-75.09505,5.5197],[-75.09505,5.5197],[-75.09505,5.5197],[-75.09505,5.5197],[-75.09505,5.5197],[-75.09505,5.5197],[-75.09506,5.5197],[-75.09506,5.5197],[-75.09506,5.5197],[-75.09506,5.5197],[-75.09506,5.5197],[-75.09506,5.5197],[-75.09507,5.5197],[-75.09507,5.5197],[-75.09507,5.5197],[-75.09507,5.5197],[-75.09509,5.51968],[-75.09515,5.5197],[-75.09515,5.5197],[-75.09515,5.5197],[-75.09515,5.51971],[-75.09515,5.51971],[-75.09515,5.51971],[-75.09515,5.51971],[-75.09516,5.51971],[-75.09516,5.51971],[-75.09516,5.51971],[-75.09516,5.51971],[-75.09516,5.51971],[-75.09516,5.51971],[-75.09517,5.5197],[-75.09517,5.5197],[-75.09517,5.5197],[-75.09517,5.5197],[-75.09517,5.5197],[-75.09517,5.5197],[-75.09517,5.5197],[-75.09518,5.5197],[-75.09518,5.5197],[-75.09518,5.5197],[-75.09518,5.51969],[-75.09525,5.51959],[-75.09529,5.51956],[-75.09529,5.51956],[-75.09529,5.51956],[-75.09529,5.51956],[-75.09529,5.51956],[-75.09529,5.51956],[-75.09529,5.51956],[-75.0953,5.51955],[-75.0953,5.51955],[-75.09534,5.51949],[-75.09534,5.51949],[-75.09534,5.51949],[-75.09543,5.51933],[-75.09548,5.51928],[-75.0956,5.51925],[-75.0956,5.51925],[-75.0956,5.51924],[-75.0956,5.51924],[-75.0956,5.51924],[-75.09561,5.51924],[-75.09561,5.51924],[-75.09561,5.51924],[-75.09561,5.51924],[-75.09561,5.51924],[-75.09561,5.51924],[-75.09561,5.51923],[-75.09561,5.51923],[-75.09561,5.51923],[-75.09561,5.51923],[-75.09561,5.51923],[-75.09562,5.51923],[-75.09567,5.51907],[-75.09568,5.51907],[-75.09568,5.51907],[-75.09568,5.51907],[-75.09568,5.51907],[-75.09569,5.51907],[-75.09569,5.51907],[-75.09569,5.51907],[-75.09569,5.51907],[-75.09569,5.51907],[-75.09569,5.51907],[-75.0957,5.51907],[-75.0957,5.51907],[-75.0957,5.51907],[-75.0957,5.51907],[-75.0957,5.51907],[-75.0957,5.51907],[-75.0957,5.51907],[-75.0957,5.51906],[-75.0957,5.51906],[-75.09571,5.51906],[-75.09571,5.51906],[-75.09571,5.51906],[-75.09571,5.51906],[-75.09571,5.51906],[-75.09571,5.51906],[-75.09571,5.51905],[-75.09571,5.51905],[-75.09571,5.51905],[-75.09571,5.51905],[-75.09571,5.51905],[-75.09571,5.51905],[-75.09571,5.51905],[-75.09571,5.51901],[-75.09573,5.519],[-75.09573,5.519],[-75.09574,5.51899],[-75.09574,5.51899],[-75.09574,5.51899],[-75.09574,5.51899],[-75.09574,5.51899],[-75.09574,5.51899],[-75.09574,5.51899],[-75.09574,5.51899],[-75.09574,5.51898],[-75.09574,5.51898],[-75.09574,5.51898],[-75.09574,5.51898],[-75.09574,5.51898],[-75.09575,5.51898],[-75.09575,5.51898],[-75.09575,5.51897],[-75.09575,5.51881],[-75.09583,5.51872],[-75.09583,5.51872],[-75.09583,5.51872],[-75.096,5.51852],[-75.096,5.51852],[-75.096,5.51851],[-75.096,5.51851],[-75.096,5.51851],[-75.096,5.51851],[-75.09601,5.51851],[-75.09601,5.51851],[-75.09608,5.5183],[-75.09615,5.5182],[-75.09616,5.51819],[-75.09616,5.51819],[-75.09616,5.51819],[-75.09617,5.51819],[-75.09617,5.51819],[-75.09617,5.51819],[-75.09617,5.51818],[-75.09617,5.51818],[-75.09617,5.51818],[-75.09617,5.51818],[-75.09617,5.51818],[-75.09617,5.51818],[-75.0962,5.5181],[-75.0962,5.5181],[-75.0962,5.51809],[-75.0962,5.51809],[-75.0962,5.51809],[-75.09622,5.51803],[-75.09625,5.51792],[-75.09632,5.51785],[-75.09632,5.51785],[-75.09632,5.51785],[-75.09632,5.51785],[-75.09632,5.51785],[-75.09632,5.51784],[-75.09632,5.51784],[-75.09634,5.51781],[-75.09635,5.51781],[-75.09635,5.51781],[-75.09635,5.51781],[-75.09635,5.51781],[-75.09635,5.51781],[-75.09635,5.51781],[-75.09635,5.51781],[-75.09636,5.51781],[-75.09636,5.5178],[-75.09636,5.5178],[-75.09636,5.5178],[-75.09636,5.5178],[-75.09636,5.5178],[-75.09636,5.5178],[-75.09636,5.5178],[-75.09636,5.5178],[-75.09636,5.5178],[-75.09637,5.51779],[-75.09637,5.51779],[-75.09639,5.51775],[-75.09639,5.51775],[-75.09639,5.51775],[-75.09639,5.51774],[-75.09639,5.51774],[-75.09639,5.51774],[-75.09639,5.51774],[-75.09639,5.51774],[-75.09639,5.51774],[-75.09639,5.51773],[-75.09639,5.51773],[-75.09639,5.51773],[-75.09639,5.51773],[-75.09638,5.51772],[-75.09638,5.51772],[-75.09638,5.51772],[-75.09638,5.51772],[-75.09638,5.51772],[-75.09638,5.51734],[-75.09639,5.51732],[-75.09643,5.51729],[-75.09643,5.51729],[-75.09643,5.51729],[-75.09647,5.51726],[-75.09647,5.51725],[-75.09647,5.51725],[-75.09648,5.51725],[-75.09648,5.51725],[-75.09648,5.51725],[-75.09648,5.51725],[-75.09648,5.51725],[-75.09648,5.51725],[-75.09648,5.51724],[-75.09648,5.51724],[-75.09648,5.51724],[-75.09648,5.51724],[-75.09648,5.51724],[-75.0965,5.51716],[-75.0965,5.51716],[-75.0965,5.51716],[-75.0965,5.51716],[-75.0965,5.51716],[-75.0965,5.51715],[-75.0965,5.51715],[-75.09649,5.51693],[-75.09652,5.51693],[-75.09652,5.51693],[-75.09652,5.51693],[-75.09653,5.51693],[-75.09653,5.51693],[-75.09653,5.51693],[-75.09653,5.51693],[-75.09653,5.51693],[-75.09653,5.51692],[-75.09654,5.51692],[-75.09654,5.51692],[-75.09654,5.51692],[-75.09654,5.51692],[-75.09654,5.51692],[-75.09654,5.51691],[-75.09654,5.51691],[-75.09654,5.51691],[-75.09655,5.51691],[-75.09655,5.51691],[-75.09655,5.5169],[-75.09655,5.5169],[-75.09655,5.5169],[-75.09655,5.5169],[-75.09654,5.51679],[-75.09656,5.51671],[-75.09658,5.51667],[-75.09658,5.51667],[-75.09659,5.51667],[-75.09659,5.51667],[-75.09659,5.51667],[-75.09659,5.51666],[-75.09659,5.51666],[-75.09659,5.51665],[-75.0966,5.51664],[-75.0966,5.51664],[-75.0966,5.51664],[-75.0966,5.51664],[-75.0966,5.51664],[-75.0966,5.51664],[-75.0966,5.51664],[-75.09667,5.51646],[-75.09676,5.51638],[-75.09676,5.51638],[-75.09676,5.51638],[-75.09676,5.51638],[-75.09676,5.51638],[-75.09676,5.51637],[-75.09677,5.51637],[-75.09677,5.51637],[-75.09677,5.51637],[-75.09677,5.51637],[-75.09677,5.51637],[-75.09677,5.51637],[-75.09677,5.51637],[-75.09677,5.51636],[-75.09677,5.51636],[-75.09677,5.51636],[-75.09677,5.51625],[-75.09678,5.51623],[-75.09679,5.51621],[-75.0968,5.51621],[-75.0968,5.51621],[-75.0968,5.51621],[-75.0968,5.51621],[-75.0968,5.51621],[-75.0968,5.51621],[-75.0968,5.51621],[-75.0968,5.5162],[-75.0968,5.5162],[-75.09683,5.51611],[-75.09689,5.51608],[-75.09689,5.51608],[-75.09689,5.51608],[-75.09689,5.51608],[-75.09689,5.51608],[-75.0969,5.51608],[-75.0969,5.51608],[-75.0969,5.51607],[-75.0969,5.51607],[-75.0969,5.51607],[-75.0969,5.51607],[-75.09692,5.51603],[-75.09693,5.51603],[-75.09693,5.51603],[-75.09693,5.51603],[-75.09693,5.51603],[-75.097,5.51586],[-75.09709,5.51572],[-75.09717,5.51568],[-75.0972,5.51567],[-75.09733,5.51572],[-75.09739,5.51585],[-75.09739,5.51585],[-75.09739,5.51585],[-75.09739,5.51586],[-75.09739,5.51586],[-75.09739,5.51586],[-75.09744,5.51594],[-75.09744,5.51594],[-75.09744,5.51594],[-75.09744,5.51594],[-75.09744,5.51594],[-75.09744,5.51594],[-75.09744,5.51595],[-75.09744,5.51595],[-75.09744,5.51595],[-75.09744,5.51595],[-75.09755,5.51601],[-75.09758,5.51603],[-75.0976,5.51606],[-75.09766,5.51615],[-75.09766,5.51615],[-75.09766,5.51615],[-75.09766,5.51615],[-75.09766,5.51615],[-75.09767,5.51615],[-75.09767,5.51615],[-75.09767,5.51615],[-75.09767,5.51615],[-75.09767,5.51615],[-75.09767,5.51615],[-75.09774,5.51618],[-75.09774,5.51618],[-75.09774,5.51618],[-75.09774,5.51618],[-75.09774,5.51618],[-75.09774,5.51618],[-75.09775,5.51618],[-75.09775,5.51618],[-75.09775,5.51618],[-75.09803,5.51615],[-75.09803,5.51615],[-75.09803,5.51615],[-75.09803,5.51615],[-75.09804,5.51615],[-75.09804,5.51615],[-75.09804,5.51615],[-75.09814,5.51611],[-75.09814,5.51611],[-75.09814,5.51611],[-75.09814,5.51611],[-75.09814,5.51611],[-75.09815,5.51611],[-75.09815,5.51611],[-75.09815,5.51611],[-75.09815,5.5161],[-75.09815,5.5161],[-75.09815,5.5161],[-75.09815,5.5161],[-75.09815,5.5161],[-75.09815,5.5161],[-75.09815,5.5161],[-75.09815,5.51609],[-75.09817,5.51605],[-75.09817,5.51605],[-75.09817,5.51605],[-75.09817,5.51605],[-75.09817,5.51605],[-75.09817,5.51605],[-75.09817,5.51605],[-75.09818,5.51593],[-75.09822,5.51574],[-75.09822,5.51574],[-75.09822,5.51574],[-75.09822,5.51574],[-75.09822,5.51573],[-75.09822,5.51573],[-75.09822,5.51573],[-75.09822,5.51573],[-75.09822,5.51573],[-75.09822,5.51573],[-75.09818,5.51562],[-75.09814,5.51545],[-75.09817,5.51535],[-75.09817,5.51535],[-75.09817,5.51535],[-75.09817,5.51534],[-75.09817,5.51534],[-75.09817,5.51534],[-75.09817,5.51534],[-75.09818,5.51517],[-75.09828,5.51505],[-75.09834,5.51505],[-75.09834,5.51505],[-75.09834,5.51505],[-75.09835,5.51505],[-75.09835,5.51505],[-75.09835,5.51505],[-75.0984,5.51504],[-75.0984,5.51504],[-75.0984,5.51504],[-75.09841,5.51504],[-75.09841,5.51504],[-75.09841,5.51504],[-75.09841,5.51504],[-75.09841,5.51504],[-75.09841,5.51504],[-75.09841,5.51504],[-75.09842,5.51504],[-75.09842,5.51504],[-75.09848,5.51498],[-75.09848,5.51498],[-75.09848,5.51498],[-75.09848,5.51498],[-75.09848,5.51498],[-75.09848,5.51498],[-75.09851,5.51494],[-75.09851,5.51494],[-75.09851,5.51494],[-75.09851,5.51494],[-75.09851,5.51494],[-75.09854,5.51488],[-75.09854,5.51488],[-75.09855,5.51488],[-75.09855,5.51487],[-75.09855,5.51487],[-75.09855,5.51487],[-75.09855,5.51487],[-75.09855,5.51487],[-75.09855,5.51487],[-75.09855,5.51487],[-75.09855,5.51478],[-75.09855,5.51478],[-75.09855,5.51477],[-75.09855,5.51477],[-75.09855,5.51477],[-75.09855,5.51477],[-75.09855,5.51477],[-75.09854,5.51457],[-75.09854,5.51457],[-75.09854,5.51457],[-75.09854,5.51457],[-75.09854,5.51457],[-75.09853,5.51454],[-75.09864,5.51438],[-75.09864,5.51438],[-75.09865,5.51438],[-75.09865,5.51437],[-75.09865,5.51437],[-75.09865,5.51437],[-75.09865,5.51437],[-75.09865,5.51437],[-75.09865,5.51436],[-75.09865,5.51436],[-75.09865,5.51436],[-75.09865,5.51436],[-75.09865,5.51435],[-75.09865,5.51435],[-75.09861,5.51428],[-75.0986,5.51423],[-75.0986,5.51423],[-75.0986,5.51422],[-75.0986,5.51422],[-75.0986,5.51422],[-75.0986,5.51422],[-75.09859,5.5142],[-75.09859,5.5142],[-75.09859,5.5142],[-75.09859,5.5142],[-75.09859,5.5142],[-75.09859,5.5142],[-75.09859,5.51419],[-75.09859,5.51419],[-75.09859,5.51419],[-75.09859,5.51419],[-75.09859,5.51419],[-75.09858,5.51419],[-75.09843,5.51406],[-75.09841,5.51398],[-75.09845,5.51392],[-75.09845,5.51392],[-75.09845,5.51392],[-75.09845,5.51392],[-75.09845,5.51392],[-75.09849,5.51382],[-75.09849,5.51382],[-75.09849,5.51382],[-75.09849,5.51382],[-75.09849,5.51381],[-75.09849,5.51381],[-75.09849,5.51381],[-75.09849,5.51381],[-75.09849,5.5138],[-75.09849,5.5138],[-75.09849,5.5138],[-75.09849,5.5138],[-75.09849,5.5138],[-75.09849,5.51379],[-75.09849,5.51379],[-75.09849,5.51379],[-75.09848,5.51379],[-75.09848,5.51379],[-75.09848,5.51379],[-75.09848,5.51379],[-75.09848,5.51379],[-75.09848,5.51378],[-75.09848,5.51378],[-75.09848,5.51378],[-75.09847,5.51378],[-75.09847,5.51378],[-75.09847,5.51378],[-75.09847,5.51378],[-75.09847,5.51378],[-75.0984,5.51377],[-75.09837,5.51376],[-75.09832,5.5137],[-75.09833,5.51366],[-75.0984,5.51356],[-75.09851,5.5135],[-75.09857,5.51349],[-75.09863,5.51349],[-75.09863,5.51349],[-75.09863,5.51349],[-75.09863,5.51349],[-75.09863,5.51349],[-75.09863,5.51349],[-75.09876,5.51348],[-75.09884,5.51348],[-75.09884,5.51348],[-75.09884,5.51348],[-75.09884,5.51348],[-75.09885,5.51348],[-75.09885,5.51348],[-75.09885,5.51348],[-75.09885,5.51348],[-75.09885,5.51348],[-75.09885,5.51348],[-75.09885,5.51348],[-75.09885,5.51348],[-75.09886,5.51348],[-75.09886,5.51347],[-75.09886,5.51347],[-75.09887,5.51347],[-75.09887,5.51347],[-75.09887,5.51347],[-75.09887,5.51347],[-75.09887,5.51347],[-75.09888,5.51347],[-75.09888,5.51347],[-75.09888,5.51347],[-75.09891,5.51345],[-75.09891,5.51345],[-75.09891,5.51344],[-75.09892,5.51344],[-75.09892,5.51344],[-75.09892,5.51344],[-75.09892,5.51344],[-75.09892,5.51344],[-75.09892,5.51344],[-75.09892,5.51344],[-75.09896,5.51337],[-75.09896,5.51337],[-75.09896,5.51337],[-75.09897,5.51336],[-75.09897,5.51336],[-75.09897,5.51336],[-75.099,5.51324],[-75.099,5.51324],[-75.099,5.51324],[-75.099,5.51324],[-75.099,5.51324],[-75.099,5.51324],[-75.099,5.51323],[-75.099,5.51323],[-75.099,5.51323],[-75.099,5.51323],[-75.099,5.51323],[-75.099,5.51323],[-75.099,5.51322],[-75.09895,5.5131],[-75.09898,5.513],[-75.09907,5.51297],[-75.09908,5.51297],[-75.09908,5.51297],[-75.09908,5.51297],[-75.09908,5.51297],[-75.09908,5.51297],[-75.09908,5.51297],[-75.09908,5.51297],[-75.09908,5.51297],[-75.09909,5.51297],[-75.09909,5.51296],[-75.09909,5.51296],[-75.09922,5.51281],[-75.09922,5.51281],[-75.09922,5.51281],[-75.09922,5.51281],[-75.09922,5.51281],[-75.09922,5.51281],[-75.09922,5.51281],[-75.09922,5.51281],[-75.09923,5.5128],[-75.09923,5.5128],[-75.09923,5.5128],[-75.09923,5.5128],[-75.09923,5.51279],[-75.09923,5.51279],[-75.09928,5.51266],[-75.09933,5.51257],[-75.09936,5.51255],[-75.09942,5.51256],[-75.09943,5.51256],[-75.09943,5.51256],[-75.09943,5.51256],[-75.09943,5.51256],[-75.09943,5.51256],[-75.09943,5.51256],[-75.09943,5.51256],[-75.09948,5.51255],[-75.0995,5.51255],[-75.09926,5.51304],[-75.09926,5.51304],[-75.09926,5.51304],[-75.09926,5.51304],[-75.09926,5.51304],[-75.09926,5.51305],[-75.09926,5.51305],[-75.09926,5.51305],[-75.09926,5.51305],[-75.09926,5.51305],[-75.09926,5.51305],[-75.09926,5.51305],[-75.09926,5.51306],[-75.09926,5.51306],[-75.09926,5.51306],[-75.09926,5.51306],[-75.09929,5.51314],[-75.09925,5.51334],[-75.09923,5.51344],[-75.09923,5.51344],[-75.09923,5.51345],[-75.09923,5.51345],[-75.09921,5.51357],[-75.09921,5.51357],[-75.09921,5.51357],[-75.09921,5.51357],[-75.09921,5.51357],[-75.09921,5.51358],[-75.09921,5.51358],[-75.09921,5.51358],[-75.09921,5.51358],[-75.09921,5.51358],[-75.09921,5.51358],[-75.09921,5.51358],[-75.09921,5.51359],[-75.09921,5.51359],[-75.09921,5.51359],[-75.09921,5.51359],[-75.09924,5.51363],[-75.09925,5.51369],[-75.09925,5.51369],[-75.09925,5.5137],[-75.09925,5.5137],[-75.09925,5.5137],[-75.09925,5.5137],[-75.09925,5.5137],[-75.09925,5.5137],[-75.09925,5.5137],[-75.09925,5.51371],[-75.09925,5.51371],[-75.09925,5.51371],[-75.09925,5.51371],[-75.09933,5.51381],[-75.09934,5.51387],[-75.09934,5.51387],[-75.09934,5.51388],[-75.09934,5.51388],[-75.09934,5.51388],[-75.09933,5.51388],[-75.09933,5.51388],[-75.09933,5.51388],[-75.09933,5.51388],[-75.09933,5.51388],[-75.09933,5.51388],[-75.09933,5.51388],[-75.09933,5.51389],[-75.09933,5.51389],[-75.09933,5.51389],[-75.09933,5.51389],[-75.09933,5.51389],[-75.09933,5.51389],[-75.09933,5.5139],[-75.09933,5.5139],[-75.09933,5.5139],[-75.09933,5.51392],[-75.09933,5.51393],[-75.09933,5.51393],[-75.09933,5.51393],[-75.09933,5.51393],[-75.09933,5.51393],[-75.09933,5.51393],[-75.09933,5.51393],[-75.09933,5.51394],[-75.09933,5.51394],[-75.09933,5.51394],[-75.09935,5.51396],[-75.09935,5.51396],[-75.09935,5.51396],[-75.09935,5.51396],[-75.09935,5.51396],[-75.09935,5.51397],[-75.09935,5.51397],[-75.09939,5.514],[-75.09939,5.514],[-75.09939,5.514],[-75.0994,5.514],[-75.0994,5.514],[-75.0994,5.514],[-75.0994,5.514],[-75.0994,5.514],[-75.0994,5.51401],[-75.0994,5.51401],[-75.09947,5.51402],[-75.09947,5.51402],[-75.09948,5.51402],[-75.09948,5.51402],[-75.09948,5.51402],[-75.09948,5.51402],[-75.09948,5.51402],[-75.09948,5.51402],[-75.09949,5.51402],[-75.09949,5.51402],[-75.09949,5.51402],[-75.09955,5.514],[-75.09955,5.514],[-75.09955,5.514],[-75.09958,5.51398],[-75.09958,5.51398],[-75.09958,5.51398],[-75.09958,5.51398],[-75.09958,5.51398],[-75.09958,5.51398],[-75.09958,5.51398],[-75.09963,5.51395],[-75.09967,5.51394],[-75.09969,5.51394],[-75.09969,5.51394],[-75.09969,5.51394],[-75.0997,5.51394],[-75.0997,5.51394],[-75.0997,5.51394],[-75.0997,5.51394],[-75.0997,5.51394],[-75.0997,5.51394],[-75.0997,5.51394],[-75.0997,5.51393],[-75.09971,5.51393],[-75.09975,5.5139],[-75.09979,5.51388],[-75.09979,5.51388],[-75.09979,5.51387],[-75.09979,5.51387],[-75.0998,5.51387],[-75.0998,5.51387],[-75.0998,5.51387],[-75.0998,5.51387],[-75.0998,5.51387],[-75.0998,5.51386],[-75.0998,5.51386],[-75.0998,5.51386],[-75.0998,5.51386],[-75.0998,5.51386],[-75.0998,5.51386],[-75.0998,5.51386],[-75.0998,5.51385],[-75.0998,5.51385],[-75.0998,5.51385],[-75.0998,5.51375],[-75.0998,5.51375],[-75.0998,5.51375],[-75.0998,5.51374],[-75.09979,5.51372],[-75.0998,5.51369],[-75.0998,5.51369],[-75.0998,5.51369],[-75.0998,5.51369],[-75.0998,5.51369],[-75.0998,5.51369],[-75.0998,5.51369],[-75.09979,5.51363],[-75.09979,5.51356],[-75.09984,5.51353],[-75.09984,5.51353],[-75.09984,5.51353],[-75.09984,5.51353],[-75.09984,5.51353],[-75.09995,5.51345],[-75.1,5.51343],[-75.1,5.51343],[-75.1,5.51343],[-75.1,5.51343],[-75.1,5.51343],[-75.1,5.51343],[-75.10011,5.51334],[-75.10011,5.51334],[-75.10011,5.51334],[-75.10011,5.51334],[-75.10011,5.51333],[-75.10012,5.51333],[-75.10012,5.51333],[-75.10012,5.51333],[-75.10012,5.51333],[-75.10012,5.51333],[-75.10012,5.51333],[-75.10012,5.51332],[-75.10012,5.51332],[-75.10012,5.51332],[-75.10014,5.51321],[-75.10015,5.51318],[-75.10019,5.5131],[-75.10019,5.5131],[-75.10019,5.5131],[-75.10019,5.51308],[-75.10028,5.51303],[-75.10037,5.51298],[-75.10044,5.51294],[-75.10044,5.51294],[-75.10044,5.51294],[-75.10044,5.51294],[-75.10044,5.51294],[-75.10044,5.51294],[-75.10044,5.51294],[-75.1005,5.51291],[-75.10056,5.51288],[-75.10056,5.51288],[-75.10056,5.51288],[-75.10056,5.51288],[-75.10056,5.51287],[-75.10056,5.51287],[-75.10063,5.51282],[-75.10071,5.51274],[-75.10088,5.51262],[-75.10088,5.51262],[-75.10088,5.51262],[-75.10088,5.51262],[-75.10088,5.51262],[-75.10088,5.51261],[-75.10088,5.51261],[-75.10089,5.51261],[-75.10094,5.51249],[-75.10094,5.51249],[-75.10094,5.51249],[-75.10094,5.51249],[-75.10094,5.51249],[-75.10094,5.51249],[-75.10095,5.51248],[-75.10095,5.51248],[-75.10095,5.51248],[-75.10095,5.51248],[-75.10095,5.51243],[-75.10095,5.51242],[-75.10095,5.51242],[-75.10095,5.51236],[-75.10096,5.51234],[-75.10099,5.5123],[-75.10099,5.51229],[-75.10099,5.51229],[-75.10099,5.51229],[-75.10099,5.51229],[-75.10101,5.51224],[-75.10103,5.51222],[-75.10107,5.51223],[-75.10107,5.51223],[-75.10107,5.51223],[-75.10107,5.51223],[-75.10121,5.51226],[-75.10121,5.51226],[-75.10121,5.51226],[-75.10121,5.51226],[-75.10121,5.51226],[-75.10121,5.51226],[-75.10122,5.51226],[-75.10136,5.51224],[-75.1014,5.51224],[-75.1014,5.51224],[-75.1014,5.51224],[-75.1014,5.51224],[-75.1014,5.51224],[-75.1014,5.51224],[-75.1014,5.51224],[-75.10141,5.51224],[-75.10141,5.51224],[-75.10141,5.51224],[-75.10148,5.51221],[-75.10155,5.51223],[-75.10161,5.51228],[-75.10161,5.51228],[-75.10161,5.51228],[-75.10161,5.51228],[-75.10161,5.51228],[-75.10162,5.51229],[-75.10162,5.51229],[-75.10162,5.51229],[-75.10162,5.51229],[-75.10168,5.51231],[-75.10167,5.51235],[-75.10166,5.51237],[-75.10159,5.5124],[-75.10156,5.51241],[-75.10156,5.51241],[-75.10156,5.51241],[-75.10155,5.51242],[-75.10155,5.51242],[-75.10155,5.51242],[-75.10155,5.51242],[-75.10155,5.51242],[-75.10155,5.51242],[-75.10154,5.51242],[-75.10154,5.51242],[-75.10154,5.51242],[-75.10154,5.51243],[-75.10154,5.51243],[-75.10154,5.51243],[-75.10154,5.51243],[-75.10154,5.51243],[-75.10154,5.51243],[-75.10154,5.51243],[-75.10154,5.51243],[-75.10153,5.51248],[-75.10153,5.51248],[-75.10153,5.51248],[-75.10153,5.51249],[-75.10153,5.51249],[-75.10153,5.51249],[-75.10153,5.51249],[-75.10153,5.51249],[-75.10154,5.51256],[-75.10154,5.51256],[-75.10154,5.51256],[-75.10154,5.51257],[-75.10154,5.51257],[-75.10154,5.51257],[-75.10154,5.51257],[-75.10154,5.51257],[-75.10154,5.51257],[-75.10154,5.51258],[-75.10155,5.51258],[-75.10155,5.51258],[-75.1016,5.51263],[-75.1016,5.51263],[-75.1016,5.51263],[-75.1016,5.51263],[-75.1016,5.51263],[-75.1016,5.51263],[-75.1016,5.51264],[-75.1016,5.51264],[-75.1016,5.51264],[-75.10161,5.51264],[-75.10161,5.51264],[-75.10161,5.51264],[-75.10161,5.51264],[-75.10161,5.51264],[-75.10161,5.51264],[-75.10169,5.51265],[-75.10171,5.51267],[-75.10171,5.51267],[-75.10172,5.51267],[-75.10172,5.51267],[-75.10172,5.51267],[-75.10172,5.51267],[-75.10172,5.51267],[-75.10172,5.51267],[-75.10172,5.51267],[-75.10172,5.51267],[-75.10173,5.51267],[-75.10173,5.51267],[-75.10173,5.51267],[-75.10173,5.51267],[-75.10173,5.51267],[-75.10173,5.51267],[-75.10178,5.51267],[-75.10186,5.51266],[-75.10188,5.51266],[-75.10188,5.51266],[-75.10187,5.51275],[-75.10172,5.51291],[-75.10172,5.51291],[-75.10172,5.51291],[-75.10172,5.51291],[-75.10172,5.51291],[-75.10172,5.51291],[-75.10171,5.51292],[-75.10171,5.51292],[-75.10171,5.51292],[-75.10171,5.51292],[-75.10163,5.51317],[-75.10156,5.51338],[-75.10151,5.51348],[-75.10151,5.51348],[-75.10151,5.51348],[-75.10151,5.51348],[-75.10151,5.51349],[-75.10151,5.51349],[-75.10151,5.51349],[-75.10151,5.51349],[-75.10151,5.51349],[-75.10151,5.51349],[-75.10151,5.5135],[-75.10151,5.5135],[-75.10151,5.5135],[-75.10151,5.5135],[-75.10151,5.5135],[-75.10151,5.5135],[-75.10151,5.5135],[-75.10151,5.51351],[-75.10151,5.51351],[-75.10151,5.51351],[-75.10167,5.51376],[-75.10177,5.51396],[-75.10177,5.51396],[-75.10177,5.51396],[-75.10178,5.51396],[-75.10178,5.51396],[-75.1019,5.51413],[-75.10194,5.51433],[-75.10194,5.51441],[-75.10191,5.51456],[-75.10191,5.51456],[-75.10191,5.51456],[-75.1019,5.51464],[-75.1019,5.51464],[-75.1019,5.51464],[-75.1019,5.51464],[-75.1019,5.51464],[-75.1019,5.51465],[-75.1019,5.51465],[-75.1019,5.51465],[-75.1019,5.51465],[-75.1019,5.51465],[-75.10196,5.51487],[-75.10201,5.51509],[-75.10205,5.51527],[-75.10205,5.51527],[-75.10205,5.51528],[-75.10205,5.51528],[-75.10205,5.51528],[-75.10205,5.51528],[-75.10219,5.51561],[-75.10216,5.5158],[-75.10216,5.5158],[-75.10216,5.5158],[-75.10216,5.5158],[-75.10216,5.5158],[-75.10216,5.5158],[-75.10216,5.5158],[-75.10216,5.51581],[-75.10216,5.51581],[-75.10216,5.51581],[-75.10216,5.51581],[-75.10216,5.51581],[-75.10216,5.51581],[-75.10217,5.51581],[-75.10217,5.51582],[-75.10217,5.51582],[-75.10217,5.51582],[-75.10217,5.51582],[-75.10217,5.51582],[-75.10218,5.51582],[-75.10218,5.51582],[-75.10218,5.51583],[-75.10218,5.51583],[-75.10218,5.51583],[-75.10218,5.51583],[-75.10218,5.51583],[-75.10219,5.51583],[-75.10219,5.51583],[-75.10226,5.51583],[-75.10235,5.51589],[-75.10238,5.51592],[-75.10239,5.51604],[-75.10239,5.51604],[-75.10239,5.51604],[-75.10239,5.51604],[-75.1024,5.51609],[-75.1024,5.51609],[-75.1024,5.51609],[-75.1024,5.5161],[-75.1024,5.5161],[-75.1024,5.5161],[-75.1024,5.5161],[-75.1024,5.5161],[-75.1024,5.5161],[-75.1024,5.5161],[-75.1024,5.5161],[-75.1024,5.51611],[-75.10243,5.51613],[-75.10243,5.51613],[-75.10243,5.51613],[-75.10243,5.51614],[-75.10244,5.51614],[-75.10244,5.51614],[-75.10244,5.51614],[-75.10244,5.51614],[-75.10244,5.51614],[-75.10244,5.51614],[-75.10244,5.51614],[-75.10245,5.51614],[-75.10245,5.51614],[-75.10245,5.51614],[-75.10245,5.51614],[-75.10245,5.51614],[-75.10245,5.51614],[-75.10246,5.51614],[-75.10246,5.51614],[-75.10246,5.51614],[-75.10246,5.51614],[-75.10246,5.51614],[-75.10246,5.51614],[-75.10246,5.51613],[-75.10247,5.51613],[-75.10247,5.51613],[-75.10256,5.51605],[-75.10256,5.51605],[-75.10256,5.51605],[-75.10256,5.51605],[-75.10267,5.51595],[-75.10286,5.51618],[-75.10286,5.51618],[-75.10286,5.51618],[-75.10287,5.51618],[-75.10266,5.51673],[-75.10261,5.51687],[-75.10255,5.51704],[-75.10235,5.51782],[-75.10201,5.51866],[-75.10172,5.51974],[-75.10154,5.5219],[-75.10154,5.52191],[-75.1017,5.52211],[-75.10145,5.52299],[-75.10188,5.52329],[-75.0988,5.52317],[-75.09786,5.52362]]]]},"properties":{"OBJECTID_1":3,"OBJECTID":3,"st_length_":0.669600162943,"COD_ZONA":"ZnRN","NOM_ZONA":"Zona Recuperacion Natural","ID_PNN":"pSFL","Hectareas":4050.87847967,"Shape_Leng":1.76608549591,"Shape_Length":195476.03421164333,"Shape_Area":40484615.35640577}},{"type":"Feature","id":4,"geometry":{"type":"MultiPolygon","coordinates":[[[[-75.01474,5.48688],[-75.01474,5.48688],[-75.01474,5.48688],[-75.01474,5.48688],[-75.01474,5.48688],[-75.01474,5.48688],[-75.0148,5.48687],[-75.0148,5.48687],[-75.0148,5.48687],[-75.01485,5.48685],[-75.01492,5.48684],[-75.01492,5.48684],[-75.01492,5.48684],[-75.01492,5.48684],[-75.01492,5.48684],[-75.01497,5.4868],[-75.01504,5.48677],[-75.01504,5.48677],[-75.01504,5.48677],[-75.01508,5.48674],[-75.01509,5.48674],[-75.01509,5.48674],[-75.01509,5.48674],[-75.01509,5.48674],[-75.01513,5.48672],[-75.01525,5.4867],[-75.01529,5.48666],[-75.01534,5.48661],[-75.0154,5.48656],[-75.01546,5.48653],[-75.0155,5.4865],[-75.01547,5.4865],[-75.01547,5.4865],[-75.01547,5.4865],[-75.01547,5.4865],[-75.01547,5.4865],[-75.01547,5.4865],[-75.01544,5.48652],[-75.01544,5.48652],[-75.01534,5.4866],[-75.01533,5.4866],[-75.01533,5.4866],[-75.01533,5.4866],[-75.01532,5.48663],[-75.01528,5.48665],[-75.01528,5.48665],[-75.01528,5.48665],[-75.01525,5.48669],[-75.01514,5.4867],[-75.01513,5.4867],[-75.01513,5.4867],[-75.01513,5.4867],[-75.01512,5.4867],[-75.01512,5.4867],[-75.01508,5.48673],[-75.01507,5.48673],[-75.01507,5.48673],[-75.01507,5.48673],[-75.01507,5.48673],[-75.01503,5.48675],[-75.01496,5.48678],[-75.01496,5.48678],[-75.01496,5.48678],[-75.01491,5.48682],[-75.01485,5.48683],[-75.01484,5.48683],[-75.01484,5.48683],[-75.01479,5.48685],[-75.01474,5.48686],[-75.0146,5.48677],[-75.01458,5.4867],[-75.01458,5.4867],[-75.01458,5.48669],[-75.01455,5.48662],[-75.01454,5.48662],[-75.01454,5.48662],[-75.01452,5.48659],[-75.01449,5.48654],[-75.01449,5.48654],[-75.01448,5.48654],[-75.01446,5.48652],[-75.01442,5.48646],[-75.01442,5.48646],[-75.01442,5.48646],[-75.01437,5.48642],[-75.01431,5.48633],[-75.0143,5.48629],[-75.0143,5.48629],[-75.0143,5.48629],[-75.0143,5.48629],[-75.01429,5.48629],[-75.01427,5.48627],[-75.01427,5.48627],[-75.01427,5.48627],[-75.01415,5.48621],[-75.01415,5.48621],[-75.01414,5.48621],[-75.01414,5.48621],[-75.01409,5.48621],[-75.01409,5.48621],[-75.01409,5.48621],[-75.01404,5.48621],[-75.01404,5.48621],[-75.01404,5.48621],[-75.01395,5.48621],[-75.01389,5.48621],[-75.01384,5.48621],[-75.01384,5.48621],[-75.01384,5.48621],[-75.01379,5.48622],[-75.01376,5.48621],[-75.01374,5.48619],[-75.01374,5.48619],[-75.01374,5.48619],[-75.01373,5.48619],[-75.01373,5.48619],[-75.01373,5.48619],[-75.01373,5.48619],[-75.01373,5.48619],[-75.01368,5.48622],[-75.01367,5.48622],[-75.01367,5.48622],[-75.01367,5.48622],[-75.01367,5.48622],[-75.01367,5.48622],[-75.01367,5.48622],[-75.01367,5.48622],[-75.01367,5.48622],[-75.01367,5.48628],[-75.01366,5.48629],[-75.01361,5.48626],[-75.0136,5.48623],[-75.01362,5.4862],[-75.01362,5.4862],[-75.01362,5.4862],[-75.01362,5.4862],[-75.01362,5.4862],[-75.01362,5.48615],[-75.01367,5.48606],[-75.01367,5.48606],[-75.01368,5.48606],[-75.01371,5.48598],[-75.01388,5.48585],[-75.01388,5.48585],[-75.01397,5.48576],[-75.01397,5.48576],[-75.01397,5.48576],[-75.01397,5.48576],[-75.01397,5.48576],[-75.01397,5.48576],[-75.01397,5.48575],[-75.01397,5.48575],[-75.01397,5.48575],[-75.01397,5.48575],[-75.01397,5.48575],[-75.01397,5.48575],[-75.01397,5.48575],[-75.01397,5.48575],[-75.01391,5.48573],[-75.01391,5.48573],[-75.01391,5.48573],[-75.01388,5.48573],[-75.01379,5.48571],[-75.01379,5.48571],[-75.01379,5.48571],[-75.01375,5.48571],[-75.01364,5.48569],[-75.01364,5.48569],[-75.01364,5.48569],[-75.01364,5.48569],[-75.01355,5.48572],[-75.01352,5.48572],[-75.01346,5.48572],[-75.01346,5.48572],[-75.01346,5.48572],[-75.01346,5.48572],[-75.01345,5.48572],[-75.0134,5.48576],[-75.0134,5.48576],[-75.0134,5.48576],[-75.01331,5.48584],[-75.0133,5.48584],[-75.0133,5.48584],[-75.0133,5.48584],[-75.0133,5.48584],[-75.0133,5.48584],[-75.0133,5.48584],[-75.0133,5.48585],[-75.01334,5.48596],[-75.01333,5.486],[-75.01333,5.486],[-75.0133,5.48606],[-75.01325,5.48615],[-75.01318,5.48625],[-75.01318,5.48625],[-75.01318,5.48625],[-75.01315,5.48632],[-75.01315,5.48633],[-75.01315,5.48633],[-75.01315,5.48633],[-75.01315,5.48633],[-75.01317,5.48644],[-75.01311,5.48649],[-75.01303,5.48656],[-75.0129,5.48663],[-75.0129,5.48663],[-75.0129,5.48663],[-75.01282,5.48669],[-75.01282,5.48669],[-75.01282,5.48669],[-75.01282,5.48669],[-75.01282,5.48669],[-75.01282,5.48669],[-75.01282,5.48669],[-75.01281,5.48674],[-75.01281,5.48674],[-75.01281,5.48675],[-75.01281,5.48675],[-75.01282,5.48675],[-75.01282,5.48675],[-75.01282,5.48675],[-75.01282,5.48675],[-75.01282,5.48675],[-75.01282,5.48675],[-75.01282,5.48675],[-75.01283,5.48675],[-75.01283,5.48675],[-75.01283,5.48675],[-75.01283,5.48675],[-75.01283,5.48675],[-75.01283,5.48675],[-75.01283,5.48674],[-75.01283,5.48674],[-75.01283,5.4867],[-75.01291,5.48664],[-75.01304,5.48657],[-75.01304,5.48657],[-75.01304,5.48657],[-75.01312,5.4865],[-75.01312,5.4865],[-75.01319,5.48645],[-75.01319,5.48645],[-75.01319,5.48644],[-75.01319,5.48644],[-75.01319,5.48644],[-75.01319,5.48644],[-75.01319,5.48644],[-75.01317,5.48633],[-75.01319,5.48626],[-75.01326,5.48616],[-75.01326,5.48616],[-75.01332,5.48607],[-75.01332,5.48607],[-75.01332,5.48607],[-75.01334,5.486],[-75.01336,5.48596],[-75.01336,5.48596],[-75.01336,5.48596],[-75.01336,5.48596],[-75.01336,5.48595],[-75.01332,5.48585],[-75.01341,5.48577],[-75.01346,5.48574],[-75.01352,5.48574],[-75.01352,5.48574],[-75.01352,5.48574],[-75.01355,5.48573],[-75.01355,5.48573],[-75.01355,5.48573],[-75.01364,5.48571],[-75.01375,5.48573],[-75.01375,5.48573],[-75.01375,5.48573],[-75.01379,5.48573],[-75.01388,5.48575],[-75.01388,5.48575],[-75.01388,5.48575],[-75.01391,5.48575],[-75.01395,5.48576],[-75.01387,5.48583],[-75.0137,5.48597],[-75.0137,5.48597],[-75.0137,5.48597],[-75.0137,5.48597],[-75.01366,5.48605],[-75.0136,5.48614],[-75.0136,5.48614],[-75.0136,5.48614],[-75.0136,5.48614],[-75.0136,5.48614],[-75.0136,5.48619],[-75.01358,5.48622],[-75.01358,5.48622],[-75.01358,5.48622],[-75.01358,5.48622],[-75.01358,5.48622],[-75.01358,5.48623],[-75.01358,5.48623],[-75.0136,5.48627],[-75.0136,5.48627],[-75.0136,5.48627],[-75.0136,5.48627],[-75.0136,5.48627],[-75.0136,5.48627],[-75.01365,5.48631],[-75.01365,5.48631],[-75.01365,5.48631],[-75.01366,5.48631],[-75.01366,5.48631],[-75.01366,5.48631],[-75.01366,5.48631],[-75.01366,5.48631],[-75.01369,5.48629],[-75.01369,5.48629],[-75.01369,5.48629],[-75.01369,5.48628],[-75.01369,5.48628],[-75.01369,5.48628],[-75.01369,5.48628],[-75.01369,5.48623],[-75.01373,5.48621],[-75.01375,5.48623],[-75.01375,5.48623],[-75.01375,5.48623],[-75.01375,5.48623],[-75.01375,5.48623],[-75.01375,5.48623],[-75.01379,5.48624],[-75.01379,5.48624],[-75.0138,5.48624],[-75.01384,5.48623],[-75.01389,5.48623],[-75.01389,5.48623],[-75.01395,5.48623],[-75.01395,5.48623],[-75.01404,5.48622],[-75.01409,5.48622],[-75.01414,5.48623],[-75.01426,5.48629],[-75.01428,5.4863],[-75.0143,5.48634],[-75.0143,5.48634],[-75.0143,5.48634],[-75.01436,5.48643],[-75.01436,5.48643],[-75.01436,5.48643],[-75.01441,5.48647],[-75.01444,5.48653],[-75.01445,5.48653],[-75.01445,5.48653],[-75.01447,5.48655],[-75.0145,5.4866],[-75.0145,5.4866],[-75.01453,5.48663],[-75.01457,5.4867],[-75.01459,5.48678],[-75.01459,5.48678],[-75.01459,5.48678],[-75.01459,5.48678],[-75.01459,5.48678],[-75.0147,5.48686],[-75.01474,5.48688]]],[[[-75.0346,5.51304],[-75.03458,5.51305],[-75.03457,5.51306],[-75.03456,5.51306],[-75.03456,5.51306],[-75.03456,5.51306],[-75.03456,5.51307],[-75.03456,5.51307],[-75.03456,5.5131],[-75.03453,5.51317],[-75.03453,5.51318],[-75.03453,5.51319],[-75.03454,5.5132],[-75.03455,5.51318],[-75.03455,5.51317],[-75.03458,5.5131],[-75.03458,5.5131],[-75.03458,5.5131],[-75.03458,5.5131],[-75.03458,5.51307],[-75.0346,5.51304],[-75.0346,5.51304]]],[[[-75.03551,5.51368],[-75.03553,5.51371],[-75.03558,5.51375],[-75.03558,5.51376],[-75.0356,5.51377],[-75.0356,5.51377],[-75.0356,5.51377],[-75.0356,5.51377],[-75.0356,5.51375],[-75.0356,5.51375],[-75.0356,5.51375],[-75.0356,5.51375],[-75.0356,5.51375],[-75.0356,5.51374],[-75.0356,5.51374],[-75.03555,5.5137],[-75.03555,5.5137],[-75.03551,5.51366],[-75.03551,5.51368]]],[[[-75.03574,5.51411],[-75.03578,5.51412],[-75.03596,5.51396],[-75.03609,5.51381],[-75.03609,5.51381],[-75.03609,5.51381],[-75.03609,5.51381],[-75.03609,5.51381],[-75.03609,5.51381],[-75.03609,5.5138],[-75.03608,5.51374],[-75.03608,5.51374],[-75.03606,5.51365],[-75.03606,5.51365],[-75.03606,5.51365],[-75.03603,5.51356],[-75.03602,5.51344],[-75.03602,5.51344],[-75.03599,5.51328],[-75.03599,5.51313],[-75.03605,5.51302],[-75.03605,5.51302],[-75.03605,5.51302],[-75.03607,5.51294],[-75.03615,5.51288],[-75.03615,5.51288],[-75.03615,5.51288],[-75.03623,5.51278],[-75.03633,5.51269],[-75.03644,5.5126],[-75.03653,5.51259],[-75.03658,5.51262],[-75.03665,5.5127],[-75.03665,5.5127],[-75.03665,5.5127],[-75.03666,5.51272],[-75.03676,5.51282],[-75.03676,5.51283],[-75.03676,5.51283],[-75.03686,5.51289],[-75.03686,5.51289],[-75.03686,5.51289],[-75.03686,5.51289],[-75.03694,5.5129],[-75.03701,5.51291],[-75.03701,5.51291],[-75.03702,5.51291],[-75.03702,5.51291],[-75.03702,5.51291],[-75.03702,5.51291],[-75.03702,5.51291],[-75.03702,5.51291],[-75.03702,5.5129],[-75.03702,5.5129],[-75.03703,5.5129],[-75.03703,5.5129],[-75.03703,5.5129],[-75.03704,5.51288],[-75.03719,5.5128],[-75.03719,5.5128],[-75.03719,5.5128],[-75.03719,5.51279],[-75.03719,5.51279],[-75.03719,5.51279],[-75.03719,5.51279],[-75.03722,5.51263],[-75.03724,5.51257],[-75.03729,5.51253],[-75.03729,5.51253],[-75.03737,5.51246],[-75.0375,5.51237],[-75.03762,5.51237],[-75.03772,5.5124],[-75.03775,5.51248],[-75.03776,5.51248],[-75.03776,5.51248],[-75.03776,5.51248],[-75.03776,5.51248],[-75.03776,5.51249],[-75.03776,5.51249],[-75.03776,5.51249],[-75.03789,5.51248],[-75.03789,5.51248],[-75.03789,5.51248],[-75.03789,5.51248],[-75.03809,5.51238],[-75.03815,5.51239],[-75.03815,5.51239],[-75.03815,5.51239],[-75.03828,5.51238],[-75.0383,5.51239],[-75.03852,5.51253],[-75.03852,5.51253],[-75.03853,5.51253],[-75.03853,5.51253],[-75.03866,5.51255],[-75.03866,5.51255],[-75.03867,5.51255],[-75.03867,5.51255],[-75.03867,5.51255],[-75.03867,5.51255],[-75.03867,5.51255],[-75.03867,5.51255],[-75.03867,5.51254],[-75.03867,5.51254],[-75.03867,5.51254],[-75.03867,5.51254],[-75.03867,5.51254],[-75.03867,5.51254],[-75.0386,5.51241],[-75.0386,5.51241],[-75.0386,5.51241],[-75.03843,5.51214],[-75.03843,5.51214],[-75.03843,5.51214],[-75.03843,5.51214],[-75.03834,5.51209],[-75.03828,5.51198],[-75.03828,5.51198],[-75.03828,5.51198],[-75.03825,5.51192],[-75.03824,5.51177],[-75.03824,5.51177],[-75.03824,5.51177],[-75.03821,5.51165],[-75.0382,5.51164],[-75.0382,5.51164],[-75.0382,5.51164],[-75.03817,5.51158],[-75.03816,5.51152],[-75.03815,5.51151],[-75.03815,5.5115],[-75.03815,5.5115],[-75.03809,5.51136],[-75.03809,5.51135],[-75.03809,5.51135],[-75.03809,5.51135],[-75.03809,5.51135],[-75.03808,5.51135],[-75.0381,5.51127],[-75.0381,5.51127],[-75.0381,5.51127],[-75.03811,5.51112],[-75.03814,5.51104],[-75.03823,5.51099],[-75.03823,5.51099],[-75.03823,5.51099],[-75.03827,5.51096],[-75.03835,5.51098],[-75.03843,5.51105],[-75.03845,5.5111],[-75.03845,5.5111],[-75.03845,5.5111],[-75.03846,5.5111],[-75.03846,5.5111],[-75.03846,5.5111],[-75.03854,5.51114],[-75.03854,5.51114],[-75.03854,5.51114],[-75.03863,5.51117],[-75.0388,5.51125],[-75.0388,5.51126],[-75.0388,5.51126],[-75.0388,5.51126],[-75.03888,5.51125],[-75.03888,5.51125],[-75.03888,5.51125],[-75.03888,5.51125],[-75.03888,5.51125],[-75.03888,5.51125],[-75.03888,5.51125],[-75.03888,5.51125],[-75.03891,5.51119],[-75.03891,5.51119],[-75.03891,5.51119],[-75.03893,5.51106],[-75.03895,5.5109],[-75.03903,5.51083],[-75.03911,5.5108],[-75.03917,5.51077],[-75.03917,5.51077],[-75.03917,5.51077],[-75.03917,5.51077],[-75.03931,5.5106],[-75.03947,5.51051],[-75.0395,5.5105],[-75.0395,5.5105],[-75.0395,5.5105],[-75.0395,5.51049],[-75.0395,5.51049],[-75.0395,5.51049],[-75.03953,5.51042],[-75.03953,5.51042],[-75.03953,5.51042],[-75.03953,5.51042],[-75.03953,5.51042],[-75.03953,5.51041],[-75.03953,5.51041],[-75.03953,5.51041],[-75.03953,5.51041],[-75.03953,5.51041],[-75.03953,5.51041],[-75.03952,5.51041],[-75.03952,5.51041],[-75.03935,5.51041],[-75.0392,5.5103],[-75.03911,5.51021],[-75.03911,5.51021],[-75.03911,5.51021],[-75.03911,5.51021],[-75.03891,5.51013],[-75.03883,5.51005],[-75.03883,5.51005],[-75.03883,5.51005],[-75.03883,5.51005],[-75.03872,5.51],[-75.03863,5.50986],[-75.03858,5.50972],[-75.03857,5.50967],[-75.03852,5.50952],[-75.03853,5.50944],[-75.03866,5.50945],[-75.03877,5.50949],[-75.03877,5.50949],[-75.03895,5.50952],[-75.03895,5.50952],[-75.03896,5.50952],[-75.03896,5.50952],[-75.03896,5.50952],[-75.03896,5.50952],[-75.03896,5.50952],[-75.03896,5.50952],[-75.03905,5.50941],[-75.03905,5.50941],[-75.03905,5.5094],[-75.03905,5.5094],[-75.03905,5.5094],[-75.03905,5.50924],[-75.03908,5.50919],[-75.03912,5.50913],[-75.03913,5.50913],[-75.03913,5.50913],[-75.03913,5.50912],[-75.03915,5.50895],[-75.03915,5.50895],[-75.03915,5.50895],[-75.03915,5.50895],[-75.03915,5.50895],[-75.03915,5.50894],[-75.03904,5.50882],[-75.03899,5.50872],[-75.039,5.50866],[-75.03908,5.50854],[-75.03917,5.5085],[-75.03917,5.5085],[-75.03917,5.5085],[-75.03917,5.5085],[-75.03917,5.5085],[-75.03922,5.50842],[-75.03922,5.50842],[-75.03922,5.50841],[-75.03925,5.50829],[-75.03931,5.50821],[-75.0394,5.50823],[-75.03956,5.50832],[-75.03965,5.50838],[-75.03965,5.50838],[-75.03971,5.50841],[-75.03978,5.50846],[-75.03983,5.5085],[-75.03983,5.5085],[-75.03983,5.5085],[-75.03983,5.5085],[-75.03983,5.5085],[-75.03984,5.5085],[-75.03999,5.50849],[-75.03999,5.50849],[-75.03999,5.50849],[-75.04027,5.50842],[-75.04027,5.50842],[-75.04028,5.50842],[-75.04028,5.50842],[-75.04028,5.50842],[-75.04028,5.50842],[-75.04028,5.50842],[-75.04028,5.50842],[-75.04028,5.50842],[-75.04028,5.50841],[-75.04026,5.50828],[-75.04026,5.50828],[-75.04026,5.50828],[-75.04024,5.50816],[-75.04024,5.50816],[-75.04024,5.50816],[-75.04024,5.50816],[-75.04018,5.50807],[-75.04017,5.50801],[-75.04017,5.50801],[-75.04017,5.508],[-75.04014,5.5079],[-75.04014,5.5079],[-75.04009,5.50775],[-75.04017,5.50765],[-75.04019,5.50762],[-75.04032,5.50758],[-75.04032,5.50758],[-75.04032,5.50758],[-75.04032,5.50758],[-75.04032,5.50758],[-75.04032,5.50758],[-75.04032,5.50757],[-75.04041,5.50734],[-75.04041,5.50733],[-75.04041,5.50733],[-75.04043,5.50718],[-75.04043,5.50718],[-75.04043,5.50718],[-75.0404,5.50706],[-75.0404,5.50701],[-75.0404,5.50695],[-75.0404,5.50695],[-75.04039,5.50679],[-75.04039,5.50678],[-75.04039,5.50678],[-75.04038,5.50678],[-75.04038,5.50678],[-75.0403,5.50669],[-75.0403,5.50668],[-75.0403,5.50668],[-75.0403,5.50668],[-75.04017,5.50663],[-75.04016,5.50653],[-75.04016,5.50653],[-75.04011,5.50631],[-75.04011,5.50631],[-75.04003,5.5061],[-75.04002,5.50601],[-75.04002,5.50601],[-75.04002,5.50601],[-75.04002,5.50601],[-75.04002,5.50601],[-75.04002,5.506],[-75.04003,5.50594],[-75.04007,5.50589],[-75.04014,5.50582],[-75.04014,5.50582],[-75.04014,5.50582],[-75.04021,5.50574],[-75.04033,5.50562],[-75.04044,5.50554],[-75.04044,5.50554],[-75.04055,5.50544],[-75.04055,5.50544],[-75.04055,5.50544],[-75.04061,5.50536],[-75.04062,5.50536],[-75.04062,5.50536],[-75.04062,5.50535],[-75.04068,5.50519],[-75.04068,5.50518],[-75.04068,5.50518],[-75.04068,5.50518],[-75.04068,5.50518],[-75.04068,5.50518],[-75.04067,5.50518],[-75.04059,5.50505],[-75.04059,5.50505],[-75.04059,5.50505],[-75.04051,5.50498],[-75.0405,5.50497],[-75.04041,5.50486],[-75.04034,5.50473],[-75.04034,5.50473],[-75.04034,5.50473],[-75.04034,5.50473],[-75.04034,5.50473],[-75.04033,5.50473],[-75.04033,5.50473],[-75.04011,5.50469],[-75.04006,5.50463],[-75.04002,5.50449],[-75.03999,5.50439],[-75.04003,5.50434],[-75.04003,5.50434],[-75.04003,5.50434],[-75.04003,5.50434],[-75.04003,5.50434],[-75.04004,5.50418],[-75.04004,5.50418],[-75.04004,5.50417],[-75.04004,5.50417],[-75.04004,5.50417],[-75.04003,5.50417],[-75.04003,5.50417],[-75.03993,5.50409],[-75.03992,5.50409],[-75.03992,5.50409],[-75.03992,5.50409],[-75.03992,5.50409],[-75.03973,5.5041],[-75.03963,5.50408],[-75.03956,5.504],[-75.03956,5.504],[-75.03938,5.50382],[-75.03942,5.50382],[-75.03947,5.50384],[-75.03959,5.5039],[-75.0396,5.5039],[-75.0396,5.5039],[-75.03967,5.50392],[-75.03967,5.50392],[-75.03967,5.50392],[-75.03967,5.50392],[-75.03967,5.50392],[-75.03983,5.50387],[-75.03984,5.50387],[-75.03984,5.50387],[-75.03984,5.50387],[-75.03984,5.50387],[-75.03987,5.50382],[-75.03987,5.50382],[-75.03987,5.50382],[-75.03987,5.50382],[-75.03987,5.50382],[-75.03987,5.50382],[-75.03985,5.50373],[-75.03984,5.50362],[-75.03984,5.50362],[-75.03984,5.50362],[-75.03983,5.50351],[-75.03982,5.50345],[-75.03983,5.50343],[-75.03983,5.50339],[-75.03983,5.50339],[-75.03984,5.50338],[-75.03984,5.50338],[-75.03984,5.50337],[-75.03984,5.50337],[-75.03984,5.50337],[-75.03984,5.50337],[-75.03985,5.50331],[-75.03989,5.50326],[-75.03989,5.50326],[-75.03989,5.50326],[-75.03989,5.50326],[-75.03989,5.50314],[-75.03989,5.50314],[-75.03989,5.50314],[-75.03987,5.50303],[-75.03987,5.50303],[-75.03987,5.50302],[-75.03987,5.50302],[-75.03985,5.503],[-75.03976,5.50288],[-75.03971,5.50279],[-75.03971,5.50279],[-75.03971,5.50279],[-75.0397,5.50279],[-75.03964,5.50274],[-75.03955,5.50265],[-75.03949,5.50258],[-75.03949,5.50258],[-75.03949,5.50258],[-75.03949,5.50258],[-75.03949,5.50258],[-75.03945,5.50256],[-75.03941,5.50252],[-75.03941,5.50252],[-75.03938,5.50249],[-75.03938,5.50236],[-75.03944,5.50226],[-75.03944,5.50225],[-75.03944,5.50225],[-75.03944,5.50225],[-75.03944,5.50225],[-75.03944,5.50225],[-75.03944,5.50225],[-75.03944,5.50225],[-75.03944,5.50224],[-75.03944,5.50224],[-75.03944,5.50224],[-75.03943,5.50224],[-75.03932,5.50221],[-75.03932,5.50221],[-75.03932,5.50221],[-75.03914,5.50221],[-75.039,5.50217],[-75.03896,5.5021],[-75.03896,5.50201],[-75.03896,5.50201],[-75.03896,5.50201],[-75.03896,5.502],[-75.03895,5.502],[-75.03895,5.502],[-75.03895,5.502],[-75.03895,5.502],[-75.03895,5.502],[-75.03885,5.50197],[-75.0388,5.5019],[-75.03879,5.5019],[-75.03879,5.5019],[-75.03879,5.5019],[-75.03879,5.5019],[-75.03879,5.5019],[-75.03879,5.5019],[-75.03858,5.50193],[-75.03839,5.50182],[-75.03834,5.50175],[-75.03834,5.50175],[-75.03834,5.50175],[-75.03834,5.50175],[-75.03835,5.50175],[-75.03835,5.50175],[-75.03835,5.50175],[-75.03835,5.50175],[-75.03835,5.50175],[-75.03835,5.50175],[-75.03835,5.50175],[-75.03835,5.50169],[-75.03846,5.50165],[-75.03847,5.50165],[-75.03847,5.50165],[-75.03856,5.5016],[-75.03856,5.50159],[-75.03856,5.50159],[-75.03862,5.50152],[-75.03862,5.50152],[-75.03873,5.50136],[-75.03873,5.50136],[-75.03873,5.50136],[-75.03878,5.50128],[-75.03878,5.50128],[-75.03878,5.50128],[-75.03882,5.50112],[-75.03887,5.50098],[-75.03887,5.50098],[-75.03889,5.50091],[-75.03889,5.50091],[-75.03889,5.50091],[-75.03889,5.50091],[-75.03889,5.50091],[-75.03885,5.5008],[-75.03885,5.5008],[-75.03885,5.5008],[-75.03877,5.5007],[-75.03868,5.50045],[-75.03868,5.50045],[-75.03868,5.50045],[-75.03868,5.50045],[-75.03868,5.50045],[-75.03868,5.50045],[-75.03861,5.50042],[-75.03861,5.50041],[-75.03861,5.50041],[-75.03861,5.50041],[-75.03861,5.50041],[-75.03861,5.50041],[-75.03851,5.50044],[-75.03851,5.50044],[-75.03851,5.50044],[-75.0385,5.50044],[-75.0385,5.50045],[-75.0385,5.50045],[-75.0385,5.50045],[-75.0385,5.50045],[-75.0385,5.50045],[-75.0385,5.50045],[-75.03852,5.50064],[-75.03852,5.50065],[-75.03852,5.50065],[-75.0386,5.50085],[-75.03857,5.50093],[-75.03851,5.50101],[-75.03842,5.50106],[-75.03842,5.50106],[-75.03842,5.50106],[-75.03842,5.50106],[-75.03842,5.50106],[-75.03839,5.50112],[-75.0383,5.50123],[-75.0382,5.50124],[-75.0382,5.50124],[-75.0382,5.50124],[-75.0382,5.50124],[-75.03819,5.50124],[-75.03813,5.5013],[-75.03807,5.50133],[-75.03803,5.50134],[-75.03795,5.50137],[-75.03787,5.5014],[-75.03769,5.50139],[-75.03768,5.50139],[-75.03768,5.50139],[-75.03768,5.50139],[-75.03759,5.50142],[-75.03751,5.50142],[-75.03744,5.50136],[-75.03744,5.50136],[-75.03744,5.50136],[-75.03744,5.50136],[-75.03743,5.50136],[-75.03735,5.50135],[-75.03735,5.50135],[-75.03735,5.50135],[-75.03726,5.50136],[-75.03713,5.50132],[-75.03706,5.50127],[-75.03698,5.50117],[-75.03698,5.50117],[-75.03698,5.50117],[-75.03698,5.50117],[-75.03698,5.50117],[-75.03687,5.50114],[-75.03687,5.50114],[-75.03687,5.50114],[-75.03687,5.50114],[-75.03686,5.50114],[-75.03686,5.50114],[-75.03686,5.50114],[-75.03686,5.50114],[-75.03683,5.50118],[-75.0368,5.50116],[-75.03674,5.5011],[-75.03674,5.5011],[-75.03674,5.5011],[-75.03664,5.50106],[-75.03664,5.50106],[-75.03664,5.50106],[-75.03664,5.50106],[-75.03664,5.50106],[-75.03664,5.50106],[-75.03663,5.50106],[-75.03663,5.50106],[-75.03662,5.50106],[-75.03662,5.50106],[-75.03662,5.50106],[-75.03662,5.50107],[-75.0365,5.5013],[-75.03643,5.50136],[-75.03643,5.50136],[-75.03634,5.50144],[-75.03634,5.50144],[-75.03634,5.50144],[-75.03634,5.50145],[-75.03629,5.5015],[-75.03624,5.5015],[-75.03624,5.50149],[-75.03624,5.50145],[-75.03626,5.50136],[-75.03628,5.50127],[-75.03628,5.50127],[-75.03628,5.50127],[-75.03628,5.50127],[-75.03628,5.50126],[-75.03628,5.50126],[-75.03628,5.50126],[-75.03628,5.50126],[-75.03627,5.50126],[-75.03627,5.50126],[-75.03627,5.50126],[-75.03627,5.50126],[-75.03627,5.50126],[-75.03627,5.50126],[-75.03627,5.50126],[-75.03626,5.50126],[-75.03614,5.50137],[-75.03608,5.50142],[-75.03602,5.50145],[-75.03596,5.50147],[-75.03596,5.50148],[-75.03596,5.50148],[-75.03582,5.5016],[-75.03581,5.50159],[-75.03578,5.50152],[-75.03578,5.50152],[-75.03578,5.50152],[-75.03574,5.50148],[-75.03572,5.50145],[-75.03571,5.50143],[-75.03571,5.50143],[-75.03571,5.50143],[-75.03568,5.50138],[-75.03564,5.5013],[-75.03564,5.5013],[-75.03563,5.5013],[-75.03563,5.5013],[-75.03555,5.50124],[-75.03547,5.50118],[-75.03547,5.50118],[-75.03547,5.50118],[-75.03538,5.50111],[-75.03538,5.50111],[-75.03533,5.50108],[-75.03526,5.50102],[-75.03526,5.50102],[-75.03526,5.50102],[-75.03519,5.50096],[-75.03513,5.50092],[-75.03513,5.50092],[-75.03508,5.50088],[-75.03508,5.50088],[-75.03508,5.50088],[-75.03508,5.50088],[-75.03501,5.50086],[-75.03494,5.50082],[-75.03491,5.50079],[-75.03488,5.50071],[-75.03488,5.50071],[-75.03488,5.50071],[-75.03488,5.50071],[-75.03488,5.50071],[-75.03477,5.50064],[-75.03464,5.50052],[-75.03454,5.50036],[-75.03451,5.50025],[-75.03451,5.50025],[-75.03451,5.50025],[-75.03446,5.50018],[-75.03443,5.5001],[-75.03443,5.5001],[-75.03437,5.50001],[-75.03435,5.49994],[-75.03435,5.49994],[-75.03435,5.49994],[-75.03435,5.49994],[-75.03435,5.49994],[-75.03427,5.49988],[-75.0342,5.49981],[-75.03417,5.49975],[-75.03416,5.49974],[-75.03416,5.49974],[-75.03416,5.49973],[-75.03416,5.49973],[-75.03409,5.49968],[-75.03406,5.49961],[-75.03405,5.49961],[-75.03405,5.49961],[-75.03405,5.49961],[-75.03399,5.49957],[-75.03393,5.49949],[-75.0339,5.49943],[-75.0339,5.49943],[-75.0339,5.49943],[-75.03384,5.49937],[-75.03379,5.4993],[-75.03379,5.4993],[-75.03379,5.4993],[-75.03379,5.4993],[-75.03371,5.49924],[-75.03371,5.49924],[-75.03363,5.4992],[-75.03361,5.49919],[-75.03364,5.49919],[-75.03364,5.49919],[-75.03369,5.49919],[-75.03375,5.49919],[-75.03375,5.49919],[-75.03387,5.4992],[-75.03388,5.4992],[-75.03388,5.4992],[-75.03388,5.4992],[-75.03388,5.4992],[-75.03388,5.4992],[-75.03388,5.4992],[-75.03388,5.49919],[-75.03388,5.49919],[-75.03388,5.49919],[-75.03388,5.49919],[-75.03388,5.49919],[-75.03388,5.49919],[-75.03388,5.49919],[-75.03388,5.49918],[-75.03382,5.49913],[-75.03382,5.49912],[-75.03382,5.49912],[-75.03374,5.49907],[-75.03367,5.49901],[-75.03364,5.49897],[-75.03368,5.49889],[-75.03372,5.49883],[-75.03378,5.4988],[-75.03378,5.4988],[-75.03378,5.4988],[-75.03379,5.4988],[-75.03379,5.4988],[-75.03379,5.4988],[-75.03379,5.4988],[-75.03381,5.49871],[-75.03381,5.49871],[-75.03381,5.49871],[-75.0338,5.49859],[-75.0338,5.49859],[-75.0338,5.49859],[-75.0338,5.49858],[-75.03376,5.4985],[-75.03376,5.4985],[-75.03376,5.4985],[-75.03372,5.49845],[-75.03372,5.49845],[-75.03372,5.49845],[-75.03371,5.49845],[-75.03367,5.49843],[-75.03361,5.49835],[-75.03362,5.49829],[-75.03362,5.49829],[-75.03362,5.49829],[-75.03361,5.49819],[-75.03361,5.49819],[-75.03361,5.49819],[-75.03359,5.49812],[-75.03359,5.49812],[-75.03359,5.49812],[-75.03358,5.49808],[-75.03358,5.49807],[-75.03357,5.49807],[-75.03345,5.49789],[-75.03344,5.4978],[-75.03352,5.49773],[-75.03363,5.49766],[-75.03363,5.49766],[-75.03363,5.49765],[-75.03369,5.49759],[-75.03369,5.49759],[-75.03369,5.49758],[-75.03369,5.49758],[-75.03369,5.49758],[-75.03369,5.49758],[-75.03369,5.49758],[-75.03369,5.49758],[-75.03366,5.49753],[-75.03366,5.49753],[-75.03366,5.49753],[-75.03366,5.49752],[-75.03356,5.49746],[-75.03349,5.49733],[-75.03349,5.49732],[-75.03349,5.49732],[-75.03336,5.49722],[-75.03327,5.49713],[-75.03323,5.49708],[-75.03323,5.49708],[-75.03323,5.49708],[-75.03323,5.49708],[-75.03315,5.49693],[-75.03315,5.49693],[-75.03307,5.4968],[-75.03293,5.49654],[-75.03293,5.49653],[-75.03293,5.49653],[-75.03272,5.49628],[-75.0326,5.49599],[-75.0326,5.49599],[-75.0326,5.49599],[-75.0326,5.49599],[-75.0326,5.49599],[-75.03256,5.49595],[-75.03255,5.49595],[-75.03255,5.49595],[-75.03255,5.49595],[-75.03255,5.49595],[-75.03239,5.49595],[-75.03239,5.49595],[-75.03239,5.49595],[-75.03239,5.49595],[-75.03225,5.49601],[-75.03225,5.49601],[-75.03214,5.49607],[-75.032,5.49606],[-75.03198,5.49604],[-75.03191,5.49581],[-75.03188,5.49566],[-75.03188,5.49553],[-75.03188,5.49553],[-75.03188,5.49553],[-75.03183,5.49537],[-75.03183,5.49537],[-75.03183,5.49537],[-75.03182,5.49536],[-75.0318,5.49535],[-75.03173,5.4952],[-75.03173,5.4952],[-75.03166,5.49507],[-75.0316,5.49487],[-75.03158,5.49466],[-75.03165,5.49447],[-75.03165,5.49447],[-75.03165,5.49447],[-75.03167,5.49428],[-75.03174,5.49413],[-75.03174,5.49413],[-75.03174,5.49412],[-75.03176,5.49393],[-75.03176,5.4939],[-75.03177,5.4939],[-75.03183,5.49366],[-75.03183,5.49366],[-75.03183,5.49366],[-75.03182,5.49347],[-75.03185,5.49333],[-75.03185,5.49333],[-75.03185,5.49333],[-75.03184,5.4933],[-75.03185,5.49298],[-75.03185,5.49298],[-75.03185,5.49297],[-75.03185,5.49297],[-75.03178,5.49281],[-75.03173,5.49266],[-75.03167,5.49237],[-75.03167,5.49237],[-75.03167,5.49237],[-75.03167,5.49237],[-75.03167,5.49237],[-75.03167,5.49237],[-75.03166,5.49237],[-75.03166,5.49237],[-75.03166,5.49237],[-75.03152,5.49237],[-75.03152,5.49237],[-75.03151,5.49237],[-75.03151,5.49237],[-75.03151,5.49237],[-75.03151,5.49237],[-75.03151,5.49237],[-75.03144,5.49246],[-75.03135,5.49238],[-75.03124,5.49227],[-75.03124,5.49227],[-75.03116,5.49221],[-75.03116,5.49221],[-75.03116,5.49221],[-75.03116,5.49221],[-75.03104,5.49218],[-75.03104,5.49218],[-75.03104,5.49218],[-75.03087,5.49219],[-75.03087,5.49219],[-75.0308,5.4922],[-75.0308,5.4922],[-75.0308,5.4922],[-75.03067,5.49226],[-75.03056,5.49227],[-75.0304,5.49222],[-75.03034,5.49213],[-75.03034,5.49213],[-75.03034,5.49213],[-75.03025,5.49201],[-75.03025,5.49201],[-75.03025,5.49201],[-75.03015,5.49191],[-75.03013,5.49174],[-75.03013,5.49165],[-75.03014,5.49154],[-75.03014,5.49154],[-75.03014,5.49154],[-75.03014,5.49154],[-75.0301,5.49141],[-75.0301,5.49141],[-75.0301,5.4914],[-75.03004,5.49131],[-75.03001,5.49122],[-75.03001,5.49122],[-75.03,5.49119],[-75.03,5.49119],[-75.03,5.49119],[-75.03,5.49118],[-75.03,5.49118],[-75.03,5.49118],[-75.02999,5.49118],[-75.02999,5.49118],[-75.02999,5.49118],[-75.02999,5.49118],[-75.0299,5.49121],[-75.02966,5.49123],[-75.02952,5.49117],[-75.02942,5.4911],[-75.0293,5.49099],[-75.02927,5.49086],[-75.02925,5.49072],[-75.02925,5.49061],[-75.02925,5.49061],[-75.02925,5.4906],[-75.02925,5.4906],[-75.02925,5.4906],[-75.02925,5.4906],[-75.02925,5.4906],[-75.02925,5.4906],[-75.02908,5.49052],[-75.02908,5.49052],[-75.02908,5.49052],[-75.02908,5.49052],[-75.02908,5.49052],[-75.02908,5.49052],[-75.02893,5.49056],[-75.02893,5.49056],[-75.02876,5.4906],[-75.02856,5.49062],[-75.0284,5.49061],[-75.0283,5.49052],[-75.02823,5.49041],[-75.02823,5.49041],[-75.02812,5.49029],[-75.02812,5.49029],[-75.02812,5.49029],[-75.02812,5.49029],[-75.02796,5.49023],[-75.02792,5.49007],[-75.02792,5.48989],[-75.02796,5.48977],[-75.02796,5.48976],[-75.02796,5.48976],[-75.02796,5.48976],[-75.02796,5.48976],[-75.02796,5.48976],[-75.02796,5.48976],[-75.02796,5.48976],[-75.02792,5.48972],[-75.02792,5.48972],[-75.02792,5.48972],[-75.02792,5.48972],[-75.02772,5.48966],[-75.02772,5.48966],[-75.02772,5.48966],[-75.02772,5.48966],[-75.02772,5.48966],[-75.0275,5.48974],[-75.02734,5.48967],[-75.02728,5.48954],[-75.02728,5.48954],[-75.02728,5.48954],[-75.02715,5.48934],[-75.02715,5.48934],[-75.02715,5.48934],[-75.02715,5.48934],[-75.02715,5.48934],[-75.02715,5.48934],[-75.02693,5.4893],[-75.02693,5.4893],[-75.02693,5.4893],[-75.02693,5.4893],[-75.02678,5.48935],[-75.02662,5.48929],[-75.02654,5.48917],[-75.02651,5.489],[-75.02651,5.489],[-75.02651,5.48899],[-75.02651,5.48899],[-75.02651,5.48899],[-75.02651,5.48899],[-75.02636,5.48885],[-75.02628,5.48871],[-75.02632,5.48851],[-75.02632,5.48851],[-75.02632,5.48851],[-75.02632,5.4885],[-75.02627,5.48835],[-75.02626,5.48831],[-75.02626,5.48831],[-75.02626,5.48831],[-75.02626,5.4883],[-75.02621,5.48821],[-75.02618,5.48813],[-75.02618,5.48813],[-75.02618,5.48812],[-75.02618,5.48812],[-75.02618,5.48812],[-75.02618,5.48812],[-75.02618,5.48812],[-75.02606,5.48807],[-75.02603,5.488],[-75.02603,5.488],[-75.02595,5.48788],[-75.02595,5.48787],[-75.02595,5.48787],[-75.02595,5.48787],[-75.02595,5.48787],[-75.02595,5.48787],[-75.02595,5.48787],[-75.02594,5.48787],[-75.02594,5.48787],[-75.02594,5.48787],[-75.02594,5.48787],[-75.02594,5.48787],[-75.02587,5.48795],[-75.02587,5.48795],[-75.02587,5.48795],[-75.02587,5.48795],[-75.02586,5.48799],[-75.02569,5.48823],[-75.02569,5.48823],[-75.02569,5.48823],[-75.02569,5.48823],[-75.02569,5.48824],[-75.02569,5.48824],[-75.02569,5.48824],[-75.02569,5.48824],[-75.02585,5.48847],[-75.02585,5.48853],[-75.02562,5.48843],[-75.02562,5.48843],[-75.02562,5.48843],[-75.02546,5.48841],[-75.02661,5.48559],[-75.02661,5.48559],[-75.02661,5.48559],[-75.02661,5.48559],[-75.02661,5.48558],[-75.02661,5.48558],[-75.02661,5.48558],[-75.02661,5.48542],[-75.02662,5.48539],[-75.02662,5.48538],[-75.02662,5.48538],[-75.02662,5.48538],[-75.02662,5.48538],[-75.02659,5.4853],[-75.02659,5.4853],[-75.02659,5.4853],[-75.02655,5.4852],[-75.02655,5.4852],[-75.02655,5.4852],[-75.02652,5.48514],[-75.02652,5.48513],[-75.02657,5.4851],[-75.02659,5.48509],[-75.02659,5.48509],[-75.02659,5.48509],[-75.02659,5.48509],[-75.02666,5.48499],[-75.02672,5.48493],[-75.02672,5.48493],[-75.02672,5.48493],[-75.02673,5.48493],[-75.02673,5.48493],[-75.02689,5.48476],[-75.02689,5.48475],[-75.02689,5.48475],[-75.02689,5.48474],[-75.02695,5.48465],[-75.02695,5.48465],[-75.02695,5.48465],[-75.02698,5.48457],[-75.02698,5.48457],[-75.02698,5.48457],[-75.02703,5.48439],[-75.02708,5.48426],[-75.02708,5.48426],[-75.02708,5.48426],[-75.02709,5.48415],[-75.02713,5.48406],[-75.02713,5.48406],[-75.02713,5.48406],[-75.02713,5.48406],[-75.02713,5.48405],[-75.02713,5.48405],[-75.02712,5.48405],[-75.02712,5.48405],[-75.02712,5.48405],[-75.02711,5.48404],[-75.02711,5.48404],[-75.02711,5.48404],[-75.027,5.48399],[-75.027,5.48399],[-75.02669,5.48391],[-75.02669,5.48391],[-75.02669,5.48391],[-75.02644,5.48387],[-75.02627,5.48381],[-75.02602,5.48372],[-75.02602,5.48372],[-75.02602,5.48372],[-75.02602,5.48372],[-75.02594,5.48372],[-75.02594,5.48372],[-75.02594,5.48372],[-75.02587,5.48374],[-75.02584,5.48373],[-75.02584,5.48373],[-75.02584,5.48373],[-75.02581,5.48373],[-75.02581,5.48373],[-75.02581,5.48373],[-75.02572,5.48373],[-75.02559,5.48368],[-75.02556,5.48365],[-75.02556,5.48365],[-75.02556,5.48365],[-75.02552,5.48363],[-75.02547,5.4836],[-75.02544,5.48355],[-75.02544,5.48355],[-75.02544,5.48355],[-75.02544,5.48355],[-75.02543,5.48355],[-75.02543,5.48354],[-75.02538,5.48354],[-75.02533,5.4835],[-75.02528,5.48346],[-75.02528,5.48346],[-75.02528,5.48346],[-75.02524,5.48343],[-75.02524,5.48343],[-75.02524,5.48343],[-75.02524,5.48343],[-75.02518,5.48343],[-75.02518,5.48343],[-75.02518,5.48343],[-75.02502,5.48344],[-75.02501,5.48344],[-75.02501,5.48344],[-75.02494,5.48346],[-75.02488,5.48346],[-75.02488,5.48346],[-75.02488,5.48346],[-75.02483,5.48347],[-75.02483,5.48347],[-75.02483,5.48347],[-75.02477,5.48348],[-75.02477,5.48348],[-75.02468,5.48351],[-75.02459,5.4835],[-75.02459,5.4835],[-75.02459,5.4835],[-75.02459,5.4835],[-75.02459,5.4835],[-75.02453,5.48352],[-75.02445,5.48354],[-75.0244,5.48355],[-75.0244,5.48355],[-75.0244,5.48355],[-75.02436,5.48356],[-75.02436,5.48356],[-75.02436,5.48357],[-75.02431,5.4836],[-75.02425,5.48363],[-75.02425,5.48364],[-75.02425,5.48364],[-75.02421,5.48367],[-75.02415,5.48369],[-75.02408,5.48369],[-75.02401,5.48368],[-75.02401,5.48368],[-75.02401,5.48368],[-75.02401,5.48368],[-75.024,5.48368],[-75.024,5.48368],[-75.024,5.48368],[-75.02396,5.48374],[-75.0239,5.48375],[-75.0239,5.48375],[-75.02383,5.48377],[-75.02374,5.48374],[-75.02367,5.48368],[-75.02364,5.48365],[-75.02364,5.48365],[-75.02364,5.48365],[-75.02364,5.48365],[-75.02364,5.48365],[-75.02351,5.48363],[-75.02343,5.48361],[-75.02343,5.48361],[-75.02343,5.48361],[-75.02336,5.48361],[-75.02329,5.4836],[-75.02322,5.48359],[-75.02321,5.48353],[-75.02321,5.48353],[-75.02321,5.48353],[-75.0232,5.48352],[-75.0232,5.48352],[-75.0232,5.48352],[-75.0232,5.48352],[-75.02313,5.48349],[-75.02303,5.48344],[-75.02301,5.48342],[-75.02292,5.48331],[-75.02292,5.48331],[-75.02291,5.48328],[-75.02291,5.48328],[-75.0229,5.48328],[-75.0229,5.48328],[-75.02284,5.48325],[-75.02284,5.48325],[-75.02284,5.48325],[-75.02279,5.48323],[-75.02276,5.48318],[-75.02276,5.48318],[-75.02276,5.48318],[-75.0226,5.48305],[-75.0226,5.48305],[-75.0226,5.48305],[-75.0226,5.48305],[-75.0226,5.48305],[-75.02259,5.48305],[-75.02259,5.48305],[-75.02259,5.48305],[-75.02259,5.48305],[-75.02252,5.48309],[-75.02252,5.48309],[-75.02252,5.48309],[-75.02244,5.48318],[-75.02231,5.48315],[-75.02216,5.48311],[-75.02216,5.48311],[-75.02216,5.48311],[-75.02216,5.48311],[-75.02215,5.48311],[-75.02215,5.48311],[-75.02197,5.48321],[-75.02183,5.48328],[-75.02183,5.48328],[-75.02183,5.48328],[-75.02183,5.48328],[-75.02173,5.4834],[-75.02173,5.48341],[-75.02173,5.48341],[-75.02173,5.48341],[-75.02169,5.48355],[-75.02169,5.48355],[-75.02169,5.48355],[-75.02168,5.48364],[-75.02168,5.48364],[-75.02168,5.48364],[-75.02168,5.48376],[-75.02168,5.48376],[-75.02168,5.48376],[-75.02169,5.48397],[-75.02168,5.48401],[-75.02161,5.48403],[-75.02153,5.48406],[-75.02141,5.48406],[-75.02141,5.48406],[-75.02141,5.48406],[-75.02141,5.48406],[-75.02141,5.48406],[-75.02141,5.48406],[-75.02133,5.48417],[-75.02133,5.48417],[-75.02133,5.48417],[-75.02132,5.48417],[-75.0213,5.48427],[-75.02122,5.48435],[-75.02122,5.48435],[-75.02117,5.48443],[-75.02113,5.48445],[-75.02109,5.48446],[-75.02103,5.48443],[-75.02103,5.48443],[-75.02085,5.48438],[-75.02068,5.48432],[-75.02068,5.48432],[-75.02061,5.4843],[-75.0206,5.4843],[-75.0206,5.4843],[-75.0205,5.48429],[-75.02048,5.48429],[-75.02048,5.48429],[-75.02048,5.48429],[-75.02048,5.48429],[-75.02048,5.48429],[-75.02031,5.48437],[-75.02014,5.48436],[-75.02014,5.48436],[-75.02013,5.48436],[-75.02004,5.48439],[-75.02004,5.48439],[-75.02004,5.48439],[-75.01987,5.48447],[-75.01971,5.48449],[-75.01971,5.48449],[-75.0197,5.48449],[-75.0197,5.48449],[-75.0197,5.48449],[-75.01962,5.48456],[-75.01943,5.48451],[-75.0193,5.4844],[-75.01929,5.4844],[-75.01929,5.4844],[-75.01929,5.4844],[-75.01929,5.4844],[-75.01929,5.4844],[-75.01929,5.4844],[-75.01911,5.48446],[-75.01911,5.48446],[-75.01911,5.48446],[-75.01904,5.48449],[-75.01904,5.48449],[-75.01904,5.48449],[-75.01898,5.48453],[-75.01898,5.48453],[-75.01898,5.48453],[-75.01891,5.48459],[-75.01887,5.48463],[-75.01887,5.48463],[-75.01887,5.48463],[-75.01883,5.48467],[-75.01878,5.48471],[-75.01872,5.48474],[-75.01871,5.48475],[-75.01871,5.48475],[-75.0187,5.48475],[-75.01866,5.4848],[-75.01866,5.4848],[-75.01866,5.4848],[-75.01861,5.48486],[-75.01852,5.48493],[-75.01852,5.48493],[-75.01852,5.48493],[-75.01852,5.48493],[-75.01852,5.48493],[-75.01852,5.48493],[-75.0185,5.48501],[-75.01846,5.48506],[-75.01846,5.48506],[-75.01846,5.48506],[-75.01846,5.48506],[-75.01844,5.48512],[-75.01843,5.48513],[-75.01843,5.48513],[-75.01843,5.48513],[-75.01839,5.48521],[-75.01839,5.48521],[-75.01839,5.48521],[-75.01835,5.48528],[-75.01833,5.48531],[-75.0183,5.48528],[-75.01824,5.4851],[-75.01826,5.48496],[-75.01826,5.48496],[-75.01828,5.48472],[-75.01828,5.48472],[-75.01828,5.48471],[-75.01828,5.48471],[-75.01828,5.48471],[-75.01828,5.48471],[-75.01828,5.48471],[-75.01827,5.48471],[-75.01827,5.48471],[-75.01823,5.48469],[-75.01823,5.48469],[-75.01822,5.48469],[-75.01822,5.48469],[-75.01808,5.48469],[-75.01795,5.48467],[-75.01795,5.48467],[-75.01795,5.48467],[-75.01778,5.48468],[-75.01778,5.48468],[-75.01778,5.48468],[-75.01778,5.48468],[-75.01778,5.48468],[-75.01778,5.48468],[-75.01764,5.48478],[-75.01764,5.48478],[-75.01764,5.48478],[-75.01764,5.48478],[-75.01764,5.48478],[-75.01759,5.48494],[-75.01752,5.48502],[-75.01746,5.48506],[-75.01746,5.48506],[-75.01746,5.48506],[-75.01745,5.48506],[-75.01745,5.48506],[-75.01745,5.48507],[-75.01745,5.48507],[-75.01745,5.48507],[-75.01746,5.48511],[-75.01746,5.48511],[-75.01746,5.48511],[-75.01747,5.48515],[-75.01749,5.48523],[-75.01747,5.48529],[-75.01737,5.48534],[-75.01726,5.48527],[-75.01725,5.48527],[-75.01725,5.48527],[-75.01723,5.48527],[-75.01722,5.48527],[-75.01722,5.48527],[-75.01722,5.48527],[-75.01713,5.48529],[-75.01713,5.48529],[-75.01713,5.48529],[-75.01713,5.48529],[-75.01705,5.48536],[-75.01705,5.48536],[-75.01705,5.48536],[-75.01704,5.48537],[-75.01697,5.48545],[-75.01689,5.4855],[-75.01681,5.48553],[-75.0168,5.48553],[-75.0168,5.48554],[-75.0167,5.48558],[-75.01669,5.48558],[-75.01669,5.48558],[-75.01669,5.48558],[-75.01669,5.48558],[-75.01669,5.48558],[-75.01669,5.48558],[-75.01669,5.48559],[-75.01669,5.48559],[-75.01659,5.48566],[-75.01659,5.48567],[-75.01655,5.48571],[-75.01655,5.48571],[-75.01655,5.48572],[-75.01655,5.48572],[-75.01655,5.48572],[-75.01654,5.48577],[-75.01653,5.48581],[-75.01641,5.48586],[-75.01641,5.48586],[-75.01638,5.48588],[-75.01638,5.48588],[-75.01638,5.48588],[-75.01638,5.48588],[-75.01624,5.48603],[-75.01624,5.48603],[-75.01623,5.48603],[-75.0162,5.4861],[-75.01619,5.48612],[-75.01621,5.48612],[-75.01622,5.48611],[-75.01622,5.48611],[-75.01622,5.48611],[-75.01625,5.48604],[-75.01627,5.48602],[-75.01639,5.48589],[-75.01642,5.48588],[-75.01654,5.48582],[-75.01654,5.48582],[-75.01654,5.48582],[-75.01654,5.48582],[-75.01655,5.48582],[-75.01655,5.48582],[-75.01655,5.48582],[-75.01656,5.48578],[-75.01656,5.48578],[-75.01656,5.48578],[-75.01656,5.48572],[-75.0166,5.48568],[-75.01671,5.4856],[-75.01671,5.4856],[-75.01671,5.4856],[-75.01671,5.48559],[-75.01671,5.48559],[-75.01671,5.48559],[-75.01681,5.48555],[-75.01681,5.48555],[-75.01681,5.48555],[-75.01682,5.48555],[-75.0169,5.48551],[-75.0169,5.48551],[-75.0169,5.48551],[-75.01698,5.48546],[-75.01698,5.48546],[-75.01698,5.48546],[-75.01705,5.48538],[-75.01705,5.48538],[-75.01705,5.48538],[-75.01706,5.48537],[-75.01714,5.48531],[-75.01722,5.48528],[-75.01725,5.48529],[-75.01737,5.48536],[-75.01737,5.48536],[-75.01737,5.48536],[-75.01737,5.48536],[-75.01737,5.48536],[-75.01737,5.48536],[-75.01738,5.48536],[-75.01748,5.4853],[-75.01748,5.4853],[-75.01748,5.4853],[-75.01749,5.4853],[-75.01749,5.4853],[-75.01749,5.4853],[-75.01751,5.48524],[-75.01751,5.48523],[-75.01751,5.48523],[-75.01751,5.48523],[-75.01751,5.48523],[-75.01749,5.48514],[-75.01749,5.48514],[-75.01749,5.48514],[-75.01748,5.4851],[-75.01747,5.48507],[-75.01753,5.48503],[-75.01753,5.48503],[-75.01753,5.48503],[-75.01761,5.48496],[-75.01761,5.48495],[-75.01761,5.48495],[-75.01761,5.48495],[-75.01765,5.48479],[-75.01779,5.4847],[-75.0178,5.4847],[-75.01795,5.48469],[-75.01808,5.48471],[-75.01808,5.48471],[-75.01808,5.48471],[-75.01822,5.48471],[-75.01826,5.48472],[-75.01825,5.48496],[-75.01822,5.4851],[-75.01822,5.4851],[-75.01822,5.4851],[-75.01822,5.4851],[-75.01822,5.4851],[-75.01829,5.48529],[-75.01829,5.48529],[-75.01829,5.48529],[-75.01829,5.48529],[-75.01833,5.48533],[-75.01833,5.48533],[-75.01833,5.48533],[-75.01833,5.48533],[-75.01833,5.48533],[-75.01833,5.48533],[-75.01833,5.48533],[-75.01834,5.48533],[-75.01834,5.48533],[-75.01834,5.48533],[-75.01837,5.4853],[-75.01837,5.48529],[-75.01837,5.48529],[-75.0184,5.48522],[-75.01845,5.48514],[-75.01845,5.48513],[-75.01846,5.48513],[-75.01846,5.48513],[-75.01847,5.48507],[-75.01848,5.48506],[-75.01852,5.48502],[-75.01852,5.48501],[-75.01852,5.48501],[-75.01852,5.48501],[-75.01854,5.48494],[-75.01862,5.48488],[-75.01862,5.48488],[-75.01862,5.48488],[-75.01867,5.48481],[-75.01872,5.48477],[-75.01873,5.48476],[-75.01873,5.48476],[-75.01879,5.48472],[-75.01879,5.48472],[-75.01879,5.48472],[-75.01884,5.48469],[-75.01884,5.48469],[-75.01888,5.48464],[-75.01892,5.48461],[-75.01892,5.48461],[-75.01892,5.48461],[-75.01899,5.48454],[-75.01905,5.48451],[-75.01911,5.48448],[-75.01929,5.48442],[-75.01942,5.48452],[-75.01942,5.48452],[-75.01942,5.48452],[-75.01942,5.48452],[-75.01962,5.48458],[-75.01962,5.48458],[-75.01962,5.48458],[-75.01963,5.48458],[-75.01963,5.48458],[-75.01963,5.48458],[-75.01963,5.48458],[-75.01971,5.4845],[-75.01987,5.48449],[-75.01988,5.48449],[-75.01988,5.48449],[-75.02005,5.4844],[-75.02014,5.48438],[-75.02031,5.48439],[-75.02031,5.48439],[-75.02031,5.48439],[-75.02031,5.48439],[-75.02048,5.48431],[-75.0205,5.48431],[-75.0205,5.48431],[-75.0206,5.48432],[-75.02068,5.48434],[-75.02084,5.4844],[-75.02084,5.4844],[-75.02084,5.4844],[-75.02102,5.48445],[-75.02109,5.48447],[-75.02109,5.48447],[-75.02109,5.48447],[-75.02109,5.48447],[-75.02113,5.48447],[-75.02113,5.48447],[-75.02113,5.48447],[-75.02113,5.48447],[-75.02113,5.48447],[-75.02118,5.48444],[-75.02118,5.48444],[-75.02118,5.48444],[-75.02118,5.48444],[-75.02123,5.48437],[-75.02132,5.48428],[-75.02132,5.48428],[-75.02132,5.48428],[-75.02132,5.48428],[-75.02132,5.48427],[-75.02134,5.48418],[-75.02142,5.48408],[-75.02153,5.48407],[-75.02153,5.48407],[-75.02154,5.48407],[-75.02161,5.48405],[-75.02161,5.48405],[-75.02169,5.48403],[-75.02169,5.48403],[-75.02169,5.48403],[-75.02169,5.48403],[-75.02169,5.48403],[-75.02169,5.48402],[-75.02169,5.48402],[-75.0217,5.48398],[-75.0217,5.48398],[-75.0217,5.48397],[-75.0217,5.48387],[-75.0217,5.48376],[-75.0217,5.48364],[-75.02171,5.48355],[-75.02175,5.48341],[-75.02184,5.48329],[-75.02197,5.48323],[-75.02197,5.48323],[-75.02197,5.48323],[-75.02216,5.48313],[-75.0223,5.48317],[-75.02231,5.48317],[-75.02231,5.48317],[-75.02244,5.4832],[-75.02244,5.4832],[-75.02244,5.4832],[-75.02244,5.4832],[-75.02245,5.4832],[-75.02245,5.4832],[-75.02245,5.48319],[-75.02253,5.48311],[-75.02259,5.48307],[-75.02274,5.48319],[-75.02277,5.48324],[-75.02277,5.48324],[-75.02277,5.48324],[-75.02278,5.48324],[-75.02278,5.48324],[-75.02283,5.48326],[-75.02289,5.4833],[-75.02291,5.48332],[-75.023,5.48343],[-75.023,5.48343],[-75.02301,5.48345],[-75.02301,5.48345],[-75.02301,5.48345],[-75.02302,5.48345],[-75.02309,5.48349],[-75.02312,5.4835],[-75.02312,5.4835],[-75.02319,5.48354],[-75.0232,5.4836],[-75.0232,5.4836],[-75.02321,5.4836],[-75.02321,5.4836],[-75.02321,5.4836],[-75.02321,5.4836],[-75.02321,5.48361],[-75.02321,5.48361],[-75.02328,5.48362],[-75.02328,5.48362],[-75.02328,5.48362],[-75.02336,5.48363],[-75.02336,5.48363],[-75.02336,5.48363],[-75.02343,5.48363],[-75.02351,5.48365],[-75.02351,5.48365],[-75.02363,5.48367],[-75.02366,5.48369],[-75.02366,5.48369],[-75.02366,5.48369],[-75.02372,5.48375],[-75.02373,5.48375],[-75.02373,5.48375],[-75.02373,5.48375],[-75.02383,5.48378],[-75.02383,5.48378],[-75.02383,5.48378],[-75.02383,5.48378],[-75.0239,5.48377],[-75.02396,5.48376],[-75.02396,5.48376],[-75.02396,5.48376],[-75.02397,5.48376],[-75.02397,5.48375],[-75.02397,5.48375],[-75.02401,5.48369],[-75.02408,5.4837],[-75.02408,5.4837],[-75.02415,5.48371],[-75.02415,5.48371],[-75.02415,5.48371],[-75.02415,5.48371],[-75.02422,5.48368],[-75.02422,5.48368],[-75.02422,5.48368],[-75.02423,5.48368],[-75.02426,5.48365],[-75.02432,5.48361],[-75.02432,5.48361],[-75.02432,5.48361],[-75.02437,5.48358],[-75.0244,5.48357],[-75.02445,5.48356],[-75.02445,5.48356],[-75.02445,5.48356],[-75.02453,5.48354],[-75.02453,5.48354],[-75.02453,5.48354],[-75.02459,5.48352],[-75.02468,5.48353],[-75.02468,5.48353],[-75.02468,5.48353],[-75.02468,5.48353],[-75.02478,5.4835],[-75.02482,5.48349],[-75.02484,5.48349],[-75.02488,5.48348],[-75.02494,5.48347],[-75.02494,5.48347],[-75.02494,5.48347],[-75.02502,5.48346],[-75.02518,5.48344],[-75.02523,5.48345],[-75.02527,5.48347],[-75.02529,5.48349],[-75.02532,5.48352],[-75.02532,5.48352],[-75.02537,5.48355],[-75.02537,5.48355],[-75.02537,5.48355],[-75.02537,5.48355],[-75.02543,5.48356],[-75.02546,5.48361],[-75.02546,5.48361],[-75.02546,5.48361],[-75.02551,5.48365],[-75.02551,5.48365],[-75.02552,5.48365],[-75.02555,5.48366],[-75.02558,5.48369],[-75.02558,5.48369],[-75.02558,5.48369],[-75.02558,5.48369],[-75.02572,5.48374],[-75.02572,5.48375],[-75.02572,5.48375],[-75.02572,5.48375],[-75.02581,5.48375],[-75.02584,5.48375],[-75.02584,5.48375],[-75.02587,5.48376],[-75.02588,5.48376],[-75.02588,5.48376],[-75.02588,5.48375],[-75.02595,5.48374],[-75.02602,5.48373],[-75.02626,5.48383],[-75.02626,5.48383],[-75.02644,5.48389],[-75.02644,5.48389],[-75.02644,5.48389],[-75.02669,5.48393],[-75.027,5.48401],[-75.0271,5.48406],[-75.02711,5.48406],[-75.02707,5.48414],[-75.02707,5.48414],[-75.02707,5.48415],[-75.02706,5.48425],[-75.02702,5.48438],[-75.02701,5.48438],[-75.02696,5.48456],[-75.02693,5.48464],[-75.02687,5.48474],[-75.02687,5.48474],[-75.02671,5.48491],[-75.02671,5.48492],[-75.02671,5.48492],[-75.02671,5.48492],[-75.02665,5.48498],[-75.02665,5.48498],[-75.02665,5.48498],[-75.02658,5.48508],[-75.02656,5.48509],[-75.02656,5.48509],[-75.02656,5.48509],[-75.02651,5.48511],[-75.02651,5.48511],[-75.02651,5.48511],[-75.0265,5.48513],[-75.0265,5.48513],[-75.0265,5.48513],[-75.0265,5.48513],[-75.0265,5.48514],[-75.0265,5.48514],[-75.0265,5.48514],[-75.0265,5.48514],[-75.02653,5.48521],[-75.02657,5.48531],[-75.0266,5.48538],[-75.02659,5.48542],[-75.02659,5.48542],[-75.02659,5.48542],[-75.02659,5.48558],[-75.02659,5.48558],[-75.02659,5.48558],[-75.0266,5.48559],[-75.02638,5.48612],[-75.02576,5.48763],[-75.02557,5.4881],[-75.02551,5.48824],[-75.02544,5.48841],[-75.02544,5.48841],[-75.02544,5.48841],[-75.02544,5.48841],[-75.02544,5.48842],[-75.02544,5.48842],[-75.02544,5.48842],[-75.02544,5.48842],[-75.02544,5.48842],[-75.02544,5.48842],[-75.02545,5.48842],[-75.02545,5.48842],[-75.02561,5.48845],[-75.02585,5.48855],[-75.02585,5.48855],[-75.02585,5.48855],[-75.02586,5.48855],[-75.02586,5.48855],[-75.02586,5.48855],[-75.02586,5.48855],[-75.02586,5.48855],[-75.02586,5.48855],[-75.02586,5.48855],[-75.02586,5.48854],[-75.02586,5.48854],[-75.02587,5.48847],[-75.02587,5.48847],[-75.02587,5.48847],[-75.02587,5.48846],[-75.02587,5.48846],[-75.02571,5.48823],[-75.02587,5.488],[-75.02588,5.488],[-75.02588,5.488],[-75.02589,5.48796],[-75.02594,5.4879],[-75.02601,5.48801],[-75.02605,5.48808],[-75.02605,5.48809],[-75.02605,5.48809],[-75.02605,5.48809],[-75.02605,5.48809],[-75.02617,5.48814],[-75.02619,5.48822],[-75.02619,5.48822],[-75.02619,5.48822],[-75.02625,5.48831],[-75.02625,5.48835],[-75.02625,5.48836],[-75.02625,5.48836],[-75.0263,5.48851],[-75.02626,5.48871],[-75.02626,5.48871],[-75.02626,5.48872],[-75.02626,5.48872],[-75.02626,5.48872],[-75.02626,5.48872],[-75.02634,5.48886],[-75.02634,5.48886],[-75.02635,5.48886],[-75.02649,5.489],[-75.02652,5.48918],[-75.02652,5.48918],[-75.02652,5.48918],[-75.02652,5.48918],[-75.0266,5.4893],[-75.02661,5.4893],[-75.02661,5.4893],[-75.02661,5.4893],[-75.02661,5.4893],[-75.02677,5.48937],[-75.02678,5.48937],[-75.02678,5.48937],[-75.02678,5.48937],[-75.02678,5.48937],[-75.02678,5.48937],[-75.02693,5.48932],[-75.02714,5.48936],[-75.02726,5.48955],[-75.02733,5.48968],[-75.02733,5.48968],[-75.02733,5.48968],[-75.02733,5.48968],[-75.02733,5.48968],[-75.02749,5.48976],[-75.02749,5.48976],[-75.02749,5.48976],[-75.0275,5.48976],[-75.0275,5.48976],[-75.0275,5.48976],[-75.02772,5.48968],[-75.02791,5.48974],[-75.02794,5.48977],[-75.0279,5.48989],[-75.0279,5.48989],[-75.0279,5.48989],[-75.0279,5.49007],[-75.0279,5.49007],[-75.0279,5.49008],[-75.02794,5.49024],[-75.02794,5.49024],[-75.02794,5.49024],[-75.02794,5.49024],[-75.02795,5.49024],[-75.02795,5.49024],[-75.02795,5.49024],[-75.02811,5.4903],[-75.02822,5.49042],[-75.02829,5.49053],[-75.02829,5.49053],[-75.02829,5.49053],[-75.02839,5.49063],[-75.02839,5.49063],[-75.02839,5.49063],[-75.0284,5.49063],[-75.0284,5.49063],[-75.02856,5.49064],[-75.02856,5.49064],[-75.02856,5.49064],[-75.02876,5.49062],[-75.02877,5.49062],[-75.02877,5.49062],[-75.02893,5.49057],[-75.02908,5.49054],[-75.02924,5.49061],[-75.02924,5.49063],[-75.02924,5.49064],[-75.02924,5.49072],[-75.02924,5.49072],[-75.02924,5.49072],[-75.02926,5.49086],[-75.02926,5.49086],[-75.02926,5.49086],[-75.02929,5.491],[-75.02929,5.491],[-75.02929,5.491],[-75.02929,5.491],[-75.02929,5.491],[-75.0294,5.49111],[-75.0294,5.49111],[-75.0294,5.49111],[-75.02951,5.49118],[-75.02951,5.49118],[-75.02965,5.49125],[-75.02965,5.49125],[-75.02966,5.49125],[-75.02966,5.49125],[-75.0299,5.49123],[-75.0299,5.49123],[-75.0299,5.49123],[-75.02999,5.4912],[-75.03,5.49122],[-75.03003,5.49132],[-75.03003,5.49132],[-75.03003,5.49132],[-75.03008,5.49141],[-75.03013,5.49154],[-75.03011,5.49165],[-75.03011,5.49165],[-75.03011,5.49165],[-75.03012,5.49174],[-75.03012,5.49174],[-75.03013,5.49191],[-75.03013,5.49192],[-75.03013,5.49192],[-75.03013,5.49192],[-75.03013,5.49192],[-75.03024,5.49202],[-75.03033,5.49214],[-75.03038,5.49223],[-75.03038,5.49223],[-75.03038,5.49224],[-75.03038,5.49224],[-75.03039,5.49224],[-75.03039,5.49224],[-75.03056,5.49229],[-75.03056,5.49229],[-75.03056,5.49229],[-75.03056,5.49229],[-75.03067,5.49228],[-75.03067,5.49228],[-75.03067,5.49228],[-75.0308,5.49222],[-75.03087,5.49221],[-75.03104,5.4922],[-75.03115,5.49223],[-75.03123,5.49229],[-75.03133,5.49239],[-75.03133,5.49239],[-75.03134,5.49239],[-75.03144,5.49248],[-75.03144,5.49248],[-75.03144,5.49248],[-75.03144,5.49248],[-75.03145,5.49248],[-75.03145,5.49248],[-75.03145,5.49248],[-75.03145,5.49248],[-75.03145,5.49248],[-75.03145,5.49248],[-75.03145,5.49248],[-75.03152,5.49239],[-75.03165,5.49238],[-75.03172,5.49266],[-75.03172,5.49266],[-75.03176,5.49281],[-75.03176,5.49281],[-75.03176,5.49281],[-75.03184,5.49298],[-75.03183,5.4933],[-75.03183,5.4933],[-75.03183,5.4933],[-75.03183,5.49333],[-75.03181,5.49347],[-75.03181,5.49347],[-75.03181,5.49347],[-75.03181,5.49366],[-75.03174,5.49393],[-75.03174,5.49393],[-75.03174,5.49393],[-75.03172,5.49412],[-75.03165,5.49427],[-75.03165,5.49428],[-75.03165,5.49428],[-75.03163,5.49447],[-75.03156,5.49465],[-75.03156,5.49466],[-75.03156,5.49466],[-75.03156,5.49466],[-75.03158,5.49487],[-75.03158,5.49487],[-75.03158,5.49487],[-75.03165,5.49507],[-75.03165,5.49508],[-75.03172,5.49521],[-75.03179,5.49536],[-75.03179,5.49536],[-75.03179,5.49536],[-75.03179,5.49536],[-75.03181,5.49538],[-75.03186,5.49553],[-75.03186,5.49566],[-75.03186,5.49566],[-75.03186,5.49566],[-75.03189,5.49581],[-75.03189,5.49581],[-75.03189,5.49581],[-75.03196,5.49604],[-75.03196,5.49604],[-75.03196,5.49605],[-75.03196,5.49605],[-75.03199,5.49607],[-75.03199,5.49607],[-75.03199,5.49607],[-75.03199,5.49608],[-75.03199,5.49608],[-75.03199,5.49608],[-75.03214,5.49609],[-75.03215,5.49609],[-75.03215,5.49609],[-75.03215,5.49609],[-75.03215,5.49609],[-75.03226,5.49603],[-75.03239,5.49597],[-75.03255,5.49597],[-75.03259,5.496],[-75.0327,5.49629],[-75.0327,5.49629],[-75.0327,5.49629],[-75.03291,5.49654],[-75.03306,5.49681],[-75.03306,5.49681],[-75.03313,5.49693],[-75.03322,5.49709],[-75.03322,5.49709],[-75.03322,5.4971],[-75.03322,5.4971],[-75.03322,5.4971],[-75.03322,5.4971],[-75.03326,5.49715],[-75.03326,5.49715],[-75.03326,5.49715],[-75.03335,5.49723],[-75.03347,5.49734],[-75.03355,5.49747],[-75.03355,5.49747],[-75.03355,5.49747],[-75.03355,5.49747],[-75.03365,5.49754],[-75.03367,5.49758],[-75.03362,5.49764],[-75.03351,5.49771],[-75.03351,5.49771],[-75.03351,5.49772],[-75.03343,5.49779],[-75.03343,5.4978],[-75.03343,5.4978],[-75.03343,5.4978],[-75.03343,5.4978],[-75.03343,5.4978],[-75.03343,5.49789],[-75.03343,5.49789],[-75.03343,5.49789],[-75.03343,5.4979],[-75.03343,5.4979],[-75.03356,5.49808],[-75.03357,5.49812],[-75.03359,5.4982],[-75.0336,5.49829],[-75.03359,5.49836],[-75.03359,5.49836],[-75.03359,5.49836],[-75.03359,5.49836],[-75.03359,5.49836],[-75.03359,5.49836],[-75.03366,5.49845],[-75.03366,5.49845],[-75.03366,5.49845],[-75.03366,5.49845],[-75.0337,5.49847],[-75.03374,5.49851],[-75.03378,5.49859],[-75.03379,5.49871],[-75.03377,5.49879],[-75.03371,5.49881],[-75.03371,5.49881],[-75.03371,5.49881],[-75.03371,5.49881],[-75.03371,5.49881],[-75.0337,5.49882],[-75.03366,5.49888],[-75.03366,5.49888],[-75.03362,5.49896],[-75.03362,5.49896],[-75.03362,5.49896],[-75.03362,5.49897],[-75.03362,5.49897],[-75.03362,5.49897],[-75.03362,5.49897],[-75.03365,5.49902],[-75.03365,5.49902],[-75.03365,5.49902],[-75.03365,5.49903],[-75.03373,5.49909],[-75.03373,5.49909],[-75.03381,5.49914],[-75.03385,5.49918],[-75.03375,5.49917],[-75.03369,5.49917],[-75.03369,5.49917],[-75.03369,5.49917],[-75.03364,5.49917],[-75.03359,5.49917],[-75.03359,5.49917],[-75.03359,5.49917],[-75.03359,5.49917],[-75.03359,5.49917],[-75.03358,5.49917],[-75.03358,5.49917],[-75.03358,5.49917],[-75.03358,5.49917],[-75.03358,5.49917],[-75.03358,5.49918],[-75.03358,5.49918],[-75.03358,5.49918],[-75.03358,5.49918],[-75.03358,5.49918],[-75.03361,5.49921],[-75.03362,5.49921],[-75.03362,5.49921],[-75.03362,5.49921],[-75.0337,5.49925],[-75.03378,5.49931],[-75.03383,5.49938],[-75.03383,5.49938],[-75.03388,5.49944],[-75.03392,5.4995],[-75.03392,5.4995],[-75.03392,5.4995],[-75.03398,5.49958],[-75.03398,5.49958],[-75.03398,5.49958],[-75.03404,5.49962],[-75.03408,5.49969],[-75.03408,5.4997],[-75.03408,5.4997],[-75.03408,5.4997],[-75.03414,5.49975],[-75.03418,5.49982],[-75.03418,5.49982],[-75.03418,5.49982],[-75.03426,5.4999],[-75.03426,5.4999],[-75.03426,5.4999],[-75.03433,5.49995],[-75.03435,5.50002],[-75.03435,5.50002],[-75.03435,5.50002],[-75.03441,5.50011],[-75.03445,5.50019],[-75.03445,5.50019],[-75.03445,5.50019],[-75.03449,5.50026],[-75.03452,5.50037],[-75.03452,5.50037],[-75.03452,5.50037],[-75.03463,5.50053],[-75.03463,5.50053],[-75.03463,5.50053],[-75.03476,5.50065],[-75.03476,5.50065],[-75.03486,5.50072],[-75.03489,5.5008],[-75.03489,5.5008],[-75.03489,5.5008],[-75.03489,5.5008],[-75.03489,5.5008],[-75.03493,5.50083],[-75.03493,5.50083],[-75.03493,5.50084],[-75.03501,5.50088],[-75.03501,5.50088],[-75.03501,5.50088],[-75.03507,5.50089],[-75.03512,5.50093],[-75.03518,5.50098],[-75.03518,5.50098],[-75.03525,5.50103],[-75.03531,5.50109],[-75.03531,5.50109],[-75.03531,5.50109],[-75.03537,5.50113],[-75.03546,5.50119],[-75.03553,5.50126],[-75.03553,5.50126],[-75.03554,5.50126],[-75.03562,5.50132],[-75.03566,5.50139],[-75.03566,5.50139],[-75.03566,5.50139],[-75.0357,5.50144],[-75.03572,5.50149],[-75.03572,5.50149],[-75.03572,5.50149],[-75.03576,5.50153],[-75.03579,5.5016],[-75.0358,5.5016],[-75.0358,5.5016],[-75.0358,5.50161],[-75.0358,5.50161],[-75.03582,5.50162],[-75.03582,5.50162],[-75.03582,5.50162],[-75.03582,5.50162],[-75.03583,5.50162],[-75.03583,5.50162],[-75.03583,5.50162],[-75.03583,5.50162],[-75.03583,5.50162],[-75.03597,5.50149],[-75.03608,5.50143],[-75.03608,5.50143],[-75.03609,5.50143],[-75.03615,5.50138],[-75.03615,5.50138],[-75.03615,5.50138],[-75.03625,5.50129],[-75.03624,5.50136],[-75.03624,5.50136],[-75.03624,5.50136],[-75.03622,5.50149],[-75.03622,5.50149],[-75.03622,5.50149],[-75.03622,5.50149],[-75.03622,5.50151],[-75.03622,5.50151],[-75.03623,5.50151],[-75.03623,5.50151],[-75.03623,5.50151],[-75.03623,5.50151],[-75.03623,5.50151],[-75.03623,5.50151],[-75.03629,5.50152],[-75.03629,5.50152],[-75.03629,5.50152],[-75.03629,5.50152],[-75.03629,5.50152],[-75.03629,5.50152],[-75.03636,5.50146],[-75.03644,5.50137],[-75.03652,5.50131],[-75.03652,5.50131],[-75.03652,5.50131],[-75.03652,5.50131],[-75.03664,5.50108],[-75.03664,5.50107],[-75.03673,5.50112],[-75.03679,5.50117],[-75.03679,5.50117],[-75.03682,5.5012],[-75.03682,5.5012],[-75.03683,5.5012],[-75.03683,5.5012],[-75.03683,5.5012],[-75.03683,5.5012],[-75.03683,5.5012],[-75.03683,5.5012],[-75.03683,5.5012],[-75.03683,5.5012],[-75.03687,5.50116],[-75.03697,5.50119],[-75.03705,5.50128],[-75.03705,5.50128],[-75.03705,5.50128],[-75.03712,5.50134],[-75.03712,5.50134],[-75.03712,5.50134],[-75.03712,5.50134],[-75.03725,5.50138],[-75.03726,5.50138],[-75.03726,5.50138],[-75.03726,5.50138],[-75.03735,5.50137],[-75.03743,5.50138],[-75.0375,5.50144],[-75.0375,5.50144],[-75.0375,5.50144],[-75.0375,5.50144],[-75.0375,5.50144],[-75.0375,5.50144],[-75.03759,5.50144],[-75.0376,5.50144],[-75.0376,5.50144],[-75.0376,5.50144],[-75.03769,5.50141],[-75.03787,5.50141],[-75.03787,5.50141],[-75.03787,5.50141],[-75.03796,5.50139],[-75.03796,5.50139],[-75.03796,5.50139],[-75.03808,5.50134],[-75.03808,5.50134],[-75.03808,5.50134],[-75.03814,5.50131],[-75.03814,5.50131],[-75.03814,5.50131],[-75.0382,5.50126],[-75.03831,5.50125],[-75.03831,5.50125],[-75.03831,5.50125],[-75.03831,5.50125],[-75.03831,5.50125],[-75.03831,5.50125],[-75.0384,5.50113],[-75.0384,5.50113],[-75.03843,5.50107],[-75.03852,5.50102],[-75.03853,5.50102],[-75.03853,5.50102],[-75.03853,5.50102],[-75.03859,5.50094],[-75.03859,5.50094],[-75.03859,5.50094],[-75.03862,5.50085],[-75.03862,5.50085],[-75.03862,5.50085],[-75.03862,5.50085],[-75.03862,5.50085],[-75.03862,5.50085],[-75.03854,5.50064],[-75.03852,5.50046],[-75.03861,5.50043],[-75.03867,5.50046],[-75.03876,5.50071],[-75.03876,5.50071],[-75.03876,5.50071],[-75.03883,5.50081],[-75.03887,5.50091],[-75.03885,5.50098],[-75.0388,5.50112],[-75.0388,5.50112],[-75.0388,5.50112],[-75.03876,5.50127],[-75.03872,5.50135],[-75.03861,5.50151],[-75.03855,5.50158],[-75.03846,5.50164],[-75.03834,5.50168],[-75.03834,5.50168],[-75.03834,5.50168],[-75.03833,5.50168],[-75.03833,5.50168],[-75.03833,5.50168],[-75.03833,5.50168],[-75.03833,5.50169],[-75.03833,5.50169],[-75.03833,5.50174],[-75.03832,5.50174],[-75.03832,5.50174],[-75.03832,5.50174],[-75.03832,5.50174],[-75.03831,5.50174],[-75.03831,5.50174],[-75.03831,5.50174],[-75.03831,5.50174],[-75.03831,5.50174],[-75.03831,5.50175],[-75.03831,5.50175],[-75.03831,5.50175],[-75.03831,5.50175],[-75.03831,5.50175],[-75.03837,5.50183],[-75.03837,5.50183],[-75.03837,5.50183],[-75.03837,5.50183],[-75.03858,5.50195],[-75.03858,5.50195],[-75.03858,5.50195],[-75.03858,5.50195],[-75.03858,5.50195],[-75.03879,5.50192],[-75.03884,5.50198],[-75.03884,5.50198],[-75.03885,5.50198],[-75.03885,5.50198],[-75.03894,5.50201],[-75.03894,5.5021],[-75.03894,5.5021],[-75.03894,5.5021],[-75.03894,5.5021],[-75.03894,5.5021],[-75.03899,5.50218],[-75.03899,5.50218],[-75.03899,5.50218],[-75.03899,5.50218],[-75.03899,5.50219],[-75.03899,5.50219],[-75.03913,5.50223],[-75.03914,5.50223],[-75.03914,5.50223],[-75.03932,5.50223],[-75.03942,5.50226],[-75.03938,5.50232],[-75.03937,5.50236],[-75.03937,5.50236],[-75.03937,5.50236],[-75.03937,5.50236],[-75.03936,5.50249],[-75.03936,5.5025],[-75.03936,5.5025],[-75.03936,5.5025],[-75.03936,5.5025],[-75.03936,5.5025],[-75.03936,5.5025],[-75.0394,5.50253],[-75.03944,5.50258],[-75.03944,5.50258],[-75.03944,5.50258],[-75.03944,5.50258],[-75.03944,5.50258],[-75.03948,5.50259],[-75.03954,5.50266],[-75.03954,5.50266],[-75.03954,5.50266],[-75.03962,5.50275],[-75.03962,5.50275],[-75.03962,5.50275],[-75.03969,5.5028],[-75.03975,5.50289],[-75.03975,5.50289],[-75.03983,5.50301],[-75.03983,5.50301],[-75.03983,5.50301],[-75.03985,5.50303],[-75.03988,5.50314],[-75.03987,5.50325],[-75.03984,5.5033],[-75.03984,5.50331],[-75.03984,5.50331],[-75.03983,5.50333],[-75.03983,5.50333],[-75.03983,5.50333],[-75.03983,5.50333],[-75.03983,5.50333],[-75.03982,5.50333],[-75.03982,5.50333],[-75.03982,5.50334],[-75.03982,5.50334],[-75.03982,5.50334],[-75.03982,5.50334],[-75.03982,5.50339],[-75.03981,5.50343],[-75.03981,5.50343],[-75.03981,5.50345],[-75.03981,5.50345],[-75.03981,5.50345],[-75.03981,5.50351],[-75.03981,5.50351],[-75.03981,5.50351],[-75.03982,5.50362],[-75.03983,5.50373],[-75.03983,5.50373],[-75.03983,5.50373],[-75.03985,5.50382],[-75.03983,5.50385],[-75.03967,5.5039],[-75.0396,5.50388],[-75.03948,5.50382],[-75.03948,5.50382],[-75.03943,5.5038],[-75.03943,5.5038],[-75.03943,5.5038],[-75.03942,5.5038],[-75.03942,5.5038],[-75.03935,5.50381],[-75.03935,5.50381],[-75.03935,5.50381],[-75.03935,5.50381],[-75.03935,5.50381],[-75.03935,5.50381],[-75.03935,5.50382],[-75.03935,5.50382],[-75.03935,5.50382],[-75.03935,5.50382],[-75.03935,5.50382],[-75.03935,5.50382],[-75.03935,5.50382],[-75.03935,5.50383],[-75.03954,5.50401],[-75.03962,5.50409],[-75.03962,5.5041],[-75.03962,5.5041],[-75.03963,5.5041],[-75.03963,5.5041],[-75.03973,5.50412],[-75.03973,5.50412],[-75.03973,5.50412],[-75.03992,5.50411],[-75.04002,5.50418],[-75.04002,5.50433],[-75.03998,5.50439],[-75.03998,5.50439],[-75.03997,5.50439],[-75.03997,5.50439],[-75.03997,5.50439],[-75.03997,5.50439],[-75.03997,5.5044],[-75.04,5.50449],[-75.04,5.50449],[-75.04,5.50449],[-75.04005,5.50463],[-75.04005,5.50464],[-75.04005,5.50464],[-75.04009,5.5047],[-75.0401,5.5047],[-75.0401,5.50471],[-75.0401,5.50471],[-75.0401,5.50471],[-75.0401,5.50471],[-75.04033,5.50475],[-75.0404,5.50487],[-75.0404,5.50487],[-75.0404,5.50487],[-75.04049,5.50498],[-75.04049,5.50498],[-75.04058,5.50506],[-75.04066,5.50518],[-75.0406,5.50535],[-75.04053,5.50543],[-75.04043,5.50552],[-75.04032,5.50561],[-75.04032,5.50561],[-75.04032,5.50561],[-75.0402,5.50573],[-75.0402,5.50573],[-75.04013,5.50581],[-75.04006,5.50588],[-75.04006,5.50588],[-75.04001,5.50593],[-75.04001,5.50593],[-75.04001,5.50593],[-75.04001,5.50594],[-75.04,5.506],[-75.04,5.506],[-75.04,5.506],[-75.04,5.506],[-75.04,5.50601],[-75.04,5.50601],[-75.04001,5.50602],[-75.04001,5.5061],[-75.04001,5.5061],[-75.04001,5.50611],[-75.04009,5.50631],[-75.04014,5.50653],[-75.04015,5.50664],[-75.04015,5.50664],[-75.04015,5.50664],[-75.04015,5.50664],[-75.04015,5.50664],[-75.04015,5.50664],[-75.04015,5.50664],[-75.04015,5.50664],[-75.04029,5.5067],[-75.04037,5.50679],[-75.04038,5.50695],[-75.04038,5.50706],[-75.04038,5.50707],[-75.04038,5.50707],[-75.04041,5.50718],[-75.04039,5.50733],[-75.04031,5.50756],[-75.04018,5.5076],[-75.04018,5.5076],[-75.04018,5.5076],[-75.04018,5.5076],[-75.04018,5.5076],[-75.04007,5.50774],[-75.04007,5.50774],[-75.04007,5.50774],[-75.04007,5.50774],[-75.04007,5.50775],[-75.04007,5.50775],[-75.04007,5.50775],[-75.04012,5.5079],[-75.04015,5.50801],[-75.04016,5.50808],[-75.04016,5.50808],[-75.04016,5.50808],[-75.04016,5.50808],[-75.04022,5.50817],[-75.04025,5.50828],[-75.04026,5.50841],[-75.03998,5.50847],[-75.03984,5.50849],[-75.0398,5.50845],[-75.0398,5.50845],[-75.03979,5.50845],[-75.03972,5.50839],[-75.03972,5.50839],[-75.03972,5.50839],[-75.03966,5.50836],[-75.03957,5.50831],[-75.03957,5.50831],[-75.03941,5.50822],[-75.0394,5.50821],[-75.0394,5.50821],[-75.03931,5.50819],[-75.03931,5.50819],[-75.03931,5.50819],[-75.03931,5.50819],[-75.03931,5.50819],[-75.03931,5.50819],[-75.0393,5.5082],[-75.0393,5.5082],[-75.03923,5.50828],[-75.03923,5.50828],[-75.03923,5.50828],[-75.03923,5.50829],[-75.0392,5.50841],[-75.03916,5.50849],[-75.03907,5.50852],[-75.03907,5.50853],[-75.03907,5.50853],[-75.03907,5.50853],[-75.03907,5.50853],[-75.03899,5.50865],[-75.03899,5.50865],[-75.03899,5.50865],[-75.03899,5.50865],[-75.03898,5.50872],[-75.03898,5.50872],[-75.03898,5.50872],[-75.03898,5.50872],[-75.03898,5.50873],[-75.03903,5.50883],[-75.03903,5.50883],[-75.03903,5.50883],[-75.03913,5.50895],[-75.03911,5.50912],[-75.03903,5.50923],[-75.03903,5.50923],[-75.03903,5.50923],[-75.03903,5.50923],[-75.03903,5.50924],[-75.03903,5.5094],[-75.03895,5.50951],[-75.03877,5.50947],[-75.03867,5.50943],[-75.03866,5.50943],[-75.03866,5.50943],[-75.03853,5.50942],[-75.03853,5.50942],[-75.03852,5.50942],[-75.03852,5.50942],[-75.03852,5.50942],[-75.03852,5.50942],[-75.03852,5.50942],[-75.03852,5.50943],[-75.03852,5.50943],[-75.03852,5.50943],[-75.0385,5.50952],[-75.0385,5.50952],[-75.0385,5.50952],[-75.0385,5.50953],[-75.0385,5.50953],[-75.03855,5.50968],[-75.03862,5.50987],[-75.03862,5.50987],[-75.03862,5.50987],[-75.0387,5.51001],[-75.0387,5.51001],[-75.0387,5.51001],[-75.0387,5.51001],[-75.03871,5.51002],[-75.03882,5.51007],[-75.0389,5.51014],[-75.0389,5.51015],[-75.0389,5.51015],[-75.0389,5.51015],[-75.0391,5.51023],[-75.03919,5.51032],[-75.03919,5.51032],[-75.03919,5.51032],[-75.03934,5.51043],[-75.03934,5.51043],[-75.03935,5.51043],[-75.03935,5.51043],[-75.03935,5.51043],[-75.03951,5.51043],[-75.03949,5.51048],[-75.03946,5.51049],[-75.03946,5.51049],[-75.03946,5.51049],[-75.0393,5.51059],[-75.0393,5.51059],[-75.0393,5.51059],[-75.03916,5.51076],[-75.0391,5.51078],[-75.0391,5.51078],[-75.0391,5.51078],[-75.03902,5.51082],[-75.03902,5.51082],[-75.03902,5.51082],[-75.03894,5.51089],[-75.03894,5.51089],[-75.03894,5.5109],[-75.03893,5.5109],[-75.03893,5.5109],[-75.03891,5.51105],[-75.03891,5.51105],[-75.03889,5.51118],[-75.03887,5.51123],[-75.0388,5.51124],[-75.03863,5.51116],[-75.03863,5.51116],[-75.03863,5.51116],[-75.03855,5.51112],[-75.03847,5.51109],[-75.03845,5.51104],[-75.03845,5.51104],[-75.03844,5.51103],[-75.03844,5.51103],[-75.03836,5.51096],[-75.03836,5.51096],[-75.03836,5.51096],[-75.03836,5.51096],[-75.03827,5.51094],[-75.03827,5.51094],[-75.03827,5.51094],[-75.03826,5.51094],[-75.03826,5.51094],[-75.03826,5.51094],[-75.03826,5.51094],[-75.03822,5.51097],[-75.03813,5.51103],[-75.03813,5.51103],[-75.03812,5.51103],[-75.03812,5.51103],[-75.03812,5.51103],[-75.03809,5.51111],[-75.03809,5.51111],[-75.03809,5.51111],[-75.03809,5.51111],[-75.03808,5.51127],[-75.03807,5.51135],[-75.03807,5.51135],[-75.03807,5.51136],[-75.03807,5.51136],[-75.03807,5.51136],[-75.03807,5.51136],[-75.03807,5.51136],[-75.03807,5.51136],[-75.03807,5.51136],[-75.03814,5.51151],[-75.03815,5.51158],[-75.03815,5.51158],[-75.03815,5.51159],[-75.03819,5.51165],[-75.03822,5.51177],[-75.03823,5.51192],[-75.03823,5.51192],[-75.03823,5.51192],[-75.03823,5.51192],[-75.03827,5.51199],[-75.03832,5.5121],[-75.03832,5.5121],[-75.03832,5.51211],[-75.03832,5.51211],[-75.03833,5.51211],[-75.03841,5.51216],[-75.03858,5.51242],[-75.03865,5.51253],[-75.03853,5.51251],[-75.03831,5.51237],[-75.03831,5.51237],[-75.03829,5.51236],[-75.03829,5.51236],[-75.03829,5.51236],[-75.03829,5.51236],[-75.03829,5.51236],[-75.03815,5.51237],[-75.03809,5.51236],[-75.03809,5.51236],[-75.03809,5.51236],[-75.03808,5.51236],[-75.03808,5.51236],[-75.03789,5.51247],[-75.03777,5.51247],[-75.03774,5.51239],[-75.03774,5.51239],[-75.03774,5.51239],[-75.03774,5.51239],[-75.03773,5.51238],[-75.03773,5.51238],[-75.03773,5.51238],[-75.03762,5.51235],[-75.03762,5.51235],[-75.03762,5.51235],[-75.0375,5.51235],[-75.0375,5.51235],[-75.03749,5.51235],[-75.03749,5.51235],[-75.03749,5.51235],[-75.03736,5.51244],[-75.03736,5.51244],[-75.03736,5.51244],[-75.03728,5.51252],[-75.03722,5.51256],[-75.03722,5.51256],[-75.03722,5.51256],[-75.03722,5.51257],[-75.03722,5.51257],[-75.0372,5.51263],[-75.0372,5.51263],[-75.03717,5.51278],[-75.03703,5.51286],[-75.03703,5.51286],[-75.03703,5.51286],[-75.03703,5.51287],[-75.03701,5.51289],[-75.03687,5.51287],[-75.03677,5.51281],[-75.03668,5.5127],[-75.03668,5.5127],[-75.03666,5.51269],[-75.0366,5.51261],[-75.03659,5.51261],[-75.03659,5.51261],[-75.03653,5.51257],[-75.03653,5.51257],[-75.03653,5.51257],[-75.03653,5.51257],[-75.03653,5.51257],[-75.03644,5.51258],[-75.03644,5.51258],[-75.03643,5.51258],[-75.03643,5.51258],[-75.03643,5.51258],[-75.03632,5.51267],[-75.03632,5.51267],[-75.03622,5.51277],[-75.03621,5.51277],[-75.03621,5.51277],[-75.03614,5.51287],[-75.03606,5.51293],[-75.03605,5.51293],[-75.03605,5.51293],[-75.03605,5.51293],[-75.03605,5.51293],[-75.03603,5.51301],[-75.03597,5.51312],[-75.03597,5.51312],[-75.03597,5.51312],[-75.03597,5.51312],[-75.03597,5.51312],[-75.03597,5.51328],[-75.03597,5.51328],[-75.03597,5.51328],[-75.036,5.51345],[-75.03601,5.51356],[-75.03601,5.51356],[-75.03604,5.51365],[-75.03606,5.51374],[-75.03607,5.5138],[-75.03594,5.51395],[-75.03594,5.51395],[-75.03594,5.51395],[-75.03593,5.51394],[-75.03574,5.51411]]],[[[-75.03992,5.51605],[-75.03992,5.51605],[-75.03992,5.51607],[-75.0399,5.51608],[-75.03984,5.5161],[-75.03984,5.5161],[-75.03984,5.5161],[-75.03979,5.51613],[-75.03979,5.51613],[-75.03979,5.51613],[-75.03979,5.51613],[-75.03974,5.51621],[-75.03974,5.51621],[-75.03972,5.51624],[-75.03971,5.51626],[-75.03969,5.51628],[-75.03969,5.51628],[-75.03967,5.5163],[-75.0396,5.51632],[-75.0396,5.51633],[-75.0396,5.51633],[-75.0396,5.51633],[-75.03958,5.51635],[-75.03958,5.51635],[-75.03958,5.51635],[-75.03958,5.51635],[-75.03958,5.51635],[-75.03958,5.51635],[-75.03957,5.51635],[-75.03957,5.51635],[-75.03957,5.51636],[-75.03955,5.51638],[-75.03955,5.51638],[-75.03955,5.51638],[-75.03951,5.51646],[-75.03951,5.51646],[-75.03948,5.51654],[-75.03944,5.5166],[-75.03933,5.51671],[-75.03933,5.51671],[-75.03933,5.51671],[-75.0393,5.51676],[-75.03922,5.51685],[-75.03921,5.51686],[-75.0392,5.51686],[-75.0392,5.51686],[-75.03919,5.51687],[-75.03911,5.51689],[-75.03911,5.51689],[-75.0391,5.51689],[-75.0391,5.51689],[-75.03907,5.51692],[-75.03905,5.51693],[-75.03905,5.51693],[-75.03905,5.51693],[-75.03902,5.51695],[-75.03902,5.51696],[-75.03901,5.51696],[-75.039,5.51696],[-75.039,5.51696],[-75.039,5.51696],[-75.03899,5.51697],[-75.03896,5.51698],[-75.03896,5.51698],[-75.03896,5.51698],[-75.03896,5.51699],[-75.03896,5.51699],[-75.03896,5.51699],[-75.03896,5.51699],[-75.03895,5.517],[-75.03893,5.51701],[-75.03893,5.51701],[-75.03893,5.51701],[-75.03893,5.51701],[-75.03893,5.51701],[-75.03891,5.51703],[-75.03891,5.51704],[-75.0389,5.51704],[-75.0389,5.51705],[-75.0389,5.51705],[-75.0389,5.51705],[-75.0389,5.51705],[-75.0389,5.51709],[-75.03891,5.51717],[-75.03891,5.51717],[-75.03891,5.51723],[-75.0389,5.51733],[-75.0389,5.51733],[-75.0389,5.51733],[-75.0389,5.5174],[-75.03889,5.51744],[-75.03889,5.51744],[-75.0389,5.51752],[-75.0389,5.51752],[-75.03892,5.51758],[-75.03891,5.51763],[-75.03889,5.51767],[-75.03889,5.51767],[-75.03888,5.51772],[-75.03888,5.51772],[-75.03888,5.51772],[-75.03887,5.51776],[-75.03887,5.51776],[-75.03887,5.51776],[-75.03887,5.51777],[-75.03887,5.51777],[-75.03888,5.51778],[-75.03888,5.51778],[-75.03888,5.51778],[-75.03889,5.5178],[-75.03889,5.5178],[-75.03889,5.51781],[-75.0389,5.51781],[-75.0389,5.51782],[-75.03891,5.51786],[-75.03892,5.51794],[-75.03892,5.518],[-75.03892,5.51803],[-75.03891,5.51805],[-75.03891,5.51805],[-75.03891,5.51805],[-75.03891,5.51805],[-75.03891,5.51805],[-75.03891,5.51805],[-75.03891,5.51806],[-75.03891,5.5181],[-75.03891,5.5181],[-75.03891,5.51812],[-75.03891,5.51813],[-75.03891,5.51813],[-75.0389,5.51817],[-75.0389,5.51817],[-75.0389,5.51823],[-75.0389,5.51823],[-75.0389,5.5183],[-75.0389,5.51835],[-75.0389,5.51837],[-75.0389,5.51837],[-75.0389,5.51837],[-75.0389,5.51841],[-75.03889,5.51845],[-75.03889,5.51845],[-75.03889,5.51845],[-75.03889,5.51851],[-75.03889,5.51851],[-75.03889,5.51851],[-75.03889,5.51851],[-75.0389,5.51855],[-75.03889,5.51859],[-75.03889,5.5186],[-75.03889,5.5186],[-75.03889,5.5186],[-75.03889,5.5186],[-75.03889,5.5186],[-75.03889,5.5186],[-75.03889,5.5186],[-75.0389,5.51862],[-75.0389,5.51862],[-75.0389,5.51863],[-75.0389,5.51863],[-75.0389,5.51863],[-75.0389,5.51863],[-75.0389,5.51863],[-75.0389,5.51867],[-75.0389,5.51868],[-75.0389,5.51874],[-75.03889,5.51879],[-75.03886,5.51884],[-75.03886,5.51884],[-75.03886,5.51884],[-75.03885,5.51889],[-75.03885,5.51889],[-75.03885,5.51889],[-75.03884,5.51893],[-75.03882,5.51896],[-75.0387,5.51938],[-75.03872,5.51938],[-75.03885,5.51895],[-75.03885,5.51894],[-75.03886,5.51893],[-75.03886,5.51893],[-75.03886,5.51893],[-75.03886,5.51889],[-75.03888,5.51884],[-75.03891,5.5188],[-75.03891,5.5188],[-75.03891,5.51879],[-75.03892,5.51874],[-75.03892,5.51874],[-75.03892,5.51874],[-75.03892,5.51867],[-75.03892,5.51862],[-75.03892,5.51862],[-75.03892,5.51862],[-75.03892,5.51862],[-75.03892,5.51862],[-75.03892,5.51862],[-75.03891,5.51862],[-75.03891,5.51862],[-75.03891,5.5186],[-75.03891,5.5186],[-75.03891,5.5186],[-75.03891,5.5186],[-75.03892,5.51855],[-75.03892,5.51855],[-75.03892,5.51855],[-75.03892,5.51855],[-75.03892,5.51854],[-75.03891,5.51851],[-75.03891,5.51845],[-75.03892,5.51841],[-75.03892,5.51841],[-75.03891,5.51837],[-75.03892,5.51835],[-75.03892,5.51835],[-75.03892,5.5183],[-75.03892,5.5183],[-75.03892,5.51823],[-75.03892,5.51817],[-75.03893,5.51814],[-75.03893,5.51813],[-75.03893,5.51813],[-75.03893,5.51812],[-75.03893,5.5181],[-75.03893,5.51806],[-75.03893,5.51806],[-75.03893,5.51806],[-75.03893,5.51806],[-75.03893,5.51806],[-75.03893,5.51803],[-75.03893,5.51803],[-75.03894,5.518],[-75.03894,5.518],[-75.03894,5.518],[-75.03893,5.51794],[-75.03893,5.51794],[-75.03893,5.51794],[-75.03893,5.51786],[-75.03893,5.51786],[-75.03892,5.51782],[-75.03892,5.51782],[-75.03891,5.5178],[-75.03891,5.5178],[-75.03891,5.5178],[-75.03891,5.5178],[-75.03891,5.5178],[-75.03891,5.51779],[-75.0389,5.51777],[-75.03889,5.51776],[-75.0389,5.51772],[-75.03891,5.51768],[-75.03892,5.51764],[-75.03892,5.51764],[-75.03894,5.51758],[-75.03894,5.51758],[-75.03894,5.51758],[-75.03894,5.51758],[-75.03894,5.51758],[-75.03892,5.51751],[-75.03891,5.51744],[-75.03891,5.5174],[-75.03892,5.51733],[-75.03893,5.51723],[-75.03893,5.51723],[-75.03893,5.51723],[-75.03892,5.51717],[-75.03892,5.51709],[-75.03892,5.51709],[-75.03892,5.51705],[-75.03893,5.51704],[-75.03893,5.51704],[-75.03894,5.51702],[-75.03896,5.51701],[-75.03896,5.51701],[-75.03896,5.51701],[-75.03897,5.517],[-75.039,5.51698],[-75.039,5.51698],[-75.03901,5.51698],[-75.03902,5.51697],[-75.03902,5.51697],[-75.03902,5.51697],[-75.03903,5.51697],[-75.03903,5.51697],[-75.03903,5.51697],[-75.03903,5.51697],[-75.03906,5.51695],[-75.03908,5.51694],[-75.03908,5.51694],[-75.03908,5.51694],[-75.03911,5.51691],[-75.0392,5.51688],[-75.0392,5.51688],[-75.03921,5.51688],[-75.03922,5.51688],[-75.03922,5.51688],[-75.03922,5.51688],[-75.03922,5.51687],[-75.03922,5.51687],[-75.03922,5.51687],[-75.03923,5.51686],[-75.03924,5.51686],[-75.03931,5.51677],[-75.03935,5.51672],[-75.03945,5.51661],[-75.03945,5.51661],[-75.03946,5.51661],[-75.03949,5.51655],[-75.03949,5.51655],[-75.03953,5.51647],[-75.03957,5.51639],[-75.03959,5.51636],[-75.03959,5.51636],[-75.03959,5.51636],[-75.03959,5.51636],[-75.03961,5.51634],[-75.03968,5.51631],[-75.03968,5.51631],[-75.03968,5.51631],[-75.03968,5.51631],[-75.0397,5.51629],[-75.03973,5.51627],[-75.03973,5.51627],[-75.03973,5.51627],[-75.03973,5.51627],[-75.03974,5.51625],[-75.03974,5.51625],[-75.03974,5.51625],[-75.03975,5.51621],[-75.0398,5.51614],[-75.03985,5.51612],[-75.03991,5.5161],[-75.03991,5.5161],[-75.03991,5.5161],[-75.03993,5.51609],[-75.03993,5.51609],[-75.03993,5.51609],[-75.03993,5.51608],[-75.03994,5.51608],[-75.03994,5.51608],[-75.03994,5.51608],[-75.03994,5.51608],[-75.03994,5.51606],[-75.03994,5.51602],[-75.04,5.51602],[-75.04004,5.51605],[-75.04004,5.51606],[-75.04004,5.51606],[-75.04007,5.51607],[-75.04007,5.51607],[-75.04007,5.51607],[-75.04008,5.51607],[-75.04008,5.51607],[-75.04008,5.51607],[-75.04008,5.51607],[-75.04008,5.51607],[-75.04009,5.51606],[-75.04009,5.51606],[-75.04011,5.51605],[-75.04011,5.51604],[-75.04014,5.51602],[-75.04015,5.516],[-75.04015,5.516],[-75.04015,5.516],[-75.04018,5.51596],[-75.04023,5.51599],[-75.04026,5.51602],[-75.04026,5.51602],[-75.04026,5.51602],[-75.04026,5.51602],[-75.04029,5.51603],[-75.04029,5.51603],[-75.04029,5.51603],[-75.04029,5.51603],[-75.04029,5.51603],[-75.0403,5.51602],[-75.0403,5.51602],[-75.0403,5.51602],[-75.0403,5.51602],[-75.0403,5.51602],[-75.0403,5.51602],[-75.0403,5.51601],[-75.04031,5.51601],[-75.04036,5.51599],[-75.04041,5.51599],[-75.04041,5.51599],[-75.04041,5.51599],[-75.04041,5.51599],[-75.04042,5.51598],[-75.04042,5.51598],[-75.04043,5.51598],[-75.04052,5.51591],[-75.04059,5.51586],[-75.04064,5.51584],[-75.04064,5.51584],[-75.04064,5.51583],[-75.04066,5.51582],[-75.04066,5.51582],[-75.04066,5.51582],[-75.04066,5.51582],[-75.04066,5.51581],[-75.04066,5.51581],[-75.04066,5.51581],[-75.04066,5.51577],[-75.04067,5.51572],[-75.04072,5.51569],[-75.0408,5.51569],[-75.04088,5.51572],[-75.04088,5.51573],[-75.04088,5.51573],[-75.04088,5.51573],[-75.04088,5.51573],[-75.04089,5.51572],[-75.041,5.51576],[-75.04106,5.51582],[-75.04106,5.51582],[-75.04106,5.51582],[-75.04106,5.51582],[-75.04106,5.51582],[-75.04106,5.51582],[-75.04112,5.51582],[-75.04112,5.51582],[-75.04112,5.51582],[-75.04118,5.5158],[-75.04126,5.5158],[-75.04129,5.51579],[-75.04132,5.51579],[-75.04136,5.51579],[-75.04136,5.51579],[-75.04136,5.51579],[-75.04137,5.51579],[-75.04137,5.51579],[-75.0414,5.51577],[-75.04146,5.51576],[-75.04147,5.51576],[-75.0415,5.51578],[-75.04156,5.51585],[-75.04156,5.51585],[-75.04156,5.51585],[-75.04156,5.51585],[-75.04158,5.51585],[-75.04158,5.51585],[-75.04158,5.51585],[-75.04158,5.51585],[-75.04158,5.51585],[-75.04158,5.51585],[-75.04158,5.51585],[-75.04167,5.51586],[-75.04167,5.51586],[-75.04168,5.51586],[-75.04168,5.51586],[-75.04168,5.51586],[-75.04168,5.51586],[-75.04169,5.51586],[-75.04169,5.51586],[-75.04172,5.51587],[-75.04172,5.51587],[-75.04174,5.51588],[-75.04174,5.51588],[-75.04174,5.51588],[-75.04174,5.51588],[-75.04183,5.51587],[-75.04183,5.51587],[-75.04184,5.51587],[-75.04186,5.51586],[-75.04195,5.51585],[-75.04204,5.51587],[-75.04211,5.51589],[-75.04211,5.51589],[-75.04213,5.5159],[-75.04215,5.51591],[-75.04221,5.51595],[-75.04221,5.51595],[-75.04221,5.51595],[-75.04222,5.51596],[-75.04222,5.51596],[-75.04223,5.51596],[-75.04223,5.51596],[-75.04223,5.51596],[-75.04223,5.51596],[-75.04223,5.51596],[-75.04224,5.51596],[-75.04224,5.51596],[-75.04224,5.51596],[-75.04224,5.51596],[-75.04224,5.51596],[-75.04224,5.51596],[-75.04224,5.51596],[-75.04225,5.51596],[-75.04228,5.51595],[-75.04231,5.51597],[-75.04233,5.51599],[-75.04233,5.51599],[-75.04233,5.51599],[-75.04233,5.51599],[-75.04235,5.51599],[-75.04236,5.51599],[-75.04236,5.51599],[-75.04243,5.516],[-75.04243,5.516],[-75.04247,5.51601],[-75.04247,5.51601],[-75.04247,5.51601],[-75.04248,5.51601],[-75.04248,5.51601],[-75.04256,5.51602],[-75.04263,5.51606],[-75.04264,5.51606],[-75.04268,5.51609],[-75.04269,5.5161],[-75.0427,5.51611],[-75.0427,5.51611],[-75.04273,5.51613],[-75.04273,5.51613],[-75.04273,5.51613],[-75.04273,5.51613],[-75.04273,5.51613],[-75.04273,5.51613],[-75.04273,5.51613],[-75.04275,5.51612],[-75.0428,5.51613],[-75.0428,5.51613],[-75.0428,5.51613],[-75.0428,5.51613],[-75.0428,5.51613],[-75.0428,5.51613],[-75.04281,5.51613],[-75.04285,5.51612],[-75.04288,5.51613],[-75.04288,5.51613],[-75.04288,5.51613],[-75.04293,5.51612],[-75.04295,5.51612],[-75.04295,5.51612],[-75.04295,5.51612],[-75.04295,5.51613],[-75.04295,5.51613],[-75.04296,5.51613],[-75.04296,5.51613],[-75.04297,5.51613],[-75.04304,5.51616],[-75.04304,5.51616],[-75.04308,5.51617],[-75.04312,5.51619],[-75.04312,5.51619],[-75.04312,5.51619],[-75.04313,5.51619],[-75.04314,5.51619],[-75.04319,5.51621],[-75.04319,5.51621],[-75.04319,5.51621],[-75.04319,5.51621],[-75.04326,5.51621],[-75.04326,5.51621],[-75.04326,5.51621],[-75.04331,5.5162],[-75.04337,5.5162],[-75.04337,5.5162],[-75.04337,5.5162],[-75.04337,5.5162],[-75.04339,5.51619],[-75.04339,5.51619],[-75.04339,5.51618],[-75.04339,5.51618],[-75.0434,5.51617],[-75.04343,5.51616],[-75.04343,5.51616],[-75.04343,5.51616],[-75.04344,5.51615],[-75.04348,5.51614],[-75.0435,5.51615],[-75.0435,5.51615],[-75.04351,5.51615],[-75.04351,5.51615],[-75.04351,5.51615],[-75.04351,5.51615],[-75.04354,5.51613],[-75.04356,5.51613],[-75.04356,5.51613],[-75.04356,5.51613],[-75.04356,5.51613],[-75.04356,5.51613],[-75.04356,5.51613],[-75.04357,5.51612],[-75.04357,5.51612],[-75.0436,5.51611],[-75.0436,5.51611],[-75.04361,5.51611],[-75.04361,5.51611],[-75.04361,5.51611],[-75.04363,5.5161],[-75.04363,5.5161],[-75.04363,5.5161],[-75.04363,5.5161],[-75.04368,5.51613],[-75.0437,5.51614],[-75.04374,5.51621],[-75.04374,5.51621],[-75.04374,5.51621],[-75.04374,5.51621],[-75.0438,5.51625],[-75.0438,5.51625],[-75.0438,5.51625],[-75.0438,5.51625],[-75.0438,5.51625],[-75.04391,5.51634],[-75.04392,5.51635],[-75.04394,5.51639],[-75.04396,5.51642],[-75.04398,5.51646],[-75.04398,5.51647],[-75.04398,5.51647],[-75.04398,5.51648],[-75.04398,5.51648],[-75.04398,5.51648],[-75.04398,5.51648],[-75.04398,5.51648],[-75.04401,5.5165],[-75.04402,5.51651],[-75.04404,5.51654],[-75.04404,5.51655],[-75.04403,5.51655],[-75.04403,5.51655],[-75.04403,5.51655],[-75.04403,5.51656],[-75.04403,5.51656],[-75.04403,5.51656],[-75.04404,5.51656],[-75.04404,5.51656],[-75.04404,5.51656],[-75.04404,5.51656],[-75.04404,5.51656],[-75.04404,5.51656],[-75.04404,5.51656],[-75.04405,5.51656],[-75.04406,5.51656],[-75.04406,5.51656],[-75.04406,5.51656],[-75.04406,5.51656],[-75.04406,5.51656],[-75.04406,5.51656],[-75.04406,5.51656],[-75.04407,5.51657],[-75.04407,5.51657],[-75.04407,5.51657],[-75.04408,5.51657],[-75.04408,5.51657],[-75.04408,5.51658],[-75.04411,5.51662],[-75.04411,5.51662],[-75.04411,5.51662],[-75.04412,5.51665],[-75.04413,5.51669],[-75.04413,5.51669],[-75.04413,5.5167],[-75.04414,5.51672],[-75.04414,5.51672],[-75.04414,5.51672],[-75.04414,5.51672],[-75.04414,5.51674],[-75.04414,5.51674],[-75.04416,5.51679],[-75.04417,5.51685],[-75.04417,5.51685],[-75.04417,5.51685],[-75.04419,5.51689],[-75.04419,5.51689],[-75.04419,5.5169],[-75.04419,5.5169],[-75.04419,5.5169],[-75.04419,5.5169],[-75.0442,5.5169],[-75.04421,5.51691],[-75.04421,5.51691],[-75.04421,5.51691],[-75.04421,5.51691],[-75.04421,5.51691],[-75.04421,5.51691],[-75.04421,5.51691],[-75.04422,5.51691],[-75.04422,5.51691],[-75.04422,5.51691],[-75.04422,5.51692],[-75.04422,5.51692],[-75.04422,5.51692],[-75.04423,5.51692],[-75.04423,5.51693],[-75.04424,5.51693],[-75.04424,5.51693],[-75.04424,5.51693],[-75.04424,5.51693],[-75.04424,5.51693],[-75.04424,5.51693],[-75.04424,5.51693],[-75.04424,5.51693],[-75.04424,5.51694],[-75.04425,5.51694],[-75.04425,5.51695],[-75.04426,5.51695],[-75.04426,5.51695],[-75.04426,5.51695],[-75.04426,5.51695],[-75.04426,5.51695],[-75.04426,5.51695],[-75.04428,5.51695],[-75.04429,5.51696],[-75.04429,5.51696],[-75.04429,5.51696],[-75.04429,5.51696],[-75.04429,5.51696],[-75.0443,5.51697],[-75.0443,5.51697],[-75.0443,5.51697],[-75.0443,5.51697],[-75.0443,5.51697],[-75.0443,5.51698],[-75.04431,5.51698],[-75.04431,5.51698],[-75.04431,5.51698],[-75.04431,5.51698],[-75.04431,5.51698],[-75.04432,5.51698],[-75.04432,5.51698],[-75.04432,5.51698],[-75.04432,5.51698],[-75.04432,5.51698],[-75.04432,5.51698],[-75.04432,5.51697],[-75.04432,5.51697],[-75.04432,5.51697],[-75.04432,5.51697],[-75.04432,5.51697],[-75.04432,5.51697],[-75.04432,5.51697],[-75.04432,5.51697],[-75.04432,5.51696],[-75.04431,5.51696],[-75.04431,5.51696],[-75.04431,5.51695],[-75.04431,5.51695],[-75.04431,5.51695],[-75.04431,5.51695],[-75.0443,5.51694],[-75.0443,5.51694],[-75.0443,5.51694],[-75.0443,5.51694],[-75.04429,5.51694],[-75.04429,5.51694],[-75.04428,5.51694],[-75.04427,5.51693],[-75.04426,5.51693],[-75.04426,5.51693],[-75.04426,5.51693],[-75.04425,5.51692],[-75.04425,5.51692],[-75.04425,5.51692],[-75.04425,5.51692],[-75.04425,5.51692],[-75.04425,5.51692],[-75.04425,5.51692],[-75.04425,5.51691],[-75.04424,5.5169],[-75.04424,5.5169],[-75.04424,5.5169],[-75.04424,5.5169],[-75.04423,5.5169],[-75.04423,5.5169],[-75.04423,5.5169],[-75.04422,5.5169],[-75.04422,5.5169],[-75.04422,5.5169],[-75.04422,5.5169],[-75.04421,5.51688],[-75.0442,5.51688],[-75.0442,5.51688],[-75.0442,5.51688],[-75.04418,5.51684],[-75.04417,5.51679],[-75.04417,5.51679],[-75.04417,5.51679],[-75.04416,5.51673],[-75.04416,5.51672],[-75.04416,5.51672],[-75.04416,5.51671],[-75.04416,5.51671],[-75.04416,5.51671],[-75.04416,5.51671],[-75.04416,5.51671],[-75.04415,5.51669],[-75.04414,5.51665],[-75.04414,5.51665],[-75.04414,5.51664],[-75.04412,5.51662],[-75.04412,5.51661],[-75.04412,5.51661],[-75.04412,5.51661],[-75.0441,5.51657],[-75.0441,5.51657],[-75.0441,5.51657],[-75.04408,5.51656],[-75.04408,5.51656],[-75.04408,5.51655],[-75.04408,5.51655],[-75.04408,5.51655],[-75.04408,5.51655],[-75.04407,5.51655],[-75.04407,5.51655],[-75.04407,5.51655],[-75.04407,5.51655],[-75.04407,5.51655],[-75.04407,5.51655],[-75.04407,5.51655],[-75.04407,5.51655],[-75.04406,5.51654],[-75.04406,5.51654],[-75.04406,5.51654],[-75.04406,5.51654],[-75.04406,5.51654],[-75.04406,5.51654],[-75.04406,5.51654],[-75.04406,5.51654],[-75.04406,5.51653],[-75.04406,5.51653],[-75.04406,5.51653],[-75.04406,5.51653],[-75.04403,5.5165],[-75.04403,5.5165],[-75.04402,5.51649],[-75.04402,5.51649],[-75.04402,5.51649],[-75.04399,5.51647],[-75.044,5.51645],[-75.044,5.51645],[-75.04399,5.51645],[-75.04399,5.51645],[-75.04398,5.51641],[-75.04398,5.51641],[-75.04398,5.51641],[-75.04396,5.51638],[-75.04396,5.51638],[-75.04396,5.51638],[-75.04394,5.51634],[-75.04394,5.51634],[-75.04393,5.51634],[-75.04392,5.51633],[-75.04392,5.51633],[-75.04392,5.51633],[-75.04381,5.51623],[-75.04381,5.51623],[-75.04381,5.51623],[-75.04381,5.51623],[-75.04381,5.51623],[-75.0438,5.51623],[-75.0438,5.51623],[-75.0438,5.51623],[-75.04375,5.5162],[-75.04371,5.51613],[-75.04371,5.51613],[-75.04371,5.51613],[-75.04369,5.51611],[-75.04369,5.51611],[-75.04364,5.51608],[-75.04364,5.51608],[-75.04364,5.51608],[-75.04363,5.51608],[-75.04363,5.51608],[-75.04363,5.51608],[-75.04363,5.51608],[-75.04363,5.51608],[-75.04362,5.51608],[-75.0436,5.51609],[-75.04359,5.51609],[-75.04356,5.5161],[-75.04356,5.5161],[-75.04356,5.5161],[-75.04356,5.51611],[-75.04355,5.51611],[-75.04355,5.51611],[-75.04355,5.51611],[-75.04355,5.51611],[-75.04354,5.51611],[-75.04354,5.51611],[-75.04354,5.51611],[-75.04351,5.51613],[-75.04349,5.51612],[-75.04349,5.51612],[-75.04348,5.51612],[-75.04348,5.51612],[-75.04348,5.51612],[-75.04348,5.51612],[-75.04343,5.51614],[-75.04343,5.51614],[-75.04343,5.51614],[-75.04343,5.51614],[-75.04342,5.51615],[-75.04339,5.51616],[-75.04339,5.51616],[-75.04339,5.51616],[-75.04339,5.51616],[-75.04338,5.51617],[-75.04337,5.51618],[-75.04331,5.51619],[-75.04331,5.51619],[-75.04331,5.51619],[-75.04326,5.51619],[-75.0432,5.5162],[-75.04315,5.51618],[-75.04315,5.51618],[-75.04313,5.51617],[-75.04313,5.51617],[-75.04313,5.51617],[-75.04313,5.51617],[-75.04313,5.51617],[-75.04313,5.51617],[-75.04308,5.51615],[-75.04308,5.51615],[-75.04308,5.51615],[-75.04305,5.51614],[-75.04298,5.51611],[-75.04298,5.51611],[-75.04298,5.51611],[-75.04296,5.51611],[-75.04296,5.51611],[-75.04296,5.5161],[-75.04296,5.5161],[-75.04296,5.5161],[-75.04296,5.5161],[-75.04295,5.5161],[-75.04295,5.5161],[-75.04293,5.5161],[-75.04293,5.5161],[-75.04293,5.5161],[-75.04288,5.51611],[-75.04285,5.5161],[-75.04285,5.5161],[-75.04285,5.5161],[-75.0428,5.51611],[-75.0428,5.51612],[-75.0428,5.51612],[-75.04275,5.5161],[-75.04275,5.5161],[-75.04274,5.5161],[-75.04274,5.5161],[-75.04274,5.5161],[-75.04273,5.51611],[-75.04271,5.51609],[-75.04269,5.51607],[-75.04269,5.51607],[-75.04269,5.51607],[-75.04265,5.51604],[-75.04264,5.51604],[-75.04264,5.51604],[-75.04264,5.51604],[-75.04256,5.516],[-75.04256,5.516],[-75.04256,5.516],[-75.04248,5.51599],[-75.04248,5.51599],[-75.04248,5.51599],[-75.04247,5.51599],[-75.04244,5.51598],[-75.04244,5.51598],[-75.04244,5.51598],[-75.04243,5.51598],[-75.04243,5.51598],[-75.04236,5.51598],[-75.04234,5.51597],[-75.04232,5.51596],[-75.04232,5.51596],[-75.04232,5.51596],[-75.04228,5.51594],[-75.04228,5.51594],[-75.04228,5.51594],[-75.04228,5.51594],[-75.04228,5.51594],[-75.04225,5.51594],[-75.04225,5.51594],[-75.04224,5.51594],[-75.04224,5.51594],[-75.04224,5.51594],[-75.04223,5.51594],[-75.04223,5.51594],[-75.04223,5.51594],[-75.04222,5.51593],[-75.04216,5.51589],[-75.04216,5.51589],[-75.04216,5.51589],[-75.04214,5.51588],[-75.04214,5.51588],[-75.04212,5.51588],[-75.04204,5.51585],[-75.04204,5.51585],[-75.04195,5.51583],[-75.04195,5.51583],[-75.04195,5.51583],[-75.04195,5.51583],[-75.04186,5.51585],[-75.04186,5.51585],[-75.04185,5.51585],[-75.04183,5.51585],[-75.04174,5.51586],[-75.04173,5.51585],[-75.04169,5.51584],[-75.04169,5.51584],[-75.04169,5.51584],[-75.04168,5.51584],[-75.04168,5.51584],[-75.04168,5.51584],[-75.04168,5.51584],[-75.04168,5.51584],[-75.04168,5.51584],[-75.04167,5.51584],[-75.04158,5.51584],[-75.04158,5.51584],[-75.04157,5.51583],[-75.04151,5.51576],[-75.04151,5.51576],[-75.04151,5.51576],[-75.04148,5.51574],[-75.04148,5.51574],[-75.04147,5.51574],[-75.04147,5.51574],[-75.04146,5.51574],[-75.04146,5.51574],[-75.04146,5.51574],[-75.04145,5.51574],[-75.04139,5.51575],[-75.04139,5.51575],[-75.04139,5.51575],[-75.04136,5.51578],[-75.04133,5.51577],[-75.04133,5.51577],[-75.04133,5.51577],[-75.04129,5.51577],[-75.04129,5.51577],[-75.04129,5.51577],[-75.04125,5.51578],[-75.04118,5.51579],[-75.04118,5.51579],[-75.04112,5.5158],[-75.04107,5.5158],[-75.04101,5.51575],[-75.04101,5.51575],[-75.04101,5.51574],[-75.04101,5.51574],[-75.04089,5.51571],[-75.04089,5.51571],[-75.04089,5.51571],[-75.04089,5.51571],[-75.04089,5.51571],[-75.04088,5.51571],[-75.04081,5.51568],[-75.04081,5.51568],[-75.04081,5.51568],[-75.04081,5.51568],[-75.04072,5.51568],[-75.04072,5.51568],[-75.04072,5.51568],[-75.04072,5.51568],[-75.04066,5.51571],[-75.04066,5.51571],[-75.04066,5.51571],[-75.04066,5.51571],[-75.04066,5.51571],[-75.04066,5.51571],[-75.04064,5.51576],[-75.04064,5.51576],[-75.04064,5.51577],[-75.04064,5.51577],[-75.04065,5.51581],[-75.04063,5.51582],[-75.04058,5.51585],[-75.04058,5.51585],[-75.04051,5.51589],[-75.04051,5.51589],[-75.04042,5.51597],[-75.0404,5.51597],[-75.04036,5.51597],[-75.04036,5.51597],[-75.04036,5.51597],[-75.0403,5.51599],[-75.0403,5.51599],[-75.0403,5.51599],[-75.04029,5.516],[-75.04029,5.516],[-75.04028,5.516],[-75.04028,5.516],[-75.04028,5.51601],[-75.04027,5.516],[-75.04024,5.51598],[-75.04024,5.51598],[-75.04024,5.51597],[-75.04019,5.51594],[-75.04019,5.51594],[-75.04018,5.51594],[-75.04018,5.51594],[-75.04018,5.51594],[-75.04018,5.51594],[-75.04018,5.51594],[-75.04018,5.51594],[-75.04018,5.51594],[-75.04017,5.51594],[-75.04014,5.51599],[-75.04013,5.51601],[-75.04013,5.51601],[-75.0401,5.51603],[-75.04008,5.51605],[-75.04007,5.51605],[-75.04005,5.51604],[-75.04001,5.51601],[-75.04001,5.51601],[-75.04001,5.51601],[-75.04001,5.51601],[-75.04001,5.51601],[-75.03994,5.51601],[-75.03994,5.51601],[-75.03993,5.51601],[-75.03993,5.51601],[-75.03993,5.51601],[-75.03993,5.51601],[-75.03993,5.51601],[-75.03993,5.51601],[-75.03993,5.51601],[-75.03992,5.51605]]],[[[-75.0539,5.51946],[-75.0539,5.51946],[-75.0539,5.51947],[-75.0539,5.51947],[-75.0539,5.51947],[-75.05391,5.51948],[-75.05392,5.51951],[-75.05383,5.51957],[-75.05383,5.51957],[-75.05362,5.51974],[-75.05348,5.51981],[-75.05348,5.51981],[-75.05347,5.51981],[-75.05335,5.51992],[-75.05327,5.51995],[-75.05326,5.51995],[-75.05328,5.51996],[-75.05332,5.51995],[-75.05336,5.51993],[-75.05336,5.51993],[-75.05336,5.51993],[-75.0534,5.5199],[-75.05341,5.51989],[-75.05349,5.51982],[-75.05363,5.51975],[-75.05363,5.51975],[-75.05363,5.51975],[-75.05384,5.51958],[-75.05393,5.51952],[-75.05393,5.51952],[-75.05393,5.51952],[-75.05393,5.51952],[-75.05393,5.51951],[-75.05394,5.51951],[-75.05394,5.51951],[-75.05394,5.51951],[-75.05393,5.51948],[-75.05393,5.51948],[-75.05393,5.51948],[-75.05393,5.51948],[-75.05393,5.51948],[-75.05393,5.51948],[-75.05393,5.51948],[-75.05393,5.51947],[-75.05393,5.51947],[-75.05393,5.51945],[-75.05392,5.51943],[-75.05392,5.51943],[-75.05392,5.51943],[-75.05392,5.51943],[-75.05392,5.51943],[-75.05392,5.51942],[-75.05392,5.51942],[-75.05392,5.51942],[-75.05392,5.51942],[-75.05392,5.51942],[-75.05391,5.51942],[-75.05391,5.51942],[-75.05391,5.51942],[-75.05391,5.51942],[-75.05391,5.51943],[-75.05391,5.51943],[-75.05391,5.51943],[-75.05391,5.51943],[-75.05391,5.51943],[-75.05391,5.51943],[-75.05391,5.51943],[-75.05391,5.51944],[-75.05385,5.51924],[-75.05385,5.51924],[-75.05385,5.51924],[-75.05378,5.5191],[-75.0538,5.51889],[-75.0538,5.51889],[-75.0538,5.51888],[-75.0538,5.51888],[-75.0538,5.51888],[-75.0538,5.51888],[-75.0538,5.51888],[-75.0538,5.51888],[-75.0538,5.51888],[-75.05377,5.51887],[-75.05371,5.51875],[-75.05371,5.51875],[-75.05361,5.5186],[-75.05356,5.51845],[-75.05356,5.51834],[-75.05356,5.51831],[-75.05356,5.51825],[-75.05366,5.51814],[-75.05375,5.51811],[-75.05375,5.51811],[-75.05375,5.5181],[-75.05375,5.5181],[-75.0538,5.51806],[-75.05386,5.51799],[-75.05386,5.51798],[-75.05386,5.51798],[-75.05401,5.5178],[-75.05401,5.5178],[-75.05401,5.51779],[-75.05401,5.51779],[-75.05401,5.51779],[-75.05401,5.51779],[-75.05401,5.51779],[-75.05401,5.51779],[-75.05383,5.51736],[-75.05383,5.51736],[-75.05383,5.51735],[-75.05382,5.51735],[-75.05379,5.51732],[-75.05379,5.51732],[-75.05368,5.51725],[-75.05364,5.51719],[-75.0536,5.51707],[-75.05363,5.51695],[-75.05369,5.51675],[-75.05375,5.51659],[-75.05381,5.5165],[-75.05381,5.5165],[-75.05381,5.51649],[-75.05381,5.51649],[-75.05381,5.51649],[-75.0538,5.51631],[-75.0538,5.51631],[-75.0538,5.51631],[-75.0538,5.51631],[-75.05372,5.51617],[-75.05371,5.51612],[-75.05372,5.516],[-75.05372,5.51598],[-75.05375,5.51584],[-75.05377,5.51582],[-75.05388,5.51576],[-75.05388,5.51576],[-75.05396,5.5157],[-75.05396,5.5157],[-75.05396,5.5157],[-75.05396,5.5157],[-75.05407,5.51552],[-75.05407,5.51552],[-75.05407,5.51552],[-75.05407,5.51552],[-75.05407,5.51551],[-75.05407,5.51551],[-75.05407,5.51551],[-75.05407,5.51551],[-75.05405,5.51549],[-75.05405,5.51548],[-75.05405,5.51548],[-75.05405,5.51548],[-75.05369,5.5153],[-75.05362,5.51523],[-75.05376,5.51492],[-75.05376,5.51492],[-75.05379,5.51483],[-75.05379,5.51483],[-75.05379,5.51483],[-75.05379,5.51483],[-75.05379,5.51483],[-75.05379,5.51482],[-75.05379,5.51482],[-75.05379,5.51482],[-75.05359,5.51457],[-75.05359,5.51457],[-75.05359,5.51457],[-75.05349,5.51451],[-75.05349,5.51451],[-75.05349,5.51451],[-75.05335,5.51446],[-75.05335,5.51446],[-75.05335,5.51446],[-75.05335,5.51446],[-75.05335,5.51446],[-75.05335,5.51446],[-75.05326,5.5145],[-75.05322,5.51451],[-75.05311,5.51438],[-75.05307,5.51427],[-75.05319,5.51408],[-75.05328,5.51402],[-75.05328,5.51402],[-75.05328,5.51401],[-75.05328,5.51401],[-75.05328,5.51401],[-75.05328,5.51401],[-75.05328,5.51401],[-75.05328,5.51401],[-75.05328,5.51401],[-75.05321,5.51385],[-75.05321,5.51385],[-75.05321,5.51385],[-75.05311,5.51373],[-75.05311,5.51373],[-75.05311,5.51373],[-75.05311,5.51373],[-75.05311,5.51373],[-75.05311,5.51373],[-75.0531,5.51373],[-75.05299,5.51374],[-75.05297,5.51372],[-75.05293,5.51366],[-75.05295,5.51357],[-75.05295,5.51357],[-75.05295,5.51357],[-75.05293,5.51335],[-75.05293,5.51335],[-75.05293,5.51335],[-75.05293,5.51335],[-75.05293,5.51335],[-75.05293,5.51335],[-75.05272,5.51315],[-75.05262,5.513],[-75.05261,5.51284],[-75.05261,5.51277],[-75.05261,5.51277],[-75.05261,5.51277],[-75.05261,5.51277],[-75.05261,5.51277],[-75.05253,5.51263],[-75.05259,5.51242],[-75.05259,5.51242],[-75.05259,5.51242],[-75.05259,5.51232],[-75.05259,5.51232],[-75.05259,5.51231],[-75.05258,5.51231],[-75.05258,5.51231],[-75.05258,5.51231],[-75.05258,5.51231],[-75.05253,5.51228],[-75.05254,5.51226],[-75.05254,5.51226],[-75.05254,5.51226],[-75.05254,5.51226],[-75.05254,5.51226],[-75.05254,5.51226],[-75.05254,5.51225],[-75.05241,5.51207],[-75.05236,5.51192],[-75.05236,5.51192],[-75.05236,5.51192],[-75.05231,5.51184],[-75.05227,5.5117],[-75.05227,5.51161],[-75.05227,5.51161],[-75.05226,5.51148],[-75.05228,5.51141],[-75.05236,5.51134],[-75.05257,5.51119],[-75.05259,5.51118],[-75.05259,5.51118],[-75.05259,5.51118],[-75.05275,5.51105],[-75.05275,5.51105],[-75.05275,5.51105],[-75.05275,5.51105],[-75.05275,5.51105],[-75.05278,5.51096],[-75.05286,5.51086],[-75.05286,5.51086],[-75.05286,5.51086],[-75.05289,5.51078],[-75.05296,5.51065],[-75.05306,5.51052],[-75.05306,5.51052],[-75.05306,5.51052],[-75.05315,5.51033],[-75.05315,5.51033],[-75.05315,5.51033],[-75.05315,5.51031],[-75.05316,5.51028],[-75.05316,5.51028],[-75.05316,5.51028],[-75.05317,5.51019],[-75.05319,5.51008],[-75.05319,5.51008],[-75.05319,5.51008],[-75.0532,5.51],[-75.05337,5.50981],[-75.05337,5.50981],[-75.05337,5.50981],[-75.05337,5.50981],[-75.05337,5.5098],[-75.05339,5.50966],[-75.05339,5.50966],[-75.05339,5.50965],[-75.05339,5.50965],[-75.05339,5.50965],[-75.05339,5.50965],[-75.05339,5.50965],[-75.05339,5.50965],[-75.05338,5.50965],[-75.05335,5.50963],[-75.05323,5.50952],[-75.05322,5.50952],[-75.05322,5.50952],[-75.05322,5.50952],[-75.05322,5.50952],[-75.05315,5.50952],[-75.05305,5.50939],[-75.05295,5.50924],[-75.05295,5.50924],[-75.05295,5.50923],[-75.05294,5.50923],[-75.05294,5.50923],[-75.05294,5.50923],[-75.05285,5.50921],[-75.05283,5.50919],[-75.05283,5.50919],[-75.05283,5.50919],[-75.05283,5.50919],[-75.05283,5.50919],[-75.05281,5.50917],[-75.05281,5.50916],[-75.05281,5.50916],[-75.05281,5.50916],[-75.05281,5.50916],[-75.0528,5.50916],[-75.0528,5.50916],[-75.0528,5.50916],[-75.0528,5.50916],[-75.0528,5.50916],[-75.0528,5.50916],[-75.0528,5.50916],[-75.05279,5.50916],[-75.05279,5.50917],[-75.05279,5.50918],[-75.05277,5.50915],[-75.05277,5.50915],[-75.05277,5.50915],[-75.05277,5.50914],[-75.05277,5.50914],[-75.05267,5.50908],[-75.05267,5.50908],[-75.05268,5.5089],[-75.0527,5.50879],[-75.05276,5.50871],[-75.05276,5.50871],[-75.05276,5.5087],[-75.05281,5.50856],[-75.05281,5.50856],[-75.05281,5.50856],[-75.05281,5.50856],[-75.05281,5.50855],[-75.05281,5.50855],[-75.05281,5.50855],[-75.05272,5.5084],[-75.05267,5.50829],[-75.05267,5.50826],[-75.05267,5.50826],[-75.05267,5.50826],[-75.05267,5.50826],[-75.05266,5.50825],[-75.05266,5.50825],[-75.05266,5.50825],[-75.05266,5.50825],[-75.05266,5.50824],[-75.05266,5.50824],[-75.05266,5.50824],[-75.05266,5.50824],[-75.05265,5.50824],[-75.05265,5.50824],[-75.05265,5.50824],[-75.05265,5.50824],[-75.05265,5.50825],[-75.05265,5.50825],[-75.05264,5.50823],[-75.05264,5.50823],[-75.05264,5.50823],[-75.0526,5.50818],[-75.05259,5.50818],[-75.05259,5.50818],[-75.05258,5.50816],[-75.05256,5.50809],[-75.05256,5.50809],[-75.05256,5.50809],[-75.05246,5.50792],[-75.05242,5.50783],[-75.05238,5.50773],[-75.05239,5.50772],[-75.05239,5.50772],[-75.05239,5.50772],[-75.05239,5.50772],[-75.05241,5.50766],[-75.05241,5.50765],[-75.05241,5.50765],[-75.05241,5.50765],[-75.05238,5.50751],[-75.05238,5.50751],[-75.05237,5.50749],[-75.05236,5.50743],[-75.05236,5.50743],[-75.05236,5.50743],[-75.05236,5.50743],[-75.05236,5.50743],[-75.05236,5.50743],[-75.05236,5.50742],[-75.05236,5.50742],[-75.05236,5.50742],[-75.05236,5.50742],[-75.05235,5.50742],[-75.05233,5.50739],[-75.05233,5.50738],[-75.05233,5.50738],[-75.05224,5.50725],[-75.05224,5.50725],[-75.05224,5.50725],[-75.0521,5.50715],[-75.05206,5.50709],[-75.05207,5.50709],[-75.05207,5.50709],[-75.05207,5.50709],[-75.05208,5.50709],[-75.05208,5.50709],[-75.05208,5.50709],[-75.05208,5.50709],[-75.05208,5.50709],[-75.05208,5.50708],[-75.05208,5.50708],[-75.05208,5.50708],[-75.05208,5.50708],[-75.05208,5.50708],[-75.05208,5.50708],[-75.05208,5.50707],[-75.052,5.50697],[-75.05194,5.50689],[-75.05192,5.50686],[-75.05192,5.50686],[-75.05192,5.50685],[-75.05192,5.50685],[-75.05192,5.50685],[-75.05189,5.50684],[-75.05182,5.50672],[-75.05182,5.50672],[-75.05182,5.50672],[-75.05182,5.50672],[-75.05181,5.50671],[-75.05176,5.50664],[-75.05176,5.50664],[-75.05174,5.50662],[-75.05171,5.50653],[-75.05171,5.50653],[-75.05171,5.50653],[-75.05168,5.50645],[-75.05167,5.50643],[-75.05172,5.506],[-75.05174,5.50582],[-75.05174,5.50582],[-75.05174,5.50581],[-75.05174,5.50581],[-75.05169,5.50565],[-75.05169,5.50565],[-75.05169,5.50565],[-75.05169,5.50565],[-75.05168,5.50565],[-75.05168,5.50565],[-75.05168,5.50565],[-75.05168,5.50565],[-75.05168,5.50565],[-75.05168,5.50565],[-75.05164,5.50566],[-75.05153,5.50558],[-75.0515,5.50554],[-75.0515,5.50554],[-75.0515,5.50554],[-75.05143,5.50547],[-75.05141,5.50542],[-75.05141,5.50542],[-75.05141,5.50542],[-75.05139,5.50538],[-75.05139,5.50538],[-75.05139,5.50537],[-75.05133,5.50532],[-75.05133,5.50532],[-75.05133,5.50532],[-75.05129,5.5053],[-75.05125,5.50525],[-75.05124,5.50518],[-75.05124,5.50518],[-75.05124,5.50518],[-75.05123,5.50516],[-75.05123,5.50513],[-75.05123,5.50513],[-75.05123,5.50512],[-75.05123,5.50512],[-75.05123,5.50512],[-75.05117,5.50501],[-75.05113,5.50492],[-75.05112,5.5049],[-75.05112,5.5049],[-75.05112,5.5049],[-75.05106,5.50478],[-75.05106,5.50478],[-75.05106,5.50478],[-75.051,5.50471],[-75.051,5.5047],[-75.051,5.5047],[-75.051,5.5047],[-75.0509,5.50465],[-75.05082,5.50459],[-75.05082,5.50459],[-75.05082,5.50459],[-75.05074,5.50456],[-75.05068,5.50452],[-75.05068,5.50452],[-75.05068,5.50452],[-75.05055,5.50447],[-75.05055,5.50447],[-75.05045,5.50443],[-75.05041,5.50438],[-75.05041,5.50438],[-75.05041,5.50438],[-75.05035,5.50433],[-75.05033,5.50429],[-75.05033,5.50429],[-75.05033,5.50428],[-75.05033,5.50428],[-75.05032,5.50428],[-75.05032,5.50428],[-75.05024,5.50425],[-75.05024,5.50424],[-75.05035,5.50423],[-75.05048,5.50423],[-75.05048,5.50423],[-75.05065,5.5042],[-75.0508,5.5042],[-75.0508,5.5042],[-75.05091,5.5042],[-75.05102,5.5042],[-75.05102,5.5042],[-75.05114,5.5042],[-75.05114,5.5042],[-75.05114,5.5042],[-75.05114,5.5042],[-75.05114,5.5042],[-75.05114,5.50419],[-75.0512,5.50413],[-75.0512,5.50413],[-75.0512,5.50413],[-75.05123,5.50409],[-75.05123,5.50409],[-75.05123,5.50409],[-75.05125,5.50404],[-75.05125,5.50404],[-75.05125,5.50404],[-75.05132,5.50378],[-75.05132,5.50377],[-75.05132,5.50377],[-75.05132,5.50377],[-75.05132,5.50376],[-75.05132,5.50374],[-75.05132,5.5037],[-75.0514,5.50353],[-75.0514,5.50353],[-75.0514,5.50353],[-75.0514,5.50352],[-75.0514,5.50352],[-75.0514,5.50352],[-75.05138,5.50348],[-75.05138,5.50346],[-75.05138,5.50346],[-75.05139,5.50336],[-75.05139,5.50336],[-75.05139,5.50336],[-75.05137,5.50326],[-75.05137,5.50326],[-75.05136,5.50326],[-75.05135,5.5032],[-75.0513,5.50307],[-75.0513,5.50307],[-75.0513,5.50307],[-75.05126,5.50297],[-75.05125,5.50296],[-75.05125,5.50296],[-75.05116,5.50283],[-75.05116,5.50283],[-75.05116,5.50283],[-75.05108,5.50275],[-75.051,5.50262],[-75.05103,5.5026],[-75.05103,5.5026],[-75.05103,5.5026],[-75.05104,5.5026],[-75.05104,5.5026],[-75.05104,5.50259],[-75.05105,5.50256],[-75.05105,5.50253],[-75.05105,5.50253],[-75.05106,5.50253],[-75.05105,5.50253],[-75.05105,5.50253],[-75.05102,5.50243],[-75.05102,5.50243],[-75.05102,5.50243],[-75.05097,5.50236],[-75.05094,5.5023],[-75.05093,5.50228],[-75.05091,5.50219],[-75.05091,5.50216],[-75.05091,5.50204],[-75.05091,5.50203],[-75.05091,5.50203],[-75.05091,5.50203],[-75.0509,5.50194],[-75.05095,5.50183],[-75.05099,5.50177],[-75.05099,5.50177],[-75.05099,5.50177],[-75.05099,5.50177],[-75.05099,5.50177],[-75.05099,5.50176],[-75.05099,5.50176],[-75.05099,5.50176],[-75.05098,5.50176],[-75.05092,5.50169],[-75.05092,5.50169],[-75.05092,5.50169],[-75.05092,5.50169],[-75.0509,5.50164],[-75.05089,5.50158],[-75.0509,5.50155],[-75.05091,5.50151],[-75.05094,5.50146],[-75.05094,5.50146],[-75.05094,5.50146],[-75.05096,5.50132],[-75.05096,5.50131],[-75.051,5.50127],[-75.05114,5.50114],[-75.05115,5.50114],[-75.05115,5.50114],[-75.05115,5.50114],[-75.05115,5.50114],[-75.05115,5.50114],[-75.05115,5.50114],[-75.05115,5.50114],[-75.05116,5.50114],[-75.05116,5.50114],[-75.05116,5.50114],[-75.05122,5.50107],[-75.05137,5.50092],[-75.05137,5.50092],[-75.05137,5.50092],[-75.05143,5.50084],[-75.05144,5.50084],[-75.05144,5.50084],[-75.05149,5.50074],[-75.05149,5.50074],[-75.05149,5.50074],[-75.05149,5.50074],[-75.05149,5.50063],[-75.05151,5.50061],[-75.05152,5.5006],[-75.0516,5.50058],[-75.0516,5.50058],[-75.0516,5.50058],[-75.0516,5.50058],[-75.0516,5.50058],[-75.0516,5.50059],[-75.05161,5.50059],[-75.05161,5.50059],[-75.05161,5.50059],[-75.05161,5.50059],[-75.05161,5.50059],[-75.05161,5.50059],[-75.05161,5.50059],[-75.05164,5.50057],[-75.05164,5.50057],[-75.05164,5.50057],[-75.05165,5.50056],[-75.05165,5.50056],[-75.05165,5.50056],[-75.05165,5.50056],[-75.05165,5.50056],[-75.05165,5.50056],[-75.05164,5.50056],[-75.05171,5.50049],[-75.0517,5.50051],[-75.0517,5.50051],[-75.0517,5.50051],[-75.05169,5.50052],[-75.0517,5.50052],[-75.0517,5.50052],[-75.0517,5.50052],[-75.0517,5.50052],[-75.0517,5.50052],[-75.0517,5.50052],[-75.0517,5.50052],[-75.0517,5.50053],[-75.0517,5.50053],[-75.0517,5.50053],[-75.05171,5.50053],[-75.05171,5.50052],[-75.05171,5.50052],[-75.05174,5.50051],[-75.05174,5.5005],[-75.05174,5.5005],[-75.05174,5.5005],[-75.05174,5.5005],[-75.05174,5.5005],[-75.05175,5.50049],[-75.0518,5.50044],[-75.0518,5.50044],[-75.0518,5.50043],[-75.0518,5.50043],[-75.0518,5.50043],[-75.0518,5.50043],[-75.05188,5.50039],[-75.0519,5.50039],[-75.0519,5.50039],[-75.0519,5.50038],[-75.0519,5.50038],[-75.0519,5.50038],[-75.0519,5.50038],[-75.0519,5.50038],[-75.05195,5.50027],[-75.05199,5.50017],[-75.05199,5.50017],[-75.05199,5.50017],[-75.05201,5.50009],[-75.05207,5.49995],[-75.05207,5.49995],[-75.05207,5.49995],[-75.05207,5.49995],[-75.05207,5.49995],[-75.05207,5.49995],[-75.05207,5.49994],[-75.05207,5.49994],[-75.05201,5.49988],[-75.05201,5.49988],[-75.05201,5.49987],[-75.0519,5.49982],[-75.05187,5.4998],[-75.05187,5.4998],[-75.05187,5.4998],[-75.05187,5.4998],[-75.05186,5.4998],[-75.05185,5.4998],[-75.05185,5.4998],[-75.05185,5.4998],[-75.05185,5.4998],[-75.05185,5.4998],[-75.05185,5.4998],[-75.05185,5.4998],[-75.05185,5.4998],[-75.05182,5.49979],[-75.05181,5.49979],[-75.05181,5.49979],[-75.05181,5.49979],[-75.05181,5.49979],[-75.05176,5.4998],[-75.05176,5.4998],[-75.05176,5.4998],[-75.05172,5.49982],[-75.05172,5.49982],[-75.05172,5.49983],[-75.05172,5.49983],[-75.05169,5.49987],[-75.05169,5.49987],[-75.05169,5.49987],[-75.05169,5.49987],[-75.05169,5.49987],[-75.05169,5.49993],[-75.05169,5.49993],[-75.05169,5.49993],[-75.05169,5.49995],[-75.05167,5.49997],[-75.05167,5.49997],[-75.05167,5.49998],[-75.05167,5.49998],[-75.05167,5.49998],[-75.05167,5.49998],[-75.05167,5.49998],[-75.05167,5.49998],[-75.05167,5.49998],[-75.05168,5.49998],[-75.05168,5.49999],[-75.05168,5.49999],[-75.05168,5.49999],[-75.05168,5.49999],[-75.05168,5.49999],[-75.0517,5.50007],[-75.0517,5.50007],[-75.0517,5.50007],[-75.0517,5.50007],[-75.0517,5.50007],[-75.0517,5.50008],[-75.0517,5.50008],[-75.0517,5.50008],[-75.05171,5.50008],[-75.05171,5.50008],[-75.05171,5.50008],[-75.05171,5.50008],[-75.05171,5.50007],[-75.05171,5.50007],[-75.05171,5.50007],[-75.05171,5.50007],[-75.05171,5.50007],[-75.05171,5.50007],[-75.05171,5.50007],[-75.0517,5.49997],[-75.0517,5.49997],[-75.0517,5.49997],[-75.05171,5.49995],[-75.05171,5.49995],[-75.05171,5.49995],[-75.05171,5.49995],[-75.05171,5.49995],[-75.05171,5.49995],[-75.05171,5.49993],[-75.05171,5.49988],[-75.05174,5.49984],[-75.05177,5.49982],[-75.05181,5.49981],[-75.05183,5.49981],[-75.05184,5.49983],[-75.05184,5.49983],[-75.05184,5.49983],[-75.05184,5.49983],[-75.05184,5.49983],[-75.05184,5.49983],[-75.05184,5.49983],[-75.05184,5.49983],[-75.05184,5.49983],[-75.05184,5.49983],[-75.05185,5.49983],[-75.05185,5.49983],[-75.05185,5.49983],[-75.05185,5.49983],[-75.05185,5.49983],[-75.05185,5.49983],[-75.05185,5.49983],[-75.05185,5.49983],[-75.05185,5.49982],[-75.05185,5.49982],[-75.05186,5.49981],[-75.05187,5.49982],[-75.05189,5.49983],[-75.05189,5.49983],[-75.052,5.49989],[-75.05205,5.49995],[-75.052,5.50008],[-75.052,5.50008],[-75.05199,5.50009],[-75.05198,5.50016],[-75.05193,5.50026],[-75.05193,5.50026],[-75.05189,5.50037],[-75.05187,5.50037],[-75.05187,5.50037],[-75.05187,5.50038],[-75.05175,5.50044],[-75.05175,5.50044],[-75.05175,5.50044],[-75.05175,5.50044],[-75.05174,5.50045],[-75.05171,5.50046],[-75.05171,5.50046],[-75.05171,5.50046],[-75.05162,5.50056],[-75.05151,5.50059],[-75.05151,5.50059],[-75.05151,5.50059],[-75.05151,5.50059],[-75.0515,5.5006],[-75.0515,5.5006],[-75.0515,5.5006],[-75.05148,5.50063],[-75.05148,5.50063],[-75.05148,5.50063],[-75.05148,5.50063],[-75.05148,5.50063],[-75.05147,5.50073],[-75.05142,5.50083],[-75.05136,5.50091],[-75.0512,5.50105],[-75.0512,5.50105],[-75.0512,5.50105],[-75.05116,5.5011],[-75.05116,5.5011],[-75.05116,5.5011],[-75.05116,5.50111],[-75.05116,5.50111],[-75.05116,5.50111],[-75.05098,5.50126],[-75.05098,5.50126],[-75.05098,5.50126],[-75.05094,5.5013],[-75.05094,5.5013],[-75.05094,5.5013],[-75.05094,5.5013],[-75.05094,5.50131],[-75.05094,5.50131],[-75.05092,5.50146],[-75.0509,5.5015],[-75.0509,5.5015],[-75.0509,5.5015],[-75.05088,5.50153],[-75.05088,5.50154],[-75.05088,5.50154],[-75.05087,5.50158],[-75.05087,5.50158],[-75.05087,5.50158],[-75.05087,5.50158],[-75.05087,5.50158],[-75.05088,5.50165],[-75.05088,5.50165],[-75.05088,5.50165],[-75.0509,5.5017],[-75.0509,5.5017],[-75.0509,5.5017],[-75.0509,5.5017],[-75.0509,5.5017],[-75.05091,5.50171],[-75.05097,5.50177],[-75.05094,5.50182],[-75.05094,5.50182],[-75.05088,5.50193],[-75.05088,5.50193],[-75.05088,5.50193],[-75.05088,5.50194],[-75.05088,5.50194],[-75.05089,5.50203],[-75.05089,5.50204],[-75.05089,5.50204],[-75.05089,5.50204],[-75.05089,5.50216],[-75.05089,5.50216],[-75.05089,5.50216],[-75.05089,5.50219],[-75.05089,5.50219],[-75.05089,5.50219],[-75.05092,5.50229],[-75.05092,5.50229],[-75.05092,5.50229],[-75.05095,5.50237],[-75.05095,5.50237],[-75.05095,5.50237],[-75.051,5.50244],[-75.05104,5.50253],[-75.05102,5.50259],[-75.05098,5.5026],[-75.05098,5.50261],[-75.05098,5.50261],[-75.05098,5.50261],[-75.05098,5.50261],[-75.05098,5.50261],[-75.05098,5.50261],[-75.05098,5.50261],[-75.05098,5.50261],[-75.05098,5.50262],[-75.05098,5.50262],[-75.05106,5.50276],[-75.05107,5.50277],[-75.05107,5.50277],[-75.05115,5.50284],[-75.05124,5.50297],[-75.05129,5.50308],[-75.05133,5.50321],[-75.05135,5.50326],[-75.05137,5.50336],[-75.05136,5.50346],[-75.05136,5.50348],[-75.05136,5.50348],[-75.05136,5.50348],[-75.05136,5.50348],[-75.05136,5.50349],[-75.05138,5.50353],[-75.05131,5.50369],[-75.05131,5.5037],[-75.05131,5.5037],[-75.05131,5.5037],[-75.0513,5.50374],[-75.0513,5.50374],[-75.0513,5.50374],[-75.05131,5.50377],[-75.05124,5.50403],[-75.05121,5.50408],[-75.05118,5.50412],[-75.05113,5.50418],[-75.05102,5.50418],[-75.05091,5.50418],[-75.05091,5.50418],[-75.0508,5.50419],[-75.05065,5.50418],[-75.05064,5.50418],[-75.05064,5.50418],[-75.05048,5.50421],[-75.05035,5.50421],[-75.05035,5.50421],[-75.05023,5.50422],[-75.05022,5.50422],[-75.05022,5.50422],[-75.05022,5.50422],[-75.05022,5.50422],[-75.05022,5.50422],[-75.05022,5.50422],[-75.05022,5.50422],[-75.05022,5.50423],[-75.05022,5.50423],[-75.05022,5.50426],[-75.05022,5.50426],[-75.05022,5.50426],[-75.05022,5.50426],[-75.05022,5.50426],[-75.05022,5.50426],[-75.05022,5.50426],[-75.05022,5.50427],[-75.05031,5.5043],[-75.05033,5.50434],[-75.05033,5.50434],[-75.05033,5.50434],[-75.05033,5.50434],[-75.05039,5.50439],[-75.05044,5.50444],[-75.05044,5.50445],[-75.05044,5.50445],[-75.05044,5.50445],[-75.05054,5.50448],[-75.05067,5.50454],[-75.05073,5.50457],[-75.05073,5.50457],[-75.05081,5.50461],[-75.05083,5.50462],[-75.05089,5.50467],[-75.05089,5.50467],[-75.05089,5.50467],[-75.05099,5.50472],[-75.05103,5.50477],[-75.05104,5.50479],[-75.05111,5.5049],[-75.05112,5.50493],[-75.05112,5.50493],[-75.05112,5.50493],[-75.05116,5.50502],[-75.05116,5.50502],[-75.05116,5.50502],[-75.05121,5.50513],[-75.05121,5.50516],[-75.05121,5.50516],[-75.05121,5.50516],[-75.05121,5.50516],[-75.05121,5.50516],[-75.05122,5.50519],[-75.05123,5.50526],[-75.05123,5.50526],[-75.05123,5.50526],[-75.05123,5.50526],[-75.05123,5.50526],[-75.05128,5.50531],[-75.05128,5.50532],[-75.05128,5.50532],[-75.05128,5.50532],[-75.05132,5.50534],[-75.05137,5.50539],[-75.0514,5.50543],[-75.05141,5.50548],[-75.05142,5.50548],[-75.05142,5.50548],[-75.05142,5.50548],[-75.05149,5.50555],[-75.05151,5.50559],[-75.05152,5.50559],[-75.05152,5.5056],[-75.05152,5.5056],[-75.05164,5.50567],[-75.05164,5.50567],[-75.05164,5.50567],[-75.05164,5.50568],[-75.05164,5.50568],[-75.05164,5.50567],[-75.05167,5.50567],[-75.05173,5.50582],[-75.0517,5.506],[-75.0517,5.506],[-75.05165,5.50643],[-75.05165,5.50643],[-75.05165,5.50643],[-75.05166,5.50646],[-75.05166,5.50646],[-75.05166,5.50646],[-75.05169,5.50654],[-75.05172,5.50662],[-75.05172,5.50663],[-75.05172,5.50663],[-75.05172,5.50663],[-75.05174,5.50665],[-75.0518,5.50673],[-75.0518,5.50673],[-75.0518,5.50673],[-75.05181,5.50673],[-75.05188,5.50686],[-75.05188,5.50686],[-75.05188,5.50686],[-75.05188,5.50686],[-75.05188,5.50686],[-75.05188,5.50686],[-75.05191,5.50687],[-75.05193,5.5069],[-75.05193,5.5069],[-75.05199,5.50698],[-75.05199,5.50698],[-75.05199,5.50698],[-75.05205,5.50707],[-75.05205,5.50706],[-75.05204,5.50706],[-75.05204,5.50706],[-75.05204,5.50706],[-75.05204,5.50707],[-75.05204,5.50707],[-75.05204,5.50707],[-75.05204,5.50707],[-75.05204,5.50707],[-75.05204,5.50707],[-75.05203,5.50707],[-75.05203,5.50707],[-75.05203,5.50708],[-75.05204,5.50708],[-75.05204,5.50709],[-75.05204,5.50709],[-75.05204,5.50709],[-75.05209,5.50716],[-75.05209,5.50716],[-75.05209,5.50716],[-75.05222,5.50726],[-75.05231,5.50739],[-75.05233,5.50744],[-75.05234,5.50744],[-75.05234,5.50744],[-75.05234,5.50744],[-75.05234,5.50744],[-75.05234,5.50744],[-75.05234,5.50744],[-75.05234,5.50744],[-75.05235,5.50744],[-75.05236,5.5075],[-75.05236,5.5075],[-75.05236,5.5075],[-75.05236,5.50752],[-75.05239,5.50765],[-75.05238,5.50771],[-75.05237,5.50772],[-75.05237,5.50772],[-75.05237,5.50773],[-75.05236,5.50773],[-75.05236,5.50773],[-75.05236,5.50773],[-75.05236,5.50773],[-75.05237,5.50773],[-75.0524,5.50784],[-75.0524,5.50784],[-75.0524,5.50784],[-75.05244,5.50793],[-75.05244,5.50793],[-75.05244,5.50793],[-75.05254,5.50809],[-75.05256,5.50817],[-75.05256,5.50817],[-75.05256,5.50817],[-75.05256,5.50817],[-75.05256,5.50817],[-75.05258,5.50819],[-75.05262,5.50824],[-75.05264,5.50826],[-75.05264,5.50827],[-75.05264,5.50827],[-75.05264,5.50827],[-75.05264,5.50827],[-75.05264,5.50827],[-75.05264,5.50827],[-75.05265,5.50827],[-75.05265,5.50827],[-75.05265,5.50827],[-75.05265,5.50829],[-75.05265,5.50829],[-75.05265,5.50829],[-75.05265,5.50829],[-75.0527,5.50841],[-75.0527,5.50841],[-75.05279,5.50856],[-75.05275,5.5087],[-75.05269,5.50878],[-75.05269,5.50878],[-75.05269,5.50878],[-75.05269,5.50879],[-75.05266,5.5089],[-75.05266,5.5089],[-75.05266,5.5089],[-75.05265,5.50908],[-75.05265,5.50908],[-75.05265,5.50908],[-75.05265,5.50909],[-75.05266,5.50909],[-75.05266,5.50909],[-75.05266,5.50909],[-75.05266,5.50909],[-75.05266,5.50909],[-75.05276,5.50916],[-75.05278,5.50921],[-75.05278,5.50921],[-75.05278,5.50921],[-75.05278,5.50921],[-75.05278,5.50922],[-75.05278,5.50922],[-75.05278,5.50922],[-75.05279,5.50922],[-75.05279,5.50922],[-75.05279,5.50922],[-75.05279,5.50922],[-75.05279,5.50921],[-75.05279,5.50921],[-75.05279,5.50921],[-75.05279,5.50921],[-75.0528,5.50919],[-75.05282,5.50923],[-75.05282,5.50923],[-75.05283,5.50923],[-75.05283,5.50923],[-75.05283,5.50923],[-75.05283,5.50923],[-75.05283,5.50923],[-75.05283,5.50923],[-75.05283,5.50923],[-75.05284,5.50923],[-75.05284,5.50923],[-75.05284,5.50923],[-75.05284,5.50923],[-75.05284,5.50923],[-75.05284,5.50923],[-75.05284,5.50923],[-75.05284,5.50923],[-75.05284,5.50923],[-75.05293,5.50925],[-75.05304,5.5094],[-75.05304,5.5094],[-75.05304,5.5094],[-75.05313,5.50953],[-75.05314,5.50953],[-75.05314,5.50953],[-75.05314,5.50953],[-75.05314,5.50953],[-75.05314,5.50953],[-75.05322,5.50954],[-75.05334,5.50964],[-75.05334,5.50964],[-75.05334,5.50965],[-75.05337,5.50966],[-75.05335,5.5098],[-75.05319,5.50999],[-75.05319,5.50999],[-75.05319,5.51],[-75.05318,5.51],[-75.05318,5.51],[-75.05318,5.51007],[-75.05315,5.51019],[-75.05315,5.51019],[-75.05314,5.51028],[-75.05313,5.51031],[-75.05313,5.51031],[-75.05313,5.51032],[-75.05304,5.51051],[-75.05294,5.51064],[-75.05294,5.51064],[-75.05288,5.51077],[-75.05288,5.51077],[-75.05288,5.51077],[-75.05284,5.51085],[-75.05277,5.51095],[-75.05277,5.51095],[-75.05277,5.51095],[-75.05277,5.51095],[-75.05274,5.51104],[-75.05258,5.51117],[-75.05256,5.51118],[-75.05256,5.51118],[-75.05256,5.51118],[-75.05234,5.51132],[-75.05234,5.51132],[-75.05234,5.51132],[-75.05227,5.51139],[-75.05227,5.5114],[-75.05227,5.5114],[-75.05227,5.5114],[-75.05227,5.5114],[-75.05225,5.51148],[-75.05225,5.51148],[-75.05225,5.51148],[-75.05225,5.51161],[-75.05225,5.5117],[-75.05225,5.5117],[-75.05225,5.5117],[-75.0523,5.51185],[-75.0523,5.51185],[-75.0523,5.51185],[-75.05234,5.51193],[-75.05239,5.51208],[-75.05239,5.51208],[-75.05239,5.51208],[-75.05252,5.51226],[-75.05251,5.51228],[-75.05251,5.51228],[-75.05251,5.51228],[-75.05251,5.51228],[-75.05251,5.51229],[-75.05251,5.51229],[-75.05251,5.51229],[-75.05251,5.51229],[-75.05252,5.51229],[-75.05257,5.51232],[-75.05257,5.51242],[-75.05251,5.51263],[-75.05251,5.51263],[-75.05251,5.51263],[-75.05251,5.51263],[-75.05251,5.51263],[-75.05251,5.51264],[-75.05259,5.51277],[-75.05259,5.51284],[-75.05259,5.51284],[-75.05259,5.51284],[-75.0526,5.513],[-75.0526,5.51301],[-75.0526,5.51301],[-75.0526,5.51301],[-75.0526,5.51301],[-75.0527,5.51316],[-75.0527,5.51316],[-75.0527,5.51316],[-75.05291,5.51336],[-75.05293,5.51357],[-75.05291,5.51366],[-75.05291,5.51366],[-75.05291,5.51366],[-75.05291,5.51366],[-75.05291,5.51367],[-75.05291,5.51367],[-75.05295,5.51373],[-75.05295,5.51373],[-75.05298,5.51376],[-75.05298,5.51376],[-75.05298,5.51376],[-75.05298,5.51376],[-75.05298,5.51376],[-75.05298,5.51376],[-75.05298,5.51376],[-75.0531,5.51375],[-75.05319,5.51386],[-75.05326,5.51401],[-75.05318,5.51407],[-75.05318,5.51407],[-75.05318,5.51407],[-75.05318,5.51407],[-75.05306,5.51426],[-75.05306,5.51426],[-75.05306,5.51427],[-75.05306,5.51427],[-75.05306,5.51427],[-75.05306,5.51427],[-75.05306,5.51427],[-75.0531,5.51439],[-75.0531,5.51439],[-75.0531,5.51439],[-75.0531,5.51439],[-75.05321,5.51453],[-75.05322,5.51453],[-75.05322,5.51453],[-75.05322,5.51453],[-75.05322,5.51453],[-75.05322,5.51453],[-75.05322,5.51453],[-75.05322,5.51453],[-75.05326,5.51452],[-75.05326,5.51452],[-75.05335,5.51448],[-75.05348,5.51452],[-75.05358,5.51458],[-75.05377,5.51483],[-75.05374,5.51491],[-75.0536,5.51523],[-75.0536,5.51523],[-75.0536,5.51523],[-75.0536,5.51523],[-75.0536,5.51524],[-75.0536,5.51524],[-75.0536,5.51524],[-75.0536,5.51524],[-75.0536,5.51524],[-75.05368,5.51531],[-75.05368,5.51531],[-75.05368,5.51532],[-75.05404,5.5155],[-75.05405,5.51552],[-75.05395,5.51569],[-75.05387,5.51575],[-75.05376,5.5158],[-75.05376,5.51581],[-75.05376,5.51581],[-75.05374,5.51583],[-75.05374,5.51583],[-75.05374,5.51583],[-75.05374,5.51583],[-75.05374,5.51583],[-75.0537,5.51598],[-75.0537,5.51598],[-75.0537,5.516],[-75.0537,5.51612],[-75.0537,5.51612],[-75.0537,5.51612],[-75.0537,5.51618],[-75.0537,5.51618],[-75.0537,5.51618],[-75.0537,5.51618],[-75.05378,5.51632],[-75.05379,5.51649],[-75.05373,5.51659],[-75.05373,5.51659],[-75.05373,5.51659],[-75.05367,5.51674],[-75.05367,5.51674],[-75.05367,5.51674],[-75.05361,5.51694],[-75.05361,5.51694],[-75.05361,5.51694],[-75.05358,5.51707],[-75.05358,5.51707],[-75.05358,5.51707],[-75.05358,5.51707],[-75.05362,5.51719],[-75.05362,5.51719],[-75.05362,5.51719],[-75.05367,5.51726],[-75.05367,5.51727],[-75.05367,5.51727],[-75.05367,5.51727],[-75.05378,5.51734],[-75.05381,5.51737],[-75.05399,5.51779],[-75.05385,5.51797],[-75.05374,5.51809],[-75.05366,5.51812],[-75.05365,5.51812],[-75.05365,5.51812],[-75.05365,5.51812],[-75.05355,5.51824],[-75.05355,5.51824],[-75.05355,5.51824],[-75.05355,5.51824],[-75.05355,5.51825],[-75.05354,5.51845],[-75.05354,5.51845],[-75.05354,5.51845],[-75.05354,5.51846],[-75.0536,5.5186],[-75.0536,5.5186],[-75.0536,5.51861],[-75.05369,5.51876],[-75.05376,5.51888],[-75.05376,5.51888],[-75.05376,5.51888],[-75.05376,5.51888],[-75.05376,5.51888],[-75.05379,5.51889],[-75.05376,5.51911],[-75.05376,5.51911],[-75.05376,5.51911],[-75.05376,5.51911],[-75.05376,5.51911],[-75.05383,5.51924],[-75.0539,5.51946]]],[[[-75.05382,5.52263],[-75.05382,5.52263],[-75.05382,5.52263],[-75.05382,5.52263],[-75.05391,5.52261],[-75.05399,5.52262],[-75.05399,5.52262],[-75.05399,5.52262],[-75.05399,5.52262],[-75.05399,5.52262],[-75.054,5.52262],[-75.054,5.52262],[-75.05406,5.52255],[-75.05406,5.52255],[-75.05406,5.52255],[-75.05408,5.52252],[-75.05417,5.52251],[-75.05426,5.52261],[-75.05426,5.52261],[-75.05426,5.52261],[-75.05426,5.52261],[-75.05426,5.52261],[-75.05426,5.52261],[-75.05427,5.52261],[-75.05427,5.52261],[-75.05427,5.52261],[-75.05435,5.52257],[-75.05435,5.52257],[-75.05435,5.52257],[-75.05435,5.52257],[-75.05435,5.52257],[-75.05438,5.52253],[-75.05438,5.52253],[-75.05438,5.52253],[-75.05438,5.52253],[-75.05438,5.52253],[-75.05438,5.52253],[-75.05438,5.52253],[-75.05439,5.52253],[-75.05439,5.52253],[-75.05439,5.52253],[-75.05439,5.52253],[-75.05439,5.52253],[-75.05439,5.52253],[-75.05439,5.52253],[-75.05439,5.52253],[-75.05439,5.52252],[-75.05439,5.52252],[-75.05439,5.52252],[-75.05439,5.52252],[-75.05439,5.52252],[-75.05439,5.52251],[-75.05443,5.52247],[-75.05453,5.52248],[-75.05453,5.52248],[-75.05453,5.52248],[-75.05454,5.52248],[-75.05467,5.52243],[-75.05479,5.52241],[-75.05479,5.52241],[-75.05479,5.52241],[-75.05489,5.52235],[-75.05489,5.52235],[-75.05489,5.52235],[-75.05489,5.52235],[-75.05494,5.52226],[-75.05501,5.52219],[-75.05501,5.52219],[-75.05501,5.52219],[-75.05501,5.52218],[-75.05501,5.52218],[-75.05502,5.52212],[-75.05511,5.52202],[-75.05514,5.52199],[-75.0552,5.52195],[-75.0552,5.52195],[-75.0552,5.52195],[-75.0552,5.52195],[-75.0552,5.52194],[-75.0552,5.52194],[-75.0552,5.52194],[-75.0552,5.52187],[-75.05521,5.52185],[-75.05526,5.52172],[-75.05534,5.5216],[-75.0554,5.52153],[-75.0554,5.52153],[-75.0554,5.52153],[-75.0554,5.52153],[-75.05543,5.52145],[-75.05554,5.52141],[-75.05565,5.52142],[-75.05565,5.52142],[-75.05565,5.52142],[-75.05574,5.52142],[-75.05574,5.52142],[-75.05574,5.52142],[-75.05582,5.5214],[-75.05582,5.5214],[-75.05582,5.5214],[-75.05582,5.5214],[-75.05582,5.5214],[-75.05593,5.52128],[-75.05607,5.52121],[-75.05612,5.52118],[-75.05616,5.52116],[-75.05624,5.52112],[-75.05632,5.52111],[-75.05644,5.52115],[-75.05647,5.52117],[-75.05642,5.52121],[-75.05642,5.52121],[-75.05642,5.52121],[-75.05642,5.52121],[-75.05642,5.52121],[-75.05642,5.52121],[-75.0564,5.52132],[-75.0564,5.52132],[-75.0564,5.52132],[-75.0564,5.52132],[-75.0564,5.52132],[-75.05641,5.52143],[-75.05641,5.52143],[-75.05642,5.52144],[-75.05642,5.52144],[-75.05642,5.52144],[-75.05642,5.52144],[-75.05646,5.52147],[-75.05646,5.52147],[-75.05646,5.52147],[-75.05652,5.52149],[-75.05658,5.52152],[-75.05658,5.52152],[-75.05658,5.52152],[-75.05658,5.52152],[-75.05659,5.52152],[-75.05659,5.52152],[-75.05668,5.52148],[-75.0568,5.5215],[-75.0568,5.5215],[-75.0568,5.5215],[-75.0568,5.5215],[-75.0568,5.5215],[-75.0568,5.5215],[-75.0568,5.5215],[-75.05689,5.52141],[-75.05692,5.52141],[-75.057,5.5214],[-75.05702,5.52143],[-75.05702,5.52143],[-75.05702,5.52144],[-75.05702,5.52144],[-75.05707,5.52147],[-75.05703,5.52157],[-75.05703,5.52157],[-75.057,5.52165],[-75.057,5.52165],[-75.057,5.52165],[-75.057,5.52166],[-75.05702,5.52179],[-75.05702,5.52179],[-75.05702,5.52179],[-75.05702,5.52179],[-75.05707,5.52186],[-75.05707,5.52186],[-75.05707,5.52186],[-75.05708,5.52186],[-75.05715,5.5219],[-75.05725,5.52196],[-75.05725,5.52196],[-75.05726,5.52196],[-75.05726,5.52196],[-75.05726,5.52196],[-75.05726,5.52196],[-75.05732,5.52194],[-75.05732,5.52194],[-75.05733,5.52194],[-75.05733,5.52194],[-75.05733,5.52193],[-75.05733,5.52193],[-75.05733,5.52193],[-75.05733,5.52193],[-75.05733,5.52193],[-75.05733,5.52188],[-75.05736,5.52169],[-75.05737,5.52163],[-75.05738,5.52162],[-75.0574,5.52159],[-75.0574,5.52159],[-75.0574,5.52159],[-75.05742,5.52154],[-75.05744,5.52151],[-75.05748,5.52151],[-75.05748,5.52151],[-75.05748,5.5215],[-75.05748,5.5215],[-75.05748,5.5215],[-75.05748,5.5215],[-75.05748,5.5215],[-75.05748,5.5215],[-75.05749,5.52149],[-75.0575,5.52146],[-75.05757,5.52139],[-75.05766,5.52135],[-75.05781,5.52144],[-75.05781,5.52144],[-75.05781,5.52145],[-75.05791,5.52147],[-75.05791,5.52147],[-75.05791,5.52147],[-75.05791,5.52147],[-75.05791,5.52147],[-75.05792,5.52147],[-75.05792,5.52146],[-75.05792,5.52146],[-75.05792,5.52146],[-75.05792,5.52146],[-75.05794,5.52141],[-75.05801,5.52141],[-75.05801,5.52141],[-75.05802,5.52141],[-75.05803,5.52141],[-75.05803,5.52141],[-75.05806,5.5214],[-75.05806,5.5214],[-75.05806,5.5214],[-75.05806,5.5214],[-75.05806,5.5214],[-75.05806,5.5214],[-75.05806,5.5214],[-75.05806,5.52139],[-75.05807,5.52139],[-75.05806,5.52128],[-75.0581,5.52121],[-75.05813,5.52114],[-75.05821,5.52107],[-75.05828,5.52101],[-75.05828,5.52101],[-75.05828,5.52101],[-75.05837,5.52086],[-75.05837,5.52086],[-75.05837,5.52086],[-75.0584,5.52076],[-75.05849,5.52067],[-75.05853,5.52064],[-75.05854,5.52066],[-75.05858,5.52074],[-75.05862,5.52086],[-75.05861,5.52095],[-75.05855,5.52103],[-75.05855,5.52103],[-75.05855,5.52103],[-75.05855,5.52103],[-75.05855,5.52103],[-75.05855,5.52103],[-75.05855,5.52104],[-75.0586,5.52114],[-75.0586,5.52115],[-75.0586,5.52115],[-75.05861,5.52115],[-75.05861,5.52115],[-75.05861,5.52115],[-75.05861,5.52115],[-75.05867,5.52116],[-75.05877,5.52121],[-75.05886,5.52132],[-75.05888,5.52141],[-75.05888,5.52141],[-75.05888,5.52141],[-75.05888,5.52141],[-75.05888,5.52141],[-75.05889,5.52141],[-75.05889,5.52141],[-75.05889,5.52141],[-75.05889,5.52141],[-75.05889,5.52141],[-75.05889,5.52141],[-75.05897,5.52139],[-75.05906,5.52147],[-75.05906,5.52147],[-75.05906,5.52147],[-75.05906,5.52147],[-75.05906,5.52147],[-75.05906,5.52147],[-75.05917,5.52148],[-75.05925,5.52152],[-75.05925,5.52152],[-75.05925,5.52152],[-75.05925,5.52152],[-75.05925,5.52152],[-75.05925,5.52152],[-75.05934,5.52151],[-75.05947,5.52157],[-75.05957,5.52169],[-75.05957,5.52169],[-75.05957,5.52169],[-75.05957,5.52169],[-75.05964,5.52173],[-75.05964,5.52173],[-75.05965,5.52173],[-75.05971,5.52174],[-75.05978,5.5218],[-75.05978,5.5218],[-75.05978,5.5218],[-75.05978,5.5218],[-75.05978,5.5218],[-75.05978,5.5218],[-75.05979,5.5218],[-75.05988,5.52178],[-75.05998,5.52181],[-75.05998,5.52181],[-75.05998,5.52181],[-75.0601,5.52183],[-75.06022,5.52187],[-75.06022,5.52187],[-75.06022,5.52187],[-75.06033,5.52188],[-75.06033,5.52188],[-75.06034,5.52188],[-75.06046,5.52186],[-75.06059,5.52192],[-75.06062,5.52201],[-75.06062,5.52202],[-75.06065,5.52209],[-75.06066,5.52217],[-75.06066,5.52217],[-75.06066,5.52217],[-75.06066,5.52217],[-75.06066,5.52217],[-75.06066,5.52218],[-75.06069,5.52221],[-75.0607,5.52221],[-75.0607,5.52221],[-75.0607,5.52221],[-75.0607,5.52221],[-75.06084,5.52223],[-75.06093,5.52227],[-75.06093,5.52227],[-75.06093,5.52227],[-75.06111,5.52229],[-75.06118,5.52239],[-75.06118,5.52239],[-75.06118,5.52239],[-75.06122,5.52243],[-75.06124,5.52247],[-75.06124,5.52247],[-75.06124,5.52247],[-75.06124,5.52247],[-75.06124,5.52247],[-75.06124,5.52247],[-75.06124,5.52247],[-75.06125,5.52247],[-75.06125,5.52247],[-75.06125,5.52247],[-75.06125,5.52247],[-75.06125,5.52247],[-75.06125,5.52247],[-75.06125,5.52247],[-75.06125,5.52247],[-75.06125,5.52247],[-75.06125,5.52246],[-75.06125,5.52246],[-75.06125,5.52246],[-75.06125,5.52246],[-75.06123,5.52242],[-75.06123,5.52242],[-75.06123,5.52242],[-75.06119,5.52238],[-75.06113,5.52228],[-75.06112,5.52228],[-75.06112,5.52228],[-75.06112,5.52228],[-75.06112,5.52228],[-75.06112,5.52228],[-75.06093,5.52225],[-75.06085,5.52221],[-75.06085,5.52221],[-75.06085,5.52221],[-75.0607,5.52219],[-75.06067,5.52216],[-75.06067,5.52209],[-75.06067,5.52209],[-75.06067,5.52209],[-75.06064,5.52201],[-75.06061,5.52191],[-75.06061,5.52191],[-75.06061,5.52191],[-75.06061,5.52191],[-75.06061,5.52191],[-75.0606,5.5219],[-75.06047,5.52184],[-75.06047,5.52184],[-75.06046,5.52184],[-75.06046,5.52184],[-75.06046,5.52184],[-75.06033,5.52186],[-75.06022,5.52185],[-75.0601,5.52181],[-75.0601,5.52181],[-75.0601,5.52181],[-75.05998,5.52179],[-75.05988,5.52176],[-75.05988,5.52176],[-75.05987,5.52176],[-75.05987,5.52176],[-75.05979,5.52178],[-75.05972,5.52173],[-75.05972,5.52172],[-75.05972,5.52172],[-75.05972,5.52172],[-75.05972,5.52172],[-75.05965,5.52171],[-75.05958,5.52168],[-75.05948,5.52156],[-75.05948,5.52155],[-75.05948,5.52155],[-75.05948,5.52155],[-75.05934,5.52149],[-75.05934,5.52149],[-75.05934,5.52149],[-75.05934,5.52149],[-75.05933,5.52149],[-75.05925,5.5215],[-75.05918,5.52146],[-75.05917,5.52146],[-75.05917,5.52146],[-75.05917,5.52146],[-75.05907,5.52146],[-75.05898,5.52137],[-75.05898,5.52137],[-75.05898,5.52137],[-75.05898,5.52137],[-75.05898,5.52137],[-75.05898,5.52137],[-75.05897,5.52137],[-75.05897,5.52137],[-75.0589,5.52139],[-75.05887,5.52131],[-75.05887,5.52131],[-75.05887,5.52131],[-75.05887,5.52131],[-75.05878,5.5212],[-75.05878,5.5212],[-75.05878,5.5212],[-75.05878,5.52119],[-75.05868,5.52115],[-75.05868,5.52115],[-75.05868,5.52115],[-75.05862,5.52113],[-75.05857,5.52103],[-75.05862,5.52096],[-75.05862,5.52096],[-75.05862,5.52096],[-75.05862,5.52095],[-75.05864,5.52086],[-75.05864,5.52085],[-75.05864,5.52085],[-75.05864,5.52085],[-75.0586,5.52073],[-75.0586,5.52073],[-75.05856,5.52065],[-75.05856,5.52065],[-75.05856,5.52065],[-75.05853,5.52062],[-75.05853,5.52062],[-75.05853,5.52062],[-75.05853,5.52062],[-75.05853,5.52062],[-75.05853,5.52062],[-75.05853,5.52062],[-75.05853,5.52062],[-75.05852,5.52062],[-75.05852,5.52062],[-75.05848,5.52065],[-75.05848,5.52065],[-75.05838,5.52075],[-75.05838,5.52075],[-75.05838,5.52075],[-75.05838,5.52075],[-75.05838,5.52075],[-75.05835,5.52086],[-75.05826,5.521],[-75.0582,5.52106],[-75.0582,5.52106],[-75.05812,5.52113],[-75.05812,5.52113],[-75.05812,5.52113],[-75.05812,5.52113],[-75.05808,5.5212],[-75.05808,5.5212],[-75.05804,5.52128],[-75.05804,5.52128],[-75.05804,5.52128],[-75.05804,5.52128],[-75.05805,5.52139],[-75.05802,5.5214],[-75.05801,5.5214],[-75.05793,5.52139],[-75.05793,5.52139],[-75.05793,5.52139],[-75.05793,5.5214],[-75.05793,5.5214],[-75.05793,5.5214],[-75.05793,5.5214],[-75.05793,5.5214],[-75.05791,5.52145],[-75.05782,5.52143],[-75.05767,5.52134],[-75.05767,5.52134],[-75.05766,5.52134],[-75.05766,5.52134],[-75.05766,5.52134],[-75.05766,5.52134],[-75.05766,5.52134],[-75.05756,5.52138],[-75.05756,5.52138],[-75.05756,5.52138],[-75.05756,5.52138],[-75.05748,5.52145],[-75.05748,5.52145],[-75.05748,5.52145],[-75.05747,5.52149],[-75.05747,5.52149],[-75.05747,5.52149],[-75.05743,5.52149],[-75.05743,5.52149],[-75.05743,5.52149],[-75.05743,5.5215],[-75.05743,5.5215],[-75.05743,5.5215],[-75.05743,5.5215],[-75.0574,5.52155],[-75.05739,5.52158],[-75.05736,5.52162],[-75.05736,5.52162],[-75.05736,5.52162],[-75.05736,5.52162],[-75.05734,5.52169],[-75.05734,5.52169],[-75.05734,5.52169],[-75.05731,5.52188],[-75.05731,5.52188],[-75.05731,5.52188],[-75.05731,5.52192],[-75.05726,5.52194],[-75.05716,5.52188],[-75.05716,5.52188],[-75.05716,5.52188],[-75.05709,5.52184],[-75.05704,5.52178],[-75.05702,5.52166],[-75.05705,5.52158],[-75.05709,5.52148],[-75.05709,5.52147],[-75.05709,5.52147],[-75.05709,5.52147],[-75.05709,5.52147],[-75.05709,5.52147],[-75.05709,5.52147],[-75.05709,5.52147],[-75.05709,5.52146],[-75.05704,5.52142],[-75.05701,5.52139],[-75.05701,5.52139],[-75.05701,5.52139],[-75.05701,5.52139],[-75.05701,5.52138],[-75.05701,5.52138],[-75.05701,5.52138],[-75.05701,5.52138],[-75.05692,5.52139],[-75.05692,5.52139],[-75.05689,5.52139],[-75.05689,5.52139],[-75.05689,5.52139],[-75.05688,5.52139],[-75.05688,5.5214],[-75.05679,5.52148],[-75.05669,5.52146],[-75.05668,5.52146],[-75.05668,5.52146],[-75.05668,5.52146],[-75.05668,5.52146],[-75.05658,5.5215],[-75.05653,5.52147],[-75.05653,5.52147],[-75.05653,5.52147],[-75.05647,5.52145],[-75.05643,5.52143],[-75.05641,5.52132],[-75.05643,5.52122],[-75.0565,5.52118],[-75.0565,5.52118],[-75.0565,5.52118],[-75.0565,5.52118],[-75.0565,5.52117],[-75.0565,5.52117],[-75.0565,5.52117],[-75.0565,5.52117],[-75.0565,5.52117],[-75.0565,5.52117],[-75.0565,5.52117],[-75.0565,5.52116],[-75.0565,5.52116],[-75.05645,5.52113],[-75.05645,5.52113],[-75.05644,5.52113],[-75.05632,5.5211],[-75.05632,5.5211],[-75.05632,5.5211],[-75.05632,5.5211],[-75.05623,5.5211],[-75.05623,5.5211],[-75.05623,5.52111],[-75.05615,5.52114],[-75.05615,5.52114],[-75.05613,5.52115],[-75.05592,5.52126],[-75.05592,5.52126],[-75.05592,5.52126],[-75.05581,5.52139],[-75.05574,5.5214],[-75.05565,5.5214],[-75.05554,5.52139],[-75.05554,5.52139],[-75.05554,5.52139],[-75.05547,5.52141],[-75.05542,5.52143],[-75.05542,5.52143],[-75.05542,5.52143],[-75.05542,5.52144],[-75.05542,5.52144],[-75.05542,5.52144],[-75.05542,5.52144],[-75.05539,5.52152],[-75.05532,5.52159],[-75.05532,5.52159],[-75.05532,5.52159],[-75.05524,5.52171],[-75.05524,5.52171],[-75.05524,5.52171],[-75.05518,5.52187],[-75.05518,5.52187],[-75.05518,5.52187],[-75.05518,5.52187],[-75.05519,5.52194],[-75.05513,5.52198],[-75.05513,5.52198],[-75.0551,5.522],[-75.0551,5.522],[-75.0551,5.522],[-75.055,5.52211],[-75.055,5.52211],[-75.055,5.52212],[-75.055,5.52212],[-75.055,5.52212],[-75.05499,5.52218],[-75.05493,5.52225],[-75.05493,5.52225],[-75.05488,5.52234],[-75.05478,5.52239],[-75.05467,5.52242],[-75.05467,5.52242],[-75.05453,5.52246],[-75.05443,5.52245],[-75.05442,5.52245],[-75.05442,5.52245],[-75.05442,5.52245],[-75.05442,5.52245],[-75.05442,5.52245],[-75.05442,5.52245],[-75.05438,5.5225],[-75.05438,5.5225],[-75.05438,5.5225],[-75.05437,5.5225],[-75.05437,5.5225],[-75.05437,5.5225],[-75.05437,5.5225],[-75.05437,5.5225],[-75.05437,5.5225],[-75.05437,5.5225],[-75.05437,5.5225],[-75.05437,5.52251],[-75.05436,5.52251],[-75.05436,5.52251],[-75.05436,5.52251],[-75.05436,5.52251],[-75.05436,5.52251],[-75.05434,5.52256],[-75.05427,5.52259],[-75.05419,5.5225],[-75.05418,5.5225],[-75.05418,5.5225],[-75.05418,5.5225],[-75.05418,5.5225],[-75.05418,5.5225],[-75.05418,5.5225],[-75.05418,5.5225],[-75.05408,5.5225],[-75.05408,5.5225],[-75.05407,5.5225],[-75.05407,5.5225],[-75.05407,5.5225],[-75.05407,5.5225],[-75.05407,5.5225],[-75.05405,5.52254],[-75.05399,5.5226],[-75.05391,5.52259],[-75.05391,5.52259],[-75.05391,5.52259],[-75.05391,5.52259],[-75.05382,5.52261],[-75.05369,5.52259],[-75.05369,5.52259],[-75.05357,5.52257],[-75.05357,5.52257],[-75.05357,5.52257],[-75.05353,5.52258],[-75.05341,5.52256],[-75.05341,5.52256],[-75.05341,5.52256],[-75.05339,5.52256],[-75.05339,5.52256],[-75.05339,5.52256],[-75.05329,5.52256],[-75.05323,5.52252],[-75.05321,5.52243],[-75.05322,5.52235],[-75.05324,5.52227],[-75.05324,5.52227],[-75.05324,5.52227],[-75.05324,5.52226],[-75.05322,5.52219],[-75.05322,5.52219],[-75.05322,5.52218],[-75.05321,5.52218],[-75.05321,5.52218],[-75.05321,5.52218],[-75.05321,5.52218],[-75.05321,5.52218],[-75.05321,5.52218],[-75.05312,5.52218],[-75.05312,5.52217],[-75.05311,5.52217],[-75.05311,5.52218],[-75.05311,5.52219],[-75.05312,5.52219],[-75.05312,5.52219],[-75.05312,5.5222],[-75.05312,5.5222],[-75.05312,5.5222],[-75.0532,5.5222],[-75.05322,5.52227],[-75.0532,5.52234],[-75.0532,5.52234],[-75.0532,5.52234],[-75.05319,5.52243],[-75.05319,5.52243],[-75.05319,5.52243],[-75.05319,5.52243],[-75.05322,5.52253],[-75.05322,5.52253],[-75.05322,5.52253],[-75.05322,5.52253],[-75.05322,5.52253],[-75.05322,5.52254],[-75.05329,5.52258],[-75.05329,5.52258],[-75.05329,5.52258],[-75.05329,5.52258],[-75.05329,5.52258],[-75.05339,5.52258],[-75.05341,5.52258],[-75.05353,5.5226],[-75.05353,5.5226],[-75.05353,5.5226],[-75.05357,5.52259],[-75.05369,5.52261],[-75.05382,5.52263]]],[[[-75.05753,5.52389],[-75.05753,5.5239],[-75.05755,5.52396],[-75.05758,5.52404],[-75.05758,5.52404],[-75.05758,5.52404],[-75.05759,5.52404],[-75.05759,5.52404],[-75.05759,5.52404],[-75.05759,5.52404],[-75.05759,5.52404],[-75.05774,5.52404],[-75.05775,5.52405],[-75.05775,5.52413],[-75.05775,5.52417],[-75.05774,5.52419],[-75.05775,5.5242],[-75.05775,5.52422],[-75.05775,5.52423],[-75.05777,5.52417],[-75.05777,5.52417],[-75.05777,5.52417],[-75.05777,5.52417],[-75.05777,5.52417],[-75.05777,5.52404],[-75.05777,5.52404],[-75.05777,5.52404],[-75.05777,5.52404],[-75.05777,5.52404],[-75.05777,5.52404],[-75.05777,5.52404],[-75.05777,5.52404],[-75.05774,5.52403],[-75.05774,5.52403],[-75.05774,5.52403],[-75.05774,5.52403],[-75.05767,5.52403],[-75.0576,5.52402],[-75.05754,5.52387],[-75.05753,5.52389]]],[[[-75.05589,5.52415],[-75.05589,5.52415],[-75.05589,5.52415],[-75.05589,5.52415],[-75.05589,5.52415],[-75.05589,5.52415],[-75.05589,5.52415],[-75.05589,5.52416],[-75.05589,5.52416],[-75.0559,5.5242],[-75.05591,5.52422],[-75.05592,5.52425],[-75.05599,5.5243],[-75.05603,5.52434],[-75.05603,5.5243],[-75.05595,5.52425],[-75.05593,5.5242],[-75.05592,5.5242],[-75.05592,5.5242],[-75.05593,5.5242],[-75.05593,5.5242],[-75.05593,5.5242],[-75.05592,5.5242],[-75.05591,5.52416],[-75.05597,5.5241],[-75.05597,5.5241],[-75.05598,5.5241],[-75.05598,5.5241],[-75.05598,5.5241],[-75.05607,5.52412],[-75.05609,5.52412],[-75.0561,5.52413],[-75.05628,5.52417],[-75.05629,5.52417],[-75.05629,5.52417],[-75.05647,5.52416],[-75.05647,5.52416],[-75.05647,5.52416],[-75.05658,5.52413],[-75.05667,5.52412],[-75.05667,5.52412],[-75.05667,5.52412],[-75.0567,5.52412],[-75.0567,5.52412],[-75.0567,5.52411],[-75.0567,5.52411],[-75.0567,5.52411],[-75.0567,5.52411],[-75.0567,5.52411],[-75.0567,5.52411],[-75.0567,5.52411],[-75.0567,5.52411],[-75.0567,5.5241],[-75.0567,5.5241],[-75.05669,5.52409],[-75.05673,5.5241],[-75.05677,5.52413],[-75.05677,5.52413],[-75.05677,5.52414],[-75.05677,5.52414],[-75.05677,5.52414],[-75.05677,5.52414],[-75.05677,5.52414],[-75.05678,5.52414],[-75.05678,5.52414],[-75.05678,5.52413],[-75.05679,5.52413],[-75.05679,5.52413],[-75.05681,5.52414],[-75.05681,5.52414],[-75.05681,5.52414],[-75.05681,5.52414],[-75.05681,5.52414],[-75.05687,5.52415],[-75.05687,5.52415],[-75.05688,5.52415],[-75.05692,5.52414],[-75.05693,5.52414],[-75.05693,5.52414],[-75.05693,5.52414],[-75.05701,5.52408],[-75.05701,5.52408],[-75.05701,5.52408],[-75.05701,5.52408],[-75.05701,5.52408],[-75.05701,5.52408],[-75.05701,5.52408],[-75.05701,5.52407],[-75.05699,5.52394],[-75.05699,5.52394],[-75.05699,5.52394],[-75.05699,5.52394],[-75.05699,5.52394],[-75.05687,5.5238],[-75.05687,5.5238],[-75.05678,5.52371],[-75.05683,5.52368],[-75.05703,5.52368],[-75.05703,5.52368],[-75.05704,5.52368],[-75.05704,5.52368],[-75.05704,5.52368],[-75.05704,5.52368],[-75.05712,5.52359],[-75.05723,5.52354],[-75.05723,5.52354],[-75.05723,5.52354],[-75.05723,5.52354],[-75.05732,5.52346],[-75.05732,5.52346],[-75.05739,5.52338],[-75.05748,5.52332],[-75.0575,5.52333],[-75.0575,5.52334],[-75.0575,5.52334],[-75.0575,5.52335],[-75.0575,5.52335],[-75.05752,5.52349],[-75.05751,5.52359],[-75.05751,5.52367],[-75.05751,5.52367],[-75.05751,5.52367],[-75.05751,5.5237],[-75.05752,5.52372],[-75.05753,5.52375],[-75.05753,5.52367],[-75.05754,5.52349],[-75.05754,5.52349],[-75.05754,5.52349],[-75.05751,5.52335],[-75.05752,5.52332],[-75.05752,5.52332],[-75.05752,5.52332],[-75.05752,5.52332],[-75.05752,5.52332],[-75.05752,5.52332],[-75.05752,5.52332],[-75.05752,5.52332],[-75.05752,5.52331],[-75.05752,5.52331],[-75.05752,5.52331],[-75.05748,5.5233],[-75.05748,5.5233],[-75.05748,5.5233],[-75.05748,5.5233],[-75.05747,5.5233],[-75.05747,5.5233],[-75.05747,5.5233],[-75.05746,5.52331],[-75.05737,5.52337],[-75.05737,5.52337],[-75.05737,5.52337],[-75.0573,5.52344],[-75.05722,5.52352],[-75.05711,5.52358],[-75.05711,5.52358],[-75.05711,5.52358],[-75.05711,5.52358],[-75.05703,5.52366],[-75.05683,5.52366],[-75.05683,5.52366],[-75.05683,5.52366],[-75.05683,5.52366],[-75.05676,5.5237],[-75.05676,5.5237],[-75.05676,5.52371],[-75.05676,5.52371],[-75.05676,5.52371],[-75.05676,5.52371],[-75.05676,5.52371],[-75.05676,5.52371],[-75.05676,5.52371],[-75.05676,5.52372],[-75.05676,5.52372],[-75.05676,5.52372],[-75.05685,5.52382],[-75.05695,5.52392],[-75.05697,5.52395],[-75.05699,5.52407],[-75.05692,5.52413],[-75.05687,5.52413],[-75.05682,5.52413],[-75.0568,5.52412],[-75.0568,5.52411],[-75.0568,5.52411],[-75.0568,5.52411],[-75.0568,5.52411],[-75.0568,5.52411],[-75.0568,5.52411],[-75.0568,5.52411],[-75.0568,5.52411],[-75.05679,5.52411],[-75.05679,5.52411],[-75.05679,5.52411],[-75.05679,5.52411],[-75.05679,5.52411],[-75.05678,5.52412],[-75.05675,5.52408],[-75.05675,5.52408],[-75.05674,5.52408],[-75.05674,5.52408],[-75.05674,5.52408],[-75.05668,5.52406],[-75.05668,5.52406],[-75.05668,5.52406],[-75.05668,5.52406],[-75.05667,5.52406],[-75.05667,5.52406],[-75.05667,5.52406],[-75.05667,5.52406],[-75.05667,5.52407],[-75.05667,5.52407],[-75.05667,5.52407],[-75.05667,5.52407],[-75.05667,5.52407],[-75.05667,5.52407],[-75.05667,5.52407],[-75.05668,5.5241],[-75.05666,5.5241],[-75.05657,5.52411],[-75.05657,5.52411],[-75.05657,5.52411],[-75.05646,5.52415],[-75.05629,5.52415],[-75.05607,5.5241],[-75.05607,5.5241],[-75.05607,5.5241],[-75.05599,5.52408],[-75.05597,5.52408],[-75.05597,5.52408],[-75.05597,5.52408],[-75.05597,5.52408],[-75.05596,5.52408],[-75.05596,5.52408],[-75.05596,5.52408],[-75.05589,5.52415]]],[[[-75.05459,5.52478],[-75.05463,5.52478],[-75.05465,5.52477],[-75.0547,5.52478],[-75.05489,5.52474],[-75.05489,5.52474],[-75.05507,5.5247],[-75.05512,5.52471],[-75.05513,5.52471],[-75.05517,5.52477],[-75.0552,5.52476],[-75.05516,5.5247],[-75.05516,5.52469],[-75.05516,5.52469],[-75.05515,5.52469],[-75.05515,5.52469],[-75.05515,5.52469],[-75.05515,5.52469],[-75.05515,5.52469],[-75.05507,5.52468],[-75.05507,5.52468],[-75.05507,5.52468],[-75.05488,5.52472],[-75.05468,5.52477],[-75.05457,5.52477],[-75.05456,5.52477],[-75.05455,5.52477],[-75.05456,5.52478],[-75.05457,5.52478],[-75.05459,5.52478]]],[[[-75.05766,5.52496],[-75.05768,5.52497],[-75.05768,5.52497],[-75.05768,5.52497],[-75.05769,5.52485],[-75.05769,5.52484],[-75.0577,5.5248],[-75.0577,5.52478],[-75.0577,5.52478],[-75.0577,5.52478],[-75.0577,5.52469],[-75.05771,5.5246],[-75.05771,5.5246],[-75.05771,5.5246],[-75.05768,5.52448],[-75.05768,5.52448],[-75.0577,5.52438],[-75.05772,5.52429],[-75.05772,5.5243],[-75.0577,5.52433],[-75.05766,5.52448],[-75.05766,5.52448],[-75.05766,5.52448],[-75.05766,5.52448],[-75.05769,5.5246],[-75.05769,5.52463],[-75.05769,5.52464],[-75.05768,5.52478],[-75.05767,5.52486],[-75.05767,5.52486],[-75.05767,5.52486],[-75.05767,5.52486],[-75.05767,5.52486],[-75.05767,5.52486],[-75.05766,5.52496]]],[[[-75.05964,5.52569],[-75.05964,5.52569],[-75.05967,5.52574],[-75.05967,5.52574],[-75.05967,5.52574],[-75.05967,5.52574],[-75.05968,5.52574],[-75.05973,5.52587],[-75.05969,5.52598],[-75.05967,5.52602],[-75.05967,5.52602],[-75.05967,5.52602],[-75.05966,5.52604],[-75.05967,5.52604],[-75.05968,5.52604],[-75.05969,5.52602],[-75.0597,5.52599],[-75.0597,5.52598],[-75.05975,5.52587],[-75.05975,5.52587],[-75.05975,5.52587],[-75.05975,5.52587],[-75.05975,5.52587],[-75.05975,5.52587],[-75.05969,5.52573],[-75.05969,5.52573],[-75.05969,5.52573],[-75.05969,5.52573],[-75.05969,5.52573],[-75.05968,5.52573],[-75.05965,5.52568],[-75.05965,5.52567],[-75.05965,5.52567],[-75.05965,5.52567],[-75.05961,5.52566],[-75.05957,5.52566],[-75.05955,5.52568],[-75.05957,5.52568],[-75.05964,5.52569]]],[[[-75.10865,5.52791],[-75.10864,5.52791],[-75.10864,5.52791],[-75.10864,5.52791],[-75.10864,5.52791],[-75.10864,5.52791],[-75.10864,5.52791],[-75.10864,5.52791],[-75.10863,5.52793],[-75.10863,5.52794],[-75.10863,5.52794],[-75.10863,5.52794],[-75.10862,5.52802],[-75.10862,5.52802],[-75.10862,5.52802],[-75.10862,5.52802],[-75.10862,5.52802],[-75.10862,5.52802],[-75.10867,5.52809],[-75.10867,5.52809],[-75.10867,5.52809],[-75.10867,5.52809],[-75.10875,5.52814],[-75.10878,5.52818],[-75.10878,5.52818],[-75.10878,5.52818],[-75.10878,5.52818],[-75.10878,5.52818],[-75.10888,5.52822],[-75.10888,5.52822],[-75.10888,5.52822],[-75.10896,5.52824],[-75.10896,5.52824],[-75.10894,5.52821],[-75.10888,5.5282],[-75.10879,5.52817],[-75.10877,5.52813],[-75.10877,5.52813],[-75.10876,5.52813],[-75.10876,5.52813],[-75.10868,5.52808],[-75.10864,5.52802],[-75.10865,5.52794],[-75.10866,5.52793],[-75.10866,5.52793],[-75.10869,5.52787],[-75.10867,5.52785],[-75.10867,5.52785],[-75.10865,5.52791],[-75.10865,5.52791],[-75.10865,5.52791]]],[[[-75.10924,5.52894],[-75.10918,5.52898],[-75.10914,5.52899],[-75.10914,5.52899],[-75.10913,5.52899],[-75.10913,5.52899],[-75.10913,5.52899],[-75.10913,5.52899],[-75.10913,5.52899],[-75.1091,5.52905],[-75.1091,5.52905],[-75.1091,5.52905],[-75.10909,5.52905],[-75.10909,5.52905],[-75.1091,5.52905],[-75.10912,5.52914],[-75.10912,5.52914],[-75.10912,5.52914],[-75.10912,5.52914],[-75.10921,5.52925],[-75.10926,5.52934],[-75.10924,5.52946],[-75.10924,5.52946],[-75.10924,5.52946],[-75.10924,5.52946],[-75.10924,5.52946],[-75.10924,5.52947],[-75.10924,5.52947],[-75.10929,5.52953],[-75.1093,5.52951],[-75.10925,5.52946],[-75.10927,5.52934],[-75.10927,5.52934],[-75.10927,5.52934],[-75.10927,5.52934],[-75.10927,5.52934],[-75.10923,5.52924],[-75.10923,5.52924],[-75.10923,5.52924],[-75.10914,5.52913],[-75.10911,5.52905],[-75.10914,5.529],[-75.10919,5.529],[-75.10919,5.529],[-75.10919,5.529],[-75.10919,5.529],[-75.10919,5.529],[-75.10926,5.52895],[-75.10926,5.52895],[-75.10926,5.52895],[-75.10926,5.52895],[-75.10927,5.52893],[-75.10927,5.52893],[-75.10931,5.52891],[-75.10931,5.52887],[-75.10927,5.52891],[-75.10927,5.52891],[-75.10927,5.52891],[-75.10927,5.52891],[-75.10927,5.52891],[-75.10926,5.52891],[-75.10926,5.52891],[-75.10926,5.52891],[-75.10926,5.52891],[-75.10924,5.52894]]],[[[-75.08307,5.53104],[-75.08307,5.53104],[-75.08307,5.53104],[-75.08308,5.53104],[-75.08308,5.53104],[-75.08308,5.53104],[-75.08309,5.53104],[-75.08317,5.53101],[-75.08317,5.531],[-75.08317,5.531],[-75.08318,5.531],[-75.08318,5.531],[-75.08318,5.531],[-75.08318,5.531],[-75.08318,5.53099],[-75.08318,5.53099],[-75.08318,5.53099],[-75.08318,5.53095],[-75.08324,5.53079],[-75.08324,5.53079],[-75.08327,5.53071],[-75.08327,5.53071],[-75.08327,5.53071],[-75.08328,5.53065],[-75.0833,5.53059],[-75.08333,5.53059],[-75.08333,5.53059],[-75.08333,5.53059],[-75.08334,5.53059],[-75.08334,5.53059],[-75.08336,5.53057],[-75.0834,5.53055],[-75.0834,5.53055],[-75.08341,5.53055],[-75.08346,5.53052],[-75.08346,5.53052],[-75.08346,5.53052],[-75.0835,5.53049],[-75.08367,5.53048],[-75.08381,5.53049],[-75.08381,5.53049],[-75.08387,5.53049],[-75.0839,5.5305],[-75.0839,5.5305],[-75.0839,5.5305],[-75.0839,5.5305],[-75.08396,5.53049],[-75.08396,5.53049],[-75.08396,5.53049],[-75.08396,5.53049],[-75.08396,5.53049],[-75.08396,5.53048],[-75.08396,5.53048],[-75.08398,5.53045],[-75.08398,5.53045],[-75.08398,5.53045],[-75.08398,5.53044],[-75.08398,5.53044],[-75.08398,5.53044],[-75.08398,5.53044],[-75.08398,5.53044],[-75.08395,5.53041],[-75.08395,5.53041],[-75.08385,5.53032],[-75.08385,5.53032],[-75.08373,5.53024],[-75.08366,5.53011],[-75.08365,5.53001],[-75.08365,5.53001],[-75.08365,5.53001],[-75.0836,5.52988],[-75.0836,5.52987],[-75.08363,5.52972],[-75.08363,5.52972],[-75.08363,5.52971],[-75.08363,5.52971],[-75.08362,5.52968],[-75.0836,5.52945],[-75.08361,5.52945],[-75.08362,5.52945],[-75.08362,5.52945],[-75.08362,5.52945],[-75.08372,5.52943],[-75.08373,5.52943],[-75.08378,5.52946],[-75.08378,5.52946],[-75.08378,5.52946],[-75.08385,5.52947],[-75.08385,5.52947],[-75.08386,5.52948],[-75.08392,5.52948],[-75.08407,5.52951],[-75.08408,5.52951],[-75.08408,5.52951],[-75.08427,5.52949],[-75.08427,5.52949],[-75.08427,5.52949],[-75.08427,5.52949],[-75.08427,5.52949],[-75.08434,5.52944],[-75.08434,5.52944],[-75.08434,5.52944],[-75.0844,5.52934],[-75.08441,5.52934],[-75.0845,5.52927],[-75.08454,5.52925],[-75.08459,5.52922],[-75.08459,5.52922],[-75.08459,5.52922],[-75.08464,5.5292],[-75.08464,5.5292],[-75.08471,5.52918],[-75.08471,5.52918],[-75.08471,5.52918],[-75.0848,5.52911],[-75.08488,5.5291],[-75.08501,5.52913],[-75.08502,5.52913],[-75.08515,5.52919],[-75.08515,5.52919],[-75.08515,5.52919],[-75.08515,5.52919],[-75.08516,5.52919],[-75.08516,5.52919],[-75.08516,5.52919],[-75.08516,5.52918],[-75.08522,5.52912],[-75.08522,5.52912],[-75.08522,5.52912],[-75.08526,5.52908],[-75.08538,5.52901],[-75.08543,5.529],[-75.08543,5.529],[-75.08543,5.529],[-75.08543,5.52899],[-75.08548,5.52895],[-75.08548,5.52895],[-75.08548,5.52895],[-75.08548,5.52895],[-75.08548,5.52894],[-75.08548,5.52894],[-75.08549,5.52893],[-75.0855,5.52883],[-75.0855,5.52882],[-75.08557,5.52875],[-75.08564,5.52869],[-75.0857,5.52869],[-75.08575,5.5287],[-75.08584,5.52874],[-75.08585,5.52874],[-75.08585,5.52874],[-75.08591,5.52874],[-75.08591,5.52874],[-75.08591,5.52874],[-75.08601,5.52871],[-75.08601,5.52871],[-75.08601,5.52871],[-75.08601,5.52871],[-75.08601,5.52871],[-75.08604,5.52867],[-75.08609,5.52862],[-75.08611,5.5286],[-75.08619,5.52857],[-75.0862,5.52857],[-75.0862,5.52857],[-75.0863,5.5285],[-75.08634,5.52848],[-75.0864,5.52846],[-75.0865,5.52846],[-75.0865,5.52846],[-75.08656,5.52846],[-75.08656,5.52846],[-75.08656,5.52846],[-75.08656,5.52846],[-75.08657,5.52846],[-75.08657,5.52846],[-75.08662,5.52839],[-75.08662,5.52839],[-75.08662,5.52839],[-75.08665,5.52833],[-75.08665,5.52832],[-75.08665,5.52832],[-75.08665,5.52827],[-75.08668,5.5282],[-75.08673,5.52814],[-75.08684,5.52804],[-75.08684,5.52804],[-75.08684,5.52804],[-75.08684,5.52804],[-75.08684,5.52804],[-75.08684,5.52804],[-75.08684,5.52803],[-75.08684,5.52803],[-75.08684,5.52803],[-75.08684,5.52803],[-75.08684,5.52803],[-75.08678,5.52798],[-75.08678,5.52798],[-75.08677,5.52798],[-75.08677,5.52798],[-75.08677,5.52798],[-75.08667,5.52798],[-75.08656,5.52794],[-75.08656,5.52794],[-75.08656,5.52794],[-75.08656,5.52794],[-75.08655,5.52794],[-75.08648,5.52796],[-75.08631,5.52783],[-75.08636,5.52778],[-75.08658,5.52773],[-75.08672,5.52778],[-75.08672,5.52778],[-75.08672,5.52778],[-75.08687,5.52778],[-75.08687,5.52778],[-75.08687,5.52778],[-75.08706,5.52772],[-75.0871,5.52773],[-75.08718,5.52775],[-75.0872,5.5278],[-75.0872,5.5278],[-75.08724,5.52786],[-75.08724,5.52786],[-75.08725,5.52786],[-75.0873,5.52789],[-75.0873,5.52793],[-75.0873,5.52793],[-75.08732,5.52809],[-75.08732,5.52809],[-75.08732,5.52809],[-75.08732,5.52809],[-75.08735,5.52816],[-75.08736,5.52821],[-75.08736,5.52821],[-75.08736,5.52821],[-75.08739,5.52829],[-75.08739,5.52829],[-75.0874,5.52829],[-75.0874,5.52829],[-75.0874,5.52829],[-75.0874,5.52829],[-75.0874,5.52829],[-75.0874,5.52829],[-75.08741,5.5283],[-75.08741,5.5283],[-75.08741,5.52829],[-75.08741,5.52829],[-75.08741,5.52829],[-75.08741,5.52829],[-75.08747,5.52823],[-75.08748,5.52823],[-75.08748,5.52823],[-75.08752,5.52815],[-75.08754,5.52815],[-75.08754,5.52815],[-75.08754,5.52815],[-75.08754,5.52815],[-75.08754,5.52815],[-75.08755,5.52815],[-75.08755,5.52814],[-75.08755,5.52814],[-75.08755,5.52814],[-75.08755,5.52814],[-75.08755,5.52814],[-75.08755,5.52813],[-75.08758,5.52808],[-75.08758,5.52808],[-75.0876,5.52801],[-75.0876,5.52801],[-75.08761,5.52797],[-75.08761,5.52797],[-75.08761,5.52797],[-75.08766,5.52795],[-75.08766,5.52795],[-75.08766,5.52795],[-75.08766,5.52795],[-75.08766,5.52795],[-75.08769,5.5279],[-75.08771,5.52787],[-75.08776,5.52785],[-75.08776,5.52785],[-75.08776,5.52785],[-75.08776,5.52785],[-75.08776,5.52785],[-75.08776,5.52785],[-75.0878,5.52777],[-75.08784,5.52774],[-75.08794,5.5277],[-75.08804,5.52768],[-75.08817,5.52766],[-75.08829,5.52765],[-75.08829,5.52765],[-75.08829,5.52765],[-75.08829,5.52765],[-75.08838,5.52759],[-75.08848,5.52756],[-75.08852,5.52758],[-75.08852,5.52758],[-75.08852,5.52758],[-75.08852,5.52758],[-75.08863,5.52759],[-75.08863,5.52759],[-75.08863,5.52759],[-75.08863,5.52759],[-75.08864,5.52759],[-75.08864,5.52759],[-75.08865,5.52758],[-75.08865,5.52758],[-75.08865,5.52757],[-75.08865,5.52757],[-75.08869,5.52746],[-75.08869,5.52746],[-75.0887,5.52743],[-75.0887,5.52743],[-75.08871,5.52733],[-75.08878,5.52723],[-75.08878,5.52723],[-75.08882,5.52716],[-75.08888,5.52708],[-75.08899,5.52699],[-75.08899,5.52699],[-75.089,5.52699],[-75.08905,5.5269],[-75.08913,5.52685],[-75.08913,5.52684],[-75.08913,5.52684],[-75.08913,5.52684],[-75.08913,5.52684],[-75.08917,5.52674],[-75.08917,5.52674],[-75.08918,5.52671],[-75.08918,5.52671],[-75.08918,5.52671],[-75.08918,5.52665],[-75.08918,5.52665],[-75.08918,5.52665],[-75.08918,5.52665],[-75.08918,5.52665],[-75.08912,5.52656],[-75.08912,5.52645],[-75.08913,5.52638],[-75.08918,5.52628],[-75.08918,5.52628],[-75.08918,5.52628],[-75.08924,5.52615],[-75.08934,5.52608],[-75.08935,5.52608],[-75.08935,5.52608],[-75.08935,5.52608],[-75.08935,5.52608],[-75.08935,5.52608],[-75.08937,5.52607],[-75.08942,5.52603],[-75.08949,5.52599],[-75.08961,5.52592],[-75.08964,5.52591],[-75.08964,5.52591],[-75.08964,5.52591],[-75.08971,5.52587],[-75.08971,5.52587],[-75.08971,5.52587],[-75.08971,5.52587],[-75.08971,5.52586],[-75.08972,5.52583],[-75.08977,5.52577],[-75.08977,5.52577],[-75.08977,5.52577],[-75.08977,5.52576],[-75.08979,5.52571],[-75.08979,5.52571],[-75.08979,5.52571],[-75.08979,5.52564],[-75.08979,5.52564],[-75.08979,5.52564],[-75.08979,5.52563],[-75.08979,5.52563],[-75.08975,5.52555],[-75.08975,5.52555],[-75.08975,5.52555],[-75.08975,5.52555],[-75.08975,5.52555],[-75.08975,5.52555],[-75.08973,5.52547],[-75.08972,5.52541],[-75.0898,5.52528],[-75.0898,5.52528],[-75.0898,5.52527],[-75.08984,5.52518],[-75.08984,5.52517],[-75.08984,5.52517],[-75.08987,5.52504],[-75.08987,5.52504],[-75.08987,5.52504],[-75.08987,5.52504],[-75.08985,5.52492],[-75.08985,5.52492],[-75.08985,5.52492],[-75.0898,5.52479],[-75.08975,5.52465],[-75.08979,5.52453],[-75.08979,5.52453],[-75.0898,5.52442],[-75.08981,5.52441],[-75.08989,5.52431],[-75.08989,5.52431],[-75.0899,5.52431],[-75.0899,5.5243],[-75.08991,5.52428],[-75.08994,5.52423],[-75.09004,5.52416],[-75.09004,5.52416],[-75.09004,5.52416],[-75.09016,5.52405],[-75.09022,5.52403],[-75.09022,5.52403],[-75.09022,5.52403],[-75.09034,5.52394],[-75.09034,5.52393],[-75.09044,5.52384],[-75.09058,5.52375],[-75.09058,5.52375],[-75.09058,5.52375],[-75.09066,5.52368],[-75.09077,5.52358],[-75.09083,5.52356],[-75.09083,5.52356],[-75.09083,5.52356],[-75.09083,5.52356],[-75.09083,5.52356],[-75.09091,5.52344],[-75.09091,5.52344],[-75.09097,5.52333],[-75.09097,5.52333],[-75.091,5.52326],[-75.09103,5.52322],[-75.09109,5.52314],[-75.09109,5.52314],[-75.0911,5.52312],[-75.09119,5.52302],[-75.0912,5.52302],[-75.0912,5.52302],[-75.0912,5.52301],[-75.09128,5.52296],[-75.09128,5.52296],[-75.09128,5.52296],[-75.09136,5.52288],[-75.09143,5.52284],[-75.09143,5.52284],[-75.09143,5.52284],[-75.09153,5.52276],[-75.09154,5.52276],[-75.09154,5.52276],[-75.09159,5.52269],[-75.09168,5.52264],[-75.09169,5.52264],[-75.09169,5.52264],[-75.09178,5.52254],[-75.0919,5.52242],[-75.0919,5.52242],[-75.09198,5.52234],[-75.09198,5.52234],[-75.09198,5.52234],[-75.092,5.52231],[-75.09201,5.5223],[-75.09206,5.52225],[-75.09215,5.52218],[-75.09215,5.52218],[-75.09215,5.52218],[-75.0922,5.52211],[-75.0922,5.52211],[-75.0922,5.52211],[-75.0922,5.52211],[-75.0922,5.52211],[-75.0922,5.52201],[-75.09221,5.52199],[-75.09222,5.52198],[-75.09227,5.52188],[-75.09227,5.52188],[-75.09228,5.52188],[-75.09228,5.52188],[-75.09228,5.52188],[-75.09228,5.52188],[-75.09226,5.52181],[-75.09226,5.52181],[-75.09226,5.52181],[-75.09223,5.52172],[-75.09223,5.52163],[-75.09224,5.52154],[-75.09226,5.52152],[-75.0923,5.52146],[-75.09241,5.52139],[-75.09241,5.52139],[-75.09241,5.52139],[-75.09244,5.52135],[-75.09244,5.52135],[-75.09244,5.52135],[-75.09246,5.52132],[-75.09255,5.52131],[-75.09265,5.52129],[-75.09268,5.52129],[-75.09281,5.52127],[-75.09281,5.52127],[-75.09281,5.52127],[-75.0929,5.52126],[-75.09291,5.52126],[-75.09291,5.52126],[-75.09303,5.52123],[-75.09304,5.52123],[-75.09304,5.52123],[-75.09304,5.52123],[-75.09321,5.52121],[-75.09321,5.52121],[-75.09321,5.52121],[-75.09321,5.5212],[-75.09322,5.5212],[-75.09322,5.5212],[-75.09322,5.5212],[-75.09322,5.5212],[-75.09322,5.5212],[-75.09322,5.52116],[-75.09322,5.52116],[-75.09322,5.52116],[-75.09321,5.52113],[-75.09321,5.52113],[-75.09321,5.52112],[-75.09321,5.52112],[-75.09321,5.52112],[-75.09317,5.52109],[-75.09317,5.52101],[-75.09318,5.52101],[-75.09318,5.52101],[-75.09318,5.52101],[-75.09318,5.52101],[-75.09318,5.52101],[-75.09318,5.52101],[-75.09321,5.52088],[-75.09323,5.52084],[-75.09325,5.52078],[-75.09325,5.52078],[-75.09325,5.52078],[-75.09326,5.52075],[-75.09326,5.52075],[-75.09326,5.52075],[-75.09326,5.52065],[-75.09326,5.52065],[-75.09326,5.52065],[-75.09326,5.52065],[-75.0932,5.52053],[-75.09319,5.52052],[-75.0933,5.52035],[-75.0934,5.52029],[-75.0934,5.52029],[-75.0934,5.52029],[-75.09341,5.52029],[-75.09341,5.52029],[-75.09341,5.52029],[-75.09343,5.52022],[-75.09358,5.52002],[-75.09358,5.52002],[-75.09358,5.52002],[-75.0936,5.51995],[-75.09366,5.51988],[-75.09369,5.51986],[-75.09376,5.51983],[-75.09382,5.51982],[-75.09386,5.51981],[-75.09401,5.51979],[-75.09414,5.51982],[-75.09415,5.51982],[-75.09415,5.51982],[-75.09415,5.51982],[-75.09415,5.51982],[-75.09426,5.51979],[-75.09443,5.51979],[-75.09443,5.51979],[-75.09443,5.51979],[-75.09443,5.51979],[-75.09444,5.51979],[-75.09444,5.51979],[-75.09444,5.51979],[-75.09451,5.51969],[-75.09457,5.51967],[-75.09457,5.51967],[-75.09457,5.51967],[-75.09457,5.51967],[-75.09457,5.51966],[-75.09457,5.51966],[-75.09464,5.51953],[-75.09476,5.51935],[-75.09483,5.51929],[-75.09488,5.51936],[-75.09492,5.51947],[-75.09498,5.51963],[-75.09499,5.51963],[-75.09499,5.51963],[-75.09499,5.51964],[-75.09499,5.51964],[-75.09504,5.51968],[-75.09505,5.51968],[-75.09505,5.51968],[-75.09505,5.51968],[-75.09505,5.51968],[-75.09505,5.51968],[-75.09505,5.51968],[-75.09505,5.51968],[-75.09505,5.51968],[-75.09506,5.51968],[-75.09508,5.51966],[-75.09515,5.51969],[-75.09516,5.51969],[-75.09516,5.51969],[-75.09516,5.51969],[-75.09516,5.51969],[-75.09516,5.51969],[-75.09516,5.51969],[-75.09516,5.51969],[-75.09516,5.51968],[-75.09524,5.51958],[-75.09528,5.51955],[-75.09528,5.51955],[-75.09528,5.51955],[-75.09528,5.51954],[-75.09532,5.51948],[-75.09532,5.51948],[-75.09532,5.51948],[-75.09541,5.51931],[-75.09547,5.51926],[-75.09559,5.51923],[-75.09559,5.51923],[-75.09559,5.51923],[-75.0956,5.51923],[-75.0956,5.51922],[-75.0956,5.51922],[-75.0956,5.51922],[-75.09566,5.51905],[-75.09568,5.51906],[-75.09568,5.51906],[-75.09569,5.51906],[-75.09569,5.51906],[-75.09569,5.51905],[-75.09569,5.51905],[-75.09569,5.51905],[-75.09569,5.51905],[-75.09569,5.51905],[-75.09569,5.51905],[-75.09569,5.51905],[-75.09569,5.519],[-75.09572,5.51898],[-75.09572,5.51898],[-75.09573,5.51898],[-75.09573,5.51898],[-75.09573,5.51898],[-75.09573,5.51898],[-75.09573,5.51897],[-75.09573,5.5188],[-75.09581,5.51871],[-75.09581,5.51871],[-75.09581,5.51871],[-75.09599,5.5185],[-75.09599,5.5185],[-75.09599,5.5185],[-75.09599,5.5185],[-75.09607,5.51829],[-75.09614,5.51818],[-75.09615,5.51818],[-75.09615,5.51817],[-75.09615,5.51817],[-75.09615,5.51817],[-75.09616,5.51817],[-75.09619,5.51809],[-75.09619,5.51809],[-75.0962,5.51803],[-75.09623,5.51791],[-75.0963,5.51784],[-75.09631,5.51783],[-75.09631,5.51783],[-75.09634,5.51779],[-75.09634,5.51779],[-75.09634,5.51779],[-75.09634,5.51779],[-75.09634,5.51779],[-75.09634,5.51779],[-75.09634,5.51779],[-75.09635,5.51779],[-75.09635,5.51779],[-75.09635,5.51779],[-75.09635,5.51779],[-75.09635,5.51779],[-75.09637,5.51774],[-75.09637,5.51774],[-75.09637,5.51774],[-75.09637,5.51774],[-75.09637,5.51773],[-75.09637,5.51773],[-75.09637,5.51773],[-75.09637,5.51773],[-75.09637,5.51773],[-75.09636,5.51773],[-75.09636,5.51773],[-75.09636,5.51773],[-75.09637,5.51733],[-75.09637,5.51731],[-75.09642,5.51727],[-75.09642,5.51727],[-75.09646,5.51724],[-75.09646,5.51724],[-75.09646,5.51724],[-75.09646,5.51724],[-75.09646,5.51724],[-75.09647,5.51724],[-75.09648,5.51716],[-75.09648,5.51716],[-75.09648,5.51715],[-75.09647,5.51692],[-75.09652,5.51691],[-75.09652,5.51691],[-75.09652,5.51691],[-75.09652,5.51691],[-75.09653,5.51691],[-75.09653,5.51691],[-75.09653,5.51691],[-75.09653,5.5169],[-75.09653,5.5169],[-75.09653,5.5169],[-75.09652,5.51679],[-75.09654,5.5167],[-75.09657,5.51666],[-75.09657,5.51666],[-75.09657,5.51666],[-75.09658,5.51664],[-75.09658,5.51663],[-75.09658,5.51663],[-75.09658,5.51663],[-75.09666,5.51645],[-75.09675,5.51637],[-75.09675,5.51637],[-75.09675,5.51636],[-75.09675,5.51636],[-75.09675,5.51636],[-75.09675,5.51636],[-75.09675,5.51625],[-75.09676,5.51622],[-75.09678,5.5162],[-75.09678,5.5162],[-75.09678,5.5162],[-75.09678,5.5162],[-75.09682,5.5161],[-75.09688,5.51606],[-75.09688,5.51606],[-75.09688,5.51606],[-75.09688,5.51606],[-75.09691,5.51602],[-75.09691,5.51602],[-75.09699,5.51585],[-75.09708,5.5157],[-75.09716,5.51566],[-75.0972,5.51565],[-75.09735,5.5157],[-75.0974,5.51585],[-75.0974,5.51585],[-75.0974,5.51585],[-75.09745,5.51593],[-75.09745,5.51593],[-75.09745,5.51593],[-75.09745,5.51593],[-75.09756,5.516],[-75.09759,5.51602],[-75.09761,5.51605],[-75.09767,5.51613],[-75.09767,5.51614],[-75.09768,5.51614],[-75.09768,5.51614],[-75.09768,5.51614],[-75.09774,5.51616],[-75.09774,5.51616],[-75.09775,5.51616],[-75.09775,5.51616],[-75.09803,5.51613],[-75.09803,5.51613],[-75.09803,5.51613],[-75.09813,5.51609],[-75.09813,5.51609],[-75.09814,5.51609],[-75.09814,5.51609],[-75.09814,5.51609],[-75.09814,5.51609],[-75.09815,5.51605],[-75.09815,5.51605],[-75.09815,5.51605],[-75.09816,5.51593],[-75.0982,5.51574],[-75.0982,5.51574],[-75.0982,5.51573],[-75.0982,5.51573],[-75.09817,5.51563],[-75.09812,5.51545],[-75.09815,5.51534],[-75.09815,5.51534],[-75.09815,5.51534],[-75.09816,5.51517],[-75.09826,5.51505],[-75.09827,5.51503],[-75.09834,5.51504],[-75.09834,5.51504],[-75.09834,5.51504],[-75.0984,5.51503],[-75.0984,5.51503],[-75.0984,5.51503],[-75.0984,5.51503],[-75.0984,5.51502],[-75.09847,5.51497],[-75.09847,5.51497],[-75.09847,5.51497],[-75.09849,5.51493],[-75.09849,5.51493],[-75.09849,5.51493],[-75.09853,5.51487],[-75.09853,5.51487],[-75.09853,5.51487],[-75.09853,5.51487],[-75.09853,5.51477],[-75.09853,5.51477],[-75.09853,5.51477],[-75.09852,5.51457],[-75.09852,5.51457],[-75.09852,5.51457],[-75.09851,5.51454],[-75.09863,5.51437],[-75.09863,5.51437],[-75.09863,5.51437],[-75.09863,5.51437],[-75.09863,5.51436],[-75.09863,5.51436],[-75.09863,5.51436],[-75.09859,5.51428],[-75.09858,5.51423],[-75.09858,5.51423],[-75.09858,5.51423],[-75.09858,5.51421],[-75.09858,5.51421],[-75.09857,5.51421],[-75.09857,5.5142],[-75.09857,5.5142],[-75.09841,5.51407],[-75.09839,5.51398],[-75.09843,5.51391],[-75.09843,5.51391],[-75.09847,5.51381],[-75.09847,5.51381],[-75.09848,5.51381],[-75.09848,5.51381],[-75.09847,5.51381],[-75.09847,5.5138],[-75.09847,5.5138],[-75.09847,5.5138],[-75.09847,5.5138],[-75.09847,5.5138],[-75.09847,5.5138],[-75.09847,5.5138],[-75.09839,5.51379],[-75.09836,5.51377],[-75.0983,5.5137],[-75.09831,5.51365],[-75.09838,5.51355],[-75.0985,5.51348],[-75.09857,5.51347],[-75.09863,5.51347],[-75.09863,5.51347],[-75.09863,5.51347],[-75.09876,5.51346],[-75.09884,5.51346],[-75.09884,5.51346],[-75.09884,5.51346],[-75.09884,5.51346],[-75.09884,5.51346],[-75.09885,5.51346],[-75.09885,5.51346],[-75.09887,5.51345],[-75.09887,5.51345],[-75.09887,5.51345],[-75.09887,5.51345],[-75.0989,5.51343],[-75.0989,5.51343],[-75.09891,5.51343],[-75.09891,5.51343],[-75.09895,5.51336],[-75.09895,5.51336],[-75.09895,5.51336],[-75.09898,5.51324],[-75.09898,5.51324],[-75.09898,5.51323],[-75.09898,5.51323],[-75.09898,5.51323],[-75.09893,5.5131],[-75.09896,5.51298],[-75.09907,5.51295],[-75.09907,5.51295],[-75.09907,5.51295],[-75.09907,5.51295],[-75.09907,5.51295],[-75.0992,5.5128],[-75.0992,5.5128],[-75.09921,5.5128],[-75.09921,5.51279],[-75.09921,5.51279],[-75.09921,5.51279],[-75.09926,5.51265],[-75.09931,5.51256],[-75.09936,5.51253],[-75.09943,5.51254],[-75.09943,5.51254],[-75.09943,5.51254],[-75.09948,5.51253],[-75.09952,5.51253],[-75.09928,5.51305],[-75.09928,5.51305],[-75.09928,5.51305],[-75.09928,5.51305],[-75.09928,5.51305],[-75.09928,5.51305],[-75.09931,5.51314],[-75.09927,5.51334],[-75.09924,5.51345],[-75.09924,5.51345],[-75.09924,5.51345],[-75.09923,5.51357],[-75.09923,5.51357],[-75.09923,5.51357],[-75.09923,5.51358],[-75.09923,5.51358],[-75.09923,5.51358],[-75.09926,5.51362],[-75.09926,5.51369],[-75.09926,5.51369],[-75.09926,5.51369],[-75.09927,5.5137],[-75.09927,5.5137],[-75.09934,5.5138],[-75.09936,5.51388],[-75.09936,5.51388],[-75.09935,5.51389],[-75.09935,5.51389],[-75.09935,5.51389],[-75.09935,5.51389],[-75.09935,5.51389],[-75.09935,5.5139],[-75.09934,5.5139],[-75.09934,5.5139],[-75.09935,5.51392],[-75.09935,5.51392],[-75.09935,5.51393],[-75.09935,5.51393],[-75.09936,5.51395],[-75.09936,5.51395],[-75.09936,5.51395],[-75.0994,5.51399],[-75.0994,5.51399],[-75.09941,5.51399],[-75.09941,5.51399],[-75.09948,5.514],[-75.09948,5.514],[-75.09948,5.514],[-75.09948,5.514],[-75.09948,5.514],[-75.09954,5.51398],[-75.09954,5.51398],[-75.09954,5.51398],[-75.09957,5.51397],[-75.09957,5.51397],[-75.09957,5.51397],[-75.09962,5.51393],[-75.09966,5.51392],[-75.09969,5.51392],[-75.09969,5.51392],[-75.09969,5.51392],[-75.09969,5.51392],[-75.0997,5.51392],[-75.09974,5.51389],[-75.09978,5.51386],[-75.09978,5.51386],[-75.09978,5.51386],[-75.09978,5.51386],[-75.09978,5.51386],[-75.09978,5.51386],[-75.09978,5.51385],[-75.09978,5.51375],[-75.09978,5.51375],[-75.09978,5.51375],[-75.09978,5.51372],[-75.09978,5.51369],[-75.09978,5.51369],[-75.09978,5.51369],[-75.09977,5.51363],[-75.09977,5.51355],[-75.09983,5.51351],[-75.09983,5.51351],[-75.09983,5.51351],[-75.09994,5.51344],[-75.09999,5.51341],[-75.09999,5.51341],[-75.09999,5.51341],[-75.1001,5.51332],[-75.1001,5.51332],[-75.1001,5.51332],[-75.1001,5.51332],[-75.1001,5.51332],[-75.1001,5.51332],[-75.10012,5.51321],[-75.10013,5.51317],[-75.10017,5.51309],[-75.10017,5.51309],[-75.10017,5.51309],[-75.10018,5.51307],[-75.10027,5.51301],[-75.10036,5.51296],[-75.10043,5.51293],[-75.10043,5.51293],[-75.10043,5.51293],[-75.10049,5.5129],[-75.10055,5.51286],[-75.10055,5.51286],[-75.10055,5.51286],[-75.10061,5.5128],[-75.1007,5.51272],[-75.10087,5.51261],[-75.10087,5.51261],[-75.10087,5.51261],[-75.10087,5.5126],[-75.10093,5.51248],[-75.10093,5.51248],[-75.10093,5.51248],[-75.10093,5.51248],[-75.10093,5.51242],[-75.10093,5.51242],[-75.10094,5.51236],[-75.10094,5.51234],[-75.10097,5.51229],[-75.10097,5.51229],[-75.10097,5.51229],[-75.10099,5.51223],[-75.10102,5.5122],[-75.10107,5.51221],[-75.10107,5.51221],[-75.10121,5.51224],[-75.10121,5.51224],[-75.10121,5.51224],[-75.10136,5.51222],[-75.1014,5.51222],[-75.1014,5.51222],[-75.1014,5.51222],[-75.1014,5.51222],[-75.10147,5.51219],[-75.10156,5.51221],[-75.10162,5.51227],[-75.10162,5.51227],[-75.10162,5.51227],[-75.10163,5.51227],[-75.1017,5.5123],[-75.10169,5.51236],[-75.10167,5.51238],[-75.1016,5.51242],[-75.10156,5.51243],[-75.10156,5.51243],[-75.10156,5.51243],[-75.10156,5.51243],[-75.10156,5.51243],[-75.10156,5.51244],[-75.10156,5.51244],[-75.10156,5.51244],[-75.10155,5.51249],[-75.10155,5.51249],[-75.10155,5.51249],[-75.10156,5.51256],[-75.10156,5.51256],[-75.10156,5.51256],[-75.10156,5.51256],[-75.10156,5.51257],[-75.10161,5.51262],[-75.10161,5.51262],[-75.10161,5.51262],[-75.10161,5.51262],[-75.10161,5.51262],[-75.10162,5.51262],[-75.1017,5.51263],[-75.10172,5.51265],[-75.10173,5.51265],[-75.10173,5.51265],[-75.10173,5.51265],[-75.10173,5.51265],[-75.10173,5.51265],[-75.10178,5.51265],[-75.10186,5.51264],[-75.1019,5.51265],[-75.1019,5.51266],[-75.1019,5.51266],[-75.1019,5.51266],[-75.10189,5.51276],[-75.10173,5.51292],[-75.10173,5.51292],[-75.10173,5.51292],[-75.10173,5.51292],[-75.10165,5.51317],[-75.10158,5.51338],[-75.10152,5.51349],[-75.10152,5.51349],[-75.10152,5.51349],[-75.10152,5.51349],[-75.10152,5.51349],[-75.10152,5.5135],[-75.10153,5.5135],[-75.10168,5.51375],[-75.10176,5.51389],[-75.10177,5.51392],[-75.10179,5.51395],[-75.10179,5.51395],[-75.10192,5.51412],[-75.10196,5.51433],[-75.10196,5.51442],[-75.10193,5.51456],[-75.10193,5.51456],[-75.10192,5.51464],[-75.10192,5.51464],[-75.10192,5.51464],[-75.10192,5.51465],[-75.10198,5.51487],[-75.10202,5.51508],[-75.10202,5.51508],[-75.10207,5.51527],[-75.10207,5.51527],[-75.10207,5.51527],[-75.10211,5.51537],[-75.10221,5.51561],[-75.10218,5.5158],[-75.10218,5.5158],[-75.10218,5.5158],[-75.10218,5.5158],[-75.10218,5.5158],[-75.10218,5.51581],[-75.10218,5.51581],[-75.10218,5.51581],[-75.10218,5.51581],[-75.10219,5.51581],[-75.10219,5.51581],[-75.10227,5.51581],[-75.10239,5.51591],[-75.1024,5.51601],[-75.1024,5.51604],[-75.1024,5.51604],[-75.1024,5.51604],[-75.10241,5.51609],[-75.10241,5.51609],[-75.10241,5.51609],[-75.10242,5.51609],[-75.10242,5.51609],[-75.10244,5.51612],[-75.10244,5.51612],[-75.10245,5.51612],[-75.10245,5.51612],[-75.10245,5.51612],[-75.10245,5.51612],[-75.10245,5.51612],[-75.10245,5.51612],[-75.10245,5.51612],[-75.10245,5.51612],[-75.10255,5.51604],[-75.10255,5.51604],[-75.10255,5.51604],[-75.10258,5.51601],[-75.10266,5.51593],[-75.10266,5.51593],[-75.10267,5.51592],[-75.10274,5.51601],[-75.10287,5.51616],[-75.10289,5.51618],[-75.10298,5.51647],[-75.10298,5.51647],[-75.10298,5.51647],[-75.10307,5.51664],[-75.10309,5.51673],[-75.10308,5.51681],[-75.10308,5.51682],[-75.10308,5.51682],[-75.10308,5.51682],[-75.10313,5.51699],[-75.10313,5.51709],[-75.1031,5.51717],[-75.1031,5.51717],[-75.10309,5.51717],[-75.10309,5.51718],[-75.10309,5.51718],[-75.1031,5.51718],[-75.10316,5.51732],[-75.10318,5.51744],[-75.10319,5.51752],[-75.10319,5.51752],[-75.10319,5.51752],[-75.10319,5.51752],[-75.10319,5.51753],[-75.10319,5.51753],[-75.10319,5.51753],[-75.10319,5.51753],[-75.10319,5.51753],[-75.10319,5.51753],[-75.10319,5.51754],[-75.10319,5.51755],[-75.10319,5.51755],[-75.10319,5.51755],[-75.10319,5.51755],[-75.10323,5.51762],[-75.10322,5.51775],[-75.10322,5.51775],[-75.10322,5.51775],[-75.10323,5.51785],[-75.10314,5.51796],[-75.10314,5.51796],[-75.10314,5.51796],[-75.10314,5.51797],[-75.10314,5.51797],[-75.10314,5.51802],[-75.10314,5.51806],[-75.10314,5.51822],[-75.10314,5.51822],[-75.10314,5.51823],[-75.10317,5.51832],[-75.10317,5.51832],[-75.1032,5.5184],[-75.10319,5.51845],[-75.10319,5.51845],[-75.10318,5.51852],[-75.10316,5.51863],[-75.10316,5.51863],[-75.10316,5.51863],[-75.10316,5.51874],[-75.10313,5.51888],[-75.1031,5.51898],[-75.1031,5.51898],[-75.1031,5.51899],[-75.1031,5.51899],[-75.1031,5.51899],[-75.10313,5.51911],[-75.10313,5.51912],[-75.10313,5.51912],[-75.10313,5.51912],[-75.10313,5.51912],[-75.10313,5.51912],[-75.10325,5.51919],[-75.10325,5.51919],[-75.10329,5.51921],[-75.10334,5.51929],[-75.10334,5.51929],[-75.10335,5.51929],[-75.10342,5.51938],[-75.10346,5.51951],[-75.10347,5.51957],[-75.10344,5.51969],[-75.10344,5.51969],[-75.10341,5.51983],[-75.10341,5.51983],[-75.10341,5.51983],[-75.10341,5.51983],[-75.10343,5.51996],[-75.10345,5.52006],[-75.10345,5.52016],[-75.10345,5.52016],[-75.10345,5.52016],[-75.1035,5.52026],[-75.10352,5.52036],[-75.10349,5.52039],[-75.10347,5.52038],[-75.10347,5.52038],[-75.10347,5.52038],[-75.10347,5.52038],[-75.10346,5.52038],[-75.10339,5.52039],[-75.10339,5.52039],[-75.10339,5.52039],[-75.10339,5.52039],[-75.10327,5.52048],[-75.10327,5.52048],[-75.10327,5.52048],[-75.10326,5.52048],[-75.10326,5.52048],[-75.10326,5.52048],[-75.10323,5.52061],[-75.10323,5.52061],[-75.10323,5.52061],[-75.10323,5.52078],[-75.10323,5.52078],[-75.10323,5.52078],[-75.10328,5.52092],[-75.10327,5.52102],[-75.10327,5.52102],[-75.10327,5.52102],[-75.10326,5.52117],[-75.10322,5.52131],[-75.10322,5.52131],[-75.10322,5.52131],[-75.10322,5.52144],[-75.10322,5.52144],[-75.10322,5.52145],[-75.10326,5.52159],[-75.10321,5.52174],[-75.10315,5.52189],[-75.1031,5.52199],[-75.10306,5.52208],[-75.10298,5.52212],[-75.1029,5.52214],[-75.10286,5.52214],[-75.10286,5.52214],[-75.10286,5.52214],[-75.10286,5.52214],[-75.10286,5.52214],[-75.10286,5.52214],[-75.10284,5.52216],[-75.10283,5.52216],[-75.10283,5.52216],[-75.10283,5.52216],[-75.10281,5.52224],[-75.10275,5.52233],[-75.10272,5.52239],[-75.10272,5.52239],[-75.10272,5.52239],[-75.10271,5.52242],[-75.10271,5.52242],[-75.10271,5.52242],[-75.10267,5.52252],[-75.10267,5.52252],[-75.10267,5.52252],[-75.10267,5.52253],[-75.10267,5.52253],[-75.10268,5.52256],[-75.10268,5.52256],[-75.10268,5.52256],[-75.10269,5.52257],[-75.1027,5.52261],[-75.1027,5.52261],[-75.1027,5.52261],[-75.10272,5.52263],[-75.10278,5.52275],[-75.10278,5.52275],[-75.10278,5.52275],[-75.10284,5.5228],[-75.10284,5.5228],[-75.10286,5.52282],[-75.10287,5.52286],[-75.10287,5.52286],[-75.10287,5.52286],[-75.10287,5.52286],[-75.10287,5.52286],[-75.10296,5.52293],[-75.10302,5.52299],[-75.10302,5.52299],[-75.10302,5.52299],[-75.10302,5.52299],[-75.10302,5.523],[-75.10302,5.523],[-75.10302,5.523],[-75.10309,5.52299],[-75.10317,5.523],[-75.10331,5.52305],[-75.10331,5.52305],[-75.10331,5.52305],[-75.10336,5.52306],[-75.10337,5.52312],[-75.10338,5.52312],[-75.10338,5.52312],[-75.10339,5.52314],[-75.10342,5.52322],[-75.10343,5.52333],[-75.10343,5.52333],[-75.10343,5.52333],[-75.10343,5.52333],[-75.10343,5.52333],[-75.10344,5.52333],[-75.10344,5.52333],[-75.10344,5.52333],[-75.10352,5.52337],[-75.10352,5.52337],[-75.10352,5.52337],[-75.10353,5.52337],[-75.10353,5.52337],[-75.10353,5.52337],[-75.10359,5.52335],[-75.10364,5.52336],[-75.1037,5.52337],[-75.10379,5.52344],[-75.10379,5.52344],[-75.10379,5.52344],[-75.10389,5.52349],[-75.10397,5.52353],[-75.10402,5.52359],[-75.10404,5.52366],[-75.10397,5.52371],[-75.10396,5.52371],[-75.10396,5.52371],[-75.10396,5.52371],[-75.10396,5.52371],[-75.10391,5.52383],[-75.10391,5.52383],[-75.10391,5.52383],[-75.10391,5.52383],[-75.10391,5.52383],[-75.10391,5.52383],[-75.10393,5.52392],[-75.10393,5.52392],[-75.10394,5.52392],[-75.10399,5.52403],[-75.10399,5.52403],[-75.10399,5.52403],[-75.10399,5.52403],[-75.10399,5.52403],[-75.1041,5.5241],[-75.10414,5.52419],[-75.10408,5.52424],[-75.10408,5.52424],[-75.10408,5.52424],[-75.10401,5.52433],[-75.10401,5.52433],[-75.10401,5.52433],[-75.10401,5.52433],[-75.10401,5.52434],[-75.10401,5.52434],[-75.10401,5.52434],[-75.10406,5.5245],[-75.10404,5.52458],[-75.10397,5.52467],[-75.10397,5.52467],[-75.10397,5.52468],[-75.10395,5.52472],[-75.10395,5.52472],[-75.10395,5.52472],[-75.10395,5.52472],[-75.10394,5.52479],[-75.10394,5.52479],[-75.10394,5.52479],[-75.10394,5.52479],[-75.10394,5.52479],[-75.10394,5.52479],[-75.10394,5.52479],[-75.10395,5.52479],[-75.10397,5.52481],[-75.10397,5.52481],[-75.10397,5.52481],[-75.10405,5.52483],[-75.10405,5.52483],[-75.10413,5.52486],[-75.10413,5.52486],[-75.10413,5.52486],[-75.10413,5.52486],[-75.10414,5.52486],[-75.10414,5.52486],[-75.10421,5.52482],[-75.10422,5.52482],[-75.10422,5.52481],[-75.10422,5.52481],[-75.10422,5.52481],[-75.10427,5.52471],[-75.10445,5.52464],[-75.10451,5.52465],[-75.10451,5.52465],[-75.10451,5.52465],[-75.10452,5.52465],[-75.10452,5.52465],[-75.10452,5.52464],[-75.10452,5.52464],[-75.10452,5.52464],[-75.10452,5.52464],[-75.10455,5.52457],[-75.1046,5.52453],[-75.10469,5.52452],[-75.10469,5.52452],[-75.10469,5.52452],[-75.10477,5.52449],[-75.10489,5.52449],[-75.10489,5.52449],[-75.10489,5.52449],[-75.10489,5.52449],[-75.1049,5.52449],[-75.1049,5.52449],[-75.10498,5.52441],[-75.10505,5.52437],[-75.10506,5.52437],[-75.10506,5.52437],[-75.10508,5.52435],[-75.10508,5.52436],[-75.10509,5.52436],[-75.10509,5.52436],[-75.10509,5.52436],[-75.10509,5.52436],[-75.10517,5.52438],[-75.10521,5.52443],[-75.10521,5.52443],[-75.10521,5.52443],[-75.10522,5.52443],[-75.10522,5.52444],[-75.10529,5.52446],[-75.10534,5.52449],[-75.10537,5.52456],[-75.10537,5.52456],[-75.1054,5.52463],[-75.10543,5.5247],[-75.10544,5.52476],[-75.10544,5.52477],[-75.10544,5.52477],[-75.10544,5.52477],[-75.10544,5.52477],[-75.1055,5.52485],[-75.10551,5.52485],[-75.10551,5.52485],[-75.10551,5.52485],[-75.10555,5.52486],[-75.10555,5.52486],[-75.10555,5.52486],[-75.1056,5.52487],[-75.1056,5.52487],[-75.1056,5.52487],[-75.1056,5.52487],[-75.10569,5.52486],[-75.10569,5.52486],[-75.10569,5.52485],[-75.10569,5.52485],[-75.1058,5.52477],[-75.1058,5.52477],[-75.1058,5.52477],[-75.10585,5.52473],[-75.10593,5.52467],[-75.10599,5.52466],[-75.10599,5.52466],[-75.10599,5.52465],[-75.10599,5.52465],[-75.10599,5.52465],[-75.10602,5.52463],[-75.10615,5.52455],[-75.10615,5.52455],[-75.10615,5.52455],[-75.10615,5.52455],[-75.10617,5.52453],[-75.1062,5.5245],[-75.10625,5.52447],[-75.10631,5.52445],[-75.10631,5.52445],[-75.10631,5.52445],[-75.10631,5.52445],[-75.10631,5.52445],[-75.10632,5.52445],[-75.10634,5.52441],[-75.10639,5.52437],[-75.10639,5.52437],[-75.10639,5.52437],[-75.10643,5.52433],[-75.10643,5.52433],[-75.10644,5.52433],[-75.10644,5.52432],[-75.10644,5.52432],[-75.10644,5.52432],[-75.10644,5.52432],[-75.10643,5.52431],[-75.10645,5.5243],[-75.10654,5.52426],[-75.1066,5.52426],[-75.1066,5.52426],[-75.1066,5.52426],[-75.1066,5.52426],[-75.1066,5.52426],[-75.10667,5.52423],[-75.10667,5.52423],[-75.10667,5.52423],[-75.10667,5.52422],[-75.1067,5.52419],[-75.10674,5.52418],[-75.10688,5.52419],[-75.10688,5.52419],[-75.10688,5.52419],[-75.10695,5.52417],[-75.10702,5.52418],[-75.10706,5.52418],[-75.10706,5.52418],[-75.10706,5.52418],[-75.10706,5.52418],[-75.10706,5.52418],[-75.10706,5.52418],[-75.10706,5.52418],[-75.10709,5.52415],[-75.10709,5.52415],[-75.10709,5.52415],[-75.10711,5.52412],[-75.10714,5.52411],[-75.10719,5.52414],[-75.10719,5.52414],[-75.10724,5.52417],[-75.10729,5.52421],[-75.10729,5.52421],[-75.10729,5.52421],[-75.10734,5.52423],[-75.10734,5.52423],[-75.10734,5.52423],[-75.10734,5.52423],[-75.10734,5.52423],[-75.10734,5.52423],[-75.1074,5.52422],[-75.1074,5.52422],[-75.1074,5.52422],[-75.10741,5.52422],[-75.10749,5.52416],[-75.10751,5.52414],[-75.10757,5.52414],[-75.10759,5.52415],[-75.10756,5.52419],[-75.1075,5.52425],[-75.1075,5.52425],[-75.10749,5.52426],[-75.10749,5.52426],[-75.10749,5.52426],[-75.10748,5.52439],[-75.10748,5.52439],[-75.10748,5.52439],[-75.10748,5.52449],[-75.10748,5.52449],[-75.10751,5.52463],[-75.10751,5.52463],[-75.10751,5.52463],[-75.10756,5.52475],[-75.10756,5.52475],[-75.10761,5.52485],[-75.10766,5.52498],[-75.10766,5.52498],[-75.10767,5.52498],[-75.10767,5.52498],[-75.10776,5.52506],[-75.10776,5.52506],[-75.10776,5.52506],[-75.10776,5.52506],[-75.10776,5.52506],[-75.10788,5.52507],[-75.10798,5.52512],[-75.10798,5.52512],[-75.10798,5.52512],[-75.10802,5.52513],[-75.10802,5.52513],[-75.10802,5.52513],[-75.10808,5.52515],[-75.10812,5.52525],[-75.10812,5.52525],[-75.10812,5.52525],[-75.10815,5.52529],[-75.10815,5.52532],[-75.10815,5.52532],[-75.10815,5.52532],[-75.10816,5.52534],[-75.10816,5.52534],[-75.10816,5.52534],[-75.10816,5.52534],[-75.10816,5.52534],[-75.10816,5.52534],[-75.10816,5.52534],[-75.10821,5.52536],[-75.10821,5.52536],[-75.10821,5.52536],[-75.10821,5.52536],[-75.10832,5.52535],[-75.10832,5.52535],[-75.10833,5.52535],[-75.10833,5.52535],[-75.10833,5.52535],[-75.10833,5.52535],[-75.10835,5.52533],[-75.10839,5.52534],[-75.10839,5.52534],[-75.10838,5.5254],[-75.10836,5.52545],[-75.10836,5.52545],[-75.10836,5.52545],[-75.10835,5.52549],[-75.10835,5.52549],[-75.10833,5.52559],[-75.10833,5.52559],[-75.10833,5.52559],[-75.10833,5.52559],[-75.10835,5.52564],[-75.10836,5.52574],[-75.10836,5.52577],[-75.10836,5.52577],[-75.10836,5.52577],[-75.10836,5.52577],[-75.10836,5.52577],[-75.10836,5.52577],[-75.10841,5.52584],[-75.10844,5.5259],[-75.10845,5.52597],[-75.10845,5.52601],[-75.10844,5.52602],[-75.10844,5.52602],[-75.10844,5.52602],[-75.10844,5.52611],[-75.10844,5.52611],[-75.10844,5.52612],[-75.10844,5.52612],[-75.10844,5.52612],[-75.10844,5.52612],[-75.10844,5.52612],[-75.10844,5.52612],[-75.10852,5.52617],[-75.10852,5.52617],[-75.10862,5.52621],[-75.10866,5.52627],[-75.10867,5.5263],[-75.10864,5.52639],[-75.10864,5.52639],[-75.10864,5.52639],[-75.10864,5.52639],[-75.10864,5.52639],[-75.10864,5.52639],[-75.10864,5.5264],[-75.10864,5.5264],[-75.10868,5.52645],[-75.10868,5.52645],[-75.10868,5.52645],[-75.1087,5.52647],[-75.10871,5.52648],[-75.10881,5.5266],[-75.10881,5.5266],[-75.10881,5.5266],[-75.10881,5.5266],[-75.10882,5.5266],[-75.10883,5.52661],[-75.10886,5.52665],[-75.10888,5.52669],[-75.10888,5.52673],[-75.10888,5.52673],[-75.10888,5.52673],[-75.10888,5.52674],[-75.10892,5.52683],[-75.10893,5.52687],[-75.10893,5.52687],[-75.10893,5.52688],[-75.10895,5.52693],[-75.10895,5.52693],[-75.10898,5.52701],[-75.10898,5.52701],[-75.10898,5.52701],[-75.10899,5.52702],[-75.109,5.52707],[-75.10901,5.52708],[-75.10901,5.52708],[-75.10904,5.52713],[-75.10905,5.52715],[-75.10907,5.52714],[-75.10906,5.52712],[-75.10906,5.52712],[-75.10902,5.52707],[-75.109,5.52701],[-75.109,5.52701],[-75.109,5.52701],[-75.10899,5.527],[-75.10897,5.52693],[-75.10895,5.52687],[-75.10893,5.52682],[-75.10893,5.52682],[-75.10893,5.52682],[-75.10889,5.52673],[-75.1089,5.52669],[-75.1089,5.52669],[-75.1089,5.52669],[-75.1089,5.52669],[-75.10888,5.52665],[-75.10888,5.52664],[-75.10888,5.52664],[-75.10885,5.5266],[-75.10884,5.5266],[-75.10884,5.5266],[-75.10884,5.52659],[-75.10884,5.52659],[-75.10882,5.52659],[-75.10873,5.52647],[-75.10873,5.52647],[-75.10873,5.52647],[-75.10871,5.52645],[-75.1087,5.52644],[-75.10866,5.52639],[-75.10869,5.5263],[-75.10869,5.5263],[-75.10869,5.5263],[-75.10869,5.52629],[-75.10869,5.52629],[-75.10869,5.52629],[-75.10869,5.52629],[-75.10867,5.52626],[-75.10867,5.52626],[-75.10863,5.52619],[-75.10863,5.52619],[-75.10863,5.52619],[-75.10863,5.52619],[-75.10863,5.52619],[-75.10853,5.52615],[-75.10846,5.52611],[-75.10846,5.52603],[-75.10847,5.52601],[-75.10847,5.52601],[-75.10847,5.52601],[-75.10847,5.52597],[-75.10847,5.52597],[-75.10847,5.52597],[-75.10846,5.5259],[-75.10846,5.52589],[-75.10846,5.52589],[-75.10843,5.52583],[-75.10843,5.52583],[-75.10843,5.52583],[-75.10838,5.52576],[-75.10838,5.52574],[-75.10838,5.52574],[-75.10838,5.52574],[-75.10836,5.52564],[-75.10836,5.52564],[-75.10836,5.52564],[-75.10835,5.52559],[-75.10837,5.52549],[-75.10837,5.52546],[-75.1084,5.52541],[-75.1084,5.52541],[-75.1084,5.52541],[-75.10841,5.52534],[-75.10841,5.52534],[-75.10841,5.52534],[-75.10841,5.52534],[-75.10841,5.52534],[-75.10841,5.52534],[-75.10841,5.52533],[-75.1084,5.52532],[-75.1084,5.52532],[-75.10839,5.52532],[-75.10839,5.52532],[-75.10835,5.52531],[-75.10835,5.52531],[-75.10834,5.52531],[-75.10834,5.52531],[-75.10834,5.52531],[-75.10834,5.52531],[-75.10834,5.52531],[-75.10832,5.52533],[-75.10821,5.52534],[-75.10817,5.52533],[-75.10817,5.52531],[-75.10817,5.52529],[-75.10817,5.52529],[-75.10817,5.52528],[-75.10817,5.52528],[-75.10817,5.52528],[-75.10813,5.52524],[-75.1081,5.52514],[-75.1081,5.52514],[-75.1081,5.52514],[-75.1081,5.52513],[-75.1081,5.52513],[-75.10809,5.52513],[-75.10809,5.52513],[-75.10803,5.52512],[-75.10798,5.5251],[-75.10794,5.52508],[-75.10789,5.52505],[-75.10789,5.52505],[-75.10788,5.52505],[-75.10777,5.52504],[-75.10768,5.52497],[-75.10763,5.52484],[-75.10763,5.52484],[-75.10763,5.52484],[-75.10757,5.52475],[-75.10753,5.52463],[-75.1075,5.52449],[-75.10749,5.52439],[-75.10751,5.52426],[-75.10757,5.5242],[-75.10757,5.5242],[-75.10757,5.5242],[-75.10761,5.52416],[-75.10761,5.52416],[-75.10761,5.52416],[-75.10761,5.52415],[-75.10761,5.52415],[-75.10761,5.52415],[-75.10761,5.52415],[-75.10761,5.52415],[-75.10762,5.52414],[-75.10762,5.52414],[-75.10762,5.52414],[-75.10762,5.52414],[-75.10762,5.52413],[-75.10762,5.52413],[-75.10762,5.52413],[-75.10762,5.52413],[-75.10761,5.52413],[-75.10761,5.52413],[-75.10761,5.52413],[-75.10761,5.52413],[-75.10761,5.52413],[-75.10761,5.52413],[-75.10761,5.52413],[-75.1076,5.52413],[-75.1076,5.52413],[-75.1076,5.52413],[-75.1076,5.52413],[-75.10757,5.52412],[-75.10757,5.52412],[-75.10757,5.52412],[-75.10757,5.52412],[-75.10751,5.52412],[-75.10751,5.52412],[-75.10751,5.52412],[-75.1075,5.52412],[-75.1075,5.52412],[-75.10748,5.52414],[-75.10748,5.52414],[-75.1074,5.5242],[-75.10734,5.52422],[-75.1073,5.52419],[-75.10725,5.52415],[-75.10725,5.52415],[-75.10725,5.52415],[-75.1072,5.52412],[-75.10715,5.52409],[-75.10715,5.52409],[-75.10715,5.52409],[-75.10715,5.52409],[-75.10714,5.52409],[-75.10714,5.52409],[-75.10714,5.52409],[-75.1071,5.5241],[-75.1071,5.5241],[-75.1071,5.5241],[-75.1071,5.5241],[-75.10709,5.52411],[-75.10707,5.52414],[-75.10705,5.52416],[-75.10702,5.52416],[-75.10702,5.52416],[-75.10695,5.52415],[-75.10694,5.52415],[-75.10694,5.52415],[-75.10688,5.52417],[-75.10674,5.52416],[-75.10674,5.52416],[-75.10674,5.52416],[-75.10669,5.52418],[-75.10669,5.52418],[-75.10669,5.52418],[-75.10669,5.52418],[-75.10669,5.52418],[-75.10666,5.52421],[-75.1066,5.52424],[-75.10654,5.52424],[-75.10654,5.52424],[-75.10654,5.52424],[-75.10654,5.52424],[-75.10644,5.52428],[-75.10644,5.52428],[-75.10644,5.52428],[-75.10642,5.5243],[-75.10642,5.5243],[-75.10642,5.5243],[-75.10642,5.5243],[-75.10642,5.5243],[-75.10642,5.52431],[-75.10642,5.52431],[-75.10642,5.52432],[-75.10638,5.52435],[-75.10633,5.52439],[-75.10633,5.52439],[-75.10633,5.52439],[-75.10633,5.5244],[-75.1063,5.52443],[-75.10624,5.52445],[-75.10624,5.52445],[-75.10624,5.52445],[-75.10619,5.52448],[-75.10619,5.52448],[-75.10619,5.52448],[-75.10618,5.52448],[-75.10614,5.52454],[-75.10601,5.52461],[-75.10601,5.52461],[-75.10601,5.52461],[-75.10598,5.52464],[-75.10592,5.52465],[-75.10592,5.52465],[-75.10592,5.52465],[-75.10592,5.52465],[-75.10584,5.52471],[-75.10584,5.52471],[-75.10584,5.52471],[-75.10579,5.52476],[-75.10568,5.52484],[-75.1056,5.52485],[-75.10555,5.52485],[-75.10552,5.52483],[-75.10545,5.52476],[-75.10545,5.5247],[-75.10545,5.5247],[-75.10544,5.5247],[-75.10542,5.52462],[-75.10542,5.52462],[-75.10538,5.52456],[-75.10536,5.52448],[-75.10536,5.52448],[-75.10536,5.52448],[-75.10536,5.52448],[-75.10535,5.52448],[-75.1053,5.52444],[-75.1053,5.52444],[-75.1053,5.52444],[-75.10522,5.52442],[-75.10519,5.52437],[-75.10518,5.52436],[-75.10518,5.52436],[-75.10518,5.52436],[-75.10518,5.52436],[-75.1051,5.52434],[-75.10509,5.52433],[-75.10509,5.52433],[-75.10509,5.52433],[-75.10509,5.52433],[-75.10508,5.52433],[-75.10508,5.52433],[-75.10508,5.52433],[-75.10508,5.52433],[-75.10508,5.52433],[-75.10508,5.52433],[-75.10508,5.52433],[-75.10504,5.52435],[-75.10497,5.5244],[-75.10497,5.5244],[-75.10497,5.5244],[-75.10489,5.52447],[-75.10477,5.52447],[-75.10477,5.52447],[-75.10477,5.52447],[-75.10477,5.52447],[-75.10469,5.5245],[-75.1046,5.52451],[-75.1046,5.52451],[-75.1046,5.52451],[-75.10459,5.52451],[-75.10459,5.52451],[-75.10454,5.52456],[-75.10454,5.52456],[-75.10453,5.52456],[-75.10453,5.52456],[-75.10451,5.52463],[-75.10445,5.52462],[-75.10444,5.52462],[-75.10444,5.52462],[-75.10444,5.52462],[-75.10426,5.52469],[-75.10425,5.52469],[-75.10425,5.52469],[-75.10425,5.52469],[-75.10425,5.5247],[-75.10425,5.5247],[-75.1042,5.5248],[-75.10413,5.52484],[-75.10406,5.52482],[-75.10398,5.52479],[-75.10396,5.52478],[-75.10396,5.52472],[-75.10398,5.52468],[-75.10405,5.52459],[-75.10406,5.52459],[-75.10406,5.52459],[-75.10408,5.5245],[-75.10408,5.5245],[-75.10408,5.5245],[-75.10408,5.5245],[-75.10408,5.5245],[-75.10403,5.52434],[-75.10409,5.52425],[-75.10415,5.5242],[-75.10415,5.5242],[-75.10415,5.5242],[-75.10416,5.5242],[-75.10416,5.5242],[-75.10416,5.5242],[-75.10416,5.52419],[-75.10416,5.52419],[-75.10412,5.52409],[-75.10412,5.52409],[-75.10412,5.52409],[-75.10412,5.52409],[-75.10412,5.52409],[-75.104,5.52402],[-75.10395,5.52391],[-75.10392,5.52383],[-75.10398,5.52372],[-75.10406,5.52367],[-75.10406,5.52367],[-75.10406,5.52367],[-75.10406,5.52367],[-75.10406,5.52367],[-75.10406,5.52366],[-75.10406,5.52366],[-75.10406,5.52366],[-75.10406,5.52366],[-75.10404,5.52358],[-75.10404,5.52358],[-75.10404,5.52358],[-75.10404,5.52358],[-75.10398,5.52351],[-75.10398,5.52351],[-75.10398,5.52351],[-75.10398,5.52351],[-75.1039,5.52347],[-75.1039,5.52347],[-75.1038,5.52343],[-75.10371,5.52336],[-75.10371,5.52336],[-75.10371,5.52336],[-75.10371,5.52336],[-75.10365,5.52334],[-75.10365,5.52334],[-75.10359,5.52333],[-75.10359,5.52333],[-75.10358,5.52333],[-75.10358,5.52333],[-75.10353,5.52335],[-75.10345,5.52332],[-75.10344,5.52322],[-75.10344,5.52322],[-75.10344,5.52322],[-75.1034,5.52314],[-75.1034,5.52313],[-75.1034,5.52313],[-75.10339,5.52311],[-75.10338,5.52305],[-75.10338,5.52305],[-75.10338,5.52305],[-75.10337,5.52305],[-75.10337,5.52305],[-75.10337,5.52305],[-75.10337,5.52305],[-75.10337,5.52304],[-75.10331,5.52303],[-75.10318,5.52298],[-75.10318,5.52298],[-75.10318,5.52298],[-75.10309,5.52297],[-75.10309,5.52297],[-75.10309,5.52297],[-75.10303,5.52298],[-75.10297,5.52292],[-75.10297,5.52292],[-75.10297,5.52292],[-75.10289,5.52285],[-75.10287,5.52281],[-75.10287,5.52281],[-75.10287,5.52281],[-75.10287,5.52281],[-75.10285,5.52279],[-75.1028,5.52274],[-75.10273,5.52262],[-75.10273,5.52262],[-75.10273,5.52261],[-75.10272,5.5226],[-75.1027,5.52257],[-75.1027,5.52257],[-75.1027,5.52256],[-75.1027,5.52255],[-75.10269,5.52253],[-75.10272,5.52243],[-75.10274,5.5224],[-75.10277,5.52234],[-75.10282,5.52225],[-75.10282,5.52225],[-75.10283,5.52225],[-75.10285,5.52217],[-75.10286,5.52216],[-75.1029,5.52216],[-75.1029,5.52216],[-75.1029,5.52216],[-75.1029,5.52216],[-75.10299,5.52213],[-75.10299,5.52213],[-75.10299,5.52213],[-75.10307,5.52209],[-75.10307,5.52209],[-75.10307,5.52209],[-75.10307,5.52209],[-75.10307,5.52209],[-75.10312,5.522],[-75.10312,5.522],[-75.10317,5.5219],[-75.10317,5.5219],[-75.10322,5.52175],[-75.10322,5.52175],[-75.10327,5.5216],[-75.10327,5.5216],[-75.10327,5.52159],[-75.10327,5.52159],[-75.10327,5.52159],[-75.10324,5.52144],[-75.10324,5.52132],[-75.10328,5.52118],[-75.10328,5.52118],[-75.10328,5.52117],[-75.10329,5.52103],[-75.1033,5.52092],[-75.1033,5.52091],[-75.1033,5.52091],[-75.1033,5.52091],[-75.10325,5.52078],[-75.10325,5.52061],[-75.10328,5.52049],[-75.1034,5.52041],[-75.10346,5.52039],[-75.10349,5.52041],[-75.10349,5.52041],[-75.10349,5.52041],[-75.1035,5.52041],[-75.1035,5.52041],[-75.1035,5.52041],[-75.1035,5.52041],[-75.1035,5.52041],[-75.1035,5.52041],[-75.10354,5.52037],[-75.10354,5.52037],[-75.10354,5.52037],[-75.10354,5.52037],[-75.10354,5.52037],[-75.10354,5.52036],[-75.10354,5.52036],[-75.10352,5.52028],[-75.10351,5.52026],[-75.10351,5.52025],[-75.10347,5.52016],[-75.10347,5.52006],[-75.10347,5.52006],[-75.10347,5.52006],[-75.10345,5.51996],[-75.10345,5.51996],[-75.10343,5.51983],[-75.10346,5.51969],[-75.10349,5.51957],[-75.10349,5.51957],[-75.10349,5.51957],[-75.10349,5.51957],[-75.10347,5.51951],[-75.10347,5.51951],[-75.10347,5.51951],[-75.10343,5.51937],[-75.10343,5.51937],[-75.10343,5.51937],[-75.10343,5.51937],[-75.10336,5.51928],[-75.1033,5.5192],[-75.1033,5.5192],[-75.1033,5.5192],[-75.1033,5.5192],[-75.10326,5.51917],[-75.10315,5.51911],[-75.10311,5.51899],[-75.10315,5.51889],[-75.10315,5.51889],[-75.10315,5.51889],[-75.10318,5.51874],[-75.10318,5.51874],[-75.10318,5.51863],[-75.1032,5.51852],[-75.1032,5.51852],[-75.1032,5.51852],[-75.1032,5.51845],[-75.10321,5.5184],[-75.10321,5.5184],[-75.10321,5.5184],[-75.10321,5.5184],[-75.10321,5.5184],[-75.10318,5.51831],[-75.10316,5.51822],[-75.10316,5.51802],[-75.10316,5.51797],[-75.10325,5.51786],[-75.10325,5.51786],[-75.10325,5.51786],[-75.10325,5.51786],[-75.10325,5.51786],[-75.10324,5.51775],[-75.10325,5.51762],[-75.10325,5.51762],[-75.10325,5.51762],[-75.10325,5.51762],[-75.10324,5.51762],[-75.1032,5.51755],[-75.1032,5.51753],[-75.10321,5.51753],[-75.10323,5.51753],[-75.10323,5.51753],[-75.10323,5.51753],[-75.10323,5.51753],[-75.10323,5.51753],[-75.10323,5.51753],[-75.10323,5.51753],[-75.10324,5.51753],[-75.10324,5.51753],[-75.10324,5.51753],[-75.10324,5.51753],[-75.10324,5.51753],[-75.10324,5.51753],[-75.10324,5.51753],[-75.10324,5.51752],[-75.10324,5.51752],[-75.10324,5.51752],[-75.10324,5.51752],[-75.10324,5.51752],[-75.10324,5.51752],[-75.10323,5.51752],[-75.10322,5.5175],[-75.10322,5.5175],[-75.10322,5.5175],[-75.10322,5.5175],[-75.10322,5.5175],[-75.10322,5.5175],[-75.10322,5.5175],[-75.10321,5.5175],[-75.10321,5.5175],[-75.10321,5.5175],[-75.10321,5.5175],[-75.10321,5.5175],[-75.1032,5.5175],[-75.1032,5.51743],[-75.1032,5.51743],[-75.1032,5.51743],[-75.10317,5.51732],[-75.10317,5.51732],[-75.10311,5.51718],[-75.10312,5.51716],[-75.10313,5.51714],[-75.10315,5.51709],[-75.10315,5.51709],[-75.10315,5.51709],[-75.10315,5.51709],[-75.10315,5.51699],[-75.10315,5.51699],[-75.10315,5.51699],[-75.1031,5.51682],[-75.10311,5.51673],[-75.10311,5.51673],[-75.10311,5.51673],[-75.10311,5.51673],[-75.10309,5.51663],[-75.10309,5.51663],[-75.10309,5.51663],[-75.103,5.51647],[-75.1029,5.51618],[-75.1029,5.51618],[-75.1029,5.51617],[-75.1029,5.51617],[-75.10288,5.51614],[-75.10267,5.5159],[-75.10267,5.5159],[-75.10267,5.5159],[-75.10267,5.5159],[-75.10267,5.5159],[-75.10267,5.5159],[-75.10267,5.5159],[-75.10266,5.5159],[-75.10266,5.5159],[-75.10266,5.5159],[-75.10266,5.5159],[-75.10265,5.51592],[-75.10254,5.51602],[-75.10245,5.5161],[-75.10243,5.51608],[-75.10242,5.51604],[-75.10241,5.5159],[-75.10241,5.5159],[-75.10241,5.5159],[-75.10241,5.5159],[-75.10241,5.5159],[-75.10241,5.5159],[-75.10228,5.51579],[-75.10227,5.51579],[-75.10227,5.51579],[-75.10227,5.51579],[-75.10227,5.51579],[-75.1022,5.51579],[-75.10223,5.51561],[-75.10223,5.51561],[-75.10223,5.51561],[-75.10223,5.51561],[-75.10223,5.51561],[-75.10216,5.51546],[-75.10208,5.51527],[-75.10204,5.51508],[-75.102,5.51486],[-75.102,5.51486],[-75.10194,5.51464],[-75.10194,5.51463],[-75.10195,5.51456],[-75.10197,5.51442],[-75.10197,5.51442],[-75.10197,5.51442],[-75.10197,5.51433],[-75.10197,5.51432],[-75.10197,5.51432],[-75.10194,5.51411],[-75.10193,5.51411],[-75.10193,5.51411],[-75.10193,5.51411],[-75.10181,5.51394],[-75.1017,5.51374],[-75.1017,5.51374],[-75.1017,5.51374],[-75.10154,5.51349],[-75.10159,5.51339],[-75.10159,5.51339],[-75.10167,5.51318],[-75.10167,5.51318],[-75.10175,5.51293],[-75.1019,5.51277],[-75.1019,5.51277],[-75.1019,5.51277],[-75.10191,5.51277],[-75.10191,5.51277],[-75.10192,5.51267],[-75.10192,5.51267],[-75.10192,5.51264],[-75.10192,5.51264],[-75.10192,5.51264],[-75.10192,5.51263],[-75.10192,5.51263],[-75.10192,5.51263],[-75.10192,5.51263],[-75.10192,5.51263],[-75.10192,5.51263],[-75.10192,5.51263],[-75.10192,5.51263],[-75.10186,5.51262],[-75.10186,5.51262],[-75.10178,5.51263],[-75.10178,5.51263],[-75.10173,5.51263],[-75.1017,5.51261],[-75.1017,5.51261],[-75.1017,5.51261],[-75.1017,5.51261],[-75.1017,5.51261],[-75.10162,5.5126],[-75.10157,5.51256],[-75.10157,5.51249],[-75.10157,5.51245],[-75.1016,5.51244],[-75.1016,5.51244],[-75.10168,5.5124],[-75.10168,5.5124],[-75.10168,5.5124],[-75.10168,5.5124],[-75.10171,5.51237],[-75.10171,5.51237],[-75.10171,5.51237],[-75.10171,5.51237],[-75.10171,5.51237],[-75.10172,5.51229],[-75.10172,5.51229],[-75.10172,5.51229],[-75.10172,5.51229],[-75.10171,5.51229],[-75.10171,5.51229],[-75.10171,5.51229],[-75.10171,5.51229],[-75.10171,5.51229],[-75.10163,5.51225],[-75.10157,5.51219],[-75.10157,5.51219],[-75.10157,5.51219],[-75.10157,5.51219],[-75.10157,5.51219],[-75.10148,5.51218],[-75.10147,5.51218],[-75.10147,5.51218],[-75.10147,5.51218],[-75.1014,5.5122],[-75.10136,5.5122],[-75.10136,5.5122],[-75.10136,5.5122],[-75.10121,5.51222],[-75.10108,5.5122],[-75.10102,5.51218],[-75.10102,5.51218],[-75.10102,5.51218],[-75.10102,5.51218],[-75.10102,5.51218],[-75.10102,5.51218],[-75.10101,5.51219],[-75.10098,5.51221],[-75.10098,5.51222],[-75.10098,5.51222],[-75.10098,5.51222],[-75.10095,5.51228],[-75.10093,5.51233],[-75.10093,5.51233],[-75.10093,5.51233],[-75.10092,5.51235],[-75.10092,5.51235],[-75.10092,5.51235],[-75.10091,5.51242],[-75.10091,5.51248],[-75.10085,5.51259],[-75.10074,5.51267],[-75.10069,5.51271],[-75.10069,5.51271],[-75.10069,5.51271],[-75.1006,5.51279],[-75.10054,5.51285],[-75.10048,5.51288],[-75.10048,5.51288],[-75.10043,5.51291],[-75.10035,5.51294],[-75.10035,5.51294],[-75.10035,5.51294],[-75.10027,5.51299],[-75.10026,5.51299],[-75.10017,5.51306],[-75.10017,5.51306],[-75.10017,5.51306],[-75.10017,5.51306],[-75.10016,5.51306],[-75.10015,5.51308],[-75.10012,5.51316],[-75.10011,5.51317],[-75.1001,5.5132],[-75.1001,5.5132],[-75.10009,5.51331],[-75.09998,5.5134],[-75.09993,5.51342],[-75.09993,5.51342],[-75.09993,5.51342],[-75.09982,5.5135],[-75.09976,5.51353],[-75.09976,5.51353],[-75.09975,5.51353],[-75.09975,5.51354],[-75.09975,5.51354],[-75.09975,5.51354],[-75.09975,5.51354],[-75.09975,5.51354],[-75.09975,5.51363],[-75.09975,5.51363],[-75.09975,5.51363],[-75.09976,5.51369],[-75.09976,5.51372],[-75.09976,5.51372],[-75.09976,5.51372],[-75.09976,5.51375],[-75.09977,5.51385],[-75.09973,5.51387],[-75.09973,5.51387],[-75.09969,5.5139],[-75.09966,5.5139],[-75.09966,5.5139],[-75.09966,5.5139],[-75.09962,5.51392],[-75.09962,5.51392],[-75.09961,5.51392],[-75.09956,5.51395],[-75.09954,5.51397],[-75.09948,5.51399],[-75.09941,5.51397],[-75.09938,5.51394],[-75.09936,5.51392],[-75.09936,5.5139],[-75.09937,5.5139],[-75.09938,5.51389],[-75.09938,5.51389],[-75.09938,5.51389],[-75.09938,5.51389],[-75.09938,5.51389],[-75.09938,5.51388],[-75.09938,5.51388],[-75.09938,5.51388],[-75.09938,5.51388],[-75.09936,5.51379],[-75.09936,5.51379],[-75.09936,5.51379],[-75.09936,5.51379],[-75.09928,5.51369],[-75.09928,5.51362],[-75.09928,5.51361],[-75.09928,5.51361],[-75.09928,5.51361],[-75.09928,5.51361],[-75.09925,5.51357],[-75.09926,5.51345],[-75.09928,5.51335],[-75.09928,5.51335],[-75.09932,5.51314],[-75.09932,5.51314],[-75.09932,5.51314],[-75.09932,5.51314],[-75.09929,5.51305],[-75.09955,5.51253],[-75.09955,5.51253],[-75.09955,5.51253],[-75.09955,5.51253],[-75.09955,5.51253],[-75.09955,5.51252],[-75.09955,5.51252],[-75.09954,5.51252],[-75.09954,5.51252],[-75.09954,5.51252],[-75.09954,5.51252],[-75.09954,5.51252],[-75.09948,5.51251],[-75.09948,5.51251],[-75.09948,5.51251],[-75.09948,5.51251],[-75.09943,5.51252],[-75.09936,5.51251],[-75.09936,5.51251],[-75.09936,5.51251],[-75.09935,5.51251],[-75.09935,5.51251],[-75.0993,5.51254],[-75.0993,5.51254],[-75.0993,5.51254],[-75.0993,5.51254],[-75.0993,5.51254],[-75.09925,5.51264],[-75.09925,5.51264],[-75.09925,5.51264],[-75.0992,5.51278],[-75.09919,5.51279],[-75.09906,5.51294],[-75.09895,5.51297],[-75.09895,5.51297],[-75.09895,5.51297],[-75.09895,5.51297],[-75.09895,5.51297],[-75.09895,5.51297],[-75.09894,5.51297],[-75.09894,5.51297],[-75.09891,5.5131],[-75.09891,5.5131],[-75.09891,5.5131],[-75.09891,5.5131],[-75.09891,5.5131],[-75.09897,5.51323],[-75.09893,5.51335],[-75.09889,5.51342],[-75.09886,5.51344],[-75.09885,5.51344],[-75.09885,5.51344],[-75.09884,5.51344],[-75.09884,5.51344],[-75.09884,5.51344],[-75.09878,5.51344],[-75.09876,5.51344],[-75.09876,5.51344],[-75.09863,5.51345],[-75.09857,5.51345],[-75.09857,5.51345],[-75.09857,5.51345],[-75.0985,5.51346],[-75.0985,5.51346],[-75.09849,5.51346],[-75.09849,5.51346],[-75.09837,5.51354],[-75.09837,5.51354],[-75.09837,5.51354],[-75.09837,5.51354],[-75.0983,5.51364],[-75.0983,5.51364],[-75.0983,5.51364],[-75.0983,5.51365],[-75.09828,5.5137],[-75.09828,5.5137],[-75.09828,5.5137],[-75.09828,5.5137],[-75.09828,5.51371],[-75.09828,5.51371],[-75.09829,5.51371],[-75.09835,5.51378],[-75.09835,5.51378],[-75.09835,5.51379],[-75.09835,5.51379],[-75.09839,5.51381],[-75.09839,5.51381],[-75.09839,5.51381],[-75.09841,5.51381],[-75.09845,5.51382],[-75.09842,5.5139],[-75.09837,5.51397],[-75.09837,5.51397],[-75.09837,5.51398],[-75.09837,5.51398],[-75.09837,5.51398],[-75.09837,5.51398],[-75.09839,5.51408],[-75.09839,5.51408],[-75.0984,5.51408],[-75.0984,5.51408],[-75.0984,5.51408],[-75.09856,5.51422],[-75.09857,5.51423],[-75.09858,5.51429],[-75.09858,5.51429],[-75.09858,5.51429],[-75.09859,5.51433],[-75.09861,5.51436],[-75.0985,5.51453],[-75.0985,5.51453],[-75.0985,5.51453],[-75.0985,5.51453],[-75.0985,5.51453],[-75.0985,5.51453],[-75.0985,5.51457],[-75.09851,5.51477],[-75.09851,5.51486],[-75.09848,5.51492],[-75.09845,5.51496],[-75.09839,5.51501],[-75.09837,5.51501],[-75.09834,5.51502],[-75.09826,5.51501],[-75.09826,5.51501],[-75.09826,5.51501],[-75.09826,5.51502],[-75.09826,5.51502],[-75.09826,5.51502],[-75.09826,5.51502],[-75.09816,5.51513],[-75.09814,5.51516],[-75.09814,5.51516],[-75.09814,5.51516],[-75.09814,5.51516],[-75.09814,5.51516],[-75.09813,5.51534],[-75.09811,5.51542],[-75.0981,5.51544],[-75.0981,5.51545],[-75.0981,5.51545],[-75.0981,5.51545],[-75.0981,5.51545],[-75.09812,5.51552],[-75.09812,5.51553],[-75.09815,5.51563],[-75.09815,5.51563],[-75.09815,5.51563],[-75.09818,5.51574],[-75.09814,5.51593],[-75.09814,5.51593],[-75.09814,5.51593],[-75.09813,5.51604],[-75.09812,5.51608],[-75.09803,5.51612],[-75.09775,5.51614],[-75.09769,5.51612],[-75.09763,5.51604],[-75.09763,5.51604],[-75.0976,5.51601],[-75.0976,5.51601],[-75.0976,5.51601],[-75.09757,5.51598],[-75.09757,5.51598],[-75.09757,5.51598],[-75.09747,5.51592],[-75.09742,5.51584],[-75.09736,5.51569],[-75.09736,5.51569],[-75.09736,5.51569],[-75.09736,5.51569],[-75.09736,5.51569],[-75.09736,5.51569],[-75.09736,5.51569],[-75.0972,5.51563],[-75.0972,5.51563],[-75.0972,5.51563],[-75.0972,5.51563],[-75.0972,5.51563],[-75.09716,5.51564],[-75.09716,5.51564],[-75.09716,5.51564],[-75.09707,5.51569],[-75.09707,5.51569],[-75.09707,5.51569],[-75.09707,5.51569],[-75.09706,5.51569],[-75.09697,5.51584],[-75.09697,5.51584],[-75.09689,5.51601],[-75.09687,5.51605],[-75.09681,5.51608],[-75.09681,5.51608],[-75.09681,5.51608],[-75.09681,5.51609],[-75.0968,5.51609],[-75.0968,5.51609],[-75.09677,5.51619],[-75.09674,5.51621],[-75.09674,5.51621],[-75.09674,5.51621],[-75.09674,5.51621],[-75.09674,5.51622],[-75.09674,5.51622],[-75.09674,5.51625],[-75.09674,5.51625],[-75.09674,5.51625],[-75.09673,5.51636],[-75.09664,5.51644],[-75.09664,5.51644],[-75.09664,5.51644],[-75.09664,5.51644],[-75.09657,5.51662],[-75.09656,5.51663],[-75.09656,5.51663],[-75.09656,5.51663],[-75.09655,5.51665],[-75.09652,5.51669],[-75.09652,5.51669],[-75.09652,5.51669],[-75.09652,5.51669],[-75.0965,5.51678],[-75.0965,5.51679],[-75.0965,5.51679],[-75.09651,5.51689],[-75.09646,5.5169],[-75.09646,5.5169],[-75.09646,5.5169],[-75.09646,5.5169],[-75.09646,5.5169],[-75.09646,5.5169],[-75.09646,5.5169],[-75.09646,5.51691],[-75.09646,5.51691],[-75.09646,5.51691],[-75.09646,5.51715],[-75.09645,5.51723],[-75.09641,5.51726],[-75.09636,5.51729],[-75.09636,5.51729],[-75.09636,5.51729],[-75.09636,5.5173],[-75.09636,5.5173],[-75.09635,5.51733],[-75.09635,5.51733],[-75.09635,5.51733],[-75.09635,5.51744],[-75.09634,5.51775],[-75.09629,5.51782],[-75.09622,5.5179],[-75.09622,5.5179],[-75.09622,5.5179],[-75.09621,5.5179],[-75.09621,5.5179],[-75.09619,5.51802],[-75.09617,5.51808],[-75.09614,5.51816],[-75.09613,5.51817],[-75.09613,5.51817],[-75.09613,5.51817],[-75.09613,5.51817],[-75.09605,5.51828],[-75.09605,5.51828],[-75.09605,5.51829],[-75.09601,5.51838],[-75.09597,5.51849],[-75.0958,5.5187],[-75.09577,5.51873],[-75.09576,5.51874],[-75.09575,5.51875],[-75.09571,5.51879],[-75.09571,5.51879],[-75.09571,5.51879],[-75.09571,5.5188],[-75.09571,5.5188],[-75.09571,5.5188],[-75.09571,5.51892],[-75.09571,5.51897],[-75.09568,5.51899],[-75.09567,5.51899],[-75.09567,5.51899],[-75.09567,5.519],[-75.09567,5.519],[-75.09567,5.519],[-75.09567,5.519],[-75.09567,5.51904],[-75.09565,5.51903],[-75.09565,5.51903],[-75.09565,5.51903],[-75.09565,5.51903],[-75.09565,5.51903],[-75.09565,5.51904],[-75.09564,5.51904],[-75.09564,5.51904],[-75.09564,5.51904],[-75.09564,5.51904],[-75.09564,5.51904],[-75.09563,5.51907],[-75.09558,5.51921],[-75.09557,5.51921],[-75.09546,5.51925],[-75.09546,5.51925],[-75.09546,5.51925],[-75.09546,5.51925],[-75.0954,5.5193],[-75.0954,5.5193],[-75.0954,5.5193],[-75.09531,5.51947],[-75.0953,5.51948],[-75.09527,5.51953],[-75.09523,5.51956],[-75.09523,5.51956],[-75.09523,5.51956],[-75.09515,5.51967],[-75.09508,5.51964],[-75.09508,5.51964],[-75.09508,5.51964],[-75.09508,5.51964],[-75.09508,5.51964],[-75.09508,5.51964],[-75.09508,5.51964],[-75.09507,5.51964],[-75.09505,5.51966],[-75.095,5.51962],[-75.09494,5.51946],[-75.0949,5.51935],[-75.0949,5.51935],[-75.0949,5.51935],[-75.0949,5.51935],[-75.09483,5.51928],[-75.09483,5.51927],[-75.09483,5.51927],[-75.09483,5.51927],[-75.09483,5.51927],[-75.09483,5.51927],[-75.09483,5.51927],[-75.09482,5.51927],[-75.09482,5.51927],[-75.09482,5.51927],[-75.09475,5.51934],[-75.09474,5.51934],[-75.09474,5.51934],[-75.09463,5.51952],[-75.09463,5.51952],[-75.09462,5.51952],[-75.09456,5.51965],[-75.0945,5.51967],[-75.0945,5.51967],[-75.09449,5.51967],[-75.09449,5.51967],[-75.09449,5.51968],[-75.09445,5.51974],[-75.09443,5.51978],[-75.09425,5.51977],[-75.09425,5.51977],[-75.09425,5.51977],[-75.09425,5.51977],[-75.09415,5.51981],[-75.09402,5.51978],[-75.09401,5.51978],[-75.09401,5.51978],[-75.09385,5.51979],[-75.09385,5.51979],[-75.09385,5.51979],[-75.09381,5.5198],[-75.09375,5.51982],[-75.09375,5.51982],[-75.09375,5.51982],[-75.09368,5.51985],[-75.09368,5.51985],[-75.09368,5.51985],[-75.09365,5.51986],[-75.09365,5.51986],[-75.09365,5.51986],[-75.09365,5.51986],[-75.0936,5.51993],[-75.09359,5.51994],[-75.09359,5.51994],[-75.09359,5.51994],[-75.09359,5.51994],[-75.09357,5.52001],[-75.0935,5.5201],[-75.09349,5.52011],[-75.09341,5.52021],[-75.09341,5.52021],[-75.09341,5.52022],[-75.09339,5.52028],[-75.09329,5.52034],[-75.09329,5.52034],[-75.09328,5.52034],[-75.09328,5.52034],[-75.09318,5.52052],[-75.09318,5.52052],[-75.09317,5.52052],[-75.09317,5.52052],[-75.09317,5.52052],[-75.09318,5.52053],[-75.09318,5.52053],[-75.09324,5.52065],[-75.09325,5.52075],[-75.09324,5.52078],[-75.09321,5.52084],[-75.09321,5.52084],[-75.09321,5.52084],[-75.09316,5.521],[-75.09316,5.521],[-75.09316,5.521],[-75.09316,5.521],[-75.09316,5.521],[-75.09316,5.521],[-75.09316,5.521],[-75.09316,5.521],[-75.09316,5.521],[-75.09315,5.5211],[-75.09315,5.5211],[-75.09315,5.5211],[-75.09315,5.5211],[-75.09315,5.5211],[-75.09315,5.5211],[-75.09316,5.5211],[-75.0932,5.52113],[-75.0932,5.52116],[-75.0932,5.52119],[-75.09304,5.52121],[-75.09303,5.52121],[-75.09303,5.52121],[-75.09302,5.52121],[-75.09302,5.52121],[-75.0929,5.52124],[-75.09281,5.52126],[-75.09255,5.52129],[-75.09255,5.52129],[-75.09255,5.52129],[-75.09245,5.5213],[-75.09245,5.5213],[-75.09245,5.5213],[-75.09245,5.5213],[-75.09245,5.5213],[-75.09245,5.5213],[-75.09242,5.52134],[-75.09239,5.52138],[-75.09229,5.52145],[-75.09229,5.52145],[-75.09229,5.52145],[-75.09223,5.52153],[-75.09223,5.52153],[-75.09223,5.52153],[-75.09222,5.52153],[-75.09222,5.52154],[-75.09221,5.52162],[-75.09221,5.52163],[-75.09222,5.52172],[-75.09222,5.52172],[-75.09222,5.52172],[-75.09224,5.52181],[-75.09226,5.52188],[-75.0922,5.52198],[-75.09219,5.522],[-75.09219,5.52201],[-75.09218,5.52201],[-75.09218,5.52201],[-75.09218,5.5221],[-75.09214,5.52217],[-75.09204,5.52224],[-75.09204,5.52224],[-75.09204,5.52224],[-75.09197,5.52233],[-75.09189,5.52241],[-75.09177,5.52253],[-75.09177,5.52253],[-75.09167,5.52262],[-75.09158,5.52267],[-75.09158,5.52267],[-75.09158,5.52267],[-75.09158,5.52267],[-75.09154,5.52272],[-75.09152,5.52275],[-75.09142,5.52283],[-75.09135,5.52286],[-75.09135,5.52286],[-75.09135,5.52286],[-75.09126,5.52294],[-75.09119,5.523],[-75.09118,5.523],[-75.09118,5.523],[-75.09118,5.523],[-75.09118,5.52301],[-75.09118,5.52301],[-75.09117,5.52302],[-75.09109,5.52311],[-75.09109,5.52311],[-75.09109,5.52311],[-75.09107,5.52313],[-75.091,5.52324],[-75.09098,5.52325],[-75.09098,5.52326],[-75.09098,5.52326],[-75.09096,5.52332],[-75.09089,5.52343],[-75.09082,5.52355],[-75.09077,5.52357],[-75.09076,5.52357],[-75.09076,5.52357],[-75.09064,5.52366],[-75.09064,5.52366],[-75.09057,5.52374],[-75.09052,5.52377],[-75.09043,5.52382],[-75.09043,5.52382],[-75.09043,5.52383],[-75.09033,5.52392],[-75.09021,5.52401],[-75.09015,5.52403],[-75.09015,5.52403],[-75.09015,5.52403],[-75.09015,5.52403],[-75.09003,5.52415],[-75.08993,5.52422],[-75.08993,5.52422],[-75.08993,5.52422],[-75.08993,5.52422],[-75.08988,5.52429],[-75.08988,5.5243],[-75.08987,5.5243],[-75.08979,5.5244],[-75.08979,5.5244],[-75.08979,5.5244],[-75.08979,5.5244],[-75.08979,5.52442],[-75.08979,5.52442],[-75.08977,5.52453],[-75.08973,5.52465],[-75.08973,5.52465],[-75.08973,5.52465],[-75.08973,5.52465],[-75.08973,5.52465],[-75.08978,5.5248],[-75.08978,5.5248],[-75.08978,5.5248],[-75.08984,5.52493],[-75.08985,5.52504],[-75.08982,5.52517],[-75.08978,5.52527],[-75.08971,5.5254],[-75.08971,5.5254],[-75.08971,5.5254],[-75.08971,5.52541],[-75.08971,5.52541],[-75.08972,5.52547],[-75.08972,5.52547],[-75.08973,5.52555],[-75.08973,5.52555],[-75.08973,5.52556],[-75.08973,5.52556],[-75.08973,5.52556],[-75.08973,5.52556],[-75.08973,5.52556],[-75.08973,5.52556],[-75.08973,5.52556],[-75.08973,5.52557],[-75.08973,5.52557],[-75.08973,5.52557],[-75.08973,5.52557],[-75.08974,5.52557],[-75.08978,5.52564],[-75.08977,5.52571],[-75.08976,5.52576],[-75.08971,5.52582],[-75.08971,5.52582],[-75.08971,5.52583],[-75.08969,5.52585],[-75.08963,5.52589],[-75.0896,5.5259],[-75.0896,5.5259],[-75.0896,5.5259],[-75.08948,5.52597],[-75.08948,5.52597],[-75.08936,5.52605],[-75.08936,5.52605],[-75.08936,5.52605],[-75.08934,5.52606],[-75.08934,5.52606],[-75.08933,5.52606],[-75.08933,5.52606],[-75.08933,5.52606],[-75.08933,5.52607],[-75.08922,5.52614],[-75.08922,5.52614],[-75.08922,5.52614],[-75.08922,5.52614],[-75.08922,5.52614],[-75.08917,5.52627],[-75.08911,5.52637],[-75.08911,5.52637],[-75.08911,5.52638],[-75.0891,5.52645],[-75.0891,5.52645],[-75.0891,5.52645],[-75.0891,5.52657],[-75.0891,5.52657],[-75.08911,5.52657],[-75.08911,5.52657],[-75.08911,5.52657],[-75.08917,5.52665],[-75.08916,5.5267],[-75.08915,5.52673],[-75.08912,5.52683],[-75.08907,5.52687],[-75.08904,5.52689],[-75.08904,5.52689],[-75.08904,5.52689],[-75.08898,5.52698],[-75.08887,5.52707],[-75.08887,5.52707],[-75.08887,5.52707],[-75.0888,5.52715],[-75.0888,5.52715],[-75.08876,5.52722],[-75.08872,5.52729],[-75.08871,5.52731],[-75.0887,5.52733],[-75.0887,5.52733],[-75.0887,5.52733],[-75.0887,5.52733],[-75.08868,5.52743],[-75.08868,5.52746],[-75.08864,5.52756],[-75.08863,5.52757],[-75.08853,5.52756],[-75.08849,5.52754],[-75.08849,5.52754],[-75.08848,5.52754],[-75.08848,5.52754],[-75.08848,5.52754],[-75.08848,5.52754],[-75.08848,5.52754],[-75.08837,5.52758],[-75.08837,5.52758],[-75.08837,5.52758],[-75.08828,5.52763],[-75.08817,5.52764],[-75.08817,5.52764],[-75.08817,5.52764],[-75.08803,5.52766],[-75.08803,5.52766],[-75.08793,5.52768],[-75.08793,5.52768],[-75.08793,5.52768],[-75.08783,5.52773],[-75.08783,5.52773],[-75.08783,5.52773],[-75.08779,5.52776],[-75.08778,5.52776],[-75.08778,5.52776],[-75.08778,5.52776],[-75.08775,5.52784],[-75.0877,5.52786],[-75.0877,5.52786],[-75.08769,5.52786],[-75.08769,5.52786],[-75.08769,5.52786],[-75.08767,5.52789],[-75.08767,5.52789],[-75.08765,5.52794],[-75.08762,5.52795],[-75.08762,5.52793],[-75.08762,5.52793],[-75.08762,5.52793],[-75.08762,5.52793],[-75.08762,5.52793],[-75.08762,5.52793],[-75.08762,5.52793],[-75.08762,5.52793],[-75.08762,5.52793],[-75.08761,5.52792],[-75.08761,5.52792],[-75.08761,5.52793],[-75.08761,5.52793],[-75.08761,5.52793],[-75.08761,5.52793],[-75.08761,5.52793],[-75.08761,5.52793],[-75.0876,5.52793],[-75.08758,5.528],[-75.08756,5.52807],[-75.08753,5.52812],[-75.08753,5.52812],[-75.08753,5.52813],[-75.08753,5.52813],[-75.08753,5.52813],[-75.08752,5.52813],[-75.08752,5.52813],[-75.08752,5.52813],[-75.08752,5.52813],[-75.08751,5.52813],[-75.08751,5.52813],[-75.08751,5.52813],[-75.08751,5.52813],[-75.08746,5.52822],[-75.08741,5.52827],[-75.08738,5.52821],[-75.08737,5.52815],[-75.08737,5.52815],[-75.08737,5.52815],[-75.08734,5.52809],[-75.08732,5.52793],[-75.08731,5.52789],[-75.08731,5.52789],[-75.08731,5.52788],[-75.08731,5.52788],[-75.08731,5.52788],[-75.08731,5.52788],[-75.08726,5.52784],[-75.08721,5.52779],[-75.08719,5.52774],[-75.08719,5.52774],[-75.08719,5.52774],[-75.08719,5.52774],[-75.08719,5.52774],[-75.08719,5.52774],[-75.08711,5.52771],[-75.0871,5.52771],[-75.08706,5.5277],[-75.08706,5.5277],[-75.08706,5.5277],[-75.08706,5.5277],[-75.08706,5.5277],[-75.08687,5.52776],[-75.08673,5.52776],[-75.08658,5.52772],[-75.08658,5.52772],[-75.08658,5.52772],[-75.08657,5.52772],[-75.08636,5.52776],[-75.08636,5.52776],[-75.08636,5.52776],[-75.08635,5.52776],[-75.08635,5.52776],[-75.08628,5.52783],[-75.08628,5.52783],[-75.08628,5.52783],[-75.08628,5.52783],[-75.08628,5.52783],[-75.08628,5.52783],[-75.08628,5.52783],[-75.08628,5.52784],[-75.08628,5.52784],[-75.08628,5.52784],[-75.08628,5.52784],[-75.08629,5.52784],[-75.0863,5.52785],[-75.08647,5.52798],[-75.08647,5.52798],[-75.08647,5.52798],[-75.08647,5.52798],[-75.08648,5.52798],[-75.08648,5.52798],[-75.08648,5.52798],[-75.08656,5.52796],[-75.08666,5.52799],[-75.08666,5.52799],[-75.08667,5.52799],[-75.08677,5.528],[-75.08682,5.52804],[-75.08672,5.52812],[-75.08672,5.52812],[-75.08672,5.52813],[-75.08666,5.52819],[-75.08666,5.52819],[-75.08666,5.52819],[-75.08666,5.52819],[-75.08663,5.52827],[-75.08663,5.52827],[-75.08663,5.52827],[-75.08663,5.52832],[-75.0866,5.52838],[-75.08656,5.52844],[-75.0865,5.52845],[-75.0864,5.52844],[-75.0864,5.52844],[-75.0864,5.52844],[-75.0864,5.52844],[-75.08633,5.52846],[-75.08633,5.52846],[-75.08633,5.52846],[-75.08629,5.52848],[-75.08629,5.52848],[-75.08619,5.52855],[-75.0861,5.52858],[-75.0861,5.52859],[-75.0861,5.52859],[-75.0861,5.52859],[-75.08607,5.52861],[-75.08607,5.52861],[-75.08607,5.52861],[-75.08603,5.52865],[-75.08603,5.52865],[-75.08603,5.52865],[-75.086,5.52869],[-75.08591,5.52872],[-75.08585,5.52872],[-75.08575,5.52868],[-75.08575,5.52868],[-75.08571,5.52867],[-75.08571,5.52867],[-75.0857,5.52867],[-75.08564,5.52867],[-75.08564,5.52867],[-75.08564,5.52867],[-75.08564,5.52867],[-75.08563,5.52867],[-75.08563,5.52867],[-75.08556,5.52874],[-75.08553,5.52877],[-75.08549,5.52881],[-75.08549,5.52881],[-75.08549,5.52881],[-75.08548,5.52882],[-75.08548,5.52882],[-75.08548,5.52883],[-75.08548,5.52883],[-75.08547,5.52893],[-75.08547,5.52893],[-75.08547,5.52893],[-75.08547,5.52894],[-75.08542,5.52898],[-75.08538,5.52899],[-75.08538,5.52899],[-75.08538,5.52899],[-75.08525,5.52906],[-75.08525,5.52906],[-75.08525,5.52906],[-75.08525,5.52906],[-75.08521,5.52911],[-75.08515,5.52917],[-75.08503,5.52911],[-75.08502,5.52911],[-75.08502,5.52911],[-75.08501,5.52911],[-75.08501,5.52911],[-75.08501,5.52911],[-75.08488,5.52909],[-75.08488,5.52909],[-75.08488,5.52909],[-75.0848,5.5291],[-75.0848,5.5291],[-75.08479,5.5291],[-75.08479,5.5291],[-75.0847,5.52916],[-75.08464,5.52918],[-75.08463,5.52918],[-75.08463,5.52918],[-75.08463,5.52918],[-75.08458,5.52921],[-75.08453,5.52923],[-75.08453,5.52923],[-75.08453,5.52923],[-75.08449,5.52926],[-75.08449,5.52926],[-75.0844,5.52932],[-75.0844,5.52932],[-75.0844,5.52932],[-75.08439,5.52933],[-75.08439,5.52933],[-75.08433,5.52943],[-75.08426,5.52948],[-75.08408,5.52949],[-75.08392,5.52946],[-75.08392,5.52946],[-75.08392,5.52946],[-75.08386,5.52946],[-75.08379,5.52944],[-75.08373,5.52941],[-75.08373,5.52941],[-75.08373,5.52941],[-75.08373,5.52941],[-75.08372,5.52941],[-75.08372,5.52941],[-75.08372,5.52941],[-75.08362,5.52943],[-75.08361,5.52943],[-75.08361,5.52943],[-75.08361,5.52943],[-75.08358,5.52943],[-75.08358,5.52943],[-75.08358,5.52943],[-75.08358,5.52943],[-75.08358,5.52943],[-75.08358,5.52944],[-75.08358,5.52944],[-75.08358,5.52944],[-75.08358,5.52944],[-75.08358,5.52944],[-75.0836,5.52969],[-75.0836,5.52969],[-75.0836,5.52969],[-75.08361,5.52972],[-75.08359,5.52987],[-75.08359,5.52987],[-75.08359,5.52987],[-75.08359,5.52988],[-75.08359,5.52988],[-75.08359,5.52988],[-75.08363,5.53002],[-75.08364,5.53011],[-75.08364,5.53012],[-75.08364,5.53012],[-75.08364,5.53012],[-75.08372,5.53025],[-75.08372,5.53025],[-75.08372,5.53025],[-75.08372,5.53025],[-75.08384,5.53033],[-75.08394,5.53042],[-75.08396,5.53045],[-75.08395,5.53047],[-75.0839,5.53048],[-75.08387,5.53048],[-75.08387,5.53048],[-75.08387,5.53048],[-75.08381,5.53047],[-75.08367,5.53046],[-75.08367,5.53046],[-75.08349,5.53047],[-75.08349,5.53047],[-75.08349,5.53047],[-75.08349,5.53048],[-75.08349,5.53048],[-75.08345,5.53051],[-75.0834,5.53053],[-75.08335,5.53055],[-75.08335,5.53055],[-75.08335,5.53055],[-75.08335,5.53055],[-75.08333,5.53057],[-75.0833,5.53058],[-75.08329,5.53058],[-75.08329,5.53058],[-75.08329,5.53058],[-75.08329,5.53058],[-75.08329,5.53058],[-75.08329,5.53058],[-75.08329,5.53058],[-75.08326,5.53065],[-75.08326,5.53065],[-75.08326,5.53065],[-75.08325,5.5307],[-75.08322,5.53079],[-75.08316,5.53095],[-75.08316,5.53095],[-75.08316,5.53095],[-75.08316,5.53095],[-75.08316,5.53099],[-75.08316,5.53099],[-75.08308,5.53102],[-75.08308,5.53102],[-75.08308,5.53102],[-75.08305,5.531],[-75.08291,5.53088],[-75.08291,5.53088],[-75.08291,5.53088],[-75.08285,5.53084],[-75.08285,5.53084],[-75.08275,5.53079],[-75.08275,5.53079],[-75.08275,5.53079],[-75.08258,5.5307],[-75.08254,5.53069],[-75.08252,5.53066],[-75.08257,5.5306],[-75.08258,5.53059],[-75.08258,5.53059],[-75.08265,5.5304],[-75.08265,5.5304],[-75.08265,5.5304],[-75.08265,5.5304],[-75.08265,5.53039],[-75.08263,5.53031],[-75.08264,5.53021],[-75.08265,5.53011],[-75.08265,5.53011],[-75.08265,5.53011],[-75.08265,5.53011],[-75.08265,5.5301],[-75.08265,5.5301],[-75.08265,5.5301],[-75.08265,5.5301],[-75.08257,5.53003],[-75.08255,5.52991],[-75.08255,5.52991],[-75.08252,5.52982],[-75.0825,5.52972],[-75.0825,5.52972],[-75.0825,5.52972],[-75.0825,5.52972],[-75.0825,5.52972],[-75.0825,5.52972],[-75.08244,5.52968],[-75.08244,5.52967],[-75.08244,5.52967],[-75.08236,5.52965],[-75.08226,5.52961],[-75.08226,5.52961],[-75.08225,5.52961],[-75.08225,5.52961],[-75.08225,5.52961],[-75.08225,5.52961],[-75.08225,5.52961],[-75.0822,5.52965],[-75.08207,5.52968],[-75.08207,5.52968],[-75.08207,5.52968],[-75.082,5.52972],[-75.08192,5.52976],[-75.08189,5.52976],[-75.08189,5.52976],[-75.08188,5.52976],[-75.08178,5.52976],[-75.0817,5.52973],[-75.08168,5.52972],[-75.08161,5.52968],[-75.08158,5.52962],[-75.08159,5.52955],[-75.08159,5.52955],[-75.08159,5.52955],[-75.08157,5.52945],[-75.08157,5.52945],[-75.08157,5.52945],[-75.08152,5.52934],[-75.08152,5.52934],[-75.08151,5.52934],[-75.08144,5.52925],[-75.08144,5.52925],[-75.08144,5.52925],[-75.08135,5.52915],[-75.08135,5.52915],[-75.08135,5.52915],[-75.08122,5.52907],[-75.08121,5.52907],[-75.08121,5.52907],[-75.08121,5.52906],[-75.08121,5.52906],[-75.08116,5.52907],[-75.08115,5.52907],[-75.08115,5.52907],[-75.08109,5.52909],[-75.08102,5.52907],[-75.08102,5.52907],[-75.08102,5.52907],[-75.08087,5.52903],[-75.08073,5.52899],[-75.08061,5.52894],[-75.08061,5.52894],[-75.08052,5.52891],[-75.0805,5.52883],[-75.0805,5.52883],[-75.08049,5.52882],[-75.08049,5.52882],[-75.08044,5.52876],[-75.08037,5.52855],[-75.08037,5.52855],[-75.08034,5.52848],[-75.08034,5.52848],[-75.08034,5.52848],[-75.08034,5.52848],[-75.08034,5.52848],[-75.08034,5.52848],[-75.08022,5.52842],[-75.08022,5.52842],[-75.08009,5.52838],[-75.07972,5.52821],[-75.07965,5.52818],[-75.07965,5.52818],[-75.07965,5.52818],[-75.07953,5.52814],[-75.07953,5.52814],[-75.07953,5.52814],[-75.07942,5.52811],[-75.07942,5.52811],[-75.07942,5.52811],[-75.07942,5.52811],[-75.07942,5.52811],[-75.07936,5.52813],[-75.07936,5.52813],[-75.07936,5.52813],[-75.07936,5.52813],[-75.07936,5.52814],[-75.07936,5.52814],[-75.07933,5.52818],[-75.07926,5.5282],[-75.07907,5.52812],[-75.07903,5.52808],[-75.07907,5.52801],[-75.07907,5.52801],[-75.07907,5.52801],[-75.07907,5.52801],[-75.07907,5.52801],[-75.07907,5.52801],[-75.07907,5.528],[-75.07907,5.528],[-75.07906,5.528],[-75.07906,5.528],[-75.07897,5.52794],[-75.07897,5.52794],[-75.07897,5.52794],[-75.07887,5.5279],[-75.07887,5.5279],[-75.07862,5.52785],[-75.07859,5.52783],[-75.07841,5.52768],[-75.0784,5.52757],[-75.07841,5.52749],[-75.07841,5.52749],[-75.07841,5.52749],[-75.07841,5.52749],[-75.07841,5.52748],[-75.07841,5.52748],[-75.07841,5.52748],[-75.07841,5.52748],[-75.07841,5.52748],[-75.07841,5.52748],[-75.0784,5.52748],[-75.07829,5.52748],[-75.07812,5.52749],[-75.07807,5.52744],[-75.07807,5.52744],[-75.07807,5.52743],[-75.07807,5.52743],[-75.07802,5.52742],[-75.07802,5.52742],[-75.07802,5.52742],[-75.07793,5.52741],[-75.07784,5.52737],[-75.0778,5.52731],[-75.07779,5.52724],[-75.07779,5.52724],[-75.07779,5.52724],[-75.07779,5.52724],[-75.07776,5.52719],[-75.07776,5.52718],[-75.07776,5.52718],[-75.07776,5.52712],[-75.07776,5.52712],[-75.07776,5.52712],[-75.07775,5.52705],[-75.07775,5.52705],[-75.07775,5.52702],[-75.07775,5.52697],[-75.07775,5.52697],[-75.07775,5.52697],[-75.07775,5.52697],[-75.07774,5.52694],[-75.07774,5.52692],[-75.07777,5.52689],[-75.07777,5.52689],[-75.07777,5.52688],[-75.07777,5.52688],[-75.07777,5.52688],[-75.07777,5.52688],[-75.07777,5.52688],[-75.07777,5.52688],[-75.07777,5.52688],[-75.07777,5.52687],[-75.07777,5.52687],[-75.07777,5.52687],[-75.07776,5.52687],[-75.07776,5.52687],[-75.07776,5.52687],[-75.07766,5.52689],[-75.07766,5.52689],[-75.07766,5.52689],[-75.07766,5.52689],[-75.07766,5.52689],[-75.07766,5.52689],[-75.07764,5.52691],[-75.07754,5.52697],[-75.07754,5.52697],[-75.07746,5.52702],[-75.07746,5.52702],[-75.07746,5.52702],[-75.07746,5.52702],[-75.07746,5.52703],[-75.07746,5.52703],[-75.07746,5.52703],[-75.07746,5.52703],[-75.07746,5.52705],[-75.07738,5.52709],[-75.07738,5.52709],[-75.07738,5.52709],[-75.07738,5.52709],[-75.07738,5.52709],[-75.07738,5.52709],[-75.07738,5.52709],[-75.07738,5.52709],[-75.07738,5.5271],[-75.07738,5.5271],[-75.07738,5.5271],[-75.07738,5.5271],[-75.07738,5.5271],[-75.07739,5.52711],[-75.07733,5.5271],[-75.07722,5.52707],[-75.07712,5.52699],[-75.07712,5.52699],[-75.07712,5.52699],[-75.07705,5.52694],[-75.07705,5.52694],[-75.07705,5.52694],[-75.07702,5.52692],[-75.07702,5.52692],[-75.07702,5.52692],[-75.07702,5.52692],[-75.07702,5.52692],[-75.07701,5.52692],[-75.07701,5.52692],[-75.07694,5.52696],[-75.07694,5.52696],[-75.07694,5.52696],[-75.07693,5.52696],[-75.07693,5.52697],[-75.07693,5.52697],[-75.07693,5.52697],[-75.07693,5.52697],[-75.07693,5.52697],[-75.07695,5.52707],[-75.07695,5.52708],[-75.07695,5.52708],[-75.07695,5.52708],[-75.07695,5.52708],[-75.07695,5.52708],[-75.077,5.52711],[-75.0771,5.52719],[-75.0771,5.52723],[-75.07711,5.52728],[-75.07711,5.52728],[-75.07711,5.52728],[-75.07716,5.52741],[-75.07716,5.52741],[-75.07716,5.52741],[-75.07716,5.52742],[-75.07721,5.52745],[-75.07717,5.52759],[-75.07717,5.52759],[-75.07717,5.52759],[-75.07716,5.5277],[-75.07712,5.52778],[-75.07704,5.52789],[-75.07704,5.5279],[-75.07704,5.5279],[-75.07704,5.5279],[-75.07702,5.52797],[-75.07698,5.52807],[-75.07694,5.52805],[-75.07693,5.52794],[-75.07693,5.52794],[-75.07693,5.52794],[-75.07689,5.52784],[-75.07689,5.52784],[-75.07688,5.52782],[-75.07683,5.5277],[-75.07683,5.5277],[-75.07683,5.5277],[-75.07683,5.5277],[-75.07682,5.5277],[-75.07682,5.5277],[-75.07682,5.5277],[-75.07675,5.52769],[-75.07659,5.52761],[-75.07658,5.52761],[-75.07658,5.52761],[-75.07653,5.52758],[-75.07653,5.52758],[-75.07646,5.52756],[-75.07646,5.52756],[-75.07646,5.52756],[-75.07632,5.52754],[-75.07632,5.52754],[-75.07632,5.52754],[-75.07632,5.52754],[-75.07629,5.52755],[-75.07629,5.52755],[-75.07629,5.52755],[-75.07619,5.52761],[-75.07616,5.52763],[-75.07616,5.52763],[-75.07616,5.52763],[-75.07616,5.52764],[-75.07614,5.52766],[-75.07611,5.52771],[-75.07611,5.52771],[-75.07611,5.52771],[-75.07604,5.52789],[-75.07597,5.52795],[-75.07586,5.528],[-75.07586,5.528],[-75.07586,5.528],[-75.07586,5.528],[-75.07586,5.52801],[-75.07586,5.52801],[-75.07585,5.52801],[-75.07585,5.52801],[-75.07586,5.52812],[-75.07584,5.5282],[-75.07584,5.52821],[-75.07579,5.52832],[-75.07579,5.52833],[-75.07567,5.52836],[-75.07562,5.52834],[-75.07562,5.52834],[-75.07562,5.52834],[-75.07561,5.52834],[-75.07561,5.52834],[-75.07561,5.52834],[-75.07551,5.52839],[-75.07551,5.52839],[-75.07551,5.52839],[-75.07529,5.52853],[-75.07529,5.52853],[-75.07529,5.52853],[-75.07529,5.52854],[-75.07523,5.52862],[-75.07509,5.52868],[-75.075,5.5287],[-75.0749,5.52868],[-75.07478,5.52864],[-75.07478,5.52864],[-75.07464,5.52861],[-75.07464,5.52861],[-75.07464,5.52861],[-75.07463,5.52861],[-75.07457,5.52862],[-75.07448,5.52865],[-75.07448,5.52865],[-75.07448,5.52865],[-75.07448,5.52865],[-75.07448,5.52865],[-75.07448,5.52865],[-75.07448,5.52865],[-75.07448,5.52865],[-75.07448,5.52865],[-75.07448,5.52866],[-75.07449,5.52875],[-75.07449,5.52875],[-75.07449,5.52876],[-75.07449,5.52878],[-75.0745,5.52878],[-75.0745,5.52878],[-75.07451,5.52876],[-75.07451,5.52876],[-75.07451,5.52875],[-75.07451,5.52874],[-75.0745,5.52866],[-75.07464,5.52863],[-75.07478,5.52865],[-75.07489,5.5287],[-75.07489,5.5287],[-75.0749,5.5287],[-75.075,5.52871],[-75.075,5.52872],[-75.075,5.52871],[-75.07509,5.5287],[-75.0751,5.5287],[-75.0751,5.5287],[-75.07524,5.52864],[-75.07524,5.52863],[-75.07524,5.52863],[-75.07524,5.52863],[-75.0753,5.52855],[-75.07552,5.5284],[-75.07562,5.52836],[-75.07566,5.52838],[-75.07567,5.52838],[-75.07567,5.52838],[-75.07567,5.52838],[-75.07567,5.52838],[-75.0758,5.52834],[-75.0758,5.52834],[-75.0758,5.52834],[-75.0758,5.52834],[-75.0758,5.52834],[-75.0758,5.52834],[-75.07581,5.52833],[-75.07581,5.52833],[-75.07586,5.52822],[-75.07586,5.52822],[-75.07586,5.52821],[-75.07588,5.52812],[-75.07588,5.52812],[-75.07588,5.52812],[-75.07587,5.52802],[-75.07597,5.52796],[-75.07598,5.52796],[-75.07598,5.52796],[-75.07605,5.5279],[-75.07605,5.5279],[-75.07605,5.5279],[-75.07605,5.52789],[-75.07612,5.52772],[-75.07616,5.52767],[-75.07616,5.52767],[-75.07617,5.52765],[-75.0763,5.52757],[-75.07632,5.52756],[-75.07645,5.52757],[-75.07652,5.5276],[-75.07657,5.52762],[-75.07674,5.5277],[-75.07675,5.5277],[-75.07675,5.5277],[-75.07681,5.52772],[-75.07687,5.52783],[-75.07687,5.52783],[-75.07687,5.52783],[-75.07688,5.52785],[-75.07691,5.52794],[-75.07692,5.52806],[-75.07692,5.52806],[-75.07693,5.52806],[-75.07693,5.52806],[-75.07693,5.52806],[-75.07693,5.52806],[-75.07693,5.52806],[-75.07698,5.52809],[-75.07698,5.5281],[-75.07699,5.5281],[-75.07699,5.5281],[-75.07699,5.5281],[-75.07699,5.5281],[-75.07699,5.52809],[-75.07699,5.52809],[-75.07699,5.52809],[-75.077,5.52809],[-75.077,5.52809],[-75.07704,5.52797],[-75.07704,5.52797],[-75.07706,5.5279],[-75.07713,5.52779],[-75.07713,5.52779],[-75.07713,5.52779],[-75.07717,5.5277],[-75.07717,5.5277],[-75.07717,5.5277],[-75.07719,5.5276],[-75.07723,5.52745],[-75.07723,5.52745],[-75.07723,5.52745],[-75.07723,5.52745],[-75.07723,5.52744],[-75.07722,5.52744],[-75.07722,5.52744],[-75.07722,5.52744],[-75.07718,5.5274],[-75.07713,5.52728],[-75.07712,5.52723],[-75.07712,5.52723],[-75.07712,5.52719],[-75.07712,5.52718],[-75.07711,5.52718],[-75.07711,5.52718],[-75.07711,5.52718],[-75.07711,5.52718],[-75.07701,5.5271],[-75.07701,5.52709],[-75.07697,5.52707],[-75.07695,5.52697],[-75.07702,5.52694],[-75.07704,5.52695],[-75.07711,5.527],[-75.07721,5.52708],[-75.07721,5.52708],[-75.07721,5.52709],[-75.07721,5.52709],[-75.07733,5.52712],[-75.07733,5.52712],[-75.07733,5.52712],[-75.07742,5.52713],[-75.07742,5.52713],[-75.07742,5.52713],[-75.07742,5.52713],[-75.07742,5.52712],[-75.07742,5.52712],[-75.07742,5.52712],[-75.07742,5.52712],[-75.07742,5.52712],[-75.07743,5.52712],[-75.07743,5.52712],[-75.07743,5.52712],[-75.07742,5.52711],[-75.07742,5.52711],[-75.07742,5.52711],[-75.07742,5.52711],[-75.07741,5.5271],[-75.07747,5.52707],[-75.07747,5.52707],[-75.07747,5.52707],[-75.07747,5.52707],[-75.07747,5.52707],[-75.07747,5.52707],[-75.07748,5.52707],[-75.07748,5.52707],[-75.07748,5.52707],[-75.07748,5.52707],[-75.07748,5.52707],[-75.07748,5.52707],[-75.07748,5.52707],[-75.07748,5.52707],[-75.07748,5.52707],[-75.07748,5.52706],[-75.07748,5.52703],[-75.07755,5.52699],[-75.07766,5.52692],[-75.07766,5.52692],[-75.07766,5.52692],[-75.07766,5.52692],[-75.07767,5.52691],[-75.07774,5.52689],[-75.07773,5.52691],[-75.07773,5.52692],[-75.07773,5.52692],[-75.07772,5.52692],[-75.07772,5.52692],[-75.07772,5.52694],[-75.07772,5.52694],[-75.07772,5.52694],[-75.07772,5.52694],[-75.07774,5.52697],[-75.07773,5.52702],[-75.07773,5.52702],[-75.07773,5.52702],[-75.07774,5.52705],[-75.07774,5.52712],[-75.07774,5.52718],[-75.07774,5.52719],[-75.07774,5.52719],[-75.07774,5.52719],[-75.07774,5.52719],[-75.07774,5.52719],[-75.07774,5.5272],[-75.07777,5.52725],[-75.07778,5.52731],[-75.07778,5.52731],[-75.07778,5.52731],[-75.07778,5.52732],[-75.07778,5.52732],[-75.07783,5.52738],[-75.07783,5.52738],[-75.07783,5.52739],[-75.07783,5.52739],[-75.07783,5.52739],[-75.07792,5.52742],[-75.07793,5.52742],[-75.07793,5.52743],[-75.07802,5.52744],[-75.07806,5.52745],[-75.07811,5.5275],[-75.07812,5.5275],[-75.07812,5.5275],[-75.07812,5.52751],[-75.07812,5.52751],[-75.07812,5.52751],[-75.07829,5.5275],[-75.07839,5.5275],[-75.07838,5.52757],[-75.07838,5.52757],[-75.07838,5.52757],[-75.0784,5.52769],[-75.0784,5.52769],[-75.0784,5.52769],[-75.0784,5.52769],[-75.0784,5.52769],[-75.0784,5.52769],[-75.07858,5.52784],[-75.07858,5.52784],[-75.07861,5.52787],[-75.07861,5.52787],[-75.07861,5.52787],[-75.07861,5.52787],[-75.07886,5.52792],[-75.07896,5.52796],[-75.07905,5.52801],[-75.07901,5.52808],[-75.07901,5.52808],[-75.07901,5.52808],[-75.07901,5.52808],[-75.07901,5.52808],[-75.07901,5.52808],[-75.07901,5.52809],[-75.07901,5.52809],[-75.07901,5.52809],[-75.07905,5.52813],[-75.07906,5.52813],[-75.07906,5.52813],[-75.07906,5.52813],[-75.07926,5.52821],[-75.07926,5.52821],[-75.07926,5.52821],[-75.07926,5.52821],[-75.07926,5.52821],[-75.07934,5.5282],[-75.07934,5.5282],[-75.07934,5.5282],[-75.07934,5.5282],[-75.07934,5.5282],[-75.07934,5.5282],[-75.07934,5.5282],[-75.07937,5.52815],[-75.07942,5.52813],[-75.07952,5.52815],[-75.07964,5.52819],[-75.08009,5.5284],[-75.08009,5.5284],[-75.08021,5.52843],[-75.08033,5.52849],[-75.08035,5.52855],[-75.08042,5.52877],[-75.08042,5.52877],[-75.08042,5.52877],[-75.08042,5.52877],[-75.08048,5.52883],[-75.0805,5.52892],[-75.0805,5.52892],[-75.0805,5.52892],[-75.08051,5.52892],[-75.08051,5.52892],[-75.08051,5.52892],[-75.08051,5.52892],[-75.0806,5.52896],[-75.08073,5.52901],[-75.08073,5.52901],[-75.08073,5.52901],[-75.08086,5.52905],[-75.08086,5.52905],[-75.08102,5.52909],[-75.08108,5.52911],[-75.08109,5.52911],[-75.08109,5.52911],[-75.08109,5.52911],[-75.08109,5.52911],[-75.08109,5.52911],[-75.08116,5.52909],[-75.08121,5.52908],[-75.08134,5.52916],[-75.08143,5.52926],[-75.0815,5.52935],[-75.08155,5.52945],[-75.08157,5.52955],[-75.08156,5.52962],[-75.08156,5.52962],[-75.08156,5.52962],[-75.08156,5.52962],[-75.08156,5.52963],[-75.08156,5.52963],[-75.0816,5.52969],[-75.0816,5.52969],[-75.0816,5.52969],[-75.0816,5.52969],[-75.08167,5.52974],[-75.08167,5.52974],[-75.08167,5.52974],[-75.08177,5.52978],[-75.08177,5.52978],[-75.08177,5.52978],[-75.08177,5.52978],[-75.08188,5.52978],[-75.08193,5.52978],[-75.08193,5.52978],[-75.08193,5.52978],[-75.08193,5.52978],[-75.08193,5.52978],[-75.08201,5.52974],[-75.08201,5.52974],[-75.08201,5.52974],[-75.08208,5.5297],[-75.0822,5.52966],[-75.0822,5.52966],[-75.08221,5.52966],[-75.08226,5.52963],[-75.08235,5.52966],[-75.08243,5.52969],[-75.08249,5.52973],[-75.0825,5.52982],[-75.0825,5.52982],[-75.0825,5.52982],[-75.08253,5.52992],[-75.08255,5.53004],[-75.08255,5.53004],[-75.08255,5.53004],[-75.08255,5.53004],[-75.08255,5.53004],[-75.08263,5.53011],[-75.08262,5.53021],[-75.08262,5.53021],[-75.08261,5.53031],[-75.08261,5.53031],[-75.08261,5.53031],[-75.08263,5.5304],[-75.08256,5.53059],[-75.0825,5.53066],[-75.0825,5.53066],[-75.0825,5.53066],[-75.0825,5.53066],[-75.0825,5.53066],[-75.0825,5.53067],[-75.0825,5.53067],[-75.0825,5.53067],[-75.0825,5.53067],[-75.0825,5.53067],[-75.08253,5.5307],[-75.08253,5.5307],[-75.08253,5.5307],[-75.08253,5.5307],[-75.08257,5.53072],[-75.08257,5.53072],[-75.08274,5.5308],[-75.08284,5.53086],[-75.0829,5.5309],[-75.08304,5.53102],[-75.08304,5.53102],[-75.08304,5.53102],[-75.08307,5.53104]]]]},"properties":{"OBJECTID_1":4,"OBJECTID":4,"st_length_":0.669600162943,"COD_ZONA":"ZnRGE","NOM_ZONA":"Zona Recreación General Exterior","ID_PNN":"pSFL","Hectareas":4.60097641246,"Shape_Leng":0.41528200858,"Shape_Length":45959.161465491714,"Shape_Area":45981.98378459448}}]}